step,policy_name,action,action_name,compact_reward,partition_reward,global_reward,done,rows_ingested,ingestion_rate_rows_per_sec,latency_ms,file_count,block_utilization,total_size_kb,file_size_skew_kb,partition_strategy,steps_since_compact,steps_since_partition_change,partition_pruning_ratio,avg_pruning_ratio,query_hist_time_range,query_hist_region_filter,query_hist_sensor_lookup,query_hist_type_filter,query_hist_full_scan,next_rows_ingested,next_ingestion_rate_rows_per_sec,next_latency_ms,next_file_count,next_block_utilization,next_total_size_kb,next_file_size_skew_kb,next_partition_strategy,next_steps_since_compact,next_steps_since_partition_change,next_partition_pruning_ratio,next_avg_pruning_ratio,next_query_hist_time_range,next_query_hist_region_filter,next_query_hist_sensor_lookup,next_query_hist_type_filter,next_query_hist_full_scan
1,frozen_greedy_mlp_ppo_seed3,0,NOOP,0.01929,0.0,0.017859,0,0,0.0,0.0,0,0.0,0.0,0.0,0,0,0,0.0,0.0,0.0,0.0,0.0,0.0,0.0,40,260.91971577115504,72.81327247619629,1,0.097076416015625,6.212890625,0.0,0,1,1,0.0,0.0,1.0,0.0,0.0,0.0,0.0
2,frozen_greedy_mlp_ppo_seed3,0,NOOP,0.019707,0.0,0.018045,0,40,260.91971577115504,72.81327247619629,1,0.097076416015625,6.212890625,0.0,0,1,1,0.0,0.0,1.0,0.0,0.0,0.0,0.0,43,221.93095046778308,85.61944961547852,2,0.09978485107421875,12.7724609375,0.24513955793088318,0,2,2,0.0,0.0,1.0,0.0,0.0,0.0,0.0
3,frozen_greedy_mlp_ppo_seed3,0,NOOP,0.020223,0.0,0.018763,0,43,221.93095046778308,85.61944961547852,2,0.09978485107421875,12.7724609375,0.24513955793088318,0,2,2,0.0,0.0,1.0,0.0,0.0,0.0,0.0,48,270.9017454909496,76.74431800842285,3,0.10299173990885417,19.7744140625,0.3954973635451016,0,3,3,0.0,0.0,0.6666666666666666,0.0,0.3333333333333333,0.0,0.0
4,frozen_greedy_mlp_ppo_seed3,0,NOOP,0.020559,0.0,0.019119,0,48,270.9017454909496,76.74431800842285,3,0.10299173990885417,19.7744140625,0.3954973635451016,0,3,3,0.0,0.0,0.6666666666666666,0.0,0.3333333333333333,0.0,0.0,50,291.23430233123315,77.04329490661621,4,0.10529708862304688,26.9560546875,0.4374399598113299,0,4,4,0.0,0.0,0.75,0.0,0.25,0.0,0.0
5,frozen_greedy_mlp_ppo_seed3,0,NOOP,0.019579,0.0,0.018398,0,50,291.23430233123315,77.04329490661621,4,0.10529708862304688,26.9560546875,0.4374399598113299,0,4,4,0.0,0.0,0.75,0.0,0.25,0.0,0.0,30,179.94920257190583,65.34504890441895,5,0.1010223388671875,32.3271484375,0.7195528273603716,0,5,5,0.0,0.0,0.6,0.0,0.2,0.2,0.0
6,frozen_greedy_mlp_ppo_seed3,0,NOOP,0.019312,0.0,0.016702,0,30,179.94920257190583,65.34504890441895,5,0.1010223388671875,32.3271484375,0.7195528273603716,0,5,5,0.0,0.0,0.6,0.0,0.2,0.2,0.0,39,222.5806467414599,137.98809051513672,6,0.100311279296875,38.51953125,0.6531697965162311,0,6,6,0.0,0.0,0.6666666666666666,0.0,0.16666666666666666,0.16666666666666666,0.0
7,frozen_greedy_mlp_ppo_seed3,0,NOOP,0.019478,0.0,0.017617,0,39,222.5806467414599,137.98809051513672,6,0.100311279296875,38.51953125,0.6531697965162311,0,6,6,0.0,0.0,0.6666666666666666,0.0,0.16666666666666666,0.16666666666666666,0.0,49,269.05993862653304,101.80282592773438,7,0.10176740373883929,45.591796875,0.6452277489534641,0,7,7,0.0,0.0,0.7142857142857143,0.0,0.14285714285714285,0.14285714285714285,0.0
8,frozen_greedy_mlp_ppo_seed3,0,NOOP,0.019509,0.0,0.017724,0,49,269.05993862653304,101.80282592773438,7,0.10176740373883929,45.591796875,0.6452277489534641,0,7,7,0.0,0.0,0.7142857142857143,0.0,0.14285714285714285,0.14285714285714285,0.0,47,276.9443167577956,99.26199913024902,8,0.10254669189453125,52.50390625,0.6137950851578197,0,8,8,0.0,0.0,0.625,0.0,0.25,0.125,0.0
9,frozen_greedy_mlp_ppo_seed3,0,NOOP,0.019568,0.0,0.017542,0,47,276.9443167577956,99.26199913024902,8,0.10254669189453125,52.50390625,0.6137950851578197,0,8,8,0.0,0.0,0.625,0.0,0.25,0.125,0.0,49,280.746307639348,112.58625984191895,9,0.1034664577907986,59.5966796875,0.6006972350225389,0,9,9,0.0,0.0,0.6666666666666666,0.0,0.2222222222222222,0.1111111111111111,0.0
10,frozen_greedy_mlp_ppo_seed3,0,NOOP,0.019245,0.0,0.016328,0,49,280.746307639348,112.58625984191895,9,0.1034664577907986,59.5966796875,0.6006972350225389,0,9,9,0.0,0.0,0.6666666666666666,0.0,0.2222222222222222,0.1111111111111111,0.0,37,216.49742054468499,158.33640098571777,10,0.1024749755859375,65.583984375,0.6008405308109377,0,10,10,0.0,0.0,0.7,0.0,0.2,0.1,0.0
11,frozen_greedy_mlp_ppo_seed3,0,NOOP,0.019302,0.0,0.017199,0,37,216.49742054468499,158.33640098571777,10,0.1024749755859375,65.583984375,0.6008405308109377,0,10,10,0.0,0.0,0.7,0.0,0.2,0.1,0.0,50,220.17366947366875,118.88408660888672,11,0.10338523171164772,72.783203125,0.6018640116125428,0,11,11,0.0,0.0,0.7272727272727273,0.0,0.18181818181818182,0.09090909090909091,0.0
12,frozen_greedy_mlp_ppo_seed3,0,NOOP,0.018997,0.0,0.017581,0,50,220.17366947366875,118.88408660888672,11,0.10338523171164772,72.783203125,0.6018640116125428,0,11,11,0.0,0.0,0.7272727272727273,0.0,0.18181818181818182,0.09090909090909091,0.0,36,211.4612235752148,85.79134941101074,12,0.10248311360677083,78.70703125,0.6077088859282076,0,12,12,0.0,0.0,0.6666666666666666,0.08333333333333333,0.16666666666666666,0.08333333333333333,0.0
13,frozen_greedy_mlp_ppo_seed3,0,NOOP,0.018839,0.0,0.016642,0,36,211.4612235752148,85.79134941101074,12,0.10248311360677083,78.70703125,0.6077088859282076,0,12,12,0.0,0.0,0.6666666666666666,0.08333333333333333,0.16666666666666666,0.08333333333333333,0.0,42,230.03225086150724,126.08122825622559,13,0.10231957068810096,85.1298828125,0.5830595470874692,0,13,13,0.0,0.0,0.6923076923076923,0.07692307692307693,0.15384615384615385,0.07692307692307693,0.0
14,frozen_greedy_mlp_ppo_seed3,0,NOOP,0.018634,0.0,0.015656,0,42,230.03225086150724,126.08122825622559,13,0.10231957068810096,85.1298828125,0.5830595470874692,0,13,13,0.0,0.0,0.6923076923076923,0.07692307692307693,0.15384615384615385,0.07692307692307693,0.0,39,221.03980606401294,166.40114784240723,14,0.10192108154296875,91.3212890625,0.5682549134833751,0,14,14,0.0,0.0,0.7142857142857143,0.07142857142857142,0.14285714285714285,0.07142857142857142,0.0
15,frozen_greedy_mlp_ppo_seed3,0,NOOP,0.018312,0.0,0.01603,0,39,221.03980606401294,166.40114784240723,14,0.10192108154296875,91.3212890625,0.5682549134833751,0,14,14,0.0,0.0,0.7142857142857143,0.07142857142857142,0.14285714285714285,0.07142857142857142,0.0,32,187.96105714829878,132.8587532043457,15,0.100933837890625,96.896484375,0.5997756947451649,0,15,15,0.0,0.0,0.7333333333333333,0.06666666666666667,0.13333333333333333,0.06666666666666667,0.0
16,frozen_greedy_mlp_ppo_seed3,0,NOOP,0.018061,0.0,0.015861,0,32,187.96105714829878,132.8587532043457,15,0.100933837890625,96.896484375,0.5997756947451649,0,15,15,0.0,0.0,0.7333333333333333,0.06666666666666667,0.13333333333333333,0.06666666666666667,0.0,35,207.60915343069803,130.02777099609375,16,0.10030651092529297,102.7138671875,0.6012818016000945,0,16,16,0.0,0.0,0.75,0.0625,0.125,0.0625,0.0
17,frozen_greedy_mlp_ppo_seed3,0,NOOP,0.017939,0.0,0.013703,0,35,207.60915343069803,130.02777099609375,16,0.10030651092529297,102.7138671875,0.6012818016000945,0,16,16,0.0,0.0,0.75,0.0625,0.125,0.0625,0.0,42,244.09445039497513,233.0174446105957,17,0.10031756232766544,109.1455078125,0.5821959047661459,0,17,17,0.0,0.0,0.7647058823529411,0.058823529411764705,0.11764705882352941,0.058823529411764705,0.0
18,frozen_greedy_mlp_ppo_seed3,1,COMPACT_32KB,0.427215,-0.045,0.057747,0,42,244.09445039497513,233.0174446105957,17,0.10031756232766544,109.1455078125,0.5821959047661459,0,17,17,0.0,0.0,0.7647058823529411,0.058823529411764705,0.11764705882352941,0.058823529411764705,0.0,41,201.48762484123898,69.29183006286621,4,0.2976646423339844,76.2021484375,3.3940542081214065,0,0,18,0.0,0.0,0.7777777777777778,0.05555555555555555,0.1111111111111111,0.05555555555555555,0.0
19,frozen_greedy_mlp_ppo_seed3,0,NOOP,0.051038,0.0,0.04911,0,41,201.48762484123898,69.29183006286621,4,0.2976646423339844,76.2021484375,3.3940542081214065,0,0,18,0.0,0.0,0.7777777777777778,0.05555555555555555,0.1111111111111111,0.05555555555555555,0.0,42,247.761308561061,102.64921188354492,5,0.25831298828125,82.66015625,6.352484694533392,0,1,19,0.0,0.0,0.7894736842105263,0.05263157894736842,0.10526315789473684,0.05263157894736842,0.0
20,frozen_greedy_mlp_ppo_seed3,0,NOOP,0.045372,0.0,0.043119,0,42,247.761308561061,102.64921188354492,5,0.25831298828125,82.66015625,6.352484694533392,0,1,19,0.0,0.0,0.7894736842105263,0.05263157894736842,0.10526315789473684,0.05263157894736842,0.0,36,219.33677311393112,120.14508247375488,6,0.2306086222330729,88.5537109375,7.151651093551878,0,2,20,0.0,0.0,0.8,0.05,0.1,0.05,0.0
21,frozen_greedy_mlp_ppo_seed3,4,PARTITION_HOUR,-0.140276,-0.1,0.039493,0,36,219.33677311393112,120.14508247375488,6,0.2306086222330729,88.5537109375,7.151651093551878,0,2,20,0.0,0.0,0.8,0.05,0.1,0.05,0.0,42,248.7148770832039,111.18888854980469,7,0.21208408900669642,95.013671875,7.242982590779285,1,3,0,0.0,0.0,0.8,0.05,0.1,0.05,0.0
22,frozen_greedy_mlp_ppo_seed3,0,NOOP,0.038693,-0.045285,0.037165,0,42,248.7148770832039,111.18888854980469,7,0.21208408900669642,95.013671875,7.242982590779285,1,3,0,0.0,0.0,0.8,0.05,0.1,0.05,0.0,43,202.9421245816933,86.4267349243164,8,0.19846725463867188,101.615234375,7.144381017937097,1,4,1,0.0,0.0,0.75,0.05,0.1,0.1,0.0
23,frozen_greedy_mlp_ppo_seed3,0,NOOP,0.036636,0.009696,0.061346,0,43,202.9421245816933,86.4267349243164,8,0.19846725463867188,101.615234375,7.144381017937097,1,4,1,0.0,0.0,0.75,0.05,0.1,0.1,0.0,50,285.91847892032354,109.84158515930176,9,0.1888054741753472,108.751953125,6.935644315904481,1,5,2,0.08893970893970894,0.0044469854469854474,0.8,0.05,0.05,0.1,0.0
24,frozen_greedy_mlp_ppo_seed3,0,NOOP,0.03492,-0.03604,0.033516,0,50,285.91847892032354,109.84158515930176,9,0.1888054741753472,108.751953125,6.935644315904481,1,5,2,0.08893970893970894,0.0044469854469854474,0.8,0.05,0.05,0.1,0.0,48,253.130510330711,82.69214630126953,10,0.1808502197265625,115.744140625,6.734282727554686,1,6,3,0.0,0.0044469854469854474,0.75,0.05,0.05,0.1,0.05
25,frozen_greedy_mlp_ppo_seed3,0,NOOP,0.033265,0.055958,0.078621,0,48,253.130510330711,82.69214630126953,10,0.1808502197265625,115.744140625,6.734282727554686,1,6,3,0.0,0.0044469854469854474,0.75,0.05,0.05,0.1,0.05,39,213.1921452300923,113.91496658325195,11,0.17320112748579544,121.93359375,6.591788186547304,1,7,4,0.15786463298379408,0.012340217096175152,0.8,0.05,0.05,0.05,0.05
26,frozen_greedy_mlp_ppo_seed3,0,NOOP,0.032053,-0.029288,0.030339,0,39,213.1921452300923,113.91496658325195,11,0.17320112748579544,121.93359375,6.591788186547304,1,7,4,0.15786463298379408,0.012340217096175152,0.8,0.05,0.05,0.05,0.05,47,257.89659399386437,100.70228576660156,12,0.16776402791341147,128.8427734375,6.399574478838691,1,8,5,0.0,0.012340217096175152,0.75,0.05,0.05,0.05,0.1
27,frozen_greedy_mlp_ppo_seed3,0,NOOP,0.030826,0.094718,0.093202,0,47,257.89659399386437,100.70228576660156,12,0.16776402791341147,128.8427734375,6.399574478838691,1,8,5,0.0,0.012340217096175152,0.75,0.05,0.05,0.05,0.1,39,189.54758044985405,131.61349296569824,13,0.16225257286658654,134.994140625,6.257726630317739,1,9,6,0.21561233480176212,0.023120833836263257,0.75,0.05,0.05,0.05,0.1
28,frozen_greedy_mlp_ppo_seed3,0,NOOP,0.029828,0.111976,0.10007,0,39,189.54758044985405,131.61349296569824,13,0.16225257286658654,134.994140625,6.257726630317739,1,9,6,0.21561233480176212,0.023120833836263257,0.75,0.05,0.05,0.05,0.1,43,242.69946886173315,125.28109550476074,14,0.15789140973772323,141.470703125,6.102259338429053,1,10,7,0.24132427843803056,0.03518704775816479,0.8,0.05,0.0,0.05,0.1
29,frozen_greedy_mlp_ppo_seed3,0,NOOP,0.028942,-0.02123,0.027211,0,43,242.69946886173315,125.28109550476074,14,0.15789140973772323,141.470703125,6.102259338429053,1,10,7,0.24132427843803056,0.03518704775816479,0.8,0.05,0.0,0.05,0.1,42,232.94139862081732,105.3016185760498,15,0.15408528645833333,147.921875,5.955484682723098,1,11,8,0.0,0.03518704775816479,0.75,0.05,0.0,0.1,0.1
30,frozen_greedy_mlp_ppo_seed3,0,NOOP,0.027958,0.138557,0.108982,0,42,232.94139862081732,105.3016185760498,15,0.15408528645833333,147.921875,5.955484682723098,1,11,8,0.0,0.03518704775816479,0.75,0.05,0.0,0.1,0.1,31,169.66629259814079,182.70134925842285,16,0.14978790283203125,153.3828125,5.8577781135592435,1,12,9,0.2809272581934453,0.049233410667837055,0.75,0.05,0.0,0.1,0.1
31,frozen_greedy_mlp_ppo_seed3,0,NOOP,0.027365,-0.016846,0.025442,0,31,169.66629259814079,182.70134925842285,16,0.14978790283203125,153.3828125,5.8577781135592435,1,12,9,0.2809272581934453,0.049233410667837055,0.75,0.05,0.0,0.1,0.1,49,260.78386578165663,117.41089820861816,17,0.14745196174172795,160.427734375,5.705166261287437,1,13,10,0.0,0.04923341066783704,0.7,0.05,0.0,0.15,0.1
32,frozen_greedy_mlp_ppo_seed3,1,COMPACT_32KB,0.466916,-0.045,0.097759,0,49,260.78386578165663,117.41089820861816,17,0.14745196174172795,160.427734375,5.705166261287437,1,13,10,0.0,0.04923341066783704,0.7,0.05,0.0,0.15,0.1,40,214.96628902516215,53.7724494934082,4,0.4961700439453125,127.01953125,30.754133179315655,1,0,11,0.0,0.049233410667837055,0.7,0.0,0.0,0.2,0.1
33,frozen_greedy_mlp_ppo_seed3,0,NOOP,0.082614,0.5175,0.356633,0,40,214.96628902516215,53.7724494934082,4,0.4961700439453125,127.01953125,30.754133179315655,1,0,11,0.0,0.049233410667837055,0.7,0.0,0.0,0.2,0.1,39,221.29877213963732,105.29804229736328,5,0.4161956787109375,133.1826171875,28.988800322996553,1,1,12,0.92,0.09523341066783705,0.7,0.0,0.0,0.2,0.1
34,frozen_greedy_mlp_ppo_seed3,0,NOOP,0.072027,0.5175,0.345842,0,39,221.29877213963732,105.29804229736328,5,0.4161956787109375,133.1826171875,28.988800322996553,1,1,12,0.92,0.09523341066783705,0.7,0.0,0.0,0.2,0.1,43,250.9874614170686,116.7600154876709,6,0.36388397216796875,139.7314453125,27.194356384390208,1,2,13,0.92,0.14123341066783707,0.7,0.0,0.0,0.2,0.1
35,frozen_greedy_mlp_ppo_seed3,0,NOOP,0.064027,0.5175,0.338099,0,43,250.9874614170686,116.7600154876709,6,0.36388397216796875,139.7314453125,27.194356384390208,1,2,13,0.92,0.14123341066783707,0.7,0.0,0.0,0.2,0.1,33,195.0014539306847,105.13997077941895,7,0.3245086669921875,145.3798828125,25.704688386223577,1,3,14,0.92,0.18723341066783705,0.7,0.0,0.0,0.2,0.1
36,frozen_greedy_mlp_ppo_seed3,0,NOOP,0.058507,0.421875,0.281362,0,33,195.0014539306847,105.13997077941895,7,0.3245086669921875,145.3798828125,25.704688386223577,1,3,14,0.92,0.18723341066783705,0.7,0.0,0.0,0.2,0.1,47,265.6937676645286,117.24376678466797,8,0.29753684997558594,152.3388671875,24.293597726226555,1,4,15,0.75,0.22473341066783706,0.65,0.0,0.05,0.2,0.1
37,frozen_greedy_mlp_ppo_seed3,0,NOOP,0.053778,0.5175,0.327713,0,47,265.6937676645286,117.24376678466797,8,0.29753684997558594,152.3388671875,24.293597726226555,1,4,15,0.75,0.22473341066783706,0.65,0.0,0.05,0.2,0.1,34,199.05659740009577,114.50052261352539,9,0.2745140923394097,158.1201171875,23.150511773835355,1,5,16,0.92,0.27073341066783707,0.65,0.0,0.05,0.2,0.1
38,frozen_greedy_mlp_ppo_seed3,0,NOOP,0.049893,0.5175,0.323805,0,34,199.05659740009577,114.50052261352539,9,0.2745140923394097,158.1201171875,23.150511773835355,1,5,16,0.92,0.27073341066783707,0.65,0.0,0.05,0.2,0.1,32,190.43080769170743,116.89901351928711,10,0.25571441650390625,163.6572265625,22.155654386290177,1,6,17,0.92,0.31673341066783706,0.65,0.0,0.05,0.2,0.1
39,frozen_greedy_mlp_ppo_seed3,0,NOOP,0.046716,0.0,0.044945,0,32,190.43080769170743,116.89901351928711,10,0.25571441650390625,163.6572265625,22.155654386290177,1,6,17,0.92,0.31673341066783706,0.65,0.0,0.05,0.2,0.1,33,191.23812050270251,102.31423377990723,11,0.24045632102272727,169.28125,21.266762400141964,1,7,18,0.0,0.31673341066783706,0.6,0.05,0.05,0.2,0.1
40,frozen_greedy_mlp_ppo_seed3,0,NOOP,0.044266,0.5175,0.318138,0,33,191.23812050270251,102.31423377990723,11,0.24045632102272727,169.28125,21.266762400141964,1,7,18,0.0,0.31673341066783706,0.6,0.05,0.05,0.2,0.1,42,244.91094350639872,121.42610549926758,12,0.22883224487304688,175.7431640625,20.44017205257463,1,8,19,0.92,0.36273341066783704,0.6,0.05,0.05,0.2,0.1
41,frozen_greedy_mlp_ppo_seed3,0,NOOP,0.041964,0.421875,0.261968,0,42,244.91094350639872,121.42610549926758,12,0.22883224487304688,175.7431640625,20.44017205257463,1,8,19,0.92,0.36273341066783704,0.6,0.05,0.05,0.2,0.1,32,177.04722130617736,266.0393714904785,13,0.21794480543870193,181.330078125,19.730578728793088,1,9,20,0.75,0.400233410667837,0.55,0.05,0.1,0.2,0.1
42,frozen_greedy_mlp_ppo_seed3,0,NOOP,0.040049,0.0,0.038331,0,32,177.04722130617736,266.0393714904785,13,0.21794480543870193,181.330078125,19.730578728793088,1,9,20,0.75,0.400233410667837,0.55,0.05,0.1,0.2,0.1,36,176.89109235664313,103.38973999023438,14,0.2089963640485491,187.2607421875,19.077256330627712,1,10,21,0.0,0.400233410667837,0.55,0.1,0.1,0.15,0.1
43,frozen_greedy_mlp_ppo_seed3,0,NOOP,0.038378,0.516388,0.311626,0,36,176.89109235664313,103.38973999023438,14,0.2089963640485491,187.2607421875,19.077256330627712,1,10,21,0.0,0.400233410667837,0.55,0.1,0.1,0.15,0.1,37,208.7181477670856,156.32081031799316,15,0.201263427734375,193.212890625,18.482961898462875,1,11,22,0.92,0.4417864252208516,0.55,0.1,0.1,0.15,0.1
44,frozen_greedy_mlp_ppo_seed3,0,NOOP,0.036977,0.421875,0.258966,0,37,208.7181477670856,156.32081031799316,15,0.201263427734375,193.212890625,18.482961898462875,1,11,22,0.92,0.4417864252208516,0.55,0.1,0.1,0.15,0.1,41,225.07432696850833,170.53771018981934,16,0.1948833465576172,199.560546875,17.930780609872887,1,12,23,0.75,0.47928642522085163,0.55,0.1,0.15,0.15,0.05
45,frozen_greedy_mlp_ppo_seed3,0,NOOP,0.035733,0.515527,0.308325,0,41,225.07432696850833,170.53771018981934,16,0.1948833465576172,199.560546875,17.930780609872887,1,12,23,0.75,0.47928642522085163,0.55,0.1,0.15,0.15,0.05,42,224.29119021760582,191.6370391845703,17,0.18928976619944854,205.947265625,17.424034931642314,1,13,24,0.92,0.5173931935716619,0.55,0.1,0.15,0.15,0.05
46,frozen_greedy_mlp_ppo_seed3,1,COMPACT_32KB,0.46059,0.376875,0.314455,0,42,224.29119021760582,191.6370391845703,17,0.18928976619944854,205.947265625,17.424034931642314,1,13,24,0.92,0.5173931935716619,0.55,0.1,0.15,0.15,0.05,43,229.32954243462672,155.15851974487305,6,0.46579233805338544,178.8642578125,24.71753761928861,1,0,25,0.75,0.5548931935716619,0.55,0.1,0.2,0.15,0.0
47,frozen_greedy_mlp_ppo_seed3,0,NOOP,0.081768,0.514805,0.355807,0,43,229.32954243462672,155.15851974487305,6,0.46579233805338544,178.8642578125,24.71753761928861,1,0,25,0.75,0.5548931935716619,0.55,0.1,0.2,0.15,0.0,40,186.98672931798703,106.78696632385254,7,0.4132145472935268,185.1201171875,24.256795382392614,1,1,26,0.92,0.5901125768315738,0.55,0.1,0.2,0.15,0.0
48,frozen_greedy_mlp_ppo_seed3,0,NOOP,0.073491,0.514483,0.347577,0,40,186.98672931798703,106.78696632385254,7,0.4132145472935268,185.1201171875,24.256795382392614,1,1,26,0.92,0.5901125768315738,0.55,0.1,0.2,0.15,0.0,32,178.89090029415803,105.6978702545166,8,0.3724536895751953,190.6962890625,23.638494392865486,1,2,27,0.92,0.6240463629096722,0.55,0.1,0.2,0.15,0.0
49,frozen_greedy_mlp_ppo_seed3,0,NOOP,0.067023,0.421875,0.289382,0,32,178.89090029415803,105.6978702545166,8,0.3724536895751953,190.6962890625,23.638494392865486,1,2,27,0.92,0.6240463629096722,0.55,0.1,0.2,0.15,0.0,32,185.32805498904335,143.33128929138184,9,0.3407423231336806,196.267578125,22.93473239720757,1,3,28,0.75,0.6615463629096723,0.55,0.1,0.25,0.1,0.0
50,frozen_greedy_mlp_ppo_seed3,0,NOOP,0.061773,-0.003512,0.060282,0,32,185.32805498904335,143.33128929138184,9,0.3407423231336806,196.267578125,22.93473239720757,1,3,28,0.75,0.6615463629096723,0.55,0.1,0.25,0.1,0.0,30,174.20400410350695,87.04638481140137,10,0.31511383056640624,201.6728515625,22.236470518107208,1,4,29,0.0,0.6475,0.5,0.15,0.25,0.1,0.0
51,frozen_greedy_mlp_ppo_seed3,0,NOOP,0.058926,0.5175,0.332674,0,30,174.20400410350695,87.04638481140137,10,0.31511383056640624,201.6728515625,22.236470518107208,1,4,29,0.0,0.6475,0.5,0.15,0.25,0.1,0.0,89,510.18970991218777,126.33323669433594,11,0.3015039617365057,212.2587890625,21.292257175333972,1,5,30,0.92,0.6935,0.55,0.15,0.25,0.05,0.0
52,frozen_greedy_mlp_ppo_seed3,0,NOOP,0.056148,0.0,0.054561,0,89,510.18970991218777,126.33323669433594,11,0.3015039617365057,212.2587890625,21.292257175333972,1,5,30,0.92,0.6935,0.55,0.15,0.25,0.05,0.0,73,416.5181960647745,94.32792663574219,12,0.288238525390625,221.3671875,20.51328877944369,1,6,31,0.0,0.6935,0.55,0.2,0.25,0.0,0.0
53,frozen_greedy_mlp_ppo_seed3,0,NOOP,0.053736,0.506,0.327245,0,73,416.5181960647745,94.32792663574219,12,0.288238525390625,221.3671875,20.51328877944369,1,6,31,0.0,0.6935,0.55,0.2,0.25,0.0,0.0,70,392.22143849524423,140.83433151245117,13,0.27680734487680286,230.3037109375,19.816326144338326,1,7,32,0.92,0.6935,0.55,0.2,0.25,0.0,0.0
54,frozen_greedy_mlp_ppo_seed3,0,NOOP,0.051566,0.506,0.325345,0,70,392.22143849524423,140.83433151245117,13,0.27680734487680286,230.3037109375,19.816326144338326,1,7,32,0.92,0.6935,0.55,0.2,0.25,0.0,0.0,65,356.07436257108304,128.55124473571777,14,0.26657867431640625,238.8544921875,19.195826696294397,1,8,33,0.92,0.6935,0.55,0.2,0.25,0.0,0.0
55,frozen_greedy_mlp_ppo_seed3,0,NOOP,0.047468,0.506,0.32109,0,65,356.07436257108304,128.55124473571777,14,0.26657867431640625,238.8544921875,19.195826696294397,1,8,33,0.92,0.6935,0.55,0.2,0.25,0.0,0.0,100,554.5637126896506,138.8990879058838,16,0.24734020233154297,253.2763671875,18.18429663665786,1,9,34,0.92,0.6935,0.55,0.2,0.25,0.0,0.0
56,frozen_greedy_mlp_ppo_seed3,0,NOOP,0.045754,0.508125,0.317681,0,100,554.5637126896506,138.8990879058838,16,0.24734020233154297,253.2763671875,18.18429663665786,1,9,34,0.92,0.6935,0.55,0.2,0.25,0.0,0.0,50,289.4471917928277,224.8861789703369,17,0.23939603917738972,260.462890625,17.731224168250343,1,10,35,0.92,0.702,0.6,0.2,0.2,0.0,0.0
57,frozen_greedy_mlp_ppo_seed3,1,COMPACT_32KB,0.079326,-0.0565,0.091893,0,50,289.4471917928277,224.8861789703369,17,0.23939603917738972,260.462890625,17.731224168250343,1,10,35,0.92,0.702,0.6,0.2,0.2,0.0,0.0,84,462.97544527289307,97.54729270935059,8,0.4732208251953125,242.2890625,20.36133068099076,1,0,36,0.0,0.6559999999999999,0.55,0.2,0.2,0.05,0.0
58,frozen_greedy_mlp_ppo_seed3,0,NOOP,0.086532,0.506,0.360269,0,84,462.97544527289307,97.54729270935059,8,0.4732208251953125,242.2890625,20.36133068099076,1,0,36,0.0,0.6559999999999999,0.55,0.2,0.2,0.05,0.0,85,418.24504433904383,124.39942359924316,9,0.4382832845052083,252.451171875,20.193023115067117,1,1,37,0.92,0.6559999999999999,0.55,0.2,0.2,0.05,0.0
59,frozen_greedy_mlp_ppo_seed3,0,NOOP,0.080184,0.0,0.078472,0,85,418.24504433904383,124.39942359924316,9,0.4382832845052083,252.451171875,20.193023115067117,1,1,37,0.92,0.6559999999999999,0.55,0.2,0.2,0.05,0.0,61,325.5883616520916,98.13141822814941,10,0.407171630859375,260.58984375,20.05238976023983,1,2,38,0.0,0.6559999999999999,0.55,0.15,0.2,0.05,0.05
60,frozen_greedy_mlp_ppo_seed3,0,NOOP,0.074764,-0.0115,0.07363,0,61,325.5883616520916,98.13141822814941,10,0.407171630859375,260.58984375,20.05238976023983,1,2,38,0.0,0.6559999999999999,0.55,0.15,0.2,0.05,0.05,53,307.06788702899973,70.43242454528809,11,0.3806943026455966,268.0087890625,19.836203297157038,1,3,39,0.0,0.61,0.5,0.15,0.2,0.05,0.1
61,frozen_greedy_mlp_ppo_seed3,0,NOOP,0.070244,0.508125,0.343977,0,53,307.06788702899973,70.43242454528809,11,0.3806943026455966,268.0087890625,19.836203297157038,1,3,39,0.0,0.61,0.5,0.15,0.2,0.05,0.1,54,305.2841070376745,128.36623191833496,12,0.3587201436360677,275.4970703125,19.53044354451144,1,4,40,0.92,0.6184999999999999,0.55,0.15,0.15,0.05,0.1
62,frozen_greedy_mlp_ppo_seed3,0,NOOP,0.066576,0.5175,0.340392,0,54,305.2841070376745,128.36623191833496,12,0.3587201436360677,275.4970703125,19.53044354451144,1,4,40,0.92,0.6184999999999999,0.55,0.15,0.15,0.05,0.1,62,347.7087420960653,125.41532516479492,13,0.34100341796875,283.71484375,19.140671739586057,1,5,41,0.92,0.6645,0.6,0.1,0.15,0.05,0.1
63,frozen_greedy_mlp_ppo_seed3,0,NOOP,0.063528,0.410375,0.28486,0,62,347.7087420960653,125.41532516479492,13,0.34100341796875,283.71484375,19.140671739586057,1,5,41,0.92,0.6645,0.6,0.1,0.15,0.05,0.1,68,342.8580880620483,200.9131908416748,14,0.3263909476143973,292.4462890625,18.71971432046813,1,6,42,0.75,0.6559999999999999,0.55,0.1,0.2,0.05,0.1
64,frozen_greedy_mlp_ppo_seed3,0,NOOP,0.061374,0.508125,0.335093,0,68,342.8580880620483,200.9131908416748,14,0.3263909476143973,292.4462890625,18.71971432046813,1,6,42,0.75,0.6559999999999999,0.55,0.1,0.2,0.05,0.1,96,540.202883384717,132.7977180480957,15,0.3162445068359375,303.5947265625,18.213248418127183,1,7,43,0.92,0.6645,0.6,0.1,0.15,0.05,0.1
65,frozen_greedy_mlp_ppo_seed3,0,NOOP,0.058768,0.506,0.332331,0,96,540.202883384717,132.7977180480957,15,0.3162445068359375,303.5947265625,18.213248418127183,1,7,43,0.92,0.6645,0.6,0.1,0.15,0.05,0.1,54,308.9743563159747,141.845703125,16,0.30383777618408203,311.1298828125,17.880026501283734,1,8,44,0.92,0.6645,0.6,0.1,0.15,0.05,0.1
66,frozen_greedy_mlp_ppo_seed3,0,NOOP,0.057164,-0.009375,0.055832,0,54,308.9743563159747,141.845703125,16,0.30383777618408203,311.1298828125,17.880026501283734,1,8,44,0.92,0.6645,0.6,0.1,0.15,0.05,0.1,98,564.1010118476615,87.84317970275879,17,0.2964441636029412,322.53125,17.4218499890115,1,9,45,0.0,0.627,0.6,0.1,0.1,0.05,0.15
67,frozen_greedy_mlp_ppo_seed3,1,COMPACT_32KB,0.080815,0.461,0.369017,0,98,564.1010118476615,87.84317970275879,17,0.2964441636029412,322.53125,17.4218499890115,1,9,45,0.0,0.627,0.6,0.1,0.1,0.05,0.15,73,396.1477647935578,118.32642555236816,10,0.481915283203125,308.42578125,16.892792413878702,1,0,46,0.92,0.627,0.6,0.1,0.1,0.05,0.15
68,frozen_greedy_mlp_ppo_seed3,0,NOOP,0.089378,0.506,0.363276,0,73,396.1477647935578,118.32642555236816,10,0.481915283203125,308.42578125,16.892792413878702,1,0,46,0.92,0.627,0.6,0.1,0.1,0.05,0.15,92,518.0704506916315,118.8814640045166,11,0.453765869140625,319.451171875,17.10355792927386,1,1,47,0.92,0.627,0.6,0.1,0.1,0.05,0.15
69,frozen_greedy_mlp_ppo_seed3,0,NOOP,0.083962,0.508125,0.3577,0,92,518.0704506916315,118.8814640045166,11,0.453765869140625,319.451171875,17.10355792927386,1,1,47,0.92,0.627,0.6,0.1,0.1,0.05,0.15,67,369.6880457804381,128.0953884124756,12,0.4273109436035156,328.1748046875,17.33025025362894,1,2,48,0.92,0.6355,0.65,0.1,0.05,0.05,0.15
70,frozen_greedy_mlp_ppo_seed3,0,NOOP,0.079374,0.5175,0.35312,0,67,369.6880457804381,128.0953884124756,12,0.4273109436035156,328.1748046875,17.33025025362894,1,2,48,0.92,0.6355,0.65,0.1,0.05,0.05,0.15,68,370.5085588610875,128.91840934753418,13,0.40499291053185094,336.9541015625,17.373312406382432,1,3,49,0.92,0.6815,0.7,0.05,0.05,0.05,0.15
71,frozen_greedy_mlp_ppo_seed3,0,NOOP,0.075924,0.410375,0.295968,0,68,370.5085588610875,128.91840934753418,13,0.40499291053185094,336.9541015625,17.373312406382432,1,3,49,0.92,0.6815,0.7,0.05,0.05,0.05,0.15,95,508.7354226195492,265.3155326843262,14,0.38837105887276785,347.98046875,17.15976342242402,1,4,50,0.75,0.6729999999999999,0.65,0.05,0.1,0.05,0.15
72,frozen_greedy_mlp_ppo_seed3,0,NOOP,0.072599,0.0,0.070761,0,95,508.7354226195492,265.3155326843262,14,0.38837105887276785,347.98046875,17.15976342242402,1,4,50,0.75,0.6729999999999999,0.65,0.05,0.1,0.05,0.15,76,389.96257049533295,110.65077781677246,15,0.37237141927083334,357.4765625,17.004491611226936,1,5,51,0.0,0.6729999999999999,0.65,0.0,0.1,0.1,0.15
73,frozen_greedy_mlp_ppo_seed3,0,NOOP,0.069635,0.506,0.343274,0,76,389.96257049533295,110.65077781677246,15,0.37237141927083334,357.4765625,17.004491611226936,1,5,51,0.0,0.6729999999999999,0.65,0.0,0.1,0.1,0.15,73,400.03683350971403,138.0925178527832,16,0.35817718505859375,366.7734375,16.824976545736014,1,6,52,0.92,0.673,0.65,0.0,0.1,0.1,0.15
74,frozen_greedy_mlp_ppo_seed3,0,NOOP,0.066944,-0.0115,0.065604,0,73,400.03683350971403,138.0925178527832,16,0.35817718505859375,366.7734375,16.824976545736014,1,6,52,0.92,0.673,0.65,0.0,0.1,0.1,0.15,71,398.1565053694434,88.23060989379883,17,0.34534499224494486,375.7353515625,16.638909559051708,1,7,53,0.0,0.627,0.6,0.0,0.1,0.1,0.2
75,frozen_greedy_mlp_ppo_seed3,1,COMPACT_32KB,0.080253,0.365375,0.316744,0,71,398.1565053694434,88.23060989379883,17,0.34534499224494486,375.7353515625,16.638909559051708,1,7,53,0.0,0.627,0.6,0.0,0.1,0.1,0.2,89,501.8870605381437,156.34441375732422,12,0.48035430908203125,368.912109375,14.983223952163753,1,0,54,0.75,0.6184999999999999,0.55,0.0,0.15,0.1,0.2
76,frozen_greedy_mlp_ppo_seed3,0,NOOP,0.089478,-0.0115,0.087736,0,89,501.8870605381437,156.34441375732422,12,0.48035430908203125,368.912109375,14.983223952163753,1,0,54,0.75,0.6184999999999999,0.55,0.0,0.15,0.1,0.2,83,440.47112172804015,103.32632064819336,13,0.45551358736478365,378.9873046875,15.44817804940887,1,1,55,0.0,0.5725,0.5,0.0,0.15,0.15,0.2
77,frozen_greedy_mlp_ppo_seed3,0,NOOP,0.084655,0.5175,0.357796,0,83,440.47112172804015,103.32632064819336,13,0.45551358736478365,378.9873046875,15.44817804940887,1,1,55,0.0,0.5725,0.5,0.0,0.15,0.15,0.2,60,330.1457762664904,160.4630947113037,14,0.43202427455357145,387.09375,15.872247208207089,1,2,56,0.92,0.6184999999999999,0.55,0.0,0.15,0.1,0.2
78,frozen_greedy_mlp_ppo_seed3,0,NOOP,0.080971,0.506,0.354602,0,60,330.1457762664904,160.4630947113037,14,0.43202427455357145,387.09375,15.872247208207089,1,2,56,0.92,0.6184999999999999,0.55,0.0,0.15,0.1,0.2,87,341.74826880248145,137.2056007385254,15,0.41423136393229165,397.662109375,15.918055914882862,1,3,57,0.92,0.6185,0.55,0.0,0.15,0.1,0.2
79,frozen_greedy_mlp_ppo_seed3,0,NOOP,0.077701,0.421875,0.299466,0,87,341.74826880248145,137.2056007385254,15,0.41423136393229165,397.662109375,15.918055914882862,1,3,57,0.92,0.6185,0.55,0.0,0.15,0.1,0.2,87,405.3322906715838,181.74099922180176,16,0.39850425720214844,408.068359375,15.896603463725114,1,4,58,0.75,0.6559999999999999,0.55,0.0,0.2,0.1,0.15
80,frozen_greedy_mlp_ppo_seed3,0,NOOP,0.07483,0.5175,0.348428,0,87,405.3322906715838,181.74099922180176,16,0.39850425720214844,408.068359375,15.896603463725114,1,4,58,0.75,0.6559999999999999,0.55,0.0,0.2,0.1,0.15,89,362.67889544588087,141.33977890014648,17,0.38477549833409924,418.6357421875,15.812409170520052,1,5,59,0.92,0.702,0.6,0.0,0.2,0.1,0.1
81,frozen_greedy_mlp_ppo_seed3,1,COMPACT_32KB,0.077061,0.365375,0.31347,0,89,362.67889544588087,141.33977890014648,17,0.38477549833409924,418.6357421875,15.812409170520052,1,5,59,0.92,0.702,0.6,0.0,0.2,0.1,0.1,86,399.9207764475794,162.94455528259277,14,0.4656437465122768,417.216796875,14.15519411001408,1,0,60,0.75,0.6935,0.55,0.0,0.25,0.1,0.1
82,frozen_greedy_mlp_ppo_seed3,0,NOOP,0.087447,0.410375,0.309458,0,86,399.9207764475794,162.94455528259277,14,0.4656437465122768,417.216796875,14.15519411001408,1,0,60,0.75,0.6935,0.55,0.0,0.25,0.1,0.1,98,429.1210927590307,168.1835651397705,15,0.44660847981770835,428.744140625,14.433283270704269,1,1,61,0.75,0.6849999999999999,0.5,0.0,0.3,0.1,0.1
83,frozen_greedy_mlp_ppo_seed3,0,NOOP,0.083493,0.508125,0.357216,0,98,429.1210927590307,168.1835651397705,15,0.44660847981770835,428.744140625,14.433283270704269,1,1,61,0.75,0.6849999999999999,0.5,0.0,0.3,0.1,0.1,69,287.15140173933753,133.84389877319336,16,0.4274635314941406,437.72265625,14.780139912057914,1,2,62,0.92,0.6935,0.55,0.0,0.25,0.1,0.1
84,frozen_greedy_mlp_ppo_seed3,0,NOOP,0.080422,-0.0115,0.078039,0,69,287.15140173933753,133.84389877319336,16,0.4274635314941406,437.72265625,14.780139912057914,1,2,62,0.92,0.6935,0.55,0.0,0.25,0.1,0.1,96,391.9585937690125,140.4402256011963,17,0.41273678050321694,449.0576171875,14.82905408837652,1,3,63,0.0,0.6475,0.5,0.05,0.25,0.1,0.1
85,frozen_greedy_mlp_ppo_seed3,0,NOOP,0.077686,0.506,0.351052,0,96,391.9585937690125,140.4402256011963,17,0.41273678050321694,449.0576171875,14.82905408837652,1,3,63,0.0,0.6475,0.5,0.05,0.25,0.1,0.1,98,419.1806025796872,154.23941612243652,18,0.3996819390190972,460.43359375,14.816574578600733,1,4,64,0.92,0.6475,0.5,0.05,0.25,0.1,0.1
86,frozen_greedy_mlp_ppo_seed3,1,COMPACT_32KB,0.074045,0.4725,0.361897,0,98,419.1806025796872,154.23941612243652,18,0.3996819390190972,460.43359375,14.816574578600733,1,4,64,0.92,0.6475,0.5,0.05,0.25,0.1,0.1,94,276.4722089961467,143.33486557006836,16,0.4518165588378906,462.66015625,13.616839052383025,1,0,65,0.92,0.6935,0.55,0.05,0.25,0.1,0.05
87,frozen_greedy_mlp_ppo_seed3,0,NOOP,0.084243,0.506,0.357593,0,94,276.4722089961467,143.33486557006836,16,0.4518165588378906,462.66015625,13.616839052383025,1,0,65,0.92,0.6935,0.55,0.05,0.25,0.1,0.05,50,233.98898311987244,153.76877784729004,17,0.4318416819852941,469.84375,14.199032735265913,1,1,66,0.92,0.6935,0.55,0.05,0.25,0.1,0.05
88,frozen_greedy_mlp_ppo_seed3,0,NOOP,0.080971,0.506,0.35423,0,50,233.98898311987244,153.76877784729004,17,0.4318416819852941,469.84375,14.199032735265913,1,1,66,0.92,0.6935,0.55,0.05,0.25,0.1,0.05,75,389.0718979469921,159.55662727355957,18,0.4161054823133681,479.353515625,14.422554756717446,1,2,67,0.92,0.6935,0.55,0.05,0.25,0.1,0.05
89,frozen_greedy_mlp_ppo_seed3,0,NOOP,0.078037,-0.0115,0.076051,0,75,389.0718979469921,159.55662727355957,18,0.4161054823133681,479.353515625,14.422554756717446,1,2,67,0.92,0.6935,0.55,0.05,0.25,0.1,0.05,77,325.8559867301237,123.01516532897949,19,0.4020578484786184,488.90234375,14.553743435093738,1,3,68,0.0,0.6475,0.5,0.1,0.25,0.1,0.05
90,frozen_greedy_mlp_ppo_seed3,0,NOOP,0.075119,0.506,0.348696,0,77,325.8559867301237,123.01516532897949,19,0.4020578484786184,488.90234375,14.553743435093738,1,3,68,0.0,0.6475,0.5,0.1,0.25,0.1,0.05,58,235.72638759689923,146.12770080566406,20,0.3880943298339844,496.7607421875,14.718567409271607,1,4,69,0.92,0.6475,0.5,0.1,0.25,0.1,0.05
91,frozen_greedy_mlp_ppo_seed3,1,COMPACT_32KB,0.074442,0.463125,0.362325,0,58,235.72638759689923,146.12770080566406,20,0.3880943298339844,496.7607421875,14.718567409271607,1,4,69,0.92,0.6475,0.5,0.1,0.25,0.1,0.05,78,300.7111715719617,143.03827285766602,17,0.45442648494944854,494.416015625,13.278495003622298,1,0,70,0.92,0.6559999999999999,0.55,0.1,0.2,0.1,0.05
92,frozen_greedy_mlp_ppo_seed3,0,NOOP,0.085526,0.0,0.081869,0,78,300.7111715719617,143.03827285766602,17,0.45442648494944854,494.416015625,13.278495003622298,1,0,70,0.92,0.6559999999999999,0.55,0.1,0.2,0.1,0.05,96,382.34348065128444,205.37614822387695,18,0.4388817681206597,505.591796875,13.55589392158099,1,1,71,0.0,0.6559999999999999,0.55,0.1,0.2,0.1,0.05
93,frozen_greedy_mlp_ppo_seed3,0,NOOP,0.082402,-0.0115,0.08025,0,96,382.34348065128444,205.37614822387695,18,0.4388817681206597,505.591796875,13.55589392158099,1,1,71,0.0,0.6559999999999999,0.55,0.1,0.2,0.1,0.05,80,282.83444443226904,131.3340663909912,19,0.4238827354029605,515.44140625,13.822495697502049,1,2,72,0.0,0.61,0.5,0.15,0.2,0.1,0.05
94,frozen_greedy_mlp_ppo_seed3,0,NOOP,0.079672,0.5175,0.352956,0,80,282.83444443226904,131.3340663909912,19,0.4238827354029605,515.44140625,13.822495697502049,1,2,72,0.0,0.61,0.5,0.15,0.2,0.1,0.05,88,428.17191897303354,160.81714630126953,20,0.4108612060546875,525.90234375,13.960512117327267,1,3,73,0.92,0.6559999999999999,0.55,0.15,0.2,0.1,0.0
95,frozen_greedy_mlp_ppo_seed3,0,NOOP,0.076969,0.508125,0.350216,0,88,428.17191897303354,160.81714630126953,20,0.4108612060546875,525.90234375,13.960512117327267,1,3,73,0.92,0.6559999999999999,0.55,0.15,0.2,0.1,0.0,70,338.0263995625018,163.90442848205566,21,0.3979710170200893,534.873046875,14.12243824092048,1,4,74,0.92,0.6645,0.6,0.15,0.15,0.1,0.0
96,frozen_greedy_mlp_ppo_seed3,1,COMPACT_32KB,0.075893,0.4725,0.363292,0,70,338.0263995625018,163.90442848205566,21,0.3979710170200893,534.873046875,14.12243824092048,1,4,74,0.92,0.6645,0.6,0.15,0.15,0.1,0.0,74,382.42932884177736,168.48230361938477,18,0.46230824788411456,532.5791015625,12.22471201743432,1,0,75,0.92,0.7104999999999999,0.65,0.15,0.15,0.05,0.0
97,frozen_greedy_mlp_ppo_seed3,0,NOOP,0.086601,0.506,0.358142,0,74,382.42932884177736,168.48230361938477,18,0.46230824788411456,532.5791015625,12.22471201743432,1,0,75,0.92,0.7104999999999999,0.65,0.15,0.15,0.05,0.0,64,246.18681497065683,246.68478965759277,19,0.4448804353412829,540.974609375,12.836609405941251,1,1,76,0.92,0.7104999999999999,0.65,0.15,0.15,0.05,0.0
98,frozen_greedy_mlp_ppo_seed3,0,NOOP,0.083816,0.410375,0.305196,0,64,246.18681497065683,246.68478965759277,19,0.4448804353412829,540.974609375,12.836609405941251,1,1,76,0.92,0.7104999999999999,0.65,0.15,0.15,0.05,0.0,97,421.72029774041107,206.00152015686035,20,0.43158111572265623,552.423828125,13.061214816662574,1,2,77,0.75,0.7020000000000001,0.6,0.15,0.2,0.05,0.0
99,frozen_greedy_mlp_ppo_seed3,0,NOOP,0.081204,0.508125,0.354359,0,97,421.72029774041107,206.00152015686035,20,0.43158111572265623,552.423828125,13.061214816662574,1,2,77,0.75,0.7020000000000001,0.6,0.15,0.2,0.05,0.0,91,435.23616887107977,168.5183048248291,21,0.41914585658482145,563.33203125,13.242609547907534,1,3,78,0.92,0.7104999999999999,0.65,0.15,0.15,0.05,0.0
100,frozen_greedy_mlp_ppo_seed3,0,NOOP,0.078438,0.410375,0.299359,0,91,435.23616887107977,168.5183048248291,21,0.41914585658482145,563.33203125,13.242609547907534,1,3,78,0.92,0.7104999999999999,0.65,0.15,0.15,0.05,0.0,62,242.12950663827434,231.43577575683594,22,0.40593996914950287,571.5634765625,13.517804407308342,1,4,79,0.75,0.702,0.6,0.15,0.2,0.05,0.0
101,frozen_greedy_mlp_ppo_seed3,1,COMPACT_32KB,0.072787,-0.054375,0.084972,0,62,242.12950663827434,231.43577575683594,22,0.40593996914950287,571.5634765625,13.517804407308342,1,4,79,0.75,0.702,0.6,0.15,0.2,0.05,0.0,91,315.7836219813168,131.6854953765869,20,0.44802703857421877,573.474609375,12.337341262901989,1,0,80,0.0,0.6645000000000001,0.6,0.15,0.15,0.1,0.0
102,frozen_greedy_mlp_ppo_seed3,0,NOOP,0.084092,-0.009375,0.081885,0,91,315.7836219813168,131.6854953765869,20,0.44802703857421877,573.474609375,12.337341262901989,1,0,80,0.0,0.6645000000000001,0.6,0.15,0.15,0.1,0.0,74,291.21809280217377,136.60049438476562,21,0.4335872105189732,582.7412109375,12.748904605901712,1,1,81,0.0,0.627,0.6,0.2,0.1,0.1,0.0
103,frozen_greedy_mlp_ppo_seed3,0,NOOP,0.081325,0.410375,0.302377,0,74,291.21809280217377,136.60049438476562,21,0.4335872105189732,582.7412109375,12.748904605901712,1,1,81,0.0,0.627,0.6,0.2,0.1,0.1,0.0,71,334.7702933611526,224.9009609222412,22,0.4203740900213068,591.88671875,13.058605238530365,1,2,82,0.75,0.6185,0.55,0.2,0.15,0.1,0.0
104,frozen_greedy_mlp_ppo_seed3,0,NOOP,0.078637,0.0,0.076406,0,71,334.7702933611526,224.9009609222412,22,0.4203740900213068,591.88671875,13.058605238530365,1,2,82,0.75,0.6185,0.55,0.2,0.15,0.1,0.0,60,302.66191852389045,140.31219482421875,23,0.4075596021569293,599.927734375,13.350877685621251,1,3,83,0.0,0.6185,0.55,0.2,0.15,0.1,0.0
105,frozen_greedy_mlp_ppo_seed3,0,NOOP,0.076258,-0.0115,0.073143,0,60,302.66191852389045,140.31219482421875,23,0.4075596021569293,599.927734375,13.350877685621251,1,3,83,0.0,0.6185,0.55,0.2,0.15,0.1,0.0,69,358.2381347309318,185.75620651245117,24,0.39629046122233075,608.7021484375,13.527013137330902,1,4,84,0.0,0.5725,0.5,0.2,0.15,0.1,0.05
106,frozen_greedy_mlp_ppo_seed3,1,COMPACT_32KB,0.073187,0.461,0.360672,0,69,358.2381347309318,185.75620651245117,24,0.39629046122233075,608.7021484375,13.527013137330902,1,4,84,0.0,0.5725,0.5,0.2,0.15,0.1,0.05,66,287.7768509470445,167.89698600769043,21,0.4506501697358631,605.673828125,11.592291273365166,1,0,85,0.92,0.5725,0.5,0.2,0.15,0.1,0.05
107,frozen_greedy_mlp_ppo_seed3,0,NOOP,0.084724,0.506,0.357805,0,66,287.7768509470445,167.89698600769043,21,0.4506501697358631,605.673828125,11.592291273365166,1,0,85,0.92,0.5725,0.5,0.2,0.15,0.1,0.05,84,350.8182796716072,173.4335422515869,22,0.43736752596768463,615.8134765625,11.995017619631312,1,1,86,0.92,0.5725,0.5,0.2,0.15,0.1,0.05
108,frozen_greedy_mlp_ppo_seed3,0,NOOP,0.082085,-0.0115,0.080547,0,84,350.8182796716072,173.4335422515869,22,0.43736752596768463,615.8134765625,11.995017619631312,1,1,86,0.92,0.5725,0.5,0.2,0.15,0.1,0.05,77,378.5029275953402,105.61990737915039,23,0.42479871666949726,625.3037109375,12.337865822460058,1,2,87,0.0,0.5265,0.45,0.2,0.15,0.1,0.1
109,frozen_greedy_mlp_ppo_seed3,0,NOOP,0.079895,0.0,0.077652,0,77,378.5029275953402,105.61990737915039,23,0.42479871666949726,625.3037109375,12.337865822460058,1,2,87,0.0,0.5265,0.45,0.2,0.15,0.1,0.1,97,399.8917705431721,142.14396476745605,24,0.4144725799560547,636.6298828125,12.493462756548501,1,3,88,0.0,0.5265,0.45,0.2,0.15,0.1,0.1
110,frozen_greedy_mlp_ppo_seed3,0,NOOP,0.077597,0.506,0.350524,0,97,399.8917705431721,142.14396476745605,24,0.4144725799560547,636.6298828125,12.493462756548501,1,3,88,0.0,0.5265,0.45,0.2,0.15,0.1,0.1,74,300.9418620322546,184.88597869873047,25,0.4036083984375,645.7734375,12.714925084070257,1,4,89,0.92,0.5265,0.45,0.2,0.15,0.1,0.1
111,frozen_greedy_mlp_ppo_seed3,1,COMPACT_32KB,0.070564,-0.0565,0.082444,0,74,300.9418620322546,184.88597869873047,25,0.4036083984375,645.7734375,12.714925084070257,1,4,89,0.92,0.5265,0.45,0.2,0.15,0.1,0.1,68,263.67564529250797,150.66194534301758,23,0.43878837253736414,645.896484375,11.494950489484099,1,0,90,0.0,0.4805,0.4,0.25,0.15,0.1,0.1
112,frozen_greedy_mlp_ppo_seed3,0,NOOP,0.082351,0.0,0.079794,0,68,263.67564529250797,150.66194534301758,23,0.43878837253736414,645.896484375,11.494950489484099,1,0,90,0.0,0.4805,0.4,0.25,0.15,0.1,0.1,79,310.1311526657613,157.8371524810791,24,0.42675526936848956,655.49609375,11.85845348496164,1,1,91,0.0,0.4805,0.4,0.3,0.15,0.05,0.1
113,frozen_greedy_mlp_ppo_seed3,0,NOOP,0.080233,0.5175,0.353225,0,79,310.1311526657613,157.8371524810791,24,0.42675526936848956,655.49609375,11.85845348496164,1,1,91,0.0,0.4805,0.4,0.3,0.15,0.05,0.1,98,474.6123146486725,181.64348602294922,25,0.416788330078125,666.861328125,12.038938256839124,1,2,92,0.92,0.5265,0.45,0.25,0.15,0.05,0.1
114,frozen_greedy_mlp_ppo_seed3,0,NOOP,0.077957,-0.0115,0.074715,0,98,474.6123146486725,181.64348602294922,25,0.416788330078125,666.861328125,12.038938256839124,1,2,92,0.92,0.5265,0.45,0.25,0.15,0.05,0.1,68,312.6091091036233,194.594144821167,26,0.406036376953125,675.64453125,12.30650272758899,1,3,93,0.0,0.4805,0.4,0.3,0.15,0.05,0.1
115,frozen_greedy_mlp_ppo_seed3,0,NOOP,0.07607,-0.0115,0.073358,0,68,312.6091091036233,194.594144821167,26,0.406036376953125,675.64453125,12.30650272758899,1,3,93,0.0,0.4805,0.4,0.3,0.15,0.05,0.1,91,345.487057869373,169.3737506866455,27,0.39722640426070605,686.4072265625,12.41807857690185,1,4,94,0.0,0.4345,0.35,0.35,0.15,0.05,0.1
116,frozen_greedy_mlp_ppo_seed3,1,COMPACT_32KB,0.07204,-0.0565,0.084119,0,91,345.487057869373,169.3737506866455,27,0.39722640426070605,686.4072265625,12.41807857690185,1,4,94,0.0,0.4345,0.35,0.35,0.15,0.05,0.1,99,373.73001433767246,141.94202423095703,24,0.44679005940755206,686.26953125,11.04714035829937,1,0,95,0.0,0.38849999999999996,0.3,0.4,0.15,0.05,0.1
117,frozen_greedy_mlp_ppo_seed3,0,NOOP,0.084057,-0.0115,0.080949,0,99,373.73001433767246,141.94202423095703,24,0.44679005940755206,686.26953125,11.04714035829937,1,0,95,0.0,0.38849999999999996,0.3,0.4,0.15,0.05,0.1,96,393.1530340843849,186.61069869995117,25,0.4359075927734375,697.4521484375,11.361398427937123,1,1,96,0.0,0.34249999999999997,0.25,0.45,0.15,0.05,0.1
118,frozen_greedy_mlp_ppo_seed3,0,NOOP,0.081847,-0.009375,0.079343,0,96,393.1530340843849,186.61069869995117,25,0.4359075927734375,697.4521484375,11.361398427937123,1,1,96,0.0,0.34249999999999997,0.25,0.45,0.15,0.05,0.1,87,294.89682616007633,157.70959854125977,26,0.4254872248722957,708.0107421875,11.63966872762336,1,2,97,0.0,0.305,0.25,0.5,0.1,0.05,0.1
119,frozen_greedy_mlp_ppo_seed3,0,NOOP,0.079513,0.506,0.352225,0,87,294.89682616007633,157.70959854125977,26,0.4254872248722957,708.0107421875,11.63966872762336,1,2,97,0.0,0.305,0.25,0.5,0.1,0.05,0.1,60,237.7209012789183,198.14419746398926,27,0.41443775318287035,716.1484375,11.990551059693253,1,3,98,0.92,0.305,0.25,0.5,0.1,0.05,0.1
120,frozen_greedy_mlp_ppo_seed3,0,NOOP,0.077508,-0.009375,0.074604,0,60,237.7209012789183,198.14419746398926,27,0.41443775318287035,716.1484375,11.990551059693253,1,3,98,0.92,0.305,0.25,0.5,0.1,0.05,0.1,80,304.54885979442264,180.1931858062744,28,0.4050391060965402,725.830078125,12.1893105612782,1,4,99,0.0,0.26749999999999996,0.25,0.55,0.05,0.05,0.1
121,frozen_greedy_mlp_ppo_seed3,1,COMPACT_32KB,0.073228,-0.045,0.085015,0,80,304.54885979442264,180.1931858062744,28,0.4050391060965402,725.830078125,12.1893105612782,1,4,99,0.0,0.26749999999999996,0.25,0.55,0.05,0.05,0.1,95,421.20478055978975,157.78827667236328,25,0.453355712890625,725.369140625,10.270929485642164,1,0,100,0.0,0.26749999999999996,0.25,0.6,0.05,0.0,0.1
122,frozen_greedy_mlp_ppo_seed3,0,NOOP,0.085186,0.0,0.082706,0,95,421.20478055978975,157.78827667236328,25,0.453355712890625,725.369140625,10.270929485642164,1,0,100,0.0,0.26749999999999996,0.25,0.6,0.05,0.0,0.1,87,347.5541950299118,156.4936637878418,26,0.44217857947716344,735.78515625,10.704049618895823,1,1,101,0.0,0.26749999999999996,0.25,0.6,0.05,0.0,0.1
123,frozen_greedy_mlp_ppo_seed3,5,PARTITION_REGION,-0.099137,-0.109375,0.080182,0,87,347.5541950299118,156.4936637878418,26,0.44217857947716344,735.78515625,10.704049618895823,1,1,101,0.0,0.26749999999999996,0.25,0.6,0.05,0.0,0.1,57,205.75814597168144,158.71071815490723,27,0.4302808973524306,743.525390625,11.217161663517698,2,2,0,0.0,0.23000000000000004,0.25,0.65,0.0,0.0,0.1
124,frozen_greedy_mlp_ppo_seed3,0,NOOP,0.075341,-0.085314,0.072486,0,57,205.75814597168144,158.71071815490723,27,0.4302808973524306,743.525390625,11.217161663517698,2,2,0,0.0,0.23000000000000004,0.25,0.65,0.0,0.0,0.1,87,360.1476182580477,180.27710914611816,30,0.3954554239908854,759.2744140625,12.614602085581396,2,3,1,0.0,0.23000000000000004,0.25,0.6,0.0,0.05,0.1
125,frozen_greedy_mlp_ppo_seed3,0,NOOP,0.069013,-0.077637,0.06971,0,87,360.1476182580477,180.27710914611816,30,0.3954554239908854,759.2744140625,12.614602085581396,2,3,1,0.0,0.23000000000000004,0.25,0.6,0.0,0.05,0.1,56,202.53864109650465,189.41211700439453,33,0.36568797718394885,772.3330078125,13.478398766342535,2,4,2,0.012201986754966887,0.23061009933774837,0.25,0.65,0.0,0.05,0.05
126,frozen_greedy_mlp_ppo_seed3,1,COMPACT_32KB,0.062318,0.251658,0.27527,0,56,202.53864109650465,189.41211700439453,33,0.36568797718394885,772.3330078125,13.478398766342535,2,4,2,0.012201986754966887,0.23061009933774837,0.25,0.65,0.0,0.05,0.05,79,370.37659814671986,155.8074951171875,30,0.4019312540690104,771.7080078125,7.211860803058011,2,0,3,0.67,0.21811009933774836,0.2,0.7,0.0,0.05,0.05
127,frozen_greedy_mlp_ppo_seed3,0,NOOP,0.07048,0.297739,0.268842,0,79,370.37659814671986,155.8074951171875,30,0.4019312540690104,771.7080078125,7.211860803058011,2,0,3,0.67,0.21811009933774836,0.2,0.7,0.0,0.05,0.05,90,402.6381521756521,173.1429100036621,33,0.3730260675603693,787.8310546875,9.084746435457134,2,1,4,0.67,0.20561009933774838,0.15,0.75,0.0,0.05,0.05
128,frozen_greedy_mlp_ppo_seed3,0,NOOP,0.065097,0.310011,0.263598,0,90,402.6381521756521,173.1429100036621,33,0.3730260675603693,787.8310546875,9.084746435457134,2,1,4,0.67,0.20561009933774838,0.15,0.75,0.0,0.05,0.05,66,301.8458800746698,169.9388027191162,36,0.3479847378200955,801.7568359375,10.228395539223964,2,2,5,0.67,0.23911009933774835,0.15,0.8,0.0,0.05,0.0
129,frozen_greedy_mlp_ppo_seed3,0,NOOP,0.060565,0.310898,0.259206,0,66,301.8458800746698,169.9388027191162,36,0.3479847378200955,801.7568359375,10.228395539223964,2,2,5,0.67,0.23911009933774835,0.15,0.8,0.0,0.05,0.0,77,359.0694298674731,166.7025089263916,39,0.3271989088792067,816.6884765625,10.873535595712106,2,3,6,0.67,0.2726100993377484,0.15,0.8,0.0,0.05,0.0
130,frozen_greedy_mlp_ppo_seed3,0,NOOP,0.056741,0.300461,0.255509,0,77,359.0694298674731,166.7025089263916,39,0.3271989088792067,816.6884765625,10.873535595712106,2,3,6,0.67,0.2726100993377484,0.15,0.8,0.0,0.05,0.0,94,433.20350637392676,164.09873962402344,42,0.30995323544456843,833.154296875,11.219866453252939,2,4,7,0.67,0.26011009933774837,0.1,0.85,0.0,0.05,0.0
131,frozen_greedy_mlp_ppo_seed3,1,COMPACT_32KB,0.063276,-0.109247,0.074725,0,94,433.20350637392676,164.09873962402344,42,0.30995323544456843,833.154296875,11.219866453252939,2,4,7,0.67,0.26011009933774837,0.1,0.85,0.0,0.05,0.0,60,274.9170469206257,182.2338104248047,31,0.40734715615549394,808.1767578125,6.003517530992265,2,0,8,0.0,0.26011009933774837,0.1,0.8,0.0,0.1,0.0
132,frozen_greedy_mlp_ppo_seed3,0,NOOP,0.071419,0.313494,0.270028,0,60,274.9170469206257,182.2338104248047,31,0.40734715615549394,808.1767578125,6.003517530992265,2,0,8,0.0,0.26011009933774837,0.1,0.8,0.0,0.1,0.0,79,261.6162141249852,162.08720207214355,34,0.37834661147173715,823.2822265625,8.335073147454969,2,1,9,0.67,0.29361009933774834,0.1,0.8,0.0,0.1,0.0
133,frozen_greedy_mlp_ppo_seed3,0,NOOP,0.066208,-0.074,0.064176,0,79,261.6162141249852,162.08720207214355,34,0.37834661147173715,823.2822265625,8.335073147454969,2,1,9,0.67,0.29361009933774834,0.1,0.8,0.0,0.1,0.0,82,388.8145716327066,147.86601066589355,37,0.35416432973500844,838.6611328125,9.572162679068544,2,2,10,0.0,0.24761009933774836,0.05,0.8,0.0,0.1,0.05
134,frozen_greedy_mlp_ppo_seed3,0,NOOP,0.061822,0.315372,0.260566,0,82,388.8145716327066,147.86601066589355,37,0.35416432973500844,838.6611328125,9.572162679068544,2,2,10,0.0,0.24761009933774836,0.05,0.8,0.0,0.1,0.05,96,441.3938837860147,162.76311874389648,40,0.3341075897216797,855.3154296875,10.274885259690066,2,3,11,0.67,0.28111009933774833,0.05,0.8,0.0,0.1,0.05
135,frozen_greedy_mlp_ppo_seed3,0,NOOP,0.057849,0.316124,0.256632,0,96,441.3938837860147,162.76311874389648,40,0.3341075897216797,855.3154296875,10.274885259690066,2,3,11,0.67,0.28111009933774833,0.05,0.8,0.0,0.1,0.05,74,337.190172572068,164.60299491882324,43,0.31612094613008723,869.96484375,10.779996287604675,2,4,12,0.67,0.31461009933774836,0.05,0.8,0.0,0.1,0.05
136,frozen_greedy_mlp_ppo_seed3,2,COMPACT_64KB,0.546288,0.307424,0.387125,0,74,337.190172572068,164.60299491882324,43,0.31612094613008723,869.96484375,10.779996287604675,2,4,12,0.67,0.31461009933774836,0.05,0.8,0.0,0.1,0.05,52,235.74763229632129,69.8239803314209,13,0.9441094031700721,785.4990234375,29.482754946612534,2,0,13,0.67,0.3481100993377484,0.05,0.8,0.0,0.1,0.05
137,frozen_greedy_mlp_ppo_seed3,0,NOOP,0.153943,0.357401,0.353654,0,52,235.74763229632129,69.8239803314209,13,0.9441094031700721,785.4990234375,29.482754946612534,2,0,13,0.67,0.3481100993377484,0.05,0.8,0.0,0.1,0.05,55,272.2876429533402,84.47933197021484,16,0.7797174453735352,798.4306640625,34.74433016908237,2,1,14,0.67,0.38161009933774837,0.05,0.8,0.0,0.1,0.05
138,frozen_greedy_mlp_ppo_seed3,0,NOOP,0.131224,0.357389,0.33095,0,55,272.2876429533402,84.47933197021484,16,0.7797174453735352,798.4306640625,34.74433016908237,2,1,14,0.67,0.38161009933774837,0.05,0.8,0.0,0.1,0.05,65,270.2893247371014,87.40901947021484,19,0.6679928428248355,812.279296875,35.97112590060852,2,2,15,0.67,0.4151100993377484,0.05,0.8,0.0,0.1,0.05
139,frozen_greedy_mlp_ppo_seed3,0,NOOP,0.114973,-0.030956,0.112125,0,65,270.2893247371014,87.40901947021484,19,0.6679928428248355,812.279296875,35.97112590060852,2,2,15,0.67,0.4151100993377484,0.05,0.8,0.0,0.1,0.05,95,468.51554021242345,169.89541053771973,22,0.5886133367365057,828.767578125,35.783492720465695,2,3,16,0.0,0.3691100993377484,0.05,0.8,0.0,0.1,0.05
140,frozen_greedy_mlp_ppo_seed3,0,NOOP,0.102484,-0.019475,0.097921,0,95,468.51554021242345,169.89541053771973,22,0.5886133367365057,828.767578125,35.783492720465695,2,3,16,0.0,0.3691100993377484,0.05,0.8,0.0,0.1,0.05,90,458.62778830733345,259.3808174133301,25,0.528043212890625,844.869140625,35.147661471364195,2,4,17,0.0,0.3691100993377484,0.05,0.75,0.05,0.1,0.05
141,frozen_greedy_mlp_ppo_seed3,1,COMPACT_32KB,0.537553,0.312461,0.369144,0,90,458.62778830733345,259.3808174133301,25,0.528043212890625,844.869140625,35.147661471364195,2,4,17,0.0,0.3691100993377484,0.05,0.75,0.05,0.1,0.05,50,247.9043728249357,80.10101318359375,15,0.856231689453125,821.982421875,30.983940256120764,2,0,18,0.67,0.4026100993377484,0.05,0.75,0.05,0.1,0.05
142,frozen_greedy_mlp_ppo_seed3,0,NOOP,0.143382,0.357448,0.343343,0,50,247.9043728249357,80.10101318359375,15,0.856231689453125,821.982421875,30.983940256120764,2,0,18,0.67,0.4026100993377484,0.05,0.75,0.05,0.1,0.05,99,487.2530749896151,74.4163990020752,18,0.7281578911675347,838.837890625,33.86070774376878,2,1,19,0.67,0.43611009933774836,0.05,0.75,0.05,0.1,0.05
143,frozen_greedy_mlp_ppo_seed3,0,NOOP,0.124673,0.357415,0.324792,0,99,487.2530749896151,74.4163990020752,18,0.7281578911675347,838.837890625,33.86070774376878,2,1,19,0.67,0.43611009933774836,0.05,0.75,0.05,0.1,0.05,96,454.15632824871756,70.28055191040039,21,0.6364891415550595,855.44140625,34.520542464823414,2,2,20,0.67,0.4696100993377484,0.05,0.75,0.05,0.1,0.05
144,frozen_greedy_mlp_ppo_seed3,0,NOOP,0.11008,-0.019418,0.105812,0,96,454.15632824871756,70.28055191040039,21,0.6364891415550595,855.44140625,34.520542464823414,2,2,20,0.67,0.4696100993377484,0.05,0.75,0.05,0.1,0.05,56,279.12515181404416,243.394136428833,24,0.5653985341389974,868.4521484375,34.459620648221964,2,3,21,0.0,0.4696100993377484,0.05,0.75,0.1,0.05,0.05
145,frozen_greedy_mlp_ppo_seed3,0,NOOP,0.098998,-0.019526,0.096388,0,56,279.12515181404416,243.394136428833,24,0.5653985341389974,868.4521484375,34.459620648221964,2,3,21,0.0,0.4696100993377484,0.05,0.75,0.1,0.05,0.05,90,430.79181616499136,164.2749309539795,27,0.5118673819082754,884.5068359375,33.882774419818226,2,4,22,0.0,0.46900000000000003,0.05,0.7,0.1,0.1,0.05
146,frozen_greedy_mlp_ppo_seed3,1,COMPACT_32KB,0.142106,0.304147,0.35628,0,90,430.79181616499136,164.2749309539795,27,0.5118673819082754,884.5068359375,33.882774419818226,2,4,22,0.0,0.46900000000000003,0.05,0.7,0.1,0.1,0.05,66,330.84788415593914,78.46498489379883,17,0.7927443560431985,862.505859375,31.29948434748626,2,0,23,0.67,0.46900000000000003,0.05,0.7,0.1,0.1,0.05
147,frozen_greedy_mlp_ppo_seed3,0,NOOP,0.1343,0.349161,0.334461,0,66,330.84788415593914,78.46498489379883,17,0.7927443560431985,862.505859375,31.29948434748626,2,0,23,0.67,0.46900000000000003,0.05,0.7,0.1,0.1,0.05,56,274.7953188596886,66.93291664123535,20,0.6839996337890625,875.51953125,33.37624848487851,2,1,24,0.67,0.46900000000000003,0.05,0.7,0.1,0.1,0.05
148,frozen_greedy_mlp_ppo_seed3,0,NOOP,0.118166,-0.027648,0.116545,0,56,274.7953188596886,66.93291664123535,20,0.6839996337890625,875.51953125,33.37624848487851,2,1,24,0.67,0.46900000000000003,0.05,0.7,0.1,0.1,0.05,82,386.66219370157347,109.76862907409668,23,0.6052040431810461,890.8603515625,33.754411620480944,2,2,25,0.0,0.43550000000000005,0.05,0.65,0.1,0.1,0.1
149,frozen_greedy_mlp_ppo_seed3,0,NOOP,0.105474,0.349278,0.305236,0,82,386.66219370157347,109.76862907409668,23,0.6052040431810461,890.8603515625,33.754411620480944,2,2,25,0.0,0.43550000000000005,0.05,0.65,0.1,0.1,0.1,63,299.81783626958526,94.3915843963623,26,0.543618422288161,904.5810546875,33.56377531180811,2,3,26,0.67,0.43550000000000005,0.05,0.65,0.1,0.1,0.1
150,frozen_greedy_mlp_ppo_seed3,0,NOOP,0.095298,-0.027586,0.090279,0,63,299.81783626958526,94.3915843963623,26,0.543618422288161,904.5810546875,33.56377531180811,2,3,26,0.67,0.43550000000000005,0.05,0.65,0.1,0.1,0.1,61,294.66356630929636,287.1747016906738,29,0.4946125951306573,918.0009765625,33.07822270690074,2,4,27,0.0,0.402,0.05,0.6,0.15,0.1,0.1
151,frozen_greedy_mlp_ppo_seed3,1,COMPACT_32KB,-0.212206,-0.064174,0.138092,0,61,294.66356630929636,287.1747016906738,29,0.4946125951306573,918.0009765625,33.07822270690074,2,4,27,0.0,0.402,0.05,0.6,0.15,0.1,0.1,186,697.3965370666529,100.9833812713623,20,0.7105598449707031,909.5166015625,31.85023803860739,2,0,28,0.0,0.402,0.05,0.6,0.15,0.05,0.15
152,frozen_greedy_mlp_ppo_seed3,0,NOOP,0.082424,-0.027564,0.077199,0,186,697.3965370666529,100.9833812713623,20,0.7105598449707031,909.5166015625,31.85023803860739,2,0,28,0.0,0.402,0.05,0.6,0.15,0.05,0.15,254,795.8801391021116,304.98290061950684,35,0.43399483816964285,972.1484375,31.5770531604188,2,1,29,0.0,0.36850000000000005,0.1,0.55,0.15,0.05,0.15
153,frozen_greedy_mlp_ppo_seed3,0,NOOP,0.06622,0.357718,0.266247,0,254,795.8801391021116,304.98290061950684,35,0.43399483816964285,972.1484375,31.5770531604188,2,1,29,0.0,0.36850000000000005,0.1,0.55,0.15,0.05,0.15,152,439.2386167516275,103.6233901977539,44,0.35859818892045453,1009.8125,29.684022491109495,2,2,30,0.67,0.402,0.1,0.6,0.15,0.05,0.1
154,frozen_greedy_mlp_ppo_seed3,0,NOOP,0.052195,-0.027515,0.044757,0,152,439.2386167516275,103.6233901977539,44,0.35859818892045453,1009.8125,29.684022491109495,2,2,30,0.67,0.402,0.1,0.6,0.15,0.05,0.1,211,729.1851351384754,441.88618659973145,56,0.2959728240966797,1060.7666015625,27.36693318470374,2,3,31,0.0,0.36850000000000005,0.1,0.55,0.2,0.05,0.1
155,frozen_greedy_mlp_ppo_seed3,0,NOOP,0.040604,0.349346,0.240544,0,211,729.1851351384754,441.88618659973145,56,0.2959728240966797,1060.7666015625,27.36693318470374,2,3,31,0.0,0.36850000000000005,0.1,0.55,0.2,0.05,0.1,259,776.5158698559586,141.74294471740723,71,0.24739268128301056,1124.15234375,25.003316379158896,2,4,32,0.67,0.36850000000000005,0.1,0.55,0.2,0.05,0.1
156,frozen_greedy_mlp_ppo_seed3,1,COMPACT_32KB,-0.222903,0.304417,0.32879,0,259,776.5158698559586,141.74294471740723,71,0.24739268128301056,1124.15234375,25.003316379158896,2,4,32,0.67,0.36850000000000005,0.1,0.55,0.2,0.05,0.1,189,686.2152940025675,86.2274169921875,24,0.6595751444498698,1013.107421875,29.50222749096583,2,0,33,0.67,0.3685,0.1,0.55,0.2,0.05,0.1
157,frozen_greedy_mlp_ppo_seed3,0,NOOP,0.087993,0.349384,0.287927,0,189,686.2152940025675,86.2274169921875,24,0.6595751444498698,1013.107421875,29.50222749096583,2,0,33,0.67,0.3685,0.1,0.55,0.2,0.05,0.1,226,754.717782008196,98.30117225646973,36,0.4624650743272569,1065.51953125,29.992017308597553,2,1,34,0.67,0.36850000000000005,0.1,0.55,0.2,0.05,0.1
158,frozen_greedy_mlp_ppo_seed3,0,NOOP,0.066639,-0.027571,0.057709,0,226,754.717782008196,98.30117225646973,36,0.4624650743272569,1065.51953125,29.992017308597553,2,1,34,0.67,0.36850000000000005,0.1,0.55,0.2,0.05,0.1,204,663.8930804092739,506.54149055480957,48,0.3631966908772786,1115.740234375,28.172332524763295,2,2,35,0.0,0.335,0.1,0.5,0.25,0.05,0.1
159,frozen_greedy_mlp_ppo_seed3,0,NOOP,0.056317,-0.019122,0.053552,0,204,663.8930804092739,506.54149055480957,48,0.3631966908772786,1115.740234375,28.172332524763295,2,2,35,0.0,0.335,0.1,0.5,0.25,0.05,0.1,193,546.8985721871736,209.4881534576416,57,0.3172098795572917,1157.181640625,26.705931433582837,2,3,36,0.0,0.335,0.05,0.5,0.25,0.05,0.15
160,frozen_greedy_mlp_ppo_seed3,0,NOOP,0.048422,0.357712,0.248799,0,193,546.8985721871736,209.4881534576416,57,0.3172098795572917,1157.181640625,26.705931433582837,2,3,36,0.0,0.335,0.05,0.5,0.25,0.05,0.15,176,628.2392934284007,113.62862586975098,66,0.2833594119910038,1196.91015625,25.3917132475625,2,4,37,0.67,0.36850000000000005,0.05,0.55,0.2,0.05,0.15
161,frozen_greedy_mlp_ppo_seed3,3,COMPACT_128KB,0.5485,-0.082457,0.195766,0,176,628.2392934284007,113.62862586975098,66,0.2833594119910038,1196.91015625,25.3917132475625,2,4,37,0.67,0.36850000000000005,0.05,0.55,0.2,0.05,0.15,206,691.446987496719,151.72100067138672,12,1.3825441996256511,1061.7939453125,23.086908237914365,2,0,38,0.0,0.3350000000000001,0.05,0.5,0.25,0.05,0.15
162,frozen_greedy_mlp_ppo_seed3,0,NOOP,0.161024,-0.027391,0.157134,0,206,691.446987496719,151.72100067138672,12,1.3825441996256511,1061.7939453125,23.086908237914365,2,0,38,0.0,0.3350000000000001,0.05,0.5,0.25,0.05,0.15,156,579.98465101808,220.75605392456055,21,0.8182452973865327,1099.7216796875,46.03606797063821,2,1,39,0.0,0.30150000000000005,0.05,0.45,0.3,0.05,0.15
163,frozen_greedy_mlp_ppo_seed3,0,NOOP,0.105077,0.349497,0.305243,0,156,579.98465101808,220.75605392456055,21,0.8182452973865327,1099.7216796875,46.03606797063821,2,1,39,0.0,0.30150000000000005,0.05,0.45,0.3,0.05,0.15,240,797.7747362698238,82.94200897216797,33,0.546011260061553,1153.17578125,43.274111747095915,2,2,40,0.67,0.3015,0.05,0.45,0.3,0.05,0.15
164,frozen_greedy_mlp_ppo_seed3,0,NOOP,0.077977,0.357848,0.277728,0,240,797.7747362698238,82.94200897216797,33,0.546011260061553,1153.17578125,43.274111747095915,2,2,40,0.67,0.3015,0.05,0.45,0.3,0.05,0.15,208,702.9286021037535,118.69978904724121,45,0.4180118136935764,1203.8740234375,39.38020674849555,2,3,41,0.67,0.3350000000000001,0.05,0.5,0.25,0.05,0.15
165,frozen_greedy_mlp_ppo_seed3,0,NOOP,0.058635,0.357886,0.258631,0,208,702.9286021037535,118.69978904724121,45,0.4180118136935764,1203.8740234375,39.38020674849555,2,3,41,0.67,0.3350000000000001,0.05,0.5,0.25,0.05,0.15,288,651.9738532459185,125.20456314086914,60,0.33067423502604165,1269.7890625,35.383212674924415,2,4,42,0.67,0.3685,0.05,0.55,0.25,0.0,0.15
166,frozen_greedy_mlp_ppo_seed3,1,COMPACT_32KB,-0.215807,-0.072375,0.130844,0,288,651.9738532459185,125.20456314086914,60,0.33067423502604165,1269.7890625,35.383212674924415,2,4,42,0.67,0.3685,0.05,0.55,0.25,0.0,0.15,245,805.5012138119811,292.086124420166,27,0.6969304967809606,1204.2958984375,34.94215896436062,2,0,43,0.0,0.335,0.05,0.5,0.3,0.0,0.15
167,frozen_greedy_mlp_ppo_seed3,0,NOOP,0.103302,0.349451,0.302973,0,245,805.5012138119811,292.086124420166,27,0.6969304967809606,1204.2958984375,34.94215896436062,2,0,43,0.0,0.335,0.05,0.5,0.3,0.0,0.15,152,356.39831062289494,111.46712303161621,36,0.5390107896592882,1241.880859375,34.96196413212764,2,1,44,0.67,0.335,0.05,0.5,0.3,0.0,0.15
168,frozen_greedy_mlp_ppo_seed3,0,NOOP,0.073702,-0.019044,0.068574,0,152,356.39831062289494,111.46712303161621,36,0.5390107896592882,1241.880859375,34.96196413212764,2,1,44,0.67,0.335,0.05,0.5,0.3,0.0,0.15,278,707.3686090515207,320.14012336730957,51,0.40038374358532475,1306.8525390625,32.380371542050554,2,2,45,0.0,0.335,0.1,0.5,0.3,0.0,0.1
169,frozen_greedy_mlp_ppo_seed3,0,NOOP,0.059479,0.349449,0.259723,0,278,707.3686090515207,320.14012336730957,51,0.40038374358532475,1306.8525390625,32.380371542050554,2,2,45,0.0,0.335,0.1,0.5,0.3,0.0,0.1,212,552.1902104016579,116.56665802001953,63,0.3367714049324157,1357.8623046875,30.285686618934523,2,3,46,0.67,0.335,0.1,0.5,0.3,0.0,0.1
170,frozen_greedy_mlp_ppo_seed3,0,NOOP,0.049366,0.357817,0.249493,0,212,552.1902104016579,116.56665802001953,63,0.3367714049324157,1357.8623046875,30.285686618934523,2,3,46,0.67,0.335,0.1,0.5,0.3,0.0,0.1,224,597.6106973069726,137.4187469482422,75,0.29370686848958333,1409.79296875,28.44266518289275,2,4,47,0.67,0.3685,0.1,0.55,0.25,0.0,0.1
171,frozen_greedy_mlp_ppo_seed3,1,COMPACT_32KB,-0.204748,-0.063998,0.143732,0,224,597.6106973069726,137.4187469482422,75,0.29370686848958333,1409.79296875,28.44266518289275,2,4,47,0.67,0.3685,0.1,0.55,0.25,0.0,0.1,244,510.10743152446537,200.64568519592285,27,0.7522238272207754,1299.8427734375,31.738000413181265,2,0,48,0.0,0.3685,0.15,0.55,0.25,0.0,0.05
172,frozen_greedy_mlp_ppo_seed3,0,NOOP,0.111773,0.357878,0.311887,0,244,510.10743152446537,200.64568519592285,27,0.7522238272207754,1299.8427734375,31.738000413181265,2,0,48,0.0,0.3685,0.15,0.55,0.25,0.0,0.05,175,457.23768593888116,89.29681777954102,36,0.5813649495442709,1339.46484375,33.42757235025004,2,1,49,0.67,0.402,0.1,0.6,0.25,0.0,0.05
173,frozen_greedy_mlp_ppo_seed3,0,NOOP,0.09015,-0.027434,0.087957,0,175,457.23768593888116,89.29681777954102,36,0.5813649495442709,1339.46484375,33.42757235025004,2,1,49,0.67,0.402,0.1,0.6,0.25,0.0,0.05,175,346.8357050208266,165.88234901428223,45,0.4788730197482639,1379.154296875,32.63488200830359,2,2,50,0.0,0.36850000000000005,0.1,0.55,0.25,0.0,0.1
174,frozen_greedy_mlp_ppo_seed3,0,NOOP,0.075431,0.357797,0.275303,0,175,346.8357050208266,165.88234901428223,45,0.4788730197482639,1379.154296875,32.63488200830359,2,2,50,0.0,0.36850000000000005,0.1,0.55,0.25,0.0,0.1,188,537.7811580997692,123.89492988586426,54,0.4109061912254051,1420.091796875,31.315779765889005,2,3,51,0.67,0.402,0.1,0.6,0.2,0.0,0.1
175,frozen_greedy_mlp_ppo_seed3,0,NOOP,0.061544,0.349428,0.260923,0,188,537.7811580997692,123.89492988586426,54,0.4109061912254051,1420.091796875,31.315779765889005,2,3,51,0.67,0.402,0.1,0.6,0.2,0.0,0.1,244,589.0513604625797,163.5119915008545,66,0.3489675810842803,1474.0390625,29.52175491473647,2,4,52,0.67,0.402,0.1,0.6,0.2,0.0,0.1
176,frozen_greedy_mlp_ppo_seed3,1,COMPACT_32KB,-0.214939,0.304465,0.336539,0,244,589.0513604625797,163.5119915008545,66,0.3489675810842803,1474.0390625,29.52175491473647,2,4,52,0.67,0.402,0.1,0.6,0.2,0.0,0.1,205,451.3124310433334,105.77726364135742,31,0.7037707913306451,1396.28125,30.895555850257498,2,0,53,0.67,0.402,0.1,0.6,0.2,0.0,0.1
177,frozen_greedy_mlp_ppo_seed3,0,NOOP,0.107019,-0.027371,0.105016,0,205,451.3124310433334,105.77726364135742,31,0.7037707913306451,1396.28125,30.895555850257498,2,0,53,0.67,0.402,0.1,0.6,0.2,0.0,0.1,151,417.6073090191693,150.15006065368652,40,0.56009521484375,1433.84375,32.14056757852898,2,1,54,0.0,0.36850000000000005,0.1,0.55,0.2,0.0,0.15
178,frozen_greedy_mlp_ppo_seed3,0,NOOP,0.087988,0.357933,0.288304,0,151,417.6073090191693,150.15006065368652,40,0.56009521484375,1433.84375,32.14056757852898,2,1,54,0.0,0.36850000000000005,0.1,0.55,0.2,0.0,0.15,197,517.9487152484597,95.48497200012207,49,0.47056673011001277,1475.697265625,31.438121613441208,2,2,55,0.67,0.402,0.1,0.6,0.15,0.0,0.15
179,frozen_greedy_mlp_ppo_seed3,0,NOOP,0.067275,-0.018923,0.062194,0,197,517.9487152484597,95.48497200012207,49,0.47056673011001277,1475.697265625,31.438121613441208,2,2,55,0.67,0.402,0.1,0.6,0.15,0.0,0.15,289,654.957379681716,334.0647220611572,64,0.3763744831085205,1541.6298828125,29.559513783322537,2,3,56,0.0,0.402,0.1,0.6,0.15,0.05,0.1
180,frozen_greedy_mlp_ppo_seed3,0,NOOP,0.058599,0.349611,0.25849,0,289,654.957379681716,334.0647220611572,64,0.3763744831085205,1541.6298828125,29.559513783322537,2,3,56,0.0,0.402,0.1,0.6,0.15,0.05,0.1,183,456.21585740743825,146.7275619506836,73,0.3386207476054152,1582.0361328125,28.4023213122664,2,4,57,0.67,0.402,0.1,0.6,0.15,0.05,0.1
181,frozen_greedy_mlp_ppo_seed3,3,COMPACT_128KB,0.54825,0.303031,0.398021,0,183,456.21585740743825,146.7275619506836,73,0.3386207476054152,1582.0361328125,28.4023213122664,2,4,57,0.67,0.402,0.1,0.6,0.15,0.05,0.1,255,513.4136965679855,78.96685600280762,14,1.6031461443219865,1436.4189453125,15.394980826533407,2,0,58,0.67,0.43550000000000005,0.1,0.65,0.1,0.05,0.1
182,frozen_greedy_mlp_ppo_seed3,0,NOOP,0.197125,0.358032,0.397129,0,255,513.4136965679855,78.96685600280762,14,1.6031461443219865,1436.4189453125,15.394980826533407,2,0,58,0.67,0.43550000000000005,0.1,0.65,0.1,0.05,0.1,179,499.67083691058536,78.55677604675293,23,1.0030424698539402,1476.478515625,50.39031916324995,2,1,59,0.67,0.46900000000000003,0.1,0.7,0.05,0.05,0.1
183,frozen_greedy_mlp_ppo_seed3,0,NOOP,0.131953,0.349648,0.331978,0,179,499.67083691058536,78.55677604675293,23,1.0030424698539402,1476.478515625,50.39031916324995,2,1,59,0.67,0.46900000000000003,0.1,0.7,0.05,0.05,0.1,205,446.9981960625296,92.53621101379395,35,0.6816419328962053,1526.8779296875,49.779225684967216,2,2,60,0.67,0.46900000000000003,0.1,0.7,0.05,0.05,0.1
184,frozen_greedy_mlp_ppo_seed3,0,NOOP,0.09904,-0.02732,0.094992,0,205,446.9981960625296,92.53621101379395,35,0.6816419328962053,1526.8779296875,49.779225684967216,2,2,60,0.67,0.46900000000000003,0.1,0.7,0.05,0.05,0.1,213,592.5309431887446,261.1663341522217,47,0.5245763900432181,1577.92578125,46.18320107193559,2,3,61,0.0,0.43550000000000005,0.15,0.65,0.05,0.05,0.1
185,frozen_greedy_mlp_ppo_seed3,0,NOOP,0.074989,0.34956,0.275247,0,213,592.5309431887446,261.1663341522217,47,0.5245763900432181,1577.92578125,46.18320107193559,2,3,61,0.0,0.43550000000000005,0.15,0.65,0.05,0.05,0.1,265,648.391700749084,114.61019515991211,62,0.4136962890625,1641.546875,42.058156803564145,2,4,62,0.67,0.43550000000000005,0.15,0.65,0.05,0.05,0.1
186,frozen_greedy_mlp_ppo_seed3,3,COMPACT_128KB,0.548,-0.073986,0.193277,0,265,648.391700749084,114.61019515991211,62,0.4136962890625,1641.546875,42.058156803564145,2,4,62,0.67,0.43550000000000005,0.15,0.65,0.05,0.05,0.1,253,581.407558262175,256.17003440856934,16,1.5019569396972656,1538.00390625,24.828395014119465,2,0,63,0.0,0.43550000000000005,0.2,0.65,0.0,0.05,0.1
187,frozen_greedy_mlp_ppo_seed3,0,NOOP,0.157635,-0.027343,0.152163,0,253,581.407558262175,256.17003440856934,16,1.5019569396972656,1538.00390625,24.828395014119465,2,0,63,0.0,0.43550000000000005,0.2,0.65,0.0,0.05,0.1,270,523.990344373821,312.32452392578125,31,0.8075497534967238,1602.1787109375,49.8541492048877,2,1,64,0.0,0.402,0.2,0.6,0.05,0.05,0.1
188,frozen_greedy_mlp_ppo_seed3,0,NOOP,0.123305,-0.018991,0.121262,0,270,523.990344373821,312.32452392578125,31,0.8075497534967238,1602.1787109375,49.8541492048877,2,1,64,0.0,0.402,0.2,0.6,0.05,0.05,0.1,180,533.0740976624447,152.11105346679688,40,0.6415229797363281,1642.298828125,48.07173524158687,2,2,65,0.0,0.402,0.15,0.6,0.05,0.05,0.15
189,frozen_greedy_mlp_ppo_seed3,0,NOOP,0.101005,0.349502,0.301077,0,180,533.0740976624447,152.11105346679688,40,0.6415229797363281,1642.298828125,48.07173524158687,2,2,65,0.0,0.402,0.15,0.6,0.05,0.05,0.15,151,445.4593885922316,107.66220092773438,49,0.5356523163464605,1679.8056640625,45.672508301531735,2,3,66,0.67,0.402,0.15,0.6,0.05,0.05,0.15
190,frozen_greedy_mlp_ppo_seed3,0,NOOP,0.081206,-0.027433,0.078361,0,151,445.4593885922316,107.66220092773438,49,0.5356523163464605,1679.8056640625,45.672508301531735,2,3,66,0.67,0.402,0.15,0.6,0.05,0.05,0.15,247,588.7388107623991,218.4617519378662,61,0.444153082175333,1733.9736328125,42.55964092318121,2,4,67,0.0,0.36850000000000005,0.15,0.55,0.05,0.05,0.2
191,frozen_greedy_mlp_ppo_seed3,3,COMPACT_128KB,0.54775,0.302777,0.397761,0,247,588.7388107623991,218.4617519378662,61,0.444153082175333,1733.9736328125,42.55964092318121,2,4,67,0.0,0.36850000000000005,0.15,0.55,0.05,0.05,0.2,294,556.9790216865489,71.92516326904297,18,1.4252777099609375,1641.919921875,28.100022923390515,2,0,68,0.67,0.402,0.1,0.6,0.05,0.05,0.2
192,frozen_greedy_mlp_ppo_seed3,0,NOOP,0.191179,0.34944,0.391328,0,294,556.9790216865489,71.92516326904297,18,1.4252777099609375,1641.919921875,28.100022923390515,2,0,68,0.67,0.402,0.1,0.6,0.05,0.05,0.2,168,412.0873950837926,76.31421089172363,27,0.9727721037688078,1680.9501953125,47.52210526125353,2,1,69,0.67,0.402,0.1,0.6,0.05,0.05,0.2
193,frozen_greedy_mlp_ppo_seed3,0,NOOP,0.124468,-0.019,0.119688,0,168,412.0873950837926,76.31421089172363,27,0.9727721037688078,1680.9501953125,47.52210526125353,2,1,69,0.67,0.402,0.1,0.6,0.05,0.05,0.2,250,599.3404018176102,291.4693355560303,42,0.6485875447591146,1743.4033203125,47.180261875099745,2,2,70,0.0,0.402,0.1,0.6,0.05,0.05,0.2
194,frozen_greedy_mlp_ppo_seed3,0,NOOP,0.097248,-0.027366,0.093264,0,250,599.3404018176102,291.4693355560303,42,0.6485875447591146,1743.4033203125,47.180261875099745,2,2,70,0.0,0.402,0.1,0.6,0.05,0.05,0.2,242,552.9560281277035,266.71290397644043,54,0.5199915568033854,1797.0908203125,44.3131067016359,2,3,71,0.0,0.36850000000000005,0.1,0.55,0.05,0.1,0.2
195,frozen_greedy_mlp_ppo_seed3,0,NOOP,0.083304,-0.027313,0.073338,0,242,552.9560281277035,266.71290397644043,54,0.5199915568033854,1797.0908203125,44.3131067016359,2,3,71,0.0,0.36850000000000005,0.1,0.55,0.05,0.1,0.2,189,470.5475487079765,577.0285129547119,63,0.4558953179253472,1838.169921875,42.20479136032954,2,4,72,0.0,0.3350000000000001,0.1,0.5,0.1,0.1,0.2
196,frozen_greedy_mlp_ppo_seed3,2,COMPACT_64KB,0.285841,0.299444,0.396852,0,189,470.5475487079765,577.0285129547119,63,0.4558953179253472,1838.169921875,42.20479136032954,2,4,72,0.0,0.3350000000000001,0.1,0.5,0.1,0.1,0.2,292,610.5124262242782,77.3777961730957,26,1.05992185152494,1763.7099609375,34.428537189522196,2,0,73,0.67,0.3350000000000001,0.1,0.5,0.1,0.1,0.2
197,frozen_greedy_mlp_ppo_seed3,0,NOOP,0.134392,0.357799,0.333621,0,292,610.5124262242782,77.3777961730957,26,1.05992185152494,1763.7099609375,34.428537189522196,2,0,73,0.67,0.3350000000000001,0.1,0.5,0.1,0.1,0.2,298,641.2239569679542,139.8026943206787,41,0.6975860595703125,1830.4658203125,41.18805142382286,2,1,74,0.67,0.36850000000000005,0.1,0.55,0.1,0.1,0.15
198,frozen_greedy_mlp_ppo_seed3,0,NOOP,0.098727,0.349451,0.299033,0,298,641.2239569679542,139.8026943206787,41,0.6975860595703125,1830.4658203125,41.18805142382286,2,1,74,0.67,0.36850000000000005,0.1,0.55,0.1,0.1,0.15,269,525.6791443900098,104.66909408569336,56,0.5286328451974052,1894.6201171875,39.487752908224756,2,2,75,0.67,0.3685,0.1,0.55,0.1,0.1,0.15
199,frozen_greedy_mlp_ppo_seed3,0,NOOP,0.08489,0.357841,0.285046,0,269,525.6791443900098,104.66909408569336,56,0.5286328451974052,1894.6201171875,39.487752908224756,2,2,75,0.67,0.3685,0.1,0.55,0.1,0.1,0.15,180,462.652416903618,123.45314025878906,65,0.4650747445913462,1934.7109375,38.008471768798906,2,3,76,0.67,0.402,0.1,0.6,0.1,0.05,0.15
200,frozen_greedy_mlp_ppo_seed3,0,NOOP,0.068155,0.349519,0.268597,0,180,462.652416903618,123.45314025878906,65,0.4650747445913462,1934.7109375,38.008471768798906,2,3,76,0.67,0.402,0.1,0.6,0.1,0.05,0.15,290,611.032796940486,127.93493270874023,80,0.3907772064208984,2000.779296875,35.631797093295525,2,4,77,0.67,0.402,0.1,0.6,0.1,0.05,0.15
201,frozen_greedy_mlp_ppo_seed3,2,COMPACT_64KB,0.285716,-0.077371,0.193853,0,290,611.032796940486,127.93493270874023,80,0.3907772064208984,2000.779296875,35.631797093295525,2,4,77,0.67,0.402,0.1,0.6,0.1,0.05,0.15,288,665.3653887147387,172.35040664672852,27,1.0880200421368633,1880.0986328125,30.80590575755025,2,0,78,0.0,0.36850000000000005,0.1,0.55,0.1,0.1,0.15
202,frozen_greedy_mlp_ppo_seed3,0,NOOP,0.161978,-0.027357,0.158656,0,288,665.3653887147387,172.35040664672852,27,1.0880200421368633,1880.0986328125,30.80590575755025,2,0,78,0.0,0.36850000000000005,0.1,0.55,0.1,0.1,0.15,154,352.6176065649303,211.11416816711426,36,0.8323889838324653,1917.82421875,39.12799001605184,2,1,79,0.0,0.335,0.1,0.5,0.1,0.15,0.15
203,frozen_greedy_mlp_ppo_seed3,0,NOOP,0.115092,0.349493,0.314854,0,154,352.6176065649303,211.11416816711426,36,0.8323889838324653,1917.82421875,39.12799001605184,2,1,79,0.0,0.335,0.1,0.5,0.1,0.15,0.15,273,832.3380744451722,125.63371658325195,51,0.6073345109528187,1982.33984375,39.74586148296618,2,2,80,0.67,0.335,0.1,0.5,0.1,0.15,0.15
204,frozen_greedy_mlp_ppo_seed3,0,NOOP,0.088782,0.357857,0.288829,0,273,832.3380744451722,125.63371658325195,51,0.6073345109528187,1982.33984375,39.74586148296618,2,2,80,0.67,0.335,0.1,0.5,0.1,0.15,0.15,299,701.7061197586631,130.17010688781738,66,0.485159902861624,2049.3154296875,37.767541689194644,2,3,81,0.67,0.3685,0.05,0.55,0.1,0.15,0.15
205,frozen_greedy_mlp_ppo_seed3,0,NOOP,0.077574,-0.027327,0.074407,0,299,701.7061197586631,130.17010688781738,66,0.485159902861624,2049.3154296875,37.767541689194644,2,3,81,0.67,0.3685,0.05,0.55,0.1,0.15,0.15,150,572.6298927363827,252.122163772583,75,0.4347454833984375,2086.7783203125,36.473383203078484,2,4,82,0.0,0.3350000000000001,0.05,0.5,0.1,0.15,0.2
206,frozen_greedy_mlp_ppo_seed3,2,COMPACT_64KB,0.285591,0.307976,0.3962,0,150,572.6298927363827,252.122163772583,75,0.4347454833984375,2086.7783203125,36.473383203078484,2,4,82,0.0,0.3350000000000001,0.05,0.5,0.1,0.15,0.2,216,710.5672288910937,100.00205039978027,28,1.102602822440011,1975.8642578125,29.009463803779205,2,0,83,0.67,0.3685,0.0,0.55,0.1,0.15,0.2
207,frozen_greedy_mlp_ppo_seed3,0,NOOP,0.16572,-0.018951,0.161697,0,216,710.5672288910937,100.00205039978027,28,1.102602822440011,1975.8642578125,29.009463803779205,2,0,83,0.67,0.3685,0.0,0.55,0.1,0.15,0.2,189,679.9240552362982,247.40195274353027,37,0.8517241606841216,2016.8828125,38.15411518685386,2,1,84,0.0,0.36850000000000005,0.05,0.55,0.05,0.15,0.2
208,frozen_greedy_mlp_ppo_seed3,0,NOOP,0.133874,-0.018996,0.126568,0,189,679.9240552362982,247.40195274353027,37,0.8517241606841216,2016.8828125,38.15411518685386,2,1,84,0.0,0.36850000000000005,0.05,0.55,0.05,0.15,0.2,161,595.3553037596583,422.81508445739746,46,0.6981194537618886,2055.263671875,39.634094532744534,2,2,85,0.0,0.36850000000000005,0.05,0.55,0.05,0.2,0.15
209,frozen_greedy_mlp_ppo_seed3,0,NOOP,0.101052,0.349497,0.301367,0,161,595.3553037596583,422.81508445739746,46,0.6981194537618886,2055.263671875,39.634094532744534,2,2,85,0.0,0.36850000000000005,0.05,0.55,0.05,0.2,0.15,292,855.2027880715117,110.49437522888184,61,0.5433832387455174,2121.3681640625,38.52346857588082,2,3,86,0.67,0.36850000000000005,0.05,0.55,0.05,0.2,0.15
210,frozen_greedy_mlp_ppo_seed3,0,NOOP,0.08396,-0.018958,0.07869,0,292,855.2027880715117,110.49437522888184,61,0.5433832387455174,2121.3681640625,38.52346857588082,2,3,86,0.67,0.36850000000000005,0.05,0.55,0.05,0.2,0.15,234,772.1229773870137,354.7790050506592,73,0.4654260922784675,2174.470703125,36.94702569522133,2,4,87,0.0,0.36850000000000005,0.1,0.55,0.05,0.2,0.1
211,frozen_greedy_mlp_ppo_seed3,1,COMPACT_32KB,-0.203738,-0.072291,0.144139,0,234,772.1229773870137,354.7790050506592,73,0.4654260922784675,2174.470703125,36.94702569522133,2,4,87,0.0,0.36850000000000005,0.1,0.55,0.05,0.2,0.1,178,667.3818959683698,250.81372261047363,43,0.7672782720521439,2111.5498046875,30.98655356460232,2,0,88,0.0,0.3350000000000001,0.1,0.5,0.05,0.25,0.1
212,frozen_greedy_mlp_ppo_seed3,0,NOOP,0.122741,-0.027307,0.118862,0,178,667.3818959683698,250.81372261047363,43,0.7672782720521439,2111.5498046875,30.98655356460232,2,0,88,0.0,0.3350000000000001,0.1,0.5,0.05,0.25,0.1,168,626.0110731267013,258.91900062561035,52,0.6462026742788461,2150.5625,32.91406966382412,2,1,89,0.0,0.30150000000000005,0.1,0.45,0.05,0.3,0.1
213,frozen_greedy_mlp_ppo_seed3,0,NOOP,0.099569,-0.018933,0.096881,0,168,626.0110731267013,258.91900062561035,52,0.6462026742788461,2150.5625,32.91406966382412,2,1,89,0.0,0.30150000000000005,0.1,0.45,0.05,0.3,0.1,229,754.2112869156897,214.42270278930664,64,0.5378468036651611,2203.0205078125,32.99661486285634,2,2,90,0.0,0.30150000000000005,0.1,0.45,0.05,0.3,0.1
214,frozen_greedy_mlp_ppo_seed3,0,NOOP,0.083315,-0.018892,0.072853,0,229,754.2112869156897,214.42270278930664,64,0.5378468036651611,2203.0205078125,32.99661486285634,2,2,90,0.0,0.30150000000000005,0.1,0.45,0.05,0.3,0.1,248,534.6739883246182,618.1011199951172,76,0.46407719662314967,2257.271484375,32.173068305335754,2,3,91,0.0,0.30150000000000005,0.1,0.45,0.1,0.25,0.1
215,frozen_greedy_mlp_ppo_seed3,0,NOOP,0.068429,-0.018883,0.055111,0,248,534.6739883246182,618.1011199951172,76,0.46407719662314967,2257.271484375,32.173068305335754,2,3,91,0.0,0.30150000000000005,0.1,0.45,0.1,0.25,0.1,297,870.2252413240022,779.6790599822998,91,0.39902169363839285,2323.90234375,30.846073583775144,2,4,92,0.0,0.30150000000000005,0.1,0.45,0.1,0.25,0.1
216,frozen_greedy_mlp_ppo_seed3,2,COMPACT_64KB,0.284966,-0.077248,0.18967,0,297,870.2252413240022,779.6790599822998,91,0.39902169363839285,2323.90234375,30.846073583775144,2,4,92,0.0,0.30150000000000005,0.1,0.45,0.1,0.25,0.1,199,648.5662481807635,351.5186309814453,33,1.0316393303148674,2178.822265625,21.08023213616292,2,0,93,0.0,0.26800000000000007,0.1,0.4,0.15,0.25,0.1
217,frozen_greedy_mlp_ppo_seed3,0,NOOP,0.149231,-0.027235,0.143128,0,199,648.5662481807635,351.5186309814453,33,1.0316393303148674,2178.822265625,21.08023213616292,2,0,93,0.0,0.26800000000000007,0.1,0.4,0.15,0.25,0.1,213,712.2473051156761,361.372709274292,45,0.7742794460720486,2229.9248046875,32.95928010460819,2,1,94,0.0,0.23450000000000001,0.1,0.35,0.15,0.3,0.1
218,frozen_greedy_mlp_ppo_seed3,7,REMOVE_PARTITION,0.054224,-0.062294,0.1133,0,213,712.2473051156761,361.372709274292,45,0.7742794460720486,2229.9248046875,32.95928010460819,2,1,94,0.0,0.23450000000000001,0.1,0.35,0.15,0.3,0.1,200,673.0166982371097,299.2711067199707,57,0.6249285246196546,2279.7392578125,34.67607346156934,0,2,0,0.0,0.201,0.1,0.3,0.15,0.35,0.1
219,frozen_greedy_mlp_ppo_seed3,0,NOOP,0.11071,-0.043663,0.108065,0,200,673.0166982371097,299.2711067199707,57,0.6249285246196546,2279.7392578125,34.67607346156934,0,2,0,0.0,0.201,0.1,0.3,0.15,0.35,0.1,217,853.3416539469786,208.510160446167,61,0.5916770559842469,2309.9072265625,34.465619255476604,0,3,1,0.0,0.16750000000000004,0.1,0.25,0.15,0.35,0.15
220,frozen_greedy_mlp_ppo_seed3,0,NOOP,0.103009,-0.042457,0.09781,0,217,853.3416539469786,208.510160446167,61,0.5916770559842469,2309.9072265625,34.465619255476604,0,3,1,0.0,0.16750000000000004,0.1,0.25,0.15,0.35,0.15,295,1136.0728661671808,342.48900413513184,66,0.5562966086647727,2349.796875,34.05904750868613,0,4,2,0.0,0.134,0.1,0.2,0.15,0.4,0.15
221,frozen_greedy_mlp_ppo_seed3,2,COMPACT_64KB,0.284716,-0.076514,0.192055,0,295,1136.0728661671808,342.48900413513184,66,0.5562966086647727,2349.796875,34.05904750868613,0,4,2,0.0,0.134,0.1,0.2,0.15,0.4,0.15,292,1107.8116767642414,222.2285270690918,35,1.0227308000837054,2290.9169921875,20.31747480657413,0,0,3,0.0,0.134,0.15,0.2,0.15,0.35,0.15
222,frozen_greedy_mlp_ppo_seed3,0,NOOP,0.185639,-0.025985,0.183585,0,292,1107.8116767642414,222.2285270690918,35,1.0227308000837054,2290.9169921875,20.31747480657413,0,0,3,0.0,0.134,0.15,0.2,0.15,0.35,0.15,179,766.3660013698589,150.18320083618164,38,0.9519456562243009,2315.1318359375,25.004755637902043,0,1,4,0.0,0.134,0.15,0.2,0.15,0.3,0.2
223,frozen_greedy_mlp_ppo_seed3,0,NOOP,0.173277,-0.033804,0.163271,0,179,766.3660013698589,150.18320083618164,38,0.9519456562243009,2315.1318359375,25.004755637902043,0,1,4,0.0,0.134,0.15,0.2,0.15,0.3,0.2,195,848.5200036103292,551.5360832214355,41,0.8920109446455793,2340.63671875,27.737620739549357,0,2,5,0.0,0.1005,0.15,0.15,0.2,0.3,0.2
224,frozen_greedy_mlp_ppo_seed3,0,NOOP,0.162403,-0.033335,0.160775,0,195,848.5200036103292,551.5360832214355,41,0.8920109446455793,2340.63671875,27.737620739549357,0,2,5,0.0,0.1005,0.15,0.15,0.2,0.3,0.2,170,635.4887118868542,136.37256622314453,44,0.8395132585005327,2364.0693359375,29.556112194087124,0,3,6,0.0,0.067,0.15,0.15,0.2,0.3,0.2
225,frozen_greedy_mlp_ppo_seed3,0,NOOP,0.149862,-0.024391,0.147481,0,170,635.4887118868542,136.37256622314453,44,0.8395132585005327,2364.0693359375,29.556112194087124,0,3,6,0.0,0.067,0.15,0.15,0.2,0.3,0.2,214,840.9324803909444,179.02612686157227,48,0.7793095906575521,2394.0390625,31.0804993496581,0,4,7,0.0,0.067,0.15,0.2,0.2,0.3,0.15
226,frozen_greedy_mlp_ppo_seed3,2,COMPACT_64KB,0.284591,-0.082129,0.192076,0,214,840.9324803909444,179.02612686157227,48,0.7793095906575521,2394.0390625,31.0804993496581,0,4,7,0.0,0.067,0.15,0.2,0.2,0.3,0.15,251,971.6914017468417,216.21203422546387,36,1.033084021674262,2380.2255859375,18.72395605206389,0,0,8,0.0,0.0335,0.15,0.15,0.2,0.35,0.15
227,frozen_greedy_mlp_ppo_seed3,0,NOOP,0.183552,-0.023156,0.179237,0,251,971.6914017468417,216.21203422546387,36,1.033084021674262,2380.2255859375,18.72395605206389,0,0,8,0.0,0.0335,0.15,0.15,0.2,0.35,0.15,249,990.2149574002893,265.77043533325195,40,0.9427616119384765,2413.4697265625,24.96161475096167,0,1,9,0.0,0.0335,0.15,0.15,0.2,0.35,0.15
228,frozen_greedy_mlp_ppo_seed3,0,NOOP,0.168059,-0.022659,0.163786,0,249,990.2149574002893,265.77043533325195,40,0.9427616119384765,2413.4697265625,24.96161475096167,0,1,9,0.0,0.0335,0.15,0.15,0.2,0.35,0.15,218,896.4657128374768,268.6607837677002,44,0.867795770818537,2443.712890625,28.296016653176743,0,2,10,0.0,0.0335,0.2,0.15,0.2,0.3,0.15
229,frozen_greedy_mlp_ppo_seed3,0,NOOP,0.155162,-0.030532,0.152751,0,218,896.4657128374768,268.6607837677002,44,0.867795770818537,2443.712890625,28.296016653176743,0,2,10,0.0,0.0335,0.2,0.15,0.2,0.3,0.15,233,961.5864718841538,180.54652214050293,48,0.805810292561849,2475.44921875,30.154940448080083,0,3,11,0.0,0.0,0.2,0.1,0.2,0.3,0.2
230,frozen_greedy_mlp_ppo_seed3,0,NOOP,0.144174,-0.021681,0.139643,0,233,961.5864718841538,180.54652214050293,48,0.805810292561849,2475.44921875,30.154940448080083,0,3,11,0.0,0.0,0.2,0.1,0.2,0.3,0.2,234,930.2379991488724,291.55611991882324,52,0.7533716055063101,2507.220703125,31.237965323238154,0,4,12,0.0,0.0,0.15,0.1,0.2,0.3,0.25
231,frozen_greedy_mlp_ppo_seed3,3,COMPACT_128KB,0.546875,-0.055,0.193752,0,234,930.2379991488724,291.55611991882324,52,0.7533716055063101,2507.220703125,31.237965323238154,0,4,12,0.0,0.0,0.15,0.1,0.2,0.3,0.25,241,932.6764397596587,187.40344047546387,25,1.52970947265625,2447.53515625,10.483444625423452,0,0,13,0.0,0.0,0.2,0.1,0.2,0.25,0.25
232,frozen_greedy_mlp_ppo_seed3,0,NOOP,0.19625,0.0,0.190207,0,241,932.6764397596587,187.40344047546387,25,1.52970947265625,2447.53515625,10.483444625423452,0,0,13,0.0,0.0,0.2,0.1,0.2,0.25,0.25,263,906.6842277005474,339.6282196044922,30,1.294091796875,2484.65625,35.59664079982304,0,1,14,0.0,0.0,0.2,0.1,0.25,0.2,0.25
233,frozen_greedy_mlp_ppo_seed3,0,NOOP,0.19575,0.0,0.191548,0,263,906.6842277005474,339.6282196044922,30,1.294091796875,2484.65625,35.59664079982304,0,1,14,0.0,0.0,0.2,0.1,0.25,0.2,0.25,229,982.5318401099868,252.5780200958252,34,1.156236536362592,2515.970703125,41.412887890061775,0,2,15,0.0,0.0,0.25,0.1,0.25,0.2,0.2
234,frozen_greedy_mlp_ppo_seed3,0,NOOP,0.195375,0.0,0.193422,0,229,982.5318401099868,252.5780200958252,34,1.156236536362592,2515.970703125,41.412887890061775,0,2,15,0.0,0.0,0.25,0.1,0.25,0.2,0.2,164,725.0836760056964,143.89753341674805,37,1.0720478779560811,2538.609375,43.70664108210781,0,3,16,0.0,0.0,0.25,0.1,0.2,0.2,0.25
235,frozen_greedy_mlp_ppo_seed3,0,NOOP,0.190839,0.0,0.1884,0,164,725.0836760056964,143.89753341674805,37,1.0720478779560811,2538.609375,43.70664108210781,0,3,16,0.0,0.0,0.25,0.1,0.2,0.2,0.25,242,1029.3762193792436,173.19011688232422,41,0.9798193210508765,2571.0458984375,45.27228849520584,0,4,17,0.0,0.0,0.25,0.15,0.15,0.2,0.25
236,frozen_greedy_mlp_ppo_seed3,1,COMPACT_32KB,-0.164496,-0.045,0.180002,0,242,1029.3762193792436,173.19011688232422,41,0.9798193210508765,2571.0458984375,45.27228849520584,0,4,17,0.0,0.0,0.25,0.15,0.15,0.2,0.25,150,676.2941209351122,418.4994697570801,42,0.9628615606398809,2588.171875,33.124763468831915,0,0,18,0.0,0.0,0.25,0.15,0.15,0.2,0.25
237,frozen_greedy_mlp_ppo_seed3,0,NOOP,0.172295,0.0,0.169961,0,150,676.2941209351122,418.4994697570801,42,0.9628615606398809,2588.171875,33.124763468831915,0,0,18,0.0,0.0,0.25,0.15,0.15,0.2,0.25,245,1017.4130534436549,174.16739463806152,46,0.8902229640794836,2620.81640625,35.09537740713702,0,1,19,0.0,0.0,0.25,0.15,0.15,0.15,0.3
238,frozen_greedy_mlp_ppo_seed3,0,NOOP,0.162461,0.0,0.154268,0,245,1017.4130534436549,174.16739463806152,46,0.8902229640794836,2620.81640625,35.09537740713702,0,1,19,0.0,0.0,0.25,0.15,0.15,0.15,0.3,162,704.9001778130038,470.902681350708,49,0.8429288280253507,2643.4248046875,36.02930541561598,0,2,20,0.0,0.0,0.25,0.15,0.2,0.1,0.3
239,frozen_greedy_mlp_ppo_seed3,4,PARTITION_HOUR,-0.027992,-0.1,0.149173,0,162,704.9001778130038,470.902681350708,49,0.8429288280253507,2643.4248046875,36.02930541561598,0,2,20,0.0,0.0,0.25,0.15,0.2,0.1,0.3,182,809.6502215137177,297.67465591430664,52,0.801631340613732,2667.8291015625,36.57988564243928,1,3,0,0.0,0.0,0.3,0.15,0.2,0.1,0.25
240,frozen_greedy_mlp_ppo_seed3,0,NOOP,0.141333,-0.043791,0.139127,0,182,809.6502215137177,297.67465591430664,52,0.801631340613732,2667.8291015625,36.57988564243928,1,3,0,0.0,0.0,0.3,0.15,0.2,0.1,0.25,298,1061.8473097488577,320.30773162841797,57,0.742291902240954,2707.880859375,37.03094346023136,1,4,1,0.009250911054123364,0.00046254555270616824,0.35,0.15,0.2,0.05,0.25
241,frozen_greedy_mlp_ppo_seed3,3,COMPACT_128KB,0.548,-0.055,0.195997,0,298,1061.8473097488577,320.30773162841797,57,0.742291902240954,2707.880859375,37.03094346023136,1,4,1,0.009250911054123364,0.00046254555270616824,0.35,0.15,0.2,0.05,0.25,233,916.9408733558079,120.12982368469238,16,2.546184539794922,2607.29296875,33.6478980593976,1,0,2,0.0,0.00046254555270616824,0.3,0.15,0.2,0.1,0.25
242,frozen_greedy_mlp_ppo_seed3,0,NOOP,0.197375,0.0,0.195692,0,233,916.9408733558079,120.12982368469238,16,2.546184539794922,2607.29296875,33.6478980593976,1,0,2,0.0,0.00046254555270616824,0.3,0.15,0.2,0.1,0.25,250,1017.9598398564766,110.382080078125,21,1.9666958763485862,2643.2392578125,73.964191161536,1,1,3,0.0,0.00046254555270616824,0.3,0.15,0.2,0.1,0.25
243,frozen_greedy_mlp_ppo_seed3,0,NOOP,0.19675,0.0,0.194123,0,250,1017.9598398564766,110.382080078125,21,1.9666958763485862,2643.2392578125,73.964191161536,1,1,3,0.0,0.00046254555270616824,0.3,0.15,0.2,0.1,0.25,275,1098.2456574666437,163.87248039245605,26,1.6113827045147235,2681.3408203125,81.45732669704907,1,2,4,0.0,0.00046254555270616824,0.3,0.15,0.15,0.1,0.3
244,frozen_greedy_mlp_ppo_seed3,0,NOOP,0.19625,0.0,0.193071,0,275,1098.2456574666437,163.87248039245605,26,1.6113827045147235,2681.3408203125,81.45732669704907,1,2,4,0.0,0.00046254555270616824,0.3,0.15,0.15,0.1,0.3,229,942.4958306266915,196.43592834472656,30,1.412811279296875,2712.59765625,82.49899292852383,1,3,5,0.0,0.00046254555270616824,0.3,0.1,0.15,0.15,0.3
245,frozen_greedy_mlp_ppo_seed3,0,NOOP,0.195625,0.0,0.192559,0,229,942.4958306266915,196.43592834472656,30,1.412811279296875,2712.59765625,82.49899292852383,1,3,5,0.0,0.00046254555270616824,0.3,0.1,0.15,0.15,0.3,265,1071.6426015056152,197.02792167663574,35,1.2275865827287946,2749.7939453125,81.6893262300699,1,4,6,0.0,0.00046254555270616824,0.3,0.1,0.15,0.15,0.3
246,frozen_greedy_mlp_ppo_seed3,1,COMPACT_32KB,-0.156443,-0.045,0.191638,0,265,1071.6426015056152,197.02792167663574,35,1.2275865827287946,2749.7939453125,81.6893262300699,1,4,6,0.0,0.00046254555270616824,0.3,0.1,0.15,0.15,0.3,226,922.2017200451414,233.09040069580078,37,1.1726742306271114,2776.892578125,26.723073820779167,1,0,7,0.0,0.00046254555270616824,0.3,0.1,0.15,0.1,0.35
247,frozen_greedy_mlp_ppo_seed3,0,NOOP,0.194875,0.0,0.190979,0,226,922.2017200451414,233.09040069580078,37,1.1726742306271114,2776.892578125,26.723073820779167,1,0,7,0.0,0.00046254555270616824,0.3,0.1,0.15,0.1,0.35,231,920.2009905926935,246.03509902954102,41,1.0702402998761433,2808.310546875,32.4067475769221,1,1,8,0.0,0.00046254555270616824,0.25,0.1,0.15,0.15,0.35
248,frozen_greedy_mlp_ppo_seed3,0,NOOP,0.191634,0.0,0.189154,0,231,920.2009905926935,246.03509902954102,41,1.0702402998761433,2808.310546875,32.4067475769221,1,1,8,0.0,0.00046254555270616824,0.25,0.1,0.15,0.15,0.35,240,955.8959165417946,180.20868301391602,45,0.9862928602430555,2840.5234375,35.458674747529614,1,2,9,0.0,0.00046254555270616824,0.2,0.1,0.15,0.15,0.4
249,frozen_greedy_mlp_ppo_seed3,0,NOOP,0.176954,0.0,0.172794,0,240,955.8959165417946,180.20868301391602,45,0.9862928602430555,2840.5234375,35.458674747529614,1,2,9,0.0,0.00046254555270616824,0.2,0.1,0.15,0.15,0.4,216,880.283861213647,269.26612854003906,49,0.9153946857063138,2870.677734375,37.26915843065553,1,3,10,0.0,0.00046254555270616824,0.2,0.1,0.15,0.2,0.35
250,frozen_greedy_mlp_ppo_seed3,0,NOOP,0.161475,0.5175,0.432923,0,216,880.283861213647,269.26612854003906,49,0.9153946857063138,2870.677734375,37.26915843065553,1,3,10,0.0,0.00046254555270616824,0.2,0.1,0.15,0.2,0.35,254,970.1610170108913,295.08185386657715,54,0.8411246405707465,2906.9267578125,38.51687511978147,1,4,11,0.92,0.046462545552706166,0.25,0.1,0.15,0.2,0.3
251,frozen_greedy_mlp_ppo_seed3,3,COMPACT_128KB,0.163625,-0.055,0.194374,0,254,970.1610170108913,295.08185386657715,54,0.8411246405707465,2906.9267578125,38.51687511978147,1,4,11,0.92,0.046462545552706166,0.25,0.1,0.15,0.2,0.3,69,349.1588851796846,126.30987167358398,31,1.4354981453188005,2848.0283203125,9.097219583230785,1,0,12,0.0,0.046462545552706166,0.2,0.1,0.15,0.2,0.35
252,frozen_greedy_mlp_ppo_seed3,0,NOOP,0.196,0.0,0.19237,0,69,349.1588851796846,126.30987167358398,31,1.4354981453188005,2848.0283203125,9.097219583230785,1,0,12,0.0,0.046462545552706166,0.2,0.1,0.15,0.2,0.35,37,179.68165429725943,221.51470184326172,32,1.393566608428955,2854.0244140625,17.62236040315223,1,1,13,0.0,0.046462545552706166,0.2,0.15,0.1,0.2,0.35
253,frozen_greedy_mlp_ppo_seed3,0,NOOP,0.195875,0.0,0.193807,0,37,179.68165429725943,221.51470184326172,32,1.393566608428955,2854.0244140625,17.62236040315223,1,1,13,0.0,0.046462545552706166,0.2,0.15,0.1,0.2,0.35,45,173.6198302102181,144.64807510375977,33,1.3544991233132102,2860.7021484375,22.519893878344178,1,2,14,0.0,0.046462545552706166,0.15,0.15,0.1,0.2,0.4
254,frozen_greedy_mlp_ppo_seed3,0,NOOP,0.19575,0.0,0.192561,0,45,173.6198302102181,144.64807510375977,33,1.3544991233132102,2860.7021484375,22.519893878344178,1,2,14,0.0,0.046462545552706166,0.15,0.15,0.1,0.2,0.4,30,144.37544533188915,201.93886756896973,34,1.3171400182387407,2866.0966796875,26.194440563916178,1,3,15,0.0,0.046462545552706166,0.15,0.15,0.1,0.25,0.35
255,frozen_greedy_mlp_ppo_seed3,0,NOOP,0.195625,0.0,0.192111,0,30,144.37544533188915,201.93886756896973,34,1.3171400182387407,2866.0966796875,26.194440563916178,1,3,15,0.0,0.046462545552706166,0.15,0.15,0.1,0.25,0.35,60,265.67162099249094,219.44093704223633,35,1.2830836704799107,2874.107421875,28.848601214493904,1,4,16,0.0,0.046462545552706166,0.15,0.1,0.1,0.3,0.35
256,frozen_greedy_mlp_ppo_seed3,1,COMPACT_32KB,0.180932,-0.045,0.192438,0,60,265.67162099249094,219.44093704223633,35,1.2830836704799107,2874.107421875,28.848601214493904,1,4,16,0.0,0.046462545552706166,0.15,0.1,0.1,0.3,0.35,61,296.64338219948706,188.10129165649414,38,1.1877144261410362,2888.521484375,26.212634652570102,1,0,17,0.0,0.046462545552706166,0.15,0.15,0.05,0.3,0.35
257,frozen_greedy_mlp_ppo_seed3,0,NOOP,0.195125,0.0,0.192866,0,61,296.64338219948706,188.10129165649414,38,1.1877144261410362,2888.521484375,26.212634652570102,1,0,17,0.0,0.046462545552706166,0.15,0.15,0.05,0.3,0.35,38,193.05833046663403,161.72266006469727,39,1.1597153101211939,2894.6494140625,28.18247623109683,1,1,18,0.0,0.046462545552706166,0.15,0.15,0.05,0.3,0.35
258,frozen_greedy_mlp_ppo_seed3,0,NOOP,0.195,0.0,0.19066,0,38,193.05833046663403,161.72266006469727,39,1.1597153101211939,2894.6494140625,28.18247623109683,1,1,18,0.0,0.046462545552706166,0.15,0.15,0.05,0.3,0.35,71,353.8441422954583,267.0092582702637,40,1.1342086791992188,2903.57421875,29.67286480278633,1,2,19,0.0,0.046462545552706166,0.15,0.15,0.0,0.35,0.35
259,frozen_greedy_mlp_ppo_seed3,0,NOOP,0.194875,0.0,0.191219,0,71,353.8441422954583,267.0092582702637,40,1.1342086791992188,2903.57421875,29.67286480278633,1,2,19,0.0,0.046462545552706166,0.15,0.15,0.0,0.35,0.35,56,234.64614321064613,234.0404987335205,41,1.1094583650914633,2911.21875,31.005496933703455,1,3,20,0.0,0.046462545552706166,0.1,0.15,0.0,0.4,0.35
260,frozen_greedy_mlp_ppo_seed3,5,PARTITION_REGION,0.012932,-0.100116,0.187642,0,56,234.64614321064613,234.0404987335205,41,1.1094583650914633,2911.21875,31.005496933703455,1,3,20,0.0,0.046462545552706166,0.1,0.15,0.0,0.4,0.35,64,318.9861478003677,407.8967571258545,42,1.0861932663690477,2919.6875,32.1093190804398,2,4,0,0.0,0.046,0.05,0.15,0.05,0.4,0.35
261,frozen_greedy_mlp_ppo_seed3,1,COMPACT_32KB,0.563432,0.298002,0.394761,0,64,318.9861478003677,407.8967571258545,42,1.0861932663690477,2919.6875,32.1093190804398,2,4,0,0.0,0.046,0.05,0.15,0.05,0.4,0.35,44,181.63825961317957,121.97184562683105,38,1.1954518368369655,2907.3388671875,26.703266586333083,2,0,1,0.67,0.0795,0.05,0.2,0.05,0.35,0.35
262,frozen_greedy_mlp_ppo_seed3,0,NOOP,0.194875,-0.033872,0.190524,0,44,181.63825961317957,121.97184562683105,38,1.1954518368369655,2907.3388671875,26.703266586333083,2,0,1,0.67,0.0795,0.05,0.2,0.05,0.35,0.35,71,239.06151630507208,268.7852382659912,41,1.1134840802448551,2921.7822265625,31.88912040846415,2,1,2,0.0,0.0795,0.1,0.2,0.05,0.35,0.3
263,frozen_greedy_mlp_ppo_seed3,0,NOOP,0.1945,-0.033874,0.192178,0,71,239.06151630507208,268.7852382659912,41,1.1134840802448551,2921.7822265625,31.88912040846415,2,1,2,0.0,0.0795,0.1,0.2,0.05,0.35,0.3,50,206.05180495962287,171.07629776000977,44,1.0419883728027344,2934.2392578125,35.196404077141786,2,2,3,0.0,0.0795,0.1,0.2,0.05,0.35,0.3
264,frozen_greedy_mlp_ppo_seed3,0,NOOP,0.190121,-0.033866,0.18699,0,50,206.05180495962287,171.07629776000977,44,1.0419883728027344,2934.2392578125,35.196404077141786,2,2,3,0.0,0.0795,0.1,0.2,0.05,0.35,0.3,61,251.41482099462388,215.3308391571045,47,0.9799807934050865,2947.7822265625,37.33644080133921,2,3,4,0.0,0.0795,0.1,0.2,0.05,0.3,0.35
265,frozen_greedy_mlp_ppo_seed3,0,NOOP,0.178715,-0.033874,0.174206,0,61,251.41482099462388,215.3308391571045,47,0.9799807934050865,2947.7822265625,37.33644080133921,2,3,4,0.0,0.0795,0.1,0.2,0.05,0.3,0.35,40,174.5297784934894,287.9757881164551,50,0.9248257446289062,2959.4423828125,38.8314687108542,2,4,5,0.0,0.0795,0.15,0.15,0.05,0.3,0.35
266,frozen_greedy_mlp_ppo_seed3,1,COMPACT_32KB,0.563432,0.298,0.394816,0,40,174.5297784934894,287.9757881164551,50,0.9248257446289062,2959.4423828125,38.8314687108542,2,4,5,0.0,0.0795,0.15,0.15,0.05,0.3,0.35,32,118.97078864023358,119.21882629394531,38,1.204631203099301,2929.6630859375,25.10541946055279,2,0,6,0.67,0.11300000000000002,0.15,0.2,0.05,0.3,0.3
267,frozen_greedy_mlp_ppo_seed3,0,NOOP,0.194875,-0.033875,0.192688,0,32,118.97078864023358,119.21882629394531,38,1.204631203099301,2929.6630859375,25.10541946055279,2,0,6,0.67,0.11300000000000002,0.15,0.2,0.05,0.3,0.3,69,258.9773914786501,160.61806678771973,41,1.1219009771579649,2943.8681640625,30.77372622391422,2,1,7,0.0,0.11300000000000002,0.15,0.2,0.05,0.25,0.35
268,frozen_greedy_mlp_ppo_seed3,0,NOOP,0.1945,-0.033894,0.191926,0,69,258.9773914786501,160.61806678771973,41,1.1219009771579649,2943.8681640625,30.77372622391422,2,1,7,0.0,0.11300000000000002,0.15,0.2,0.05,0.25,0.35,37,165.21340620828127,183.71033668518066,44,1.0493985956365413,2955.1064453125,34.38179852166968,2,2,8,0.0,0.11300000000000002,0.15,0.2,0.05,0.25,0.35
269,frozen_greedy_mlp_ppo_seed3,0,NOOP,0.1916,0.342983,0.391539,0,37,165.21340620828127,183.71033668518066,44,1.0493985956365413,2955.1064453125,34.38179852166968,2,2,8,0.0,0.11300000000000002,0.15,0.2,0.05,0.25,0.35,77,324.5168171043813,111.78302764892578,47,0.9873731897232381,2970.0185546875,36.62216969426679,2,3,9,0.67,0.14650000000000002,0.15,0.25,0.05,0.2,0.35
270,frozen_greedy_mlp_ppo_seed3,0,NOOP,0.180118,-0.045393,0.172034,0,77,324.5168171043813,111.78302764892578,47,0.9873731897232381,2970.0185546875,36.62216969426679,2,3,9,0.67,0.14650000000000002,0.15,0.25,0.05,0.2,0.35,43,188.45052986180335,466.7215347290039,50,0.9318405151367187,2981.8896484375,38.22322458973633,2,4,10,0.0,0.1005,0.1,0.25,0.1,0.2,0.35
271,frozen_greedy_mlp_ppo_seed3,1,COMPACT_32KB,0.563307,0.297973,0.394924,0,43,188.45052986180335,466.7215347290039,50,0.9318405151367187,2981.8896484375,38.22322458973633,2,4,10,0.0,0.1005,0.1,0.25,0.1,0.2,0.35,36,156.13490507507134,108.77537727355957,39,1.1840687287159455,2955.435546875,26.111303560295283,2,0,11,0.67,0.134,0.1,0.3,0.1,0.2,0.3
272,frozen_greedy_mlp_ppo_seed3,0,NOOP,0.19475,-0.033919,0.189592,0,36,156.13490507507134,108.77537727355957,39,1.1840687287159455,2955.435546875,26.111303560295283,2,0,11,0.67,0.134,0.1,0.3,0.1,0.2,0.3,65,266.1968469955066,310.4109764099121,42,1.1046360560825892,2969.26171875,31.243685387597,2,1,12,0.0,0.134,0.15,0.25,0.1,0.2,0.3
273,frozen_greedy_mlp_ppo_seed3,0,NOOP,0.194375,-0.03392,0.190163,0,65,266.1968469955066,310.4109764099121,42,1.1046360560825892,2969.26171875,31.243685387597,2,1,12,0.0,0.134,0.15,0.25,0.1,0.2,0.3,66,215.60547627689186,266.8747901916504,45,1.0358405219184028,2983.220703125,34.45584664083331,2,2,13,0.0,0.134,0.2,0.25,0.1,0.2,0.25
274,frozen_greedy_mlp_ppo_seed3,0,NOOP,0.188957,-0.033906,0.185008,0,66,215.60547627689186,266.8747901916504,45,1.0358405219184028,2983.220703125,34.45584664083331,2,2,13,0.0,0.134,0.2,0.25,0.1,0.2,0.25,38,165.76776597083477,257.4789524078369,48,0.9747867584228516,2994.544921875,36.678697594751796,2,3,14,0.0,0.134,0.2,0.25,0.1,0.2,0.25
275,frozen_greedy_mlp_ppo_seed3,0,NOOP,0.177774,0.342968,0.377803,0,38,165.76776597083477,257.4789524078369,48,0.9747867584228516,2994.544921875,36.678697594751796,2,3,14,0.0,0.134,0.2,0.25,0.1,0.2,0.25,31,135.63208184860346,112.31398582458496,51,0.9207446528416053,3005.310546875,38.207928977476136,2,4,15,0.67,0.1675,0.2,0.3,0.1,0.15,0.25
276,frozen_greedy_mlp_ppo_seed3,1,COMPACT_32KB,0.180807,0.297971,0.395083,0,31,135.63208184860346,112.31398582458496,51,0.9207446528416053,3005.310546875,38.207928977476136,2,4,15,0.67,0.1675,0.2,0.3,0.1,0.15,0.25,73,304.4727506684924,100.82602500915527,39,1.1934744027944713,2978.912109375,24.61232719168631,2,0,16,0.67,0.201,0.2,0.3,0.1,0.15,0.25
277,frozen_greedy_mlp_ppo_seed3,0,NOOP,0.19475,-0.033907,0.189691,0,73,304.4727506684924,100.82602500915527,39,1.1934744027944713,2978.912109375,24.61232719168631,2,0,16,0.67,0.201,0.2,0.3,0.1,0.15,0.25,51,216.9808681892184,305.4475784301758,42,1.1128917875744047,2991.453125,30.260223385248338,2,1,17,0.0,0.201,0.2,0.3,0.1,0.2,0.2
278,frozen_greedy_mlp_ppo_seed3,0,NOOP,0.194375,-0.033927,0.18692,0,51,216.9808681892184,305.4475784301758,42,1.1128917875744047,2991.453125,30.260223385248338,2,1,17,0.0,0.201,0.2,0.3,0.1,0.2,0.2,73,229.55005416671352,428.97677421569824,45,1.0437754313151042,3006.0732421875,33.667870071942964,2,2,18,0.0,0.201,0.2,0.3,0.15,0.15,0.2
279,frozen_greedy_mlp_ppo_seed3,0,NOOP,0.190662,-0.033924,0.182523,0,73,229.55005416671352,428.97677421569824,45,1.0437754313151042,3006.0732421875,33.667870071942964,2,2,18,0.0,0.201,0.2,0.3,0.15,0.15,0.2,74,319.91582662329364,466.95852279663086,48,0.9833119710286459,3020.734375,35.924866164302365,2,3,19,0.0,0.201,0.2,0.3,0.2,0.1,0.2
280,frozen_greedy_mlp_ppo_seed3,0,NOOP,0.179613,-0.033929,0.175634,0,74,319.91582662329364,466.95852279663086,48,0.9833119710286459,3020.734375,35.924866164302365,2,3,19,0.0,0.201,0.2,0.3,0.2,0.1,0.2,74,299.14961601332385,262.73369789123535,51,0.9299415139590993,3035.3291015625,37.46479769433498,2,4,20,0.0,0.201,0.2,0.3,0.15,0.15,0.2
281,frozen_greedy_mlp_ppo_seed3,1,COMPACT_32KB,0.180432,-0.087305,0.187894,0,74,299.14961601332385,262.73369789123535,51,0.9299415139590993,3035.3291015625,37.46479769433498,2,4,20,0.0,0.201,0.2,0.3,0.15,0.15,0.2,61,246.876127986414,395.282506942749,42,1.1219060988653273,3015.68359375,29.228806710853785,2,0,21,0.0,0.1675,0.2,0.25,0.2,0.15,0.2
282,frozen_greedy_mlp_ppo_seed3,6,PARTITION_EVENT_TYPE,0.012557,-0.13393,0.185754,0,61,246.876127986414,395.282506942749,42,1.1219060988653273,3015.68359375,29.228806710853785,2,0,21,0.0,0.1675,0.2,0.25,0.2,0.15,0.2,34,140.6379670136766,487.28227615356445,45,1.0509429931640626,3026.7158203125,33.036636203029,3,1,0,0.0,0.16750000000000004,0.15,0.25,0.25,0.15,0.2
283,frozen_greedy_mlp_ppo_seed3,0,NOOP,0.191848,-0.062222,0.184128,0,34,140.6379670136766,487.28227615356445,45,1.0509429931640626,3026.7158203125,33.036636203029,3,1,0,0.0,0.16750000000000004,0.15,0.25,0.25,0.15,0.2,48,144.82416726312724,445.97601890563965,48,0.9892377853393555,3038.9384765625,35.507260626441024,3,2,1,0.0,0.16750000000000004,0.15,0.25,0.3,0.15,0.15
284,frozen_greedy_mlp_ppo_seed3,0,NOOP,0.180655,-0.060826,0.177511,0,48,144.82416726312724,445.97601890563965,48,0.9892377853393555,3038.9384765625,35.507260626441024,3,2,1,0.0,0.16750000000000004,0.15,0.25,0.3,0.15,0.15,61,242.94211416883954,253.27253341674805,51,0.9351504456763174,3052.3310546875,37.15967005229553,3,3,2,0.0021545950730196195,0.167607729753651,0.15,0.25,0.3,0.2,0.1
285,frozen_greedy_mlp_ppo_seed3,0,NOOP,0.170564,-0.060235,0.167786,0,61,242.94211416883954,253.27253341674805,51,0.9351504456763174,3052.3310546875,37.15967005229553,3,3,2,0.0021545950730196195,0.167607729753651,0.15,0.25,0.3,0.2,0.1,42,174.70685753162184,251.11937522888184,54,0.8865701180917246,3063.986328125,38.34302775332133,3,4,3,0.0029811120605828453,0.16775678535668012,0.1,0.25,0.3,0.25,0.1
286,frozen_greedy_mlp_ppo_seed3,0,NOOP,0.161448,-0.070192,0.159197,0,42,174.70685753162184,251.11937522888184,54,0.8865701180917246,3063.986328125,38.34302775332133,3,4,3,0.0029811120605828453,0.16775678535668012,0.1,0.25,0.3,0.25,0.1,32,129.54216272091404,183.78949165344238,57,0.8428641871402138,3074.7685546875,39.176742950060316,3,5,4,0.0,0.13425678535668012,0.1,0.25,0.3,0.25,0.1
287,frozen_greedy_mlp_ppo_seed3,0,NOOP,0.153302,-0.061662,0.152356,0,32,129.54216272091404,183.78949165344238,57,0.8428641871402138,3074.7685546875,39.176742950060316,3,5,4,0.0,0.13425678535668012,0.1,0.25,0.3,0.25,0.1,52,211.68817449556298,122.28274345397949,60,0.804009755452474,3087.3974609375,39.70251858770521,3,6,5,0.0,0.13425678535668012,0.1,0.3,0.3,0.25,0.05
288,frozen_greedy_mlp_ppo_seed3,0,NOOP,0.145841,-0.06154,0.139849,0,52,211.68817449556298,122.28274345397949,60,0.804009755452474,3087.3974609375,39.70251858770521,3,6,5,0.0,0.13425678535668012,0.1,0.3,0.3,0.25,0.05,41,169.08408755937532,378.3285617828369,63,0.7685793922061012,3098.912109375,40.05708515609715,3,7,6,0.0,0.13425678535668012,0.15,0.3,0.3,0.25,0.0
289,frozen_greedy_mlp_ppo_seed3,0,NOOP,0.139158,-0.069705,0.12966,0,41,169.08408755937532,378.3285617828369,63,0.7685793922061012,3098.912109375,40.05708515609715,3,7,6,0.0,0.13425678535668012,0.15,0.3,0.3,0.25,0.0,71,217.85181175217488,557.3883056640625,66,0.7370408954042377,3113.2607421875,40.21876569153884,3,8,7,0.0,0.10075678535668013,0.15,0.25,0.35,0.25,0.0
290,frozen_greedy_mlp_ppo_seed3,0,NOOP,0.13291,-0.05689,0.130238,0,71,217.85181175217488,557.3883056640625,66,0.7370408954042377,3113.2607421875,40.21876569153884,3,8,7,0.0,0.10075678535668013,0.15,0.25,0.35,0.25,0.0,44,183.05073959493626,334.81788635253906,69,0.7076730037081069,3125.083984375,40.312763443518406,3,9,8,0.007665096409866286,0.10114004017717344,0.15,0.25,0.3,0.3,0.0
291,frozen_greedy_mlp_ppo_seed3,0,NOOP,0.127106,-0.064822,0.125628,0,44,183.05073959493626,334.81788635253906,69,0.7076730037081069,3125.083984375,40.312763443518406,3,9,8,0.007665096409866286,0.10114004017717344,0.15,0.25,0.3,0.3,0.0,32,129.27801504512576,288.21563720703125,72,0.6805324554443359,3135.8935546875,40.33431442514682,3,10,9,0.008284661931070771,0.06805427327372698,0.15,0.2,0.3,0.35,0.0
292,frozen_greedy_mlp_ppo_seed3,0,NOOP,0.121833,-0.060938,0.11873,0,32,129.27801504512576,288.21563720703125,72,0.6805324554443359,3135.8935546875,40.33431442514682,3,10,9,0.008284661931070771,0.06805427327372698,0.15,0.2,0.3,0.35,0.0,58,225.97990915086714,248.85797500610352,75,0.6560382080078125,3148.9833984375,40.25883743585806,3,11,10,0.0,0.06805427327372698,0.1,0.25,0.3,0.35,0.0
293,frozen_greedy_mlp_ppo_seed3,0,NOOP,0.116996,-0.060724,0.102648,0,58,225.97990915086714,248.85797500610352,75,0.6560382080078125,3148.9833984375,40.25883743585806,3,11,10,0.0,0.06805427327372698,0.1,0.25,0.3,0.35,0.0,74,305.1839598199054,814.8651123046875,78,0.6337282229692508,3163.5712890625,40.11752963054058,3,12,11,0.0,0.06805427327372698,0.05,0.25,0.35,0.35,0.0
294,frozen_greedy_mlp_ppo_seed3,0,NOOP,0.112434,-0.060556,0.108854,0,74,305.1839598199054,814.8651123046875,78,0.6337282229692508,3163.5712890625,40.11752963054058,3,12,11,0.0,0.06805427327372698,0.05,0.25,0.35,0.35,0.0,58,236.5662896174013,280.2085876464844,81,0.6127925919897762,3176.716796875,39.9546534675856,3,13,12,0.0,0.06805427327372698,0.05,0.25,0.35,0.3,0.05
295,frozen_greedy_mlp_ppo_seed3,0,NOOP,0.108238,-0.061154,0.108353,0,58,236.5662896174013,280.2085876464844,81,0.6127925919897762,3176.716796875,39.9546534675856,3,13,12,0.0,0.06805427327372698,0.05,0.25,0.35,0.3,0.05,78,311.32217738060007,300.66394805908203,84,0.5936891464960008,3191.6728515625,39.74468450306307,3,14,13,0.013428372538213884,0.035225691900637665,0.05,0.2,0.35,0.35,0.05
296,frozen_greedy_mlp_ppo_seed3,0,NOOP,0.104189,-0.068585,0.100376,0,78,311.32217738060007,300.66394805908203,84,0.5936891464960008,3191.6728515625,39.74468450306307,3,14,13,0.013428372538213884,0.035225691900637665,0.05,0.2,0.35,0.35,0.05,43,174.02172532839828,299.4375228881836,87,0.5753222936871408,3203.39453125,39.54400095992432,3,15,14,0.0,0.0017256919006376705,0.05,0.2,0.35,0.35,0.05
297,frozen_greedy_mlp_ppo_seed3,0,NOOP,0.100406,-0.060073,0.087924,0,43,174.02172532839828,299.4375228881836,87,0.5753222936871408,3203.39453125,39.54400095992432,3,15,14,0.0,0.0017256919006376705,0.05,0.2,0.35,0.35,0.05,48,196.29783408637525,736.6299629211426,90,0.5582812839084201,3215.7001953125,39.31842451927306,3,16,15,0.0,0.0017256919006376705,0.05,0.2,0.4,0.3,0.05
298,frozen_greedy_mlp_ppo_seed3,0,NOOP,0.096904,-0.059878,0.092454,0,48,196.29783408637525,736.6299629211426,90,0.5582812839084201,3215.7001953125,39.31842451927306,3,16,15,0.0,0.0017256919006376705,0.05,0.2,0.4,0.3,0.05,69,214.17025162547898,338.7329578399658,93,0.5426433932396674,3229.8134765625,39.064008094179705,3,17,16,0.0,0.0017256919006376705,0.05,0.25,0.35,0.3,0.05
299,frozen_greedy_mlp_ppo_seed3,0,NOOP,0.093625,-0.059659,0.087212,0,69,214.17025162547898,338.7329578399658,93,0.5426433932396674,3229.8134765625,39.064008094179705,3,17,16,0.0,0.0017256919006376705,0.05,0.25,0.35,0.3,0.05,78,307.2652061453847,440.673828125,96,0.5281270345052084,3244.8125,38.79376588469121,3,18,17,0.0,0.0017256919006376705,0.1,0.25,0.3,0.3,0.05
300,frozen_greedy_mlp_ppo_seed3,0,NOOP,0.090447,-0.059513,0.08616,0,78,307.2652061453847,440.673828125,96,0.5281270345052084,3244.8125,38.79376588469121,3,18,17,0.0,0.0017256919006376705,0.1,0.25,0.3,0.3,0.05,52,212.0992774552421,338.1080627441406,99,0.5141102183948864,3257.40234375,38.53490658058884,3,19,18,0.0,0.0017256919006376705,0.1,0.25,0.3,0.25,0.1
301,frozen_greedy_mlp_ppo_seed3,0,NOOP,0.087392,-0.059411,0.079333,0,52,212.0992774552421,338.1080627441406,99,0.5141102183948864,3257.40234375,38.53490658058884,3,19,18,0.0,0.0017256919006376705,0.1,0.25,0.3,0.25,0.1,37,152.97991210931724,530.4543972015381,102,0.5007102816712623,3268.63671875,38.28025255505191,3,20,19,0.0,0.0017256919006376705,0.1,0.25,0.25,0.25,0.15
302,frozen_greedy_mlp_ppo_seed3,0,NOOP,0.084555,-0.05924,0.080159,0,37,152.97991210931724,530.4543972015381,102,0.5007102816712623,3268.63671875,38.28025255505191,3,20,19,0.0,0.0017256919006376705,0.1,0.25,0.25,0.25,0.15,62,213.50403573085276,351.04990005493164,105,0.4884005591982887,3282.0517578125,38.00678622425954,3,21,20,0.0,0.0017256919006376705,0.1,0.25,0.2,0.25,0.2
303,frozen_greedy_mlp_ppo_seed3,0,NOOP,0.0819,-0.059025,0.07442,0,62,213.50403573085276,351.04990005493164,105,0.4884005591982887,3282.0517578125,38.00678622425954,3,21,20,0.0,0.0017256919006376705,0.1,0.25,0.2,0.25,0.2,78,308.69075698917834,509.0057849884033,108,0.4770014727557147,3297.0341796875,37.72180731723916,3,22,21,0.0,0.0017256919006376705,0.15,0.25,0.15,0.25,0.2
304,frozen_greedy_mlp_ppo_seed3,0,NOOP,0.079327,-0.058883,0.072012,0,78,308.69075698917834,509.0057849884033,108,0.4770014727557147,3297.0341796875,37.72180731723916,3,22,21,0.0,0.0017256919006376705,0.15,0.25,0.15,0.25,0.2,62,247.34164949061554,504.5185089111328,111,0.46601235329567847,3310.5517578125,37.44562255598305,3,23,22,0.0,0.0016179621469866894,0.2,0.25,0.15,0.2,0.2
305,frozen_greedy_mlp_ppo_seed3,0,NOOP,0.076848,-0.045076,0.08043,0,62,247.34164949061554,504.5185089111328,111,0.46601235329567847,3310.5517578125,37.44562255598305,3,23,22,0.0,0.0016179621469866894,0.2,0.25,0.15,0.2,0.2,52,208.2408945131726,328.014612197876,114,0.45548797072025765,3323.240234375,37.17392328244718,3,24,23,0.02430943008728393,0.0026843780483217436,0.2,0.25,0.15,0.2,0.2
306,frozen_greedy_mlp_ppo_seed3,0,NOOP,0.074442,-0.058606,0.070054,0,52,208.2408945131726,328.014612197876,114,0.45548797072025765,3323.240234375,37.17392328244718,3,24,23,0.02430943008728393,0.0026843780483217436,0.2,0.25,0.15,0.2,0.2,39,161.3077717284653,365.65613746643066,117,0.4453362358940972,3334.677734375,36.91003139689733,3,25,24,0.0,0.0026843780483217436,0.2,0.2,0.15,0.2,0.25
307,frozen_greedy_mlp_ppo_seed3,0,NOOP,0.072174,-0.043824,0.075793,0,39,161.3077717284653,365.65613746643066,117,0.4453362358940972,3334.677734375,36.91003139689733,3,25,24,0.0,0.0026843780483217436,0.2,0.2,0.15,0.2,0.25,54,157.94218913112152,359.3475818634033,120,0.4358709971110026,3347.4892578125,36.639599030491475,3,26,25,0.026017751984296324,0.003985265647536559,0.2,0.15,0.15,0.25,0.25
308,frozen_greedy_mlp_ppo_seed3,0,NOOP,0.070057,-0.058246,0.06163,0,54,157.94218913112152,359.3475818634033,120,0.4358709971110026,3347.4892578125,36.639599030491475,3,26,25,0.026017751984296324,0.003985265647536559,0.2,0.15,0.15,0.25,0.25,79,320.7681940465968,575.1135349273682,123,0.4271595032234502,3362.599609375,36.36017179670452,3,27,26,0.0,0.003985265647536559,0.2,0.15,0.15,0.25,0.25
309,frozen_greedy_mlp_ppo_seed3,1,COMPACT_32KB,0.173658,0.25416,0.38788,0,79,320.7681940465968,575.1135349273682,123,0.4271595032234502,3362.599609375,36.36017179670452,3,27,26,0.0,0.003985265647536559,0.2,0.15,0.15,0.25,0.25,54,212.55397644091084,118.60489845275879,51,0.9717580757889093,3171.818359375,33.776582629155094,3,0,27,0.67,0.037485265647536556,0.2,0.15,0.1,0.3,0.25
310,frozen_greedy_mlp_ppo_seed3,5,PARTITION_REGION,-0.004374,-0.177818,0.17277,0,54,212.55397644091084,118.60489845275879,51,0.9717580757889093,3171.818359375,33.776582629155094,3,0,27,0.67,0.037485265647536556,0.2,0.15,0.1,0.3,0.25,35,142.03631585720188,301.1956214904785,54,0.920969080041956,3182.869140625,35.48703569051775,2,1,0,0.0,0.037102010827043244,0.25,0.15,0.1,0.25,0.25
311,frozen_greedy_mlp_ppo_seed3,0,NOOP,0.168054,-0.077677,0.165372,0,35,142.03631585720188,301.1956214904785,54,0.920969080041956,3182.869140625,35.48703569051775,2,1,0,0.0,0.037102010827043244,0.25,0.15,0.1,0.25,0.25,49,201.99070445818433,205.3065299987793,57,0.8758925053111294,3195.255859375,36.66541455498157,2,2,1,0.0,0.03668777773048971,0.25,0.15,0.1,0.25,0.25
312,frozen_greedy_mlp_ppo_seed3,0,NOOP,0.159689,-0.077347,0.157446,0,49,201.99070445818433,205.3065299987793,57,0.8758925053111294,3195.255859375,36.66541455498157,2,2,1,0.0,0.03668777773048971,0.25,0.15,0.1,0.25,0.25,75,314.1599937681886,187.13092803955078,60,0.8359441121419271,3210.025390625,37.447985337415645,2,3,2,0.0,0.03668777773048971,0.25,0.1,0.1,0.3,0.25
313,frozen_greedy_mlp_ppo_seed3,0,NOOP,0.151965,-0.075363,0.150071,0,75,314.1599937681886,187.13092803955078,60,0.8359441121419271,3210.025390625,37.447985337415645,2,3,2,0.0,0.03668777773048971,0.25,0.1,0.1,0.3,0.25,49,193.86678791148876,222.40257263183594,63,0.7991984533885169,3222.3681640625,38.03848727257513,2,4,3,0.003265806378902288,0.036851068049434825,0.25,0.15,0.05,0.3,0.25
314,frozen_greedy_mlp_ppo_seed3,0,NOOP,0.144913,-0.077054,0.143322,0,49,193.86678791148876,222.40257263183594,63,0.7991984533885169,3222.3681640625,38.03848727257513,2,4,3,0.003265806378902288,0.036851068049434825,0.25,0.15,0.05,0.3,0.25,49,154.61057218150262,162.05072402954102,66,0.7658134229255446,3234.7958984375,38.438353372512935,2,5,4,0.0,0.036851068049434825,0.25,0.15,0.05,0.35,0.2
315,frozen_greedy_mlp_ppo_seed3,0,NOOP,0.138452,-0.077067,0.136715,0,49,154.61057218150262,162.05072402954102,66,0.7658134229255446,3234.7958984375,38.438353372512935,2,5,4,0.0,0.036851068049434825,0.25,0.15,0.05,0.35,0.2,52,206.1903365447792,173.09069633483887,69,0.7353842914968297,3247.45703125,38.69106297208382,2,6,5,0.0,0.03617964942252413,0.25,0.15,0.05,0.35,0.2
316,frozen_greedy_mlp_ppo_seed3,0,NOOP,0.132558,-0.076703,0.130279,0,52,206.1903365447792,173.09069633483887,69,0.7353842914968297,3247.45703125,38.69106297208382,2,6,5,0.0,0.03617964942252413,0.25,0.15,0.05,0.35,0.2,66,271.6939390429903,203.98354530334473,72,0.7077916463216146,3261.50390625,38.81365590103472,2,7,6,0.0,0.03617964942252413,0.25,0.1,0.05,0.4,0.2
317,frozen_greedy_mlp_ppo_seed3,0,NOOP,0.127064,-0.076537,0.115684,0,66,271.6939390429903,203.98354530334473,72,0.7077916463216146,3261.50390625,38.81365590103472,2,7,6,0.0,0.03617964942252413,0.25,0.1,0.05,0.4,0.2,56,221.27775286487872,662.7752780914307,75,0.6821954345703125,3274.5380859375,38.8678806707068,2,8,7,0.0,0.03617964942252413,0.25,0.1,0.05,0.4,0.2
318,frozen_greedy_mlp_ppo_seed3,0,NOOP,0.121877,-0.076439,0.119617,0,56,221.27775286487872,662.7752780914307,75,0.6821954345703125,3274.5380859375,38.8678806707068,2,8,7,0.0,0.03617964942252413,0.25,0.1,0.05,0.4,0.2,33,135.66747890181625,210.50405502319336,78,0.6581373948317307,3285.421875,38.883093877888754,2,9,8,0.0,0.03617964942252413,0.25,0.05,0.05,0.45,0.2
319,frozen_greedy_mlp_ppo_seed3,0,NOOP,0.117076,-0.076319,0.114877,0,33,135.66747890181625,210.50405502319336,78,0.6581373948317307,3285.421875,38.883093877888754,2,9,8,0.0,0.03617964942252413,0.25,0.05,0.05,0.45,0.2,41,168.1167583505312,211.21740341186523,81,0.6360074266975309,3297.0625,38.83318642416957,2,10,9,0.0,0.03617964942252413,0.2,0.05,0.05,0.5,0.2
320,frozen_greedy_mlp_ppo_seed3,0,NOOP,0.112617,-0.076178,0.10863,0,41,168.1167583505312,211.21740341186523,81,0.6360074266975309,3297.0625,38.83318642416957,2,10,9,0.0,0.03617964942252413,0.2,0.05,0.05,0.5,0.2,48,195.67149025999586,304.3532371520996,84,0.6155858721051898,3309.3896484375,38.73234510566126,2,11,10,0.0,0.03617964942252413,0.2,0.05,0.05,0.55,0.15
321,frozen_greedy_mlp_ppo_seed3,0,NOOP,0.108481,-0.075999,0.105787,0,48,195.67149025999586,304.3532371520996,84,0.6155858721051898,3309.3896484375,38.73234510566126,2,11,10,0.0,0.03617964942252413,0.2,0.05,0.05,0.55,0.15,61,178.79058404576324,243.4368133544922,87,0.5967807112068966,3322.875,38.586276175488095,2,12,11,0.0,0.03617964942252413,0.2,0.05,0.05,0.6,0.1
322,frozen_greedy_mlp_ppo_seed3,0,NOOP,0.104573,-0.075842,0.092366,0,61,178.79058404576324,243.4368133544922,87,0.5967807112068966,3322.875,38.586276175488095,2,12,11,0.0,0.03617964942252413,0.2,0.05,0.05,0.6,0.1,54,209.81175226006783,722.8360176086426,90,0.5791135999891494,3335.6943359375,38.42152131108706,2,13,12,0.0,0.03617964942252413,0.2,0.05,0.1,0.6,0.05
323,frozen_greedy_mlp_ppo_seed3,0,NOOP,0.100833,-0.07574,0.095829,0,54,209.81175226006783,722.8360176086426,90,0.5791135999891494,3335.6943359375,38.42152131108706,2,13,12,0.0,0.03617964942252413,0.2,0.05,0.1,0.6,0.05,35,138.07693899433775,366.4586544036865,93,0.5622922835811492,3346.763671875,38.25213405519242,2,14,13,0.0,0.03617964942252413,0.15,0.05,0.1,0.65,0.05
324,frozen_greedy_mlp_ppo_seed3,0,NOOP,0.097437,-0.075509,0.091927,0,35,138.07693899433775,366.4586544036865,93,0.5622922835811492,3346.763671875,38.25213405519242,2,14,13,0.0,0.03617964942252413,0.15,0.05,0.1,0.65,0.05,80,280.7235100612072,395.48516273498535,96,0.547184944152832,3361.904296875,38.03082840722979,2,15,14,0.0,0.03617964942252413,0.1,0.05,0.1,0.7,0.05
325,frozen_greedy_mlp_ppo_seed3,0,NOOP,0.094096,-0.075712,0.087842,0,80,280.7235100612072,395.48516273498535,96,0.547184944152832,3361.904296875,38.03082840722979,2,15,14,0.0,0.03617964942252413,0.1,0.05,0.1,0.7,0.05,35,120.55873969034278,436.40923500061035,99,0.5323534108171559,3372.9912109375,37.8312071973242,2,16,15,0.0,0.034964177918159936,0.1,0.05,0.1,0.7,0.05
326,frozen_greedy_mlp_ppo_seed3,0,NOOP,0.09102,-0.075216,0.085791,0,35,120.55873969034278,436.40923500061035,99,0.5323534108171559,3372.9912109375,37.8312071973242,2,16,15,0.0,0.034964177918159936,0.1,0.05,0.1,0.7,0.05,67,227.91303536800683,388.93842697143555,102,0.5188478956035539,3387.0390625,37.59793657667096,2,17,16,0.0,0.034964177918159936,0.1,0.05,0.1,0.75,0.0
327,frozen_greedy_mlp_ppo_seed3,0,NOOP,0.08803,-0.066137,0.089741,0,67,227.91303536800683,388.93842697143555,102,0.5188478956035539,3387.0390625,37.59793657667096,2,17,16,0.0,0.034964177918159936,0.1,0.05,0.1,0.75,0.0,42,166.74785176771263,293.22028160095215,105,0.5057727632068453,3398.79296875,37.374680164308096,2,18,17,0.016504377122973684,0.0344885091750938,0.1,0.1,0.1,0.7,0.0
328,frozen_greedy_mlp_ppo_seed3,1,COMPACT_32KB,0.561932,-0.096802,0.190668,0,42,166.74785176771263,293.22028160095215,105,0.5057727632068453,3398.79296875,37.374680164308096,2,18,17,0.016504377122973684,0.0344885091750938,0.1,0.1,0.1,0.7,0.0,41,166.41164334513925,216.59278869628906,50,1.0157809448242188,3250.4990234375,32.19009560631244,2,0,18,0.0,0.0344885091750938,0.05,0.1,0.1,0.75,0.0
329,frozen_greedy_mlp_ppo_seed3,0,NOOP,0.185904,-0.060189,0.180054,0,41,166.41164334513925,216.59278869628906,50,1.0157809448242188,3250.4990234375,32.19009560631244,2,0,18,0.0,0.0344885091750938,0.05,0.1,0.1,0.75,0.0,76,297.95968529667715,358.7493896484375,53,0.9626459085716391,3265.294921875,34.247963270730445,2,1,19,0.0,0.0009885091750937987,0.05,0.1,0.1,0.75,0.0
330,frozen_greedy_mlp_ppo_seed3,0,NOOP,0.175865,-0.051818,0.172852,0,76,297.95968529667715,358.7493896484375,53,0.9626459085716391,3265.294921875,34.247963270730445,2,1,19,0.0,0.0009885091750937987,0.05,0.1,0.1,0.75,0.0,41,162.98562982536285,220.68166732788086,56,0.9143265315464565,3276.9462890625,35.790854070661815,2,2,20,0.0,0.0009885091750937987,0.0,0.1,0.1,0.75,0.05
331,frozen_greedy_mlp_ppo_seed3,6,PARTITION_EVENT_TYPE,-0.014938,-0.151835,0.162618,0,41,162.98562982536285,220.68166732788086,56,0.9143265315464565,3276.9462890625,35.790854070661815,2,2,20,0.0,0.0009885091750937987,0.0,0.1,0.1,0.75,0.05,56,222.6693893493054,286.8802547454834,59,0.8712758209745762,3289.9375,36.863705156514655,3,3,0,0.0,0.0009885091750937987,0.0,0.1,0.1,0.75,0.05
332,frozen_greedy_mlp_ppo_seed3,0,NOOP,0.158615,-0.059507,0.153418,0,56,222.6693893493054,286.8802547454834,59,0.8712758209745762,3289.9375,36.863705156514655,3,3,0,0.0,0.0009885091750937987,0.0,0.1,0.1,0.75,0.05,32,120.48334910241887,337.36419677734375,62,0.8318242719096522,3300.6787109375,37.677427429906764,3,4,1,0.0,0.0009885091750937987,0.05,0.1,0.1,0.7,0.05
333,frozen_greedy_mlp_ppo_seed3,0,NOOP,0.1511,-0.058748,0.148261,0,32,120.48334910241887,337.36419677734375,62,0.8318242719096522,3300.6787109375,37.677427429906764,3,4,1,0.0,0.0009885091750937987,0.05,0.1,0.1,0.7,0.05,36,144.46111234954253,241.92023277282715,65,0.7961230938251201,3311.8720703125,38.24449318061761,3,5,2,0.0012484586085002604,0.0008876417865736972,0.05,0.05,0.1,0.75,0.05
334,frozen_greedy_mlp_ppo_seed3,0,NOOP,0.144252,-0.059288,0.131631,0,36,144.46111234954253,241.92023277282715,65,0.7961230938251201,3311.8720703125,38.24449318061761,3,5,2,0.0012484586085002604,0.0008876417865736972,0.05,0.05,0.1,0.75,0.05,45,175.79857605370907,716.0346508026123,68,0.7637580422794118,3323.875,38.62053589460485,3,6,3,0.0,0.0008876417865736972,0.05,0.05,0.15,0.7,0.05
335,frozen_greedy_mlp_ppo_seed3,0,NOOP,0.138016,-0.057321,0.134814,0,45,175.79857605370907,716.0346508026123,68,0.7637580422794118,3323.875,38.62053589460485,3,6,3,0.0,0.0008876417865736972,0.05,0.05,0.15,0.7,0.05,62,239.31477014736373,296.93055152893066,71,0.7344573114959287,3337.3740234375,38.84084540378246,3,7,4,0.0032035519125683063,0.0010478193822021126,0.05,0.05,0.15,0.7,0.05
336,frozen_greedy_mlp_ppo_seed3,0,NOOP,0.132253,-0.056535,0.130011,0,62,239.31477014736373,296.93055152893066,71,0.7344573114959287,3337.3740234375,38.84084540378246,3,7,4,0.0032035519125683063,0.0010478193822021126,0.05,0.05,0.15,0.7,0.05,61,240.06356343301087,269.3157196044922,74,0.7075152010531038,3350.7919921875,38.96212680942435,3,8,5,0.0043130301955756805,0.0012634708919808965,0.05,0.05,0.15,0.7,0.05
337,frozen_greedy_mlp_ppo_seed3,0,NOOP,0.126799,-0.056136,0.125086,0,61,240.06356343301087,269.3157196044922,74,0.7075152010531038,3350.7919921875,38.96212680942435,3,8,5,0.0043130301955756805,0.0012634708919808965,0.05,0.05,0.15,0.7,0.05,31,118.87106001998502,255.01513481140137,77,0.6821178089488636,3361.4765625,39.04068158642369,3,9,6,0.0048754496893055705,0.0015072433764461751,0.05,0.05,0.1,0.75,0.05
338,frozen_greedy_mlp_ppo_seed3,0,NOOP,0.121744,-0.058783,0.116222,0,31,118.87106001998502,255.01513481140137,77,0.6821178089488636,3361.4765625,39.04068158642369,3,9,6,0.0048754496893055705,0.0015072433764461751,0.05,0.05,0.1,0.75,0.05,36,137.2979620117462,376.13534927368164,80,0.6587215423583984,3372.654296875,39.0461218758303,3,10,7,0.0,0.0015072433764461751,0.1,0.05,0.1,0.7,0.05
339,frozen_greedy_mlp_ppo_seed3,0,NOOP,0.117073,-0.058654,0.1137,0,36,137.2979620117462,376.13534927368164,80,0.6587215423583984,3372.654296875,39.0461218758303,3,10,7,0.0,0.0015072433764461751,0.1,0.05,0.1,0.7,0.05,49,198.98118052099693,272.40657806396484,83,0.6372392033956137,3385.0146484375,38.98572422950335,3,11,8,0.0,0.0015072433764461751,0.1,0.05,0.1,0.65,0.1
340,frozen_greedy_mlp_ppo_seed3,0,NOOP,0.112684,-0.054473,0.106944,0,49,198.98118052099693,272.40657806396484,83,0.6372392033956137,3385.0146484375,38.98572422950335,3,11,8,0.0,0.0015072433764461751,0.1,0.05,0.1,0.65,0.1,45,177.29036766791722,502.87818908691406,86,0.61717011207758,3396.904296875,38.890580374960145,3,12,9,0.007223670631687579,0.0018684269080305542,0.1,0.05,0.1,0.65,0.1
341,frozen_greedy_mlp_ppo_seed3,0,NOOP,0.108681,-0.058328,0.105018,0,45,177.29036766791722,502.87818908691406,86,0.61717011207758,3396.904296875,38.890580374960145,3,12,9,0.007223670631687579,0.0018684269080305542,0.1,0.05,0.1,0.65,0.1,80,321.2376787396509,294.4042682647705,89,0.5990297124626931,3412.0732421875,38.73143733570909,3,13,10,0.0,0.0018684269080305542,0.1,0.05,0.1,0.6,0.15
342,frozen_greedy_mlp_ppo_seed3,0,NOOP,0.104914,-0.052443,0.1045,0,80,321.2376787396509,294.4042682647705,89,0.5990297124626931,3412.0732421875,38.73143733570909,3,13,10,0.0,0.0018684269080305542,0.1,0.05,0.1,0.6,0.15,80,310.19000904100625,287.0357036590576,92,0.5820675725522249,3427.2138671875,38.54997886600329,3,14,11,0.010091125412362772,0.002372983178648693,0.1,0.05,0.05,0.65,0.15
343,frozen_greedy_mlp_ppo_seed3,0,NOOP,0.101299,-0.0517,0.100451,0,80,310.19000904100625,287.0357036590576,92,0.5820675725522249,3427.2138671875,38.54997886600329,3,14,11,0.010091125412362772,0.002372983178648693,0.1,0.05,0.05,0.65,0.15,59,234.05094447407944,328.25469970703125,95,0.5658684981496711,3440.48046875,38.36730643495978,3,15,12,0.011142247779487595,0.002930095567623073,0.1,0.05,0.05,0.65,0.15
344,frozen_greedy_mlp_ppo_seed3,0,NOOP,0.097819,-0.057872,0.091487,0,59,234.05094447407944,328.25469970703125,95,0.5658684981496711,3440.48046875,38.36730643495978,3,15,12,0.011142247779487595,0.002930095567623073,0.1,0.05,0.05,0.65,0.15,37,143.55683746057002,439.068078994751,98,0.5503427933673469,3451.75,38.18554458596177,3,16,13,0.0,0.002930095567623073,0.15,0.05,0.05,0.6,0.15
345,frozen_greedy_mlp_ppo_seed3,0,NOOP,0.094621,-0.057687,0.084535,0,37,143.55683746057002,439.068078994751,98,0.5503427933673469,3451.75,38.18554458596177,3,16,13,0.0,0.002930095567623073,0.15,0.05,0.05,0.6,0.15,72,280.7147944438919,630.5742263793945,101,0.5362319190903465,3466.203125,37.96538965813358,3,17,14,0.0,0.002930095567623072,0.2,0.05,0.05,0.55,0.15
346,frozen_greedy_mlp_ppo_seed3,0,NOOP,0.091598,-0.057492,0.084292,0,72,280.7147944438919,630.5742263793945,101,0.5362319190903465,3466.203125,37.96538965813358,3,17,14,0.0,0.002930095567623072,0.2,0.05,0.05,0.55,0.15,77,302.4257896082322,495.3012466430664,104,0.5229903001051682,3481.0234375,37.73482786738887,3,18,15,0.0,0.0029300955676230724,0.25,0.05,0.05,0.5,0.15
347,frozen_greedy_mlp_ppo_seed3,0,NOOP,0.088679,-0.048845,0.089144,0,77,302.4257896082322,495.3012466430664,104,0.5229903001051682,3481.0234375,37.73482786738887,3,18,15,0.0,0.0029300955676230724,0.25,0.05,0.05,0.5,0.15,59,237.0085412129327,342.56744384765625,107,0.5102697354610836,3494.3271484375,37.507757949620085,3,19,16,0.01547149063991847,0.0028784512434703114,0.25,0.0,0.05,0.55,0.15
348,frozen_greedy_mlp_ppo_seed3,0,NOOP,0.085942,-0.047697,0.086645,0,59,237.0085412129327,342.56744384765625,107,0.5102697354610836,3494.3271484375,37.507757949620085,3,19,16,0.01547149063991847,0.0028784512434703114,0.25,0.0,0.05,0.55,0.15,76,244.77729264348363,354.3739318847656,110,0.49845775257457386,3509.142578125,37.2659466412445,3,20,17,0.01680290134361116,0.00371859631065087,0.25,0.0,0.05,0.55,0.15
349,frozen_greedy_mlp_ppo_seed3,0,NOOP,0.083226,-0.047266,0.085245,0,76,244.77729264348363,354.3739318847656,110,0.49845775257457386,3509.142578125,37.2659466412445,3,20,17,0.01680290134361116,0.00371859631065087,0.25,0.0,0.05,0.55,0.15,35,91.80582776851524,301.5105724334717,113,0.48675294049018253,3520.197265625,37.045041285831395,3,21,18,0.017414231088055194,0.0045893078650536285,0.25,0.0,0.05,0.55,0.15
350,frozen_greedy_mlp_ppo_seed3,0,NOOP,0.080668,-0.046651,0.082856,0,35,91.80582776851524,301.5105724334717,113,0.48675294049018253,3520.197265625,37.045041285831395,3,21,18,0.017414231088055194,0.0045893078650536285,0.25,0.0,0.05,0.55,0.15,50,194.63272117101565,309.8733425140381,116,0.4758409960516568,3532.6435546875,36.811700982879394,3,22,19,0.01828557694875424,0.0055035867124913415,0.25,0.0,0.05,0.6,0.1
351,frozen_greedy_mlp_ppo_seed3,0,NOOP,0.07826,-0.05677,0.070524,0,50,194.63272117101565,309.8733425140381,116,0.4758409960516568,3532.6435546875,36.811700982879394,3,22,19,0.01828557694875424,0.0055035867124913415,0.25,0.0,0.05,0.6,0.1,67,246.23518567197658,535.5427265167236,119,0.4656746487657563,3546.578125,36.56791365403424,3,23,20,0.0,0.005503586712491341,0.3,0.0,0.05,0.55,0.1
352,frozen_greedy_mlp_ppo_seed3,0,NOOP,0.076011,-0.044719,0.079168,0,67,246.23518567197658,535.5427265167236,119,0.4656746487657563,3546.578125,36.56791365403424,3,23,20,0.0,0.005503586712491341,0.3,0.0,0.05,0.55,0.1,91,359.97482224387227,310.00399589538574,122,0.45630658259157275,3562.841796875,36.311901672872715,3,24,21,0.02102380002659221,0.00655477671382095,0.25,0.0,0.05,0.6,0.1
353,frozen_greedy_mlp_ppo_seed3,0,NOOP,0.073856,-0.043604,0.077431,0,91,359.97482224387227,310.00399589538574,122,0.45630658259157275,3562.841796875,36.311901672872715,3,24,21,0.02102380002659221,0.00655477671382095,0.25,0.0,0.05,0.6,0.1,93,357.50152552330167,316.90049171447754,125,0.44740625,3579.25,36.05581581757902,3,25,22,0.02262480768210515,0.007623594167501196,0.25,0.0,0.05,0.6,0.1
354,frozen_greedy_mlp_ppo_seed3,1,COMPACT_32KB,0.171762,0.255435,0.384206,0,93,357.50152552330167,316.90049171447754,125,0.44740625,3579.25,36.05581581757902,3,25,22,0.02262480768210515,0.007623594167501196,0.25,0.0,0.05,0.6,0.1,99,297.5007637481838,212.4803066253662,55,0.9647774436257103,3396.0166015625,32.86670706203452,3,0,23,0.67,0.0411235941675012,0.25,0.0,0.0,0.65,0.1
355,frozen_greedy_mlp_ppo_seed3,6,PARTITION_EVENT_TYPE,-0.278088,0.050387,0.376561,0,99,297.5007637481838,212.4803066253662,55,0.9647774436257103,3396.0166015625,32.86670706203452,3,0,23,0.67,0.0411235941675012,0.25,0.0,0.0,0.65,0.1,62,233.04507982596462,117.29836463928223,58,0.918536482186153,3409.607421875,34.45078981526754,3,1,24,0.67,0.07446341657187279,0.25,0.0,0.0,0.65,0.1
356,frozen_greedy_mlp_ppo_seed3,6,PARTITION_EVENT_TYPE,-0.286858,0.050362,0.367574,0,62,233.04507982596462,117.29836463928223,58,0.918536482186153,3409.607421875,34.45078981526754,3,1,24,0.67,0.07446341657187279,0.25,0.0,0.0,0.65,0.1,51,208.95742205472507,131.90364837646484,61,0.8765603987897028,3422.091796875,35.62935415681228,3,2,25,0.67,0.107747765062094,0.25,0.0,0.0,0.65,0.1
357,frozen_greedy_mlp_ppo_seed3,0,NOOP,0.159723,0.30035,0.359583,0,51,208.95742205472507,131.90364837646484,61,0.8765603987897028,3422.091796875,35.62935415681228,3,2,25,0.67,0.107747765062094,0.25,0.0,0.0,0.65,0.1,55,218.2115648382001,136.97218894958496,64,0.8386144638061523,3434.96484375,36.48142254436048,3,3,26,0.67,0.14100399257762872,0.25,0.0,0.0,0.65,0.1
358,frozen_greedy_mlp_ppo_seed3,0,NOOP,0.152518,0.300397,0.351907,0,55,218.2115648382001,136.97218894958496,64,0.8386144638061523,3434.96484375,36.48142254436048,3,3,26,0.67,0.14100399257762872,0.25,0.0,0.0,0.65,0.1,73,292.79217089541464,164.31927680969238,67,0.8044665891732743,3449.552734375,37.067231099803934,3,4,27,0.67,0.17450399257762872,0.2,0.0,0.0,0.7,0.1
359,frozen_greedy_mlp_ppo_seed3,0,NOOP,0.145915,-0.076494,0.13462,0,73,292.79217089541464,164.31927680969238,67,0.8044665891732743,3449.552734375,37.067231099803934,3,4,27,0.67,0.17450399257762872,0.2,0.0,0.0,0.7,0.1,78,228.20730613355283,652.2181034088135,70,0.7733232770647321,3464.48828125,37.47537587026097,3,5,28,0.0,0.17450399257762872,0.2,0.0,0.05,0.7,0.05
360,frozen_greedy_mlp_ppo_seed3,0,NOOP,0.139831,0.300282,0.339734,0,78,228.20730613355283,652.2181034088135,70,0.7733232770647321,3464.48828125,37.47537587026097,3,5,28,0.0,0.17450399257762872,0.2,0.0,0.05,0.7,0.05,80,321.4195383856429,146.1026668548584,73,0.7447800309690711,3479.6123046875,37.748751460433866,3,6,29,0.67,0.20764280904604435,0.2,0.0,0.05,0.7,0.05
361,frozen_greedy_mlp_ppo_seed3,0,NOOP,0.134259,0.300363,0.334122,0,80,321.4195383856429,146.1026668548584,73,0.7447800309690711,3479.6123046875,37.748751460433866,3,6,29,0.67,0.20764280904604435,0.2,0.0,0.05,0.7,0.05,96,374.6705400461158,151.81875228881836,76,0.7187929655376234,3496.208984375,37.899292327028085,3,7,30,0.67,0.24114280904604435,0.2,0.0,0.05,0.75,0.0
362,frozen_greedy_mlp_ppo_seed3,0,NOOP,0.129003,0.300235,0.329218,0,96,374.6705400461158,151.81875228881836,76,0.7187929655376234,3496.208984375,37.899292327028085,3,7,30,0.67,0.24114280904604435,0.2,0.0,0.05,0.75,0.0,74,296.35101696307004,138.01050186157227,79,0.6943921439255341,3510.8466796875,37.99707741912563,3,8,31,0.67,0.2741382527754262,0.2,0.0,0.05,0.75,0.0
363,frozen_greedy_mlp_ppo_seed3,1,COMPACT_32KB,0.178596,0.255207,0.390204,0,74,296.35101696307004,138.01050186157227,79,0.6943921439255341,3510.8466796875,37.99707741912563,3,8,31,0.67,0.2741382527754262,0.2,0.0,0.05,0.75,0.0,90,350.78197728715185,252.98523902893066,54,0.9983189900716146,3450.1904296875,30.56746214415993,3,0,32,0.67,0.30708114038645185,0.2,0.0,0.05,0.75,0.0
364,frozen_greedy_mlp_ppo_seed3,0,NOOP,0.182776,0.300328,0.382795,0,90,350.78197728715185,252.98523902893066,54,0.9983189900716146,3450.1904296875,30.56746214415993,3,0,32,0.67,0.30708114038645185,0.2,0.0,0.05,0.75,0.0,63,253.96692024162505,120.31388282775879,57,0.9495067931058114,3463.80078125,32.607780559126255,3,1,33,0.67,0.3405811403864518,0.15,0.0,0.05,0.8,0.0
365,frozen_greedy_mlp_ppo_seed3,0,NOOP,0.173627,0.300311,0.371773,0,63,253.96692024162505,120.31388282775879,57,0.9495067931058114,3463.80078125,32.607780559126255,3,1,33,0.67,0.3405811403864518,0.15,0.0,0.05,0.8,0.0,65,256.75172012408626,217.67354011535645,60,0.9056330362955729,3477.630859375,34.083611740878126,3,2,34,0.67,0.3740811403864518,0.1,0.0,0.05,0.85,0.0
366,frozen_greedy_mlp_ppo_seed3,0,NOOP,0.165246,-0.076572,0.162,0,65,256.75172012408626,217.67354011535645,60,0.9056330362955729,3477.630859375,34.083611740878126,3,2,34,0.67,0.3740811403864518,0.1,0.0,0.05,0.85,0.0,50,201.67618556710946,241.05358123779297,63,0.8656034923735119,3490.11328125,35.198572905049524,3,3,35,0.0,0.3740811403864518,0.05,0.0,0.05,0.85,0.05
367,frozen_greedy_mlp_ppo_seed3,0,NOOP,0.157791,0.300109,0.357978,0,50,201.67618556710946,241.05358123779297,63,0.8656034923735119,3490.11328125,35.198572905049524,3,3,35,0.0,0.3740811403864518,0.05,0.0,0.05,0.85,0.05,97,365.57876368289294,123.1389045715332,66,0.8302032008315577,3506.7783203125,35.93586083684509,3,4,36,0.67,0.406807565854456,0.05,0.0,0.05,0.85,0.05
368,frozen_greedy_mlp_ppo_seed3,1,COMPACT_32KB,0.176735,0.255079,0.389563,0,97,365.57876368289294,123.1389045715332,66,0.8302032008315577,3506.7783203125,35.93586083684509,3,4,36,0.67,0.406807565854456,0.05,0.0,0.05,0.85,0.05,80,316.31102794575816,193.24874877929688,55,0.989642333984375,3483.541015625,30.572884545151407,3,0,37,0.67,0.4394674207872754,0.05,0.0,0.05,0.85,0.05
369,frozen_greedy_mlp_ppo_seed3,0,NOOP,0.181332,0.300061,0.381237,0,80,316.31102794575816,193.24874877929688,55,0.989642333984375,3483.541015625,30.572884545151407,3,0,37,0.67,0.4394674207872754,0.05,0.0,0.05,0.85,0.05,95,295.66524124247127,127.26545333862305,58,0.9429092407226562,3500.0791015625,32.44423612750943,3,1,38,0.67,0.4720967092328726,0.05,0.0,0.05,0.85,0.05
370,frozen_greedy_mlp_ppo_seed3,0,NOOP,0.172499,0.300022,0.370533,0,95,295.66524124247127,127.26545333862305,58,0.9429092407226562,3500.0791015625,32.44423612750943,3,1,38,0.67,0.4720967092328726,0.05,0.0,0.05,0.85,0.05,89,342.06241541059705,224.55835342407227,61,0.9006185062596055,3516.0146484375,33.82721932711641,3,2,39,0.67,0.5046824303854349,0.05,0.0,0.05,0.85,0.05
371,frozen_greedy_mlp_ppo_seed3,0,NOOP,0.164315,0.300246,0.364571,0,89,342.06241541059705,224.55835342407227,61,0.9006185062596055,3516.0146484375,33.82721932711641,3,2,39,0.67,0.5046824303854349,0.05,0.0,0.05,0.85,0.05,56,221.04223292336678,117.19059944152832,64,0.8615734577178955,3529.0048828125,34.91200528635723,3,3,40,0.67,0.538182430385435,0.0,0.0,0.05,0.9,0.05
372,frozen_greedy_mlp_ppo_seed3,0,NOOP,0.15693,0.299968,0.357114,0,56,221.04223292336678,117.19059944152832,64,0.8615734577178955,3529.0048828125,34.91200528635723,3,3,40,0.67,0.538182430385435,0.0,0.0,0.05,0.9,0.05,80,315.5154022642645,124.58419799804688,67,0.8265273820108442,3544.1494140625,35.67304324929367,3,4,41,0.67,0.5706312403841054,0.0,0.0,0.05,0.9,0.05
373,frozen_greedy_mlp_ppo_seed3,1,COMPACT_32KB,0.17171,0.254933,0.384322,0,80,315.5154022642645,124.58419799804688,67,0.8265273820108442,3544.1494140625,35.67304324929367,3,4,41,0.67,0.5706312403841054,0.0,0.0,0.05,0.9,0.05,66,261.34585569638176,206.57682418823242,57,0.965768111379523,3523.1220703125,31.106893529797766,3,0,42,0.67,0.603,0.0,0.0,0.05,0.9,0.05
374,frozen_greedy_mlp_ppo_seed3,0,NOOP,0.176834,-0.085028,0.171948,0,66,261.34585569638176,206.57682418823242,57,0.965768111379523,3523.1220703125,31.106893529797766,3,0,42,0.67,0.603,0.0,0.0,0.05,0.9,0.05,90,342.4508691285853,319.28443908691406,60,0.9216690063476562,3539.208984375,32.748899608668054,3,1,43,0.0,0.5695,0.05,0.0,0.05,0.85,0.05
375,frozen_greedy_mlp_ppo_seed3,0,NOOP,0.168327,0.291823,0.368233,0,90,342.4508691285853,319.28443908691406,60,0.9216690063476562,3539.208984375,32.748899608668054,3,1,43,0.0,0.5695,0.05,0.0,0.05,0.85,0.05,57,211.19709964920526,133.436918258667,63,0.8810107518756201,3552.2353515625,34.03431209690313,3,2,44,0.67,0.5695,0.05,0.0,0.05,0.85,0.05
376,frozen_greedy_mlp_ppo_seed3,0,NOOP,0.160687,0.291825,0.360788,0,57,211.19709964920526,133.436918258667,63,0.8810107518756201,3552.2353515625,34.03431209690313,3,2,44,0.67,0.5695,0.05,0.0,0.05,0.85,0.05,86,326.7364179934582,127.41279602050781,66,0.844682635683002,3567.939453125,34.932345652502704,3,3,45,0.67,0.5695,0.05,0.0,0.05,0.85,0.05
377,frozen_greedy_mlp_ppo_seed3,0,NOOP,0.153629,0.291821,0.352005,0,86,326.7364179934582,127.41279602050781,66,0.844682635683002,3567.939453125,34.932345652502704,3,3,45,0.67,0.5695,0.05,0.0,0.05,0.85,0.05,74,295.7030493631559,217.4839973449707,69,0.8112719991932744,3582.5771484375,35.61758460258238,3,4,46,0.67,0.5695,0.05,0.0,0.05,0.85,0.05
378,frozen_greedy_mlp_ppo_seed3,0,NOOP,0.147211,0.291828,0.347175,0,74,295.7030493631559,217.4839973449707,69,0.8112719991932744,3582.5771484375,35.61758460258238,3,4,46,0.67,0.5695,0.05,0.0,0.05,0.85,0.05,95,374.024600874097,141.78967475891113,72,0.7810537550184462,3599.095703125,36.08848209004804,3,5,47,0.67,0.5695,0.05,0.0,0.05,0.85,0.05
379,frozen_greedy_mlp_ppo_seed3,0,NOOP,0.141176,-0.076684,0.135087,0,95,374.024600874097,141.78967475891113,72,0.7810537550184462,3599.095703125,36.08848209004804,3,5,47,0.67,0.5695,0.05,0.0,0.05,0.85,0.05,69,271.6128062257335,398.2083797454834,75,0.7527541097005208,3613.2197265625,36.46203715659513,3,6,48,0.0,0.5695,0.05,0.05,0.0,0.85,0.05
380,frozen_greedy_mlp_ppo_seed3,0,NOOP,0.135633,0.291816,0.335952,0,69,271.6128062257335,398.2083797454834,75,0.7527541097005208,3613.2197265625,36.46203715659513,3,6,48,0.0,0.5695,0.05,0.05,0.0,0.85,0.05,84,250.01279862391377,131.55508041381836,78,0.7269146259014423,3628.7578125,36.702212724696395,3,7,49,0.67,0.5695,0.05,0.05,0.0,0.85,0.05
381,frozen_greedy_mlp_ppo_seed3,0,NOOP,0.130455,-0.085097,0.123443,0,84,250.01279862391377,131.55508041381836,78,0.7269146259014423,3628.7578125,36.702212724696395,3,7,49,0.67,0.5695,0.05,0.05,0.0,0.85,0.05,79,305.7648374606432,451.8587589263916,81,0.7029004509066358,3643.8359375,36.86380031171653,3,8,50,0.0,0.536,0.1,0.05,0.0,0.8,0.05
382,frozen_greedy_mlp_ppo_seed3,0,NOOP,0.125639,0.291776,0.323883,0,79,305.7648374606432,451.8587589263916,81,0.7029004509066358,3643.8359375,36.86380031171653,3,8,50,0.0,0.536,0.1,0.05,0.0,0.8,0.05,85,328.3463499454776,242.7818775177002,84,0.6806943984258742,3659.4130859375,36.947547265008474,3,9,51,0.67,0.536,0.1,0.05,0.0,0.8,0.05
383,frozen_greedy_mlp_ppo_seed3,0,NOOP,0.121022,-0.085099,0.107867,0,85,328.3463499454776,242.7818775177002,84,0.6806943984258742,3659.4130859375,36.947547265008474,3,9,51,0.67,0.536,0.1,0.05,0.0,0.8,0.05,52,198.43728408608078,766.4847373962402,87,0.65948486328125,3672.01171875,37.00994099982385,3,10,52,0.0,0.5025000000000001,0.1,0.05,0.05,0.75,0.05
384,frozen_greedy_mlp_ppo_seed3,0,NOOP,0.116787,0.291752,0.315802,0,52,198.43728408608078,766.4847373962402,87,0.65948486328125,3672.01171875,37.00994099982385,3,10,52,0.0,0.5025000000000001,0.1,0.05,0.05,0.75,0.05,83,320.0040004265161,211.7135524749756,90,0.6401831732855903,3687.455078125,36.99294622661292,3,11,53,0.67,0.5025000000000001,0.1,0.05,0.05,0.75,0.05
385,frozen_greedy_mlp_ppo_seed3,0,NOOP,0.112823,-0.085127,0.106131,0,83,320.0040004265161,211.7135524749756,90,0.6401831732855903,3687.455078125,36.99294622661292,3,11,53,0.67,0.5025000000000001,0.1,0.05,0.05,0.75,0.05,91,348.97534563202134,450.8357048034668,93,0.6222393076906922,3703.568359375,36.93191457135765,3,12,54,0.0,0.46900000000000003,0.15,0.05,0.05,0.7,0.05
386,frozen_greedy_mlp_ppo_seed3,0,NOOP,0.109107,-0.076765,0.10178,0,91,348.97534563202134,450.8357048034668,93,0.6222393076906922,3703.568359375,36.93191457135765,3,12,54,0.0,0.46900000000000003,0.15,0.05,0.05,0.7,0.05,99,384.8869872790707,486.35315895080566,96,0.6055347124735514,3720.4052734375,36.83548720516053,3,13,55,0.0,0.46900000000000003,0.2,0.05,0.05,0.7,0.0
387,frozen_greedy_mlp_ppo_seed3,0,NOOP,0.105538,0.291732,0.305663,0,99,384.8869872790707,486.35315895080566,96,0.6055347124735514,3720.4052734375,36.83548720516053,3,13,55,0.0,0.46900000000000003,0.2,0.05,0.05,0.7,0.0,79,293.72944270746996,167.53029823303223,99,0.5895673963758681,3735.4990234375,36.730921974212286,3,14,56,0.67,0.46900000000000003,0.2,0.05,0.05,0.7,0.0
388,frozen_greedy_mlp_ppo_seed3,1,COMPACT_32KB,0.164349,-0.130163,0.168311,0,79,293.72944270746996,167.53029823303223,99,0.5895673963758681,3735.4990234375,36.730921974212286,3,14,56,0.67,0.46900000000000003,0.2,0.05,0.05,0.7,0.0,67,255.24454007667734,594.0594673156738,61,0.9314627725569928,3636.4306640625,31.234190331663065,3,0,57,0.0,0.43550000000000005,0.2,0.05,0.1,0.65,0.0
389,frozen_greedy_mlp_ppo_seed3,0,NOOP,0.170177,-0.085177,0.167272,0,67,255.24454007667734,594.0594673156738,61,0.9314627725569928,3636.4306640625,31.234190331663065,3,0,57,0.0,0.43550000000000005,0.2,0.05,0.1,0.65,0.0,52,199.72418946452692,225.27551651000977,64,0.8908858299255371,3649.068359375,32.68815715761869,3,1,58,0.0,0.402,0.2,0.05,0.1,0.6,0.05
390,frozen_greedy_mlp_ppo_seed3,0,NOOP,0.162573,0.291695,0.362876,0,52,199.72418946452692,225.27551651000977,64,0.8908858299255371,3649.068359375,32.68815715761869,3,1,58,0.0,0.402,0.2,0.05,0.1,0.6,0.05,90,335.53656537715574,118.61658096313477,67,0.8547408829874067,3665.12890625,33.70462115129149,3,2,59,0.67,0.402,0.2,0.05,0.1,0.6,0.05
391,frozen_greedy_mlp_ppo_seed3,0,NOOP,0.155516,-0.08518,0.152133,0,90,335.53656537715574,118.61658096313477,67,0.8547408829874067,3665.12890625,33.70462115129149,3,2,59,0.67,0.402,0.2,0.05,0.1,0.6,0.05,71,273.68050038874605,256.6077709197998,70,0.8213278634207589,3679.548828125,34.50089193964106,3,3,60,0.0,0.36850000000000005,0.2,0.1,0.1,0.55,0.05
392,frozen_greedy_mlp_ppo_seed3,0,NOOP,0.148927,-0.085207,0.143132,0,71,273.68050038874605,256.6077709197998,70,0.8213278634207589,3679.548828125,34.50089193964106,3,3,60,0.0,0.36850000000000005,0.2,0.1,0.1,0.55,0.05,52,200.298107440931,380.97691535949707,73,0.7902583292085831,3692.0869140625,35.13365571187603,3,4,61,0.0,0.3350000000000001,0.25,0.1,0.1,0.5,0.05
393,frozen_greedy_mlp_ppo_seed3,0,NOOP,0.142856,-0.085221,0.13717,0,52,200.298107440931,380.97691535949707,73,0.7902583292085831,3692.0869140625,35.13365571187603,3,4,61,0.0,0.3350000000000001,0.25,0.1,0.1,0.5,0.05,58,187.4388952283796,379.29558753967285,76,0.7617777774208471,3705.287109375,35.59507557829528,3,5,62,0.0,0.30150000000000005,0.3,0.1,0.1,0.45,0.05
394,frozen_greedy_mlp_ppo_seed3,0,NOOP,0.137345,-0.076881,0.131574,0,58,187.4388952283796,379.29558753967285,76,0.7617777774208471,3705.287109375,35.59507557829528,3,5,62,0.0,0.30150000000000005,0.3,0.1,0.1,0.45,0.05,96,355.68278275740533,387.30812072753906,79,0.7360988568656052,3721.7158203125,35.88657955959043,3,6,63,0.0,0.30150000000000005,0.3,0.1,0.1,0.45,0.05
395,frozen_greedy_mlp_ppo_seed3,0,NOOP,0.132072,0.291611,0.331826,0,96,355.68278275740533,387.30812072753906,79,0.7360988568656052,3721.7158203125,35.88657955959043,3,6,63,0.0,0.30150000000000005,0.3,0.1,0.1,0.45,0.05,54,208.0626431913928,164.83306884765625,82,0.7116109336294779,3734.5341796875,36.13430552854183,3,7,64,0.67,0.30150000000000005,0.3,0.1,0.1,0.45,0.05
396,frozen_greedy_mlp_ppo_seed3,0,NOOP,0.127264,0.291595,0.327553,0,54,208.0626431913928,164.83306884765625,82,0.7116109336294779,3734.5341796875,36.13430552854183,3,7,64,0.67,0.30150000000000005,0.3,0.1,0.1,0.45,0.05,90,337.2916406057335,141.80564880371094,85,0.6894450468175551,3750.5810546875,36.26138130929541,3,8,65,0.67,0.3015,0.3,0.1,0.1,0.45,0.05
397,frozen_greedy_mlp_ppo_seed3,0,NOOP,0.122693,0.291574,0.3212,0,90,337.2916406057335,141.80564880371094,85,0.6894450468175551,3750.5810546875,36.26138130929541,3,8,65,0.67,0.3015,0.3,0.1,0.1,0.45,0.05,70,254.12169571829313,234.6642017364502,88,0.6684674349698153,3764.80859375,36.35004166828228,3,9,66,0.67,0.3015,0.3,0.1,0.1,0.45,0.05
398,frozen_greedy_mlp_ppo_seed3,0,NOOP,0.118393,0.291567,0.316636,0,70,254.12169571829313,234.6642017364502,88,0.6684674349698153,3764.80859375,36.35004166828228,3,9,66,0.67,0.3015,0.3,0.1,0.1,0.45,0.05,68,237.04668249123998,251.6345977783203,91,0.6488412710336539,3778.8515625,36.38895230951095,3,10,67,0.67,0.3015,0.3,0.1,0.1,0.45,0.05
399,frozen_greedy_mlp_ppo_seed3,0,NOOP,0.114433,0.299922,0.312571,0,68,237.04668249123998,251.6345977783203,91,0.6488412710336539,3778.8515625,36.38895230951095,3,10,67,0.67,0.3015,0.3,0.1,0.1,0.45,0.05,97,370.13188548721064,260.6091499328613,94,0.6309134300718916,3795.5751953125,36.359343788652524,3,11,68,0.67,0.335,0.3,0.05,0.1,0.5,0.05
400,frozen_greedy_mlp_ppo_seed3,0,NOOP,0.10689,0.291537,0.306521,0,97,370.13188548721064,260.6091499328613,94,0.6309134300718916,3795.5751953125,36.359343788652524,3,11,68,0.67,0.335,0.3,0.05,0.1,0.5,0.05,100,309.0052211761534,193.44758987426758,100,0.5969476318359375,3820.46484375,36.286923484212636,3,12,69,0.67,0.335,0.3,0.05,0.1,0.5,0.05
401,frozen_greedy_mlp_ppo_seed3,0,NOOP,0.103413,-0.07699,0.093513,0,100,309.0052211761534,193.44758987426758,100,0.5969476318359375,3820.46484375,36.286923484212636,3,12,69,0.67,0.335,0.3,0.05,0.1,0.5,0.05,51,198.16876113433838,623.7316131591797,103,0.581440157103307,3832.853515625,36.21127973703187,3,13,70,0.0,0.335,0.3,0.05,0.1,0.5,0.05
402,frozen_greedy_mlp_ppo_seed3,1,COMPACT_32KB,0.157253,-0.130375,0.168445,0,51,198.16876113433838,623.7316131591797,103,0.581440157103307,3832.853515625,36.21127973703187,3,13,70,0.0,0.335,0.3,0.05,0.1,0.5,0.05,92,349.7892594684214,237.55955696105957,65,0.8984788161057692,3737.671875,31.38448376236627,3,0,71,0.0,0.3015,0.3,0.05,0.1,0.45,0.1
403,frozen_greedy_mlp_ppo_seed3,0,NOOP,0.164024,-0.076999,0.160654,0,92,349.7892594684214,237.55955696105957,65,0.8984788161057692,3737.671875,31.38448376236627,3,0,71,0.0,0.3015,0.3,0.05,0.1,0.45,0.1,95,338.6784143964655,253.5257339477539,68,0.8626217561609605,3754.1298828125,32.509172220853756,3,1,72,0.0,0.30150000000000005,0.3,0.05,0.05,0.45,0.15
404,frozen_greedy_mlp_ppo_seed3,0,NOOP,0.157002,-0.085383,0.153573,0,95,338.6784143964655,253.5257339477539,68,0.8626217561609605,3754.1298828125,32.509172220853756,3,1,72,0.0,0.30150000000000005,0.3,0.05,0.05,0.45,0.15,74,280.2337513656022,260.18691062927246,71,0.8293854619415713,3768.7275390625,33.40207308366769,3,2,73,0.0,0.26800000000000007,0.3,0.05,0.05,0.4,0.2
405,frozen_greedy_mlp_ppo_seed3,0,NOOP,0.150463,-0.07702,0.147031,0,74,280.2337513656022,260.18691062927246,71,0.8293854619415713,3768.7275390625,33.40207308366769,3,2,73,0.0,0.26800000000000007,0.3,0.05,0.05,0.4,0.2,60,221.0213636742885,264.1003131866455,74,0.798566044987859,3782.0087890625,34.106850317698665,3,3,74,0.0,0.268,0.25,0.05,0.05,0.4,0.25
406,frozen_greedy_mlp_ppo_seed3,0,NOOP,0.14446,-0.077017,0.140636,0,60,221.0213636742885,264.1003131866455,74,0.798566044987859,3782.0087890625,34.106850317698665,3,3,74,0.0,0.268,0.25,0.05,0.05,0.4,0.25,74,269.72453516221094,287.4283790588379,77,0.7704243845753855,3796.6513671875,34.619483726360464,3,4,75,0.0,0.268,0.2,0.1,0.05,0.4,0.25
407,frozen_greedy_mlp_ppo_seed3,0,NOOP,0.138873,-0.085404,0.135351,0,74,269.72453516221094,287.4283790588379,77,0.7704243845753855,3796.6513671875,34.619483726360464,3,4,75,0.0,0.268,0.2,0.1,0.05,0.4,0.25,73,276.4216017210887,276.1380672454834,80,0.7443672180175781,3811.16015625,35.00569924041146,3,5,76,0.0,0.23450000000000001,0.2,0.1,0.05,0.35,0.3
408,frozen_greedy_mlp_ppo_seed3,0,NOOP,0.133695,-0.077039,0.12177,0,73,276.4216017210887,276.1380672454834,80,0.7443672180175781,3811.16015625,35.00569924041146,3,5,76,0.0,0.23450000000000001,0.2,0.1,0.05,0.35,0.3,82,316.95265057265345,699.9950408935547,83,0.7203501506024096,3826.5,35.277079270453996,3,6,77,0.0,0.23450000000000001,0.2,0.1,0.05,0.35,0.3
409,frozen_greedy_mlp_ppo_seed3,0,NOOP,0.128829,-0.077041,0.124051,0,82,316.95265057265345,699.9950408935547,83,0.7203501506024096,3826.5,35.277079270453996,3,6,77,0.0,0.23450000000000001,0.2,0.1,0.05,0.35,0.3,75,282.2668001852031,346.42624855041504,86,0.697895138762718,3841.21484375,35.474673459710985,3,7,78,0.0,0.23450000000000001,0.2,0.1,0.05,0.35,0.3
410,frozen_greedy_mlp_ppo_seed3,0,NOOP,0.12427,-0.085424,0.119973,0,75,282.2668001852031,346.42624855041504,86,0.697895138762718,3841.21484375,35.474673459710985,3,7,78,0.0,0.23450000000000001,0.2,0.1,0.05,0.35,0.3,76,280.4399384868757,326.07388496398926,89,0.6769748644882374,3856.048828125,35.603764269897226,3,8,79,0.0,0.201,0.2,0.1,0.05,0.3,0.35
411,frozen_greedy_mlp_ppo_seed3,0,NOOP,0.119988,-0.077043,0.114871,0,76,280.4399384868757,326.07388496398926,89,0.6769748644882374,3856.048828125,35.603764269897226,3,8,79,0.0,0.201,0.2,0.1,0.05,0.3,0.35,77,279.2602506379222,370.80979347229004,92,0.6574375318444293,3870.9921875,35.676287041513845,3,9,80,0.0,0.201,0.2,0.1,0.05,0.3,0.35
412,frozen_greedy_mlp_ppo_seed3,0,NOOP,0.115889,-0.077055,0.111577,0,77,279.2602506379222,370.80979347229004,92,0.6574375318444293,3870.9921875,35.676287041513845,3,9,80,0.0,0.201,0.2,0.1,0.05,0.3,0.35,56,212.03700520701685,334.3491554260254,95,0.6388188412314967,3884.0185546875,35.72463563708313,3,10,81,0.0,0.201,0.15,0.1,0.05,0.3,0.4
413,frozen_greedy_mlp_ppo_seed3,0,NOOP,0.112088,-0.077062,0.107979,0,56,212.03700520701685,334.3491554260254,95,0.6388188412314967,3884.0185546875,35.72463563708313,3,10,81,0.0,0.201,0.15,0.1,0.05,0.3,0.4,80,312.72712360735983,327.9592990875244,98,0.6216896212830836,3899.2373046875,35.71174177380661,3,11,82,0.0,0.201,0.1,0.1,0.05,0.3,0.45
414,frozen_greedy_mlp_ppo_seed3,0,NOOP,0.108416,-0.077068,0.099428,0,80,312.72712360735983,327.9592990875244,98,0.6216896212830836,3899.2373046875,35.71174177380661,3,11,82,0.0,0.201,0.1,0.1,0.05,0.3,0.45,54,205.48058755807403,575.6809711456299,101,0.60520602688931,3912.0517578125,35.69080412808901,3,12,83,0.0,0.201,0.05,0.1,0.05,0.3,0.5
415,frozen_greedy_mlp_ppo_seed3,0,NOOP,0.104964,-0.085464,0.10077,0,54,205.48058755807403,575.6809711456299,101,0.60520602688931,3912.0517578125,35.69080412808901,3,12,83,0.0,0.201,0.05,0.1,0.05,0.3,0.5,65,259.5566692403703,339.6790027618408,104,0.5898177807147686,3925.8271484375,35.634215503358355,3,13,84,0.0,0.1675,0.05,0.1,0.05,0.25,0.55
416,frozen_greedy_mlp_ppo_seed3,0,NOOP,0.101745,-0.085486,0.095049,0,65,259.5566692403703,339.6790027618408,104,0.5898177807147686,3925.8271484375,35.634215503358355,3,13,84,0.0,0.1675,0.05,0.1,0.05,0.25,0.55,88,348.4282462889104,468.5375690460205,107,0.5755981730523511,3941.6962890625,35.5386691001718,3,14,85,0.0,0.134,0.05,0.15,0.05,0.2,0.55
417,frozen_greedy_mlp_ppo_seed3,0,NOOP,0.098631,-0.0855,0.093846,0,88,348.4282462889104,468.5375690460205,107,0.5755981730523511,3941.6962890625,35.5386691001718,3,14,85,0.0,0.134,0.05,0.15,0.05,0.2,0.55,68,259.393192413541,376.7523765563965,110,0.5619037974964488,3955.802734375,35.43962934350836,3,15,86,0.0,0.1005,0.05,0.15,0.05,0.15,0.6
418,frozen_greedy_mlp_ppo_seed3,0,NOOP,0.095698,-0.085524,0.0879,0,68,259.393192413541,376.7523765563965,110,0.5619037974964488,3955.802734375,35.43962934350836,3,15,86,0.0,0.1005,0.05,0.15,0.05,0.15,0.6,82,305.9253716739694,531.1441421508789,113,0.5491143960868363,3971.1953125,35.31635692267543,3,16,87,0.0,0.067,0.05,0.15,0.05,0.1,0.65
419,frozen_greedy_mlp_ppo_seed3,0,NOOP,0.092854,-0.085524,0.075368,0,82,305.9253716739694,531.1441421508789,113,0.5491143960868363,3971.1953125,35.31635692267543,3,16,87,0.0,0.067,0.05,0.15,0.05,0.1,0.65,64,246.21210517481595,1019.2737579345703,116,0.5367694723195043,3984.9765625,35.191945676992944,3,17,88,0.0,0.0335,0.05,0.15,0.1,0.05,0.65
420,frozen_greedy_mlp_ppo_seed3,0,NOOP,0.090162,-0.085535,0.085269,0,64,246.21210517481595,1019.2737579345703,116,0.5367694723195043,3984.9765625,35.191945676992944,3,17,88,0.0,0.0335,0.05,0.15,0.1,0.05,0.65,77,292.26403917349074,393.40710639953613,119,0.5251841825597426,3999.802734375,35.050061217094694,3,18,89,0.0,0.0,0.05,0.15,0.1,0.0,0.7
421,frozen_greedy_mlp_ppo_seed3,0,NOOP,0.087541,-0.077184,0.082465,0,77,292.26403917349074,393.40710639953613,119,0.5251841825597426,3999.802734375,35.050061217094694,3,18,89,0.0,0.0,0.05,0.15,0.1,0.0,0.7,59,229.0336020435551,406.30125999450684,122,0.5139526617331583,4012.9423828125,34.911130295741614,3,19,90,0.0,0.0,0.0,0.15,0.1,0.0,0.75
422,frozen_greedy_mlp_ppo_seed3,0,NOOP,0.085082,-0.077186,0.080148,0,59,229.0336020435551,406.30125999450684,122,0.5139526617331583,4012.9423828125,34.911130295741614,3,19,90,0.0,0.0,0.0,0.15,0.1,0.0,0.75,82,316.16306164359634,402.9514789581299,125,0.5035333251953125,4028.2666015625,34.7505500657409,3,20,91,0.0,0.0,0.0,0.15,0.1,0.0,0.75
423,frozen_greedy_mlp_ppo_seed3,0,NOOP,0.082657,-0.077185,0.06377,0,82,316.16306164359634,402.9514789581299,125,0.5035333251953125,4028.2666015625,34.7505500657409,3,20,91,0.0,0.0,0.0,0.15,0.1,0.0,0.75,53,198.88817790756767,1104.3307781219482,128,0.493282675743103,4040.9716796875,34.600284413293636,3,21,92,0.0,0.0,0.0,0.15,0.15,0.0,0.7
424,frozen_greedy_mlp_ppo_seed3,0,NOOP,0.080355,0.29968,0.280258,0,53,198.88817790756767,1104.3307781219482,128,0.493282675743103,4040.9716796875,34.600284413293636,3,21,92,0.0,0.0,0.0,0.15,0.15,0.0,0.7,67,248.78569354438898,218.60218048095703,131,0.4836479361730677,4054.904296875,34.437742126909605,3,22,93,0.67,0.0335,0.0,0.15,0.15,0.05,0.65
425,frozen_greedy_mlp_ppo_seed3,0,NOOP,0.078176,-0.077208,0.072721,0,67,248.78569354438898,218.60218048095703,131,0.4836479361730677,4054.904296875,34.437742126909605,3,22,93,0.67,0.0335,0.0,0.15,0.15,0.05,0.65,84,314.44253095146297,440.2592182159424,134,0.4746324909267141,4070.4482421875,34.262875467290385,3,23,94,0.0,0.0335,0.0,0.15,0.15,0.05,0.65
426,frozen_greedy_mlp_ppo_seed3,0,NOOP,0.076081,-0.077226,0.068253,0,84,314.44253095146297,440.2592182159424,134,0.4746324909267141,4070.4482421875,34.262875467290385,3,23,94,0.0,0.0335,0.0,0.15,0.15,0.05,0.65,87,322.95458512037413,562.6435279846191,137,0.46602992593807024,4086.150390625,34.08505087019904,3,24,95,0.0,0.0335,0.0,0.1,0.15,0.05,0.7
427,frozen_greedy_mlp_ppo_seed3,0,NOOP,0.074004,0.299641,0.273919,0,87,322.95458512037413,562.6435279846191,137,0.46602992593807024,4086.150390625,34.08505087019904,3,24,95,0.0,0.0335,0.0,0.1,0.15,0.05,0.7,59,206.11499977927906,229.2463779449463,140,0.45751887730189733,4099.369140625,33.91764654670709,3,25,96,0.67,0.067,0.0,0.1,0.15,0.1,0.65
428,frozen_greedy_mlp_ppo_seed3,0,NOOP,0.072066,-0.077253,0.05116,0,59,206.11499977927906,229.2463779449463,140,0.45751887730189733,4099.369140625,33.91764654670709,3,25,96,0.67,0.067,0.0,0.1,0.15,0.1,0.65,93,349.6277780317351,1224.0304946899414,143,0.44970383010544146,4115.689453125,33.73384134536141,3,26,97,0.0,0.067,0.0,0.1,0.15,0.1,0.65
429,frozen_greedy_mlp_ppo_seed3,0,NOOP,0.070169,-0.077261,0.048559,0,93,349.6277780317351,1224.0304946899414,143,0.44970383010544146,4115.689453125,33.73384134536141,3,26,97,0.0,0.067,0.0,0.1,0.15,0.1,0.65,81,279.95390720793176,1263.0114555358887,146,0.44209529928965113,4130.9384765625,33.554119562354344,3,27,98,0.0,0.067,0.0,0.1,0.2,0.1,0.6
430,frozen_greedy_mlp_ppo_seed3,1,COMPACT_32KB,0.142943,-0.122257,0.153886,0,81,279.95390720793176,1263.0114555358887,146,0.44209529928965113,4130.9384765625,33.554119562354344,3,27,98,0.0,0.067,0.0,0.1,0.2,0.1,0.6,98,361.47268168751003,261.2793445587158,74,0.8325558224239865,3942.984375,31.63760287521357,3,0,99,0.0,0.067,0.0,0.1,0.2,0.1,0.6
431,frozen_greedy_mlp_ppo_seed3,0,NOOP,0.150986,-0.07727,0.145917,0,98,361.47268168751003,261.2793445587158,74,0.8325558224239865,3942.984375,31.63760287521357,3,0,99,0.0,0.067,0.0,0.1,0.2,0.1,0.6,72,274.9384217459903,349.72190856933594,77,0.8030552059024959,3957.4560546875,32.41355891287438,3,1,100,0.0,0.067,0.0,0.05,0.2,0.1,0.65
432,frozen_greedy_mlp_ppo_seed3,0,NOOP,0.145116,-0.077266,0.141451,0,72,274.9384217459903,349.72190856933594,77,0.8030552059024959,3957.4560546875,32.41355891287438,3,1,100,0.0,0.067,0.0,0.05,0.2,0.1,0.65,62,184.30764760205793,283.22768211364746,80,0.7755779266357422,3970.958984375,33.03289484052725,3,2,101,0.0,0.067,0.0,0.05,0.2,0.1,0.65
433,frozen_greedy_mlp_ppo_seed3,0,NOOP,0.13969,-0.077282,0.136305,0,62,184.30764760205793,283.22768211364746,80,0.7755779266357422,3970.958984375,33.03289484052725,3,2,101,0.0,0.067,0.0,0.05,0.2,0.1,0.65,75,280.25750996488017,273.00214767456055,83,0.7503230083419616,3985.7158203125,33.49487893950359,3,3,102,0.0,0.067,0.0,0.05,0.2,0.1,0.65
434,frozen_greedy_mlp_ppo_seed3,0,NOOP,0.134556,-0.0773,0.128002,0,75,280.25750996488017,273.00214767456055,83,0.7503230083419616,3985.7158203125,33.49487893950359,3,3,102,0.0,0.067,0.0,0.05,0.2,0.1,0.65,57,210.3186669821919,435.21928787231445,86,0.7265312727107558,3998.828125,33.87183208417439,3,4,103,0.0,0.067,0.05,0.05,0.2,0.1,0.6
435,frozen_greedy_mlp_ppo_seed3,0,NOOP,0.129817,-0.077323,0.126131,0,57,210.3186669821919,435.21928787231445,86,0.7265312727107558,3998.828125,33.87183208417439,3,4,103,0.0,0.067,0.05,0.05,0.2,0.1,0.6,81,305.7612147699087,295.52650451660156,89,0.7047088280152739,4014.021484375,34.130668281536714,3,5,104,0.0,0.067,0.05,0.05,0.2,0.1,0.6
436,frozen_greedy_mlp_ppo_seed3,0,NOOP,0.125372,-0.077346,0.121651,0,81,305.7612147699087,295.52650451660156,89,0.7047088280152739,4014.021484375,34.130668281536714,3,5,104,0.0,0.067,0.05,0.05,0.2,0.1,0.6,84,318.6221460960095,301.0275363922119,92,0.6843595090119735,4029.5087890625,34.31529001502922,3,6,105,0.0,0.067,0.05,0.0,0.2,0.1,0.65
437,frozen_greedy_mlp_ppo_seed3,0,NOOP,0.121121,-0.077353,0.116557,0,84,318.6221460960095,301.0275363922119,92,0.6843595090119735,4029.5087890625,34.31529001502922,3,6,105,0.0,0.067,0.05,0.0,0.2,0.1,0.65,63,167.64708994876838,346.94957733154297,95,0.664982042814556,4043.0908203125,34.46290951978043,3,7,106,0.0,0.067,0.05,0.0,0.2,0.1,0.65
438,frozen_greedy_mlp_ppo_seed3,0,NOOP,0.117119,-0.077366,0.10307,0,63,167.64708994876838,346.94957733154297,95,0.664982042814556,4043.0908203125,34.46290951978043,3,7,106,0.0,0.067,0.05,0.0,0.2,0.1,0.65,66,244.79464328350025,824.9142169952393,98,0.6468429565429688,4056.9990234375,34.55666060190282,3,8,107,0.0,0.067,0.05,0.0,0.25,0.1,0.6
439,frozen_greedy_mlp_ppo_seed3,0,NOOP,0.113334,-0.07738,0.108866,0,66,244.79464328350025,824.9142169952393,98,0.6468429565429688,4056.9990234375,34.55666060190282,3,8,107,0.0,0.067,0.05,0.0,0.25,0.1,0.6,67,251.3497925381718,349.67875480651855,101,0.629795489924969,4070.998046875,34.60779308914461,3,9,108,0.0,0.067,0.05,0.0,0.2,0.1,0.65
440,frozen_greedy_mlp_ppo_seed3,0,NOOP,0.109786,-0.077383,0.103342,0,67,251.3497925381718,349.67875480651855,101,0.629795489924969,4070.998046875,34.60779308914461,3,9,108,0.0,0.067,0.05,0.0,0.2,0.1,0.65,82,299.7547702114642,452.2099494934082,104,0.6139297485351562,4086.31640625,34.61151663595474,3,10,109,0.0,0.067,0.05,0.05,0.2,0.1,0.6
441,frozen_greedy_mlp_ppo_seed3,0,NOOP,0.106355,-0.077394,0.100354,0,82,299.7547702114642,452.2099494934082,104,0.6139297485351562,4086.31640625,34.61151663595474,3,10,109,0.0,0.067,0.05,0.05,0.2,0.1,0.6,59,219.6520346736871,433.7766170501709,107,0.5986475008670414,4099.5380859375,34.60620011638463,3,11,110,0.0,0.067,0.05,0.05,0.2,0.1,0.6
442,frozen_greedy_mlp_ppo_seed3,0,NOOP,0.103189,-0.077397,0.098642,0,59,219.6520346736871,433.7766170501709,107,0.5986475008670414,4099.5380859375,34.60620011638463,3,11,110,0.0,0.067,0.05,0.05,0.2,0.1,0.6,97,269.64917752682095,364.84837532043457,110,0.5846969604492187,4116.2666015625,34.546210277360025,3,12,111,0.0,0.067,0.05,0.05,0.2,0.1,0.6
443,frozen_greedy_mlp_ppo_seed3,0,NOOP,0.100135,-0.077414,0.095365,0,97,269.64917752682095,364.84837532043457,110,0.5846969604492187,4116.2666015625,34.546210277360025,3,12,111,0.0,0.067,0.05,0.05,0.2,0.1,0.6,83,294.20578427047576,379.76861000061035,113,0.5713017556519635,4131.654296875,34.4786827776523,3,13,112,0.0,0.067,0.05,0.05,0.15,0.1,0.65
444,frozen_greedy_mlp_ppo_seed3,0,NOOP,0.097245,-0.085796,0.091492,0,83,294.20578427047576,379.76861000061035,113,0.5713017556519635,4131.654296875,34.4786827776523,3,13,112,0.0,0.067,0.05,0.05,0.15,0.1,0.65,92,336.026152282708,432.6505661010742,116,0.5587246335785965,4147.9716796875,34.387457766302255,3,14,113,0.0,0.0335,0.05,0.1,0.15,0.05,0.65
445,frozen_greedy_mlp_ppo_seed3,0,NOOP,0.094455,-0.077451,0.086709,0,92,336.026152282708,432.6505661010742,116,0.5587246335785965,4147.9716796875,34.387457766302255,3,14,113,0.0,0.0335,0.05,0.1,0.15,0.05,0.65,83,308.7728918430375,536.0498428344727,119,0.5466518882943803,4163.30078125,34.29082592663048,3,15,114,0.0,0.0335,0.1,0.1,0.15,0.05,0.6
446,frozen_greedy_mlp_ppo_seed3,0,NOOP,0.091717,-0.077464,0.069969,0,83,308.7728918430375,536.0498428344727,119,0.5466518882943803,4163.30078125,34.29082592663048,3,15,114,0.0,0.0335,0.1,0.1,0.15,0.05,0.6,53,203.22336384604625,1239.9253845214844,122,0.5348370661501025,4176.0078125,34.199751090574715,3,16,115,0.0,0.0335,0.1,0.1,0.2,0.05,0.55
447,frozen_greedy_mlp_ppo_seed3,0,NOOP,0.089197,0.291017,0.289561,0,53,203.22336384604625,1239.9253845214844,122,0.5348370661501025,4176.0078125,34.199751090574715,3,16,115,0.0,0.0335,0.1,0.1,0.2,0.05,0.55,99,359.80397586958065,188.05837631225586,125,0.524111083984375,4192.888671875,34.07049146356533,3,17,116,0.67,0.0335,0.1,0.1,0.2,0.05,0.55
448,frozen_greedy_mlp_ppo_seed3,0,NOOP,0.086769,-0.077503,0.081476,0,99,359.80397586958065,188.05837631225586,125,0.524111083984375,4192.888671875,34.07049146356533,3,17,116,0.67,0.0335,0.1,0.1,0.2,0.05,0.55,96,357.4398965993545,424.649715423584,128,0.5138454437255859,4209.421875,33.936000376021866,3,18,117,0.0,0.0335,0.1,0.1,0.15,0.05,0.6
449,frozen_greedy_mlp_ppo_seed3,0,NOOP,0.084391,-0.07751,0.07556,0,96,357.4398965993545,424.649715423584,128,0.5138454437255859,4209.421875,33.936000376021866,3,18,117,0.0,0.0335,0.1,0.1,0.15,0.05,0.6,75,277.73708578633057,605.2894592285156,131,0.5038282088651002,4224.095703125,33.805522730397534,3,19,118,0.0,0.0335,0.15,0.1,0.1,0.05,0.6
450,frozen_greedy_mlp_ppo_seed3,0,NOOP,0.082056,-0.077507,0.076795,0,75,277.73708578633057,605.2894592285156,131,0.5038282088651002,4224.095703125,33.805522730397534,3,19,118,0.0,0.0335,0.15,0.1,0.1,0.05,0.6,52,194.6953869335878,430.5307865142822,134,0.49402766441231344,4236.78125,33.68038992515482,3,20,119,0.0,0.0335,0.15,0.1,0.1,0.05,0.6
451,frozen_greedy_mlp_ppo_seed3,0,NOOP,0.079768,-0.077518,0.074133,0,52,194.6953869335878,430.5307865142822,134,0.49402766441231344,4236.78125,33.68038992515482,3,20,119,0.0,0.0335,0.15,0.1,0.1,0.05,0.6,35,106.33581980358382,452.97694206237793,137,0.48446410241788324,4247.78125,33.55927406551021,3,21,120,0.0,0.0335,0.15,0.1,0.1,0.05,0.6
452,frozen_greedy_mlp_ppo_seed3,0,NOOP,0.077593,-0.077521,0.071886,0,35,106.33581980358382,452.97694206237793,137,0.48446410241788324,4247.78125,33.55927406551021,3,21,120,0.0,0.0335,0.15,0.1,0.1,0.05,0.6,49,186.37970073456063,460.32190322875977,140,0.47546354021344867,4260.1533203125,33.42461803496102,3,22,121,0.0,0.0335,0.15,0.1,0.1,0.05,0.6
453,frozen_greedy_mlp_ppo_seed3,0,NOOP,0.075459,-0.077525,0.069476,0,49,186.37970073456063,460.32190322875977,140,0.47546354021344867,4260.1533203125,33.42461803496102,3,22,121,0.0,0.0335,0.15,0.1,0.1,0.05,0.6,33,126.66418240985112,477.907657623291,143,0.46667096331402974,4270.97265625,33.294132800255575,3,23,122,0.0,0.0335,0.15,0.1,0.1,0.05,0.6
454,frozen_greedy_mlp_ppo_seed3,0,NOOP,0.073408,-0.077515,0.06734,0,33,126.66418240985112,477.907657623291,143,0.46667096331402974,4270.97265625,33.294132800255575,3,23,122,0.0,0.0335,0.15,0.1,0.1,0.05,0.6,37,142.75644633245975,485.9135150909424,146,0.4582910407079409,4282.271484375,33.15683479669347,3,24,123,0.0,0.0335,0.1,0.1,0.1,0.05,0.65
455,frozen_greedy_mlp_ppo_seed3,0,NOOP,0.071399,-0.077519,0.06145,0,37,142.75644633245975,485.9135150909424,146,0.4582910407079409,4282.271484375,33.15683479669347,3,24,123,0.0,0.0335,0.1,0.1,0.1,0.05,0.65,25,82.39175717840668,683.6991310119629,149,0.4501208618983326,4292.3525390625,33.02265646873268,3,25,124,0.0,0.0335,0.15,0.1,0.1,0.05,0.6
456,frozen_greedy_mlp_ppo_seed3,0,NOOP,0.069503,-0.077528,0.063609,0,25,82.39175717840668,683.6991310119629,149,0.4501208618983326,4292.3525390625,33.02265646873268,3,25,124,0.0,0.0335,0.15,0.1,0.1,0.05,0.6,50,182.2247710407869,484.71879959106445,152,0.44251451994243424,4304.78125,32.87415562857824,3,26,125,0.0,0.0335,0.15,0.1,0.1,0.05,0.6
457,frozen_greedy_mlp_ppo_seed3,0,NOOP,0.067658,-0.077524,0.057628,0,50,182.2247710407869,484.71879959106445,152,0.44251451994243424,4304.78125,32.87415562857824,3,26,125,0.0,0.0335,0.15,0.1,0.1,0.05,0.6,46,146.4269330014268,695.2290534973145,155,0.43516402706023183,4316.8271484375,32.72549621004478,3,27,126,0.0,0.0335,0.15,0.1,0.1,0.05,0.6
458,frozen_greedy_mlp_ppo_seed3,1,COMPACT_32KB,0.516954,-0.122535,0.145024,0,46,146.4269330014268,695.2290534973145,155,0.43516402706023183,4316.8271484375,32.72549621004478,3,27,126,0.0,0.0335,0.15,0.1,0.1,0.05,0.6,27,101.91086617687819,288.6219024658203,81,0.7944844563802084,4118.607421875,31.257725386342052,3,0,127,0.0,0.0335,0.15,0.1,0.05,0.05,0.65
459,frozen_greedy_mlp_ppo_seed3,0,NOOP,0.143121,-0.07754,0.139506,0,27,101.91086617687819,288.6219024658203,81,0.7944844563802084,4118.607421875,31.257725386342052,3,0,127,0.0,0.0335,0.15,0.1,0.05,0.05,0.65,31,117.58195930407638,285.7627868652344,84,0.7681038266136533,4129.326171875,31.931885607019584,3,1,128,0.0,0.0335,0.15,0.1,0.05,0.05,0.65
460,frozen_greedy_mlp_ppo_seed3,0,NOOP,0.137841,-0.07755,0.134226,0,31,117.58195930407638,285.7627868652344,84,0.7681038266136533,4129.326171875,31.931885607019584,3,1,128,0.0,0.0335,0.15,0.1,0.05,0.05,0.65,34,129.7832334065038,289.501428604126,87,0.7435818376212284,4140.263671875,32.4634479216277,3,2,129,0.0,0.0335,0.15,0.05,0.05,0.05,0.7
461,frozen_greedy_mlp_ppo_seed3,0,NOOP,0.132859,-0.077556,0.128977,0,34,129.7832334065038,289.501428604126,87,0.7435818376212284,4140.263671875,32.4634479216277,3,2,129,0.0,0.0335,0.15,0.05,0.05,0.05,0.7,24,66.94996940594322,306.61845207214355,90,0.720544942220052,4150.3388671875,32.895493272344,3,3,130,0.0,0.0335,0.15,0.05,0.05,0.05,0.7
462,frozen_greedy_mlp_ppo_seed3,5,PARTITION_REGION,-0.053571,-0.177566,0.122378,0,24,66.94996940594322,306.61845207214355,90,0.720544942220052,4150.3388671875,32.895493272344,3,3,130,0.0,0.0335,0.15,0.05,0.05,0.05,0.7,48,178.98465362642756,409.7247123718262,93,0.6993619857295867,4162.6025390625,33.205643977710274,2,4,0,0.0,0.0335,0.15,0.1,0.05,0.05,0.65
463,frozen_greedy_mlp_ppo_seed3,0,NOOP,0.123858,-0.077485,0.120069,0,48,178.98465362642756,409.7247123718262,93,0.6993619857295867,4162.6025390625,33.205643977710274,2,4,0,0.0,0.0335,0.15,0.1,0.05,0.05,0.65,34,117.95132449482104,309.4906806945801,96,0.6792922019958496,4173.5712890625,33.45886885722732,2,5,1,0.0,0.0335,0.15,0.1,0.05,0.05,0.65
464,frozen_greedy_mlp_ppo_seed3,1,COMPACT_32KB,0.525896,-0.088008,0.148442,0,34,117.95132449482104,309.4906806945801,96,0.6792922019958496,4173.5712890625,33.45886885722732,2,5,1,0.0,0.0335,0.15,0.1,0.05,0.05,0.65,39,153.32371899718711,559.8509311676025,77,0.8366944944703734,4123.23046875,31.235596799765993,2,0,2,0.0,0.0335,0.2,0.05,0.05,0.05,0.65
465,frozen_greedy_mlp_ppo_seed3,0,NOOP,0.151501,-0.043025,0.147966,0,39,153.32371899718711,559.8509311676025,77,0.8366944944703734,4123.23046875,31.235596799765993,2,0,2,0.0,0.0335,0.2,0.05,0.05,0.05,0.65,36,137.51152631066077,276.75557136535645,80,0.8075042724609375,4134.421875,32.08326338515861,2,1,3,0.0,0.0335,0.15,0.05,0.05,0.05,0.7
466,frozen_greedy_mlp_ppo_seed3,0,NOOP,0.145738,-0.043046,0.142043,0,36,137.51152631066077,276.75557136535645,80,0.8075042724609375,4134.421875,32.08326338515861,2,1,3,0.0,0.0335,0.15,0.05,0.05,0.05,0.7,44,176.1663252468055,288.46240043640137,83,0.7805635383330196,4146.353515625,32.74043256213082,2,2,4,0.0,0.0335,0.15,0.05,0.0,0.05,0.75
467,frozen_greedy_mlp_ppo_seed3,0,NOOP,0.140345,-0.051443,0.134057,0,44,176.1663252468055,288.46240043640137,83,0.7805635383330196,4146.353515625,32.74043256213082,2,2,4,0.0,0.0335,0.15,0.05,0.0,0.05,0.75,42,164.4267797189188,421.8876361846924,86,0.7554752438567406,4158.1357421875,33.260892411950394,2,3,5,0.0,0.0,0.2,0.05,0.0,0.0,0.75
468,frozen_greedy_mlp_ppo_seed3,0,NOOP,0.135276,-0.043079,0.131589,0,42,164.4267797189188,421.8876361846924,86,0.7554752438567406,4158.1357421875,33.260892411950394,2,3,5,0.0,0.0,0.2,0.05,0.0,0.0,0.75,38,148.2924621694244,295.61781883239746,89,0.7320045728362008,4169.498046875,33.67481075769102,2,4,6,0.0,0.0,0.2,0.05,0.0,0.0,0.75
469,frozen_greedy_mlp_ppo_seed3,1,COMPACT_32KB,0.528821,-0.088093,0.157174,0,38,148.2924621694244,295.61781883239746,89,0.7320045728362008,4169.498046875,33.67481075769102,2,4,6,0.0,0.0,0.2,0.05,0.0,0.0,0.75,38,142.43289770939975,268.25833320617676,76,0.8506981699090255,4137.7958984375,30.546574155537787,2,0,7,0.0,0.0,0.15,0.05,0.0,0.0,0.8
470,frozen_greedy_mlp_ppo_seed3,0,NOOP,0.15429,-0.043111,0.1517,0,38,142.43289770939975,268.25833320617676,76,0.8506981699090255,4137.7958984375,30.546574155537787,2,0,7,0.0,0.0,0.15,0.05,0.0,0.0,0.8,48,181.28156430818657,228.21378707885742,79,0.8208233797097508,4150.0830078125,31.480351925355137,2,1,8,0.0,0.0,0.15,0.05,0.0,0.05,0.75
471,frozen_greedy_mlp_ppo_seed3,0,NOOP,0.14838,-0.043129,0.135952,0,48,181.28156430818657,228.21378707885742,79,0.8208233797097508,4150.0830078125,31.480351925355137,2,1,8,0.0,0.0,0.15,0.05,0.0,0.05,0.75,49,176.17929199412967,723.8695621490479,82,0.7931494363924352,4162.4482421875,32.21711866420898,2,2,9,0.0,0.0,0.15,0.05,0.05,0.05,0.7
472,frozen_greedy_mlp_ppo_seed3,0,NOOP,0.142842,-0.043146,0.140081,0,49,176.17929199412967,723.8695621490479,82,0.7931494363924352,4162.4482421875,32.21711866420898,2,2,9,0.0,0.0,0.15,0.05,0.05,0.05,0.7,43,159.67691190792385,244.2929744720459,85,0.7673363180721507,4174.3095703125,32.80809963641414,2,3,10,0.0,0.0,0.15,0.05,0.05,0.1,0.65
473,frozen_greedy_mlp_ppo_seed3,0,NOOP,0.137581,-0.043158,0.133663,0,43,159.67691190792385,244.2929744720459,85,0.7673363180721507,4174.3095703125,32.80809963641414,2,3,10,0.0,0.0,0.15,0.05,0.05,0.1,0.65,21,76.94068133436643,305.9098720550537,88,0.7429046630859375,4184.0390625,33.30660787128362,2,4,11,0.0,0.0,0.15,0.05,0.05,0.1,0.65
474,frozen_greedy_mlp_ppo_seed3,1,COMPACT_32KB,0.529475,0.288708,0.359572,0,21,76.94068133436643,305.9098720550537,88,0.7429046630859375,4184.0390625,33.30660787128362,2,4,11,0.0,0.0,0.15,0.05,0.05,0.1,0.65,22,86.14560079466143,231.04429244995117,76,0.853964554636102,4153.68359375,30.27461556102635,2,0,12,0.67,0.0335,0.15,0.1,0.05,0.1,0.6
475,frozen_greedy_mlp_ppo_seed3,0,NOOP,0.154822,-0.043179,0.15122,0,22,86.14560079466143,231.04429244995117,76,0.853964554636102,4153.68359375,30.27461556102635,2,0,12,0.67,0.0335,0.15,0.1,0.05,0.1,0.6,22,82.81327170742652,278.8527011871338,79,0.8234828514388844,4163.529296875,31.28825120193575,2,1,13,0.0,0.0335,0.1,0.1,0.05,0.1,0.65
476,frozen_greedy_mlp_ppo_seed3,0,NOOP,0.148876,-0.043192,0.145232,0,22,82.81327170742652,278.8527011871338,79,0.8234828514388844,4163.529296875,31.28825120193575,2,1,13,0.0,0.0335,0.1,0.1,0.05,0.1,0.65,44,165.77412962673523,284.7099304199219,82,0.7956289896150914,4175.4609375,32.053357133684436,2,2,14,0.0,0.0335,0.1,0.1,0.05,0.1,0.65
477,frozen_greedy_mlp_ppo_seed3,0,NOOP,0.143341,-0.043215,0.13944,0,44,165.77412962673523,284.7099304199219,82,0.7956289896150914,4175.4609375,32.053357133684436,2,2,14,0.0,0.0335,0.1,0.1,0.05,0.1,0.65,50,186.6590714896041,301.2981414794922,85,0.7698322969324448,4187.8876953125,32.65183183056475,2,3,15,0.0,0.0335,0.1,0.1,0.05,0.1,0.65
478,frozen_greedy_mlp_ppo_seed3,0,NOOP,0.138088,-0.043226,0.131778,0,50,186.6590714896041,301.2981414794922,85,0.7698322969324448,4187.8876953125,32.65183183056475,2,3,15,0.0,0.0335,0.1,0.1,0.05,0.1,0.65,28,104.29190950869169,425.4913330078125,88,0.745437968860973,4198.306640625,33.154740671431405,2,4,16,0.0,0.0335,0.1,0.1,0.05,0.1,0.65
479,frozen_greedy_mlp_ppo_seed3,1,COMPACT_32KB,0.527906,-0.088239,0.15561,0,28,104.29190950869169,425.4913330078125,88,0.745437968860973,4198.306640625,33.154740671431405,2,4,16,0.0,0.0335,0.1,0.1,0.05,0.1,0.65,47,165.12468431672949,301.91874504089355,77,0.8467438933137176,4172.75390625,30.391620919264398,2,0,17,0.0,0.0335,0.1,0.1,0.05,0.1,0.65
480,frozen_greedy_mlp_ppo_seed3,0,NOOP,0.153457,-0.043252,0.149884,0,47,165.12468431672949,301.91874504089355,77,0.8467438933137176,4172.75390625,30.391620919264398,2,0,17,0.0,0.0335,0.1,0.1,0.05,0.1,0.65,42,153.67315982950868,278.667688369751,80,0.8172863006591797,4184.505859375,31.320332874572703,2,1,18,0.0,0.0335,0.1,0.1,0.05,0.1,0.65
481,frozen_greedy_mlp_ppo_seed3,0,NOOP,0.147552,0.333613,0.346183,0,42,153.67315982950868,278.667688369751,80,0.8172863006591797,4184.505859375,31.320332874572703,2,1,18,0.0,0.0335,0.1,0.1,0.05,0.1,0.65,24,86.56192552272111,222.23854064941406,83,0.7896370026002447,4194.5517578125,32.08740089871653,2,2,19,0.67,0.067,0.1,0.15,0.05,0.1,0.6
482,frozen_greedy_mlp_ppo_seed3,0,NOOP,0.142068,0.333602,0.34032,0,24,86.56192552272111,222.23854064941406,83,0.7896370026002447,4194.5517578125,32.08740089871653,2,2,19,0.67,0.067,0.1,0.15,0.05,0.1,0.6,34,126.67054774139393,244.91095542907715,86,0.764089539993641,4205.548828125,32.68179209019156,2,3,20,0.67,0.1005,0.1,0.15,0.05,0.1,0.6
483,frozen_greedy_mlp_ppo_seed3,0,NOOP,0.136905,-0.043287,0.129392,0,34,126.67054774139393,244.91095542907715,86,0.764089539993641,4205.548828125,32.68179209019156,2,3,20,0.67,0.1005,0.1,0.15,0.05,0.1,0.6,27,99.69733955453825,486.8929386138916,89,0.7401496801483497,4215.892578125,33.16253879803905,2,4,21,0.0,0.1005,0.1,0.15,0.05,0.1,0.6
484,frozen_greedy_mlp_ppo_seed3,1,COMPACT_32KB,0.52632,-0.088308,0.15227,0,27,99.69733955453825,486.8929386138916,89,0.7401496801483497,4215.892578125,33.16253879803905,2,4,21,0.0,0.1005,0.1,0.15,0.05,0.1,0.6,47,170.90606820904864,390.9006118774414,78,0.8394390008388422,4190.4794921875,30.497121148252543,2,0,22,0.0,0.1005,0.1,0.15,0.05,0.1,0.6
485,frozen_greedy_mlp_ppo_seed3,0,NOOP,0.151991,-0.043323,0.148101,0,47,170.90606820904864,390.9006118774414,78,0.8394390008388422,4190.4794921875,30.497121148252543,2,0,22,0.0,0.1005,0.1,0.15,0.05,0.1,0.6,40,140.3426166111923,295.7165241241455,81,0.8105781460985725,4202.037109375,31.385007326517083,2,1,23,0.0,0.1005,0.1,0.15,0.05,0.1,0.6
486,frozen_greedy_mlp_ppo_seed3,0,NOOP,0.146252,-0.043338,0.130286,0,40,140.3426166111923,295.7165241241455,81,0.8105781460985725,4202.037109375,31.385007326517083,2,1,23,0.0,0.1005,0.1,0.15,0.05,0.1,0.6,39,150.51233199638943,903.278112411499,84,0.7837586175827753,4213.486328125,32.092513554798316,2,2,24,0.0,0.1005,0.1,0.15,0.1,0.1,0.55
487,frozen_greedy_mlp_ppo_seed3,0,NOOP,0.140862,-0.043356,0.137265,0,39,150.51233199638943,903.278112411499,84,0.7837586175827753,4213.486328125,32.092513554798316,2,2,24,0.0,0.1005,0.1,0.15,0.1,0.1,0.55,33,125.48392512959803,288.59663009643555,87,0.758685407967403,4224.3603515625,32.66424944023845,2,3,25,0.0,0.1005,0.05,0.15,0.1,0.1,0.6
488,frozen_greedy_mlp_ppo_seed3,6,PARTITION_EVENT_TYPE,-0.04604,-0.14337,0.131671,0,33,125.48392512959803,288.59663009643555,87,0.758685407967403,4224.3603515625,32.66424944023845,2,3,25,0.0,0.1005,0.05,0.15,0.1,0.1,0.6,24,90.26301131075247,317.87824630737305,90,0.7351414998372395,4234.4150390625,33.12973504578681,3,4,0,0.0,0.1005,0.05,0.15,0.1,0.1,0.6
489,frozen_greedy_mlp_ppo_seed3,1,COMPACT_32KB,0.522654,-0.11898,0.150192,0,24,90.26301131075247,317.87824630737305,90,0.7351414998372395,4234.4150390625,33.12973504578681,3,4,0,0.0,0.1005,0.05,0.15,0.1,0.1,0.6,32,112.35699020145408,314.0292167663574,80,0.8223623275756836,4210.4951171875,30.309076618903983,3,0,1,0.0,0.1005,0.05,0.2,0.1,0.1,0.55
490,frozen_greedy_mlp_ppo_seed3,0,NOOP,0.14857,-0.073994,0.144845,0,32,112.35699020145408,314.0292167663574,80,0.8223623275756836,4210.4951171875,30.309076618903983,3,0,1,0.0,0.1005,0.05,0.2,0.1,0.1,0.55,36,135.58064490060528,290.01379013061523,83,0.79472461378718,4221.5771484375,31.13716561621832,3,1,2,0.0,0.1005,0.05,0.2,0.1,0.05,0.6
491,frozen_greedy_mlp_ppo_seed3,0,NOOP,0.143072,-0.073994,0.136324,0,36,135.58064490060528,290.01379013061523,83,0.79472461378718,4221.5771484375,31.13716561621832,3,1,2,0.0,0.1005,0.05,0.2,0.1,0.05,0.6,40,157.46541849765453,444.89336013793945,86,0.7691075524618459,4233.16796875,31.78939777121067,3,2,3,0.0,0.1005,0.05,0.2,0.05,0.05,0.65
492,frozen_greedy_mlp_ppo_seed3,0,NOOP,0.137902,-0.073994,0.133903,0,40,157.46541849765453,444.89336013793945,86,0.7691075524618459,4233.16796875,31.78939777121067,3,2,3,0.0,0.1005,0.05,0.2,0.05,0.05,0.65,35,135.91846409101683,311.21301651000977,89,0.7451343322068118,4244.28515625,32.31687190700657,3,3,4,0.0,0.1005,0.05,0.2,0.05,0.0,0.7
493,frozen_greedy_mlp_ppo_seed3,0,NOOP,0.133041,-0.073989,0.128374,0,35,135.91846409101683,311.21301651000977,89,0.7451343322068118,4244.28515625,32.31687190700657,3,3,4,0.0,0.1005,0.05,0.2,0.05,0.0,0.7,34,128.80023844145992,348.35147857666016,92,0.7227041825004246,4255.2822265625,32.73784891440783,3,4,5,0.0,0.1005,0.05,0.2,0.05,0.0,0.7
494,frozen_greedy_mlp_ppo_seed3,0,NOOP,0.128468,-0.082374,0.122669,0,34,128.80023844145992,348.35147857666016,92,0.7227041825004246,4255.2822265625,32.73784891440783,3,4,5,0.0,0.1005,0.05,0.2,0.05,0.0,0.7,36,132.1803876254005,408.68163108825684,95,0.7017131604646382,4266.416015625,33.06850742577664,3,5,6,0.0,0.067,0.05,0.2,0.05,0.0,0.7
495,frozen_greedy_mlp_ppo_seed3,0,NOOP,0.124152,-0.074001,0.120243,0,36,132.1803876254005,408.68163108825684,95,0.7017131604646382,4266.416015625,33.06850742577664,3,5,6,0.0,0.067,0.05,0.2,0.05,0.0,0.7,35,132.4255785926145,317.9495334625244,98,0.6820082372548629,4277.5556640625,33.32574667896507,3,6,7,0.0,0.067,0.05,0.2,0.05,0.0,0.7
496,frozen_greedy_mlp_ppo_seed3,0,NOOP,0.120091,-0.074002,0.104545,0,35,132.4255785926145,317.9495334625244,98,0.6820082372548629,4277.5556640625,33.32574667896507,3,6,7,0.0,0.067,0.05,0.2,0.05,0.0,0.7,43,159.33693668224507,903.5592079162598,101,0.6635804129118966,4289.3837890625,33.51417100523862,3,7,8,0.0,0.067,0.05,0.2,0.1,0.0,0.65
497,frozen_greedy_mlp_ppo_seed3,0,NOOP,0.116227,-0.074002,0.101739,0,43,159.33693668224507,903.5592079162598,101,0.6635804129118966,4289.3837890625,33.51417100523862,3,7,8,0.0,0.067,0.05,0.2,0.1,0.0,0.65,37,142.68911111029382,854.4306755065918,104,0.646136210514949,4300.6826171875,33.65813661872505,3,8,9,0.0,0.067,0.05,0.2,0.15,0.0,0.6
498,frozen_greedy_mlp_ppo_seed3,0,NOOP,0.11254,-0.074013,0.106522,0,37,142.68911111029382,854.4306755065918,104,0.646136210514949,4300.6826171875,33.65813661872505,3,8,9,0.0,0.067,0.05,0.2,0.15,0.0,0.6,31,120.059450115975,434.62538719177246,107,0.6295729307370765,4311.3154296875,33.766160828713474,3,9,10,0.0,0.067,0.05,0.25,0.15,0.0,0.55
499,frozen_greedy_mlp_ppo_seed3,0,NOOP,0.109061,-0.07403,0.104779,0,31,120.059450115975,434.62538719177246,107,0.6295729307370765,4311.3154296875,33.766160828713474,3,9,10,0.0,0.067,0.05,0.25,0.15,0.0,0.55,41,154.39021837009346,351.59826278686523,110,0.6140545931729403,4322.9443359375,33.827805994251676,3,10,11,0.0,0.067,0.05,0.25,0.15,0.0,0.55
500,frozen_greedy_mlp_ppo_seed3,1,COMPACT_32KB,0.519926,-0.119044,0.137719,1,41,154.39021837009346,351.59826278686523,110,0.6140545931729403,4322.9443359375,33.827805994251676,3,10,11,0.0,0.067,0.05,0.25,0.15,0.0,0.55,28,101.61903756530708,803.7688732147217,82,0.8099722513338414,4250.734375,30.313281508404042,3,0,12,0.0,0.067,0.05,0.25,0.2,0.0,0.5
