step,policy_name,action,action_name,compact_reward,partition_reward,global_reward,done,rows_ingested,ingestion_rate_rows_per_sec,latency_ms,file_count,block_utilization,total_size_kb,file_size_skew_kb,partition_strategy,steps_since_compact,steps_since_partition_change,partition_pruning_ratio,avg_pruning_ratio,query_hist_time_range,query_hist_region_filter,query_hist_sensor_lookup,query_hist_type_filter,query_hist_full_scan,next_rows_ingested,next_ingestion_rate_rows_per_sec,next_latency_ms,next_file_count,next_block_utilization,next_total_size_kb,next_file_size_skew_kb,next_partition_strategy,next_steps_since_compact,next_steps_since_partition_change,next_partition_pruning_ratio,next_avg_pruning_ratio,next_query_hist_time_range,next_query_hist_region_filter,next_query_hist_sensor_lookup,next_query_hist_type_filter,next_query_hist_full_scan
1,adaptive_attentive_ppoclip_seed1,0,NOOP,0.017267,0.0,0.01586,0,0,0.0,0.0,0,0.0,0.0,0.0,0,0,0,0.0,0.0,0.0,0.0,0.0,0.0,0.0,32,197.73027378048062,71.5947151184082,1,0.0869598388671875,5.5654296875,0.0,0,1,1,0.0,0.0,1.0,0.0,0.0,0.0,0.0
2,adaptive_attentive_ppoclip_seed1,0,NOOP,0.017382,0.0,0.016449,0,32,197.73027378048062,71.5947151184082,1,0.0869598388671875,5.5654296875,0.0,0,1,1,0.0,0.0,1.0,0.0,0.0,0.0,0.0,34,211.11726702631003,49.11184310913086,2,0.08815765380859375,11.2841796875,0.10841383266239059,0,2,2,0.0,0.0,0.5,0.0,0.0,0.0,0.5
3,adaptive_attentive_ppoclip_seed1,0,NOOP,0.017061,0.0,0.015516,0,34,211.11726702631003,49.11184310913086,2,0.08815765380859375,11.2841796875,0.10841383266239059,0,2,2,0.0,0.0,0.5,0.0,0.0,0.0,0.5,31,192.01370435512,80.98769187927246,3,0.08717854817708333,16.73828125,0.13287830592457187,0,3,3,0.0,0.0,0.6666666666666666,0.0,0.0,0.0,0.3333333333333333
4,adaptive_attentive_ppoclip_seed1,0,NOOP,0.017054,0.0,0.015502,0,31,192.01370435512,80.98769187927246,3,0.08717854817708333,16.73828125,0.13287830592457187,0,3,3,0.0,0.0,0.6666666666666666,0.0,0.0,0.0,0.3333333333333333,34,210.1652007828527,82.60798454284668,4,0.08777236938476562,22.4697265625,0.13247068212752475,0,4,4,0.0,0.0,0.75,0.0,0.0,0.0,0.25
5,adaptive_attentive_ppoclip_seed1,0,NOOP,0.017166,0.0,0.013797,0,34,210.1652007828527,82.60798454284668,4,0.08777236938476562,22.4697265625,0.13247068212752475,0,4,4,0.0,0.0,0.75,0.0,0.0,0.0,0.25,37,225.81817176466137,174.70049858093262,5,0.08895263671875,28.46484375,0.20418284864589473,0,5,5,0.0,0.0,0.8,0.0,0.0,0.0,0.2
6,adaptive_attentive_ppoclip_seed1,0,NOOP,0.01706,0.0,0.014818,0,37,225.81817176466137,174.70049858093262,5,0.08895263671875,28.46484375,0.20418284864589473,0,5,5,0.0,0.0,0.8,0.0,0.0,0.0,0.2,34,159.78569499767502,119.60053443908691,6,0.08904774983723958,34.1943359375,0.18323437302916515,0,6,6,0.0,0.0,0.8333333333333334,0.0,0.0,0.0,0.16666666666666666
7,adaptive_attentive_ppoclip_seed1,0,NOOP,0.0173,0.0,0.015184,0,34,159.78569499767502,119.60053443908691,6,0.08904774983723958,34.1943359375,0.18323437302916515,0,6,6,0.0,0.0,0.8333333333333334,0.0,0.0,0.0,0.16666666666666666,43,261.87375237763354,114.56489562988281,7,0.09087480817522321,40.7119140625,0.35169623520741994,0,7,7,0.0,0.0,0.8571428571428571,0.0,0.0,0.0,0.14285714285714285
8,adaptive_attentive_ppoclip_seed1,0,NOOP,0.016994,0.0,0.014903,0,43,261.87375237763354,114.56489562988281,7,0.09087480817522321,40.7119140625,0.35169623520741994,0,7,7,0.0,0.0,0.8571428571428571,0.0,0.0,0.0,0.14285714285714285,30,176.11754875353589,114.54200744628906,8,0.08996772766113281,46.0634765625,0.3646663623128428,0,8,8,0.0,0.0,0.875,0.0,0.0,0.0,0.125
9,adaptive_attentive_ppoclip_seed1,0,NOOP,0.017363,0.0,0.01488,0,30,176.11754875353589,114.54200744628906,8,0.08996772766113281,46.0634765625,0.3646663623128428,0,8,8,0.0,0.0,0.875,0.0,0.0,0.0,0.125,50,299.19606693402613,135.3926658630371,9,0.09243943956163195,53.2451171875,0.584443579835498,0,9,9,0.0,0.0,0.8888888888888888,0.0,0.0,0.0,0.1111111111111111
10,adaptive_attentive_ppoclip_seed1,0,NOOP,0.017261,0.0,0.014765,0,50,299.19606693402613,135.3926658630371,9,0.09243943956163195,53.2451171875,0.584443579835498,0,9,9,0.0,0.0,0.8888888888888888,0.0,0.0,0.0,0.1111111111111111,37,191.2427052859104,137.33148574829102,10,0.0925567626953125,59.236328125,0.5515300545471601,0,10,10,0.0,0.0,0.9,0.0,0.0,0.0,0.1
11,adaptive_attentive_ppoclip_seed1,0,NOOP,0.017263,0.0,0.01492,0,37,191.2427052859104,137.33148574829102,10,0.0925567626953125,59.236328125,0.5515300545471601,0,10,10,0.0,0.0,0.9,0.0,0.0,0.0,0.1,41,244.5741787389458,130.90753555297852,11,0.09319236061789772,65.607421875,0.540341370311351,0,11,11,0.0,0.0,0.9090909090909091,0.0,0.0,0.0,0.09090909090909091
12,adaptive_attentive_ppoclip_seed1,0,NOOP,0.017034,0.0,0.014755,0,41,244.5741787389458,130.90753555297852,11,0.09319236061789772,65.607421875,0.540341370311351,0,11,11,0.0,0.0,0.9090909090909091,0.0,0.0,0.0,0.09090909090909091,32,177.83542193897156,128.9834976196289,12,0.09267171223958333,71.171875,0.5279678436484716,0,12,12,0.0,0.0,0.9166666666666666,0.0,0.0,0.0,0.08333333333333333
13,adaptive_attentive_ppoclip_seed1,0,NOOP,0.01721,0.0,0.014832,0,32,177.83542193897156,128.9834976196289,12,0.09267171223958333,71.171875,0.5279678436484716,0,12,12,0.0,0.0,0.9166666666666666,0.0,0.0,0.0,0.08333333333333333,50,289.3557368861122,135.18118858337402,13,0.09417724609375,78.35546875,0.6133632726549116,0,13,13,0.0,0.0,0.9230769230769231,0.0,0.0,0.0,0.07692307692307693
14,adaptive_attentive_ppoclip_seed1,0,NOOP,0.01726,0.0,0.01484,0,50,289.3557368861122,135.18118858337402,13,0.09417724609375,78.35546875,0.6133632726549116,0,13,13,0.0,0.0,0.9230769230769231,0.0,0.0,0.0,0.07692307692307693,46,280.74691624795736,138.51594924926758,14,0.09505135672433036,85.166015625,0.625371667371015,0,14,14,0.0,0.0,0.9285714285714286,0.0,0.0,0.0,0.07142857142857142
15,adaptive_attentive_ppoclip_seed1,0,NOOP,0.017137,0.0,0.014726,0,46,280.74691624795736,138.51594924926758,14,0.09505135672433036,85.166015625,0.625371667371015,0,14,14,0.0,0.0,0.9285714285714286,0.0,0.0,0.0,0.07142857142857142,38,228.88984437043771,139.3139362335205,15,0.09506123860677083,91.2587890625,0.6026281954048087,0,15,15,0.0,0.0,0.9333333333333333,0.0,0.0,0.0,0.06666666666666667
16,adaptive_attentive_ppoclip_seed1,0,NOOP,0.016958,0.0,0.012662,0,38,228.88984437043771,139.3139362335205,15,0.09506123860677083,91.2587890625,0.6026281954048087,0,15,15,0.0,0.0,0.9333333333333333,0.0,0.0,0.0,0.06666666666666667,35,202.2395591527467,234.8034381866455,16,0.09479045867919922,97.0654296875,0.5863064397012003,0,16,16,0.0,0.0,0.9375,0.0,0.0,0.0,0.0625
17,adaptive_attentive_ppoclip_seed1,0,NOOP,0.016759,0.0,0.013848,0,35,202.2395591527467,234.8034381866455,16,0.09479045867919922,97.0654296875,0.5863064397012003,0,16,16,0.0,0.0,0.9375,0.0,0.0,0.0,0.0625,33,174.2259100750214,166.7764186859131,17,0.09441959156709559,102.728515625,0.576062402946112,0,17,17,0.0,0.0,0.9411764705882353,0.0,0.0,0.0,0.058823529411764705
18,adaptive_attentive_ppoclip_seed1,1,COMPACT_32KB,0.422584,-0.045,0.052997,0,33,174.2259100750214,166.7764186859131,17,0.09441959156709559,102.728515625,0.576062402946112,0,17,17,0.0,0.0,0.9411764705882353,0.0,0.0,0.0,0.058823529411764705,41,236.19268841070382,75.26135444641113,4,0.27451324462890625,70.275390625,3.6582016042803605,0,0,18,0.0,0.0,0.9444444444444444,0.0,0.0,0.0,0.05555555555555555
19,adaptive_attentive_ppoclip_seed1,0,NOOP,0.047725,0.0,0.045138,0,41,236.19268841070382,75.26135444641113,4,0.27451324462890625,70.275390625,3.6582016042803605,0,0,18,0.0,0.0,0.9444444444444444,0.0,0.0,0.0,0.05555555555555555,49,278.77937703552686,135.60128211975098,5,0.2417510986328125,77.3603515625,5.65855152662641,0,1,19,0.0,0.0,0.9473684210526315,0.0,0.0,0.0,0.05263157894736842
20,adaptive_attentive_ppoclip_seed1,0,NOOP,0.042719,0.0,0.040208,0,49,278.77937703552686,135.60128211975098,5,0.2417510986328125,77.3603515625,5.65855152662641,0,1,19,0.0,0.0,0.9473684210526315,0.0,0.0,0.0,0.05263157894736842,38,173.5827985001073,133.04471969604492,6,0.21734619140625,83.4609375,6.344510819235821,0,2,20,0.0,0.0,0.95,0.0,0.0,0.0,0.05
21,adaptive_attentive_ppoclip_seed1,5,PARTITION_REGION,-0.142289,-0.1,0.035712,0,38,173.5827985001073,133.04471969604492,6,0.21734619140625,83.4609375,6.344510819235821,0,2,20,0.0,0.0,0.95,0.0,0.0,0.0,0.05,49,254.8160873651348,199.57518577575684,7,0.20201982770647323,90.5048828125,6.346573371604108,2,3,0,0.0,0.0,0.9,0.0,0.05,0.0,0.05
22,adaptive_attentive_ppoclip_seed1,0,NOOP,0.030651,-0.081198,0.027759,0,49,254.8160873651348,199.57518577575684,7,0.20201982770647323,90.5048828125,6.346573371604108,2,3,0,0.0,0.0,0.9,0.0,0.05,0.0,0.05,40,169.23536900037726,157.0746898651123,10,0.159503173828125,102.08203125,6.788772509309745,2,4,1,0.0,0.0,0.95,0.0,0.05,0.0,0.0
23,adaptive_attentive_ppoclip_seed1,0,NOOP,0.025509,-0.077232,0.022521,0,40,169.23536900037726,157.0746898651123,10,0.159503173828125,102.08203125,6.788772509309745,2,4,1,0.0,0.0,0.95,0.0,0.05,0.0,0.0,32,156.9153809371825,165.6181812286377,13,0.1356682410606971,112.8759765625,6.557281160993945,2,5,2,0.0,0.0,0.9,0.0,0.1,0.0,0.0
24,adaptive_attentive_ppoclip_seed1,0,NOOP,0.022469,-0.071644,0.019367,0,32,156.9153809371825,165.6181812286377,13,0.1356682410606971,112.8759765625,6.557281160993945,2,5,2,0.0,0.0,0.9,0.0,0.1,0.0,0.0,50,248.8648810293739,175.079345703125,16,0.12234306335449219,125.279296875,6.166211397101868,2,6,3,0.0,0.0,0.9,0.0,0.1,0.0,0.0
25,adaptive_attentive_ppoclip_seed1,0,NOOP,0.020026,-0.068221,0.016843,0,50,248.8648810293739,175.079345703125,16,0.12234306335449219,125.279296875,6.166211397101868,2,6,3,0.0,0.0,0.9,0.0,0.1,0.0,0.0,34,143.02238812706162,182.88350105285645,19,0.1120043302837171,136.197265625,5.853956913862587,2,7,4,0.0,0.0,0.9,0.0,0.1,0.0,0.0
26,adaptive_attentive_ppoclip_seed1,2,COMPACT_64KB,0.075161,-0.072037,0.051745,0,34,143.02238812706162,182.88350105285645,19,0.1120043302837171,136.197265625,5.853956913862587,2,7,4,0.0,0.0,0.9,0.0,0.1,0.0,0.0,45,226.3591357408758,98.72078895568848,6,0.27159881591796875,104.2939453125,12.525232006825204,2,0,5,0.0,0.0,0.85,0.0,0.1,0.05,0.0
27,adaptive_attentive_ppoclip_seed1,0,NOOP,0.039217,-0.021751,0.037613,0,45,226.3591357408758,98.72078895568848,6,0.27159881591796875,104.2939453125,12.525232006825204,2,0,5,0.0,0.0,0.85,0.0,0.1,0.05,0.0,44,156.55751800990163,91.45474433898926,9,0.20171101888020834,116.185546875,11.963493627181341,2,1,6,0.0,0.0,0.8,0.0,0.1,0.05,0.05
28,adaptive_attentive_ppoclip_seed1,0,NOOP,0.031723,-0.021634,0.029286,0,44,156.55751800990163,91.45474433898926,9,0.20171101888020834,116.185546875,11.963493627181341,2,1,6,0.0,0.0,0.8,0.0,0.1,0.05,0.05,38,200.68667612702737,136.88135147094727,12,0.16611735026041666,127.578125,11.006765809606245,2,2,7,0.0,0.0,0.8,0.0,0.1,0.05,0.05
29,adaptive_attentive_ppoclip_seed1,0,NOOP,0.027284,-0.021595,0.024561,0,38,200.68667612702737,136.88135147094727,12,0.16611735026041666,127.578125,11.006765809606245,2,2,7,0.0,0.0,0.8,0.0,0.1,0.05,0.05,49,266.88183336320026,154.91795539855957,15,0.14579671223958332,139.96484375,10.125326352968216,2,3,8,0.0,0.0,0.8,0.0,0.1,0.05,0.05
30,adaptive_attentive_ppoclip_seed1,0,NOOP,0.024173,-0.021409,0.020714,0,49,266.88183336320026,154.91795539855957,15,0.14579671223958332,139.96484375,10.125326352968216,2,3,8,0.0,0.0,0.8,0.0,0.1,0.05,0.05,48,261.41591582818165,195.4519748687744,18,0.13211483425564235,152.1962890625,9.410148284295781,2,4,9,0.0,0.0,0.8,0.0,0.1,0.05,0.05
31,adaptive_attentive_ppoclip_seed1,3,COMPACT_128KB,-0.205136,-0.076704,0.118901,0,48,261.41591582818165,195.4519748687744,18,0.13211483425564235,152.1962890625,9.410148284295781,2,4,9,0.0,0.0,0.8,0.0,0.1,0.05,0.05,48,212.14246335151356,51.90420150756836,3,0.6011962890625,115.4296875,18.715189727343308,2,0,10,0.0,0.0,0.75,0.0,0.1,0.05,0.1
32,adaptive_attentive_ppoclip_seed1,0,NOOP,0.065471,-0.021866,0.062845,0,48,212.14246335151356,51.90420150756836,3,0.6011962890625,115.4296875,18.715189727343308,2,0,10,0.0,0.0,0.75,0.0,0.1,0.05,0.1,42,225.03844262221784,138.76652717590332,6,0.33110300699869794,127.1435546875,22.337116400967286,2,1,11,0.0,0.0,0.75,0.0,0.1,0.05,0.1
33,adaptive_attentive_ppoclip_seed1,0,NOOP,0.047351,-0.022182,0.045741,0,42,225.03844262221784,138.76652717590332,6,0.33110300699869794,127.1435546875,22.337116400967286,2,1,11,0.0,0.0,0.75,0.0,0.1,0.05,0.1,50,250.00649707512406,91.7818546295166,9,0.2423824734157986,139.6123046875,19.613613389651377,2,2,12,0.0,0.0,0.7,0.0,0.1,0.1,0.1
34,adaptive_attentive_ppoclip_seed1,0,NOOP,0.037736,-0.022078,0.03537,0,50,250.00649707512406,91.7818546295166,9,0.2423824734157986,139.6123046875,19.613613389651377,2,2,12,0.0,0.0,0.7,0.0,0.1,0.1,0.1,35,189.07033952660495,133.32557678222656,12,0.19618097941080728,150.6669921875,17.562573590839722,2,3,13,0.0,0.0,0.7,0.0,0.1,0.1,0.1
35,adaptive_attentive_ppoclip_seed1,0,NOOP,0.031745,0.355386,0.231163,0,35,189.07033952660495,133.32557678222656,12,0.19618097941080728,150.6669921875,17.562573590839722,2,3,13,0.0,0.0,0.7,0.0,0.1,0.1,0.1,31,169.9885918982344,97.83458709716797,15,0.16809895833333333,161.375,16.006460566612873,2,4,14,0.67,0.0335,0.65,0.05,0.1,0.1,0.1
36,adaptive_attentive_ppoclip_seed1,0,NOOP,0.027738,-0.020976,0.024804,0,31,169.9885918982344,97.83458709716797,15,0.16809895833333333,161.375,16.006460566612873,2,4,14,0.67,0.0335,0.65,0.05,0.1,0.1,0.1,38,179.44475818618244,169.19422149658203,18,0.14994049072265625,172.7314453125,14.769865167222582,2,5,15,0.0,0.0335,0.65,0.05,0.1,0.1,0.1
37,adaptive_attentive_ppoclip_seed1,3,COMPACT_128KB,-0.184782,-0.076012,0.138783,0,38,179.44475818618244,169.19422149658203,18,0.14994049072265625,172.7314453125,14.769865167222582,2,5,15,0.0,0.0335,0.65,0.05,0.1,0.1,0.1,30,166.06435418159646,75.53601264953613,3,0.7029673258463541,134.9697265625,21.44680869483027,2,0,16,0.0,0.0335,0.65,0.05,0.1,0.1,0.1
38,adaptive_attentive_ppoclip_seed1,0,NOOP,0.075803,-0.021279,0.073698,0,30,166.06435418159646,75.53601264953613,3,0.7029673258463541,134.9697265625,21.44680869483027,2,0,16,0.0,0.0335,0.65,0.05,0.1,0.1,0.1,45,241.29849143441575,112.72168159484863,6,0.38276418050130206,146.9814453125,26.236723955274666,2,1,17,0.0,0.0335,0.6,0.05,0.15,0.1,0.1
39,adaptive_attentive_ppoclip_seed1,0,NOOP,0.054076,-0.020927,0.051572,0,45,241.29849143441575,112.72168159484863,6,0.38276418050130206,146.9814453125,26.236723955274666,2,1,17,0.0,0.0335,0.6,0.05,0.15,0.1,0.1,45,244.53889756230282,136.43932342529297,9,0.2760043674045139,158.978515625,23.136731191862175,2,2,18,0.0,0.0335,0.6,0.05,0.15,0.1,0.1
40,adaptive_attentive_ppoclip_seed1,0,NOOP,0.042952,0.356405,0.242879,0,45,244.53889756230282,136.43932342529297,9,0.2760043674045139,158.978515625,23.136731191862175,2,2,18,0.0,0.0335,0.6,0.05,0.15,0.1,0.1,42,223.3816352590447,68.65811347961426,12,0.22226079305013022,170.6962890625,20.68908739569743,2,3,19,0.67,0.067,0.55,0.1,0.15,0.1,0.1
41,adaptive_attentive_ppoclip_seed1,0,NOOP,0.035918,-0.0207,0.033177,0,42,223.3816352590447,68.65811347961426,12,0.22226079305013022,170.6962890625,20.68908739569743,2,3,19,0.67,0.067,0.55,0.1,0.15,0.1,0.1,31,169.25945924836304,155.78889846801758,15,0.18896586100260418,181.4072265625,18.864247457718907,2,4,20,0.0,0.067,0.6,0.1,0.1,0.1,0.1
42,adaptive_attentive_ppoclip_seed1,5,PARTITION_REGION,-0.423235,-0.270509,0.028595,0,31,169.25945924836304,155.78889846801758,15,0.18896586100260418,181.4072265625,18.864247457718907,2,4,20,0.0,0.067,0.6,0.1,0.1,0.1,0.1,43,229.66362197424937,158.23912620544434,18,0.16780005560980904,193.3056640625,17.401139169922175,2,5,21,0.0,0.067,0.6,0.1,0.1,0.1,0.1
43,adaptive_attentive_ppoclip_seed1,0,NOOP,0.027797,-0.020548,0.0249,0,43,229.66362197424937,158.23912620544434,18,0.16780005560980904,193.3056640625,17.401139169922175,2,5,21,0.0,0.067,0.6,0.1,0.1,0.1,0.1,35,190.5252269615382,171.0808277130127,21,0.1521090552920387,204.4345703125,16.240949708824065,2,6,22,0.0,0.067,0.65,0.1,0.05,0.1,0.1
44,adaptive_attentive_ppoclip_seed1,5,PARTITION_REGION,-0.429308,-0.270399,0.022329,0,35,190.5252269615382,171.0808277130127,21,0.1521090552920387,204.4345703125,16.240949708824065,2,6,22,0.0,0.067,0.65,0.1,0.05,0.1,0.1,49,259.90661512060086,175.43339729309082,24,0.1411895751953125,216.8671875,15.262969893269402,2,7,23,0.0,0.067,0.65,0.1,0.05,0.1,0.1
45,adaptive_attentive_ppoclip_seed1,7,REMOVE_PARTITION,-0.040661,-0.055324,0.020453,0,49,259.90661512060086,175.43339729309082,24,0.1411895751953125,216.8671875,15.262969893269402,2,7,23,0.0,0.067,0.65,0.1,0.05,0.1,0.1,32,173.2722545397273,159.82937812805176,27,0.13174947102864584,227.6630859375,14.46111591696551,0,8,0,0.0,0.067,0.6,0.15,0.05,0.1,0.1
46,adaptive_attentive_ppoclip_seed1,3,COMPACT_128KB,-0.12525,-0.055,0.198901,0,32,173.2722545397273,159.82937812805176,27,0.13174947102864584,227.6630859375,14.46111591696551,0,8,0,0.0,0.067,0.6,0.15,0.05,0.1,0.1,47,225.6037006222255,44.93236541748047,2,1.2758636474609375,163.310546875,31.141700798780196,0,0,1,0.0,0.067,0.6,0.15,0.05,0.05,0.15
47,adaptive_attentive_ppoclip_seed1,0,NOOP,0.176353,0.0,0.174657,0,47,225.6037006222255,44.93236541748047,2,1.2758636474609375,163.310546875,31.141700798780196,0,0,1,0.0,0.067,0.6,0.15,0.05,0.05,0.15,41,242.84795318334076,88.54818344116211,3,0.8836415608723959,169.6591796875,48.73670216987064,0,1,2,0.0,0.067,0.65,0.15,0.05,0.05,0.1
48,adaptive_attentive_ppoclip_seed1,0,NOOP,0.137685,0.0,0.13601,0,41,242.84795318334076,88.54818344116211,3,0.8836415608723959,169.6591796875,48.73670216987064,0,1,2,0.0,0.067,0.65,0.15,0.05,0.05,0.1,50,299.8192922661665,88.76299858093262,4,0.6909255981445312,176.876953125,46.818835754546846,0,2,3,0.0,0.067,0.65,0.15,0.05,0.05,0.1
49,adaptive_attentive_ppoclip_seed1,0,NOOP,0.11335,0.0,0.111211,0,50,299.8192922661665,88.76299858093262,4,0.6909255981445312,176.876953125,46.818835754546846,0,2,3,0.0,0.067,0.65,0.15,0.05,0.05,0.1,31,176.29266903760188,113.1892204284668,5,0.5698760986328125,182.3603515625,44.091899411780346,0,3,4,0.0,0.067,0.65,0.15,0.05,0.05,0.1
50,adaptive_attentive_ppoclip_seed1,0,NOOP,0.097361,0.0,0.095138,0,31,176.29266903760188,113.1892204284668,5,0.5698760986328125,182.3603515625,44.091899411780346,0,3,4,0.0,0.067,0.65,0.15,0.05,0.05,0.1,37,209.37623684899313,118.69502067565918,6,0.49055735270182294,188.3740234375,41.350882468057385,0,4,5,0.0,0.067,0.65,0.15,0.05,0.05,0.1
51,adaptive_attentive_ppoclip_seed1,0,NOOP,0.086584,0.0,0.084405,0,37,209.37623684899313,118.69502067565918,6,0.49055735270182294,188.3740234375,41.350882468057385,0,4,5,0.0,0.067,0.65,0.15,0.05,0.05,0.1,54,310.5660664016597,117.72465705871582,7,0.4372950962611607,195.908203125,38.81045708209791,0,5,6,0.0,0.067,0.7,0.15,0.05,0.05,0.05
52,adaptive_attentive_ppoclip_seed1,0,NOOP,0.079117,0.0,0.076774,0,54,310.5660664016597,117.72465705871582,7,0.4372950962611607,195.908203125,38.81045708209791,0,5,6,0.0,0.067,0.7,0.15,0.05,0.05,0.05,73,429.54892509020715,127.12264060974121,8,0.40058326721191406,205.0986328125,36.54088297956519,0,6,7,0.0,0.067,0.65,0.15,0.1,0.05,0.05
53,adaptive_attentive_ppoclip_seed1,0,NOOP,0.073666,0.0,0.071404,0,73,429.54892509020715,127.12264060974121,8,0.40058326721191406,205.0986328125,36.54088297956519,0,6,7,0.0,0.067,0.65,0.15,0.1,0.05,0.05,86,503.31413900400463,124.33362007141113,9,0.3739556206597222,215.3984375,34.56109593563002,0,7,8,0.0,0.067,0.7,0.15,0.1,0.0,0.05
54,adaptive_attentive_ppoclip_seed1,0,NOOP,0.069016,0.0,0.066417,0,86,503.31413900400463,124.33362007141113,9,0.3739556206597222,215.3984375,34.56109593563002,0,7,8,0.0,0.067,0.7,0.15,0.1,0.0,0.05,77,452.5588859275203,142.43173599243164,10,0.35132904052734376,224.8505859375,32.90471856946289,0,8,9,0.0,0.067,0.7,0.15,0.1,0.0,0.05
55,adaptive_attentive_ppoclip_seed1,0,NOOP,0.065703,-0.008375,0.06438,0,77,452.5588859275203,142.43173599243164,10,0.35132904052734376,224.8505859375,32.90471856946289,0,8,9,0.0,0.067,0.7,0.15,0.1,0.0,0.05,98,554.2223702395319,79.8952579498291,11,0.33538957075639203,236.1142578125,31.39897582411037,0,9,10,0.0,0.0335,0.7,0.1,0.1,0.0,0.1
56,adaptive_attentive_ppoclip_seed1,0,NOOP,0.062764,0.0,0.059035,0,98,554.2223702395319,79.8952579498291,11,0.33538957075639203,236.1142578125,31.39897582411037,0,9,10,0.0,0.0335,0.7,0.1,0.1,0.0,0.1,90,519.9271113535224,201.45297050476074,12,0.3213183085123698,246.7724609375,30.099849156567522,0,10,11,0.0,0.0335,0.65,0.1,0.15,0.0,0.1
57,adaptive_attentive_ppoclip_seed1,0,NOOP,0.060326,0.0,0.056395,0,90,519.9271113535224,201.45297050476074,12,0.3213183085123698,246.7724609375,30.099849156567522,0,10,11,0.0,0.0335,0.65,0.1,0.15,0.0,0.1,93,468.06990984677674,212.81170845031738,13,0.3097569392277644,257.7177734375,28.941635240505654,0,11,12,0.0,0.0335,0.6,0.1,0.2,0.0,0.1
58,adaptive_attentive_ppoclip_seed1,0,NOOP,0.057903,0.0,0.056064,0,93,468.06990984677674,212.81170845031738,13,0.3097569392277644,257.7177734375,28.941635240505654,0,11,12,0.0,0.0335,0.6,0.1,0.2,0.0,0.1,75,428.27513815313864,109.42196846008301,14,0.2982635498046875,267.244140625,27.94210273089514,0,12,13,0.0,0.0335,0.6,0.15,0.15,0.0,0.1
59,adaptive_attentive_ppoclip_seed1,0,NOOP,0.055551,0.0,0.052886,0,75,428.27513815313864,109.42196846008301,14,0.2982635498046875,267.244140625,27.94210273089514,0,12,13,0.0,0.0335,0.6,0.15,0.15,0.0,0.1,63,354.2249044867756,152.0085334777832,15,0.2871297200520833,275.64453125,27.06674509578476,0,13,14,0.0,0.0335,0.6,0.15,0.15,0.0,0.1
60,adaptive_attentive_ppoclip_seed1,0,NOOP,0.053558,-0.008375,0.050633,0,63,354.2249044867756,152.0085334777832,15,0.2871297200520833,275.64453125,27.06674509578476,0,13,14,0.0,0.0335,0.6,0.15,0.15,0.0,0.1,69,384.49281916518976,166.2125587463379,16,0.2777881622314453,284.455078125,26.25808618855569,0,14,15,0.0,0.0,0.65,0.1,0.15,0.0,0.1
61,adaptive_attentive_ppoclip_seed1,0,NOOP,0.052023,0.0,0.049212,0,69,384.49281916518976,166.2125587463379,16,0.2777881622314453,284.455078125,26.25808618855569,0,14,15,0.0,0.0,0.65,0.1,0.15,0.0,0.1,83,461.39756608960033,161.8063449859619,17,0.27074207979090076,294.5673828125,25.492178925852517,0,15,16,0.0,0.0,0.65,0.1,0.15,0.0,0.1
62,adaptive_attentive_ppoclip_seed1,1,COMPACT_32KB,0.10638,-0.045,0.11974,0,83,461.39756608960033,161.8063449859619,17,0.27074207979090076,294.5673828125,25.492178925852517,0,15,16,0.0,0.0,0.65,0.1,0.15,0.0,0.1,76,426.5447168831725,56.65183067321777,7,0.6078643798828125,272.3232421875,25.73384641233022,0,0,17,0.0,0.0,0.6,0.1,0.15,0.0,0.15
63,adaptive_attentive_ppoclip_seed1,0,NOOP,0.108694,0.0,0.106928,0,76,426.5447168831725,56.65183067321777,7,0.6078643798828125,272.3232421875,25.73384641233022,0,0,17,0.0,0.0,0.6,0.1,0.15,0.0,0.15,65,382.33829178230695,98.2811450958252,8,0.5484695434570312,280.81640625,26.138547095364572,0,1,18,0.0,0.0,0.55,0.1,0.15,0.05,0.15
64,adaptive_attentive_ppoclip_seed1,0,NOOP,0.099568,0.0,0.09788,0,65,382.33829178230695,98.2811450958252,8,0.5484695434570312,280.81640625,26.138547095364572,0,1,18,0.0,0.0,0.55,0.1,0.15,0.05,0.15,73,425.05392160945775,95.67904472351074,9,0.5034654405381944,289.99609375,25.932294573467352,0,2,19,0.0,0.0,0.5,0.1,0.15,0.1,0.15
65,adaptive_attentive_ppoclip_seed1,0,NOOP,0.091672,0.0,0.089367,0,73,425.05392160945775,95.67904472351074,9,0.5034654405381944,289.99609375,25.932294573467352,0,2,19,0.0,0.0,0.5,0.1,0.15,0.1,0.15,52,301.2849738642266,127.7775764465332,10,0.46461181640625,297.3515625,25.682617712726582,0,3,20,0.0,0.0,0.55,0.05,0.15,0.1,0.15
66,adaptive_attentive_ppoclip_seed1,0,NOOP,0.085679,0.0,0.083144,0,52,301.2849738642266,127.7775764465332,10,0.46461181640625,297.3515625,25.682617712726582,0,3,20,0.0,0.0,0.55,0.05,0.15,0.1,0.15,73,303.6634814405619,140.52915573120117,11,0.435272216796875,306.431640625,25.14800026908451,0,4,21,0.0,0.0,0.6,0.05,0.15,0.1,0.1
67,adaptive_attentive_ppoclip_seed1,6,PARTITION_EVENT_TYPE,-0.101286,-0.1,0.079286,0,73,303.6634814405619,140.52915573120117,11,0.435272216796875,306.431640625,25.14800026908451,0,4,21,0.0,0.0,0.6,0.05,0.15,0.1,0.1,66,379.63280301814757,77.33297348022461,12,0.4101613362630208,315.00390625,24.615485374836616,3,5,0,0.0,0.0,0.55,0.05,0.15,0.1,0.15
68,adaptive_attentive_ppoclip_seed1,0,NOOP,0.067169,-0.083378,0.063504,0,66,379.63280301814757,77.33297348022461,12,0.4101613362630208,315.00390625,24.615485374836616,3,5,0,0.0,0.0,0.55,0.05,0.15,0.1,0.15,94,448.8036435703073,201.9948959350586,15,0.34521891276041666,331.41015625,23.476859777097932,3,6,1,0.0,0.0,0.55,0.05,0.15,0.1,0.15
69,adaptive_attentive_ppoclip_seed1,0,NOOP,0.057501,-0.081614,0.054701,0,94,448.8036435703073,201.9948959350586,15,0.34521891276041666,331.41015625,23.476859777097932,3,6,1,0.0,0.0,0.55,0.05,0.15,0.1,0.15,54,201.29545830244922,162.49394416809082,18,0.29875606960720485,344.1669921875,22.383017159650358,3,7,2,0.0,0.0,0.55,0.05,0.15,0.1,0.15
70,adaptive_attentive_ppoclip_seed1,3,COMPACT_128KB,0.109001,-0.094557,0.140247,0,54,201.29545830244922,162.49394416809082,18,0.29875606960720485,344.1669921875,22.383017159650358,3,7,2,0.0,0.0,0.55,0.05,0.15,0.1,0.15,67,327.33152322678865,71.45357131958008,7,0.7118791852678571,318.921875,59.564484598786024,3,0,3,0.0,0.0,0.5,0.1,0.15,0.1,0.15
71,adaptive_attentive_ppoclip_seed1,0,NOOP,0.10344,-0.039487,0.101056,0,67,327.33152322678865,71.45357131958008,7,0.7118791852678571,318.921875,59.564484598786024,3,0,3,0.0,0.0,0.5,0.1,0.15,0.1,0.15,91,467.70013797633084,131.68978691101074,10,0.5234512329101563,335.0087890625,52.37978152135047,3,1,4,0.0,0.0,0.5,0.1,0.15,0.1,0.15
72,adaptive_attentive_ppoclip_seed1,0,NOOP,0.081975,-0.039457,0.08058,0,91,467.70013797633084,131.68978691101074,10,0.5234512329101563,335.0087890625,52.37978152135047,3,1,4,0.0,0.0,0.5,0.1,0.15,0.1,0.15,54,290.7782539368714,85.97540855407715,13,0.417999267578125,347.775390625,47.14424302839065,3,2,5,0.0,0.0,0.5,0.1,0.1,0.1,0.2
73,adaptive_attentive_ppoclip_seed1,0,NOOP,0.0589,-0.039515,0.056131,0,54,290.7782539368714,85.97540855407715,13,0.417999267578125,347.775390625,47.14424302839065,3,2,5,0.0,0.0,0.5,0.1,0.1,0.1,0.2,100,412.1469392888868,162.17613220214844,19,0.306374800832648,372.5517578125,39.98739555545818,3,3,6,0.0,0.0,0.5,0.1,0.1,0.1,0.2
74,adaptive_attentive_ppoclip_seed1,0,NOOP,0.051986,-0.03949,0.048762,0,100,412.1469392888868,162.17613220214844,19,0.306374800832648,372.5517578125,39.98739555545818,3,3,6,0.0,0.0,0.5,0.1,0.1,0.1,0.2,54,263.7153036844532,188.68756294250488,22,0.2736795598810369,385.3408203125,37.414309135736566,3,4,7,0.0,0.0,0.5,0.1,0.1,0.1,0.2
75,adaptive_attentive_ppoclip_seed1,0,NOOP,0.047007,-0.039581,0.043173,0,54,263.7153036844532,188.68756294250488,22,0.2736795598810369,385.3408203125,37.414309135736566,3,4,7,0.0,0.0,0.5,0.1,0.1,0.1,0.2,86,351.27968945684165,222.92566299438477,25,0.2506597900390625,401.0556640625,35.24322857566585,3,5,8,0.0,0.0,0.55,0.1,0.1,0.1,0.15
76,adaptive_attentive_ppoclip_seed1,0,NOOP,0.043029,-0.03952,0.039682,0,86,351.27968945684165,222.92566299438477,25,0.2506597900390625,401.0556640625,35.24322857566585,3,5,8,0.0,0.0,0.55,0.1,0.1,0.1,0.15,88,436.3844310371939,202.34394073486328,28,0.23264258248465403,416.8955078125,33.40663530769085,3,6,9,0.0,0.0,0.6,0.1,0.05,0.1,0.15
77,adaptive_attentive_ppoclip_seed1,2,COMPACT_64KB,0.520958,-0.089576,0.160275,0,88,436.3844310371939,202.34394073486328,28,0.23264258248465403,416.8955078125,33.40663530769085,3,6,9,0.0,0.0,0.6,0.1,0.05,0.1,0.15,56,276.6811878109086,88.38129043579102,7,0.8137119838169643,364.54296875,29.1261257497464,3,0,10,0.0,0.0,0.6,0.15,0.0,0.1,0.15
78,adaptive_attentive_ppoclip_seed1,0,NOOP,0.117637,-0.039501,0.115913,0,56,276.6811878109086,88.38129043579102,7,0.8137119838169643,364.54296875,29.1261257497464,3,0,10,0.0,0.0,0.6,0.15,0.0,0.1,0.15,88,415.802522986939,98.6931324005127,10,0.5944366455078125,380.439453125,32.823113059430185,3,1,11,0.0,0.0,0.6,0.15,0.0,0.1,0.15
79,adaptive_attentive_ppoclip_seed1,0,NOOP,0.077145,-0.039529,0.074314,0,88,415.802522986939,98.6931324005127,10,0.5944366455078125,380.439453125,32.823113059430185,3,1,11,0.0,0.0,0.6,0.15,0.0,0.1,0.15,100,414.397541854181,161.57054901123047,16,0.39572620391845703,405.2236328125,30.57091255037778,3,2,12,0.0,0.0,0.6,0.15,0.0,0.1,0.15
80,adaptive_attentive_ppoclip_seed1,0,NOOP,0.066723,-0.03936,0.063881,0,100,414.397541854181,161.57054901123047,16,0.39572620391845703,405.2236328125,30.57091255037778,3,2,12,0.0,0.0,0.6,0.15,0.0,0.1,0.15,77,398.6754591487817,165.85040092468262,19,0.3454903050472862,420.1162109375,28.937932934185188,3,3,13,0.0,0.0,0.6,0.15,0.0,0.1,0.15
81,adaptive_attentive_ppoclip_seed1,0,NOOP,0.058967,-0.039397,0.055946,0,77,398.6754591487817,165.85040092468262,19,0.3454903050472862,420.1162109375,28.937932934185188,3,3,13,0.0,0.0,0.6,0.15,0.0,0.1,0.15,72,375.9904480287854,178.56693267822266,22,0.30858612060546875,434.4892578125,27.481598459489753,3,4,14,0.0,0.0,0.6,0.15,0.0,0.1,0.15
82,adaptive_attentive_ppoclip_seed1,1,COMPACT_32KB,0.111948,-0.084388,0.124435,0,72,375.9904480287854,178.56693267822266,22,0.30858612060546875,434.4892578125,27.481598459489753,3,4,14,0.0,0.0,0.6,0.15,0.0,0.1,0.15,68,354.61113494144575,104.05182838439941,10,0.6375823974609375,408.052734375,30.77798142034898,3,0,15,0.0,0.0,0.6,0.2,0.0,0.1,0.1
83,adaptive_attentive_ppoclip_seed1,0,NOOP,0.100051,-0.039427,0.098608,0,68,354.61113494144575,104.05182838439941,10,0.6375823974609375,408.052734375,30.77798142034898,3,0,15,0.0,0.0,0.6,0.2,0.0,0.1,0.1,77,393.95722796625466,88.41347694396973,13,0.5083794227013221,422.9716796875,30.95657888786558,3,1,16,0.0,0.0,0.6,0.2,0.0,0.05,0.15
84,adaptive_attentive_ppoclip_seed1,0,NOOP,0.083838,0.33748,0.283431,0,77,393.95722796625466,88.41347694396973,13,0.5083794227013221,422.9716796875,30.95657888786558,3,1,16,0.0,0.0,0.6,0.2,0.0,0.05,0.15,96,377.9687977561419,90.38686752319336,16,0.42919158935546875,439.4921875,29.7707888696088,3,2,17,0.67,0.0335,0.6,0.2,0.0,0.05,0.15
85,adaptive_attentive_ppoclip_seed1,0,NOOP,0.07246,-0.03938,0.069051,0,96,377.9687977561419,90.38686752319336,16,0.42919158935546875,439.4921875,29.7707888696088,3,2,17,0.67,0.0335,0.6,0.2,0.0,0.05,0.15,84,421.110832751647,194.17905807495117,19,0.3741736161081414,454.9951171875,28.443278311828095,3,3,18,0.0,0.0335,0.6,0.2,0.0,0.05,0.15
86,adaptive_attentive_ppoclip_seed1,0,NOOP,0.064125,-0.039253,0.060995,0,84,421.110832751647,194.17905807495117,19,0.3741736161081414,454.9951171875,28.443278311828095,3,3,18,0.0,0.0335,0.6,0.2,0.0,0.05,0.15,88,439.12829823229737,184.03029441833496,22,0.3343755548650568,470.80078125,27.146556959135506,3,4,19,0.0,0.0335,0.6,0.2,0.0,0.05,0.15
87,adaptive_attentive_ppoclip_seed1,1,COMPACT_32KB,0.110827,-0.084108,0.122746,0,88,439.12829823229737,184.03029441833496,22,0.3343755548650568,470.80078125,27.146556959135506,3,4,19,0.0,0.0335,0.6,0.2,0.0,0.05,0.15,58,299.20881429395496,133.75401496887207,11,0.6326030384410511,445.3525390625,28.508482865512477,3,0,20,0.0,0.0335,0.65,0.2,0.0,0.05,0.1
88,adaptive_attentive_ppoclip_seed1,5,PARTITION_REGION,-0.080635,-0.139293,0.098564,0,58,299.20881429395496,133.75401496887207,11,0.6326030384410511,445.3525390625,28.508482865512477,3,0,20,0.0,0.0335,0.65,0.2,0.0,0.05,0.1,89,463.09276293998045,148.44179153442383,14,0.514664786202567,461.1396484375,29.18328849523544,2,1,0,0.0,0.0335,0.65,0.2,0.0,0.05,0.1
89,adaptive_attentive_ppoclip_seed1,0,NOOP,0.085574,-0.072828,0.082752,0,89,463.09276293998045,148.44179153442383,14,0.514664786202567,461.1396484375,29.18328849523544,2,1,0,0.0,0.0335,0.65,0.2,0.0,0.05,0.1,89,443.882859357981,162.34803199768066,17,0.4384954115923713,477.0830078125,28.460849895922394,2,2,1,0.0,0.0335,0.65,0.2,0.0,0.05,0.1
90,adaptive_attentive_ppoclip_seed1,0,NOOP,0.074022,-0.07174,0.071157,0,89,443.882859357981,162.34803199768066,17,0.4384954115923713,477.0830078125,28.460849895922394,2,2,1,0.0,0.0335,0.65,0.2,0.0,0.05,0.1,52,255.5069610080458,168.24769973754883,20,0.38260879516601565,489.7392578125,27.54134796471608,2,3,2,0.0,0.0335,0.7,0.15,0.0,0.05,0.1
91,adaptive_attentive_ppoclip_seed1,0,NOOP,0.065723,-0.070113,0.0627,0,52,255.5069610080458,168.24769973754883,20,0.38260879516601565,489.7392578125,27.54134796471608,2,3,2,0.0,0.0335,0.7,0.15,0.0,0.05,0.1,80,396.3724251008224,179.9185276031494,23,0.3429917045261549,504.8837890625,26.456873012522966,2,4,3,0.0,0.0335,0.7,0.15,0.0,0.05,0.1
92,adaptive_attentive_ppoclip_seed1,0,NOOP,0.059099,-0.068831,0.054208,0,80,396.3724251008224,179.9185276031494,23,0.3429917045261549,504.8837890625,26.456873012522966,2,4,3,0.0,0.0335,0.7,0.15,0.0,0.05,0.1,65,305.26435067305346,277.0397663116455,26,0.31174468994140625,518.7431640625,25.453297134669747,2,5,4,0.0,0.0335,0.75,0.15,0.0,0.05,0.05
93,adaptive_attentive_ppoclip_seed1,1,COMPACT_32KB,0.110263,-0.072699,0.12324,0,65,305.26435067305346,277.0397663116455,26,0.31174468994140625,518.7431640625,25.453297134669747,2,5,4,0.0,0.0335,0.75,0.15,0.0,0.05,0.05,57,266.08627828084514,82.05676078796387,12,0.6304066975911459,484.15234375,24.772424388897228,2,0,5,0.0,0.0335,0.7,0.15,0.0,0.05,0.1
94,adaptive_attentive_ppoclip_seed1,0,NOOP,0.101801,-0.027827,0.098867,0,57,266.08627828084514,82.05676078796387,12,0.6304066975911459,484.15234375,24.772424388897228,2,0,5,0.0,0.0335,0.7,0.15,0.0,0.05,0.1,61,293.04291315089296,165.4810905456543,15,0.5183807373046875,497.6455078125,26.50546874712158,2,1,6,0.0,0.0335,0.7,0.15,0.0,0.05,0.1
95,adaptive_attentive_ppoclip_seed1,0,NOOP,0.086931,-0.028104,0.084036,0,61,293.04291315089296,165.4810905456543,15,0.5183807373046875,497.6455078125,26.50546874712158,2,1,6,0.0,0.0335,0.7,0.15,0.0,0.05,0.1,90,443.1752367691619,167.24252700805664,18,0.44590335422092015,513.6806640625,26.318623888153155,2,2,7,0.0,0.0335,0.7,0.15,0.0,0.05,0.1
96,adaptive_attentive_ppoclip_seed1,0,NOOP,0.075781,-0.028188,0.072629,0,90,443.1752367691619,167.24252700805664,18,0.44590335422092015,513.6806640625,26.318623888153155,2,2,7,0.0,0.0335,0.7,0.15,0.0,0.05,0.1,58,273.0491965200682,183.85577201843262,21,0.39202953520275297,526.8876953125,25.762741313317203,2,3,8,0.0,0.0335,0.7,0.15,0.0,0.05,0.1
97,adaptive_attentive_ppoclip_seed1,0,NOOP,0.067647,-0.028388,0.065834,0,58,273.0491965200682,183.85577201843262,21,0.39202953520275297,526.8876953125,25.762741313317203,2,3,8,0.0,0.0335,0.7,0.15,0.0,0.05,0.1,86,403.931637024943,120.64504623413086,24,0.35323333740234375,542.56640625,24.945374182506924,2,4,9,0.0,0.0335,0.7,0.1,0.0,0.05,0.15
98,adaptive_attentive_ppoclip_seed1,0,NOOP,0.060923,-0.028529,0.055242,0,86,403.931637024943,120.64504623413086,24,0.35323333740234375,542.56640625,24.945374182506924,2,4,9,0.0,0.0335,0.7,0.1,0.0,0.05,0.15,55,271.3843279763116,317.7986145019531,27,0.3214891221788194,555.533203125,24.182897471185584,2,5,10,0.0,0.0335,0.7,0.05,0.05,0.05,0.15
99,adaptive_attentive_ppoclip_seed1,0,NOOP,0.055677,-0.028686,0.052188,0,55,271.3843279763116,317.7986145019531,27,0.3214891221788194,555.533203125,24.182897471185584,2,5,10,0.0,0.0335,0.7,0.05,0.05,0.05,0.15,77,373.1738100052574,211.9462490081787,30,0.2971349080403646,570.4990234375,23.387388296650382,2,6,11,0.0,0.0335,0.7,0.05,0.05,0.05,0.15
100,adaptive_attentive_ppoclip_seed1,3,COMPACT_128KB,-0.125875,-0.074287,0.197376,0,77,373.1738100052574,211.9462490081787,30,0.2971349080403646,570.4990234375,23.387388296650382,2,6,11,0.0,0.0335,0.7,0.05,0.05,0.05,0.15,50,248.83446647444796,96.21071815490723,7,1.1393607003348214,510.43359375,22.980093858689955,2,0,12,0.0,0.0335,0.65,0.05,0.05,0.1,0.15
101,adaptive_attentive_ppoclip_seed1,0,NOOP,0.162564,0.357553,0.36225,0,50,248.83446647444796,96.21071815490723,7,1.1393607003348214,510.43359375,22.980093858689955,2,0,12,0.0,0.0335,0.65,0.05,0.05,0.1,0.15,65,289.78688214423136,78.20510864257812,10,0.8190689086914062,524.2041015625,37.96960209438495,2,1,13,0.67,0.067,0.6,0.1,0.05,0.1,0.15
102,adaptive_attentive_ppoclip_seed1,0,NOOP,0.12834,0.357488,0.328197,0,65,289.78688214423136,78.20510864257812,10,0.8190689086914062,524.2041015625,37.96960209438495,2,1,13,0.67,0.067,0.6,0.1,0.05,0.1,0.15,94,455.3460629180107,73.39787483215332,13,0.6498225285456731,540.65234375,38.799725421350665,2,2,14,0.67,0.1005,0.6,0.1,0.05,0.1,0.15
103,adaptive_attentive_ppoclip_seed1,0,NOOP,0.10649,0.357448,0.306247,0,94,455.3460629180107,73.39787483215332,13,0.6498225285456731,540.65234375,38.799725421350665,2,2,14,0.67,0.1005,0.6,0.1,0.05,0.1,0.15,76,396.3182659659514,82.1535587310791,16,0.542449951171875,555.46875,37.72032549669447,2,3,15,0.67,0.134,0.6,0.15,0.05,0.1,0.1
104,adaptive_attentive_ppoclip_seed1,0,NOOP,0.091368,0.349272,0.291284,0,76,396.3182659659514,82.1535587310791,16,0.542449951171875,555.46875,37.72032549669447,2,3,15,0.67,0.134,0.6,0.15,0.05,0.1,0.1,72,359.27909544295125,77.96931266784668,19,0.4687146638569079,569.95703125,36.208526918170506,2,4,16,0.67,0.134,0.6,0.2,0.05,0.05,0.1
105,adaptive_attentive_ppoclip_seed1,0,NOOP,0.080366,-0.019182,0.075795,0,72,359.27909544295125,77.96931266784668,19,0.4687146638569079,569.95703125,36.208526918170506,2,4,16,0.67,0.134,0.6,0.2,0.05,0.05,0.1,80,414.5731572464117,256.06727600097656,22,0.4155821366743608,585.1396484375,34.649144076761154,2,5,17,0.0,0.134,0.55,0.2,0.1,0.05,0.1
106,adaptive_attentive_ppoclip_seed1,0,NOOP,0.071714,0.357552,0.271741,0,80,414.5731572464117,256.06727600097656,22,0.4155821366743608,585.1396484375,34.649144076761154,2,5,17,0.0,0.134,0.55,0.2,0.1,0.05,0.1,62,305.93926787804634,79.91981506347656,25,0.374195556640625,598.712890625,33.23057263291239,2,6,18,0.67,0.1675,0.5,0.25,0.1,0.05,0.1
107,adaptive_attentive_ppoclip_seed1,2,COMPACT_64KB,0.552948,0.307671,0.393866,0,62,305.93926787804634,79.91981506347656,25,0.374195556640625,598.712890625,33.23057263291239,2,6,18,0.67,0.1675,0.5,0.25,0.1,0.05,0.1,79,410.7907936252115,60.82773208618164,9,0.9749111599392362,561.548828125,29.40805956121349,2,0,19,0.67,0.201,0.45,0.3,0.1,0.05,0.1
108,adaptive_attentive_ppoclip_seed1,0,NOOP,0.148285,0.357712,0.348306,0,79,410.7907936252115,60.82773208618164,9,0.9749111599392362,561.548828125,29.40805956121349,2,0,19,0.67,0.201,0.45,0.3,0.1,0.05,0.1,62,321.82263342095234,63.9495849609375,12,0.7489242553710938,575.173828125,36.244926263783974,2,1,20,0.67,0.23450000000000001,0.4,0.35,0.1,0.05,0.1
109,adaptive_attentive_ppoclip_seed1,0,NOOP,0.121223,0.357748,0.321036,0,62,321.82263342095234,63.9495849609375,12,0.7489242553710938,575.173828125,36.244926263783974,2,1,20,0.67,0.23450000000000001,0.4,0.35,0.1,0.05,0.1,86,445.3739504928979,78.09305191040039,15,0.6154886881510416,590.869140625,36.67335524758288,2,2,21,0.67,0.268,0.35,0.4,0.1,0.05,0.1
110,adaptive_attentive_ppoclip_seed1,0,NOOP,0.102654,0.357602,0.302558,0,86,445.3739504928979,78.09305191040039,15,0.6154886881510416,590.869140625,36.67335524758288,2,2,21,0.67,0.268,0.35,0.4,0.1,0.05,0.1,61,319.8288729410088,77.28862762451172,18,0.5245183308919271,604.2451171875,35.87932491210306,2,3,22,0.67,0.3015,0.3,0.45,0.1,0.05,0.1
111,adaptive_attentive_ppoclip_seed1,0,NOOP,0.089607,0.357598,0.288226,0,61,319.8288729410088,77.28862762451172,18,0.5245183308919271,604.2451171875,35.87932491210306,2,3,22,0.67,0.3015,0.3,0.45,0.1,0.05,0.1,84,421.878298604043,145.31207084655762,21,0.4611598423549107,619.798828125,34.61149763785249,2,4,23,0.67,0.335,0.25,0.5,0.1,0.05,0.1
112,adaptive_attentive_ppoclip_seed1,2,COMPACT_64KB,0.557966,0.307608,0.398789,0,84,421.878298604043,145.31207084655762,21,0.4611598423549107,619.798828125,34.61149763785249,2,4,23,0.67,0.335,0.25,0.5,0.1,0.05,0.1,83,395.2995082136608,65.54722785949707,9,1.030821058485243,593.7529296875,24.45059198998986,2,0,24,0.67,0.3685,0.2,0.55,0.1,0.05,0.1
113,adaptive_attentive_ppoclip_seed1,0,NOOP,0.157194,0.357615,0.356847,0,83,395.2995082136608,65.54722785949707,9,1.030821058485243,593.7529296875,24.45059198998986,2,0,24,0.67,0.3685,0.2,0.55,0.1,0.05,0.1,85,413.1940859660489,82.32831954956055,12,0.7934697469075521,609.384765625,34.499712214905145,2,1,25,0.67,0.402,0.2,0.6,0.1,0.05,0.05
114,adaptive_attentive_ppoclip_seed1,0,NOOP,0.127675,0.357672,0.327748,0,85,413.1940859660489,82.32831954956055,12,0.7934697469075521,609.384765625,34.499712214905145,2,1,25,0.67,0.402,0.2,0.6,0.1,0.05,0.05,50,249.9138413871179,65.06943702697754,15,0.647747802734375,621.837890625,36.16586751031918,2,2,26,0.67,0.43550000000000005,0.15,0.65,0.1,0.05,0.05
115,adaptive_attentive_ppoclip_seed1,0,NOOP,0.108478,0.357556,0.308235,0,50,249.9138413871179,65.06943702697754,15,0.647747802734375,621.837890625,36.16586751031918,2,2,26,0.67,0.43550000000000005,0.15,0.65,0.1,0.05,0.05,89,440.6769717503453,84.63811874389648,18,0.5536397298177084,637.79296875,35.631509700661475,2,3,27,0.67,0.46900000000000003,0.1,0.7,0.1,0.05,0.05
116,adaptive_attentive_ppoclip_seed1,0,NOOP,0.094298,0.357571,0.294208,0,89,440.6769717503453,84.63811874389648,18,0.5536397298177084,637.79296875,35.631509700661475,2,3,27,0.67,0.46900000000000003,0.1,0.7,0.1,0.05,0.05,62,318.1705649813598,80.72328567504883,21,0.48461332775297616,651.3203125,34.67260199078347,2,4,28,0.67,0.5025000000000001,0.05,0.75,0.1,0.05,0.05
117,adaptive_attentive_ppoclip_seed1,0,NOOP,0.083518,-0.019255,0.081721,0,62,318.1705649813598,80.72328567504883,21,0.48461332775297616,651.3203125,34.67260199078347,2,4,28,0.67,0.5025000000000001,0.05,0.75,0.1,0.05,0.05,57,296.57535850741823,119.82321739196777,24,0.4325885772705078,664.4560546875,33.56174645656262,2,5,29,0.0,0.5025000000000001,0.05,0.75,0.1,0.05,0.05
118,adaptive_attentive_ppoclip_seed1,1,COMPACT_32KB,0.128211,0.312656,0.342524,0,57,296.57535850741823,119.82321739196777,24,0.4325885772705078,664.4560546875,33.56174645656262,2,5,29,0.0,0.5025000000000001,0.05,0.75,0.1,0.05,0.05,100,450.5310058659311,67.75426864624023,14,0.7213952200753349,646.3701171875,32.410651319266684,2,0,30,0.67,0.536,0.05,0.8,0.05,0.05,0.05
119,adaptive_attentive_ppoclip_seed1,0,NOOP,0.119048,-0.019203,0.116384,0,100,450.5310058659311,67.75426864624023,14,0.7213952200753349,646.3701171875,32.410651319266684,2,0,30,0.67,0.536,0.05,0.8,0.05,0.05,0.05,54,278.28552682504284,154.47425842285156,17,0.6058663760914522,659.1826171875,33.53563748666235,2,1,31,0.0,0.536,0.0,0.8,0.05,0.1,0.05
120,adaptive_attentive_ppoclip_seed1,0,NOOP,0.102624,-0.019202,0.099304,0,54,278.28552682504284,154.47425842285156,17,0.6058663760914522,659.1826171875,33.53563748666235,2,1,31,0.0,0.536,0.0,0.8,0.05,0.1,0.05,62,313.98964020854817,191.03574752807617,20,0.5256217956542969,672.7958984375,33.2339792534943,2,2,32,0.0,0.536,0.05,0.8,0.05,0.05,0.05
121,adaptive_attentive_ppoclip_seed1,0,NOOP,0.090243,-0.027602,0.087465,0,62,313.98964020854817,191.03574752807617,20,0.5256217956542969,672.7958984375,33.2339792534943,2,2,32,0.0,0.536,0.05,0.8,0.05,0.05,0.05,51,233.99057516025292,167.65642166137695,23,0.4655920940896739,685.3515625,32.508854574118324,2,3,33,0.0,0.5025000000000001,0.05,0.75,0.05,0.1,0.05
122,adaptive_attentive_ppoclip_seed1,0,NOOP,0.080713,0.349318,0.280615,0,51,233.99057516025292,167.65642166137695,23,0.4655920940896739,685.3515625,32.508854574118324,2,3,33,0.0,0.5025000000000001,0.05,0.75,0.05,0.1,0.05,58,283.94172923774363,87.39066123962402,26,0.4198156503530649,698.5732421875,31.5986004646008,2,4,34,0.67,0.5025000000000001,0.05,0.75,0.05,0.1,0.05
123,adaptive_attentive_ppoclip_seed1,1,COMPACT_32KB,0.133902,0.304309,0.348003,0,58,283.94172923774363,87.39066123962402,26,0.4198156503530649,698.5732421875,31.5986004646008,2,4,34,0.67,0.5025000000000001,0.05,0.75,0.05,0.1,0.05,72,373.99101153095,78.3390998840332,14,0.7498485020228794,671.8642578125,30.612728333418993,2,0,35,0.67,0.5025000000000001,0.05,0.75,0.05,0.1,0.05
124,adaptive_attentive_ppoclip_seed1,0,NOOP,0.123933,-0.02753,0.122168,0,72,373.99101153095,78.3390998840332,14,0.7498485020228794,671.8642578125,30.612728333418993,2,0,35,0.67,0.5025000000000001,0.05,0.75,0.05,0.1,0.05,66,330.5148850103993,109.52019691467285,17,0.6302903119255515,685.755859375,32.43151513192672,2,1,36,0.0,0.46900000000000003,0.05,0.7,0.05,0.1,0.1
125,adaptive_attentive_ppoclip_seed1,0,NOOP,0.106623,-0.019235,0.103912,0,66,330.5148850103993,109.52019691467285,17,0.6302903119255515,685.755859375,32.43151513192672,2,1,36,0.0,0.46900000000000003,0.05,0.7,0.05,0.1,0.1,52,270.66641350305224,160.54034233093262,20,0.5456161499023438,698.388671875,32.573871690513414,2,2,37,0.0,0.46900000000000003,0.05,0.7,0.0,0.15,0.1
126,adaptive_attentive_ppoclip_seed1,0,NOOP,0.094061,-0.027614,0.089421,0,52,270.66641350305224,160.54034233093262,20,0.5456161499023438,698.388671875,32.573871690513414,2,2,37,0.0,0.46900000000000003,0.05,0.7,0.0,0.15,0.1,79,385.6862689409371,260.7691287994385,23,0.48468216605808423,713.4521484375,31.976240805847635,2,3,38,0.0,0.43550000000000005,0.05,0.65,0.05,0.15,0.1
127,adaptive_attentive_ppoclip_seed1,0,NOOP,0.084326,-0.027681,0.081283,0,79,385.6862689409371,260.7691287994385,23,0.48468216605808423,713.4521484375,31.976240805847635,2,3,38,0.0,0.43550000000000005,0.05,0.65,0.05,0.15,0.1,80,402.2507723273637,184.66830253601074,26,0.4378820566030649,728.6357421875,31.168906442101,2,4,39,0.0,0.402,0.05,0.6,0.05,0.2,0.1
128,adaptive_attentive_ppoclip_seed1,3,COMPACT_128KB,0.1665,-0.082729,0.197438,0,80,402.2507723273637,184.66830253601074,26,0.4378820566030649,728.6357421875,31.168906442101,2,4,39,0.0,0.402,0.05,0.6,0.05,0.2,0.1,77,390.8165387184526,88.07873725891113,8,1.3368091583251953,684.4462890625,13.872888514251935,2,0,40,0.0,0.36850000000000005,0.05,0.55,0.05,0.25,0.1
129,adaptive_attentive_ppoclip_seed1,0,NOOP,0.19676,-0.027824,0.194213,0,77,390.8165387184526,88.07873725891113,8,1.3368091583251953,684.4462890625,13.872888514251935,2,0,40,0.0,0.36850000000000005,0.05,0.55,0.05,0.25,0.1,56,285.99871905083126,141.07918739318848,11,0.9906727183948864,697.43359375,39.68184978025434,2,1,41,0.0,0.3350000000000001,0.1,0.5,0.05,0.25,0.1
130,adaptive_attentive_ppoclip_seed1,0,NOOP,0.157078,-0.027843,0.155609,0,56,285.99871905083126,141.07918739318848,11,0.9906727183948864,697.43359375,39.68184978025434,2,1,41,0.0,0.3350000000000001,0.1,0.5,0.05,0.25,0.1,69,335.76232220340165,90.91734886169434,14,0.7941382271902901,711.5478515625,42.850649245132075,2,2,42,0.0,0.30150000000000005,0.1,0.45,0.05,0.25,0.15
131,adaptive_attentive_ppoclip_seed1,0,NOOP,0.131208,-0.027907,0.126295,0,69,335.76232220340165,90.91734886169434,14,0.7941382271902901,711.5478515625,42.850649245132075,2,2,42,0.0,0.30150000000000005,0.1,0.45,0.05,0.25,0.15,64,318.5769135825912,266.9055461883545,17,0.6666672650505515,725.333984375,42.68609839516931,2,3,43,0.0,0.268,0.1,0.4,0.1,0.25,0.15
132,adaptive_attentive_ppoclip_seed1,0,NOOP,0.112878,0.349058,0.312608,0,64,318.5769135825912,266.9055461883545,17,0.6666672650505515,725.333984375,42.68609839516931,2,3,43,0.0,0.268,0.1,0.4,0.1,0.25,0.15,57,254.85302385376258,88.49072456359863,20,0.5768905639648437,738.419921875,41.60930627088557,2,4,44,0.67,0.268,0.1,0.4,0.1,0.25,0.15
133,adaptive_attentive_ppoclip_seed1,0,NOOP,0.099513,-0.027775,0.097353,0,57,254.85302385376258,88.49072456359863,20,0.5768905639648437,738.419921875,41.60930627088557,2,4,44,0.67,0.268,0.1,0.4,0.1,0.25,0.15,80,389.83917046675765,136.7945671081543,23,0.5119423244310461,753.5791015625,40.19627128094133,2,5,45,0.0,0.23450000000000001,0.1,0.35,0.1,0.25,0.2
134,adaptive_attentive_ppoclip_seed1,0,NOOP,0.088908,-0.027822,0.08599,0,80,389.83917046675765,136.7945671081543,23,0.5119423244310461,753.5791015625,40.19627128094133,2,5,45,0.0,0.23450000000000001,0.1,0.35,0.1,0.25,0.2,58,279.6990324861599,178.38501930236816,26,0.4607896071213942,766.75390625,38.825405907968964,2,6,46,0.0,0.201,0.1,0.3,0.1,0.3,0.2
135,adaptive_attentive_ppoclip_seed1,1,COMPACT_32KB,0.138792,0.304021,0.353389,0,58,279.6990324861599,178.38501930236816,26,0.4607896071213942,766.75390625,38.825405907968964,2,6,46,0.0,0.201,0.1,0.3,0.1,0.3,0.2,75,363.0979341103793,54.802656173706055,15,0.7749247233072917,743.927734375,37.09720829661706,2,0,47,0.67,0.201,0.1,0.3,0.1,0.3,0.2
136,adaptive_attentive_ppoclip_seed1,0,NOOP,0.129795,-0.02786,0.12738,0,75,363.0979341103793,54.802656173706055,15,0.7749247233072917,743.927734375,37.09720829661706,2,0,47,0.67,0.201,0.1,0.3,0.1,0.3,0.2,96,465.94156017732604,143.25857162475586,18,0.6602274576822916,760.58203125,37.667666150590144,2,1,48,0.0,0.1675,0.1,0.25,0.1,0.35,0.2
137,adaptive_attentive_ppoclip_seed1,5,PARTITION_REGION,-0.341823,0.107327,0.311361,0,96,465.94156017732604,143.25857162475586,18,0.6602274576822916,760.58203125,37.667666150590144,2,1,48,0.0,0.1675,0.1,0.25,0.1,0.35,0.2,73,346.8067013491273,144.34051513671875,21,0.5767386300223214,775.13671875,37.2303620401907,2,2,49,0.67,0.201,0.1,0.3,0.1,0.35,0.15
138,adaptive_attentive_ppoclip_seed1,5,PARTITION_REGION,-0.354835,0.098989,0.299419,0,73,346.8067013491273,144.34051513671875,21,0.5767386300223214,775.13671875,37.2303620401907,2,2,49,0.67,0.201,0.1,0.3,0.1,0.35,0.15,63,262.8166855642418,94.54488754272461,24,0.5135498046875,788.8125,36.397866621985216,2,3,50,0.67,0.201,0.1,0.3,0.1,0.35,0.15
139,adaptive_attentive_ppoclip_seed1,5,PARTITION_REGION,-0.364976,0.107437,0.289644,0,63,262.8166855642418,94.54488754272461,24,0.5135498046875,788.8125,36.397866621985216,2,3,50,0.67,0.201,0.1,0.3,0.1,0.35,0.15,69,340.87501236731634,80.02305030822754,27,0.4647199842664931,803.0361328125,35.39916140038156,2,4,51,0.67,0.23450000000000001,0.1,0.35,0.1,0.3,0.15
140,adaptive_attentive_ppoclip_seed1,1,COMPACT_32KB,0.157039,0.312548,0.371168,0,69,340.87501236731634,80.02305030822754,27,0.4647199842664931,803.0361328125,35.39916140038156,2,4,51,0.67,0.23450000000000001,0.1,0.35,0.1,0.3,0.15,90,448.10886976629894,76.94506645202637,14,0.8655362810407367,775.5205078125,32.95597270156376,2,0,52,0.67,0.268,0.05,0.4,0.1,0.3,0.15
141,adaptive_attentive_ppoclip_seed1,0,NOOP,0.143245,-0.019396,0.141492,0,90,448.10886976629894,76.94506645202637,14,0.8655362810407367,775.5205078125,32.95597270156376,2,0,52,0.67,0.268,0.05,0.4,0.1,0.3,0.15,81,382.0198128461907,108.90841484069824,17,0.7268488266888786,790.8115234375,35.68474666364396,2,1,53,0.0,0.268,0.05,0.4,0.1,0.25,0.2
142,adaptive_attentive_ppoclip_seed1,0,NOOP,0.123043,-0.027718,0.12135,0,81,382.0198128461907,108.90841484069824,17,0.7268488266888786,790.8115234375,35.68474666364396,2,1,53,0.0,0.268,0.05,0.4,0.1,0.25,0.2,52,268.29115663329384,109.6181869506836,20,0.6277130126953125,803.47265625,36.22805592798956,2,2,54,0.0,0.23450000000000001,0.05,0.35,0.1,0.25,0.25
143,adaptive_attentive_ppoclip_seed1,5,PARTITION_REGION,-0.346567,-0.277742,0.105338,0,52,268.29115663329384,109.6181869506836,20,0.6277130126953125,803.47265625,36.22805592798956,2,2,54,0.0,0.23450000000000001,0.05,0.35,0.1,0.25,0.25,50,243.6443863034611,160.77208518981934,23,0.5542662247367527,815.8798828125,35.883110284486186,2,3,55,0.0,0.201,0.05,0.3,0.1,0.3,0.25
144,adaptive_attentive_ppoclip_seed1,5,PARTITION_REGION,-0.358224,-0.269391,0.094396,0,50,243.6443863034611,160.77208518981934,23,0.5542662247367527,815.8798828125,35.883110284486186,2,3,55,0.0,0.201,0.05,0.3,0.1,0.3,0.25,51,262.3240262925537,128.77726554870605,26,0.49785790076622594,828.435546875,35.17198779916191,2,4,56,0.0,0.201,0.05,0.3,0.1,0.3,0.25
145,adaptive_attentive_ppoclip_seed1,0,NOOP,0.08742,-0.019411,0.084311,0,51,262.3240262925537,128.77726554870605,26,0.49785790076622594,828.435546875,35.17198779916191,2,4,56,0.0,0.201,0.05,0.3,0.1,0.3,0.25,95,476.79541271888786,191.71977043151855,29,0.45522650356950434,844.900390625,34.22743932544832,2,5,57,0.0,0.201,0.05,0.3,0.1,0.3,0.25
146,adaptive_attentive_ppoclip_seed1,0,NOOP,0.079877,0.357463,0.279809,0,95,476.79541271888786,191.71977043151855,29,0.45522650356950434,844.900390625,34.22743932544832,2,5,57,0.0,0.201,0.05,0.3,0.1,0.3,0.25,67,340.9295826251318,93.42575073242188,32,0.4193873405456543,858.9052734375,33.327404522498846,2,6,58,0.67,0.23450000000000001,0.05,0.35,0.05,0.3,0.25
147,adaptive_attentive_ppoclip_seed1,1,COMPACT_32KB,0.143852,0.312481,0.357874,0,67,340.9295826251318,93.42575073242188,32,0.4193873405456543,858.9052734375,33.327404522498846,2,6,58,0.67,0.23450000000000001,0.05,0.35,0.05,0.3,0.25,60,302.2105016662163,84.81550216674805,16,0.8008518218994141,820.072265625,33.226243045029705,2,0,59,0.67,0.268,0.05,0.4,0.05,0.25,0.25
148,adaptive_attentive_ppoclip_seed1,0,NOOP,0.134901,-0.019489,0.131607,0,60,302.2105016662163,84.81550216674805,16,0.8008518218994141,820.072265625,33.226243045029705,2,0,59,0.67,0.268,0.05,0.4,0.05,0.25,0.25,73,365.8901460290146,188.45248222351074,19,0.6863804867393092,834.638671875,34.963938181104304,2,1,60,0.0,0.268,0.1,0.4,0.05,0.2,0.25
149,adaptive_attentive_ppoclip_seed1,0,NOOP,0.117952,0.357328,0.317878,0,73,365.8901460290146,188.45248222351074,19,0.6863804867393092,834.638671875,34.963938181104304,2,1,60,0.0,0.268,0.1,0.4,0.05,0.2,0.25,79,401.1855963057268,81.19463920593262,22,0.6035093827681108,849.7412109375,35.13835916385157,2,2,61,0.67,0.3015,0.05,0.45,0.05,0.2,0.25
150,adaptive_attentive_ppoclip_seed1,0,NOOP,0.105185,0.357292,0.305155,0,79,401.1855963057268,81.19463920593262,22,0.6035093827681108,849.7412109375,35.13835916385157,2,2,61,0.67,0.3015,0.05,0.45,0.05,0.2,0.25,97,487.32770999480147,82.73625373840332,25,0.5415496826171875,866.4794921875,34.65133606585772,2,3,62,0.67,0.335,0.05,0.5,0.05,0.2,0.2
151,adaptive_attentive_ppoclip_seed1,0,NOOP,0.078884,-0.01956,0.075359,0,97,487.32770999480147,82.73625373840332,25,0.5415496826171875,866.4794921875,34.65133606585772,2,3,62,0.67,0.335,0.05,0.5,0.05,0.2,0.2,156,592.6900338687046,218.7662124633789,34,0.41567230224609375,904.5029296875,32.543793864262554,2,4,63,0.0,0.335,0.05,0.5,0.0,0.25,0.2
152,adaptive_attentive_ppoclip_seed1,1,COMPACT_32KB,-0.200887,-0.073027,0.149292,0,156,592.6900338687046,218.7662124633789,34,0.41567230224609375,904.5029296875,32.543793864262554,2,4,63,0.0,0.335,0.05,0.5,0.0,0.25,0.2,246,846.1042780880218,104.49433326721191,18,0.7659081353081597,882.326171875,31.480048947183654,2,0,64,0.0,0.3015,0.05,0.45,0.0,0.25,0.25
153,adaptive_attentive_ppoclip_seed1,0,NOOP,0.103348,-0.01971,0.100427,0,246,846.1042780880218,104.49433326721191,18,0.7659081353081597,882.326171875,31.480048947183654,2,0,64,0.0,0.3015,0.05,0.45,0.0,0.25,0.25,176,660.510858828077,179.77118492126465,27,0.5336139820240162,922.0849609375,33.27549968063425,2,1,65,0.0,0.3015,0.05,0.45,0.0,0.3,0.2
154,adaptive_attentive_ppoclip_seed1,0,NOOP,0.078876,0.357218,0.27861,0,176,660.510858828077,179.77118492126465,27,0.5336139820240162,922.0849609375,33.27549968063425,2,1,65,0.0,0.3015,0.05,0.45,0.0,0.3,0.2,161,592.6326208047124,108.33358764648438,36,0.4168819851345486,960.49609375,31.5414745049719,2,2,66,0.67,0.3350000000000001,0.05,0.5,0.0,0.25,0.2
155,adaptive_attentive_ppoclip_seed1,0,NOOP,0.059864,0.348803,0.258321,0,161,592.6326208047124,108.33358764648438,36,0.4168819851345486,960.49609375,31.5414745049719,2,2,66,0.67,0.3350000000000001,0.05,0.5,0.0,0.25,0.2,214,745.0821184818466,187.1356964111328,48,0.32931963602701825,1011.669921875,28.9345893277482,2,3,67,0.67,0.335,0.05,0.5,0.0,0.25,0.2
156,adaptive_attentive_ppoclip_seed1,0,NOOP,0.04798,-0.019732,0.042489,0,214,745.0821184818466,187.1356964111328,48,0.32931963602701825,1011.669921875,28.9345893277482,2,3,67,0.67,0.335,0.05,0.5,0.0,0.25,0.2,240,738.173882435762,349.54047203063965,60,0.27739842732747394,1065.2099609375,26.683052098007572,2,4,68,0.0,0.335,0.05,0.5,0.0,0.25,0.2
157,adaptive_attentive_ppoclip_seed1,0,NOOP,0.03942,-0.028151,0.026327,0,240,738.173882435762,349.54047203063965,60,0.27739842732747394,1065.2099609375,26.683052098007572,2,4,68,0.0,0.335,0.05,0.5,0.0,0.25,0.2,206,691.7497960441777,744.6498870849609,72,0.24209912618001303,1115.5927734375,24.852001517577783,2,5,69,0.0,0.3015,0.05,0.45,0.05,0.25,0.2
158,adaptive_attentive_ppoclip_seed1,0,NOOP,0.034516,-0.028084,0.027689,0,206,691.7497960441777,744.6498870849609,72,0.24209912618001303,1115.5927734375,24.852001517577783,2,5,69,0.0,0.3015,0.05,0.45,0.05,0.25,0.2,195,701.3904332143895,442.5837993621826,81,0.22320518964602623,1157.095703125,23.665258230903305,2,6,70,0.0,0.268,0.1,0.4,0.05,0.25,0.2
159,adaptive_attentive_ppoclip_seed1,1,COMPACT_32KB,-0.226714,0.303776,0.325104,0,195,701.3904332143895,442.5837993621826,81,0.22320518964602623,1157.095703125,23.665258230903305,2,6,70,0.0,0.268,0.1,0.4,0.05,0.25,0.2,235,785.6198445915087,81.28643035888672,25,0.6411474609375,1025.8359375,29.77463943573815,2,0,71,0.67,0.268,0.1,0.4,0.05,0.25,0.2
160,adaptive_attentive_ppoclip_seed1,0,NOOP,0.093898,-0.028106,0.090173,0,235,785.6198445915087,81.28643035888672,25,0.6411474609375,1025.8359375,29.77463943573815,2,0,71,0.67,0.268,0.1,0.4,0.05,0.25,0.2,199,754.4619133748589,228.74808311462402,34,0.4907406077665441,1067.8515625,30.1683918396935,2,1,72,0.0,0.23450000000000001,0.1,0.35,0.05,0.3,0.2
161,adaptive_attentive_ppoclip_seed1,7,REMOVE_PARTITION,0.002525,-0.054607,0.061014,0,199,754.4619133748589,228.74808311462402,34,0.4907406077665441,1067.8515625,30.1683918396935,2,1,72,0.0,0.23450000000000001,0.1,0.35,0.05,0.3,0.2,285,627.2638085742772,318.60899925231934,49,0.36142933125398596,1133.4423828125,28.00595850760821,0,2,0,0.0,0.23450000000000001,0.15,0.35,0.05,0.3,0.15
162,adaptive_attentive_ppoclip_seed1,0,NOOP,0.061054,-0.034254,0.059694,0,285,627.2638085742772,318.60899925231934,49,0.36142933125398596,1133.4423828125,28.00595850760821,0,2,0,0.0,0.23450000000000001,0.15,0.35,0.05,0.3,0.15,278,1085.5976120914868,135.4959011077881,54,0.3390175148292824,1171.64453125,27.0348538730286,0,3,1,0.0,0.23450000000000001,0.15,0.4,0.05,0.3,0.1
163,adaptive_attentive_ppoclip_seed1,0,NOOP,0.056762,-0.031902,0.051642,0,278,1085.5976120914868,135.4959011077881,54,0.3390175148292824,1171.64453125,27.0348538730286,0,3,1,0.0,0.23450000000000001,0.15,0.4,0.05,0.3,0.1,288,1128.2677446592293,329.7247886657715,59,0.3206849179025424,1210.90625,26.134270892881744,0,4,2,0.0,0.23450000000000001,0.2,0.4,0.05,0.25,0.1
164,adaptive_attentive_ppoclip_seed1,3,COMPACT_128KB,0.548625,-0.055,0.197493,0,288,1128.2677446592293,329.7247886657715,59,0.3206849179025424,1210.90625,26.134270892881744,0,4,2,0.0,0.23450000000000001,0.2,0.4,0.05,0.25,0.1,288,1087.229265447633,70.3275203704834,11,1.560118241743608,1098.3232421875,22.82394352691576,0,0,3,0.0,0.23450000000000001,0.2,0.45,0.05,0.25,0.05
165,adaptive_attentive_ppoclip_seed1,0,NOOP,0.19825,0.0,0.196023,0,288,1087.229265447633,70.3275203704834,11,1.560118241743608,1098.3232421875,22.82394352691576,0,0,3,0.0,0.23450000000000001,0.2,0.45,0.05,0.25,0.05,164,787.0219665427552,128.85332107543945,14,1.2512098039899553,1121.083984375,44.092030421526296,0,1,4,0.0,0.23450000000000001,0.2,0.45,0.05,0.25,0.05
166,adaptive_attentive_ppoclip_seed1,0,NOOP,0.197728,-0.008375,0.196148,0,164,787.0219665427552,128.85332107543945,14,1.2512098039899553,1121.083984375,44.092030421526296,0,1,4,0.0,0.23450000000000001,0.2,0.45,0.05,0.25,0.05,223,971.9418703128134,101.50361061096191,18,0.999892340766059,1151.8759765625,49.45100707893538,0,2,5,0.0,0.201,0.2,0.4,0.05,0.25,0.1
167,adaptive_attentive_ppoclip_seed1,0,NOOP,0.164966,-0.008375,0.163204,0,223,971.9418703128134,101.50361061096191,18,0.999892340766059,1151.8759765625,49.45100707893538,0,2,5,0.0,0.201,0.2,0.4,0.05,0.25,0.1,202,901.7810072919516,115.56506156921387,22,0.8385779640891335,1180.7177734375,49.8206311937478,0,3,6,0.0,0.16750000000000004,0.2,0.35,0.05,0.25,0.15
168,adaptive_attentive_ppoclip_seed1,0,NOOP,0.137739,0.0,0.132376,0,202,901.7810072919516,115.56506156921387,22,0.8385779640891335,1180.7177734375,49.8206311937478,0,3,6,0.0,0.16750000000000004,0.2,0.35,0.05,0.25,0.15,280,1138.440641688421,301.9378185272217,27,0.7055714925130209,1219.2275390625,48.330748510007744,0,4,7,0.0,0.16750000000000004,0.15,0.35,0.1,0.25,0.15
169,adaptive_attentive_ppoclip_seed1,1,COMPACT_32KB,-0.19418,-0.053375,0.152153,0,280,1138.440641688421,301.9378185272217,27,0.7055714925130209,1219.2275390625,48.330748510007744,0,4,7,0.0,0.16750000000000004,0.15,0.35,0.1,0.25,0.15,254,1034.1488098127113,304.2750358581543,24,0.8031902313232422,1233.7001953125,30.554277095901178,0,0,8,0.0,0.134,0.15,0.3,0.15,0.25,0.15
170,adaptive_attentive_ppoclip_seed1,0,NOOP,0.13768,-0.008375,0.135816,0,254,1034.1488098127113,304.2750358581543,24,0.8031902313232422,1233.7001953125,30.554277095901178,0,0,8,0.0,0.134,0.15,0.3,0.15,0.25,0.15,229,994.9322096400618,128.2031536102295,28,0.7058982849121094,1264.9697265625,32.19478434781964,0,1,9,0.0,0.1005,0.15,0.3,0.15,0.25,0.15
171,adaptive_attentive_ppoclip_seed1,0,NOOP,0.125854,0.0,0.123497,0,229,994.9322096400618,128.2031536102295,28,0.7058982849121094,1264.9697265625,32.19478434781964,0,1,9,0.0,0.1005,0.15,0.3,0.15,0.25,0.15,155,690.947266839337,156.60905838012695,31,0.6486457086378529,1286.9130859375,32.593581719405975,0,2,10,0.0,0.1005,0.15,0.35,0.15,0.2,0.15
172,adaptive_attentive_ppoclip_seed1,0,NOOP,0.116216,0.0,0.113489,0,155,690.947266839337,156.60905838012695,31,0.6486457086378529,1286.9130859375,32.593581719405975,0,2,10,0.0,0.1005,0.15,0.35,0.15,0.2,0.15,176,780.9688235599053,178.85160446166992,34,0.602327683392693,1310.6650390625,32.54719669595097,0,3,11,0.0,0.1005,0.15,0.4,0.15,0.2,0.1
173,adaptive_attentive_ppoclip_seed1,0,NOOP,0.105491,0.0,0.103245,0,176,780.9688235599053,178.85160446166992,34,0.602327683392693,1310.6650390625,32.54719669595097,0,3,11,0.0,0.1005,0.15,0.4,0.15,0.2,0.1,213,920.9973309856179,159.82413291931152,38,0.5512064883583471,1340.5341796875,32.22182541035209,0,4,12,0.0,0.1005,0.15,0.45,0.15,0.15,0.1
174,adaptive_attentive_ppoclip_seed1,1,COMPACT_32KB,-0.201383,-0.053375,0.14797,0,213,920.9973309856179,159.82413291931152,38,0.5512064883583471,1340.5341796875,32.22182541035209,0,4,12,0.0,0.1005,0.15,0.45,0.15,0.15,0.1,231,1012.146397466929,157.00244903564453,27,0.7690508807146991,1328.919921875,29.238343370080713,0,0,13,0.0,0.067,0.15,0.45,0.15,0.15,0.1
175,adaptive_attentive_ppoclip_seed1,0,NOOP,0.137259,-0.008375,0.134998,0,231,1012.146397466929,157.00244903564453,27,0.7690508807146991,1328.919921875,29.238343370080713,0,0,13,0.0,0.067,0.15,0.45,0.15,0.15,0.1,185,853.2948590921237,150.56157112121582,30,0.7050465901692708,1353.689453125,30.37544241822507,0,1,14,0.0,0.0335,0.15,0.45,0.15,0.15,0.1
176,adaptive_attentive_ppoclip_seed1,0,NOOP,0.123196,0.0,0.113215,0,185,853.2948590921237,150.56157112121582,30,0.7050465901692708,1353.689453125,30.37544241822507,0,1,14,0.0,0.0335,0.15,0.45,0.15,0.15,0.1,248,1089.1455747296736,541.5165424346924,34,0.6372290218577665,1386.6103515625,30.92569689169866,0,2,15,0.0,0.0335,0.15,0.45,0.2,0.1,0.1
177,adaptive_attentive_ppoclip_seed1,0,NOOP,0.111701,0.0,0.1087,0,248,1089.1455747296736,541.5165424346924,34,0.6372290218577665,1386.6103515625,30.92569689169866,0,2,15,0.0,0.0335,0.15,0.45,0.2,0.1,0.1,208,878.2467906901828,197.5383758544922,38,0.5822533055355674,1416.0400390625,31.001187559275387,0,3,16,0.0,0.0335,0.15,0.5,0.15,0.1,0.1
178,adaptive_attentive_ppoclip_seed1,0,NOOP,0.100266,0.0,0.096924,0,208,878.2467906901828,197.5383758544922,38,0.5822533055355674,1416.0400390625,31.001187559275387,0,3,16,0.0,0.0335,0.15,0.5,0.15,0.1,0.1,268,1093.4992334332076,220.86215019226074,43,0.5282046295875726,1453.619140625,30.65556029899976,0,4,17,0.0,0.0335,0.1,0.55,0.15,0.1,0.1
179,adaptive_attentive_ppoclip_seed1,1,COMPACT_32KB,-0.210679,-0.053375,0.139149,0,268,1093.4992334332076,220.86215019226074,43,0.5282046295875726,1453.619140625,30.65556029899976,0,4,17,0.0,0.0335,0.1,0.55,0.15,0.1,0.1,222,967.837834354387,138.3042335510254,31,0.7250730452998992,1438.544921875,28.45038817919956,0,0,18,0.0,0.0,0.1,0.55,0.15,0.1,0.1
180,adaptive_attentive_ppoclip_seed1,0,NOOP,0.123526,0.0,0.120852,0,222,967.837834354387,138.3042335510254,31,0.7250730452998992,1438.544921875,28.45038817919956,0,0,18,0.0,0.0,0.1,0.55,0.15,0.1,0.1,256,1026.7593688023424,178.67302894592285,36,0.6401278177897135,1474.8544921875,29.703065693395388,0,1,19,0.0,0.0,0.1,0.6,0.15,0.05,0.1
181,adaptive_attentive_ppoclip_seed1,0,NOOP,0.112611,0.0,0.109369,0,256,1026.7593688023424,178.67302894592285,36,0.6401278177897135,1474.8544921875,29.703065693395388,0,1,19,0.0,0.0,0.1,0.6,0.15,0.05,0.1,222,957.5849416739769,212.10813522338867,40,0.5880565643310547,1505.4248046875,29.904837969345508,0,2,20,0.0,0.0,0.05,0.65,0.15,0.05,0.1
182,adaptive_attentive_ppoclip_seed1,5,PARTITION_REGION,-0.076181,-0.1,0.102906,0,222,957.5849416739769,212.10813522338867,40,0.5880565643310547,1505.4248046875,29.904837969345508,0,2,20,0.0,0.0,0.05,0.65,0.15,0.05,0.1,156,731.6513629745923,190.29998779296875,43,0.5550618726153707,1527.5302734375,29.854502012089753,2,3,0,0.0,0.0,0.05,0.65,0.15,0.05,0.1
183,adaptive_attentive_ppoclip_seed1,0,NOOP,0.087782,-0.080854,0.086791,0,156,731.6513629745923,190.29998779296875,43,0.5550618726153707,1527.5302734375,29.854502012089753,2,3,0,0.0,0.0,0.05,0.65,0.15,0.05,0.1,193,665.8720671218229,231.95123672485352,52,0.47141236525315505,1568.8603515625,29.559745909501558,2,4,1,0.007823693126815103,0.00039118465634075517,0.0,0.7,0.15,0.05,0.1
184,adaptive_attentive_ppoclip_seed1,2,COMPACT_64KB,0.286341,0.284442,0.396823,0,193,665.8720671218229,231.95123672485352,52,0.47141236525315505,1568.8603515625,29.559745909501558,2,4,1,0.007823693126815103,0.00039118465634075517,0.0,0.7,0.15,0.05,0.1,285,828.548424659813,98.8614559173584,22,1.0687498612837358,1504.7998046875,29.942905640193125,2,0,2,0.67,0.03389118465634076,0.0,0.7,0.15,0.05,0.1
185,adaptive_attentive_ppoclip_seed1,0,NOOP,0.138726,-0.041636,0.134753,0,285,828.548424659813,98.8614559173584,22,1.0687498612837358,1504.7998046875,29.942905640193125,2,0,2,0.67,0.03389118465634076,0.0,0.7,0.15,0.05,0.1,210,672.446341184105,241.12629890441895,34,0.714878755457261,1555.576171875,39.23763550551499,2,1,3,0.0,0.03389118465634076,0.05,0.7,0.15,0.0,0.1
186,adaptive_attentive_ppoclip_seed1,0,NOOP,0.103595,-0.040711,0.100921,0,210,672.446341184105,241.12629890441895,34,0.714878755457261,1555.576171875,39.23763550551499,2,1,3,0.0,0.03389118465634076,0.05,0.7,0.15,0.0,0.1,243,782.1656965210591,191.18380546569824,46,0.5467253975246263,1609.5595703125,38.26970313051703,2,2,4,0.0,0.03389118465634076,0.05,0.7,0.15,0.0,0.1
187,adaptive_attentive_ppoclip_seed1,0,NOOP,0.086813,-0.040085,0.082618,0,243,782.1656965210591,191.18380546569824,46,0.5467253975246263,1609.5595703125,38.26970313051703,2,2,4,0.0,0.03389118465634076,0.05,0.7,0.15,0.0,0.1,171,594.8198015072314,278.48339080810547,55,0.46843899813565343,1648.9052734375,36.7590224240407,2,3,5,0.0,0.03389118465634076,0.05,0.7,0.15,0.0,0.1
188,adaptive_attentive_ppoclip_seed1,0,NOOP,0.067726,-0.03915,0.0619,0,171,594.8198015072314,278.48339080810547,55,0.46843899813565343,1648.9052734375,36.7590224240407,2,3,5,0.0,0.03389118465634076,0.05,0.7,0.15,0.0,0.1,270,738.4824378757338,378.7851333618164,70,0.3823802403041295,1713.0634765625,34.21180745437973,2,4,6,0.0,0.03389118465634076,0.1,0.7,0.1,0.0,0.1
189,adaptive_attentive_ppoclip_seed1,2,COMPACT_64KB,0.286091,0.288572,0.396468,0,270,738.4824378757338,378.7851333618164,70,0.3823802403041295,1713.0634765625,34.21180745437973,2,4,6,0.0,0.03389118465634076,0.1,0.7,0.1,0.0,0.1,247,766.9313347581374,106.58645629882812,24,1.047299067179362,1608.6513671875,28.459796792984108,2,0,7,0.67,0.06739118465634075,0.1,0.75,0.05,0.0,0.1
190,adaptive_attentive_ppoclip_seed1,0,NOOP,0.139593,-0.03761,0.135546,0,247,766.9313347581374,106.58645629882812,24,1.047299067179362,1608.6513671875,28.459796792984108,2,0,7,0.67,0.06739118465634075,0.1,0.75,0.05,0.0,0.1,215,684.2771754925253,247.38287925720215,36,0.7204666137695312,1659.955078125,37.84924379310711,2,1,8,0.0,0.06739118465634075,0.15,0.7,0.05,0.0,0.1
191,adaptive_attentive_ppoclip_seed1,0,NOOP,0.105327,0.33992,0.304581,0,215,684.2771754925253,247.38287925720215,36,0.7204666137695312,1659.955078125,37.84924379310711,2,1,8,0.0,0.06739118465634075,0.15,0.7,0.05,0.0,0.1,201,635.657771558172,147.32933044433594,48,0.5566364924112955,1709.9873046875,37.46599498490133,2,2,9,0.67,0.10089118465634075,0.15,0.7,0.05,0.0,0.1
192,adaptive_attentive_ppoclip_seed1,0,NOOP,0.084366,0.340678,0.283708,0,201,635.657771558172,147.32933044433594,48,0.5566364924112955,1709.9873046875,37.46599498490133,2,2,9,0.67,0.10089118465634075,0.15,0.7,0.05,0.0,0.1,244,748.9455852606867,157.91726112365723,60,0.45933074951171876,1763.830078125,35.72237715258519,2,3,10,0.67,0.13439118465634076,0.15,0.7,0.05,0.0,0.1
193,adaptive_attentive_ppoclip_seed1,0,NOOP,0.073047,0.341209,0.272355,0,244,748.9455852606867,157.91726112365723,60,0.45933074951171876,1763.830078125,35.72237715258519,2,3,10,0.67,0.13439118465634076,0.15,0.7,0.05,0.0,0.1,173,604.5433082084099,170.87197303771973,69,0.4083605780117754,1803.3203125,34.34000376112348,2,4,11,0.67,0.16789118465634073,0.15,0.7,0.05,0.0,0.1
194,adaptive_attentive_ppoclip_seed1,1,COMPACT_32KB,-0.188084,-0.079371,0.160299,0,173,604.5433082084099,170.87197303771973,69,0.4083605780117754,1803.3203125,34.34000376112348,2,4,11,0.67,0.16789118465634073,0.15,0.7,0.05,0.0,0.1,166,589.4611906320084,211.75718307495117,32,0.8386721611022949,1717.6005859375,33.81679316431692,2,0,12,0.0,0.16789118465634073,0.15,0.65,0.05,0.05,0.1
195,adaptive_attentive_ppoclip_seed1,0,NOOP,0.1288,-0.034406,0.117854,0,166,589.4611906320084,211.75718307495117,32,0.8386721611022949,1717.6005859375,33.81679316431692,2,0,12,0.0,0.16789118465634073,0.15,0.65,0.05,0.05,0.1,172,617.2268420246593,598.5515117645264,41,0.669627119855183,1757.1015625,36.235044941790086,2,1,13,0.0,0.16789118465634073,0.15,0.6,0.1,0.05,0.1
196,adaptive_attentive_ppoclip_seed1,0,NOOP,0.106147,0.342503,0.305993,0,172,617.2268420246593,598.5515117645264,41,0.669627119855183,1757.1015625,36.235044941790086,2,1,13,0.0,0.16789118465634073,0.15,0.6,0.1,0.05,0.1,193,667.7963004363152,120.17083168029785,50,0.561983642578125,1798.34765625,35.9513245400752,2,2,14,0.67,0.20139118465634076,0.15,0.65,0.05,0.05,0.1
197,adaptive_attentive_ppoclip_seed1,0,NOOP,0.081422,0.342415,0.281543,0,193,667.7963004363152,120.17083168029785,50,0.561983642578125,1798.34765625,35.9513245400752,2,2,14,0.67,0.20139118465634076,0.15,0.65,0.05,0.05,0.1,269,797.0959361287711,125.19598007202148,65,0.44773301344651445,1862.5693359375,34.21608115704432,2,3,15,0.67,0.23489118465634076,0.15,0.65,0.05,0.05,0.1
198,adaptive_attentive_ppoclip_seed1,0,NOOP,0.068049,-0.034459,0.060624,0,269,797.0959361287711,125.19598007202148,65,0.44773301344651445,1862.5693359375,34.21608115704432,2,3,15,0.67,0.23489118465634076,0.15,0.65,0.05,0.05,0.1,214,692.021581413709,467.50497817993164,77,0.38836808638139203,1913.8779296875,32.63697268524499,2,4,16,0.0,0.23489118465634076,0.15,0.6,0.05,0.1,0.1
199,adaptive_attentive_ppoclip_seed1,1,COMPACT_32KB,-0.189687,0.297378,0.361995,0,214,692.021581413709,467.50497817993164,77,0.38836808638139203,1913.8779296875,32.63697268524499,2,4,16,0.0,0.23489118465634076,0.15,0.6,0.05,0.1,0.1,167,568.5663838643588,99.2889404296875,34,0.8319055893841911,1810.2265625,32.35258910247972,2,0,17,0.67,0.26839118465634076,0.15,0.6,0.05,0.1,0.1
200,adaptive_attentive_ppoclip_seed1,0,NOOP,0.113401,0.342431,0.313383,0,167,568.5663838643588,99.2889404296875,34,0.8319055893841911,1810.2265625,32.35258910247972,2,0,17,0.67,0.26839118465634076,0.15,0.6,0.05,0.1,0.1,267,785.5543195769334,112.15019226074219,49,0.5976294692681761,1874.166015625,35.21192572578181,2,1,18,0.67,0.30189118465634074,0.15,0.6,0.05,0.1,0.1
201,adaptive_attentive_ppoclip_seed1,0,NOOP,0.086749,-0.034454,0.080966,0,267,785.5543195769334,112.15019226074219,49,0.5976294692681761,1874.166015625,35.21192572578181,2,1,18,0.67,0.30189118465634074,0.15,0.6,0.05,0.1,0.1,293,735.011018008481,369.1837787628174,64,0.47374749183654785,1940.4697265625,33.9614906650817,2,2,19,0.0,0.3018911846563408,0.2,0.55,0.05,0.1,0.1
202,adaptive_attentive_ppoclip_seed1,0,NOOP,0.069403,0.342353,0.269049,0,293,735.011018008481,369.1837787628174,64,0.47374749183654785,1940.4697265625,33.9614906650817,2,2,19,0.0,0.3018911846563408,0.2,0.55,0.05,0.1,0.1,264,740.857181280798,166.44811630249023,79,0.39639011817642406,2004.1484375,32.21224313089635,2,3,20,0.67,0.33539118465634077,0.2,0.55,0.05,0.1,0.1
203,adaptive_attentive_ppoclip_seed1,0,NOOP,0.059178,-0.034666,0.054622,0,264,740.857181280798,166.44811630249023,79,0.39639011817642406,2004.1484375,32.21224313089635,2,3,20,0.67,0.33539118465634077,0.2,0.55,0.05,0.1,0.1,205,672.9779681963726,341.51244163513184,91,0.3527632493239183,2054.4931640625,30.842314681820557,2,4,21,0.0,0.3350000000000001,0.2,0.5,0.05,0.1,0.15
204,adaptive_attentive_ppoclip_seed1,1,COMPACT_32KB,-0.201786,-0.08795,0.146073,0,205,672.9779681963726,341.51244163513184,91,0.3527632493239183,2054.4931640625,30.842314681820557,2,4,21,0.0,0.3350000000000001,0.2,0.5,0.05,0.1,0.15,232,712.4463991413261,246.73032760620117,39,0.7745361328125,1933.2421875,31.70050391212011,2,0,22,0.0,0.3015,0.2,0.45,0.05,0.15,0.15
205,adaptive_attentive_ppoclip_seed1,0,NOOP,0.108965,-0.034595,0.098955,0,232,712.4463991413261,246.73032760620117,39,0.7745361328125,1933.2421875,31.70050391212011,2,0,22,0.0,0.3015,0.2,0.45,0.05,0.15,0.15,293,758.0790667146996,567.9960250854492,54,0.5785765471281828,1999.560546875,33.72416846581867,2,1,23,0.0,0.30150000000000005,0.15,0.45,0.1,0.15,0.15
206,adaptive_attentive_ppoclip_seed1,0,NOOP,0.093208,-0.034594,0.087543,0,293,758.0790667146996,567.9960250854492,54,0.5785765471281828,1999.560546875,33.72416846581867,2,1,23,0.0,0.30150000000000005,0.15,0.45,0.1,0.15,0.15,160,529.2296821571423,361.9832992553711,63,0.5054137214781746,2037.828125,33.25582715565713,2,2,24,0.0,0.30150000000000005,0.15,0.45,0.1,0.2,0.1
207,adaptive_attentive_ppoclip_seed1,0,NOOP,0.081107,-0.034572,0.074603,0,160,529.2296821571423,361.9832992553711,63,0.5054137214781746,2037.828125,33.25582715565713,2,2,24,0.0,0.30150000000000005,0.15,0.45,0.1,0.2,0.1,159,384.56132937447273,415.2109622955322,72,0.450534184773763,2076.0615234375,32.455748449569,2,3,25,0.0,0.30150000000000005,0.15,0.45,0.1,0.25,0.05
208,adaptive_attentive_ppoclip_seed1,0,NOOP,0.068715,-0.034589,0.061664,0,159,384.56132937447273,415.2109622955322,72,0.450534184773763,2076.0615234375,32.455748449569,2,3,25,0.0,0.30150000000000005,0.15,0.45,0.1,0.25,0.05,236,754.3217841776618,457.53955841064453,84,0.39607256934756324,2129.2861328125,31.223878601220257,2,4,26,0.0,0.30150000000000005,0.1,0.45,0.1,0.3,0.05
209,adaptive_attentive_ppoclip_seed1,2,COMPACT_64KB,0.285466,-0.092942,0.193149,0,236,754.3217841776618,457.53955841064453,84,0.39607256934756324,2129.2861328125,31.223878601220257,2,4,26,0.0,0.30150000000000005,0.1,0.45,0.1,0.3,0.05,168,586.2703900797732,197.54314422607422,29,1.0725718531115302,1990.693359375,21.770926627709393,2,0,27,0.0,0.26800000000000007,0.1,0.4,0.1,0.35,0.05
210,adaptive_attentive_ppoclip_seed1,0,NOOP,0.162326,-0.034565,0.158596,0,168,586.2703900797732,197.54314422607422,29,1.0725718531115302,1990.693359375,21.770926627709393,2,0,27,0.0,0.26800000000000007,0.1,0.4,0.1,0.35,0.05,189,667.8242866193101,233.98971557617188,38,0.8353805541992188,2031.6455078125,33.487410292637996,2,1,28,0.0,0.268,0.05,0.4,0.1,0.4,0.05
211,adaptive_attentive_ppoclip_seed1,0,NOOP,0.117019,-0.042958,0.113909,0,189,667.8242866193101,233.98971557617188,38,0.8353805541992188,2031.6455078125,33.487410292637996,2,1,28,0.0,0.268,0.05,0.4,0.1,0.4,0.05,283,817.211903737388,221.7576503753662,53,0.6182222186394457,2097.009765625,36.01123102364215,2,2,29,0.0,0.23450000000000001,0.05,0.35,0.1,0.4,0.1
212,adaptive_attentive_ppoclip_seed1,0,NOOP,0.090744,0.333904,0.290632,0,283,817.211903737388,221.7576503753662,53,0.6182222186394457,2097.009765625,36.01123102364215,2,2,29,0.0,0.23450000000000001,0.05,0.35,0.1,0.4,0.1,253,726.8097228605303,140.58470726013184,68,0.49622030819163604,2159.55078125,35.00282539442618,2,3,30,0.67,0.23450000000000001,0.05,0.35,0.1,0.4,0.1
213,adaptive_attentive_ppoclip_seed1,0,NOOP,0.073338,-0.042993,0.066366,0,253,726.8097228605303,140.58470726013184,68,0.49622030819163604,2159.55078125,35.00282539442618,2,3,30,0.67,0.23450000000000001,0.05,0.35,0.1,0.4,0.1,265,633.9875905072743,452.36968994140625,83,0.4185662327042545,2223.423828125,33.384037093578534,2,4,31,0.0,0.201,0.1,0.3,0.1,0.4,0.1
214,adaptive_attentive_ppoclip_seed1,1,COMPACT_32KB,-0.177848,0.29728,0.374091,0,265,633.9875905072743,452.36968994140625,83,0.4185662327042545,2223.423828125,33.384037093578534,2,4,31,0.0,0.201,0.1,0.3,0.1,0.4,0.1,177,609.9833353737545,90.21782875061035,37,0.8929781527132601,2114.572265625,29.410792071388645,2,0,32,0.67,0.23450000000000001,0.1,0.35,0.1,0.35,0.1
215,adaptive_attentive_ppoclip_seed1,7,REMOVE_PARTITION,0.076888,-0.069596,0.137708,0,177,609.9833353737545,90.21782875061035,37,0.8929781527132601,2114.572265625,29.410792071388645,2,0,32,0.67,0.23450000000000001,0.1,0.35,0.1,0.35,0.1,163,560.0715925307572,198.34160804748535,46,0.7313733308211617,2153.1630859375,33.78778683231823,0,1,0,0.0,0.23450000000000001,0.1,0.35,0.05,0.35,0.15
216,adaptive_attentive_ppoclip_seed1,0,NOOP,0.127894,-0.041834,0.126847,0,163,560.0715925307572,198.34160804748535,46,0.7313733308211617,2153.1630859375,33.78778683231823,0,1,0,0.0,0.23450000000000001,0.1,0.35,0.05,0.35,0.15,273,1025.6895964226785,116.09339714050293,51,0.6713445326861214,2191.2685546875,34.14613799132717,0,2,1,0.0,0.201,0.1,0.35,0.05,0.35,0.15
217,adaptive_attentive_ppoclip_seed1,0,NOOP,0.121351,-0.04119,0.111535,0,273,1025.6895964226785,116.09339714050293,51,0.6713445326861214,2191.2685546875,34.14613799132717,0,2,1,0.0,0.201,0.1,0.35,0.05,0.35,0.15,159,689.7284873005727,558.2756996154785,54,0.6405037773980035,2213.5810546875,34.1678412856681,0,3,2,0.0,0.1675,0.1,0.3,0.1,0.35,0.15
218,adaptive_attentive_ppoclip_seed1,0,NOOP,0.113764,-0.031856,0.108383,0,159,689.7284873005727,558.2756996154785,54,0.6405037773980035,2213.5810546875,34.1678412856681,0,3,2,0.0,0.1675,0.1,0.3,0.1,0.35,0.15,243,977.1139846302517,341.5067195892334,58,0.6050678121632543,2246.01171875,34.00249842556671,0,4,3,0.0,0.16750000000000004,0.15,0.3,0.1,0.3,0.15
219,adaptive_attentive_ppoclip_seed1,0,NOOP,0.107069,-0.039321,0.103838,0,243,977.1139846302517,341.5067195892334,58,0.6050678121632543,2246.01171875,34.00249842556671,0,4,3,0.0,0.16750000000000004,0.15,0.3,0.1,0.3,0.15,238,860.0401931601325,239.06207084655762,62,0.574096187468498,2278.013671875,33.73812274821984,0,5,4,0.0,0.134,0.15,0.25,0.1,0.3,0.2
220,adaptive_attentive_ppoclip_seed1,2,COMPACT_64KB,0.284966,-0.078829,0.188743,0,238,860.0401931601325,239.06207084655762,62,0.574096187468498,2278.013671875,33.73812274821984,0,5,4,0.0,0.134,0.15,0.25,0.1,0.3,0.2,201,489.71355314206517,397.83763885498047,33,1.0477539987275095,2212.8564453125,20.148570996122746,0,0,5,0.0,0.1005,0.15,0.2,0.15,0.3,0.2
221,adaptive_attentive_ppoclip_seed1,0,NOOP,0.184804,-0.019977,0.177551,0,201,489.71355314206517,397.83763885498047,33,1.0477539987275095,2212.8564453125,20.148570996122746,0,0,5,0.0,0.1005,0.15,0.2,0.15,0.3,0.2,215,810.9082276432122,408.8578224182129,37,0.9471427298880912,2242.833984375,26.691261760879122,0,1,6,0.0,0.1005,0.1,0.2,0.2,0.3,0.2
222,adaptive_attentive_ppoclip_seed1,0,NOOP,0.171997,-0.028011,0.167238,0,215,810.9082276432122,408.8578224182129,37,0.9471427298880912,2242.833984375,26.691261760879122,0,1,6,0.0,0.1005,0.1,0.2,0.2,0.3,0.2,163,632.7099306368546,287.93907165527344,40,0.8849830627441406,2265.556640625,29.288507510466317,0,2,7,0.0,0.067,0.15,0.15,0.2,0.3,0.2
223,adaptive_attentive_ppoclip_seed1,0,NOOP,0.157526,-0.019221,0.1549,0,163,632.7099306368546,287.93907165527344,40,0.8849830627441406,2265.556640625,29.288507510466317,0,2,7,0.0,0.067,0.15,0.15,0.2,0.3,0.2,212,797.1917382549493,186.33460998535156,44,0.8151321411132812,2295.412109375,31.34513583245512,0,3,8,0.0,0.067,0.15,0.15,0.2,0.3,0.2
224,adaptive_attentive_ppoclip_seed1,0,NOOP,0.145403,-0.01883,0.142697,0,212,797.1917382549493,186.33460998535156,44,0.8151321411132812,2295.412109375,31.34513583245512,0,3,8,0.0,0.067,0.15,0.15,0.2,0.3,0.2,216,842.029325164322,195.31941413879395,48,0.7570171356201172,2325.556640625,32.47009048763224,0,4,9,0.0,0.067,0.15,0.15,0.2,0.25,0.25
225,adaptive_attentive_ppoclip_seed1,2,COMPACT_64KB,0.284716,-0.068452,0.192157,0,216,842.029325164322,195.31941413879395,48,0.7570171356201172,2325.556640625,32.47009048763224,0,4,9,0.0,0.067,0.15,0.15,0.2,0.25,0.25,228,880.1928008924331,217.14401245117188,35,1.0302607945033482,2307.7841796875,20.030471591275173,0,0,10,0.0,0.067,0.15,0.15,0.15,0.3,0.25
226,adaptive_attentive_ppoclip_seed1,0,NOOP,0.182601,-0.018099,0.174046,0,228,880.1928008924331,217.14401245117188,35,1.0302607945033482,2307.7841796875,20.030471591275173,0,0,10,0.0,0.067,0.15,0.15,0.15,0.3,0.25,236,874.8706231312382,476.5031337738037,39,0.9373787121895032,2339.697265625,26.006110048652697,0,1,11,0.0,0.067,0.15,0.15,0.2,0.25,0.25
227,adaptive_attentive_ppoclip_seed1,0,NOOP,0.167031,-0.017776,0.164913,0,236,874.8706231312382,476.5031337738037,39,0.9373787121895032,2339.697265625,26.006110048652697,0,1,11,0.0,0.067,0.15,0.15,0.2,0.25,0.25,243,878.2603546420748,159.64508056640625,43,0.8620275453079579,2372.2998046875,29.052609810790386,0,2,12,0.0,0.067,0.15,0.2,0.2,0.2,0.25
228,adaptive_attentive_ppoclip_seed1,0,NOOP,0.151042,-0.01744,0.148543,0,243,878.2603546420748,159.64508056640625,43,0.8620275453079579,2372.2998046875,29.052609810790386,0,2,12,0.0,0.067,0.15,0.2,0.2,0.2,0.25,294,986.7560679728185,184.9956512451172,48,0.7852121988932291,2412.171875,31.08916332967087,0,3,13,0.0,0.067,0.15,0.25,0.2,0.15,0.25
229,adaptive_attentive_ppoclip_seed1,0,NOOP,0.137855,-0.017179,0.134879,0,294,986.7560679728185,184.9956512451172,48,0.7852121988932291,2412.171875,31.08916332967087,0,3,13,0.0,0.067,0.15,0.25,0.2,0.15,0.25,276,881.4119184180652,215.05069732666016,53,0.7223994417010613,2450.37890625,32.1204722551096,0,4,14,0.0,0.067,0.15,0.3,0.2,0.1,0.25
230,adaptive_attentive_ppoclip_seed1,1,COMPACT_32KB,-0.171429,-0.106711,0.175759,0,276,881.4119184180652,215.05069732666016,53,0.7223994417010613,2450.37890625,32.1204722551096,0,4,14,0.0,0.067,0.15,0.3,0.2,0.1,0.25,206,722.8751338616406,282.75132179260254,41,0.9275717386385289,2433.9482421875,24.51412182179912,0,0,15,0.0,0.067,0.2,0.3,0.2,0.05,0.25
231,adaptive_attentive_ppoclip_seed1,0,NOOP,0.165543,-0.061786,0.162793,0,206,722.8751338616406,282.75132179260254,41,0.9275717386385289,2433.9482421875,24.51412182179912,0,0,15,0.0,0.067,0.2,0.3,0.2,0.05,0.25,224,895.9222479585989,193.74728202819824,45,0.8558417426215278,2464.82421875,27.699035650620736,0,1,16,0.0,0.067,0.2,0.35,0.2,0.05,0.2
232,adaptive_attentive_ppoclip_seed1,0,NOOP,0.15021,-0.070251,0.145364,0,224,895.9222479585989,193.74728202819824,45,0.8558417426215278,2464.82421875,27.699035650620736,0,1,16,0.0,0.067,0.2,0.35,0.2,0.05,0.2,280,796.722164708564,304.7962188720703,50,0.7822982788085937,2503.3544921875,29.87307061896978,0,2,17,0.0,0.0335,0.25,0.3,0.2,0.05,0.2
233,adaptive_attentive_ppoclip_seed1,0,NOOP,0.137616,-0.06197,0.132803,0,280,796.722164708564,304.7962188720703,50,0.7822982788085937,2503.3544921875,29.87307061896978,0,2,17,0.0,0.0335,0.25,0.3,0.2,0.05,0.2,294,849.4008826533881,309.3852996826172,55,0.7224553888494318,2543.04296875,30.970509973644766,0,3,18,0.0,0.0335,0.2,0.35,0.2,0.05,0.2
234,adaptive_attentive_ppoclip_seed1,0,NOOP,0.126929,-0.07043,0.123177,0,294,849.4008826533881,309.3852996826172,55,0.7224553888494318,2543.04296875,30.970509973644766,0,3,18,0.0,0.0335,0.2,0.35,0.2,0.05,0.2,274,893.9753597326567,262.6073360443115,60,0.6721445719401041,2581.03515625,31.525615638077305,0,4,19,0.0,0.0,0.2,0.35,0.2,0.05,0.2
235,adaptive_attentive_ppoclip_seed1,1,COMPACT_32KB,-0.183909,-0.107108,0.165237,0,274,893.9753597326567,262.6073360443115,60,0.6721445719401041,2581.03515625,31.525615638077305,0,4,19,0.0,0.0,0.2,0.35,0.2,0.05,0.2,172,703.8535120463473,191.09249114990234,46,0.8682954207710598,2556.26171875,25.547683732658232,0,0,20,0.0,0.0,0.2,0.35,0.2,0.05,0.2
236,adaptive_attentive_ppoclip_seed1,6,PARTITION_EVENT_TYPE,-0.029209,-0.162192,0.148325,0,172,703.8535120463473,191.09249114990234,46,0.8682954207710598,2556.26171875,25.547683732658232,0,0,20,0.0,0.0,0.2,0.35,0.2,0.05,0.2,277,910.3434666984265,277.9703140258789,51,0.794923370959712,2594.6298828125,28.18402251672651,3,1,0,0.0,0.0,0.2,0.35,0.2,0.05,0.2
237,adaptive_attentive_ppoclip_seed1,0,NOOP,0.12975,-0.1,0.118664,0,277,910.3434666984265,277.9703140258789,51,0.794923370959712,2594.6298828125,28.18402251672651,3,1,0,0.0,0.0,0.2,0.35,0.2,0.05,0.2,187,472.3082085121296,629.2963027954102,60,0.6862503051757812,2635.201171875,30.858844098104054,3,2,1,0.0,0.0,0.2,0.35,0.2,0.05,0.2
238,adaptive_attentive_ppoclip_seed1,0,NOOP,0.107645,-0.099369,0.099754,0,187,472.3082085121296,629.2963027954102,60,0.6862503051757812,2635.201171875,30.858844098104054,3,2,1,0.0,0.0,0.2,0.35,0.2,0.05,0.2,228,571.0857194726646,484.5552444458008,72,0.5832235548231337,2687.494140625,31.813352075911816,3,3,2,0.0,0.0,0.2,0.35,0.2,0.05,0.2
239,adaptive_attentive_ppoclip_seed1,0,NOOP,0.095164,-0.098536,0.083276,0,228,571.0857194726646,484.5552444458008,72,0.5832235548231337,2687.494140625,31.813352075911816,3,3,2,0.0,0.0,0.2,0.35,0.2,0.05,0.2,197,600.7205407865484,695.6312656402588,81,0.5264425395447531,2729.078125,31.71022320256858,3,4,3,0.0,0.0,0.2,0.35,0.25,0.05,0.15
240,adaptive_attentive_ppoclip_seed1,3,COMPACT_128KB,0.547625,-0.094829,0.194503,0,197,600.7205407865484,695.6312656402588,81,0.5264425395447531,2729.078125,31.71022320256858,3,4,3,0.0,0.0,0.2,0.35,0.25,0.05,0.15,181,494.2986162069107,179.84747886657715,19,2.1060148540296053,2560.9140625,64.78973857842512,3,0,4,0.0,0.0,0.25,0.35,0.2,0.05,0.15
241,adaptive_attentive_ppoclip_seed1,0,NOOP,0.196125,-0.03985,0.193955,0,181,494.2986162069107,179.84747886657715,19,2.1060148540296053,2560.9140625,64.78973857842512,3,0,4,0.0,0.0,0.25,0.35,0.2,0.05,0.15,241,639.0340553987376,147.25351333618164,31,1.3177288424584173,2614.3740234375,81.75503116154823,3,1,5,0.0,0.0,0.25,0.35,0.15,0.05,0.2
242,adaptive_attentive_ppoclip_seed1,0,NOOP,0.176294,-0.039811,0.17224,0,241,639.0340553987376,147.25351333618164,31,1.3177288424584173,2614.3740234375,81.75503116154823,3,1,5,0.0,0.0,0.25,0.35,0.15,0.05,0.2,283,702.2658697712614,260.22911071777344,46,0.9102212657099185,2679.69140625,76.7685136560526,3,2,6,0.0,0.0,0.2,0.4,0.15,0.05,0.2
243,adaptive_attentive_ppoclip_seed1,0,NOOP,0.13992,-0.039812,0.134236,0,283,702.2658697712614,260.22911071777344,46,0.9102212657099185,2679.69140625,76.7685136560526,3,2,6,0.0,0.0,0.2,0.4,0.15,0.05,0.2,224,704.7246438775288,356.705904006958,58,0.7358482623922413,2731.46875,71.6859478325787,3,3,7,0.0,0.0,0.25,0.4,0.15,0.05,0.15
244,adaptive_attentive_ppoclip_seed1,0,NOOP,0.115589,-0.039785,0.103989,0,224,704.7246438775288,356.705904006958,58,0.7358482623922413,2731.46875,71.6859478325787,3,3,7,0.0,0.0,0.25,0.4,0.15,0.05,0.15,244,667.0778616958106,667.4792766571045,70,0.6216942923409599,2785.1904296875,67.1357734068507,3,4,8,0.0,0.0,0.25,0.4,0.2,0.05,0.1
245,adaptive_attentive_ppoclip_seed1,0,NOOP,0.101873,-0.039759,0.095329,0,244,667.0778616958106,667.4792766571045,70,0.6216942923409599,2785.1904296875,67.1357734068507,3,4,8,0.0,0.0,0.25,0.4,0.2,0.05,0.1,177,565.7529787329706,425.95934867858887,79,0.5587420886075949,2825.0,64.14992138718425,3,5,9,0.0,0.0,0.3,0.4,0.2,0.0,0.1
246,adaptive_attentive_ppoclip_seed1,1,COMPACT_32KB,-0.156943,-0.084765,0.186288,0,177,565.7529787329706,425.95934867858887,79,0.5587420886075949,2825.0,64.14992138718425,3,5,9,0.0,0.0,0.3,0.4,0.2,0.0,0.1,236,594.3723018170027,480.5936813354492,41,1.0468705340129574,2746.98828125,32.41044514887661,3,0,10,0.0,0.0,0.3,0.4,0.2,0.0,0.1
247,adaptive_attentive_ppoclip_seed1,0,NOOP,0.149776,0.337107,0.348323,0,236,594.3723018170027,480.5936813354492,41,1.0468705340129574,2746.98828125,32.41044514887661,3,0,10,0.0,0.0,0.3,0.4,0.2,0.0,0.1,252,665.1776392136921,192.68798828125,56,0.7838818686349052,2809.4326171875,39.40535353335652,3,1,11,0.67,0.0335,0.3,0.35,0.2,0.05,0.1
248,adaptive_attentive_ppoclip_seed1,0,NOOP,0.128907,-0.039772,0.121664,0,252,665.1776392136921,192.68798828125,56,0.7838818686349052,2809.4326171875,39.40535353335652,3,1,11,0.67,0.0335,0.3,0.35,0.2,0.05,0.1,189,525.7421359872345,443.39513778686523,65,0.6851604755108173,2850.267578125,39.83756316343812,3,2,12,0.0,0.0335,0.35,0.3,0.2,0.05,0.1
249,adaptive_attentive_ppoclip_seed1,0,NOOP,0.112759,0.337112,0.311469,0,189,525.7421359872345,443.39513778686523,65,0.6851604755108173,2850.267578125,39.83756316343812,3,2,12,0.0,0.0335,0.35,0.3,0.2,0.05,0.1,169,533.477866502096,206.97689056396484,74,0.6100434999208193,2889.166015625,39.506930481521294,3,3,13,0.67,0.067,0.35,0.25,0.2,0.1,0.1
250,adaptive_attentive_ppoclip_seed1,0,NOOP,0.099878,-0.039769,0.095732,0,169,533.477866502096,206.97689056396484,74,0.6100434999208193,2889.166015625,39.506930481521294,3,3,13,0.67,0.067,0.35,0.25,0.2,0.1,0.1,171,490.48169274336334,311.01465225219727,83,0.5512634645025414,2928.3115234375,38.82643483930452,3,4,14,0.0,0.067,0.3,0.25,0.2,0.1,0.15
251,adaptive_attentive_ppoclip_seed1,0,NOOP,0.096134,-0.03977,0.08213,0,171,490.48169274336334,311.01465225219727,83,0.5512634645025414,2928.3115234375,38.82643483930452,3,4,14,0.0,0.067,0.3,0.25,0.2,0.1,0.15,58,250.9885333547933,807.6841831207275,86,0.5344188601471657,2941.44140625,38.56025182457234,3,5,15,0.0,0.067,0.3,0.2,0.25,0.1,0.15
252,adaptive_attentive_ppoclip_seed1,2,COMPACT_64KB,0.216966,-0.089771,0.191925,0,58,250.9885333547933,807.6841831207275,86,0.5344188601471657,2941.44140625,38.56025182457234,3,5,15,0.0,0.067,0.3,0.2,0.25,0.1,0.15,42,150.59204573820213,218.7507152557373,37,1.1871923498205237,2811.271484375,23.26265275478289,3,0,16,0.0,0.067,0.25,0.25,0.25,0.1,0.15
253,adaptive_attentive_ppoclip_seed1,0,NOOP,0.195,-0.039785,0.190943,0,42,150.59204573820213,218.7507152557373,37,1.1871923498205237,2811.271484375,23.26265275478289,3,0,16,0.0,0.067,0.25,0.25,0.25,0.1,0.15,35,143.22083522358645,252.86364555358887,40,1.1024383544921874,2822.2421875,29.52643475319288,3,1,17,0.0,0.067,0.25,0.25,0.25,0.1,0.15
254,adaptive_attentive_ppoclip_seed1,0,NOOP,0.194625,-0.039784,0.191784,0,35,143.22083522358645,252.86364555358887,40,1.1024383544921874,2822.2421875,29.52643475319288,3,1,17,0.0,0.067,0.25,0.25,0.25,0.1,0.15,49,225.45816119442281,195.80817222595215,43,1.0300271677416424,2834.634765625,33.208652288252324,3,2,18,0.0,0.067,0.25,0.2,0.25,0.1,0.2
255,adaptive_attentive_ppoclip_seed1,0,NOOP,0.187803,0.337093,0.388204,0,49,225.45816119442281,195.80817222595215,43,1.0300271677416424,2834.634765625,33.208652288252324,3,2,18,0.0,0.067,0.25,0.2,0.25,0.1,0.2,73,248.24846235298506,87.4481201171875,46,0.9677668032438859,2849.10546875,35.52631611630398,3,3,19,0.67,0.1005,0.25,0.2,0.25,0.15,0.15
256,adaptive_attentive_ppoclip_seed1,0,NOOP,0.176459,-0.039788,0.173328,0,73,248.24846235298506,87.4481201171875,46,0.9677668032438859,2849.10546875,35.52631611630398,3,3,19,0.67,0.1005,0.25,0.2,0.25,0.15,0.15,64,252.6465617688194,217.8058624267578,49,0.912919959243463,2862.9169921875,37.098218276806385,3,4,20,0.0,0.1005,0.25,0.15,0.25,0.15,0.2
257,adaptive_attentive_ppoclip_seed1,1,COMPACT_32KB,0.563307,-0.084791,0.186317,0,64,252.6465617688194,217.8058624267578,49,0.912919959243463,2862.9169921875,37.098218276806385,3,4,20,0.0,0.1005,0.25,0.15,0.25,0.15,0.2,47,189.88129113541203,489.12572860717773,39,1.137984838241186,2840.41015625,26.558181175850418,3,0,21,0.0,0.1005,0.25,0.15,0.25,0.15,0.2
258,adaptive_attentive_ppoclip_seed1,5,PARTITION_REGION,0.012932,-0.139783,0.189717,0,47,189.88129113541203,489.12572860717773,39,1.137984838241186,2840.41015625,26.558181175850418,3,0,21,0.0,0.1005,0.25,0.15,0.25,0.15,0.2,31,120.49559621600783,304.15797233581543,42,1.0606587727864583,2851.05078125,31.303496981909618,2,1,0,0.0,0.1005,0.25,0.15,0.25,0.15,0.2
259,adaptive_attentive_ppoclip_seed1,0,NOOP,0.193101,-0.074812,0.189201,0,31,120.49559621600783,304.15797233581543,42,1.0606587727864583,2851.05078125,31.303496981909618,2,1,0,0.0,0.1005,0.25,0.15,0.25,0.15,0.2,30,116.52862115940445,260.7100009918213,45,0.9936299641927083,2861.654296875,34.30154250276166,2,2,1,0.00062995580907011,0.10053149779045352,0.25,0.2,0.2,0.15,0.2
260,adaptive_attentive_ppoclip_seed1,0,NOOP,0.181151,-0.074977,0.176371,0,30,116.52862115940445,260.7100009918213,45,0.9936299641927083,2861.654296875,34.30154250276166,2,2,1,0.00062995580907011,0.10053149779045352,0.25,0.2,0.2,0.15,0.2,56,241.98472766534383,298.99048805236816,48,0.9357528686523438,2874.6328125,36.217384583093896,2,3,2,0.0,0.10053149779045352,0.25,0.2,0.2,0.15,0.2
261,adaptive_attentive_ppoclip_seed1,0,NOOP,0.17047,-0.073373,0.167472,0,56,241.98472766534383,298.99048805236816,48,0.9357528686523438,2874.6328125,36.217384583093896,2,3,2,0.0,0.10053149779045352,0.25,0.2,0.2,0.15,0.2,39,102.033368679749,252.87866592407227,51,0.8842228908164829,2886.103515625,37.55663176095353,2,4,3,0.002617023936004,0.10066234898725372,0.25,0.25,0.2,0.15,0.15
262,adaptive_attentive_ppoclip_seed1,0,NOOP,0.160918,-0.074724,0.151196,0,39,102.033368679749,252.87866592407227,51,0.8842228908164829,2886.103515625,37.55663176095353,2,4,3,0.002617023936004,0.10066234898725372,0.25,0.25,0.2,0.15,0.15,36,138.90825860248094,553.5635948181152,54,0.8383382161458334,2897.296875,38.47136210243379,2,5,4,0.0,0.10066234898725372,0.25,0.2,0.25,0.15,0.15
263,adaptive_attentive_ppoclip_seed1,0,NOOP,0.152317,-0.074613,0.14158,0,36,138.90825860248094,553.5635948181152,54,0.8383382161458334,2897.296875,38.47136210243379,2,5,4,0.0,0.10066234898725372,0.25,0.2,0.25,0.15,0.15,33,145.0774713434012,608.1340312957764,57,0.7972120318496436,2908.2294921875,39.0856296980126,2,6,5,0.0,0.10066234898725372,0.2,0.2,0.3,0.15,0.15
264,adaptive_attentive_ppoclip_seed1,0,NOOP,0.144665,-0.074412,0.138359,0,33,145.0774713434012,608.1340312957764,57,0.7972120318496436,2908.2294921875,39.0856296980126,2,6,5,0.0,0.10066234898725372,0.2,0.2,0.3,0.15,0.15,60,218.5001818966393,390.3036117553711,60,0.7608250935872396,2921.568359375,39.43131332908133,2,7,6,0.0,0.10066234898725372,0.25,0.2,0.25,0.15,0.15
265,adaptive_attentive_ppoclip_seed1,0,NOOP,0.137762,-0.070356,0.135931,0,60,218.5001818966393,390.3036117553711,60,0.7608250935872396,2921.568359375,39.43131332908133,2,7,6,0.0,0.10066234898725372,0.25,0.2,0.25,0.15,0.15,72,274.72332342658774,272.0370292663574,63,0.7281840490916419,2936.0380859375,39.60218202271447,2,8,7,0.006782597894606093,0.10100147888198403,0.2,0.25,0.25,0.15,0.15
266,adaptive_attentive_ppoclip_seed1,0,NOOP,0.13129,-0.074059,0.129342,0,72,274.72332342658774,272.0370292663574,63,0.7281840490916419,2936.0380859375,39.60218202271447,2,8,7,0.006782597894606093,0.10100147888198403,0.2,0.25,0.25,0.15,0.15,34,137.63589106593585,179.93521690368652,66,0.697701425263376,2947.0908203125,39.71292730657559,2,9,8,0.0,0.10100147888198403,0.2,0.25,0.2,0.2,0.15
267,adaptive_attentive_ppoclip_seed1,2,COMPACT_64KB,0.554216,-0.130417,0.19157,0,34,137.63589106593585,179.93521690368652,66,0.697701425263376,2947.0908203125,39.71292730657559,2,9,8,0.0,0.10100147888198403,0.2,0.25,0.2,0.2,0.15,61,208.3866497037738,226.48191452026367,39,1.153314443734976,2878.6728515625,24.886337405161445,2,0,9,0.0,0.06750147888198402,0.2,0.25,0.2,0.2,0.15
268,adaptive_attentive_ppoclip_seed1,0,NOOP,0.19475,-0.071877,0.188139,0,61,208.3866497037738,226.48191452026367,39,1.153314443734976,2878.6728515625,24.886337405161445,2,0,9,0.0,0.06750147888198402,0.2,0.25,0.2,0.2,0.15,52,185.5803031347293,383.037805557251,42,1.0756454467773438,2891.3349609375,30.051418096796922,2,1,10,0.0,0.06750147888198402,0.2,0.25,0.2,0.2,0.15
269,adaptive_attentive_ppoclip_seed1,0,NOOP,0.194375,-0.080055,0.190386,0,52,185.5803031347293,383.037805557251,42,1.0756454467773438,2891.3349609375,30.051418096796922,2,1,10,0.0,0.06750147888198402,0.2,0.25,0.2,0.2,0.15,62,218.42562645363364,255.6777000427246,45,1.008648681640625,2904.908203125,33.238260399091914,2,2,11,0.0,0.034001478881984015,0.2,0.25,0.2,0.2,0.15
270,adaptive_attentive_ppoclip_seed1,0,NOOP,0.18397,-0.071504,0.172647,0,62,218.42562645363364,255.6777000427246,45,1.008648681640625,2904.908203125,33.238260399091914,2,2,11,0.0,0.034001478881984015,0.2,0.25,0.2,0.2,0.15,56,181.22878568446978,626.1410713195801,48,0.9498481750488281,2917.93359375,35.37294070705248,2,3,12,0.0,0.034001478881984015,0.2,0.25,0.25,0.2,0.1
271,adaptive_attentive_ppoclip_seed1,0,NOOP,0.173345,-0.071256,0.163379,0,56,181.22878568446978,626.1410713195801,48,0.9498481750488281,2917.93359375,35.37294070705248,2,3,12,0.0,0.034001478881984015,0.2,0.25,0.25,0.2,0.1,79,321.01494000649103,562.0648860931396,51,0.8986014571844363,2933.03515625,36.76608273791447,2,4,13,0.0,0.034001478881984015,0.2,0.25,0.25,0.2,0.1
272,adaptive_attentive_ppoclip_seed1,0,NOOP,0.163858,0.305865,0.361378,0,79,321.01494000649103,562.0648860931396,51,0.8986014571844363,2933.03515625,36.76608273791447,2,4,13,0.0,0.034001478881984015,0.2,0.25,0.25,0.2,0.1,79,295.8569457850097,241.49513244628906,54,0.8530397768373843,2948.10546875,37.71742726158867,2,5,14,0.67,0.06750147888198402,0.2,0.25,0.25,0.2,0.1
273,adaptive_attentive_ppoclip_seed1,3,COMPACT_128KB,0.165,-0.074126,0.195868,0,79,295.8569457850097,241.49513244628906,54,0.8530397768373843,2948.10546875,37.71742726158867,2,5,14,0.67,0.06750147888198402,0.2,0.25,0.25,0.2,0.1,51,169.89929922631345,106.62436485290527,20,2.230883026123047,2855.5302734375,54.191310228519896,2,0,15,0.0,0.06750147888198402,0.2,0.2,0.25,0.2,0.15
274,adaptive_attentive_ppoclip_seed1,0,NOOP,0.197125,-0.019123,0.19378,0,51,169.89929922631345,106.62436485290527,20,2.230883026123047,2855.5302734375,54.191310228519896,2,0,15,0.0,0.06750147888198402,0.2,0.2,0.25,0.2,0.15,60,245.97787297928926,196.02489471435547,23,1.9490091075067935,2868.94140625,69.31453532435303,2,1,16,0.0,0.06750147888198402,0.2,0.2,0.25,0.2,0.15
275,adaptive_attentive_ppoclip_seed1,0,NOOP,0.19675,-0.027493,0.193364,0,60,245.97787297928926,196.02489471435547,23,1.9490091075067935,2868.94140625,69.31453532435303,2,1,16,0.0,0.06750147888198402,0.2,0.2,0.25,0.2,0.15,43,181.07193579380768,201.80535316467285,26,1.7312234731820912,2880.755859375,76.00664406808113,2,2,17,0.0,0.03400147888198401,0.2,0.2,0.25,0.2,0.15
276,adaptive_attentive_ppoclip_seed1,0,NOOP,0.196375,-0.019124,0.189994,0,43,181.07193579380768,201.80535316467285,26,1.7312234731820912,2880.755859375,76.00664406808113,2,2,17,0.0,0.03400147888198401,0.2,0.2,0.25,0.2,0.15,40,138.4190221606191,355.302095413208,29,1.5583348767510776,2892.26953125,79.10154589821303,2,3,18,0.0,0.034001478881984015,0.2,0.2,0.3,0.2,0.1
277,adaptive_attentive_ppoclip_seed1,0,NOOP,0.196,-0.01912,0.19376,0,40,138.4190221606191,355.302095413208,29,1.5583348767510776,2892.26953125,79.10154589821303,2,3,18,0.0,0.034001478881984015,0.2,0.2,0.3,0.2,0.1,31,123.48618865860226,152.01735496520996,32,1.4174790382385254,2902.9970703125,80.38939735696573,2,4,19,0.0,0.034001478881984015,0.2,0.2,0.25,0.2,0.15
278,adaptive_attentive_ppoclip_seed1,0,NOOP,0.195625,-0.019125,0.191683,0,31,123.48618865860226,152.01735496520996,32,1.4174790382385254,2902.9970703125,80.38939735696573,2,4,19,0.0,0.034001478881984015,0.2,0.2,0.25,0.2,0.15,77,318.09362131304647,240.8444881439209,35,1.3026249476841518,2917.8798828125,80.53335749038759,2,5,20,0.0,0.034001478881984015,0.15,0.2,0.25,0.25,0.15
279,adaptive_attentive_ppoclip_seed1,3,COMPACT_128KB,-0.127375,-0.074116,0.195464,0,77,318.09362131304647,240.8444881439209,35,1.3026249476841518,2917.8798828125,80.53335749038759,2,5,20,0.0,0.034001478881984015,0.15,0.2,0.25,0.25,0.15,39,137.2644065321864,131.8216323852539,19,2.366137855931332,2877.2236328125,41.97161561508242,2,0,21,0.0,0.03396998109153051,0.15,0.15,0.25,0.3,0.15
280,adaptive_attentive_ppoclip_seed1,7,REMOVE_PARTITION,0.133614,-0.05411,0.195191,0,39,137.2644065321864,131.8216323852539,19,2.366137855931332,2877.2236328125,41.97161561508242,2,0,21,0.0,0.03396998109153051,0.15,0.15,0.25,0.3,0.15,49,174.70264976997697,130.46550750732422,22,2.052276611328125,2889.60546875,64.70817283816565,0,1,0,0.0,0.03396998109153051,0.1,0.15,0.25,0.3,0.2
281,adaptive_attentive_ppoclip_seed1,0,NOOP,0.197125,-0.03613,0.195608,0,49,174.70264976997697,130.46550750732422,22,2.052276611328125,2889.60546875,64.70817283816565,0,1,0,0.0,0.03396998109153051,0.1,0.15,0.25,0.3,0.2,75,271.088567277315,104.59160804748535,23,1.9694001570991848,2898.95703125,68.14610051673581,0,2,1,0.0,0.033839129894730306,0.1,0.15,0.25,0.3,0.2
282,adaptive_attentive_ppoclip_seed1,0,NOOP,0.197,-0.035876,0.191613,0,75,271.088567277315,104.59160804748535,23,1.9694001570991848,2898.95703125,68.14610051673581,0,2,1,0.0,0.033839129894730306,0.1,0.15,0.25,0.3,0.2,70,278.44337931675454,299.32546615600586,24,1.8931687672932942,2907.9072265625,70.80430320634713,0,3,2,0.0,0.033839129894730306,0.1,0.15,0.25,0.3,0.2
283,adaptive_attentive_ppoclip_seed1,0,NOOP,0.196875,-0.035647,0.194819,0,70,278.44337931675454,299.32546615600586,24,1.8931687672932942,2907.9072265625,70.80430320634713,0,3,2,0.0,0.033839129894730306,0.1,0.15,0.25,0.3,0.2,73,301.64979232181844,134.06658172607422,25,1.8231231689453125,2916.9970703125,72.84763464708396,0,4,3,0.0,0.033839129894730306,0.1,0.15,0.2,0.3,0.25
284,adaptive_attentive_ppoclip_seed1,3,COMPACT_128KB,-0.127375,-0.088103,0.193974,0,73,301.64979232181844,134.06658172607422,25,1.8231231689453125,2916.9970703125,72.84763464708396,0,4,3,0.0,0.033839129894730306,0.1,0.15,0.2,0.3,0.25,44,180.1393837465019,206.29453659057617,19,2.388022171823602,2903.8349609375,38.62906656090896,0,0,4,0.0,0.033839129894730306,0.1,0.15,0.2,0.3,0.25
285,adaptive_attentive_ppoclip_seed1,0,NOOP,0.1975,-0.033102,0.193772,0,44,180.1393837465019,206.29453659057617,19,2.388022171823602,2903.8349609375,38.62906656090896,0,0,4,0.0,0.033839129894730306,0.1,0.15,0.2,0.3,0.25,30,123.06796709036067,211.41743659973145,20,2.2728782653808595,2909.2841796875,49.99772808462231,0,1,5,0.0,0.0335,0.15,0.1,0.2,0.3,0.25
286,adaptive_attentive_ppoclip_seed1,0,NOOP,0.197375,-0.032924,0.193873,0,30,123.06796709036067,211.41743659973145,20,2.2728782653808595,2909.2841796875,49.99772808462231,0,1,5,0.0,0.0335,0.15,0.1,0.2,0.3,0.25,33,132.1826597919832,201.3401985168457,21,2.1688428606305803,2914.9248046875,57.49579788787507,0,2,6,0.0,0.0335,0.2,0.1,0.2,0.25,0.25
287,adaptive_attentive_ppoclip_seed1,0,NOOP,0.19725,-0.03274,0.195551,0,33,132.1826597919832,201.3401985168457,21,2.1688428606305803,2914.9248046875,57.49579788787507,0,2,6,0.0,0.0335,0.2,0.1,0.2,0.25,0.25,65,262.4349495161463,112.43414878845215,22,2.0763189142400567,2923.45703125,62.60806149804333,0,3,7,0.0,0.0335,0.2,0.15,0.2,0.2,0.25
288,adaptive_attentive_ppoclip_seed1,0,NOOP,0.197125,-0.032591,0.193922,0,65,262.4349495161463,112.43414878845215,22,2.0763189142400567,2923.45703125,62.60806149804333,0,3,7,0.0,0.0335,0.2,0.15,0.2,0.2,0.25,53,204.7366233919335,188.9026165008545,23,1.991100145422894,2930.8994140625,66.52637822646044,0,4,8,0.0,0.0335,0.15,0.15,0.2,0.2,0.3
289,adaptive_attentive_ppoclip_seed1,0,NOOP,0.197,-0.032417,0.194725,0,53,204.7366233919335,188.9026165008545,23,1.991100145422894,2930.8994140625,66.52637822646044,0,4,8,0.0,0.0335,0.15,0.15,0.2,0.2,0.3,62,283.7855055382769,143.76211166381836,24,1.913495381673177,2939.12890625,69.46488661432727,0,5,9,0.0,0.0335,0.15,0.15,0.2,0.15,0.35
290,adaptive_attentive_ppoclip_seed1,1,COMPACT_32KB,0.180932,-0.045,0.193118,0,62,283.7855055382769,143.76211166381836,24,1.913495381673177,2939.12890625,69.46488661432727,0,5,9,0.0,0.0335,0.15,0.15,0.2,0.15,0.35,79,323.18191624872964,154.08849716186523,38,1.2292777613589638,2989.603515625,23.40228004797157,0,0,10,0.0,0.0335,0.15,0.15,0.15,0.15,0.4
291,adaptive_attentive_ppoclip_seed1,0,NOOP,0.195125,0.0,0.192432,0,79,323.18191624872964,154.08849716186523,38,1.2292777613589638,2989.603515625,23.40228004797157,0,0,10,0.0,0.0335,0.15,0.15,0.15,0.15,0.4,38,175.45390116985007,183.38537216186523,39,1.2001937474959936,2995.68359375,25.853020370932533,0,1,11,0.0,0.0335,0.15,0.15,0.1,0.2,0.4
292,adaptive_attentive_ppoclip_seed1,0,NOOP,0.195,-0.008375,0.187066,0,38,175.45390116985007,183.38537216186523,39,1.2001937474959936,2995.68359375,25.853020370932533,0,1,11,0.0,0.0335,0.15,0.15,0.1,0.2,0.4,73,317.75722800102534,446.67601585388184,40,1.1737964630126954,3004.9189453125,27.66599328107578,0,2,12,0.0,0.0,0.15,0.1,0.15,0.2,0.4
293,adaptive_attentive_ppoclip_seed1,0,NOOP,0.194875,0.0,0.192654,0,73,317.75722800102534,446.67601585388184,40,1.1737964630126954,3004.9189453125,27.66599328107578,0,2,12,0.0,0.0,0.15,0.1,0.15,0.2,0.4,45,196.31822611832325,162.3225212097168,41,1.1477236864043445,3011.626953125,29.333141058108293,0,3,13,0.0,0.0,0.15,0.15,0.15,0.2,0.35
294,adaptive_attentive_ppoclip_seed1,0,NOOP,0.19475,0.0,0.193042,0,45,196.31822611832325,162.3225212097168,41,1.1477236864043445,3011.626953125,29.333141058108293,0,3,13,0.0,0.0,0.15,0.15,0.15,0.2,0.35,79,330.9151934358253,137.89081573486328,42,1.1240372430710566,3021.412109375,30.593547194408092,0,4,14,0.0,0.0,0.15,0.2,0.15,0.2,0.3
295,adaptive_attentive_ppoclip_seed1,3,COMPACT_128KB,-0.129125,-0.055,0.193341,0,79,330.9151934358253,137.89081573486328,42,1.1240372430710566,3021.412109375,30.593547194408092,0,4,14,0.0,0.0,0.15,0.2,0.15,0.2,0.3,46,195.8343743973366,167.9391860961914,33,1.4201512192234849,2999.359375,8.580898310784793,0,0,15,0.0,0.0,0.15,0.2,0.15,0.2,0.3
296,adaptive_attentive_ppoclip_seed1,0,NOOP,0.19575,0.0,0.193245,0,46,195.8343743973366,167.9391860961914,33,1.4201512192234849,2999.359375,8.580898310784793,0,0,15,0.0,0.0,0.15,0.2,0.15,0.2,0.3,52,226.02274074473246,167.74559020996094,34,1.3817618874942554,3006.7138671875,16.63248586767557,0,1,16,0.0,0.0,0.15,0.2,0.1,0.25,0.3
297,adaptive_attentive_ppoclip_seed1,0,NOOP,0.195625,0.0,0.191191,0,52,226.02274074473246,167.74559020996094,34,1.3817618874942554,3006.7138671875,16.63248586767557,0,1,16,0.0,0.0,0.15,0.2,0.1,0.25,0.3,44,205.9859185741775,265.43188095092773,35,1.3452471051897321,3013.353515625,21.439431429144832,0,2,17,0.0,0.0,0.2,0.2,0.1,0.25,0.25
298,adaptive_attentive_ppoclip_seed1,0,NOOP,0.1955,0.0,0.192795,0,44,205.9859185741775,265.43188095092773,35,1.3452471051897321,3013.353515625,21.439431429144832,0,2,17,0.0,0.0,0.2,0.2,0.1,0.25,0.25,40,174.22330036595042,180.23014068603516,36,1.3105913798014324,3019.6025390625,24.972262359893147,0,3,18,0.0,0.0,0.2,0.2,0.1,0.2,0.3
299,adaptive_attentive_ppoclip_seed1,0,NOOP,0.195375,0.0,0.190651,0,40,174.22330036595042,180.23014068603516,36,1.3105913798014324,3019.6025390625,24.972262359893147,0,3,18,0.0,0.0,0.2,0.2,0.1,0.2,0.3,64,258.06188437201376,282.4525833129883,37,1.2787681785789695,3028.123046875,27.563933595166414,0,4,19,0.0,0.0,0.25,0.2,0.1,0.15,0.3
300,adaptive_attentive_ppoclip_seed1,3,COMPACT_128KB,0.163375,-0.055,0.189315,0,64,258.06188437201376,282.4525833129883,37,1.2787681785789695,3028.123046875,27.563933595166414,0,4,19,0.0,0.0,0.25,0.2,0.1,0.15,0.3,70,277.54239923770706,369.25745010375977,33,1.4310441450639204,3022.365234375,8.831746100955852,0,0,20,0.0,0.0,0.25,0.2,0.15,0.15,0.25
301,adaptive_attentive_ppoclip_seed1,6,PARTITION_EVENT_TYPE,0.013932,-0.1,0.191929,0,70,277.54239923770706,369.25745010375977,33,1.4310441450639204,3022.365234375,8.831746100955852,0,0,20,0.0,0.0,0.25,0.2,0.15,0.15,0.25,50,204.4314643718453,233.52694511413574,34,1.3922177483053768,3029.4658203125,16.89896655715686,3,1,0,0.0,0.0,0.25,0.15,0.15,0.2,0.25
302,adaptive_attentive_ppoclip_seed1,0,NOOP,0.195375,-0.08638,0.187982,0,50,204.4314643718453,233.52694511413574,34,1.3922177483053768,3029.4658203125,16.89896655715686,3,1,0,0.0,0.0,0.25,0.15,0.15,0.2,0.25,66,192.9340317755915,415.9049987792969,37,1.285148826805321,3043.232421875,28.443462473008694,3,2,1,0.0,0.0,0.25,0.15,0.15,0.2,0.25
303,adaptive_attentive_ppoclip_seed1,0,NOOP,0.195,-0.08451,0.193175,0,66,192.9340317755915,415.9049987792969,37,1.285148826805321,3043.232421875,28.443462473008694,3,2,1,0.0,0.0,0.25,0.15,0.15,0.2,0.25,80,300.5624567802592,183.97235870361328,40,1.194686508178711,3058.3974609375,34.220610158571205,3,3,2,0.0028479925466561853,0.00014239962733280927,0.25,0.15,0.15,0.25,0.2
304,adaptive_attentive_ppoclip_seed1,0,NOOP,0.194625,-0.083627,0.193063,0,80,300.5624567802592,183.97235870361328,40,1.194686508178711,3058.3974609375,34.220610158571205,3,3,2,0.0028479925466561853,0.00014239962733280927,0.25,0.15,0.15,0.25,0.2,62,261.54366237979957,192.5981044769287,43,1.1162478424781976,3071.9140625,37.834905230770794,3,4,3,0.004050103170682089,0.00034490478586691374,0.2,0.15,0.15,0.3,0.2
305,adaptive_attentive_ppoclip_seed1,1,COMPACT_32KB,0.180807,0.292095,0.394021,0,62,261.54366237979957,192.5981044769287,43,1.1162478424781976,3071.9140625,37.834905230770794,3,4,3,0.004050103170682089,0.00034490478586691374,0.2,0.15,0.15,0.3,0.2,79,289.71405089034494,153.94926071166992,39,1.2295962602664263,3069.072265625,24.829868442435643,3,0,4,0.67,0.033844904785866915,0.15,0.15,0.15,0.35,0.2
306,adaptive_attentive_ppoclip_seed1,0,NOOP,0.19475,0.337085,0.394887,0,79,289.71405089034494,153.94926071166992,39,1.2295962602664263,3069.072265625,24.829868442435643,3,0,4,0.67,0.033844904785866915,0.15,0.15,0.15,0.35,0.2,71,316.42914719061366,95.63088417053223,42,1.147092546735491,3083.384765625,30.708166054137095,3,1,5,0.67,0.06734490478586692,0.1,0.15,0.15,0.4,0.2
307,adaptive_attentive_ppoclip_seed1,0,NOOP,0.194375,0.337069,0.393163,0,71,316.42914719061366,95.63088417053223,42,1.147092546735491,3083.384765625,30.708166054137095,3,1,5,0.67,0.06734490478586692,0.1,0.15,0.15,0.4,0.2,74,306.9796176731232,166.83387756347656,45,1.075728013780382,3098.0966796875,34.31756405340644,3,2,6,0.67,0.10084490478586691,0.1,0.1,0.15,0.45,0.2
308,adaptive_attentive_ppoclip_seed1,0,NOOP,0.194,0.337062,0.394178,0,74,306.9796176731232,166.83387756347656,45,1.075728013780382,3098.0966796875,34.31756405340644,3,2,6,0.67,0.10084490478586691,0.1,0.1,0.15,0.45,0.2,63,253.79470802306273,101.0892391204834,48,1.012929916381836,3111.720703125,36.744417297187056,3,3,7,0.67,0.13434490478586691,0.1,0.1,0.15,0.5,0.15
309,adaptive_attentive_ppoclip_seed1,0,NOOP,0.185119,-0.039813,0.180194,0,63,253.79470802306273,101.0892391204834,48,1.012929916381836,3111.720703125,36.744417297187056,3,3,7,0.67,0.13434490478586691,0.1,0.1,0.15,0.5,0.15,62,244.83408229650655,310.0154399871826,51,0.9574707629633885,3125.1845703125,38.404082400168306,3,4,8,0.0,0.13434490478586691,0.1,0.1,0.15,0.5,0.15
310,adaptive_attentive_ppoclip_seed1,3,COMPACT_128KB,0.163125,-0.094808,0.190878,0,62,244.83408229650655,310.0154399871826,51,0.9574707629633885,3125.1845703125,38.404082400168306,3,4,8,0.0,0.13434490478586691,0.1,0.1,0.15,0.5,0.15,70,273.14008322549495,281.0988426208496,35,1.378132847377232,3087.017578125,10.257372941674136,3,0,9,0.0,0.13434490478586691,0.15,0.1,0.15,0.5,0.1
311,adaptive_attentive_ppoclip_seed1,0,NOOP,0.19525,0.337069,0.395253,0,70,273.14008322549495,281.0988426208496,35,1.378132847377232,3087.017578125,10.257372941674136,3,0,9,0.0,0.13434490478586691,0.15,0.1,0.15,0.5,0.1,73,296.6648115276992,97.35536575317383,38,1.2753287867495888,3101.599609375,24.81146813676975,3,1,10,0.67,0.16784490478586692,0.15,0.1,0.15,0.5,0.1
312,adaptive_attentive_ppoclip_seed1,0,NOOP,0.194875,0.337078,0.394974,0,73,296.6648115276992,97.35536575317383,38,1.2753287867495888,3101.599609375,24.81146813676975,3,1,10,0.67,0.16784490478586692,0.15,0.1,0.15,0.5,0.1,41,142.8672604014356,96.29964828491211,41,1.186438583746189,3113.21484375,31.459239396142834,3,2,11,0.67,0.20134490478586692,0.15,0.1,0.1,0.55,0.1
313,adaptive_attentive_ppoclip_seed1,0,NOOP,0.1945,0.33708,0.394634,0,41,142.8672604014356,96.29964828491211,41,1.186438583746189,3113.21484375,31.459239396142834,3,2,11,0.67,0.20134490478586692,0.15,0.1,0.1,0.55,0.1,31,120.31430057240783,98.32429885864258,44,1.1093576604669744,3123.951171875,35.51060278185254,3,3,12,0.67,0.2348449047858669,0.15,0.05,0.1,0.6,0.1
314,adaptive_attentive_ppoclip_seed1,0,NOOP,0.194125,0.337074,0.394285,0,31,120.31430057240783,98.32429885864258,44,1.1093576604669744,3123.951171875,35.51060278185254,3,3,12,0.67,0.2348449047858669,0.15,0.05,0.1,0.6,0.1,63,255.4340416770181,100.74019432067871,47,1.0430788080743019,3137.5810546875,38.06023861990231,3,4,13,0.67,0.2683449047858669,0.15,0.0,0.1,0.65,0.1
315,adaptive_attentive_ppoclip_seed1,3,COMPACT_128KB,-0.129375,-0.094808,0.19215,0,63,255.4340416770181,100.74019432067871,47,1.0430788080743019,3137.5810546875,38.06023861990231,3,4,13,0.67,0.2683449047858669,0.15,0.0,0.1,0.65,0.1,35,139.51237406639734,217.50807762145996,35,1.3874742780412948,3107.9423828125,10.471230754015673,3,0,14,0.0,0.2683449047858669,0.15,0.05,0.1,0.6,0.1
316,adaptive_attentive_ppoclip_seed1,0,NOOP,0.19525,0.337105,0.395359,0,35,139.51237406639734,217.50807762145996,35,1.3874742780412948,3107.9423828125,10.471230754015673,3,0,14,0.0,0.2683449047858669,0.15,0.05,0.1,0.6,0.1,73,209.52662603656708,92.06509590148926,38,1.2839066354851973,3122.4609375,25.045058285157833,3,1,15,0.67,0.30184490478586695,0.15,0.05,0.1,0.6,0.1
317,adaptive_attentive_ppoclip_seed1,0,NOOP,0.194875,-0.039765,0.186614,0,73,209.52662603656708,92.06509590148926,38,1.2839066354851973,3122.4609375,25.045058285157833,3,1,15,0.67,0.30184490478586695,0.15,0.05,0.1,0.6,0.1,76,291.6868928662933,464.2791748046875,41,1.1956187922780106,3137.3037109375,31.542860731866735,3,2,16,0.0,0.30184490478586695,0.1,0.05,0.15,0.6,0.1
318,adaptive_attentive_ppoclip_seed1,0,NOOP,0.1945,0.337089,0.394675,0,76,291.6868928662933,464.2791748046875,41,1.1956187922780106,3137.3037109375,31.542860731866735,3,2,16,0.0,0.30184490478586695,0.1,0.05,0.15,0.6,0.1,35,119.19022449559534,96.24195098876953,44,1.1180076599121094,3148.3095703125,35.646743142488724,3,3,17,0.67,0.3353449047858669,0.1,0.05,0.15,0.65,0.05
319,adaptive_attentive_ppoclip_seed1,0,NOOP,0.194125,-0.03978,0.188703,0,35,119.19022449559534,96.24195098876953,44,1.1180076599121094,3148.3095703125,35.646743142488724,3,3,17,0.67,0.3353449047858669,0.1,0.05,0.15,0.65,0.05,47,180.2187575993052,329.82611656188965,47,1.050689697265625,3160.474609375,38.28900981143538,3,4,18,0.0,0.3353449047858669,0.1,0.05,0.15,0.65,0.05
320,adaptive_attentive_ppoclip_seed1,0,NOOP,0.192025,0.33709,0.392154,0,47,180.2187575993052,329.82611656188965,47,1.050689697265625,3160.474609375,38.28900981143538,3,4,18,0.0,0.3353449047858669,0.1,0.05,0.15,0.65,0.05,45,177.91203922773693,106.05001449584961,50,0.9913751220703125,3172.400390625,40.08429915549502,3,5,19,0.67,0.36884490478586696,0.1,0.05,0.1,0.7,0.05
321,adaptive_attentive_ppoclip_seed1,3,COMPACT_128KB,-0.129375,0.28209,0.395762,0,45,177.91203922773693,106.05001449584961,50,0.9913751220703125,3172.400390625,40.08429915549502,3,5,19,0.67,0.36884490478586696,0.1,0.05,0.1,0.7,0.05,50,211.9195875496919,86.9138240814209,35,1.3999843052455356,3135.96484375,10.859346288088778,3,0,20,0.67,0.40234490478586693,0.1,0.05,0.1,0.7,0.05
322,adaptive_attentive_ppoclip_seed1,0,NOOP,0.19525,0.3371,0.395536,0,50,211.9195875496919,86.9138240814209,35,1.3999843052455356,3135.96484375,10.859346288088778,3,0,20,0.67,0.40234490478586693,0.1,0.05,0.1,0.7,0.05,62,224.8913780071641,83.19878578186035,38,1.2949893349095394,3149.4140625,25.48611434664639,3,1,21,0.67,0.4358449047858669,0.1,0.05,0.05,0.75,0.05
323,adaptive_attentive_ppoclip_seed1,0,NOOP,0.194875,0.337061,0.394574,0,62,224.8913780071641,83.19878578186035,38,1.2949893349095394,3149.4140625,25.48611434664639,3,1,21,0.67,0.4358449047858669,0.1,0.05,0.05,0.75,0.05,40,176.3023740668505,116.31369590759277,41,1.2046065912014101,3160.8876953125,32.176712465253,3,2,22,0.67,0.4692025051585341,0.1,0.05,0.05,0.75,0.05
324,adaptive_attentive_ppoclip_seed1,0,NOOP,0.1945,0.337049,0.393115,0,40,176.3023740668505,116.31369590759277,41,1.2046065912014101,3160.8876953125,32.176712465253,3,2,22,0.67,0.4692025051585341,0.1,0.05,0.05,0.75,0.05,52,197.2149931414507,174.22938346862793,44,1.1269472295587712,3173.4833984375,36.17551970519766,3,3,23,0.67,0.5025000000000001,0.1,0.05,0.05,0.75,0.05
325,adaptive_attentive_ppoclip_seed1,0,NOOP,0.194125,0.328711,0.394067,0,52,197.2149931414507,174.22938346862793,44,1.1269472295587712,3173.4833984375,36.17551970519766,3,3,23,0.67,0.5025000000000001,0.1,0.05,0.05,0.75,0.05,40,156.14759606345967,111.6328239440918,47,1.0588262030418882,3184.94921875,38.83636470915821,3,4,24,0.67,0.5025000000000001,0.1,0.05,0.05,0.75,0.05
326,adaptive_attentive_ppoclip_seed1,3,COMPACT_128KB,-0.129375,0.273705,0.39545,0,40,156.14759606345967,111.6328239440918,47,1.0588262030418882,3184.94921875,38.83636470915821,3,4,24,0.67,0.5025000000000001,0.1,0.05,0.05,0.75,0.05,45,168.99462959613632,102.51188278198242,35,1.4081904820033482,3154.3466796875,10.690052829833224,3,0,25,0.67,0.5025000000000001,0.1,0.05,0.05,0.75,0.05
327,adaptive_attentive_ppoclip_seed1,0,NOOP,0.19525,0.328704,0.395059,0,45,168.99462959613632,102.51188278198242,35,1.4081904820033482,3154.3466796875,10.690052829833224,3,0,25,0.67,0.5025000000000001,0.1,0.05,0.05,0.75,0.05,62,202.73459026924542,107.0413589477539,38,1.3025657252261513,3167.83984375,25.54884412432276,3,1,26,0.67,0.5025000000000001,0.1,0.05,0.05,0.75,0.05
328,adaptive_attentive_ppoclip_seed1,0,NOOP,0.194875,-0.048146,0.184133,0,62,202.73459026924542,107.0413589477539,38,1.3025657252261513,3167.83984375,25.54884412432276,3,1,26,0.67,0.5025000000000001,0.1,0.05,0.05,0.75,0.05,74,244.56004979789304,588.3698463439941,41,1.2128351723275534,3182.4794921875,32.12607017082046,3,2,27,0.0,0.46900000000000003,0.1,0.05,0.1,0.7,0.05
329,adaptive_attentive_ppoclip_seed1,0,NOOP,0.1945,-0.039779,0.189387,0,74,244.56004979789304,588.3698463439941,41,1.2128351723275534,3182.4794921875,32.12607017082046,3,2,27,0.0,0.46900000000000003,0.1,0.05,0.1,0.7,0.05,65,180.80898879385185,310.6393814086914,44,1.1350486061789773,3196.296875,36.15081169022733,3,3,28,0.0,0.46900000000000003,0.1,0.1,0.1,0.7,0.0
330,adaptive_attentive_ppoclip_seed1,0,NOOP,0.194125,-0.039779,0.182971,0,65,180.80898879385185,310.6393814086914,44,1.1350486061789773,3196.296875,36.15081169022733,3,3,28,0.0,0.46900000000000003,0.1,0.1,0.1,0.7,0.0,47,154.2822456559952,616.4250373840332,47,1.0666461701088763,3208.4716796875,38.84493450339162,3,4,29,0.0,0.46900000000000003,0.05,0.1,0.15,0.7,0.0
331,adaptive_attentive_ppoclip_seed1,3,COMPACT_128KB,-0.129375,-0.103155,0.191687,0,47,154.2822456559952,616.4250373840332,47,1.0666461701088763,3208.4716796875,38.84493450339162,3,4,29,0.0,0.46900000000000003,0.05,0.1,0.15,0.7,0.0,36,150.55772436843407,240.65303802490234,35,1.4190747942243302,3178.7275390625,10.587072805297781,3,0,30,0.0,0.43550000000000005,0.05,0.15,0.15,0.65,0.0
332,adaptive_attentive_ppoclip_seed1,0,NOOP,0.19525,-0.048149,0.19168,0,36,150.55772436843407,240.65303802490234,35,1.4190747942243302,3178.7275390625,10.587072805297781,3,0,30,0.0,0.43550000000000005,0.05,0.15,0.15,0.65,0.0,52,192.86867738258516,226.02224349975586,38,1.3122454191509045,3191.380859375,25.75284119224104,3,1,31,0.0,0.402,0.05,0.2,0.15,0.6,0.0
333,adaptive_attentive_ppoclip_seed1,0,NOOP,0.194875,0.32874,0.39367,0,52,192.86867738258516,226.02224349975586,38,1.3122454191509045,3191.380859375,25.75284119224104,3,1,31,0.0,0.402,0.05,0.2,0.15,0.6,0.0,78,257.62219378614935,161.4983081817627,41,1.221917501310023,3206.3115234375,32.3657270149255,3,2,32,0.67,0.402,0.05,0.2,0.15,0.6,0.0
334,adaptive_attentive_ppoclip_seed1,0,NOOP,0.1945,-0.048136,0.189183,0,78,257.62219378614935,161.4983081817627,41,1.221917501310023,3206.3115234375,32.3657270149255,3,2,32,0.67,0.402,0.05,0.2,0.15,0.6,0.0,61,271.78975144524634,320.8739757537842,44,1.1433778242631392,3219.751953125,36.44105084302508,3,3,33,0.0,0.36850000000000005,0.1,0.2,0.15,0.55,0.0
335,adaptive_attentive_ppoclip_seed1,0,NOOP,0.194125,0.337121,0.394385,0,61,271.78975144524634,320.8739757537842,44,1.1433778242631392,3219.751953125,36.44105084302508,3,3,33,0.0,0.36850000000000005,0.1,0.2,0.15,0.55,0.0,61,232.08095585380633,95.76082229614258,47,1.0748800724110705,3233.2392578125,39.10823107174023,3,4,34,0.67,0.402,0.1,0.15,0.15,0.6,0.0
336,adaptive_attentive_ppoclip_seed1,0,NOOP,0.19375,-0.048121,0.189629,0,61,232.08095585380633,95.76082229614258,47,1.0748800724110705,3233.2392578125,39.10823107174023,3,4,34,0.67,0.402,0.1,0.15,0.15,0.6,0.0,48,191.27417759642015,268.5575485229492,50,1.01421630859375,3245.4921875,40.94928306017961,3,5,35,0.0,0.36850000000000005,0.1,0.2,0.15,0.55,0.0
337,adaptive_attentive_ppoclip_seed1,0,NOOP,0.185501,0.337113,0.385545,0,48,191.27417759642015,268.5575485229492,50,1.01421630859375,3245.4921875,40.94928306017961,3,5,35,0.0,0.36850000000000005,0.1,0.2,0.15,0.55,0.0,56,195.5539511083951,114.01939392089844,53,0.9606291573002653,3258.4541015625,42.19093237120742,3,6,36,0.67,0.402,0.1,0.2,0.1,0.6,0.0
338,adaptive_attentive_ppoclip_seed1,1,COMPACT_32KB,0.547158,-0.093136,0.172668,0,56,195.5539511083951,114.01939392089844,53,0.9606291573002653,3258.4541015625,42.19093237120742,3,6,36,0.67,0.402,0.1,0.2,0.1,0.6,0.0,45,153.5550131797325,384.1671943664551,55,0.9292558149857955,3270.98046875,37.14158513162065,3,0,37,0.0,0.36850000000000005,0.1,0.25,0.1,0.55,0.0
339,adaptive_attentive_ppoclip_seed1,0,NOOP,0.169614,0.337117,0.369947,0,45,153.5550131797325,384.1671943664551,55,0.9292558149857955,3270.98046875,37.14158513162065,3,0,37,0.0,0.36850000000000005,0.1,0.25,0.1,0.55,0.0,42,136.88088244892631,105.83901405334473,58,0.8843194369612069,3282.59375,38.226186801879436,3,1,38,0.67,0.402,0.05,0.25,0.1,0.6,0.0
340,adaptive_attentive_ppoclip_seed1,0,NOOP,0.161233,-0.048126,0.15607,0,42,136.88088244892631,105.83901405334473,58,0.8843194369612069,3282.59375,38.226186801879436,3,1,38,0.67,0.402,0.05,0.25,0.1,0.6,0.0,62,242.2068595527804,334.4390392303467,61,0.8442915619396772,3296.1142578125,38.95207869068902,3,2,39,0.0,0.36850000000000005,0.05,0.3,0.1,0.55,0.0
341,adaptive_attentive_ppoclip_seed1,0,NOOP,0.153643,0.328765,0.354188,0,62,242.2068595527804,334.4390392303467,61,0.8442915619396772,3296.1142578125,38.95207869068902,3,2,39,0.0,0.36850000000000005,0.05,0.3,0.1,0.55,0.0,71,278.41875250094427,102.73337364196777,64,0.8082129955291748,3310.4404296875,39.43637117869126,3,3,40,0.67,0.36850000000000005,0.05,0.3,0.1,0.55,0.0
342,adaptive_attentive_ppoclip_seed1,0,NOOP,0.146714,0.328752,0.346841,0,71,278.41875250094427,102.73337364196777,64,0.8082129955291748,3310.4404296875,39.43637117869126,3,3,40,0.67,0.36850000000000005,0.05,0.3,0.1,0.55,0.0,75,277.532482313053,127.40111351013184,67,0.775446194321362,3325.11328125,39.74885464979925,3,4,41,0.67,0.36850000000000005,0.05,0.3,0.1,0.55,0.0
343,adaptive_attentive_ppoclip_seed1,0,NOOP,0.140373,0.328746,0.338552,0,75,277.532482313053,127.40111351013184,67,0.775446194321362,3325.11328125,39.74885464979925,3,4,41,0.67,0.36850000000000005,0.05,0.3,0.1,0.55,0.0,80,307.1521012195669,228.5466194152832,70,0.7456148420061384,3340.3544921875,39.92558816658034,3,5,42,0.67,0.3685,0.05,0.3,0.1,0.55,0.0
344,adaptive_attentive_ppoclip_seed1,0,NOOP,0.134434,0.328749,0.332651,0,80,307.1521012195669,228.5466194152832,70,0.7456148420061384,3340.3544921875,39.92558816658034,3,5,42,0.67,0.3685,0.05,0.3,0.1,0.55,0.0,58,230.34606596881937,230.40390014648438,73,0.7177949670242937,3353.5380859375,40.03377194230357,3,6,43,0.67,0.3685,0.05,0.3,0.1,0.55,0.0
345,adaptive_attentive_ppoclip_seed1,3,COMPACT_128KB,-0.129375,0.273766,0.396107,0,58,230.34606596881937,230.40390014648438,73,0.7177949670242937,3353.5380859375,40.03377194230357,3,6,43,0.67,0.3685,0.05,0.3,0.1,0.55,0.0,30,117.66944968129994,69.65160369873047,35,1.450874982561384,3249.9599609375,14.013988489324298,3,0,44,0.67,0.3685,0.05,0.3,0.1,0.55,0.0
346,adaptive_attentive_ppoclip_seed1,0,NOOP,0.19525,-0.048112,0.190492,0,30,117.66944968129994,69.65160369873047,35,1.450874982561384,3249.9599609375,14.013988489324298,3,0,44,0.67,0.3685,0.05,0.3,0.1,0.55,0.0,31,124.70667942921486,285.4020595550537,38,1.3407191226356907,3260.62890625,27.85780724806052,3,1,45,0.0,0.335,0.1,0.3,0.1,0.5,0.0
347,adaptive_attentive_ppoclip_seed1,0,NOOP,0.194875,-0.048116,0.19216,0,31,124.70667942921486,285.4020595550537,38,1.3407191226356907,3260.62890625,27.85780724806052,3,1,45,0.0,0.335,0.1,0.3,0.1,0.5,0.0,51,176.88689912602405,186.99336051940918,41,1.2473553913395579,3273.060546875,34.37358101044548,3,2,46,0.0,0.3015,0.1,0.3,0.1,0.45,0.05
348,adaptive_attentive_ppoclip_seed1,0,NOOP,0.1945,0.337121,0.394731,0,51,176.88689912602405,186.99336051940918,41,1.2473553913395579,3273.060546875,34.37358101044548,3,2,46,0.0,0.3015,0.1,0.3,0.1,0.45,0.05,80,353.85862710441614,93.45865249633789,44,1.1676888899369673,3288.2119140625,38.24900065567354,3,3,47,0.67,0.335,0.1,0.3,0.05,0.5,0.05
349,adaptive_attentive_ppoclip_seed1,0,NOOP,0.194125,-0.039744,0.185877,0,80,353.85862710441614,93.45865249633789,44,1.1676888899369673,3288.2119140625,38.24900065567354,3,3,47,0.67,0.335,0.1,0.3,0.05,0.5,0.05,52,197.41903155028712,471.13585472106934,47,1.0973439318068483,3300.810546875,40.88249273437523,3,4,48,0.0,0.3350000000000001,0.1,0.25,0.1,0.5,0.05
350,adaptive_attentive_ppoclip_seed1,0,NOOP,0.19375,-0.039746,0.189129,0,52,197.41903155028712,471.13585472106934,47,1.0973439318068483,3300.810546875,40.88249273437523,3,4,48,0.0,0.3350000000000001,0.1,0.25,0.1,0.5,0.05,73,196.338622737212,293.5464382171631,50,1.03603271484375,3315.3046875,42.60737658089744,3,5,49,0.0,0.3350000000000001,0.1,0.3,0.05,0.5,0.05
351,adaptive_attentive_ppoclip_seed1,2,COMPACT_64KB,0.553966,0.287127,0.394922,0,73,196.338622737212,293.5464382171631,50,1.03603271484375,3315.3046875,42.60737658089744,3,5,49,0.0,0.3350000000000001,0.1,0.3,0.05,0.5,0.05,59,203.1019925772844,98.88935089111328,41,1.2567760188405106,3297.7802734375,24.266411376306344,3,0,50,0.67,0.36850000000000005,0.1,0.25,0.05,0.55,0.05
352,adaptive_attentive_ppoclip_seed1,0,NOOP,0.1945,0.337133,0.392868,0,59,203.1019925772844,98.88935089111328,41,1.2567760188405106,3297.7802734375,24.266411376306344,3,0,50,0.67,0.36850000000000005,0.1,0.25,0.05,0.55,0.05,55,221.8694078621503,186.60497665405273,44,1.1756373318758877,3310.5947265625,30.41354730362675,3,1,51,0.67,0.402,0.1,0.2,0.05,0.6,0.05
353,adaptive_attentive_ppoclip_seed1,0,NOOP,0.194125,0.328767,0.394342,0,55,221.8694078621503,186.60497665405273,44,1.1756373318758877,3310.5947265625,30.41354730362675,3,1,51,0.67,0.402,0.1,0.2,0.05,0.6,0.05,82,351.35136062830605,97.91088104248047,47,1.105683996322307,3325.8974609375,34.13545350185786,3,2,52,0.67,0.402,0.1,0.2,0.05,0.6,0.05
354,adaptive_attentive_ppoclip_seed1,0,NOOP,0.19375,-0.039729,0.190786,0,82,351.35136062830605,97.91088104248047,47,1.105683996322307,3325.8974609375,34.13545350185786,3,2,52,0.67,0.402,0.1,0.2,0.05,0.6,0.05,79,291.491472104439,210.6771469116211,50,1.0440487670898437,3340.9560546875,36.64475746947088,3,3,53,0.0,0.402,0.05,0.2,0.05,0.6,0.1
355,adaptive_attentive_ppoclip_seed1,0,NOOP,0.191222,-0.048098,0.186209,0,79,291.491472104439,210.6771469116211,50,1.0440487670898437,3340.9560546875,36.64475746947088,3,3,53,0.0,0.402,0.05,0.2,0.05,0.6,0.1,72,235.23583805573406,316.91741943359375,53,0.9892365077756485,3355.490234375,38.400017136703894,3,4,54,0.0,0.36850000000000005,0.05,0.2,0.05,0.55,0.15
356,adaptive_attentive_ppoclip_seed1,0,NOOP,0.18105,-0.039733,0.17084,0,72,235.23583805573406,316.91741943359375,53,0.9892365077756485,3355.490234375,38.400017136703894,3,4,54,0.0,0.36850000000000005,0.05,0.2,0.05,0.55,0.15,71,263.58326672844765,580.5058479309082,56,0.9402503967285156,3369.857421875,39.63758168443816,3,5,55,0.0,0.36850000000000005,0.05,0.15,0.1,0.55,0.15
357,adaptive_attentive_ppoclip_seed1,3,COMPACT_128KB,0.163125,-0.103109,0.19086,0,71,263.58326672844765,580.5058479309082,56,0.9402503967285156,3369.857421875,39.63758168443816,3,5,55,0.0,0.36850000000000005,0.05,0.15,0.1,0.55,0.15,59,173.86461174414077,281.98838233947754,35,1.4808031354631697,3316.9990234375,14.294296695036904,3,0,56,0.0,0.3350000000000001,0.1,0.15,0.1,0.5,0.15
358,adaptive_attentive_ppoclip_seed1,0,NOOP,0.19525,0.337147,0.393925,0,59,173.86461174414077,281.98838233947754,35,1.4808031354631697,3316.9990234375,14.294296695036904,3,0,56,0.0,0.3350000000000001,0.1,0.15,0.1,0.5,0.15,68,250.2194780014914,163.75732421875,38,1.369707609477796,3331.12890625,28.172267922481627,3,1,57,0.67,0.36850000000000005,0.1,0.1,0.1,0.55,0.15
359,adaptive_attentive_ppoclip_seed1,0,NOOP,0.194875,0.328766,0.395136,0,68,250.2194780014914,163.75732421875,38,1.369707609477796,3331.12890625,28.172267922481627,3,1,57,0.67,0.36850000000000005,0.1,0.1,0.1,0.55,0.15,55,202.277457873974,88.21272850036621,41,1.2743757294445504,3343.9619140625,34.894437450680904,3,2,58,0.67,0.36850000000000005,0.1,0.1,0.1,0.55,0.15
360,adaptive_attentive_ppoclip_seed1,0,NOOP,0.1945,0.337136,0.394407,0,55,202.277457873974,88.21272850036621,41,1.2743757294445504,3343.9619140625,34.894437450680904,3,2,58,0.67,0.36850000000000005,0.1,0.1,0.1,0.55,0.15,82,248.8925580362021,109.65752601623535,44,1.1929352500221946,3359.3056640625,38.89580316415046,3,3,59,0.67,0.402,0.1,0.05,0.1,0.6,0.15
361,adaptive_attentive_ppoclip_seed1,0,NOOP,0.194125,0.328762,0.394458,0,82,248.8925580362021,109.65752601623535,44,1.1929352500221946,3359.3056640625,38.89580316415046,3,3,59,0.67,0.402,0.1,0.05,0.1,0.6,0.15,67,224.54272824754656,92.0858383178711,47,1.121439832322141,3373.291015625,41.57087968630579,3,4,60,0.67,0.402,0.1,0.05,0.1,0.6,0.15
362,adaptive_attentive_ppoclip_seed1,0,NOOP,0.19375,-0.048114,0.182881,0,67,224.54272824754656,92.0858383178711,47,1.121439832322141,3373.291015625,41.57087968630579,3,4,60,0.67,0.402,0.1,0.05,0.1,0.6,0.15,92,416.40422753769883,605.9494018554688,50,1.0592233276367187,3389.5146484375,43.31380077136694,3,5,61,0.0,0.3685,0.1,0.05,0.15,0.55,0.15
363,adaptive_attentive_ppoclip_seed1,3,COMPACT_128KB,0.163125,0.273754,0.395678,0,92,416.40422753769883,605.9494018554688,50,1.0592233276367187,3389.5146484375,43.31380077136694,3,5,61,0.0,0.3685,0.1,0.05,0.15,0.55,0.15,92,337.6799253014937,91.07685089111328,35,1.49716796875,3353.65625,14.66878138896179,3,0,62,0.67,0.3685,0.1,0.05,0.15,0.55,0.15
364,adaptive_attentive_ppoclip_seed1,0,NOOP,0.19525,0.328748,0.393989,0,92,337.6799253014937,91.07685089111328,35,1.49716796875,3353.65625,14.66878138896179,3,0,62,0.67,0.3685,0.1,0.05,0.15,0.55,0.15,78,255.2629455027223,160.53080558776855,38,1.3851165771484375,3368.603515625,28.535180628372864,3,1,63,0.67,0.3685,0.1,0.05,0.15,0.55,0.15
365,adaptive_attentive_ppoclip_seed1,0,NOOP,0.194875,0.328754,0.39323,0,78,255.2629455027223,160.53080558776855,38,1.3851165771484375,3368.603515625,28.535180628372864,3,1,63,0.67,0.3685,0.1,0.05,0.15,0.55,0.15,94,349.3033027765153,183.50958824157715,41,1.2900167325647867,3385.00390625,35.13511909518528,3,2,64,0.67,0.3685,0.1,0.05,0.15,0.55,0.15
366,adaptive_attentive_ppoclip_seed1,0,NOOP,0.1945,-0.03973,0.191771,0,94,349.3033027765153,183.50958824157715,41,1.2900167325647867,3385.00390625,35.13511909518528,3,2,64,0.67,0.3685,0.1,0.05,0.15,0.55,0.15,73,285.8862670401494,191.4517879486084,44,1.2072268399325283,3399.55078125,39.25676658077841,3,3,65,0.0,0.3685,0.05,0.05,0.15,0.55,0.2
367,adaptive_attentive_ppoclip_seed1,0,NOOP,0.194125,0.337145,0.394459,0,73,285.8862670401494,191.4517879486084,44,1.2072268399325283,3399.55078125,39.25676658077841,3,3,65,0.0,0.3685,0.05,0.05,0.15,0.55,0.2,69,221.6368536290054,92.07487106323242,47,1.1348591256648937,3413.65625,41.97892697889968,3,4,66,0.67,0.402,0.05,0.05,0.15,0.6,0.15
368,adaptive_attentive_ppoclip_seed1,0,NOOP,0.19375,0.328744,0.391472,0,69,221.6368536290054,92.07487106323242,47,1.1348591256648937,3413.65625,41.97892697889968,3,4,66,0.67,0.402,0.05,0.05,0.15,0.6,0.15,64,151.8218512014343,226.3953685760498,50,1.0710214233398438,3427.2685546875,43.834642580364665,3,5,67,0.67,0.402,0.05,0.05,0.15,0.6,0.15
369,adaptive_attentive_ppoclip_seed1,3,COMPACT_128KB,0.163125,-0.09476,0.19223,0,64,151.8218512014343,226.3953685760498,50,1.0710214233398438,3427.2685546875,43.834642580364665,3,5,67,0.67,0.402,0.05,0.05,0.15,0.6,0.15,93,340.2127708565189,213.48094940185547,35,1.5152570452008929,3394.17578125,14.569432644623326,3,0,68,0.0,0.402,0.05,0.1,0.1,0.6,0.15
370,adaptive_attentive_ppoclip_seed1,0,NOOP,0.19525,0.337097,0.393673,0,93,340.2127708565189,213.48094940185547,35,1.5152570452008929,3394.17578125,14.569432644623326,3,0,68,0.0,0.402,0.05,0.1,0.1,0.6,0.15,52,215.44755509325526,176.35345458984375,38,1.4008014076634456,3406.7490234375,28.951826040770907,3,1,69,0.67,0.43550000000000005,0.05,0.05,0.1,0.65,0.15
371,adaptive_attentive_ppoclip_seed1,0,NOOP,0.194875,0.328729,0.394885,0,52,215.44755509325526,176.35345458984375,38,1.4008014076634456,3406.7490234375,28.951826040770907,3,1,69,0.67,0.43550000000000005,0.05,0.05,0.1,0.65,0.15,56,178.2488643210894,100.74043273925781,41,1.3032669439548399,3419.7724609375,35.79589668565852,3,2,70,0.67,0.43550000000000005,0.05,0.05,0.1,0.65,0.15
372,adaptive_attentive_ppoclip_seed1,0,NOOP,0.1945,0.328721,0.393092,0,56,178.2488643210894,100.74043273925781,41,1.3032669439548399,3419.7724609375,35.79589668565852,3,2,70,0.67,0.43550000000000005,0.05,0.05,0.1,0.65,0.15,61,230.37865464165378,175.39095878601074,44,1.2191612937233665,3433.158203125,39.96659906572216,3,3,71,0.67,0.43550000000000005,0.05,0.05,0.1,0.65,0.15
373,adaptive_attentive_ppoclip_seed1,0,NOOP,0.194125,0.328706,0.394462,0,61,230.37865464165378,175.39095878601074,44,1.2191612937233665,3433.158203125,39.96659906572216,3,3,71,0.67,0.43550000000000005,0.05,0.05,0.1,0.65,0.15,80,292.36290383010163,91.87674522399902,47,1.1463649019281914,3448.265625,42.6470170777707,3,4,72,0.67,0.43550000000000005,0.05,0.05,0.1,0.65,0.15
374,adaptive_attentive_ppoclip_seed1,3,COMPACT_128KB,0.163125,-0.094787,0.192969,0,80,292.36290383010163,91.87674522399902,47,1.1463649019281914,3448.265625,42.6470170777707,3,4,72,0.67,0.43550000000000005,0.05,0.05,0.1,0.65,0.15,61,197.65607335412494,176.53155326843262,35,1.527252197265625,3421.044921875,14.517085155862034,3,0,73,0.0,0.43550000000000005,0.05,0.05,0.1,0.65,0.15
375,adaptive_attentive_ppoclip_seed1,0,NOOP,0.19525,-0.039774,0.187443,0,61,197.65607335412494,176.53155326843262,35,1.527252197265625,3421.044921875,14.517085155862034,3,0,73,0.0,0.43550000000000005,0.05,0.05,0.1,0.65,0.15,91,297.888584161275,437.8678798675537,38,1.4133316843133223,3437.22265625,28.82494340081181,3,1,74,0.0,0.43550000000000005,0.05,0.05,0.15,0.65,0.1
376,adaptive_attentive_ppoclip_seed1,0,NOOP,0.194875,0.337106,0.394968,0,91,297.888584161275,437.8678798675537,38,1.4133316843133223,3437.22265625,28.82494340081181,3,1,74,0.0,0.43550000000000005,0.05,0.05,0.15,0.65,0.1,72,267.2053612746299,96.6033935546875,41,1.3154248493473704,3451.6748046875,35.75640721788401,3,2,75,0.67,0.46900000000000003,0.05,0.05,0.1,0.7,0.1
377,adaptive_attentive_ppoclip_seed1,0,NOOP,0.1945,0.337095,0.393225,0,72,267.2053612746299,96.6033935546875,41,1.3154248493473704,3451.6748046875,35.75640721788401,3,2,75,0.67,0.46900000000000003,0.05,0.05,0.1,0.7,0.1,85,354.7901407553659,168.7471866607666,44,1.2312684492631392,3467.251953125,39.94199378254801,3,3,76,0.67,0.5025000000000001,0.0,0.05,0.1,0.75,0.1
378,adaptive_attentive_ppoclip_seed1,0,NOOP,0.194125,0.328733,0.394159,0,85,354.7901407553659,168.7471866607666,44,1.2312684492631392,3467.251953125,39.94199378254801,3,3,76,0.67,0.5025000000000001,0.0,0.05,0.1,0.75,0.1,86,280.04532771446895,107.03659057617188,47,1.157899572494182,3482.9619140625,42.68409627150438,3,4,77,0.67,0.5025000000000001,0.0,0.05,0.1,0.75,0.1
379,adaptive_attentive_ppoclip_seed1,3,COMPACT_128KB,0.163125,0.273719,0.395716,0,86,280.04532771446895,107.03659057617188,47,1.157899572494182,3482.9619140625,42.68409627150438,3,4,77,0.67,0.5025000000000001,0.0,0.05,0.1,0.75,0.1,99,433.4044088176353,89.19000625610352,35,1.542926025390625,3456.154296875,14.055251333551274,3,0,78,0.67,0.5025000000000001,0.0,0.05,0.1,0.75,0.1
380,adaptive_attentive_ppoclip_seed1,0,NOOP,0.19525,0.328733,0.393786,0,99,433.4044088176353,89.19000625610352,35,1.542926025390625,3456.154296875,14.055251333551274,3,0,78,0.67,0.5025000000000001,0.0,0.05,0.1,0.75,0.1,64,271.6980056518676,170.698881149292,38,1.4267554032175165,3469.869140625,29.051560579078632,3,1,79,0.67,0.5025000000000001,0.0,0.05,0.1,0.75,0.1
381,adaptive_attentive_ppoclip_seed1,0,NOOP,0.194875,0.328747,0.394402,0,64,271.6980056518676,170.698881149292,38,1.4267554032175165,3469.869140625,29.051560579078632,3,1,79,0.67,0.5025000000000001,0.0,0.05,0.1,0.75,0.1,77,330.2662366215965,124.88031387329102,41,1.3279939977134145,3484.65625,36.049636545198005,3,2,80,0.67,0.5025000000000001,0.0,0.05,0.1,0.75,0.1
382,adaptive_attentive_ppoclip_seed1,0,NOOP,0.1945,-0.039745,0.185708,0,77,330.2662366215965,124.88031387329102,41,1.3279939977134145,3484.65625,36.049636545198005,3,2,80,0.67,0.5025000000000001,0.0,0.05,0.1,0.75,0.1,68,219.04422930116323,494.61841583251953,44,1.2424333745783025,3498.6923828125,40.35319948479523,3,3,81,0.0,0.5025000000000001,0.0,0.05,0.1,0.75,0.1
383,adaptive_attentive_ppoclip_seed1,0,NOOP,0.194125,0.328762,0.394153,0,68,219.04422930116323,494.61841583251953,44,1.2424333745783025,3498.6923828125,40.35319948479523,3,3,81,0.0,0.5025000000000001,0.0,0.05,0.1,0.75,0.1,58,217.60954917981462,107.34391212463379,47,1.1674989740899269,3511.8369140625,43.20812961547061,3,4,82,0.67,0.5025000000000001,0.0,0.05,0.1,0.75,0.1
384,adaptive_attentive_ppoclip_seed1,1,COMPACT_32KB,0.534448,0.283773,0.364329,0,58,217.60954917981462,107.34391212463379,47,1.1674989740899269,3511.8369140625,43.20812961547061,3,4,82,0.67,0.5025000000000001,0.0,0.05,0.1,0.75,0.1,50,197.01057880462608,226.87935829162598,64,0.871333122253418,3568.98046875,35.58185966142993,3,0,83,0.67,0.5025000000000001,0.0,0.05,0.1,0.75,0.1
385,adaptive_attentive_ppoclip_seed1,0,NOOP,0.158852,0.328761,0.357076,0,50,197.01057880462608,226.87935829162598,64,0.871333122253418,3568.98046875,35.58185966142993,3,0,83,0.67,0.5025000000000001,0.0,0.05,0.1,0.75,0.1,95,322.4875786979222,222.51343727111816,67,0.8361333590834888,3585.33984375,36.314102451295476,3,1,84,0.67,0.5025000000000001,0.0,0.05,0.1,0.75,0.1
386,adaptive_attentive_ppoclip_seed1,0,NOOP,0.151935,0.337119,0.351698,0,95,322.4875786979222,222.51343727111816,67,0.8361333590834888,3585.33984375,36.314102451295476,3,1,84,0.67,0.5025000000000001,0.0,0.05,0.1,0.75,0.1,68,197.00313795754397,149.3227481842041,70,0.8034236363002232,3599.337890625,36.889727449805584,3,2,85,0.67,0.536,0.0,0.05,0.1,0.8,0.05
387,adaptive_attentive_ppoclip_seed1,0,NOOP,0.145593,0.328722,0.343198,0,68,197.00313795754397,149.3227481842041,70,0.8034236363002232,3599.337890625,36.889727449805584,3,2,85,0.67,0.536,0.0,0.05,0.1,0.8,0.05,78,249.88559006799457,261.0187530517578,73,0.7735919691111943,3614.2216796875,37.29110571616791,3,3,86,0.67,0.536,0.0,0.05,0.1,0.8,0.05
388,adaptive_attentive_ppoclip_seed1,0,NOOP,0.139679,0.328713,0.339214,0,78,249.88559006799457,261.0187530517578,73,0.7735919691111943,3614.2216796875,37.29110571616791,3,3,86,0.67,0.536,0.0,0.05,0.1,0.8,0.05,66,244.5383935188825,168.2422161102295,76,0.7458961888363487,3628.0390625,37.584650156355856,3,4,87,0.67,0.536,0.0,0.05,0.1,0.8,0.05
389,adaptive_attentive_ppoclip_seed1,3,COMPACT_128KB,0.163125,0.282085,0.396062,0,66,244.5383935188825,168.2422161102295,76,0.7458961888363487,3628.0390625,37.584650156355856,3,4,87,0.67,0.536,0.0,0.05,0.1,0.8,0.05,73,237.1241535268424,71.87700271606445,35,1.5697313581194197,3516.1982421875,15.063532605801763,3,0,88,0.67,0.5695,0.0,0.0,0.1,0.85,0.05
390,adaptive_attentive_ppoclip_seed1,0,NOOP,0.19525,-0.048168,0.187335,0,73,237.1241535268424,71.87700271606445,35,1.5697313581194197,3516.1982421875,15.063532605801763,3,0,88,0.67,0.5695,0.0,0.0,0.1,0.85,0.05,61,235.1123437118067,443.27497482299805,38,1.4513497603567023,3529.6826171875,29.94152555397957,3,1,89,0.0,0.536,0.0,0.0,0.15,0.8,0.05
391,adaptive_attentive_ppoclip_seed1,0,NOOP,0.194875,0.328711,0.39464,0,61,235.1123437118067,443.27497482299805,38,1.4513497603567023,3529.6826171875,29.94152555397957,3,1,89,0.0,0.536,0.0,0.0,0.15,0.8,0.05,64,244.18140536764278,112.98608779907227,41,1.3503775247713414,3543.390625,37.03526182026885,3,2,90,0.67,0.536,0.0,0.0,0.15,0.8,0.05
392,adaptive_attentive_ppoclip_seed1,0,NOOP,0.1945,-0.048176,0.182303,0,64,244.18140536764278,112.98608779907227,41,1.3503775247713414,3543.390625,37.03526182026885,3,2,90,0.67,0.536,0.0,0.0,0.15,0.8,0.05,68,237.3897871993328,664.8516654968262,44,1.2632980346679688,3557.447265625,41.3585522494824,3,3,91,0.0,0.5025000000000001,0.0,0.0,0.2,0.75,0.05
393,adaptive_attentive_ppoclip_seed1,0,NOOP,0.194125,0.328682,0.392462,0,68,237.3897871993328,664.8516654968262,44,1.2632980346679688,3557.447265625,41.3585522494824,3,3,91,0.0,0.5025000000000001,0.0,0.0,0.2,0.75,0.05,97,342.392451413803,191.88594818115234,47,1.1881619717212433,3573.9912109375,44.112943205387985,3,4,92,0.67,0.5025000000000001,0.0,0.0,0.2,0.75,0.05
394,adaptive_attentive_ppoclip_seed1,3,COMPACT_128KB,0.163125,-0.094816,0.19101,0,97,342.392451413803,191.88594818115234,47,1.1881619717212433,3573.9912109375,44.112943205387985,3,4,92,0.67,0.5025000000000001,0.0,0.0,0.2,0.75,0.05,55,195.56202097474673,274.5087146759033,35,1.583473859514509,3546.9814453125,14.729289573968039,3,0,93,0.0,0.5025000000000001,0.05,0.0,0.2,0.75,0.0
395,adaptive_attentive_ppoclip_seed1,0,NOOP,0.194875,0.337063,0.393364,0,55,195.56202097474673,274.5087146759033,35,1.583473859514509,3546.9814453125,14.729289573968039,3,0,93,0.0,0.5025000000000001,0.05,0.0,0.2,0.75,0.0,100,250.43880337858897,176.802396774292,41,1.3612291289538871,3571.865234375,37.33997545016361,3,1,94,0.67,0.536,0.05,0.0,0.15,0.8,0.0
396,adaptive_attentive_ppoclip_seed1,0,NOOP,0.1945,0.328697,0.394702,0,100,250.43880337858897,176.802396774292,41,1.3612291289538871,3571.865234375,37.33997545016361,3,1,94,0.67,0.536,0.05,0.0,0.15,0.8,0.0,96,386.8693032948725,94.8934555053711,44,1.2742899114435369,3588.400390625,41.5960832352163,3,2,95,0.67,0.536,0.05,0.0,0.15,0.8,0.0
397,adaptive_attentive_ppoclip_seed1,0,NOOP,0.194125,0.328684,0.394155,0,96,386.8693032948725,94.8934555053711,44,1.2742899114435369,3588.400390625,41.5960832352163,3,2,95,0.67,0.536,0.05,0.0,0.15,0.8,0.0,65,288.63240651437656,107.25188255310059,47,1.1975169080369017,3602.130859375,44.49059847134191,3,3,96,0.67,0.536,0.05,0.0,0.15,0.8,0.0
398,adaptive_attentive_ppoclip_seed1,0,NOOP,0.19375,0.328678,0.391784,0,65,288.63240651437656,107.25188255310059,47,1.1975169080369017,3602.130859375,44.49059847134191,3,3,96,0.67,0.536,0.05,0.0,0.15,0.8,0.0,80,307.7913862817474,210.78109741210938,50,1.1304144287109374,3617.326171875,46.404015877215244,3,4,97,0.67,0.536,0.05,0.0,0.15,0.8,0.0
399,adaptive_attentive_ppoclip_seed1,0,NOOP,0.193375,-0.048184,0.189166,0,80,307.7913862817474,210.78109741210938,50,1.1304144287109374,3617.326171875,46.404015877215244,3,4,97,0.67,0.536,0.05,0.0,0.15,0.8,0.0,86,181.7115487111286,276.686429977417,53,1.0710829248968161,3633.11328125,47.688812682996556,3,5,98,0.0,0.5025000000000001,0.05,0.05,0.15,0.75,0.0
400,adaptive_attentive_ppoclip_seed1,2,COMPACT_64KB,0.553216,0.278696,0.394266,0,86,181.7115487111286,276.686429977417,53,1.0710829248968161,3633.11328125,47.688812682996556,3,5,98,0.0,0.5025000000000001,0.05,0.05,0.15,0.75,0.0,71,311.0214605901349,101.68647766113281,47,1.2053768076795213,3625.7734375,29.016741779782784,3,0,99,0.67,0.5025000000000001,0.05,0.05,0.15,0.75,0.0
401,adaptive_attentive_ppoclip_seed1,0,NOOP,0.19375,-0.048173,0.189088,0,71,311.0214605901349,101.68647766113281,47,1.2053768076795213,3625.7734375,29.016741779782784,3,0,99,0.67,0.5025000000000001,0.05,0.05,0.15,0.75,0.0,95,394.5317113452692,295.6247329711914,50,1.1382125854492187,3642.2802734375,32.955819676490094,3,1,100,0.0,0.46900000000000003,0.05,0.1,0.15,0.7,0.0
402,adaptive_attentive_ppoclip_seed1,0,NOOP,0.193375,-0.03979,0.187513,0,95,394.5317113452692,295.6247329711914,50,1.1382125854492187,3642.2802734375,32.955819676490094,3,1,100,0.0,0.46900000000000003,0.05,0.1,0.15,0.7,0.0,84,297.51232747155314,359.34996604919434,53,1.0783682769199587,3657.8251953125,35.6765264538821,3,2,101,0.0,0.46900000000000003,0.1,0.1,0.1,0.7,0.0
403,adaptive_attentive_ppoclip_seed1,5,PARTITION_REGION,0.011182,-0.148174,0.189671,0,84,297.51232747155314,359.34996604919434,53,1.0783682769199587,3657.8251953125,35.6765264538821,3,2,101,0.0,0.46900000000000003,0.1,0.1,0.1,0.7,0.0,81,295.18668761208346,236.4490032196045,56,1.0248355865478516,3673.0107421875,37.613695635422786,2,3,0,0.0,0.43550000000000005,0.1,0.1,0.1,0.65,0.05
404,adaptive_attentive_ppoclip_seed1,0,NOOP,0.187831,-0.083528,0.181982,0,81,295.18668761208346,236.4490032196045,56,1.0248355865478516,3673.0107421875,37.613695635422786,2,3,0,0.0,0.43550000000000005,0.1,0.1,0.1,0.65,0.05,50,176.3375075570743,366.15777015686035,59,0.9760279251357257,3685.4814453125,39.07565472363222,2,4,1,0.0,0.402,0.15,0.1,0.1,0.6,0.05
405,adaptive_attentive_ppoclip_seed1,0,NOOP,0.178711,-0.083354,0.174863,0,50,176.3375075570743,366.15777015686035,59,0.9760279251357257,3685.4814453125,39.07565472363222,2,4,1,0.0,0.402,0.15,0.1,0.1,0.6,0.05,66,231.04368248944618,269.90771293640137,62,0.9323058589812248,3699.3896484375,40.104127944566436,2,5,2,0.0,0.36850000000000005,0.15,0.1,0.1,0.55,0.1
406,adaptive_attentive_ppoclip_seed1,0,NOOP,0.170375,-0.083197,0.166785,0,66,231.04368248944618,269.90771293640137,62,0.9323058589812248,3699.3896484375,40.104127944566436,2,5,2,0.0,0.36850000000000005,0.15,0.1,0.1,0.55,0.1,60,188.5009849818359,260.7431411743164,65,0.8924985445462741,3712.7939453125,40.85605953561254,2,6,3,0.0,0.3350000000000001,0.15,0.1,0.1,0.5,0.15
407,adaptive_attentive_ppoclip_seed1,3,COMPACT_128KB,-0.1285,-0.085661,0.194277,0,60,188.5009849818359,260.7431411743164,65,0.8924985445462741,3712.7939453125,40.85605953561254,2,6,3,0.0,0.3350000000000001,0.15,0.1,0.1,0.5,0.15,50,188.47602519661828,146.17061614990234,28,2.0141688755580356,3609.390625,53.83374779093792,2,0,4,0.0,0.30150000000000005,0.15,0.1,0.1,0.45,0.2
408,adaptive_attentive_ppoclip_seed1,0,NOOP,0.196125,-0.030685,0.193742,0,50,188.47602519661828,146.17061614990234,28,2.0141688755580356,3609.390625,53.83374779093792,2,0,4,0.0,0.30150000000000005,0.15,0.1,0.1,0.45,0.2,60,228.83222550579677,157.91893005371094,31,1.8260045205393145,3622.79296875,63.30057535873436,2,1,5,0.0,0.26800000000000007,0.15,0.1,0.1,0.4,0.25
409,adaptive_attentive_ppoclip_seed1,0,NOOP,0.19575,-0.030713,0.192819,0,60,228.83222550579677,157.91893005371094,31,1.8260045205393145,3622.79296875,63.30057535873436,2,1,5,0.0,0.26800000000000007,0.15,0.1,0.1,0.4,0.25,90,332.6820713170861,189.06450271606445,34,1.6722842945772058,3638.890625,68.3606951659382,2,2,6,0.0,0.23450000000000001,0.15,0.1,0.1,0.4,0.25
410,adaptive_attentive_ppoclip_seed1,0,NOOP,0.195375,-0.02236,0.191372,0,90,332.6820713170861,189.06450271606445,34,1.6722842945772058,3638.890625,68.3606951659382,2,2,6,0.0,0.23450000000000001,0.15,0.1,0.1,0.4,0.25,61,178.69630451195826,246.3819980621338,37,1.542394277211782,3652.3896484375,71.33534406460943,2,3,7,0.0,0.23450000000000001,0.15,0.1,0.05,0.4,0.3
411,adaptive_attentive_ppoclip_seed1,0,NOOP,0.195,-0.030755,0.192344,0,61,178.69630451195826,246.3819980621338,37,1.542394277211782,3652.3896484375,71.33534406460943,2,3,7,0.0,0.23450000000000001,0.15,0.1,0.05,0.4,0.3,70,226.94274822141352,182.80792236328125,40,1.4322967529296875,3666.6796875,72.9750442939427,2,4,8,0.0,0.201,0.15,0.1,0.05,0.35,0.35
412,adaptive_attentive_ppoclip_seed1,3,COMPACT_128KB,0.164125,-0.07741,0.194392,0,70,226.94274822141352,182.80792236328125,40,1.4322967529296875,3666.6796875,72.9750442939427,2,4,8,0.0,0.201,0.15,0.1,0.05,0.35,0.35,69,250.25766752332166,145.39504051208496,27,2.10348962854456,3634.830078125,46.87353746436243,2,0,9,0.0,0.201,0.15,0.1,0.0,0.35,0.4
413,adaptive_attentive_ppoclip_seed1,0,NOOP,0.19625,-0.030813,0.193577,0,69,250.25766752332166,145.39504051208496,27,2.10348962854456,3634.830078125,46.87353746436243,2,0,9,0.0,0.201,0.15,0.1,0.0,0.35,0.4,82,294.8240808524135,171.1277961730957,30,1.9011433919270833,3650.1953125,59.424757343438536,2,1,10,0.0,0.16750000000000004,0.15,0.1,0.0,0.3,0.45
414,adaptive_attentive_ppoclip_seed1,0,NOOP,0.195875,-0.022476,0.193334,0,82,294.8240808524135,171.1277961730957,30,1.9011433919270833,3650.1953125,59.424757343438536,2,1,10,0.0,0.16750000000000004,0.15,0.1,0.0,0.3,0.45,75,240.34106015922254,168.3199405670166,33,1.735303936582623,3664.9619140625,66.04592770684197,2,2,11,0.0,0.1675,0.1,0.1,0.0,0.3,0.5
415,adaptive_attentive_ppoclip_seed1,0,NOOP,0.1955,-0.030874,0.19296,0,75,240.34106015922254,168.3199405670166,33,1.735303936582623,3664.9619140625,66.04592770684197,2,2,11,0.0,0.1675,0.1,0.1,0.0,0.3,0.5,59,209.44859678612477,171.9803810119629,36,1.5964724222819011,3678.2724609375,69.86732677064921,2,3,12,0.0,0.134,0.1,0.1,0.0,0.25,0.55
416,adaptive_attentive_ppoclip_seed1,0,NOOP,0.195125,-0.030908,0.186951,0,59,209.44859678612477,171.9803810119629,36,1.5964724222819011,3678.2724609375,69.86732677064921,2,3,12,0.0,0.134,0.1,0.1,0.0,0.25,0.55,80,252.71877433650315,457.4458599090576,39,1.4797551081730769,3693.46875,71.99543152554362,2,4,13,0.0,0.1005,0.1,0.1,0.05,0.2,0.55
417,adaptive_attentive_ppoclip_seed1,3,COMPACT_128KB,0.164125,-0.085952,0.194344,0,80,252.71877433650315,457.4458599090576,39,1.4797551081730769,3693.46875,71.99543152554362,2,4,13,0.0,0.1005,0.1,0.1,0.05,0.2,0.55,91,331.0484635907257,147.8128433227539,27,2.12270666051794,3668.037109375,44.45824550503594,2,0,14,0.0,0.067,0.1,0.1,0.05,0.15,0.6
418,adaptive_attentive_ppoclip_seed1,0,NOOP,0.19625,-0.030985,0.193716,0,91,331.0484635907257,147.8128433227539,27,2.12270666051794,3668.037109375,44.45824550503594,2,0,14,0.0,0.067,0.1,0.1,0.05,0.15,0.6,84,247.7578239711963,164.22033309936523,30,1.9185404459635416,3683.59765625,57.98089216295856,2,1,15,0.0,0.0335,0.1,0.1,0.05,0.1,0.65
419,adaptive_attentive_ppoclip_seed1,0,NOOP,0.195875,-0.022646,0.193457,0,84,247.7578239711963,164.22033309936523,30,1.9185404459635416,3683.59765625,57.98089216295856,2,1,15,0.0,0.0335,0.1,0.1,0.05,0.1,0.65,70,230.2726240298161,162.1420383453369,33,1.7508572665127842,3697.810546875,65.07225859417468,2,2,16,0.0,0.0335,0.1,0.05,0.05,0.1,0.7
420,adaptive_attentive_ppoclip_seed1,0,NOOP,0.1955,-0.031041,0.188128,0,70,230.2726240298161,162.1420383453369,33,1.7508572665127842,3697.810546875,65.07225859417468,2,2,16,0.0,0.0335,0.1,0.05,0.05,0.1,0.7,82,198.1832319270912,413.61141204833984,36,1.6116379631890192,3713.2138671875,69.06300206532946,2,3,17,0.0,0.0,0.1,0.05,0.1,0.05,0.7
421,adaptive_attentive_ppoclip_seed1,0,NOOP,0.195125,-0.022696,0.192526,0,82,198.1832319270912,413.61141204833984,36,1.6116379631890192,3713.2138671875,69.06300206532946,2,3,17,0.0,0.0,0.1,0.05,0.1,0.05,0.7,67,208.38449394426783,178.71594429016113,39,1.4933033478565705,3727.28515625,71.41139272022382,2,4,18,0.0,0.0,0.1,0.0,0.1,0.05,0.75
422,adaptive_attentive_ppoclip_seed1,3,COMPACT_128KB,0.164,-0.077734,0.194241,0,67,208.38449394426783,178.71594429016113,39,1.4933033478565705,3727.28515625,71.41139272022382,2,4,18,0.0,0.0,0.1,0.0,0.1,0.05,0.75,75,262.0806638395721,147.96781539916992,28,2.0667593819754466,3703.6328125,47.883891828395754,2,0,19,0.0,0.0,0.05,0.0,0.1,0.05,0.8
423,adaptive_attentive_ppoclip_seed1,0,NOOP,0.196125,-0.022763,0.193798,0,75,262.0806638395721,147.96781539916992,28,2.0667593819754466,3703.6328125,47.883891828395754,2,0,19,0.0,0.0,0.05,0.0,0.1,0.05,0.8,79,294.82555243641474,155.11822700500488,31,1.8743719285534275,3718.75390625,59.378291318504935,2,1,20,0.0,0.0,0.05,0.0,0.1,0.05,0.8
424,adaptive_attentive_ppoclip_seed1,7,REMOVE_PARTITION,0.132114,-0.057788,0.192272,0,79,294.82555243641474,155.11822700500488,31,1.8743719285534275,3718.75390625,59.378291318504935,2,1,20,0.0,0.0,0.05,0.0,0.1,0.05,0.8,70,241.54754294731143,216.386079788208,34,1.7155487958122702,3733.0341796875,65.61477431156784,0,2,0,0.0,0.0,0.0,0.0,0.1,0.1,0.8
425,adaptive_attentive_ppoclip_seed1,0,NOOP,0.195625,-0.033308,0.193142,0,70,241.54754294731143,216.386079788208,34,1.7155487958122702,3733.0341796875,65.61477431156784,0,2,0,0.0,0.0,0.0,0.0,0.1,0.1,0.8,81,287.79189852444006,167.9065227508545,35,1.6709786551339285,3742.9921875,66.80910455411787,0,3,1,0.0,0.0,0.0,0.0,0.1,0.1,0.8
426,adaptive_attentive_ppoclip_seed1,0,NOOP,0.1955,-0.033172,0.19302,0,81,287.79189852444006,167.9065227508545,35,1.6709786551339285,3742.9921875,66.80910455411787,0,3,1,0.0,0.0,0.0,0.0,0.1,0.1,0.8,54,198.20256718110633,169.0220832824707,36,1.6278394063313801,3750.5419921875,67.89951377948785,0,4,2,0.0,0.0,0.0,0.0,0.1,0.1,0.8
427,adaptive_attentive_ppoclip_seed1,3,COMPACT_128KB,0.164125,-0.0845,0.194367,0,54,198.20256718110633,169.0220832824707,36,1.6278394063313801,3750.5419921875,67.89951377948785,0,4,2,0.0,0.0,0.0,0.0,0.1,0.1,0.8,75,273.6726901324026,146.67129516601562,27,2.1594436080367476,3731.5185546875,39.98842197702982,0,0,3,0.0,0.0,0.0,0.0,0.1,0.15,0.75
428,adaptive_attentive_ppoclip_seed1,0,NOOP,0.1965,-0.029284,0.194255,0,75,273.6726901324026,146.67129516601562,27,2.1594436080367476,3731.5185546875,39.98842197702982,0,0,3,0.0,0.0,0.0,0.0,0.1,0.15,0.75,95,344.91944845280955,147.247314453125,28,2.088488987513951,3742.572265625,46.013610389192756,0,1,4,0.0,0.0,0.0,0.0,0.1,0.15,0.75
429,adaptive_attentive_ppoclip_seed1,0,NOOP,0.196375,-0.029138,0.194107,0,95,344.91944845280955,147.247314453125,28,2.088488987513951,3742.572265625,46.013610389192756,0,1,4,0.0,0.0,0.0,0.0,0.1,0.15,0.75,65,221.97035399022656,149.6739387512207,29,2.021045027108028,3751.0595703125,50.81286763291618,0,2,5,0.0,0.0,0.0,0.0,0.1,0.1,0.8
430,adaptive_attentive_ppoclip_seed1,0,NOOP,0.19625,-0.028982,0.193937,0,65,221.97035399022656,149.6739387512207,29,2.021045027108028,3751.0595703125,50.81286763291618,0,2,5,0.0,0.0,0.0,0.0,0.1,0.1,0.8,70,240.59742637267362,153.13053131103516,30,1.9583409627278645,3760.0146484375,54.553225293827445,0,3,6,0.0,0.0,0.0,0.05,0.1,0.1,0.75
431,adaptive_attentive_ppoclip_seed1,0,NOOP,0.196125,-0.028765,0.193816,0,70,240.59742637267362,153.13053131103516,30,1.9583409627278645,3760.0146484375,54.553225293827445,0,3,6,0.0,0.0,0.0,0.05,0.1,0.1,0.75,98,351.0339434952594,154.19864654541016,31,1.9009817800214213,3771.5478515625,57.39872164879349,0,4,7,0.0,0.0,0.0,0.05,0.1,0.1,0.75
432,adaptive_attentive_ppoclip_seed1,3,COMPACT_128KB,0.164125,-0.083555,0.193175,0,98,351.0339434952594,154.19864654541016,31,1.9009817800214213,3771.5478515625,57.39872164879349,0,4,7,0.0,0.0,0.0,0.05,0.1,0.1,0.75,96,356.87788517955875,206.2680721282959,27,2.18045496057581,3767.826171875,38.046713314639995,0,0,8,0.0,0.0,0.0,0.05,0.1,0.1,0.75
433,adaptive_attentive_ppoclip_seed1,0,NOOP,0.1965,-0.02844,0.194164,0,96,356.87788517955875,206.2680721282959,27,2.18045496057581,3767.826171875,38.046713314639995,0,0,8,0.0,0.0,0.0,0.05,0.1,0.1,0.75,53,200.4431896976916,151.79753303527832,28,2.1066687447684154,3775.150390625,44.92602070982432,0,1,9,0.0,0.0,0.0,0.1,0.1,0.1,0.7
434,adaptive_attentive_ppoclip_seed1,0,NOOP,0.196375,-0.028332,0.194072,0,53,200.4431896976916,151.79753303527832,28,2.1066687447684154,3775.150390625,44.92602070982432,0,1,9,0.0,0.0,0.0,0.1,0.1,0.1,0.7,50,184.53405229229764,151.3822078704834,29,2.0378823115907867,3782.3095703125,50.082918413730404,0,2,10,0.0,0.0,0.0,0.1,0.1,0.1,0.7
435,adaptive_attentive_ppoclip_seed1,0,NOOP,0.19625,-0.028159,0.193706,0,50,184.53405229229764,151.3822078704834,29,2.0378823115907867,3782.3095703125,50.082918413730404,0,2,10,0.0,0.0,0.0,0.1,0.1,0.1,0.7,81,347.645472629485,164.72291946411133,30,1.97518310546875,3792.3515625,53.89684907233779,0,3,11,0.0,0.0,0.0,0.1,0.1,0.1,0.7
436,adaptive_attentive_ppoclip_seed1,0,NOOP,0.196125,-0.02801,0.193753,0,81,347.645472629485,164.72291946411133,30,1.97518310546875,3792.3515625,53.89684907233779,0,3,11,0.0,0.0,0.0,0.1,0.1,0.1,0.7,70,235.32003706114128,157.33671188354492,31,1.9159595120337702,3801.263671875,57.03859457101562,0,4,12,0.0,0.0,0.0,0.1,0.05,0.1,0.75
437,adaptive_attentive_ppoclip_seed1,1,COMPACT_32KB,0.178807,-0.045,0.189892,0,70,235.32003706114128,157.33671188354492,31,1.9159595120337702,3801.263671875,57.03859457101562,0,4,12,0.0,0.0,0.0,0.1,0.05,0.1,0.75,74,246.18423375797238,230.38387298583984,55,1.1017406116832387,3878.126953125,29.722437693440472,0,0,13,0.0,0.0,0.0,0.1,0.05,0.1,0.75
438,adaptive_attentive_ppoclip_seed1,0,NOOP,0.193,0.0,0.18766,0,74,246.18423375797238,230.38387298583984,55,1.1017406116832387,3878.126953125,29.722437693440472,0,0,13,0.0,0.0,0.0,0.1,0.05,0.1,0.75,98,334.4345433317196,337.01348304748535,56,1.0852434975760323,3889.5126953125,30.492406169212472,0,1,14,0.0,0.0,0.05,0.1,0.05,0.1,0.7
439,adaptive_attentive_ppoclip_seed1,0,NOOP,0.192875,0.0,0.186647,0,98,334.4345433317196,337.01348304748535,56,1.0852434975760323,3889.5126953125,30.492406169212472,0,1,14,0.0,0.0,0.05,0.1,0.05,0.1,0.7,57,235.69917304529915,382.65323638916016,57,1.0683580365097314,3897.3701171875,31.300970481307328,0,2,15,0.0,0.0,0.05,0.1,0.05,0.1,0.7
440,adaptive_attentive_ppoclip_seed1,0,NOOP,0.19275,0.0,0.189381,0,57,235.69917304529915,382.65323638916016,57,1.0683580365097314,3897.3701171875,31.300970481307328,0,2,15,0.0,0.0,0.05,0.1,0.05,0.1,0.7,58,233.1511071028437,240.9522533416748,58,1.0520514126481681,3905.21484375,32.02706504886165,0,3,16,0.0,0.0,0.05,0.15,0.0,0.1,0.7
441,adaptive_attentive_ppoclip_seed1,0,NOOP,0.192625,0.0,0.189281,0,58,233.1511071028437,240.9522533416748,58,1.0520514126481681,3905.21484375,32.02706504886165,0,3,16,0.0,0.0,0.05,0.15,0.0,0.1,0.7,79,366.1123871609303,240.94557762145996,59,1.0368085958189883,3914.9892578125,32.622030850604546,0,4,17,0.0,0.0,0.05,0.15,0.0,0.1,0.7
442,adaptive_attentive_ppoclip_seed1,0,NOOP,0.1925,0.0,0.189114,0,79,366.1123871609303,240.94557762145996,59,1.0368085958189883,3914.9892578125,32.622030850604546,0,4,17,0.0,0.0,0.05,0.15,0.0,0.1,0.7,52,182.88155251233442,244.31371688842773,60,1.02144775390625,3922.359375,33.22872366157099,0,5,18,0.0,0.0,0.05,0.15,0.0,0.1,0.7
443,adaptive_attentive_ppoclip_seed1,3,COMPACT_128KB,0.162375,-0.055,0.192449,0,52,182.88155251233442,244.31371688842773,60,1.02144775390625,3922.359375,33.22872366157099,0,5,18,0.0,0.0,0.05,0.15,0.0,0.1,0.7,52,210.20048014695465,172.5485324859619,41,1.4750857469512195,3870.625,12.669997788153193,0,0,19,0.0,0.0,0.05,0.15,0.0,0.1,0.7
444,adaptive_attentive_ppoclip_seed1,0,NOOP,0.19475,0.0,0.192141,0,52,210.20048014695465,172.5485324859619,41,1.4750857469512195,3870.625,12.669997788153193,0,0,19,0.0,0.0,0.05,0.15,0.0,0.1,0.7,57,277.4731759855899,182.9681396484375,42,1.4428467523484003,3878.3720703125,18.31435072666476,0,1,20,0.0,0.0,0.05,0.15,0.0,0.05,0.75
445,adaptive_attentive_ppoclip_seed1,5,PARTITION_REGION,0.012807,-0.1,0.191892,0,57,277.4731759855899,182.9681396484375,42,1.4428467523484003,3878.3720703125,18.31435072666476,0,1,20,0.0,0.0,0.05,0.15,0.0,0.05,0.75,62,244.22589455098705,190.42325019836426,43,1.4122690600018168,3886.564453125,22.183512060879227,2,2,0,0.0,0.0,0.05,0.15,0.0,0.05,0.75
446,adaptive_attentive_ppoclip_seed1,0,NOOP,0.19425,-0.086469,0.185773,0,62,244.22589455098705,190.42325019836426,43,1.4122690600018168,3886.564453125,22.183512060879227,2,2,0,0.0,0.0,0.05,0.15,0.0,0.05,0.75,51,188.85271467026405,481.3518524169922,46,1.324438012164572,3899.1455078125,30.369069895025415,2,3,1,0.0,0.0,0.1,0.15,0.0,0.05,0.7
447,adaptive_attentive_ppoclip_seed1,0,NOOP,0.193875,-0.086312,0.190542,0,51,188.85271467026405,481.3518524169922,46,1.324438012164572,3899.1455078125,30.369069895025415,2,3,1,0.0,0.0,0.1,0.15,0.0,0.05,0.7,60,187.5091199542214,227.88238525390625,49,1.247616514867666,3912.525390625,35.25685748059457,2,4,2,0.0,0.0,0.1,0.15,0.0,0.05,0.7
448,adaptive_attentive_ppoclip_seed1,0,NOOP,0.1935,-0.086105,0.190447,0,60,187.5091199542214,227.88238525390625,49,1.247616514867666,3912.525390625,35.25685748059457,2,4,2,0.0,0.0,0.1,0.15,0.0,0.05,0.7,79,292.5507635367077,217.64731407165527,52,1.1801690321702223,3927.6025390625,38.47521875074476,2,5,3,0.0,0.0,0.1,0.15,0.0,0.05,0.7
449,adaptive_attentive_ppoclip_seed1,0,NOOP,0.193125,-0.085949,0.189895,0,79,292.5507635367077,217.64731407165527,52,1.1801690321702223,3927.6025390625,38.47521875074476,2,5,3,0.0,0.0,0.1,0.15,0.0,0.05,0.7,60,197.5488262851832,230.2563190460205,55,1.1195920077237216,3940.9638671875,40.78592468625804,2,6,4,0.0,0.0,0.1,0.15,0.0,0.05,0.7
450,adaptive_attentive_ppoclip_seed1,0,NOOP,0.19275,-0.085814,0.189265,0,60,197.5488262851832,230.2563190460205,55,1.1195920077237216,3940.9638671875,40.78592468625804,2,6,4,0.0,0.0,0.1,0.15,0.0,0.05,0.7,52,179.9686343498922,246.7637062072754,58,1.0650918894800647,3953.62109375,42.46080385800526,2,7,5,0.0,0.0,0.1,0.1,0.0,0.05,0.75
451,adaptive_attentive_ppoclip_seed1,0,NOOP,0.192375,-0.08575,0.181274,0,52,179.9686343498922,246.7637062072754,58,1.0650918894800647,3953.62109375,42.46080385800526,2,7,5,0.0,0.0,0.1,0.1,0.0,0.05,0.75,25,88.81645928799519,631.2863826751709,61,1.0153030645651895,3963.7431640625,43.730483510639,2,8,6,0.0,0.0,0.1,0.1,0.05,0.05,0.7
452,adaptive_attentive_ppoclip_seed1,3,COMPACT_128KB,-0.128625,-0.066726,0.189489,0,25,88.81645928799519,631.2863826751709,61,1.0153030645651895,3963.7431640625,43.730483510639,2,8,6,0.0,0.0,0.1,0.1,0.05,0.05,0.7,37,137.09685079436875,380.5563449859619,29,2.0881000387257544,3875.513671875,56.88980474505769,2,0,7,0.0,0.0,0.1,0.1,0.1,0.05,0.65
453,adaptive_attentive_ppoclip_seed1,0,NOOP,0.196,-0.011742,0.191823,0,37,137.09685079436875,380.5563449859619,29,2.0881000387257544,3875.513671875,56.88980474505769,2,0,7,0.0,0.0,0.1,0.1,0.1,0.05,0.65,33,108.07428367970317,248.86035919189453,32,1.897658348083496,3886.404296875,66.37476244316117,2,1,8,0.0,0.0,0.15,0.05,0.1,0.05,0.65
454,adaptive_attentive_ppoclip_seed1,0,NOOP,0.195625,-0.011748,0.192939,0,33,108.07428367970317,248.86035919189453,32,1.897658348083496,3886.404296875,66.37476244316117,2,1,8,0.0,0.0,0.15,0.05,0.1,0.05,0.65,22,62.7004522058199,178.0564785003662,35,1.7393968854631696,3896.2490234375,71.71736309066011,2,2,9,0.0,0.0,0.15,0.05,0.1,0.05,0.65
455,adaptive_attentive_ppoclip_seed1,0,NOOP,0.19525,-0.011758,0.190103,0,22,62.7004522058199,178.0564785003662,35,1.7393968854631696,3896.2490234375,71.71736309066011,2,2,9,0.0,0.0,0.15,0.05,0.1,0.05,0.65,44,158.1927274815684,304.84795570373535,38,1.606999447471217,3908.22265625,74.7439209129274,2,3,10,0.0,0.0,0.15,0.05,0.1,0.1,0.6
456,adaptive_attentive_ppoclip_seed1,0,NOOP,0.194875,-0.011785,0.189899,0,44,158.1927274815684,304.84795570373535,38,1.606999447471217,3908.22265625,74.7439209129274,2,3,10,0.0,0.0,0.15,0.05,0.1,0.1,0.6,50,161.7525080619721,300.0378608703613,41,1.4941450909870426,3920.63671875,76.45264033630164,2,4,11,0.0,0.0,0.2,0.05,0.1,0.1,0.55
457,adaptive_attentive_ppoclip_seed1,0,NOOP,0.1945,-0.011795,0.189853,0,50,161.7525080619721,300.0378608703613,41,1.4941450909870426,3920.63671875,76.45264033630164,2,4,11,0.0,0.0,0.2,0.05,0.1,0.1,0.55,36,146.29549385102356,287.3663902282715,44,1.3962704051624646,3931.8974609375,77.36887015122106,2,5,12,0.0,0.0,0.2,0.05,0.1,0.1,0.55
458,adaptive_attentive_ppoclip_seed1,3,COMPACT_128KB,-0.128375,-0.06681,0.194415,0,36,146.29549385102356,287.3663902282715,44,1.3962704051624646,3931.8974609375,77.36887015122106,2,5,12,0.0,0.0,0.2,0.05,0.1,0.1,0.55,44,150.22860059407859,144.25420761108398,27,2.251138757776331,3889.9677734375,45.07500816437595,2,0,13,0.0,0.0,0.15,0.05,0.1,0.1,0.6
459,adaptive_attentive_ppoclip_seed1,0,NOOP,0.19625,-0.011822,0.193919,0,44,150.22860059407859,144.25420761108398,27,2.251138757776331,3889.9677734375,45.07500816437595,2,0,13,0.0,0.0,0.15,0.05,0.1,0.1,0.6,38,135.76007679668555,154.05988693237305,30,2.031958516438802,3901.3603515625,60.4450096379519,2,1,14,0.0,0.0,0.15,0.05,0.1,0.1,0.6
460,adaptive_attentive_ppoclip_seed1,0,NOOP,0.195875,-0.011846,0.1934,0,38,135.76007679668555,154.05988693237305,30,2.031958516438802,3901.3603515625,60.4450096379519,2,1,14,0.0,0.0,0.15,0.05,0.1,0.1,0.6,39,135.52151446738884,164.98589515686035,33,1.8526495731238164,3912.7958984375,68.33157112004183,2,2,15,0.0,0.0,0.15,0.0,0.1,0.1,0.65
461,adaptive_attentive_ppoclip_seed1,0,NOOP,0.1955,-0.01187,0.192814,0,39,135.52151446738884,164.98589515686035,33,1.8526495731238164,3912.7958984375,68.33157112004183,2,2,15,0.0,0.0,0.15,0.0,0.1,0.1,0.65,49,177.37762921574262,179.30841445922852,36,1.7036348978678386,3925.1748046875,72.78814680625796,2,3,16,0.0,0.0,0.15,0.0,0.1,0.1,0.65
462,adaptive_attentive_ppoclip_seed1,0,NOOP,0.195125,-0.011882,0.190389,0,49,177.37762921574262,179.30841445922852,36,1.7036348978678386,3925.1748046875,72.78814680625796,2,3,16,0.0,0.0,0.15,0.0,0.1,0.1,0.65,27,99.32570977502961,285.5257987976074,39,1.5767294076772838,3935.5166015625,75.44719306639908,2,4,17,0.0,0.0,0.2,0.0,0.1,0.1,0.6
463,adaptive_attentive_ppoclip_seed1,3,COMPACT_128KB,-0.1285,-0.066903,0.19406,0,27,99.32570977502961,285.5257987976074,39,1.5767294076772838,3935.5166015625,75.44719306639908,2,4,17,0.0,0.0,0.2,0.0,0.1,0.1,0.6,46,145.40868376408488,156.98599815368652,28,2.1818515232631137,3909.8779296875,50.08796965021567,2,0,18,0.0,0.0,0.2,0.0,0.1,0.1,0.6
464,adaptive_attentive_ppoclip_seed1,0,NOOP,0.196125,0.364952,0.395319,0,46,145.40868376408488,156.98599815368652,28,2.1818515232631137,3909.8779296875,50.08796965021567,2,0,18,0.0,0.0,0.2,0.0,0.1,0.1,0.6,39,155.6661251873528,129.03785705566406,31,1.9764793149886593,3921.3349609375,62.64289253951873,2,1,19,0.67,0.0335,0.2,0.05,0.1,0.1,0.55
465,adaptive_attentive_ppoclip_seed1,0,NOOP,0.19575,-0.011951,0.1931,0,39,155.6661251873528,129.03785705566406,31,1.9764793149886593,3921.3349609375,62.64289253951873,2,1,19,0.67,0.0335,0.2,0.05,0.1,0.1,0.55,48,154.6563954993482,174.99899864196777,34,1.807741501752068,3933.6455078125,69.3474964632369,2,2,20,0.0,0.0335,0.2,0.05,0.1,0.1,0.55
466,adaptive_attentive_ppoclip_seed1,7,REMOVE_PARTITION,0.131739,-0.046962,0.192639,0,48,154.6563954993482,174.99899864196777,34,1.807741501752068,3933.6455078125,69.3474964632369,2,2,20,0.0,0.0335,0.2,0.05,0.1,0.1,0.55,38,121.17307642598328,183.0599308013916,37,1.6659686114336993,3945.013671875,73.26182535321449,0,3,0,0.0,0.0335,0.15,0.05,0.1,0.1,0.6
467,adaptive_attentive_ppoclip_seed1,0,NOOP,0.19525,-0.011918,0.192448,0,38,121.17307642598328,183.0599308013916,37,1.6659686114336993,3945.013671875,73.26182535321449,0,3,0,0.0,0.0335,0.15,0.05,0.1,0.1,0.6,49,171.8370531645739,187.58082389831543,38,1.6250297144839638,3952.072265625,74.04794411852546,0,4,1,0.0,0.0335,0.15,0.05,0.1,0.05,0.65
468,adaptive_attentive_ppoclip_seed1,0,NOOP,0.195125,-0.011883,0.190477,0,49,171.8370531645739,187.58082389831543,38,1.6250297144839638,3952.072265625,74.04794411852546,0,4,1,0.0,0.0335,0.15,0.05,0.1,0.05,0.65,40,169.16932949227672,281.1269760131836,39,1.585872552333734,3958.337890625,74.72441896659757,0,5,2,0.0,0.0335,0.2,0.05,0.1,0.05,0.6
469,adaptive_attentive_ppoclip_seed1,0,NOOP,0.195,-0.01184,0.193039,0,40,169.16932949227672,281.1269760131836,39,1.585872552333734,3958.337890625,74.72441896659757,0,5,2,0.0,0.0335,0.2,0.05,0.1,0.05,0.6,50,182.61686588777843,148.03814888000488,40,1.5490253448486329,3965.5048828125,75.25300196303805,0,6,3,0.0,0.0335,0.2,0.1,0.1,0.05,0.55
470,adaptive_attentive_ppoclip_seed1,1,COMPACT_32KB,0.561432,-0.045,0.18384,0,50,182.61686588777843,148.03814888000488,40,1.5490253448486329,3965.5048828125,75.25300196303805,0,6,3,0.0,0.0335,0.2,0.1,0.1,0.05,0.55,50,181.3036490658395,538.0184650421143,54,1.1615869027596932,4014.4443359375,25.78727587565866,0,0,4,0.0,0.0335,0.2,0.1,0.15,0.05,0.5
471,adaptive_attentive_ppoclip_seed1,0,NOOP,0.193125,0.0,0.190014,0,50,181.3036490658395,538.0184650421143,54,1.1615869027596932,4014.4443359375,25.78727587565866,0,0,4,0.0,0.0335,0.2,0.1,0.15,0.05,0.5,44,176.35571320861456,224.31039810180664,55,1.142353682084517,4021.0849609375,27.12939250470551,0,1,5,0.0,0.0335,0.2,0.1,0.1,0.05,0.55
472,adaptive_attentive_ppoclip_seed1,0,NOOP,0.193,0.0,0.189322,0,44,176.35571320861456,224.31039810180664,55,1.142353682084517,4021.0849609375,27.12939250470551,0,1,5,0.0,0.0335,0.2,0.1,0.1,0.05,0.55,45,171.59311931735016,253.89385223388672,56,1.1238373347691126,4027.8330078125,28.306620840767586,0,2,6,0.0,0.0335,0.2,0.1,0.05,0.05,0.6
473,adaptive_attentive_ppoclip_seed1,0,NOOP,0.192875,0.0,0.189882,0,45,171.59311931735016,253.89385223388672,56,1.1238373347691126,4027.8330078125,28.306620840767586,0,2,6,0.0,0.0335,0.2,0.1,0.05,0.05,0.6,28,125.47237515050956,220.9181785583496,57,1.1055458470394737,4033.03125,29.41209276344897,0,3,7,0.0,0.0335,0.15,0.15,0.05,0.05,0.6
474,adaptive_attentive_ppoclip_seed1,0,NOOP,0.19275,0.0,0.188259,0,28,125.47237515050956,220.9181785583496,57,1.1055458470394737,4033.03125,29.41209276344897,0,3,7,0.0,0.0335,0.15,0.15,0.05,0.05,0.6,42,144.44936545382535,297.029972076416,58,1.0882157950565732,4039.45703125,30.35199296821046,0,4,8,0.0,0.0335,0.15,0.15,0.05,0.05,0.6
475,adaptive_attentive_ppoclip_seed1,1,COMPACT_32KB,0.561432,-0.045,0.190128,0,42,144.44936545382535,297.029972076416,58,1.0882157950565732,4039.45703125,30.35199296821046,0,4,8,0.0,0.0335,0.15,0.15,0.05,0.05,0.6,22,65.12977155271594,223.6013412475586,54,1.1661399558738426,4030.1796875,25.160831191126018,0,0,9,0.0,0.0335,0.15,0.15,0.05,0.0,0.65
476,adaptive_attentive_ppoclip_seed1,0,NOOP,0.193125,0.0,0.189902,0,22,65.12977155271594,223.6013412475586,54,1.1661399558738426,4030.1796875,25.160831191126018,0,0,9,0.0,0.0335,0.15,0.15,0.05,0.0,0.65,37,105.1853803880742,229.88224029541016,55,1.1466269753196023,4036.126953125,26.591742316777154,0,1,10,0.0,0.0335,0.1,0.15,0.05,0.0,0.7
477,adaptive_attentive_ppoclip_seed1,0,NOOP,0.193,0.0,0.191127,0,37,105.1853803880742,229.88224029541016,55,1.1466269753196023,4036.126953125,26.591742316777154,0,1,10,0.0,0.0335,0.1,0.15,0.05,0.0,0.7,40,148.09428056429928,163.65361213684082,56,1.1279152461460658,4042.4482421875,27.83119048796112,0,2,11,0.0,0.0335,0.1,0.2,0.05,0.0,0.65
478,adaptive_attentive_ppoclip_seed1,0,NOOP,0.192875,0.0,0.18923,0,40,148.09428056429928,163.65361213684082,56,1.1279152461460658,4042.4482421875,27.83119048796112,0,2,11,0.0,0.0335,0.1,0.2,0.05,0.0,0.65,50,193.88972662328118,253.4933090209961,57,1.1100830613521107,4049.5830078125,28.89609804422391,0,3,12,0.0,0.0335,0.1,0.25,0.05,0.0,0.6
479,adaptive_attentive_ppoclip_seed1,0,NOOP,0.19275,0.0,0.189242,0,50,193.88972662328118,253.4933090209961,57,1.1100830613521107,4049.5830078125,28.89609804422391,0,3,12,0.0,0.0335,0.1,0.25,0.05,0.0,0.6,49,191.85667196591552,247.9226589202881,58,1.092847363702182,4056.6494140625,29.848111913132023,0,4,13,0.0,0.0335,0.1,0.25,0.05,0.0,0.6
480,adaptive_attentive_ppoclip_seed1,3,COMPACT_128KB,-0.13025,-0.055,0.188916,0,49,191.85667196591552,247.9226589202881,58,1.092847363702182,4056.6494140625,29.848111913132023,0,4,13,0.0,0.0335,0.1,0.25,0.05,0.0,0.6,22,83.87898841279782,344.2196846008301,42,1.4925689697265625,4012.025390625,12.16597655119521,0,0,14,0.0,0.0335,0.15,0.25,0.05,0.0,0.55
481,adaptive_attentive_ppoclip_seed1,0,NOOP,0.194625,0.0,0.191954,0,22,83.87898841279782,344.2196846008301,42,1.4925689697265625,4012.025390625,12.16597655119521,0,0,14,0.0,0.0335,0.15,0.25,0.05,0.0,0.55,41,157.05646550385686,187.2856616973877,43,1.4601759799691134,4018.404296875,18.146598682336386,0,1,15,0.0,0.0335,0.15,0.25,0.05,0.0,0.55
482,adaptive_attentive_ppoclip_seed1,0,NOOP,0.1945,0.0,0.190473,0,41,157.05646550385686,187.2856616973877,43,1.4601759799691134,4018.404296875,18.146598682336386,0,1,15,0.0,0.0335,0.15,0.25,0.05,0.0,0.55,35,128.51602284913878,256.35766983032227,44,1.4290532198819248,4024.2138671875,22.27578537087686,0,2,16,0.0,0.0335,0.1,0.25,0.05,0.05,0.55
483,adaptive_attentive_ppoclip_seed1,0,NOOP,0.194375,0.0,0.185306,0,35,128.51602284913878,256.35766983032227,44,1.4290532198819248,4024.2138671875,22.27578537087686,0,2,16,0.0,0.0335,0.1,0.25,0.05,0.05,0.55,42,129.1685893511169,509.69600677490234,45,1.399522230360243,4030.6240234375,25.410131134621903,0,3,17,0.0,0.0335,0.1,0.25,0.1,0.05,0.5
484,adaptive_attentive_ppoclip_seed1,0,NOOP,0.19425,-0.008375,0.185408,0,42,129.1685893511169,509.69600677490234,45,1.399522230360243,4030.6240234375,25.410131134621903,0,3,17,0.0,0.0335,0.1,0.25,0.1,0.05,0.5,32,108.77970318896396,499.6070861816406,46,1.3709925775942595,4036.2021484375,28.012246607902004,0,4,18,0.0,0.0,0.1,0.2,0.15,0.05,0.5
485,adaptive_attentive_ppoclip_seed1,0,NOOP,0.194125,0.0,0.191381,0,32,108.77970318896396,499.6070861816406,46,1.3709925775942595,4036.2021484375,28.012246607902004,0,4,18,0.0,0.0,0.1,0.2,0.15,0.05,0.5,27,106.13216873002634,195.9536075592041,47,1.3435285852310506,4041.333984375,30.213138939350692,0,5,19,0.0,0.0,0.1,0.25,0.15,0.05,0.45
486,adaptive_attentive_ppoclip_seed1,3,COMPACT_128KB,-0.13025,-0.055,0.19195,0,27,106.13216873002634,195.9536075592041,47,1.3435285852310506,4041.333984375,30.213138939350692,0,5,19,0.0,0.0,0.1,0.25,0.15,0.05,0.45,44,163.45704267080234,192.5048828125,42,1.499647231329055,4031.0517578125,12.134740599158226,0,0,20,0.0,0.0,0.1,0.25,0.15,0.05,0.45
487,adaptive_attentive_ppoclip_seed1,6,PARTITION_EVENT_TYPE,0.012807,-0.1,0.191967,0,44,163.45704267080234,192.5048828125,42,1.499647231329055,4031.0517578125,12.134740599158226,0,0,20,0.0,0.0,0.1,0.25,0.15,0.05,0.45,25,80.59645508908395,186.62691116333008,43,1.4665633800417879,4035.982421875,18.344625544853685,3,1,0,0.0,0.0,0.1,0.25,0.15,0.05,0.45
488,adaptive_attentive_ppoclip_seed1,0,NOOP,0.19425,-0.086484,0.189185,0,25,80.59645508908395,186.62691116333008,43,1.4665633800417879,4035.982421875,18.344625544853685,3,1,0,0.0,0.0,0.1,0.25,0.15,0.05,0.45,47,121.06364288451523,310.7481002807617,46,1.3750268687372622,4048.0791015625,28.584499838901152,3,2,1,0.0,0.0,0.1,0.25,0.15,0.05,0.45
489,adaptive_attentive_ppoclip_seed1,0,NOOP,0.193875,-0.086426,0.184723,0,47,121.06364288451523,310.7481002807617,46,1.3750268687372622,4048.0791015625,28.584499838901152,3,2,1,0.0,0.0,0.1,0.25,0.15,0.05,0.45,23,87.22339893616541,518.8558101654053,49,1.2939864178093112,4057.94140625,34.454398507640605,3,3,2,0.0,0.0,0.1,0.2,0.2,0.05,0.45
490,adaptive_attentive_ppoclip_seed1,0,NOOP,0.1935,-0.085312,0.18891,0,23,87.22339893616541,518.8558101654053,49,1.2939864178093112,4057.94140625,34.454398507640605,3,3,2,0.0,0.0,0.1,0.2,0.2,0.05,0.45,50,185.3224969800013,320.817232131958,52,1.2230711716871996,4070.380859375,38.21552438883643,3,4,3,0.0017558035421807781,8.779017710903891e-05,0.1,0.2,0.15,0.1,0.45
491,adaptive_attentive_ppoclip_seed1,0,NOOP,0.193125,-0.086227,0.187359,0,50,185.3224969800013,320.817232131958,52,1.2230711716871996,4070.380859375,38.21552438883643,3,4,3,0.0017558035421807781,8.779017710903891e-05,0.1,0.2,0.15,0.1,0.45,29,103.42692037556354,357.0365905761719,55,1.159312577681108,4080.7802734375,40.905745267277474,3,5,4,0.0,8.779017710903891e-05,0.15,0.2,0.15,0.1,0.4
492,adaptive_attentive_ppoclip_seed1,2,COMPACT_64KB,0.215591,-0.119369,0.182733,0,29,103.42692037556354,357.0365905761719,55,1.159312577681108,4080.7802734375,40.905745267277474,3,5,4,0.0,8.779017710903891e-05,0.15,0.2,0.15,0.1,0.4,30,106.56413583190137,623.3465671539307,48,1.3234071731567383,4065.5068359375,23.61072768074062,3,0,5,0.0,8.779017710903891e-05,0.15,0.2,0.2,0.1,0.35
493,adaptive_attentive_ppoclip_seed1,0,NOOP,0.193625,-0.069271,0.188088,0,30,106.56413583190137,623.3465671539307,48,1.3234071731567383,4065.5068359375,23.61072768074062,3,0,5,0.0,8.779017710903891e-05,0.15,0.2,0.2,0.1,0.35,49,162.73262936522516,340.60072898864746,51,1.2493133544921875,4077.7587890625,29.85158197501655,3,1,6,0.0,8.779017710903891e-05,0.2,0.15,0.2,0.1,0.35
494,adaptive_attentive_ppoclip_seed1,0,NOOP,0.19325,-0.069228,0.189751,0,49,162.73262936522516,340.60072898864746,51,1.2493133544921875,4077.7587890625,29.85158197501655,3,1,6,0.0,8.779017710903891e-05,0.2,0.15,0.2,0.1,0.35,21,79.44488399906918,242.45357513427734,54,1.182727955005787,4087.5078125,33.988659330236366,3,2,7,0.0,8.779017710903891e-05,0.2,0.2,0.2,0.1,0.3
495,adaptive_attentive_ppoclip_seed1,0,NOOP,0.192875,-0.069132,0.189258,0,21,79.44488399906918,242.45357513427734,54,1.182727955005787,4087.5078125,33.988659330236366,3,2,7,0.0,8.779017710903891e-05,0.2,0.2,0.2,0.1,0.3,48,186.3817571821097,252.11548805236816,57,1.12384033203125,4099.76953125,36.79189653951731,3,3,8,0.0,8.779017710903891e-05,0.2,0.2,0.2,0.1,0.3
496,adaptive_attentive_ppoclip_seed1,0,NOOP,0.1925,-0.06909,0.189141,0,48,186.3817571821097,252.11548805236816,57,1.12384033203125,4099.76953125,36.79189653951731,3,3,8,0.0,8.779017710903891e-05,0.2,0.2,0.2,0.1,0.3,21,70.62822117570458,242.95902252197266,60,1.0701985677083334,4109.5625,38.89166584658933,3,4,9,0.0,8.779017710903891e-05,0.2,0.2,0.2,0.1,0.3
497,adaptive_attentive_ppoclip_seed1,3,COMPACT_128KB,-0.12875,-0.09284,0.193872,0,21,70.62822117570458,242.95902252197266,60,1.0701985677083334,4109.5625,38.89166584658933,3,4,9,0.0,8.779017710903891e-05,0.2,0.2,0.2,0.1,0.3,50,164.87134756244728,156.38256072998047,30,2.0976598103841146,4027.5068359375,41.066391782780045,3,0,10,0.0,8.779017710903891e-05,0.2,0.15,0.2,0.1,0.35
498,adaptive_attentive_ppoclip_seed1,0,NOOP,0.195875,-0.037852,0.189067,0,50,164.87134756244728,156.38256072998047,30,2.0976598103841146,4027.5068359375,41.066391782780045,3,0,10,0.0,8.779017710903891e-05,0.2,0.15,0.2,0.1,0.35,34,73.00637011151663,381.65903091430664,33,1.9121329567649148,4038.4248046875,54.61070523154424,3,1,11,0.0,8.779017710903891e-05,0.2,0.1,0.25,0.1,0.35
499,adaptive_attentive_ppoclip_seed1,0,NOOP,0.1955,-0.03786,0.187317,0,34,73.00637011151663,381.65903091430664,33,1.9121329567649148,4038.4248046875,54.61070523154424,3,1,11,0.0,8.779017710903891e-05,0.2,0.1,0.25,0.1,0.35,36,82.21953568910173,454.1468620300293,36,1.7576306660970051,4049.5810546875,61.91143741062753,3,2,12,0.0,8.779017710903891e-05,0.2,0.1,0.3,0.1,0.3
500,adaptive_attentive_ppoclip_seed1,0,NOOP,0.195125,-0.037868,0.192487,1,36,82.21953568910173,454.1468620300293,36,1.7576306660970051,4049.5810546875,61.91143741062753,3,2,12,0.0,8.779017710903891e-05,0.2,0.1,0.3,0.1,0.3,45,90.00446341714638,180.67026138305664,39,1.6272328694661458,4061.5732421875,66.24385486287947,3,3,13,0.0,8.779017710903891e-05,0.15,0.1,0.3,0.1,0.35
