step,policy_name,action,action_name,compact_reward,partition_reward,global_reward,done,rows_ingested,ingestion_rate_rows_per_sec,latency_ms,file_count,block_utilization,total_size_kb,file_size_skew_kb,partition_strategy,steps_since_compact,steps_since_partition_change,partition_pruning_ratio,avg_pruning_ratio,query_hist_time_range,query_hist_region_filter,query_hist_sensor_lookup,query_hist_type_filter,query_hist_full_scan,next_rows_ingested,next_ingestion_rate_rows_per_sec,next_latency_ms,next_file_count,next_block_utilization,next_total_size_kb,next_file_size_skew_kb,next_partition_strategy,next_steps_since_compact,next_steps_since_partition_change,next_partition_pruning_ratio,next_avg_pruning_ratio,next_query_hist_time_range,next_query_hist_region_filter,next_query_hist_sensor_lookup,next_query_hist_type_filter,next_query_hist_full_scan
1,adaptive_attentive_ppoclip_seed1,0,NOOP,0.018076,0.0,0.016386,0,0,0.0,0.0,0,0.0,0.0,0.0,0,0,0,0.0,0.0,0.0,0.0,0.0,0.0,0.0,35,56.188363394742204,85.72602272033691,1,0.09100341796875,5.82421875,0.0,0,1,1,0.0,0.0,1.0,0.0,0.0,0.0,0.0
2,adaptive_attentive_ppoclip_seed1,0,NOOP,0.019284,0.0,0.017963,0,35,56.188363394742204,85.72602272033691,1,0.09100341796875,5.82421875,0.0,0,1,1,0.0,0.0,1.0,0.0,0.0,0.0,0.0,44,165.97749066008092,68.572998046875,2,0.0976715087890625,12.501953125,0.6035266862861743,0,2,2,0.0,0.0,0.5,0.5,0.0,0.0,0.0
3,adaptive_attentive_ppoclip_seed1,0,NOOP,0.018426,0.0,0.017304,0,44,165.97749066008092,68.572998046875,2,0.0976715087890625,12.501953125,0.6035266862861743,0,2,2,0.0,0.0,0.5,0.5,0.0,0.0,0.0,32,63.26563484712432,59.84306335449219,3,0.09400431315104167,18.048828125,0.5893854714599767,0,3,3,0.0,0.0,0.3333333333333333,0.6666666666666666,0.0,0.0,0.0
4,adaptive_attentive_ppoclip_seed1,0,NOOP,0.018823,0.0,0.016698,0,32,63.26563484712432,59.84306335449219,3,0.09400431315104167,18.048828125,0.5893854714599767,0,3,3,0.0,0.0,0.3333333333333333,0.6666666666666666,0.0,0.0,0.0,44,160.7164170785828,111.27233505249023,4,0.09661483764648438,24.7333984375,0.5858649993123246,0,4,4,0.0,0.0,0.5,0.5,0.0,0.0,0.0
5,adaptive_attentive_ppoclip_seed1,0,NOOP,0.019161,0.0,0.017885,0,44,160.7164170785828,111.27233505249023,4,0.09661483764648438,24.7333984375,0.5858649993123246,0,4,4,0.0,0.0,0.5,0.5,0.0,0.0,0.0,48,173.29522317528222,70.07884979248047,5,0.098931884765625,31.658203125,0.6061183668557591,0,5,5,0.0,0.0,0.4,0.6,0.0,0.0,0.0
6,adaptive_attentive_ppoclip_seed1,0,NOOP,0.019205,0.0,0.017115,0,48,173.29522317528222,70.07884979248047,5,0.098931884765625,31.658203125,0.6061183668557591,0,5,5,0.0,0.0,0.4,0.6,0.0,0.0,0.0,44,173.97385339954826,112.00499534606934,6,0.0997772216796875,38.314453125,0.5580909012889946,0,6,6,0.0,0.0,0.5,0.5,0.0,0.0,0.0
7,adaptive_attentive_ppoclip_seed1,0,NOOP,0.018844,0.0,0.016712,0,44,173.97385339954826,112.00499534606934,6,0.0997772216796875,38.314453125,0.5580909012889946,0,6,6,0.0,0.0,0.5,0.5,0.0,0.0,0.0,36,118.24757799706956,115.37408828735352,7,0.09859575544084821,44.1708984375,0.5473360155565465,0,7,7,0.0,0.0,0.5714285714285714,0.42857142857142855,0.0,0.0,0.0
8,adaptive_attentive_ppoclip_seed1,0,NOOP,0.018657,0.0,0.017311,0,36,118.24757799706956,115.37408828735352,7,0.09859575544084821,44.1708984375,0.5473360155565465,0,7,7,0.0,0.0,0.5714285714285714,0.42857142857142855,0.0,0.0,0.0,39,144.4167818066725,77.27885246276855,8,0.09828376770019531,50.3212890625,0.5098720996824835,0,8,8,0.0,0.0,0.5,0.5,0.0,0.0,0.0
9,adaptive_attentive_ppoclip_seed1,0,NOOP,0.018276,0.0,0.01583,0,39,144.4167818066725,77.27885246276855,8,0.09828376770019531,50.3212890625,0.5098720996824835,0,8,8,0.0,0.0,0.5,0.5,0.0,0.0,0.0,32,110.82958280072798,133.55469703674316,9,0.09700690375434028,55.8759765625,0.5362608956764198,0,9,9,0.0,0.0,0.5555555555555556,0.4444444444444444,0.0,0.0,0.0
10,adaptive_attentive_ppoclip_seed1,0,NOOP,0.018316,0.0,0.015971,0,32,110.82958280072798,133.55469703674316,9,0.09700690375434028,55.8759765625,0.5362608956764198,0,9,9,0.0,0.0,0.5555555555555556,0.4444444444444444,0.0,0.0,0.0,45,161.44081018201723,129.75645065307617,10,0.09783172607421875,62.6123046875,0.5324371139175295,0,10,10,0.0,0.0,0.6,0.4,0.0,0.0,0.0
11,adaptive_attentive_ppoclip_seed1,0,NOOP,0.018216,0.0,0.015701,0,45,161.44081018201723,129.75645065307617,10,0.09783172607421875,62.6123046875,0.5324371139175295,0,10,10,0.0,0.0,0.6,0.4,0.0,0.0,0.0,41,139.61376600391318,139.48583602905273,11,0.09795587713068182,68.9609375,0.5058011686633749,0,11,11,0.0,0.0,0.5454545454545454,0.36363636363636365,0.09090909090909091,0.0,0.0
12,adaptive_attentive_ppoclip_seed1,0,NOOP,0.01791,0.0,0.015458,0,41,139.61376600391318,139.48583602905273,11,0.09795587713068182,68.9609375,0.5058011686633749,0,11,11,0.0,0.0,0.5454545454545454,0.36363636363636365,0.09090909090909091,0.0,0.0,32,116.49135500087226,137.5870704650879,12,0.09704971313476562,74.5341796875,0.5224341580926336,0,12,12,0.0,0.0,0.5833333333333334,0.3333333333333333,0.08333333333333333,0.0,0.0
13,adaptive_attentive_ppoclip_seed1,0,NOOP,0.017651,0.0,0.015192,0,32,116.49135500087226,137.5870704650879,12,0.09704971313476562,74.5341796875,0.5224341580926336,0,12,12,0.0,0.0,0.5833333333333334,0.3333333333333333,0.08333333333333333,0.0,0.0,33,130.952580175465,139.21737670898438,13,0.09638155423677884,80.189453125,0.5234161851457833,0,13,13,0.0,0.0,0.6153846153846154,0.3076923076923077,0.07692307692307693,0.0,0.0
14,adaptive_attentive_ppoclip_seed1,0,NOOP,0.017551,0.0,0.014534,0,33,130.952580175465,139.21737670898438,13,0.09638155423677884,80.189453125,0.5234161851457833,0,13,13,0.0,0.0,0.6153846153846154,0.3076923076923077,0.07692307692307693,0.0,0.0,40,150.25175375042429,168.31135749816895,14,0.09650312151227679,86.466796875,0.5037239070404143,0,14,14,0.0,0.0,0.5714285714285714,0.2857142857142857,0.14285714285714285,0.0,0.0
15,adaptive_attentive_ppoclip_seed1,0,NOOP,0.01732,0.0,0.01373,0,40,150.25175375042429,168.31135749816895,14,0.09650312151227679,86.466796875,0.5037239070404143,0,14,14,0.0,0.0,0.5714285714285714,0.2857142857142857,0.14285714285714285,0.0,0.0,33,119.73566324676898,198.2553005218506,15,0.0959747314453125,92.1357421875,0.5027598371736355,0,15,15,0.0,0.0,0.5333333333333333,0.26666666666666666,0.13333333333333333,0.06666666666666667,0.0
16,adaptive_attentive_ppoclip_seed1,0,NOOP,0.01733,0.0,0.015358,0,33,119.73566324676898,198.2553005218506,15,0.0959747314453125,92.1357421875,0.5027598371736355,0,15,15,0.0,0.0,0.5333333333333333,0.26666666666666666,0.13333333333333333,0.06666666666666667,0.0,47,133.3631144624202,118.60156059265137,16,0.0966482162475586,98.9677734375,0.5154049143560238,0,16,16,0.0,0.0,0.5,0.3125,0.125,0.0625,0.0
17,adaptive_attentive_ppoclip_seed1,0,NOOP,0.017189,0.0,0.014114,0,47,133.3631144624202,118.60156059265137,16,0.0966482162475586,98.9677734375,0.5154049143560238,0,16,16,0.0,0.0,0.5,0.3125,0.125,0.0625,0.0,38,130.2139372702741,174.98469352722168,17,0.09657018324908088,105.068359375,0.49946329819744123,0,17,17,0.0,0.0,0.5294117647058824,0.29411764705882354,0.11764705882352941,0.058823529411764705,0.0
18,adaptive_attentive_ppoclip_seed1,1,COMPACT_32KB,0.424872,-0.045,0.053977,0,38,130.2139372702741,174.98469352722168,17,0.09657018324908088,105.068359375,0.49946329819744123,0,17,17,0.0,0.0,0.5294117647058824,0.29411764705882354,0.11764705882352941,0.058823529411764705,0.0,50,173.01649766399282,140.63072204589844,4,0.28594970703125,73.203125,3.9170922934130052,0,0,18,0.0,0.0,0.5555555555555556,0.2777777777777778,0.1111111111111111,0.05555555555555555,0.0
19,adaptive_attentive_ppoclip_seed1,0,NOOP,0.04925,0.0,0.047691,0,50,173.01649766399282,140.63072204589844,4,0.28594970703125,73.203125,3.9170922934130052,0,0,18,0.0,0.0,0.5555555555555556,0.2777777777777778,0.1111111111111111,0.05555555555555555,0.0,44,154.7046777890108,84.228515625,5,0.24937744140625,79.80078125,6.237013386185866,0,1,19,0.0,0.0,0.5263157894736842,0.2631578947368421,0.10526315789473684,0.10526315789473684,0.0
20,adaptive_attentive_ppoclip_seed1,0,NOOP,0.04446,0.0,0.042292,0,44,154.7046777890108,84.228515625,5,0.24937744140625,79.80078125,6.237013386185866,0,1,19,0.0,0.0,0.5263157894736842,0.2631578947368421,0.10526315789473684,0.10526315789473684,0.0,48,179.73775145900458,115.88263511657715,6,0.22604878743489584,86.802734375,6.670469947589597,0,2,20,0.0,0.0,0.5,0.25,0.15,0.1,0.0
21,adaptive_attentive_ppoclip_seed1,5,PARTITION_REGION,-0.140788,-0.1,0.038674,0,48,179.73775145900458,115.88263511657715,6,0.22604878743489584,86.802734375,6.670469947589597,0,2,20,0.0,0.0,0.5,0.25,0.15,0.1,0.0,49,183.88433017436367,126.59001350402832,7,0.20952715192522323,93.8681640625,6.701174836497537,2,3,0,0.0,0.0,0.5,0.25,0.15,0.1,0.0
22,adaptive_attentive_ppoclip_seed1,0,NOOP,0.031577,-0.081939,0.029096,0,49,183.88433017436367,126.59001350402832,7,0.20952715192522323,93.8681640625,6.701174836497537,2,3,0,0.0,0.0,0.5,0.25,0.15,0.1,0.0,36,100.51333011147368,136.5516185760498,10,0.1641357421875,105.046875,7.205208143912866,2,4,1,0.0,0.0,0.55,0.2,0.15,0.1,0.0
23,adaptive_attentive_ppoclip_seed1,0,NOOP,0.026186,-0.07833,0.023605,0,36,100.51333011147368,136.5516185760498,10,0.1641357421875,105.046875,7.205208143912866,2,4,1,0.0,0.0,0.55,0.2,0.15,0.1,0.0,30,98.10044158371379,145.30587196350098,13,0.13905451847956732,115.693359375,6.945855781599052,2,5,2,0.0,0.0,0.6,0.15,0.15,0.1,0.0
24,adaptive_attentive_ppoclip_seed1,0,NOOP,0.022896,-0.07365,0.020271,0,30,98.10044158371379,145.30587196350098,13,0.13905451847956732,115.693359375,6.945855781599052,2,5,2,0.0,0.0,0.6,0.15,0.15,0.1,0.0,42,100.975396525604,151.22175216674805,16,0.12447929382324219,127.466796875,6.529389037496349,2,6,3,0.0,0.0,0.6,0.15,0.15,0.1,0.0
25,adaptive_attentive_ppoclip_seed1,0,NOOP,0.020576,-0.068987,0.017835,0,42,100.975396525604,151.22175216674805,16,0.12447929382324219,127.466796875,6.529389037496349,2,6,3,0.0,0.0,0.6,0.15,0.15,0.1,0.0,46,138.8151905437189,160.84599494934082,19,0.11475733706825658,139.544921875,6.144848130066729,2,7,4,0.0,0.0,0.65,0.1,0.15,0.1,0.0
26,adaptive_attentive_ppoclip_seed1,1,COMPACT_32KB,0.423311,-0.062363,0.053975,0,46,138.8151905437189,160.84599494934082,19,0.11475733706825658,139.544921875,6.144848130066729,2,7,4,0.0,0.0,0.65,0.1,0.15,0.1,0.0,36,107.95500913716036,65.20557403564453,6,0.2793935139973958,107.287109375,12.53976987433914,2,0,5,0.0,0.0,0.6,0.1,0.15,0.1,0.05
27,adaptive_attentive_ppoclip_seed1,0,NOOP,0.040365,0.359482,0.240421,0,36,107.95500913716036,65.20557403564453,6,0.2793935139973958,107.287109375,12.53976987433914,2,0,5,0.0,0.0,0.6,0.1,0.15,0.1,0.05,47,117.29742910201539,58.446645736694336,9,0.2074517144097222,119.4921875,12.087430984859342,2,1,6,0.67,0.0335,0.55,0.15,0.15,0.1,0.05
28,adaptive_attentive_ppoclip_seed1,0,NOOP,0.032506,-0.017557,0.029939,0,47,117.29742910201539,58.446645736694336,9,0.2074517144097222,119.4921875,12.087430984859342,2,1,6,0.67,0.0335,0.55,0.15,0.15,0.1,0.05,36,97.13671517660818,143.3863639831543,12,0.1700312296549479,130.583984375,11.187160774178116,2,2,7,0.0,0.0335,0.6,0.1,0.15,0.1,0.05
29,adaptive_attentive_ppoclip_seed1,0,NOOP,0.027726,-0.017762,0.026335,0,36,97.13671517660818,143.3863639831543,12,0.1700312296549479,130.583984375,11.187160774178116,2,2,7,0.0,0.0335,0.6,0.1,0.15,0.1,0.05,39,184.25577623184228,88.32311630249023,15,0.1480072021484375,142.0869140625,10.34009167052144,2,3,8,0.0,0.0335,0.55,0.1,0.15,0.1,0.1
30,adaptive_attentive_ppoclip_seed1,0,NOOP,0.024447,-0.018366,0.021349,0,39,184.25577623184228,88.32311630249023,15,0.1480072021484375,142.0869140625,10.34009167052144,2,3,8,0.0,0.0335,0.55,0.1,0.15,0.1,0.1,42,217.22524566593378,177.4308681488037,18,0.1334864298502604,153.7763671875,9.63165970343091,2,4,9,0.0,0.0335,0.5,0.1,0.2,0.1,0.1
31,adaptive_attentive_ppoclip_seed1,2,COMPACT_64KB,0.114008,-0.067972,0.090845,0,42,217.22524566593378,177.4308681488037,18,0.1334864298502604,153.7763671875,9.63165970343091,2,4,9,0.0,0.0335,0.5,0.1,0.2,0.1,0.1,42,212.15728185506742,83.5728645324707,4,0.4645843505859375,118.93359375,9.177044063372959,2,0,10,0.0,0.0335,0.5,0.1,0.2,0.1,0.1
32,adaptive_attentive_ppoclip_seed1,0,NOOP,0.057095,0.358866,0.257147,0,42,212.15728185506742,83.5728645324707,4,0.4645843505859375,118.93359375,9.177044063372959,2,0,10,0.0,0.0335,0.5,0.1,0.2,0.1,0.1,33,181.26651850551937,56.17356300354004,7,0.28985159737723215,129.853515625,15.386743601151519,2,1,11,0.67,0.067,0.45,0.15,0.2,0.1,0.1
33,adaptive_attentive_ppoclip_seed1,0,NOOP,0.04312,0.358745,0.243158,0,33,181.26651850551937,56.17356300354004,7,0.28985159737723215,129.853515625,15.386743601151519,2,1,11,0.67,0.067,0.45,0.15,0.2,0.1,0.1,46,219.48739930765302,60.62746047973633,10,0.22185211181640624,141.9853515625,14.39022659116583,2,2,12,0.67,0.1005,0.4,0.2,0.2,0.1,0.1
34,adaptive_attentive_ppoclip_seed1,0,NOOP,0.035056,-0.018084,0.032422,0,46,219.48739930765302,60.62746047973633,10,0.22185211181640624,141.9853515625,14.39022659116583,2,2,12,0.67,0.1005,0.4,0.2,0.2,0.1,0.1,30,126.49994923077078,147.92609214782715,13,0.18340477576622596,152.5927734375,13.311436054167975,2,3,13,0.0,0.1005,0.45,0.2,0.15,0.1,0.1
35,adaptive_attentive_ppoclip_seed1,0,NOOP,0.029914,-0.017821,0.027254,0,30,126.49994923077078,147.92609214782715,13,0.18340477576622596,152.5927734375,13.311436054167975,2,3,13,0.0,0.1005,0.45,0.2,0.15,0.1,0.1,32,156.01506009041168,153.00965309143066,16,0.15956974029541016,163.3994140625,12.349734732929617,2,4,14,0.0,0.1005,0.5,0.2,0.15,0.05,0.1
36,adaptive_attentive_ppoclip_seed1,0,NOOP,0.026323,-0.018322,0.022727,0,32,156.01506009041168,153.00965309143066,16,0.15956974029541016,163.3994140625,12.349734732929617,2,4,14,0.0,0.1005,0.5,0.2,0.15,0.05,0.1,35,199.9897008477728,203.56512069702148,19,0.14349043996710525,174.484375,11.539833564012369,2,5,15,0.0,0.1005,0.5,0.15,0.2,0.05,0.1
37,adaptive_attentive_ppoclip_seed1,1,COMPACT_32KB,0.432215,-0.063512,0.061711,0,35,199.9897008477728,203.56512069702148,19,0.14349043996710525,174.484375,11.539833564012369,2,5,15,0.0,0.1005,0.5,0.15,0.2,0.05,0.1,32,134.20699144068473,124.84169006347656,7,0.32454136439732145,145.39453125,13.676592859588116,2,0,16,0.0,0.1005,0.5,0.15,0.2,0.05,0.1
38,adaptive_attentive_ppoclip_seed1,0,NOOP,0.047725,0.358394,0.247791,0,32,134.20699144068473,124.84169006347656,7,0.32454136439732145,145.39453125,13.676592859588116,2,0,16,0.0,0.1005,0.5,0.15,0.2,0.05,0.1,37,188.5675986342483,59.19051170349121,10,0.244873046875,156.71875,13.862103774295226,2,1,17,0.67,0.134,0.45,0.2,0.2,0.05,0.1
39,adaptive_attentive_ppoclip_seed1,0,NOOP,0.038628,-0.018426,0.036134,0,37,188.5675986342483,59.19051170349121,10,0.244873046875,156.71875,13.862103774295226,2,1,17,0.67,0.134,0.45,0.2,0.2,0.05,0.1,31,162.5965543243517,140.93446731567383,13,0.2012657752403846,167.453125,13.125924249508317,2,2,18,0.0,0.134,0.5,0.2,0.2,0.0,0.1
40,adaptive_attentive_ppoclip_seed1,0,NOOP,0.032962,-0.018549,0.031576,0,31,162.5965543243517,140.93446731567383,13,0.2012657752403846,167.453125,13.125924249508317,2,2,18,0.0,0.134,0.5,0.2,0.2,0.0,0.1,40,185.95605920546566,89.30182456970215,16,0.17481040954589844,179.005859375,12.294844586829116,2,3,19,0.0,0.134,0.5,0.2,0.15,0.0,0.15
41,adaptive_attentive_ppoclip_seed1,0,NOOP,0.028892,-0.018947,0.02596,0,40,185.95605920546566,89.30182456970215,16,0.17481040954589844,179.005859375,12.294844586829116,2,3,19,0.0,0.134,0.5,0.2,0.15,0.0,0.15,35,153.23145782186816,170.36771774291992,19,0.15633512798108554,190.103515625,11.57373272131508,2,4,20,0.0,0.134,0.5,0.2,0.15,0.0,0.15
42,adaptive_attentive_ppoclip_seed1,4,PARTITION_HOUR,-0.156015,-0.118908,0.02294,0,35,153.23145782186816,170.36771774291992,19,0.15633512798108554,190.103515625,11.57373272131508,2,4,20,0.0,0.134,0.5,0.2,0.15,0.0,0.15,33,143.8094897700495,170.6557273864746,22,0.14276608553799716,201.0146484375,10.946869979101033,1,5,0,0.0,0.134,0.45,0.2,0.15,0.05,0.15
43,adaptive_attentive_ppoclip_seed1,1,COMPACT_32KB,0.440262,-0.067921,0.070662,0,33,143.8094897700495,170.6557273864746,22,0.14276608553799716,201.0146484375,10.946869979101033,1,5,0,0.0,0.134,0.45,0.2,0.15,0.05,0.15,38,165.04338479476695,79.6821117401123,7,0.364776611328125,163.419921875,17.384931081760136,1,0,1,0.0,0.134,0.4,0.2,0.15,0.1,0.15
44,adaptive_attentive_ppoclip_seed1,0,NOOP,0.058858,0.493648,0.332218,0,38,165.04338479476695,79.6821117401123,7,0.364776611328125,163.419921875,17.384931081760136,1,0,1,0.0,0.134,0.4,0.2,0.15,0.1,0.15,46,209.54915507168775,143.2332992553711,9,0.2999131944444444,172.75,17.185963076067363,1,1,2,0.92,0.18,0.4,0.2,0.15,0.1,0.15
45,adaptive_attentive_ppoclip_seed1,0,NOOP,0.050206,0.492653,0.323673,0,46,209.54915507168775,143.2332992553711,9,0.2999131944444444,172.75,17.185963076067363,1,1,2,0.92,0.18,0.4,0.2,0.15,0.1,0.15,39,175.8557529601734,140.3961181640625,11,0.257904052734375,181.564453125,16.511685487466867,1,2,3,0.92,0.22600000000000003,0.4,0.2,0.15,0.1,0.15
46,adaptive_attentive_ppoclip_seed1,0,NOOP,0.044091,-0.025687,0.042484,0,39,175.8557529601734,140.3961181640625,11,0.257904052734375,181.564453125,16.511685487466867,1,2,3,0.92,0.22600000000000003,0.4,0.2,0.15,0.1,0.15,38,211.2344201851739,96.58575057983398,13,0.2285790076622596,190.177734375,15.765770559435566,1,3,4,0.0,0.22600000000000003,0.4,0.25,0.15,0.1,0.1
47,adaptive_attentive_ppoclip_seed1,0,NOOP,0.039423,0.483023,0.312825,0,38,211.2344201851739,96.58575057983398,13,0.2285790076622596,190.177734375,15.765770559435566,1,3,4,0.0,0.22600000000000003,0.4,0.25,0.15,0.1,0.1,31,139.0931306790587,148.61369132995605,15,0.206488037109375,198.228515625,15.069207380075168,1,4,5,0.92,0.23850000000000002,0.45,0.2,0.15,0.1,0.1
48,adaptive_attentive_ppoclip_seed1,0,NOOP,0.03598,0.490658,0.309161,0,31,139.0931306790587,148.61369132995605,15,0.206488037109375,198.228515625,15.069207380075168,1,4,5,0.92,0.23850000000000002,0.45,0.2,0.15,0.1,0.1,41,193.3161008632348,162.19568252563477,17,0.19052572811351104,207.2919921875,14.396095241699149,1,5,6,0.92,0.28450000000000003,0.45,0.2,0.15,0.1,0.1
49,adaptive_attentive_ppoclip_seed1,0,NOOP,0.033275,0.393743,0.254766,0,41,193.3161008632348,162.19568252563477,17,0.19052572811351104,207.2919921875,14.396095241699149,1,5,6,0.92,0.28450000000000003,0.45,0.2,0.15,0.1,0.1,48,252.05775153618487,199.16009902954102,19,0.17824835526315788,216.75,13.792218803473597,1,6,7,0.75,0.322,0.45,0.2,0.2,0.1,0.05
50,adaptive_attentive_ppoclip_seed1,3,COMPACT_128KB,-0.18505,-0.090356,0.138813,0,48,252.05775153618487,199.16009902954102,19,0.17824835526315788,216.75,13.792218803473597,1,6,7,0.75,0.322,0.45,0.2,0.2,0.1,0.05,38,190.05614270229535,61.80167198181152,4,0.7022476196289062,179.775390625,34.47273589185353,1,0,8,0.0,0.322,0.45,0.25,0.15,0.1,0.05
51,adaptive_attentive_ppoclip_seed1,0,NOOP,0.098211,0.482199,0.371988,0,38,190.05614270229535,61.80167198181152,4,0.7022476196289062,179.775390625,34.47273589185353,1,0,8,0.0,0.322,0.45,0.25,0.15,0.1,0.05,54,246.49552810578442,118.65448951721191,6,0.49480438232421875,190.0048828125,33.72162876090506,1,1,9,0.92,0.368,0.5,0.25,0.1,0.1,0.05
52,adaptive_attentive_ppoclip_seed1,0,NOOP,0.078761,0.473655,0.352549,0,54,246.49552810578442,118.65448951721191,6,0.49480438232421875,190.0048828125,33.72162876090506,1,1,9,0.92,0.368,0.5,0.25,0.1,0.1,0.05,99,456.9697746053861,120.60761451721191,8,0.3988037109375,204.1875,30.74110468246974,1,2,10,0.92,0.3805,0.55,0.2,0.1,0.1,0.05
53,adaptive_attentive_ppoclip_seed1,0,NOOP,0.065966,-0.044129,0.06471,0,99,456.9697746053861,120.60761451721191,8,0.3988037109375,204.1875,30.74110468246974,1,2,10,0.92,0.3805,0.55,0.2,0.1,0.1,0.05,63,350.8093139838536,75.3021240234375,10,0.33608245849609375,215.0927734375,28.42786399130038,1,3,11,0.0,0.347,0.55,0.15,0.1,0.1,0.1
54,adaptive_attentive_ppoclip_seed1,0,NOOP,0.058112,-0.035859,0.056154,0,63,350.8093139838536,75.3021240234375,10,0.33608245849609375,215.0927734375,28.42786399130038,1,3,11,0.0,0.347,0.55,0.15,0.1,0.1,0.1,94,507.9354504579946,112.88833618164062,12,0.2980600992838542,228.91015625,26.370462050497917,1,4,12,0.0,0.347,0.5,0.15,0.1,0.15,0.1
55,adaptive_attentive_ppoclip_seed1,0,NOOP,0.051561,0.481545,0.324911,0,94,507.9354504579946,112.88833618164062,12,0.2980600992838542,228.91015625,26.370462050497917,1,4,12,0.0,0.347,0.5,0.15,0.1,0.15,0.1,51,239.89357676758047,149.9941349029541,14,0.2665557861328125,238.833984375,24.80347606859197,1,5,13,0.92,0.39299999999999996,0.5,0.15,0.1,0.15,0.1
56,adaptive_attentive_ppoclip_seed1,0,NOOP,0.046642,0.48152,0.320034,0,51,239.89357676758047,149.9941349029541,14,0.2665557861328125,238.833984375,24.80347606859197,1,5,13,0.92,0.39299999999999996,0.5,0.15,0.1,0.15,0.1,54,251.509290609006,150.390625,16,0.2432079315185547,249.044921875,23.458192625578018,1,6,14,0.92,0.43900000000000006,0.55,0.15,0.05,0.15,0.1
57,adaptive_attentive_ppoclip_seed1,0,NOOP,0.043311,0.481245,0.31651,0,54,251.509290609006,150.390625,16,0.2432079315185547,249.044921875,23.458192625578018,1,6,14,0.92,0.43900000000000006,0.55,0.15,0.05,0.15,0.1,91,425.0930126364606,162.57572174072266,18,0.2278052435980903,262.431640625,22.253965591004075,1,7,15,0.92,0.485,0.55,0.15,0.05,0.15,0.1
58,adaptive_attentive_ppoclip_seed1,1,COMPACT_32KB,0.107905,-0.089719,0.120729,0,91,425.0930126364606,162.57572174072266,18,0.2278052435980903,262.431640625,22.253965591004075,1,7,15,0.92,0.485,0.55,0.15,0.05,0.15,0.1,82,379.33848554868666,82.21840858459473,6,0.6148656209309896,236.1083984375,28.293054368748344,1,0,16,0.0,0.45149999999999996,0.55,0.1,0.05,0.2,0.1
59,adaptive_attentive_ppoclip_seed1,0,NOOP,0.096734,-0.036629,0.095408,0,82,379.33848554868666,82.21840858459473,6,0.6148656209309896,236.1083984375,28.293054368748344,1,0,16,0.0,0.45149999999999996,0.55,0.1,0.05,0.2,0.1,99,430.59543517260687,76.30085945129395,8,0.48867225646972656,250.2001953125,28.279256103067098,1,1,17,0.0,0.45150000000000007,0.5,0.1,0.05,0.2,0.15
60,adaptive_attentive_ppoclip_seed1,0,NOOP,0.080504,0.480757,0.354044,0,99,430.59543517260687,76.30085945129395,8,0.48867225646972656,250.2001953125,28.279256103067098,1,1,17,0.0,0.45150000000000007,0.5,0.1,0.05,0.2,0.15,68,333.24337252546826,135.47849655151367,10,0.4087677001953125,261.611328125,27.196911586159402,1,2,18,0.92,0.49750000000000005,0.55,0.1,0.05,0.2,0.1
61,adaptive_attentive_ppoclip_seed1,0,NOOP,0.070125,0.38517,0.292347,0,68,333.24337252546826,135.47849655151367,10,0.4087677001953125,261.611328125,27.196911586159402,1,2,18,0.92,0.49750000000000005,0.55,0.1,0.05,0.2,0.1,90,421.67794343852734,153.8996696472168,12,0.3581250508626302,275.0400390625,25.767237895662312,1,3,19,0.75,0.5349999999999999,0.5,0.1,0.1,0.2,0.1
62,adaptive_attentive_ppoclip_seed1,0,NOOP,0.062422,0.480734,0.335597,0,90,421.67794343852734,153.8996696472168,12,0.3581250508626302,275.0400390625,25.767237895662312,1,3,19,0.75,0.5349999999999999,0.5,0.1,0.1,0.2,0.1,81,463.77913681635505,158.76483917236328,14,0.32085963657924105,287.490234375,24.489570070973986,1,4,20,0.92,0.581,0.55,0.1,0.1,0.15,0.1
63,adaptive_attentive_ppoclip_seed1,0,NOOP,0.056734,-0.036754,0.055311,0,81,463.77913681635505,158.76483917236328,14,0.32085963657924105,287.490234375,24.489570070973986,1,4,20,0.92,0.581,0.55,0.1,0.1,0.15,0.1,88,478.5293140710912,91.14813804626465,16,0.293670654296875,300.71875,23.31190985784075,1,5,21,0.0,0.5810000000000001,0.55,0.1,0.1,0.1,0.15
64,adaptive_attentive_ppoclip_seed1,0,NOOP,0.051913,-0.048312,0.049869,0,88,478.5293140710912,91.14813804626465,16,0.293670654296875,300.71875,23.31190985784075,1,5,21,0.0,0.5810000000000001,0.55,0.1,0.1,0.1,0.15,66,298.7122004909763,124.71938133239746,18,0.2708163791232639,311.98046875,22.32207438483088,1,6,22,0.0,0.535,0.5,0.1,0.1,0.15,0.15
65,adaptive_attentive_ppoclip_seed1,0,NOOP,0.048463,0.373342,0.27014,0,66,298.7122004909763,124.71938133239746,18,0.2708163791232639,311.98046875,22.32207438483088,1,6,22,0.0,0.535,0.5,0.1,0.1,0.15,0.15,98,450.97667886703357,191.1153793334961,20,0.25481338500976564,326.1611328125,21.386473782963325,1,7,23,0.75,0.5265,0.45,0.1,0.15,0.15,0.15
66,adaptive_attentive_ppoclip_seed1,3,COMPACT_128KB,0.167,0.425228,0.473646,0,98,450.97667886703357,191.1153793334961,20,0.25481338500976564,326.1611328125,21.386473782963325,1,7,23,0.75,0.5265,0.45,0.1,0.15,0.15,0.15,98,441.09017821021445,97.68867492675781,4,1.1287193298339844,288.9521484375,26.202877938992525,1,0,24,0.92,0.5725,0.5,0.05,0.15,0.15,0.15
67,adaptive_attentive_ppoclip_seed1,0,NOOP,0.155001,0.468645,0.428812,0,98,441.09017821021445,97.68867492675781,4,1.1287193298339844,288.9521484375,26.202877938992525,1,0,24,0.92,0.5725,0.5,0.05,0.15,0.15,0.15,53,259.0189727474305,116.93859100341797,6,0.7787526448567709,299.041015625,40.22034159497099,1,1,25,0.92,0.5725,0.5,0.05,0.15,0.15,0.15
68,adaptive_attentive_ppoclip_seed1,0,NOOP,0.120365,0.468437,0.394094,0,53,259.0189727474305,116.93859100341797,6,0.7787526448567709,299.041015625,40.22034159497099,1,1,25,0.92,0.5725,0.5,0.05,0.15,0.15,0.15,71,376.9402126997066,123.5055923461914,8,0.6068229675292969,310.693359375,39.66642865332429,1,2,26,0.92,0.5725,0.5,0.05,0.15,0.15,0.15
69,adaptive_attentive_ppoclip_seed1,0,NOOP,0.099247,0.47042,0.371846,0,71,376.9402126997066,123.5055923461914,8,0.6068229675292969,310.693359375,39.66642865332429,1,2,26,0.92,0.5725,0.5,0.05,0.15,0.15,0.15,63,240.53958408243707,182.57498741149902,10,0.5024856567382813,321.5908203125,37.728930424175836,1,3,27,0.92,0.581,0.55,0.05,0.1,0.15,0.15
70,adaptive_attentive_ppoclip_seed1,0,NOOP,0.085048,0.384005,0.307282,0,63,240.53958408243707,182.57498741149902,10,0.5024856567382813,321.5908203125,37.728930424175836,1,3,27,0.92,0.581,0.55,0.05,0.1,0.15,0.15,63,292.95255284686243,153.3346176147461,12,0.43274180094401044,332.345703125,35.70272354943433,1,4,28,0.75,0.6184999999999999,0.55,0.0,0.15,0.15,0.15
71,adaptive_attentive_ppoclip_seed1,0,NOOP,0.075517,-0.049437,0.073606,0,63,292.95255284686243,153.3346176147461,12,0.43274180094401044,332.345703125,35.70272354943433,1,4,28,0.75,0.6184999999999999,0.55,0.0,0.15,0.15,0.15,94,427.1972088285965,113.07358741760254,14,0.38633619035993305,346.1572265625,33.725898830550356,1,5,29,0.0,0.5725,0.5,0.0,0.15,0.2,0.15
72,adaptive_attentive_ppoclip_seed1,0,NOOP,0.068249,0.467951,0.34135,0,94,427.1972088285965,113.07358741760254,14,0.38633619035993305,346.1572265625,33.725898830550356,1,5,29,0.0,0.5725,0.5,0.0,0.15,0.2,0.15,92,467.29796551055995,164.9634838104248,16,0.35124683380126953,359.6767578125,32.01626746173958,1,6,30,0.92,0.5725,0.5,0.0,0.15,0.2,0.15
73,adaptive_attentive_ppoclip_seed1,0,NOOP,0.062624,0.479359,0.335746,0,92,467.29796551055995,164.9634838104248,16,0.35124683380126953,359.6767578125,32.01626746173958,1,6,30,0.92,0.5725,0.5,0.0,0.15,0.2,0.15,96,419.225590831146,166.41688346862793,18,0.32437218560112846,373.6767578125,30.51328353508677,1,7,31,0.92,0.6184999999999999,0.55,0.0,0.15,0.2,0.1
74,adaptive_attentive_ppoclip_seed1,0,NOOP,0.057742,0.479338,0.330241,0,96,419.225590831146,166.41688346862793,18,0.32437218560112846,373.6767578125,30.51328353508677,1,7,31,0.92,0.6184999999999999,0.55,0.0,0.15,0.2,0.1,74,368.07411325229765,200.028657913208,20,0.30121002197265623,385.548828125,29.233062380557765,1,8,32,0.92,0.6645,0.6,0.0,0.15,0.15,0.1
75,adaptive_attentive_ppoclip_seed1,1,COMPACT_32KB,0.110767,0.422666,0.398653,0,74,368.07411325229765,200.028657913208,20,0.30121002197265623,385.548828125,29.233062380557765,1,8,32,0.92,0.6645,0.6,0.0,0.15,0.15,0.1,91,461.754514329958,132.87591934204102,9,0.6310526529947916,363.486328125,31.137652537134205,1,0,33,0.92,0.6645,0.6,0.0,0.15,0.15,0.1
76,adaptive_attentive_ppoclip_seed1,0,NOOP,0.10474,0.467538,0.378146,0,91,461.754514329958,132.87591934204102,9,0.6310526529947916,363.486328125,31.137652537134205,1,0,33,0.92,0.6645,0.6,0.0,0.15,0.15,0.1,52,270.1916183836109,143.42594146728516,11,0.5305744517933239,373.5244140625,31.32641704392836,1,1,34,0.92,0.6645,0.6,0.0,0.15,0.15,0.1
77,adaptive_attentive_ppoclip_seed1,0,NOOP,0.097661,0.467392,0.369796,0,52,270.1916183836109,143.42594146728516,11,0.5305744517933239,373.5244140625,31.32641704392836,1,1,34,0.92,0.6645,0.6,0.0,0.15,0.15,0.1,51,228.77581394154979,208.26387405395508,12,0.4958051045735677,380.7783203125,30.84722838180684,1,2,35,0.92,0.6645,0.6,0.0,0.15,0.15,0.1
78,adaptive_attentive_ppoclip_seed1,0,NOOP,0.085641,0.478845,0.358904,0,51,228.77581394154979,208.26387405395508,12,0.4958051045735677,380.7783203125,30.84722838180684,1,2,35,0.92,0.6645,0.6,0.0,0.15,0.15,0.1,61,277.4236173684867,154.35433387756348,14,0.4369561331612723,391.5126953125,29.960938365809522,1,3,36,0.92,0.7104999999999999,0.65,0.0,0.15,0.1,0.1
79,adaptive_attentive_ppoclip_seed1,0,NOOP,0.076958,0.478784,0.350292,0,61,277.4236173684867,154.35433387756348,14,0.4369561331612723,391.5126953125,29.960938365809522,1,3,36,0.92,0.7104999999999999,0.65,0.0,0.15,0.1,0.1,84,384.663672958694,153.27215194702148,16,0.3947896957397461,404.2646484375,28.872254647029337,1,4,37,0.92,0.7565,0.7,0.0,0.15,0.1,0.05
80,adaptive_attentive_ppoclip_seed1,0,NOOP,0.070105,0.467137,0.343074,0,84,384.663672958694,153.27215194702148,16,0.3947896957397461,404.2646484375,28.872254647029337,1,4,37,0.92,0.7565,0.7,0.0,0.15,0.1,0.05,82,454.0668400554492,174.03507232666016,18,0.36177486843532985,416.7646484375,27.833128991036986,1,5,38,0.92,0.7565,0.7,0.0,0.15,0.1,0.05
81,adaptive_attentive_ppoclip_seed1,0,NOOP,0.064796,0.469129,0.337866,0,82,454.0668400554492,174.03507232666016,18,0.36177486843532985,416.7646484375,27.833128991036986,1,5,38,0.92,0.7565,0.7,0.0,0.15,0.1,0.05,97,526.4017472220928,171.4928150177002,20,0.33647918701171875,430.693359375,26.82443984873531,1,6,39,0.92,0.765,0.75,0.0,0.1,0.1,0.05
82,adaptive_attentive_ppoclip_seed1,3,COMPACT_128KB,0.166875,-0.105676,0.198298,0,97,526.4017472220928,171.4928150177002,20,0.33647918701171875,430.693359375,26.82443984873531,1,6,39,0.92,0.765,0.75,0.0,0.1,0.1,0.05,100,373.15871886121,60.086727142333984,5,1.2398284912109374,396.7451171875,23.13854929535011,1,0,40,0.0,0.719,0.7,0.0,0.1,0.1,0.1
83,adaptive_attentive_ppoclip_seed1,0,NOOP,0.182053,-0.039359,0.179353,0,100,373.15871886121,60.086727142333984,5,1.2398284912109374,396.7451171875,23.13854929535011,1,0,40,0.0,0.719,0.7,0.0,0.1,0.1,0.1,86,409.9030146967746,143.75877380371094,7,0.9146401541573661,409.7587890625,40.3121354490394,1,1,41,0.0,0.719,0.7,0.0,0.1,0.15,0.05
84,adaptive_attentive_ppoclip_seed1,0,NOOP,0.146002,0.477979,0.419476,0,86,409.9030146967746,143.75877380371094,7,0.9146401541573661,409.7587890625,40.3121354490394,1,1,41,0.0,0.719,0.7,0.0,0.1,0.15,0.05,99,513.1547449711622,137.5594139099121,9,0.7356346978081597,423.7255859375,41.71363161702642,1,2,42,0.92,0.7649999999999999,0.75,0.0,0.1,0.1,0.05
85,adaptive_attentive_ppoclip_seed1,0,NOOP,0.122739,0.372809,0.345378,0,99,513.1547449711622,137.5594139099121,9,0.7356346978081597,423.7255859375,41.71363161702642,1,2,42,0.92,0.7649999999999999,0.75,0.0,0.1,0.1,0.05,86,400.51002690347946,131.75582885742188,11,0.6205680153586648,436.8798828125,40.78460151870448,1,3,43,0.75,0.7649999999999999,0.75,0.0,0.1,0.1,0.05
86,adaptive_attentive_ppoclip_seed1,0,NOOP,0.106331,0.466165,0.379699,0,86,400.51002690347946,131.75582885742188,11,0.6205680153586648,436.8798828125,40.78460151870448,1,3,43,0.75,0.7649999999999999,0.75,0.0,0.1,0.1,0.05,77,361.27983068158045,147.85313606262207,13,0.5397784893329327,449.095703125,39.336452857727366,1,4,44,0.92,0.765,0.75,0.0,0.1,0.1,0.05
87,adaptive_attentive_ppoclip_seed1,0,NOOP,0.094317,0.466053,0.367492,0,77,361.27983068158045,147.85313606262207,13,0.5397784893329327,449.095703125,39.336452857727366,1,4,44,0.92,0.765,0.75,0.0,0.1,0.1,0.05,83,298.6973079876618,159.98578071594238,15,0.48095804850260415,461.7197265625,37.77196619580618,1,5,45,0.92,0.7649999999999999,0.75,0.0,0.1,0.1,0.05
88,adaptive_attentive_ppoclip_seed1,0,NOOP,0.084563,0.46597,0.357345,0,83,298.6973079876618,159.98578071594238,15,0.48095804850260415,461.7197265625,37.77196619580618,1,5,45,0.92,0.7649999999999999,0.75,0.0,0.1,0.1,0.05,51,236.00369821995582,182.14178085327148,17,0.433441162109375,471.583984375,36.368790502897696,1,6,46,0.92,0.7649999999999999,0.75,0.0,0.1,0.1,0.05
89,adaptive_attentive_ppoclip_seed1,0,NOOP,0.077198,0.465852,0.350289,0,51,236.00369821995582,182.14178085327148,17,0.433441162109375,471.583984375,36.368790502897696,1,6,46,0.92,0.7649999999999999,0.75,0.0,0.1,0.1,0.05,79,402.01256933761044,169.2030429840088,19,0.39786569695723684,483.8046875,34.97901722347048,1,7,47,0.92,0.7649999999999999,0.75,0.0,0.1,0.1,0.05
90,adaptive_attentive_ppoclip_seed1,1,COMPACT_32KB,0.511945,-0.094561,0.142027,0,79,402.01256933761044,169.2030429840088,19,0.39786569695723684,483.8046875,34.97901722347048,1,7,47,0.92,0.7649999999999999,0.75,0.0,0.1,0.1,0.05,50,222.54208043193591,99.30968284606934,10,0.7250656127929688,464.0419921875,34.286765159483025,1,0,48,0.0,0.7274999999999999,0.75,0.0,0.05,0.15,0.05
91,adaptive_attentive_ppoclip_seed1,0,NOOP,0.122716,0.47717,0.396107,0,50,222.54208043193591,99.30968284606934,10,0.7250656127929688,464.0419921875,34.286765159483025,1,0,48,0.0,0.7274999999999999,0.75,0.0,0.05,0.15,0.05,86,292.8543311913161,145.45249938964844,12,0.6210784912109375,476.98828125,34.72760858150943,1,1,49,0.92,0.7735000000000001,0.8,0.0,0.05,0.1,0.05
92,adaptive_attentive_ppoclip_seed1,0,NOOP,0.107224,0.465624,0.380557,0,86,292.8543311913161,145.45249938964844,12,0.6210784912109375,476.98828125,34.72760858150943,1,1,49,0.92,0.7735000000000001,0.8,0.0,0.05,0.1,0.05,66,345.0006842084929,150.84147453308105,14,0.5448684692382812,488.2021484375,34.28159310383378,1,2,50,0.92,0.7735000000000001,0.8,0.0,0.05,0.1,0.05
93,adaptive_attentive_ppoclip_seed1,0,NOOP,0.096,-0.05201,0.094526,0,66,345.0006842084929,150.84147453308105,14,0.5448684692382812,488.2021484375,34.28159310383378,1,2,50,0.92,0.7735000000000001,0.8,0.0,0.05,0.1,0.05,95,439.1781616099938,93.68538856506348,16,0.48999881744384766,501.7587890625,33.36035102786244,1,3,51,0.0,0.7275,0.75,0.0,0.05,0.1,0.1
94,adaptive_attentive_ppoclip_seed1,0,NOOP,0.086856,-0.052095,0.084855,0,95,439.1781616099938,93.68538856506348,16,0.48999881744384766,501.7587890625,33.36035102786244,1,3,51,0.0,0.7275,0.75,0.0,0.05,0.1,0.1,69,283.97510028180955,122.52473831176758,18,0.4455278184678819,513.248046875,32.42933371245178,1,4,52,0.0,0.6815,0.7,0.0,0.05,0.15,0.1
95,adaptive_attentive_ppoclip_seed1,3,COMPACT_128KB,0.16675,-0.107238,0.198103,0,69,283.97510028180955,122.52473831176758,18,0.4455278184678819,513.248046875,32.42933371245178,1,4,52,0.0,0.6815,0.7,0.0,0.05,0.15,0.1,83,380.2458373929038,64.85152244567871,6,1.2664235432942708,486.306640625,19.434899244257487,1,0,53,0.0,0.6355,0.65,0.0,0.05,0.15,0.15
96,adaptive_attentive_ppoclip_seed1,0,NOOP,0.194343,0.465137,0.4679,0,83,380.2458373929038,64.85152244567871,6,1.2664235432942708,486.306640625,19.434899244257487,1,0,53,0.0,0.6355,0.65,0.0,0.05,0.15,0.15,97,449.45094287513393,132.11441040039062,8,0.9767131805419922,500.0771484375,38.12384721656953,1,1,54,0.92,0.6355,0.65,0.0,0.05,0.15,0.15
97,adaptive_attentive_ppoclip_seed1,0,NOOP,0.158398,0.465055,0.431749,0,97,449.45094287513393,132.11441040039062,8,0.9767131805419922,500.0771484375,38.12384721656953,1,1,54,0.92,0.6355,0.65,0.0,0.05,0.15,0.15,61,318.01531579346425,144.96541023254395,10,0.7982406616210938,510.8740234375,41.37443135713683,1,2,55,0.92,0.6355000000000001,0.65,0.0,0.05,0.15,0.15
98,adaptive_attentive_ppoclip_seed1,0,NOOP,0.135177,0.464918,0.408412,0,61,318.01531579346425,144.96541023254395,10,0.7982406616210938,510.8740234375,41.37443135713683,1,2,55,0.92,0.6355000000000001,0.65,0.0,0.05,0.15,0.15,98,466.37800916549514,153.2144546508789,12,0.6833839416503906,524.8388671875,41.21451508961605,1,3,56,0.92,0.6355,0.65,0.0,0.05,0.15,0.15
99,adaptive_attentive_ppoclip_seed1,0,NOOP,0.117623,-0.052645,0.116168,0,98,466.37800916549514,153.2144546508789,12,0.6833839416503906,524.8388671875,41.21451508961605,1,3,56,0.92,0.6355,0.65,0.0,0.05,0.15,0.15,52,236.4673927892257,90.27242660522461,14,0.5968671526227679,534.79296875,40.449933075472835,1,4,57,0.0,0.5895,0.6,0.0,0.05,0.15,0.2
100,adaptive_attentive_ppoclip_seed1,0,NOOP,0.104437,-0.052696,0.102601,0,52,236.4673927892257,90.27242660522461,14,0.5968671526227679,534.79296875,40.449933075472835,1,4,57,0.0,0.5895,0.6,0.0,0.05,0.15,0.2,56,266.334306607416,111.81330680847168,16,0.5321865081787109,544.958984375,39.3290933412249,1,5,58,0.0,0.5435000000000001,0.55,0.0,0.05,0.2,0.2
101,adaptive_attentive_ppoclip_seed1,0,NOOP,0.099382,-0.052773,0.096126,0,56,266.334306607416,111.81330680847168,16,0.5321865081787109,544.958984375,39.3290933412249,1,5,58,0.0,0.5435000000000001,0.55,0.0,0.05,0.2,0.2,51,290.1549784665468,184.08942222595215,17,0.5075369442210478,552.2001953125,38.63175451833111,1,6,59,0.0,0.49750000000000005,0.5,0.0,0.05,0.25,0.2
102,adaptive_attentive_ppoclip_seed1,0,NOOP,0.095346,-0.041391,0.09241,0,51,290.1549784665468,184.08942222595215,17,0.5075369442210478,552.2001953125,38.63175451833111,1,6,59,0.0,0.49750000000000005,0.5,0.0,0.05,0.25,0.2,81,370.13282084971615,169.29125785827637,18,0.48798031277126735,562.1533203125,37.8526304920591,1,7,60,0.0,0.49749999999999994,0.5,0.05,0.05,0.25,0.15
103,adaptive_attentive_ppoclip_seed1,0,NOOP,0.087361,-0.041496,0.085424,0,81,370.13282084971615,169.29125785827637,18,0.48798031277126735,562.1533203125,37.8526304920591,1,7,60,0.0,0.49749999999999994,0.5,0.05,0.05,0.25,0.15,85,460.09167871154244,121.87623977661133,20,0.4493064880371094,575.1123046875,36.62680481766543,1,8,61,0.0,0.49749999999999994,0.5,0.05,0.05,0.25,0.15
104,adaptive_attentive_ppoclip_seed1,0,NOOP,0.084581,0.464378,0.356521,0,85,460.09167871154244,121.87623977661133,20,0.4493064880371094,575.1123046875,36.62680481766543,1,8,61,0.0,0.49749999999999994,0.5,0.05,0.05,0.25,0.15,91,376.0247476956664,229.26592826843262,21,0.43602934337797616,586.0234375,35.91113770351307,1,9,62,0.92,0.49750000000000005,0.5,0.05,0.05,0.25,0.15
105,adaptive_attentive_ppoclip_seed1,0,NOOP,0.081557,-0.05107,0.078921,0,91,376.0247476956664,229.26592826843262,21,0.43602934337797616,586.0234375,35.91113770351307,1,9,62,0.92,0.49750000000000005,0.5,0.05,0.05,0.25,0.15,54,243.61934305548684,159.3005657196045,22,0.4215358387340199,593.5224609375,35.31471220297045,1,10,63,0.0,0.4600000000000001,0.5,0.1,0.0,0.25,0.15
106,adaptive_attentive_ppoclip_seed1,0,NOOP,0.078742,-0.053262,0.076499,0,54,243.61934305548684,159.3005657196045,22,0.4215358387340199,593.5224609375,35.31471220297045,1,10,63,0.0,0.4600000000000001,0.5,0.1,0.0,0.25,0.15,50,266.4254570955251,140.8843994140625,23,0.40808437181555707,600.7001953125,34.74891942461279,1,11,64,0.0,0.41400000000000003,0.45,0.1,0.0,0.3,0.15
107,adaptive_attentive_ppoclip_seed1,1,COMPACT_32KB,0.134167,0.419156,0.421872,0,50,266.4254570955251,140.8843994140625,23,0.40808437181555707,600.7001953125,34.74891942461279,1,11,64,0.0,0.41400000000000003,0.45,0.1,0.0,0.3,0.15,63,297.7677119968628,145.65634727478027,12,0.7499237060546875,575.94140625,34.59301493132307,1,0,65,0.92,0.41400000000000003,0.45,0.1,0.0,0.3,0.15
108,adaptive_attentive_ppoclip_seed1,0,NOOP,0.139477,-0.053464,0.137829,0,63,297.7677119968628,145.65634727478027,12,0.7499237060546875,575.94140625,34.59301493132307,1,0,65,0.92,0.41400000000000003,0.45,0.1,0.0,0.3,0.15,94,434.82985298496766,98.6623764038086,13,0.7055088923527644,586.9833984375,34.66979462885852,1,1,66,0.0,0.368,0.4,0.1,0.0,0.3,0.2
109,adaptive_attentive_ppoclip_seed1,0,NOOP,0.131183,-0.053545,0.129096,0,94,434.82985298496766,98.6623764038086,13,0.7055088923527644,586.9833984375,34.66979462885852,1,1,66,0.0,0.368,0.4,0.1,0.0,0.3,0.2,65,356.48967914200756,121.83332443237305,14,0.6646630423409599,595.5380859375,34.71606707647222,1,2,67,0.0,0.322,0.35,0.15,0.0,0.3,0.2
110,adaptive_attentive_ppoclip_seed1,0,NOOP,0.124181,-0.042139,0.122175,0,65,356.48967914200756,121.83332443237305,14,0.6646630423409599,595.5380859375,34.71606707647222,1,2,67,0.0,0.322,0.35,0.15,0.0,0.3,0.2,78,370.17609732694865,119.02236938476562,15,0.630279541015625,605.068359375,34.52180663714757,1,3,68,0.0,0.322,0.35,0.2,0.0,0.25,0.2
111,adaptive_attentive_ppoclip_seed1,0,NOOP,0.118163,-0.053739,0.116108,0,78,370.17609732694865,119.02236938476562,15,0.630279541015625,605.068359375,34.52180663714757,1,3,68,0.0,0.322,0.35,0.2,0.0,0.25,0.2,84,474.74689034866094,122.72977828979492,16,0.6008138656616211,615.2333984375,34.19363759492483,1,4,69,0.0,0.276,0.3,0.25,0.0,0.25,0.2
112,adaptive_attentive_ppoclip_seed1,0,NOOP,0.113031,-0.053851,0.1108,0,84,474.74689034866094,122.72977828979492,16,0.6008138656616211,615.2333984375,34.19363759492483,1,4,69,0.0,0.276,0.3,0.25,0.0,0.25,0.2,97,458.999466368224,132.7979564666748,17,0.5757778392118567,626.4462890625,33.76055492417101,1,5,70,0.0,0.23000000000000004,0.25,0.3,0.0,0.25,0.2
113,adaptive_attentive_ppoclip_seed1,5,PARTITION_REGION,-0.07394,-0.142418,0.105357,0,97,458.999466368224,132.7979564666748,17,0.5757778392118567,626.4462890625,33.76055492417101,1,5,70,0.0,0.23000000000000004,0.25,0.3,0.0,0.25,0.2,59,253.18516108503863,148.5762596130371,18,0.5506422254774306,634.33984375,33.45610196832295,2,6,0,0.0,0.23000000000000004,0.25,0.3,0.0,0.3,0.15
114,adaptive_attentive_ppoclip_seed1,0,NOOP,0.094017,-0.085116,0.094027,0,59,253.18516108503863,148.5762596130371,18,0.5506422254774306,634.33984375,33.45610196832295,2,6,0,0.0,0.23000000000000004,0.25,0.3,0.0,0.3,0.15,79,303.69021491569356,141.51668548583984,21,0.4832087925502232,649.4326171875,32.694954927660206,2,7,1,0.007717993584135317,0.2303858996792068,0.25,0.35,0.0,0.25,0.15
115,adaptive_attentive_ppoclip_seed1,1,COMPACT_32KB,0.12606,-0.07353,0.138883,0,79,303.69021491569356,141.51668548583984,21,0.4832087925502232,649.4326171875,32.694954927660206,2,7,1,0.007717993584135317,0.2303858996792068,0.25,0.35,0.0,0.25,0.15,91,362.7152819089795,92.23794937133789,14,0.7106410435267857,636.734375,33.2102836106226,2,0,2,0.0,0.2303858996792068,0.25,0.35,0.0,0.25,0.15
116,adaptive_attentive_ppoclip_seed1,0,NOOP,0.117367,0.336686,0.316893,0,91,362.7152819089795,92.23794937133789,14,0.7106410435267857,636.734375,33.2102836106226,2,0,2,0.0,0.2303858996792068,0.25,0.35,0.0,0.25,0.15,59,249.83890462738796,94.91920471191406,17,0.5974587833180147,650.03515625,34.0058559877092,2,1,3,0.67,0.2178858996792068,0.2,0.4,0.0,0.25,0.15
117,adaptive_attentive_ppoclip_seed1,0,NOOP,0.101674,0.336594,0.301374,0,59,249.83890462738796,94.91920471191406,17,0.5974587833180147,650.03515625,34.0058559877092,2,1,3,0.67,0.2178858996792068,0.2,0.4,0.0,0.25,0.15,96,402.77562779084843,89.95604515075684,20,0.520867919921875,666.7109375,33.42390141568793,2,2,4,0.67,0.20538589967920678,0.15,0.45,0.0,0.25,0.15
118,adaptive_attentive_ppoclip_seed1,0,NOOP,0.089939,-0.040533,0.087752,0,96,402.77562779084843,89.95604515075684,20,0.520867919921875,666.7109375,33.42390141568793,2,2,4,0.67,0.20538589967920678,0.15,0.45,0.0,0.25,0.15,94,391.95400712798056,138.11302185058594,23,0.4640701957370924,683.111328125,32.51302221133531,2,3,5,0.0,0.15938589967920674,0.1,0.45,0.0,0.25,0.2
119,adaptive_attentive_ppoclip_seed1,0,NOOP,0.08086,0.347692,0.280536,0,94,391.95400712798056,138.11302185058594,23,0.4640701957370924,683.111328125,32.51302221133531,2,3,5,0.0,0.15938589967920674,0.1,0.45,0.0,0.25,0.2,97,395.46174879057065,98.67143630981445,26,0.4205480722280649,699.7919921875,31.49901140687838,2,4,6,0.67,0.19288589967920675,0.1,0.5,0.0,0.25,0.15
120,adaptive_attentive_ppoclip_seed1,1,COMPACT_32KB,0.124435,0.302533,0.338352,0,97,395.46174879057065,98.67143630981445,26,0.4205480722280649,699.7919921875,31.49901140687838,2,4,6,0.67,0.19288589967920675,0.1,0.5,0.0,0.25,0.15,66,262.0430042587753,88.80305290222168,15,0.7031422932942708,675.0166015625,31.590889210546674,2,0,7,0.67,0.2263858996792068,0.1,0.55,0.0,0.2,0.15
121,adaptive_attentive_ppoclip_seed1,0,NOOP,0.117611,-0.029536,0.114631,0,66,262.0430042587753,88.80305290222168,15,0.7031422932942708,675.0166015625,31.590889210546674,2,0,7,0.67,0.2263858996792068,0.1,0.55,0.0,0.2,0.15,82,344.3978651179092,171.49591445922852,18,0.5993058946397569,690.400390625,32.49363484064274,2,1,8,0.0,0.22638589967920675,0.15,0.55,0.0,0.15,0.15
122,adaptive_attentive_ppoclip_seed1,0,NOOP,0.102605,0.347094,0.302207,0,82,344.3978651179092,171.49591445922852,18,0.5993058946397569,690.400390625,32.49363484064274,2,1,8,0.0,0.22638589967920675,0.15,0.55,0.0,0.15,0.15,97,386.5181779144135,96.13323211669922,21,0.5261477515811012,707.142578125,32.18394985209106,2,2,9,0.67,0.2598858996792068,0.15,0.55,0.0,0.15,0.15
123,adaptive_attentive_ppoclip_seed1,0,NOOP,0.091259,-0.029936,0.088025,0,97,386.5181779144135,96.13323211669922,21,0.5261477515811012,707.142578125,32.18394985209106,2,2,9,0.67,0.2598858996792068,0.15,0.55,0.0,0.15,0.15,97,395.65673296482294,191.66302680969238,24,0.4712931315104167,723.90625,31.47706715344888,2,3,10,0.0,0.2598858996792068,0.2,0.55,0.0,0.1,0.15
124,adaptive_attentive_ppoclip_seed1,0,NOOP,0.082191,0.335332,0.281743,0,97,395.65673296482294,191.66302680969238,24,0.4712931315104167,723.90625,31.47706715344888,2,3,10,0.0,0.2598858996792068,0.2,0.55,0.0,0.1,0.15,82,334.0218321951068,106.11844062805176,27,0.4278293185763889,739.2890625,30.672386079172124,2,4,11,0.67,0.2473858996792068,0.15,0.6,0.0,0.1,0.15
125,adaptive_attentive_ppoclip_seed1,1,COMPACT_32KB,0.123294,0.301764,0.337157,0,82,334.0218321951068,106.11844062805176,27,0.4278293185763889,739.2890625,30.672386079172124,2,4,11,0.67,0.2473858996792068,0.15,0.6,0.0,0.1,0.15,72,271.7818760417154,92.74816513061523,16,0.6980609893798828,714.814453125,30.19818977731608,2,0,12,0.67,0.28088589967920674,0.15,0.6,0.0,0.1,0.15
126,adaptive_attentive_ppoclip_seed1,0,NOOP,0.117622,-0.030224,0.114963,0,72,271.7818760417154,92.74816513061523,16,0.6980609893798828,714.814453125,30.19818977731608,2,0,12,0.67,0.28088589967920674,0.15,0.6,0.0,0.1,0.15,75,306.0743398789219,156.6760540008545,19,0.599984419973273,729.5810546875,31.333776084186056,2,1,13,0.0,0.28088589967920674,0.15,0.6,0.0,0.05,0.2
127,adaptive_attentive_ppoclip_seed1,0,NOOP,0.102733,-0.041893,0.099677,0,75,306.0743398789219,156.6760540008545,19,0.599984419973273,729.5810546875,31.333776084186056,2,1,13,0.0,0.28088589967920674,0.15,0.6,0.0,0.05,0.2,57,194.285047446688,180.2980899810791,22,0.5274172696200284,742.603515625,31.381408910558722,2,2,14,0.0,0.23488589967920678,0.1,0.6,0.0,0.1,0.2
128,adaptive_attentive_ppoclip_seed1,0,NOOP,0.09134,0.346396,0.290544,0,57,194.285047446688,180.2980899810791,22,0.5274172696200284,742.603515625,31.381408910558722,2,2,14,0.0,0.23488589967920678,0.1,0.6,0.0,0.1,0.2,57,218.83805960039396,121.05751037597656,25,0.4723260498046875,755.7216796875,30.93031546901835,2,3,15,0.67,0.26838589967920673,0.1,0.65,0.0,0.1,0.15
129,adaptive_attentive_ppoclip_seed1,0,NOOP,0.082396,-0.03066,0.075859,0,57,218.83805960039396,121.05751037597656,25,0.4723260498046875,755.7216796875,30.93031546901835,2,3,15,0.67,0.26838589967920673,0.1,0.65,0.0,0.1,0.15,66,247.1806744374182,361.8338108062744,28,0.42947823660714285,769.625,30.257154817003848,2,4,16,0.0,0.2683858996792068,0.1,0.6,0.05,0.1,0.15
130,adaptive_attentive_ppoclip_seed1,1,COMPACT_32KB,0.120446,0.30106,0.334328,0,66,247.1806744374182,361.8338108062744,28,0.42947823660714285,769.625,30.257154817003848,2,4,16,0.0,0.2683858996792068,0.1,0.6,0.05,0.1,0.15,59,266.7916576375525,93.03593635559082,17,0.6844455494600183,744.6767578125,29.276167436062227,2,0,17,0.67,0.30188589967920676,0.1,0.6,0.05,0.1,0.15
131,adaptive_attentive_ppoclip_seed1,0,NOOP,0.116045,-0.030898,0.113583,0,59,266.7916576375525,93.03593635559082,17,0.6844455494600183,744.6767578125,29.276167436062227,2,0,17,0.67,0.30188589967920676,0.1,0.6,0.05,0.1,0.15,67,284.5349352649394,148.10419082641602,20,0.5927261352539063,758.689453125,30.452498757957926,2,1,18,0.0,0.30188589967920676,0.1,0.55,0.05,0.15,0.15
132,adaptive_attentive_ppoclip_seed1,0,NOOP,0.101947,-0.031033,0.097273,0,67,284.5349352649394,148.10419082641602,20,0.5927261352539063,758.689453125,30.452498757957926,2,1,18,0.0,0.30188589967920676,0.1,0.55,0.05,0.15,0.15,54,224.6184244845256,262.4495029449463,23,0.524112203846807,771.4931640625,30.584101122093706,2,2,19,0.0,0.30188589967920676,0.1,0.5,0.1,0.15,0.15
133,adaptive_attentive_ppoclip_seed1,0,NOOP,0.091078,-0.031133,0.088404,0,54,224.6184244845256,262.4495029449463,23,0.524112203846807,771.4931640625,30.584101122093706,2,2,19,0.0,0.30188589967920676,0.1,0.5,0.1,0.15,0.15,59,249.61461552738393,166.21804237365723,26,0.47164212740384615,784.8125,30.217460138960426,2,3,20,0.0,0.30188589967920676,0.1,0.5,0.1,0.15,0.15
134,adaptive_attentive_ppoclip_seed1,0,NOOP,0.082692,0.345477,0.282259,0,59,249.61461552738393,166.21804237365723,26,0.47164212740384615,784.8125,30.217460138960426,2,3,20,0.0,0.30188589967920676,0.1,0.5,0.1,0.15,0.15,91,369.2912054739384,107.90681838989258,29,0.43158379916487066,801.01953125,29.569961015228486,2,4,21,0.67,0.3350000000000001,0.1,0.5,0.1,0.15,0.15
135,adaptive_attentive_ppoclip_seed1,2,COMPACT_64KB,0.540737,-0.068003,0.18004,0,91,369.2912054739384,107.90681838989258,29,0.43158379916487066,801.01953125,29.569961015228486,2,4,21,0.67,0.3350000000000001,0.1,0.5,0.1,0.15,0.15,66,273.04781274967206,96.5719223022461,13,0.9163560133713943,762.408203125,23.6419411671585,2,0,22,0.0,0.335,0.1,0.5,0.1,0.15,0.15
136,adaptive_attentive_ppoclip_seed1,0,NOOP,0.150173,-0.026326,0.147185,0,66,273.04781274967206,96.5719223022461,13,0.9163560133713943,762.408203125,23.6419411671585,2,0,22,0.0,0.335,0.1,0.5,0.1,0.15,0.15,96,405.6403193114092,169.41022872924805,16,0.7608642578125,779.125,30.08362013098058,2,1,23,0.0,0.30150000000000005,0.15,0.45,0.1,0.15,0.15
137,adaptive_attentive_ppoclip_seed1,0,NOOP,0.128205,0.350453,0.328155,0,96,405.6403193114092,169.41022872924805,16,0.7608642578125,779.125,30.08362013098058,2,1,23,0.0,0.30150000000000005,0.15,0.45,0.1,0.15,0.15,76,333.13940417491415,76.23291015625,19,0.6529002942537007,793.9267578125,31.988752980377246,2,2,24,0.67,0.3015,0.15,0.45,0.1,0.15,0.15
138,adaptive_attentive_ppoclip_seed1,0,NOOP,0.112385,0.358779,0.312387,0,76,333.13940417491415,76.23291015625,19,0.6529002942537007,793.9267578125,31.988752980377246,2,2,24,0.67,0.3015,0.15,0.45,0.1,0.15,0.15,96,413.5171053928818,77.43477821350098,22,0.5756766579367898,810.552734375,32.239904144605156,2,3,25,0.67,0.3350000000000001,0.15,0.5,0.1,0.15,0.1
139,adaptive_attentive_ppoclip_seed1,0,NOOP,0.100145,-0.026518,0.096624,0,96,413.5171053928818,77.43477821350098,22,0.5756766579367898,810.552734375,32.239904144605156,2,3,25,0.67,0.3350000000000001,0.15,0.5,0.1,0.15,0.1,85,353.4601767718077,207.3049545288086,25,0.5163494873046875,826.1591796875,31.933998014352262,2,4,26,0.0,0.3015,0.2,0.45,0.1,0.15,0.1
140,adaptive_attentive_ppoclip_seed1,0,NOOP,0.090259,0.350406,0.290158,0,85,353.4601767718077,207.3049545288086,25,0.5163494873046875,826.1591796875,31.933998014352262,2,4,26,0.0,0.3015,0.2,0.45,0.1,0.15,0.1,66,301.7498048825153,90.07120132446289,28,0.46879686628069195,840.083984375,31.4091985725861,2,5,27,0.67,0.3015,0.2,0.45,0.1,0.15,0.1
141,adaptive_attentive_ppoclip_seed1,1,COMPACT_32KB,0.133943,0.313701,0.348008,0,66,301.7498048825153,90.07120132446289,28,0.46879686628069195,840.083984375,31.4091985725861,2,5,27,0.67,0.3015,0.2,0.45,0.1,0.15,0.1,97,414.03766610966034,83.95624160766602,17,0.7519333783318015,818.103515625,28.458162737959746,2,0,28,0.67,0.335,0.15,0.5,0.1,0.15,0.1
142,adaptive_attentive_ppoclip_seed1,0,NOOP,0.127511,0.35033,0.327541,0,97,414.03766610966034,83.95624160766602,17,0.7519333783318015,818.103515625,28.458162737959746,2,0,28,0.67,0.335,0.15,0.5,0.1,0.15,0.1,66,336.5322972411127,73.50778579711914,20,0.6500556945800782,832.0712890625,30.58849392717811,2,1,29,0.67,0.335,0.15,0.5,0.1,0.15,0.1
143,adaptive_attentive_ppoclip_seed1,0,NOOP,0.112164,0.358723,0.312102,0,66,336.5322972411127,73.50778579711914,20,0.6500556945800782,832.0712890625,30.58849392717811,2,1,29,0.67,0.335,0.15,0.5,0.1,0.15,0.1,74,328.72949111182663,81.8779468536377,23,0.5751966393512228,846.689453125,31.11464398672736,2,2,30,0.67,0.3685,0.1,0.55,0.1,0.15,0.1
144,adaptive_attentive_ppoclip_seed1,0,NOOP,0.100087,0.350448,0.299866,0,74,328.72949111182663,81.8779468536377,23,0.5751966393512228,846.689453125,31.11464398672736,2,2,30,0.67,0.3685,0.1,0.55,0.1,0.15,0.1,56,269.1163973757599,93.52850914001465,26,0.5166848989633414,859.763671875,31.044623342470402,2,3,31,0.67,0.3685,0.1,0.55,0.1,0.15,0.1
145,adaptive_attentive_ppoclip_seed1,0,NOOP,0.090814,0.350388,0.289204,0,56,269.1163973757599,93.52850914001465,26,0.5166848989633414,859.763671875,31.044623342470402,2,3,31,0.67,0.3685,0.1,0.55,0.1,0.15,0.1,97,478.9602172728118,166.7778491973877,29,0.47219638166756467,876.396484375,30.552795644449997,2,4,32,0.67,0.3685,0.1,0.55,0.1,0.15,0.1
146,adaptive_attentive_ppoclip_seed1,0,NOOP,0.08309,0.358919,0.283128,0,97,478.9602172728118,166.7778491973877,29,0.47219638166756467,876.396484375,30.552795644449997,2,4,32,0.67,0.3685,0.1,0.55,0.1,0.15,0.1,82,334.35499481843124,88.07802200317383,32,0.43544864654541016,891.798828125,29.972176353543922,2,5,33,0.67,0.402,0.1,0.6,0.1,0.15,0.05
147,adaptive_attentive_ppoclip_seed1,2,COMPACT_64KB,0.557466,-0.067955,0.196386,0,82,334.35499481843124,88.07802200317383,32,0.43544864654541016,891.798828125,29.972176353543922,2,5,33,0.67,0.402,0.1,0.6,0.1,0.15,0.05,77,335.58511320337124,115.69595336914062,13,1.015917264498197,845.2431640625,18.358727863766866,2,0,34,0.0,0.402,0.1,0.6,0.1,0.1,0.1
148,adaptive_attentive_ppoclip_seed1,0,NOOP,0.165907,0.350596,0.365804,0,77,335.58511320337124,115.69595336914062,13,1.015917264498197,845.2431640625,18.358727863766866,2,0,34,0.0,0.402,0.1,0.6,0.1,0.1,0.1,72,306.67246994356833,75.14524459838867,16,0.8395357131958008,859.6845703125,29.303930856537985,2,1,35,0.67,0.402,0.1,0.6,0.1,0.1,0.1
149,adaptive_attentive_ppoclip_seed1,0,NOOP,0.141249,0.358998,0.341065,0,72,306.67246994356833,75.14524459838867,16,0.8395357131958008,859.6845703125,29.303930856537985,2,1,35,0.67,0.402,0.1,0.6,0.1,0.1,0.1,62,266.50615774527216,82.95845985412598,19,0.7181187679893092,873.232421875,32.48974432108532,2,2,36,0.67,0.43550000000000005,0.1,0.65,0.05,0.1,0.1
150,adaptive_attentive_ppoclip_seed1,0,NOOP,0.123317,-0.026217,0.120492,0,62,266.50615774527216,82.95845985412598,19,0.7181187679893092,873.232421875,32.48974432108532,2,2,36,0.67,0.43550000000000005,0.1,0.65,0.05,0.1,0.1,70,306.90211056999294,168.7295436859131,22,0.6303336403586648,887.509765625,33.38066601028061,2,3,37,0.0,0.402,0.1,0.6,0.05,0.15,0.1
151,adaptive_attentive_ppoclip_seed1,0,NOOP,0.08195,-0.017758,0.07479,0,70,306.90211056999294,168.7295436859131,22,0.6303336403586648,887.509765625,33.38066601028061,2,3,37,0.0,0.402,0.1,0.6,0.05,0.15,0.1,205,555.0284539830412,400.50339698791504,34,0.431001999798943,937.8603515625,31.88370638548362,2,4,38,0.0,0.402,0.1,0.6,0.1,0.1,0.1
152,adaptive_attentive_ppoclip_seed1,0,NOOP,0.065583,-0.017754,0.057994,0,205,555.0284539830412,400.50339698791504,34,0.431001999798943,937.8603515625,31.88370638548362,2,4,38,0.0,0.402,0.1,0.6,0.1,0.1,0.1,161,494.10392761447065,433.211088180542,43,0.35478991131449855,976.3818359375,29.84691107886696,2,5,39,0.0,0.402,0.1,0.6,0.1,0.1,0.1
153,adaptive_attentive_ppoclip_seed1,1,COMPACT_32KB,-0.201799,0.314081,0.349537,0,161,494.10392761447065,433.211088180542,43,0.35478991131449855,976.3818359375,29.84691107886696,2,5,39,0.0,0.402,0.1,0.6,0.1,0.1,0.1,169,563.0152898883401,97.8860855102539,19,0.7619725277549342,926.55859375,28.892212756582502,2,0,40,0.67,0.43550000000000005,0.1,0.65,0.1,0.05,0.1
154,adaptive_attentive_ppoclip_seed1,0,NOOP,0.104466,0.350777,0.304314,0,169,563.0152898883401,97.8860855102539,19,0.7619725277549342,926.55859375,28.892212756582502,2,0,40,0.67,0.43550000000000005,0.1,0.65,0.1,0.05,0.1,187,578.6962816929674,92.6063060760498,28,0.5398314339773995,967.3779296875,31.60901946337048,2,1,41,0.67,0.43550000000000005,0.1,0.65,0.1,0.05,0.1
155,adaptive_attentive_ppoclip_seed1,0,NOOP,0.069773,0.35906,0.269773,0,187,578.6962816929674,92.6063060760498,28,0.5398314339773995,967.3779296875,31.60901946337048,2,1,41,0.67,0.43550000000000005,0.1,0.65,0.1,0.05,0.1,297,766.0056658338657,103.73592376708984,43,0.37574058355287066,1034.0380859375,29.211147436854528,2,2,42,0.67,0.46900000000000003,0.1,0.7,0.1,0.05,0.05
156,adaptive_attentive_ppoclip_seed1,0,NOOP,0.057945,0.358991,0.258042,0,297,766.0056658338657,103.73592376708984,43,0.37574058355287066,1034.0380859375,29.211147436854528,2,2,42,0.67,0.46900000000000003,0.1,0.7,0.1,0.05,0.05,160,539.1075614509477,110.16988754272461,52,0.3222245436448317,1072.36328125,27.567492282240924,2,3,43,0.67,0.5025000000000001,0.05,0.75,0.1,0.05,0.05
157,adaptive_attentive_ppoclip_seed1,0,NOOP,0.049398,0.350582,0.249385,0,160,539.1075614509477,110.16988754272461,52,0.3222245436448317,1072.36328125,27.567492282240924,2,3,43,0.67,0.5025000000000001,0.05,0.75,0.1,0.05,0.05,187,572.0829282809245,126.87945365905762,61,0.2851147260822234,1113.087890625,26.06178047054849,2,4,44,0.67,0.5025000000000001,0.05,0.75,0.1,0.05,0.05
158,adaptive_attentive_ppoclip_seed1,0,NOOP,0.037116,0.350569,0.237141,0,187,572.0829282809245,126.87945365905762,61,0.2851147260822234,1113.087890625,26.06178047054849,2,4,44,0.67,0.5025000000000001,0.05,0.75,0.1,0.05,0.05,300,630.1238673039894,147.4628448486328,79,0.23495309564131725,1187.9228515625,23.620868876455525,2,5,45,0.67,0.5025000000000001,0.05,0.75,0.1,0.05,0.05
159,adaptive_attentive_ppoclip_seed1,3,COMPACT_128KB,0.5485,0.303827,0.398478,0,300,630.1238673039894,147.4628448486328,79,0.23495309564131725,1187.9228515625,23.620868876455525,2,5,45,0.67,0.5025000000000001,0.05,0.75,0.1,0.05,0.05,294,686.430692857115,66.08963012695312,12,1.3384946187337239,1027.9638671875,24.42119720840215,2,0,46,0.67,0.536,0.0,0.8,0.1,0.05,0.05
160,adaptive_attentive_ppoclip_seed1,0,NOOP,0.137718,-0.026457,0.135933,0,294,686.430692857115,66.08963012695312,12,1.3384946187337239,1027.9638671875,24.42119720840215,2,0,46,0.67,0.536,0.0,0.8,0.1,0.05,0.05,232,641.5917893427875,119.2481517791748,24,0.7035923004150391,1080.7177734375,44.81575688762627,2,1,47,0.0,0.5025000000000001,0.0,0.75,0.1,0.05,0.1
161,adaptive_attentive_ppoclip_seed1,0,NOOP,0.102171,-0.026473,0.097198,0,232,641.5917893427875,119.2481517791748,24,0.7035923004150391,1080.7177734375,44.81575688762627,2,1,47,0.0,0.5025000000000001,0.0,0.75,0.1,0.05,0.1,198,584.2577827430995,289.87598419189453,33,0.5314793442234849,1122.484375,42.159469141175244,2,2,48,0.0,0.46900000000000003,0.05,0.7,0.1,0.05,0.1
162,adaptive_attentive_ppoclip_seed1,0,NOOP,0.076028,0.350422,0.275943,0,198,584.2577827430995,289.87598419189453,33,0.5314793442234849,1122.484375,42.159469141175244,2,2,48,0.0,0.46900000000000003,0.05,0.7,0.1,0.05,0.1,237,637.1123267337204,110.53466796875,45,0.40826653374565974,1175.8076171875,38.31034345691641,2,3,49,0.67,0.46900000000000003,0.05,0.7,0.1,0.05,0.1
163,adaptive_attentive_ppoclip_seed1,0,NOOP,0.06026,0.350414,0.260001,0,237,637.1123267337204,110.53466796875,45,0.40826653374565974,1175.8076171875,38.31034345691641,2,3,49,0.67,0.46900000000000003,0.05,0.7,0.1,0.05,0.1,238,669.4365381301004,134.22608375549316,57,0.3369266443085252,1229.1083984375,35.11207075663354,2,4,50,0.67,0.46900000000000003,0.05,0.7,0.1,0.05,0.1
164,adaptive_attentive_ppoclip_seed1,1,COMPACT_32KB,-0.203719,0.305225,0.34761,0,238,669.4365381301004,134.22608375549316,57,0.3369266443085252,1229.1083984375,35.11207075663354,2,4,50,0.67,0.46900000000000003,0.05,0.7,0.1,0.05,0.1,228,630.8064469742045,104.42161560058594,24,0.7554944356282552,1160.439453125,31.588226019070312,2,0,51,0.67,0.46900000000000003,0.05,0.7,0.1,0.05,0.1
165,adaptive_attentive_ppoclip_seed1,0,NOOP,0.100712,-0.026591,0.097382,0,228,630.8064469742045,104.42161560058594,24,0.7554944356282552,1160.439453125,31.588226019070312,2,0,51,0.67,0.46900000000000003,0.05,0.7,0.1,0.05,0.1,218,599.4317934934032,211.50541305541992,36,0.5260603162977431,1212.04296875,33.15667315064223,2,1,52,0.0,0.43550000000000005,0.05,0.65,0.1,0.1,0.1
166,adaptive_attentive_ppoclip_seed1,0,NOOP,0.081324,-0.026616,0.076822,0,218,599.4317934934032,211.50541305541992,36,0.5260603162977431,1212.04296875,33.15667315064223,2,1,52,0.0,0.43550000000000005,0.05,0.65,0.1,0.1,0.1,178,621.9881931681665,281.3699245452881,45,0.4347466362847222,1252.0703125,31.848493343796267,2,2,53,0.0,0.402,0.05,0.6,0.1,0.15,0.1
167,adaptive_attentive_ppoclip_seed1,0,NOOP,0.061141,0.358654,0.260892,0,178,621.9881931681665,281.3699245452881,45,0.4347466362847222,1252.0703125,31.848493343796267,2,2,53,0.0,0.402,0.05,0.6,0.1,0.15,0.1,288,733.637782153299,137.47382164001465,60,0.34320526123046874,1317.908203125,29.347530327733793,2,3,54,0.67,0.43550000000000005,0.05,0.65,0.1,0.15,0.05
168,adaptive_attentive_ppoclip_seed1,0,NOOP,0.048235,0.350242,0.248178,0,288,733.637782153299,137.47382164001465,60,0.34320526123046874,1317.908203125,29.347530327733793,2,3,54,0.67,0.43550000000000005,0.05,0.65,0.1,0.15,0.05,277,688.4709150597912,146.60930633544922,75,0.2880517578125,1382.6484375,27.153491358522718,2,4,55,0.67,0.43550000000000005,0.05,0.65,0.1,0.15,0.05
169,adaptive_attentive_ppoclip_seed1,1,COMPACT_32KB,-0.213707,0.305283,0.338284,0,277,688.4709150597912,146.60930633544922,75,0.2880517578125,1382.6484375,27.153491358522718,2,4,55,0.67,0.43550000000000005,0.05,0.65,0.1,0.15,0.05,162,581.9175987366099,76.35116577148438,28,0.708054678780692,1268.833984375,29.938371780491263,2,0,56,0.67,0.43550000000000005,0.05,0.65,0.1,0.15,0.05
170,adaptive_attentive_ppoclip_seed1,0,NOOP,0.105914,-0.018244,0.101755,0,162,581.9175987366099,76.35116577148438,28,0.708054678780692,1268.833984375,29.938371780491263,2,0,56,0.67,0.43550000000000005,0.05,0.65,0.1,0.15,0.05,177,533.5604976886456,254.20641899108887,37,0.5526956094277872,1308.783203125,31.44030695476287,2,1,57,0.0,0.43550000000000005,0.1,0.65,0.1,0.1,0.05
171,adaptive_attentive_ppoclip_seed1,0,NOOP,0.076151,0.358595,0.276334,0,177,533.5604976886456,254.20641899108887,37,0.5526956094277872,1308.783203125,31.44030695476287,2,1,57,0.0,0.43550000000000005,0.1,0.65,0.1,0.1,0.05,297,769.8163119388403,105.85522651672363,52,0.41325671856219953,1375.318359375,29.970718883515033,2,2,58,0.67,0.46900000000000003,0.1,0.7,0.05,0.1,0.05
172,adaptive_attentive_ppoclip_seed1,0,NOOP,0.064837,0.358613,0.263901,0,297,769.8163119388403,105.85522651672363,52,0.41325671856219953,1375.318359375,29.970718883515033,2,2,58,0.67,0.46900000000000003,0.1,0.7,0.05,0.1,0.05,169,393.1504991494575,173.03109169006348,61,0.36230969038165983,1414.45703125,28.740480733221624,2,3,59,0.67,0.5025000000000001,0.1,0.75,0.0,0.1,0.05
173,adaptive_attentive_ppoclip_seed1,0,NOOP,0.051333,0.350162,0.251569,0,169,393.1504991494575,173.03109169006348,61,0.36230969038165983,1414.45703125,28.740480733221624,2,3,59,0.67,0.5025000000000001,0.1,0.75,0.0,0.1,0.05,279,690.8332994866321,133.2259178161621,76,0.30416609111585113,1479.4638671875,26.79548555061188,2,4,60,0.67,0.5025000000000001,0.1,0.75,0.0,0.1,0.05
174,adaptive_attentive_ppoclip_seed1,2,COMPACT_64KB,0.277881,0.300111,0.388511,0,279,690.8332994866321,133.2259178161621,76,0.30416609111585113,1479.4638671875,26.79548555061188,2,4,60,0.67,0.5025000000000001,0.1,0.75,0.0,0.1,0.05,226,592.8808368645724,91.45784378051758,22,0.9577012495561079,1348.443359375,22.358304719251592,2,0,61,0.67,0.5025000000000001,0.1,0.75,0.0,0.1,0.05
175,adaptive_attentive_ppoclip_seed1,0,NOOP,0.136164,0.350109,0.336134,0,226,592.8808368645724,91.45784378051758,22,0.9577012495561079,1348.443359375,22.358304719251592,2,0,61,0.67,0.5025000000000001,0.1,0.75,0.0,0.1,0.05,186,583.5806576367596,90.2395248413086,31,0.7001933436239919,1389.18359375,32.18920238029088,2,1,62,0.67,0.5025000000000001,0.1,0.75,0.0,0.1,0.05
176,adaptive_attentive_ppoclip_seed1,0,NOOP,0.106755,-0.026687,0.103223,0,186,583.5806576367596,90.2395248413086,31,0.7001933436239919,1389.18359375,32.18920238029088,2,1,62,0.67,0.5025000000000001,0.1,0.75,0.0,0.1,0.05,192,615.3727877932033,226.5918254852295,40,0.5587726593017578,1430.4580078125,32.9621638653573,2,2,63,0.0,0.46900000000000003,0.1,0.7,0.0,0.15,0.05
177,adaptive_attentive_ppoclip_seed1,0,NOOP,0.082596,-0.026725,0.072041,0,192,615.3727877932033,226.5918254852295,40,0.5587726593017578,1430.4580078125,32.9621638653573,2,2,63,0.0,0.46900000000000003,0.1,0.7,0.0,0.15,0.05,223,709.1064103361116,592.7422046661377,52,0.4454809335561899,1482.560546875,31.775105977611958,2,3,64,0.0,0.43550000000000005,0.1,0.65,0.05,0.15,0.05
178,adaptive_attentive_ppoclip_seed1,0,NOOP,0.066863,0.350134,0.266966,0,223,709.1064103361116,592.7422046661377,52,0.4454809335561899,1482.560546875,31.775105977611958,2,3,64,0.0,0.43550000000000005,0.1,0.65,0.05,0.15,0.05,207,590.8270412881652,124.86529350280762,64,0.3743164539337158,1533.2001953125,30.14560677066272,2,4,65,0.67,0.43550000000000005,0.1,0.65,0.05,0.15,0.05
179,adaptive_attentive_ppoclip_seed1,2,COMPACT_64KB,0.273544,0.300054,0.384545,0,207,590.8270412881652,124.86529350280762,64,0.3743164539337158,1533.2001953125,30.14560677066272,2,4,65,0.67,0.43550000000000005,0.1,0.65,0.05,0.15,0.05,191,601.2666593614106,75.42872428894043,24,0.9372653961181641,1439.6396484375,22.692639577001202,2,0,66,0.67,0.43550000000000005,0.1,0.65,0.05,0.15,0.05
180,adaptive_attentive_ppoclip_seed1,0,NOOP,0.136057,-0.018452,0.129462,0,191,601.2666593614106,75.42872428894043,24,0.9372653961181641,1439.6396484375,22.692639577001202,2,0,66,0.67,0.43550000000000005,0.1,0.65,0.05,0.15,0.05,187,529.4848084508583,371.0319995880127,33,0.7009115508108428,1480.3251953125,31.615639310465163,2,1,67,0.0,0.43550000000000005,0.1,0.65,0.1,0.15,0.0
181,adaptive_attentive_ppoclip_seed1,0,NOOP,0.107826,0.358374,0.307804,0,187,529.4848084508583,371.0319995880127,33,0.7009115508108428,1480.3251953125,31.615639310465163,2,1,67,0.0,0.43550000000000005,0.1,0.65,0.1,0.15,0.0,174,572.9918998556153,103.61933708190918,42,0.5653810046968006,1519.744140625,32.60245540709609,2,2,68,0.67,0.46900000000000003,0.05,0.7,0.1,0.15,0.0
182,adaptive_attentive_ppoclip_seed1,0,NOOP,0.084255,0.349975,0.283852,0,174,572.9918998556153,103.61933708190918,42,0.5653810046968006,1519.744140625,32.60245540709609,2,2,68,0.67,0.46900000000000003,0.05,0.7,0.1,0.15,0.0,233,692.246546639929,137.63666152954102,54,0.45502330638744215,1572.560546875,31.627390380367988,2,3,69,0.67,0.46900000000000003,0.05,0.7,0.1,0.15,0.0
183,adaptive_attentive_ppoclip_seed1,0,NOOP,0.065443,0.34998,0.265448,0,233,692.246546639929,137.63666152954102,54,0.45502330638744215,1572.560546875,31.627390380367988,2,3,69,0.67,0.46900000000000003,0.05,0.7,0.1,0.15,0.0,254,632.54578261533,135.99228858947754,69,0.3703407619310462,1635.4248046875,29.782998746983868,2,4,70,0.67,0.46900000000000003,0.05,0.7,0.1,0.15,0.0
184,adaptive_attentive_ppoclip_seed1,1,COMPACT_32KB,-0.203875,-0.071951,0.143722,0,254,632.54578261533,135.99228858947754,69,0.3703407619310462,1635.4248046875,29.782998746983868,2,4,70,0.67,0.46900000000000003,0.05,0.7,0.1,0.15,0.0,233,708.471616125735,251.06334686279297,32,0.7597141265869141,1555.89453125,28.19874815416101,2,0,71,0.0,0.43550000000000005,0.1,0.65,0.1,0.15,0.0
185,adaptive_attentive_ppoclip_seed1,0,NOOP,0.1086,0.358266,0.30837,0,233,708.471616125735,251.06334686279297,32,0.7597141265869141,1555.89453125,28.19874815416101,2,0,71,0.0,0.43550000000000005,0.1,0.65,0.1,0.15,0.0,208,508.9889662640255,116.5306568145752,44,0.5705018477006392,1606.533203125,31.201868104595235,2,1,72,0.67,0.46900000000000003,0.1,0.7,0.1,0.1,0.0
186,adaptive_attentive_ppoclip_seed1,0,NOOP,0.076992,0.358145,0.277171,0,208,508.9889662640255,116.5306568145752,44,0.5705018477006392,1606.533203125,31.201868104595235,2,1,72,0.67,0.46900000000000003,0.1,0.7,0.1,0.1,0.0,300,684.7984883496911,118.57748031616211,62,0.42371073076801913,1681.2841796875,30.09577721188882,2,2,73,0.67,0.5025000000000001,0.1,0.75,0.1,0.05,0.0
187,adaptive_attentive_ppoclip_seed1,0,NOOP,0.063962,-0.027144,0.057472,0,300,684.7984883496911,118.57748031616211,62,0.42371073076801913,1681.2841796875,30.09577721188882,2,2,73,0.67,0.5025000000000001,0.1,0.75,0.1,0.05,0.0,227,557.4511234129506,416.989803314209,74,0.36605958680848816,1733.658203125,28.779535215689894,2,3,74,0.0,0.46900000000000003,0.15,0.7,0.1,0.05,0.0
188,adaptive_attentive_ppoclip_seed1,0,NOOP,0.0564,0.34982,0.255807,0,227,557.4511234129506,416.989803314209,74,0.36605958680848816,1733.658203125,28.779535215689894,2,3,74,0.0,0.46900000000000003,0.15,0.7,0.1,0.05,0.0,176,433.2358543496276,183.40682983398438,83,0.33387462202324925,1773.5419921875,27.79713879091202,2,4,75,0.67,0.46900000000000003,0.15,0.7,0.1,0.05,0.0
189,adaptive_attentive_ppoclip_seed1,0,NOOP,0.048148,0.349741,0.247113,0,176,433.2358543496276,183.40682983398438,83,0.33387462202324925,1773.5419921875,27.79713879091202,2,4,75,0.67,0.46900000000000003,0.15,0.7,0.1,0.05,0.0,213,489.02269112071826,220.4911708831787,95,0.30011403937088815,1824.693359375,26.585068158661727,2,5,76,0.67,0.46900000000000003,0.15,0.7,0.1,0.05,0.0
190,adaptive_attentive_ppoclip_seed1,2,COMPACT_64KB,0.270975,-0.068781,0.174959,0,213,489.02269112071826,220.4911708831787,95,0.30011403937088815,1824.693359375,26.585068158661727,2,5,76,0.67,0.46900000000000003,0.15,0.7,0.1,0.05,0.0,243,410.9096887625288,381.23631477355957,28,0.9269191196986607,1661.0390625,21.165093473489375,2,0,77,0.0,0.46900000000000003,0.1,0.7,0.15,0.05,0.0
191,adaptive_attentive_ppoclip_seed1,0,NOOP,0.138895,0.349778,0.338745,0,243,410.9096887625288,381.23631477355957,28,0.9269191196986607,1661.0390625,21.165093473489375,2,0,77,0.0,0.46900000000000003,0.1,0.7,0.15,0.05,0.0,160,516.4301918619506,103.74069213867188,37,0.7176006420238598,1699.2783203125,30.163827396360478,2,1,78,0.67,0.46900000000000003,0.1,0.7,0.15,0.05,0.0
192,adaptive_attentive_ppoclip_seed1,0,NOOP,0.105469,-0.027043,0.096737,0,160,516.4301918619506,103.74069213867188,37,0.7176006420238598,1699.2783203125,30.163827396360478,2,1,78,0.67,0.46900000000000003,0.1,0.7,0.15,0.05,0.0,206,449.46070227111113,497.87020683288574,49,0.5579724993024554,1749.8017578125,31.79600552081658,2,2,79,0.0,0.43550000000000005,0.1,0.65,0.2,0.05,0.0
193,adaptive_attentive_ppoclip_seed1,0,NOOP,0.089168,-0.027033,0.084073,0,206,449.46070227111113,497.87020683288574,49,0.5579724993024554,1749.8017578125,31.79600552081658,2,2,79,0.0,0.43550000000000005,0.1,0.65,0.2,0.05,0.0,175,497.49842075440495,327.23426818847656,58,0.4820896017140356,1789.5166015625,31.338376719408277,2,3,80,0.0,0.402,0.1,0.6,0.2,0.1,0.0
194,adaptive_attentive_ppoclip_seed1,0,NOOP,0.073435,-0.026982,0.069913,0,175,497.49842075440495,327.23426818847656,58,0.4820896017140356,1789.5166015625,31.338376719408277,2,3,80,0.0,0.402,0.1,0.6,0.2,0.1,0.0,216,645.4904031742661,263.61680030822754,70,0.41092529296875,1840.9453125,30.217187644392293,2,4,81,0.0,0.36850000000000005,0.1,0.55,0.2,0.1,0.05
195,adaptive_attentive_ppoclip_seed1,1,COMPACT_32KB,-0.198922,-0.071941,0.146081,0,216,645.4904031742661,263.61680030822754,70,0.41092529296875,1840.9453125,30.217187644392293,2,4,81,0.0,0.36850000000000005,0.1,0.55,0.2,0.1,0.05,174,520.4986798693991,384.5338821411133,35,0.7863577706473214,1761.44140625,26.333565735695128,2,0,82,0.0,0.3350000000000001,0.1,0.5,0.25,0.1,0.05
196,adaptive_attentive_ppoclip_seed1,0,NOOP,0.107895,0.358243,0.307998,0,174,520.4986798693991,384.5338821411133,35,0.7863577706473214,1761.44140625,26.333565735695128,2,0,82,0.0,0.3350000000000001,0.1,0.5,0.25,0.1,0.05,277,555.7234924291416,107.35774040222168,50,0.5707257080078125,1826.322265625,30.575387885393873,2,1,83,0.67,0.36850000000000005,0.1,0.55,0.25,0.05,0.05
197,adaptive_attentive_ppoclip_seed1,0,NOOP,0.082731,0.358262,0.282924,0,277,555.7234924291416,107.35774040222168,50,0.5707257080078125,1826.322265625,30.575387885393873,2,1,83,0.67,0.36850000000000005,0.1,0.55,0.25,0.05,0.05,261,710.0220028252655,121.61898612976074,65,0.45428020770733174,1889.8056640625,30.064360823073862,2,2,84,0.67,0.402,0.1,0.6,0.2,0.05,0.05
198,adaptive_attentive_ppoclip_seed1,0,NOOP,0.072292,0.34989,0.271582,0,261,710.0220028252655,121.61898612976074,65,0.45428020770733174,1889.8056640625,30.064360823073862,2,2,84,0.67,0.402,0.1,0.6,0.2,0.05,0.05,190,600.8089215384708,178.01737785339355,74,0.4077109259528083,1930.9189453125,29.2835883042074,2,3,85,0.67,0.402,0.1,0.6,0.2,0.05,0.05
199,adaptive_attentive_ppoclip_seed1,0,NOOP,0.063842,-0.026984,0.057082,0,190,600.8089215384708,178.01737785339355,74,0.4077109259528083,1930.9189453125,29.2835883042074,2,3,85,0.67,0.402,0.1,0.6,0.2,0.05,0.05,180,530.5797920338683,441.76721572875977,83,0.3710871317300452,1971.21484375,28.446337656025122,2,4,86,0.0,0.3685,0.1,0.55,0.2,0.1,0.05
200,adaptive_attentive_ppoclip_seed1,2,COMPACT_64KB,0.271219,-0.068671,0.178066,0,180,530.5797920338683,441.76721572875977,83,0.3710871317300452,1971.21484375,28.446337656025122,2,4,86,0.0,0.3685,0.1,0.55,0.2,0.1,0.05,200,551.8708500024013,241.82939529418945,31,0.9300138411983367,1845.1474609375,20.1299156877834,2,0,87,0.0,0.36850000000000005,0.15,0.55,0.15,0.1,0.05
201,adaptive_attentive_ppoclip_seed1,0,NOOP,0.142186,-0.027054,0.137962,0,200,551.8708500024013,241.82939529418945,31,0.9300138411983367,1845.1474609375,20.1299156877834,2,0,87,0.0,0.36850000000000005,0.15,0.55,0.15,0.1,0.05,166,457.3974165177055,261.2042427062988,40,0.7359291076660156,1883.978515625,29.272879751441717,2,1,88,0.0,0.335,0.15,0.5,0.15,0.1,0.1
202,adaptive_attentive_ppoclip_seed1,0,NOOP,0.109743,0.349851,0.309886,0,166,457.3974165177055,261.2042427062988,40,0.7359291076660156,1883.978515625,29.272879751441717,2,1,88,0.0,0.335,0.15,0.5,0.15,0.1,0.1,206,545.9000780916326,107.85555839538574,52,0.5812163719764123,1934.2880859375,31.44155491128721,2,2,89,0.67,0.3350000000000001,0.15,0.5,0.15,0.1,0.1
203,adaptive_attentive_ppoclip_seed1,0,NOOP,0.093542,0.349783,0.293584,0,206,545.9000780916326,107.85555839538574,52,0.5812163719764123,1934.2880859375,31.44155491128721,2,2,89,0.67,0.3350000000000001,0.15,0.5,0.15,0.1,0.1,185,614.3291433077425,124.1464614868164,61,0.5058368620325308,1974.787109375,31.259651499590795,2,3,90,0.67,0.335,0.15,0.5,0.15,0.1,0.1
204,adaptive_attentive_ppoclip_seed1,0,NOOP,0.081242,-0.018745,0.077486,0,185,614.3291433077425,124.1464614868164,61,0.5058368620325308,1974.787109375,31.259651499590795,2,3,90,0.67,0.335,0.15,0.5,0.15,0.1,0.1,189,674.4321104242492,275.32219886779785,70,0.4499598911830357,2015.8203125,30.62258888534096,2,4,91,0.0,0.335,0.1,0.5,0.15,0.1,0.15
205,adaptive_attentive_ppoclip_seed1,1,COMPACT_32KB,-0.191888,0.30475,0.360232,0,189,674.4321104242492,275.32219886779785,70,0.4499598911830357,2015.8203125,30.62258888534096,2,4,91,0.0,0.335,0.1,0.5,0.15,0.1,0.15,248,669.506014170374,81.15243911743164,37,0.8227765882337416,1948.3349609375,24.329448607182062,2,0,92,0.67,0.335,0.1,0.5,0.15,0.1,0.15
206,adaptive_attentive_ppoclip_seed1,0,NOOP,0.114534,-0.027077,0.111596,0,248,669.506014170374,81.15243911743164,37,0.8227765882337416,1948.3349609375,24.329448607182062,2,0,92,0.67,0.335,0.1,0.5,0.15,0.1,0.15,285,771.3381306848099,211.8980884552002,52,0.6051714970515325,2014.0107421875,30.095652466002377,2,1,93,0.0,0.3015,0.1,0.45,0.15,0.1,0.2
207,adaptive_attentive_ppoclip_seed1,0,NOOP,0.097511,-0.018705,0.094363,0,285,771.3381306848099,211.8980884552002,52,0.6051714970515325,2014.0107421875,30.095652466002377,2,1,93,0.0,0.3015,0.1,0.45,0.15,0.1,0.2,160,492.27945162471104,233.65426063537598,61,0.5256792912717725,2052.251953125,30.364385674556466,2,2,94,0.0,0.3015,0.05,0.45,0.15,0.1,0.25
208,adaptive_attentive_ppoclip_seed1,0,NOOP,0.084572,-0.027048,0.069437,0,160,492.27945162471104,233.65426063537598,61,0.5256792912717725,2052.251953125,30.364385674556466,2,2,94,0.0,0.3015,0.05,0.45,0.15,0.1,0.25,158,527.316733771504,844.2349433898926,70,0.4666102818080357,2090.4140625,30.00072327454742,2,3,95,0.0,0.268,0.05,0.4,0.2,0.1,0.25
209,adaptive_attentive_ppoclip_seed1,0,NOOP,0.071319,-0.027004,0.0673,0,158,527.316733771504,844.2349433898926,70,0.4666102818080357,2090.4140625,30.00072327454742,2,3,95,0.0,0.268,0.05,0.4,0.2,0.1,0.25,201,532.0748895369862,303.43127250671387,82,0.4078443573742378,2140.3671875,29.159515269187306,2,4,96,0.0,0.23450000000000001,0.05,0.35,0.2,0.1,0.3
210,adaptive_attentive_ppoclip_seed1,3,COMPACT_128KB,0.547625,0.303272,0.397669,0,201,532.0748895369862,303.43127250671387,82,0.4078443573742378,2140.3671875,29.159515269187306,2,4,96,0.0,0.23450000000000001,0.05,0.35,0.2,0.1,0.3,182,570.0587022887082,71.55442237854004,19,1.6270133570620888,1978.4482421875,19.236442620676076,2,0,97,0.67,0.268,0.05,0.4,0.15,0.1,0.3
211,adaptive_attentive_ppoclip_seed1,0,NOOP,0.183578,-0.02699,0.180179,0,182,570.0587022887082,71.55442237854004,19,1.6270133570620888,1978.4482421875,19.236442620676076,2,0,97,0.67,0.268,0.05,0.4,0.15,0.1,0.3,279,698.844019241622,212.47458457946777,34,0.939141217400046,2043.5712890625,52.26263398064633,2,1,98,0.0,0.23450000000000001,0.05,0.35,0.15,0.15,0.3
212,adaptive_attentive_ppoclip_seed1,4,PARTITION_HOUR,-0.053491,-0.118572,0.12552,0,279,698.844019241622,212.47458457946777,34,0.939141217400046,2043.5712890625,52.26263398064633,2,1,98,0.0,0.23450000000000001,0.05,0.35,0.15,0.15,0.3,274,683.6233989649634,201.5688419342041,49,0.6722592723612882,2108.205078125,50.52722913010646,1,2,0,0.0,0.23450000000000001,0.05,0.35,0.1,0.15,0.35
213,adaptive_attentive_ppoclip_seed1,0,NOOP,0.121628,-0.031232,0.117704,0,274,683.6233989649634,201.5688419342041,49,0.6722592723612882,2108.205078125,50.52722913010646,1,2,0,0.0,0.23450000000000001,0.05,0.35,0.1,0.15,0.35,176,664.6697430181079,366.0130500793457,52,0.6406387915978065,2132.0458984375,49.709434539059174,1,3,1,0.0069874422819660815,0.23484937211409834,0.1,0.35,0.1,0.1,0.35
214,adaptive_attentive_ppoclip_seed1,0,NOOP,0.113719,-0.034152,0.108784,0,176,664.6697430181079,366.0130500793457,52,0.6406387915978065,2132.0458984375,49.709434539059174,1,3,1,0.0069874422819660815,0.23484937211409834,0.1,0.35,0.1,0.1,0.35,228,808.2255083835428,316.7290687561035,56,0.603593008858817,2163.27734375,48.638693113600425,1,4,2,0.0,0.23484937211409834,0.1,0.35,0.1,0.15,0.3
215,adaptive_attentive_ppoclip_seed1,1,COMPACT_32KB,-0.155193,-0.092829,0.195292,0,228,808.2255083835428,316.7290687561035,56,0.603593008858817,2163.27734375,48.638693113600425,1,4,2,0.0,0.23484937211409834,0.1,0.35,0.1,0.15,0.3,279,944.1463114734258,100.42071342468262,27,1.2227805808738426,2112.96484375,23.116183709871322,1,0,3,0.0,0.23484937211409834,0.1,0.4,0.05,0.15,0.3
216,adaptive_attentive_ppoclip_seed1,0,NOOP,0.19625,-0.056221,0.19387,0,279,944.1463114734258,100.42071342468262,27,1.2227805808738426,2112.96484375,23.116183709871322,1,0,3,0.0,0.23484937211409834,0.1,0.4,0.05,0.15,0.3,183,788.0784056035097,156.48508071899414,30,1.1132807413736978,2137.4990234375,30.59948717895468,1,1,4,0.0,0.20134937211409834,0.1,0.35,0.05,0.15,0.35
217,adaptive_attentive_ppoclip_seed1,0,NOOP,0.189947,-0.056246,0.187352,0,183,788.0784056035097,156.48508071899414,30,1.1132807413736978,2137.4990234375,30.59948717895468,1,1,4,0.0,0.20134937211409834,0.1,0.35,0.05,0.15,0.35,284,1015.3951046864692,173.47240447998047,35,0.9716094970703125,2176.4052734375,36.14414977967667,1,2,5,0.0,0.1678493721140983,0.1,0.3,0.05,0.15,0.4
218,adaptive_attentive_ppoclip_seed1,0,NOOP,0.168056,-0.056271,0.165479,0,284,1015.3951046864692,173.47240447998047,35,0.9716094970703125,2176.4052734375,36.14414977967667,1,2,5,0.0,0.1678493721140983,0.1,0.3,0.05,0.15,0.4,282,931.736418341472,178.8496971130371,40,0.8652801513671875,2215.1171875,38.35868023902543,1,3,6,0.0,0.1343493721140983,0.1,0.3,0.05,0.15,0.4
219,adaptive_attentive_ppoclip_seed1,0,NOOP,0.153885,-0.047913,0.151052,0,282,931.736418341472,178.8496971130371,40,0.8652801513671875,2215.1171875,38.35868023902543,1,3,6,0.0,0.1343493721140983,0.1,0.3,0.05,0.15,0.4,204,766.7234031113824,196.64382934570312,44,0.7969249378551136,2244.140625,39.11967227540927,1,4,7,0.0,0.1343493721140983,0.1,0.3,0.05,0.1,0.45
220,adaptive_attentive_ppoclip_seed1,0,NOOP,0.142231,0.373941,0.35552,0,204,766.7234031113824,196.64382934570312,44,0.7969249378551136,2244.140625,39.11967227540927,1,4,7,0.0,0.1343493721140983,0.1,0.3,0.05,0.1,0.45,246,884.020596898813,645.5504894256592,48,0.7411556243896484,2276.830078125,39.28386416316532,1,5,8,0.75,0.17184937211409831,0.05,0.3,0.1,0.1,0.45
221,adaptive_attentive_ppoclip_seed1,1,COMPACT_32KB,-0.155943,-0.092953,0.193613,0,246,884.020596898813,645.5504894256592,48,0.7411556243896484,2276.830078125,39.28386416316532,1,5,8,0.75,0.17184937211409831,0.05,0.3,0.1,0.1,0.45,227,730.16244902091,154.35433387756348,33,1.0671788995916194,2253.8818359375,29.910289311065753,1,0,9,0.0,0.17184937211409831,0.05,0.3,0.1,0.1,0.45
222,adaptive_attentive_ppoclip_seed1,0,NOOP,0.183659,-0.056349,0.180977,0,227,730.16244902091,154.35433387756348,33,1.0671788995916194,2253.8818359375,29.910289311065753,1,0,9,0.0,0.17184937211409831,0.05,0.3,0.1,0.1,0.45,265,541.9375247750197,181.5953254699707,38,0.9420447098581415,2291.052734375,34.76317481200358,1,1,10,0.0,0.1383493721140983,0.05,0.25,0.1,0.1,0.5
223,adaptive_attentive_ppoclip_seed1,0,NOOP,0.163984,0.365503,0.380677,0,265,541.9375247750197,181.5953254699707,38,0.9420447098581415,2291.052734375,34.76317481200358,1,1,10,0.0,0.1383493721140983,0.05,0.25,0.1,0.1,0.5,289,1058.7578433778822,469.1157341003418,43,0.8467946607013082,2330.37890625,36.7935035830114,1,2,11,0.75,0.14234937211409832,0.05,0.2,0.15,0.1,0.5
224,adaptive_attentive_ppoclip_seed1,0,NOOP,0.154297,-0.048012,0.149779,0,289,1058.7578433778822,469.1157341003418,43,0.8467946607013082,2330.37890625,36.7935035830114,1,2,11,0.75,0.14234937211409832,0.05,0.2,0.15,0.1,0.5,196,668.9441960344268,283.39219093322754,46,0.8002362458602242,2355.8955078125,37.3309888022154,1,3,12,0.0,0.14234937211409832,0.05,0.2,0.15,0.15,0.45
225,adaptive_attentive_ppoclip_seed1,0,NOOP,0.140332,0.365467,0.356028,0,196,668.9441960344268,283.39219093322754,46,0.8002362458602242,2355.8955078125,37.3309888022154,1,3,12,0.0,0.14234937211409832,0.05,0.2,0.15,0.15,0.45,279,988.6493225170364,528.9595127105713,51,0.7335342706418505,2394.255859375,37.75253823810332,1,4,13,0.75,0.14634937211409832,0.05,0.15,0.2,0.15,0.45
226,adaptive_attentive_ppoclip_seed1,1,COMPACT_32KB,-0.161349,-0.093047,0.186576,0,279,988.6493225170364,528.9595127105713,51,0.7335342706418505,2394.255859375,37.75253823810332,1,4,13,0.75,0.14634937211409832,0.05,0.15,0.2,0.15,0.45,184,585.1282168703017,242.1729564666748,38,0.9760971069335938,2373.8681640625,31.693254176837733,1,0,14,0.0,0.14634937211409832,0.05,0.15,0.2,0.2,0.4
227,adaptive_attentive_ppoclip_seed1,0,NOOP,0.173754,0.469435,0.445075,0,184,585.1282168703017,242.1729564666748,38,0.9760971069335938,2373.8681640625,31.693254176837733,1,0,14,0.0,0.14634937211409832,0.05,0.15,0.2,0.2,0.4,238,826.8471966139039,286.4670753479004,42,0.895020257859003,2405.814453125,34.18320380904901,1,1,15,0.92,0.1923493721140983,0.1,0.15,0.2,0.2,0.35
228,adaptive_attentive_ppoclip_seed1,0,NOOP,0.156602,-0.048084,0.152094,0,238,826.8471966139039,286.4670753479004,42,0.895020257859003,2405.814453125,34.18320380904901,1,1,15,0.92,0.1923493721140983,0.1,0.15,0.2,0.2,0.35,272,1040.9724995825527,284.15560722351074,47,0.8123834488239694,2443.6494140625,35.79867787171662,1,2,16,0.0,0.1923493721140983,0.1,0.15,0.15,0.25,0.35
229,adaptive_attentive_ppoclip_seed1,0,NOOP,0.145195,-0.048099,0.142151,0,272,1040.9724995825527,284.15560722351074,47,0.8123834488239694,2443.6494140625,35.79867787171662,1,2,16,0.0,0.1923493721140983,0.1,0.15,0.15,0.25,0.35,214,658.3493946299677,215.95525741577148,51,0.7578507965686274,2473.625,36.40065759304418,1,3,17,0.0,0.1923493721140983,0.1,0.15,0.15,0.25,0.35
230,adaptive_attentive_ppoclip_seed1,0,NOOP,0.137888,0.461012,0.408605,0,214,658.3493946299677,215.95525741577148,51,0.7578507965686274,2473.625,36.40065759304418,1,3,17,0.0,0.1923493721140983,0.1,0.15,0.15,0.25,0.35,199,797.6164158665814,331.64477348327637,54,0.7231877644856771,2499.3369140625,36.54108313584273,1,4,18,0.92,0.20484937211409832,0.15,0.1,0.15,0.25,0.35
231,adaptive_attentive_ppoclip_seed1,2,COMPACT_64KB,0.285216,-0.098132,0.193868,0,199,797.6164158665814,331.64477348327637,54,0.7231877644856771,2499.3369140625,36.54108313584273,1,4,18,0.92,0.20484937211409832,0.15,0.1,0.15,0.25,0.35,275,1011.182472178827,151.60369873046875,31,1.2383619739163307,2456.91015625,15.681993944700434,1,0,19,0.0,0.20484937211409832,0.15,0.1,0.15,0.2,0.4
232,adaptive_attentive_ppoclip_seed1,0,NOOP,0.195625,-0.048146,0.190243,0,275,1011.182472178827,151.60369873046875,31,1.2383619739163307,2456.91015625,15.681993944700434,1,0,19,0.0,0.20484937211409832,0.15,0.1,0.15,0.2,0.4,204,884.251510632559,312.8666877746582,35,1.1097943987165177,2485.939453125,27.516210137141815,1,1,20,0.0,0.20484937211409832,0.15,0.1,0.15,0.2,0.4
233,adaptive_attentive_ppoclip_seed1,0,NOOP,0.19215,0.469249,0.46357,0,204,884.251510632559,312.8666877746582,35,1.1097943987165177,2485.939453125,27.516210137141815,1,1,20,0.0,0.20484937211409832,0.15,0.1,0.15,0.2,0.4,270,902.7911170351426,278.9802551269531,40,0.9857479095458984,2523.5146484375,33.35530423520565,1,2,21,0.92,0.2505,0.15,0.1,0.15,0.2,0.4
234,adaptive_attentive_ppoclip_seed1,0,NOOP,0.17232,0.469318,0.443423,0,270,902.7911170351426,278.9802551269531,40,0.9857479095458984,2523.5146484375,33.35530423520565,1,2,21,0.92,0.2505,0.15,0.1,0.15,0.2,0.4,285,961.090618771462,301.07784271240234,45,0.889723375108507,2562.4033203125,35.98830916357542,1,3,22,0.92,0.2965,0.2,0.1,0.15,0.15,0.4
235,adaptive_attentive_ppoclip_seed1,0,NOOP,0.156386,0.373674,0.371657,0,285,961.090618771462,301.07784271240234,45,0.889723375108507,2562.4033203125,35.98830916357542,1,3,22,0.92,0.2965,0.2,0.1,0.15,0.15,0.4,293,924.359303344503,548.9952564239502,50,0.8131820678710937,2602.1826171875,37.193781168488634,1,4,23,0.75,0.33399999999999996,0.2,0.05,0.2,0.15,0.4
236,adaptive_attentive_ppoclip_seed1,0,NOOP,0.143208,-0.048219,0.137928,0,293,924.359303344503,548.9952564239502,50,0.8131820678710937,2602.1826171875,37.193781168488634,1,4,23,0.75,0.33399999999999996,0.2,0.05,0.2,0.15,0.4,289,1001.4746378996819,332.7784538269043,55,0.750416426225142,2641.4658203125,37.678086260494894,1,5,24,0.0,0.33399999999999996,0.2,0.05,0.2,0.2,0.35
237,adaptive_attentive_ppoclip_seed1,3,COMPACT_128KB,0.546625,0.414266,0.467222,0,289,1001.4746378996819,332.7784538269043,55,0.750416426225142,2641.4658203125,37.678086260494894,1,5,24,0.0,0.33399999999999996,0.2,0.05,0.2,0.2,0.35,240,871.2487460954776,303.9124011993408,27,1.4945430049189814,2582.5703125,18.26073718219448,1,0,25,0.92,0.38,0.25,0.05,0.2,0.2,0.3
238,adaptive_attentive_ppoclip_seed1,0,NOOP,0.196,-0.04825,0.193729,0,240,871.2487460954776,303.9124011993408,27,1.4945430049189814,2582.5703125,18.26073718219448,1,0,25,0.92,0.38,0.25,0.05,0.2,0.2,0.3,278,831.4507197722742,153.53775024414062,32,1.2797942161560059,2621.0185546875,36.50495181025159,1,1,26,0.0,0.38,0.25,0.0,0.2,0.2,0.35
239,adaptive_attentive_ppoclip_seed1,0,NOOP,0.195375,0.373609,0.413032,0,278,831.4507197722742,153.53775024414062,32,1.2797942161560059,2621.0185546875,36.50495181025159,1,1,26,0.0,0.38,0.25,0.0,0.2,0.2,0.35,263,936.7302321908205,413.4218692779541,37,1.1224699278135557,2658.0087890625,42.595547294208444,1,2,27,0.75,0.4175,0.25,0.0,0.25,0.2,0.3
240,adaptive_attentive_ppoclip_seed1,0,NOOP,0.194875,-0.057654,0.190464,0,263,936.7302321908205,413.4218692779541,37,1.1224699278135557,2658.0087890625,42.595547294208444,1,2,27,0.75,0.4175,0.25,0.0,0.25,0.2,0.3,236,967.7011928899768,271.81077003479004,41,1.025082099728468,2689.8154296875,44.73556500210794,1,3,28,0.0,0.38,0.25,0.0,0.2,0.25,0.3
241,adaptive_attentive_ppoclip_seed1,0,NOOP,0.187306,-0.04829,0.183202,0,236,967.7011928899768,271.81077003479004,41,1.025082099728468,2689.8154296875,44.73556500210794,1,3,28,0.0,0.38,0.25,0.0,0.2,0.25,0.3,187,719.0982543640898,260.1959705352783,44,0.9640277515758168,2714.7021484375,45.554012239243896,1,4,29,0.0,0.38,0.25,0.05,0.2,0.25,0.25
242,adaptive_attentive_ppoclip_seed1,1,COMPACT_32KB,-0.158561,0.328571,0.408802,0,187,719.0982543640898,260.1959705352783,44,0.9640277515758168,2714.7021484375,45.554012239243896,1,4,29,0.0,0.38,0.25,0.05,0.2,0.25,0.25,242,779.7331817431084,526.4828205108643,43,0.9931594493777253,2733.1748046875,31.38913480966538,1,0,30,0.75,0.4175,0.25,0.05,0.25,0.25,0.2
243,adaptive_attentive_ppoclip_seed1,0,NOOP,0.174436,0.459806,0.443974,0,242,779.7331817431084,526.4828205108643,43,0.9931594493777253,2733.1748046875,31.38913480966538,1,0,30,0.75,0.4175,0.25,0.05,0.25,0.25,0.2,278,966.4094683579974,383.09645652770996,48,0.9021806716918945,2771.4990234375,34.325384494406144,1,1,31,0.92,0.426,0.3,0.05,0.2,0.25,0.2
244,adaptive_attentive_ppoclip_seed1,0,NOOP,0.159018,-0.048334,0.150985,0,278,966.4094683579974,383.09645652770996,48,0.9021806716918945,2771.4990234375,34.325384494406144,1,1,31,0.92,0.426,0.3,0.05,0.2,0.25,0.2,271,782.3723607599773,467.9069519042969,53,0.8282142495209316,2809.302734375,35.8358404908058,1,2,32,0.0,0.426,0.3,0.05,0.2,0.25,0.2
245,adaptive_attentive_ppoclip_seed1,0,NOOP,0.15118,-0.057719,0.146071,0,271,782.3723607599773,467.9069519042969,53,0.8282142495209316,2809.302734375,35.8358404908058,1,2,32,0.0,0.426,0.3,0.05,0.2,0.25,0.2,191,724.1658243352573,325.44970512390137,56,0.7909014565604073,2834.5908203125,36.28688595939654,1,3,33,0.0,0.38849999999999996,0.3,0.05,0.15,0.3,0.2
246,adaptive_attentive_ppoclip_seed1,0,NOOP,0.144128,0.37352,0.358193,0,191,724.1658243352573,325.44970512390137,56,0.7909014565604073,2834.5908203125,36.28688595939654,1,3,33,0.0,0.38849999999999996,0.3,0.05,0.15,0.3,0.2,198,884.5594650499439,620.4795837402344,59,0.7575153415485963,2860.3779296875,36.54208161067955,1,4,34,0.75,0.426,0.3,0.05,0.2,0.25,0.2
247,adaptive_attentive_ppoclip_seed1,1,COMPACT_32KB,-0.160181,-0.104867,0.187126,0,198,884.5594650499439,620.4795837402344,59,0.7575153415485963,2860.3779296875,36.54208161067955,1,4,34,0.75,0.426,0.3,0.05,0.2,0.25,0.2,242,726.1861214829908,281.8169593811035,45,0.9863108317057292,2840.5751953125,29.914838944956035,1,0,35,0.0,0.38,0.25,0.05,0.2,0.3,0.2
248,adaptive_attentive_ppoclip_seed1,0,NOOP,0.180626,-0.048378,0.176385,0,242,726.1861214829908,281.8169593811035,45,0.9863108317057292,2840.5751953125,29.914838944956035,1,0,35,0.0,0.38,0.25,0.05,0.2,0.3,0.2,199,843.625802017425,272.03822135925293,48,0.9331299463907877,2866.5751953125,31.86281404684412,1,1,36,0.0,0.38,0.25,0.1,0.2,0.25,0.2
249,adaptive_attentive_ppoclip_seed1,0,NOOP,0.167655,-0.048389,0.162576,0,199,843.625802017425,272.03822135925293,48,0.9331299463907877,2866.5751953125,31.86281404684412,1,1,36,0.0,0.38,0.25,0.1,0.2,0.25,0.2,230,577.4325024810643,318.9680576324463,52,0.8707771301269531,2897.9462890625,33.62226121826423,1,2,37,0.0,0.38,0.25,0.1,0.2,0.3,0.15
250,adaptive_attentive_ppoclip_seed1,0,NOOP,0.156517,0.361974,0.371159,0,230,577.4325024810643,318.9680576324463,52,0.8707771301269531,2897.9462890625,33.62226121826423,1,2,37,0.0,0.38,0.25,0.1,0.2,0.3,0.15,241,953.8049866765303,587.9011154174805,56,0.8175839015415737,2930.220703125,34.664785258216064,1,3,38,0.75,0.3715,0.2,0.1,0.25,0.3,0.15
251,adaptive_attentive_ppoclip_seed1,0,NOOP,0.15384,0.469097,0.424169,0,241,953.8049866765303,587.9011154174805,56,0.8175839015415737,2930.220703125,34.664785258216064,1,3,38,0.75,0.3715,0.2,0.1,0.25,0.3,0.15,34,160.58530630905554,354.80308532714844,57,0.8048250967996162,2936.001953125,34.90265861342552,1,4,39,0.92,0.4175,0.25,0.1,0.25,0.3,0.1
252,adaptive_attentive_ppoclip_seed1,1,COMPACT_32KB,0.169523,-0.093407,0.179793,0,34,160.58530630905554,354.80308532714844,57,0.8048250967996162,2936.001953125,34.90265861342552,1,4,39,0.92,0.4175,0.25,0.1,0.25,0.3,0.1,70,286.2925183003114,262.37988471984863,48,0.9492047627766927,2915.95703125,30.419572724359828,1,0,40,0.0,0.4175,0.25,0.15,0.25,0.3,0.05
253,adaptive_attentive_ppoclip_seed1,0,NOOP,0.18024,-0.059909,0.176476,0,70,286.2925183003114,262.37988471984863,48,0.9492047627766927,2915.95703125,30.419572724359828,1,0,40,0.0,0.4175,0.25,0.15,0.25,0.3,0.05,40,169.66048115525803,249.44543838500977,49,0.9318255988919005,2922.205078125,31.091670454400862,1,1,41,0.0,0.3715,0.2,0.2,0.25,0.3,0.05
254,adaptive_attentive_ppoclip_seed1,0,NOOP,0.176903,-0.059912,0.173496,0,40,169.66048115525803,249.44543838500977,49,0.9318255988919005,2922.205078125,31.091670454400862,1,1,41,0.0,0.3715,0.2,0.2,0.25,0.3,0.05,62,274.38453762928043,232.86175727844238,50,0.9157666015625,2930.453125,31.61929350574887,1,2,42,0.0,0.3255,0.15,0.25,0.25,0.3,0.05
255,adaptive_attentive_ppoclip_seed1,0,NOOP,0.173722,-0.05779,0.170693,0,62,274.38453762928043,232.86175727844238,50,0.9157666015625,2930.453125,31.61929350574887,1,2,42,0.0,0.3255,0.15,0.25,0.25,0.3,0.05,68,289.10371895339375,215.18445014953613,51,0.9004830753102022,2939.1767578125,32.07147244698544,1,3,43,0.0,0.288,0.15,0.25,0.2,0.3,0.1
256,adaptive_attentive_ppoclip_seed1,0,NOOP,0.170533,0.373458,0.385466,0,68,289.10371895339375,215.18445014953613,51,0.9004830753102022,2939.1767578125,32.07147244698544,1,3,43,0.0,0.288,0.15,0.25,0.2,0.3,0.1,44,138.33446095102173,568.3307647705078,52,0.8851632338303786,2945.8232421875,32.53305736539358,1,4,44,0.75,0.3255,0.15,0.25,0.25,0.25,0.1
257,adaptive_attentive_ppoclip_seed1,2,COMPACT_64KB,0.217091,-0.109919,0.19191,0,44,138.33446095102173,568.3307647705078,52,0.8851632338303786,2945.8232421875,32.53305736539358,1,4,44,0.75,0.3255,0.15,0.25,0.25,0.25,0.1,39,161.72753131423386,224.4851589202881,36,1.2600220574273004,2903.0908203125,13.304682301836182,1,0,45,0.0,0.27949999999999997,0.1,0.3,0.25,0.25,0.1
258,adaptive_attentive_ppoclip_seed1,0,NOOP,0.195375,-0.048422,0.191357,0,39,161.72753131423386,224.4851589202881,36,1.2600220574273004,2903.0908203125,13.304682301836182,1,0,45,0.0,0.27949999999999997,0.1,0.3,0.25,0.25,0.1,70,255.9007081690018,247.16806411743164,37,1.2297297297297298,2912.0,17.639881561805897,1,1,46,0.0,0.27949999999999997,0.1,0.3,0.25,0.3,0.05
259,adaptive_attentive_ppoclip_seed1,0,NOOP,0.19525,0.364076,0.412187,0,70,255.9007081690018,247.16806411743164,37,1.2297297297297298,2912.0,17.639881561805897,1,1,46,0.0,0.27949999999999997,0.1,0.3,0.25,0.3,0.05,41,184.08456695829778,450.6409168243408,38,1.1999889173005756,2918.373046875,20.98639272928429,1,2,47,0.75,0.27949999999999997,0.1,0.3,0.25,0.3,0.05
260,adaptive_attentive_ppoclip_seed1,0,NOOP,0.195125,0.373449,0.412504,0,41,184.08456695829778,450.6409168243408,38,1.1999889173005756,2918.373046875,20.98639272928429,1,2,47,0.75,0.27949999999999997,0.1,0.3,0.25,0.3,0.05,41,152.2707051065793,429.7754764556885,39,1.1717721009865785,2924.7431640625,23.580178598197342,1,3,48,0.75,0.317,0.1,0.3,0.3,0.25,0.05
261,adaptive_attentive_ppoclip_seed1,0,NOOP,0.195,0.469071,0.464506,0,41,152.2707051065793,429.7754764556885,39,1.1717721009865785,2924.7431640625,23.580178598197342,1,3,48,0.75,0.317,0.1,0.3,0.3,0.25,0.05,65,274.3052162609217,374.7241497039795,40,1.1457954406738282,2933.236328125,25.54065109918107,1,4,49,0.92,0.363,0.15,0.25,0.3,0.25,0.05
262,adaptive_attentive_ppoclip_seed1,2,COMPACT_64KB,0.554466,-0.107808,0.192838,0,65,274.3052162609217,374.7241497039795,40,1.1457954406738282,2933.236328125,25.54065109918107,1,4,49,0.92,0.363,0.15,0.25,0.3,0.25,0.05,69,320.73865195486275,173.10547828674316,37,1.2375550141205658,2930.5302734375,15.766930740132073,1,0,50,0.0,0.3255,0.15,0.25,0.25,0.25,0.1
263,adaptive_attentive_ppoclip_seed1,0,NOOP,0.19525,-0.059936,0.191337,0,69,320.73865195486275,173.10547828674316,37,1.2375550141205658,2930.5302734375,15.766930740132073,1,0,50,0.0,0.3255,0.15,0.25,0.25,0.25,0.1,70,299.7956578831823,243.1321144104004,38,1.208656712582237,2939.453125,19.28369201456191,1,1,51,0.0,0.27949999999999997,0.1,0.25,0.25,0.3,0.1
264,adaptive_attentive_ppoclip_seed1,0,NOOP,0.195125,0.373437,0.412046,0,70,299.7956578831823,243.1321144104004,38,1.208656712582237,2939.453125,19.28369201456191,1,1,51,0.0,0.27949999999999997,0.1,0.25,0.25,0.3,0.1,36,156.26352500921055,452.7158737182617,39,1.1800306271284053,2945.3564453125,22.203099576626073,1,2,52,0.75,0.317,0.1,0.25,0.3,0.25,0.1
265,adaptive_attentive_ppoclip_seed1,0,NOOP,0.195,-0.048439,0.191198,0,36,156.26352500921055,452.7158737182617,39,1.1800306271284053,2945.3564453125,22.203099576626073,1,2,52,0.75,0.317,0.1,0.25,0.3,0.25,0.1,32,138.49129229772313,240.11850357055664,40,1.1527278900146485,2950.9833984375,24.545263878495742,1,3,53,0.0,0.317,0.1,0.3,0.3,0.2,0.1
266,adaptive_attentive_ppoclip_seed1,0,NOOP,0.194875,0.364059,0.411488,0,32,138.49129229772313,240.11850357055664,40,1.1527278900146485,2950.9833984375,24.545263878495742,1,3,53,0.0,0.317,0.1,0.3,0.3,0.2,0.1,38,171.61932327200054,470.6227779388428,41,1.1269404713700457,2957.091796875,26.44019953236051,1,4,54,0.75,0.317,0.1,0.3,0.3,0.2,0.1
267,adaptive_attentive_ppoclip_seed1,2,COMPACT_64KB,0.554466,-0.098444,0.191556,0,38,171.61932327200054,470.6227779388428,41,1.1269404713700457,2957.091796875,26.44019953236051,1,4,54,0.75,0.317,0.1,0.3,0.3,0.2,0.1,65,283.93136401318066,237.1971607208252,37,1.2462764430690456,2951.1826171875,14.167992966381021,1,0,55,0.0,0.317,0.1,0.35,0.3,0.15,0.1
268,adaptive_attentive_ppoclip_seed1,0,NOOP,0.19525,0.373429,0.412863,0,65,283.93136401318066,237.1971607208252,37,1.2462764430690456,2951.1826171875,14.167992966381021,1,0,55,0.0,0.317,0.1,0.35,0.3,0.15,0.1,33,96.56655641082708,416.8391227722168,38,1.2158110769171464,2956.8525390625,18.432844096844065,1,1,56,0.75,0.3545,0.1,0.3,0.35,0.15,0.1
269,adaptive_attentive_ppoclip_seed1,0,NOOP,0.195125,-0.048449,0.191614,0,33,96.56655641082708,416.8391227722168,38,1.2158110769171464,2956.8525390625,18.432844096844065,1,1,56,0.75,0.3545,0.1,0.3,0.35,0.15,0.1,74,330.24891257160857,224.28035736083984,39,1.1883451021634615,2966.109375,21.244671669810668,1,2,57,0.0,0.3545,0.1,0.35,0.35,0.1,0.1
270,adaptive_attentive_ppoclip_seed1,0,NOOP,0.195,-0.057827,0.191199,0,74,330.24891257160857,224.28035736083984,39,1.1883451021634615,2966.109375,21.244671669810668,1,2,57,0.0,0.3545,0.1,0.35,0.35,0.1,0.1,58,245.77580791329183,240.04888534545898,40,1.1617115020751954,2973.9814453125,23.579292566119396,1,3,58,0.0,0.317,0.1,0.4,0.3,0.1,0.1
271,adaptive_attentive_ppoclip_seed1,0,NOOP,0.194875,-0.059954,0.191889,0,58,245.77580791329183,240.04888534545898,40,1.1617115020751954,2973.9814453125,23.579292566119396,1,3,58,0.0,0.317,0.1,0.4,0.3,0.1,0.1,47,234.1413763737667,200.5631923675537,41,1.1360157292063644,2980.9052734375,25.553219472191255,1,4,59,0.0,0.271,0.05,0.4,0.3,0.1,0.15
272,adaptive_attentive_ppoclip_seed1,1,COMPACT_32KB,0.180807,-0.093457,0.192499,0,47,234.1413763737667,200.5631923675537,41,1.1360157292063644,2980.9052734375,25.553219472191255,1,4,59,0.0,0.271,0.05,0.4,0.3,0.1,0.15,69,245.24144429662144,180.03034591674805,39,1.1943762363531651,2981.1630859375,20.041152367636546,1,0,60,0.0,0.271,0.05,0.35,0.3,0.1,0.2
273,adaptive_attentive_ppoclip_seed1,0,NOOP,0.195,-0.04846,0.191696,0,69,245.24144429662144,180.03034591674805,39,1.1943762363531651,2981.1630859375,20.041152367636546,1,0,60,0.0,0.271,0.05,0.35,0.3,0.1,0.2,49,201.222777473173,215.21759033203125,40,1.1673118591308593,2988.318359375,22.613242458142945,1,1,61,0.0,0.271,0.05,0.35,0.3,0.1,0.2
274,adaptive_attentive_ppoclip_seed1,0,NOOP,0.194875,-0.048463,0.191568,0,49,201.222777473173,215.21759033203125,40,1.1673118591308593,2988.318359375,22.613242458142945,1,1,61,0.0,0.271,0.05,0.35,0.3,0.1,0.2,69,301.7450284690719,216.60208702087402,41,1.1422223346989329,2997.19140625,24.58226659205516,1,2,62,0.0,0.271,0.05,0.35,0.3,0.1,0.2
275,adaptive_attentive_ppoclip_seed1,0,NOOP,0.19475,0.469035,0.465934,0,69,301.7450284690719,216.60208702087402,41,1.1422223346989329,2997.19140625,24.58226659205516,1,2,62,0.0,0.271,0.05,0.35,0.3,0.1,0.2,49,219.93946768288703,293.2872772216797,42,1.1176503499348958,3004.244140625,26.332850265822366,1,3,63,0.92,0.317,0.1,0.35,0.3,0.1,0.15
276,adaptive_attentive_ppoclip_seed1,0,NOOP,0.194625,0.364031,0.40601,0,49,219.93946768288703,293.2872772216797,42,1.1176503499348958,3004.244140625,26.332850265822366,1,3,63,0.92,0.317,0.1,0.35,0.3,0.1,0.15,80,402.9913743613641,734.5123291015625,43,1.0952631041061047,3014.1640625,27.66193058268502,1,4,64,0.75,0.317,0.1,0.35,0.3,0.1,0.15
277,adaptive_attentive_ppoclip_seed1,2,COMPACT_64KB,0.554216,-0.098472,0.19106,0,80,402.9913743613641,734.5123291015625,43,1.0952631041061047,3014.1640625,27.66193058268502,1,4,64,0.75,0.317,0.1,0.35,0.3,0.1,0.15,70,264.910421689356,252.02202796936035,39,1.2056630452473958,3009.3349609375,18.297141340479477,1,0,65,0.0,0.317,0.1,0.3,0.3,0.15,0.15
278,adaptive_attentive_ppoclip_seed1,0,NOOP,0.195,-0.048474,0.190626,0,70,264.910421689356,252.02202796936035,39,1.2056630452473958,3009.3349609375,18.297141340479477,1,0,65,0.0,0.317,0.1,0.3,0.3,0.15,0.15,36,159.3210627387258,268.68319511413574,40,1.1778339385986327,3015.2548828125,21.28587635562898,1,1,66,0.0,0.317,0.1,0.3,0.3,0.15,0.15
279,adaptive_attentive_ppoclip_seed1,0,NOOP,0.194875,0.364024,0.411029,0,36,159.3210627387258,268.68319511413574,40,1.1778339385986327,3015.2548828125,21.28587635562898,1,1,66,0.0,0.317,0.1,0.3,0.3,0.15,0.15,52,199.65489690627277,493.53933334350586,41,1.1519112935880336,3022.615234375,23.55019201760233,1,2,67,0.75,0.317,0.1,0.3,0.3,0.15,0.15
280,adaptive_attentive_ppoclip_seed1,0,NOOP,0.19475,0.364023,0.411218,0,52,199.65489690627277,493.53933334350586,41,1.1519112935880336,3022.615234375,23.55019201760233,1,2,67,0.75,0.317,0.1,0.3,0.3,0.15,0.15,32,128.8947610528024,479.1226387023926,42,1.1265553065708704,3028.1806640625,25.52818623050311,1,3,68,0.75,0.317,0.1,0.3,0.3,0.15,0.15
281,adaptive_attentive_ppoclip_seed1,0,NOOP,0.194625,-0.05998,0.191671,0,32,128.8947610528024,479.1226387023926,42,1.1265553065708704,3028.1806640625,25.52818623050311,1,3,68,0.75,0.317,0.1,0.3,0.3,0.15,0.15,53,227.7264268365017,201.44367218017578,43,1.1030511190724928,3035.5966796875,27.082711451704157,1,4,69,0.0,0.271,0.05,0.35,0.3,0.15,0.15
282,adaptive_attentive_ppoclip_seed1,0,NOOP,0.1945,-0.048481,0.191769,0,53,227.7264268365017,201.44367218017578,43,1.1030511190724928,3035.5966796875,27.082711451704157,1,4,69,0.0,0.271,0.05,0.35,0.3,0.15,0.15,33,140.1005235093345,191.5440559387207,44,1.0799900401722302,3041.251953125,28.500197769704993,1,5,70,0.0,0.271,0.05,0.35,0.3,0.15,0.15
283,adaptive_attentive_ppoclip_seed1,1,COMPACT_32KB,0.180682,-0.093484,0.192089,0,33,140.1005235093345,191.5440559387207,44,1.0799900401722302,3041.251953125,28.500197769704993,1,5,70,0.0,0.271,0.05,0.35,0.3,0.15,0.15,71,357.76656166578965,195.55068016052246,40,1.1860065460205078,3036.1767578125,19.69619005497182,1,0,71,0.0,0.271,0.05,0.4,0.3,0.1,0.15
284,adaptive_attentive_ppoclip_seed1,0,NOOP,0.194875,-0.057861,0.191253,0,71,357.76656166578965,195.55068016052246,40,1.1860065460205078,3036.1767578125,19.69619005497182,1,0,71,0.0,0.271,0.05,0.4,0.3,0.1,0.15,40,201.0976624210998,232.34868049621582,41,1.1594636498427973,3042.4326171875,22.283549362546637,1,1,72,0.0,0.23349999999999999,0.05,0.45,0.25,0.1,0.15
285,adaptive_attentive_ppoclip_seed1,0,NOOP,0.19475,-0.048487,0.192101,0,40,201.0976624210998,232.34868049621582,41,1.1594636498427973,3042.4326171875,22.283549362546637,1,1,72,0.0,0.23349999999999999,0.05,0.45,0.25,0.1,0.15,30,127.70679297714294,184.96465682983398,42,1.1338697160993303,3047.841796875,24.436343881933393,1,2,73,0.0,0.23349999999999999,0.05,0.4,0.25,0.1,0.2
286,adaptive_attentive_ppoclip_seed1,0,NOOP,0.194625,0.36401,0.411094,0,30,127.70679297714294,184.96465682983398,42,1.1338697160993303,3047.841796875,24.436343881933393,1,2,73,0.0,0.23349999999999999,0.05,0.4,0.25,0.1,0.2,49,206.85094759302314,480.2839756011963,43,1.1100538386855014,3054.8681640625,26.1307578290875,1,3,74,0.75,0.23349999999999999,0.05,0.4,0.25,0.1,0.2
287,adaptive_attentive_ppoclip_seed1,5,PARTITION_REGION,0.012682,-0.148491,0.190518,0,49,206.85094759302314,480.2839756011963,43,1.1100538386855014,3054.8681640625,26.1307578290875,1,3,74,0.75,0.23349999999999999,0.05,0.4,0.25,0.1,0.2,33,139.08604296420452,254.08244132995605,44,1.086840196089311,3060.5419921875,27.641543646957572,2,4,0,0.0,0.23349999999999999,0.05,0.4,0.25,0.1,0.2
288,adaptive_attentive_ppoclip_seed1,3,COMPACT_128KB,-0.12775,0.294008,0.396825,0,33,139.08604296420452,254.08244132995605,44,1.086840196089311,3060.5419921875,27.641543646957572,2,4,0,0.0,0.23349999999999999,0.05,0.4,0.25,0.1,0.2,31,111.04495314747187,98.74129295349121,22,2.1226265647194604,2988.658203125,67.57056701024973,2,0,1,0.67,0.22949999999999998,0.05,0.45,0.2,0.1,0.2
289,adaptive_attentive_ppoclip_seed1,0,NOOP,0.196875,-0.018494,0.191183,0,31,111.04495314747187,98.74129295349121,22,2.1226265647194604,2988.658203125,67.57056701024973,2,0,1,0.67,0.22949999999999998,0.05,0.45,0.2,0.1,0.2,38,157.22159780853482,315.8276081085205,25,1.8750543212890625,3000.0869140625,76.8950401237405,2,1,2,0.0,0.22949999999999998,0.1,0.4,0.2,0.1,0.2
290,adaptive_attentive_ppoclip_seed1,0,NOOP,0.1965,-0.018497,0.192576,0,38,157.22159780853482,315.8276081085205,25,1.8750543212890625,3000.0869140625,76.8950401237405,2,1,2,0.0,0.22949999999999998,0.1,0.4,0.2,0.1,0.2,33,116.69842319061503,231.21976852416992,28,1.6802428109305245,3010.9951171875,81.2359366369158,2,2,3,0.0,0.22949999999999998,0.15,0.35,0.2,0.1,0.2
291,adaptive_attentive_ppoclip_seed1,0,NOOP,0.196125,0.35836,0.395968,0,33,116.69842319061503,231.21976852416992,28,1.6802428109305245,3010.9951171875,81.2359366369158,2,2,3,0.0,0.22949999999999998,0.15,0.35,0.2,0.1,0.2,80,305.11157606822684,96.62055969238281,31,1.5253069477696573,3026.208984375,82.99276932120227,2,3,4,0.67,0.263,0.15,0.4,0.2,0.1,0.15
292,adaptive_attentive_ppoclip_seed1,0,NOOP,0.19575,-0.018516,0.191187,0,80,305.11157606822684,96.62055969238281,31,1.5253069477696573,3026.208984375,82.99276932120227,2,3,4,0.67,0.263,0.15,0.4,0.2,0.1,0.15,68,264.09901235802533,270.6489562988281,34,1.3972069235409008,3040.322265625,83.5301549106482,2,4,5,0.0,0.263,0.2,0.4,0.2,0.1,0.1
293,adaptive_attentive_ppoclip_seed1,0,NOOP,0.195375,-0.018516,0.19103,0,68,264.09901235802533,270.6489562988281,34,1.3972069235409008,3040.322265625,83.5301549106482,2,4,5,0.0,0.263,0.2,0.4,0.2,0.1,0.1,33,124.836105524239,263.5164260864258,37,1.2885412267736487,3051.265625,83.42205706322079,2,5,6,0.0,0.263,0.25,0.35,0.2,0.1,0.1
294,adaptive_attentive_ppoclip_seed1,1,COMPACT_32KB,0.563432,0.313367,0.394857,0,33,124.836105524239,263.5164260864258,37,1.2885412267736487,3051.265625,83.42205706322079,2,5,6,0.0,0.263,0.25,0.35,0.2,0.1,0.1,35,141.99702271845732,117.15865135192871,38,1.259913394325658,3064.109375,23.536916441211016,2,0,7,0.67,0.2965,0.25,0.35,0.2,0.1,0.1
295,adaptive_attentive_ppoclip_seed1,0,NOOP,0.194875,-0.030012,0.186571,0,35,141.99702271845732,117.15865135192871,38,1.259913394325658,3064.109375,23.536916441211016,2,0,7,0.67,0.2965,0.25,0.35,0.2,0.1,0.1,78,327.47303336933487,466.47000312805176,41,1.173448516101372,3079.12890625,30.167571890208723,2,1,8,0.0,0.2505,0.2,0.35,0.25,0.1,0.1
296,adaptive_attentive_ppoclip_seed1,0,NOOP,0.1945,0.348984,0.393648,0,78,327.47303336933487,466.47000312805176,41,1.173448516101372,3079.12890625,30.167571890208723,2,1,8,0.0,0.2505,0.2,0.35,0.25,0.1,0.1,46,124.61456146764341,147.62425422668457,44,1.097751964222301,3091.26953125,34.27578204026915,2,2,9,0.67,0.2465,0.2,0.4,0.2,0.1,0.1
297,adaptive_attentive_ppoclip_seed1,0,NOOP,0.194125,0.358357,0.39431,0,46,124.61456146764341,147.62425422668457,44,1.097751964222301,3091.26953125,34.27578204026915,2,2,9,0.67,0.2465,0.2,0.4,0.2,0.1,0.1,60,241.8311878505068,99.51591491699219,47,1.0321369576961437,3104.66796875,36.912178898662454,2,3,10,0.67,0.27999999999999997,0.2,0.45,0.2,0.05,0.1
298,adaptive_attentive_ppoclip_seed1,0,NOOP,0.18863,-0.018515,0.183585,0,60,241.8311878505068,99.51591491699219,47,1.0321369576961437,3104.66796875,36.912178898662454,2,3,10,0.67,0.27999999999999997,0.2,0.45,0.2,0.05,0.1,60,214.52996757221234,314.75186347961426,50,0.9744015502929687,3118.0849609375,38.69615521084633,2,4,11,0.0,0.27999999999999997,0.2,0.45,0.2,0.05,0.1
299,adaptive_attentive_ppoclip_seed1,3,COMPACT_128KB,0.16325,-0.082891,0.193177,0,60,214.52996757221234,314.75186347961426,50,0.9744015502929687,3118.0849609375,38.69615521084633,2,4,11,0.0,0.27999999999999997,0.2,0.45,0.2,0.05,0.1,78,310.18605339108075,171.1287498474121,34,1.4168503705193014,3083.06640625,7.135191660057446,2,0,12,0.0,0.2425,0.2,0.45,0.15,0.05,0.15
300,adaptive_attentive_ppoclip_seed1,0,NOOP,0.195375,-0.02788,0.187505,0,78,310.18605339108075,171.1287498474121,34,1.4168503705193014,3083.06640625,7.135191660057446,2,0,12,0.0,0.2425,0.2,0.45,0.15,0.05,0.15,54,214.4790172838945,439.7544860839844,37,1.3073916048616976,3095.9033203125,24.86591144337828,2,1,13,0.0,0.205,0.2,0.45,0.15,0.05,0.15
301,adaptive_attentive_ppoclip_seed1,0,NOOP,0.195,-0.018495,0.191089,0,54,214.4790172838945,439.7544860839844,37,1.3073916048616976,3095.9033203125,24.86591144337828,2,1,13,0.0,0.205,0.2,0.45,0.15,0.05,0.15,46,185.62991969165907,245.55301666259766,40,1.214055633544922,3107.982421875,31.970762179624465,2,2,14,0.0,0.20500000000000002,0.2,0.4,0.15,0.1,0.15
302,adaptive_attentive_ppoclip_seed1,0,NOOP,0.194625,-0.018497,0.191926,0,46,185.62991969165907,245.55301666259766,40,1.214055633544922,3107.982421875,31.970762179624465,2,2,14,0.0,0.20500000000000002,0.2,0.4,0.15,0.1,0.15,38,132.81774508194468,188.72332572937012,43,1.1334941775299783,3119.3759765625,36.22189227692934,2,3,15,0.0,0.205,0.2,0.4,0.15,0.1,0.15
303,adaptive_attentive_ppoclip_seed1,0,NOOP,0.19425,-0.018495,0.189482,0,38,132.81774508194468,188.72332572937012,43,1.1334941775299783,3119.3759765625,36.22189227692934,2,3,15,0.0,0.205,0.2,0.4,0.15,0.1,0.15,74,215.5741559798191,295.88866233825684,46,1.064538043478261,3134.0,38.85820777074455,2,4,16,0.0,0.205,0.2,0.35,0.15,0.15,0.15
304,adaptive_attentive_ppoclip_seed1,0,NOOP,0.193875,0.358379,0.393937,0,74,215.5741559798191,295.88866233825684,46,1.064538043478261,3134.0,38.85820777074455,2,4,16,0.0,0.205,0.2,0.35,0.15,0.15,0.15,56,217.62247372151523,108.1702709197998,49,1.0035101442920917,3147.0078125,40.67433852955398,2,5,17,0.67,0.2385,0.2,0.35,0.15,0.15,0.15
305,adaptive_attentive_ppoclip_seed1,3,COMPACT_128KB,0.16325,-0.073504,0.192019,0,56,217.62247372151523,108.1702709197998,49,1.0035101442920917,3147.0078125,40.67433852955398,2,5,17,0.67,0.2385,0.2,0.35,0.15,0.15,0.15,62,216.4746200098062,229.07257080078125,34,1.4298952888039982,3111.4521484375,7.2770614970706395,2,0,18,0.0,0.23850000000000002,0.2,0.35,0.15,0.2,0.1
306,adaptive_attentive_ppoclip_seed1,0,NOOP,0.195375,-0.027886,0.192857,0,62,216.4746200098062,229.07257080078125,34,1.4298952888039982,3111.4521484375,7.2770614970706395,2,0,18,0.0,0.23850000000000002,0.2,0.35,0.15,0.2,0.1,56,223.4008986216316,172.14536666870117,37,1.319460069811022,3124.4814453125,25.10924264937145,2,1,19,0.0,0.201,0.2,0.35,0.1,0.2,0.15
307,adaptive_attentive_ppoclip_seed1,0,NOOP,0.195,-0.018498,0.191076,0,56,223.4008986216316,172.14536666870117,37,1.319460069811022,3124.4814453125,25.10924264937145,2,1,19,0.0,0.201,0.2,0.35,0.1,0.2,0.15,36,129.97387867952446,246.2012767791748,40,1.2248565673828125,3135.6328125,32.337215821881685,2,2,20,0.0,0.201,0.2,0.3,0.1,0.25,0.15
308,adaptive_attentive_ppoclip_seed1,0,NOOP,0.194625,-0.026879,0.190567,0,36,129.97387867952446,246.2012767791748,40,1.2248565673828125,3135.6328125,32.337215821881685,2,2,20,0.0,0.201,0.2,0.3,0.1,0.25,0.15,42,167.95419035106622,256.6382884979248,43,1.1436622087345567,3147.3583984375,36.60113591704913,2,3,21,0.0,0.16750000000000004,0.2,0.25,0.1,0.3,0.15
309,adaptive_attentive_ppoclip_seed1,6,PARTITION_EVENT_TYPE,0.012432,-0.1185,0.188509,0,42,167.95419035106622,256.6382884979248,43,1.1436622087345567,3147.3583984375,36.60113591704913,2,3,21,0.0,0.16750000000000004,0.2,0.25,0.1,0.3,0.15,56,250.5464401717379,344.56467628479004,46,1.073487654976223,3160.34765625,39.31784478849878,3,4,0,0.0,0.1675,0.15,0.25,0.1,0.35,0.15
310,adaptive_attentive_ppoclip_seed1,2,COMPACT_64KB,0.554091,0.273979,0.392271,0,56,250.5464401717379,344.56467628479004,46,1.073487654976223,3160.34765625,39.31784478849878,3,4,0,0.0,0.1675,0.15,0.25,0.1,0.35,0.15,75,273.1292587884724,236.4330291748047,40,1.2309490203857423,3151.2294921875,29.191653533396945,3,0,1,0.67,0.201,0.1,0.25,0.1,0.4,0.15
311,adaptive_attentive_ppoclip_seed1,0,NOOP,0.194625,0.315787,0.391934,0,75,273.1292587884724,236.4330291748047,40,1.2309490203857423,3151.2294921875,29.191653533396945,3,0,1,0.67,0.201,0.1,0.25,0.1,0.4,0.15,70,268.3027457961365,238.311767578125,43,1.150244069653888,3165.4716796875,33.99605993282675,3,1,2,0.67,0.201,0.1,0.2,0.1,0.45,0.15
312,adaptive_attentive_ppoclip_seed1,0,NOOP,0.19425,-0.052537,0.192057,0,70,268.3027457961365,238.311767578125,43,1.150244069653888,3165.4716796875,33.99605993282675,3,1,2,0.67,0.201,0.1,0.2,0.1,0.45,0.15,67,256.307271354199,167.16933250427246,46,1.080003489618716,3179.5302734375,37.07996266978967,3,2,3,0.0,0.201,0.05,0.25,0.1,0.45,0.15
313,adaptive_attentive_ppoclip_seed1,0,NOOP,0.193875,-0.052341,0.184716,0,67,256.307271354199,167.16933250427246,46,1.080003489618716,3179.5302734375,37.07996266978967,3,2,3,0.0,0.201,0.05,0.25,0.1,0.45,0.15,75,253.00055976991527,519.2248821258545,49,1.0185652752311862,3194.220703125,39.13005470504201,3,3,4,0.0,0.201,0.0,0.25,0.15,0.45,0.15
314,adaptive_attentive_ppoclip_seed1,0,NOOP,0.186157,0.316265,0.383412,0,75,253.00055976991527,519.2248821258545,49,1.0185652752311862,3194.220703125,39.13005470504201,3,3,4,0.0,0.201,0.0,0.25,0.15,0.45,0.15,41,175.9733778127974,252.24590301513672,52,0.9632870600773737,3205.8193359375,40.61521071863932,3,4,5,0.67,0.201,0.0,0.2,0.15,0.5,0.15
315,adaptive_attentive_ppoclip_seed1,0,NOOP,0.175895,0.324731,0.371613,0,41,175.9733778127974,252.24590301513672,52,0.9632870600773737,3205.8193359375,40.61521071863932,3,4,5,0.67,0.201,0.0,0.2,0.15,0.5,0.15,35,130.33201670160224,332.8523635864258,55,0.9138513738458807,3216.7568359375,41.649895226057154,3,5,6,0.67,0.23450000000000001,0.0,0.2,0.1,0.55,0.15
316,adaptive_attentive_ppoclip_seed1,2,COMPACT_64KB,0.216966,0.266458,0.392626,0,35,130.33201670160224,332.8523635864258,55,0.9138513738458807,3216.7568359375,41.649895226057154,3,5,6,0.67,0.23450000000000001,0.0,0.2,0.1,0.55,0.15,40,127.19002143181507,233.70361328125,37,1.3393525819520693,3171.5869140625,17.638594753676596,3,0,7,0.67,0.23450000000000001,0.0,0.15,0.1,0.6,0.15
317,adaptive_attentive_ppoclip_seed1,0,NOOP,0.195,0.316594,0.390151,0,40,127.19002143181507,233.70361328125,37,1.3393525819520693,3171.5869140625,17.638594753676596,3,0,7,0.67,0.23450000000000001,0.0,0.15,0.1,0.6,0.15,53,204.29858910545315,342.44322776794434,40,1.2438457489013672,3184.2451171875,27.56716109486462,3,1,8,0.67,0.23450000000000001,0.0,0.1,0.1,0.65,0.15
318,adaptive_attentive_ppoclip_seed1,0,NOOP,0.194625,0.325154,0.388217,0,53,204.29858910545315,342.44322776794434,40,1.2438457489013672,3184.2451171875,27.56716109486462,3,1,8,0.67,0.23450000000000001,0.0,0.1,0.1,0.65,0.15,73,196.68167143086558,424.17335510253906,43,1.1623127072356467,3198.6845703125,32.82741760633082,3,2,9,0.67,0.268,0.0,0.1,0.1,0.65,0.15
319,adaptive_attentive_ppoclip_seed1,0,NOOP,0.19425,-0.051612,0.19164,0,73,196.68167143086558,424.17335510253906,43,1.1623127072356467,3198.6845703125,32.82741760633082,3,2,9,0.67,0.268,0.0,0.1,0.1,0.65,0.15,43,144.2021507783579,187.99901008605957,46,1.0905031950577446,3210.44140625,36.26770282620485,3,3,10,0.0,0.268,0.0,0.15,0.1,0.65,0.1
320,adaptive_attentive_ppoclip_seed1,0,NOOP,0.193875,0.325345,0.386886,0,43,144.2021507783579,187.99901008605957,46,1.0905031950577446,3210.44140625,36.26770282620485,3,3,10,0.0,0.268,0.0,0.15,0.1,0.65,0.1,32,101.99915341245456,460.7100486755371,49,1.027182131397481,3221.2431640625,38.60350797072968,3,4,11,0.67,0.3015,0.0,0.15,0.05,0.7,0.1
321,adaptive_attentive_ppoclip_seed1,3,COMPACT_128KB,0.1645,-0.119475,0.194895,0,32,101.99915341245456,460.7100486755371,49,1.027182131397481,3221.2431640625,38.60350797072968,3,4,11,0.67,0.3015,0.0,0.15,0.05,0.7,0.1,56,152.3099774661587,135.2686882019043,24,2.0476150512695312,3145.13671875,57.349808149196534,3,0,12,0.0,0.3015,0.0,0.15,0.05,0.65,0.15
322,adaptive_attentive_ppoclip_seed1,0,NOOP,0.196625,0.312394,0.395495,0,56,152.3099774661587,135.2686882019043,24,2.0476150512695312,3145.13671875,57.349808149196534,3,0,12,0.0,0.3015,0.0,0.15,0.05,0.65,0.15,41,151.83309229544005,140.26284217834473,27,1.826841566297743,3156.7822265625,67.58819541048244,3,1,13,0.67,0.3350000000000001,0.0,0.15,0.05,0.7,0.1
323,adaptive_attentive_ppoclip_seed1,0,NOOP,0.19625,0.312372,0.395667,0,41,151.83309229544005,140.26284217834473,27,1.826841566297743,3156.7822265625,67.58819541048244,3,1,13,0.67,0.3350000000000001,0.0,0.15,0.05,0.7,0.1,47,167.9644256617149,116.65868759155273,30,1.6504969278971353,3168.9541015625,72.67512550991746,3,2,14,0.67,0.36850000000000005,0.0,0.15,0.05,0.7,0.1
324,adaptive_attentive_ppoclip_seed1,0,NOOP,0.195875,-0.072881,0.193251,0,47,167.9644256617149,116.65868759155273,30,1.6504969278971353,3168.9541015625,72.67512550991746,3,2,14,0.67,0.36850000000000005,0.0,0.15,0.05,0.7,0.1,46,168.18926938808244,172.45864868164062,33,1.5061543782552083,3180.998046875,75.27722352237538,3,3,15,0.0,0.3350000000000001,0.0,0.15,0.05,0.7,0.1
325,adaptive_attentive_ppoclip_seed1,0,NOOP,0.1955,-0.064525,0.19297,0,46,168.18926938808244,172.45864868164062,33,1.5061543782552083,3180.998046875,75.27722352237538,3,3,15,0.0,0.3350000000000001,0.0,0.15,0.05,0.7,0.1,62,204.74469235959603,171.50521278381348,36,1.3865208095974393,3194.5439453125,76.44877852948322,3,4,16,0.0,0.335,0.0,0.15,0.05,0.65,0.15
326,adaptive_attentive_ppoclip_seed1,0,NOOP,0.195125,-0.06456,0.191867,0,62,204.74469235959603,171.50521278381348,36,1.3865208095974393,3194.5439453125,76.44877852948322,3,4,16,0.0,0.335,0.0,0.15,0.05,0.65,0.15,72,303.85984146437175,211.639404296875,39,1.285594451121795,3208.84375,76.79300253197503,3,5,17,0.0,0.3350000000000001,0.0,0.2,0.05,0.65,0.1
327,adaptive_attentive_ppoclip_seed1,2,COMPACT_64KB,0.216841,0.262326,0.394943,0,72,303.85984146437175,211.639404296875,39,1.285594451121795,3208.84375,76.79300253197503,3,5,17,0.0,0.3350000000000001,0.0,0.2,0.05,0.65,0.1,47,169.42196951075925,112.82849311828613,38,1.3224659969932155,3216.2373046875,18.221198800929777,3,0,18,0.67,0.36850000000000005,0.0,0.2,0.05,0.65,0.1
328,adaptive_attentive_ppoclip_seed1,0,NOOP,0.194875,0.312322,0.39475,0,47,169.42196951075925,112.82849311828613,38,1.3224659969932155,3216.2373046875,18.221198800929777,3,0,18,0.67,0.36850000000000005,0.0,0.2,0.05,0.65,0.1,35,132.10774833763642,107.48291015625,41,1.2299235274152058,3227.3193359375,27.615052911928057,3,1,19,0.67,0.402,0.0,0.2,0.05,0.65,0.1
329,adaptive_attentive_ppoclip_seed1,0,NOOP,0.1945,0.312311,0.39406,0,35,132.10774833763642,107.48291015625,41,1.2299235274152058,3227.3193359375,27.615052911928057,3,1,19,0.67,0.402,0.0,0.2,0.05,0.65,0.1,34,106.23514170884968,126.97505950927734,44,1.1499373696067117,3238.2236328125,32.80111541486431,3,2,20,0.67,0.43550000000000005,0.0,0.2,0.05,0.65,0.1
330,adaptive_attentive_ppoclip_seed1,0,NOOP,0.194125,0.303911,0.393876,0,34,106.23514170884968,126.97505950927734,44,1.1499373696067117,3238.2236328125,32.80111541486431,3,2,20,0.67,0.43550000000000005,0.0,0.2,0.05,0.65,0.1,79,248.2083946644374,121.21796607971191,47,1.08153842357879,3253.267578125,35.96040071068681,3,3,21,0.67,0.43550000000000005,0.0,0.2,0.05,0.65,0.1
331,adaptive_attentive_ppoclip_seed1,0,NOOP,0.19375,0.303894,0.393413,0,79,248.2083946644374,121.21796607971191,47,1.08153842357879,3253.267578125,35.96040071068681,3,3,21,0.67,0.43550000000000005,0.0,0.2,0.05,0.65,0.1,64,226.19014820912915,129.36711311340332,50,1.0209280395507812,3266.9697265625,38.14013703925895,3,4,22,0.67,0.43550000000000005,0.0,0.2,0.05,0.65,0.1
332,adaptive_attentive_ppoclip_seed1,2,COMPACT_64KB,0.554216,0.26228,0.39363,0,64,226.19014820912915,129.36711311340332,50,1.0209280395507812,3266.9697265625,38.14013703925895,3,4,22,0.67,0.43550000000000005,0.0,0.2,0.05,0.65,0.1,62,199.16095432989817,173.4943389892578,39,1.2992905836838942,3243.029296875,20.490059532476586,3,0,23,0.67,0.46900000000000003,0.0,0.15,0.05,0.7,0.1
333,adaptive_attentive_ppoclip_seed1,0,NOOP,0.19475,0.312252,0.393284,0,62,199.16095432989817,173.4943389892578,39,1.2992905836838942,3243.029296875,20.490059532476586,3,0,23,0.67,0.46900000000000003,0.0,0.15,0.05,0.7,0.1,61,218.16144553862787,175.8248805999756,42,1.2114904494512648,3256.486328125,28.457310678058025,3,1,24,0.67,0.5025000000000001,0.0,0.15,0.0,0.75,0.1
334,adaptive_attentive_ppoclip_seed1,0,NOOP,0.194375,0.303884,0.392375,0,61,218.16144553862787,175.8248805999756,42,1.2114904494512648,3256.486328125,28.457310678058025,3,1,24,0.67,0.5025000000000001,0.0,0.15,0.0,0.75,0.1,41,147.27758588942606,206.25543594360352,45,1.1347900390625,3268.1953125,33.16094101978367,3,2,25,0.67,0.5025000000000001,0.0,0.15,0.0,0.75,0.1
335,adaptive_attentive_ppoclip_seed1,0,NOOP,0.194,0.303881,0.393782,0,41,147.27758588942606,206.25543594360352,45,1.1347900390625,3268.1953125,33.16094101978367,3,2,25,0.67,0.5025000000000001,0.0,0.15,0.0,0.75,0.1,30,97.5239606956236,120.92018127441406,48,1.0673020680745442,3278.751953125,36.26670533921784,3,3,26,0.67,0.5025000000000001,0.0,0.15,0.0,0.75,0.1
336,adaptive_attentive_ppoclip_seed1,0,NOOP,0.193625,-0.073003,0.183481,0,30,97.5239606956236,120.92018127441406,48,1.0673020680745442,3278.751953125,36.26670533921784,3,3,26,0.67,0.5025000000000001,0.0,0.15,0.0,0.75,0.1,63,238.29682362468594,570.929765701294,51,1.0086909275428921,3292.3671875,38.28973435867175,3,4,27,0.0,0.46900000000000003,0.0,0.15,0.05,0.7,0.1
337,adaptive_attentive_ppoclip_seed1,1,COMPACT_32KB,0.562682,-0.092671,0.190104,0,63,238.29682362468594,570.929765701294,51,1.0086909275428921,3292.3671875,38.28973435867175,3,4,27,0.0,0.46900000000000003,0.0,0.15,0.05,0.7,0.1,30,92.1210914335498,274.7945785522461,44,1.1628445712002842,3274.5703125,26.460405603382643,3,0,28,0.0,0.43550000000000005,0.0,0.2,0.05,0.65,0.1
338,adaptive_attentive_ppoclip_seed1,0,NOOP,0.194125,0.329204,0.394189,0,30,92.1210914335498,274.7945785522461,44,1.1628445712002842,3274.5703125,26.460405603382643,3,0,28,0.0,0.43550000000000005,0.0,0.2,0.05,0.65,0.1,40,128.70641628935672,105.53145408630371,47,1.0924510549991688,3286.0927734375,30.96299506055597,3,1,29,0.67,0.43550000000000005,0.0,0.2,0.05,0.65,0.1
339,adaptive_attentive_ppoclip_seed1,0,NOOP,0.19375,-0.039311,0.190317,0,40,128.70641628935672,105.53145408630371,47,1.0924510549991688,3286.0927734375,30.96299506055597,3,1,29,0.67,0.43550000000000005,0.0,0.2,0.05,0.65,0.1,80,283.23314141300744,234.17329788208008,50,1.031612548828125,3301.16015625,33.80341583575419,3,2,30,0.0,0.43550000000000005,0.0,0.15,0.05,0.65,0.15
340,adaptive_attentive_ppoclip_seed1,0,NOOP,0.18879,-0.047686,0.185332,0,80,283.23314141300744,234.17329788208008,50,1.031612548828125,3301.16015625,33.80341583575419,3,2,30,0.0,0.43550000000000005,0.0,0.15,0.05,0.65,0.15,57,213.21776944597792,239.14074897766113,53,0.977075252892836,3314.2392578125,35.83019723572886,3,3,31,0.0,0.402,0.0,0.15,0.05,0.6,0.2
341,adaptive_attentive_ppoclip_seed1,0,NOOP,0.178569,0.337569,0.378451,0,57,213.21776944597792,239.14074897766113,53,0.977075252892836,3314.2392578125,35.83019723572886,3,3,31,0.0,0.402,0.0,0.15,0.05,0.6,0.2,36,132.18883500967812,125.87738037109375,56,0.927842548915318,3325.3876953125,37.31482698142741,3,4,32,0.67,0.43550000000000005,0.0,0.15,0.05,0.65,0.15
342,adaptive_attentive_ppoclip_seed1,3,COMPACT_128KB,-0.1295,0.274205,0.394228,0,36,132.18883500967812,125.87738037109375,56,0.927842548915318,3325.3876953125,37.31482698142741,3,4,32,0.67,0.43550000000000005,0.0,0.15,0.05,0.65,0.15,31,124.46136984308248,158.62226486206055,36,1.4205165439181857,3272.8701171875,15.367523196317299,3,0,33,0.67,0.43550000000000005,0.0,0.15,0.05,0.65,0.15
343,adaptive_attentive_ppoclip_seed1,0,NOOP,0.195125,0.32922,0.395133,0,31,124.46136984308248,158.62226486206055,36,1.4205165439181857,3272.8701171875,15.367523196317299,3,0,33,0.67,0.43550000000000005,0.0,0.15,0.05,0.65,0.15,45,168.79845460399227,98.34051132202148,39,1.3160537328475561,3284.8701171875,27.713664252297605,3,1,34,0.67,0.43550000000000005,0.0,0.15,0.05,0.65,0.15
344,adaptive_attentive_ppoclip_seed1,0,NOOP,0.19475,-0.039279,0.185762,0,45,168.79845460399227,98.34051132202148,39,1.3160537328475561,3284.8701171875,27.713664252297605,3,1,34,0.67,0.43550000000000005,0.0,0.15,0.05,0.65,0.15,36,159.21690497279513,501.8765926361084,42,1.2261723109654017,3295.951171875,33.94948116132187,3,2,35,0.0,0.43550000000000005,0.0,0.1,0.1,0.65,0.15
345,adaptive_attentive_ppoclip_seed1,0,NOOP,0.194375,0.337592,0.394694,0,36,159.21690497279513,501.8765926361084,42,1.2261723109654017,3295.951171875,33.94948116132187,3,2,35,0.0,0.43550000000000005,0.0,0.1,0.1,0.65,0.15,56,208.17931989261368,90.31248092651367,45,1.1489464653862846,3308.9658203125,37.734355327073665,3,3,36,0.67,0.46900000000000003,0.0,0.1,0.1,0.7,0.1
346,adaptive_attentive_ppoclip_seed1,0,NOOP,0.194,-0.039288,0.189519,0,56,208.17931989261368,90.31248092651367,45,1.1489464653862846,3308.9658203125,37.734355327073665,3,3,36,0.67,0.46900000000000003,0.0,0.1,0.1,0.7,0.1,67,202.4282366771668,284.0700149536133,48,1.0816589991251628,3322.8564453125,40.215383959689994,3,4,37,0.0,0.46900000000000003,0.0,0.1,0.1,0.7,0.1
347,adaptive_attentive_ppoclip_seed1,3,COMPACT_128KB,0.163125,0.274194,0.394299,0,67,202.4282366771668,284.0700149536133,48,1.0816589991251628,3322.8564453125,40.215383959689994,3,4,37,0.0,0.46900000000000003,0.0,0.1,0.1,0.7,0.1,72,299.33567853840003,160.0499153137207,35,1.4703892299107142,3293.671875,15.526024086810915,3,0,38,0.67,0.46900000000000003,0.0,0.1,0.1,0.7,0.1
348,adaptive_attentive_ppoclip_seed1,0,NOOP,0.19525,-0.047677,0.192216,0,72,299.33567853840003,160.0499153137207,35,1.4703892299107142,3293.671875,15.526024086810915,3,0,38,0.67,0.46900000000000003,0.0,0.1,0.1,0.7,0.1,30,97.39668896932018,199.19443130493164,38,1.3586763080797697,3304.30078125,28.879635605034593,3,1,39,0.0,0.43550000000000005,0.0,0.1,0.1,0.65,0.15
349,adaptive_attentive_ppoclip_seed1,0,NOOP,0.194875,0.329209,0.394661,0,30,97.39668896932018,199.19443130493164,38,1.3586763080797697,3304.30078125,28.879635605034593,3,1,39,0.0,0.43550000000000005,0.0,0.1,0.1,0.65,0.15,41,174.92212311426167,111.92846298217773,41,1.263665176019436,3315.857421875,35.377803856528736,3,2,40,0.67,0.43550000000000005,0.0,0.1,0.1,0.65,0.15
350,adaptive_attentive_ppoclip_seed1,0,NOOP,0.1945,0.329206,0.393107,0,41,174.92212311426167,111.92846298217773,41,1.263665176019436,3315.857421875,35.377803856528736,3,2,40,0.67,0.43550000000000005,0.0,0.1,0.1,0.65,0.15,70,269.8293171583494,174.65543746948242,44,1.182599501176314,3330.2001953125,39.254340120412245,3,3,41,0.67,0.43550000000000005,0.0,0.1,0.1,0.65,0.15
351,adaptive_attentive_ppoclip_seed1,0,NOOP,0.194125,0.329215,0.394289,0,70,269.8293171583494,174.65543746948242,44,1.182599501176314,3330.2001953125,39.254340120412245,3,3,41,0.67,0.43550000000000005,0.0,0.1,0.1,0.65,0.15,53,170.65369595440598,100.54779052734375,47,1.1113411112034575,3342.9140625,41.8588128694292,3,4,42,0.67,0.43550000000000005,0.0,0.1,0.1,0.65,0.15
352,adaptive_attentive_ppoclip_seed1,3,COMPACT_128KB,0.163125,0.274226,0.395669,0,53,170.65369595440598,100.54779052734375,47,1.1113411112034575,3342.9140625,41.8588128694292,3,4,42,0.67,0.43550000000000005,0.0,0.1,0.1,0.65,0.15,67,274.7185228343624,91.53246879577637,35,1.4804491315569197,3316.2060546875,15.440655589650778,3,0,43,0.67,0.43550000000000005,0.0,0.1,0.1,0.65,0.15
353,adaptive_attentive_ppoclip_seed1,0,NOOP,0.19525,0.329234,0.393742,0,67,274.7185228343624,91.53246879577637,35,1.4804491315569197,3316.2060546875,15.440655589650778,3,0,43,0.67,0.43550000000000005,0.0,0.1,0.1,0.65,0.15,89,303.99076202691424,172.87540435791016,38,1.3701798288445723,3332.27734375,28.56835665371058,3,1,44,0.67,0.43550000000000005,0.0,0.1,0.1,0.65,0.15
354,adaptive_attentive_ppoclip_seed1,0,NOOP,0.194875,0.329231,0.394781,0,89,303.99076202691424,172.87540435791016,38,1.3701798288445723,3332.27734375,28.56835665371058,3,1,44,0.67,0.43550000000000005,0.0,0.1,0.1,0.65,0.15,61,143.8570765901292,105.9267520904541,41,1.2750329738709985,3345.6865234375,35.1645335761398,3,2,45,0.67,0.43550000000000005,0.0,0.1,0.1,0.65,0.15
355,adaptive_attentive_ppoclip_seed1,0,NOOP,0.1945,-0.047641,0.191538,0,61,143.8570765901292,105.9267520904541,41,1.2750329738709985,3345.6865234375,35.1645335761398,3,2,45,0.67,0.43550000000000005,0.0,0.1,0.1,0.65,0.15,89,340.89569292699053,203.0949592590332,44,1.1937651200727983,3361.642578125,39.100643788834056,3,3,46,0.0,0.402,0.0,0.1,0.1,0.6,0.2
356,adaptive_attentive_ppoclip_seed1,0,NOOP,0.194125,0.33763,0.393697,0,89,340.89569292699053,203.0949592590332,44,1.1937651200727983,3361.642578125,39.100643788834056,3,3,46,0.0,0.402,0.0,0.1,0.1,0.6,0.2,94,324.7528518300393,130.13768196105957,47,1.123044602414395,3378.1181640625,41.66937221278142,3,4,47,0.67,0.43550000000000005,0.0,0.1,0.05,0.65,0.2
357,adaptive_attentive_ppoclip_seed1,1,COMPACT_32KB,0.179307,-0.084244,0.183886,0,94,324.7528518300393,130.13768196105957,47,1.123044602414395,3378.1181640625,41.66937221278142,3,4,47,0.67,0.43550000000000005,0.0,0.1,0.05,0.65,0.2,56,208.19740374856514,550.6916046142578,51,1.0403424431295956,3395.677734375,32.28207804598688,3,0,48,0.0,0.43550000000000005,0.0,0.05,0.1,0.65,0.2
358,adaptive_attentive_ppoclip_seed1,0,NOOP,0.190501,-0.04762,0.186674,0,56,208.19740374856514,550.6916046142578,51,1.0403424431295956,3395.677734375,32.28207804598688,3,0,48,0.0,0.43550000000000005,0.0,0.05,0.1,0.65,0.2,55,196.06414479834913,258.8479518890381,54,0.9862566347475406,3408.5029296875,34.50770051829197,3,1,49,0.0,0.402,0.0,0.05,0.1,0.6,0.25
359,adaptive_attentive_ppoclip_seed1,0,NOOP,0.171316,0.337627,0.371378,0,55,196.06414479834913,258.8479518890381,54,0.9862566347475406,3408.5029296875,34.50770051829197,3,1,49,0.0,0.402,0.0,0.05,0.1,0.6,0.25,100,321.4375817138723,121.87409400939941,60,0.8940780639648438,3433.259765625,37.261362121116385,3,2,50,0.67,0.43550000000000005,0.0,0.05,0.1,0.65,0.2
360,adaptive_attentive_ppoclip_seed1,0,NOOP,0.163109,0.337628,0.363429,0,100,321.4375817138723,121.87409400939941,60,0.8940780639648438,3433.259765625,37.261362121116385,3,2,50,0.67,0.43550000000000005,0.0,0.05,0.1,0.65,0.2,65,246.4184734026351,112.7471923828125,63,0.8549179803757441,3447.029296875,38.06566157348852,3,3,51,0.67,0.46900000000000003,0.0,0.05,0.1,0.7,0.15
361,adaptive_attentive_ppoclip_seed1,0,NOOP,0.155603,0.329249,0.356165,0,65,246.4184734026351,112.7471923828125,63,0.8549179803757441,3447.029296875,38.06566157348852,3,3,51,0.67,0.46900000000000003,0.0,0.05,0.1,0.7,0.15,63,236.36899307462622,104.4318675994873,66,0.8192668105616714,3460.5830078125,38.64245816343651,3,4,52,0.67,0.46900000000000003,0.0,0.05,0.1,0.7,0.15
362,adaptive_attentive_ppoclip_seed1,2,COMPACT_64KB,0.553716,0.279253,0.393006,0,63,236.36899307462622,104.4318675994873,66,0.8192668105616714,3460.5830078125,38.64245816343651,3,4,52,0.67,0.46900000000000003,0.0,0.05,0.1,0.7,0.15,85,319.6121434667546,184.69882011413574,43,1.2370286098746366,3404.302734375,18.58974253419142,3,0,53,0.67,0.46900000000000003,0.0,0.05,0.1,0.7,0.15
363,adaptive_attentive_ppoclip_seed1,0,NOOP,0.19425,0.329255,0.394559,0,85,319.6121434667546,184.69882011413574,43,1.2370286098746366,3404.302734375,18.58974253419142,3,0,53,0.67,0.46900000000000003,0.0,0.05,0.1,0.7,0.15,63,235.58148628589004,92.06485748291016,46,1.160966624384341,3417.8857421875,25.882150546139243,3,1,54,0.67,0.46900000000000003,0.0,0.05,0.1,0.7,0.15
364,adaptive_attentive_ppoclip_seed1,0,NOOP,0.193875,0.337625,0.394258,0,63,235.58148628589004,92.06485748291016,46,1.160966624384341,3417.8857421875,25.882150546139243,3,1,54,0.67,0.46900000000000003,0.0,0.05,0.1,0.7,0.15,51,168.5488064611445,92.08416938781738,49,1.0938776755819515,3430.400390625,30.27723186952355,3,2,55,0.67,0.5025000000000001,0.0,0.05,0.05,0.75,0.15
365,adaptive_attentive_ppoclip_seed1,0,NOOP,0.1935,0.329264,0.393954,0,51,168.5488064611445,92.08416938781738,49,1.0938776755819515,3430.400390625,30.27723186952355,3,2,55,0.67,0.5025000000000001,0.0,0.05,0.05,0.75,0.15,60,214.36385891716787,92.30899810791016,52,1.034773899958684,3443.7275390625,33.18360767640871,3,3,56,0.67,0.5025000000000001,0.0,0.05,0.05,0.75,0.15
366,adaptive_attentive_ppoclip_seed1,0,NOOP,0.18969,-0.039231,0.183601,0,60,214.36385891716787,92.30899810791016,52,1.034773899958684,3443.7275390625,33.18360767640871,3,3,56,0.67,0.5025000000000001,0.0,0.05,0.05,0.75,0.15,87,330.5734078722439,373.16226959228516,55,0.9828233198686079,3459.5380859375,35.147486607746,3,4,57,0.0,0.5025000000000001,0.05,0.0,0.05,0.75,0.15
367,adaptive_attentive_ppoclip_seed1,3,COMPACT_128KB,0.162625,0.274275,0.393199,0,87,330.5734078722439,373.16226959228516,55,0.9828233198686079,3459.5380859375,35.147486607746,3,4,57,0.0,0.5025000000000001,0.05,0.0,0.05,0.75,0.15,72,279.98139081240896,195.07098197937012,39,1.3706238575470753,3421.0771484375,9.527748588256575,3,0,58,0.67,0.5025000000000001,0.05,0.0,0.05,0.75,0.15
368,adaptive_attentive_ppoclip_seed1,0,NOOP,0.19475,-0.039219,0.191809,0,72,279.98139081240896,195.07098197937012,39,1.3706238575470753,3421.0771484375,9.527748588256575,3,0,58,0.67,0.5025000000000001,0.05,0.0,0.05,0.75,0.15,95,345.48977036649103,199.56731796264648,42,1.2788914271763392,3437.66015625,23.312347431707934,3,1,59,0.0,0.5025000000000001,0.05,0.0,0.05,0.75,0.15
369,adaptive_attentive_ppoclip_seed1,0,NOOP,0.194375,-0.0476,0.191392,0,95,345.48977036649103,199.56731796264648,42,1.2788914271763392,3437.66015625,23.312347431707934,3,1,59,0.0,0.5025000000000001,0.05,0.0,0.05,0.75,0.15,92,306.75204004003365,205.41834831237793,45,1.1992621527777778,3453.875,29.64225973300873,3,2,60,0.0,0.46900000000000003,0.05,0.0,0.05,0.7,0.2
370,adaptive_attentive_ppoclip_seed1,0,NOOP,0.194,-0.0476,0.190504,0,92,306.75204004003365,205.41834831237793,45,1.1992621527777778,3453.875,29.64225973300873,3,2,60,0.0,0.46900000000000003,0.05,0.0,0.05,0.7,0.2,55,199.05404624152763,234.79914665222168,48,1.1285165150960286,3466.802734375,33.71552566275052,3,3,61,0.0,0.43550000000000005,0.05,0.0,0.05,0.65,0.25
371,adaptive_attentive_ppoclip_seed1,0,NOOP,0.193625,-0.047607,0.187772,0,55,199.05404624152763,234.79914665222168,48,1.1285165150960286,3466.802734375,33.71552566275052,3,3,61,0.0,0.43550000000000005,0.05,0.0,0.05,0.65,0.25,64,213.33743633108077,356.3868999481201,51,1.0663506002987133,3480.568359375,36.428659334513206,3,4,62,0.0,0.402,0.1,0.0,0.05,0.6,0.25
372,adaptive_attentive_ppoclip_seed1,3,COMPACT_128KB,0.162625,-0.102617,0.18441,0,64,213.33743633108077,356.3868999481201,51,1.0663506002987133,3480.568359375,36.428659334513206,3,4,62,0.0,0.402,0.1,0.0,0.05,0.6,0.25,54,210.78630671411767,584.4888687133789,39,1.3824447240584936,3450.58203125,9.856056633793715,3,0,63,0.0,0.36850000000000005,0.1,0.0,0.1,0.55,0.25
373,adaptive_attentive_ppoclip_seed1,0,NOOP,0.19475,-0.047616,0.189584,0,54,210.78630671411767,584.4888687133789,39,1.3824447240584936,3450.58203125,9.856056633793715,3,0,63,0.0,0.36850000000000005,0.1,0.0,0.1,0.55,0.25,54,205.48711239659525,310.7767105102539,42,1.2884281703404017,3463.294921875,23.92286149718069,3,1,64,0.0,0.3350000000000001,0.15,0.0,0.1,0.5,0.25
374,adaptive_attentive_ppoclip_seed1,0,NOOP,0.194375,-0.047612,0.189172,0,54,205.48711239659525,310.7767105102539,42,1.2884281703404017,3463.294921875,23.92286149718069,3,1,64,0.0,0.3350000000000001,0.15,0.0,0.1,0.5,0.25,56,188.7126603564539,316.38240814208984,45,1.207039048936632,3476.2724609375,30.36248280961651,3,2,65,0.0,0.30150000000000005,0.2,0.0,0.1,0.45,0.25
375,adaptive_attentive_ppoclip_seed1,0,NOOP,0.194,-0.039253,0.190058,0,56,188.7126603564539,316.38240814208984,45,1.207039048936632,3476.2724609375,30.36248280961651,3,2,65,0.0,0.30150000000000005,0.2,0.0,0.1,0.45,0.25,78,290.9757831261006,257.091760635376,48,1.1364377339680989,3491.13671875,34.294486700683294,3,3,66,0.0,0.30150000000000005,0.2,0.05,0.1,0.45,0.2
376,adaptive_attentive_ppoclip_seed1,0,NOOP,0.193625,0.329245,0.391867,0,78,290.9757831261006,257.091760635376,48,1.1364377339680989,3491.13671875,34.294486700683294,3,3,66,0.0,0.30150000000000005,0.2,0.05,0.1,0.45,0.2,92,348.1117599457998,201.6277313232422,51,1.0745532465916054,3507.341796875,36.903170479326114,3,4,67,0.67,0.3015,0.2,0.05,0.1,0.45,0.2
377,adaptive_attentive_ppoclip_seed1,0,NOOP,0.19325,-0.039232,0.182517,0,92,348.1117599457998,201.6277313232422,51,1.0745532465916054,3507.341796875,36.903170479326114,3,4,67,0.67,0.3015,0.2,0.05,0.1,0.45,0.2,52,169.07298150849846,604.1467189788818,54,1.0185035422996238,3519.9482421875,38.828684967931636,3,5,68,0.0,0.3015,0.2,0.05,0.1,0.45,0.2
378,adaptive_attentive_ppoclip_seed1,3,COMPACT_128KB,0.162625,0.282626,0.395353,0,52,169.07298150849846,604.1467189788818,54,1.0185035422996238,3519.9482421875,38.828684967931636,3,5,68,0.0,0.3015,0.2,0.05,0.1,0.45,0.2,58,197.97301111163557,87.33749389648438,39,1.3959444486177885,3484.27734375,10.084079185683573,3,0,69,0.67,0.3350000000000001,0.2,0.05,0.1,0.5,0.15
379,adaptive_attentive_ppoclip_seed1,0,NOOP,0.19475,0.329258,0.393132,0,58,197.97301111163557,87.33749389648438,39,1.3959444486177885,3484.27734375,10.084079185683573,3,0,69,0.67,0.3350000000000001,0.2,0.05,0.1,0.5,0.15,84,255.01847268979185,183.3822727203369,42,1.3020037696475075,3499.7861328125,23.996975098698258,3,1,70,0.67,0.335,0.2,0.05,0.1,0.5,0.15
380,adaptive_attentive_ppoclip_seed1,0,NOOP,0.194375,-0.047625,0.191345,0,84,255.01847268979185,183.3822727203369,42,1.3020037696475075,3499.7861328125,23.996975098698258,3,1,70,0.67,0.335,0.2,0.05,0.1,0.5,0.15,59,216.55503574772695,207.76724815368652,45,1.2197621663411458,3512.9150390625,30.552240364107767,3,2,71,0.0,0.3015,0.2,0.05,0.1,0.45,0.2
381,adaptive_attentive_ppoclip_seed1,0,NOOP,0.194,0.329248,0.392275,0,59,216.55503574772695,207.76724815368652,45,1.2197621663411458,3512.9150390625,30.552240364107767,3,2,71,0.0,0.3015,0.2,0.05,0.1,0.45,0.2,63,238.51859153327683,196.26903533935547,48,1.147945721944173,3526.4892578125,34.606853064933716,3,3,72,0.67,0.3015,0.2,0.05,0.1,0.45,0.2
382,adaptive_attentive_ppoclip_seed1,0,NOOP,0.193625,-0.047613,0.182977,0,63,238.51859153327683,196.26903533935547,48,1.147945721944173,3526.4892578125,34.606853064933716,3,3,72,0.67,0.3015,0.2,0.05,0.1,0.45,0.2,50,162.9188719715173,596.1687564849854,51,1.0842321059283089,3538.93359375,37.37891765390317,3,4,73,0.0,0.268,0.2,0.05,0.15,0.4,0.2
383,adaptive_attentive_ppoclip_seed1,3,COMPACT_128KB,0.16275,-0.102612,0.192315,0,50,162.9188719715173,596.1687564849854,51,1.0842321059283089,3538.93359375,37.37891765390317,3,4,73,0.0,0.268,0.2,0.05,0.15,0.4,0.2,77,282.4348337108326,194.23604011535645,38,1.4428726999383223,3509.06640625,10.215622638256315,3,0,74,0.0,0.23450000000000001,0.2,0.05,0.15,0.35,0.25
384,adaptive_attentive_ppoclip_seed1,0,NOOP,0.194875,-0.047617,0.189837,0,77,282.4348337108326,194.23604011535645,38,1.4428726999383223,3509.06640625,10.215622638256315,3,0,74,0.0,0.23450000000000001,0.2,0.05,0.15,0.35,0.25,52,192.41878630947917,303.1349182128906,41,1.3420882806545351,3521.6396484375,25.235752233760753,3,1,75,0.0,0.201,0.25,0.05,0.15,0.3,0.25
385,adaptive_attentive_ppoclip_seed1,6,PARTITION_EVENT_TYPE,-0.260045,0.079263,0.393437,0,52,192.41878630947917,303.1349182128906,41,1.3420882806545351,3521.6396484375,25.235752233760753,3,1,75,0.0,0.201,0.25,0.05,0.15,0.3,0.25,75,247.5649028699865,158.1432819366455,44,1.2558045820756392,3536.345703125,31.92247942103308,3,2,76,0.67,0.201,0.25,0.05,0.15,0.3,0.25
386,adaptive_attentive_ppoclip_seed1,0,NOOP,0.194125,-0.039235,0.190768,0,75,247.5649028699865,158.1432819366455,44,1.2558045820756392,3536.345703125,31.92247942103308,3,2,76,0.67,0.201,0.25,0.05,0.15,0.3,0.25,66,232.62428645257793,226.5949249267578,47,1.1802588929521276,3550.21875,36.09784612595018,3,3,77,0.0,0.201,0.2,0.05,0.15,0.3,0.3
387,adaptive_attentive_ppoclip_seed1,4,PARTITION_HOUR,0.011932,-0.147607,0.190472,0,66,232.62428645257793,226.5949249267578,47,1.1802588929521276,3550.21875,36.09784612595018,3,3,77,0.0,0.201,0.2,0.05,0.15,0.3,0.3,72,268.04589596453155,226.4115810394287,50,1.1139495849609375,3564.638671875,38.876089295962075,1,4,0,0.0,0.1675,0.2,0.05,0.15,0.25,0.35
388,adaptive_attentive_ppoclip_seed1,1,COMPACT_32KB,0.180432,-0.093715,0.19261,0,72,268.04589596453155,226.4115810394287,50,1.1139495849609375,3564.638671875,38.876089295962075,1,4,0,0.0,0.1675,0.2,0.05,0.15,0.25,0.35,83,300.7508524639166,159.5156192779541,42,1.3194896153041296,3546.7880859375,15.46001832995683,1,0,1,0.0,0.1675,0.2,0.05,0.15,0.3,0.3
389,adaptive_attentive_ppoclip_seed1,0,NOOP,0.194625,-0.048717,0.190679,0,83,300.7508524639166,159.5156192779541,42,1.3194896153041296,3546.7880859375,15.46001832995683,1,0,1,0.0,0.1675,0.2,0.05,0.15,0.3,0.3,55,228.05474024285718,251.02591514587402,43,1.2915734579396803,3554.41015625,19.25045550096139,1,1,2,0.0,0.16750000000000004,0.2,0.1,0.15,0.3,0.25
390,adaptive_attentive_ppoclip_seed1,0,NOOP,0.1945,-0.048719,0.19018,0,55,228.05474024285718,251.02591514587402,43,1.2915734579396803,3554.41015625,19.25045550096139,1,1,2,0.0,0.16750000000000004,0.2,0.1,0.15,0.3,0.25,73,271.1562301847358,271.01588249206543,44,1.2654828158291904,3563.599609375,22.014637568484737,1,2,3,0.0,0.16750000000000004,0.2,0.1,0.15,0.35,0.2
391,adaptive_attentive_ppoclip_seed1,0,NOOP,0.194375,-0.048722,0.192223,0,73,271.1562301847358,271.01588249206543,44,1.2654828158291904,3563.599609375,22.014637568484737,1,2,3,0.0,0.16750000000000004,0.2,0.1,0.15,0.35,0.2,87,291.3155246369777,163.865327835083,45,1.2410342746310763,3574.1787109375,24.162024614729937,1,3,4,0.0,0.1675,0.15,0.1,0.15,0.4,0.2
392,adaptive_attentive_ppoclip_seed1,0,NOOP,0.19425,-0.048724,0.18985,0,87,291.3155246369777,163.865327835083,45,1.2410342746310763,3574.1787109375,24.162024614729937,1,3,4,0.0,0.1675,0.15,0.1,0.15,0.4,0.2,72,290.04942338741046,277.49085426330566,46,1.2171763544497283,3583.3671875,26.039901651293977,1,4,5,0.0,0.16750000000000004,0.15,0.1,0.1,0.45,0.2
393,adaptive_attentive_ppoclip_seed1,1,COMPACT_32KB,0.180307,-0.093727,0.192505,0,72,290.04942338741046,277.49085426330566,46,1.2171763544497283,3583.3671875,26.039901651293977,1,4,5,0.0,0.16750000000000004,0.15,0.1,0.1,0.45,0.2,78,305.94028307047773,159.73687171936035,43,1.3013039522392804,3581.1884765625,16.91502578909537,1,0,6,0.0,0.16750000000000004,0.1,0.1,0.1,0.5,0.2
394,adaptive_attentive_ppoclip_seed1,0,NOOP,0.1945,0.373147,0.410312,0,78,305.94028307047773,159.73687171936035,43,1.3013039522392804,3581.1884765625,16.91502578909537,1,0,6,0.0,0.16750000000000004,0.1,0.1,0.1,0.5,0.2,57,271.5900940609806,514.4052505493164,44,1.2744910500266335,3588.966796875,20.224562774531027,1,1,7,0.75,0.20500000000000002,0.05,0.1,0.15,0.5,0.2
395,adaptive_attentive_ppoclip_seed1,0,NOOP,0.194375,-0.048731,0.19179,0,57,271.5900940609806,514.4052505493164,44,1.2744910500266335,3588.966796875,20.224562774531027,1,1,7,0.75,0.20500000000000002,0.05,0.1,0.15,0.5,0.2,82,316.014907051447,185.5185031890869,45,1.2496344672309028,3598.947265625,22.66315941087308,1,2,8,0.0,0.205,0.05,0.05,0.15,0.55,0.2
396,adaptive_attentive_ppoclip_seed1,0,NOOP,0.19425,-0.057108,0.186492,0,82,316.014907051447,185.5185031890869,45,1.2496344672309028,3598.947265625,22.66315941087308,1,2,8,0.0,0.205,0.05,0.05,0.15,0.55,0.2,59,235.46868999430987,445.4066753387451,46,1.2251620085343071,3606.876953125,24.800153598782348,1,3,9,0.0,0.1715,0.05,0.05,0.15,0.55,0.2
397,adaptive_attentive_ppoclip_seed1,0,NOOP,0.194125,-0.048735,0.18961,0,59,235.46868999430987,445.4066753387451,46,1.2251620085343071,3606.876953125,24.800153598782348,1,3,9,0.0,0.1715,0.05,0.05,0.15,0.55,0.2,83,275.16915690686955,284.52301025390625,47,1.2024351079413231,3616.9248046875,26.47851540963153,1,4,10,0.0,0.1715,0.05,0.05,0.1,0.6,0.2
398,adaptive_attentive_ppoclip_seed1,3,COMPACT_128KB,0.1625,0.405386,0.465773,0,83,275.16915690686955,284.52301025390625,47,1.2024351079413231,3616.9248046875,26.47851540963153,1,4,10,0.0,0.1715,0.05,0.05,0.1,0.6,0.2,100,382.45782007548297,311.33079528808594,40,1.4083213806152344,3605.302734375,11.126780622696403,1,0,11,0.92,0.184,0.1,0.05,0.1,0.55,0.2
399,adaptive_attentive_ppoclip_seed1,0,NOOP,0.194875,-0.057116,0.190288,0,100,382.45782007548297,311.33079528808594,40,1.4083213806152344,3605.302734375,11.126780622696403,1,0,11,0.92,0.184,0.1,0.05,0.1,0.55,0.2,79,291.7126804111005,280.6103229522705,41,1.377668055092416,3615.0009765625,16.688535261810518,1,1,12,0.0,0.1505,0.1,0.05,0.1,0.55,0.2
400,adaptive_attentive_ppoclip_seed1,0,NOOP,0.19475,-0.048743,0.192302,0,79,291.7126804111005,280.6103229522705,41,1.377668055092416,3615.0009765625,16.688535261810518,1,1,12,0.0,0.1505,0.1,0.05,0.1,0.55,0.2,54,222.86440632936427,174.91769790649414,42,1.3476486206054688,3622.4794921875,20.65777859838676,1,2,13,0.0,0.1505,0.1,0.05,0.1,0.6,0.15
401,adaptive_attentive_ppoclip_seed1,0,NOOP,0.194625,-0.05712,0.189763,0,54,222.86440632936427,174.91769790649414,42,1.3476486206054688,3622.4794921875,20.65777859838676,1,2,13,0.0,0.1505,0.1,0.05,0.1,0.6,0.15,70,274.9711590601946,296.8404293060303,43,1.3195463668468386,3631.3916015625,23.5728231046308,1,3,14,0.0,0.11699999999999999,0.1,0.1,0.1,0.55,0.15
402,adaptive_attentive_ppoclip_seed1,0,NOOP,0.1945,-0.048747,0.191311,0,70,274.9711590601946,296.8404293060303,43,1.3195463668468386,3631.3916015625,23.5728231046308,1,3,14,0.0,0.11699999999999999,0.1,0.1,0.1,0.55,0.15,70,268.44085549606484,214.45846557617188,44,1.292724609375,3640.3125,25.93086179790702,1,4,15,0.0,0.11699999999999999,0.1,0.1,0.05,0.55,0.2
403,adaptive_attentive_ppoclip_seed1,1,COMPACT_32KB,0.179932,-0.093749,0.190824,0,70,268.44085549606484,214.45846557617188,44,1.292724609375,3640.3125,25.93086179790702,1,4,15,0.0,0.11699999999999999,0.1,0.1,0.05,0.55,0.2,55,218.09294300611205,228.79576683044434,46,1.2401262366253396,3650.931640625,22.435403598359077,1,0,16,0.0,0.11699999999999999,0.1,0.1,0.05,0.55,0.2
404,adaptive_attentive_ppoclip_seed1,0,NOOP,0.194,-0.048752,0.19079,0,55,218.09294300611205,228.79576683044434,46,1.2401262366253396,3650.931640625,22.435403598359077,1,0,16,0.0,0.11699999999999999,0.1,0.1,0.05,0.55,0.2,100,334.98502899558895,220.48139572143555,48,1.1931336720784504,3665.306640625,26.351362793501256,1,1,17,0.0,0.11699999999999999,0.05,0.1,0.05,0.55,0.25
405,adaptive_attentive_ppoclip_seed1,0,NOOP,0.193875,-0.057129,0.189098,0,100,334.98502899558895,220.48139572143555,48,1.1931336720784504,3665.306640625,26.351362793501256,1,1,17,0.0,0.11699999999999999,0.05,0.1,0.05,0.55,0.25,68,275.1533410061559,300.1217842102051,49,1.1715657759685905,3674.0302734375,27.80809385478509,1,2,18,0.0,0.08349999999999999,0.05,0.15,0.05,0.5,0.25
406,adaptive_attentive_ppoclip_seed1,0,NOOP,0.19375,-0.048756,0.189801,0,68,275.1533410061559,300.1217842102051,49,1.1715657759685905,3674.0302734375,27.80809385478509,1,2,18,0.0,0.08349999999999999,0.05,0.15,0.05,0.5,0.25,70,273.76227542453483,259.95659828186035,50,1.1509259033203125,3682.962890625,29.06465797128333,1,3,19,0.0,0.08349999999999999,0.05,0.15,0.05,0.5,0.25
407,adaptive_attentive_ppoclip_seed1,0,NOOP,0.193625,-0.048758,0.190884,0,70,273.76227542453483,259.95659828186035,50,1.1509259033203125,3682.962890625,29.06465797128333,1,3,19,0.0,0.08349999999999999,0.05,0.15,0.05,0.5,0.25,71,239.67547877456246,200.80232620239258,51,1.1311301437078738,3692.0087890625,30.161561134067057,1,4,20,0.0,0.08349999999999999,0.05,0.15,0.05,0.55,0.2
408,adaptive_attentive_ppoclip_seed1,6,PARTITION_EVENT_TYPE,0.011682,-0.148761,0.190265,0,71,239.67547877456246,200.80232620239258,51,1.1311301437078738,3692.0087890625,30.161561134067057,1,4,20,0.0,0.08349999999999999,0.05,0.15,0.05,0.55,0.2,99,386.5246578874615,226.7446517944336,52,1.112813215989333,3703.4423828125,31.037767953870397,3,5,0,0.0,0.08349999999999999,0.05,0.15,0.05,0.5,0.25
409,adaptive_attentive_ppoclip_seed1,3,COMPACT_128KB,0.16425,-0.094269,0.194143,0,99,386.5246578874615,226.7446517944336,52,1.112813215989333,3703.4423828125,31.037767953870397,3,5,0,0.0,0.08349999999999999,0.05,0.15,0.05,0.5,0.25,64,230.33682396834058,162.83655166625977,26,2.1818184485802283,3630.5458984375,65.74827485983604,3,0,1,0.0,0.08349999999999999,0.05,0.1,0.05,0.5,0.3
410,adaptive_attentive_ppoclip_seed1,0,NOOP,0.196375,0.337615,0.396254,0,64,230.33682396834058,162.83655166625977,26,2.1818184485802283,3630.5458984375,65.74827485983604,3,0,1,0.0,0.08349999999999999,0.05,0.1,0.05,0.5,0.3,66,253.64288024570433,92.31781959533691,29,1.9636162067281788,3644.4716796875,74.90261555118109,3,1,2,0.67,0.11699999999999999,0.05,0.1,0.05,0.5,0.3
411,adaptive_attentive_ppoclip_seed1,0,NOOP,0.196,0.337629,0.394654,0,66,253.64288024570433,92.31781959533691,29,1.9636162067281788,3644.4716796875,74.90261555118109,3,1,2,0.67,0.11699999999999999,0.05,0.1,0.05,0.5,0.3,95,290.2545835454924,157.3185920715332,32,1.7875709533691406,3660.9453125,79.58959059630355,3,2,3,0.67,0.1505,0.05,0.1,0.05,0.5,0.3
412,adaptive_attentive_ppoclip_seed1,0,NOOP,0.195625,-0.039249,0.192824,0,95,290.2545835454924,157.3185920715332,32,1.7875709533691406,3660.9453125,79.58959059630355,3,2,3,0.67,0.1505,0.05,0.1,0.05,0.5,0.3,70,244.26042906786267,183.8076114654541,35,1.6406808035714286,3675.125,82.13568920224124,3,3,4,0.0,0.1505,0.05,0.1,0.05,0.45,0.35
413,adaptive_attentive_ppoclip_seed1,0,NOOP,0.19525,-0.039256,0.187015,0,70,244.26042906786267,183.8076114654541,35,1.6406808035714286,3675.125,82.13568920224124,3,3,4,0.0,0.1505,0.05,0.1,0.05,0.45,0.35,63,254.275583337824,459.2423439025879,38,1.516741300884046,3688.71484375,83.38696010604973,3,4,5,0.0,0.1505,0.05,0.1,0.1,0.4,0.35
414,adaptive_attentive_ppoclip_seed1,0,NOOP,0.194875,-0.048627,0.191894,0,63,254.275583337824,459.2423439025879,38,1.516741300884046,3688.71484375,83.38696010604973,3,4,5,0.0,0.1505,0.05,0.1,0.1,0.4,0.35,69,267.9155910340237,200.2878189086914,41,1.4111644465748856,3702.8955078125,83.81423015910612,3,5,6,0.0,0.11300000000000002,0.05,0.1,0.05,0.4,0.4
415,adaptive_attentive_ppoclip_seed1,0,NOOP,0.1945,-0.039252,0.191531,0,69,267.9155910340237,200.2878189086914,41,1.4111644465748856,3702.8955078125,83.81423015910612,3,5,6,0.0,0.11300000000000002,0.05,0.1,0.05,0.4,0.4,52,190.82950149834855,203.46665382385254,44,1.319427490234375,3715.5078125,83.76684047784366,3,6,7,0.0,0.11300000000000002,0.05,0.1,0.05,0.35,0.45
416,adaptive_attentive_ppoclip_seed1,1,COMPACT_32KB,0.179807,-0.084241,0.19045,0,52,190.82950149834855,203.46665382385254,44,1.319427490234375,3715.5078125,83.76684047784366,3,6,7,0.0,0.11300000000000002,0.05,0.1,0.05,0.35,0.45,72,290.1204789646003,242.4764633178711,47,1.242657925220246,3737.9150390625,24.05027493903499,3,0,8,0.0,0.11300000000000002,0.05,0.1,0.05,0.3,0.5
417,adaptive_attentive_ppoclip_seed1,0,NOOP,0.19375,-0.039242,0.19051,0,72,290.1204789646003,242.4764633178711,47,1.242657925220246,3737.9150390625,24.05027493903499,3,0,8,0.0,0.11300000000000002,0.05,0.1,0.05,0.3,0.5,94,324.18621455770466,224.50494766235352,50,1.1732015991210938,3754.2451171875,29.31195105918309,3,1,9,0.0,0.11300000000000002,0.05,0.1,0.05,0.25,0.55
418,adaptive_attentive_ppoclip_seed1,0,NOOP,0.193375,0.326145,0.393695,0,94,324.18621455770466,224.50494766235352,50,1.1732015991210938,3754.2451171875,29.31195105918309,3,1,9,0.0,0.11300000000000002,0.05,0.1,0.05,0.25,0.55,64,205.71122388142055,100.26383399963379,53,1.1108421469634433,3767.9765625,32.867623542524434,3,2,10,0.67,0.1005,0.0,0.1,0.05,0.3,0.55
419,adaptive_attentive_ppoclip_seed1,0,NOOP,0.193,-0.03922,0.189537,0,64,205.71122388142055,100.26383399963379,53,1.1108421469634433,3767.9765625,32.867623542524434,3,2,10,0.67,0.1005,0.0,0.1,0.05,0.3,0.55,54,200.28245281266996,243.1504726409912,56,1.054929188319615,3780.8662109375,35.38017361666248,3,3,11,0.0,0.1005,0.0,0.1,0.05,0.25,0.6
420,adaptive_attentive_ppoclip_seed1,0,NOOP,0.192625,0.337643,0.392949,0,54,200.28245281266996,243.1504726409912,56,1.054929188319615,3780.8662109375,35.38017361666248,3,3,11,0.0,0.1005,0.0,0.1,0.05,0.25,0.6,86,302.54268273248664,107.53297805786133,59,1.0054334220239671,3796.5166015625,37.119134920118334,3,4,12,0.67,0.134,0.0,0.1,0.05,0.25,0.6
421,adaptive_attentive_ppoclip_seed1,0,NOOP,0.184357,-0.039256,0.180575,0,86,302.54268273248664,107.53297805786133,59,1.0054334220239671,3796.5166015625,37.119134920118334,3,4,12,0.67,0.134,0.0,0.1,0.05,0.25,0.6,78,242.64833405153712,266.62397384643555,62,0.9605373259513609,3811.412109375,38.41093803087542,3,5,13,0.0,0.134,0.0,0.05,0.05,0.25,0.65
422,adaptive_attentive_ppoclip_seed1,0,NOOP,0.175915,0.337613,0.376277,0,78,242.64833405153712,266.62397384643555,62,0.9605373259513609,3811.412109375,38.41093803087542,3,5,13,0.0,0.134,0.0,0.05,0.05,0.25,0.65,98,357.8156418307504,113.1434440612793,65,0.9202009934645433,3828.0361328125,39.32415864572608,3,6,14,0.67,0.1675,0.0,0.05,0.05,0.3,0.6
423,adaptive_attentive_ppoclip_seed1,1,COMPACT_32KB,0.179557,-0.084254,0.19002,0,98,357.8156418307504,113.1434440612793,65,0.9202009934645433,3828.0361328125,39.32415864572608,3,6,14,0.67,0.1675,0.0,0.05,0.05,0.3,0.6,93,318.08377795880824,253.9834976196289,49,1.2093736298230229,3792.595703125,25.783222855980625,3,0,15,0.0,0.1675,0.0,0.05,0.05,0.3,0.6
424,adaptive_attentive_ppoclip_seed1,0,NOOP,0.1935,0.337628,0.391516,0,93,318.08377795880824,253.9834976196289,49,1.2093736298230229,3792.595703125,25.783222855980625,3,0,15,0.0,0.1675,0.0,0.05,0.05,0.3,0.6,92,352.63097734851414,214.18309211730957,52,1.1444892883300781,3808.8603515625,30.21717435281412,3,1,16,0.67,0.201,0.0,0.05,0.05,0.35,0.55
425,adaptive_attentive_ppoclip_seed1,0,NOOP,0.193125,0.337636,0.393594,0,92,352.63097734851414,214.18309211730957,52,1.1444892883300781,3808.8603515625,30.21717435281412,3,1,16,0.67,0.201,0.0,0.05,0.05,0.35,0.55,82,268.94364140944566,95.3214168548584,55,1.0864058061079545,3824.1484375,33.26383972759293,3,2,17,0.67,0.23450000000000001,0.0,0.0,0.05,0.4,0.55
426,adaptive_attentive_ppoclip_seed1,0,NOOP,0.19275,0.337623,0.393054,0,82,268.94364140944566,95.3214168548584,55,1.0864058061079545,3824.1484375,33.26383972759293,3,2,17,0.67,0.23450000000000001,0.0,0.0,0.05,0.4,0.55,87,302.8089339579193,107.32460021972656,58,1.034472761483028,3839.962890625,35.420939459943085,3,3,18,0.67,0.268,0.0,0.0,0.05,0.45,0.5
427,adaptive_attentive_ppoclip_seed1,0,NOOP,0.189834,-0.039237,0.186069,0,87,302.8089339579193,107.32460021972656,58,1.034472761483028,3839.962890625,35.420939459943085,3,3,18,0.67,0.268,0.0,0.0,0.05,0.45,0.5,72,298.93447869327605,264.5459175109863,61,0.9872971831775103,3854.408203125,37.02939196666748,3,4,19,0.0,0.268,0.0,0.0,0.05,0.4,0.55
428,adaptive_attentive_ppoclip_seed1,2,COMPACT_64KB,0.553341,-0.089227,0.191045,0,72,298.93447869327605,264.5459175109863,61,0.9872971831775103,3854.408203125,37.02939196666748,3,4,19,0.0,0.268,0.0,0.0,0.05,0.4,0.55,95,292.73586035389064,217.7426815032959,46,1.2977367898692256,3820.537109375,16.409141009360912,3,0,20,0.0,0.268,0.0,0.0,0.05,0.4,0.55
429,adaptive_attentive_ppoclip_seed1,0,NOOP,0.193875,-0.03923,0.187854,0,95,292.73586035389064,217.7426815032959,46,1.2977367898692256,3820.537109375,16.409141009360912,3,0,20,0.0,0.268,0.0,0.0,0.05,0.4,0.55,61,217.16816211439985,362.31398582458496,49,1.222553486726722,3833.927734375,24.798876890725975,3,1,21,0.0,0.268,0.05,0.0,0.05,0.4,0.5
430,adaptive_attentive_ppoclip_seed1,0,NOOP,0.1935,-0.047594,0.187612,0,61,217.16816211439985,362.31398582458496,49,1.222553486726722,3833.927734375,24.798876890725975,3,1,21,0.0,0.268,0.05,0.0,0.05,0.4,0.5,63,170.7781812823431,359.3912124633789,52,1.1561141380896935,3847.5478515625,29.664773541898402,3,2,22,0.0,0.23450000000000001,0.1,0.0,0.05,0.35,0.5
431,adaptive_attentive_ppoclip_seed1,0,NOOP,0.193125,-0.047569,0.182547,0,63,170.7781812823431,359.3912124633789,52,1.1561141380896935,3847.5478515625,29.664773541898402,3,2,22,0.0,0.23450000000000001,0.1,0.0,0.05,0.35,0.5,82,306.52602458925077,597.6290702819824,55,1.0974376331676137,3862.98046875,32.86601923706959,3,3,23,0.0,0.201,0.1,0.0,0.1,0.3,0.5
432,adaptive_attentive_ppoclip_seed1,6,PARTITION_EVENT_TYPE,-0.261795,-0.289178,0.188853,0,82,306.52602458925077,597.6290702819824,55,1.0974376331676137,3862.98046875,32.86601923706959,3,3,23,0.0,0.201,0.1,0.0,0.1,0.3,0.5,69,289.76773683235626,267.35758781433105,58,1.0444893672548492,3877.14453125,35.179800183187346,3,4,24,0.0,0.201,0.1,0.0,0.1,0.3,0.5
433,adaptive_attentive_ppoclip_seed1,3,COMPACT_128KB,0.162125,-0.09418,0.191741,0,69,289.76773683235626,267.35758781433105,58,1.0444893672548492,3877.14453125,35.179800183187346,3,4,24,0.0,0.201,0.1,0.0,0.1,0.3,0.5,55,205.51265307431487,197.95751571655273,43,1.3947122263353924,3838.248046875,6.113823474358169,3,0,25,0.0,0.201,0.1,0.0,0.05,0.3,0.55
434,adaptive_attentive_ppoclip_seed1,6,PARTITION_EVENT_TYPE,-0.260295,-0.28919,0.182665,0,55,205.51265307431487,197.95751571655273,43,1.3947122263353924,3838.248046875,6.113823474358169,3,0,25,0.0,0.201,0.1,0.0,0.05,0.3,0.55,56,192.9240865756206,636.7361545562744,46,1.308123381241508,3851.115234375,22.02335439648026,3,1,26,0.0,0.201,0.1,0.0,0.1,0.3,0.5
435,adaptive_attentive_ppoclip_seed1,6,PARTITION_EVENT_TYPE,-0.26067,-0.289187,0.190571,0,56,192.9240865756206,636.7361545562744,46,1.308123381241508,3851.115234375,22.02335439648026,3,1,26,0.0,0.201,0.1,0.0,0.1,0.3,0.5,76,278.0041844470783,226.46260261535645,49,1.2327609938018176,3865.9384765625,28.618706683440593,3,2,27,0.0,0.201,0.1,0.0,0.1,0.3,0.5
436,adaptive_attentive_ppoclip_seed1,0,NOOP,0.1935,-0.039201,0.190045,0,76,278.0041844470783,226.46260261535645,49,1.2327609938018176,3865.9384765625,28.618706683440593,3,2,27,0.0,0.201,0.1,0.0,0.1,0.3,0.5,90,329.0410072914442,237.7297878265381,52,1.1664672264685998,3882.0029296875,32.72633339588418,3,3,28,0.0,0.201,0.1,0.0,0.1,0.3,0.5
437,adaptive_attentive_ppoclip_seed1,4,PARTITION_HOUR,0.011307,-0.139196,0.189298,0,90,329.0410072914442,237.7297878265381,52,1.1664672264685998,3882.0029296875,32.72633339588418,3,3,28,0.0,0.201,0.1,0.0,0.1,0.3,0.5,84,282.56545084600043,260.0831985473633,55,1.1072634610262784,3897.5673828125,35.569093080023855,1,4,0,0.0,0.201,0.1,0.0,0.1,0.3,0.5
438,adaptive_attentive_ppoclip_seed1,0,NOOP,0.193,-0.06194,0.192217,0,84,282.56545084600043,260.0831985473633,55,1.1072634610262784,3897.5673828125,35.569093080023855,1,4,0,0.0,0.201,0.1,0.0,0.1,0.3,0.5,51,179.3196417119696,109.13658142089844,56,1.0895325796944755,3904.884765625,36.252857072547044,1,5,1,0.0,0.16750000000000004,0.1,0.0,0.1,0.3,0.5
439,adaptive_attentive_ppoclip_seed1,1,COMPACT_32KB,0.179932,-0.093826,0.191178,0,51,179.3196417119696,109.13658142089844,56,1.0895325796944755,3904.884765625,36.252857072547044,1,5,1,0.0,0.16750000000000004,0.1,0.0,0.1,0.3,0.5,77,302.021643418508,211.09700202941895,46,1.3213809469471807,3890.1455078125,16.217677449032838,1,0,2,0.0,0.16750000000000004,0.1,0.0,0.1,0.3,0.5
440,adaptive_attentive_ppoclip_seed1,0,NOOP,0.194125,0.364672,0.409311,0,77,302.021643418508,211.09700202941895,46,1.3213809469471807,3890.1455078125,16.217677449032838,1,0,2,0.0,0.16750000000000004,0.1,0.0,0.1,0.3,0.5,67,243.36789451167655,549.4611263275146,47,1.2961691998420877,3898.876953125,19.48492266208188,1,1,3,0.75,0.1715,0.1,0.0,0.15,0.25,0.5
441,adaptive_attentive_ppoclip_seed1,0,NOOP,0.194,-0.048831,0.188682,0,67,243.36789451167655,549.4611263275146,47,1.2961691998420877,3898.876953125,19.48492266208188,1,1,3,0.75,0.1715,0.1,0.0,0.15,0.25,0.5,94,293.8558091487329,325.90627670288086,48,1.272748629252116,3909.8837890625,21.89585181414965,1,2,4,0.0,0.1715,0.1,0.05,0.15,0.25,0.45
442,adaptive_attentive_ppoclip_seed1,0,NOOP,0.193875,-0.057207,0.188552,0,94,293.8558091487329,325.90627670288086,48,1.272748629252116,3909.8837890625,21.89585181414965,1,2,4,0.0,0.1715,0.1,0.05,0.15,0.25,0.45,59,213.047405866674,327.41594314575195,49,1.2493239422233737,3917.8798828125,24.074254402675294,1,3,5,0.0,0.138,0.1,0.05,0.15,0.25,0.45
443,adaptive_attentive_ppoclip_seed1,0,NOOP,0.19375,0.468666,0.464006,0,59,213.047405866674,327.41594314575195,49,1.2493239422233737,3917.8798828125,24.074254402675294,1,3,5,0.0,0.138,0.1,0.05,0.15,0.25,0.45,68,239.24146712589146,349.68066215515137,50,1.2270724487304687,3926.6318359375,25.867821381518365,1,4,6,0.92,0.184,0.15,0.05,0.15,0.25,0.4
444,adaptive_attentive_ppoclip_seed1,1,COMPACT_32KB,0.179807,-0.102211,0.190808,0,68,239.24146712589146,349.68066215515137,50,1.2270724487304687,3926.6318359375,25.867821381518365,1,4,6,0.92,0.184,0.15,0.05,0.15,0.25,0.4,84,289.80030746731,224.5781421661377,47,1.3047069793051862,3924.55859375,17.595958862059994,1,0,7,0.0,0.1505,0.15,0.05,0.15,0.2,0.45
445,adaptive_attentive_ppoclip_seed1,0,NOOP,0.194,-0.057213,0.189023,0,84,289.80030746731,224.5781421661377,47,1.3047069793051862,3924.55859375,17.595958862059994,1,0,7,0.0,0.1505,0.15,0.05,0.15,0.2,0.45,61,213.01288388353134,308.8698387145996,48,1.2801806131998699,3932.71484375,20.52555116032434,1,1,8,0.0,0.11699999999999999,0.15,0.1,0.15,0.15,0.45
446,adaptive_attentive_ppoclip_seed1,0,NOOP,0.193875,-0.057215,0.189526,0,61,213.01288388353134,308.8698387145996,48,1.2801806131998699,3932.71484375,20.52555116032434,1,1,8,0.0,0.11699999999999999,0.15,0.1,0.15,0.15,0.45,90,389.0254663051443,278.69510650634766,49,1.25743445571588,3943.314453125,22.723621642142373,1,2,9,0.0,0.08349999999999999,0.15,0.1,0.15,0.1,0.5
447,adaptive_attentive_ppoclip_seed1,0,NOOP,0.19375,-0.048843,0.190419,0,90,389.0254663051443,278.69510650634766,49,1.25743445571588,3943.314453125,22.723621642142373,1,2,9,0.0,0.08349999999999999,0.15,0.1,0.15,0.1,0.5,99,373.8147995106261,229.048490524292,50,1.2358746337890625,3954.798828125,24.515735951645674,1,3,10,0.0,0.08349999999999999,0.15,0.1,0.15,0.1,0.5
448,adaptive_attentive_ppoclip_seed1,0,NOOP,0.193625,-0.048845,0.19021,0,99,373.8147995106261,229.048490524292,50,1.2358746337890625,3954.798828125,24.515735951645674,1,3,10,0.0,0.08349999999999999,0.15,0.1,0.15,0.1,0.5,96,338.70956084610685,234.4837188720703,51,1.2150783164828431,3966.015625,26.0642599829516,1,4,11,0.0,0.08349999999999999,0.15,0.1,0.15,0.1,0.5
449,adaptive_attentive_ppoclip_seed1,0,NOOP,0.1935,-0.048848,0.189699,0,96,338.70956084610685,234.4837188720703,51,1.2150783164828431,3966.015625,26.0642599829516,1,4,11,0.0,0.08349999999999999,0.15,0.1,0.15,0.1,0.5,97,368.18277398949334,255.0516128540039,52,1.1951161898099458,3977.3466796875,27.402547006324873,1,5,12,0.0,0.08349999999999999,0.1,0.1,0.15,0.1,0.55
450,adaptive_attentive_ppoclip_seed1,3,COMPACT_128KB,0.162,-0.103849,0.192257,0,97,368.18277398949334,255.0516128540039,52,1.1951161898099458,3977.3466796875,27.402547006324873,1,5,12,0.0,0.08349999999999999,0.1,0.1,0.15,0.1,0.55,60,182.48296325516034,167.1454906463623,44,1.4059871326793323,3959.259765625,9.7877390442452,1,0,13,0.0,0.08349999999999999,0.05,0.1,0.15,0.15,0.55
451,adaptive_attentive_ppoclip_seed1,0,NOOP,0.194375,-0.04885,0.19111,0,60,182.48296325516034,167.1454906463623,44,1.4059871326793323,3959.259765625,9.7877390442452,1,0,13,0.0,0.08349999999999999,0.05,0.1,0.15,0.15,0.55,36,147.34592223582968,219.4969654083252,45,1.3767903645833333,3965.15625,15.834973450788548,1,1,14,0.0,0.08349999999999999,0.05,0.1,0.1,0.15,0.6
452,adaptive_attentive_ppoclip_seed1,0,NOOP,0.19425,0.468649,0.464728,0,36,147.34592223582968,219.4969654083252,45,1.3767903645833333,3965.15625,15.834973450788548,1,1,14,0.0,0.08349999999999999,0.05,0.1,0.1,0.15,0.6,32,124.58193800500304,333.59408378601074,46,1.3487552145253057,3970.7353515625,19.830872340267707,1,2,15,0.92,0.1295,0.1,0.1,0.1,0.15,0.55
453,adaptive_attentive_ppoclip_seed1,0,NOOP,0.194125,-0.048852,0.190371,0,32,124.58193800500304,333.59408378601074,46,1.3487552145253057,3970.7353515625,19.830872340267707,1,2,15,0.92,0.1295,0.1,0.1,0.1,0.15,0.55,29,101.37459609702839,246.43301963806152,47,1.3218140297747674,3976.0166015625,22.90075943317473,1,3,16,0.0,0.1295,0.1,0.1,0.1,0.15,0.55
454,adaptive_attentive_ppoclip_seed1,0,NOOP,0.194,0.373023,0.40914,0,29,101.37459609702839,246.43301963806152,47,1.3218140297747674,3976.0166015625,22.90075943317473,1,3,16,0.0,0.1295,0.1,0.1,0.1,0.15,0.55,21,80.45604714806113,553.0221462249756,48,1.2957604726155598,3980.576171875,25.431112888746135,1,4,17,0.75,0.16699999999999998,0.1,0.1,0.1,0.15,0.55
455,adaptive_attentive_ppoclip_seed1,2,COMPACT_64KB,0.215841,-0.098853,0.189296,0,21,80.45604714806113,553.0221462249756,48,1.2957604726155598,3980.576171875,25.431112888746135,1,4,17,0.75,0.16699999999999998,0.1,0.1,0.1,0.15,0.55,37,147.2678572275854,305.18555641174316,46,1.3513853653617527,3978.478515625,16.139068651874922,1,0,18,0.0,0.16699999999999998,0.1,0.1,0.1,0.2,0.5
456,adaptive_attentive_ppoclip_seed1,0,NOOP,0.194125,-0.048854,0.190694,0,37,147.2678572275854,305.18555641174316,46,1.3513853653617527,3978.478515625,16.139068651874922,1,0,18,0.0,0.16699999999999998,0.1,0.1,0.1,0.2,0.5,32,123.16976921107427,230.3016185760498,47,1.3244765261386304,3984.025390625,19.85452916072504,1,1,19,0.0,0.16699999999999998,0.1,0.1,0.1,0.2,0.5
457,adaptive_attentive_ppoclip_seed1,0,NOOP,0.194,-0.048855,0.190895,0,32,123.16976921107427,230.3016185760498,47,1.3244765261386304,3984.025390625,19.85452916072504,1,1,19,0.0,0.16699999999999998,0.1,0.1,0.1,0.2,0.5,49,210.26274134276196,215.2535915374756,48,1.2991933822631836,3991.1220703125,22.616238067400484,1,2,20,0.0,0.16699999999999998,0.1,0.1,0.1,0.2,0.5
458,adaptive_attentive_ppoclip_seed1,0,NOOP,0.193875,-0.048856,0.190549,0,49,210.26274134276196,215.2535915374756,48,1.2991933822631836,3991.1220703125,22.616238067400484,1,2,20,0.0,0.16699999999999998,0.1,0.1,0.1,0.2,0.5,22,82.56001603338379,227.53024101257324,49,1.2741674306441326,3995.7890625,25.030754273631363,1,3,21,0.0,0.16699999999999998,0.1,0.1,0.1,0.15,0.55
459,adaptive_attentive_ppoclip_seed1,0,NOOP,0.19375,-0.048857,0.189901,0,22,82.56001603338379,227.53024101257324,49,1.2741674306441326,3995.7890625,25.030754273631363,1,3,21,0.0,0.16699999999999998,0.1,0.1,0.1,0.15,0.55,50,187.14762887665125,254.9455165863037,50,1.25094482421875,4003.0234375,26.91093895510559,1,4,22,0.0,0.16699999999999998,0.1,0.1,0.1,0.15,0.55
460,adaptive_attentive_ppoclip_seed1,0,NOOP,0.193625,-0.058233,0.189984,0,50,187.14762887665125,254.9455165863037,50,1.25094482421875,4003.0234375,26.91093895510559,1,4,22,0.0,0.16699999999999998,0.1,0.1,0.1,0.15,0.55,20,76.10067640142829,245.81599235534668,51,1.227780211205576,4007.474609375,28.667195699687735,1,5,23,0.0,0.1295,0.1,0.1,0.05,0.15,0.6
461,adaptive_attentive_ppoclip_seed1,5,PARTITION_REGION,0.011682,-0.148858,0.182719,0,20,76.10067640142829,245.81599235534668,51,1.227780211205576,4007.474609375,28.667195699687735,1,5,23,0.0,0.1295,0.1,0.1,0.05,0.15,0.6,25,96.63448822453334,604.0642261505127,52,1.205647688645583,4012.3955078125,30.16667114858714,2,6,0,0.0,0.1295,0.1,0.05,0.1,0.15,0.6
462,adaptive_attentive_ppoclip_seed1,1,COMPACT_32KB,0.561932,-0.090198,0.190306,0,25,96.63448822453334,604.0642261505127,52,1.205647688645583,4012.3955078125,30.16667114858714,2,6,0,0.0,0.1295,0.1,0.05,0.1,0.15,0.6,41,134.0157499214842,234.70473289489746,50,1.2514727783203126,4004.712890625,23.261327595636967,2,0,1,0.0,0.1295,0.1,0.05,0.1,0.1,0.65
463,adaptive_attentive_ppoclip_seed1,0,NOOP,0.193375,-0.0567,0.189878,0,41,134.0157499214842,234.70473289489746,50,1.2514727783203126,4004.712890625,23.261327595636967,2,0,1,0.0,0.1295,0.1,0.05,0.1,0.1,0.65,43,168.23916060954315,241.09625816345215,53,1.184110533516362,4016.5029296875,28.733527017663434,2,1,2,0.0,0.08349999999999999,0.05,0.05,0.1,0.1,0.7
464,adaptive_attentive_ppoclip_seed1,0,NOOP,0.193,-0.045203,0.188336,0,43,168.23916060954315,241.09625816345215,53,1.184110533516362,4016.5029296875,28.733527017663434,2,1,2,0.0,0.08349999999999999,0.05,0.05,0.1,0.1,0.7,23,68.80066640421295,303.2107353210449,56,1.1234430585588728,4026.419921875,32.430930427357524,2,2,3,0.0,0.08349999999999999,0.05,0.05,0.1,0.15,0.65
465,adaptive_attentive_ppoclip_seed1,0,NOOP,0.192625,-0.045206,0.1863,0,23,68.80066640421295,303.2107353210449,56,1.1234430585588728,4026.419921875,32.430930427357524,2,2,3,0.0,0.08349999999999999,0.05,0.05,0.1,0.15,0.65,25,87.87239355934078,390.00487327575684,59,1.0690054166114937,4036.564453125,35.040806843181386,2,3,4,0.0,0.08349999999999999,0.05,0.0,0.1,0.15,0.7
466,adaptive_attentive_ppoclip_seed1,0,NOOP,0.19225,-0.045207,0.188368,0,25,87.87239355934078,390.00487327575684,59,1.0690054166114937,4036.564453125,35.040806843181386,2,3,4,0.0,0.08349999999999999,0.05,0.0,0.1,0.15,0.7,35,108.8412681583589,271.61097526550293,62,1.0200726909022177,4047.6484375,36.925972380327444,2,4,5,0.0,0.08349999999999999,0.05,0.0,0.1,0.15,0.7
467,adaptive_attentive_ppoclip_seed1,0,NOOP,0.187022,0.331671,0.38638,0,35,108.8412681583589,271.61097526550293,62,1.0200726909022177,4047.6484375,36.925972380327444,2,4,5,0.0,0.08349999999999999,0.05,0.0,0.1,0.15,0.7,38,131.9679932171056,163.33675384521484,65,0.9757357083834135,4059.060546875,38.32257886240834,2,5,6,0.67,0.11699999999999999,0.05,0.05,0.1,0.15,0.65
468,adaptive_attentive_ppoclip_seed1,1,COMPACT_32KB,0.561932,-0.090206,0.183331,0,38,131.9679932171056,163.33675384521484,65,0.9757357083834135,4059.060546875,38.32257886240834,2,5,6,0.67,0.11699999999999999,0.05,0.05,0.1,0.15,0.65,24,83.80960373659036,583.4336280822754,50,1.2566885375976562,4021.4033203125,22.163962613983056,2,0,7,0.0,0.11699999999999999,0.05,0.05,0.15,0.15,0.6
469,adaptive_attentive_ppoclip_seed1,0,NOOP,0.193375,-0.045205,0.189881,0,24,83.80960373659036,583.4336280822754,50,1.2566885375976562,4021.4033203125,22.163962613983056,2,0,7,0.0,0.11699999999999999,0.05,0.05,0.15,0.15,0.6,43,150.0647935512644,240.92555046081543,53,1.1890457441221993,4033.2431640625,27.951415618637267,2,1,8,0.0,0.11699999999999999,0.05,0.05,0.15,0.15,0.6
470,adaptive_attentive_ppoclip_seed1,0,NOOP,0.193,-0.045211,0.189234,0,43,150.0647935512644,240.92555046081543,53,1.1890457441221993,4033.2431640625,27.951415618637267,2,1,8,0.0,0.11699999999999999,0.05,0.05,0.15,0.15,0.6,28,93.6778958938726,258.3167552947998,56,1.1282318660191126,4043.5830078125,31.798922054838975,2,2,9,0.0,0.11699999999999999,0.05,0.05,0.15,0.1,0.65
471,adaptive_attentive_ppoclip_seed1,0,NOOP,0.192625,-0.045208,0.188995,0,28,93.6778958938726,258.3167552947998,56,1.1282318660191126,4043.5830078125,31.798922054838975,2,2,9,0.0,0.11699999999999999,0.05,0.05,0.15,0.1,0.65,22,84.58443989374086,255.26976585388184,59,1.0734783107951535,4053.4541015625,34.52595025388933,2,3,10,0.0,0.11699999999999999,0.05,0.05,0.15,0.1,0.65
472,adaptive_attentive_ppoclip_seed1,0,NOOP,0.19225,-0.056704,0.188222,0,22,84.58443989374086,255.26976585388184,59,1.0734783107951535,4053.4541015625,34.52595025388933,2,3,10,0.0,0.11699999999999999,0.05,0.05,0.15,0.1,0.65,32,100.27360769210655,278.90753746032715,62,1.024261474609375,4064.26953125,36.493065235873765,2,4,11,0.0,0.071,0.0,0.05,0.15,0.1,0.7
473,adaptive_attentive_ppoclip_seed1,3,COMPACT_128KB,-0.130875,-0.073422,0.184698,0,32,100.27360769210655,278.90753746032715,62,1.024261474609375,4064.26953125,36.493065235873765,2,4,11,0.0,0.071,0.0,0.05,0.15,0.1,0.7,30,109.25066008420252,530.0958156585693,47,1.3383828021110373,4025.85546875,16.815120777568964,2,0,12,0.0,0.071,0.0,0.05,0.2,0.1,0.65
474,adaptive_attentive_ppoclip_seed1,0,NOOP,0.19375,-0.027799,0.190515,0,30,109.25066008420252,530.0958156585693,47,1.3383828021110373,4025.85546875,16.815120777568964,2,0,12,0.0,0.071,0.0,0.05,0.2,0.1,0.65,28,100.11688663755697,224.24817085266113,50,1.2613302612304687,4036.2568359375,25.57751554682363,2,1,13,0.0,0.0335,0.0,0.05,0.15,0.1,0.7
475,adaptive_attentive_ppoclip_seed1,0,NOOP,0.193375,-0.018425,0.1901,0,28,100.11688663755697,224.24817085266113,50,1.2613302612304687,4036.2568359375,25.57751554682363,2,1,13,0.0,0.0335,0.0,0.05,0.15,0.1,0.7,27,89.80987267586869,230.00788688659668,53,1.1929807842902418,4046.5908203125,30.68430602978029,2,2,14,0.0,0.0335,0.0,0.05,0.15,0.05,0.75
476,adaptive_attentive_ppoclip_seed1,0,NOOP,0.193,-0.01842,0.188373,0,27,89.80987267586869,230.00788688659668,53,1.1929807842902418,4046.5908203125,30.68430602978029,2,2,14,0.0,0.0335,0.0,0.05,0.15,0.05,0.75,48,143.30110753637217,301.3336658477783,56,1.1325026920863561,4058.8896484375,34.0538744992747,2,3,15,0.0,0.0335,0.0,0.05,0.15,0.05,0.75
477,adaptive_attentive_ppoclip_seed1,0,NOOP,0.192625,-0.018419,0.188772,0,48,143.30110753637217,301.3336658477783,56,1.1325026920863561,4058.8896484375,34.0538744992747,2,3,15,0.0,0.0335,0.0,0.05,0.15,0.05,0.75,25,85.59545548420171,266.40987396240234,59,1.0776038735599842,4069.0322265625,36.52530119659656,2,4,16,0.0,0.0335,0.0,0.05,0.15,0.05,0.75
478,adaptive_attentive_ppoclip_seed1,0,NOOP,0.19225,-0.018416,0.188227,0,25,85.59545548420171,266.40987396240234,59,1.0776038735599842,4069.0322265625,36.52530119659656,2,4,16,0.0,0.0335,0.0,0.05,0.15,0.05,0.75,32,116.44981519720974,278.6252498626709,62,1.0281888900264617,4079.853515625,38.319935799765446,2,5,17,0.0,0.0335,0.0,0.05,0.15,0.05,0.75
479,adaptive_attentive_ppoclip_seed1,3,COMPACT_128KB,-0.1305,-0.073409,0.191318,0,32,116.44981519720974,278.6252498626709,62,1.0281888900264617,4079.853515625,38.319935799765446,2,5,17,0.0,0.0335,0.0,0.05,0.15,0.05,0.75,36,100.097279251592,214.10870552062988,44,1.4331130981445312,4035.646484375,8.009736558114884,2,0,18,0.0,0.0335,0.0,0.05,0.15,0.05,0.75
480,adaptive_attentive_ppoclip_seed1,0,NOOP,0.194125,0.358463,0.392988,0,36,100.097279251592,214.10870552062988,44,1.4331130981445312,4035.646484375,8.009736558114884,2,0,18,0.0,0.0335,0.0,0.05,0.15,0.05,0.75,20,67.71018460746195,165.57717323303223,47,1.3448223357504987,4045.2255859375,23.204705713549526,2,1,19,0.67,0.067,0.0,0.1,0.15,0.05,0.7
481,adaptive_attentive_ppoclip_seed1,0,NOOP,0.19375,-0.018416,0.189202,0,20,67.71018460746195,165.57717323303223,47,1.3448223357504987,4045.2255859375,23.204705713549526,2,1,19,0.67,0.067,0.0,0.1,0.15,0.05,0.7,47,172.1521502394977,289.87908363342285,50,1.2679318237304686,4057.3818359375,29.877298937626335,2,2,20,0.0,0.067,0.0,0.1,0.1,0.05,0.75
482,adaptive_attentive_ppoclip_seed1,6,PARTITION_EVENT_TYPE,0.011557,-0.118419,0.191312,0,47,172.1521502394977,289.87908363342285,50,1.2679318237304686,4057.3818359375,29.877298937626335,2,2,20,0.0,0.067,0.0,0.1,0.1,0.05,0.75,47,138.26111851827434,169.4180965423584,53,1.1997741123415389,4069.6337890625,34.12339776821978,3,3,0,0.0,0.067,0.0,0.15,0.1,0.05,0.7
483,adaptive_attentive_ppoclip_seed1,0,NOOP,0.193,-0.056317,0.182136,0,47,138.26111851827434,169.4180965423584,53,1.1997741123415389,4069.6337890625,34.12339776821978,3,3,0,0.0,0.067,0.0,0.15,0.1,0.05,0.7,28,86.45229280875238,613.2042407989502,56,1.1384026663643974,4080.03515625,37.12712269208804,3,4,1,0.0,0.067,0.0,0.15,0.15,0.05,0.65
484,adaptive_attentive_ppoclip_seed1,3,COMPACT_128KB,-0.12875,0.265776,0.394564,0,28,86.45229280875238,613.2042407989502,56,1.1384026663643974,4080.03515625,37.12712269208804,3,4,1,0.0,0.067,0.0,0.15,0.15,0.05,0.65,43,152.5204034171728,171.8134880065918,30,2.0880533854166665,4009.0625,62.16822326824715,3,0,2,0.67,0.1005,0.0,0.15,0.15,0.05,0.65
485,adaptive_attentive_ppoclip_seed1,0,NOOP,0.195875,-0.05611,0.193226,0,43,152.5204034171728,171.8134880065918,30,2.0880533854166665,4009.0625,62.16822326824715,3,0,2,0.67,0.1005,0.0,0.15,0.15,0.05,0.65,33,114.58291141126722,173.68173599243164,33,1.9033378832267993,4019.849609375,70.31242458429371,3,1,3,0.0,0.1005,0.0,0.15,0.15,0.05,0.65
486,adaptive_attentive_ppoclip_seed1,0,NOOP,0.1955,-0.056117,0.192786,0,33,114.58291141126722,173.68173599243164,33,1.9033378832267993,4019.849609375,70.31242458429371,3,1,3,0.0,0.1005,0.0,0.15,0.15,0.05,0.65,43,151.70676625954712,180.68861961364746,36,1.7498728434244792,4031.70703125,74.9105542924245,3,2,4,0.0,0.1005,0.0,0.15,0.15,0.05,0.65
487,adaptive_attentive_ppoclip_seed1,0,NOOP,0.195125,-0.064505,0.192333,0,43,151.70676625954712,180.68861961364746,36,1.7498728434244792,4031.70703125,74.9105542924245,3,2,4,0.0,0.1005,0.0,0.15,0.15,0.05,0.65,22,76.39531136938282,188.36236000061035,39,1.6192493927784455,4041.646484375,77.64876744912657,3,3,5,0.0,0.067,0.0,0.1,0.15,0.05,0.7
488,adaptive_attentive_ppoclip_seed1,0,NOOP,0.19475,-0.056141,0.191574,0,22,76.39531136938282,188.36236000061035,39,1.6192493927784455,4041.646484375,77.64876744912657,3,3,5,0.0,0.067,0.0,0.1,0.15,0.05,0.7,39,82.85183418070426,211.29989624023438,42,1.5078510102771578,4053.103515625,79.15248670972059,3,4,6,0.0,0.067,0.0,0.1,0.1,0.05,0.75
489,adaptive_attentive_ppoclip_seed1,2,COMPACT_64KB,0.215341,-0.112984,0.191279,0,39,82.85183418070426,211.29989624023438,42,1.5078510102771578,4053.103515625,79.15248670972059,3,4,6,0.0,0.067,0.0,0.1,0.1,0.05,0.75,22,75.19797895834861,186.05327606201172,50,1.2768807983398438,4086.0185546875,23.16890404244183,3,0,7,0.0,0.067,0.0,0.15,0.1,0.05,0.7
490,adaptive_attentive_ppoclip_seed1,0,NOOP,0.193375,-0.062989,0.189913,0,22,75.19797895834861,186.05327606201172,50,1.2768807983398438,4086.0185546875,23.16890404244183,3,0,7,0.0,0.067,0.0,0.15,0.1,0.05,0.7,34,117.4533489601393,239.34412002563477,53,1.2078514818875294,4097.0322265625,28.938081876438158,3,1,8,0.0,0.067,0.0,0.15,0.1,0.05,0.7
491,adaptive_attentive_ppoclip_seed1,0,NOOP,0.193,-0.063007,0.189526,0,34,117.4533489601393,239.34412002563477,53,1.2078514818875294,4097.0322265625,28.938081876438158,3,1,8,0.0,0.067,0.0,0.15,0.1,0.05,0.7,41,120.36206931547521,243.6821460723877,56,1.1463993617466517,4108.6953125,32.711667332680136,3,2,9,0.0,0.067,0.0,0.15,0.1,0.05,0.7
492,adaptive_attentive_ppoclip_seed1,0,NOOP,0.192625,0.313855,0.390462,0,41,120.36206931547521,243.6821460723877,56,1.1463993617466517,4108.6953125,32.711667332680136,3,2,9,0.0,0.067,0.0,0.15,0.1,0.05,0.7,28,103.49579858592784,231.91022872924805,59,1.0908296229475636,4118.97265625,35.42484150161366,3,3,10,0.67,0.1005,0.0,0.15,0.1,0.1,0.65
493,adaptive_attentive_ppoclip_seed1,0,NOOP,0.19225,-0.063027,0.180749,0,28,103.49579858592784,231.91022872924805,59,1.0908296229475636,4118.97265625,35.42484150161366,3,3,10,0.67,0.1005,0.0,0.15,0.1,0.1,0.65,32,118.81397181063802,652.5299549102783,62,1.0407591788999495,4129.732421875,37.39648500620442,3,4,11,0.0,0.1005,0.0,0.15,0.1,0.1,0.65
494,adaptive_attentive_ppoclip_seed1,0,NOOP,0.191001,0.313828,0.389299,0,32,118.81397181063802,652.5299549102783,62,1.0407591788999495,4129.732421875,37.39648500620442,3,4,11,0.0,0.1005,0.0,0.15,0.1,0.1,0.65,47,169.7702474484809,216.36366844177246,65,0.9956289438100961,4141.81640625,38.83465642513113,3,5,12,0.67,0.134,0.0,0.15,0.1,0.15,0.6
495,adaptive_attentive_ppoclip_seed1,3,COMPACT_128KB,-0.1305,-0.118072,0.191488,0,47,169.7702474484809,216.36366844177246,65,0.9956289438100961,4141.81640625,38.83465642513113,3,5,12,0.67,0.134,0.0,0.15,0.1,0.15,0.6,40,111.13697818889533,205.62410354614258,44,1.4517250061035156,4088.0576171875,8.378338896325516,3,0,13,0.0,0.134,0.0,0.15,0.1,0.15,0.6
496,adaptive_attentive_ppoclip_seed1,0,NOOP,0.194125,-0.063074,0.183976,0,40,111.13697818889533,205.62410354614258,44,1.4517250061035156,4088.0576171875,8.378338896325516,3,0,13,0.0,0.134,0.0,0.15,0.1,0.15,0.6,21,73.2399245652022,566.197395324707,47,1.3623309845620013,4097.8916015625,23.58266396532209,3,1,14,0.0,0.134,0.0,0.15,0.15,0.15,0.55
497,adaptive_attentive_ppoclip_seed1,0,NOOP,0.19375,-0.063084,0.190047,0,21,73.2399245652022,566.197395324707,47,1.3623309845620013,4097.8916015625,23.58266396532209,3,1,14,0.0,0.134,0.0,0.15,0.15,0.15,0.55,27,79.92533559178489,247.65491485595703,50,1.2837921142578126,4108.134765625,30.43080034094172,3,2,15,0.0,0.134,0.0,0.15,0.15,0.15,0.55
498,adaptive_attentive_ppoclip_seed1,0,NOOP,0.193375,-0.063091,0.179531,0,27,79.92533559178489,247.65491485595703,50,1.2837921142578126,4108.134765625,30.43080034094172,3,2,15,0.0,0.134,0.0,0.15,0.15,0.15,0.55,31,109.97042666759138,758.4519386291504,53,1.2142549910635319,4118.7529296875,34.771958439251996,3,3,16,0.0,0.134,0.0,0.15,0.2,0.15,0.5
499,adaptive_attentive_ppoclip_seed1,0,NOOP,0.193,-0.063096,0.18918,0,31,109.97042666759138,758.4519386291504,53,1.2142549910635319,4118.7529296875,34.771958439251996,3,3,16,0.0,0.134,0.0,0.15,0.2,0.15,0.5,32,109.2376010945106,261.02399826049805,56,1.1521775381905692,4129.404296875,37.776965681006715,3,4,17,0.0,0.134,0.0,0.15,0.2,0.15,0.5
500,adaptive_attentive_ppoclip_seed1,1,COMPACT_32KB,0.561057,-0.092622,0.189341,1,32,109.2376010945106,261.02399826049805,56,1.1521775381905692,4129.404296875,37.776965681006715,3,4,17,0.0,0.134,0.0,0.15,0.2,0.15,0.5,32,96.15297622928095,247.94316291809082,57,1.1338388543379934,4136.244140625,30.21881706822437,3,0,18,0.0,0.1005,0.0,0.1,0.2,0.15,0.55
