step,policy_name,action,action_name,compact_reward,partition_reward,global_reward,done,rows_ingested,ingestion_rate_rows_per_sec,latency_ms,file_count,block_utilization,total_size_kb,file_size_skew_kb,partition_strategy,steps_since_compact,steps_since_partition_change,partition_pruning_ratio,avg_pruning_ratio,query_hist_time_range,query_hist_region_filter,query_hist_sensor_lookup,query_hist_type_filter,query_hist_full_scan,next_rows_ingested,next_ingestion_rate_rows_per_sec,next_latency_ms,next_file_count,next_block_utilization,next_total_size_kb,next_file_size_skew_kb,next_partition_strategy,next_steps_since_compact,next_steps_since_partition_change,next_partition_pruning_ratio,next_avg_pruning_ratio,next_query_hist_time_range,next_query_hist_region_filter,next_query_hist_sensor_lookup,next_query_hist_type_filter,next_query_hist_full_scan
1,frozen_mlp_ppo_seed5,0,NOOP,0.018289,0.0,0.017091,0,0,0.0,0.0,0,0.0,0.0,0.0,0,0,0,0.0,0.0,0.0,0.0,0.0,0.0,0.0,36,243.4766141750059,61.17129325866699,1,0.092071533203125,5.892578125,0.0,0,1,1,0.0,0.0,1.0,0.0,0.0,0.0,0.0
2,frozen_mlp_ppo_seed5,0,NOOP,0.018471,0.0,0.017115,0,36,243.4766141750059,61.17129325866699,1,0.092071533203125,5.892578125,0.0,0,1,1,0.0,0.0,1.0,0.0,0.0,0.0,0.0,38,230.63400799054216,70.3134536743164,2,0.09360504150390625,11.9814453125,0.13879732716650006,0,2,2,0.0,0.0,1.0,0.0,0.0,0.0,0.0
3,frozen_mlp_ppo_seed5,0,NOOP,0.018096,0.0,0.016686,0,38,230.63400799054216,70.3134536743164,2,0.09360504150390625,11.9814453125,0.13879732716650006,0,2,2,0.0,0.0,1.0,0.0,0.0,0.0,0.0,34,203.1747652766103,74.28216934204102,3,0.09235636393229167,17.732421875,0.1696813056990766,0,3,3,0.0,0.0,1.0,0.0,0.0,0.0,0.0
4,frozen_mlp_ppo_seed5,0,NOOP,0.018077,0.0,0.015213,0,34,203.1747652766103,74.28216934204102,3,0.09235636393229167,17.732421875,0.1696813056990766,0,3,3,0.0,0.0,1.0,0.0,0.0,0.0,0.0,38,223.51332453585346,148.20623397827148,4,0.09288406372070312,23.7783203125,0.15413273962119922,0,4,4,0.0,0.0,1.0,0.0,0.0,0.0,0.0
5,frozen_mlp_ppo_seed5,0,NOOP,0.018559,0.0,0.016636,0,38,223.51332453585346,148.20623397827148,4,0.09288406372070312,23.7783203125,0.15413273962119922,0,4,4,0.0,0.0,1.0,0.0,0.0,0.0,0.0,47,228.36853641018513,102.37956047058105,5,0.0959197998046875,30.6943359375,0.4544833114799908,0,5,5,0.0,0.0,1.0,0.0,0.0,0.0,0.0
6,frozen_mlp_ppo_seed5,0,NOOP,0.018395,0.0,0.0172,0,47,228.36853641018513,102.37956047058105,5,0.0959197998046875,30.6943359375,0.4544833114799908,0,5,5,0.0,0.0,1.0,0.0,0.0,0.0,0.0,38,234.95665531073055,67.24095344543457,6,0.09572347005208333,36.7578125,0.40766573977631454,0,6,6,0.0,0.0,0.8333333333333334,0.0,0.0,0.16666666666666666,0.0
7,frozen_mlp_ppo_seed5,0,NOOP,0.018698,0.0,0.016825,0,38,234.95665531073055,67.24095344543457,6,0.09572347005208333,36.7578125,0.40766573977631454,0,6,6,0.0,0.0,0.8333333333333334,0.0,0.0,0.16666666666666666,0.0,49,307.27226189194687,102.38242149353027,7,0.09786333356584821,43.8427734375,0.519405755477922,0,7,7,0.0,0.0,0.8571428571428571,0.0,0.0,0.14285714285714285,0.0
8,frozen_mlp_ppo_seed5,0,NOOP,0.018897,0.0,0.017641,0,49,307.27226189194687,102.38242149353027,7,0.09786333356584821,43.8427734375,0.519405755477922,0,7,7,0.0,0.0,0.8571428571428571,0.0,0.0,0.14285714285714285,0.0,49,300.0234972613778,72.80635833740234,8,0.09948539733886719,50.9365234375,0.5634337501289263,0,8,8,0.0,0.0,0.75,0.0,0.0,0.25,0.0
9,frozen_mlp_ppo_seed5,0,NOOP,0.018798,0.0,0.016704,0,49,300.0234972613778,72.80635833740234,8,0.09948539733886719,50.9365234375,0.5634337501289263,0,8,8,0.0,0.0,0.75,0.0,0.0,0.25,0.0,42,237.70335517038976,115.94581604003906,9,0.0996127658420139,57.376953125,0.5276110564243638,0,9,9,0.0,0.0,0.7777777777777778,0.0,0.0,0.2222222222222222,0.0
10,frozen_mlp_ppo_seed5,0,NOOP,0.018912,0.0,0.016858,0,42,237.70335517038976,115.94581604003906,9,0.0996127658420139,57.376953125,0.5276110564243638,0,9,9,0.0,0.0,0.7777777777777778,0.0,0.0,0.2222222222222222,0.0,50,285.6423695293304,115.17500877380371,10,0.1008087158203125,64.517578125,0.5531979615102903,0,10,10,0.0,0.0,0.8,0.0,0.0,0.2,0.0
11,frozen_mlp_ppo_seed5,0,NOOP,0.018866,0.0,0.017808,0,50,285.6423695293304,115.17500877380371,10,0.1008087158203125,64.517578125,0.5531979615102903,0,10,10,0.0,0.0,0.8,0.0,0.0,0.2,0.0,45,256.6561915705165,66.67280197143555,11,0.10120738636363637,71.25,0.5315884740959697,0,11,11,0.0,0.0,0.7272727272727273,0.0,0.0,0.18181818181818182,0.09090909090909091
12,frozen_mlp_ppo_seed5,0,NOOP,0.018866,0.0,0.016855,0,45,256.6561915705165,66.67280197143555,11,0.10120738636363637,71.25,0.5315884740959697,0,11,11,0.0,0.0,0.7272727272727273,0.0,0.0,0.18181818181818182,0.09090909090909091,47,274.76874700326715,115.58794975280762,12,0.10183207194010417,78.20703125,0.5254306122660307,0,12,12,0.0,0.0,0.75,0.0,0.0,0.16666666666666666,0.08333333333333333
13,frozen_mlp_ppo_seed5,0,NOOP,0.018614,0.0,0.017497,0,47,274.76874700326715,115.58794975280762,12,0.10183207194010417,78.20703125,0.5254306122660307,0,12,12,0.0,0.0,0.75,0.0,0.0,0.16666666666666666,0.08333333333333333,37,218.3651143189618,72.0663070678711,13,0.10119276780348557,84.1923828125,0.5242459943558231,0,13,13,0.0,0.0,0.6923076923076923,0.0,0.0,0.15384615384615385,0.15384615384615385
14,frozen_mlp_ppo_seed5,0,NOOP,0.018498,0.0,0.016281,0,37,218.3651143189618,72.0663070678711,13,0.10119276780348557,84.1923828125,0.5242459943558231,0,13,13,0.0,0.0,0.6923076923076923,0.0,0.0,0.15384615384615385,0.15384615384615385,43,247.50691586373847,128.36647033691406,14,0.1012420654296875,90.712890625,0.5038175829023552,0,14,14,0.0,0.0,0.7142857142857143,0.0,0.0,0.14285714285714285,0.14285714285714285
15,frozen_mlp_ppo_seed5,0,NOOP,0.018176,0.0,0.016592,0,43,247.50691586373847,128.36647033691406,14,0.1012420654296875,90.712890625,0.5038175829023552,0,14,14,0.0,0.0,0.7142857142857143,0.0,0.0,0.14285714285714285,0.14285714285714285,32,181.82668055700435,97.9607105255127,15,0.10025634765625,96.24609375,0.5435060451821612,0,15,15,0.0,0.0,0.6666666666666666,0.06666666666666667,0.0,0.13333333333333333,0.13333333333333333
16,frozen_mlp_ppo_seed5,0,NOOP,0.017982,0.0,0.015106,0,32,181.82668055700435,97.9607105255127,15,0.10025634765625,96.24609375,0.5435060451821612,0,15,15,0.0,0.0,0.6666666666666666,0.06666666666666667,0.0,0.13333333333333333,0.13333333333333333,38,151.53711188377025,163.75732421875,16,0.09990787506103516,102.3056640625,0.5326009850718162,0,16,16,0.0,0.0,0.6875,0.0625,0.0,0.125,0.125
17,frozen_mlp_ppo_seed5,0,NOOP,0.017807,0.0,0.014074,0,38,151.53711188377025,163.75732421875,16,0.09990787506103516,102.3056640625,0.5326009850718162,0,16,16,0.0,0.0,0.6875,0.0625,0.0,0.125,0.125,38,214.95733047772924,207.8995704650879,17,0.09966233197380514,108.4326171875,0.5197432371068186,0,17,17,0.0,0.0,0.6470588235294118,0.058823529411764705,0.058823529411764705,0.11764705882352941,0.11764705882352941
18,frozen_mlp_ppo_seed5,2,COMPACT_64KB,0.131309,-0.05,0.108418,0,38,214.95733047772924,207.8995704650879,17,0.09966233197380514,108.4326171875,0.5197432371068186,0,17,17,0.0,0.0,0.6470588235294118,0.058823529411764705,0.058823529411764705,0.11764705882352941,0.11764705882352941,50,287.84969762187774,67.51251220703125,2,0.5498428344726562,70.3798828125,3.137095807549302,0,0,18,0.0,0.0,0.6666666666666666,0.05555555555555555,0.05555555555555555,0.1111111111111111,0.1111111111111111
19,frozen_mlp_ppo_seed5,0,NOOP,0.079031,0.0,0.077943,0,50,287.84969762187774,67.51251220703125,2,0.5498428344726562,70.3798828125,3.137095807549302,0,0,18,0.0,0.0,0.6666666666666666,0.05555555555555555,0.05555555555555555,0.1111111111111111,0.1111111111111111,35,207.46919774215704,58.118343353271484,3,0.3970286051432292,76.2294921875,17.08427287363644,0,1,19,0.0,0.0,0.631578947368421,0.05263157894736842,0.05263157894736842,0.15789473684210525,0.10526315789473684
20,frozen_mlp_ppo_seed5,0,NOOP,0.064643,0.0,0.063567,0,35,207.46919774215704,58.118343353271484,3,0.3970286051432292,76.2294921875,17.08427287363644,0,1,19,0.0,0.0,0.631578947368421,0.05263157894736842,0.05263157894736842,0.15789473684210525,0.10526315789473684,50,289.87568178739565,58.78734588623047,4,0.325714111328125,83.3828125,16.670531772033485,0,2,20,0.0,0.0,0.6,0.1,0.05,0.15,0.1
21,frozen_mlp_ppo_seed5,4,PARTITION_HOUR,-0.126843,-0.1,0.053119,0,50,289.87568178739565,58.78734588623047,4,0.325714111328125,83.3828125,16.670531772033485,0,2,20,0.0,0.0,0.6,0.1,0.05,0.15,0.1,32,189.51363837892637,99.04885292053223,5,0.2779998779296875,88.9599609375,15.970464132917963,1,3,0,0.0,0.0,0.6,0.1,0.05,0.15,0.1
22,frozen_mlp_ppo_seed5,0,NOOP,0.048948,-0.025913,0.057497,0,32,189.51363837892637,99.04885292053223,5,0.2779998779296875,88.9599609375,15.970464132917963,1,3,0,0.0,0.0,0.6,0.1,0.05,0.15,0.1,42,215.34466854350822,99.29513931274414,6,0.2484893798828125,95.419921875,15.014894884918487,1,4,1,0.03461538461538462,0.0017307692307692308,0.55,0.1,0.1,0.15,0.1
23,frozen_mlp_ppo_seed5,0,NOOP,0.044848,0.008011,0.068921,0,42,215.34466854350822,99.29513931274414,6,0.2484893798828125,95.419921875,15.014894884918487,1,4,1,0.03461538461538462,0.0017307692307692308,0.55,0.1,0.1,0.15,0.1,48,261.1141630211056,101.55677795410156,7,0.22861589704241073,102.419921875,14.11370666923786,1,5,2,0.08643006263048017,0.00605227236229324,0.55,0.1,0.1,0.15,0.1
24,frozen_mlp_ppo_seed5,0,NOOP,0.041497,0.030973,0.075783,0,48,261.1141630211056,101.55677795410156,7,0.22861589704241073,102.419921875,14.11370666923786,1,5,2,0.08643006263048017,0.00605227236229324,0.55,0.1,0.1,0.15,0.1,41,222.18808012734377,105.34238815307617,8,0.21248626708984375,108.79296875,13.388992782392693,1,6,3,0.12064064064064063,0.012084304394325271,0.55,0.1,0.1,0.15,0.1
25,frozen_mlp_ppo_seed5,0,NOOP,0.038672,-0.033946,0.036638,0,41,222.18808012734377,105.34238815307617,8,0.21248626708984375,108.79296875,13.388992782392693,1,6,3,0.12064064064064063,0.012084304394325271,0.55,0.1,0.1,0.15,0.1,35,185.68961635275815,112.9150390625,9,0.1989830864800347,114.6142578125,12.789785646523544,1,7,4,0.0,0.012084304394325271,0.5,0.15,0.1,0.15,0.1
26,frozen_mlp_ppo_seed5,0,NOOP,0.036419,-0.031121,0.034842,0,35,185.68961635275815,112.9150390625,9,0.1989830864800347,114.6142578125,12.789785646523544,1,7,4,0.0,0.012084304394325271,0.5,0.15,0.1,0.15,0.1,36,150.90636196552623,91.37749671936035,10,0.1883453369140625,120.541015625,12.249012976086945,1,8,5,0.0,0.012084304394325271,0.5,0.15,0.1,0.15,0.1
27,frozen_mlp_ppo_seed5,0,NOOP,0.03443,0.080679,0.090732,0,36,150.90636196552623,91.37749671936035,10,0.1883453369140625,120.541015625,12.249012976086945,1,8,5,0.0,0.012084304394325271,0.5,0.15,0.1,0.15,0.1,31,166.7869334434784,119.09770965576172,11,0.17902721058238635,126.03515625,11.787560640916627,1,9,6,0.1946957311534968,0.02181909095200011,0.5,0.15,0.1,0.15,0.1
28,frozen_mlp_ppo_seed5,0,NOOP,0.032983,0.098157,0.097163,0,31,166.7869334434784,119.09770965576172,11,0.17902721058238635,126.03515625,11.787560640916627,1,9,6,0.1946957311534968,0.02181909095200011,0.5,0.15,0.1,0.15,0.1,41,216.9313417170941,117.02895164489746,12,0.17241541544596353,132.4150390625,11.334187168730603,1,10,7,0.22073555166374784,0.0328558685351875,0.55,0.15,0.1,0.1,0.1
29,frozen_mlp_ppo_seed5,0,NOOP,0.031924,0.117844,0.104753,0,41,216.9313417170941,117.02895164489746,12,0.17241541544596353,132.4150390625,11.334187168730603,1,10,7,0.22073555166374784,0.0328558685351875,0.55,0.15,0.1,0.1,0.1,50,269.59804905891775,125.81968307495117,13,0.16774691068209135,139.5654296875,10.904999724996825,1,11,8,0.25006711409395976,0.04535922423988549,0.55,0.15,0.1,0.1,0.1
30,frozen_mlp_ppo_seed5,0,NOOP,0.030743,0.131381,0.109483,0,50,269.59804905891775,125.81968307495117,13,0.16774691068209135,139.5654296875,10.904999724996825,1,11,8,0.25006711409395976,0.04535922423988549,0.55,0.15,0.1,0.1,0.1,37,158.1554535309734,134.0162754058838,14,0.1624635968889509,145.5673828125,10.553296567014081,1,12,9,0.2702359641985354,0.05887102244981226,0.55,0.15,0.1,0.1,0.1
31,frozen_mlp_ppo_seed5,0,NOOP,0.029674,0.113499,0.097447,0,37,158.1554535309734,134.0162754058838,14,0.1624635968889509,145.5673828125,10.553296567014081,1,12,9,0.2702359641985354,0.05887102244981226,0.55,0.15,0.1,0.1,0.1,35,192.7043602453163,154.63662147521973,15,0.15774739583333333,151.4375,10.23638134818779,1,13,10,0.23496835443037975,0.07061944017133125,0.55,0.15,0.15,0.1,0.05
32,frozen_mlp_ppo_seed5,0,NOOP,0.028839,0.157094,0.118948,0,35,192.7043602453163,154.63662147521973,15,0.15774739583333333,151.4375,10.23638134818779,1,13,10,0.23496835443037975,0.07061944017133125,0.55,0.15,0.15,0.1,0.05,42,177.66792500784152,142.70448684692383,16,0.15419483184814453,157.8955078125,9.931014406359843,1,14,11,0.30854517611026033,0.08604669897684428,0.55,0.15,0.15,0.1,0.05
33,frozen_mlp_ppo_seed5,0,NOOP,0.027972,0.167806,0.123038,0,42,177.66792500784152,142.70448684692383,16,0.15419483184814453,157.8955078125,9.931014406359843,1,14,11,0.30854517611026033,0.08604669897684428,0.55,0.15,0.15,0.1,0.05,35,180.18229262556858,135.53333282470703,17,0.15048576803768382,163.728515625,9.665346339620886,1,15,12,0.3245041014168531,0.10227190404768693,0.6,0.15,0.15,0.1,0.0
34,frozen_mlp_ppo_seed5,2,COMPACT_64KB,0.153528,0.4675,0.406506,0,35,180.18229262556858,135.53333282470703,17,0.15048576803768382,163.728515625,9.665346339620886,1,15,12,0.3245041014168531,0.10227190404768693,0.6,0.15,0.15,0.1,0.0,34,180.37689760461015,75.28948783874512,3,0.66156005859375,127.01953125,32.59965514310733,1,0,13,0.92,0.14827190404768692,0.6,0.15,0.15,0.1,0.0
35,frozen_mlp_ppo_seed5,0,NOOP,0.102927,0.0,0.101696,0,34,180.37689760461015,75.28948783874512,3,0.66156005859375,127.01953125,32.59965514310733,1,0,13,0.92,0.14827190404768692,0.6,0.15,0.15,0.1,0.0,30,171.28883395362388,66.55025482177734,4,0.5171356201171875,132.38671875,32.40734491610683,1,1,14,0.0,0.14827190404768692,0.6,0.1,0.15,0.1,0.05
36,frozen_mlp_ppo_seed5,0,NOOP,0.086384,0.5175,0.360445,0,30,171.28883395362388,66.55025482177734,4,0.5171356201171875,132.38671875,32.40734491610683,1,1,14,0.0,0.14827190404768692,0.6,0.1,0.15,0.1,0.05,46,245.55814853279574,103.1806468963623,5,0.4350433349609375,139.2138671875,30.42523061215119,1,2,15,0.92,0.19427190404768693,0.6,0.1,0.15,0.1,0.05
37,frozen_mlp_ppo_seed5,0,NOOP,0.075068,-0.0,0.073598,0,46,245.55814853279574,103.1806468963623,5,0.4350433349609375,139.2138671875,30.42523061215119,1,2,15,0.92,0.19427190404768693,0.6,0.1,0.15,0.1,0.05,41,229.53406709574773,80.99937438964844,6,0.37909189860026044,145.5712890625,28.591824849120226,1,3,16,0.0,0.1942719040476869,0.6,0.15,0.1,0.1,0.05
38,frozen_mlp_ppo_seed5,0,NOOP,0.066646,0.5175,0.338953,0,41,229.53406709574773,80.99937438964844,6,0.37909189860026044,145.5712890625,28.591824849120226,1,3,16,0.0,0.1942719040476869,0.6,0.15,0.1,0.1,0.05,33,187.79675753123004,193.4211254119873,7,0.33760506766183035,151.2470703125,27.029478803546922,1,4,17,0.92,0.24027190404768692,0.6,0.15,0.1,0.1,0.05
39,frozen_mlp_ppo_seed5,0,NOOP,0.060606,0.421875,0.283485,0,33,187.79675753123004,193.4211254119873,7,0.33760506766183035,151.2470703125,27.029478803546922,1,4,17,0.92,0.24027190404768692,0.6,0.15,0.1,0.1,0.05,42,219.371188479576,116.02902412414551,8,0.3080291748046875,157.7109375,25.590732707344362,1,5,18,0.75,0.2777719040476869,0.6,0.15,0.15,0.05,0.05
40,frozen_mlp_ppo_seed5,0,NOOP,0.055607,0.421875,0.278413,0,42,219.371188479576,116.02902412414551,8,0.3080291748046875,157.7109375,25.590732707344362,1,5,18,0.75,0.2777719040476869,0.6,0.15,0.15,0.05,0.05,33,187.3308646787501,120.96071243286133,9,0.2836591932508681,163.3876953125,24.390946734696747,1,6,19,0.75,0.3152719040476869,0.6,0.1,0.2,0.05,0.05
41,frozen_mlp_ppo_seed5,0,NOOP,0.051984,0.5175,0.325632,0,33,187.3308646787501,120.96071243286133,9,0.2836591932508681,163.3876953125,24.390946734696747,1,6,19,0.75,0.3152719040476869,0.6,0.1,0.2,0.05,0.05,47,262.0631507300939,130.07330894470215,10,0.26616973876953126,170.3486328125,23.266824830919465,1,7,20,0.92,0.36127190404768694,0.6,0.1,0.2,0.05,0.05
42,frozen_mlp_ppo_seed5,0,NOOP,0.049056,0.517067,0.322881,0,47,262.0631507300939,130.07330894470215,10,0.26616973876953126,170.3486328125,23.266824830919465,1,7,20,0.92,0.36127190404768694,0.6,0.1,0.2,0.05,0.05,50,290.69859637547165,122.49279022216797,11,0.2521542635830966,177.5166015625,22.272429901820214,1,8,21,0.92,0.4055411348169177,0.65,0.1,0.15,0.05,0.05
43,frozen_mlp_ppo_seed5,0,NOOP,0.046314,0.51642,0.320223,0,50,290.69859637547165,122.49279022216797,11,0.2521542635830966,177.5166015625,22.272429901820214,1,8,21,0.92,0.4055411348169177,0.65,0.1,0.15,0.05,0.05,38,214.69007757388647,119.5836067199707,12,0.2390721638997396,183.607421875,21.43307270983921,1,9,22,0.92,0.4472196316853937,0.65,0.1,0.15,0.05,0.05
44,frozen_mlp_ppo_seed5,0,NOOP,0.043999,0.515992,0.317819,0,38,214.69007757388647,119.5836067199707,12,0.2390721638997396,183.607421875,21.43307270983921,1,9,22,0.92,0.4472196316853937,0.65,0.1,0.15,0.05,0.05,39,225.14421778632354,125.24747848510742,13,0.228118896484375,189.794921875,20.67567655708737,1,10,23,0.92,0.48718759965336167,0.65,0.1,0.15,0.05,0.05
45,frozen_mlp_ppo_seed5,0,NOOP,0.042058,0.5175,0.315769,0,39,225.14421778632354,125.24747848510742,13,0.228118896484375,189.794921875,20.67567655708737,1,10,23,0.92,0.48718759965336167,0.65,0.1,0.15,0.05,0.05,42,237.54116836412032,131.9441795349121,14,0.2190399169921875,196.259765625,19.9831676883611,1,11,24,0.92,0.5331875996533617,0.7,0.05,0.15,0.05,0.05
46,frozen_mlp_ppo_seed5,0,NOOP,0.040314,0.5175,0.313872,0,42,237.54116836412032,131.9441795349121,14,0.2190399169921875,196.259765625,19.9831676883611,1,11,24,0.92,0.5331875996533617,0.7,0.05,0.15,0.05,0.05,40,219.50512874188823,140.8534049987793,15,0.2109466552734375,202.5087890625,19.36047542703238,1,12,25,0.92,0.5791875996533616,0.75,0.05,0.15,0.0,0.05
47,frozen_mlp_ppo_seed5,0,NOOP,0.03894,0.515066,0.312382,0,40,219.50512874188823,140.8534049987793,15,0.2109466552734375,202.5087890625,19.36047542703238,1,12,25,0.92,0.5791875996533616,0.75,0.05,0.15,0.0,0.05,49,218.17991271567624,147.89366722106934,16,0.2046976089477539,209.6103515625,18.77228525387753,1,13,26,0.92,0.6154528130956868,0.75,0.05,0.15,0.0,0.05
48,frozen_mlp_ppo_seed5,0,NOOP,0.037613,0.514741,0.311201,0,49,218.17991271567624,147.89366722106934,16,0.2046976089477539,209.6103515625,18.77228525387753,1,13,26,0.92,0.6154528130956868,0.75,0.05,0.15,0.0,0.05,43,238.4135363790186,141.83926582336426,17,0.19869097541360295,216.17578125,18.24516574982835,1,14,27,0.92,0.6504160355124995,0.75,0.05,0.15,0.0,0.05
49,frozen_mlp_ppo_seed5,2,COMPACT_64KB,0.16449,-0.053126,0.141731,0,43,238.4135363790186,141.83926582336426,17,0.19869097541360295,216.17578125,18.24516574982835,1,14,27,0.92,0.6504160355124995,0.75,0.05,0.15,0.0,0.05,49,271.74951341287976,63.410043716430664,4,0.7169952392578125,183.55078125,26.36127976833782,1,0,28,0.0,0.6379126798078014,0.7,0.05,0.15,0.0,0.1
50,frozen_mlp_ppo_seed5,0,NOOP,0.117638,-0.003378,0.116085,0,49,271.74951341287976,63.410043716430664,4,0.7169952392578125,183.55078125,26.36127976833782,1,0,28,0.0,0.6379126798078014,0.7,0.05,0.15,0.0,0.1,33,164.91896200640315,83.91070365905762,5,0.591314697265625,189.220703125,29.06340763438535,1,1,29,0.0,0.6244008815978747,0.65,0.05,0.15,0.05,0.1
51,frozen_mlp_ppo_seed5,0,NOOP,0.101731,0.514563,0.375798,0,33,164.91896200640315,83.91070365905762,5,0.591314697265625,189.220703125,29.06340763438535,1,1,29,0.0,0.6244008815978747,0.65,0.05,0.15,0.05,0.1,54,310.6960043018777,104.15101051330566,6,0.5124028523763021,196.7626953125,28.788574654643924,1,2,30,0.92,0.6586524638763557,0.7,0.05,0.1,0.05,0.1
52,frozen_mlp_ppo_seed5,0,NOOP,0.091961,-0.003857,0.090645,0,54,310.6960043018777,104.15101051330566,6,0.5124028523763021,196.7626953125,28.788574654643924,1,2,30,0.92,0.6586524638763557,0.7,0.05,0.1,0.05,0.1,96,525.3818614537298,74.5246410369873,7,0.4641789027622768,207.9521484375,27.519626490999826,1,3,31,0.0,0.6432252050708427,0.65,0.05,0.1,0.1,0.1
53,frozen_mlp_ppo_seed5,0,NOOP,0.083406,0.417819,0.306356,0,96,525.3818614537298,74.5246410369873,7,0.4641789027622768,207.9521484375,27.519626490999826,1,3,31,0.0,0.6432252050708427,0.65,0.05,0.1,0.1,0.1,61,338.05054918629526,112.4565601348877,8,0.422027587890625,216.078125,26.596237760419644,1,4,32,0.75,0.6645000000000001,0.6,0.05,0.15,0.1,0.1
54,frozen_mlp_ppo_seed5,0,NOOP,0.076789,0.506,0.34901,0,61,338.05054918629526,112.4565601348877,8,0.422027587890625,216.078125,26.596237760419644,1,4,32,0.75,0.6645000000000001,0.6,0.05,0.15,0.1,0.1,63,338.64393329676585,200.20604133605957,9,0.3895687527126736,224.3916015625,25.64720072640078,1,5,33,0.92,0.6645,0.6,0.05,0.15,0.1,0.1
55,frozen_mlp_ppo_seed5,0,NOOP,0.072139,0.5175,0.345887,0,63,338.64393329676585,200.20604133605957,9,0.3895687527126736,224.3916015625,25.64720072640078,1,5,33,0.92,0.6645,0.6,0.05,0.15,0.1,0.1,88,425.66935839151563,125.10538101196289,10,0.36694488525390623,234.8447265625,24.610105669103984,1,6,34,0.92,0.7104999999999999,0.65,0.05,0.15,0.1,0.05
56,frozen_mlp_ppo_seed5,0,NOOP,0.067994,-0.0115,0.066451,0,88,425.66935839151563,125.10538101196289,10,0.36694488525390623,234.8447265625,24.610105669103984,1,6,34,0.92,0.7104999999999999,0.65,0.05,0.15,0.1,0.05,73,404.18487858646796,90.8803939819336,11,0.34684337269176135,244.177734375,23.733886854729437,1,7,35,0.0,0.6645,0.6,0.05,0.15,0.15,0.05
57,frozen_mlp_ppo_seed5,0,NOOP,0.064819,0.0,0.063055,0,73,404.18487858646796,90.8803939819336,11,0.34684337269176135,244.177734375,23.733886854729437,1,7,35,0.0,0.6645,0.6,0.05,0.15,0.15,0.05,87,473.4732949524911,103.22046279907227,12,0.33159637451171875,254.666015625,22.880448954000684,1,8,36,0.0,0.6645,0.6,0.05,0.15,0.15,0.05
58,frozen_mlp_ppo_seed5,0,NOOP,0.062004,-0.0115,0.060235,0,87,473.4732949524911,103.22046279907227,12,0.33159637451171875,254.666015625,22.880448954000684,1,8,36,0.0,0.6645,0.6,0.05,0.15,0.15,0.05,82,441.80513621556076,104.69293594360352,13,0.3181445782001202,264.6962890625,22.12518855178555,1,9,37,0.0,0.6184999999999999,0.55,0.1,0.15,0.15,0.05
59,frozen_mlp_ppo_seed5,0,NOOP,0.059757,0.508125,0.333487,0,82,441.80513621556076,104.69293594360352,13,0.3181445782001202,264.6962890625,22.12518855178555,1,9,37,0.0,0.6184999999999999,0.55,0.1,0.15,0.15,0.05,92,498.37326724105645,130.98549842834473,14,0.30753326416015625,275.5498046875,21.408531293587604,1,10,38,0.92,0.627,0.6,0.1,0.1,0.15,0.05
60,frozen_mlp_ppo_seed5,0,NOOP,0.057888,0.4125,0.278426,0,92,498.37326724105645,130.98549842834473,14,0.30753326416015625,275.5498046875,21.408531293587604,1,10,38,0.92,0.627,0.6,0.1,0.1,0.15,0.05,97,513.1753724754163,241.8348789215088,15,0.2988128662109375,286.8603515625,20.74270769954549,1,11,39,0.75,0.627,0.6,0.1,0.1,0.15,0.05
61,frozen_mlp_ppo_seed5,0,NOOP,0.055615,-0.0115,0.053833,0,97,513.1753724754163,241.8348789215088,15,0.2988128662109375,286.8603515625,20.74270769954549,1,11,39,0.75,0.627,0.6,0.1,0.1,0.15,0.05,61,287.9892662171745,109.12823677062988,16,0.28807735443115234,294.9912109375,20.226938259857736,1,12,40,0.0,0.581,0.55,0.15,0.1,0.15,0.05
62,frozen_mlp_ppo_seed5,0,NOOP,0.054175,0.506,0.327711,0,61,287.9892662171745,109.12823677062988,16,0.28807735443115234,294.9912109375,20.226938259857736,1,12,40,0.0,0.581,0.55,0.15,0.1,0.15,0.05,96,518.5294869863199,144.45018768310547,17,0.28150132123161764,306.2734375,19.66137451762301,1,13,41,0.92,0.581,0.55,0.15,0.1,0.15,0.05
63,frozen_mlp_ppo_seed5,3,COMPACT_128KB,0.167125,0.451,0.474168,0,96,518.5294869863199,144.45018768310547,17,0.28150132123161764,306.2734375,19.66137451762301,1,13,41,0.92,0.581,0.55,0.15,0.1,0.15,0.05,52,288.0068032331203,76.57527923583984,3,1.4099833170572917,270.716796875,36.95403257173548,1,0,42,0.92,0.581,0.55,0.15,0.1,0.15,0.05
64,frozen_mlp_ppo_seed5,0,NOOP,0.1995,0.506,0.473978,0,52,288.0068032331203,76.57527923583984,3,1.4099833170572917,270.716796875,36.95403257173548,1,0,42,0.92,0.581,0.55,0.15,0.1,0.15,0.05,73,387.55530352893527,81.09641075134277,4,1.0934066772460938,279.912109375,50.521455106808965,1,1,43,0.92,0.581,0.55,0.15,0.1,0.15,0.05
65,frozen_mlp_ppo_seed5,0,NOOP,0.180084,0.410375,0.403241,0,73,387.55530352893527,81.09641075134277,4,1.0934066772460938,279.912109375,50.521455106808965,1,1,43,0.92,0.581,0.55,0.15,0.1,0.15,0.05,73,395.051399330881,98.3879566192627,5,0.9035430908203125,289.1337890625,51.50320209159241,1,2,44,0.75,0.5725,0.5,0.15,0.15,0.15,0.05
66,frozen_mlp_ppo_seed5,0,NOOP,0.153721,0.506,0.427759,0,73,395.051399330881,98.3879566192627,5,0.9035430908203125,289.1337890625,51.50320209159241,1,2,44,0.75,0.5725,0.5,0.15,0.15,0.15,0.05,53,297.94241339425366,105.58152198791504,6,0.7723541259765625,296.583984375,50.4482923606207,1,3,45,0.92,0.5725,0.5,0.15,0.15,0.15,0.05
67,frozen_mlp_ppo_seed5,0,NOOP,0.135714,0.410375,0.358494,0,53,297.94241339425366,105.58152198791504,6,0.7723541259765625,296.583984375,50.4482923606207,1,3,45,0.92,0.5725,0.5,0.15,0.15,0.15,0.05,75,416.0999361113646,119.75312232971191,7,0.6829463413783482,305.9599609375,48.47736954053654,1,4,46,0.75,0.564,0.45,0.15,0.2,0.15,0.05
68,frozen_mlp_ppo_seed5,0,NOOP,0.121473,0.506,0.395478,0,75,416.0999361113646,119.75312232971191,7,0.6829463413783482,305.9599609375,48.47736954053654,1,4,46,0.75,0.564,0.45,0.15,0.2,0.15,0.05,55,323.3283857177897,109.76839065551758,8,0.61236572265625,313.53125,46.664451248430225,1,5,47,0.92,0.564,0.45,0.15,0.2,0.15,0.05
69,frozen_mlp_ppo_seed5,0,NOOP,0.111291,0.0,0.108926,0,55,323.3283857177897,109.76839065551758,8,0.61236572265625,313.53125,46.664451248430225,1,5,47,0.92,0.564,0.45,0.15,0.2,0.15,0.05,84,374.02667816032164,129.52518463134766,9,0.5620812310112847,323.7587890625,44.70555186588806,1,6,48,0.0,0.564,0.45,0.15,0.2,0.2,0.0
70,frozen_mlp_ppo_seed5,0,NOOP,0.102222,0.5175,0.375932,0,84,374.02667816032164,129.52518463134766,9,0.5620812310112847,323.7587890625,44.70555186588806,1,6,48,0.0,0.564,0.45,0.15,0.2,0.2,0.0,52,282.5094692774697,127.02202796936035,10,0.5173599243164062,331.1103515625,43.10963954889684,1,7,49,0.92,0.61,0.5,0.15,0.2,0.15,0.0
71,frozen_mlp_ppo_seed5,0,NOOP,0.095409,0.506,0.369274,0,52,282.5094692774697,127.02202796936035,10,0.5173599243164062,331.1103515625,43.10963954889684,1,7,49,0.92,0.61,0.5,0.15,0.2,0.15,0.0,77,424.7876899442186,120.51081657409668,11,0.48392139781605115,340.6806640625,41.50874140284737,1,8,50,0.92,0.61,0.5,0.15,0.2,0.15,0.0
72,frozen_mlp_ppo_seed5,0,NOOP,0.089104,0.5175,0.363005,0,77,424.7876899442186,120.51081657409668,11,0.48392139781605115,340.6806640625,41.50874140284737,1,8,50,0.92,0.61,0.5,0.15,0.2,0.15,0.0,51,281.7516349166835,119.92168426513672,12,0.4530194600423177,347.9189453125,40.165634237486195,1,9,51,0.92,0.6559999999999999,0.55,0.15,0.2,0.1,0.0
73,frozen_mlp_ppo_seed5,0,NOOP,0.084436,0.508125,0.358145,0,51,281.7516349166835,119.92168426513672,12,0.4530194600423177,347.9189453125,40.165634237486195,1,9,51,0.92,0.6559999999999999,0.55,0.15,0.2,0.1,0.0,83,467.2522615871107,130.79118728637695,13,0.43030372032752406,358.0126953125,38.811268352388964,1,10,52,0.92,0.6645,0.6,0.15,0.15,0.1,0.0
74,frozen_mlp_ppo_seed5,0,NOOP,0.080032,0.506,0.353692,0,83,467.2522615871107,130.79118728637695,13,0.43030372032752406,358.0126953125,38.811268352388964,1,10,52,0.92,0.6645,0.6,0.15,0.15,0.1,0.0,63,319.070170015456,134.51910018920898,14,0.4089115687779018,366.384765625,37.63889212202382,1,11,53,0.92,0.6645,0.6,0.15,0.15,0.1,0.0
75,frozen_mlp_ppo_seed5,0,NOOP,0.07605,0.506,0.349073,0,63,319.070170015456,134.51910018920898,14,0.4089115687779018,366.384765625,37.63889212202382,1,11,53,0.92,0.6645,0.6,0.15,0.15,0.1,0.0,56,281.4446309709965,167.6323413848877,15,0.3896270751953125,374.0419921875,36.58337538191562,1,12,54,0.92,0.6645,0.6,0.15,0.15,0.1,0.0
76,frozen_mlp_ppo_seed5,0,NOOP,0.073193,0.5175,0.346857,0,56,281.4446309709965,167.6323413848877,15,0.3896270751953125,374.0419921875,36.58337538191562,1,12,54,0.92,0.6645,0.6,0.15,0.15,0.1,0.0,93,492.9330831200834,136.80648803710938,16,0.3759651184082031,384.98828125,35.51552754858845,1,13,55,0.92,0.7105,0.65,0.15,0.15,0.05,0.0
77,frozen_mlp_ppo_seed5,0,NOOP,0.070101,0.5175,0.343362,0,93,492.9330831200834,136.80648803710938,16,0.3759651184082031,384.98828125,35.51552754858845,1,13,55,0.92,0.7105,0.65,0.15,0.15,0.05,0.0,59,296.36435013694626,158.233642578125,17,0.3611324534696691,392.912109375,34.60979264609737,1,14,56,0.92,0.7565,0.7,0.1,0.15,0.05,0.0
78,frozen_mlp_ppo_seed5,0,NOOP,0.067393,0.5175,0.340868,0,59,296.36435013694626,158.233642578125,17,0.3611324534696691,392.912109375,34.60979264609737,1,14,56,0.92,0.7565,0.7,0.1,0.15,0.05,0.0,61,312.5031072894274,148.7581729888916,18,0.3482174343532986,401.146484375,33.759063453749235,1,15,57,0.92,0.8025,0.75,0.05,0.15,0.05,0.0
79,frozen_mlp_ppo_seed5,0,NOOP,0.065105,0.506,0.338459,0,61,312.5031072894274,148.7581729888916,18,0.3482174343532986,401.146484375,33.759063453749235,1,15,57,0.92,0.8025,0.75,0.05,0.15,0.05,0.0,72,383.29767360983305,156.04782104492188,19,0.3373999344675164,410.2783203125,32.94641035427561,1,16,58,0.92,0.8025,0.75,0.05,0.15,0.05,0.0
80,frozen_mlp_ppo_seed5,0,NOOP,0.062877,0.508125,0.336146,0,72,383.29767360983305,156.04782104492188,19,0.3373999344675164,410.2783203125,32.94641035427561,1,16,58,0.92,0.8025,0.75,0.05,0.15,0.05,0.0,61,327.3651290830669,161.5910530090332,20,0.3268867492675781,418.4150390625,32.20854770274092,1,17,59,0.92,0.8109999999999999,0.8,0.05,0.1,0.05,0.0
81,frozen_mlp_ppo_seed5,0,NOOP,0.061,0.0,0.059087,0,61,327.3651290830669,161.5910530090332,20,0.3268867492675781,418.4150390625,32.20854770274092,1,17,59,0.92,0.8109999999999999,0.8,0.05,0.1,0.05,0.0,72,390.2227678058021,121.9022274017334,21,0.31812468029203866,427.5595703125,31.498012597310893,1,18,60,0.0,0.8109999999999999,0.8,0.0,0.1,0.05,0.05
82,frozen_mlp_ppo_seed5,1,COMPACT_32KB,0.110763,-0.0565,0.122357,0,72,390.2227678058021,121.9022274017334,21,0.31812468029203866,427.5595703125,31.498012597310893,1,18,60,0.0,0.8109999999999999,0.8,0.0,0.1,0.05,0.05,88,461.9497222785425,148.72360229492188,10,0.6316558837890625,404.259765625,27.133570490713726,1,0,61,0.0,0.7649999999999999,0.75,0.05,0.1,0.05,0.05
83,frozen_mlp_ppo_seed5,0,NOOP,0.116494,-0.0115,0.114915,0,88,461.9497222785425,148.72360229492188,10,0.6316558837890625,404.259765625,27.133570490713726,1,0,61,0.0,0.7649999999999999,0.75,0.05,0.1,0.05,0.05,90,471.42313360141867,92.71740913391113,11,0.5893471457741477,414.900390625,27.26277945326254,1,1,62,0.0,0.7190000000000001,0.7,0.1,0.1,0.05,0.05
84,frozen_mlp_ppo_seed5,0,NOOP,0.108415,0.506,0.382278,0,90,471.42313360141867,92.71740913391113,11,0.5893471457741477,414.900390625,27.26277945326254,1,1,62,0.0,0.7190000000000001,0.7,0.1,0.1,0.05,0.05,50,268.29980361929006,121.86694145202637,12,0.5495745340983073,422.0732421875,27.448893322386645,1,2,63,0.92,0.7190000000000001,0.7,0.1,0.1,0.05,0.05
85,frozen_mlp_ppo_seed5,0,NOOP,0.102588,0.508125,0.376362,0,50,268.29980361929006,121.86694145202637,12,0.5495745340983073,422.0732421875,27.448893322386645,1,2,63,0.92,0.7190000000000001,0.7,0.1,0.1,0.05,0.05,98,521.2119189426687,127.53605842590332,13,0.5210653451772836,433.5263671875,27.091207331768075,1,3,64,0.92,0.7275,0.75,0.1,0.05,0.05,0.05
86,frozen_mlp_ppo_seed5,0,NOOP,0.096839,0.506,0.370615,0,98,521.2119189426687,127.53605842590332,13,0.5210653451772836,433.5263671875,27.091207331768075,1,3,64,0.92,0.7275,0.75,0.1,0.05,0.05,0.05,62,333.07995809071974,128.68404388427734,14,0.4929449898856027,441.6787109375,26.885351211238603,1,4,65,0.92,0.7274999999999999,0.75,0.1,0.05,0.05,0.05
87,frozen_mlp_ppo_seed5,0,NOOP,0.091878,0.508125,0.36563,0,62,333.07995809071974,128.68404388427734,14,0.4929449898856027,441.6787109375,26.885351211238603,1,4,65,0.92,0.7274999999999999,0.75,0.1,0.05,0.05,0.05,63,351.1701660821387,131.15572929382324,15,0.4687652587890625,450.0146484375,26.591604546158166,1,5,66,0.92,0.736,0.8,0.1,0.0,0.05,0.05
88,frozen_mlp_ppo_seed5,0,NOOP,0.087706,-0.0115,0.085939,0,63,351.1701660821387,131.15572929382324,15,0.4687652587890625,450.0146484375,26.591604546158166,1,5,66,0.92,0.736,0.8,0.1,0.0,0.05,0.05,75,394.8898393063598,108.38603973388672,16,0.4485321044921875,459.296875,26.206901752165056,1,6,67,0.0,0.6900000000000001,0.75,0.15,0.0,0.05,0.05
89,frozen_mlp_ppo_seed5,0,NOOP,0.083908,0.0,0.080967,0,75,394.8898393063598,108.38603973388672,16,0.4485321044921875,459.296875,26.206901752165056,1,6,67,0.0,0.6900000000000001,0.75,0.15,0.0,0.05,0.05,68,372.9908456524696,168.31684112548828,17,0.43016501034007354,468.01953125,25.833446512405658,1,7,68,0.0,0.6900000000000001,0.75,0.15,0.0,0.0,0.1
90,frozen_mlp_ppo_seed5,3,COMPACT_128KB,0.166875,0.451,0.473486,0,68,372.9908456524696,168.31684112548828,17,0.43016501034007354,468.01953125,25.833446512405658,1,7,68,0.0,0.6900000000000001,0.75,0.15,0.0,0.0,0.1,100,474.95985668439994,100.71468353271484,5,1.3762237548828125,440.3916015625,25.57739280440338,1,0,69,0.92,0.6900000000000001,0.75,0.15,0.0,0.0,0.1
91,frozen_mlp_ppo_seed5,0,NOOP,0.19925,0.506,0.47329,0,100,474.95985668439994,100.71468353271484,5,1.3762237548828125,440.3916015625,25.57739280440338,1,0,69,0.92,0.6900000000000001,0.75,0.15,0.0,0.0,0.1,57,308.7033740073601,105.51905632019043,6,1.1670557657877605,448.1494140625,39.982409640735455,1,1,70,0.92,0.6900000000000001,0.75,0.15,0.0,0.0,0.1
92,frozen_mlp_ppo_seed5,0,NOOP,0.199125,-0.0115,0.197465,0,57,308.7033740073601,105.51905632019043,6,1.1670557657877605,448.1494140625,39.982409640735455,1,1,70,0.92,0.6900000000000001,0.75,0.15,0.0,0.0,0.1,54,280.89295449753826,91.75539016723633,7,1.0172293526785714,455.71875,44.449844088846184,1,2,71,0.0,0.644,0.7,0.2,0.0,0.0,0.1
93,frozen_mlp_ppo_seed5,0,NOOP,0.18057,0.410375,0.403129,0,54,280.89295449753826,91.75539016723633,7,1.0172293526785714,455.71875,44.449844088846184,1,2,71,0.0,0.644,0.7,0.2,0.0,0.0,0.1,71,376.38994475403473,132.0505142211914,8,0.9078502655029297,464.8193359375,45.667958318861864,1,3,72,0.75,0.6355000000000001,0.65,0.2,0.05,0.0,0.1
94,frozen_mlp_ppo_seed5,0,NOOP,0.164012,0.506,0.437801,0,71,376.38994475403473,132.0505142211914,8,0.9078502655029297,464.8193359375,45.667958318861864,1,3,72,0.75,0.6355000000000001,0.65,0.2,0.05,0.0,0.1,92,478.72401125983345,121.79923057556152,9,0.8256852891710069,475.5947265625,45.53832507867562,1,4,73,0.92,0.6355000000000001,0.65,0.2,0.05,0.0,0.1
95,frozen_mlp_ppo_seed5,0,NOOP,0.150261,0.506,0.42411,0,92,478.72401125983345,121.79923057556152,9,0.8256852891710069,475.5947265625,45.53832507867562,1,4,73,0.92,0.6355000000000001,0.65,0.2,0.05,0.0,0.1,72,379.5359050474938,120.04494667053223,10,0.75755615234375,484.8359375,45.093710075461196,1,5,74,0.92,0.6355000000000001,0.65,0.2,0.05,0.0,0.1
96,frozen_mlp_ppo_seed5,0,NOOP,0.138997,0.506,0.412854,0,72,379.5359050474938,120.04494667053223,10,0.75755615234375,484.8359375,45.093710075461196,1,5,74,0.92,0.6355000000000001,0.65,0.2,0.05,0.0,0.1,75,396.15796811068196,120.9096908569336,11,0.7018612948330966,494.1103515625,44.38308685506553,1,6,75,0.92,0.6355000000000001,0.65,0.2,0.05,0.0,0.1
97,frozen_mlp_ppo_seed5,0,NOOP,0.129048,0.410375,0.351374,0,75,396.15796811068196,120.9096908569336,11,0.7018612948330966,494.1103515625,44.38308685506553,1,6,75,0.92,0.6355000000000001,0.65,0.2,0.05,0.0,0.1,50,265.72261937645237,148.69379997253418,12,0.6527392069498698,501.3037109375,43.69648878113979,1,7,76,0.75,0.627,0.6,0.2,0.1,0.0,0.1
98,frozen_mlp_ppo_seed5,0,NOOP,0.120881,0.506,0.394352,0,50,265.72261937645237,148.69379997253418,12,0.6527392069498698,501.3037109375,43.69648878113979,1,7,76,0.75,0.627,0.6,0.2,0.1,0.0,0.1,63,294.43059283648944,142.6870822906494,13,0.6125300480769231,509.625,42.8527476786918,1,8,77,0.92,0.627,0.6,0.2,0.1,0.0,0.1
99,frozen_mlp_ppo_seed5,0,NOOP,0.114426,0.506,0.388066,0,63,294.43059283648944,142.6870822906494,13,0.6125300480769231,509.625,42.8527476786918,1,8,77,0.92,0.627,0.6,0.2,0.1,0.0,0.1,91,493.8037575911259,135.47706604003906,14,0.5808781215122768,520.466796875,41.86346194026337,1,9,78,0.92,0.627,0.6,0.2,0.1,0.0,0.1
100,frozen_mlp_ppo_seed5,0,NOOP,0.108869,-0.0115,0.106484,0,91,493.8037575911259,135.47706604003906,14,0.5808781215122768,520.466796875,41.86346194026337,1,9,78,0.92,0.627,0.6,0.2,0.1,0.0,0.1,93,501.84009880609307,137.9835605621338,15,0.5537200927734375,531.5712890625,40.8984466470278,1,10,79,0.0,0.581,0.55,0.25,0.1,0.0,0.1
101,frozen_mlp_ppo_seed5,0,NOOP,0.103288,0.5175,0.376884,0,93,501.84009880609307,137.9835605621338,15,0.5537200927734375,531.5712890625,40.8984466470278,1,10,79,0.0,0.581,0.55,0.25,0.1,0.0,0.1,54,284.5299897113526,140.15865325927734,16,0.5264377593994141,539.072265625,40.12419310438795,1,11,80,0.92,0.627,0.6,0.25,0.1,0.0,0.05
102,frozen_mlp_ppo_seed5,0,NOOP,0.098688,0.0,0.096351,0,54,284.5299897113526,140.15865325927734,16,0.5264377593994141,539.072265625,40.12419310438795,1,11,80,0.92,0.627,0.6,0.25,0.1,0.0,0.05,74,399.3331497783187,138.11039924621582,17,0.5040669160730699,548.4248046875,39.29601251572222,1,12,81,0.0,0.627,0.6,0.25,0.1,0.0,0.05
103,frozen_mlp_ppo_seed5,0,NOOP,0.094759,0.0,0.092799,0,74,399.3331497783187,138.11039924621582,17,0.5040669160730699,548.4248046875,39.29601251572222,1,12,81,0.0,0.627,0.6,0.25,0.1,0.0,0.05,86,429.9276330688127,120.53179740905762,18,0.48504723442925346,558.7744140625,38.470945659327185,1,13,82,0.0,0.627,0.6,0.25,0.1,0.0,0.05
104,frozen_mlp_ppo_seed5,0,NOOP,0.091429,-0.0115,0.089116,0,86,429.9276330688127,120.53179740905762,18,0.48504723442925346,558.7744140625,38.470945659327185,1,13,82,0.0,0.627,0.6,0.25,0.1,0.0,0.05,98,517.9223119918955,139.38593864440918,19,0.4690206427323191,570.3291015625,37.65341818424944,1,14,83,0.0,0.581,0.55,0.25,0.1,0.05,0.05
105,frozen_mlp_ppo_seed5,1,COMPACT_32KB,0.141807,-0.0565,0.154318,0,98,517.9223119918955,139.38593864440918,19,0.4690206427323191,570.3291015625,37.65341818424944,1,14,83,0.0,0.581,0.55,0.25,0.1,0.05,0.05,79,378.04845089705924,104.13455963134766,11,0.7875033291903409,554.40234375,30.889072750280484,1,0,84,0.0,0.5349999999999999,0.5,0.3,0.1,0.05,0.05
106,frozen_mlp_ppo_seed5,0,NOOP,0.144831,-0.0115,0.14362,0,79,378.04845089705924,104.13455963134766,11,0.7875033291903409,554.40234375,30.889072750280484,1,0,84,0.0,0.5349999999999999,0.5,0.3,0.1,0.05,0.05,54,284.54607539404356,75.52719116210938,12,0.7316538492838541,561.91015625,31.948528222392987,1,1,85,0.0,0.489,0.45,0.3,0.1,0.05,0.1
107,frozen_mlp_ppo_seed5,0,NOOP,0.135895,-0.0115,0.134585,0,54,284.54607539404356,75.52719116210938,12,0.7316538492838541,561.91015625,31.948528222392987,1,1,85,0.0,0.489,0.45,0.3,0.1,0.05,0.1,83,479.2599406650743,81.74371719360352,13,0.6875985952524039,572.08203125,32.23347047473362,1,2,86,0.0,0.44299999999999995,0.4,0.3,0.1,0.05,0.15
108,frozen_mlp_ppo_seed5,0,NOOP,0.127565,0.0,0.125815,0,83,479.2599406650743,81.74371719360352,13,0.6875985952524039,572.08203125,32.23347047473362,1,2,86,0.0,0.44299999999999995,0.4,0.3,0.1,0.05,0.15,51,293.2195196841759,104.98714447021484,14,0.6465748378208706,579.3310546875,32.48970314979368,1,3,87,0.0,0.44299999999999995,0.4,0.3,0.1,0.05,0.15
109,frozen_mlp_ppo_seed5,0,NOOP,0.120826,0.0,0.1189,0,51,293.2195196841759,104.98714447021484,14,0.6465748378208706,579.3310546875,32.48970314979368,1,3,87,0.0,0.44299999999999995,0.4,0.3,0.1,0.05,0.15,78,454.8668611328163,115.081787109375,15,0.613507080078125,588.966796875,32.36302494910878,1,4,88,0.0,0.44299999999999995,0.4,0.35,0.1,0.05,0.1
110,frozen_mlp_ppo_seed5,0,NOOP,0.11497,-0.0115,0.113187,0,78,454.8668611328163,115.081787109375,15,0.613507080078125,588.966796875,32.36302494910878,1,4,88,0.0,0.44299999999999995,0.4,0.35,0.1,0.05,0.1,80,451.3134378143982,109.15064811706543,16,0.5848512649536133,598.8876953125,32.11473629876175,1,5,89,0.0,0.39699999999999996,0.35,0.4,0.1,0.05,0.1
111,frozen_mlp_ppo_seed5,0,NOOP,0.109556,0.506,0.381668,0,80,451.3134378143982,109.15064811706543,16,0.5848512649536133,598.8876953125,32.11473629876175,1,5,89,0.0,0.39699999999999996,0.35,0.4,0.1,0.05,0.1,66,379.44599121647923,215.64126014709473,17,0.558406156652114,607.5458984375,31.86837340973252,1,6,90,0.92,0.39699999999999996,0.35,0.4,0.1,0.05,0.1
112,frozen_mlp_ppo_seed5,0,NOOP,0.104886,0.0,0.10274,0,66,379.44599121647923,215.64126014709473,17,0.558406156652114,607.5458984375,31.86837340973252,1,6,90,0.92,0.39699999999999996,0.35,0.4,0.1,0.05,0.1,77,319.94908734266875,129.81629371643066,18,0.5356801350911459,617.103515625,31.526669625201595,1,7,91,0.0,0.39699999999999996,0.35,0.4,0.1,0.05,0.1
113,frozen_mlp_ppo_seed5,1,COMPACT_32KB,0.130712,0.3675,0.366886,0,77,319.94908734266875,129.81629371643066,18,0.5356801350911459,617.103515625,31.526669625201595,1,7,91,0.0,0.39699999999999996,0.35,0.4,0.1,0.05,0.1,87,456.3267805156217,173.48837852478027,13,0.7332763671875,610.0859375,29.30484547611031,1,0,92,0.75,0.39699999999999996,0.35,0.4,0.1,0.05,0.1
114,frozen_mlp_ppo_seed5,0,NOOP,0.136213,-0.0115,0.134288,0,87,456.3267805156217,173.48837852478027,13,0.7332763671875,610.0859375,29.30484547611031,1,0,92,0.75,0.39699999999999996,0.35,0.4,0.1,0.05,0.1,59,295.1913607859557,113.73066902160645,14,0.6898149762834821,618.07421875,30.017179811403178,1,1,93,0.0,0.351,0.3,0.45,0.1,0.05,0.1
115,frozen_mlp_ppo_seed5,0,NOOP,0.128737,-0.0115,0.126952,0,59,295.1913607859557,113.73066902160645,14,0.6898149762834821,618.07421875,30.017179811403178,1,1,93,0.0,0.351,0.3,0.45,0.1,0.05,0.1,68,360.9460009795224,108.00361633300781,15,0.6530609130859375,626.9384765625,30.326038819201827,1,2,94,0.0,0.305,0.25,0.5,0.1,0.05,0.1
116,frozen_mlp_ppo_seed5,0,NOOP,0.121913,-0.0115,0.120137,0,68,360.9460009795224,108.00361633300781,15,0.6530609130859375,626.9384765625,30.326038819201827,1,2,94,0.0,0.305,0.25,0.5,0.1,0.05,0.1,54,295.7576821223185,108.78658294677734,16,0.6195659637451172,634.435546875,30.52675857513518,1,3,95,0.0,0.259,0.2,0.55,0.1,0.05,0.1
117,frozen_mlp_ppo_seed5,0,NOOP,0.116282,-0.009375,0.114104,0,54,295.7576821223185,108.78658294677734,16,0.6195659637451172,634.435546875,30.52675857513518,1,3,95,0.0,0.259,0.2,0.55,0.1,0.05,0.1,80,417.7317980760732,130.13839721679688,17,0.5920338350183824,644.1328125,30.437191386132163,1,4,96,0.0,0.22149999999999997,0.2,0.6,0.05,0.05,0.1
118,frozen_mlp_ppo_seed5,5,PARTITION_REGION,-0.070296,-0.1115,0.10957,0,80,417.7317980760732,130.13839721679688,17,0.5920338350183824,644.1328125,30.437191386132163,1,4,96,0.0,0.22149999999999997,0.2,0.6,0.05,0.05,0.1,94,488.761778196514,120.10788917541504,18,0.568862067328559,655.3291015625,30.19129024423383,2,5,0,0.0,0.1755,0.15,0.65,0.05,0.05,0.1
119,frozen_mlp_ppo_seed5,0,NOOP,0.097196,-0.092317,0.095978,0,94,488.761778196514,120.10788917541504,18,0.568862067328559,655.3291015625,30.19129024423383,2,5,0,0.0,0.1755,0.15,0.65,0.05,0.05,0.1,83,367.8452064463502,205.2288055419922,21,0.4991033644903274,670.794921875,30.009160944476662,2,6,1,0.007874539790427642,0.12989372698952137,0.1,0.7,0.05,0.05,0.1
120,frozen_mlp_ppo_seed5,0,NOOP,0.086073,-0.084301,0.083709,0,83,367.8452064463502,205.2288055419922,21,0.4991033644903274,670.794921875,30.009160944476662,2,6,1,0.007874539790427642,0.12989372698952137,0.1,0.7,0.05,0.05,0.1,59,260.48177309204823,148.18763732910156,24,0.4453633626302083,684.078125,29.487501274973315,2,7,2,0.0,0.12989372698952137,0.1,0.65,0.05,0.1,0.1
121,frozen_mlp_ppo_seed5,1,COMPACT_32KB,0.106516,0.302195,0.320334,0,59,260.48177309204823,148.18763732910156,24,0.4453633626302083,684.078125,29.487501274973315,2,7,2,0.0,0.12989372698952137,0.1,0.65,0.05,0.1,0.1,64,313.4039013865474,96.25768661499023,17,0.6147963579963235,668.8984375,28.684202781308837,2,0,3,0.67,0.11739372698952137,0.05,0.7,0.05,0.1,0.1
122,frozen_mlp_ppo_seed5,0,NOOP,0.104034,-0.01807,0.101155,0,64,313.4039013865474,96.25768661499023,17,0.6147963579963235,668.8984375,28.684202781308837,2,0,3,0.67,0.11739372698952137,0.05,0.7,0.05,0.1,0.1,55,256.4727463953332,168.97177696228027,20,0.5326705932617187,681.818359375,29.287596801958422,2,1,4,0.0,0.11739372698952137,0.1,0.65,0.05,0.1,0.1
123,frozen_mlp_ppo_seed5,0,NOOP,0.091588,0.358976,0.291178,0,55,256.4727463953332,168.97177696228027,20,0.5326705932617187,681.818359375,29.287596801958422,2,1,4,0.0,0.11739372698952137,0.1,0.65,0.05,0.1,0.1,60,293.5330824805037,99.25651550292969,23,0.47231723951256793,695.2509765625,29.066153831097974,2,2,5,0.67,0.15089372698952136,0.1,0.65,0.05,0.1,0.1
124,frozen_mlp_ppo_seed5,0,NOOP,0.081934,-0.017658,0.078932,0,60,293.5330824805037,99.25651550292969,23,0.47231723951256793,695.2509765625,29.066153831097974,2,2,5,0.67,0.15089372698952136,0.1,0.65,0.05,0.1,0.1,61,277.33250085632403,182.59096145629883,26,0.4259185791015625,708.728515625,28.526765206738748,2,3,6,0.0,0.15089372698952136,0.15,0.65,0.05,0.05,0.1
125,frozen_mlp_ppo_seed5,0,NOOP,0.074121,0.359371,0.273567,0,61,277.33250085632403,182.59096145629883,26,0.4259185791015625,708.728515625,28.526765206738748,2,3,6,0.0,0.15089372698952136,0.15,0.65,0.05,0.05,0.1,53,244.11463711935693,113.94262313842773,29,0.38872870083512934,721.48046875,27.882950917628975,2,4,7,0.67,0.18439372698952136,0.15,0.65,0.05,0.05,0.1
126,frozen_mlp_ppo_seed5,2,COMPACT_64KB,0.196118,0.29756,0.374003,0,53,244.11463711935693,113.94262313842773,29,0.38872870083512934,721.48046875,27.882950917628975,2,4,7,0.67,0.18439372698952136,0.15,0.65,0.05,0.05,0.1,50,249.05639762528813,91.16530418395996,12,0.880133310953776,675.9423828125,30.662997811982315,2,0,8,0.67,0.21789372698952136,0.15,0.7,0.05,0.05,0.05
127,frozen_mlp_ppo_seed5,0,NOOP,0.142313,-0.029377,0.141004,0,50,249.05639762528813,91.16530418395996,12,0.880133310953776,675.9423828125,30.662997811982315,2,0,8,0.67,0.21789372698952136,0.15,0.7,0.05,0.05,0.05,91,329.47588115509416,84.20991897583008,15,0.7209391276041667,692.1015625,34.40689748937902,2,1,9,0.0,0.21789372698952136,0.15,0.7,0.05,0.05,0.05
128,frozen_mlp_ppo_seed5,0,NOOP,0.1201,0.347516,0.319851,0,91,329.47588115509416,84.20991897583008,15,0.7209391276041667,692.1015625,34.40689748937902,2,1,9,0.0,0.21789372698952136,0.15,0.7,0.05,0.05,0.05,52,238.97832577841913,84.95092391967773,18,0.6117485894097222,704.734375,35.12107358139804,2,2,10,0.67,0.25139372698952134,0.15,0.7,0.05,0.05,0.05
129,frozen_mlp_ppo_seed5,0,NOOP,0.104351,-0.029431,0.100344,0,52,238.97832577841913,84.95092391967773,18,0.6117485894097222,704.734375,35.12107358139804,2,2,10,0.67,0.25139372698952134,0.15,0.7,0.05,0.05,0.05,68,318.0880234919651,226.61805152893066,21,0.534882318405878,718.8818359375,34.65601622393585,2,3,11,0.0,0.25139372698952134,0.15,0.65,0.1,0.05,0.05
130,frozen_mlp_ppo_seed5,0,NOOP,0.092629,-0.029503,0.091128,0,68,318.0880234919651,226.61805152893066,21,0.534882318405878,718.8818359375,34.65601622393585,2,3,11,0.0,0.25139372698952134,0.15,0.65,0.1,0.05,0.05,84,410.640254271365,105.0264835357666,24,0.47814369201660156,734.4287109375,33.77602657927197,2,4,12,0.0,0.2513937269895214,0.15,0.6,0.1,0.05,0.1
131,frozen_mlp_ppo_seed5,0,NOOP,0.083238,0.335791,0.283182,0,84,410.640254271365,105.0264835357666,24,0.47814369201660156,734.4287109375,33.77602657927197,2,4,12,0.0,0.2513937269895214,0.15,0.6,0.1,0.05,0.1,65,308.71167144706106,86.5929126739502,27,0.43306703920717593,748.33984375,32.83948520747193,2,5,13,0.67,0.23889372698952135,0.1,0.65,0.1,0.05,0.1
132,frozen_mlp_ppo_seed5,0,NOOP,0.07579,0.347294,0.275786,0,65,308.71167144706106,86.5929126739502,27,0.43306703920717593,748.33984375,32.83948520747193,2,5,13,0.67,0.23889372698952135,0.1,0.65,0.1,0.05,0.1,80,386.6519785208914,87.70966529846191,30,0.3977015177408854,763.5869140625,31.85271901985386,2,6,14,0.67,0.2723937269895214,0.1,0.65,0.1,0.05,0.1
133,frozen_mlp_ppo_seed5,0,NOOP,0.069469,0.33788,0.269479,0,80,386.6519785208914,87.70966529846191,30,0.3977015177408854,763.5869140625,31.85271901985386,2,6,14,0.67,0.2723937269895214,0.1,0.65,0.1,0.05,0.1,61,291.33611780406375,90.78216552734375,33,0.3679707845052083,777.154296875,30.933122609060632,2,7,15,0.67,0.2683937269895214,0.1,0.7,0.05,0.05,0.1
134,frozen_mlp_ppo_seed5,1,COMPACT_32KB,0.12769,0.302239,0.341344,0,61,291.33611780406375,90.78216552734375,33,0.3679707845052083,777.154296875,30.933122609060632,2,7,15,0.67,0.2683937269895214,0.1,0.7,0.05,0.05,0.1,82,374.8501974341732,103.2094955444336,16,0.7200431823730469,737.32421875,32.15299082935146,2,0,16,0.67,0.3018937269895214,0.1,0.7,0.05,0.05,0.1
135,frozen_mlp_ppo_seed5,0,NOOP,0.121671,-0.029761,0.119781,0,82,374.8501974341732,103.2094955444336,16,0.7200431823730469,737.32421875,32.15299082935146,2,0,16,0.67,0.3018937269895214,0.1,0.7,0.05,0.05,0.1,99,289.57622891828413,118.25799942016602,19,0.620230423776727,754.2001953125,33.03889570337202,2,1,17,0.0,0.3018937269895214,0.1,0.65,0.05,0.05,0.15
136,frozen_mlp_ppo_seed5,0,NOOP,0.106793,0.347012,0.306471,0,99,289.57622891828413,118.25799942016602,19,0.620230423776727,754.2001953125,33.03889570337202,2,1,17,0.0,0.3018937269895214,0.1,0.65,0.05,0.05,0.15,99,400.2642131086702,93.60456466674805,22,0.5477149269797585,771.1826171875,32.84505936822968,2,2,18,0.67,0.3353937269895214,0.1,0.65,0.05,0.05,0.15
137,frozen_mlp_ppo_seed5,0,NOOP,0.094844,-0.029892,0.091909,0,99,400.2642131086702,93.60456466674805,22,0.5477149269797585,771.1826171875,32.84505936822968,2,2,18,0.67,0.3353937269895214,0.1,0.65,0.05,0.05,0.15,51,207.0647709320695,177.9956817626953,25,0.4898455810546875,783.7529296875,32.38475864345984,2,3,19,0.0,0.3353937269895214,0.1,0.6,0.05,0.1,0.15
138,frozen_mlp_ppo_seed5,0,NOOP,0.085646,-0.029959,0.083066,0,51,207.0647709320695,177.9956817626953,25,0.4898455810546875,783.7529296875,32.38475864345984,2,3,19,0.0,0.3353937269895214,0.1,0.6,0.05,0.1,0.15,77,343.4981307427147,164.0312671661377,28,0.4457310267857143,798.75,31.642333455359452,2,4,20,0.0,0.3353937269895214,0.1,0.55,0.05,0.15,0.15
139,frozen_mlp_ppo_seed5,3,COMPACT_128KB,0.166375,-0.085158,0.196642,0,77,343.4981307427147,164.0312671661377,28,0.4457310267857143,798.75,31.642333455359452,2,4,20,0.0,0.3353937269895214,0.1,0.55,0.05,0.15,0.15,59,244.0087717914333,122.90596961975098,9,1.3027835422092013,750.4033203125,31.97380786526248,2,0,21,0.0,0.3350000000000001,0.15,0.5,0.05,0.15,0.15
140,frozen_mlp_ppo_seed5,0,NOOP,0.197687,-0.030126,0.193536,0,59,244.0087717914333,122.90596961975098,9,1.3027835422092013,750.4033203125,31.97380786526248,2,0,21,0.0,0.3350000000000001,0.15,0.5,0.05,0.15,0.15,73,335.2225063938619,222.55706787109375,12,0.9959373474121094,764.8798828125,44.78718944840951,2,1,22,0.0,0.3350000000000001,0.2,0.5,0.05,0.1,0.15
141,frozen_mlp_ppo_seed5,0,NOOP,0.160532,0.338367,0.360513,0,73,335.2225063938619,222.55706787109375,12,0.9959373474121094,764.8798828125,44.78718944840951,2,1,22,0.0,0.3350000000000001,0.2,0.5,0.05,0.1,0.15,74,274.23852098856406,69.71144676208496,15,0.8120351155598958,779.5537109375,46.5813139314872,2,2,23,0.67,0.3350000000000001,0.2,0.5,0.05,0.1,0.15
142,frozen_mlp_ppo_seed5,0,NOOP,0.135741,0.346666,0.335687,0,74,274.23852098856406,69.71144676208496,15,0.8120351155598958,779.5537109375,46.5813139314872,2,2,23,0.67,0.3350000000000001,0.2,0.5,0.05,0.1,0.15,81,362.59594732763975,75.1805305480957,18,0.6899532741970487,794.826171875,45.937954899624856,2,3,24,0.67,0.3685,0.15,0.55,0.05,0.1,0.15
143,frozen_mlp_ppo_seed5,0,NOOP,0.117739,0.33829,0.317574,0,81,362.59594732763975,75.1805305480957,18,0.6899532741970487,794.826171875,45.937954899624856,2,3,24,0.67,0.3685,0.15,0.55,0.05,0.1,0.15,67,307.19675376564714,84.49077606201172,21,0.6018182663690477,808.84375,44.65717222453907,2,4,25,0.67,0.36850000000000005,0.15,0.55,0.05,0.1,0.15
144,frozen_mlp_ppo_seed5,0,NOOP,0.104386,-0.030344,0.101313,0,67,307.19675376564714,84.49077606201172,21,0.6018182663690477,808.84375,44.65717222453907,2,4,25,0.67,0.36850000000000005,0.15,0.55,0.05,0.1,0.15,88,408.84095468174877,183.66718292236328,24,0.5369319915771484,824.7275390625,43.13239490376007,2,5,26,0.0,0.3685,0.15,0.55,0.05,0.1,0.15
145,frozen_mlp_ppo_seed5,0,NOOP,0.093799,0.338148,0.293752,0,88,408.84095468174877,183.66718292236328,24,0.5369319915771484,824.7275390625,43.13239490376007,2,5,26,0.0,0.3685,0.15,0.55,0.05,0.1,0.15,76,355.0417161377989,86.0891342163086,27,0.48586979618778936,839.5830078125,41.647417168723884,2,6,27,0.67,0.3685,0.15,0.55,0.05,0.1,0.15
146,frozen_mlp_ppo_seed5,3,COMPACT_128KB,0.16625,-0.093713,0.197517,0,76,355.0417161377989,86.0891342163086,27,0.48586979618778936,839.5830078125,41.647417168723884,2,6,27,0.67,0.3685,0.15,0.55,0.05,0.1,0.15,65,302.58507750260264,74.14603233337402,10,1.2472122192382813,798.2158203125,34.07883026312098,2,0,28,0.0,0.335,0.15,0.5,0.05,0.1,0.2
147,frozen_mlp_ppo_seed5,0,NOOP,0.193706,-0.03047,0.190661,0,65,302.58507750260264,74.14603233337402,10,1.2472122192382813,798.2158203125,34.07883026312098,2,0,28,0.0,0.335,0.15,0.5,0.05,0.1,0.2,71,328.22173922627576,168.5197353363037,13,0.9766564002403846,812.578125,44.206780814492504,2,1,29,0.0,0.3350000000000001,0.15,0.5,0.1,0.1,0.15
148,frozen_mlp_ppo_seed5,0,NOOP,0.159948,0.338002,0.359969,0,71,328.22173922627576,168.5197353363037,13,0.9766564002403846,812.578125,44.206780814492504,2,1,29,0.0,0.3350000000000001,0.15,0.5,0.1,0.1,0.15,95,428.0421576410456,68.98331642150879,16,0.8097410202026367,829.1748046875,45.727839701247916,2,2,30,0.67,0.335,0.15,0.5,0.1,0.1,0.15
149,frozen_mlp_ppo_seed5,0,NOOP,0.136053,0.346327,0.334916,0,95,428.0421576410456,68.98331642150879,16,0.8097410202026367,829.1748046875,45.727839701247916,2,2,30,0.67,0.335,0.15,0.5,0.1,0.1,0.15,50,222.165581344105,130.59234619140625,19,0.6921394749691612,841.6416015625,45.404039856381225,2,3,31,0.67,0.36850000000000005,0.15,0.55,0.05,0.1,0.15
150,frozen_mlp_ppo_seed5,0,NOOP,0.118674,-0.03061,0.114594,0,50,222.165581344105,130.59234619140625,19,0.6921394749691612,841.6416015625,45.404039856381225,2,3,31,0.67,0.36850000000000005,0.15,0.55,0.05,0.1,0.15,58,223.64068874854058,231.49704933166504,22,0.6071208607066761,854.826171875,44.31214174565523,2,4,32,0.0,0.36850000000000005,0.15,0.55,0.1,0.1,0.1
151,frozen_mlp_ppo_seed5,0,NOOP,0.079001,-0.03902,0.075982,0,58,223.64068874854058,231.49704933166504,22,0.6071208607066761,854.826171875,44.31214174565523,2,4,32,0.0,0.36850000000000005,0.15,0.55,0.1,0.1,0.1,211,666.6110357876722,193.47095489501953,34,0.41625572653377757,905.7724609375,39.13411231327,2,5,33,0.0,0.335,0.15,0.5,0.1,0.15,0.1
152,frozen_mlp_ppo_seed5,3,COMPACT_128KB,0.548625,0.282785,0.398471,0,211,666.6110357876722,193.47095489501953,34,0.41625572653377757,905.7724609375,39.13411231327,2,5,33,0.0,0.335,0.15,0.5,0.1,0.15,0.1,250,730.6681383493184,71.46310806274414,11,1.2281397039240056,864.6103515625,31.0636056047713,2,0,34,0.67,0.335,0.15,0.5,0.1,0.15,0.1
153,frozen_mlp_ppo_seed5,0,NOOP,0.121961,-0.039367,0.119628,0,250,730.6681383493184,71.46310806274414,11,1.2281397039240056,864.6103515625,31.0636056047713,2,0,34,0.67,0.335,0.15,0.5,0.1,0.15,0.1,247,818.7364567758007,145.39194107055664,23,0.624179342518682,918.7919921875,43.25477875580999,2,1,35,0.0,0.30150000000000005,0.15,0.45,0.1,0.2,0.1
154,frozen_mlp_ppo_seed5,0,NOOP,0.089772,0.337434,0.289674,0,247,818.7364567758007,145.39194107055664,23,0.624179342518682,918.7919921875,43.25477875580999,2,1,35,0.0,0.30150000000000005,0.15,0.45,0.1,0.2,0.1,194,699.9647099304934,94.91205215454102,32,0.46886157989501953,960.228515625,39.857431559655524,2,2,36,0.67,0.3015,0.15,0.45,0.1,0.2,0.1
155,frozen_mlp_ppo_seed5,0,NOOP,0.066363,-0.031226,0.059414,0,194,699.9647099304934,94.91205215454102,32,0.46886157989501953,960.228515625,39.857431559655524,2,2,36,0.67,0.3015,0.15,0.45,0.1,0.2,0.1,220,721.7254203854586,402.4543762207031,44,0.3593150052157315,1011.8310546875,35.77134535390265,2,3,37,0.0,0.3015,0.15,0.45,0.15,0.2,0.05
156,frozen_mlp_ppo_seed5,0,NOOP,0.055437,-0.03968,0.050292,0,220,721.7254203854586,402.4543762207031,44,0.3593150052157315,1011.8310546875,35.77134535390265,2,3,37,0.0,0.3015,0.15,0.45,0.15,0.2,0.05,185,620.1809679169987,323.5175609588623,53,0.3103099319170106,1052.5712890625,33.27503872988238,2,4,38,0.0,0.268,0.2,0.4,0.15,0.2,0.05
157,frozen_mlp_ppo_seed5,2,COMPACT_64KB,0.287216,0.295482,0.397974,0,185,620.1809679169987,323.5175609588623,53,0.3103099319170106,1052.5712890625,33.27503872988238,2,4,38,0.0,0.268,0.2,0.4,0.15,0.2,0.05,223,668.6787577398192,76.29156112670898,15,1.0074951171875,967.1953125,32.26381413722508,2,0,39,0.67,0.3015,0.2,0.45,0.15,0.15,0.05
158,frozen_mlp_ppo_seed5,0,NOOP,0.114385,0.34543,0.314408,0,223,668.6787577398192,76.29156112670898,15,1.0074951171875,967.1953125,32.26381413722508,2,0,39,0.67,0.3015,0.2,0.45,0.15,0.15,0.05,204,657.5104055082109,82.61775970458984,27,0.5888005009403935,1017.447265625,38.6362774345281,2,1,40,0.67,0.335,0.2,0.5,0.15,0.1,0.05
159,frozen_mlp_ppo_seed5,0,NOOP,0.087083,0.345368,0.287226,0,204,657.5104055082109,82.61775970458984,27,0.5888005009403935,1017.447265625,38.6362774345281,2,1,40,0.67,0.335,0.2,0.5,0.15,0.1,0.05,152,555.2921141427707,87.82529830932617,36,0.4579145643446181,1055.03515625,36.407677248487225,2,2,41,0.67,0.36850000000000005,0.15,0.55,0.15,0.1,0.05
160,frozen_mlp_ppo_seed5,0,NOOP,0.06223,-0.031555,0.051887,0,152,555.2921141427707,87.82529830932617,36,0.4579145643446181,1055.03515625,36.407677248487225,2,2,41,0.67,0.36850000000000005,0.15,0.55,0.15,0.1,0.05,274,809.0368665184093,580.8935165405273,51,0.34302535711550247,1119.634765625,32.56236686481492,2,3,42,0.0,0.36850000000000005,0.1,0.55,0.2,0.1,0.05
161,frozen_mlp_ppo_seed5,0,NOOP,0.050156,0.336818,0.250155,0,274,809.0368665184093,580.8935165405273,51,0.34302535711550247,1119.634765625,32.56236686481492,2,3,42,0.0,0.36850000000000005,0.1,0.55,0.2,0.1,0.05,204,657.5230372587517,128.78942489624023,63,0.2901543511284722,1169.90234375,30.077512742766334,2,4,43,0.67,0.3685,0.1,0.55,0.2,0.1,0.05
162,frozen_mlp_ppo_seed5,2,COMPACT_64KB,0.271754,0.286828,0.38274,0,204,657.5230372587517,128.78942489624023,63,0.2901543511284722,1169.90234375,30.077512742766334,2,4,43,0.67,0.3685,0.1,0.55,0.2,0.1,0.05,207,662.3676578292076,68.65715980529785,18,0.9245656331380209,1065.099609375,32.89509405773827,2,0,44,0.67,0.3685,0.1,0.55,0.2,0.1,0.05
163,frozen_mlp_ppo_seed5,0,NOOP,0.112466,0.336683,0.312533,0,207,662.3676578292076,68.65715980529785,18,0.9245656331380209,1065.099609375,32.89509405773827,2,0,44,0.67,0.3685,0.1,0.55,0.2,0.1,0.05,208,648.4222906507373,84.12957191467285,30,0.5810801188151041,1115.673828125,37.20877617604643,2,1,45,0.67,0.36850000000000005,0.1,0.55,0.2,0.1,0.05
164,frozen_mlp_ppo_seed5,0,NOOP,0.081707,0.345029,0.281566,0,208,648.4222906507373,84.12957191467285,30,0.5810801188151041,1115.673828125,37.20877617604643,2,1,45,0.67,0.36850000000000005,0.1,0.55,0.2,0.1,0.05,232,748.6307840139835,109.58147048950195,42,0.4347857520693824,1168.7041015625,34.697026910749926,2,2,46,0.67,0.402,0.05,0.6,0.2,0.1,0.05
165,frozen_mlp_ppo_seed5,0,NOOP,0.067757,-0.040229,0.065376,0,232,748.6307840139835,109.58147048950195,42,0.4347857520693824,1168.7041015625,34.697026910749926,2,2,46,0.67,0.402,0.05,0.6,0.2,0.1,0.05,189,657.2895927114073,182.80363082885742,51,0.37065902410768997,1209.8310546875,32.671389570674066,2,3,47,0.0,0.3685,0.05,0.55,0.2,0.1,0.1
166,frozen_mlp_ppo_seed5,0,NOOP,0.054733,0.344932,0.255062,0,189,657.2895927114073,182.80363082885742,51,0.37065902410768997,1209.8310546875,32.671389570674066,2,3,47,0.0,0.3685,0.05,0.55,0.2,0.1,0.1,227,725.320364356339,112.29324340820312,63,0.31304132370721727,1262.1826171875,30.32588078623828,2,4,48,0.67,0.402,0.05,0.6,0.2,0.1,0.05
167,frozen_mlp_ppo_seed5,1,COMPACT_32KB,-0.227204,-0.077001,0.121365,0,227,725.320364356339,112.29324340820312,63,0.31304132370721727,1262.1826171875,30.32588078623828,2,4,48,0.67,0.402,0.05,0.6,0.2,0.1,0.05,225,546.5359608090914,198.72164726257324,29,0.6411953630118534,1190.05859375,29.144465116426275,2,0,49,0.0,0.402,0.1,0.6,0.15,0.1,0.05
168,frozen_mlp_ppo_seed5,0,NOOP,0.096467,0.336429,0.296374,0,225,546.5359608090914,198.72164726257324,29,0.6411953630118534,1190.05859375,29.144465116426275,2,0,49,0.0,0.402,0.1,0.6,0.15,0.1,0.05,185,630.9829541481058,102.1261215209961,38,0.5060838398180509,1230.7958984375,29.83940941013321,2,1,50,0.67,0.402,0.1,0.6,0.15,0.1,0.05
169,frozen_mlp_ppo_seed5,0,NOOP,0.074029,-0.040568,0.06693,0,185,630.9829541481058,102.1261215209961,38,0.5060838398180509,1230.7958984375,29.83940941013321,2,1,50,0.67,0.402,0.1,0.6,0.15,0.1,0.05,240,765.1977621016784,417.4234867095947,50,0.40139434814453123,1284.4619140625,28.593345528308095,2,2,51,0.0,0.36850000000000005,0.1,0.55,0.2,0.1,0.05
170,frozen_mlp_ppo_seed5,0,NOOP,0.056622,-0.032279,0.051634,0,240,765.1977621016784,417.4234867095947,50,0.40139434814453123,1284.4619140625,28.593345528308095,2,2,51,0.0,0.36850000000000005,0.1,0.55,0.2,0.1,0.05,250,742.173416050593,330.65176010131836,65,0.3237358680138221,1346.7412109375,26.640024694369398,2,3,52,0.0,0.36850000000000005,0.15,0.55,0.15,0.1,0.05
171,frozen_mlp_ppo_seed5,0,NOOP,0.045206,-0.03235,0.033546,0,250,742.173416050593,330.65176010131836,65,0.3237358680138221,1346.7412109375,26.640024694369398,2,3,52,0.0,0.36850000000000005,0.15,0.55,0.15,0.1,0.05,297,881.391345200705,683.0306053161621,80,0.2760322570800781,1413.28515625,24.818380846411717,2,4,53,0.0,0.36850000000000005,0.15,0.55,0.2,0.05,0.05
172,frozen_mlp_ppo_seed5,0,NOOP,0.036788,-0.040774,0.030422,0,297,881.391345200705,683.0306053161621,80,0.2760322570800781,1413.28515625,24.818380846411717,2,4,53,0.0,0.36850000000000005,0.15,0.55,0.2,0.05,0.05,291,862.8833539649896,437.03699111938477,95,0.24331424110814145,1479.3505859375,23.267506472753197,2,5,54,0.0,0.3350000000000001,0.15,0.5,0.2,0.05,0.1
173,frozen_mlp_ppo_seed5,1,COMPACT_32KB,-0.233206,0.299471,0.318489,0,291,862.8833539649896,437.03699111938477,95,0.24331424110814145,1479.3505859375,23.267506472753197,2,5,54,0.0,0.3350000000000001,0.15,0.5,0.2,0.05,0.1,277,829.255802467021,98.69265556335449,34,0.6143130134133732,1336.7451171875,27.231986819344716,2,0,55,0.67,0.36850000000000005,0.15,0.55,0.2,0.0,0.1
174,frozen_mlp_ppo_seed5,0,NOOP,0.083212,0.335996,0.283402,0,277,829.255802467021,98.69265556335449,34,0.6143130134133732,1336.7451171875,27.231986819344716,2,0,55,0.67,0.36850000000000005,0.15,0.55,0.2,0.0,0.1,268,796.0696784556125,101.78470611572266,49,0.44668641382334184,1400.80859375,27.862840669721336,2,1,56,0.67,0.36850000000000005,0.15,0.55,0.2,0.0,0.1
175,frozen_mlp_ppo_seed5,0,NOOP,0.070442,-0.032544,0.062068,0,268,796.0696784556125,101.78470611572266,49,0.44668641382334184,1400.80859375,27.862840669721336,2,1,56,0.67,0.36850000000000005,0.15,0.55,0.2,0.0,0.1,192,700.1349033572825,491.2304878234863,58,0.38846114586139546,1441.9677734375,27.032885114912407,2,2,57,0.0,0.36850000000000005,0.15,0.55,0.2,0.0,0.1
176,frozen_mlp_ppo_seed5,0,NOOP,0.05787,-0.032604,0.054955,0,192,700.1349033572825,491.2304878234863,58,0.38846114586139546,1441.9677734375,27.032885114912407,2,2,57,0.0,0.36850000000000005,0.15,0.55,0.2,0.0,0.1,205,659.9292049525833,233.24298858642578,70,0.33310001918247767,1492.2880859375,25.793613317648585,2,3,58,0.0,0.36850000000000005,0.1,0.55,0.2,0.0,0.15
177,frozen_mlp_ppo_seed5,0,NOOP,0.048608,0.335832,0.248691,0,205,659.9292049525833,233.24298858642578,70,0.33310001918247767,1492.2880859375,25.793613317648585,2,3,58,0.0,0.36850000000000005,0.1,0.55,0.2,0.0,0.15,225,519.8003899666215,148.34928512573242,82,0.2942914264958079,1544.44140625,24.561439253684885,2,4,59,0.67,0.36850000000000005,0.1,0.55,0.2,0.0,0.15
178,frozen_mlp_ppo_seed5,0,NOOP,0.039685,0.335791,0.240143,0,225,519.8003899666215,148.34928512573242,82,0.2942914264958079,1544.44140625,24.561439253684885,2,4,59,0.67,0.36850000000000005,0.1,0.55,0.2,0.0,0.15,265,795.1361150099223,148.3478546142578,97,0.25905207997744845,1608.1953125,23.17708532230777,2,5,60,0.67,0.36850000000000005,0.1,0.55,0.2,0.0,0.15
179,frozen_mlp_ppo_seed5,1,COMPACT_32KB,-0.236071,0.290802,0.315521,0,265,795.1361150099223,148.3478546142578,97,0.25905207997744845,1608.1953125,23.17708532230777,2,5,60,0.67,0.36850000000000005,0.1,0.55,0.2,0.0,0.15,200,615.7110918317766,108.79945755004883,38,0.6024872629266036,1465.2490234375,25.619857598538715,2,0,61,0.67,0.3685,0.1,0.55,0.2,0.0,0.15
180,frozen_mlp_ppo_seed5,0,NOOP,0.094136,0.344191,0.294462,0,200,615.7110918317766,108.79945755004883,38,0.6024872629266036,1465.2490234375,25.619857598538715,2,0,61,0.67,0.3685,0.1,0.55,0.2,0.0,0.15,166,594.4348990171503,92.45061874389648,47,0.5000551913646941,1504.166015625,26.70977314156499,2,1,62,0.67,0.402,0.1,0.6,0.15,0.0,0.15
181,frozen_mlp_ppo_seed5,0,NOOP,0.071234,-0.041163,0.066514,0,166,594.4348990171503,92.45061874389648,47,0.5000551913646941,1504.166015625,26.70977314156499,2,1,62,0.67,0.402,0.1,0.6,0.15,0.0,0.15,256,726.1420036870373,313.4944438934326,62,0.3949215796685988,1567.048828125,26.12124978889572,2,2,63,0.0,0.3685,0.15,0.55,0.15,0.0,0.15
182,frozen_mlp_ppo_seed5,0,NOOP,0.056588,-0.041178,0.050717,0,256,726.1420036870373,313.4944438934326,62,0.3949215796685988,1567.048828125,26.12124978889572,2,2,63,0.0,0.3685,0.15,0.55,0.15,0.0,0.15,273,740.7755984520015,389.80579376220703,77,0.3310661811333198,1631.494140625,24.853062850287767,2,3,64,0.0,0.3350000000000001,0.15,0.5,0.15,0.05,0.15
183,frozen_mlp_ppo_seed5,0,NOOP,0.048039,-0.041229,0.035372,0,273,740.7755984520015,389.80579376220703,77,0.3310661811333198,1631.494140625,24.853062850287767,2,3,64,0.0,0.3350000000000001,0.15,0.5,0.15,0.05,0.15,239,732.2115793656359,744.5948123931885,89,0.2958190575074614,1684.9853515625,23.802083560055905,2,4,65,0.0,0.3015,0.15,0.45,0.2,0.05,0.15
184,frozen_mlp_ppo_seed5,0,NOOP,0.041161,0.335634,0.239918,0,239,732.2115793656359,744.5948123931885,89,0.2958190575074614,1684.9853515625,23.802083560055905,2,4,65,0.0,0.3015,0.15,0.45,0.2,0.05,0.15,239,749.2599668885309,238.4030818939209,101,0.2689292076790687,1738.3583984375,22.820742450710878,2,5,66,0.67,0.3015,0.15,0.45,0.2,0.05,0.15
185,frozen_mlp_ppo_seed5,3,COMPACT_128KB,0.548125,-0.087886,0.195015,0,239,749.2599668885309,238.4030818939209,101,0.2689292076790687,1738.3583984375,22.820742450710878,2,5,66,0.67,0.3015,0.15,0.45,0.2,0.05,0.15,175,590.3792727910339,174.24941062927246,15,1.5752909342447916,1512.279296875,22.059857049893953,2,0,67,0.0,0.3015,0.2,0.45,0.2,0.05,0.1
186,frozen_mlp_ppo_seed5,0,NOOP,0.160376,0.335552,0.359983,0,175,590.3792727910339,174.24941062927246,15,1.5752909342447916,1512.279296875,22.059857049893953,2,0,67,0.0,0.3015,0.2,0.45,0.2,0.05,0.1,259,750.4284563617448,107.18369483947754,30,0.8206309000651042,1575.611328125,51.46218808371618,2,1,68,0.67,0.3015,0.2,0.45,0.2,0.05,0.1
187,frozen_mlp_ppo_seed5,0,NOOP,0.108411,-0.033049,0.101934,0,259,750.4284563617448,107.18369483947754,30,0.8206309000651042,1575.611328125,51.46218808371618,2,1,68,0.67,0.3015,0.2,0.45,0.2,0.05,0.1,295,809.9343383001271,380.1259994506836,45,0.5701812744140625,1642.1220703125,47.657784105967,2,2,69,0.0,0.3015,0.15,0.45,0.25,0.05,0.1
188,frozen_mlp_ppo_seed5,0,NOOP,0.081488,0.335414,0.281736,0,295,809.9343383001271,380.1259994506836,45,0.5701812744140625,1642.1220703125,47.657784105967,2,2,69,0.0,0.3015,0.15,0.45,0.25,0.05,0.1,294,861.263614159606,112.63060569763184,60,0.44494094848632815,1708.5732421875,43.473720408211136,2,3,70,0.67,0.3015,0.15,0.45,0.25,0.05,0.1
189,frozen_mlp_ppo_seed5,0,NOOP,0.064464,0.343784,0.263691,0,294,861.263614159606,112.63060569763184,60,0.44494094848632815,1708.5732421875,43.473720408211136,2,3,70,0.67,0.3015,0.15,0.45,0.25,0.05,0.1,264,796.5283360896246,182.4185848236084,75,0.3691949462890625,1772.1357421875,40.02747792387688,2,4,71,0.67,0.335,0.15,0.5,0.2,0.05,0.1
190,frozen_mlp_ppo_seed5,2,COMPACT_64KB,0.285625,-0.083154,0.185332,0,264,796.5283360896246,182.4185848236084,75,0.3691949462890625,1772.1357421875,40.02747792387688,2,4,71,0.67,0.335,0.15,0.5,0.2,0.05,0.1,255,621.2859670544279,592.5905704498291,26,0.9989189734825721,1662.201171875,32.833558605503185,2,0,72,0.0,0.335,0.1,0.5,0.25,0.05,0.1
191,frozen_mlp_ppo_seed5,0,NOOP,0.126591,0.343717,0.325869,0,255,621.2859670544279,592.5905704498291,26,0.9989189734825721,1662.201171875,32.833558605503185,2,0,72,0.0,0.335,0.1,0.5,0.25,0.05,0.1,288,857.2646041476531,137.33959197998047,41,0.6585786400771723,1728.1103515625,38.94672902484174,2,1,73,0.67,0.36850000000000005,0.1,0.55,0.2,0.05,0.1
192,frozen_mlp_ppo_seed5,0,NOOP,0.098433,0.343699,0.298244,0,288,857.2646041476531,137.33959197998047,41,0.6585786400771723,1728.1103515625,38.94672902484174,2,1,73,0.67,0.36850000000000005,0.1,0.55,0.2,0.05,0.1,241,651.3049678383354,125.70548057556152,53,0.5252907231168927,1781.7861328125,37.687085913318015,2,2,74,0.67,0.402,0.1,0.6,0.2,0.05,0.05
193,frozen_mlp_ppo_seed5,0,NOOP,0.080102,-0.041626,0.077218,0,241,651.3049678383354,125.70548057556152,53,0.5252907231168927,1781.7861328125,37.687085913318015,2,2,74,0.67,0.402,0.1,0.6,0.2,0.05,0.05,238,730.9889455832127,225.4960536956787,65,0.44113746056189906,1835.1318359375,35.83679936866913,2,3,75,0.0,0.36850000000000005,0.1,0.55,0.2,0.05,0.1
194,frozen_mlp_ppo_seed5,0,NOOP,0.069891,-0.041655,0.066461,0,238,730.9889455832127,225.4960536956787,65,0.44113746056189906,1835.1318359375,35.83679936866913,2,3,75,0.0,0.36850000000000005,0.1,0.55,0.2,0.05,0.1,166,574.6300017249106,264.0049457550049,74,0.39570493955869934,1874.05859375,34.46598038516344,2,4,76,0.0,0.335,0.1,0.5,0.2,0.05,0.15
195,frozen_mlp_ppo_seed5,3,COMPACT_128KB,0.547625,0.288507,0.397685,0,166,574.6300017249106,264.0049457550049,74,0.39570493955869934,1874.05859375,34.46598038516344,2,4,76,0.0,0.335,0.1,0.5,0.2,0.05,0.15,195,699.5463281247995,70.74427604675293,19,1.428728605571546,1737.333984375,19.65598770196555,2,0,77,0.67,0.36850000000000005,0.1,0.55,0.15,0.05,0.15
196,frozen_mlp_ppo_seed5,0,NOOP,0.195073,0.343478,0.395198,0,195,699.5463281247995,70.74427604675293,19,1.428728605571546,1737.333984375,19.65598770196555,2,0,77,0.67,0.36850000000000005,0.1,0.55,0.15,0.05,0.15,198,741.1581838919202,78.72748374938965,28,0.9928637913295201,1779.2119140625,44.287601052729876,2,1,78,0.67,0.402,0.1,0.6,0.15,0.05,0.1
197,frozen_mlp_ppo_seed5,0,NOOP,0.128603,0.335032,0.327895,0,198,741.1581838919202,78.72748374938965,28,0.9928637913295201,1779.2119140625,44.287601052729876,2,1,78,0.67,0.402,0.1,0.6,0.15,0.05,0.1,271,787.5110135912697,139.1620635986328,43,0.669889583144077,1843.5361328125,45.581370965029464,2,2,79,0.67,0.402,0.1,0.6,0.15,0.05,0.1
198,frozen_mlp_ppo_seed5,0,NOOP,0.10662,0.334969,0.306699,0,271,787.5110135912697,139.1620635986328,43,0.669889583144077,1843.5361328125,45.581370965029464,2,2,79,0.67,0.402,0.1,0.6,0.15,0.05,0.1,165,490.96278513448516,111.0081672668457,52,0.5655975341796875,1882.30859375,43.91115706350901,2,3,80,0.67,0.402,0.1,0.6,0.15,0.05,0.1
199,frozen_mlp_ppo_seed5,0,NOOP,0.082479,0.334967,0.282649,0,165,490.96278513448516,111.0081672668457,52,0.5655975341796875,1882.30859375,43.91115706350901,2,3,80,0.67,0.402,0.1,0.6,0.15,0.05,0.1,284,822.5891751128556,125.25796890258789,67,0.4542707756384095,1947.9130859375,40.84963902146375,2,4,81,0.67,0.402,0.1,0.6,0.15,0.05,0.1
200,frozen_mlp_ppo_seed5,0,NOOP,0.066444,-0.041932,0.053941,0,284,822.5891751128556,125.25796890258789,67,0.4542707756384095,1947.9130859375,40.84963902146375,2,4,81,0.67,0.402,0.1,0.6,0.15,0.05,0.1,274,708.0926305308603,727.6370525360107,82,0.3834690000952744,2012.4453125,38.11307867331664,2,5,82,0.0,0.3685,0.1,0.55,0.2,0.05,0.1
201,frozen_mlp_ppo_seed5,1,COMPACT_32KB,-0.209985,-0.078571,0.135348,0,274,708.0926305308603,727.6370525360107,82,0.3834690000952744,2012.4453125,38.11307867331664,2,5,82,0.0,0.3685,0.1,0.55,0.2,0.05,0.1,271,774.8343241531677,375.52809715270996,41,0.7347925697884908,1928.095703125,35.21866776339559,2,0,83,0.0,0.36850000000000005,0.1,0.55,0.2,0.05,0.1
202,frozen_mlp_ppo_seed5,0,NOOP,0.110132,-0.033608,0.107644,0,271,774.8343241531677,375.52809715270996,41,0.7347925697884908,1928.095703125,35.21866776339559,2,0,83,0.0,0.36850000000000005,0.1,0.55,0.2,0.05,0.1,224,671.7387871833096,190.6449794769287,53,0.5837862986438679,1980.203125,35.77004861355686,2,1,84,0.0,0.36850000000000005,0.1,0.55,0.2,0.0,0.15
203,frozen_mlp_ppo_seed5,0,NOOP,0.085521,-0.033615,0.07521,0,224,671.7387871833096,190.6449794769287,53,0.5837862986438679,1980.203125,35.77004861355686,2,1,84,0.0,0.36850000000000005,0.1,0.55,0.2,0.0,0.15,285,796.3693269901461,600.5399227142334,68,0.4701048907111673,2045.896484375,34.39418385851022,2,2,85,0.0,0.36850000000000005,0.1,0.55,0.2,0.0,0.15
204,frozen_mlp_ppo_seed5,0,NOOP,0.069062,0.334845,0.268823,0,285,796.3693269901461,600.5399227142334,68,0.4701048907111673,2045.896484375,34.39418385851022,2,2,85,0.0,0.36850000000000005,0.1,0.55,0.2,0.0,0.15,268,758.0135624308796,165.7092571258545,83,0.397186279296875,2109.853515625,32.658776137724985,2,3,86,0.67,0.36850000000000005,0.1,0.55,0.2,0.0,0.15
205,frozen_mlp_ppo_seed5,0,NOOP,0.061559,-0.033688,0.057915,0,268,758.0135624308796,165.7092571258545,83,0.397186279296875,2109.853515625,32.658776137724985,2,3,86,0.67,0.36850000000000005,0.1,0.55,0.2,0.0,0.15,188,681.0834674288301,297.23668098449707,92,0.36529690286387567,2150.8681640625,31.622946177400603,2,4,87,0.0,0.36850000000000005,0.05,0.55,0.2,0.0,0.2
206,frozen_mlp_ppo_seed5,0,NOOP,0.051309,-0.042148,0.043832,0,188,681.0834674288301,297.23668098449707,92,0.36529690286387567,2150.8681640625,31.622946177400603,2,4,87,0.0,0.36850000000000005,0.05,0.55,0.2,0.0,0.2,268,782.9199976318914,507.6150894165039,107,0.3234193035375292,2214.775390625,30.051288584017456,2,5,88,0.0,0.3350000000000001,0.05,0.5,0.2,0.05,0.2
207,frozen_mlp_ppo_seed5,0,NOOP,0.044626,-0.033793,0.025447,0,268,782.9199976318914,507.6150894165039,107,0.3234193035375292,2214.775390625,30.051288584017456,2,5,88,0.0,0.3350000000000001,0.05,0.5,0.2,0.05,0.2,213,699.1387428306696,1107.6998710632324,119,0.29750509823069854,2265.798828125,28.914019047397467,2,6,89,0.0,0.335,0.05,0.5,0.2,0.05,0.2
208,frozen_mlp_ppo_seed5,0,NOOP,0.040276,0.334671,0.240291,0,213,699.1387428306696,1107.6998710632324,119,0.29750509823069854,2265.798828125,28.914019047397467,2,6,89,0.0,0.335,0.05,0.5,0.2,0.05,0.2,171,598.775596687652,209.26547050476074,128,0.2813814878463745,2305.0771484375,28.125035891938648,2,7,90,0.67,0.3350000000000001,0.05,0.5,0.2,0.05,0.2
209,frozen_mlp_ppo_seed5,1,COMPACT_32KB,-0.204664,-0.087216,0.14337,0,171,598.775596687652,209.26547050476074,128,0.2813814878463745,2305.0771484375,28.125035891938648,2,7,90,0.67,0.3350000000000001,0.05,0.5,0.2,0.05,0.2,292,770.9350827564241,242.97809600830078,43,0.7626463424327762,2098.802734375,32.53745528322728,2,0,91,0.0,0.3015,0.05,0.45,0.2,0.1,0.2
210,frozen_mlp_ppo_seed5,0,NOOP,0.109407,-0.033866,0.102352,0,292,770.9350827564241,242.97809600830078,43,0.7626463424327762,2098.802734375,32.53745528322728,2,0,91,0.0,0.3015,0.05,0.45,0.2,0.1,0.2,293,872.8042465124934,425.20809173583984,58,0.5832832599508351,2165.1474609375,34.126238958832644,2,1,92,0.0,0.30150000000000005,0.05,0.45,0.15,0.15,0.2
211,frozen_mlp_ppo_seed5,0,NOOP,0.086238,0.334624,0.286634,0,293,872.8042465124934,425.20809173583984,58,0.5832832599508351,2165.1474609375,34.126238958832644,2,1,92,0.0,0.30150000000000005,0.05,0.45,0.15,0.15,0.2,253,724.558169006391,121.43945693969727,73,0.4768139564827697,2227.6748046875,33.227767950816435,2,2,93,0.67,0.3015,0.05,0.45,0.15,0.15,0.2
212,frozen_mlp_ppo_seed5,0,NOOP,0.070346,-0.042205,0.06651,0,253,724.558169006391,121.43945693969727,73,0.4768139564827697,2227.6748046875,33.227767950816435,2,2,93,0.67,0.3015,0.05,0.45,0.15,0.15,0.2,256,743.5771920372405,301.7764091491699,88,0.4067292646928267,2290.69921875,31.82439661622998,2,3,94,0.0,0.268,0.05,0.4,0.15,0.15,0.25
213,frozen_mlp_ppo_seed5,0,NOOP,0.06067,-0.033866,0.053926,0,256,743.5771920372405,301.7764091491699,88,0.4067292646928267,2290.69921875,31.82439661622998,2,3,94,0.0,0.268,0.05,0.4,0.15,0.15,0.25,209,647.3350967595197,462.16297149658203,100,0.3658485412597656,2341.4306640625,30.672485193915445,2,4,95,0.0,0.268,0.05,0.4,0.15,0.2,0.2
214,frozen_mlp_ppo_seed5,2,COMPACT_64KB,0.285091,-0.083896,0.190158,0,209,647.3350967595197,462.16297149658203,100,0.3658485412597656,2341.4306640625,30.672485193915445,2,4,95,0.0,0.268,0.05,0.4,0.15,0.2,0.2,239,747.318922303896,332.108736038208,32,1.0608134269714355,2172.5458984375,22.654775104973854,2,0,96,0.0,0.268,0.05,0.4,0.2,0.2,0.15
215,frozen_mlp_ppo_seed5,0,NOOP,0.142764,0.334561,0.341194,0,239,747.318922303896,332.108736038208,32,1.0608134269714355,2172.5458984375,22.654775104973854,2,0,96,0.0,0.268,0.05,0.4,0.2,0.2,0.15,257,744.7113229772256,187.23702430725098,47,0.7431939307679521,2235.52734375,35.30922691141887,2,1,97,0.67,0.268,0.05,0.4,0.2,0.2,0.15
216,frozen_mlp_ppo_seed5,0,NOOP,0.113772,-0.042331,0.108854,0,257,744.7113229772256,187.23702430725098,47,0.7431939307679521,2235.52734375,35.30922691141887,2,1,97,0.67,0.268,0.05,0.4,0.2,0.2,0.15,219,609.3056078114014,319.66304779052734,59,0.6057340977555614,2287.251953125,36.01722093194681,2,2,98,0.0,0.23450000000000001,0.1,0.35,0.2,0.2,0.15
217,frozen_mlp_ppo_seed5,5,PARTITION_REGION,-0.356049,-0.292322,0.092707,0,219,609.3056078114014,319.66304779052734,59,0.6057340977555614,2287.251953125,36.01722093194681,2,2,98,0.0,0.23450000000000001,0.1,0.35,0.2,0.2,0.15,189,630.6351000458225,374.45831298828125,68,0.5349805495318245,2328.2353515625,35.488839239067104,2,3,99,0.0,0.201,0.1,0.3,0.2,0.25,0.15
218,frozen_mlp_ppo_seed5,7,REMOVE_PARTITION,0.019339,-0.077371,0.081849,0,189,630.6351000458225,374.45831298828125,68,0.5349805495318245,2328.2353515625,35.488839239067104,2,3,99,0.0,0.201,0.1,0.3,0.2,0.25,0.15,223,670.8859903125226,156.3253402709961,80,0.4648765563964844,2380.16796875,34.405942224046484,0,4,0,0.0,0.1675,0.1,0.3,0.2,0.25,0.15
219,frozen_mlp_ppo_seed5,3,COMPACT_128KB,0.546875,-0.063375,0.193868,0,223,670.8859903125226,156.3253402709961,80,0.4648765563964844,2380.16796875,34.405942224046484,0,4,0,0.0,0.1675,0.1,0.3,0.2,0.25,0.15,262,870.8136793424685,181.5953254699707,25,1.406229248046875,2249.966796875,12.894573055223836,0,0,1,0.0,0.134,0.15,0.25,0.2,0.25,0.15
220,frozen_mlp_ppo_seed5,0,NOOP,0.196375,0.0,0.192637,0,262,870.8136793424685,181.5953254699707,25,1.406229248046875,2249.966796875,12.894573055223836,0,0,1,0.0,0.134,0.15,0.25,0.2,0.25,0.15,233,728.0383629446256,223.14810752868652,29,1.2292938232421875,2281.5693359375,31.18617832191087,0,1,2,0.0,0.134,0.2,0.25,0.15,0.25,0.15
221,frozen_mlp_ppo_seed5,0,NOOP,0.196,0.0,0.194613,0,233,728.0383629446256,223.14810752868652,29,1.2292938232421875,2281.5693359375,31.18617832191087,0,1,2,0.0,0.134,0.2,0.25,0.15,0.25,0.15,173,751.2510335188301,109.36689376831055,32,1.1255645751953125,2305.15625,36.30743267286204,0,2,3,0.0,0.134,0.15,0.3,0.15,0.25,0.15
222,frozen_mlp_ppo_seed5,0,NOOP,0.193216,0.0,0.191447,0,173,751.2510335188301,109.36689376831055,32,1.1255645751953125,2305.15625,36.30743267286204,0,2,3,0.0,0.134,0.15,0.3,0.15,0.25,0.15,266,1054.0483336419531,134.72223281860352,37,0.9892066749366554,2342.44140625,40.448717819962965,0,3,4,0.0,0.134,0.15,0.35,0.15,0.25,0.1
223,frozen_mlp_ppo_seed5,0,NOOP,0.179698,0.0,0.176284,0,266,1054.0483336419531,134.72223281860352,37,0.9892066749366554,2342.44140625,40.448717819962965,0,3,4,0.0,0.134,0.15,0.35,0.15,0.25,0.1,152,678.6242262768361,220.6900119781494,40,0.9234905242919922,2364.1357421875,41.64137232363049,0,4,5,0.0,0.134,0.15,0.35,0.1,0.3,0.1
224,frozen_mlp_ppo_seed5,3,COMPACT_128KB,0.547,-0.063375,0.195673,0,152,678.6242262768361,220.6900119781494,40,0.9234905242919922,2364.1357421875,41.64137232363049,0,4,5,0.0,0.134,0.15,0.35,0.1,0.3,0.1,188,800.0498701298701,96.35281562805176,24,1.519549051920573,2334.02734375,11.905422157680658,0,0,6,0.0,0.1005,0.15,0.35,0.1,0.3,0.1
225,frozen_mlp_ppo_seed5,0,NOOP,0.196375,0.0,0.194638,0,188,800.0498701298701,96.35281562805176,24,1.519549051920573,2334.02734375,11.905422157680658,0,0,6,0.0,0.1005,0.15,0.35,0.1,0.3,0.1,281,1078.225276554947,123.11172485351562,29,1.2784097605738147,2372.728515625,36.06242263468697,0,1,7,0.0,0.1005,0.15,0.4,0.1,0.3,0.05
226,frozen_mlp_ppo_seed5,0,NOOP,0.19575,0.0,0.19191,0,281,1078.225276554947,123.11172485351562,29,1.2784097605738147,2372.728515625,36.06242263468697,0,1,7,0.0,0.1005,0.15,0.4,0.1,0.3,0.05,250,1040.0888747817808,234.4796657562256,34,1.1068231919232536,2408.447265625,42.70942671119615,0,2,8,0.0,0.1005,0.2,0.4,0.1,0.25,0.05
227,frozen_mlp_ppo_seed5,0,NOOP,0.191216,0.0,0.188006,0,250,1040.0888747817808,234.4796657562256,34,1.1068231919232536,2408.447265625,42.70942671119615,0,2,8,0.0,0.1005,0.2,0.4,0.1,0.25,0.05,283,885.4326818213691,209.23376083374023,39,0.9804530999599359,2447.2109375,45.17278693490369,0,3,9,0.0,0.1005,0.2,0.4,0.05,0.25,0.1
228,frozen_mlp_ppo_seed5,0,NOOP,0.174817,-0.008375,0.172521,0,283,885.4326818213691,209.23376083374023,39,0.9804530999599359,2447.2109375,45.17278693490369,0,3,9,0.0,0.1005,0.2,0.4,0.05,0.25,0.1,241,908.1720377166936,168.58959197998047,43,0.9009622973065043,2479.4482421875,45.87586688849388,0,4,10,0.0,0.067,0.2,0.35,0.05,0.25,0.15
229,frozen_mlp_ppo_seed5,3,COMPACT_128KB,0.547,-0.055,0.194855,0,241,908.1720377166936,168.58959197998047,43,0.9009622973065043,2479.4482421875,45.87586688849388,0,4,10,0.0,0.067,0.2,0.35,0.05,0.25,0.15,160,715.8431539872851,137.22562789916992,24,1.587497075398763,2438.3955078125,12.91705415556011,0,0,11,0.0,0.067,0.2,0.4,0.05,0.2,0.15
230,frozen_mlp_ppo_seed5,0,NOOP,0.1965,0.0,0.194669,0,160,715.8431539872851,137.22562789916992,24,1.587497075398763,2438.3955078125,12.91705415556011,0,0,11,0.0,0.067,0.2,0.4,0.05,0.2,0.15,230,979.2722632723892,126.5721321105957,28,1.378213609967913,2469.7587890625,35.47419194503966,0,1,12,0.0,0.067,0.2,0.4,0.05,0.15,0.2
231,frozen_mlp_ppo_seed5,0,NOOP,0.196,-0.008375,0.193668,0,230,979.2722632723892,126.5721321105957,28,1.378213609967913,2469.7587890625,35.47419194503966,0,1,12,0.0,0.067,0.2,0.4,0.05,0.15,0.2,233,914.9440953897632,156.60572052001953,32,1.2213644981384277,2501.3544921875,42.710357645771985,0,2,13,0.0,0.0335,0.2,0.4,0.05,0.15,0.2
232,frozen_mlp_ppo_seed5,0,NOOP,0.195625,0.0,0.192016,0,233,914.9440953897632,156.60572052001953,32,1.2213644981384277,2501.3544921875,42.710357645771985,0,2,13,0.0,0.0335,0.2,0.4,0.05,0.15,0.2,169,707.4698368054551,224.21693801879883,35,1.127044677734375,2524.580078125,45.42391660720328,0,3,14,0.0,0.0335,0.2,0.45,0.05,0.15,0.15
233,frozen_mlp_ppo_seed5,0,NOOP,0.19525,0.0,0.192869,0,169,707.4698368054551,224.21693801879883,35,1.127044677734375,2524.580078125,45.42391660720328,0,3,14,0.0,0.0335,0.2,0.45,0.05,0.15,0.15,189,665.2725388287957,166.55874252319336,38,1.048370361328125,2549.63671875,46.90215217687719,0,4,15,0.0,0.0335,0.2,0.45,0.05,0.1,0.2
234,frozen_mlp_ppo_seed5,3,COMPACT_128KB,0.546875,-0.055,0.193947,0,189,665.2725388287957,166.55874252319336,38,1.048370361328125,2549.63671875,46.90215217687719,0,4,15,0.0,0.0335,0.2,0.45,0.05,0.1,0.2,168,744.8524413409061,177.65426635742188,25,1.57895263671875,2526.32421875,13.62933829496976,0,0,16,0.0,0.0335,0.2,0.45,0.0,0.15,0.2
235,frozen_mlp_ppo_seed5,0,NOOP,0.19625,-0.008375,0.192729,0,168,744.8524413409061,177.65426635742188,25,1.57895263671875,2526.32421875,13.62933829496976,0,0,16,0.0,0.0335,0.2,0.45,0.0,0.15,0.2,262,1003.6062062597778,213.57488632202148,30,1.33499755859375,2563.1953125,37.611304736756885,0,1,17,0.0,0.0,0.25,0.4,0.0,0.15,0.2
236,frozen_mlp_ppo_seed5,0,NOOP,0.195625,0.0,0.191809,0,262,1003.6062062597778,213.57488632202148,30,1.33499755859375,2563.1953125,37.611304736756885,0,1,17,0.0,0.0,0.25,0.4,0.0,0.15,0.2,290,1162.6433388899934,234.5714569091797,35,1.1618752615792411,2602.6005859375,44.32627608871428,0,2,18,0.0,0.0,0.25,0.4,0.0,0.15,0.2
237,frozen_mlp_ppo_seed5,0,NOOP,0.195125,0.0,0.191079,0,290,1162.6433388899934,234.5714569091797,35,1.1618752615792411,2602.6005859375,44.32627608871428,0,2,18,0.0,0.0,0.25,0.4,0.0,0.15,0.2,244,1063.2092893273923,251.0530948638916,39,1.0557513114733574,2635.1552734375,46.607494170958404,0,3,19,0.0,0.0,0.3,0.4,0.0,0.1,0.2
238,frozen_mlp_ppo_seed5,0,NOOP,0.192715,0.0,0.18975,0,244,1063.2092893273923,251.0530948638916,39,1.0557513114733574,2635.1552734375,46.607494170958404,0,3,19,0.0,0.0,0.3,0.4,0.0,0.1,0.2,193,883.3862113293778,200.76823234558105,42,0.9898252941313244,2660.650390625,47.43823465125795,0,4,20,0.0,0.0,0.3,0.4,0.0,0.1,0.2
239,frozen_mlp_ppo_seed5,1,COMPACT_32KB,-0.174277,-0.045,0.173201,0,193,883.3862113293778,200.76823234558105,42,0.9898252941313244,2660.650390625,47.43823465125795,0,4,20,0.0,0.0,0.3,0.4,0.0,0.1,0.2,277,1076.2904798562997,274.49774742126465,46,0.9164564713187839,2698.0478515625,32.93932272418318,0,0,21,0.0,0.0,0.3,0.4,0.0,0.1,0.2
240,frozen_mlp_ppo_seed5,4,PARTITION_HOUR,-0.017558,-0.1,0.161763,0,277,1076.2904798562997,274.49774742126465,46,0.9164564713187839,2698.0478515625,32.93932272418318,0,0,21,0.0,0.0,0.3,0.4,0.0,0.1,0.2,216,919.7493487428657,187.35456466674805,50,0.8525509643554687,2728.1630859375,34.53581300856899,1,1,0,0.0,0.0,0.25,0.4,0.0,0.1,0.25
241,frozen_mlp_ppo_seed5,0,NOOP,0.15041,-0.049023,0.146009,0,216,919.7493487428657,187.35456466674805,50,0.8525509643554687,2728.1630859375,34.53581300856899,1,1,0,0.0,0.0,0.25,0.4,0.0,0.1,0.25,297,1044.1121568647172,288.7766361236572,55,0.7864241166548296,2768.212890625,35.562766546235004,1,2,1,0.0,0.0,0.25,0.35,0.0,0.15,0.25
242,frozen_mlp_ppo_seed5,0,NOOP,0.140894,-0.041051,0.134853,0,297,1044.1121568647172,288.7766361236572,55,0.7864241166548296,2768.212890625,35.562766546235004,1,2,1,0.0,0.0,0.25,0.35,0.0,0.15,0.25,228,896.544807491103,568.6931610107422,59,0.7413436113777807,2799.3134765625,35.97108538118802,1,3,2,0.012861342479176875,0.0006430671239588437,0.25,0.3,0.05,0.15,0.25
243,frozen_mlp_ppo_seed5,0,NOOP,0.134613,-0.047679,0.130384,0,228,896.544807491103,568.6931610107422,59,0.7413436113777807,2799.3134765625,35.97108538118802,1,3,2,0.012861342479176875,0.0006430671239588437,0.25,0.3,0.05,0.15,0.25,190,749.2962376181767,288.9599800109863,62,0.7118170953566029,2824.490234375,36.078577707074714,1,4,3,0.0,0.0006430671239588437,0.25,0.35,0.05,0.1,0.25
244,frozen_mlp_ppo_seed5,1,COMPACT_32KB,-0.156943,-0.085521,0.192283,0,190,749.2962376181767,288.9599800109863,62,0.7118170953566029,2824.490234375,36.078577707074714,1,4,3,0.0,0.0006430671239588437,0.25,0.35,0.05,0.1,0.25,169,646.0426741183687,180.86552619934082,41,1.0587924864233993,2778.271484375,29.673026707260483,1,0,4,0.0,0.0006430671239588437,0.25,0.3,0.05,0.1,0.3
245,frozen_mlp_ppo_seed5,0,NOOP,0.18551,-0.040601,0.182336,0,169,646.0426741183687,180.86552619934082,41,1.0587924864233993,2778.271484375,29.673026707260483,1,0,4,0.0,0.0006430671239588437,0.25,0.3,0.05,0.1,0.3,265,1011.5715669071767,216.1860466003418,46,0.9562978329865829,2815.3408203125,33.813253769135514,1,1,5,0.0,0.0006430671239588437,0.25,0.3,0.05,0.1,0.3
246,frozen_mlp_ppo_seed5,0,NOOP,0.174826,-0.040648,0.170607,0,265,1011.5715669071767,216.1860466003418,46,0.9562978329865829,2815.3408203125,33.813253769135514,1,1,5,0.0,0.0006430671239588437,0.25,0.3,0.05,0.1,0.3,154,648.1335997086061,272.2058296203613,49,0.9047540158641582,2837.30859375,35.245041777497654,1,2,6,0.0,0.0006430671239588437,0.2,0.3,0.05,0.15,0.3
247,frozen_mlp_ppo_seed5,0,NOOP,0.165439,-0.0407,0.162747,0,154,648.1335997086061,272.2058296203613,49,0.9047540158641582,2837.30859375,35.245041777497654,1,2,6,0.0,0.0006430671239588437,0.2,0.3,0.05,0.15,0.3,176,744.7633375841418,199.6018886566162,52,0.8596963148850661,2861.0693359375,36.16113705745935,1,3,7,0.0,0.0006430671239588437,0.2,0.3,0.05,0.15,0.3
248,frozen_mlp_ppo_seed5,0,NOOP,0.151785,-0.040778,0.146701,0,176,744.7633375841418,199.6018886566162,52,0.8596963148850661,2861.0693359375,36.16113705745935,1,3,7,0.0,0.0006430671239588437,0.2,0.3,0.05,0.15,0.3,268,1021.6797098037576,325.44779777526855,57,0.7945492393092105,2898.515625,37.07961361419224,1,4,8,0.0,0.0006430671239588437,0.2,0.3,0.05,0.2,0.25
249,frozen_mlp_ppo_seed5,0,NOOP,0.14476,-0.040832,0.138783,0,268,1021.6797098037576,325.44779777526855,57,0.7945492393092105,2898.515625,37.07961361419224,1,4,8,0.0,0.0006430671239588437,0.2,0.3,0.05,0.2,0.25,186,612.4855004478975,373.86274337768555,60,0.7613001505533854,2923.392578125,37.31595560172034,1,5,9,0.0,0.0006430671239588437,0.2,0.25,0.05,0.2,0.3
250,frozen_mlp_ppo_seed5,1,COMPACT_32KB,-0.157443,0.33598,0.410554,0,186,612.4855004478975,373.86274337768555,60,0.7613001505533854,2923.392578125,37.31595560172034,1,5,9,0.0,0.0006430671239588437,0.2,0.25,0.05,0.2,0.3,223,811.8266098443752,497.2822666168213,45,1.0072021484375,2900.7421875,30.172263720553016,1,0,10,0.75,0.038143067123958846,0.2,0.25,0.1,0.2,0.25
251,frozen_mlp_ppo_seed5,0,NOOP,0.191927,-0.040916,0.187576,0,223,811.8266098443752,497.2822666168213,45,1.0072021484375,2900.7421875,30.172263720553016,1,0,10,0.75,0.038143067123958846,0.2,0.25,0.1,0.2,0.25,73,335.6480490409091,275.026798248291,46,0.9883830858313519,2909.7998046875,30.933218730828187,1,1,11,0.0,0.038143067123958846,0.2,0.2,0.1,0.25,0.25
252,frozen_mlp_ppo_seed5,0,NOOP,0.188011,-0.040927,0.184886,0,73,335.6480490409091,275.026798248291,46,0.9883830858313519,2909.7998046875,30.933218730828187,1,1,11,0.0,0.038143067123958846,0.2,0.2,0.1,0.25,0.25,40,185.20596819845716,215.03305435180664,47,0.9694321003366024,2916.0517578125,31.70491066579133,1,2,12,0.0,0.038143067123958846,0.2,0.2,0.1,0.25,0.25
253,frozen_mlp_ppo_seed5,0,NOOP,0.184344,0.476558,0.455589,0,40,185.20596819845716,215.03305435180664,47,0.9694321003366024,2916.0517578125,31.70491066579133,1,2,12,0.0,0.038143067123958846,0.2,0.2,0.1,0.25,0.25,55,255.59722560772929,297.7168560028076,48,0.9517186482747396,2923.6796875,32.33424003367613,1,3,13,0.92,0.08414306712395885,0.25,0.2,0.1,0.25,0.2
254,frozen_mlp_ppo_seed5,0,NOOP,0.180713,0.380923,0.392901,0,55,255.59722560772929,297.7168560028076,48,0.9517186482747396,2923.6796875,32.33424003367613,1,3,13,0.92,0.08414306712395885,0.25,0.2,0.1,0.25,0.2,36,165.87601286625772,701.8728256225586,49,0.9341913340043049,2929.6240234375,32.945096555854676,1,4,14,0.75,0.12164306712395885,0.25,0.2,0.15,0.2,0.2
255,frozen_mlp_ppo_seed5,0,NOOP,0.1772,-0.040961,0.17448,0,36,165.87601286625772,701.8728256225586,49,0.9341913340043049,2929.6240234375,32.945096555854676,1,4,14,0.75,0.12164306712395885,0.25,0.2,0.15,0.2,0.2,32,149.1518558729954,198.49610328674316,50,0.9172491455078124,2935.197265625,33.496479199365865,1,5,15,0.0,0.12164306712395885,0.2,0.2,0.15,0.2,0.25
256,frozen_mlp_ppo_seed5,0,NOOP,0.173935,0.476524,0.445032,0,32,149.1518558729954,198.49610328674316,50,0.9172491455078124,2935.197265625,33.496479199365865,1,5,15,0.0,0.12164306712395885,0.2,0.2,0.15,0.2,0.25,54,234.9713574329687,308.90393257141113,51,0.9015481986251532,2942.6533203125,33.927434658779795,1,6,16,0.92,0.16764306712395885,0.2,0.2,0.15,0.2,0.25
257,frozen_mlp_ppo_seed5,1,COMPACT_32KB,0.179243,-0.085993,0.191208,0,54,234.9713574329687,308.90393257141113,51,0.9015481986251532,2942.6533203125,33.927434658779795,1,6,16,0.92,0.16764306712395885,0.2,0.2,0.15,0.2,0.25,62,293.1918989887829,175.13561248779297,46,0.996554830799932,2933.857421875,30.17976723193297,1,0,17,0.0,0.16764306712395885,0.15,0.2,0.15,0.2,0.3
258,frozen_mlp_ppo_seed5,0,NOOP,0.189638,-0.041006,0.186784,0,62,293.1918989887829,175.13561248779297,46,0.996554830799932,2933.857421875,30.17976723193297,1,0,17,0.0,0.16764306712395885,0.15,0.2,0.15,0.2,0.3,45,203.0530300829775,201.45606994628906,47,0.9775656842170878,2940.517578125,30.99089234337172,1,1,18,0.0,0.16764306712395885,0.15,0.2,0.15,0.2,0.3
259,frozen_mlp_ppo_seed5,0,NOOP,0.185827,-0.041016,0.181422,0,45,203.0530300829775,201.45606994628906,47,0.9775656842170878,2940.517578125,30.99089234337172,1,1,18,0.0,0.16764306712395885,0.15,0.2,0.15,0.2,0.3,37,181.51765825997657,280.2460193634033,48,0.9591344197591146,2946.4609375,31.729963958097194,1,2,19,0.0,0.16764306712395885,0.1,0.2,0.15,0.25,0.3
260,frozen_mlp_ppo_seed5,0,NOOP,0.182366,0.380839,0.397386,0,37,181.51765825997657,280.2460193634033,48,0.9591344197591146,2946.4609375,31.729963958097194,1,2,19,0.0,0.16764306712395885,0.1,0.2,0.15,0.25,0.3,73,272.960041650397,560.239315032959,49,0.942453501175861,2955.5341796875,32.27479368561382,1,3,20,0.75,0.20514306712395883,0.1,0.2,0.2,0.25,0.25
261,frozen_mlp_ppo_seed5,7,REMOVE_PARTITION,0.115172,-0.076044,0.169424,0,73,272.960041650397,560.239315032959,49,0.942453501175861,2955.5341796875,32.27479368561382,1,3,20,0.75,0.20514306712395883,0.1,0.2,0.2,0.25,0.25,30,134.62440139172412,531.7318439483643,50,0.9252914428710938,2960.9326171875,32.8743808464841,0,4,0,0.0,0.20514306712395883,0.1,0.2,0.25,0.2,0.25
262,frozen_mlp_ppo_seed5,3,COMPACT_128KB,0.164,-0.055161,0.189092,0,30,134.62440139172412,531.7318439483643,50,0.9252914428710938,2960.9326171875,32.8743808464841,0,4,0,0.0,0.20514306712395883,0.1,0.2,0.25,0.2,0.25,69,270.3414178477082,405.38811683654785,28,1.6196626935686385,2902.435546875,12.677532862292708,0,0,1,0.0,0.2045,0.1,0.2,0.25,0.2,0.25
263,frozen_mlp_ppo_seed5,0,NOOP,0.196375,0.0,0.191198,0,69,270.3414178477082,405.38811683654785,28,1.6196626935686385,2902.435546875,12.677532862292708,0,0,1,0.0,0.2045,0.1,0.2,0.25,0.2,0.25,30,145.48199123147788,295.0778007507324,29,1.5667214229189117,2907.8349609375,22.088572691612775,0,1,2,0.0,0.2045,0.1,0.15,0.25,0.25,0.25
264,frozen_mlp_ppo_seed5,0,NOOP,0.19625,0.0,0.189019,0,30,145.48199123147788,295.0778007507324,29,1.5667214229189117,2907.8349609375,22.088572691612775,0,1,2,0.0,0.2045,0.1,0.15,0.25,0.25,0.25,30,122.58335785082583,399.04308319091797,30,1.517310587565104,2913.236328125,27.768394444446848,0,2,3,0.0,0.2045,0.1,0.15,0.3,0.25,0.2
265,frozen_mlp_ppo_seed5,0,NOOP,0.196125,0.0,0.189391,0,30,122.58335785082583,399.04308319091797,30,1.517310587565104,2913.236328125,27.768394444446848,0,2,3,0.0,0.2045,0.1,0.15,0.3,0.25,0.2,41,204.7073589981668,375.44775009155273,31,1.4715669693485383,2919.5888671875,31.797413459163817,0,3,4,0.0,0.2045,0.1,0.1,0.35,0.25,0.2
266,frozen_mlp_ppo_seed5,0,NOOP,0.196,0.0,0.1924,0,41,204.7073589981668,375.44775009155273,31,1.4715669693485383,2919.5888671875,31.797413459163817,0,3,4,0.0,0.2045,0.1,0.1,0.35,0.25,0.2,42,196.27962593830188,220.0167179107666,32,1.4287676811218262,2926.1162109375,34.907808732647844,0,4,5,0.0,0.2045,0.15,0.1,0.35,0.2,0.2
267,frozen_mlp_ppo_seed5,3,COMPACT_128KB,0.164,-0.055,0.194085,0,42,196.27962593830188,220.0167179107666,32,1.4287676811218262,2926.1162109375,34.907808732647844,0,4,5,0.0,0.2045,0.15,0.1,0.35,0.2,0.2,61,283.22668647444124,155.7295322418213,28,1.6293749128069197,2919.83984375,12.33651443174829,0,0,6,0.0,0.2045,0.15,0.15,0.35,0.2,0.15
268,frozen_mlp_ppo_seed5,0,NOOP,0.196375,0.0,0.192803,0,61,283.22668647444124,155.7295322418213,28,1.6293749128069197,2919.83984375,12.33651443174829,0,0,6,0.0,0.2045,0.15,0.15,0.35,0.2,0.15,64,316.1139791302832,214.8306369781494,29,1.577716169686153,2928.2412109375,21.534722795564672,0,1,7,0.0,0.2045,0.2,0.15,0.35,0.15,0.15
269,frozen_mlp_ppo_seed5,0,NOOP,0.19625,0.0,0.192687,0,64,316.1139791302832,214.8306369781494,29,1.577716169686153,2928.2412109375,21.534722795564672,0,1,7,0.0,0.2045,0.2,0.15,0.35,0.15,0.15,35,162.46179453099322,215.6519889831543,30,1.528155517578125,2934.05859375,27.37842427566674,0,2,8,0.0,0.2045,0.25,0.15,0.35,0.15,0.1
270,frozen_mlp_ppo_seed5,0,NOOP,0.196125,-0.009375,0.1901,0,35,162.46179453099322,215.6519889831543,30,1.528155517578125,2934.05859375,27.37842427566674,0,2,8,0.0,0.2045,0.25,0.15,0.35,0.15,0.1,70,315.46116116277443,339.9968147277832,31,1.4833743187689012,2943.0146484375,31.292558739555858,0,3,9,0.0,0.16699999999999998,0.3,0.15,0.3,0.15,0.1
271,frozen_mlp_ppo_seed5,0,NOOP,0.196,0.0,0.194079,0,70,315.46116116277443,339.9968147277832,31,1.4833743187689012,2943.0146484375,31.292558739555858,0,3,9,0.0,0.16699999999999998,0.3,0.15,0.3,0.15,0.1,46,215.87176899443028,136.05403900146484,32,1.440345287322998,2949.8271484375,34.50095419701929,0,4,10,0.0,0.16699999999999998,0.3,0.15,0.3,0.1,0.15
272,frozen_mlp_ppo_seed5,1,COMPACT_32KB,0.561733,-0.045,0.191005,0,46,215.87176899443028,136.05403900146484,32,1.440345287322998,2949.8271484375,34.50095419701929,0,4,10,0.0,0.16699999999999998,0.3,0.15,0.3,0.1,0.15,43,205.5555679659176,186.09189987182617,47,0.9971319969664229,2999.373046875,30.753811418977786,0,0,11,0.0,0.16699999999999998,0.3,0.1,0.3,0.1,0.2
273,frozen_mlp_ppo_seed5,0,NOOP,0.189786,-0.0115,0.186,0,43,205.5555679659176,186.09189987182617,47,0.9971319969664229,2999.373046875,30.753811418977786,0,0,11,0.0,0.16699999999999998,0.3,0.1,0.3,0.1,0.2,58,270.9196961935096,249.33123588562012,48,0.9789307912190756,3007.275390625,31.47708120701793,0,1,12,0.0,0.121,0.25,0.1,0.3,0.15,0.2
274,frozen_mlp_ppo_seed5,0,NOOP,0.186259,-0.009375,0.183288,0,58,270.9196961935096,249.33123588562012,48,0.9789307912190756,3007.275390625,31.47708120701793,0,1,12,0.0,0.121,0.25,0.1,0.3,0.15,0.2,74,355.18794108323806,209.8395824432373,49,0.9619218475964605,3016.5869140625,32.06601532850886,0,2,13,0.0,0.08349999999999999,0.25,0.1,0.25,0.15,0.25
275,frozen_mlp_ppo_seed5,0,NOOP,0.182711,0.0,0.177345,0,74,355.18794108323806,209.8395824432373,49,0.9619218475964605,3016.5869140625,32.06601532850886,0,2,13,0.0,0.08349999999999999,0.25,0.1,0.25,0.15,0.25,45,173.67590576742936,330.8100700378418,50,0.9448037719726563,3023.3720703125,32.668904271460455,0,3,14,0.0,0.08349999999999999,0.3,0.1,0.25,0.15,0.2
276,frozen_mlp_ppo_seed5,0,NOOP,0.179236,-0.0115,0.174548,0,45,173.67590576742936,330.8100700378418,50,0.9448037719726563,3023.3720703125,32.668904271460455,0,3,14,0.0,0.08349999999999999,0.3,0.1,0.25,0.15,0.2,35,174.93885508500227,298.1858253479004,51,0.9280563055300245,3029.17578125,33.23406107651869,0,4,15,0.0,0.0375,0.3,0.1,0.25,0.15,0.2
277,frozen_mlp_ppo_seed5,1,COMPACT_32KB,0.562307,-0.045,0.190995,0,35,174.93885508500227,298.1858253479004,51,0.9280563055300245,3029.17578125,33.23406107651869,0,4,15,0.0,0.0375,0.3,0.1,0.25,0.15,0.2,39,198.5565750423325,215.26646614074707,47,1.004304601791057,3020.9482421875,30.136196922144617,0,0,16,0.0,0.0375,0.3,0.15,0.25,0.15,0.15
278,frozen_mlp_ppo_seed5,0,NOOP,0.191191,0.0,0.182626,0,39,198.5565750423325,215.26646614074707,47,1.004304601791057,3020.9482421875,30.136196922144617,0,0,16,0.0,0.0375,0.3,0.15,0.25,0.15,0.15,59,299.8625108753869,488.2702827453613,48,0.9859565099080404,3028.8583984375,30.90397604885548,0,1,17,0.0,0.0375,0.3,0.1,0.3,0.15,0.15
279,frozen_mlp_ppo_seed5,0,NOOP,0.187468,0.0,0.184876,0,59,299.8625108753869,488.2702827453613,48,0.9859565099080404,3028.8583984375,30.90397604885548,0,1,17,0.0,0.0375,0.3,0.1,0.3,0.15,0.15,44,213.0331919648526,190.89341163635254,49,0.9679674421037946,3035.5458984375,31.624482165684483,0,2,18,0.0,0.0375,0.3,0.1,0.3,0.1,0.2
280,frozen_mlp_ppo_seed5,0,NOOP,0.184019,-0.009375,0.177747,0,44,213.0331919648526,190.89341163635254,49,0.9679674421037946,3035.5458984375,31.624482165684483,0,2,18,0.0,0.0375,0.3,0.1,0.3,0.1,0.2,68,305.7030289193792,376.09004974365234,50,0.951346435546875,3044.30859375,32.19122733019064,0,3,19,0.0,0.0,0.35,0.1,0.25,0.1,0.2
281,frozen_mlp_ppo_seed5,0,NOOP,0.180615,0.0,0.176132,0,68,305.7030289193792,376.09004974365234,50,0.951346435546875,3044.30859375,32.19122733019064,0,3,19,0.0,0.0,0.35,0.1,0.25,0.1,0.2,52,192.8050819738794,287.88304328918457,51,0.9349478927313113,3051.669921875,32.73720053650126,0,4,20,0.0,0.0,0.35,0.1,0.2,0.15,0.2
282,frozen_mlp_ppo_seed5,0,NOOP,0.177385,0.0,0.173109,0,52,192.8050819738794,287.88304328918457,51,0.9349478927313113,3051.669921875,32.73720053650126,0,4,20,0.0,0.0,0.35,0.1,0.2,0.15,0.2,61,296.80787551014254,278.77140045166016,52,0.9194227365347055,3059.8388671875,33.197103186010786,0,5,21,0.0,0.0,0.35,0.1,0.15,0.2,0.2
283,frozen_mlp_ppo_seed5,1,COMPACT_32KB,0.178553,-0.045,0.184424,0,61,296.80787551014254,278.77140045166016,52,0.9194227365347055,3059.8388671875,33.197103186010786,0,5,21,0.0,0.0,0.35,0.1,0.15,0.2,0.2,74,333.23652198933655,482.36536979675293,48,0.9943564732869467,3054.6630859375,30.123486323632697,0,0,22,0.0,0.0,0.35,0.1,0.2,0.15,0.2
284,frozen_mlp_ppo_seed5,0,NOOP,0.189304,0.0,0.185022,0,74,333.23652198933655,482.36536979675293,48,0.9943564732869467,3054.6630859375,30.123486323632697,0,0,22,0.0,0.0,0.35,0.1,0.2,0.15,0.2,78,389.5726528702126,275.3641605377197,49,0.9771442024075255,3064.32421875,30.789296437289327,0,1,23,0.0,0.0,0.35,0.1,0.15,0.2,0.2
285,frozen_mlp_ppo_seed5,0,NOOP,0.185639,0.0,0.180733,0,78,389.5726528702126,275.3641605377197,49,0.9771442024075255,3064.32421875,30.789296437289327,0,1,23,0.0,0.0,0.35,0.1,0.15,0.2,0.2,36,125.53432356349839,307.79242515563965,50,0.959443359375,3070.21875,31.5087627928568,0,2,24,0.0,0.0,0.35,0.1,0.1,0.25,0.2
286,frozen_mlp_ppo_seed5,4,PARTITION_HOUR,0.000478,-0.1,0.179616,0,36,125.53432356349839,307.79242515563965,50,0.959443359375,3070.21875,31.5087627928568,0,2,24,0.0,0.0,0.35,0.1,0.1,0.25,0.2,70,342.7218957014037,197.77894020080566,51,0.9433572806564032,3079.1181640625,32.046847300573354,1,3,0,0.0,0.0,0.3,0.1,0.1,0.25,0.25
287,frozen_mlp_ppo_seed5,0,NOOP,0.178908,-0.049313,0.17429,0,70,342.7218957014037,197.77894020080566,51,0.9433572806564032,3079.1181640625,32.046847300573354,1,3,0,0.0,0.0,0.3,0.1,0.1,0.25,0.25,38,161.1124496977061,311.25664710998535,52,0.927041273850661,3085.193359375,32.61233204889093,1,4,1,0.001023868794845512,5.1193439742275595e-05,0.35,0.05,0.1,0.25,0.25
288,frozen_mlp_ppo_seed5,2,COMPACT_64KB,0.554591,-0.08185,0.193326,0,38,161.1124496977061,311.25664710998535,52,0.927041273850661,3085.193359375,32.61233204889093,1,4,1,0.001023868794845512,5.1193439742275595e-05,0.35,0.05,0.1,0.25,0.25,64,282.0689779817709,153.7163257598877,36,1.3211928473578558,3044.0283203125,17.876348941629725,1,0,2,0.0,5.1193439742275595e-05,0.3,0.1,0.1,0.25,0.25
289,frozen_mlp_ppo_seed5,0,NOOP,0.195375,0.390192,0.413318,0,64,282.0689779817709,153.7163257598877,36,1.3211928473578558,3044.0283203125,17.876348941629725,1,0,2,0.0,5.1193439742275595e-05,0.3,0.1,0.1,0.25,0.25,70,335.5853572951207,399.10149574279785,37,1.2892365326752533,3052.912109375,21.574357390922952,1,1,3,0.75,0.037551193439742274,0.25,0.1,0.15,0.25,0.25
290,frozen_mlp_ppo_seed5,0,NOOP,0.19525,-0.031573,0.191766,0,70,335.5853572951207,399.10149574279785,37,1.2892365326752533,3052.912109375,21.574357390922952,1,1,3,0.75,0.037551193439742274,0.25,0.1,0.15,0.25,0.25,46,223.7073662802899,221.71974182128906,38,1.2580967953330593,3059.69140625,24.5723899126496,1,2,4,0.0,0.037551193439742274,0.2,0.1,0.15,0.3,0.25
291,frozen_mlp_ppo_seed5,0,NOOP,0.195125,-0.03141,0.19292,0,46,223.7073662802899,221.71974182128906,38,1.2580967953330593,3059.69140625,24.5723899126496,1,2,4,0.0,0.037551193439742274,0.2,0.1,0.15,0.3,0.25,69,328.9070706496724,158.9984893798828,39,1.2294170673076923,3068.625,26.819890597734847,1,3,5,0.0,0.037551193439742274,0.2,0.1,0.15,0.3,0.25
292,frozen_mlp_ppo_seed5,0,NOOP,0.195,-0.031228,0.192373,0,69,328.9070706496724,158.9984893798828,39,1.2294170673076923,3068.625,26.819890597734847,1,3,5,0.0,0.037551193439742274,0.2,0.1,0.15,0.3,0.25,77,259.1600829732343,181.3676357269287,40,1.2024711608886718,3078.326171875,28.63256936570996,1,4,6,0.0,0.037551193439742274,0.2,0.1,0.15,0.3,0.25
293,frozen_mlp_ppo_seed5,0,NOOP,0.194875,0.486446,0.466648,0,77,259.1600829732343,181.3676357269287,40,1.2024711608886718,3078.326171875,28.63256936570996,1,4,6,0.0,0.037551193439742274,0.2,0.1,0.15,0.3,0.25,74,339.37244113601423,262.6168727874756,41,1.1766882175352515,3087.6298828125,30.1822065352688,1,5,7,0.92,0.08355119343974228,0.25,0.1,0.15,0.25,0.25
294,frozen_mlp_ppo_seed5,0,NOOP,0.19475,-0.030925,0.190606,0,74,339.37244113601423,262.6168727874756,41,1.1766882175352515,3087.6298828125,30.1822065352688,1,5,7,0.92,0.08355119343974228,0.25,0.1,0.15,0.25,0.25,55,248.89621606341555,259.7196102142334,42,1.1515099661690849,3095.2587890625,31.588061532747822,1,6,8,0.0,0.08355119343974228,0.25,0.1,0.15,0.3,0.2
295,frozen_mlp_ppo_seed5,0,NOOP,0.194625,-0.030775,0.190567,0,55,248.89621606341555,259.7196102142334,42,1.1515099661690849,3095.2587890625,31.588061532747822,1,6,8,0.0,0.08355119343974228,0.25,0.1,0.15,0.3,0.2,64,305.7435009613019,256.6702365875244,43,1.1277799384538518,3103.650390625,32.76016689491343,1,7,9,0.0,0.08355119343974228,0.2,0.1,0.15,0.35,0.2
296,frozen_mlp_ppo_seed5,1,COMPACT_32KB,0.563557,-0.045,0.191283,0,64,305.7435009613019,256.6702365875244,43,1.1277799384538518,3103.650390625,32.76016689491343,1,7,9,0.0,0.08355119343974228,0.2,0.1,0.15,0.35,0.2,47,209.86188005872188,250.84662437438965,37,1.3049823657886401,3090.1982421875,18.135595516225017,1,0,10,0.0,0.08355119343974228,0.15,0.1,0.15,0.35,0.25
297,frozen_mlp_ppo_seed5,0,NOOP,0.19525,0.0,0.192687,0,47,209.86188005872188,250.84662437438965,37,1.3049823657886401,3090.1982421875,18.135595516225017,1,0,10,0.0,0.08355119343974228,0.15,0.1,0.15,0.35,0.25,64,290.4328392443685,175.65083503723145,38,1.274119728489926,3098.6591796875,21.639448488325115,1,1,11,0.0,0.08355119343974228,0.15,0.05,0.15,0.35,0.3
298,frozen_mlp_ppo_seed5,0,NOOP,0.195125,0.0,0.191306,0,64,290.4328392443685,175.65083503723145,38,1.274119728489926,3098.6591796875,21.639448488325115,1,1,11,0.0,0.08355119343974228,0.15,0.05,0.15,0.35,0.3,49,242.41815061424046,239.69721794128418,39,1.2443014291616588,3105.7763671875,24.453553666708522,1,2,12,0.0,0.08355119343974228,0.15,0.05,0.1,0.4,0.3
299,frozen_mlp_ppo_seed5,0,NOOP,0.195,0.0,0.191682,0,49,242.41815061424046,239.69721794128418,39,1.2443014291616588,3105.7763671875,24.453553666708522,1,2,12,0.0,0.08355119343974228,0.15,0.05,0.1,0.4,0.3,37,168.72688053265722,215.9130573272705,40,1.2155437469482422,3111.7919921875,26.79813321651496,1,3,13,0.0,0.08355119343974228,0.15,0.05,0.1,0.4,0.3
300,frozen_mlp_ppo_seed5,0,NOOP,0.194875,0.0,0.191219,0,37,168.72688053265722,215.9130573272705,40,1.2155437469482422,3111.7919921875,26.79813321651496,1,3,13,0.0,0.08355119343974228,0.15,0.05,0.1,0.4,0.3,60,265.1152236365686,234.03573036193848,41,1.1889972221560594,3119.9287109375,28.610032571411995,1,4,14,0.0,0.08355119343974228,0.1,0.05,0.1,0.4,0.35
301,frozen_mlp_ppo_seed5,1,COMPACT_32KB,0.180932,-0.045,0.19106,0,60,265.1152236365686,234.03573036193848,41,1.1889972221560594,3119.9287109375,28.610032571411995,1,4,14,0.0,0.08355119343974228,0.1,0.05,0.1,0.4,0.35,66,268.55550845032303,257.00855255126953,38,1.2815820794356496,3116.8076171875,20.146050578370975,1,0,15,0.0,0.08355119343974228,0.1,0.05,0.1,0.4,0.35
302,frozen_mlp_ppo_seed5,0,NOOP,0.195125,0.0,0.189922,0,66,268.55550845032303,257.00855255126953,38,1.2815820794356496,3116.8076171875,20.146050578370975,1,0,15,0.0,0.08355119343974228,0.1,0.05,0.1,0.4,0.35,79,317.5052016807125,308.901309967041,39,1.252593994140625,3126.474609375,23.009065049550756,1,1,16,0.0,0.08355119343974228,0.1,0.1,0.1,0.35,0.35
303,frozen_mlp_ppo_seed5,0,NOOP,0.195,0.0,0.190879,0,79,317.5052016807125,308.901309967041,39,1.252593994140625,3126.474609375,23.009065049550756,1,1,16,0.0,0.08355119343974228,0.1,0.1,0.1,0.35,0.35,68,285.2237957280334,256.0288906097412,40,1.2247482299804688,3135.35546875,25.355110238633305,1,2,17,0.0,0.08355119343974228,0.1,0.1,0.05,0.4,0.35
304,frozen_mlp_ppo_seed5,0,NOOP,0.194875,0.5175,0.4663,0,68,285.2237957280334,256.0288906097412,40,1.2247482299804688,3135.35546875,25.355110238633305,1,2,17,0.0,0.08355119343974228,0.1,0.1,0.05,0.4,0.35,67,330.73435646360986,280.00378608703613,41,1.198191200814596,3144.0537109375,27.299281515554494,1,3,18,0.92,0.12955119343974228,0.15,0.1,0.05,0.35,0.35
305,frozen_mlp_ppo_seed5,0,NOOP,0.19475,0.0,0.190724,0,67,330.73435646360986,280.00378608703613,41,1.198191200814596,3144.0537109375,27.299281515554494,1,3,18,0.92,0.12955119343974228,0.15,0.1,0.05,0.35,0.35,75,354.408292023434,253.77631187438965,42,1.1731193179175967,3153.3447265625,28.9000539796724,1,4,19,0.0,0.12955119343974228,0.15,0.1,0.05,0.35,0.35
306,frozen_mlp_ppo_seed5,1,COMPACT_32KB,0.180807,0.4725,0.467033,0,75,354.408292023434,253.77631187438965,42,1.1731193179175967,3153.3447265625,28.9000539796724,1,4,19,0.0,0.12955119343974228,0.15,0.1,0.05,0.35,0.35,67,305.60356347438756,253.34906578063965,39,1.262099828475561,3150.201171875,21.3026146310779,1,0,20,0.92,0.1755511934397423,0.2,0.1,0.05,0.35,0.3
307,frozen_mlp_ppo_seed5,7,REMOVE_PARTITION,0.131364,-0.035013,0.185233,0,67,305.60356347438756,253.34906578063965,39,1.262099828475561,3150.201171875,21.3026146310779,1,0,20,0.92,0.1755511934397423,0.2,0.1,0.05,0.35,0.3,74,359.8449406052399,538.3603572845459,40,1.2341846466064452,3159.5126953125,23.871300466888563,0,1,0,0.0,0.1755,0.15,0.1,0.1,0.35,0.3
308,frozen_mlp_ppo_seed5,0,NOOP,0.194875,-0.049831,0.190966,0,74,359.8449406052399,538.3603572845459,40,1.2341846466064452,3159.5126953125,23.871300466888563,0,1,0,0.0,0.1755,0.15,0.1,0.1,0.35,0.3,60,253.40572588570785,246.6869354248047,41,1.2071417831793063,3167.5400390625,26.046254486015947,0,2,1,0.0,0.1755,0.15,0.05,0.1,0.4,0.3
309,frozen_mlp_ppo_seed5,0,NOOP,0.19475,-0.059085,0.190703,0,60,253.40572588570785,246.6869354248047,41,1.2071417831793063,3167.5400390625,26.046254486015947,0,2,1,0.0,0.1755,0.15,0.05,0.1,0.4,0.3,43,206.52747247713776,254.86135482788086,42,1.1808399018787203,3174.09765625,27.944063588208728,0,3,2,0.0,0.138,0.15,0.05,0.05,0.45,0.3
310,frozen_mlp_ppo_seed5,0,NOOP,0.194625,-0.049601,0.190226,0,43,206.52747247713776,254.86135482788086,42,1.1808399018787203,3174.09765625,27.944063588208728,0,3,2,0.0,0.138,0.15,0.05,0.05,0.45,0.3,39,180.17027735219577,273.6937999725342,43,1.1556314867596293,3180.2978515625,29.566899869495092,0,4,3,0.0,0.138,0.2,0.05,0.05,0.4,0.3
311,frozen_mlp_ppo_seed5,1,COMPACT_32KB,0.563182,-0.091848,0.189369,0,39,180.17027735219577,273.6937999725342,43,1.1556314867596293,3180.2978515625,29.566899869495092,0,4,3,0.0,0.138,0.2,0.05,0.05,0.4,0.3,42,199.64093800006347,331.526517868042,40,1.2403656005859376,3175.3359375,22.793851129974083,0,0,4,0.0,0.138,0.2,0.05,0.05,0.45,0.25
312,frozen_mlp_ppo_seed5,0,NOOP,0.194875,-0.046853,0.19237,0,42,199.64093800006347,331.526517868042,40,1.2403656005859376,3175.3359375,22.793851129974083,0,0,4,0.0,0.138,0.2,0.05,0.05,0.45,0.25,52,233.42913071910115,176.5131950378418,41,1.2129349127048399,3182.7412109375,25.158157025010784,0,1,5,0.0,0.138,0.2,0.1,0.05,0.45,0.2
313,frozen_mlp_ppo_seed5,0,NOOP,0.19475,-0.058357,0.189288,0,52,233.42913071910115,176.5131950378418,41,1.2129349127048399,3182.7412109375,25.158157025010784,0,1,5,0.0,0.138,0.2,0.1,0.05,0.45,0.2,42,188.0887951201335,325.58679580688477,42,1.186460949125744,3189.20703125,27.16740095031868,0,2,6,0.0,0.092,0.2,0.1,0.05,0.45,0.2
314,frozen_mlp_ppo_seed5,0,NOOP,0.194625,-0.046862,0.185691,0,42,188.0887951201335,325.58679580688477,42,1.186460949125744,3189.20703125,27.16740095031868,0,2,6,0.0,0.092,0.2,0.1,0.05,0.45,0.2,57,240.2035641407692,500.4451274871826,43,1.1617002265397893,3196.9990234375,28.783285877155805,0,3,7,0.0,0.092,0.2,0.1,0.1,0.4,0.2
315,frozen_mlp_ppo_seed5,0,NOOP,0.1945,-0.046868,0.190817,0,57,240.2035641407692,500.4451274871826,43,1.1617002265397893,3196.9990234375,28.783285877155805,0,3,7,0.0,0.092,0.2,0.1,0.1,0.4,0.2,67,284.59544818827845,239.1347885131836,44,1.138384385542436,3205.6904296875,30.11952055461172,0,4,8,0.0,0.092,0.2,0.1,0.1,0.4,0.2
316,frozen_mlp_ppo_seed5,1,COMPACT_32KB,0.180557,-0.091875,0.190961,0,67,284.59544818827845,239.1347885131836,44,1.138384385542436,3205.6904296875,30.11952055461172,0,4,8,0.0,0.092,0.2,0.1,0.1,0.4,0.2,80,359.4572109590509,246.964693069458,41,1.2211340927496188,3204.255859375,23.836083103492143,0,0,9,0.0,0.092,0.2,0.1,0.1,0.45,0.15
317,frozen_mlp_ppo_seed5,0,NOOP,0.19475,-0.046881,0.191415,0,80,359.4572109590509,246.964693069458,41,1.2211340927496188,3204.255859375,23.836083103492143,0,0,9,0.0,0.092,0.2,0.1,0.1,0.45,0.15,73,314.3071458780729,219.25663948059082,42,1.1954872494652158,3213.4697265625,25.835192878281628,0,1,10,0.0,0.092,0.2,0.1,0.1,0.5,0.1
318,frozen_mlp_ppo_seed5,0,NOOP,0.194625,-0.046884,0.190778,0,73,314.3071458780729,219.25663948059082,42,1.1954872494652158,3213.4697265625,25.835192878281628,0,1,10,0.0,0.092,0.2,0.1,0.1,0.5,0.1,36,156.194341230894,246.08469009399414,43,1.1698249994322312,3219.3583984375,27.704776433359985,0,2,11,0.0,0.092,0.2,0.1,0.1,0.5,0.1
319,frozen_mlp_ppo_seed5,0,NOOP,0.1945,-0.046887,0.192139,0,36,156.194341230894,246.08469009399414,43,1.1698249994322312,3219.3583984375,27.704776433359985,0,2,11,0.0,0.092,0.2,0.1,0.1,0.5,0.1,37,163.75805181950756,173.06780815124512,44,1.14537221735174,3225.3681640625,29.282544405862076,0,3,12,0.0,0.092,0.2,0.1,0.1,0.5,0.1
320,frozen_mlp_ppo_seed5,0,NOOP,0.194375,-0.046894,0.190372,0,37,163.75805181950756,173.06780815124512,44,1.14537221735174,3225.3681640625,29.282544405862076,0,3,12,0.0,0.092,0.2,0.1,0.1,0.5,0.1,78,349.5059163379812,256.4103603363037,45,1.123249308268229,3234.9580078125,30.466210434295053,0,4,13,0.0,0.092,0.2,0.1,0.1,0.55,0.05
321,frozen_mlp_ppo_seed5,1,COMPACT_32KB,0.180307,-0.091901,0.187481,0,78,349.5059163379812,256.4103603363037,45,1.123249308268229,3234.9580078125,30.466210434295053,0,4,13,0.0,0.092,0.2,0.1,0.1,0.55,0.05,79,361.23971227288285,410.94398498535156,43,1.1760718767033067,3236.5498046875,26.790230651562492,0,0,14,0.0,0.092,0.2,0.1,0.1,0.55,0.05
322,frozen_mlp_ppo_seed5,0,NOOP,0.1945,-0.046906,0.190678,0,79,361.23971227288285,410.94398498535156,43,1.1760718767033067,3236.5498046875,26.790230651562492,0,0,14,0.0,0.092,0.2,0.1,0.1,0.55,0.05,61,241.02561242600206,246.09780311584473,44,1.1522410999644885,3244.7109375,28.34388213457175,0,1,15,0.0,0.092,0.2,0.05,0.1,0.6,0.05
323,frozen_mlp_ppo_seed5,0,NOOP,0.194375,-0.046911,0.189852,0,61,241.02561242600206,246.09780311584473,44,1.1522410999644885,3244.7109375,28.34388213457175,0,1,15,0.0,0.092,0.2,0.05,0.1,0.6,0.05,65,288.0365468547117,282.41991996765137,45,1.129609849717882,3253.2763671875,29.656718195285062,0,2,16,0.0,0.092,0.2,0.05,0.1,0.6,0.05
324,frozen_mlp_ppo_seed5,0,NOOP,0.19425,-0.058414,0.185761,0,65,288.0365468547117,282.41991996765137,45,1.129609849717882,3253.2763671875,29.656718195285062,0,2,16,0.0,0.092,0.2,0.05,0.1,0.6,0.05,30,134.60222373885082,481.9614887237549,46,1.1068841685419497,3258.6669921875,30.94001791159772,0,3,17,0.0,0.046,0.15,0.05,0.15,0.6,0.05
325,frozen_mlp_ppo_seed5,0,NOOP,0.194125,-0.046917,0.190117,0,30,134.60222373885082,481.9614887237549,46,1.1068841685419497,3258.6669921875,30.94001791159772,0,3,17,0.0,0.046,0.15,0.05,0.15,0.6,0.05,30,135.3908263277443,259.1280937194824,47,1.0851284595246011,3264.06640625,32.056078898863476,0,4,18,0.0,0.046,0.15,0.05,0.15,0.6,0.05
326,frozen_mlp_ppo_seed5,3,COMPACT_128KB,0.163125,-0.0665,0.191362,0,30,135.3908263277443,259.1280937194824,47,1.0851284595246011,3264.06640625,32.056078898863476,0,4,18,0.0,0.046,0.15,0.05,0.15,0.6,0.05,54,233.81431115378064,256.9150924682617,35,1.443348911830357,3233.1015625,8.647031332004017,0,0,19,0.0,0.0,0.1,0.05,0.15,0.65,0.05
327,frozen_mlp_ppo_seed5,0,NOOP,0.1955,0.0,0.192605,0,54,233.81431115378064,256.9150924682617,35,1.443348911830357,3233.1015625,8.647031332004017,0,0,19,0.0,0.0,0.1,0.05,0.15,0.65,0.05,47,159.1132828548206,189.73731994628906,36,1.4062572055392795,3240.0166015625,16.598313527090795,0,1,20,0.0,0.0,0.1,0.1,0.1,0.65,0.05
328,frozen_mlp_ppo_seed5,7,REMOVE_PARTITION,0.131739,-0.035,0.191656,0,47,159.1132828548206,189.73731994628906,36,1.4062572055392795,3240.0166015625,16.598313527090795,0,1,20,0.0,0.0,0.1,0.1,0.1,0.65,0.05,62,291.8778823360391,232.21611976623535,37,1.371734619140625,3248.267578125,21.177161188290537,0,2,21,0.0,0.0,0.1,0.1,0.1,0.65,0.05
329,frozen_mlp_ppo_seed5,7,REMOVE_PARTITION,0.131614,-0.035,0.191298,0,62,291.8778823360391,232.21611976623535,37,1.371734619140625,3248.267578125,21.177161188290537,0,2,21,0.0,0.0,0.1,0.1,0.1,0.65,0.05,54,241.27021677762983,245.0997829437256,38,1.3387591713353206,3255.8623046875,24.60893808639678,0,3,22,0.0,0.0,0.1,0.1,0.1,0.65,0.05
330,frozen_mlp_ppo_seed5,7,REMOVE_PARTITION,0.131489,-0.035,0.191623,0,54,241.27021677762983,245.0997829437256,38,1.3387591713353206,3255.8623046875,24.60893808639678,0,3,22,0.0,0.0,0.1,0.1,0.1,0.65,0.05,41,189.33116073827128,223.86789321899414,39,1.3069747533553686,3262.208984375,27.40518652408803,0,4,23,0.0,0.0,0.05,0.1,0.1,0.7,0.05
331,frozen_mlp_ppo_seed5,0,NOOP,0.195,0.0,0.191349,0,41,189.33116073827128,223.86789321899414,39,1.3069747533553686,3262.208984375,27.40518652408803,0,4,23,0.0,0.0,0.05,0.1,0.1,0.7,0.05,71,328.89235628692916,232.55205154418945,40,1.277810287475586,3271.1943359375,29.51513931029731,0,5,24,0.0,0.0,0.05,0.1,0.1,0.7,0.05
332,frozen_mlp_ppo_seed5,6,PARTITION_EVENT_TYPE,0.013057,-0.1,0.191059,0,71,328.89235628692916,232.55205154418945,40,1.277810287475586,3271.1943359375,29.51513931029731,0,5,24,0.0,0.0,0.05,0.1,0.1,0.7,0.05,56,248.6286992990412,242.02656745910645,41,1.2495839188738567,3278.908203125,31.355448590237582,3,6,0,0.0,0.0,0.05,0.05,0.1,0.75,0.05
333,frozen_mlp_ppo_seed5,2,COMPACT_64KB,0.553966,-0.131305,0.189492,0,56,248.6286992990412,242.02656745910645,41,1.2495839188738567,3278.908203125,31.355448590237582,3,6,0,0.0,0.0,0.05,0.05,0.1,0.75,0.05,55,219.5797190702686,320.4236030578613,41,1.2512095381573933,3283.173828125,29.349301039241514,3,0,1,0.0,0.0,0.0,0.1,0.1,0.75,0.05
334,frozen_mlp_ppo_seed5,0,NOOP,0.1945,0.295662,0.392151,0,55,219.5797190702686,320.4236030578613,41,1.2512095381573933,3283.173828125,29.349301039241514,3,0,1,0.0,0.0,0.0,0.1,0.1,0.75,0.05,31,126.44982548205174,222.4414348602295,44,1.1696676774458452,3293.7841796875,34.38304457681249,3,1,2,0.67,0.0335,0.0,0.1,0.05,0.8,0.05
335,frozen_mlp_ppo_seed5,0,NOOP,0.194125,-0.08111,0.185533,0,31,126.44982548205174,222.4414348602295,44,1.1696676774458452,3293.7841796875,34.38304457681249,3,1,2,0.67,0.0335,0.0,0.1,0.05,0.8,0.05,35,141.7279144847614,488.3723258972168,47,1.0986974188622007,3304.8818359375,37.60696102471767,3,2,3,0.0,0.0335,0.0,0.1,0.1,0.75,0.05
336,frozen_mlp_ppo_seed5,0,NOOP,0.19375,-0.080916,0.184945,0,35,141.7279144847614,488.3723258972168,47,1.0986974188622007,3304.8818359375,37.60696102471767,3,2,3,0.0,0.0335,0.0,0.1,0.1,0.75,0.05,66,250.5850525612581,502.76899337768555,50,1.0371051025390625,3318.736328125,39.70196267233225,3,3,4,0.0,0.0335,0.0,0.1,0.15,0.7,0.05
337,frozen_mlp_ppo_seed5,0,NOOP,0.18972,0.296071,0.387416,0,66,250.5850525612581,502.76899337768555,50,1.0371051025390625,3318.736328125,39.70196267233225,3,3,4,0.0,0.0335,0.0,0.1,0.15,0.7,0.05,38,157.91447365161898,231.45794868469238,53,0.9817271682451356,3330.0185546875,41.21580965702006,3,4,5,0.67,0.067,0.0,0.1,0.15,0.7,0.05
338,frozen_mlp_ppo_seed5,0,NOOP,0.179537,-0.080649,0.17232,0,38,157.91447365161898,231.45794868469238,53,0.9817271682451356,3330.0185546875,41.21580965702006,3,4,5,0.67,0.067,0.0,0.1,0.15,0.7,0.05,53,209.01441017569394,430.8438301086426,56,0.9326858520507812,3342.74609375,42.22999217083427,3,5,6,0.0,0.067,0.0,0.15,0.15,0.65,0.05
339,frozen_mlp_ppo_seed5,1,COMPACT_32KB,0.180182,-0.084001,0.189542,0,53,209.01441017569394,430.8438301086426,56,0.9326858520507812,3342.74609375,42.22999217083427,3,5,6,0.0,0.067,0.0,0.15,0.15,0.65,0.05,76,304.3727098077709,302.8852939605713,44,1.1748844493519177,3308.474609375,27.493556821426868,3,0,7,0.0,0.067,0.05,0.15,0.15,0.65,0.0
340,frozen_mlp_ppo_seed5,0,NOOP,0.194125,0.337877,0.394639,0,76,304.3727098077709,302.8852939605713,44,1.1748844493519177,3308.474609375,27.493556821426868,3,0,7,0.0,0.067,0.05,0.15,0.15,0.65,0.0,62,259.5122527593158,83.05549621582031,47,1.1044048552817487,3322.0498046875,31.80615852562802,3,1,8,0.67,0.1005,0.05,0.15,0.15,0.65,0.0
341,frozen_mlp_ppo_seed5,0,NOOP,0.19375,-0.039,0.183039,0,62,259.5122527593158,83.05549621582031,47,1.1044048552817487,3322.0498046875,31.80615852562802,3,1,8,0.67,0.1005,0.05,0.15,0.15,0.65,0.0,56,246.10694624606816,598.0474948883057,50,1.0421975708007813,3335.0322265625,34.6872429944754,3,2,9,0.0,0.1005,0.05,0.15,0.2,0.6,0.0
342,frozen_mlp_ppo_seed5,0,NOOP,0.190707,0.337881,0.389277,0,56,246.10694624606816,598.0474948883057,50,1.0421975708007813,3335.0322265625,34.6872429944754,3,2,9,0.0,0.1005,0.05,0.15,0.2,0.6,0.0,42,129.8812287937525,187.7574920654297,53,0.9866606514408903,3346.7529296875,36.72118908380113,3,3,10,0.67,0.134,0.05,0.15,0.2,0.6,0.0
343,frozen_mlp_ppo_seed5,0,NOOP,0.180463,0.337862,0.380993,0,42,129.8812287937525,187.7574920654297,53,0.9866606514408903,3346.7529296875,36.72118908380113,3,3,10,0.67,0.134,0.05,0.15,0.2,0.6,0.0,52,220.85298596934643,93.53995323181152,56,0.9373171670096261,3359.3447265625,38.13719292473433,3,4,11,0.67,0.1675,0.05,0.15,0.2,0.6,0.0
344,frozen_mlp_ppo_seed5,0,NOOP,0.171353,-0.039004,0.166536,0,52,220.85298596934643,93.53995323181152,56,0.9373171670096261,3359.3447265625,38.13719292473433,3,4,11,0.67,0.1675,0.05,0.15,0.2,0.6,0.0,79,330.10617592909915,314.60118293762207,59,0.8936387401516155,3374.3798828125,39.086293436896,3,5,12,0.0,0.1675,0.05,0.2,0.15,0.6,0.0
345,frozen_mlp_ppo_seed5,1,COMPACT_32KB,0.562557,-0.084006,0.188322,0,79,330.10617592909915,314.60118293762207,59,0.8936387401516155,3374.3798828125,39.086293436896,3,5,12,0.0,0.1675,0.05,0.2,0.15,0.6,0.0,49,211.7957692557398,358.9203357696533,45,1.1598551432291666,3340.3828125,27.895836026041387,3,0,13,0.0,0.1675,0.05,0.25,0.15,0.55,0.0
346,frozen_mlp_ppo_seed5,0,NOOP,0.194,0.337867,0.392736,0,49,211.7957692557398,358.9203357696533,45,1.1598551432291666,3340.3828125,27.895836026041387,3,0,13,0.0,0.1675,0.05,0.25,0.15,0.55,0.0,39,166.5436655969505,173.18081855773926,48,1.0910717646280925,3351.7724609375,32.02242278018639,3,1,14,0.67,0.201,0.05,0.25,0.15,0.55,0.0
347,frozen_mlp_ppo_seed5,0,NOOP,0.193625,0.337846,0.393122,0,39,166.5436655969505,173.18081855773926,48,1.0910717646280925,3351.7724609375,32.02242278018639,3,1,14,0.67,0.201,0.05,0.25,0.15,0.55,0.0,78,332.5205993499115,138.88955116271973,51,1.0314654181985294,3366.703125,34.6658934384594,3,2,15,0.67,0.23450000000000001,0.05,0.2,0.15,0.6,0.0
348,frozen_mlp_ppo_seed5,0,NOOP,0.188743,0.337849,0.387268,0,78,332.5205993499115,138.88955116271973,51,1.0314654181985294,3366.703125,34.6658934384594,3,2,15,0.67,0.23450000000000001,0.05,0.2,0.15,0.6,0.0,39,174.08270260606008,191.22576713562012,54,0.9774633336950231,3378.11328125,36.614793829655234,3,3,16,0.67,0.268,0.05,0.2,0.15,0.6,0.0
349,frozen_mlp_ppo_seed5,0,NOOP,0.178743,-0.039043,0.169441,0,39,174.08270260606008,191.22576713562012,54,0.9774633336950231,3378.11328125,36.614793829655234,3,3,16,0.67,0.268,0.05,0.2,0.15,0.6,0.0,47,204.3126518361289,536.3597869873047,57,0.9293408310204222,3390.2353515625,37.98331524709706,3,4,17,0.0,0.268,0.05,0.2,0.2,0.55,0.0
350,frozen_mlp_ppo_seed5,1,COMPACT_32KB,0.180057,0.292838,0.394452,0,47,204.3126518361289,536.3597869873047,57,0.9293408310204222,3390.2353515625,37.98331524709706,3,4,17,0.0,0.268,0.05,0.2,0.2,0.55,0.0,80,336.88444632749076,102.38528251647949,45,1.168358357747396,3364.8720703125,26.79999481376458,3,0,18,0.67,0.3015,0.05,0.2,0.2,0.55,0.0
351,frozen_mlp_ppo_seed5,0,NOOP,0.194,-0.039042,0.19032,0,80,336.88444632749076,102.38528251647949,45,1.168358357747396,3364.8720703125,26.79999481376458,3,0,18,0.67,0.3015,0.05,0.2,0.2,0.55,0.0,88,366.65499644866964,244.0178394317627,48,1.1004873911539714,3380.697265625,31.011991234950766,3,1,19,0.0,0.3015,0.05,0.25,0.2,0.5,0.0
352,frozen_mlp_ppo_seed5,0,NOOP,0.193625,0.337832,0.392143,0,88,366.65499644866964,244.0178394317627,48,1.1004873911539714,3380.697265625,31.011991234950766,3,1,19,0.0,0.3015,0.05,0.25,0.2,0.5,0.0,75,305.2717794244945,187.85738945007324,51,1.0402553782743567,3395.3935546875,33.86362567533431,3,2,20,0.67,0.3350000000000001,0.05,0.25,0.2,0.5,0.0
353,frozen_mlp_ppo_seed5,0,NOOP,0.190582,-0.039047,0.186166,0,75,305.2717794244945,187.85738945007324,51,1.0402553782743567,3395.3935546875,33.86362567533431,3,2,20,0.67,0.3350000000000001,0.05,0.25,0.2,0.5,0.0,74,298.9004209356501,288.27714920043945,54,0.986659014666522,3409.8935546875,35.85826737548927,3,3,21,0.0,0.335,0.05,0.25,0.2,0.5,0.0
354,frozen_mlp_ppo_seed5,0,NOOP,0.18066,0.329446,0.380896,0,74,298.9004209356501,288.27714920043945,54,0.986659014666522,3409.8935546875,35.85826737548927,3,3,21,0.0,0.335,0.05,0.25,0.2,0.5,0.0,82,342.5619948964245,109.4207763671875,57,0.9389241536458334,3425.1953125,37.25801702349418,3,4,22,0.67,0.3350000000000001,0.05,0.25,0.2,0.5,0.0
355,frozen_mlp_ppo_seed5,1,COMPACT_32KB,0.179932,0.292814,0.394725,0,82,342.5619948964245,109.4207763671875,57,0.9389241536458334,3425.1953125,37.25801702349418,3,4,22,0.67,0.3350000000000001,0.05,0.25,0.2,0.5,0.0,61,275.0318930627294,83.75191688537598,46,1.1549662714419158,3400.220703125,27.053855310227114,3,0,23,0.67,0.36850000000000005,0.05,0.25,0.15,0.55,0.0
356,frozen_mlp_ppo_seed5,0,NOOP,0.193875,-0.03907,0.189114,0,61,275.0318930627294,83.75191688537598,46,1.1549662714419158,3400.220703125,27.053855310227114,3,0,23,0.67,0.36850000000000005,0.05,0.25,0.15,0.55,0.0,76,327.44875278252306,299.30877685546875,49,1.088955003388074,3414.962890625,31.077201784498055,3,1,24,0.0,0.36850000000000005,0.1,0.25,0.1,0.55,0.0
357,frozen_mlp_ppo_seed5,0,NOOP,0.1935,-0.047437,0.190596,0,76,327.44875278252306,299.30877685546875,49,1.088955003388074,3414.962890625,31.077201784498055,3,1,24,0.0,0.36850000000000005,0.1,0.25,0.1,0.55,0.0,74,309.4837783966553,210.20913124084473,52,1.0305169912484975,3429.560546875,33.794544283266085,3,2,25,0.0,0.335,0.1,0.25,0.1,0.5,0.05
358,frozen_mlp_ppo_seed5,0,NOOP,0.188941,0.337807,0.387512,0,74,309.4837783966553,210.20913124084473,52,1.0305169912484975,3429.560546875,33.794544283266085,3,2,25,0.0,0.335,0.1,0.25,0.1,0.5,0.05,99,395.4979783923719,190.20819664001465,55,0.9790802001953125,3446.3623046875,35.64080626216966,3,3,26,0.67,0.36850000000000005,0.1,0.2,0.1,0.55,0.05
359,frozen_mlp_ppo_seed5,0,NOOP,0.179114,-0.039073,0.175716,0,99,395.4979783923719,190.20819664001465,55,0.9790802001953125,3446.3623046875,35.64080626216966,3,3,26,0.67,0.36850000000000005,0.1,0.2,0.1,0.55,0.05,52,201.85115657490203,242.3703670501709,58,0.9318192580650593,3458.9130859375,37.06988378120741,3,4,27,0.0,0.36850000000000005,0.05,0.2,0.1,0.55,0.1
360,frozen_mlp_ppo_seed5,1,COMPACT_32KB,0.179807,0.284416,0.392783,0,52,201.85115657490203,242.3703670501709,58,0.9318192580650593,3458.9130859375,37.06988378120741,3,4,27,0.0,0.36850000000000005,0.05,0.2,0.1,0.55,0.1,68,288.3140664123982,175.8594512939453,47,1.141949917407746,3434.9853515625,27.264369468210262,3,0,28,0.67,0.36850000000000005,0.05,0.2,0.1,0.55,0.1
361,frozen_mlp_ppo_seed5,0,NOOP,0.19375,0.337797,0.393855,0,68,288.3140664123982,175.8594512939453,47,1.141949917407746,3434.9853515625,27.264369468210262,3,0,28,0.67,0.36850000000000005,0.05,0.2,0.1,0.55,0.1,63,268.62702544443124,107.25688934326172,50,1.0777011108398438,3448.6435546875,31.11662200752746,3,1,29,0.67,0.402,0.05,0.2,0.05,0.6,0.1
362,frozen_mlp_ppo_seed5,0,NOOP,0.193375,0.329412,0.393849,0,63,268.62702544443124,107.25688934326172,50,1.0777011108398438,3448.6435546875,31.11662200752746,3,1,29,0.67,0.402,0.05,0.2,0.05,0.6,0.1,69,311.20602439047997,92.56434440612793,53,1.0208912975383255,3462.86328125,33.72159301453138,3,2,30,0.67,0.402,0.05,0.2,0.05,0.6,0.1
363,frozen_mlp_ppo_seed5,0,NOOP,0.187147,0.329414,0.387332,0,69,311.20602439047997,92.56434440612793,53,1.0208912975383255,3462.86328125,33.72159301453138,3,2,30,0.67,0.402,0.05,0.2,0.05,0.6,0.1,92,415.2195323512638,110.76235771179199,56,0.9707369123186383,3479.12109375,35.50644495591461,3,3,31,0.67,0.402,0.05,0.2,0.05,0.6,0.1
364,frozen_mlp_ppo_seed5,0,NOOP,0.177682,-0.039085,0.172686,0,92,415.2195323512638,110.76235771179199,56,0.9707369123186383,3479.12109375,35.50644495591461,3,3,31,0.67,0.402,0.05,0.2,0.05,0.6,0.1,75,241.1951925472982,323.5154151916504,59,0.9252828824318061,3493.8681640625,36.828656501360896,3,4,32,0.0,0.402,0.05,0.2,0.05,0.6,0.1
365,frozen_mlp_ppo_seed5,0,NOOP,0.168981,-0.039082,0.163528,0,75,241.1951925472982,323.5154151916504,59,0.9252828824318061,3493.8681640625,36.828656501360896,3,4,32,0.0,0.402,0.05,0.2,0.05,0.6,0.1,50,203.35013735078314,350.19421577453613,62,0.8836573939169606,3506.3525390625,37.83610792866658,3,5,33,0.0,0.402,0.1,0.15,0.05,0.6,0.1
366,frozen_mlp_ppo_seed5,3,COMPACT_128KB,0.162875,0.274416,0.39271,0,50,203.35013735078314,350.19421577453613,62,0.8836573939169606,3506.3525390625,37.83610792866658,3,5,33,0.0,0.402,0.1,0.15,0.05,0.6,0.1,89,397.8554584375596,229.4907569885254,37,1.4542904415646114,3443.759765625,13.332052555461704,3,0,34,0.67,0.402,0.1,0.15,0.05,0.6,0.1
367,frozen_mlp_ppo_seed5,0,NOOP,0.195,-0.047443,0.190904,0,89,397.8554584375596,229.4907569885254,37,1.4542904415646114,3443.759765625,13.332052555461704,3,0,34,0.67,0.402,0.1,0.15,0.05,0.6,0.1,82,271.9235050185205,254.7891139984131,40,1.3512123107910157,3459.103515625,26.73520410353665,3,1,35,0.0,0.36850000000000005,0.15,0.15,0.05,0.55,0.1
368,frozen_mlp_ppo_seed5,0,NOOP,0.194625,0.329423,0.393597,0,82,271.9235050185205,254.7891139984131,40,1.3512123107910157,3459.103515625,26.73520410353665,3,1,35,0.0,0.36850000000000005,0.15,0.15,0.05,0.55,0.1,92,369.43960018765137,155.14326095581055,43,1.2628777082576308,3475.439453125,33.17276063176906,3,2,36,0.67,0.36850000000000005,0.15,0.15,0.05,0.55,0.1
369,frozen_mlp_ppo_seed5,0,NOOP,0.19425,0.337797,0.392956,0,92,369.43960018765137,155.14326095581055,43,1.2628777082576308,3475.439453125,33.17276063176906,3,2,36,0.67,0.36850000000000005,0.15,0.15,0.05,0.55,0.1,82,310.69395645642254,172.18875885009766,46,1.185713063115659,3490.7392578125,37.21099192043486,3,3,37,0.67,0.402,0.15,0.15,0.0,0.6,0.1
370,frozen_mlp_ppo_seed5,0,NOOP,0.193875,-0.047441,0.186041,0,82,310.69395645642254,172.18875885009766,46,1.185713063115659,3490.7392578125,37.21099192043486,3,3,37,0.67,0.402,0.15,0.15,0.0,0.6,0.1,94,363.57385279053943,452.96478271484375,49,1.1183630495655292,3507.1865234375,39.86438890854101,3,4,38,0.0,0.36850000000000005,0.15,0.15,0.05,0.55,0.1
371,frozen_mlp_ppo_seed5,3,COMPACT_128KB,0.162875,-0.09406,0.191742,0,94,363.57385279053943,452.96478271484375,49,1.1183630495655292,3507.1865234375,39.86438890854101,3,4,38,0.0,0.36850000000000005,0.15,0.15,0.05,0.55,0.1,68,280.50826784005443,227.9064655303955,37,1.4701966981630068,3481.42578125,13.03733299459256,3,0,39,0.0,0.3685,0.15,0.15,0.05,0.55,0.1
372,frozen_mlp_ppo_seed5,0,NOOP,0.195,-0.047446,0.190735,0,68,280.50826784005443,227.9064655303955,37,1.4701966981630068,3481.42578125,13.03733299459256,3,0,39,0.0,0.3685,0.15,0.15,0.05,0.55,0.1,76,309.65699520118125,263.25249671936035,40,1.3656719207763672,3496.1201171875,26.894122425010362,3,1,40,0.0,0.3350000000000001,0.2,0.15,0.05,0.5,0.1
373,frozen_mlp_ppo_seed5,0,NOOP,0.194625,-0.039074,0.186676,0,76,309.65699520118125,263.25249671936035,40,1.3656719207763672,3496.1201171875,26.894122425010362,3,1,40,0.0,0.3350000000000001,0.2,0.15,0.05,0.5,0.1,97,424.3267810935882,451.1895179748535,43,1.276443836300872,3512.7734375,33.424180404647785,3,2,41,0.0,0.3350000000000001,0.2,0.1,0.1,0.5,0.1
374,frozen_mlp_ppo_seed5,0,NOOP,0.19425,0.32944,0.393005,0,97,424.3267810935882,451.1895179748535,43,1.276443836300872,3512.7734375,33.424180404647785,3,2,41,0.0,0.3350000000000001,0.2,0.1,0.1,0.5,0.1,80,318.1564345395448,169.74401473999023,46,1.1983397110648777,3527.912109375,37.53607943438415,3,3,42,0.67,0.3350000000000001,0.2,0.1,0.1,0.5,0.1
375,frozen_mlp_ppo_seed5,0,NOOP,0.193875,0.329447,0.394221,0,80,318.1564345395448,169.74401473999023,46,1.1983397110648777,3527.912109375,37.53607943438415,3,3,42,0.67,0.3350000000000001,0.2,0.1,0.1,0.5,0.1,91,370.4704861481837,93.94669532775879,49,1.130123839086416,3544.068359375,40.24281067347099,3,4,43,0.67,0.335,0.2,0.1,0.1,0.5,0.1
376,frozen_mlp_ppo_seed5,0,NOOP,0.193125,-0.039063,0.180011,0,91,370.4704861481837,93.94669532775879,49,1.130123839086416,3544.068359375,40.24281067347099,3,4,43,0.67,0.335,0.2,0.1,0.1,0.5,0.1,100,369.25005590290675,724.4460582733154,55,1.013886885209517,3568.8818359375,43.58963906824875,3,5,44,0.0,0.335,0.15,0.1,0.15,0.5,0.1
377,frozen_mlp_ppo_seed5,0,NOOP,0.185839,0.337802,0.386266,0,100,369.25005590290675,724.4460582733154,55,1.013886885209517,3568.8818359375,43.58963906824875,3,5,44,0.0,0.335,0.15,0.1,0.15,0.5,0.1,77,318.10521380603706,101.17053985595703,58,0.9654462090853987,3583.736328125,44.49240973846444,3,6,45,0.67,0.3685,0.15,0.1,0.15,0.55,0.05
378,frozen_mlp_ppo_seed5,1,COMPACT_32KB,0.179057,-0.092455,0.18757,0,77,318.10521380603706,101.17053985595703,58,0.9654462090853987,3583.736328125,44.49240973846444,3,6,45,0.67,0.3685,0.15,0.1,0.15,0.55,0.05,96,379.21146864290176,356.49657249450684,53,1.0556591681714327,3580.7958984375,31.729773127344416,3,0,46,0.0,0.3350000000000001,0.15,0.1,0.15,0.5,0.1
379,frozen_mlp_ppo_seed5,0,NOOP,0.193,0.337789,0.393159,0,96,379.21146864290176,356.49657249450684,53,1.0556591681714327,3580.7958984375,31.729773127344416,3,0,46,0.0,0.3350000000000001,0.15,0.1,0.15,0.5,0.1,85,341.4837263653953,112.06579208374023,56,1.0034730093819755,3596.447265625,33.952515008448174,3,1,47,0.67,0.36850000000000005,0.15,0.1,0.15,0.55,0.05
380,frozen_mlp_ppo_seed5,0,NOOP,0.183855,0.329403,0.38259,0,85,341.4837263653953,112.06579208374023,56,1.0034730093819755,3596.447265625,33.952515008448174,3,1,47,0.67,0.36850000000000005,0.15,0.1,0.15,0.55,0.05,67,273.088957043291,186.99121475219727,59,0.9561501195875265,3610.4228515625,35.60199260309677,3,2,48,0.67,0.3685,0.15,0.1,0.15,0.55,0.05
381,frozen_mlp_ppo_seed5,0,NOOP,0.175025,-0.047476,0.17125,0,67,273.088957043291,186.99121475219727,59,0.9561501195875265,3610.4228515625,35.60199260309677,3,2,48,0.67,0.3685,0.15,0.1,0.15,0.55,0.05,88,384.79131125562697,266.2620544433594,62,0.9138737340127269,3626.2509765625,36.76585288883854,3,3,49,0.0,0.335,0.15,0.1,0.15,0.5,0.1
382,frozen_mlp_ppo_seed5,0,NOOP,0.166994,-0.047475,0.161477,0,88,384.79131125562697,266.2620544433594,62,0.9138737340127269,3626.2509765625,36.76585288883854,3,3,49,0.0,0.335,0.15,0.1,0.15,0.5,0.1,92,368.1998001921743,357.07998275756836,65,0.8755939190204327,3642.470703125,37.61063280696811,3,4,50,0.0,0.3015,0.15,0.15,0.15,0.45,0.1
383,frozen_mlp_ppo_seed5,0,NOOP,0.159534,0.32939,0.359597,0,92,368.1998001921743,357.07998275756836,65,0.8755939190204327,3642.470703125,37.61063280696811,3,4,50,0.0,0.3015,0.15,0.15,0.15,0.45,0.1,67,300.95320751241485,131.84833526611328,68,0.8401718139648438,3656.427734375,38.267329173399894,3,5,51,0.67,0.3015,0.15,0.15,0.15,0.45,0.1
384,frozen_mlp_ppo_seed5,1,COMPACT_32KB,0.179307,0.29275,0.394188,0,67,300.95320751241485,131.84833526611328,68,0.8401718139648438,3656.427734375,38.267329173399894,3,5,51,0.67,0.3015,0.15,0.15,0.15,0.45,0.1,96,319.11292934080103,85.59894561767578,51,1.108343386182598,3617.6328125,28.316000322349748,3,0,52,0.67,0.335,0.15,0.1,0.15,0.5,0.1
385,frozen_mlp_ppo_seed5,0,NOOP,0.19325,-0.039141,0.183857,0,96,319.11292934080103,85.59894561767578,51,1.108343386182598,3617.6328125,28.316000322349748,3,0,52,0.67,0.335,0.15,0.1,0.15,0.5,0.1,79,330.8520836141607,537.1465682983398,54,1.0511028148509838,3632.611328125,31.450874418991905,3,1,53,0.0,0.335,0.1,0.1,0.2,0.5,0.1
386,frozen_mlp_ppo_seed5,0,NOOP,0.192859,-0.047519,0.189886,0,79,330.8520836141607,537.1465682983398,54,1.0511028148509838,3632.611328125,31.450874418991905,3,1,53,0.0,0.335,0.1,0.1,0.2,0.5,0.1,80,333.42175709433747,219.9103832244873,57,0.999921296772204,3647.712890625,33.65931788562504,3,2,54,0.0,0.3015,0.1,0.1,0.2,0.45,0.15
387,frozen_mlp_ppo_seed5,0,NOOP,0.18336,0.337745,0.382093,0,80,333.42175709433747,219.9103832244873,57,0.999921296772204,3647.712890625,33.65931788562504,3,2,54,0.0,0.3015,0.1,0.1,0.2,0.45,0.15,99,419.6720293502319,188.38047981262207,60,0.9543011983235677,3664.5166015625,35.2172403709117,3,3,55,0.67,0.335,0.05,0.1,0.2,0.5,0.15
388,frozen_mlp_ppo_seed5,0,NOOP,0.174523,0.329373,0.373142,0,99,419.6720293502319,188.38047981262207,60,0.9543011983235677,3664.5166015625,35.2172403709117,3,3,55,0.67,0.335,0.05,0.1,0.2,0.5,0.15,52,210.79369350300914,197.83425331115723,63,0.9119921487475199,3677.15234375,36.45974729178921,3,4,56,0.67,0.335,0.05,0.1,0.2,0.5,0.15
389,frozen_mlp_ppo_seed5,0,NOOP,0.166491,0.329353,0.365038,0,52,210.79369350300914,197.83425331115723,63,0.9119921487475199,3677.15234375,36.45974729178921,3,4,56,0.67,0.335,0.05,0.1,0.2,0.5,0.15,62,232.9999776001921,205.14893531799316,66,0.8737071644176136,3690.5390625,37.36525458513594,3,5,57,0.67,0.335,0.05,0.1,0.2,0.5,0.15
390,frozen_mlp_ppo_seed5,1,COMPACT_32KB,0.179057,0.292724,0.393376,0,62,232.9999776001921,205.14893531799316,66,0.8737071644176136,3690.5390625,37.36525458513594,3,5,57,0.67,0.335,0.05,0.1,0.2,0.5,0.15,86,352.08683327932283,116.20378494262695,53,1.0798837913657136,3662.9658203125,29.300301502440504,3,0,58,0.67,0.3685,0.05,0.1,0.15,0.55,0.15
391,frozen_mlp_ppo_seed5,0,NOOP,0.193,-0.039149,0.186865,0,86,352.08683327932283,116.20378494262695,53,1.0798837913657136,3662.9658203125,29.300301502440504,3,0,58,0.67,0.3685,0.05,0.1,0.15,0.55,0.15,77,304.43243243243245,376.7516613006592,56,1.026184354509626,3677.8447265625,32.005063440683415,3,1,59,0.0,0.3685,0.05,0.1,0.15,0.55,0.15
392,frozen_mlp_ppo_seed5,0,NOOP,0.188217,0.337721,0.388806,0,77,304.43243243243245,376.7516613006592,56,1.026184354509626,3677.8447265625,32.005063440683415,3,1,59,0.0,0.3685,0.05,0.1,0.15,0.55,0.15,77,324.63522723160617,94.27118301391602,59,0.9779575153932734,3692.767578125,33.9474621575172,3,2,60,0.67,0.402,0.0,0.1,0.15,0.6,0.15
393,frozen_mlp_ppo_seed5,0,NOOP,0.179224,0.337715,0.379007,0,77,324.63522723160617,94.27118301391602,59,0.9779575153932734,3692.767578125,33.9474621575172,3,2,60,0.67,0.402,0.0,0.1,0.15,0.6,0.15,98,422.04145853376554,138.34667205810547,62,0.9348681049962198,3709.556640625,35.327958953831164,3,3,61,0.67,0.43550000000000005,0.0,0.1,0.1,0.65,0.15
394,frozen_mlp_ppo_seed5,0,NOOP,0.170813,-0.047536,0.167279,0,98,422.04145853376554,138.34667205810547,62,0.9348681049962198,3709.556640625,35.327958953831164,3,3,61,0.67,0.43550000000000005,0.0,0.1,0.1,0.65,0.15,50,206.3358317476372,257.97176361083984,65,0.8946904109074519,3721.912109375,36.44747919957408,3,4,62,0.0,0.402,0.0,0.1,0.1,0.6,0.2
395,frozen_mlp_ppo_seed5,1,COMPACT_32KB,0.178932,0.28435,0.393476,0,50,206.3358317476372,257.97176361083984,65,0.8946904109074519,3721.912109375,36.44747919957408,3,4,62,0.0,0.402,0.0,0.1,0.1,0.6,0.2,56,236.95150626171485,106.21142387390137,54,1.0695040667498554,3696.2060546875,29.402104215126492,3,0,63,0.67,0.402,0.0,0.1,0.1,0.6,0.2
396,frozen_mlp_ppo_seed5,0,NOOP,0.192875,-0.039151,0.189992,0,56,236.95150626171485,106.21142387390137,54,1.0695040667498554,3696.2060546875,29.402104215126492,3,0,63,0.67,0.402,0.0,0.1,0.1,0.6,0.2,84,325.46723448282233,215.40069580078125,57,1.017468904194079,3711.7265625,31.962274271226658,3,1,64,0.0,0.402,0.0,0.1,0.05,0.6,0.25
397,frozen_mlp_ppo_seed5,0,NOOP,0.186624,-0.04753,0.17679,0,84,325.46723448282233,215.40069580078125,57,1.017468904194079,3711.7265625,31.962274271226658,3,1,64,0.0,0.402,0.0,0.1,0.05,0.6,0.25,83,338.73808963159155,566.6921138763428,60,0.970617930094401,3727.1728515625,33.81692029555282,3,2,65,0.0,0.36850000000000005,0.0,0.1,0.1,0.55,0.25
398,frozen_mlp_ppo_seed5,0,NOOP,0.177797,-0.03916,0.173186,0,83,338.73808963159155,566.6921138763428,60,0.970617930094401,3727.1728515625,33.81692029555282,3,2,65,0.0,0.36850000000000005,0.0,0.1,0.1,0.55,0.25,88,350.27796657780783,309.3218803405762,63,0.9283616807725694,3743.154296875,35.172803879605055,3,3,66,0.0,0.36850000000000005,0.0,0.15,0.1,0.55,0.2
399,frozen_mlp_ppo_seed5,0,NOOP,0.169727,-0.047532,0.159682,0,88,350.27796657780783,309.3218803405762,63,0.9283616807725694,3743.154296875,35.172803879605055,3,3,66,0.0,0.36850000000000005,0.0,0.15,0.1,0.55,0.2,86,356.3248540215567,584.7747325897217,66,0.8898856423117898,3758.876953125,36.18700341562454,3,4,67,0.0,0.3350000000000001,0.0,0.15,0.15,0.5,0.2
400,frozen_mlp_ppo_seed5,0,NOOP,0.162374,0.329334,0.363096,0,86,356.3248540215567,584.7747325897217,66,0.8898856423117898,3758.876953125,36.18700341562454,3,4,67,0.0,0.3350000000000001,0.0,0.15,0.15,0.5,0.2,98,391.3845052250708,100.15654563903809,69,0.854996390964674,3775.6640625,36.92311656026463,3,5,68,0.67,0.3350000000000001,0.0,0.15,0.15,0.5,0.2
401,frozen_mlp_ppo_seed5,1,COMPACT_32KB,0.178682,-0.084168,0.188084,0,98,391.3845052250708,100.15654563903809,69,0.854996390964674,3775.6640625,36.92311656026463,3,5,68,0.67,0.3350000000000001,0.0,0.15,0.15,0.5,0.2,84,261.88036597086415,315.7987594604492,56,1.045511245727539,3747.1123046875,29.969474578214204,3,0,69,0.0,0.3350000000000001,0.05,0.15,0.15,0.5,0.15
402,frozen_mlp_ppo_seed5,0,NOOP,0.191763,-0.039171,0.186962,0,84,261.88036597086415,315.7987594604492,56,1.045511245727539,3747.1123046875,29.969474578214204,3,0,69,0.0,0.3350000000000001,0.05,0.15,0.15,0.5,0.15,52,218.77215693945,313.7803077697754,59,0.9956877110368114,3759.716796875,32.324552661138654,3,1,70,0.0,0.3350000000000001,0.05,0.15,0.15,0.5,0.15
403,frozen_mlp_ppo_seed5,0,NOOP,0.182458,-0.047559,0.179367,0,52,218.77215693945,313.7803077697754,59,0.9956877110368114,3759.716796875,32.324552661138654,3,1,70,0.0,0.3350000000000001,0.05,0.15,0.15,0.5,0.15,67,276.2913001458054,232.01727867126465,62,0.9510387297599546,3773.7216796875,34.013147554560064,3,2,71,0.0,0.30150000000000005,0.05,0.15,0.15,0.45,0.2
404,frozen_mlp_ppo_seed5,0,NOOP,0.174023,-0.047583,0.168632,0,67,276.2913001458054,232.01727867126465,62,0.9510387297599546,3773.7216796875,34.013147554560064,3,2,71,0.0,0.30150000000000005,0.05,0.15,0.15,0.45,0.2,77,304.2551903847639,350.80647468566895,65,0.910742422250601,3788.6884765625,35.24990831013698,3,3,72,0.0,0.268,0.1,0.15,0.15,0.4,0.2
405,frozen_mlp_ppo_seed5,0,NOOP,0.158978,-0.039206,0.153377,0,77,304.2551903847639,350.80647468566895,65,0.910742422250601,3788.6884765625,35.24990831013698,3,3,72,0.0,0.268,0.1,0.15,0.15,0.4,0.2,100,379.83110785099456,368.7913417816162,71,0.839265205490757,3813.62109375,36.960937474841536,3,4,73,0.0,0.268,0.1,0.15,0.1,0.4,0.25
406,frozen_mlp_ppo_seed5,2,COMPACT_64KB,0.553091,-0.089186,0.190872,0,100,379.83110785099456,368.7913417816162,71,0.839265205490757,3813.62109375,36.960937474841536,3,4,73,0.0,0.268,0.1,0.15,0.1,0.4,0.25,70,290.70901599981784,216.37964248657227,48,1.2226457595825195,3755.9677734375,19.472622187464644,3,0,74,0.0,0.26800000000000007,0.1,0.15,0.1,0.4,0.25
407,frozen_mlp_ppo_seed5,0,NOOP,0.193625,-0.047561,0.184326,0,70,290.70901599981784,216.37964248657227,48,1.2226457595825195,3755.9677734375,19.472622187464644,3,0,74,0.0,0.26800000000000007,0.1,0.15,0.1,0.4,0.25,59,219.14997799325008,528.6757946014404,51,1.154779172411152,3769.19921875,25.776739266469466,3,1,75,0.0,0.23450000000000001,0.1,0.15,0.15,0.35,0.25
408,frozen_mlp_ppo_seed5,5,PARTITION_REGION,0.011432,-0.147572,0.192486,0,59,219.14997799325008,528.6757946014404,51,1.154779172411152,3769.19921875,25.776739266469466,3,1,75,0.0,0.23450000000000001,0.1,0.15,0.15,0.35,0.25,98,383.8713760062758,105.6985855102539,54,1.0954473989981193,3785.8662109375,29.61313774249293,2,2,0,0.0,0.201,0.1,0.15,0.15,0.35,0.25
409,frozen_mlp_ppo_seed5,0,NOOP,0.192875,-0.082795,0.189565,0,98,383.8713760062758,105.6985855102539,54,1.0954473989981193,3785.8662109375,29.61313774249293,2,2,0,0.0,0.201,0.1,0.15,0.15,0.35,0.25,91,334.1241089522776,236.77468299865723,57,1.0422119676021107,3801.9892578125,32.29121455564512,2,3,1,0.0,0.1675,0.1,0.15,0.15,0.3,0.3
410,frozen_mlp_ppo_seed5,0,NOOP,0.191254,-0.082622,0.18817,0,91,334.1241089522776,236.77468299865723,57,1.0422119676021107,3801.9892578125,32.29121455564512,2,3,1,0.0,0.1675,0.1,0.15,0.15,0.3,0.3,68,274.33923636660944,229.16221618652344,60,0.993768056233724,3816.0693359375,34.285571109846586,2,4,2,0.0,0.134,0.1,0.15,0.15,0.25,0.35
411,frozen_mlp_ppo_seed5,1,COMPACT_32KB,0.179182,-0.092308,0.190584,0,68,274.33923636660944,229.16221618652344,60,0.993768056233724,3816.0693359375,34.285571109846586,2,4,2,0.0,0.134,0.1,0.15,0.15,0.25,0.35,52,193.23966083974943,210.82019805908203,52,1.1402655381422777,3794.8037109375,26.25497920537278,2,0,3,0.0,0.134,0.1,0.1,0.15,0.25,0.4
412,frozen_mlp_ppo_seed5,0,NOOP,0.193125,-0.055698,0.190195,0,52,193.23966083974943,210.82019805908203,52,1.1402655381422777,3794.8037109375,26.25497920537278,2,0,3,0.0,0.134,0.1,0.1,0.15,0.25,0.4,90,353.24883774901366,215.24763107299805,55,1.0826316139914773,3810.86328125,29.8540962617821,2,1,4,0.0,0.1005,0.1,0.1,0.15,0.2,0.45
413,frozen_mlp_ppo_seed5,0,NOOP,0.19275,-0.055716,0.189223,0,90,353.24883774901366,215.24763107299805,55,1.0826316139914773,3810.86328125,29.8540962617821,2,1,4,0.0,0.1005,0.1,0.1,0.15,0.2,0.45,82,256.5204920783853,248.82888793945312,58,1.030767506566541,3826.208984375,32.40280602678226,2,2,5,0.0,0.067,0.1,0.1,0.15,0.15,0.5
414,frozen_mlp_ppo_seed5,0,NOOP,0.189158,-0.04734,0.18542,0,82,256.5204920783853,248.82888793945312,58,1.030767506566541,3826.208984375,32.40280602678226,2,2,5,0.0,0.067,0.1,0.1,0.15,0.15,0.5,78,260.7691115751885,263.1363868713379,61,0.98391598560771,3841.2080078125,34.26648366932506,2,3,6,0.0,0.067,0.1,0.1,0.15,0.15,0.5
415,frozen_mlp_ppo_seed5,0,NOOP,0.180383,-0.055725,0.174667,0,78,260.7691115751885,263.1363868713379,61,0.98391598560771,3841.2080078125,34.26648366932506,2,3,6,0.0,0.067,0.1,0.1,0.15,0.15,0.5,99,388.7017591157242,365.764856338501,64,0.941913366317749,3858.0771484375,35.602903644222664,2,4,7,0.0,0.0335,0.15,0.1,0.15,0.1,0.5
416,frozen_mlp_ppo_seed5,0,NOOP,0.172207,-0.047364,0.168647,0,99,388.7017591157242,365.764856338501,64,0.941913366317749,3858.0771484375,35.602903644222664,2,4,7,0.0,0.0335,0.15,0.1,0.15,0.1,0.5,62,227.9898755662555,261.751651763916,67,0.9029083251953125,3871.6708984375,36.67332706752679,2,5,8,0.0,0.0335,0.15,0.1,0.15,0.1,0.5
417,frozen_mlp_ppo_seed5,0,NOOP,0.164658,-0.047371,0.161055,0,62,227.9898755662555,261.751651763916,67,0.9029083251953125,3871.6708984375,36.67332706752679,2,5,8,0.0,0.0335,0.15,0.1,0.15,0.1,0.5,52,186.44538211660114,267.6558494567871,70,0.8670407976422991,3884.3427734375,37.49477113150848,2,6,9,0.0,0.0335,0.15,0.1,0.1,0.15,0.5
418,frozen_mlp_ppo_seed5,3,COMPACT_128KB,0.162375,-0.073813,0.1925,0,52,186.44538211660114,267.6558494567871,70,0.8670407976422991,3884.3427734375,37.49477113150848,2,6,9,0.0,0.0335,0.15,0.1,0.1,0.15,0.5,70,264.4415722676216,170.01032829284668,41,1.4506139987852515,3806.4111328125,15.920750875797605,2,0,10,0.0,0.0335,0.15,0.05,0.1,0.15,0.55
419,frozen_mlp_ppo_seed5,0,NOOP,0.1945,-0.018802,0.183252,0,70,264.4415722676216,170.01032829284668,41,1.4506139987852515,3806.4111328125,15.920750875797605,2,0,10,0.0,0.0335,0.15,0.05,0.1,0.15,0.55,73,308.75177173373777,617.3927783966064,44,1.3568770668723367,3820.9658203125,27.186572604320318,2,1,11,0.0,0.0335,0.15,0.05,0.1,0.15,0.55
420,frozen_mlp_ppo_seed5,0,NOOP,0.194125,0.349692,0.393937,0,73,308.75177173373777,617.3927783966064,44,1.3568770668723367,3820.9658203125,27.186572604320318,2,1,11,0.0,0.0335,0.15,0.05,0.1,0.15,0.55,58,235.128995903818,118.16596984863281,47,1.274653008643617,3834.15625,33.25558007115477,2,2,12,0.67,0.0335,0.15,0.1,0.1,0.1,0.55
421,frozen_mlp_ppo_seed5,0,NOOP,0.19375,-0.018779,0.18996,0,58,235.128995903818,118.16596984863281,47,1.274653008643617,3834.15625,33.25558007115477,2,2,12,0.67,0.0335,0.15,0.1,0.1,0.1,0.55,80,305.6969836111574,252.01010704040527,50,1.2029364013671875,3849.396484375,37.081118252514266,2,3,13,0.0,0.0335,0.1,0.1,0.1,0.15,0.55
422,frozen_mlp_ppo_seed5,0,NOOP,0.193375,-0.018777,0.189896,0,80,305.6969836111574,252.01010704040527,50,1.2029364013671875,3849.396484375,37.081118252514266,2,3,13,0.0,0.0335,0.1,0.1,0.1,0.15,0.55,88,364.25992318047065,240.17834663391113,53,1.1395571726673055,3865.3779296875,39.68918178536626,2,4,14,0.0,0.0335,0.1,0.05,0.1,0.15,0.6
423,frozen_mlp_ppo_seed5,3,COMPACT_128KB,0.1625,-0.073775,0.192224,0,88,364.25992318047065,240.17834663391113,53,1.1395571726673055,3865.3779296875,39.68918178536626,2,4,14,0.0,0.0335,0.1,0.05,0.1,0.15,0.6,77,320.7836080847129,188.77577781677246,40,1.4983840942382813,3835.86328125,15.947916827869234,2,0,15,0.0,0.0335,0.1,0.05,0.1,0.15,0.6
424,frozen_mlp_ppo_seed5,0,NOOP,0.194625,-0.018785,0.189852,0,77,320.7836080847129,188.77577781677246,40,1.4983840942382813,3835.86328125,15.947916827869234,2,0,15,0.0,0.0335,0.1,0.05,0.1,0.15,0.6,65,188.5645002099159,292.3915386199951,43,1.3988409707712572,3849.6103515625,28.111903951100192,2,1,16,0.0,0.0335,0.1,0.05,0.1,0.15,0.6
425,frozen_mlp_ppo_seed5,0,NOOP,0.19425,-0.018781,0.185678,0,65,188.5645002099159,292.3915386199951,43,1.3988409707712572,3849.6103515625,28.111903951100192,2,1,16,0.0,0.0335,0.1,0.05,0.1,0.15,0.6,93,387.1603746243236,486.08851432800293,46,1.3131677378778872,3865.9658203125,34.324172555909435,2,2,17,0.0,0.0335,0.1,0.05,0.15,0.15,0.55
426,frozen_mlp_ppo_seed5,0,NOOP,0.193875,-0.018799,0.184644,0,93,387.1603746243236,486.08851432800293,46,1.3131677378778872,3865.9658203125,34.324172555909435,2,2,17,0.0,0.0335,0.1,0.05,0.15,0.15,0.55,57,214.6612590270738,522.7816104888916,49,1.2369310028698979,3879.015625,38.43466608001644,2,3,18,0.0,0.0335,0.1,0.05,0.2,0.15,0.5
427,frozen_mlp_ppo_seed5,0,NOOP,0.1935,0.358061,0.392925,0,57,214.6612590270738,522.7816104888916,49,1.2369310028698979,3879.015625,38.43466608001644,2,3,18,0.0,0.0335,0.1,0.05,0.2,0.15,0.5,60,244.18875031656654,143.72849464416504,52,1.1695929307204027,3892.4052734375,41.22747987314242,2,4,19,0.67,0.067,0.1,0.1,0.15,0.15,0.5
428,frozen_mlp_ppo_seed5,3,COMPACT_128KB,0.1625,-0.073821,0.192475,0,60,244.18875031656654,143.72849464416504,52,1.1695929307204027,3892.4052734375,41.22747987314242,2,4,19,0.67,0.067,0.1,0.1,0.15,0.15,0.5,72,287.47279911737184,176.25975608825684,40,1.5100269317626953,3865.6689453125,15.747286768487687,2,0,20,0.0,0.067,0.1,0.1,0.15,0.1,0.55
429,frozen_mlp_ppo_seed5,4,PARTITION_HOUR,0.012807,-0.118838,0.18968,0,72,287.47279911737184,176.25975608825684,40,1.5100269317626953,3865.6689453125,15.747286768487687,2,0,20,0.0,0.067,0.1,0.1,0.15,0.1,0.55,75,314.09412056026616,300.9765148162842,43,1.410030631131904,3880.404296875,28.097617650367535,1,1,0,0.0,0.067,0.1,0.1,0.15,0.1,0.55
430,frozen_mlp_ppo_seed5,0,NOOP,0.1945,-0.035111,0.190385,0,75,314.09412056026616,300.9765148162842,43,1.410030631131904,3880.404296875,28.097617650367535,1,1,0,0.0,0.067,0.1,0.1,0.15,0.1,0.55,73,278.05604271858766,283.6637496948242,44,1.3812502080743962,3889.6005859375,30.338062647716256,1,2,1,0.0015283087565993083,0.06707641543782997,0.15,0.1,0.15,0.1,0.5
431,frozen_mlp_ppo_seed5,0,NOOP,0.194375,-0.035785,0.191717,0,73,278.05604271858766,283.6637496948242,44,1.3812502080743962,3889.6005859375,30.338062647716256,1,2,1,0.0015283087565993083,0.06707641543782997,0.15,0.1,0.15,0.1,0.5,78,314.4542749271428,189.16010856628418,45,1.3539120144314236,3899.2666015625,32.20615477571269,1,3,2,0.0,0.06707641543782997,0.15,0.1,0.15,0.1,0.5
432,frozen_mlp_ppo_seed5,0,NOOP,0.19425,-0.035583,0.191419,0,78,314.4542749271428,189.16010856628418,45,1.3539120144314236,3899.2666015625,32.20615477571269,1,3,2,0.0,0.06707641543782997,0.15,0.1,0.15,0.1,0.5,85,358.51239553071053,199.0363597869873,46,1.3279472019361414,3909.4765625,33.78182059341359,1,4,3,0.0,0.06707641543782997,0.15,0.1,0.15,0.1,0.5
433,frozen_mlp_ppo_seed5,0,NOOP,0.194125,-0.03538,0.191325,0,85,358.51239553071053,199.0363597869873,46,1.3279472019361414,3909.4765625,33.78182059341359,1,4,3,0.0,0.06707641543782997,0.15,0.1,0.15,0.1,0.5,86,357.63732411123624,198.75335693359375,47,1.303101235247673,3919.728515625,35.14604335650273,1,5,4,0.0,0.06707641543782997,0.15,0.1,0.15,0.1,0.5
434,frozen_mlp_ppo_seed5,3,COMPACT_128KB,0.164,-0.099301,0.192705,0,86,357.63732411123624,198.75335693359375,47,1.303101235247673,3919.728515625,35.14604335650273,1,5,4,0.0,0.06707641543782997,0.15,0.1,0.15,0.1,0.5,95,413.23963527449826,224.75910186767578,28,2.160169873918806,3871.0244140625,39.115985693933986,1,0,5,0.0,0.06707641543782997,0.15,0.15,0.15,0.1,0.45
435,frozen_mlp_ppo_seed5,0,NOOP,0.196375,-0.044375,0.193976,0,95,413.23963527449826,224.75910186767578,28,2.160169873918806,3871.0244140625,39.115985693933986,1,0,5,0.0,0.06707641543782997,0.15,0.15,0.15,0.1,0.45,80,308.9015604142693,156.1877727508545,29,2.090997630152209,3880.8916015625,45.20810685867831,1,1,6,0.0,0.06707641543782997,0.1,0.15,0.15,0.1,0.5
436,frozen_mlp_ppo_seed5,0,NOOP,0.19625,-0.04443,0.193221,0,80,308.9015604142693,156.1877727508545,29,2.090997630152209,3880.8916015625,45.20810685867831,1,1,6,0.0,0.06707641543782997,0.1,0.15,0.15,0.1,0.5,61,259.2245367743609,188.96174430847168,30,2.025528971354167,3889.015625,49.9997952982779,1,2,7,0.0,0.06707641543782997,0.1,0.15,0.15,0.1,0.5
437,frozen_mlp_ppo_seed5,0,NOOP,0.196125,-0.04448,0.192573,0,61,259.2245367743609,188.96174430847168,30,2.025528971354167,3889.015625,49.9997952982779,1,2,7,0.0,0.06707641543782997,0.1,0.15,0.15,0.1,0.5,54,211.93601470220824,216.32909774780273,31,1.963961693548387,3896.5,53.83264044802099,1,3,8,0.0,0.06707641543782997,0.1,0.15,0.15,0.1,0.5
438,frozen_mlp_ppo_seed5,0,NOOP,0.196,-0.044539,0.193754,0,54,211.93601470220824,216.32909774780273,31,1.963961693548387,3896.5,53.83264044802099,1,3,8,0.0,0.06707641543782997,0.1,0.15,0.15,0.1,0.5,65,253.93671648908872,152.30846405029297,32,1.9067692756652832,3905.0634765625,56.861267537437755,1,4,9,0.0,0.06707641543782997,0.1,0.15,0.15,0.1,0.5
439,frozen_mlp_ppo_seed5,0,NOOP,0.195875,-0.044587,0.193276,0,65,253.93671648908872,152.30846405029297,32,1.9067692756652832,3905.0634765625,56.861267537437755,1,4,9,0.0,0.06707641543782997,0.1,0.15,0.15,0.1,0.5,53,219.1856754091895,171.1883544921875,33,1.8525159431226326,3912.513671875,59.41399562870615,1,5,10,0.0,0.06707641543782997,0.1,0.15,0.1,0.1,0.55
440,frozen_mlp_ppo_seed5,3,COMPACT_128KB,0.164,-0.108011,0.194393,0,53,219.1856754091895,171.1883544921875,33,1.8525159431226326,3912.513671875,59.41399562870615,1,5,10,0.0,0.06707641543782997,0.1,0.15,0.1,0.1,0.55,54,213.77837472026187,140.34199714660645,28,2.1777120317731584,3902.4599609375,36.51708996089127,1,0,11,0.0,0.033576415437829965,0.1,0.1,0.1,0.1,0.6
441,frozen_mlp_ppo_seed5,0,NOOP,0.196375,-0.044683,0.192595,0,54,213.77837472026187,140.34199714660645,28,2.1777120317731584,3902.4599609375,36.51708996089127,1,0,11,0.0,0.033576415437829965,0.1,0.1,0.1,0.1,0.6,52,212.6087229467191,225.24046897888184,29,2.1065894817483835,3909.830078125,43.43652788945445,1,1,12,0.0,0.033576415437829965,0.1,0.1,0.1,0.05,0.65
442,frozen_mlp_ppo_seed5,0,NOOP,0.19625,0.377147,0.41465,0,52,212.6087229467191,225.24046897888184,29,2.1065894817483835,3909.830078125,43.43652788945445,1,1,12,0.0,0.033576415437829965,0.1,0.1,0.1,0.05,0.65,50,194.45549915899687,367.49982833862305,30,2.0400873819986978,3916.9677734375,48.63242364243091,1,2,13,0.75,0.07107641543782997,0.1,0.1,0.15,0.05,0.6
443,frozen_mlp_ppo_seed5,0,NOOP,0.196125,-0.04479,0.193865,0,50,194.45549915899687,367.49982833862305,30,2.0400873819986978,3916.9677734375,48.63242364243091,1,2,13,0.75,0.07107641543782997,0.1,0.1,0.15,0.05,0.6,68,279.7313364620266,151.72982215881348,31,1.978727279170867,3925.794921875,52.57706802416226,1,3,14,0.0,0.07107641543782997,0.1,0.1,0.15,0.05,0.6
444,frozen_mlp_ppo_seed5,0,NOOP,0.196,-0.044842,0.193678,0,68,279.7313364620266,151.72982215881348,31,1.978727279170867,3925.794921875,52.57706802416226,1,3,14,0.0,0.07107641543782997,0.1,0.1,0.15,0.05,0.6,58,244.4400107715743,156.08811378479004,32,1.920762062072754,3933.720703125,55.817318802825476,1,4,15,0.0,0.07107641543782997,0.05,0.1,0.15,0.05,0.65
445,frozen_mlp_ppo_seed5,2,COMPACT_64KB,0.553466,-0.107136,0.191634,0,58,244.4400107715743,156.08811378479004,32,1.920762062072754,3933.720703125,55.817318802825476,1,4,15,0.0,0.07107641543782997,0.05,0.1,0.15,0.05,0.65,58,236.67791537878546,193.30739974975586,45,1.3815809461805555,3978.953125,14.882027708787552,1,0,16,0.0,0.07107641543782997,0.05,0.1,0.1,0.05,0.7
446,frozen_mlp_ppo_seed5,0,NOOP,0.19425,-0.057181,0.189236,0,58,236.67791537878546,193.30739974975586,45,1.3815809461805555,3978.953125,14.882027708787552,1,0,16,0.0,0.07107641543782997,0.05,0.1,0.1,0.05,0.7,71,295.8774107461328,308.20178985595703,46,1.354632170304008,3988.037109375,18.79860814074068,1,1,17,0.0,0.07107641543782997,0.05,0.1,0.05,0.05,0.75
447,frozen_mlp_ppo_seed5,0,NOOP,0.194125,-0.065605,0.191698,0,71,295.8774107461328,308.20178985595703,46,1.354632170304008,3988.037109375,18.79860814074068,1,1,17,0.0,0.07107641543782997,0.05,0.1,0.05,0.05,0.75,77,317.82847807902374,180.09257316589355,47,1.3289538444356714,3997.4931640625,21.740358798129783,1,2,18,0.0,0.03757641543782996,0.05,0.1,0.05,0.05,0.75
448,frozen_mlp_ppo_seed5,0,NOOP,0.194,0.460227,0.46499,0,77,317.82847807902374,180.09257316589355,47,1.3289538444356714,3997.4931640625,21.740358798129783,1,2,18,0.0,0.03757641543782996,0.05,0.1,0.05,0.05,0.75,68,264.18414261604784,310.47654151916504,48,1.3041330973307292,4006.296875,24.16011490099697,1,3,19,0.92,0.08357641543782997,0.1,0.1,0.05,0.05,0.7
449,frozen_mlp_ppo_seed5,0,NOOP,0.193875,-0.057333,0.19089,0,68,264.18414261604784,310.47654151916504,48,1.3041330973307292,4006.296875,24.16011490099697,1,3,19,0.92,0.08357641543782997,0.1,0.1,0.05,0.05,0.7,94,381.73821811090863,210.4957103729248,49,1.2810351313376913,4017.326171875,26.050514484729725,1,4,20,0.0,0.08357641543782997,0.1,0.1,0.05,0.05,0.7
450,frozen_mlp_ppo_seed5,4,PARTITION_HOUR,-0.260795,0.114475,0.409396,0,94,381.73821811090863,210.4957103729248,49,1.2810351313376913,4017.326171875,26.050514484729725,1,4,20,0.0,0.08357641543782997,0.1,0.1,0.05,0.05,0.7,77,319.35082754378993,530.2047729492188,50,1.2583633422851563,4026.7626953125,27.749756379591464,1,5,21,0.75,0.121,0.05,0.1,0.1,0.05,0.7
451,frozen_mlp_ppo_seed5,5,PARTITION_REGION,0.011807,-0.157409,0.19057,0,77,319.35082754378993,530.2047729492188,50,1.2583633422851563,4026.7626953125,27.749756379591464,1,5,21,0.75,0.121,0.05,0.1,0.1,0.05,0.7,44,194.23121960357963,216.5224552154541,51,1.235700719496783,4033.3271484375,29.358743677029906,2,6,0,0.0,0.121,0.05,0.1,0.1,0.05,0.7
452,frozen_mlp_ppo_seed5,2,COMPACT_64KB,0.215466,-0.104792,0.179628,0,44,194.23121960357963,216.5224552154541,51,1.235700719496783,4033.3271484375,29.358743677029906,2,6,0,0.0,0.121,0.05,0.1,0.1,0.05,0.7,40,153.00656724149408,773.6139297485352,49,1.2851469078842475,4030.220703125,26.265200666393188,2,0,1,0.0,0.121,0.05,0.1,0.15,0.05,0.65
453,frozen_mlp_ppo_seed5,0,NOOP,0.1935,-0.054712,0.184484,0,40,153.00656724149408,773.6139297485352,49,1.2851469078842475,4030.220703125,26.265200666393188,2,0,1,0.0,0.121,0.05,0.1,0.15,0.05,0.65,45,179.3711772465151,515.8140659332275,52,1.2146189762995794,4042.251953125,31.44210570242254,2,1,2,0.0,0.121,0.05,0.1,0.2,0.05,0.6
454,frozen_mlp_ppo_seed5,0,NOOP,0.193125,-0.054638,0.188842,0,45,179.3711772465151,515.8140659332275,52,1.2146189762995794,4042.251953125,31.44210570242254,2,1,2,0.0,0.121,0.05,0.1,0.2,0.05,0.6,43,170.7805992634909,282.8938961029053,55,1.151729236949574,4054.0869140625,34.92455854856446,2,2,3,0.0,0.121,0.05,0.05,0.2,0.05,0.65
455,frozen_mlp_ppo_seed5,0,NOOP,0.19275,0.322293,0.39099,0,43,170.7805992634909,282.8938961029053,55,1.151729236949574,4054.0869140625,34.92455854856446,2,2,3,0.0,0.121,0.05,0.05,0.2,0.05,0.65,33,124.64701305437883,210.50095558166504,58,1.09509303652007,4064.9853515625,37.425312091198336,2,3,4,0.67,0.1545,0.05,0.1,0.2,0.05,0.6
456,frozen_mlp_ppo_seed5,0,NOOP,0.192375,-0.054545,0.189059,0,33,124.64701305437883,210.50095558166504,58,1.09509303652007,4064.9853515625,37.425312091198336,2,3,4,0.67,0.1545,0.05,0.1,0.2,0.05,0.6,21,82.93540331966148,242.034912109375,61,1.043731689453125,4074.728515625,39.28112110044966,2,4,5,0.0,0.1545,0.05,0.1,0.2,0.05,0.6
457,frozen_mlp_ppo_seed5,0,NOOP,0.191526,-0.054474,0.185241,0,21,82.93540331966148,242.034912109375,61,1.043731689453125,4074.728515625,39.28112110044966,2,4,5,0.0,0.1545,0.05,0.1,0.2,0.05,0.6,40,168.59439486375052,394.2584991455078,64,0.997631311416626,4086.2978515625,40.612158203007006,2,5,6,0.0,0.1545,0.05,0.1,0.2,0.0,0.65
458,frozen_mlp_ppo_seed5,0,NOOP,0.182755,-0.054404,0.179152,0,40,168.59439486375052,394.2584991455078,64,0.997631311416626,4086.2978515625,40.612158203007006,2,5,6,0.0,0.1545,0.05,0.1,0.2,0.0,0.65,40,144.65149844331575,263.9191150665283,67,0.9556499879751632,4097.8271484375,41.602006676696014,2,6,7,0.0,0.1545,0.05,0.1,0.2,0.0,0.65
459,frozen_mlp_ppo_seed5,0,NOOP,0.174628,-0.054366,0.171171,0,40,144.65149844331575,263.9191150665283,67,0.9556499879751632,4097.8271484375,41.602006676696014,2,6,7,0.0,0.1545,0.05,0.1,0.2,0.0,0.65,22,83.34742830200098,260.3914737701416,70,0.9168921334402902,4107.6767578125,42.36610023195337,2,7,8,0.0,0.1545,0.05,0.1,0.2,0.0,0.65
460,frozen_mlp_ppo_seed5,0,NOOP,0.167143,-0.054327,0.160801,0,22,83.34742830200098,260.3914737701416,70,0.9168921334402902,4107.6767578125,42.36610023195337,2,7,8,0.0,0.1545,0.05,0.1,0.2,0.0,0.65,22,78.46026721221288,408.35070610046387,73,0.8813376230736302,4117.609375,42.92546369772642,2,8,9,0.0,0.1545,0.1,0.1,0.2,0.0,0.6
461,frozen_mlp_ppo_seed5,0,NOOP,0.160289,-0.054256,0.148232,0,22,78.46026721221288,408.35070610046387,73,0.8813376230736302,4117.609375,42.92546369772642,2,8,9,0.0,0.1545,0.1,0.1,0.2,0.0,0.6,41,157.06306398462675,697.8263854980469,76,0.8489440114874589,4129.263671875,43.299985679488714,2,9,10,0.0,0.1545,0.1,0.1,0.25,0.0,0.55
462,frozen_mlp_ppo_seed5,1,COMPACT_32KB,0.560557,-0.073233,0.189388,0,41,157.06306398462675,697.8263854980469,76,0.8489440114874589,4129.263671875,43.299985679488714,2,9,10,0.0,0.1545,0.1,0.1,0.25,0.0,0.55,27,107.51644178442446,225.60572624206543,61,1.0498704753938268,4098.6943359375,32.70092110874521,2,0,11,0.0,0.11699999999999999,0.1,0.1,0.2,0.0,0.6
463,frozen_mlp_ppo_seed5,0,NOOP,0.192,-0.018857,0.18136,0,27,107.51644178442446,225.60572624206543,61,1.0498704753938268,4098.6943359375,32.70092110874521,2,0,11,0.0,0.11699999999999999,0.1,0.1,0.2,0.0,0.6,49,202.95313296176772,611.9976043701172,64,1.0036818981170654,4111.0810546875,34.62585312318956,2,1,12,0.0,0.11699999999999999,0.1,0.1,0.25,0.0,0.55
464,frozen_mlp_ppo_seed5,0,NOOP,0.183833,-0.018869,0.180611,0,49,202.95313296176772,611.9976043701172,64,1.0036818981170654,4111.0810546875,34.62585312318956,2,1,12,0.0,0.11699999999999999,0.1,0.1,0.25,0.0,0.55,22,92.24148106681595,244.85278129577637,67,0.9610418063491138,4120.947265625,36.13515137170938,2,2,13,0.0,0.11699999999999999,0.1,0.1,0.25,0.0,0.55
465,frozen_mlp_ppo_seed5,0,NOOP,0.175689,-0.018874,0.172432,0,22,92.24148106681595,244.85278129577637,67,0.9610418063491138,4120.947265625,36.13515137170938,2,2,13,0.0,0.11699999999999999,0.1,0.1,0.25,0.0,0.55,28,121.69547250050775,250.335693359375,70,0.9221928187779018,4131.423828125,37.269986997211255,2,3,14,0.0,0.11699999999999999,0.1,0.1,0.25,0.0,0.55
466,frozen_mlp_ppo_seed5,0,NOOP,0.168248,-0.018871,0.15814,0,28,121.69547250050775,250.335693359375,70,0.9221928187779018,4131.423828125,37.269986997211255,2,3,14,0.0,0.11699999999999999,0.1,0.1,0.25,0.0,0.55,45,138.7737504062255,596.686601638794,73,0.8868671574004708,4143.443359375,38.10654754571873,2,4,15,0.0,0.11699999999999999,0.15,0.1,0.25,0.0,0.5
467,frozen_mlp_ppo_seed5,1,COMPACT_32KB,0.561182,0.313011,0.393331,0,45,138.7737504062255,596.686601638794,73,0.8868671574004708,4143.443359375,38.10654754571873,2,4,15,0.0,0.11699999999999999,0.15,0.1,0.25,0.0,0.5,40,158.50006471427938,103.44243049621582,56,1.1440208980015345,4100.1708984375,27.358876585891373,2,0,16,0.67,0.1505,0.15,0.1,0.25,0.0,0.5
468,frozen_mlp_ppo_seed5,0,NOOP,0.192625,-0.030361,0.18969,0,40,158.50006471427938,103.44243049621582,56,1.1440208980015345,4100.1708984375,27.358876585891373,2,0,16,0.67,0.1505,0.15,0.1,0.25,0.0,0.5,28,112.03547265712945,220.49403190612793,59,1.088599770756091,4110.552734375,30.800824080603206,2,1,17,0.0,0.1045,0.1,0.1,0.25,0.0,0.55
469,frozen_mlp_ppo_seed5,0,NOOP,0.19225,-0.018867,0.189006,0,28,112.03547265712945,220.49403190612793,59,1.088599770756091,4110.552734375,30.800824080603206,2,1,17,0.0,0.1045,0.1,0.1,0.25,0.0,0.55,41,178.37679072840675,239.6986484527588,62,1.0388601979901713,4122.197265625,33.23572887118585,2,2,18,0.0,0.1045,0.1,0.1,0.25,0.0,0.55
470,frozen_mlp_ppo_seed5,0,NOOP,0.190536,-0.028244,0.17979,0,41,178.37679072840675,239.6986484527588,62,1.0388601979901713,4122.197265625,33.23572887118585,2,2,18,0.0,0.1045,0.1,0.1,0.25,0.0,0.55,23,93.2867027104388,618.5338497161865,65,0.9933046781099759,4132.1474609375,35.08934998655554,2,3,19,0.0,0.067,0.1,0.1,0.25,0.0,0.55
471,frozen_mlp_ppo_seed5,0,NOOP,0.18191,-0.01887,0.176474,0,23,93.2867027104388,618.5338497161865,65,0.9933046781099759,4132.1474609375,35.08934998655554,2,3,19,0.0,0.067,0.1,0.1,0.25,0.0,0.55,36,115.33304409994439,356.80508613586426,68,0.9520499285529641,4143.3212890625,36.461455348138976,2,4,20,0.0,0.067,0.1,0.1,0.25,0.05,0.5
472,frozen_mlp_ppo_seed5,1,COMPACT_32KB,0.561182,-0.063863,0.190248,0,36,115.33304409994439,356.80508613586426,68,0.9520499285529641,4143.3212890625,36.461455348138976,2,4,20,0.0,0.067,0.1,0.1,0.25,0.05,0.5,21,86.15288549286807,207.58366584777832,56,1.1474377768380302,4112.4169921875,26.890714169659425,2,0,21,0.0,0.067,0.1,0.1,0.2,0.05,0.55
473,frozen_mlp_ppo_seed5,7,REMOVE_PARTITION,0.128989,-0.053861,0.186901,0,21,86.15288549286807,207.58366584777832,56,1.1474377768380302,4112.4169921875,26.890714169659425,2,0,21,0.0,0.067,0.1,0.1,0.2,0.05,0.55,23,93.36760041695017,359.95984077453613,59,1.0917146327131886,4122.314453125,30.450184319484567,0,1,0,0.0,0.067,0.1,0.1,0.15,0.05,0.6
474,frozen_mlp_ppo_seed5,0,NOOP,0.1925,-0.036079,0.182938,0,23,93.36760041695017,359.95984077453613,59,1.0917146327131886,4122.314453125,30.450184319484567,0,1,0,0.0,0.067,0.1,0.1,0.15,0.05,0.6,36,142.57072500113304,553.0891418457031,60,1.0750625610351563,4128.240234375,31.29928745346547,0,2,1,0.0,0.067,0.1,0.1,0.2,0.05,0.55
475,frozen_mlp_ppo_seed5,0,NOOP,0.192375,-0.044406,0.189054,0,36,142.57072500113304,553.0891418457031,60,1.0750625610351563,4128.240234375,31.29928745346547,0,2,1,0.0,0.067,0.1,0.1,0.2,0.05,0.55,21,84.69992528206741,242.3231601715088,61,1.0586045061955687,4132.7919921875,32.10912423578149,0,3,2,0.0,0.0335,0.1,0.05,0.2,0.05,0.6
476,frozen_mlp_ppo_seed5,0,NOOP,0.19225,-0.035986,0.188235,0,21,84.69992528206741,242.3231601715088,61,1.0586045061955687,4132.7919921875,32.10912423578149,0,3,2,0.0,0.0335,0.1,0.05,0.2,0.05,0.6,20,85.46182513177976,278.2449722290039,62,1.0426564370432208,4137.2607421875,32.84333525121715,0,4,3,0.0,0.0335,0.1,0.05,0.2,0.05,0.6
477,frozen_mlp_ppo_seed5,1,COMPACT_32KB,0.561307,-0.109599,0.19091,0,20,85.46182513177976,278.2449722290039,62,1.0426564370432208,4137.2607421875,32.84333525121715,0,4,3,0.0,0.0335,0.1,0.05,0.2,0.05,0.6,49,188.8813899521641,179.49819564819336,55,1.1710657293146307,4122.1513671875,25.023263823612556,0,0,4,0.0,0.0335,0.1,0.1,0.2,0.05,0.55
478,frozen_mlp_ppo_seed5,0,NOOP,0.193,-0.064602,0.187156,0,49,188.8813899521641,179.49819564819336,55,1.1710657293146307,4122.1513671875,25.023263823612556,0,0,4,0.0,0.0335,0.1,0.1,0.2,0.05,0.55,21,86.7119822087635,362.2138500213623,56,1.1514241354806083,4126.7041015625,26.519246045696367,0,1,5,0.0,0.0335,0.1,0.1,0.2,0.05,0.55
479,frozen_mlp_ppo_seed5,0,NOOP,0.192875,-0.064607,0.187872,0,21,86.7119822087635,362.2138500213623,56,1.1514241354806083,4126.7041015625,26.519246045696367,0,1,5,0.0,0.0335,0.1,0.1,0.2,0.05,0.55,41,127.86494828266936,321.41804695129395,57,1.1329610724198191,4133.0419921875,27.75426170435286,0,2,6,0.0,0.0335,0.15,0.1,0.2,0.05,0.5
480,frozen_mlp_ppo_seed5,0,NOOP,0.19275,-0.064611,0.187692,0,41,127.86494828266936,321.41804695129395,57,1.1329610724198191,4133.0419921875,27.75426170435286,0,2,6,0.0,0.0335,0.15,0.1,0.2,0.05,0.5,26,112.58411812195833,325.39939880371094,58,1.1147837145575161,4138.0771484375,28.901234804912807,0,3,7,0.0,0.0335,0.15,0.1,0.2,0.05,0.5
481,frozen_mlp_ppo_seed5,0,NOOP,0.192625,-0.064616,0.189791,0,26,112.58411812195833,325.39939880371094,58,1.1147837145575161,4138.0771484375,28.901234804912807,0,3,7,0.0,0.0335,0.15,0.1,0.2,0.05,0.5,38,163.49529517844266,215.4395580291748,59,1.0974987482620497,4144.1552734375,29.88447653886079,0,4,8,0.0,0.0335,0.15,0.1,0.15,0.05,0.55
482,frozen_mlp_ppo_seed5,3,COMPACT_128KB,-0.1305,-0.055,0.193035,0,38,163.49529517844266,215.4395580291748,59,1.0974987482620497,4144.1552734375,29.88447653886079,0,4,8,0.0,0.0335,0.15,0.1,0.15,0.05,0.55,26,113.93492710590488,128.2498836517334,44,1.4564479481090198,4101.357421875,11.969677117103661,0,0,9,0.0,0.0335,0.15,0.15,0.15,0.05,0.5
483,frozen_mlp_ppo_seed5,0,NOOP,0.194375,0.0,0.189862,0,26,113.93492710590488,128.2498836517334,44,1.4564479481090198,4101.357421875,11.969677117103661,0,0,9,0.0,0.0335,0.15,0.15,0.15,0.05,0.5,27,119.68401094894368,281.9197177886963,45,1.4258504231770834,4106.44921875,17.679901540535813,0,1,10,0.0,0.0335,0.15,0.2,0.1,0.05,0.5
484,frozen_mlp_ppo_seed5,0,NOOP,0.19425,0.0,0.191583,0,27,119.68401094894368,281.9197177886963,45,1.4258504231770834,4106.44921875,17.679901540535813,0,1,10,0.0,0.0335,0.15,0.2,0.1,0.05,0.5,48,214.6453350391812,190.8743381500244,46,1.3972493047299592,4113.501953125,21.44205041121043,0,2,11,0.0,0.0335,0.15,0.2,0.1,0.05,0.5
485,frozen_mlp_ppo_seed5,0,NOOP,0.194125,0.0,0.191139,0,48,214.6453350391812,190.8743381500244,46,1.3972493047299592,4113.501953125,21.44205041121043,0,2,11,0.0,0.0335,0.15,0.2,0.1,0.05,0.5,49,224.72425802063754,208.0526351928711,47,1.3698756441156914,4120.5859375,24.372510770019286,0,3,12,0.0,0.0335,0.15,0.2,0.1,0.05,0.5
486,frozen_mlp_ppo_seed5,0,NOOP,0.194,0.0,0.19144,0,49,224.72425802063754,208.0526351928711,47,1.3698756441156914,4120.5859375,24.372510770019286,0,3,12,0.0,0.0335,0.15,0.2,0.1,0.05,0.5,30,134.79457689868536,188.0176067352295,48,1.3430938720703125,4125.984375,26.87750506912316,0,4,13,0.0,0.0335,0.1,0.2,0.1,0.05,0.55
487,frozen_mlp_ppo_seed5,3,COMPACT_128KB,-0.1305,-0.063375,0.192004,0,30,134.79457689868536,188.0176067352295,48,1.3430938720703125,4125.984375,26.87750506912316,0,4,13,0.0,0.0335,0.1,0.2,0.1,0.05,0.55,33,150.6069804184421,179.82220649719238,44,1.4623260498046875,4117.91015625,12.077437952551987,0,0,14,0.0,0.0,0.1,0.15,0.1,0.05,0.6
488,frozen_mlp_ppo_seed5,0,NOOP,0.194375,0.0,0.191826,0,33,150.6069804184421,179.82220649719238,44,1.4623260498046875,4117.91015625,12.077437952551987,0,0,14,0.0,0.0,0.1,0.15,0.1,0.05,0.6,27,115.28525836469639,183.7165355682373,45,1.431596204969618,4122.9970703125,17.793456309302314,0,1,15,0.0,0.0,0.1,0.15,0.1,0.05,0.6
489,frozen_mlp_ppo_seed5,0,NOOP,0.19425,0.0,0.191827,0,27,115.28525836469639,183.7165355682373,45,1.431596204969618,4122.9970703125,17.793456309302314,0,1,15,0.0,0.0,0.1,0.15,0.1,0.05,0.6,37,160.82487320691678,178.67326736450195,46,1.4025182309358015,4129.013671875,21.65369451523456,0,2,16,0.0,0.0,0.1,0.15,0.1,0.05,0.6
490,frozen_mlp_ppo_seed5,0,NOOP,0.194125,0.0,0.191786,0,37,160.82487320691678,178.67326736450195,46,1.4025182309358015,4129.013671875,21.65369451523456,0,2,16,0.0,0.0,0.1,0.15,0.1,0.05,0.6,34,106.25603885251557,175.70948600769043,47,1.3745932071766955,4134.7763671875,24.674107573872927,0,3,17,0.0,0.0,0.1,0.15,0.05,0.05,0.65
491,frozen_mlp_ppo_seed5,0,NOOP,0.194,0.0,0.191542,0,34,106.25603885251557,175.70948600769043,47,1.3745932071766955,4134.7763671875,24.674107573872927,0,3,17,0.0,0.0,0.1,0.15,0.05,0.05,0.65,39,164.59704087711108,182.91354179382324,48,1.3479611078898113,4140.9365234375,27.116527240970278,0,4,18,0.0,0.0,0.1,0.15,0.05,0.0,0.7
492,frozen_mlp_ppo_seed5,1,COMPACT_32KB,0.561057,-0.045,0.18994,0,39,164.59704087711108,182.91354179382324,48,1.3479611078898113,4140.9365234375,27.116527240970278,0,4,18,0.0,0.0,0.1,0.15,0.05,0.0,0.7,22,96.6169432819193,218.00589561462402,57,1.1431547466077303,4170.228515625,27.916896925983938,0,0,19,0.0,0.0,0.1,0.15,0.05,0.0,0.7
493,frozen_mlp_ppo_seed5,0,NOOP,0.19275,0.0,0.183708,0,22,96.6169432819193,218.00589561462402,57,1.1431547466077303,4170.228515625,27.916896925983938,0,0,19,0.0,0.0,0.1,0.15,0.05,0.0,0.7,48,203.23948200462755,524.5978832244873,58,1.1253312209556843,4177.2294921875,29.0025932447236,0,1,20,0.0,0.0,0.1,0.15,0.1,0.0,0.65
494,frozen_mlp_ppo_seed5,4,PARTITION_HOUR,0.010807,-0.1,0.188824,0,48,203.23948200462755,524.5978832244873,58,1.1253312209556843,4177.2294921875,29.0025932447236,0,1,20,0.0,0.0,0.1,0.15,0.1,0.0,0.65,25,109.62772141417352,263.8058662414551,59,1.1075599799721927,4182.146484375,30.049449620895786,1,2,0,0.0,0.0,0.1,0.15,0.05,0.0,0.7
495,frozen_mlp_ppo_seed5,0,NOOP,0.1925,-0.049927,0.189444,0,25,109.62772141417352,263.8058662414551,59,1.1075599799721927,4182.146484375,30.049449620895786,1,2,0,0.0,0.0,0.1,0.15,0.05,0.0,0.7,34,102.58895095588367,227.77581214904785,60,1.0905891418457032,4187.8623046875,30.958779580018827,1,3,1,0.0,0.0,0.1,0.15,0.05,0.0,0.7
496,frozen_mlp_ppo_seed5,0,NOOP,0.192375,-0.049827,0.189448,0,34,102.58895095588367,227.77581214904785,60,1.0905891418457032,4187.8623046875,30.958779580018827,1,3,1,0.0,0.0,0.1,0.15,0.05,0.0,0.7,47,153.81120757522913,222.6126194000244,61,1.0744698946593239,4194.73046875,31.739439967617376,1,4,2,0.0,0.0,0.1,0.15,0.05,0.0,0.7
497,frozen_mlp_ppo_seed5,1,COMPACT_32KB,0.561557,-0.08886,0.189171,0,47,153.81120757522913,222.6126194000244,61,1.0744698946593239,4194.73046875,31.739439967617376,1,4,2,0.0,0.0,0.1,0.15,0.05,0.0,0.7,44,173.4915453725874,276.46827697753906,53,1.23098409400796,4175.498046875,22.034149279367114,1,0,3,0.0,0.0,0.1,0.1,0.05,0.05,0.7
498,frozen_mlp_ppo_seed5,0,NOOP,0.19325,-0.043865,0.186301,0,44,173.4915453725874,276.46827697753906,53,1.23098409400796,4175.498046875,22.034149279367114,1,0,3,0.0,0.0,0.1,0.1,0.05,0.05,0.7,39,155.89979127948536,414.95251655578613,54,1.209969132034867,4181.6533203125,23.958807833865624,1,1,4,0.0,0.0,0.1,0.1,0.05,0.1,0.65
499,frozen_mlp_ppo_seed5,0,NOOP,0.193125,-0.04387,0.190314,0,39,155.89979127948536,414.95251655578613,54,1.209969132034867,4181.6533203125,23.958807833865624,1,1,4,0.0,0.0,0.1,0.1,0.05,0.1,0.65,32,127.89888365311772,209.31458473205566,55,1.189544677734375,4187.197265625,25.639263237364478,1,2,5,0.0,0.0,0.05,0.1,0.05,0.1,0.7
500,frozen_mlp_ppo_seed5,0,NOOP,0.193,0.378,0.408773,1,32,127.89888365311772,209.31458473205566,55,1.189544677734375,4187.197265625,25.639263237364478,1,2,5,0.0,0.0,0.05,0.1,0.05,0.1,0.7,44,179.43459292857108,531.3591957092285,56,1.170156751360212,4193.841796875,27.048847231152156,1,3,6,0.75,0.0375,0.0,0.1,0.1,0.1,0.7
