step,policy_name,action,action_name,compact_reward,partition_reward,global_reward,done,rows_ingested,ingestion_rate_rows_per_sec,latency_ms,file_count,block_utilization,total_size_kb,file_size_skew_kb,partition_strategy,steps_since_compact,steps_since_partition_change,partition_pruning_ratio,avg_pruning_ratio,query_hist_time_range,query_hist_region_filter,query_hist_sensor_lookup,query_hist_type_filter,query_hist_full_scan,next_rows_ingested,next_ingestion_rate_rows_per_sec,next_latency_ms,next_file_count,next_block_utilization,next_total_size_kb,next_file_size_skew_kb,next_partition_strategy,next_steps_since_compact,next_steps_since_partition_change,next_partition_pruning_ratio,next_avg_pruning_ratio,next_query_hist_time_range,next_query_hist_region_filter,next_query_hist_sensor_lookup,next_query_hist_type_filter,next_query_hist_full_scan
1,RecoveryExploration,0,NOOP,0.019751,0.0,0.018289,0,0,0.0,0.0,0,0.0,0.0,0.0,0,0,0,0.0,0.0,0.0,0.0,0.0,0.0,0.0,41,246.2105023530574,74.37992095947266,1,0.0993804931640625,6.3603515625,0.0,0,1,1,0.0,0.0,1.0,0.0,0.0,0.0,0.0
2,RecoveryExploration,0,NOOP,0.018064,0.0,0.016677,0,41,246.2105023530574,74.37992095947266,1,0.0993804931640625,6.3603515625,0.0,0,1,1,0.0,0.0,1.0,0.0,0.0,0.0,0.0,30,170.0664700587391,71.83051109313965,2,0.0915679931640625,11.720703125,0.7071067811865476,0,2,2,0.0,0.0,1.0,0.0,0.0,0.0,0.0
3,RecoveryExploration,0,NOOP,0.017735,0.0,0.016108,0,30,170.0664700587391,71.83051109313965,2,0.0915679931640625,11.720703125,0.7071067811865476,0,2,2,0.0,0.0,1.0,0.0,0.0,0.0,0.0,33,188.72832437724387,85.0834846496582,3,0.09055074055989583,17.3857421875,0.5125579553105027,0,3,3,0.0,0.0,1.0,0.0,0.0,0.0,0.0
4,RecoveryExploration,0,NOOP,0.018342,0.0,0.016725,0,33,188.72832437724387,85.0834846496582,3,0.09055074055989583,17.3857421875,0.5125579553105027,0,3,3,0.0,0.0,1.0,0.0,0.0,0.0,0.0,45,215.33054202366148,85.84427833557129,4,0.09421157836914062,24.1181640625,0.628265686474852,0,4,4,0.0,0.0,1.0,0.0,0.0,0.0,0.0
5,RecoveryExploration,0,NOOP,0.018027,0.0,0.015872,0,45,215.33054202366148,85.84427833557129,4,0.09421157836914062,24.1181640625,0.628265686474852,0,4,4,0.0,0.0,1.0,0.0,0.0,0.0,0.0,34,217.70065200432938,113.99674415588379,5,0.0932586669921875,29.8427734375,0.5609233376247941,0,5,5,0.0,0.0,1.0,0.0,0.0,0.0,0.0
6,RecoveryExploration,0,NOOP,0.018348,0.0,0.014449,0,34,217.70065200432938,113.99674415588379,5,0.0932586669921875,29.8427734375,0.5609233376247941,0,5,5,0.0,0.0,1.0,0.0,0.0,0.0,0.0,46,256.59786037653544,202.44121551513672,6,0.095489501953125,36.66796875,0.6115664471560792,0,6,6,0.0,0.0,1.0,0.0,0.0,0.0,0.0
7,RecoveryExploration,0,NOOP,0.01837,0.0,0.016109,0,46,256.59786037653544,202.44121551513672,6,0.095489501953125,36.66796875,0.6115664471560792,0,6,6,0.0,0.0,1.0,0.0,0.0,0.0,0.0,42,248.25606791498788,121.79040908813477,7,0.09622628348214286,43.109375,0.5720510838550699,0,7,7,0.0,0.0,0.8571428571428571,0.0,0.14285714285714285,0.0,0.0
8,RecoveryExploration,0,NOOP,0.018418,0.0,0.016164,0,42,248.25606791498788,121.79040908813477,7,0.09622628348214286,43.109375,0.5720510838550699,0,7,7,0.0,0.0,0.8571428571428571,0.0,0.14285714285714285,0.0,0.0,44,247.70963580990116,122.6658821105957,8,0.09708786010742188,49.708984375,0.5521029582824108,0,8,8,0.0,0.0,0.875,0.0,0.125,0.0,0.0
9,RecoveryExploration,0,NOOP,0.018304,0.0,0.015723,0,44,247.70963580990116,122.6658821105957,8,0.09708786010742188,49.708984375,0.5521029582824108,0,8,8,0.0,0.0,0.875,0.0,0.125,0.0,0.0,40,239.95251641544704,140.2730941772461,9,0.09714423285590278,55.955078125,0.5165584348300807,0,9,9,0.0,0.0,0.7777777777777778,0.0,0.2222222222222222,0.0,0.0
10,RecoveryExploration,0,NOOP,0.017917,0.0,0.016225,0,40,239.95251641544704,140.2730941772461,9,0.09714423285590278,55.955078125,0.5165584348300807,0,9,9,0.0,0.0,0.7777777777777778,0.0,0.2222222222222222,0.0,0.0,30,176.7315047213471,97.10526466369629,10,0.09583740234375,61.3359375,0.5541987742059525,0,10,10,0.0,0.0,0.7,0.0,0.2,0.0,0.1
11,RecoveryExploration,0,NOOP,0.017698,0.0,0.015283,0,30,176.7315047213471,97.10526466369629,10,0.09583740234375,61.3359375,0.5541987742059525,0,10,10,0.0,0.0,0.7,0.0,0.2,0.0,0.1,35,196.4366441059897,134.52625274658203,11,0.095367431640625,67.138671875,0.5351394984832591,0,11,11,0.0,0.0,0.7272727272727273,0.0,0.18181818181818182,0.0,0.09090909090909091
12,RecoveryExploration,0,NOOP,0.017763,0.0,0.015997,0,35,196.4366441059897,134.52625274658203,11,0.095367431640625,67.138671875,0.5351394984832591,0,11,11,0.0,0.0,0.7272727272727273,0.0,0.18181818181818182,0.0,0.09090909090909091,47,263.44687089475747,103.26147079467773,12,0.0963134765625,73.96875,0.5516623478103747,0,12,12,0.0,0.0,0.6666666666666666,0.08333333333333333,0.16666666666666666,0.0,0.08333333333333333
13,RecoveryExploration,0,NOOP,0.01781,0.0,0.015629,0,47,263.44687089475747,103.26147079467773,12,0.0963134765625,73.96875,0.5516623478103747,0,12,12,0.0,0.0,0.6666666666666666,0.08333333333333333,0.16666666666666666,0.0,0.08333333333333333,47,263.21470983695644,125.31733512878418,13,0.09717618502103366,80.8505859375,0.5644475797682545,0,13,13,0.0,0.0,0.6923076923076923,0.07692307692307693,0.15384615384615385,0.0,0.07692307692307693
14,RecoveryExploration,0,NOOP,0.017595,0.0,0.014914,0,47,263.21470983695644,125.31733512878418,13,0.09717618502103366,80.8505859375,0.5644475797682545,0,13,13,0.0,0.0,0.6923076923076923,0.07692307692307693,0.15384615384615385,0.0,0.07692307692307693,35,212.13229598973447,151.52215957641602,14,0.09672328404017858,86.6640625,0.5530421834888908,0,14,14,0.0,0.0,0.7142857142857143,0.07142857142857142,0.14285714285714285,0.0,0.07142857142857142
15,RecoveryExploration,0,NOOP,0.017631,0.0,0.015903,0,35,212.13229598973447,151.52215957641602,14,0.09672328404017858,86.6640625,0.5530421834888908,0,14,14,0.0,0.0,0.7142857142857143,0.07142857142857142,0.14285714285714285,0.0,0.07142857142857142,48,278.70055483570883,105.13687133789062,15,0.0975311279296875,93.6298828125,0.569302459158737,0,15,15,0.0,0.0,0.6666666666666666,0.06666666666666667,0.13333333333333333,0.06666666666666667,0.06666666666666667
16,RecoveryExploration,0,NOOP,0.017473,0.0,0.014171,0,48,278.70055483570883,105.13687133789062,15,0.0975311279296875,93.6298828125,0.569302459158737,0,15,15,0.0,0.0,0.6666666666666666,0.06666666666666667,0.13333333333333333,0.06666666666666667,0.06666666666666667,38,227.59324860773955,185.06813049316406,16,0.09736251831054688,99.69921875,0.5516895929434202,0,16,16,0.0,0.0,0.6875,0.0625,0.125,0.0625,0.0625
17,RecoveryExploration,0,NOOP,0.017318,0.0,0.014347,0,38,227.59324860773955,185.06813049316406,16,0.09736251831054688,99.69921875,0.5516895929434202,0,16,16,0.0,0.0,0.6875,0.0625,0.125,0.0625,0.0625,38,149.02232760619637,169.79598999023438,17,0.0972128475413603,105.767578125,0.5356292272407878,0,17,17,0.0,0.0,0.7058823529411765,0.058823529411764705,0.11764705882352941,0.058823529411764705,0.058823529411764705
18,RecoveryExploration,0,NOOP,0.017044,0.0,0.013978,0,38,149.02232760619637,169.79598999023438,17,0.0972128475413603,105.767578125,0.5356292272407878,0,17,17,0.0,0.0,0.7058823529411765,0.058823529411764705,0.11764705882352941,0.058823529411764705,0.058823529411764705,30,173.5317959970046,175.77672004699707,18,0.09646775987413195,111.130859375,0.5576314115986678,0,18,18,0.0,0.0,0.7222222222222222,0.05555555555555555,0.1111111111111111,0.05555555555555555,0.05555555555555555
19,RecoveryExploration,0,NOOP,0.016982,0.0,0.013631,0,30,173.5317959970046,175.77672004699707,18,0.09646775987413195,111.130859375,0.5576314115986678,0,18,18,0.0,0.0,0.7222222222222222,0.05555555555555555,0.1111111111111111,0.05555555555555555,0.05555555555555555,43,238.51033030801153,191.33591651916504,19,0.0967864990234375,117.6923828125,0.5491667668482874,0,19,19,0.0,0.0,0.7368421052631579,0.05263157894736842,0.10526315789473684,0.05263157894736842,0.05263157894736842
20,RecoveryExploration,0,NOOP,0.016998,0.0,0.013889,0,43,238.51033030801153,191.33591651916504,19,0.0967864990234375,117.6923828125,0.5491667668482874,0,19,19,0.0,0.0,0.7368421052631579,0.05263157894736842,0.10526315789473684,0.05263157894736842,0.05263157894736842,49,260.8199395923754,180.46140670776367,20,0.097491455078125,124.7890625,0.5713339659169159,0,20,20,0.0,0.0,0.75,0.05,0.1,0.05,0.05
21,RecoveryExploration,0,NOOP,0.016909,0.0,0.012366,0,49,260.8199395923754,180.46140670776367,20,0.097491455078125,124.7890625,0.5713339659169159,0,20,20,0.0,0.0,0.75,0.05,0.1,0.05,0.05,43,251.49354097409696,253.4167766571045,21,0.09767078218005952,131.26953125,0.5593455963241099,0,21,21,0.0,0.0,0.75,0.05,0.1,0.05,0.05
22,RecoveryExploration,0,NOOP,0.016761,0.0,0.013791,0,43,251.49354097409696,253.4167766571045,21,0.09767078218005952,131.26953125,0.5593455963241099,0,21,21,0.0,0.0,0.75,0.05,0.1,0.05,0.05,38,206.17255862747862,176.008939743042,22,0.0975556807084517,137.3583984375,0.5469578403631028,0,22,22,0.0,0.0,0.75,0.05,0.1,0.05,0.05
23,RecoveryExploration,0,NOOP,0.016584,0.0,0.011886,0,38,206.17255862747862,176.008939743042,22,0.0975556807084517,137.3583984375,0.5469578403631028,0,22,22,0.0,0.0,0.75,0.05,0.1,0.05,0.05,36,202.69382944421102,263.6876106262207,23,0.09729733674422554,143.2216796875,0.5402334305301991,0,23,23,0.0,0.0,0.7,0.1,0.1,0.05,0.05
24,RecoveryExploration,0,NOOP,0.016549,0.0,0.011566,0,36,202.69382944421102,263.6876106262207,23,0.09729733674422554,143.2216796875,0.5402334305301991,0,23,23,0.0,0.0,0.7,0.1,0.1,0.05,0.05,47,243.1354626093992,279.12282943725586,24,0.09774335225423177,150.1337890625,0.5465514922257041,0,24,24,0.0,0.0,0.65,0.1,0.15,0.05,0.05
25,RecoveryExploration,0,NOOP,0.016472,0.0,0.013374,0,47,243.1354626093992,279.12282943725586,24,0.09774335225423177,150.1337890625,0.5465514922257041,0,24,24,0.0,0.0,0.65,0.1,0.15,0.05,0.05,44,248.3276024699631,186.1732006072998,25,0.09798583984375,156.77734375,0.5406413522353115,0,25,25,0.0,0.0,0.65,0.1,0.15,0.05,0.05
26,RecoveryExploration,0,NOOP,0.016295,0.0,0.01245,0,44,248.3276024699631,186.1732006072998,25,0.09798583984375,156.77734375,0.5406413522353115,0,25,25,0.0,0.0,0.65,0.1,0.15,0.05,0.05,35,187.1180253271046,224.7462272644043,26,0.09772256704477164,162.6103515625,0.5366403450899951,0,26,26,0.0,0.0,0.65,0.1,0.15,0.05,0.05
27,RecoveryExploration,0,NOOP,0.016173,0.0,0.011636,0,35,187.1180253271046,224.7462272644043,26,0.09772256704477164,162.6103515625,0.5366403450899951,0,26,26,0.0,0.0,0.65,0.1,0.15,0.05,0.05,40,214.29276124616973,260.5884075164795,27,0.09774102105034722,168.896484375,0.5262549365793885,0,27,27,0.0,0.0,0.7,0.1,0.1,0.05,0.05
28,RecoveryExploration,0,NOOP,0.016111,0.0,0.012063,0,40,214.29276124616973,260.5884075164795,27,0.09774102105034722,168.896484375,0.5262549365793885,0,27,27,0.0,0.0,0.7,0.1,0.1,0.05,0.05,46,227.83152052618837,237.42389678955078,28,0.09805515834263392,175.71484375,0.5272615404915278,0,28,28,0.0,0.0,0.7,0.1,0.1,0.05,0.05
29,RecoveryExploration,0,NOOP,0.016075,0.0,0.010487,0,46,227.83152052618837,237.42389678955078,28,0.09805515834263392,175.71484375,0.5272615404915278,0,28,28,0.0,0.0,0.7,0.1,0.1,0.05,0.05,50,254.2776044590536,315.6592845916748,29,0.09849864038927801,182.8134765625,0.5398499720491302,0,29,29,0.0,0.0,0.7,0.1,0.1,0.05,0.05
30,RecoveryExploration,0,NOOP,0.015938,0.0,0.012807,0,50,254.2776044590536,315.6592845916748,29,0.09849864038927801,182.8134765625,0.5398499720491302,0,29,29,0.0,0.0,0.7,0.1,0.1,0.05,0.05,39,219.92330682513327,194.03529167175293,30,0.09844004313151042,189.0048828125,0.5308581090015421,0,30,30,0.0,0.0,0.7,0.15,0.1,0.05,0.0
31,RecoveryExploration,0,NOOP,0.01579,0.0,0.012194,0,39,219.92330682513327,194.03529167175293,30,0.09844004313151042,189.0048828125,0.5308581090015421,0,30,30,0.0,0.0,0.7,0.15,0.1,0.05,0.0,38,205.7884317923001,218.51778030395508,31,0.09832320674773186,195.0732421875,0.5235933255859153,0,31,31,0.0,0.0,0.7,0.15,0.1,0.05,0.0
32,RecoveryExploration,0,NOOP,0.015738,0.0,0.011697,0,38,205.7884317923001,218.51778030395508,31,0.09832320674773186,195.0732421875,0.5235933255859153,0,31,31,0.0,0.0,0.7,0.15,0.1,0.05,0.0,49,273.0198719660347,242.07282066345215,32,0.09869098663330078,202.119140625,0.532010798594037,0,32,32,0.0,0.0,0.75,0.1,0.1,0.05,0.0
33,RecoveryExploration,0,NOOP,0.015635,0.0,0.011446,0,49,273.0198719660347,242.07282066345215,32,0.09869098663330078,202.119140625,0.532010798594037,0,32,32,0.0,0.0,0.75,0.1,0.1,0.05,0.0,43,224.6678932636407,250.73742866516113,33,0.09880204634232954,208.669921875,0.5252216940304025,0,33,33,0.0,0.0,0.75,0.1,0.1,0.05,0.0
34,RecoveryExploration,0,NOOP,0.015518,0.0,0.011634,0,43,224.6678932636407,250.73742866516113,33,0.09880204634232954,208.669921875,0.5252216940304025,0,33,33,0.0,0.0,0.75,0.1,0.1,0.05,0.0,41,251.0001299033023,236.7243766784668,34,0.09884060130399816,215.0771484375,0.5174026610090748,0,34,34,0.0,0.0,0.7,0.15,0.1,0.05,0.0
35,RecoveryExploration,0,NOOP,0.015442,0.0,0.011234,0,41,251.0001299033023,236.7243766784668,34,0.09884060130399816,215.0771484375,0.5174026610090748,0,34,34,0.0,0.0,0.7,0.15,0.1,0.05,0.0,46,257.1094065659931,254.16922569274902,35,0.09908578055245536,221.9521484375,0.5181212234672653,0,35,35,0.0,0.0,0.75,0.15,0.1,0.0,0.0
36,RecoveryExploration,0,NOOP,0.015287,0.0,0.011046,0,46,257.1094065659931,254.16922569274902,35,0.09908578055245536,221.9521484375,0.5181212234672653,0,35,35,0.0,0.0,0.75,0.15,0.1,0.0,0.0,37,201.95888706696857,257.0350170135498,36,0.09893374972873265,227.943359375,0.5139920416312405,0,36,36,0.0,0.0,0.75,0.15,0.1,0.0,0.0
37,RecoveryExploration,0,NOOP,0.015111,0.0,0.010639,0,37,201.95888706696857,257.0350170135498,36,0.09893374972873265,227.943359375,0.5139920416312405,0,36,36,0.0,0.0,0.75,0.15,0.1,0.0,0.0,34,204.39785004801558,269.8690891265869,37,0.09868188806482263,233.6787109375,0.5162004097524394,0,37,37,0.0,0.0,0.75,0.15,0.1,0.0,0.0
38,RecoveryExploration,0,NOOP,0.014909,0.0,0.007628,0,34,204.39785004801558,269.8690891265869,37,0.09868188806482263,233.6787109375,0.5162004097524394,0,37,37,0.0,0.0,0.75,0.15,0.1,0.0,0.0,30,168.12297661119536,411.5474224090576,38,0.09829551295230263,239.0546875,0.5315046462199399,0,38,38,0.0,0.0,0.7,0.15,0.15,0.0,0.0
39,RecoveryExploration,0,NOOP,0.014849,0.0,0.0067,0,30,168.12297661119536,411.5474224090576,38,0.09829551295230263,239.0546875,0.5315046462199399,0,38,38,0.0,0.0,0.7,0.15,0.15,0.0,0.0,49,276.2444467742499,456.18677139282227,39,0.0986179449619391,246.150390625,0.5400652017687106,0,39,39,0.0,0.0,0.65,0.15,0.15,0.05,0.0
40,RecoveryExploration,0,NOOP,0.014719,0.0,0.010459,0,49,276.2444467742499,456.18677139282227,39,0.0986179449619391,246.150390625,0.5400652017687106,0,39,39,0.0,0.0,0.65,0.15,0.15,0.05,0.0,40,202.85661775374587,262.99428939819336,40,0.09859428405761719,252.4013671875,0.5331823490237371,0,40,40,0.0,0.0,0.65,0.15,0.15,0.05,0.0
41,RecoveryExploration,0,NOOP,0.014628,0.0,0.009595,0,40,202.85661775374587,262.99428939819336,40,0.09859428405761719,252.4013671875,0.5331823490237371,0,40,40,0.0,0.0,0.65,0.15,0.15,0.05,0.0,45,239.01922222123727,302.89459228515625,41,0.09876567561451982,259.1611328125,0.531139777200051,0,41,41,0.0,0.0,0.65,0.15,0.15,0.05,0.0
42,RecoveryExploration,0,NOOP,0.014531,0.0,0.009595,0,45,239.01922222123727,302.89459228515625,41,0.09876567561451982,259.1611328125,0.531139777200051,0,41,41,0.0,0.0,0.65,0.15,0.15,0.05,0.0,45,243.98065669511803,299.32403564453125,42,0.09890638078962054,265.8603515625,0.5278585270828894,0,42,42,0.0,0.0,0.6,0.15,0.15,0.1,0.0
43,RecoveryExploration,0,NOOP,0.014348,0.0,0.009863,0,45,243.98065669511803,299.32403564453125,42,0.09890638078962054,265.8603515625,0.5278585270828894,0,42,42,0.0,0.0,0.6,0.15,0.15,0.1,0.0,32,190.79029343992676,277.9719829559326,43,0.09861436001090117,271.38671875,0.5357424586743121,0,43,43,0.0,0.0,0.6,0.1,0.15,0.15,0.0
44,RecoveryExploration,0,NOOP,0.014221,0.0,0.009451,0,32,190.79029343992676,277.9719829559326,43,0.09861436001090117,271.38671875,0.5357424586743121,0,43,43,0.0,0.0,0.6,0.1,0.15,0.15,0.0,40,221.60778159953927,293.49470138549805,44,0.09860472245649858,277.6708984375,0.5294920569479797,0,44,44,0.0,0.0,0.65,0.1,0.1,0.15,0.0
45,RecoveryExploration,0,NOOP,0.014113,0.0,0.009165,0,40,221.60778159953927,293.49470138549805,44,0.09860472245649858,277.6708984375,0.5294920569479797,0,44,44,0.0,0.0,0.65,0.1,0.1,0.15,0.0,43,236.0992963692654,303.6384582519531,45,0.09869113498263889,284.23046875,0.5247535791473249,0,45,45,0.0,0.0,0.6,0.1,0.1,0.2,0.0
46,RecoveryExploration,0,NOOP,0.013968,0.0,0.01108,0,43,236.0992963692654,303.6384582519531,45,0.09869113498263889,284.23046875,0.5247535791473249,0,45,45,0.0,0.0,0.6,0.1,0.1,0.2,0.0,38,207.56147657334552,201.89166069030762,46,0.09859035326086957,290.25,0.5207310248248387,0,46,46,0.0,0.0,0.55,0.1,0.1,0.2,0.05
47,RecoveryExploration,0,NOOP,0.013849,0.0,0.008693,0,38,207.56147657334552,201.89166069030762,46,0.09859035326086957,290.25,0.5207310248248387,0,46,46,0.0,0.0,0.55,0.1,0.1,0.2,0.05,42,224.04244782094997,316.56789779663086,47,0.09861950164145612,296.6474609375,0.515198567363565,0,47,47,0.0,0.0,0.55,0.1,0.1,0.2,0.05
48,RecoveryExploration,0,NOOP,0.013738,0.0,0.008401,0,42,224.04244782094997,316.56789779663086,47,0.09861950164145612,296.6474609375,0.515198567363565,0,47,47,0.0,0.0,0.55,0.1,0.1,0.2,0.05,43,258.7137861091746,326.83849334716797,48,0.09869066874186198,303.177734375,0.510664173276916,0,48,48,0.0,0.0,0.55,0.1,0.1,0.2,0.05
49,RecoveryExploration,0,NOOP,0.013594,0.0,0.008365,0,43,258.7137861091746,326.83849334716797,48,0.09869066874186198,303.177734375,0.510664173276916,0,48,48,0.0,0.0,0.55,0.1,0.1,0.2,0.05,37,211.95070712037094,322.6912021636963,49,0.09859264140226404,309.1865234375,0.507221511616983,0,49,49,0.0,0.0,0.6,0.1,0.05,0.2,0.05
50,RecoveryExploration,0,NOOP,0.013434,0.0,0.008479,0,37,211.95070712037094,322.6912021636963,49,0.09859264140226404,309.1865234375,0.507221511616983,0,49,49,0.0,0.0,0.6,0.1,0.05,0.2,0.05,34,186.01182283487162,310.2719783782959,50,0.0984222412109375,314.951171875,0.5079072729091242,0,50,50,0.0,0.0,0.6,0.1,0.05,0.2,0.05
51,RecoveryExploration,3,COMPACT_128KB,-0.131147,-0.055,0.191854,0,34,186.01182283487162,310.2719783782959,50,0.0984222412109375,314.951171875,0.5079072729091242,0,50,50,0.0,0.0,0.6,0.1,0.05,0.2,0.05,50,272.7750672783392,103.69873046875,3,0.9711405436197916,186.458984375,16.21275231432943,0,0,51,0.0,0.0,0.6,0.1,0.05,0.2,0.05
52,RecoveryExploration,3,COMPACT_128KB,-0.12525,-0.055,0.19823,0,50,272.7750672783392,103.69873046875,3,0.9711405436197916,186.458984375,16.21275231432943,0,0,51,0.0,0.0,0.6,0.1,0.05,0.2,0.05,45,257.40102854758226,78.51886749267578,2,1.4641494750976562,187.4111328125,32.803816054948186,0,0,52,0.0,0.0,0.6,0.1,0.05,0.2,0.05
53,RecoveryExploration,3,COMPACT_128KB,-0.12525,-0.055,0.197932,0,45,257.40102854758226,78.51886749267578,2,1.4641494750976562,187.4111328125,32.803816054948186,0,0,52,0.0,0.0,0.6,0.1,0.05,0.2,0.05,37,209.7988360224684,93.39094161987305,2,1.4893264770507812,190.6337890625,30.525053967139975,0,0,53,0.0,0.0,0.55,0.15,0.05,0.2,0.05
54,RecoveryExploration,0,NOOP,0.199625,0.0,0.197248,0,37,209.7988360224684,93.39094161987305,2,1.4893264770507812,190.6337890625,30.525053967139975,0,0,53,0.0,0.0,0.55,0.15,0.05,0.2,0.05,43,167.93493972762437,122.58505821228027,3,1.0270182291666667,197.1875,55.607466948372384,0,1,54,0.0,0.0,0.6,0.1,0.05,0.2,0.05
55,RecoveryExploration,0,NOOP,0.157844,0.0,0.15571,0,43,167.93493972762437,122.58505821228027,3,1.0270182291666667,197.1875,55.607466948372384,0,1,54,0.0,0.0,0.6,0.1,0.05,0.2,0.05,31,138.4087816260315,111.68479919433594,4,0.791717529296875,202.6796875,54.48471040935163,0,2,55,0.0,0.0,0.6,0.1,0.05,0.2,0.05
56,RecoveryExploration,0,NOOP,0.129597,0.0,0.125645,0,31,138.4087816260315,111.68479919433594,4,0.791717529296875,202.6796875,54.48471040935163,0,2,55,0.0,0.0,0.6,0.1,0.05,0.2,0.05,33,144.43165449608796,203.87625694274902,5,0.65111083984375,208.35546875,51.296513423522626,0,3,56,0.0,0.0,0.6,0.1,0.05,0.2,0.05
57,RecoveryExploration,0,NOOP,0.110609,0.0,0.109295,0,33,144.43165449608796,203.87625694274902,5,0.65111083984375,208.35546875,51.296513423522626,0,3,56,0.0,0.0,0.6,0.1,0.05,0.2,0.05,31,155.50994964777362,73.18925857543945,6,0.5567957560221354,213.8095703125,48.20453905369579,0,4,57,0.0,0.0,0.55,0.1,0.05,0.2,0.1
58,RecoveryExploration,0,NOOP,0.097695,0.0,0.09646,0,31,155.50994964777362,73.18925857543945,6,0.5567957560221354,213.8095703125,48.20453905369579,0,4,57,0.0,0.0,0.55,0.1,0.05,0.2,0.1,48,257.4614204161807,70.50180435180664,7,0.4928501674107143,220.796875,45.317092735917015,0,5,58,0.0,0.0,0.55,0.1,0.0,0.2,0.15
59,RecoveryExploration,0,NOOP,0.087948,0.0,0.084556,0,48,257.4614204161807,70.50180435180664,7,0.4928501674107143,220.796875,45.317092735917015,0,5,58,0.0,0.0,0.55,0.1,0.0,0.2,0.15,47,258.97261855810956,179.5973777770996,8,0.44474220275878906,227.7080078125,42.84973034405041,0,6,59,0.0,0.0,0.6,0.1,0.0,0.15,0.15
60,RecoveryExploration,0,NOOP,0.080248,0.0,0.07853,0,47,258.97261855810956,179.5973777770996,8,0.44474220275878906,227.7080078125,42.84973034405041,0,6,59,0.0,0.0,0.6,0.1,0.0,0.15,0.15,44,208.50610154976314,97.14937210083008,9,0.4068671332465278,234.35546875,40.73658239037313,0,7,60,0.0,0.0,0.55,0.1,0.0,0.15,0.2
61,RecoveryExploration,0,NOOP,0.074034,0.0,0.072049,0,44,208.50610154976314,97.14937210083008,9,0.4068671332465278,234.35546875,40.73658239037313,0,7,60,0.0,0.0,0.55,0.1,0.0,0.15,0.2,43,211.68833217525213,111.7095947265625,10,0.37641754150390627,240.9072265625,38.89808324753963,0,8,61,0.0,0.0,0.5,0.15,0.0,0.15,0.2
62,RecoveryExploration,0,NOOP,0.06884,0.0,0.066316,0,43,211.68833217525213,111.7095947265625,10,0.37641754150390627,240.9072265625,38.89808324753963,0,8,61,0.0,0.0,0.5,0.15,0.0,0.15,0.2,40,214.1196410156928,139.9223804473877,11,0.35107421875,247.15625,37.29200370820962,0,9,62,0.0,0.0,0.55,0.15,0.0,0.1,0.2
63,RecoveryExploration,0,NOOP,0.064316,0.0,0.059993,0,40,214.1196410156928,139.9223804473877,11,0.35107421875,247.15625,37.29200370820962,0,9,62,0.0,0.0,0.55,0.15,0.0,0.1,0.2,32,180.43266932485153,231.1253547668457,12,0.32907867431640625,252.732421875,35.889368732846805,0,10,63,0.0,0.0,0.6,0.15,0.0,0.05,0.2
64,RecoveryExploration,0,NOOP,0.060647,0.0,0.058185,0,32,180.43266932485153,231.1253547668457,12,0.32907867431640625,252.732421875,35.889368732846805,0,10,63,0.0,0.0,0.6,0.15,0.0,0.05,0.2,40,208.82794228023684,139.373779296875,13,0.3113602858323317,259.0517578125,34.60384807417338,0,11,64,0.0,0.0,0.6,0.15,0.0,0.05,0.2
65,RecoveryExploration,0,NOOP,0.057566,0.0,0.054866,0,40,208.82794228023684,139.373779296875,13,0.3113602858323317,259.0517578125,34.60384807417338,0,11,64,0.0,0.0,0.6,0.15,0.0,0.05,0.2,44,253.47368768035426,152.4958610534668,14,0.2965785435267857,265.734375,33.43420770144513,0,12,65,0.0,0.0,0.65,0.15,0.0,0.0,0.2
66,RecoveryExploration,0,NOOP,0.054851,0.0,0.053065,0,44,253.47368768035426,152.4958610534668,14,0.2965785435267857,265.734375,33.43420770144513,0,12,65,0.0,0.0,0.65,0.15,0.0,0.0,0.2,43,243.0454988323094,108.06918144226074,15,0.28363138834635415,272.2861328125,32.377448933484025,0,13,66,0.0,0.0,0.65,0.15,0.0,0.05,0.15
67,RecoveryExploration,0,NOOP,0.052327,0.0,0.049521,0,43,243.0454988323094,108.06918144226074,15,0.28363138834635415,272.2861328125,32.377448933484025,0,13,66,0.0,0.0,0.65,0.15,0.0,0.05,0.15,36,214.12437781313548,160.29953956604004,16,0.2716350555419922,278.154296875,31.42998573059954,0,14,67,0.0,0.0,0.65,0.15,0.0,0.05,0.15
68,RecoveryExploration,0,NOOP,0.050049,0.0,0.047913,0,36,214.12437781313548,160.29953956604004,16,0.2716350555419922,278.154296875,31.42998573059954,0,14,67,0.0,0.0,0.65,0.15,0.0,0.05,0.15,33,182.21004200734833,128.04317474365234,17,0.2608678481158088,283.82421875,30.564299149261675,0,15,68,0.0,0.0,0.6,0.2,0.0,0.05,0.15
69,RecoveryExploration,0,NOOP,0.048069,0.0,0.046208,0,33,182.21004200734833,128.04317474365234,17,0.2608678481158088,283.82421875,30.564299149261675,0,15,68,0.0,0.0,0.6,0.2,0.0,0.05,0.15,37,198.63435562876865,115.53812026977539,18,0.25159284803602433,289.8349609375,29.758483294075326,0,16,69,0.0,0.0,0.55,0.2,0.0,0.05,0.2
70,RecoveryExploration,0,NOOP,0.046387,0.0,0.04124,0,37,198.63435562876865,115.53812026977539,18,0.25159284803602433,289.8349609375,29.758483294075326,0,16,69,0.0,0.0,0.55,0.2,0.0,0.05,0.2,44,201.72814103418952,281.1133861541748,19,0.24381135639391446,296.474609375,29.00140534082594,0,17,70,0.0,0.0,0.6,0.15,0.0,0.05,0.2
71,RecoveryExploration,0,NOOP,0.04475,0.0,0.041843,0,44,201.72814103418952,281.1133861541748,19,0.24381135639391446,296.474609375,29.00140534082594,0,17,70,0.0,0.0,0.6,0.15,0.0,0.05,0.2,36,183.85967749202132,170.3498363494873,20,0.23624801635742188,302.3974609375,28.310779301408203,0,18,71,0.0,0.0,0.55,0.15,0.0,0.1,0.2
72,RecoveryExploration,0,NOOP,0.043308,0.0,0.038641,0,36,183.85967749202132,170.3498363494873,20,0.23624801635742188,302.3974609375,28.310779301408203,0,18,71,0.0,0.0,0.55,0.15,0.0,0.1,0.2,40,204.45308863135062,259.63592529296875,21,0.22966730026971727,308.6728515625,27.66134861493739,0,19,72,0.0,0.0,0.5,0.15,0.05,0.1,0.2
73,RecoveryExploration,0,NOOP,0.041999,0.0,0.038496,0,40,204.45308863135062,259.63592529296875,21,0.22966730026971727,308.6728515625,27.66134861493739,0,19,72,0.0,0.0,0.5,0.15,0.05,0.1,0.2,41,206.57178207712397,202.6824951171875,22,0.2237458662553267,315.0341796875,27.053171984340658,0,20,73,0.0,0.0,0.55,0.1,0.05,0.1,0.2
74,RecoveryExploration,0,NOOP,0.04081,0.0,0.037254,0,41,206.57178207712397,202.6824951171875,22,0.2237458662553267,315.0341796875,27.053171984340658,0,20,73,0.0,0.0,0.55,0.1,0.05,0.1,0.2,42,230.36253957377363,206.53772354125977,23,0.21842359459918478,321.51953125,26.481610586330866,0,21,74,0.0,0.0,0.55,0.1,0.05,0.1,0.2
75,RecoveryExploration,0,NOOP,0.039576,0.0,0.036572,0,42,230.36253957377363,206.53772354125977,23,0.21842359459918478,321.51953125,26.481610586330866,0,21,74,0.0,0.0,0.55,0.1,0.05,0.1,0.2,31,167.12178669847407,180.16600608825684,24,0.2128779093424479,326.98046875,25.95782645187187,0,22,75,0.0,0.0,0.5,0.1,0.05,0.15,0.2
76,RecoveryExploration,0,NOOP,0.038421,0.0,0.036023,0,31,167.12178669847407,180.16600608825684,24,0.2128779093424479,326.98046875,25.95782645187187,0,22,75,0.0,0.0,0.5,0.1,0.05,0.15,0.2,30,158.37024637361947,151.11923217773438,25,0.207728271484375,332.365234375,25.464660048903053,0,23,76,0.0,0.0,0.45,0.1,0.05,0.2,0.2
77,RecoveryExploration,0,NOOP,0.0374,0.0,0.03376,0,30,158.37024637361947,151.11923217773438,25,0.207728271484375,332.365234375,25.464660048903053,0,23,76,0.0,0.0,0.45,0.1,0.05,0.2,0.2,35,194.2349518185631,214.49637413024902,26,0.20325117844801682,338.2099609375,24.992910981546128,0,24,77,0.0,0.0,0.5,0.1,0.05,0.2,0.15
78,RecoveryExploration,0,NOOP,0.036527,0.0,0.03292,0,35,194.2349518185631,214.49637413024902,26,0.20325117844801682,338.2099609375,24.992910981546128,0,24,77,0.0,0.0,0.5,0.1,0.05,0.2,0.15,43,240.0295347138026,214.11848068237305,27,0.1995120578342014,344.7568359375,24.53909040448887,0,25,78,0.0,0.0,0.55,0.1,0.05,0.2,0.1
79,RecoveryExploration,0,NOOP,0.035709,0.0,0.033102,0,43,240.0295347138026,214.11848068237305,27,0.1995120578342014,344.7568359375,24.53909040448887,0,25,78,0.0,0.0,0.55,0.1,0.05,0.2,0.1,43,230.99020352437464,165.3463840484619,28,0.19604710170200892,351.31640625,24.10894881627212,0,26,79,0.0,0.0,0.5,0.1,0.05,0.2,0.15
80,RecoveryExploration,0,NOOP,0.035005,0.0,0.030543,0,43,230.99020352437464,165.3463840484619,28,0.19604710170200892,351.31640625,24.10894881627212,0,26,79,0.0,0.0,0.5,0.1,0.05,0.2,0.15,50,253.1804622109974,259.38868522644043,29,0.19315153976966595,358.4892578125,23.69554197137498,0,27,80,0.0,0.0,0.55,0.1,0.05,0.2,0.1
81,RecoveryExploration,0,NOOP,0.034165,0.0,0.030756,0,50,253.1804622109974,259.38868522644043,29,0.19315153976966595,358.4892578125,23.69554197137498,0,27,80,0.0,0.0,0.55,0.1,0.05,0.2,0.1,31,181.72919680381955,207.95226097106934,30,0.18957316080729167,363.98046875,23.317178814029603,0,28,81,0.0,0.0,0.55,0.1,0.05,0.2,0.1
82,RecoveryExploration,0,NOOP,0.033482,0.0,0.029774,0,31,181.72919680381955,207.95226097106934,30,0.18957316080729167,363.98046875,23.317178814029603,0,28,81,0.0,0.0,0.55,0.1,0.05,0.2,0.1,43,211.11494115636464,224.1837978363037,31,0.18678677466607863,370.5849609375,22.946756530657808,0,29,82,0.0,0.0,0.55,0.1,0.05,0.2,0.1
83,RecoveryExploration,0,NOOP,0.032777,0.0,0.029045,0,43,211.11494115636464,224.1837978363037,31,0.18678677466607863,370.5849609375,22.946756530657808,0,29,82,0.0,0.0,0.55,0.1,0.05,0.2,0.1,37,200.2126736178305,226.58729553222656,32,0.1838827133178711,376.591796875,22.59808485977673,0,30,83,0.0,0.0,0.55,0.1,0.05,0.2,0.1
84,RecoveryExploration,0,NOOP,0.032191,0.0,0.027842,0,37,200.2126736178305,226.58729553222656,32,0.1838827133178711,376.591796875,22.59808485977673,0,30,83,0.0,0.0,0.55,0.1,0.05,0.2,0.1,47,277.49438415768,258.7149143218994,33,0.18158190178148675,383.5009765625,22.25826672836159,0,31,84,0.0,0.0,0.55,0.1,0.05,0.2,0.1
85,RecoveryExploration,0,NOOP,0.031561,0.0,0.027306,0,47,277.49438415768,258.7149143218994,33,0.18158190178148675,383.5009765625,22.25826672836159,0,31,84,0.0,0.0,0.55,0.1,0.05,0.2,0.1,39,200.22284048916802,255.2187442779541,34,0.17905381146599264,389.62109375,21.93872065366683,0,32,85,0.0,0.0,0.55,0.1,0.05,0.2,0.1
86,RecoveryExploration,0,NOOP,0.031006,0.0,0.027587,0,39,200.22284048916802,255.2187442779541,34,0.17905381146599264,389.62109375,21.93872065366683,0,32,85,0.0,0.0,0.55,0.1,0.05,0.2,0.1,44,244.61575248593007,214.68520164489746,35,0.17690386090959823,396.2646484375,21.62900860327577,0,33,86,0.0,0.0,0.55,0.15,0.05,0.15,0.1
87,RecoveryExploration,0,NOOP,0.030473,0.0,0.025398,0,44,244.61575248593007,214.68520164489746,35,0.17690386090959823,396.2646484375,21.62900860327577,0,33,86,0.0,0.0,0.55,0.15,0.05,0.15,0.1,44,245.39639330572865,298.72679710388184,36,0.17486402723524305,402.88671875,21.332169400405846,0,34,87,0.0,0.0,0.55,0.15,0.05,0.15,0.1
88,RecoveryExploration,0,NOOP,0.029895,0.0,0.025369,0,44,245.39639330572865,298.72679710388184,36,0.17486402723524305,402.88671875,21.332169400405846,0,34,87,0.0,0.0,0.55,0.15,0.05,0.15,0.1,35,190.49333406000773,272.5715637207031,37,0.17260123587943413,408.7197265625,21.05224063500496,0,35,88,0.0,0.0,0.6,0.1,0.05,0.15,0.1
89,RecoveryExploration,0,NOOP,0.029415,0.0,0.024837,0,35,190.49333406000773,272.5715637207031,37,0.17260123587943413,408.7197265625,21.05224063500496,0,35,88,0.0,0.0,0.6,0.1,0.05,0.15,0.1,45,238.60043360365086,276.41773223876953,38,0.17082455283717105,415.4453125,20.777628877773868,0,36,89,0.0,0.0,0.65,0.1,0.05,0.15,0.05
90,RecoveryExploration,0,NOOP,0.028976,0.0,0.02454,0,45,238.60043360365086,276.41773223876953,38,0.17082455283717105,415.4453125,20.777628877773868,0,36,89,0.0,0.0,0.65,0.1,0.05,0.15,0.05,48,253.87872681440044,270.5869674682617,39,0.16925674829727563,422.46484375,20.511989870983662,0,37,90,0.0,0.0,0.65,0.1,0.05,0.15,0.05
91,RecoveryExploration,0,NOOP,0.028448,0.0,0.024514,0,48,253.87872681440044,270.5869674682617,39,0.16925674829727563,422.46484375,20.511989870983662,0,37,90,0.0,0.0,0.65,0.1,0.05,0.15,0.05,33,176.73960627779672,246.6895580291748,40,0.16723976135253907,428.1337890625,20.263761221960284,0,38,91,0.0,0.0,0.65,0.1,0.05,0.15,0.05
92,RecoveryExploration,0,NOOP,0.028027,0.0,0.023308,0,33,176.73960627779672,246.6895580291748,40,0.16723976135253907,428.1337890625,20.263761221960284,0,38,91,0.0,0.0,0.65,0.1,0.05,0.15,0.05,46,248.64103509156283,287.1830463409424,41,0.16575771424828506,434.9482421875,20.018076423659302,0,39,92,0.0,0.0,0.7,0.1,0.0,0.15,0.05
93,RecoveryExploration,0,NOOP,0.027538,0.0,0.022704,0,46,248.64103509156283,287.1830463409424,41,0.16575771424828506,434.9482421875,20.018076423659302,0,39,92,0.0,0.0,0.7,0.1,0.0,0.15,0.05,34,198.11415925392356,294.2030429840088,42,0.16394079299200148,440.6728515625,19.78680255034859,0,40,93,0.0,0.0,0.7,0.1,0.0,0.15,0.05
94,RecoveryExploration,0,NOOP,0.02705,0.0,0.021998,0,34,198.11415925392356,294.2030429840088,42,0.16394079299200148,440.6728515625,19.78680255034859,0,40,93,0.0,0.0,0.7,0.1,0.0,0.15,0.05,31,114.48213123804207,306.32805824279785,43,0.16212321436682411,446.1630859375,19.564701982831572,0,41,94,0.0,0.0,0.7,0.1,0.0,0.15,0.05
95,RecoveryExploration,0,NOOP,0.026688,0.0,0.021698,0,31,114.48213123804207,306.32805824279785,43,0.16212321436682411,446.1630859375,19.564701982831572,0,41,94,0.0,0.0,0.7,0.1,0.0,0.15,0.05,49,248.73966080443063,304.4929504394531,44,0.16094138405539773,453.2109375,19.34237531576199,0,42,95,0.0,0.0,0.75,0.1,0.0,0.1,0.05
96,RecoveryExploration,0,NOOP,0.026261,0.0,0.021586,0,49,248.73966080443063,304.4929504394531,44,0.16094138405539773,453.2109375,19.34237531576199,0,42,95,0.0,0.0,0.75,0.1,0.0,0.1,0.05,37,200.660529201233,290.02833366394043,45,0.15943094889322917,459.1611328125,19.132305031452056,0,43,96,0.0,0.0,0.8,0.1,0.0,0.05,0.05
97,RecoveryExploration,0,NOOP,0.025851,0.0,0.017446,0,37,200.660529201233,290.02833366394043,45,0.15943094889322917,459.1611328125,19.132305031452056,0,43,96,0.0,0.0,0.8,0.1,0.0,0.05,0.05,37,194.74729160784312,477.7557849884033,46,0.1580044290293818,465.1650390625,18.928660258300756,0,44,97,0.0,0.0,0.75,0.1,0.05,0.05,0.05
98,RecoveryExploration,0,NOOP,0.02549,0.0,0.019525,0,37,194.74729160784312,477.7557849884033,46,0.1580044290293818,465.1650390625,18.928660258300756,0,44,97,0.0,0.0,0.75,0.1,0.05,0.05,0.05,43,226.344975935443,356.9812774658203,47,0.15682301622755984,471.7236328125,18.728958092964426,0,45,98,0.0,0.0,0.75,0.1,0.05,0.05,0.05
99,RecoveryExploration,0,NOOP,0.025149,0.0,0.019259,0,43,226.344975935443,356.9812774658203,47,0.15682301622755984,471.7236328125,18.728958092964426,0,45,98,0.0,0.0,0.75,0.1,0.05,0.05,0.05,45,225.76617137990513,354.5074462890625,48,0.1557448705037435,478.4482421875,18.53480871704192,0,46,99,0.0,0.0,0.75,0.1,0.05,0.1,0.0
100,RecoveryExploration,0,NOOP,0.024739,0.0,0.019931,0,45,225.76617137990513,354.5074462890625,48,0.1557448705037435,478.4482421875,18.53480871704192,0,46,99,0.0,0.0,0.75,0.1,0.05,0.1,0.0,31,152.9311310513062,301.64027214050293,49,0.15431929607780612,483.9453125,18.351837839396623,0,47,100,0.0,0.0,0.7,0.1,0.05,0.15,0.0
101,RecoveryExploration,0,NOOP,0.024449,0.0,0.021177,0,31,152.9311310513062,301.64027214050293,49,0.15431929607780612,483.9453125,18.351837839396623,0,47,100,0.0,0.0,0.7,0.1,0.05,0.15,0.0,51,259.4402258812571,226.06968879699707,50,0.15349365234375,491.1796875,18.16745159263552,0,48,101,0.0,0.0,0.7,0.05,0.05,0.15,0.05
102,RecoveryExploration,0,NOOP,0.024415,0.0,0.018535,0,51,259.4402258812571,226.06968879699707,50,0.15349365234375,491.1796875,18.16745159263552,0,48,101,0.0,0.0,0.7,0.05,0.05,0.15,0.05,98,536.9894442005811,357.71775245666504,51,0.15394921396292893,502.490234375,17.986064743151267,0,49,102,0.0,0.0,0.7,0.05,0.05,0.15,0.05
103,RecoveryExploration,0,NOOP,0.024164,0.0,0.018316,0,98,536.9894442005811,357.71775245666504,51,0.15394921396292893,502.490234375,17.986064743151267,0,49,102,0.0,0.0,0.7,0.05,0.05,0.15,0.05,57,314.5728,357.42640495300293,52,0.1533206059382512,510.2509765625,17.811220620321446,0,50,103,0.0,0.0,0.7,0.05,0.05,0.15,0.05
104,RecoveryExploration,0,NOOP,0.024011,0.0,0.017784,0,57,314.5728,357.42640495300293,52,0.1533206059382512,510.2509765625,17.811220620321446,0,50,103,0.0,0.0,0.7,0.05,0.05,0.15,0.05,73,391.399744337066,377.62999534606934,53,0.15318125598835494,519.5908203125,17.639246988906976,0,51,104,0.0,0.0,0.7,0.05,0.05,0.15,0.05
105,RecoveryExploration,0,NOOP,0.023884,0.0,0.015254,0,73,391.399744337066,377.62999534606934,53,0.15318125598835494,519.5908203125,17.639246988906976,0,51,104,0.0,0.0,0.7,0.05,0.05,0.15,0.05,80,439.9127370364155,499.01390075683594,54,0.15317083288122108,529.3583984375,17.472047249134786,0,52,105,0.0,0.0,0.7,0.05,0.05,0.15,0.05
106,RecoveryExploration,0,NOOP,0.023774,0.0,0.019921,0,80,439.9127370364155,499.01390075683594,54,0.15317083288122108,529.3583984375,17.472047249134786,0,52,105,0.0,0.0,0.7,0.05,0.05,0.15,0.05,82,402.4650266919115,261.4104747772217,55,0.15324485085227274,539.421875,17.309548696207646,0,53,106,0.0,0.0,0.7,0.0,0.05,0.15,0.1
107,RecoveryExploration,0,NOOP,0.023648,0.0,0.019342,0,82,402.4650266919115,261.4104747772217,55,0.15324485085227274,539.421875,17.309548696207646,0,53,106,0.0,0.0,0.7,0.0,0.05,0.15,0.1,80,445.5667910016692,285.30144691467285,56,0.1532421112060547,549.2197265625,17.15146736488204,0,54,107,0.0,0.0,0.65,0.0,0.05,0.15,0.15
108,RecoveryExploration,0,NOOP,0.023394,0.0,0.015547,0,80,445.5667910016692,285.30144691467285,56,0.1532421112060547,549.2197265625,17.15146736488204,0,54,107,0.0,0.0,0.65,0.0,0.05,0.15,0.15,53,290.36410374302494,463.59777450561523,57,0.1525953861705044,556.66796875,17.000511665741207,0,55,108,0.0,0.0,0.6,0.05,0.05,0.15,0.15
109,RecoveryExploration,0,NOOP,0.023316,0.0,0.016643,0,53,290.36410374302494,463.59777450561523,57,0.1525953861705044,556.66796875,17.000511665741207,0,55,108,0.0,0.0,0.6,0.05,0.05,0.15,0.15,88,466.258076170481,406.13865852355957,58,0.15283045275457974,567.306640625,16.85111401000289,0,56,109,0.0,0.0,0.55,0.05,0.05,0.15,0.2
110,RecoveryExploration,0,NOOP,0.023254,0.0,0.011947,0,88,466.258076170481,406.13865852355957,58,0.15283045275457974,567.306640625,16.85111401000289,0,56,109,0.0,0.0,0.55,0.05,0.05,0.15,0.2,94,418.66166591981107,639.1139030456543,59,0.15314729334944385,578.2841796875,16.70594028236167,0,57,110,0.0,0.0,0.5,0.05,0.1,0.15,0.2
111,RecoveryExploration,0,NOOP,0.023082,0.0,0.016922,0,94,418.66166591981107,639.1139030456543,59,0.15314729334944385,578.2841796875,16.70594028236167,0,57,110,0.0,0.0,0.5,0.05,0.1,0.15,0.2,68,354.2297298807819,383.0065727233887,60,0.1529083251953125,587.16796875,16.564183121405815,0,58,111,0.0,0.0,0.55,0.05,0.1,0.1,0.2
112,RecoveryExploration,0,NOOP,0.022853,0.0,0.016635,0,68,354.2297298807819,383.0065727233887,60,0.1529083251953125,587.16796875,16.564183121405815,0,58,111,0.0,0.0,0.55,0.05,0.1,0.1,0.2,57,290.19807121571677,387.1467113494873,61,0.15238777535860656,594.921875,16.427629077804994,0,59,112,0.0,0.0,0.55,0.05,0.1,0.1,0.2
113,RecoveryExploration,0,NOOP,0.022757,0.0,0.01606,0,57,290.19807121571677,387.1467113494873,61,0.15238777535860656,594.921875,16.427629077804994,0,59,112,0.0,0.0,0.55,0.05,0.1,0.1,0.2,87,451.81292275690436,412.31584548950195,62,0.1525327620967742,605.25,16.29258378370434,0,60,113,0.0,0.0,0.55,0.05,0.1,0.1,0.2
114,RecoveryExploration,0,NOOP,0.022572,0.0,0.013717,0,87,451.81292275690436,412.31584548950195,62,0.1525327620967742,605.25,16.29258378370434,0,60,113,0.0,0.0,0.55,0.05,0.1,0.1,0.2,65,332.2524648101883,521.5048789978027,63,0.1522345164465526,613.8095703125,16.161368007256964,0,61,114,0.0,0.0,0.55,0.05,0.1,0.1,0.2
115,RecoveryExploration,0,NOOP,0.022392,0.0,0.015585,0,65,332.2524648101883,521.5048789978027,63,0.1522345164465526,613.8095703125,16.161368007256964,0,61,114,0.0,0.0,0.55,0.05,0.1,0.1,0.2,65,244.93892468635786,420.3529357910156,64,0.1519622802734375,622.4375,16.03319599858301,0,62,115,0.0,0.0,0.55,0.05,0.1,0.1,0.2
116,RecoveryExploration,0,NOOP,0.022334,0.0,0.017781,0,65,244.93892468635786,420.3529357910156,64,0.1519622802734375,622.4375,16.03319599858301,0,62,115,0.0,0.0,0.55,0.05,0.1,0.1,0.2,95,477.09513073276685,308.8805675506592,65,0.15229539137620193,633.548828125,15.908372056947387,0,63,116,0.0,0.0,0.5,0.05,0.1,0.1,0.25
117,RecoveryExploration,0,NOOP,0.022127,0.0,0.014819,0,95,477.09513073276685,308.8805675506592,65,0.15229539137620193,633.548828125,15.908372056947387,0,63,116,0.0,0.0,0.5,0.05,0.1,0.1,0.25,60,298.6102175576822,447.88551330566406,66,0.1518834431966146,641.5556640625,15.786978694862691,0,64,117,0.0,0.0,0.55,0.05,0.05,0.1,0.25
118,RecoveryExploration,0,NOOP,0.021898,0.0,0.014553,0,60,298.6102175576822,447.88551330566406,66,0.1518834431966146,641.5556640625,15.786978694862691,0,64,117,0.0,0.0,0.55,0.05,0.05,0.1,0.25,54,291.9950907084438,450.99401473999023,67,0.15136377135319495,649.0478515625,15.669288966864562,0,65,118,0.0,0.0,0.55,0.05,0.05,0.1,0.25
119,RecoveryExploration,0,NOOP,0.021714,0.0,0.01502,0,54,291.9950907084438,450.99401473999023,67,0.15136377135319495,649.0478515625,15.669288966864562,0,65,118,0.0,0.0,0.55,0.05,0.05,0.1,0.25,63,347.11800568281086,419.71302032470703,68,0.15107166065889246,657.4638671875,15.552678443870088,0,66,119,0.0,0.0,0.55,0.1,0.05,0.05,0.25
120,RecoveryExploration,0,NOOP,0.021623,0.0,0.014305,0,63,347.11800568281086,419.71302032470703,68,0.15107166065889246,657.4638671875,15.552678443870088,0,66,119,0.0,0.0,0.55,0.1,0.05,0.05,0.25,87,283.4616608988476,452.1489143371582,69,0.15124224234318387,667.8857421875,15.438163309980213,0,67,120,0.0,0.0,0.6,0.1,0.05,0.0,0.25
121,RecoveryExploration,0,NOOP,0.021432,0.0,0.013728,0,87,283.4616608988476,452.1489143371582,69,0.15124224234318387,667.8857421875,15.438163309980213,0,67,120,0.0,0.0,0.6,0.1,0.05,0.0,0.25,61,306.1030295344313,472.67746925354004,70,0.1509092058454241,676.0732421875,15.326921728638968,0,68,121,0.0,0.0,0.65,0.1,0.05,0.0,0.2
122,RecoveryExploration,0,NOOP,0.020968,0.0,0.015878,0,61,306.1030295344313,472.67746925354004,70,0.1509092058454241,676.0732421875,15.326921728638968,0,68,121,0.0,0.0,0.65,0.1,0.05,0.0,0.2,100,442.1409709740838,344.50411796569824,72,0.14984088473849827,690.466796875,15.11499782105793,0,69,122,0.0,0.0,0.6,0.1,0.05,0.0,0.25
123,RecoveryExploration,0,NOOP,0.020883,0.0,0.013042,0,100,442.1409709740838,344.50411796569824,72,0.14984088473849827,690.466796875,15.11499782105793,0,69,122,0.0,0.0,0.6,0.1,0.05,0.0,0.25,88,429.9304747305791,483.3416938781738,73,0.15004239017016266,700.998046875,15.010069978194982,0,70,123,0.0,0.0,0.6,0.1,0.05,0.0,0.25
124,RecoveryExploration,0,NOOP,0.020811,0.0,0.009067,0,88,429.9304747305791,483.3416938781738,73,0.15004239017016266,700.998046875,15.010069978194982,0,70,123,0.0,0.0,0.6,0.1,0.05,0.0,0.25,92,454.13842257393304,679.7313690185547,74,0.15030732025971283,711.85546875,14.907620315875084,0,71,124,0.0,0.0,0.55,0.1,0.05,0.05,0.25
125,RecoveryExploration,0,NOOP,0.020612,0.0,0.013464,0,92,454.13842257393304,679.7313690185547,74,0.15030732025971283,711.85546875,14.907620315875084,0,71,124,0.0,0.0,0.55,0.1,0.05,0.05,0.25,58,280.2116097880124,451.1575698852539,75,0.14993570963541666,719.69140625,14.80798303137702,0,72,125,0.0,0.0,0.55,0.1,0.05,0.05,0.25
126,RecoveryExploration,0,NOOP,0.020496,0.0,0.004825,0,58,280.2116097880124,451.1575698852539,75,0.14993570963541666,719.69140625,14.80798303137702,0,72,125,0.0,0.0,0.55,0.1,0.05,0.05,0.25,81,405.09696897431616,878.5812854766846,76,0.14998225161903783,729.513671875,14.708954787947663,0,73,126,0.0,0.0,0.55,0.1,0.1,0.05,0.2
127,RecoveryExploration,0,NOOP,0.020314,0.0,0.012667,0,81,405.09696897431616,878.5812854766846,76,0.14998225161903783,729.513671875,14.708954787947663,0,73,126,0.0,0.0,0.55,0.1,0.1,0.05,0.2,61,322.9707000258778,478.6214828491211,77,0.14969565651633523,737.7001953125,14.612751336105141,0,74,127,0.0,0.0,0.6,0.1,0.1,0.05,0.15
128,RecoveryExploration,0,NOOP,0.020212,0.0,0.015627,0,61,322.9707000258778,478.6214828491211,77,0.14969565651633523,737.7001953125,14.612751336105141,0,74,127,0.0,0.0,0.6,0.1,0.1,0.05,0.15,84,411.36903606819226,326.7548084259033,78,0.1498109866411258,747.8564453125,14.517699602939885,0,75,128,0.0,0.0,0.6,0.05,0.1,0.05,0.2
129,RecoveryExploration,0,NOOP,0.020128,0.0,0.011312,0,84,411.36903606819226,326.7548084259033,78,0.1498109866411258,747.8564453125,14.517699602939885,0,75,128,0.0,0.0,0.6,0.05,0.1,0.05,0.2,88,453.6199411557946,539.5777225494385,79,0.15001726754104036,758.4873046875,14.4248145009738,0,76,129,0.0,0.0,0.65,0.05,0.1,0.05,0.15
130,RecoveryExploration,0,NOOP,0.019979,0.0,0.010771,0,88,453.6199411557946,539.5777225494385,79,0.15001726754104036,758.4873046875,14.4248145009738,0,76,129,0.0,0.0,0.65,0.05,0.1,0.05,0.15,71,346.8607749157004,560.4345798492432,80,0.14989681243896485,767.4716796875,14.333393304377058,0,77,130,0.0,0.0,0.65,0.05,0.05,0.1,0.15
131,RecoveryExploration,0,NOOP,0.019764,0.0,0.01171,0,71,346.8607749157004,560.4345798492432,80,0.14989681243896485,767.4716796875,14.333393304377058,0,77,130,0.0,0.0,0.65,0.05,0.05,0.1,0.15,51,270.16826225996635,503.981351852417,81,0.14944721739969136,774.734375,14.245881873247457,0,78,131,0.0,0.0,0.65,0.05,0.05,0.1,0.15
132,RecoveryExploration,0,NOOP,0.01961,0.0,0.009558,0,51,270.16826225996635,503.981351852417,81,0.14944721739969136,774.734375,14.245881873247457,0,78,131,0.0,0.0,0.65,0.05,0.05,0.1,0.15,68,349.8413051984452,605.0968170166016,82,0.14930129632717226,783.533203125,14.157923801606344,0,79,132,0.0,0.0,0.6,0.05,0.05,0.15,0.15
133,RecoveryExploration,0,NOOP,0.019546,0.0,0.010568,0,68,349.8413051984452,605.0968170166016,82,0.14930129632717226,783.533203125,14.157923801606344,0,79,132,0.0,0.0,0.6,0.05,0.05,0.15,0.15,94,396.54510690983847,552.6461601257324,83,0.14960580848785768,794.7060546875,14.072450304030498,0,80,133,0.0,0.0,0.6,0.05,0.05,0.15,0.15
134,RecoveryExploration,0,NOOP,0.019406,0.0,0.010897,0,94,396.54510690983847,552.6461601257324,83,0.14960580848785768,794.7060546875,14.072450304030498,0,80,133,0.0,0.0,0.6,0.05,0.05,0.15,0.15,72,364.3317943217833,530.428409576416,84,0.1495299566359747,803.873046875,13.98749037682373,0,81,134,0.0,0.0,0.55,0.05,0.05,0.2,0.15
135,RecoveryExploration,0,NOOP,0.019261,0.0,0.007972,0,72,364.3317943217833,530.428409576416,84,0.1495299566359747,803.873046875,13.98749037682373,0,81,134,0.0,0.0,0.55,0.05,0.05,0.2,0.15,71,357.8400750778356,670.6969738006592,85,0.14942878274356616,812.892578125,13.904110382906913,0,82,135,0.0,0.0,0.55,0.05,0.05,0.2,0.15
136,RecoveryExploration,0,NOOP,0.019205,0.0,0.010578,0,71,357.8400750778356,670.6969738006592,85,0.14942878274356616,812.892578125,13.904110382906913,0,82,135,0.0,0.0,0.55,0.05,0.05,0.2,0.15,99,474.7486931825977,538.874626159668,86,0.14977654745412428,824.3701171875,13.823620514356447,0,83,136,0.0,0.0,0.6,0.05,0.05,0.2,0.1
137,RecoveryExploration,0,NOOP,0.019005,0.0,0.010483,0,99,474.7486931825977,538.874626159668,86,0.14977654745412428,824.3701171875,13.823620514356447,0,83,136,0.0,0.0,0.6,0.05,0.05,0.2,0.1,54,286.5244445793832,534.8513126373291,87,0.1493993298760776,831.85546875,13.744860309467354,0,84,137,0.0,0.0,0.6,0.05,0.05,0.2,0.1
138,RecoveryExploration,0,NOOP,0.018877,0.0,0.010017,0,54,286.5244445793832,534.8513126373291,87,0.1493993298760776,831.85546875,13.744860309467354,0,84,137,0.0,0.0,0.6,0.05,0.05,0.2,0.1,76,375.36457455076425,553.0319213867188,88,0.14938649264248935,841.3447265625,13.665640726066279,0,85,138,0.0,0.0,0.6,0.05,0.05,0.2,0.1
139,RecoveryExploration,0,NOOP,0.018736,0.0,0.009515,0,76,375.36457455076425,553.0319213867188,88,0.14938649264248935,841.3447265625,13.665640726066279,0,85,138,0.0,0.0,0.6,0.05,0.05,0.2,0.1,72,359.5892543512352,572.2975730895996,89,0.14930262190572333,850.427734375,13.587867554178262,0,86,139,0.0,0.0,0.65,0.0,0.05,0.2,0.1
140,RecoveryExploration,0,NOOP,0.018638,0.0,0.009216,0,72,359.5892543512352,572.2975730895996,89,0.14930262190572333,850.427734375,13.587867554178262,0,86,139,0.0,0.0,0.65,0.0,0.05,0.2,0.1,86,415.4603383021315,583.5583209991455,90,0.1494383070203993,860.7646484375,13.511566729686772,0,87,140,0.0,0.0,0.6,0.05,0.05,0.2,0.1
141,RecoveryExploration,0,NOOP,0.018461,0.0,0.008513,0,86,415.4603383021315,583.5583209991455,90,0.1494383070203993,860.7646484375,13.511566729686772,0,87,140,0.0,0.0,0.6,0.05,0.05,0.2,0.1,60,296.31533088737444,611.1652851104736,91,0.14918216244205013,868.8369140625,13.437202804567068,0,88,141,0.0,0.0,0.6,0.05,0.05,0.2,0.1
142,RecoveryExploration,0,NOOP,0.018267,0.0,0.012307,0,60,296.31533088737444,611.1652851104736,91,0.14918216244205013,868.8369140625,13.437202804567068,0,88,141,0.0,0.0,0.6,0.05,0.05,0.2,0.1,53,266.8696061388934,413.00225257873535,92,0.14883373094641644,876.3330078125,13.364879717432343,0,89,142,0.0,0.0,0.6,0.05,0.05,0.2,0.1
143,RecoveryExploration,0,NOOP,0.018171,0.0,8e-06,0,53,266.8696061388934,413.00225257873535,92,0.14883373094641644,876.3330078125,13.364879717432343,0,89,142,0.0,0.0,0.6,0.05,0.05,0.2,0.1,87,414.58452638072913,1024.3844985961914,93,0.1489791049752184,886.7236328125,13.292348866857127,0,90,143,0.0,0.0,0.55,0.05,0.1,0.2,0.1
144,RecoveryExploration,0,NOOP,0.017991,0.0,0.00852,0,87,414.58452638072913,1024.3844985961914,93,0.1489791049752184,886.7236328125,13.292348866857127,0,90,143,0.0,0.0,0.55,0.05,0.1,0.2,0.1,58,295.24769312738255,591.071367263794,94,0.14870534044630984,894.611328125,13.221782767351327,0,91,144,0.0,0.0,0.6,0.05,0.1,0.15,0.1
145,RecoveryExploration,0,NOOP,0.017901,0.0,-0.000898,0,58,295.24769312738255,591.071367263794,94,0.14870534044630984,894.611328125,13.221782767351327,0,91,144,0.0,0.0,0.6,0.05,0.1,0.15,0.1,88,418.56473203148033,1058.718204498291,95,0.14888241416529605,905.205078125,13.15172994939777,0,92,145,0.0,0.0,0.55,0.05,0.15,0.15,0.1
146,RecoveryExploration,0,NOOP,0.017836,0.0,0.003075,0,88,418.56473203148033,1058.718204498291,95,0.14888241416529605,905.205078125,13.15172994939777,0,92,145,0.0,0.0,0.55,0.05,0.15,0.15,0.1,96,470.3123134066858,858.0548763275146,96,0.14917898178100586,916.5556640625,13.083648922872145,0,93,146,0.0,0.0,0.55,0.05,0.1,0.2,0.1
147,RecoveryExploration,0,NOOP,0.017724,0.0,-0.002487,0,96,470.3123134066858,858.0548763275146,96,0.14917898178100586,916.5556640625,13.083648922872145,0,93,146,0.0,0.0,0.55,0.05,0.1,0.2,0.1,83,421.28354000549405,1131.831407546997,97,0.14924731697003865,926.52734375,13.015397803904124,0,94,147,0.0,0.0,0.5,0.05,0.15,0.2,0.1
148,RecoveryExploration,0,NOOP,0.017604,0.0,0.008437,0,83,421.28354000549405,1131.831407546997,97,0.14924731697003865,926.52734375,13.015397803904124,0,94,147,0.0,0.0,0.5,0.05,0.15,0.2,0.1,78,403.8181683527617,580.8601379394531,98,0.14927081672512754,936.2265625,12.94814287590789,0,95,148,0.0,0.0,0.5,0.1,0.15,0.2,0.05
149,RecoveryExploration,0,NOOP,0.017523,0.0,0.007336,0,78,403.8181683527617,580.8601379394531,98,0.14927081672512754,936.2265625,12.94814287590789,0,95,148,0.0,0.0,0.5,0.1,0.15,0.2,0.05,92,457.2553584801919,633.0893039703369,99,0.14948896928267044,947.162109375,12.882660550707941,0,96,149,0.0,0.0,0.5,0.1,0.15,0.2,0.05
150,RecoveryExploration,0,NOOP,0.017456,0.0,0.005164,0,92,457.2553584801919,633.0893039703369,99,0.14948896928267044,947.162109375,12.882660550707941,0,96,149,0.0,0.0,0.5,0.1,0.15,0.2,0.05,98,495.9319520237637,739.5715713500977,100,0.1497782897949219,958.5810546875,12.818768881100265,0,97,150,0.0,0.0,0.5,0.15,0.15,0.15,0.05
151,RecoveryExploration,0,NOOP,0.017272,0.0,0.008752,0,98,495.9319520237637,739.5715713500977,100,0.1497782897949219,958.5810546875,12.818768881100265,0,97,150,0.0,0.0,0.5,0.15,0.15,0.15,0.05,55,156.23317535288245,552.2572994232178,101,0.14948386012917697,966.263671875,12.755919805808258,0,98,151,0.0,0.0,0.45,0.2,0.15,0.15,0.05
152,RecoveryExploration,0,NOOP,0.016874,0.0,0.008709,0,55,156.23317535288245,552.2572994232178,101,0.14948386012917697,966.263671875,12.755919805808258,0,98,151,0.0,0.0,0.45,0.2,0.15,0.15,0.05,100,442.0883100675838,537.0280742645264,103,0.1487469719451608,980.5400390625,12.634732070626724,0,99,152,0.0,0.0,0.45,0.25,0.15,0.1,0.05
153,RecoveryExploration,0,NOOP,0.016799,0.0,0.008225,0,100,442.0883100675838,537.0280742645264,103,0.1487469719451608,980.5400390625,12.634732070626724,0,99,152,0.0,0.0,0.45,0.25,0.15,0.1,0.05,94,471.48483351849217,558.6981773376465,104,0.14899649986853966,991.720703125,12.574303541455308,0,100,153,0.0,0.0,0.45,0.25,0.15,0.1,0.05
154,RecoveryExploration,0,NOOP,0.016709,0.0,0.008155,0,94,471.48483351849217,558.6981773376465,104,0.14899649986853966,991.720703125,12.574303541455308,0,100,153,0.0,0.0,0.45,0.25,0.15,0.1,0.05,91,450.7351977685351,558.9134693145752,105,0.14916774204799108,1002.4072265625,12.514208037571255,0,101,154,0.0,0.0,0.45,0.25,0.15,0.1,0.05
155,RecoveryExploration,0,NOOP,0.016576,0.0,0.011668,0,91,450.7351977685351,558.9134693145752,105,0.14916774204799108,1002.4072265625,12.514208037571255,0,101,154,0.0,0.0,0.45,0.25,0.15,0.1,0.05,73,354.2002919816112,377.8994083404541,106,0.14912918378721993,1011.6923828125,12.454499921212074,0,102,155,0.0,0.0,0.4,0.25,0.15,0.1,0.1
156,RecoveryExploration,0,NOOP,0.016484,0.0,0.005784,0,73,354.2002919816112,377.8994083404541,106,0.14912918378721993,1011.6923828125,12.454499921212074,0,102,155,0.0,0.0,0.4,0.25,0.15,0.1,0.1,91,300.32462426144684,668.7800884246826,107,0.14929555732513142,1022.3759765625,12.39610240116355,0,103,156,0.0,0.0,0.35,0.25,0.15,0.15,0.1
157,RecoveryExploration,0,NOOP,0.016343,0.0,0.007873,0,91,300.32462426144684,668.7800884246826,107,0.14929555732513142,1022.3759765625,12.39610240116355,0,103,156,0.0,0.0,0.35,0.25,0.15,0.15,0.1,70,328.0406250174578,558.5322380065918,108,0.1492166872377749,1031.3857421875,12.338152226613476,0,104,157,0.0,0.0,0.3,0.3,0.15,0.15,0.1
158,RecoveryExploration,0,NOOP,0.016212,0.0,0.007409,0,70,328.0406250174578,558.5322380065918,108,0.1492166872377749,1031.3857421875,12.338152226613476,0,104,157,0.0,0.0,0.3,0.3,0.15,0.15,0.1,76,373.36807842007306,576.3778686523438,109,0.14918434073071962,1040.7099609375,12.280917329759204,0,105,158,0.0,0.0,0.25,0.35,0.15,0.15,0.1
159,RecoveryExploration,0,NOOP,0.016081,0.0,0.007188,0,76,373.36807842007306,576.3778686523438,109,0.14918434073071962,1040.7099609375,12.280917329759204,0,105,158,0.0,0.0,0.25,0.35,0.15,0.15,0.1,76,369.1972305033785,582.136869430542,110,0.1491548018022017,1050.0498046875,12.224469122814156,0,106,159,0.0,0.0,0.25,0.35,0.15,0.15,0.1
160,RecoveryExploration,0,NOOP,0.015998,0.0,0.007466,0,76,369.1972305033785,582.136869430542,110,0.1491548018022017,1050.0498046875,12.224469122814156,0,106,159,0.0,0.0,0.25,0.35,0.15,0.15,0.1,94,449.9088530344474,565.3345584869385,111,0.14936539933488174,1061.091796875,12.16960500099475,0,107,160,0.0,0.0,0.3,0.3,0.15,0.15,0.1
161,RecoveryExploration,0,NOOP,0.015823,0.0,0.0067,0,94,449.9088530344474,565.3345584869385,111,0.14936539933488174,1061.091796875,12.16960500099475,0,107,160,0.0,0.0,0.3,0.3,0.15,0.15,0.1,57,290.86712898751733,596.149206161499,112,0.14911637987409318,1068.8662109375,12.115836975150408,0,108,161,0.0,0.0,0.3,0.3,0.15,0.15,0.1
162,RecoveryExploration,0,NOOP,0.015644,0.0,0.003992,0,57,290.86712898751733,596.149206161499,112,0.14911637987409318,1068.8662109375,12.115836975150408,0,108,161,0.0,0.0,0.3,0.3,0.15,0.15,0.1,55,270.61581252177547,723.8361835479736,113,0.148844491064021,1076.443359375,12.063045414159124,0,109,162,0.0,0.0,0.35,0.3,0.15,0.15,0.05
163,RecoveryExploration,0,NOOP,0.015462,0.0,0.006745,0,55,270.61581252177547,723.8361835479736,113,0.148844491064021,1076.443359375,12.063045414159124,0,109,162,0.0,0.0,0.35,0.3,0.15,0.15,0.05,53,245.5391269866692,578.362226486206,114,0.1485591687654194,1083.8876953125,12.011133018460482,0,110,163,0.0,0.0,0.4,0.3,0.1,0.15,0.05
164,RecoveryExploration,0,NOOP,0.015335,0.0,0.006334,0,53,245.5391269866692,578.362226486206,114,0.1485591687654194,1083.8876953125,12.011133018460482,0,110,163,0.0,0.0,0.4,0.3,0.1,0.15,0.05,77,387.02671402618193,593.815803527832,115,0.14855240531589675,1093.345703125,11.958337474715998,0,111,164,0.0,0.0,0.4,0.3,0.1,0.15,0.05
165,RecoveryExploration,0,NOOP,0.01523,0.0,0.005405,0,77,387.02671402618193,593.815803527832,115,0.14855240531589675,1093.345703125,11.958337474715998,0,111,164,0.0,0.0,0.4,0.3,0.1,0.15,0.05,85,417.2630864392596,636.2247467041016,116,0.14864967609273977,1103.5751953125,11.906419969458186,0,112,165,0.0,0.0,0.4,0.3,0.05,0.2,0.05
166,RecoveryExploration,0,NOOP,0.015107,0.0,-0.006003,0,85,417.2630864392596,636.2247467041016,116,0.14864967609273977,1103.5751953125,11.906419969458186,0,112,165,0.0,0.0,0.4,0.3,0.05,0.2,0.05,76,368.52455195599447,1201.7738819122314,117,0.1486622084919204,1113.1826171875,11.854991283833751,0,113,166,0.0,0.0,0.4,0.3,0.1,0.15,0.05
167,RecoveryExploration,0,NOOP,0.014995,0.0,0.005486,0,76,368.52455195599447,1201.7738819122314,117,0.1486622084919204,1113.1826171875,11.854991283833751,0,113,166,0.0,0.0,0.4,0.3,0.1,0.15,0.05,83,397.928364780665,622.9503154754639,118,0.148723537639036,1123.16015625,11.804297212818955,0,114,167,0.0,0.0,0.45,0.3,0.05,0.15,0.05
168,RecoveryExploration,0,NOOP,0.014826,0.0,0.003476,0,83,397.928364780665,622.9503154754639,118,0.148723537639036,1123.16015625,11.804297212818955,0,114,167,0.0,0.0,0.45,0.3,0.05,0.15,0.05,58,288.0914807595291,716.2430286407471,119,0.14850251013491333,1130.9951171875,11.75518546391291,0,115,168,0.0,0.0,0.5,0.25,0.05,0.15,0.05
169,RecoveryExploration,0,NOOP,0.0147,0.0,0.004173,0,58,288.0914807595291,716.2430286407471,119,0.14850251013491333,1130.9951171875,11.75518546391291,0,115,168,0.0,0.0,0.5,0.25,0.05,0.15,0.05,77,371.0617748063757,676.3496398925781,120,0.14850018819173177,1140.4814453125,11.705689839527066,0,116,169,0.0,0.0,0.45,0.25,0.05,0.2,0.05
170,RecoveryExploration,0,NOOP,0.014536,0.0,0.003882,0,77,371.0617748063757,676.3496398925781,120,0.14850018819173177,1140.4814453125,11.705689839527066,0,116,169,0.0,0.0,0.45,0.25,0.05,0.2,0.05,60,289.44299718099916,683.9537620544434,121,0.14830685450025827,1148.48828125,11.657608670909239,0,117,170,0.0,0.0,0.5,0.2,0.05,0.2,0.05
171,RecoveryExploration,0,NOOP,0.014367,0.0,0.003628,0,60,289.44299718099916,683.9537620544434,121,0.14830685450025827,1148.48828125,11.657608670909239,0,117,170,0.0,0.0,0.5,0.2,0.05,0.2,0.05,56,290.1320262955707,689.453125,122,0.14808692306768698,1156.2626953125,11.610377760354577,0,118,171,0.0,0.0,0.5,0.15,0.05,0.25,0.05
172,RecoveryExploration,0,NOOP,0.014198,0.0,0.004079,0,56,290.1320262955707,689.453125,122,0.14808692306768698,1156.2626953125,11.610377760354577,0,118,171,0.0,0.0,0.5,0.15,0.05,0.25,0.05,56,289.58795295695774,659.6856117248535,123,0.1478626282234502,1163.974609375,11.563792294142475,0,119,172,0.0,0.0,0.55,0.1,0.05,0.25,0.05
173,RecoveryExploration,0,NOOP,0.014095,0.0,-0.00098,0,56,289.58795295695774,659.6856117248535,123,0.1478626282234502,1163.974609375,11.563792294142475,0,119,172,0.0,0.0,0.55,0.1,0.05,0.25,0.05,85,419.7929035190388,908.7615013122559,124,0.14797555246660787,1174.333984375,11.51697026035479,0,120,173,0.0,0.0,0.5,0.1,0.05,0.3,0.05
174,RecoveryExploration,0,NOOP,0.014017,0.0,0.003529,0,85,419.7929035190388,908.7615013122559,124,0.14797555246660787,1174.333984375,11.51697026035479,0,120,173,0.0,0.0,0.5,0.1,0.05,0.3,0.05,98,451.72753598341853,680.6268692016602,125,0.1482099609375,1185.6796875,11.471663119240386,0,121,174,0.0,0.0,0.55,0.1,0.05,0.25,0.05
175,RecoveryExploration,0,NOOP,0.013915,0.0,-0.011428,0,98,451.72753598341853,680.6268692016602,125,0.1482099609375,1185.6796875,11.471663119240386,0,121,174,0.0,0.0,0.55,0.1,0.05,0.25,0.05,87,416.87786164484817,1424.64280128479,126,0.14832427009703622,1196.0869140625,11.425979428271416,0,122,175,0.0,0.0,0.55,0.1,0.1,0.25,0.0
176,RecoveryExploration,0,NOOP,0.013778,0.0,-0.000462,0,87,416.87786164484817,1424.64280128479,126,0.14832427009703622,1196.0869140625,11.425979428271416,0,122,175,0.0,0.0,0.55,0.1,0.1,0.25,0.0,72,337.73698354986874,870.7547187805176,127,0.14826400636687992,1205.08984375,11.380630919157253,0,123,176,0.0,0.0,0.6,0.1,0.1,0.2,0.0
177,RecoveryExploration,0,NOOP,0.013603,0.0,-0.017033,0,72,337.73698354986874,870.7547187805176,127,0.14826400636687992,1205.08984375,11.380630919157253,0,123,176,0.0,0.0,0.6,0.1,0.1,0.2,0.0,53,237.18933268460486,1691.784381866455,128,0.14801549911499023,1212.54296875,11.33716477848635,0,124,177,0.0,0.0,0.6,0.05,0.15,0.2,0.0
178,RecoveryExploration,0,NOOP,0.013423,0.0,0.000734,0,53,237.18933268460486,1691.784381866455,128,0.14801549911499023,1212.54296875,11.33716477848635,0,124,177,0.0,0.0,0.6,0.05,0.15,0.2,0.0,50,160.1425830035134,795.6910133361816,129,0.14773772483648256,1219.72265625,11.294597103736837,0,125,178,0.0,0.0,0.65,0.0,0.15,0.2,0.0
179,RecoveryExploration,0,NOOP,0.01332,0.0,-0.011896,0,50,160.1425830035134,795.6910133361816,129,0.14773772483648256,1219.72265625,11.294597103736837,0,125,178,0.0,0.0,0.65,0.0,0.15,0.2,0.0,88,361.18447772410934,1423.2900142669678,130,0.1478510929987981,1230.12109375,11.251038561673056,0,126,179,0.0,0.0,0.6,0.0,0.2,0.2,0.0
180,RecoveryExploration,0,NOOP,0.013185,0.0,0.001306,0,88,361.18447772410934,1423.2900142669678,130,0.1478510929987981,1230.12109375,11.251038561673056,0,126,179,0.0,0.0,0.6,0.0,0.2,0.2,0.0,71,332.3396298007495,757.7142715454102,131,0.14779965932132633,1239.15234375,11.207745122689843,0,127,180,0.0,0.0,0.55,0.05,0.2,0.2,0.0
181,RecoveryExploration,0,NOOP,0.013058,0.0,0.002056,0,71,332.3396298007495,757.7142715454102,131,0.14779965932132633,1239.15234375,11.207745122689843,0,127,180,0.0,0.0,0.55,0.05,0.2,0.2,0.0,75,387.97733602038477,715.0933742523193,132,0.1477879610928622,1248.5126953125,11.16488883324308,0,128,181,0.0,0.0,0.5,0.05,0.2,0.25,0.0
182,RecoveryExploration,0,NOOP,0.012914,0.0,0.002087,0,75,387.97733602038477,715.0933742523193,132,0.1477879610928622,1248.5126953125,11.16488883324308,0,128,181,0.0,0.0,0.5,0.05,0.2,0.25,0.0,67,331.2618459627007,707.6077461242676,133,0.14769509681185386,1257.1806640625,11.12272837500378,0,129,182,0.0,0.0,0.5,0.05,0.2,0.25,0.0
183,RecoveryExploration,3,COMPACT_128KB,0.16625,-0.055,0.197327,0,67,331.2618459627007,707.6077461242676,133,0.14769509681185386,1257.1806640625,11.12272837500378,0,129,182,0.0,0.0,0.5,0.05,0.2,0.25,0.0,80,386.017675088525,83.62984657287598,10,1.4171585083007812,906.9814453125,12.198821175275723,0,0,183,0.0,0.0,0.45,0.05,0.2,0.25,0.05
184,RecoveryExploration,1,COMPACT_32KB,0.145667,-0.045,0.157207,0,80,386.017675088525,83.62984657287598,10,1.4171585083007812,906.9814453125,12.198821175275723,0,0,183,0.0,0.0,0.45,0.05,0.2,0.25,0.05,56,275.8425374396362,161.43012046813965,18,0.8111767239040799,934.4755859375,39.15839155708148,0,0,184,0.0,0.0,0.45,0.05,0.2,0.25,0.05
185,RecoveryExploration,1,COMPACT_32KB,0.184057,-0.045,0.195425,0,56,275.8425374396362,161.43012046813965,18,0.8111767239040799,934.4755859375,39.15839155708148,0,0,184,0.0,0.0,0.45,0.05,0.2,0.25,0.05,98,467.04677151236183,163.73729705810547,13,1.1165114182692308,928.9375,27.117999078372918,0,0,185,0.0,0.0,0.5,0.05,0.2,0.2,0.05
186,RecoveryExploration,0,NOOP,0.19825,0.0,0.194909,0,98,467.04677151236183,163.73729705810547,13,1.1165114182692308,928.9375,27.117999078372918,0,0,185,0.0,0.0,0.5,0.05,0.2,0.2,0.05,67,332.8055784517144,184.56220626831055,14,1.046459742954799,937.6279296875,30.98739002690997,0,1,186,0.0,0.0,0.55,0.05,0.15,0.2,0.05
187,RecoveryExploration,0,NOOP,0.19508,0.0,0.192045,0,67,332.8055784517144,184.56220626831055,14,1.046459742954799,937.6279296875,30.98739002690997,0,1,186,0.0,0.0,0.55,0.05,0.15,0.2,0.05,57,281.73210415854044,170.4719066619873,15,0.9847727457682292,945.3818359375,33.547400271181196,0,2,187,0.0,0.0,0.55,0.05,0.15,0.2,0.05
188,RecoveryExploration,0,NOOP,0.184285,0.0,0.180967,0,57,281.73210415854044,170.4719066619873,15,0.9847727457682292,945.3818359375,33.547400271181196,0,2,187,0.0,0.0,0.55,0.05,0.15,0.2,0.05,64,314.2161156125117,185.90283393859863,16,0.9314241409301758,953.7783203125,35.16987075953065,0,3,188,0.0,0.0,0.55,0.05,0.15,0.2,0.05
189,RecoveryExploration,0,NOOP,0.175197,0.0,0.172691,0,64,314.2161156125117,185.90283393859863,16,0.9314241409301758,953.7783203125,35.16987075953065,0,3,188,0.0,0.0,0.55,0.05,0.15,0.2,0.05,93,474.44915672732844,146.55399322509766,17,0.8866101433249081,964.6318359375,36.04793857528697,0,4,189,0.0,0.0,0.55,0.1,0.15,0.15,0.05
190,RecoveryExploration,0,NOOP,0.166919,0.0,0.163573,0,93,474.44915672732844,146.55399322509766,17,0.8866101433249081,964.6318359375,36.04793857528697,0,4,189,0.0,0.0,0.55,0.1,0.15,0.15,0.05,80,396.01829351052464,189.76736068725586,18,0.8458429972330729,974.4111328125,36.681717706806005,0,5,190,0.0,0.0,0.55,0.1,0.15,0.15,0.05
191,RecoveryExploration,0,NOOP,0.159532,0.0,0.156052,0,80,396.01829351052464,189.76736068725586,18,0.8458429972330729,974.4111328125,36.681717706806005,0,5,190,0.0,0.0,0.55,0.1,0.15,0.15,0.05,83,328.74445871421017,197.7682113647461,19,0.8095365825452303,984.396484375,37.05914026460681,0,6,191,0.0,0.0,0.55,0.15,0.15,0.1,0.05
192,RecoveryExploration,0,NOOP,0.15282,0.0,0.149136,0,83,328.74445871421017,197.7682113647461,19,0.8095365825452303,984.396484375,37.05914026460681,0,6,191,0.0,0.0,0.55,0.15,0.15,0.1,0.05,78,351.819300417143,209.19561386108398,20,0.7766014099121094,994.0498046875,37.282133074405415,0,7,192,0.0,0.0,0.55,0.15,0.15,0.1,0.05
193,RecoveryExploration,0,NOOP,0.146372,0.0,0.143394,0,78,351.819300417143,209.19561386108398,20,0.7766014099121094,994.0498046875,37.282133074405415,0,7,192,0.0,0.0,0.55,0.15,0.15,0.1,0.05,50,244.5595564895128,175.1699447631836,21,0.7449871244884673,1001.2626953125,37.502391754958275,0,8,193,0.0,0.0,0.55,0.15,0.15,0.1,0.05
194,RecoveryExploration,0,NOOP,0.140804,0.0,0.137765,0,50,244.5595564895128,175.1699447631836,21,0.7449871244884673,1001.2626953125,37.502391754958275,0,8,193,0.0,0.0,0.55,0.15,0.15,0.1,0.05,75,401.0561463407793,179.45289611816406,22,0.717771356756037,1010.6220703125,37.49936451121629,0,9,194,0.0,0.0,0.5,0.15,0.15,0.1,0.1
195,RecoveryExploration,0,NOOP,0.135865,0.0,0.132625,0,75,401.0561463407793,179.45289611816406,22,0.717771356756037,1010.6220703125,37.49936451121629,0,9,194,0.0,0.0,0.5,0.15,0.15,0.1,0.1,89,410.8803944877383,190.72985649108887,23,0.6937003757642664,1021.126953125,37.37471482403126,0,10,195,0.0,0.0,0.55,0.15,0.1,0.1,0.1
196,RecoveryExploration,0,NOOP,0.131293,0.0,0.12749,0,89,410.8803944877383,190.72985649108887,23,0.6937003757642664,1021.126953125,37.37471482403126,0,10,195,0.0,0.0,0.55,0.15,0.1,0.1,0.1,85,409.76712698768455,220.18051147460938,24,0.6714661916097006,1031.3720703125,37.21200507534075,0,11,196,0.0,0.0,0.55,0.15,0.1,0.1,0.1
197,RecoveryExploration,0,NOOP,0.126689,0.0,0.120347,0,85,409.76712698768455,220.18051147460938,24,0.6714661916097006,1031.3720703125,37.21200507534075,0,11,196,0.0,0.0,0.55,0.15,0.1,0.1,0.1,50,237.7769186027395,348.3145236968994,25,0.649068603515625,1038.509765625,37.126880557320966,0,12,197,0.0,0.0,0.55,0.15,0.1,0.1,0.1
198,RecoveryExploration,0,NOOP,0.122715,0.0,0.119399,0,50,237.7769186027395,348.3145236968994,25,0.649068603515625,1038.509765625,37.126880557320966,0,12,197,0.0,0.0,0.55,0.15,0.1,0.1,0.1,75,363.4280723360649,198.29392433166504,26,0.6298258854792669,1048.0302734375,36.91480221290691,0,13,198,0.0,0.0,0.55,0.15,0.1,0.1,0.1
199,RecoveryExploration,0,NOOP,0.119025,0.0,0.114705,0,75,363.4280723360649,198.29392433166504,26,0.6298258854792669,1048.0302734375,36.91480221290691,0,13,198,0.0,0.0,0.55,0.15,0.1,0.1,0.1,77,318.16977124504956,249.73082542419434,27,0.6119983814380787,1057.533203125,36.68023066329478,0,14,199,0.0,0.0,0.6,0.15,0.05,0.1,0.1
200,RecoveryExploration,0,NOOP,0.115539,0.0,0.111935,0,77,318.16977124504956,249.73082542419434,27,0.6119983814380787,1057.533203125,36.68023066329478,0,14,199,0.0,0.0,0.6,0.15,0.05,0.1,0.1,70,359.66708888981447,215.2407169342041,28,0.5951974051339286,1066.59375,36.44148102045698,0,15,200,0.0,0.0,0.6,0.15,0.05,0.1,0.1
201,RecoveryExploration,0,NOOP,0.112558,0.0,0.109023,0,70,359.66708888981447,215.2407169342041,28,0.5951974051339286,1066.59375,36.44148102045698,0,15,200,0.0,0.0,0.6,0.15,0.05,0.1,0.1,99,477.68588211203473,213.03558349609375,29,0.5809173583984375,1078.1826171875,36.12168363508432,0,16,201,0.0,0.0,0.6,0.2,0.05,0.05,0.1
202,RecoveryExploration,0,NOOP,0.109337,0.0,0.104986,0,99,477.68588211203473,213.03558349609375,29,0.5809173583984375,1078.1826171875,36.12168363508432,0,16,201,0.0,0.0,0.6,0.2,0.05,0.05,0.1,53,250.28300571839037,255.08427619934082,30,0.5654373168945312,1085.6396484375,35.905844833841634,0,17,202,0.0,0.0,0.55,0.25,0.05,0.05,0.1
203,RecoveryExploration,0,NOOP,0.106634,0.0,0.102368,0,53,250.28300571839037,255.08427619934082,30,0.5654373168945312,1085.6396484375,35.905844833841634,0,17,202,0.0,0.0,0.55,0.25,0.05,0.05,0.1,89,455.42426859917526,252.03633308410645,31,0.5525429018082157,1096.2451171875,35.600100479840265,0,18,203,0.0,0.0,0.55,0.3,0.05,0.05,0.05
204,RecoveryExploration,0,NOOP,0.103964,0.0,0.100213,0,89,455.42426859917526,252.03633308410645,31,0.5525429018082157,1096.2451171875,35.600100479840265,0,18,203,0.0,0.0,0.55,0.3,0.05,0.05,0.05,74,360.68504227070684,227.52881050109863,32,0.5398201942443848,1105.5517578125,35.32280583263911,0,19,204,0.0,0.0,0.5,0.35,0.05,0.05,0.05
205,RecoveryExploration,0,NOOP,0.101642,0.0,0.098345,0,74,360.68504227070684,227.52881050109863,32,0.5398201942443848,1105.5517578125,35.32280583263911,0,19,204,0.0,0.0,0.5,0.35,0.05,0.05,0.05,96,449.9536629056284,206.07852935791016,33,0.5288344874526515,1116.8984375,35.00032599457835,0,20,205,0.0,0.0,0.45,0.4,0.05,0.05,0.05
206,RecoveryExploration,0,NOOP,0.099337,0.0,0.095733,0,96,449.9536629056284,206.07852935791016,33,0.5288344874526515,1116.8984375,35.00032599457835,0,20,205,0.0,0.0,0.45,0.4,0.05,0.05,0.05,82,402.6280442977219,222.68342971801758,34,0.5179358089671415,1127.0283203125,34.70508406736822,0,21,206,0.0,0.0,0.4,0.4,0.05,0.05,0.1
207,RecoveryExploration,0,NOOP,0.097003,0.0,0.092819,0,82,402.6280442977219,222.68342971801758,34,0.5179358089671415,1127.0283203125,34.70508406736822,0,21,206,0.0,0.0,0.4,0.4,0.05,0.05,0.1,64,308.8873423547823,252.96735763549805,35,0.506890869140625,1135.435546875,34.445705919102004,0,22,207,0.0,0.0,0.35,0.45,0.05,0.05,0.1
208,RecoveryExploration,0,NOOP,0.094717,0.0,0.090749,0,64,308.8873423547823,252.96735763549805,35,0.506890869140625,1135.435546875,34.445705919102004,0,22,207,0.0,0.0,0.35,0.45,0.05,0.05,0.1,54,254.79533680796564,243.41297149658203,36,0.49608484903971356,1142.9794921875,34.20270330822251,0,23,208,0.0,0.0,0.3,0.5,0.05,0.05,0.1
209,RecoveryExploration,0,NOOP,0.092613,0.0,0.08483,0,54,254.79533680796564,243.41297149658203,36,0.49608484903971356,1142.9794921875,34.20270330822251,0,23,208,0.0,0.0,0.3,0.5,0.05,0.05,0.1,62,300.7747579777698,435.4128837585449,37,0.48618955869932434,1151.296875,33.94361883429983,0,24,209,0.0,0.0,0.3,0.45,0.1,0.05,0.1
210,RecoveryExploration,0,NOOP,0.090861,0.0,0.082085,0,62,300.7747579777698,435.4128837585449,37,0.48618955869932434,1151.296875,33.94361883429983,0,24,209,0.0,0.0,0.3,0.45,0.1,0.05,0.1,98,348.10774151859476,486.33527755737305,38,0.47805665668688324,1162.6337890625,33.63517126418628,0,25,210,0.0,0.0,0.25,0.45,0.15,0.05,0.1
211,RecoveryExploration,3,COMPACT_128KB,0.166125,-0.055,0.194634,0,98,348.10774151859476,486.33527755737305,38,0.47805665668688324,1162.6337890625,33.63517126418628,0,25,210,0.0,0.0,0.25,0.45,0.15,0.05,0.1,65,309.10999418356135,213.2856845855713,11,1.5465809215198865,1088.79296875,17.22494655147343,0,0,211,0.0,0.0,0.25,0.4,0.2,0.05,0.1
212,RecoveryExploration,1,COMPACT_32KB,0.183557,-0.045,0.196014,0,65,309.10999418356135,213.2856845855713,11,1.5465809215198865,1088.79296875,17.22494655147343,0,0,211,0.0,0.0,0.25,0.4,0.2,0.05,0.1,89,436.26432055797994,114.31264877319336,17,1.0242085176355697,1114.3388671875,30.569033652033816,0,0,212,0.0,0.0,0.2,0.4,0.2,0.05,0.15
213,RecoveryExploration,0,NOOP,0.192709,0.0,0.18902,0,89,436.26432055797994,114.31264877319336,17,1.0242085176355697,1114.3388671875,30.569033652033816,0,0,212,0.0,0.0,0.2,0.4,0.2,0.05,0.15,67,330.5079704843919,206.97593688964844,18,0.9747958713107638,1122.96484375,32.55014953412716,0,1,213,0.0,0.0,0.2,0.45,0.2,0.0,0.15
214,RecoveryExploration,0,NOOP,0.183973,0.0,0.181292,0,67,330.5079704843919,206.97593688964844,18,0.9747958713107638,1122.96484375,32.55014953412716,0,1,213,0.0,0.0,0.2,0.45,0.2,0.0,0.15,82,393.1650563570269,157.83047676086426,19,0.9317418148643092,1132.998046875,33.83650454363765,0,2,214,0.0,0.0,0.2,0.5,0.2,0.0,0.1
215,RecoveryExploration,0,NOOP,0.175722,0.0,0.173006,0,82,393.1650563570269,157.83047676086426,19,0.9317418148643092,1132.998046875,33.83650454363765,0,2,214,0.0,0.0,0.2,0.5,0.2,0.0,0.1,55,284.1424365969921,160.76898574829102,20,0.8911087036132812,1140.619140625,34.927133622671874,0,3,215,0.0,0.0,0.15,0.55,0.2,0.0,0.1
216,RecoveryExploration,0,NOOP,0.168836,0.0,0.164121,0,55,284.1424365969921,160.76898574829102,20,0.8911087036132812,1140.619140625,34.927133622671874,0,3,215,0.0,0.0,0.15,0.55,0.2,0.0,0.1,99,478.31647237709075,262.0046138763428,21,0.8573041643415179,1152.216796875,35.45707186406593,0,4,216,0.0,0.0,0.1,0.55,0.25,0.0,0.1
217,RecoveryExploration,0,NOOP,0.155624,0.0,0.150846,0,99,478.31647237709075,262.0046138763428,21,0.8573041643415179,1152.216796875,35.45707186406593,0,4,216,0.0,0.0,0.1,0.55,0.25,0.0,0.1,100,413.9480717379032,267.65990257263184,23,0.792495064113451,1166.552734375,36.493379735355795,0,5,217,0.0,0.0,0.1,0.6,0.2,0.0,0.1
218,RecoveryExploration,0,NOOP,0.150131,0.0,0.146912,0,100,413.9480717379032,267.65990257263184,23,0.792495064113451,1166.552734375,36.493379735355795,0,5,217,0.0,0.0,0.1,0.6,0.2,0.0,0.1,76,358.6654019818646,190.9470558166504,24,0.7656529744466146,1176.04296875,36.6700378407419,0,6,218,0.0,0.0,0.05,0.65,0.2,0.0,0.1
219,RecoveryExploration,0,NOOP,0.14528,0.0,0.143352,0,76,358.6654019818646,190.9470558166504,24,0.7656529744466146,1176.04296875,36.6700378407419,0,6,218,0.0,0.0,0.05,0.65,0.2,0.0,0.1,97,448.41116752947454,127.64596939086914,25,0.7420263671875,1187.2421875,36.6854771301498,0,7,219,0.0,0.0,0.0,0.65,0.2,0.0,0.15
220,RecoveryExploration,0,NOOP,0.140741,0.0,0.136534,0,97,448.41116752947454,127.64596939086914,25,0.7420263671875,1187.2421875,36.6854771301498,0,7,219,0.0,0.0,0.0,0.65,0.2,0.0,0.15,91,433.46317486996617,242.88272857666016,26,0.7199566180889423,1198.0078125,36.65873261683195,0,8,220,0.0,0.0,0.05,0.6,0.2,0.0,0.15
221,RecoveryExploration,0,NOOP,0.136335,0.0,0.132998,0,91,433.46317486996617,242.88272857666016,26,0.7199566180889423,1198.0078125,36.65873261683195,0,8,220,0.0,0.0,0.05,0.6,0.2,0.0,0.15,71,343.22046998159396,200.58321952819824,27,0.6985501889829282,1207.0947265625,36.64495598375727,0,9,221,0.0,0.0,0.05,0.6,0.2,0.0,0.15
222,RecoveryExploration,0,NOOP,0.132171,0.0,0.128872,0,71,343.22046998159396,200.58321952819824,27,0.6985501889829282,1207.0947265625,36.64495598375727,0,9,221,0.0,0.0,0.05,0.6,0.2,0.0,0.15,65,306.20343570822877,199.95784759521484,28,0.6783545357840401,1215.611328125,36.60457161936653,0,10,222,0.0,0.0,0.05,0.6,0.2,0.0,0.15
223,RecoveryExploration,0,NOOP,0.128237,0.0,0.12168,0,65,306.20343570822877,199.95784759521484,28,0.6783545357840401,1215.611328125,36.60457161936653,0,10,222,0.0,0.0,0.05,0.6,0.2,0.0,0.15,60,302.4236845330943,364.09783363342285,29,0.6593122811153017,1223.68359375,36.53920151658665,0,11,223,0.0,0.0,0.05,0.55,0.25,0.0,0.15
224,RecoveryExploration,0,NOOP,0.124491,0.0,0.121962,0,60,302.4236845330943,364.09783363342285,29,0.6593122811153017,1223.68359375,36.53920151658665,0,11,223,0.0,0.0,0.05,0.55,0.25,0.0,0.15,53,255.57970061394835,163.91730308532715,30,0.6412027994791667,1231.109375,36.46057822111244,0,12,224,0.0,0.0,0.05,0.5,0.25,0.0,0.2
225,RecoveryExploration,0,NOOP,0.121216,0.0,0.117859,0,53,255.57970061394835,163.91730308532715,30,0.6412027994791667,1231.109375,36.46057822111244,0,12,224,0.0,0.0,0.05,0.5,0.25,0.0,0.2,80,376.0265907017713,206.60042762756348,31,0.6254533337008569,1240.8994140625,36.2843926874467,0,13,225,0.0,0.0,0.05,0.5,0.25,0.0,0.2
226,RecoveryExploration,0,NOOP,0.117892,0.0,0.11034,0,80,376.0265907017713,206.60042762756348,31,0.6254533337008569,1240.8994140625,36.2843926874467,0,13,225,0.0,0.0,0.05,0.5,0.25,0.0,0.2,51,257.58233056495806,417.6008701324463,32,0.6094584465026855,1248.1708984375,36.16103646063159,0,14,226,0.0,0.0,0.05,0.5,0.3,0.0,0.15
227,RecoveryExploration,0,NOOP,0.115151,0.0,0.108686,0,51,257.58233056495806,417.6008701324463,32,0.6094584465026855,1248.1708984375,36.16103646063159,0,14,226,0.0,0.0,0.05,0.5,0.3,0.0,0.15,97,481.0817731730072,364.499568939209,33,0.5963805227568655,1259.5556640625,35.91483650173374,0,15,227,0.0,0.0,0.05,0.5,0.3,0.0,0.15
228,RecoveryExploration,0,NOOP,0.112499,0.0,0.107491,0,97,481.0817731730072,364.499568939209,33,0.5963805227568655,1259.5556640625,35.91483650173374,0,15,227,0.0,0.0,0.05,0.5,0.3,0.0,0.15,90,384.2982783878682,292.874813079834,34,0.5837442734662224,1270.2275390625,35.67948004061998,0,16,228,0.0,0.0,0.1,0.45,0.3,0.0,0.15
229,RecoveryExploration,0,NOOP,0.109715,0.0,0.106334,0,90,384.2982783878682,292.874813079834,34,0.5837442734662224,1270.2275390625,35.67948004061998,0,16,228,0.0,0.0,0.1,0.45,0.3,0.0,0.15,55,258.5858006140505,212.83531188964844,35,0.5704511369977678,1277.810546875,35.509381287573355,0,17,229,0.0,0.0,0.1,0.5,0.25,0.0,0.15
230,RecoveryExploration,0,NOOP,0.10725,0.0,0.103016,0,55,258.5858006140505,212.83531188964844,35,0.5704511369977678,1277.810546875,35.509381287573355,0,17,229,0.0,0.0,0.1,0.5,0.25,0.0,0.15,77,370.93647729034706,256.7098140716553,36,0.5587518480088975,1287.3642578125,35.28558887186587,0,18,230,0.0,0.0,0.1,0.55,0.2,0.0,0.15
231,RecoveryExploration,0,NOOP,0.10505,0.0,0.100656,0,77,370.93647729034706,256.7098140716553,36,0.5587518480088975,1287.3642578125,35.28558887186587,0,18,230,0.0,0.0,0.1,0.55,0.2,0.0,0.15,96,464.4720978653947,265.95258712768555,37,0.548374485325169,1298.55078125,35.025819187633736,0,19,231,0.0,0.0,0.1,0.6,0.15,0.0,0.15
232,RecoveryExploration,0,NOOP,0.102703,0.0,0.098371,0,96,464.4720978653947,265.95258712768555,37,0.548374485325169,1298.55078125,35.025819187633736,0,19,231,0.0,0.0,0.1,0.6,0.15,0.0,0.15,60,264.07061519670594,264.1026973724365,38,0.5372631675318668,1306.6240234375,34.826248059262106,0,20,232,0.0,0.0,0.1,0.65,0.15,0.0,0.1
233,RecoveryExploration,0,NOOP,0.100413,0.0,0.09664,0,60,264.07061519670594,264.1026973724365,38,0.5372631675318668,1306.6240234375,34.826248059262106,0,20,232,0.0,0.0,0.1,0.65,0.15,0.0,0.1,53,241.3269861879023,237.43867874145508,39,0.5264419164413061,1313.9990234375,34.6360495039273,0,21,233,0.0,0.0,0.1,0.65,0.15,0.0,0.1
234,RecoveryExploration,0,NOOP,0.09834,0.0,0.093394,0,53,241.3269861879023,237.43867874145508,39,0.5264419164413061,1313.9990234375,34.6360495039273,0,21,233,0.0,0.0,0.1,0.65,0.15,0.0,0.1,68,264.97346852697274,297.2912788391113,40,0.5167015075683594,1322.755859375,34.415693069741444,0,22,234,0.0,0.0,0.15,0.6,0.15,0.0,0.1
235,RecoveryExploration,0,NOOP,0.096405,0.0,0.093143,0,68,264.97346852697274,297.2912788391113,40,0.5167015075683594,1322.755859375,34.415693069741444,0,22,234,0.0,0.0,0.15,0.6,0.15,0.0,0.1,73,352.747171367709,214.35260772705078,41,0.5076506079697027,1332.0751953125,34.18458781479294,0,23,235,0.0,0.0,0.15,0.55,0.15,0.0,0.15
236,RecoveryExploration,0,NOOP,0.094635,0.0,0.089991,0,73,352.747171367709,214.35260772705078,41,0.5076506079697027,1332.0751953125,34.18458781479294,0,23,235,0.0,0.0,0.15,0.55,0.15,0.0,0.15,87,415.2993647101134,284.6848964691162,42,0.49942488897414433,1342.4541015625,33.937060163557874,0,24,236,0.0,0.0,0.15,0.6,0.1,0.0,0.15
237,RecoveryExploration,0,NOOP,0.092755,0.0,0.088184,0,87,415.2993647101134,284.6848964691162,42,0.49942488897414433,1342.4541015625,33.937060163557874,0,24,236,0.0,0.0,0.15,0.6,0.1,0.0,0.15,57,247.84841846853058,282.2763919830322,43,0.4906495560047238,1350.267578125,33.73225528507296,0,25,237,0.0,0.0,0.15,0.6,0.1,0.0,0.15
238,RecoveryExploration,0,NOOP,0.091051,0.0,0.086815,0,57,247.84841846853058,282.2763919830322,43,0.4906495560047238,1350.267578125,33.73225528507296,0,25,237,0.0,0.0,0.15,0.6,0.1,0.0,0.15,72,344.16920015590705,266.8132781982422,44,0.48275687477805396,1359.443359375,33.50567142721762,0,26,238,0.0,0.0,0.15,0.6,0.1,0.0,0.15
239,RecoveryExploration,0,NOOP,0.089558,0.0,0.08379,0,72,344.16920015590705,266.8132781982422,44,0.48275687477805396,1359.443359375,33.50567142721762,0,26,238,0.0,0.0,0.15,0.6,0.1,0.0,0.15,96,454.36285775220523,344.64454650878906,45,0.4759151882595486,1370.6357421875,33.25272130324365,0,27,239,0.0,0.0,0.15,0.6,0.1,0.05,0.1
240,RecoveryExploration,0,NOOP,0.087909,0.0,0.082976,0,96,454.36285775220523,344.64454650878906,45,0.4759151882595486,1370.6357421875,33.25272130324365,0,27,239,0.0,0.0,0.15,0.6,0.1,0.05,0.1,60,308.19055876615147,304.13818359375,46,0.4682928997537364,1378.654296875,33.047212154723866,0,28,240,0.0,0.0,0.1,0.65,0.1,0.05,0.1
241,RecoveryExploration,0,NOOP,0.086316,0.0,0.076648,0,60,308.19055876615147,304.13818359375,46,0.4682928997537364,1378.654296875,33.047212154723866,0,28,240,0.0,0.0,0.1,0.65,0.1,0.05,0.1,58,273.8643926217374,542.1795845031738,47,0.46095568068484044,1386.5546875,32.84418323530049,0,29,241,0.0,0.0,0.1,0.65,0.1,0.05,0.1
242,RecoveryExploration,0,NOOP,0.085012,0.0,0.079478,0,58,273.8643926217374,542.1795845031738,47,0.46095568068484044,1386.5546875,32.84418323530049,0,29,241,0.0,0.0,0.1,0.65,0.1,0.05,0.1,98,419.57982179367957,336.702823638916,48,0.4550587336222331,1397.9404296875,32.59793387859076,0,30,242,0.0,0.0,0.1,0.6,0.1,0.1,0.1
243,RecoveryExploration,0,NOOP,0.083695,0.0,0.076524,0,98,419.57982179367957,336.702823638916,48,0.4550587336222331,1397.9404296875,32.59793387859076,0,30,242,0.0,0.0,0.1,0.6,0.1,0.1,0.1,87,345.9410001924504,419.8002815246582,49,0.4491016621492347,1408.3828125,32.36679763208505,0,31,243,0.0,0.0,0.1,0.65,0.05,0.1,0.1
244,RecoveryExploration,0,NOOP,0.082354,0.0,0.073368,0,87,345.9410001924504,419.8002815246582,49,0.4491016621492347,1408.3828125,32.36679763208505,0,31,243,0.0,0.0,0.1,0.65,0.05,0.1,0.1,75,276.22939735337764,511.80386543273926,50,0.44301910400390626,1417.6611328125,32.152867558121834,0,32,244,0.0,0.0,0.15,0.65,0.05,0.1,0.05
245,RecoveryExploration,0,NOOP,0.081133,0.0,0.076781,0,75,276.22939735337764,511.80386543273926,50,0.44301910400390626,1417.6611328125,32.152867558121834,0,32,244,0.0,0.0,0.15,0.65,0.05,0.1,0.05,86,383.24453968918436,281.3589572906494,51,0.43754128848805146,1428.134765625,31.928028195057188,0,33,245,0.0,0.0,0.15,0.6,0.05,0.1,0.1
246,RecoveryExploration,0,NOOP,0.080004,0.0,0.073849,0,86,383.24453968918436,281.3589572906494,51,0.43754128848805146,1428.134765625,31.928028195057188,0,33,245,0.0,0.0,0.15,0.6,0.05,0.1,0.1,95,401.9583292141383,372.7290630340576,52,0.4325203528771034,1439.427734375,31.6982689365574,0,34,246,0.0,0.0,0.15,0.65,0.0,0.1,0.1
247,RecoveryExploration,0,NOOP,0.078854,0.0,0.071725,0,95,401.9583292141383,372.7290630340576,52,0.4325203528771034,1439.427734375,31.6982689365574,0,34,246,0.0,0.0,0.15,0.65,0.0,0.1,0.1,84,345.4938858282619,422.6677417755127,53,0.42739349941037735,1449.71875,31.48275136294732,0,35,247,0.0,0.0,0.2,0.6,0.0,0.1,0.1
248,RecoveryExploration,0,NOOP,0.077636,0.0,0.071047,0,84,345.4938858282619,422.6677417755127,53,0.42739349941037735,1449.71875,31.48275136294732,0,35,247,0.0,0.0,0.2,0.6,0.0,0.1,0.1,66,315.2085900538017,396.9559669494629,54,0.42192953604239003,1458.1884765625,31.29002809201194,0,36,248,0.0,0.0,0.2,0.6,0.0,0.1,0.1
249,RecoveryExploration,0,NOOP,0.075173,0.0,0.068771,0,66,315.2085900538017,396.9559669494629,54,0.42192953604239003,1458.1884765625,31.29002809201194,0,36,248,0.0,0.0,0.2,0.6,0.0,0.1,0.1,100,454.7898565574881,390.08378982543945,56,0.4108655112130301,1472.5419921875,30.939416047755504,0,37,249,0.0,0.0,0.2,0.6,0.0,0.1,0.1
250,RecoveryExploration,0,NOOP,0.074207,0.0,0.070138,0,100,454.7898565574881,390.08378982543945,56,0.4108655112130301,1472.5419921875,30.939416047755504,0,37,249,0.0,0.0,0.2,0.6,0.0,0.1,0.1,92,417.42855782919304,274.6996879577637,57,0.4066617196066338,1483.501953125,30.729133506148692,0,38,250,0.0,0.0,0.2,0.55,0.0,0.1,0.15
251,RecoveryExploration,0,NOOP,0.073212,0.0,0.068957,0,92,417.42855782919304,274.6996879577637,57,0.4066617196066338,1483.501953125,30.729133506148692,0,38,250,0.0,0.0,0.2,0.55,0.0,0.1,0.15,82,384.38309904488995,285.2592468261719,58,0.4023087600181843,1493.3701171875,30.532193436117673,0,39,251,0.0,0.0,0.2,0.5,0.0,0.1,0.2
252,RecoveryExploration,0,NOOP,0.072121,0.0,0.065575,0,82,384.38309904488995,285.2592468261719,58,0.4023087600181843,1493.3701171875,30.532193436117673,0,39,251,0.0,0.0,0.2,0.5,0.0,0.1,0.2,54,258.697100667952,401.0357856750488,59,0.3974798170186706,1500.8837890625,30.360788106588057,0,40,252,0.0,0.0,0.2,0.45,0.0,0.15,0.2
253,RecoveryExploration,0,NOOP,0.071045,0.0,0.0594,0,54,258.697100667952,401.0357856750488,59,0.3974798170186706,1500.8837890625,30.360788106588057,0,40,252,0.0,0.0,0.2,0.45,0.0,0.15,0.2,50,234.10887673838639,657.2346687316895,60,0.39272384643554686,1508.0595703125,30.19458587508929,0,41,253,0.0,0.0,0.2,0.45,0.0,0.15,0.2
254,RecoveryExploration,0,NOOP,0.070147,0.0,0.06582,0,50,234.10887673838639,657.2346687316895,60,0.39272384643554686,1508.0595703125,30.19458587508929,0,41,253,0.0,0.0,0.2,0.45,0.0,0.15,0.2,84,357.6650518750127,292.5984859466553,61,0.38886048363857584,1518.111328125,30.004117100406045,0,42,254,0.0,0.0,0.15,0.45,0.0,0.15,0.25
255,RecoveryExploration,0,NOOP,0.069344,0.0,0.065271,0,84,357.6650518750127,292.5984859466553,61,0.38886048363857584,1518.111328125,30.004117100406045,0,42,254,0.0,0.0,0.15,0.45,0.0,0.15,0.25,99,455.7564944045168,281.1446189880371,62,0.38546875984438006,1529.5400390625,29.80621252830805,0,43,255,0.0,0.0,0.15,0.45,0.0,0.15,0.25
256,RecoveryExploration,0,NOOP,0.068358,0.0,0.061854,0,99,455.7564944045168,281.1446189880371,62,0.38546875984438006,1529.5400390625,29.80621252830805,0,43,255,0.0,0.0,0.15,0.45,0.0,0.15,0.25,52,197.63334173026283,403.96952629089355,63,0.3811674572172619,1536.8671875,29.64549384940325,0,44,256,0.0,0.0,0.15,0.45,0.0,0.15,0.25
257,RecoveryExploration,0,NOOP,0.066451,0.0,0.059949,0,52,197.63334173026283,403.96952629089355,63,0.3811674572172619,1536.8671875,29.64549384940325,0,44,256,0.0,0.0,0.15,0.45,0.0,0.15,0.25,100,402.9094989068246,406.3289165496826,65,0.3728790283203125,1551.1767578125,29.332461078241323,0,45,257,0.0,0.0,0.15,0.4,0.0,0.2,0.25
258,RecoveryExploration,0,NOOP,0.065651,0.0,0.056591,0,100,402.9094989068246,406.3289165496826,65,0.3728790283203125,1551.1767578125,29.332461078241323,0,45,257,0.0,0.0,0.15,0.4,0.0,0.2,0.25,76,352.70548376424716,535.4950428009033,66,0.3695059111624053,1560.79296875,29.158743363384694,0,46,258,0.0,0.0,0.15,0.35,0.0,0.25,0.25
259,RecoveryExploration,0,NOOP,0.06491,0.0,0.058079,0,76,352.70548376424716,535.4950428009033,66,0.3695059111624053,1560.79296875,29.158743363384694,0,46,258,0.0,0.0,0.15,0.35,0.0,0.25,0.25,86,389.08536122329224,425.3041744232178,67,0.36642661023495804,1571.2373046875,28.98192879730019,0,47,259,0.0,0.0,0.15,0.4,0.0,0.2,0.25
260,RecoveryExploration,0,NOOP,0.064129,0.0,0.054713,0,86,389.08536122329224,425.3041744232178,67,0.36642661023495804,1571.2373046875,28.98192879730019,0,47,259,0.0,0.0,0.15,0.4,0.0,0.2,0.25,74,313.3762532384793,555.8261871337891,68,0.3631468380198759,1580.4150390625,28.816864789793524,0,48,260,0.0,0.0,0.2,0.35,0.0,0.2,0.25
261,RecoveryExploration,0,NOOP,0.063352,0.0,0.055953,0,74,313.3762532384793,555.8261871337891,68,0.3631468380198759,1580.4150390625,28.816864789793524,0,48,260,0.0,0.0,0.2,0.35,0.0,0.2,0.25,68,318.2949789300764,456.21418952941895,69,0.3598853954370471,1589.25390625,28.65669264365513,0,49,261,0.0,0.0,0.2,0.35,0.0,0.2,0.25
262,RecoveryExploration,0,NOOP,0.062564,0.0,0.055016,0,68,318.2949789300764,456.21418952941895,69,0.3598853954370471,1589.25390625,28.65669264365513,0,49,261,0.0,0.0,0.2,0.35,0.0,0.2,0.25,61,299.1374311499694,464.86854553222656,70,0.35656934465680806,1597.4306640625,28.50363704778523,0,50,262,0.0,0.0,0.2,0.4,0.0,0.15,0.25
263,RecoveryExploration,0,NOOP,0.061864,0.0,0.05506,0,61,299.1374311499694,464.86854553222656,70,0.35656934465680806,1597.4306640625,28.50363704778523,0,50,262,0.0,0.0,0.2,0.4,0.0,0.15,0.25,79,374.17933053127024,428.9560317993164,71,0.35369400239326587,1607.185546875,28.341756122419465,0,51,263,0.0,0.0,0.2,0.4,0.0,0.15,0.25
264,RecoveryExploration,0,NOOP,0.061098,0.0,0.053384,0,79,374.17933053127024,428.9560317993164,71,0.35369400239326587,1607.185546875,28.341756122419465,0,51,263,0.0,0.0,0.2,0.4,0.0,0.15,0.25,57,269.33573668841706,475.69990158081055,72,0.35048823886447483,1615.0498046875,28.195256239268353,0,52,264,0.0,0.0,0.15,0.4,0.0,0.2,0.25
265,RecoveryExploration,0,NOOP,0.060318,0.0,0.051607,0,57,269.33573668841706,475.69990158081055,72,0.35048823886447483,1615.0498046875,28.195256239268353,0,52,264,0.0,0.0,0.15,0.4,0.0,0.2,0.25,50,231.2292300194717,526.8056392669678,73,0.3472149992642337,1622.1884765625,28.055922563530814,0,53,265,0.0,0.0,0.15,0.45,0.0,0.2,0.2
266,RecoveryExploration,0,NOOP,0.059585,0.0,0.054617,0,50,231.2292300194717,526.8056392669678,73,0.3472149992642337,1622.1884765625,28.055922563530814,0,53,265,0.0,0.0,0.15,0.45,0.0,0.2,0.2,58,238.69223108449268,340.91758728027344,74,0.3441774522936022,1630.0244140625,27.913236459658886,0,54,266,0.0,0.0,0.15,0.4,0.0,0.2,0.25
267,RecoveryExploration,0,NOOP,0.058853,0.0,0.053761,0,58,238.69223108449268,340.91758728027344,74,0.3441774522936022,1630.0244140625,27.913236459658886,0,54,266,0.0,0.0,0.15,0.4,0.0,0.2,0.25,53,243.8837773672177,348.3560085296631,75,0.34113993326822917,1637.4716796875,27.775062911379923,0,55,267,0.0,0.0,0.1,0.4,0.0,0.2,0.3
268,RecoveryExploration,0,NOOP,0.058165,0.0,0.049844,0,53,243.8837773672177,348.3560085296631,75,0.34113993326822917,1637.4716796875,27.775062911379923,0,55,267,0.0,0.0,0.1,0.4,0.0,0.2,0.3,61,286.77233742069984,511.04068756103516,76,0.3383242958470395,1645.609375,27.633963914277285,0,56,268,0.0,0.0,0.05,0.45,0.0,0.2,0.3
269,RecoveryExploration,0,NOOP,0.0575,0.0,0.041157,0,61,286.77233742069984,511.04068756103516,76,0.3383242958470395,1645.609375,27.633963914277285,0,56,268,0.0,0.0,0.05,0.45,0.0,0.2,0.3,63,285.7887677197673,913.3965969085693,77,0.33562439757508117,1653.95703125,27.49340201655483,0,57,269,0.0,0.0,0.05,0.4,0.05,0.2,0.3
270,RecoveryExploration,0,NOOP,0.056974,0.0,0.046517,0,63,285.7887677197673,913.3965969085693,77,0.33562439757508117,1653.95703125,27.49340201655483,0,57,269,0.0,0.0,0.05,0.4,0.05,0.2,0.3,99,455.47303980984117,620.3303337097168,78,0.3336189465645032,1665.42578125,27.3378010413311,0,58,270,0.0,0.0,0.05,0.45,0.05,0.2,0.25
271,RecoveryExploration,0,NOOP,0.056374,0.0,0.047774,0,99,455.47303980984117,620.3303337097168,78,0.3336189465645032,1665.42578125,27.3378010413311,0,58,270,0.0,0.0,0.05,0.45,0.05,0.2,0.25,75,302.5701449211239,528.7673473358154,79,0.3312445531917524,1674.7724609375,27.195554240453312,0,59,271,0.0,0.0,0.05,0.5,0.05,0.2,0.2
272,RecoveryExploration,0,NOOP,0.055863,0.0,0.047625,0,75,302.5701449211239,528.7673473358154,79,0.3312445531917524,1674.7724609375,27.195554240453312,0,59,271,0.0,0.0,0.05,0.5,0.05,0.2,0.2,97,448.11828589429257,511.89184188842773,80,0.3293157577514648,1686.0966796875,27.045428826592197,0,60,272,0.0,0.0,0.05,0.5,0.05,0.2,0.2
273,RecoveryExploration,0,NOOP,0.05533,0.0,0.050652,0,97,448.11828589429257,511.89184188842773,80,0.3293157577514648,1686.0966796875,27.045428826592197,0,60,272,0.0,0.0,0.05,0.5,0.05,0.2,0.2,89,415.52632012484946,335.1442813873291,81,0.32727615921585645,1696.599609375,26.90152794495992,0,61,273,0.0,0.0,0.05,0.45,0.05,0.2,0.25
274,RecoveryExploration,0,NOOP,0.054774,0.0,0.047168,0,89,415.52632012484946,335.1442813873291,81,0.32727615921585645,1696.599609375,26.90152794495992,0,61,273,0.0,0.0,0.05,0.45,0.05,0.2,0.25,79,335.11571124728573,482.7916622161865,82,0.32511920463748095,1706.2255859375,26.764161911203573,0,62,274,0.0,0.0,0.05,0.5,0.05,0.2,0.2
275,RecoveryExploration,3,COMPACT_128KB,0.165875,-0.055,0.196858,0,79,335.11571124728573,482.7916622161865,82,0.32511920463748095,1706.2255859375,26.764161911203573,0,62,274,0.0,0.0,0.05,0.5,0.05,0.2,0.2,60,255.835522409909,92.09179878234863,13,1.8138028658353365,1509.083984375,14.327058878156375,0,0,275,0.0,0.0,0.05,0.5,0.05,0.2,0.2
276,RecoveryExploration,3,COMPACT_128KB,0.165875,-0.055,0.196192,0,60,255.835522409909,92.09179878234863,13,1.8138028658353365,1509.083984375,14.327058878156375,0,0,275,0.0,0.0,0.05,0.5,0.05,0.2,0.2,64,299.49320037175096,125.40435791015625,13,1.8203817514272838,1514.5576171875,13.212810589550491,0,0,276,0.0,0.0,0.05,0.5,0.05,0.2,0.2
277,RecoveryExploration,0,NOOP,0.19825,0.0,0.195875,0,64,299.49320037175096,125.40435791015625,13,1.8203817514272838,1514.5576171875,13.212810589550491,0,0,276,0.0,0.0,0.05,0.5,0.05,0.2,0.2,98,464.46187449504794,136.23332977294922,14,1.703232901436942,1526.0966796875,30.79171785252046,0,1,277,0.0,0.0,0.05,0.55,0.05,0.15,0.2
278,RecoveryExploration,0,NOOP,0.198125,0.0,0.196004,0,98,464.46187449504794,136.23332977294922,14,1.703232901436942,1526.0966796875,30.79171785252046,0,1,277,0.0,0.0,0.05,0.55,0.05,0.15,0.2,75,342.46708667692195,124.8018741607666,15,1.5994608561197916,1535.482421875,39.26870772074692,0,2,278,0.0,0.0,0.05,0.6,0.05,0.1,0.2
279,RecoveryExploration,0,NOOP,0.198,0.0,0.191062,0,75,342.46708667692195,124.8018741607666,15,1.5994608561197916,1535.482421875,39.26870772074692,0,2,278,0.0,0.0,0.05,0.6,0.05,0.1,0.2,54,266.01007466148644,366.8851852416992,16,1.5068540573120117,1543.0185546875,44.73552621414298,0,3,279,0.0,0.0,0.05,0.55,0.1,0.1,0.2
280,RecoveryExploration,0,NOOP,0.197875,0.0,0.195032,0,54,266.01007466148644,366.8851852416992,16,1.5068540573120117,1543.0185546875,44.73552621414298,0,3,279,0.0,0.0,0.05,0.55,0.1,0.1,0.2,79,272.29048261195055,163.4211540222168,17,1.4271922392003678,1552.78515625,48.146372009269584,0,4,280,0.0,0.0,0.0,0.6,0.1,0.1,0.2
281,RecoveryExploration,0,NOOP,0.19775,0.0,0.193327,0,79,272.29048261195055,163.4211540222168,17,1.4271922392003678,1552.78515625,48.146372009269584,0,4,280,0.0,0.0,0.0,0.6,0.1,0.1,0.2,88,403.3099192066208,243.6661720275879,18,1.3569539388020833,1563.2109375,50.45242312028619,0,5,281,0.0,0.0,0.0,0.55,0.15,0.1,0.2
282,RecoveryExploration,0,NOOP,0.197625,0.0,0.194283,0,88,403.3099192066208,243.6661720275879,18,1.3569539388020833,1563.2109375,50.45242312028619,0,5,281,0.0,0.0,0.0,0.55,0.15,0.1,0.2,87,365.85237149454235,190.85192680358887,19,1.294215152138158,1573.765625,52.061123985914485,0,6,282,0.0,0.0,0.0,0.55,0.15,0.1,0.2
283,RecoveryExploration,0,NOOP,0.1975,0.0,0.194637,0,87,365.85237149454235,190.85192680358887,19,1.294215152138158,1573.765625,52.061123985914485,0,6,282,0.0,0.0,0.0,0.55,0.15,0.1,0.2,53,253.41724255074658,168.12825202941895,20,1.2353721618652345,1581.2763671875,53.39810733271718,0,7,283,0.0,0.0,0.0,0.55,0.15,0.1,0.2
284,RecoveryExploration,0,NOOP,0.197375,0.0,0.194298,0,53,253.41724255074658,168.12825202941895,20,1.2353721618652345,1581.2763671875,53.39810733271718,0,7,283,0.0,0.0,0.0,0.55,0.15,0.1,0.2,75,356.6423291460705,180.10735511779785,21,1.1835189092726934,1590.6494140625,54.22237856013013,0,8,284,0.0,0.0,0.0,0.6,0.15,0.05,0.2
285,RecoveryExploration,0,NOOP,0.19725,0.0,0.19505,0,75,356.6423291460705,180.10735511779785,21,1.1835189092726934,1590.6494140625,54.22237856013013,0,8,284,0.0,0.0,0.0,0.6,0.15,0.05,0.2,88,433.40322135577816,137.52341270446777,22,1.1372874866832385,1601.30078125,54.705242523193625,0,9,285,0.0,0.0,0.0,0.55,0.15,0.05,0.25
286,RecoveryExploration,0,NOOP,0.197125,0.0,0.194604,0,88,433.40322135577816,137.52341270446777,22,1.1372874866832385,1601.30078125,54.705242523193625,0,9,285,0.0,0.0,0.0,0.55,0.15,0.05,0.25,89,411.2452336308573,154.79135513305664,23,1.0951431937839673,1612.05078125,54.99054581466954,0,10,286,0.0,0.0,0.0,0.6,0.15,0.05,0.2
287,RecoveryExploration,0,NOOP,0.197,0.0,0.193871,0,89,411.2452336308573,154.79135513305664,23,1.0951431937839673,1612.05078125,54.99054581466954,0,10,286,0.0,0.0,0.0,0.6,0.15,0.05,0.2,72,344.38938743392805,186.42759323120117,24,1.0554548899332683,1621.1787109375,55.20261111633864,0,11,287,0.0,0.0,0.0,0.65,0.15,0.05,0.15
288,RecoveryExploration,0,NOOP,0.196875,0.0,0.19353,0,72,344.38938743392805,186.42759323120117,24,1.0554548899332683,1621.1787109375,55.20261111633864,0,11,287,0.0,0.0,0.0,0.65,0.15,0.05,0.15,63,290.57574081425514,198.5175609588623,25,1.0184869384765625,1629.5791015625,55.31997032516181,0,12,288,0.0,0.0,0.0,0.65,0.15,0.05,0.15
289,RecoveryExploration,0,NOOP,0.193916,0.0,0.186364,0,63,290.57574081425514,198.5175609588623,25,1.0184869384765625,1629.5791015625,55.31997032516181,0,12,288,0.0,0.0,0.0,0.65,0.15,0.05,0.15,92,422.61609852529665,410.0992679595947,26,0.9858292799729568,1640.419921875,55.24009005416256,0,13,289,0.0,0.0,0.0,0.65,0.15,0.05,0.15
290,RecoveryExploration,0,NOOP,0.187402,0.0,0.184471,0,92,422.61609852529665,410.0992679595947,26,0.9858292799729568,1640.419921875,55.24009005416256,0,13,289,0.0,0.0,0.0,0.65,0.15,0.05,0.15,58,257.57427705026345,180.29284477233887,27,0.9538845486111112,1648.3125,55.19926424573639,0,14,290,0.0,0.0,0.0,0.65,0.15,0.05,0.15
291,RecoveryExploration,0,NOOP,0.181363,0.0,0.177787,0,58,257.57427705026345,180.29284477233887,27,0.9538845486111112,1648.3125,55.19926424573639,0,14,290,0.0,0.0,0.0,0.65,0.15,0.05,0.15,60,287.95825800398194,213.79852294921875,28,0.92431640625,1656.375,55.085182258302105,0,15,291,0.0,0.0,0.0,0.65,0.15,0.05,0.15
292,RecoveryExploration,0,NOOP,0.175824,0.0,0.171911,0,60,287.95825800398194,213.79852294921875,28,0.92431640625,1656.375,55.085182258302105,0,15,291,0.0,0.0,0.0,0.65,0.15,0.05,0.15,69,320.8246969199798,231.94050788879395,29,0.897247314453125,1665.291015625,54.89120118426421,0,16,292,0.0,0.0,0.0,0.7,0.15,0.0,0.15
293,RecoveryExploration,0,NOOP,0.17063,0.0,0.166962,0,69,320.8246969199798,231.94050788879395,29,0.897247314453125,1665.291015625,54.89120118426421,0,16,292,0.0,0.0,0.0,0.7,0.15,0.0,0.15,68,308.6860882054035,220.86405754089355,30,0.871898905436198,1674.0458984375,54.66352934881953,0,17,293,0.0,0.0,0.0,0.75,0.15,0.0,0.1
294,RecoveryExploration,0,NOOP,0.165818,0.0,0.161855,0,68,308.6860882054035,220.86405754089355,30,0.871898905436198,1674.0458984375,54.66352934881953,0,17,293,0.0,0.0,0.0,0.75,0.15,0.0,0.1,74,342.5928436844969,236.8605136871338,31,0.8484625047253024,1683.349609375,54.38971885100749,0,18,294,0.0,0.0,0.0,0.75,0.15,0.0,0.1
295,RecoveryExploration,0,NOOP,0.161483,0.0,0.157599,0,74,342.5928436844969,236.8605136871338,31,0.8484625047253024,1683.349609375,54.38971885100749,0,18,294,0.0,0.0,0.0,0.75,0.15,0.0,0.1,94,459.8502593961109,234.1609001159668,32,0.8274130821228027,1694.5419921875,54.045254331536306,0,19,295,0.0,0.0,0.0,0.8,0.15,0.0,0.05
296,RecoveryExploration,0,NOOP,0.157378,0.0,0.153439,0,94,459.8502593961109,234.1609001159668,32,0.8274130821228027,1694.5419921875,54.045254331536306,0,19,295,0.0,0.0,0.0,0.8,0.15,0.0,0.05,94,442.5160876850951,238.206148147583,33,0.8075154622395834,1705.47265625,53.69475574538706,0,20,296,0.0,0.0,0.0,0.8,0.15,0.0,0.05
297,RecoveryExploration,0,NOOP,0.153201,0.0,0.149495,0,94,442.5160876850951,238.206148147583,33,0.8075154622395834,1705.47265625,53.69475574538706,0,20,296,0.0,0.0,0.0,0.8,0.15,0.0,0.05,55,251.66363932898923,227.81729698181152,34,0.7872556798598346,1713.068359375,53.412746117015054,0,21,297,0.0,0.0,0.0,0.8,0.15,0.0,0.05
298,RecoveryExploration,0,NOOP,0.149306,0.0,0.144654,0,55,251.66363932898923,227.81729698181152,34,0.7872556798598346,1713.068359375,53.412746117015054,0,21,297,0.0,0.0,0.0,0.8,0.15,0.0,0.05,61,170.1860114276592,276.3326168060303,35,0.7684047154017857,1721.2265625,53.10326016100674,0,22,298,0.0,0.0,0.0,0.8,0.15,0.0,0.05
299,RecoveryExploration,0,NOOP,0.145825,0.0,0.141558,0,61,170.1860114276592,276.3326168060303,35,0.7684047154017857,1721.2265625,53.10326016100674,0,22,298,0.0,0.0,0.0,0.8,0.15,0.0,0.05,89,401.0229939883032,258.3291530609131,36,0.7516225179036459,1731.73828125,52.73438998170669,0,23,299,0.0,0.0,0.0,0.85,0.1,0.0,0.05
300,RecoveryExploration,0,NOOP,0.142556,0.0,0.136874,0,89,401.0229939883032,258.3291530609131,36,0.7516225179036459,1731.73828125,52.73438998170669,0,23,299,0.0,0.0,0.0,0.85,0.1,0.0,0.05,93,419.6510552322673,330.3709030151367,37,0.7359074773015203,1742.62890625,52.35547616241126,0,24,300,0.0,0.0,0.0,0.85,0.1,0.0,0.05
301,RecoveryExploration,0,NOOP,0.127401,0.0,0.124062,0,93,419.6510552322673,330.3709030151367,37,0.7359074773015203,1742.62890625,52.35547616241126,0,24,300,0.0,0.0,0.0,0.85,0.1,0.0,0.05,297,1000.0957683473441,219.4523811340332,42,0.663253420875186,1782.8251953125,50.70222583973446,0,25,301,0.0,0.0,0.0,0.85,0.05,0.0,0.1
302,RecoveryExploration,0,NOOP,0.115307,0.0,0.110663,0,297,1000.0957683473441,219.4523811340332,42,0.663253420875186,1782.8251953125,50.70222583973446,0,25,301,0.0,0.0,0.0,0.85,0.05,0.0,0.1,294,977.5909281175083,290.9212112426758,47,0.6059076836768617,1822.5703125,49.06013371937892,0,26,302,0.0,0.0,0.0,0.8,0.05,0.05,0.1
303,RecoveryExploration,0,NOOP,0.109136,0.0,0.104096,0,294,977.5909281175083,290.9212112426758,47,0.6059076836768617,1822.5703125,49.06013371937892,0,26,302,0.0,0.0,0.0,0.8,0.05,0.05,0.1,174,700.7515329353047,314.4826889038086,50,0.5769302368164062,1846.1767578125,48.10944867947196,0,27,303,0.0,0.0,0.0,0.8,0.05,0.05,0.1
304,RecoveryExploration,0,NOOP,0.102009,0.0,0.096654,0,174,700.7515329353047,314.4826889038086,50,0.5769302368164062,1846.1767578125,48.10944867947196,0,27,303,0.0,0.0,0.0,0.8,0.05,0.05,0.1,249,708.161011133864,335.2482318878174,54,0.5437932897497106,1879.349609375,46.87344350203726,0,28,304,0.0,0.0,0.0,0.8,0.05,0.05,0.1
305,RecoveryExploration,0,NOOP,0.094189,0.0,0.090783,0,249,708.161011133864,335.2482318878174,54,0.5437932897497106,1879.349609375,46.87344350203726,0,28,304,0.0,0.0,0.0,0.8,0.05,0.05,0.1,276,958.7385504480934,244.07553672790527,59,0.5078218104475636,1917.53515625,45.45261145631083,0,29,305,0.0,0.0,0.0,0.8,0.05,0.05,0.1
306,RecoveryExploration,0,NOOP,0.089995,0.0,0.083,0,276,958.7385504480934,244.07553672790527,59,0.5078218104475636,1917.53515625,45.45261145631083,0,29,305,0.0,0.0,0.0,0.8,0.05,0.05,0.1,153,629.6134892400431,427.2618293762207,62,0.48872547764931956,1939.2626953125,44.656396401828985,0,30,306,0.0,0.0,0.05,0.75,0.05,0.05,0.1
307,RecoveryExploration,0,NOOP,0.084947,0.0,0.078522,0,153,629.6134892400431,427.2618293762207,62,0.48872547764931956,1939.2626953125,44.656396401828985,0,30,306,0.0,0.0,0.05,0.75,0.05,0.05,0.1,205,810.2269831816845,403.75685691833496,66,0.46598700321081915,1968.3291015625,43.644071993235414,0,31,307,0.0,0.0,0.05,0.75,0.05,0.05,0.1
308,RecoveryExploration,0,NOOP,0.081701,0.0,0.075001,0,205,810.2269831816845,403.75685691833496,66,0.46598700321081915,1968.3291015625,43.644071993235414,0,31,307,0.0,0.0,0.05,0.75,0.05,0.05,0.1,199,782.5795652932143,421.2348461151123,69,0.45163096552309784,1994.40234375,42.89072602824954,0,32,308,0.0,0.0,0.05,0.7,0.05,0.1,0.1
309,RecoveryExploration,0,NOOP,0.07859,0.0,0.071531,0,199,782.5795652932143,421.2348461151123,69,0.45163096552309784,1994.40234375,42.89072602824954,0,32,308,0.0,0.0,0.05,0.7,0.05,0.1,0.1,174,727.7392056989921,442.9774284362793,72,0.4379511939154731,2018.0791015625,42.187229962292555,0,33,309,0.0,0.0,0.1,0.7,0.0,0.1,0.1
310,RecoveryExploration,0,NOOP,0.075635,0.0,0.06611,0,174,727.7392056989921,442.9774284362793,72,0.4379511939154731,2018.0791015625,42.187229962292555,0,33,309,0.0,0.0,0.1,0.7,0.0,0.1,0.1,157,608.5909260205708,570.004940032959,75,0.42505208333333333,2040.25,41.52333640299314,0,34,310,0.0,0.0,0.1,0.7,0.0,0.1,0.1
311,RecoveryExploration,0,NOOP,0.071213,0.0,0.063535,0,157,608.5909260205708,570.004940032959,75,0.42505208333333333,2040.25,41.52333640299314,0,34,310,0.0,0.0,0.1,0.7,0.0,0.1,0.1,283,982.0166142009142,483.93702507019043,80,0.4060663223266602,2079.0595703125,40.465898634944026,0,35,311,0.0,0.0,0.1,0.7,0.0,0.1,0.1
312,RecoveryExploration,0,NOOP,0.068825,0.0,0.060227,0,283,982.0166142009142,483.93702507019043,80,0.4060663223266602,2079.0595703125,40.465898634944026,0,35,311,0.0,0.0,0.1,0.7,0.0,0.1,0.1,184,707.148931101372,533.6627960205078,83,0.39600087361163405,2103.556640625,39.85952795259304,0,36,312,0.0,0.0,0.15,0.65,0.0,0.1,0.1
313,RecoveryExploration,0,NOOP,0.066572,0.0,0.061329,0,184,707.148931101372,533.6627960205078,83,0.39600087361163405,2103.556640625,39.85952795259304,0,36,312,0.0,0.0,0.15,0.65,0.0,0.1,0.1,181,726.5122962821188,369.6608543395996,86,0.38661087390988375,2127.90625,39.278706884933825,0,37,313,0.0,0.0,0.15,0.6,0.0,0.1,0.15
314,RecoveryExploration,0,NOOP,0.063633,0.0,0.054831,0,181,726.5122962821188,369.6608543395996,86,0.38661087390988375,2127.90625,39.278706884933825,0,37,313,0.0,0.0,0.15,0.6,0.0,0.1,0.15,200,764.8947160620808,552.6225566864014,90,0.37441541883680557,2156.6328125,38.55802876682973,0,38,314,0.0,0.0,0.2,0.55,0.0,0.1,0.15
315,RecoveryExploration,0,NOOP,0.061665,0.0,0.050099,0,200,764.8947160620808,552.6225566864014,90,0.37441541883680557,2156.6328125,38.55802876682973,0,38,314,0.0,0.0,0.2,0.55,0.0,0.1,0.15,183,683.7600970643729,694.5819854736328,93,0.3664508122269825,2181.115234375,38.0278997009233,0,39,315,0.0,0.0,0.2,0.55,0.0,0.1,0.15
316,RecoveryExploration,0,NOOP,0.059135,0.0,0.049602,0,183,683.7600970643729,694.5819854736328,93,0.3664508122269825,2181.115234375,38.0278997009233,0,39,315,0.0,0.0,0.2,0.55,0.0,0.1,0.15,224,798.976873210427,597.9056358337402,97,0.35630137650008054,2211.9189453125,37.36011656354173,0,40,316,0.0,0.0,0.25,0.5,0.0,0.1,0.15
317,RecoveryExploration,0,NOOP,0.056734,0.0,0.050561,0,224,798.976873210427,597.9056358337402,97,0.35630137650008054,2211.9189453125,37.36011656354173,0,40,316,0.0,0.0,0.25,0.5,0.0,0.1,0.15,211,782.3409316329833,434.89789962768555,101,0.3467934485709313,2241.6728515625,36.72895953956756,0,41,317,0.0,0.0,0.25,0.45,0.0,0.1,0.2
318,RecoveryExploration,0,NOOP,0.054465,0.0,0.044129,0,211,782.3409316329833,434.89789962768555,101,0.3467934485709313,2241.6728515625,36.72895953956756,0,41,317,0.0,0.0,0.25,0.45,0.0,0.1,0.2,207,783.5518790532626,648.0345726013184,105,0.33794933500744045,2271.01953125,36.128918354738204,0,42,318,0.0,0.0,0.25,0.45,0.0,0.1,0.2
319,RecoveryExploration,0,NOOP,0.052419,0.0,0.043061,0,207,783.5518790532626,648.0345726013184,105,0.33794933500744045,2271.01953125,36.128918354738204,0,42,318,0.0,0.0,0.25,0.45,0.0,0.1,0.2,244,975.3842083492973,604.1550636291504,109,0.3302218935905247,2303.6279296875,35.54481920054893,0,43,319,0.0,0.0,0.25,0.45,0.0,0.1,0.2
320,RecoveryExploration,0,NOOP,0.050403,0.0,0.037559,0,244,975.3842083492973,604.1550636291504,109,0.3302218935905247,2303.6279296875,35.54481920054893,0,43,319,0.0,0.0,0.25,0.45,0.0,0.1,0.2,214,808.1918091416923,783.454179763794,113,0.32264128828470684,2333.341796875,34.99689972228318,0,44,320,0.0,0.0,0.25,0.45,0.0,0.1,0.2
321,RecoveryExploration,0,NOOP,0.048942,0.0,0.038093,0,214,808.1918091416923,783.454179763794,113,0.32264128828470684,2333.341796875,34.99689972228318,0,44,320,0.0,0.0,0.25,0.45,0.0,0.1,0.2,152,578.317922630203,687.4313354492188,116,0.3172095726276266,2354.9638671875,34.6038102519108,0,45,321,0.0,0.0,0.25,0.5,0.0,0.1,0.15
322,RecoveryExploration,0,NOOP,0.04758,0.0,0.037218,0,152,578.317922630203,687.4313354492188,116,0.3172095726276266,2354.9638671875,34.6038102519108,0,45,321,0.0,0.0,0.25,0.5,0.0,0.1,0.15,171,731.6691326790851,666.8665409088135,119,0.3122774011948529,2378.3046875,34.21792142234934,0,46,322,0.0,0.0,0.25,0.55,0.0,0.05,0.15
323,RecoveryExploration,0,NOOP,0.045823,0.0,0.034902,0,171,731.6691326790851,666.8665409088135,119,0.3122774011948529,2378.3046875,34.21792142234934,0,46,322,0.0,0.0,0.25,0.55,0.0,0.05,0.15,220,821.1515471339467,699.7733116149902,123,0.3059882187261814,2408.7392578125,33.72442042944018,0,47,323,0.0,0.0,0.25,0.55,0.0,0.05,0.15
324,RecoveryExploration,0,NOOP,0.044105,0.0,0.032747,0,220,821.1515471339467,699.7733116149902,123,0.3059882187261814,2408.7392578125,33.72442042944018,0,47,323,0.0,0.0,0.25,0.55,0.0,0.05,0.15,202,755.5073901113844,726.6302108764648,127,0.2998998446727362,2437.5859375,33.25562705127348,0,48,324,0.0,0.0,0.25,0.55,0.0,0.05,0.15
325,RecoveryExploration,0,NOOP,0.042058,0.0,0.029105,0,202,755.5073901113844,726.6302108764648,127,0.2998998446727362,2437.5859375,33.25562705127348,0,48,324,0.0,0.0,0.25,0.55,0.0,0.05,0.15,251,915.4683594497295,812.6475811004639,132,0.2927887656471946,2473.4794921875,32.69597147281667,0,49,325,0.0,0.0,0.25,0.6,0.0,0.05,0.1
326,RecoveryExploration,0,NOOP,0.040956,0.0,0.028851,0,251,915.4683594497295,812.6475811004639,132,0.2927887656471946,2473.4794921875,32.69597147281667,0,49,325,0.0,0.0,0.25,0.6,0.0,0.05,0.1,186,748.3089767471306,773.9903926849365,135,0.28915269639756946,2498.279296875,32.365006657898505,0,50,326,0.0,0.0,0.2,0.65,0.0,0.05,0.1
327,RecoveryExploration,0,NOOP,0.039475,0.0,0.027634,0,186,748.3089767471306,773.9903926849365,135,0.28915269639756946,2498.279296875,32.365006657898505,0,50,326,0.0,0.0,0.2,0.65,0.0,0.05,0.1,220,830.6090763757867,765.8038139343262,139,0.2842506024477293,2528.693359375,31.944914876084056,0,51,327,0.0,0.0,0.2,0.65,0.0,0.05,0.1
328,RecoveryExploration,0,NOOP,0.038409,0.0,0.026096,0,220,830.6090763757867,765.8038139343262,139,0.2842506024477293,2528.693359375,31.944914876084056,0,51,327,0.0,0.0,0.2,0.65,0.0,0.05,0.1,169,664.9051012454119,793.1199073791504,142,0.28079427799708406,2551.8583984375,31.6393524894101,0,52,328,0.0,0.0,0.2,0.7,0.0,0.0,0.1
329,RecoveryExploration,0,NOOP,0.036686,0.0,0.023236,0,169,664.9051012454119,793.1199073791504,142,0.28079427799708406,2551.8583984375,31.6393524894101,0,52,328,0.0,0.0,0.2,0.7,0.0,0.0,0.1,275,616.9595275855891,856.2483787536621,147,0.2753066497595132,2590.0849609375,31.149530020092623,0,53,329,0.0,0.0,0.15,0.75,0.0,0.0,0.1
330,RecoveryExploration,0,NOOP,0.035395,0.0,0.022369,0,275,616.9595275855891,856.2483787536621,147,0.2753066497595132,2590.0849609375,31.149530020092623,0,53,329,0.0,0.0,0.15,0.75,0.0,0.0,0.1,239,944.4005219250934,840.0464057922363,151,0.27134755115635345,2622.302734375,30.770017538911237,0,54,330,0.0,0.0,0.15,0.75,0.0,0.0,0.1
331,RecoveryExploration,0,NOOP,0.034438,0.0,0.02091,0,239,944.4005219250934,840.0464057922363,151,0.27134755115635345,2622.302734375,30.770017538911237,0,54,330,0.0,0.0,0.15,0.75,0.0,0.0,0.1,171,670.8450957687407,868.8802719116211,154,0.2684381658380682,2645.7265625,30.49567000098918,0,55,331,0.0,0.0,0.15,0.75,0.0,0.0,0.1
332,RecoveryExploration,0,NOOP,0.033198,0.0,0.01654,0,171,670.8450957687407,868.8802719116211,154,0.2684381658380682,2645.7265625,30.49567000098918,0,55,331,0.0,0.0,0.15,0.75,0.0,0.0,0.1,229,894.5719269847153,1030.3921699523926,158,0.26473921763746044,2677.04296875,30.14072809547403,0,56,332,0.0,0.0,0.1,0.75,0.0,0.05,0.1
333,RecoveryExploration,0,NOOP,0.031997,0.0,0.018307,0,229,894.5719269847153,1030.3921699523926,158,0.26473921763746044,2677.04296875,30.14072809547403,0,56,332,0.0,0.0,0.1,0.75,0.0,0.05,0.1,232,872.3625292706455,887.0253562927246,162,0.2612351782527971,2708.486328125,29.797514087609123,0,57,333,0.0,0.0,0.1,0.8,0.0,0.05,0.05
334,RecoveryExploration,0,NOOP,0.031131,0.0,0.015127,0,232,872.3625292706455,887.0253562927246,162,0.2612351782527971,2708.486328125,29.797514087609123,0,57,333,0.0,0.0,0.1,0.8,0.0,0.05,0.05,179,711.0942461238291,1006.4558982849121,165,0.25878129438920455,2732.73046875,29.54640430924574,0,58,334,0.0,0.0,0.05,0.85,0.0,0.05,0.05
335,RecoveryExploration,0,NOOP,0.030003,0.0,0.015287,0,179,711.0942461238291,1006.4558982849121,165,0.25878129438920455,2732.73046875,29.54640430924574,0,58,334,0.0,0.0,0.05,0.85,0.0,0.05,0.05,241,850.1669622994597,947.0345973968506,169,0.25563916087855953,2764.9931640625,29.22127123859427,0,59,335,0.0,0.0,0.1,0.8,0.0,0.05,0.05
336,RecoveryExploration,0,NOOP,0.029203,0.0,0.013674,0,241,850.1669622994597,947.0345973968506,169,0.25563916087855953,2764.9931640625,29.22127123859427,0,59,335,0.0,0.0,0.1,0.8,0.0,0.05,0.05,198,838.9862242032142,991.4426803588867,172,0.2535144007483194,2790.6865234375,28.98189277825148,0,60,336,0.0,0.0,0.05,0.85,0.0,0.05,0.05
337,RecoveryExploration,0,NOOP,0.027805,0.0,0.012887,0,198,838.9862242032142,991.4426803588867,172,0.2535144007483194,2790.6865234375,28.98189277825148,0,60,336,0.0,0.0,0.05,0.85,0.0,0.05,0.05,268,931.7901818612868,967.1680927276611,177,0.24965111683990995,2828.0478515625,28.60424632016412,0,61,337,0.0,0.0,0.05,0.9,0.0,0.05,0.0
338,RecoveryExploration,0,NOOP,0.026773,0.0,0.006438,0,268,931.7901818612868,967.1680927276611,177,0.24965111683990995,2828.0478515625,28.60424632016412,0,61,337,0.0,0.0,0.05,0.9,0.0,0.05,0.0,248,810.4366937023273,1242.9909706115723,181,0.24699014063039537,2861.1337890625,28.307440491202644,0,62,338,0.0,0.0,0.05,0.9,0.0,0.05,0.0
339,RecoveryExploration,0,NOOP,0.025986,0.0,0.010261,0,248,810.4366937023273,1242.9909706115723,181,0.24699014063039537,2861.1337890625,28.307440491202644,0,62,338,0.0,0.0,0.05,0.9,0.0,0.05,0.0,169,649.3039916166524,1016.2277221679688,184,0.24493026733398438,2884.298828125,28.09322528913368,0,63,339,0.0,0.0,0.05,0.9,0.0,0.05,0.0
340,RecoveryExploration,0,NOOP,0.024682,0.0,0.008253,0,169,649.3039916166524,1016.2277221679688,184,0.24493026733398438,2884.298828125,28.09322528913368,0,63,339,0.0,0.0,0.05,0.9,0.0,0.05,0.0,266,946.802716631689,1057.7030181884766,189,0.2415337941003224,2921.5927734375,27.748645253026393,0,64,340,0.0,0.0,0.05,0.85,0.0,0.1,0.0
341,RecoveryExploration,0,NOOP,0.023437,0.0,0.006649,0,266,946.802716631689,1057.7030181884766,189,0.2415337941003224,2921.5927734375,27.748645253026393,0,64,340,0.0,0.0,0.05,0.85,0.0,0.1,0.0,282,1021.3561346456407,1081.9387435913086,194,0.23843666941849226,2960.4296875,27.41409084817778,0,65,341,0.0,0.0,0.05,0.8,0.0,0.15,0.0
342,RecoveryExploration,0,NOOP,0.022178,0.0,0.004928,0,282,1021.3561346456407,1081.9387435913086,194,0.23843666941849226,2960.4296875,27.41409084817778,0,65,341,0.0,0.0,0.05,0.8,0.0,0.15,0.0,252,949.3961279149772,1111.2127304077148,199,0.2352630768589039,2996.310546875,27.095443138470852,0,66,342,0.0,0.0,0.05,0.8,0.0,0.15,0.0
343,RecoveryExploration,0,NOOP,0.021457,0.0,0.004569,0,252,949.3961279149772,1111.2127304077148,199,0.2352630768589039,2996.310546875,27.095443138470852,0,66,342,0.0,0.0,0.05,0.8,0.0,0.15,0.0,164,663.8792353476539,1096.937656402588,202,0.23353689967995822,3019.1650390625,26.90760135229065,0,67,343,0.0,0.0,0.1,0.75,0.0,0.15,0.0
344,RecoveryExploration,0,NOOP,0.020292,0.0,0.002043,0,164,663.8792353476539,1096.937656402588,202,0.23353689967995822,3019.1650390625,26.90760135229065,0,67,343,0.0,0.0,0.1,0.75,0.0,0.15,0.0,284,1043.1453997411363,1171.1621284484863,207,0.23083282323275212,3058.0732421875,26.60191045867211,0,68,344,0.0,0.0,0.15,0.7,0.0,0.15,0.0
345,RecoveryExploration,0,NOOP,0.019394,0.0,0.002279,0,284,1043.1453997411363,1171.1621284484863,207,0.23083282323275212,3058.0732421875,26.60191045867211,0,68,344,0.0,0.0,0.15,0.7,0.0,0.15,0.0,240,794.0179732775083,1119.5321083068848,211,0.2288469070506887,3090.3486328125,26.363276639611314,0,69,345,0.0,0.0,0.2,0.65,0.0,0.15,0.0
346,RecoveryExploration,0,NOOP,0.018466,0.0,0.000171,0,240,794.0179732775083,1119.5321083068848,211,0.2288469070506887,3090.3486328125,26.363276639611314,0,69,345,0.0,0.0,0.2,0.65,0.0,0.15,0.0,206,830.861938848907,1183.4988594055176,215,0.2267058616460756,3119.47265625,26.13477454281593,0,70,346,0.0,0.0,0.2,0.65,0.0,0.15,0.0
347,RecoveryExploration,0,NOOP,0.017551,0.0,-0.011462,0,206,830.861938848907,1183.4988594055176,215,0.2267058616460756,3119.47265625,26.13477454281593,0,70,346,0.0,0.0,0.2,0.65,0.0,0.15,0.0,204,828.1965514637985,1724.3990898132324,219,0.22462951102757564,3148.4072265625,25.91230174116946,0,71,347,0.0,0.0,0.2,0.65,0.0,0.15,0.0
348,RecoveryExploration,0,NOOP,0.016442,0.0,-0.005808,0,204,828.1965514637985,1724.3990898132324,219,0.22462951102757564,3148.4072265625,25.91230174116946,0,71,347,0.0,0.0,0.2,0.65,0.0,0.15,0.0,264,662.1721904679893,1392.5344944000244,224,0.22221170152936662,3185.626953125,25.640710267576022,0,72,348,0.0,0.0,0.2,0.65,0.0,0.15,0.0
349,RecoveryExploration,0,NOOP,0.01539,0.0,-0.002492,0,264,662.1721904679893,1392.5344944000244,224,0.22221170152936662,3185.626953125,25.640710267576022,0,72,348,0.0,0.0,0.2,0.65,0.0,0.15,0.0,295,1007.1472537705356,1180.34029006958,229,0.22007571557723798,3225.4296875,25.37457877986513,0,73,349,0.0,0.0,0.25,0.6,0.0,0.15,0.0
350,RecoveryExploration,0,NOOP,0.014549,0.0,-0.035404,0,295,1007.1472537705356,1180.34029006958,229,0.22007571557723798,3225.4296875,25.37457877986513,0,73,349,0.0,0.0,0.25,0.6,0.0,0.15,0.0,224,819.9063227599111,2788.9111042022705,233,0.2183703639476596,3256.3388671875,25.168491802908026,0,74,350,0.0,0.0,0.25,0.55,0.05,0.15,0.0
351,RecoveryExploration,0,NOOP,0.013533,0.0,-0.006955,0,224,819.9063227599111,2788.9111042022705,233,0.2183703639476596,3256.3388671875,25.168491802908026,0,74,350,0.0,0.0,0.25,0.55,0.05,0.15,0.0,296,1092.72908457355,1321.9082355499268,238,0.2164140589096967,3296.4189453125,24.916312572181706,0,75,351,0.0,0.0,0.25,0.55,0.05,0.15,0.0
352,RecoveryExploration,0,NOOP,0.012905,0.0,-0.006336,0,296,1092.72908457355,1321.9082355499268,238,0.2164140589096967,3296.4189453125,24.916312572181706,0,75,351,0.0,0.0,0.25,0.55,0.05,0.15,0.0,156,647.6009826181112,1263.3025646209717,241,0.21515234476303163,3318.509765625,24.77058337918597,0,76,352,0.0,0.0,0.25,0.6,0.05,0.1,0.0
353,RecoveryExploration,0,NOOP,0.012104,0.0,-0.038273,0,156,647.6009826181112,1263.3025646209717,241,0.21515234476303163,3318.509765625,24.77058337918597,0,76,352,0.0,0.0,0.25,0.6,0.05,0.1,0.0,230,869.7968258891459,2825.068712234497,245,0.21364391093351404,3349.9365234375,24.57817999259158,0,77,353,0.0,0.0,0.25,0.55,0.1,0.1,0.0
354,RecoveryExploration,0,NOOP,0.011329,0.0,-0.034945,0,230,869.7968258891459,2825.068712234497,245,0.21364391093351404,3349.9365234375,24.57817999259158,0,77,353,0.0,0.0,0.25,0.55,0.1,0.1,0.0,245,906.8781412079712,2624.9608993530273,249,0.21227065243395457,3382.7451171875,24.388903978944708,0,78,354,0.0,0.0,0.25,0.5,0.15,0.1,0.0
355,RecoveryExploration,0,NOOP,0.01031,0.0,-0.009307,0,245,906.8781412079712,2624.9608993530273,249,0.21227065243395457,3382.7451171875,24.388903978944708,0,78,354,0.0,0.0,0.25,0.5,0.15,0.1,0.0,250,857.8171873325496,1298.3508110046387,254,0.2103003554456816,3418.642578125,24.163161027013007,0,79,355,0.0,0.0,0.25,0.5,0.15,0.1,0.0
356,RecoveryExploration,0,NOOP,0.009726,0.0,-0.011752,0,250,857.8171873325496,1298.3508110046387,254,0.2103003554456816,3418.642578125,24.163161027013007,0,79,355,0.0,0.0,0.25,0.5,0.15,0.1,0.0,168,653.9349909933989,1395.136833190918,257,0.20925357091287694,3441.802734375,24.029102127223194,0,80,356,0.0,0.0,0.3,0.45,0.15,0.1,0.0
357,RecoveryExploration,0,NOOP,0.009143,0.0,-0.012879,0,168,653.9349909933989,1395.136833190918,257,0.20925357091287694,3441.802734375,24.029102127223194,0,80,356,0.0,0.0,0.3,0.45,0.15,0.1,0.0,166,658.280873529573,1426.1016845703125,260,0.20821674053485578,3464.7265625,23.897456399541092,0,81,357,0.0,0.0,0.3,0.45,0.15,0.1,0.0
358,RecoveryExploration,0,NOOP,0.008177,0.0,-0.045798,0,166,658.280873529573,1426.1016845703125,260,0.20821674053485578,3464.7265625,23.897456399541092,0,81,357,0.0,0.0,0.3,0.45,0.15,0.1,0.0,271,833.191409010277,3030.01070022583,265,0.20651233601120284,3502.44921875,23.683189089639352,0,82,358,0.0,0.0,0.3,0.4,0.2,0.1,0.0
359,RecoveryExploration,0,NOOP,0.00722,0.0,-0.007536,0,271,833.191409010277,3030.01070022583,265,0.20651233601120284,3502.44921875,23.683189089639352,0,82,358,0.0,0.0,0.3,0.4,0.2,0.1,0.0,267,885.2533821118417,1075.2887725830078,270,0.20485105161313658,3539.826171875,23.47486498061118,0,83,359,0.0,0.0,0.3,0.35,0.2,0.1,0.05
360,RecoveryExploration,0,NOOP,0.006474,0.0,-0.015493,0,267,885.2533821118417,1075.2887725830078,270,0.20485105161313658,3539.826171875,23.47486498061118,0,83,359,0.0,0.0,0.3,0.35,0.2,0.1,0.05,223,849.3585671878164,1440.8466815948486,274,0.2036190729071624,3570.6640625,23.311289893418873,0,84,360,0.0,0.0,0.3,0.4,0.2,0.05,0.05
361,RecoveryExploration,0,NOOP,0.005547,0.0,-0.021763,0,223,849.3585671878164,1440.8466815948486,274,0.2036190729071624,3570.6640625,23.311289893418873,0,84,360,0.0,0.0,0.3,0.4,0.2,0.05,0.05,276,954.5856310948609,1714.27321434021,279,0.2021117398388497,3608.9072265625,23.111781944506976,0,85,361,0.0,0.0,0.3,0.45,0.2,0.0,0.05
362,RecoveryExploration,0,NOOP,0.004638,0.0,-0.018072,0,276,954.5856310948609,1714.27321434021,279,0.2021117398388497,3608.9072265625,23.111781944506976,0,85,361,0.0,0.0,0.3,0.45,0.2,0.0,0.05,283,878.4467779475813,1490.4751777648926,284,0.20068875165052816,3647.71875,22.91684165875478,0,86,362,0.0,0.0,0.35,0.4,0.2,0.0,0.05
363,RecoveryExploration,0,NOOP,0.003747,0.0,-0.020155,0,283,878.4467779475813,1490.4751777648926,284,0.20068875165052816,3647.71875,22.91684165875478,0,86,362,0.0,0.0,0.35,0.4,0.2,0.0,0.05,292,970.309106307731,1556.3545227050781,289,0.1993593526134029,3687.3505859375,22.726120021021533,0,87,363,0.0,0.0,0.3,0.45,0.2,0.0,0.05
364,RecoveryExploration,0,NOOP,0.003232,0.0,-0.020118,0,292,970.309106307731,1556.3545227050781,289,0.1993593526134029,3687.3505859375,22.726120021021533,0,87,363,0.0,0.0,0.3,0.45,0.2,0.0,0.05,191,632.5401215949468,1532.5078964233398,292,0.19866007974703018,3712.5595703125,22.612953659384868,0,88,364,0.0,0.0,0.25,0.5,0.2,0.0,0.05
365,RecoveryExploration,0,NOOP,0.002536,0.0,-0.024362,0,191,632.5401215949468,1532.5078964233398,292,0.19866007974703018,3712.5595703125,22.612953659384868,0,88,364,0.0,0.0,0.25,0.5,0.2,0.0,0.05,241,874.2395704683126,1714.909553527832,296,0.19767869485391154,3744.8251953125,22.465554608864732,0,89,365,0.0,0.0,0.2,0.55,0.2,0.0,0.05
366,RecoveryExploration,0,NOOP,0.00199,0.0,-0.024964,0,241,874.2395704683126,1714.909553527832,296,0.19767869485391154,3744.8251953125,22.465554608864732,0,89,365,0.0,0.0,0.2,0.55,0.2,0.0,0.05,151,578.2547758022973,1721.4539051055908,299,0.19682444696841034,3766.4326171875,22.358805559703907,0,90,366,0.0,0.0,0.2,0.55,0.2,0.0,0.05
367,RecoveryExploration,0,NOOP,0.001272,0.0,-0.025926,0,151,578.2547758022973,1721.4539051055908,299,0.19682444696841034,3766.4326171875,22.358805559703907,0,90,366,0.0,0.0,0.2,0.55,0.2,0.0,0.05,207,773.6754651342047,1738.6553287506104,303,0.1957344080355301,3795.681640625,22.21845603807019,0,91,367,0.0,0.0,0.2,0.55,0.2,0.0,0.05
368,RecoveryExploration,0,NOOP,0.000581,0.0,-0.02384,0,207,773.6754651342047,1738.6553287506104,303,0.1957344080355301,3795.681640625,22.21845603807019,0,91,367,0.0,0.0,0.2,0.55,0.2,0.0,0.05,229,837.0142515289414,1604.7744750976562,307,0.19477933703493994,3827.0244140625,22.079191522082905,0,92,368,0.0,0.0,0.25,0.5,0.2,0.0,0.05
369,RecoveryExploration,0,NOOP,-0.000292,0.0,-0.024975,0,229,837.0142515289414,1604.7744750976562,307,0.19477933703493994,3827.0244140625,22.079191522082905,0,92,368,0.0,0.0,0.25,0.5,0.2,0.0,0.05,271,962.521759821833,1624.1910457611084,312,0.1935421870304988,3864.650390625,21.90980200341282,0,93,369,0.0,0.0,0.2,0.55,0.2,0.0,0.05
370,RecoveryExploration,0,NOOP,-0.000797,0.0,-0.029876,0,271,962.521759821833,1624.1910457611084,312,0.1935421870304988,3864.650390625,21.90980200341282,0,93,369,0.0,0.0,0.2,0.55,0.2,0.0,0.05,178,689.8315970184972,1847.6817607879639,315,0.19289051843067956,3888.6728515625,21.809047365257378,0,94,370,0.0,0.0,0.2,0.6,0.15,0.0,0.05
371,RecoveryExploration,0,NOOP,-0.001499,0.0,-0.028132,0,178,689.8315970184972,1847.6817607879639,315,0.19289051843067956,3888.6728515625,21.809047365257378,0,94,370,0.0,0.0,0.2,0.6,0.15,0.0,0.05,201,712.96591687513,1730.4060459136963,319,0.19188199895302704,3917.462890625,21.679041776182125,0,95,371,0.0,0.0,0.2,0.6,0.15,0.0,0.05
372,RecoveryExploration,0,NOOP,-0.002169,0.0,-0.034208,0,201,712.96591687513,1730.4060459136963,319,0.19188199895302704,3917.462890625,21.679041776182125,0,95,371,0.0,0.0,0.2,0.6,0.15,0.0,0.05,232,911.1682875351376,2005.7153701782227,323,0.19103238604755224,3949.021484375,21.54945780891925,0,96,372,0.0,0.0,0.2,0.6,0.15,0.0,0.05
373,RecoveryExploration,0,NOOP,-0.002682,0.0,-0.030154,0,232,911.1682875351376,2005.7153701782227,323,0.19103238604755224,3949.021484375,21.54945780891925,0,96,372,0.0,0.0,0.2,0.6,0.15,0.0,0.05,158,564.7546355555934,1781.0993194580078,326,0.19033953894866756,3971.244140625,21.45471777121408,0,97,373,0.0,0.0,0.2,0.65,0.1,0.0,0.05
374,RecoveryExploration,0,NOOP,-0.003502,0.0,-0.018981,0,158,564.7546355555934,1781.0993194580078,326,0.19033953894866756,3971.244140625,21.45471777121408,0,97,373,0.0,0.0,0.2,0.65,0.1,0.0,0.05,298,770.0489185514313,1187.7126693725586,331,0.18936489139798904,4011.505859375,21.297537530891248,0,98,374,0.0,0.0,0.2,0.65,0.05,0.0,0.1
375,RecoveryExploration,0,NOOP,-0.00415,0.0,-0.033507,0,298,770.0489185514313,1187.7126693725586,331,0.18936489139798904,4011.505859375,21.297537530891248,0,98,374,0.0,0.0,0.2,0.65,0.05,0.0,0.1,244,851.3802771908224,1886.5907192230225,335,0.1886240033961054,4044.0986328125,21.174030360977902,0,99,375,0.0,0.0,0.15,0.65,0.05,0.05,0.1
376,RecoveryExploration,0,NOOP,-0.004795,0.0,-0.031234,0,244,851.3802771908224,1886.5907192230225,335,0.1886240033961054,4044.0986328125,21.174030360977902,0,99,375,0.0,0.0,0.15,0.65,0.05,0.05,0.1,243,888.2543198450111,1745.7082271575928,339,0.18789992430920446,4076.6767578125,21.052652467668008,0,100,376,0.0,0.0,0.1,0.7,0.05,0.05,0.1
377,RecoveryExploration,0,NOOP,-0.005456,0.0,-0.03199,0,243,888.2543198450111,1745.7082271575928,339,0.18789992430920446,4076.6767578125,21.052652467668008,0,100,376,0.0,0.0,0.1,0.7,0.05,0.05,0.1,219,810.5049690772772,1755.4566860198975,343,0.18709539741538356,4107.1181640625,20.9345590999508,0,101,377,0.0,0.0,0.1,0.65,0.05,0.1,0.1
378,RecoveryExploration,0,NOOP,-0.006293,0.0,-0.025263,0,219,810.5049690772772,1755.4566860198975,343,0.18709539741538356,4107.1181640625,20.9345590999508,0,101,377,0.0,0.0,0.1,0.65,0.05,0.1,0.1,255,889.5771639593781,1383.497714996338,348,0.18603625242737518,4143.3994140625,20.790790195162582,0,102,378,0.0,0.0,0.1,0.65,0.0,0.1,0.15
379,RecoveryExploration,0,NOOP,-0.007118,0.0,-0.035373,0,255,889.5771639593781,1383.497714996338,348,0.18603625242737518,4143.3994140625,20.790790195162582,0,102,378,0.0,0.0,0.1,0.65,0.0,0.1,0.15,262,891.7562403838039,1854.0172576904297,353,0.1850361594397353,4180.3369140625,20.64952549101207,0,103,379,0.0,0.0,0.1,0.65,0.0,0.15,0.1
380,RecoveryExploration,0,NOOP,-0.007928,0.0,-0.070435,0,262,891.7562403838039,1854.0172576904297,353,0.1850361594397353,4180.3369140625,20.64952549101207,0,103,379,0.0,0.0,0.1,0.65,0.0,0.15,0.1,273,924.3342971864208,3572.8259086608887,358,0.1841085423304382,4218.294921875,20.510496424661444,0,104,380,0.0,0.0,0.1,0.6,0.05,0.15,0.1
381,RecoveryExploration,0,NOOP,-0.008722,0.0,-0.037961,0,273,924.3342971864208,3572.8259086608887,358,0.1841085423304382,4218.294921875,20.510496424661444,0,104,380,0.0,0.0,0.1,0.6,0.05,0.15,0.1,290,948.2517792172457,1915.712594985962,363,0.18326730439157196,4257.666015625,20.3734652114183,0,105,381,0.0,0.0,0.1,0.6,0.05,0.15,0.1
382,RecoveryExploration,0,NOOP,-0.009515,0.0,-0.04022,0,290,948.2517792172457,1915.712594985962,363,0.18326730439157196,4257.666015625,20.3734652114183,0,105,381,0.0,0.0,0.1,0.6,0.05,0.15,0.1,283,939.7486261876619,1995.2774047851562,368,0.1824256233547045,4296.48828125,20.239425763740993,0,106,382,0.0,0.0,0.05,0.6,0.05,0.2,0.1
383,RecoveryExploration,0,NOOP,-0.01032,0.0,-0.076671,0,283,939.7486261876619,1995.2774047851562,368,0.1824256233547045,4296.48828125,20.239425763740993,0,106,382,0.0,0.0,0.05,0.6,0.05,0.2,0.1,260,897.6507067898415,3783.829927444458,373,0.1815264499858621,4333.3994140625,20.109025985087214,0,107,383,0.0,0.0,0.05,0.55,0.1,0.2,0.1
384,RecoveryExploration,0,NOOP,-0.010801,0.0,-0.037689,0,260,897.6507067898415,3783.829927444458,373,0.1815264499858621,4333.3994140625,20.109025985087214,0,107,383,0.0,0.0,0.05,0.55,0.1,0.2,0.1,156,603.081462965472,1814.3787384033203,376,0.18099399323159077,4355.439453125,20.032042120646793,0,108,384,0.0,0.0,0.1,0.5,0.1,0.2,0.1
385,RecoveryExploration,0,NOOP,-0.011266,0.0,-0.04552,0,156,603.081462965472,1814.3787384033203,376,0.18099399323159077,4355.439453125,20.032042120646793,0,108,384,0.0,0.0,0.1,0.5,0.1,0.2,0.1,176,653.7940054804809,2186.4826679229736,379,0.18054625981715863,4379.330078125,19.954977863174456,0,109,385,0.0,0.0,0.1,0.5,0.1,0.2,0.1
386,RecoveryExploration,0,NOOP,-0.01206,0.0,-0.042725,0,176,653.7940054804809,2186.4826679229736,379,0.18054625981715863,4379.330078125,19.954977863174456,0,109,385,0.0,0.0,0.1,0.5,0.1,0.2,0.1,262,894.6806788095106,2013.2160186767578,384,0.17969791094462076,4416.255859375,19.82994580271912,0,110,386,0.0,0.0,0.1,0.45,0.1,0.25,0.1
387,RecoveryExploration,0,NOOP,-0.012519,0.0,-0.029937,0,262,894.6806788095106,2013.2160186767578,384,0.17969791094462076,4416.255859375,19.82994580271912,0,110,386,0.0,0.0,0.1,0.45,0.1,0.25,0.1,180,703.6104532987388,1354.6764850616455,387,0.1792819395237807,4440.455078125,19.75503834978008,0,111,387,0.0,0.0,0.1,0.4,0.1,0.25,0.15
388,RecoveryExploration,0,NOOP,-0.012972,0.0,-0.047938,0,180,703.6104532987388,1354.6764850616455,387,0.1792819395237807,4440.455078125,19.75503834978008,0,111,387,0.0,0.0,0.1,0.4,0.1,0.25,0.15,183,699.8882378365366,2235.779047012329,390,0.17888770470252405,4465.037109375,19.680806720750567,0,112,388,0.0,0.0,0.05,0.4,0.1,0.3,0.15
389,RecoveryExploration,0,NOOP,-0.013576,0.0,-0.044626,0,183,699.8882378365366,2235.779047012329,390,0.17888770470252405,4465.037109375,19.680806720750567,0,112,388,0.0,0.0,0.05,0.4,0.1,0.3,0.15,244,838.5755468426723,2044.999599456787,394,0.17836773092976682,4497.720703125,19.58315817628649,0,113,389,0.0,0.0,0.05,0.4,0.1,0.3,0.15
390,RecoveryExploration,1,COMPACT_32KB,-0.267585,-0.045,0.07018,0,244,838.5755468426723,2044.999599456787,394,0.17836773092976682,4497.720703125,19.58315817628649,0,113,389,0.0,0.0,0.05,0.4,0.1,0.3,0.15,282,1006.082397462495,850.1739501953125,118,0.49491584907143804,3737.6044921875,20.570226997489097,0,0,390,0.0,0.0,0.1,0.35,0.1,0.3,0.15
391,RecoveryExploration,3,COMPACT_128KB,0.54625,-0.055,0.188095,0,282,1006.082397462495,850.1739501953125,118,0.49491584907143804,3737.6044921875,20.570226997489097,0,0,390,0.0,0.0,0.1,0.35,0.1,0.3,0.15,297,988.2275708660043,445.2705383300781,30,1.821490478515625,3497.26171875,9.943582624104355,0,0,391,0.0,0.0,0.1,0.3,0.15,0.3,0.15
392,RecoveryExploration,1,COMPACT_32KB,-0.177056,-0.045,0.16843,0,297,988.2275708660043,445.2705383300781,30,1.821490478515625,3497.26171875,9.943582624104355,0,0,391,0.0,0.0,0.1,0.3,0.15,0.3,0.15,283,999.489751548088,394.1226005554199,62,0.9125607398248488,3621.041015625,30.90864056391135,0,0,392,0.0,0.0,0.1,0.3,0.15,0.3,0.15
393,RecoveryExploration,2,COMPACT_64KB,0.283341,-0.05,0.183943,0,283,999.489751548088,394.1226005554199,62,0.9125607398248488,3621.041015625,30.90864056391135,0,0,392,0.0,0.0,0.1,0.3,0.15,0.3,0.15,167,678.858356819706,572.8332996368408,46,1.2187775321628735,3588.0810546875,15.936653118854611,0,0,393,0.0,0.0,0.1,0.25,0.2,0.3,0.15
394,RecoveryExploration,0,NOOP,0.19375,0.0,0.183911,0,167,678.858356819706,572.8332996368408,46,1.2187775321628735,3588.0810546875,15.936653118854611,0,0,393,0.0,0.0,0.1,0.25,0.2,0.3,0.15,225,783.3820326196675,554.4438362121582,50,1.1309381103515626,3619.001953125,24.578548397399143,0,1,394,0.0,0.0,0.1,0.3,0.2,0.3,0.1
395,RecoveryExploration,0,NOOP,0.193125,0.0,0.176638,0,225,783.3820326196675,554.4438362121582,50,1.1309381103515626,3619.001953125,24.578548397399143,0,1,394,0.0,0.0,0.1,0.3,0.2,0.3,0.1,271,696.9999607550724,893.1171894073486,55,1.0388427734375,3656.7265625,30.03344025270015,0,2,395,0.0,0.0,0.1,0.3,0.25,0.25,0.1
396,RecoveryExploration,0,NOOP,0.191014,0.0,0.185163,0,271,696.9999607550724,893.1171894073486,55,1.0388427734375,3656.7265625,30.03344025270015,0,2,395,0.0,0.0,0.1,0.3,0.25,0.25,0.1,167,468.2366395731348,365.0486469268799,58,0.9913193275188578,3679.77734375,32.04848759792275,0,3,396,0.0,0.0,0.1,0.3,0.25,0.25,0.1
397,RecoveryExploration,0,NOOP,0.176507,0.0,0.167268,0,167,468.2366395731348,365.0486469268799,58,0.9913193275188578,3679.77734375,32.04848759792275,0,3,396,0.0,0.0,0.1,0.3,0.25,0.25,0.1,267,864.8490274032268,540.7161712646484,63,0.9219110882471478,3717.1455078125,34.305445717968354,0,4,397,0.0,0.0,0.1,0.35,0.25,0.2,0.1
398,RecoveryExploration,0,NOOP,0.168853,0.0,0.160521,0,267,864.8490274032268,540.7161712646484,63,0.9219110882471478,3717.1455078125,34.305445717968354,0,4,397,0.0,0.0,0.1,0.35,0.25,0.2,0.1,170,588.0111098649531,499.0725517272949,66,0.8855139992453835,3740.4111328125,35.18876959859006,0,5,398,0.0,0.0,0.15,0.35,0.25,0.2,0.05
399,RecoveryExploration,0,NOOP,0.161804,0.0,0.154887,0,170,588.0111098649531,499.0725517272949,66,0.8855139992453835,3740.4111328125,35.18876959859006,0,5,398,0.0,0.0,0.15,0.35,0.25,0.2,0.05,163,614.445647562966,432.07788467407227,69,0.8521436608355978,3763.06640625,35.853081377654924,0,6,399,0.0,0.0,0.15,0.4,0.25,0.15,0.05
400,RecoveryExploration,0,NOOP,0.153365,0.0,0.138482,0,163,614.445647562966,432.07788467407227,69,0.8521436608355978,3763.06640625,35.853081377654924,0,6,399,0.0,0.0,0.15,0.4,0.25,0.15,0.05,244,851.1529839543373,835.4043960571289,73,0.8124483709465967,3795.7587890625,36.42677823758995,0,7,400,0.0,0.0,0.15,0.4,0.25,0.15,0.05
401,RecoveryExploration,0,NOOP,0.143897,0.0,0.132354,0,244,851.1529839543373,835.4043960571289,73,0.8124483709465967,3795.7587890625,36.42677823758995,0,7,400,0.0,0.0,0.15,0.4,0.25,0.15,0.05,289,920.5984771041587,674.6282577514648,78,0.7682346441806891,3835.02734375,36.86690744904475,0,8,401,0.0,0.0,0.2,0.35,0.25,0.15,0.05
402,RecoveryExploration,0,NOOP,0.137141,0.0,0.128844,0,289,920.5984771041587,674.6282577514648,78,0.7682346441806891,3835.02734375,36.86690744904475,0,8,401,0.0,0.0,0.2,0.35,0.25,0.15,0.05,242,885.9176716309005,517.341136932373,82,0.7369561544278773,3867.5458984375,37.02913152714013,0,9,402,0.0,0.0,0.2,0.4,0.25,0.1,0.05
403,RecoveryExploration,0,NOOP,0.132483,0.0,0.123498,0,242,885.9176716309005,517.341136932373,82,0.7369561544278773,3867.5458984375,37.02913152714013,0,9,402,0.0,0.0,0.2,0.4,0.25,0.1,0.05,188,760.6652241733076,555.4792881011963,85,0.7155402688419118,3892.5390625,37.06947969250832,0,10,403,0.0,0.0,0.25,0.4,0.2,0.1,0.05
404,RecoveryExploration,0,NOOP,0.126648,0.0,0.118364,0,188,760.6652241733076,555.4792881011963,85,0.7155402688419118,3892.5390625,37.06947969250832,0,10,403,0.0,0.0,0.25,0.4,0.2,0.1,0.05,230,846.0062422881257,525.4590511322021,89,0.6888638614268785,3923.7685546875,37.07194996109938,0,11,404,0.0,0.0,0.2,0.45,0.2,0.1,0.05
405,RecoveryExploration,0,NOOP,0.119944,0.0,0.112038,0,230,846.0062422881257,525.4590511322021,89,0.6888638614268785,3923.7685546875,37.07194996109938,0,11,404,0.0,0.0,0.2,0.45,0.2,0.1,0.05,270,934.9508979544323,512.7930641174316,94,0.6584717770840259,3961.3662109375,36.993369339581825,0,12,405,0.0,0.0,0.2,0.45,0.2,0.1,0.05
406,RecoveryExploration,0,NOOP,0.115046,0.0,0.107425,0,270,934.9508979544323,512.7930641174316,94,0.6584717770840259,3961.3662109375,36.993369339581825,0,12,405,0.0,0.0,0.2,0.45,0.2,0.1,0.05,222,738.6763259730308,503.5262107849121,98,0.6364783462213011,3991.9921875,36.866193389988275,0,13,406,0.0,0.0,0.2,0.45,0.2,0.05,0.1
407,RecoveryExploration,0,NOOP,0.110438,0.0,0.100933,0,222,738.6763259730308,503.5262107849121,98,0.6364783462213011,3991.9921875,36.866193389988275,0,13,406,0.0,0.0,0.2,0.45,0.2,0.05,0.1,202,656.1685368806086,602.7295589447021,102,0.615938523236443,4020.8466796875,36.7157496620789,0,14,407,0.0,0.0,0.2,0.45,0.2,0.1,0.05
408,RecoveryExploration,0,NOOP,0.105155,0.0,0.099455,0,202,656.1685368806086,602.7295589447021,102,0.615938523236443,4020.8466796875,36.7157496620789,0,14,407,0.0,0.0,0.2,0.45,0.2,0.1,0.05,269,906.6258589004627,418.7948703765869,107,0.5926523654260368,4058.4833984375,36.471850638924145,0,15,408,0.0,0.0,0.2,0.45,0.2,0.05,0.1
409,RecoveryExploration,0,NOOP,0.102285,0.0,0.092167,0,269,906.6258589004627,418.7948703765869,107,0.5926523654260368,4058.4833984375,36.471850638924145,0,15,408,0.0,0.0,0.2,0.45,0.2,0.05,0.1,199,729.3523873770747,643.3913707733154,110,0.5801738392223011,4084.423828125,36.2841847566919,0,16,409,0.0,0.0,0.2,0.45,0.2,0.05,0.1
410,RecoveryExploration,0,NOOP,0.099462,0.0,0.088201,0,199,729.3523873770747,643.3913707733154,110,0.5801738392223011,4084.423828125,36.2841847566919,0,16,409,0.0,0.0,0.2,0.45,0.2,0.05,0.1,166,620.6981228961032,704.2896747589111,113,0.5679363149457273,4107.3154296875,36.11052394892933,0,17,410,0.0,0.0,0.2,0.45,0.2,0.05,0.1
411,RecoveryExploration,0,NOOP,0.095874,0.0,0.084694,0,166,620.6981228961032,704.2896747589111,113,0.5679363149457273,4107.3154296875,36.11052394892933,0,17,410,0.0,0.0,0.2,0.45,0.2,0.05,0.1,211,798.0505378962081,705.2526473999023,117,0.5524949293870193,4137.08203125,35.87246041404357,0,18,411,0.0,0.0,0.25,0.45,0.15,0.05,0.1
412,RecoveryExploration,0,NOOP,0.091655,0.0,0.06366,0,211,798.0505378962081,705.2526473999023,117,0.5524949293870193,4137.08203125,35.87246041404357,0,18,411,0.0,0.0,0.25,0.45,0.15,0.05,0.1,258,893.1283886505482,1552.2656440734863,122,0.5345243860463627,4173.56640625,35.5649697520615,0,19,412,0.0,0.0,0.25,0.4,0.2,0.05,0.1
413,RecoveryExploration,0,NOOP,0.088542,0.0,0.077418,0,258,893.1283886505482,1552.2656440734863,122,0.5345243860463627,4173.56640625,35.5649697520615,0,19,412,0.0,0.0,0.25,0.4,0.2,0.05,0.1,230,833.4974252635217,713.6588096618652,126,0.5214580959743924,4205.0380859375,35.297177785522535,0,20,413,0.0,0.0,0.25,0.45,0.15,0.05,0.1
414,RecoveryExploration,0,NOOP,0.08489,0.0,0.059238,0,230,833.4974252635217,713.6588096618652,126,0.5214580959743924,4205.0380859375,35.297177785522535,0,20,413,0.0,0.0,0.25,0.45,0.15,0.05,0.1,296,968.5654579823639,1446.3379383087158,131,0.506322962637166,4245.01171875,34.95423491584649,0,21,414,0.0,0.0,0.25,0.4,0.2,0.05,0.1
415,RecoveryExploration,0,NOOP,0.082851,0.0,0.065739,0,296,968.5654579823639,1446.3379383087158,131,0.506322962637166,4245.01171875,34.95423491584649,0,21,414,0.0,0.0,0.25,0.4,0.2,0.05,0.1,198,295.1069214751221,1023.0896472930908,134,0.49800326219245566,4270.8759765625,34.73776694085841,0,22,415,0.0,0.0,0.25,0.45,0.15,0.05,0.1
416,RecoveryExploration,0,NOOP,0.079482,0.0,0.06608,0,198,295.1069214751221,1023.0896472930908,134,0.49800326219245566,4270.8759765625,34.73776694085841,0,22,415,0.0,0.0,0.25,0.45,0.15,0.05,0.1,267,650.9623470654707,843.8394069671631,139,0.48428377659200766,4308.1884765625,34.40643566215271,0,23,416,0.0,0.0,0.25,0.4,0.15,0.05,0.15
417,RecoveryExploration,0,NOOP,0.077604,0.0,0.054294,0,267,650.9623470654707,843.8394069671631,139,0.48428377659200766,4308.1884765625,34.40643566215271,0,23,416,0.0,0.0,0.25,0.4,0.15,0.05,0.15,185,478.62462373550454,1343.0206775665283,142,0.4767723620777399,4332.9072265625,34.19648089936699,0,24,417,0.0,0.0,0.25,0.4,0.15,0.05,0.15
418,RecoveryExploration,0,NOOP,0.074565,0.0,0.052396,0,185,478.62462373550454,1343.0206775665283,142,0.4767723620777399,4332.9072265625,34.19648089936699,0,24,417,0.0,0.0,0.25,0.4,0.15,0.05,0.15,285,684.8074721895363,1292.224645614624,147,0.4647001928212691,4371.8994140625,33.858834346560975,0,25,418,0.0,0.0,0.2,0.4,0.15,0.1,0.15
419,RecoveryExploration,0,NOOP,0.07284,0.0,0.050421,0,285,684.8074721895363,1292.224645614624,147,0.4647001928212691,4371.8994140625,33.858834346560975,0,25,418,0.0,0.0,0.2,0.4,0.15,0.1,0.15,182,461.50605959844506,1308.4709644317627,150,0.45795084635416666,4396.328125,33.65326979253105,0,26,419,0.0,0.0,0.2,0.4,0.15,0.1,0.15
420,RecoveryExploration,0,NOOP,0.070558,0.0,0.049317,0,182,461.50605959844506,1308.4709644317627,150,0.45795084635416666,4396.328125,33.65326979253105,0,26,419,0.0,0.0,0.2,0.4,0.15,0.1,0.15,210,436.4461899573218,1254.5650005340576,154,0.44904010326831373,4425.7392578125,33.394751330780004,0,27,420,0.0,0.0,0.2,0.45,0.1,0.1,0.15
421,RecoveryExploration,2,COMPACT_64KB,0.281716,-0.05,0.181715,0,210,436.4461899573218,1254.5650005340576,154,0.44904010326831373,4425.7392578125,33.394751330780004,0,27,420,0.0,0.0,0.2,0.45,0.1,0.1,0.15,249,602.3455761659836,619.2665100097656,59,1.1057030629303495,4175.134765625,19.968961149006013,0,0,421,0.0,0.0,0.15,0.5,0.1,0.1,0.15
422,RecoveryExploration,0,NOOP,0.192,0.0,0.185706,0,249,602.3455761659836,619.2665100097656,59,1.1057030629303495,4175.134765625,19.968961149006013,0,0,421,0.0,0.0,0.15,0.5,0.1,0.1,0.15,286,722.9654015671058,394.6831226348877,64,1.0288569927215576,4214.1982421875,25.633239536463797,0,1,422,0.0,0.0,0.15,0.45,0.1,0.1,0.2
423,RecoveryExploration,0,NOOP,0.184032,0.0,0.173314,0,286,722.9654015671058,394.6831226348877,64,1.0288569927215576,4214.1982421875,25.633239536463797,0,1,422,0.0,0.0,0.15,0.45,0.1,0.1,0.2,294,719.7592501256386,622.1358776092529,69,0.9632844786713088,4253.8642578125,28.93951760222762,0,2,423,0.0,0.0,0.1,0.5,0.1,0.1,0.2
424,RecoveryExploration,0,NOOP,0.176676,0.0,0.161913,0,294,719.7592501256386,622.1358776092529,69,0.9632844786713088,4253.8642578125,28.93951760222762,0,2,423,0.0,0.0,0.1,0.5,0.1,0.1,0.2,180,460.3723347817762,828.1633853912354,72,0.92838011847602,4277.9755859375,30.306766468969464,0,3,424,0.0,0.0,0.15,0.45,0.1,0.1,0.2
425,RecoveryExploration,0,NOOP,0.165475,0.0,0.153531,0,180,460.3723347817762,828.1633853912354,72,0.92838011847602,4277.9755859375,30.306766468969464,0,3,424,0.0,0.0,0.15,0.45,0.1,0.1,0.2,256,635.7715314291128,693.4518814086914,77,0.8754979913884943,4314.4541015625,32.018561815888724,0,4,425,0.0,0.0,0.15,0.45,0.1,0.1,0.2
426,RecoveryExploration,0,NOOP,0.155697,0.0,0.128556,0,256,635.7715314291128,693.4518814086914,77,0.8754979913884943,4314.4541015625,32.018561815888724,0,4,425,0.0,0.0,0.15,0.45,0.1,0.1,0.2,295,723.2353291887127,1459.5391750335693,82,0.8297329414181593,4354.4384765625,33.10060569327395,0,5,426,0.0,0.0,0.15,0.45,0.15,0.1,0.15
427,RecoveryExploration,0,NOOP,0.14852,0.0,0.131815,0,295,723.2353291887127,1459.5391750335693,82,0.8297329414181593,4354.4384765625,33.10060569327395,0,5,426,0.0,0.0,0.15,0.45,0.15,0.1,0.15,201,542.8869420076231,942.7449703216553,86,0.7963494589162428,4383.107421875,33.745664153192294,0,6,427,0.0,0.0,0.2,0.45,0.15,0.05,0.15
428,RecoveryExploration,0,NOOP,0.143536,0.0,0.132989,0,201,542.8869420076231,942.7449703216553,86,0.7963494589162428,4383.107421875,33.745664153192294,0,6,427,0.0,0.0,0.2,0.45,0.15,0.05,0.15,151,454.538535018362,638.585090637207,89,0.7733056572046173,4404.7490234375,34.10290566686763,0,7,428,0.0,0.0,0.2,0.45,0.15,0.1,0.1
429,RecoveryExploration,0,NOOP,0.137482,0.0,0.123124,0,151,454.538535018362,638.585090637207,89,0.7733056572046173,4404.7490234375,34.10290566686763,0,7,428,0.0,0.0,0.2,0.45,0.15,0.1,0.1,246,650.7148121356753,834.1410160064697,93,0.7455347532867104,4437.4228515625,34.4019316832514,0,8,429,0.0,0.0,0.25,0.4,0.15,0.1,0.1
430,RecoveryExploration,0,NOOP,0.133284,0.0,0.119625,0,246,650.7148121356753,834.1410160064697,93,0.7455347532867104,4437.4228515625,34.4019316832514,0,8,429,0.0,0.0,0.25,0.4,0.15,0.1,0.1,199,648.4135843709506,802.936315536499,96,0.7264178593953451,4463.111328125,34.54000684850545,0,9,430,0.0,0.0,0.2,0.4,0.15,0.15,0.1
431,RecoveryExploration,0,NOOP,0.126576,0.0,0.107522,0,199,648.4135843709506,802.936315536499,96,0.7264178593953451,4463.111328125,34.54000684850545,0,9,430,0.0,0.0,0.2,0.4,0.15,0.15,0.1,251,626.6609268747976,1078.9408683776855,101,0.6960039799756342,4498.9697265625,34.73952114157616,0,10,431,0.0,0.0,0.15,0.4,0.15,0.2,0.1
432,RecoveryExploration,0,NOOP,0.120509,0.0,0.107447,0,251,626.6609268747976,1078.9408683776855,101,0.6960039799756342,4498.9697265625,34.73952114157616,0,10,431,0.0,0.0,0.15,0.4,0.15,0.2,0.1,276,625.3871591273747,785.60471534729,106,0.6687930125110554,4537.091796875,34.80248214547702,0,11,432,0.0,0.0,0.15,0.4,0.1,0.2,0.15
433,RecoveryExploration,0,NOOP,0.114913,0.0,0.081689,0,276,625.3871591273747,785.60471534729,106,0.6687930125110554,4537.091796875,34.80248214547702,0,11,432,0.0,0.0,0.15,0.4,0.1,0.2,0.15,268,685.3926829967263,1799.966812133789,111,0.6439409685564471,4574.556640625,34.78903302945881,0,12,433,0.0,0.0,0.15,0.35,0.15,0.2,0.15
434,RecoveryExploration,0,NOOP,0.110771,0.0,0.095444,0,268,685.3926829967263,1799.966812133789,111,0.6439409685564471,4574.556640625,34.78903302945881,0,12,433,0.0,0.0,0.15,0.35,0.15,0.2,0.15,224,746.4722016750105,910.0759029388428,115,0.6257288393766983,4605.3642578125,34.72523489736018,0,13,434,0.0,0.0,0.15,0.35,0.1,0.25,0.15
435,RecoveryExploration,0,NOOP,0.107807,0.0,0.091329,0,224,746.4722016750105,910.0759029388428,115,0.6257288393766983,4605.3642578125,34.72523489736018,0,13,434,0.0,0.0,0.15,0.35,0.1,0.25,0.15,160,509.68783275333305,971.4341163635254,118,0.6127863738496425,4627.7626953125,34.661919766926175,0,14,435,0.0,0.0,0.15,0.35,0.1,0.25,0.15
436,RecoveryExploration,0,NOOP,0.103169,0.0,0.08634,0,160,509.68783275333305,971.4341163635254,118,0.6127863738496425,4627.7626953125,34.661919766926175,0,14,435,0.0,0.0,0.15,0.35,0.1,0.25,0.15,275,747.6758808628034,995.2054023742676,123,0.5927188532139228,4665.8828125,34.517472038949776,0,15,436,0.0,0.0,0.15,0.4,0.1,0.25,0.1
437,RecoveryExploration,0,NOOP,0.100572,0.0,0.084158,0,275,747.6758808628034,995.2054023742676,123,0.5927188532139228,4665.8828125,34.517472038949776,0,15,436,0.0,0.0,0.15,0.4,0.1,0.25,0.1,180,650.9788894704303,978.1954288482666,126,0.5816080002557664,4690.0869140625,34.4057950903157,0,16,437,0.0,0.0,0.15,0.35,0.1,0.3,0.1
438,RecoveryExploration,0,NOOP,0.098098,0.0,0.086373,0,180,650.9788894704303,978.1954288482666,126,0.5816080002557664,4690.0869140625,34.4057950903157,0,16,437,0.0,0.0,0.15,0.35,0.1,0.3,0.1,189,615.3299769461845,747.4613189697266,129,0.5711131724276284,4715.1103515625,34.2798814820055,0,17,438,0.0,0.0,0.15,0.35,0.1,0.25,0.15
439,RecoveryExploration,0,NOOP,0.094085,0.0,0.075543,0,189,615.3299769461845,747.4613189697266,129,0.5711131724276284,4715.1103515625,34.2798814820055,0,17,438,0.0,0.0,0.15,0.35,0.1,0.25,0.15,267,725.1586410355865,1094.5913791656494,134,0.5541731421627215,4752.5888671875,34.08059315628535,0,18,439,0.0,0.0,0.15,0.3,0.1,0.3,0.15
440,RecoveryExploration,0,NOOP,0.090379,0.0,0.057404,0,267,725.1586410355865,1094.5913791656494,134,0.5541731421627215,4752.5888671875,34.08059315628535,0,18,439,0.0,0.0,0.15,0.3,0.1,0.3,0.15,299,949.6870560991475,1822.4871158599854,139,0.5387696190703687,4792.89453125,33.84728080744046,0,19,440,0.0,0.0,0.15,0.25,0.15,0.3,0.15
441,RecoveryExploration,0,NOOP,0.087508,0.0,0.074966,0,299,949.6870560991475,1822.4871158599854,139,0.5387696190703687,4792.89453125,33.84728080744046,0,19,440,0.0,0.0,0.15,0.25,0.15,0.3,0.15,209,714.3051254053878,805.8497905731201,143,0.5269139429906031,4822.31640625,33.667702005871575,0,20,441,0.0,0.0,0.15,0.2,0.15,0.3,0.2
442,RecoveryExploration,0,NOOP,0.085442,0.0,0.047235,0,209,714.3051254053878,805.8497905731201,143,0.5269139429906031,4822.31640625,33.667702005871575,0,20,441,0.0,0.0,0.15,0.2,0.15,0.3,0.2,157,439.2603467091448,2092.878580093384,146,0.5184618806185788,4844.5078125,33.52768971321676,0,21,442,0.0,0.0,0.15,0.2,0.2,0.3,0.15
443,RecoveryExploration,0,NOOP,0.082159,0.0,0.061086,0,157,439.2603467091448,2092.878580093384,146,0.5184618806185788,4844.5078125,33.52768971321676,0,21,442,0.0,0.0,0.15,0.2,0.2,0.3,0.15,270,615.6970658130165,1242.4259185791016,151,0.5051718200279387,4881.98046875,33.28515647581919,0,22,443,0.0,0.0,0.15,0.2,0.2,0.3,0.15
444,RecoveryExploration,0,NOOP,0.079057,0.0,0.060196,0,270,615.6970658130165,1242.4259185791016,151,0.5051718200279387,4881.98046875,33.28515647581919,0,22,443,0.0,0.0,0.15,0.2,0.2,0.3,0.15,274,813.888675563991,1138.0457878112793,156,0.49278464684119594,4919.9619140625,33.03431571956672,0,23,444,0.0,0.0,0.1,0.2,0.2,0.35,0.15
445,RecoveryExploration,0,NOOP,0.077267,0.0,0.064306,0,274,813.888675563991,1138.0457878112793,156,0.49278464684119594,4919.9619140625,33.03431571956672,0,23,444,0.0,0.0,0.1,0.2,0.2,0.35,0.15,164,525.3888337683148,846.8365669250488,159,0.48571239927279874,4942.609375,32.882615721810915,0,24,445,0.0,0.0,0.1,0.15,0.2,0.35,0.2
446,RecoveryExploration,0,NOOP,0.07496,0.0,0.051429,0,164,525.3888337683148,846.8365669250488,159,0.48571239927279874,4942.609375,32.882615721810915,0,24,445,0.0,0.0,0.1,0.15,0.2,0.35,0.2,215,619.2453076362627,1380.3038597106934,163,0.4766763324386503,4972.6875,32.67942101608214,0,25,446,0.0,0.0,0.1,0.15,0.15,0.4,0.2
447,RecoveryExploration,0,NOOP,0.073286,0.0,0.05563,0,215,619.2453076362627,1380.3038597106934,163,0.4766763324386503,4972.6875,32.67942101608214,0,25,446,0.0,0.0,0.1,0.15,0.15,0.4,0.2,161,430.39148194674686,1090.3301239013672,166,0.470181936241058,4995.212890625,32.52646303748802,0,26,447,0.0,0.0,0.1,0.15,0.15,0.4,0.2
448,RecoveryExploration,0,NOOP,0.071155,0.0,0.058581,0,161,430.39148194674686,1090.3301239013672,166,0.470181936241058,4995.212890625,32.52646303748802,0,26,447,0.0,0.0,0.1,0.15,0.15,0.4,0.2,232,626.8882618364734,841.1946296691895,170,0.4620235667509191,5026.81640625,32.315801484038325,0,27,448,0.0,0.0,0.1,0.15,0.15,0.35,0.25
449,RecoveryExploration,0,NOOP,0.069567,0.0,0.024139,0,232,626.8882618364734,841.1946296691895,170,0.4620235667509191,5026.81640625,32.315801484038325,0,27,448,0.0,0.0,0.1,0.15,0.15,0.35,0.25,150,528.9609290070027,2487.658977508545,173,0.45596040053174675,5048.3935546875,32.166420541879255,0,28,449,0.0,0.0,0.05,0.15,0.2,0.35,0.25
450,RecoveryExploration,0,NOOP,0.067063,0.0,0.051538,0,150,528.9609290070027,2487.658977508545,173,0.45596040053174675,5048.3935546875,32.166420541879255,0,28,449,0.0,0.0,0.05,0.15,0.2,0.35,0.25,284,756.5075000905002,998.753547668457,178,0.44656320636192065,5087.248046875,31.906679393401838,0,29,450,0.0,0.0,0.05,0.15,0.2,0.3,0.3
451,RecoveryExploration,0,NOOP,0.065126,0.0,0.03785,0,284,756.5075000905002,998.753547668457,178,0.44656320636192065,5087.248046875,31.906679393401838,0,29,450,0.0,0.0,0.05,0.15,0.2,0.3,0.3,223,605.4345565056411,1591.3376808166504,182,0.4393822806222098,5117.9248046875,31.70156250907686,0,30,451,0.0,0.0,0.05,0.15,0.2,0.3,0.3
452,RecoveryExploration,0,NOOP,0.063273,0.0,0.039081,0,223,605.4345565056411,1591.3376808166504,182,0.4393822806222098,5117.9248046875,31.70156250907686,0,30,451,0.0,0.0,0.05,0.15,0.2,0.3,0.3,236,604.6249825915927,1442.103624343872,186,0.432617433609501,5149.8779296875,31.49340466162858,0,31,452,0.0,0.0,0.05,0.15,0.2,0.35,0.25
453,RecoveryExploration,0,NOOP,0.060982,0.0,0.038082,0,236,604.6249825915927,1442.103624343872,186,0.432617433609501,5149.8779296875,31.49340466162858,0,31,452,0.0,0.0,0.05,0.15,0.2,0.35,0.25,258,700.2847602234428,1383.7440013885498,191,0.42428540933818715,5186.46484375,31.246877380947314,0,32,453,0.0,0.0,0.05,0.2,0.15,0.35,0.25
454,RecoveryExploration,0,NOOP,0.05877,0.0,0.044898,0,258,700.2847602234428,1383.7440013885498,191,0.42428540933818715,5186.46484375,31.246877380947314,0,32,453,0.0,0.0,0.05,0.2,0.15,0.35,0.25,253,703.6942140594423,938.605546951294,196,0.41635022844587055,5222.697265625,31.003793445599495,0,33,454,0.0,0.0,0.05,0.2,0.15,0.3,0.3
455,RecoveryExploration,0,NOOP,0.057546,0.0,0.032271,0,253,703.6942140594423,938.605546951294,196,0.41635022844587055,5222.697265625,31.003793445599495,0,33,454,0.0,0.0,0.05,0.2,0.15,0.3,0.3,197,672.2745732980331,1512.4762058258057,199,0.41210477436008164,5248.56640625,30.846697560090522,0,34,455,0.0,0.0,0.05,0.2,0.15,0.3,0.3
456,RecoveryExploration,0,NOOP,0.055451,0.0,0.0266,0,197,672.2745732980331,1512.4762058258057,199,0.41210477436008164,5248.56640625,30.846697560090522,0,34,455,0.0,0.0,0.05,0.2,0.15,0.3,0.3,250,678.3575943696195,1697.5517272949219,204,0.4047545638738894,5284.4755859375,30.609361761723274,0,35,456,0.0,0.0,0.1,0.15,0.15,0.3,0.3
457,RecoveryExploration,0,NOOP,0.053862,0.0,-0.002426,0,250,678.3575943696195,1697.5517272949219,204,0.4047545638738894,5284.4755859375,30.609361761723274,0,35,456,0.0,0.0,0.1,0.15,0.15,0.3,0.3,227,546.4470915580544,3074.369192123413,208,0.3993076177743765,5315.5830078125,30.414730863247485,0,36,457,0.0,0.0,0.1,0.15,0.2,0.25,0.3
458,RecoveryExploration,0,NOOP,0.052343,0.0,0.023129,0,227,546.4470915580544,3074.369192123413,208,0.3993076177743765,5315.5830078125,30.414730863247485,0,36,457,0.0,0.0,0.1,0.15,0.2,0.25,0.3,248,659.5055943262304,1725.6908416748047,212,0.39421412629901237,5348.697265625,30.217068976832525,0,37,458,0.0,0.0,0.1,0.15,0.2,0.3,0.25
459,RecoveryExploration,0,NOOP,0.050797,0.0,0.023089,0,248,659.5055943262304,1725.6908416748047,212,0.39421412629901237,5348.697265625,30.217068976832525,0,37,458,0.0,0.0,0.1,0.15,0.2,0.3,0.25,200,542.787205696135,1655.3914546966553,216,0.3889853159586589,5377.3330078125,30.034093660069434,0,38,459,0.0,0.0,0.1,0.2,0.2,0.25,0.25
460,RecoveryExploration,0,NOOP,0.049335,0.0,-0.002979,0,200,542.787205696135,1655.3914546966553,216,0.3889853159586589,5377.3330078125,30.034093660069434,0,38,459,0.0,0.0,0.1,0.2,0.2,0.25,0.25,236,629.8002186170626,2890.695810317993,220,0.3841758034446023,5409.1953125,29.84477709211338,0,39,460,0.0,0.0,0.1,0.2,0.2,0.25,0.25
461,RecoveryExploration,0,NOOP,0.047515,0.0,0.017528,0,236,629.8002186170626,2890.695810317993,220,0.3841758034446023,5409.1953125,29.84477709211338,0,39,460,0.0,0.0,0.1,0.2,0.2,0.25,0.25,261,777.2159607413813,1780.6308269500732,225,0.37820122612847223,5446.09765625,29.619093709924996,0,40,461,0.0,0.0,0.1,0.2,0.2,0.3,0.2
462,RecoveryExploration,0,NOOP,0.046462,0.0,0.011959,0,261,777.2159607413813,1780.6308269500732,225,0.37820122612847223,5446.09765625,29.619093709924996,0,40,461,0.0,0.0,0.1,0.2,0.2,0.3,0.2,169,465.7691988245993,2010.1308822631836,228,0.3748081274199904,5469.2001953125,29.483028602506383,0,41,462,0.0,0.0,0.1,0.25,0.15,0.3,0.2
463,RecoveryExploration,0,NOOP,0.044723,0.0,0.020067,0,169,465.7691988245993,2010.1308822631836,228,0.3748081274199904,5469.2001953125,29.483028602506383,0,41,462,0.0,0.0,0.1,0.25,0.15,0.3,0.2,264,640.264372893822,1524.0490436553955,233,0.3692416080589458,5506.130859375,29.26307631440689,0,42,463,0.0,0.0,0.1,0.25,0.15,0.3,0.2
464,RecoveryExploration,0,NOOP,0.043369,0.0,0.016705,0,264,640.264372893822,1524.0490436553955,233,0.3692416080589458,5506.130859375,29.26307631440689,0,42,463,0.0,0.0,0.1,0.25,0.15,0.3,0.2,212,695.04052327022,1629.4682025909424,237,0.3649711769844409,5535.8828125,29.089227365552343,0,43,464,0.0,0.0,0.15,0.25,0.15,0.25,0.2
465,RecoveryExploration,2,COMPACT_64KB,0.279591,-0.05,0.164631,0,212,695.04052327022,1629.4682025909424,237,0.3649711769844409,5535.8828125,29.089227365552343,0,43,464,0.0,0.0,0.15,0.25,0.15,0.25,0.2,192,571.822616389089,1388.4665966033936,76,1.0462710731907894,5089.0625,19.29959516365081,0,0,465,0.0,0.0,0.15,0.25,0.2,0.25,0.15
466,RecoveryExploration,2,COMPACT_64KB,0.279591,-0.05,0.17776,0,192,571.822616389089,1388.4665966033936,76,1.0462710731907894,5089.0625,19.29959516365081,0,0,465,0.0,0.0,0.15,0.25,0.2,0.25,0.15,150,416.1951761639522,731.9812774658203,76,1.0489357396175987,5102.0234375,18.951992653424323,0,0,466,0.0,0.0,0.2,0.25,0.2,0.2,0.15
467,RecoveryExploration,1,COMPACT_32KB,-0.161568,-0.045,0.179191,0,150,416.1951761639522,731.9812774658203,76,1.0489357396175987,5102.0234375,18.951992653424323,0,0,466,0.0,0.0,0.2,0.25,0.2,0.2,0.15,280,659.681428734326,650.4738330841064,78,1.028047806177384,5132.0146484375,20.494395620495716,0,0,467,0.0,0.0,0.15,0.3,0.2,0.2,0.15
468,RecoveryExploration,3,COMPACT_128KB,0.543625,-0.055,0.187743,0,280,659.681428734326,650.4738330841064,78,1.028047806177384,5132.0146484375,20.494395620495716,0,0,467,0.0,0.0,0.15,0.3,0.2,0.2,0.15,223,578.4359609597539,357.8650951385498,51,1.5537851371017157,5071.5546875,15.862723421270925,0,0,468,0.0,0.0,0.15,0.3,0.2,0.2,0.15
469,RecoveryExploration,0,NOOP,0.193125,0.0,0.181484,0,223,578.4359609597539,357.8650951385498,51,1.5537851371017157,5071.5546875,15.862723421270925,0,0,468,0.0,0.0,0.15,0.3,0.2,0.2,0.15,241,656.9452893977817,650.7928371429443,55,1.4499539462002842,5103.837890625,28.397819445287798,0,1,469,0.0,0.0,0.2,0.3,0.15,0.2,0.15
470,RecoveryExploration,0,NOOP,0.1925,0.0,0.18138,0,241,656.9452893977817,650.7928371429443,55,1.4499539462002842,5103.837890625,28.397819445287798,0,1,469,0.0,0.0,0.2,0.3,0.15,0.2,0.15,293,738.4941518078197,630.9957504272461,60,1.3394462585449218,5143.4736328125,36.02279276965277,0,2,470,0.0,0.0,0.2,0.35,0.15,0.2,0.1
471,RecoveryExploration,0,NOOP,0.191875,0.0,0.180725,0,293,738.4941518078197,630.9957504272461,60,1.3394462585449218,5143.4736328125,36.02279276965277,0,2,470,0.0,0.0,0.2,0.35,0.15,0.2,0.1,276,738.1061072089856,638.7338638305664,65,1.245562509390024,5181.5400390625,40.450790190512855,0,3,471,0.0,0.0,0.2,0.4,0.15,0.15,0.1
472,RecoveryExploration,0,NOOP,0.191375,0.0,0.178885,0,276,738.1061072089856,638.7338638305664,65,1.245562509390024,5181.5400390625,40.450790190512855,0,3,471,0.0,0.0,0.2,0.4,0.15,0.15,0.1,244,667.3910746298051,710.7553482055664,69,1.1807211171025815,5214.064453125,42.70803480980309,0,4,472,0.0,0.0,0.25,0.4,0.15,0.1,0.1
473,RecoveryExploration,0,NOOP,0.19075,0.0,0.168264,0,244,667.3910746298051,710.7553482055664,69,1.1807211171025815,5214.064453125,42.70803480980309,0,4,472,0.0,0.0,0.25,0.4,0.15,0.1,0.1,294,793.9410212661846,1216.7973518371582,74,1.1093537614152238,5253.8994140625,44.619367062775964,0,5,473,0.0,0.0,0.25,0.35,0.2,0.1,0.1
474,RecoveryExploration,0,NOOP,0.19025,0.0,0.166645,0,294,793.9410212661846,1216.7973518371582,74,1.1093537614152238,5253.8994140625,44.619367062775964,0,5,473,0.0,0.0,0.25,0.35,0.2,0.1,0.1,223,570.5129829809192,1277.7745723724365,78,1.0586172250600963,5284.6171875,45.66246596677355,0,6,474,0.0,0.0,0.25,0.35,0.25,0.1,0.05
475,RecoveryExploration,0,NOOP,0.189875,0.0,0.176491,0,223,570.5129829809192,1277.7745723724365,78,1.0586172250600963,5284.6171875,45.66246596677355,0,6,474,0.0,0.0,0.25,0.35,0.25,0.1,0.05,199,541.0507163845705,770.4265117645264,81,1.0244442033179013,5310.71875,46.18215444754672,0,7,475,0.0,0.0,0.25,0.35,0.25,0.1,0.05
476,RecoveryExploration,0,NOOP,0.183673,0.0,0.167152,0,199,541.0507163845705,770.4265117645264,81,1.0244442033179013,5310.71875,46.18215444754672,0,7,475,0.0,0.0,0.25,0.35,0.25,0.1,0.05,295,747.3641713045232,933.5548877716064,86,0.9721152726994005,5350.5224609375,46.80996046468486,0,8,476,0.0,0.0,0.25,0.35,0.25,0.1,0.05
477,RecoveryExploration,0,NOOP,0.177583,0.0,0.162249,0,295,747.3641713045232,933.5548877716064,86,0.9721152726994005,5350.5224609375,46.80996046468486,0,8,476,0.0,0.0,0.25,0.35,0.25,0.1,0.05,176,429.7625260015358,877.9275417327881,89,0.9435381942920471,5374.3935546875,47.04734749880553,0,9,477,0.0,0.0,0.3,0.35,0.2,0.1,0.05
478,RecoveryExploration,0,NOOP,0.170072,0.0,0.155427,0,176,429.7625260015358,877.9275417327881,89,0.9435381942920471,5374.3935546875,47.04734749880553,0,9,477,0.0,0.0,0.3,0.35,0.2,0.1,0.05,247,616.6713619718377,848.5004901885986,93,0.9084869712911626,5407.314453125,47.22712760664615,0,10,478,0.0,0.0,0.3,0.35,0.2,0.1,0.05
479,RecoveryExploration,0,NOOP,0.161343,0.0,0.133909,0,247,616.6713619718377,848.5004901885986,93,0.9084869712911626,5407.314453125,47.22712760664615,0,10,478,0.0,0.0,0.3,0.35,0.2,0.1,0.05,259,579.4445801056023,1494.1880702972412,98,0.8679625842036033,5443.861328125,47.34803329569521,0,11,479,0.0,0.0,0.3,0.3,0.25,0.1,0.05
480,RecoveryExploration,0,NOOP,0.15351,0.0,0.138049,0,259,579.4445801056023,1494.1880702972412,98,0.8679625842036033,5443.861328125,47.34803329569521,0,11,479,0.0,0.0,0.3,0.3,0.25,0.1,0.05,299,931.0849166988388,901.824951171875,103,0.8319259199123938,5484.0556640625,47.299276424266885,0,12,480,0.0,0.0,0.35,0.3,0.2,0.1,0.05
481,RecoveryExploration,0,NOOP,0.14623,0.0,0.130951,0,299,931.0849166988388,901.824951171875,103,0.8319259199123938,5484.0556640625,47.299276424266885,0,12,480,0.0,0.0,0.35,0.3,0.2,0.1,0.05,255,656.2667902033754,898.9667892456055,108,0.7986512360749422,5520.27734375,47.190835717827994,0,13,481,0.0,0.0,0.35,0.35,0.2,0.05,0.05
482,RecoveryExploration,0,NOOP,0.139642,0.0,0.123219,0,255,656.2667902033754,898.9667892456055,108,0.7986512360749422,5520.27734375,47.190835717827994,0,13,481,0.0,0.0,0.35,0.35,0.2,0.05,0.05,294,737.8359944784604,962.3730182647705,113,0.7688327215414131,5560.1982421875,46.977917138319675,0,14,482,0.0,0.0,0.35,0.35,0.2,0.05,0.05
483,RecoveryExploration,0,NOOP,0.1335,0.0,0.122736,0,294,737.8359944784604,962.3730182647705,113,0.7688327215414131,5560.1982421875,46.977917138319675,0,14,482,0.0,0.0,0.35,0.35,0.2,0.05,0.05,272,631.6733384014082,685.7125759124756,118,0.741249213784428,5597.9140625,46.729491128747924,0,15,483,0.0,0.0,0.35,0.3,0.2,0.05,0.1
484,RecoveryExploration,0,NOOP,0.127779,0.0,0.114561,0,272,631.6733384014082,685.7125759124756,118,0.741249213784428,5597.9140625,46.729491128747924,0,15,483,0.0,0.0,0.35,0.3,0.2,0.05,0.1,258,549.4436827177632,814.6631717681885,123,0.7157709385321392,5634.548828125,46.447991173803764,0,16,484,0.0,0.0,0.35,0.3,0.2,0.05,0.1
485,RecoveryExploration,0,NOOP,0.124599,0.0,0.093959,0,258,549.4436827177632,814.6631717681885,123,0.7157709385321392,5634.548828125,46.447991173803764,0,16,484,0.0,0.0,0.35,0.3,0.2,0.05,0.1,181,528.6637145155169,1689.4819736480713,126,0.7017437162853423,5658.861328125,46.24873916568761,0,17,485,0.0,0.0,0.35,0.3,0.2,0.05,0.1
486,RecoveryExploration,0,NOOP,0.120494,0.0,0.102522,0,181,528.6637145155169,1689.4819736480713,126,0.7017437162853423,5658.861328125,46.24873916568761,0,17,485,0.0,0.0,0.35,0.3,0.2,0.05,0.1,212,731.5000551179936,1061.1164569854736,130,0.683722158578726,5688.568359375,45.98750726380055,0,18,486,0.0,0.0,0.35,0.3,0.2,0.05,0.1
487,RecoveryExploration,0,NOOP,0.11566,0.0,0.097723,0,212,731.5000551179936,1061.1164569854736,130,0.683722158578726,5688.568359375,45.98750726380055,0,18,486,0.0,0.0,0.35,0.3,0.2,0.05,0.1,262,638.4729093919763,1065.6189918518066,135,0.6626758716724537,5725.51953125,45.64496321597128,0,19,487,0.0,0.0,0.35,0.3,0.2,0.05,0.1
488,RecoveryExploration,0,NOOP,0.112989,0.0,0.084464,0,262,638.4729093919763,1065.6189918518066,135,0.6626758716724537,5725.51953125,45.64496321597128,0,19,487,0.0,0.0,0.35,0.3,0.2,0.05,0.1,197,477.29889310829657,1598.7536907196045,138,0.6511932594188745,5751.3388671875,45.412769068176026,0,20,488,0.0,0.0,0.35,0.3,0.2,0.1,0.05
489,RecoveryExploration,0,NOOP,0.108615,0.0,0.06764,0,197,477.29889310829657,1598.7536907196045,138,0.6511932594188745,5751.3388671875,45.412769068176026,0,20,488,0.0,0.0,0.35,0.3,0.2,0.1,0.05,262,739.4315305567667,2227.4677753448486,143,0.6324492767974214,5788.17578125,45.05220270916094,0,21,489,0.0,0.0,0.3,0.3,0.25,0.1,0.05
490,RecoveryExploration,0,NOOP,0.106167,0.0,0.085552,0,262,739.4315305567667,2227.4677753448486,143,0.6324492767974214,5788.17578125,45.05220270916094,0,21,489,0.0,0.0,0.3,0.3,0.25,0.1,0.05,185,526.6633227563505,1213.2534980773926,146,0.6220849442155394,5812.76171875,44.81991358208401,0,22,490,0.0,0.0,0.3,0.3,0.25,0.1,0.05
491,RecoveryExploration,0,NOOP,0.103026,0.0,0.083427,0,185,526.6633227563505,1213.2534980773926,146,0.6220849442155394,5812.76171875,44.81991358208401,0,22,490,0.0,0.0,0.3,0.3,0.25,0.1,0.05,242,614.5437112928938,1167.468786239624,150,0.6088801066080729,5845.2490234375,44.51000070545625,0,23,491,0.0,0.0,0.3,0.25,0.25,0.15,0.05
492,RecoveryExploration,0,NOOP,0.099945,0.0,0.080557,0,242,614.5437112928938,1167.468786239624,150,0.6088801066080729,5845.2490234375,44.51000070545625,0,23,491,0.0,0.0,0.3,0.25,0.25,0.15,0.05,200,619.2093031152356,1161.8938446044922,154,0.5959736217151989,5873.916015625,44.21650334682608,0,24,492,0.0,0.0,0.3,0.25,0.25,0.15,0.05
493,RecoveryExploration,0,NOOP,0.096331,0.0,0.074064,0,200,619.2093031152356,1161.8938446044922,154,0.5959736217151989,5873.916015625,44.21650334682608,0,24,492,0.0,0.0,0.3,0.25,0.25,0.15,0.05,280,780.4528254741243,1312.1092319488525,159,0.5810285844143082,5912.546875,43.83588642628095,0,25,493,0.0,0.0,0.3,0.3,0.2,0.15,0.05
494,RecoveryExploration,0,NOOP,0.093561,0.0,0.075784,0,280,780.4528254741243,1312.1092319488525,159,0.5810285844143082,5912.546875,43.83588642628095,0,25,493,0.0,0.0,0.3,0.3,0.2,0.15,0.05,219,569.4740778581809,1092.5748348236084,163,0.569679119835602,5942.892578125,43.534357848431384,0,26,494,0.0,0.0,0.35,0.3,0.15,0.15,0.05
495,RecoveryExploration,0,NOOP,0.09161,0.0,0.053347,0,219,569.4740778581809,1092.5748348236084,163,0.569679119835602,5942.892578125,43.534357848431384,0,26,494,0.0,0.0,0.35,0.3,0.15,0.15,0.05,197,543.1511286315946,2120.6510066986084,166,0.5617991987481175,5968.5546875,43.29762215757361,0,27,495,0.0,0.0,0.35,0.25,0.2,0.15,0.05
496,RecoveryExploration,0,NOOP,0.089661,0.0,0.076494,0,197,543.1511286315946,2120.6510066986084,166,0.5617991987481175,5968.5546875,43.29762215757361,0,27,495,0.0,0.0,0.35,0.25,0.2,0.15,0.05,164,533.4985764133683,869.5833683013916,169,0.5539302487345137,5991.3095703125,43.07348605617837,0,28,496,0.0,0.0,0.3,0.25,0.2,0.15,0.1
497,RecoveryExploration,0,NOOP,0.087746,0.0,0.043151,0,164,533.4985764133683,869.5833683013916,169,0.5539302487345137,5991.3095703125,43.07348605617837,0,28,496,0.0,0.0,0.3,0.25,0.2,0.15,0.1,150,424.51753512929946,2444.777250289917,172,0.5462307597315589,6012.908203125,42.85480697751236,0,29,497,0.0,0.0,0.25,0.25,0.25,0.15,0.1
498,RecoveryExploration,0,NOOP,0.085903,0.0,0.071826,0,150,424.51753512929946,2444.777250289917,172,0.5462307597315589,6012.908203125,42.85480697751236,0,29,497,0.0,0.0,0.25,0.25,0.25,0.15,0.1,164,557.5352912474204,922.6236343383789,175,0.5388914271763393,6035.583984375,42.63323235728466,0,30,498,0.0,0.0,0.25,0.25,0.25,0.1,0.15
499,RecoveryExploration,0,NOOP,0.083501,0.0,0.035786,0,164,557.5352912474204,922.6236343383789,175,0.5388914271763393,6035.583984375,42.63323235728466,0,30,498,0.0,0.0,0.25,0.25,0.25,0.1,0.15,203,537.7710188260721,2609.5147132873535,179,0.5293804147390014,6064.58203125,42.344410700515425,0,31,499,0.0,0.0,0.25,0.25,0.25,0.1,0.15
500,RecoveryExploration,0,NOOP,0.081795,0.0,0.059799,0,203,537.7710188260721,2609.5147132873535,179,0.5293804147390014,6064.58203125,42.344410700515425,0,31,499,0.0,0.0,0.25,0.25,0.25,0.1,0.15,178,588.9719243078899,1327.3322582244873,182,0.5227273794320914,6088.728515625,42.12134201943455,0,32,500,0.0,0.0,0.25,0.25,0.25,0.1,0.15
501,RecoveryExploration,0,NOOP,0.081253,0.0,0.044405,0,178,588.9719243078899,1327.3322582244873,182,0.5227273794320914,6088.728515625,42.12134201943455,0,32,500,0.0,0.0,0.25,0.25,0.25,0.1,0.15,69,273.50537358005556,2071.1469650268555,183,0.5206383043299607,6097.7158203125,42.04438549501901,0,33,501,0.0,0.0,0.25,0.2,0.3,0.1,0.15
502,RecoveryExploration,0,NOOP,0.080701,0.0,0.05768,0,69,273.50537358005556,2071.1469650268555,183,0.5206383043299607,6097.7158203125,42.04438549501901,0,33,501,0.0,0.0,0.25,0.2,0.3,0.1,0.15,61,275.7557680721431,1381.0336589813232,184,0.5185033549433169,6105.8955078125,41.97029699875137,0,34,502,0.0,0.0,0.3,0.15,0.3,0.1,0.15
503,RecoveryExploration,0,NOOP,0.080171,0.0,0.064582,0,61,275.7557680721431,1381.0336589813232,184,0.5185033549433169,6105.8955078125,41.97029699875137,0,34,502,0.0,0.0,0.3,0.15,0.3,0.1,0.15,72,303.48149957038845,1010.6964111328125,185,0.516477512668919,6115.09375,41.89322503615077,0,35,503,0.0,0.0,0.35,0.15,0.3,0.1,0.1
504,RecoveryExploration,0,NOOP,0.079628,0.0,0.060666,0,72,303.48149957038845,1010.6964111328125,185,0.516477512668919,6115.09375,41.89322503615077,0,35,503,0.0,0.0,0.35,0.15,0.3,0.1,0.1,61,254.4626689024548,1180.612325668335,186,0.5143904327064432,6123.3037109375,41.81954279321761,0,36,504,0.0,0.0,0.35,0.15,0.3,0.1,0.1
505,RecoveryExploration,0,NOOP,0.07906,0.0,0.06188,0,61,254.4626689024548,1180.612325668335,186,0.5143904327064432,6123.3037109375,41.81954279321761,0,36,504,0.0,0.0,0.35,0.15,0.3,0.1,0.1,41,162.27767539079272,1092.7484035491943,187,0.5121725969773563,6129.681640625,41.75211577038182,0,37,505,0.0,0.0,0.4,0.15,0.25,0.1,0.1
506,RecoveryExploration,0,NOOP,0.078482,0.0,0.061787,0,41,162.27767539079272,1092.7484035491943,187,0.5121725969773563,6129.681640625,41.75211577038182,0,37,505,0.0,0.0,0.4,0.15,0.25,0.1,0.1,31,129.58826660075468,1069.711446762085,188,0.5099084732380319,6135.21875,41.68770202486743,0,38,506,0.0,0.0,0.35,0.2,0.25,0.1,0.1
507,RecoveryExploration,0,NOOP,0.077964,0.0,0.060791,0,31,129.58826660075468,1069.711446762085,188,0.5099084732380319,6135.21875,41.68770202486743,0,38,506,0.0,0.0,0.35,0.2,0.25,0.1,0.1,70,301.12056154227207,1094.9256420135498,189,0.5079464382595487,6144.1201171875,41.61250617590346,0,39,507,0.0,0.0,0.35,0.2,0.25,0.1,0.1
508,RecoveryExploration,0,NOOP,0.077405,0.0,0.060155,0,70,301.12056154227207,1094.9256420135498,189,0.5079464382595487,6144.1201171875,41.61250617590346,0,39,507,0.0,0.0,0.35,0.2,0.25,0.1,0.1,38,134.49612081259568,1100.0001430511475,190,0.5057750501130757,6150.224609375,41.54645720536603,0,40,508,0.0,0.0,0.35,0.2,0.25,0.1,0.1
509,RecoveryExploration,0,NOOP,0.076892,0.0,0.066651,0,38,134.49612081259568,1100.0001430511475,190,0.5057750501130757,6150.224609375,41.54645720536603,0,40,508,0.0,0.0,0.35,0.2,0.25,0.1,0.1,66,273.0812128960468,750.807523727417,191,0.5038347493915658,6158.8759765625,41.47250462028968,0,41,509,0.0,0.0,0.35,0.2,0.2,0.1,0.15
510,RecoveryExploration,0,NOOP,0.076343,0.0,0.059285,0,66,273.0812128960468,750.807523727417,191,0.5038347493915658,6158.8759765625,41.47250462028968,0,41,509,0.0,0.0,0.35,0.2,0.2,0.1,0.15,39,169.1347791696178,1092.879295349121,192,0.5017127990722656,6165.046875,41.406576945283916,0,42,510,0.0,0.0,0.35,0.2,0.2,0.1,0.15
511,RecoveryExploration,0,NOOP,0.075843,0.0,0.058864,0,39,169.1347791696178,1092.879295349121,192,0.5017127990722656,6165.046875,41.406576945283916,0,42,510,0.0,0.0,0.35,0.2,0.2,0.1,0.15,70,298.7161974489178,1090.1837348937988,193,0.49983911069563636,6174.0126953125,41.33219345584639,0,43,511,0.0,0.0,0.4,0.2,0.2,0.05,0.15
512,RecoveryExploration,0,NOOP,0.075332,0.0,0.036289,0,70,298.7161974489178,1090.1837348937988,193,0.49983911069563636,6174.0126953125,41.33219345584639,0,43,511,0.0,0.0,0.4,0.2,0.2,0.05,0.15,60,174.51846201322456,2194.6308612823486,194,0.49790860205581505,6182.033203125,41.26087875478227,0,44,512,0.0,0.0,0.35,0.2,0.25,0.05,0.15
513,RecoveryExploration,0,NOOP,0.074845,0.0,0.054381,0,60,174.51846201322456,2194.6308612823486,194,0.49790860205581505,6182.033203125,41.26087875478227,0,44,512,0.0,0.0,0.35,0.2,0.25,0.05,0.15,75,309.64480296087766,1266.9451236724854,195,0.4960984450120192,6191.30859375,41.18618322560884,0,45,513,0.0,0.0,0.4,0.15,0.25,0.05,0.15
514,RecoveryExploration,0,NOOP,0.074315,0.0,0.03389,0,75,309.64480296087766,1266.9451236724854,195,0.4960984450120192,6191.30859375,41.18618322560884,0,45,513,0.0,0.0,0.4,0.15,0.25,0.05,0.15,41,158.56312319622324,2266.246795654297,196,0.49407593084841356,6197.6884765625,41.12039245356255,0,46,514,0.0,0.0,0.35,0.15,0.3,0.05,0.15
515,RecoveryExploration,0,NOOP,0.073824,0.0,0.053632,0,41,158.56312319622324,2266.246795654297,196,0.49407593084841356,6197.6884765625,41.12039245356255,0,46,514,0.0,0.0,0.35,0.15,0.3,0.05,0.15,65,262.0653803858842,1255.8186054229736,197,0.49224427508823765,6206.2158203125,41.04834786520291,0,47,515,0.0,0.0,0.4,0.15,0.25,0.05,0.15
516,RecoveryExploration,0,NOOP,0.073341,0.0,0.061595,0,65,262.0653803858842,1255.8186054229736,197,0.49224427508823765,6206.2158203125,41.04834786520291,0,47,515,0.0,0.0,0.4,0.15,0.25,0.05,0.15,69,269.52292239994415,834.8121643066406,198,0.49045555037681504,6215.052734375,40.975707200109326,0,48,516,0.0,0.0,0.4,0.15,0.25,0.05,0.15
517,RecoveryExploration,0,NOOP,0.072876,0.0,0.055362,0,69,269.52292239994415,834.8121643066406,198,0.49045555037681504,6215.052734375,40.975707200109326,0,48,516,0.0,0.0,0.4,0.15,0.25,0.05,0.15,80,351.8261296268724,1124.4449615478516,199,0.48875473252492935,6224.7802734375,40.90093711512197,0,49,517,0.0,0.0,0.4,0.2,0.2,0.05,0.15
518,RecoveryExploration,0,NOOP,0.072369,0.0,0.061721,0,80,351.8261296268724,1124.4449615478516,199,0.48875473252492935,6224.7802734375,40.90093711512197,0,49,517,0.0,0.0,0.4,0.2,0.2,0.05,0.15,46,154.07268658969073,782.4022769927979,200,0.4868428039550781,6231.587890625,40.83472484305523,0,50,518,0.0,0.0,0.4,0.2,0.2,0.05,0.15
519,RecoveryExploration,0,NOOP,0.071862,0.0,0.06142,0,46,154.07268658969073,782.4022769927979,200,0.4868428039550781,6231.587890625,40.83472484305523,0,50,518,0.0,0.0,0.4,0.2,0.2,0.05,0.15,44,164.89356801223727,773.3685970306396,201,0.4849370700209888,6238.23046875,40.76919724039607,0,51,519,0.0,0.0,0.4,0.2,0.15,0.05,0.2
520,RecoveryExploration,0,NOOP,0.071353,0.0,0.049242,0,44,164.89356801223727,773.3685970306396,201,0.4849370700209888,6238.23046875,40.76919724039607,0,51,519,0.0,0.0,0.4,0.2,0.15,0.05,0.2,39,169.20213496627912,1358.0446243286133,202,0.483012586536974,6244.38671875,40.705313071172306,0,52,520,0.0,0.0,0.35,0.25,0.15,0.05,0.2
521,RecoveryExploration,0,NOOP,0.070853,0.0,0.051996,0,39,169.20213496627912,1358.0446243286133,202,0.483012586536974,6244.38671875,40.705313071172306,0,52,520,0.0,0.0,0.35,0.25,0.15,0.05,0.2,43,180.77211326530306,1196.6090202331543,203,0.48113885888912405,6250.9560546875,40.64036367428655,0,53,521,0.0,0.0,0.35,0.25,0.1,0.1,0.2
522,RecoveryExploration,0,NOOP,0.070394,0.0,0.059844,0,43,180.77211326530306,1196.6090202331543,203,0.48113885888912405,6250.9560546875,40.64036367428655,0,53,521,0.0,0.0,0.35,0.25,0.1,0.1,0.2,72,311.99913215878604,782.5314998626709,204,0.47947131886201744,6259.9775390625,40.568787336327794,0,54,522,0.0,0.0,0.3,0.25,0.1,0.1,0.25
523,RecoveryExploration,0,NOOP,0.069892,0.0,0.023486,0,72,311.99913215878604,782.5314998626709,204,0.47947131886201744,6259.9775390625,40.568787336327794,0,54,522,0.0,0.0,0.3,0.25,0.1,0.1,0.25,36,117.8941556114422,2576.554298400879,205,0.47758297803925304,6265.888671875,40.50620799306199,0,55,523,0.0,0.0,0.25,0.25,0.15,0.1,0.25
524,RecoveryExploration,0,NOOP,0.069405,0.0,0.048095,0,36,117.8941556114422,2576.554298400879,205,0.47758297803925304,6265.888671875,40.50620799306199,0,55,523,0.0,0.0,0.25,0.25,0.15,0.1,0.25,45,190.60686207680072,1323.0218887329102,206,0.47577645014790654,6272.63671875,40.441351518461744,0,56,524,0.0,0.0,0.2,0.3,0.15,0.1,0.25
525,RecoveryExploration,0,NOOP,0.068922,0.0,0.050504,0,45,190.60686207680072,1323.0218887329102,206,0.47577645014790654,6272.63671875,40.441351518461744,0,56,524,0.0,0.0,0.2,0.3,0.15,0.1,0.25,45,175.6917179641605,1179.6660423278809,207,0.47398582863922856,6279.3642578125,40.37675236607354,0,57,525,0.0,0.0,0.15,0.3,0.15,0.15,0.25
526,RecoveryExploration,3,COMPACT_128KB,-0.132125,-0.055,0.18595,0,45,175.6917179641605,1179.6660423278809,207,0.47398582863922856,6279.3642578125,40.37675236607354,0,57,525,0.0,0.0,0.15,0.3,0.15,0.15,0.25,40,166.1031554936003,417.50621795654297,57,1.603486981308251,5849.5205078125,15.805740170611312,0,0,526,0.0,0.0,0.15,0.3,0.15,0.15,0.25
527,RecoveryExploration,0,NOOP,0.19275,0.0,0.186363,0,40,166.1031554936003,417.50621795654297,57,1.603486981308251,5849.5205078125,15.805740170611312,0,0,526,0.0,0.0,0.15,0.3,0.15,0.15,0.25,30,119.85129686620432,391.829252243042,58,1.5772968160695042,5854.92578125,20.208719964934527,0,1,527,0.0,0.0,0.15,0.25,0.15,0.2,0.25
528,RecoveryExploration,0,NOOP,0.192625,0.0,0.178881,0,30,119.85129686620432,391.829252243042,58,1.5772968160695042,5854.92578125,20.208719964934527,0,1,527,0.0,0.0,0.15,0.25,0.15,0.2,0.25,42,174.4005433163085,760.9410285949707,59,1.5522685939982785,5861.3662109375,23.5102598965346,0,2,528,0.0,0.0,0.15,0.25,0.2,0.15,0.25
529,RecoveryExploration,0,NOOP,0.1925,0.0,0.18577,0,42,174.4005433163085,760.9410285949707,59,1.5522685939982785,5861.3662109375,23.5102598965346,0,2,528,0.0,0.0,0.15,0.25,0.2,0.15,0.25,63,259.57911116350346,411.48900985717773,60,1.5285639444986978,5869.685546875,26.104771169922284,0,3,529,0.0,0.0,0.15,0.25,0.2,0.2,0.2
530,RecoveryExploration,0,NOOP,0.192375,0.0,0.183691,0,63,259.57911116350346,411.48900985717773,60,1.5285639444986978,5869.685546875,26.104771169922284,0,3,529,0.0,0.0,0.15,0.25,0.2,0.2,0.2,71,286.1388591557145,510.46180725097656,61,1.5058398637615267,5878.798828125,28.268764185942253,0,4,530,0.0,0.0,0.2,0.2,0.2,0.2,0.2
531,RecoveryExploration,0,NOOP,0.19225,0.0,0.187423,0,71,286.1388591557145,510.46180725097656,61,1.5058398637615267,5878.798828125,28.268764185942253,0,4,530,0.0,0.0,0.2,0.2,0.2,0.2,0.2,50,168.21098882765358,318.8486099243164,62,1.4833561066658265,5885.95703125,30.23905251114104,0,5,531,0.0,0.0,0.15,0.2,0.2,0.2,0.25
532,RecoveryExploration,0,NOOP,0.192125,0.0,0.186162,0,50,168.21098882765358,318.8486099243164,62,1.4833561066658265,5885.95703125,30.23905251114104,0,5,531,0.0,0.0,0.15,0.2,0.2,0.2,0.25,49,197.6607198158047,376.88136100769043,63,1.4615686810205852,5893.044921875,31.971005684710914,0,6,532,0.0,0.0,0.15,0.25,0.15,0.2,0.25
533,RecoveryExploration,0,NOOP,0.192,0.0,0.188197,0,49,197.6607198158047,376.88136100769043,63,1.4615686810205852,5893.044921875,31.971005684710914,0,6,532,0.0,0.0,0.15,0.25,0.15,0.2,0.25,77,322.0201431216554,270.13254165649414,64,1.4410762786865234,5902.6484375,33.406661754572305,0,7,533,0.0,0.0,0.1,0.25,0.15,0.2,0.3
534,RecoveryExploration,0,NOOP,0.191875,0.0,0.184058,0,77,322.0201431216554,270.13254165649414,64,1.4410762786865234,5902.6484375,33.406661754572305,0,7,533,0.0,0.0,0.1,0.25,0.15,0.2,0.3,44,185.40334380154994,472.1248149871826,65,1.4205026479867788,5909.291015625,34.80316099202726,0,8,534,0.0,0.0,0.15,0.25,0.1,0.2,0.3
535,RecoveryExploration,0,NOOP,0.19175,0.0,0.184864,0,44,185.40334380154994,472.1248149871826,65,1.4205026479867788,5909.291015625,34.80316099202726,0,8,534,0.0,0.0,0.15,0.25,0.1,0.2,0.3,49,201.96351072214023,426.7847537994385,66,1.4006601969401042,5916.388671875,36.042512531907704,0,9,535,0.0,0.0,0.1,0.3,0.1,0.2,0.3
536,RecoveryExploration,0,NOOP,0.191625,0.0,0.183233,0,49,201.96351072214023,426.7847537994385,66,1.4006601969401042,5916.388671875,36.042512531907704,0,9,535,0.0,0.0,0.1,0.3,0.1,0.2,0.3,44,188.25325886823248,503.3407211303711,67,1.3813057515158582,5923.0390625,37.1776905541284,0,10,536,0.0,0.0,0.15,0.3,0.1,0.2,0.25
537,RecoveryExploration,0,NOOP,0.1915,0.0,0.184821,0,44,188.25325886823248,503.3407211303711,67,1.3813057515158582,5923.0390625,37.1776905541284,0,10,536,0.0,0.0,0.15,0.3,0.1,0.2,0.25,32,131.12155472820294,418.9298152923584,68,1.3622862871955423,5928.669921875,38.24010771115853,0,11,537,0.0,0.0,0.15,0.3,0.1,0.2,0.25
538,RecoveryExploration,0,NOOP,0.191375,0.0,0.184547,0,32,131.12155472820294,418.9298152923584,68,1.3622862871955423,5928.669921875,38.24010771115853,0,11,537,0.0,0.0,0.15,0.3,0.1,0.2,0.25,79,310.2621202133397,427.6270866394043,69,1.3447849439538044,5938.5703125,39.08155866632194,0,12,538,0.0,0.0,0.15,0.3,0.1,0.25,0.2
539,RecoveryExploration,0,NOOP,0.19125,0.0,0.186503,0,79,310.2621202133397,427.6270866394043,69,1.3447849439538044,5938.5703125,39.08155866632194,0,12,538,0.0,0.0,0.15,0.3,0.1,0.25,0.2,79,314.42394613183126,324.87034797668457,70,1.3277498517717634,5948.3193359375,39.8552002239517,0,13,539,0.0,0.0,0.15,0.3,0.1,0.25,0.2
540,RecoveryExploration,0,NOOP,0.191125,0.0,0.185534,0,79,314.42394613183126,324.87034797668457,70,1.3277498517717634,5948.3193359375,39.8552002239517,0,13,539,0.0,0.0,0.15,0.3,0.1,0.25,0.2,55,242.60901207120307,368.3037757873535,71,1.3107430901325925,5956.0166015625,40.61844067190964,0,14,540,0.0,0.0,0.15,0.25,0.1,0.25,0.25
541,RecoveryExploration,0,NOOP,0.191,0.0,0.173858,0,55,242.60901207120307,368.3037757873535,71,1.3107430901325925,5956.0166015625,40.61844067190964,0,14,540,0.0,0.0,0.15,0.25,0.1,0.25,0.25,59,254.0726188899464,947.0868110656738,72,1.2942797342936199,5964.041015625,41.31045694999979,0,15,541,0.0,0.0,0.15,0.25,0.15,0.2,0.25
542,RecoveryExploration,0,NOOP,0.190875,0.0,0.181812,0,59,254.0726188899464,947.0868110656738,72,1.2942797342936199,5964.041015625,41.31045694999979,0,15,541,0.0,0.0,0.15,0.25,0.15,0.2,0.25,68,273.1270721829755,544.4200038909912,73,1.2784020410825128,5972.6943359375,41.931276807938936,0,16,542,0.0,0.0,0.2,0.25,0.15,0.2,0.2
543,RecoveryExploration,0,NOOP,0.19075,0.0,0.182333,0,68,273.1270721829755,544.4200038909912,73,1.2784020410825128,5972.6943359375,41.931276807938936,0,16,542,0.0,0.0,0.2,0.25,0.15,0.2,0.2,56,226.61020474713894,513.3564472198486,74,1.2627565538561023,5980.4150390625,42.524590385520284,0,17,543,0.0,0.0,0.2,0.3,0.1,0.2,0.2
544,RecoveryExploration,0,NOOP,0.190625,0.0,0.185158,0,56,226.61020474713894,513.3564472198486,74,1.2627565538561023,5980.4150390625,42.524590385520284,0,17,543,0.0,0.0,0.2,0.3,0.1,0.2,0.2,32,131.75509354652195,367.1243190765381,75,1.2470823160807292,5985.9951171875,43.12049602212937,0,18,544,0.0,0.0,0.2,0.25,0.1,0.2,0.25
545,RecoveryExploration,0,NOOP,0.1905,0.0,0.180053,0,32,131.75509354652195,367.1243190765381,75,1.2470823160807292,5985.9951171875,43.12049602212937,0,18,544,0.0,0.0,0.2,0.25,0.1,0.2,0.25,74,301.98894122385997,617.3279285430908,76,1.232567034269634,5995.2060546875,43.5909795259295,0,19,545,0.0,0.0,0.2,0.25,0.1,0.2,0.25
546,RecoveryExploration,0,NOOP,0.190375,0.0,0.184933,0,74,301.98894122385997,617.3279285430908,76,1.232567034269634,5995.2060546875,43.5909795259295,0,19,545,0.0,0.0,0.2,0.25,0.1,0.2,0.25,60,222.1298523390174,368.3347702026367,77,1.2182137625558036,6003.357421875,44.047101385,0,20,546,0.0,0.0,0.2,0.2,0.1,0.2,0.3
547,RecoveryExploration,0,NOOP,0.19025,0.0,0.185271,0,60,222.1298523390174,368.3347702026367,77,1.2182137625558036,6003.357421875,44.047101385,0,20,546,0.0,0.0,0.2,0.2,0.1,0.2,0.3,73,292.9745552527634,346.42744064331055,78,1.2044241489508214,6012.4853515625,44.44887138756182,0,21,547,0.0,0.0,0.2,0.2,0.1,0.15,0.35
548,RecoveryExploration,0,NOOP,0.190125,0.0,0.185329,0,73,292.9745552527634,346.42744064331055,78,1.2044241489508214,6012.4853515625,44.44887138756182,0,21,547,0.0,0.0,0.2,0.2,0.1,0.15,0.35,79,298.3278121457723,338.5603427886963,79,1.1911030057110363,6022.216796875,44.80840945634467,0,22,548,0.0,0.0,0.2,0.2,0.05,0.15,0.4
549,RecoveryExploration,0,NOOP,0.19,0.0,0.185277,0,79,298.3278121457723,338.5603427886963,79,1.1911030057110363,6022.216796875,44.80840945634467,0,22,548,0.0,0.0,0.2,0.2,0.05,0.15,0.4,42,171.68209713211454,336.1678123474121,80,1.1774723052978515,6028.658203125,45.20243445779818,0,23,549,0.0,0.0,0.2,0.2,0.05,0.1,0.45
550,RecoveryExploration,0,NOOP,0.189875,0.0,0.180543,0,42,171.68209713211454,336.1678123474121,80,1.1774723052978515,6028.658203125,45.20243445779818,0,23,549,0.0,0.0,0.2,0.2,0.05,0.1,0.45,44,179.73604472233583,567.8360462188721,81,1.1642194206331984,6035.3134765625,45.563056513113764,0,24,550,0.0,0.0,0.2,0.2,0.05,0.1,0.45
551,RecoveryExploration,0,NOOP,0.18975,0.0,0.181005,0,44,179.73604472233583,567.8360462188721,81,1.1642194206331984,6035.3134765625,45.563056513113764,0,24,550,0.0,0.0,0.2,0.2,0.05,0.1,0.45,47,139.89009887921748,539.7279262542725,82,1.151341321991711,6042.2392578125,45.89188840028322,0,25,551,0.0,0.0,0.2,0.25,0.05,0.1,0.4
552,RecoveryExploration,0,NOOP,0.189625,0.0,0.18416,0,47,139.89009887921748,539.7279262542725,82,1.151341321991711,6042.2392578125,45.89188840028322,0,25,551,0.0,0.0,0.2,0.25,0.05,0.1,0.4,42,163.36231109924105,376.97505950927734,83,1.1386862145849022,6048.701171875,46.204200720552194,0,26,552,0.0,0.0,0.2,0.2,0.05,0.1,0.45
553,RecoveryExploration,0,NOOP,0.1895,0.0,0.179568,0,42,163.36231109924105,376.97505950927734,83,1.1386862145849022,6048.701171875,46.204200720552194,0,26,552,0.0,0.0,0.2,0.2,0.05,0.1,0.45,32,122.25417859140254,601.6194820404053,84,1.1261676606677828,6054.27734375,46.50835467726347,0,27,553,0.0,0.0,0.25,0.2,0.05,0.1,0.4
554,RecoveryExploration,0,NOOP,0.189375,0.0,0.170171,0,32,122.25417859140254,601.6194820404053,84,1.1261676606677828,6054.27734375,46.50835467726347,0,27,553,0.0,0.0,0.25,0.2,0.05,0.1,0.4,31,126.62530725451776,1066.437005996704,85,1.1139292997472428,6059.775390625,46.79127332583799,0,28,554,0.0,0.0,0.2,0.2,0.1,0.1,0.4
555,RecoveryExploration,0,NOOP,0.18925,0.0,0.177814,0,31,126.62530725451776,1066.437005996704,85,1.1139292997472428,6059.775390625,46.79127332583799,0,28,554,0.0,0.0,0.2,0.2,0.1,0.1,0.4,45,178.10208067940553,679.30006980896,86,1.1022095791129178,6066.5615234375,47.03241810329005,0,29,555,0.0,0.0,0.25,0.15,0.1,0.1,0.4
556,RecoveryExploration,0,NOOP,0.189125,0.0,0.179448,0,45,178.10208067940553,679.30006980896,86,1.1022095791129178,6066.5615234375,47.03241810329005,0,29,555,0.0,0.0,0.25,0.15,0.1,0.1,0.4,69,287.9086991297289,592.604398727417,87,1.0911577597431752,6075.56640625,47.22131573406534,0,30,556,0.0,0.0,0.25,0.15,0.1,0.1,0.4
557,RecoveryExploration,0,NOOP,0.189,0.0,0.169284,0,69,287.9086991297289,592.604398727417,87,1.0911577597431752,6075.56640625,47.22131573406534,0,30,556,0.0,0.0,0.25,0.15,0.1,0.1,0.4,65,274.8128734668204,1095.7858562469482,88,1.080262617631392,6084.0390625,47.4026247432655,0,31,557,0.0,0.0,0.25,0.1,0.15,0.1,0.4
558,RecoveryExploration,0,NOOP,0.188875,0.0,0.179918,0,65,274.8128734668204,1095.7858562469482,88,1.080262617631392,6084.0390625,47.4026247432655,0,31,557,0.0,0.0,0.25,0.1,0.15,0.1,0.4,56,233.59810321713152,559.0944290161133,89,1.069484067766854,6091.78125,47.579683895217876,0,32,558,0.0,0.0,0.25,0.15,0.15,0.05,0.4
559,RecoveryExploration,0,NOOP,0.18875,0.0,0.177246,0,56,233.59810321713152,559.0944290161133,89,1.069484067766854,6091.78125,47.579683895217876,0,32,558,0.0,0.0,0.25,0.15,0.15,0.05,0.4,67,275.4363744356864,687.718391418457,90,1.0591052585177951,6100.4462890625,47.72944428912754,0,33,559,0.0,0.0,0.25,0.15,0.15,0.1,0.35
560,RecoveryExploration,0,NOOP,0.188625,0.0,0.168827,0,67,275.4363744356864,687.718391418457,90,1.0591052585177951,6100.4462890625,47.72944428912754,0,33,559,0.0,0.0,0.25,0.15,0.15,0.1,0.35,71,274.5216394107561,1103.6503314971924,91,1.0490150870857657,6109.4638671875,47.861638762391216,0,34,560,0.0,0.0,0.25,0.15,0.2,0.1,0.3
561,RecoveryExploration,0,NOOP,0.1885,0.0,0.179827,0,71,274.5216394107561,1103.6503314971924,91,1.0490150870857657,6109.4638671875,47.861638762391216,0,34,560,0.0,0.0,0.25,0.15,0.2,0.1,0.3,41,171.41040863439005,548.6464500427246,92,1.0386914792268171,6115.8154296875,48.017966589463406,0,35,561,0.0,0.0,0.25,0.2,0.15,0.1,0.3
562,RecoveryExploration,0,NOOP,0.188375,0.0,0.179118,0,41,171.41040863439005,548.6464500427246,92,1.0386914792268171,6115.8154296875,48.017966589463406,0,35,561,0.0,0.0,0.25,0.2,0.15,0.1,0.3,52,196.89879253765702,579.115629196167,93,1.0287613407258065,6123.1875,48.14795219963428,0,36,562,0.0,0.0,0.2,0.25,0.15,0.1,0.3
563,RecoveryExploration,0,NOOP,0.18825,0.0,0.155385,0,52,196.89879253765702,579.115629196167,93,1.0287613407258065,6123.1875,48.14795219963428,0,36,562,0.0,0.0,0.2,0.25,0.15,0.1,0.3,49,197.00156339114972,1760.730504989624,94,1.0190070943629488,6130.3466796875,48.26936274432189,0,37,563,0.0,0.0,0.2,0.2,0.2,0.1,0.3
564,RecoveryExploration,0,NOOP,0.188125,0.0,0.178576,0,49,197.00156339114972,1760.730504989624,94,1.0190070943629488,6130.3466796875,48.26936274432189,0,37,563,0.0,0.0,0.2,0.2,0.2,0.1,0.3,51,177.49218911413013,596.1880683898926,95,1.0094702469675165,6137.5791015625,48.37908543094758,0,38,564,0.0,0.0,0.2,0.25,0.2,0.1,0.25
565,RecoveryExploration,0,NOOP,0.188,0.0,0.163454,0,51,177.49218911413013,596.1880683898926,95,1.0094702469675165,6137.5791015625,48.37908543094758,0,38,564,0.0,0.0,0.2,0.25,0.2,0.1,0.25,69,233.2997789590276,1347.3103046417236,96,1.0003984769185383,6146.4482421875,48.45884015182613,0,39,565,0.0,0.0,0.2,0.25,0.25,0.05,0.25
566,RecoveryExploration,0,NOOP,0.186206,0.0,0.174961,0,69,233.2997789590276,1347.3103046417236,96,1.0003984769185383,6146.4482421875,48.45884015182613,0,39,565,0.0,0.0,0.2,0.25,0.25,0.05,0.25,79,308.45236326535934,683.4855079650879,97,0.9916547008396424,6156.1923828125,48.519831990220396,0,40,566,0.0,0.0,0.25,0.25,0.25,0.05,0.2
567,RecoveryExploration,0,NOOP,0.1843,0.0,0.17036,0,79,308.45236326535934,683.4855079650879,97,0.9916547008396424,6156.1923828125,48.519831990220396,0,40,566,0.0,0.0,0.25,0.25,0.25,0.05,0.2,55,240.20133508401284,819.5006847381592,98,0.9827521187918526,6163.8212890625,48.59751268905671,0,41,567,0.0,0.0,0.3,0.25,0.25,0.05,0.15
568,RecoveryExploration,0,NOOP,0.18236,0.0,0.175906,0,55,240.20133508401284,819.5006847381592,98,0.9827521187918526,6163.8212890625,48.59751268905671,0,41,567,0.0,0.0,0.3,0.25,0.25,0.05,0.15,30,115.54110860738153,446.4082717895508,99,0.9736728860874369,6169.19140625,48.693385266884,0,42,568,0.0,0.0,0.3,0.25,0.25,0.05,0.15
569,RecoveryExploration,0,NOOP,0.180484,0.0,0.16882,0,30,115.54110860738153,446.4082717895508,99,0.9736728860874369,6169.19140625,48.693385266884,0,42,568,0.0,0.0,0.3,0.25,0.25,0.05,0.15,40,165.09238048004786,708.1925868988037,100,0.9649186706542969,6175.4794921875,48.76972457367779,0,43,569,0.0,0.0,0.35,0.25,0.25,0.05,0.1
570,RecoveryExploration,0,NOOP,0.178632,0.0,0.168997,0,40,165.09238048004786,708.1925868988037,100,0.9649186706542969,6175.4794921875,48.76972457367779,0,43,569,0.0,0.0,0.35,0.25,0.25,0.05,0.1,36,150.8811795905887,607.994556427002,101,0.9562853822613707,6181.4287109375,48.84194360543078,0,44,570,0.0,0.0,0.3,0.25,0.25,0.1,0.1
571,RecoveryExploration,0,NOOP,0.17692,0.0,0.170672,0,36,150.8811795905887,607.994556427002,101,0.9562853822613707,6181.4287109375,48.84194360543078,0,44,570,0.0,0.0,0.3,0.25,0.25,0.1,0.1,75,307.1334144355423,439.89038467407227,102,0.9483481014476103,6190.81640625,48.86959552229258,0,45,571,0.0,0.0,0.3,0.2,0.25,0.1,0.15
572,RecoveryExploration,0,NOOP,0.175119,0.0,0.164067,0,75,307.1334144355423,439.89038467407227,102,0.9483481014476103,6190.81640625,48.86959552229258,0,45,571,0.0,0.0,0.3,0.2,0.25,0.1,0.15,31,125.42811418075951,681.3473701477051,103,0.9399710349666263,6196.2890625,48.93290679624142,0,46,572,0.0,0.0,0.3,0.2,0.25,0.15,0.1
573,RecoveryExploration,0,NOOP,0.173466,0.0,0.150676,0,31,125.42811418075951,681.3473701477051,103,0.9399710349666263,6196.2890625,48.93290679624142,0,46,572,0.0,0.0,0.3,0.2,0.25,0.15,0.1,73,300.99178275568175,1269.5300579071045,104,0.9323318188007061,6205.6005859375,48.94938094001301,0,47,573,0.0,0.0,0.25,0.2,0.3,0.15,0.1
574,RecoveryExploration,0,NOOP,0.171799,0.0,0.160997,0,73,300.99178275568175,1269.5300579071045,104,0.9323318188007061,6205.6005859375,48.94938094001301,0,47,573,0.0,0.0,0.25,0.2,0.3,0.15,0.1,57,223.33448982279927,671.3657379150391,105,0.9246214367094494,6213.4560546875,48.9752108989599,0,48,574,0.0,0.0,0.3,0.2,0.25,0.15,0.1
575,RecoveryExploration,0,NOOP,0.170146,0.0,0.145455,0,57,223.33448982279927,671.3657379150391,105,0.9246214367094494,6213.4560546875,48.9752108989599,0,48,574,0.0,0.0,0.3,0.2,0.25,0.15,0.1,52,205.0757554102948,1367.042064666748,106,0.9169780803176591,6220.779296875,49.00094588800482,0,49,575,0.0,0.0,0.25,0.2,0.3,0.15,0.1
576,RecoveryExploration,0,NOOP,0.16857,0.0,0.145767,0,52,205.0757554102948,1367.042064666748,106,0.9169780803176591,6220.779296875,49.00094588800482,0,49,575,0.0,0.0,0.25,0.2,0.3,0.15,0.1,71,209.41332037548688,1273.8990783691406,107,0.909724583135587,6229.7939453125,49.005099548625495,0,50,576,0.0,0.0,0.2,0.2,0.35,0.15,0.1
577,RecoveryExploration,0,NOOP,0.167024,0.0,0.154649,0,71,209.41332037548688,1273.8990783691406,107,0.909724583135587,6229.7939453125,49.005099548625495,0,50,576,0.0,0.0,0.2,0.2,0.35,0.15,0.1,73,281.56913651658374,753.7410259246826,108,0.902621516474971,6238.919921875,49.00382533262701,0,51,577,0.0,0.0,0.2,0.2,0.3,0.2,0.1
578,RecoveryExploration,0,NOOP,0.16547,0.0,0.158743,0,73,281.56913651658374,753.7410259246826,108,0.902621516474971,6238.919921875,49.00382533262701,0,51,577,0.0,0.0,0.2,0.2,0.3,0.2,0.1,58,240.96575838408972,472.61714935302734,109,0.8954756150551892,6246.837890625,49.009571929354045,0,52,578,0.0,0.0,0.2,0.15,0.3,0.2,0.15
579,RecoveryExploration,0,NOOP,0.163877,0.0,0.153116,0,58,240.96575838408972,472.61714935302734,109,0.8954756150551892,6246.837890625,49.009571929354045,0,52,578,0.0,0.0,0.2,0.15,0.3,0.2,0.15,33,138.55585297538846,675.5533218383789,110,0.8881353204900568,6252.47265625,49.03241937393331,0,53,579,0.0,0.0,0.2,0.2,0.3,0.15,0.15
580,RecoveryExploration,0,NOOP,0.162304,0.0,0.150798,0,33,138.55585297538846,675.5533218383789,110,0.8881353204900568,6252.47265625,49.03241937393331,0,53,579,0.0,0.0,0.2,0.2,0.3,0.15,0.15,30,114.96020720938837,714.0476703643799,111,0.8808934667088963,6257.8671875,49.05268766123084,0,54,580,0.0,0.0,0.2,0.25,0.25,0.15,0.15
581,RecoveryExploration,0,NOOP,0.160787,0.0,0.13702,0,30,114.96020720938837,714.0476703643799,111,0.8808934667088963,6257.8671875,49.05268766123084,0,54,580,0.0,0.0,0.2,0.25,0.25,0.15,0.15,42,174.8919270691136,1328.324794769287,112,0.8739336558750698,6264.3564453125,49.05823546595904,0,55,581,0.0,0.0,0.2,0.2,0.3,0.15,0.15
582,RecoveryExploration,0,NOOP,0.159379,0.0,0.135618,0,42,174.8919270691136,1328.324794769287,112,0.8739336558750698,6264.3564453125,49.05823546595904,0,55,581,0.0,0.0,0.2,0.2,0.3,0.15,0.15,77,316.8130177642492,1329.317569732666,113,0.8675217079905282,6273.9169921875,49.03316312018099,0,56,582,0.0,0.0,0.2,0.15,0.35,0.15,0.15
583,RecoveryExploration,0,NOOP,0.1579,0.0,0.133801,0,77,316.8130177642492,1329.317569732666,113,0.8675217079905282,6273.9169921875,49.03316312018099,0,56,582,0.0,0.0,0.2,0.15,0.35,0.15,0.15,38,155.0033133675465,1347.485065460205,114,0.8607513695432428,6280.0419921875,49.03445793325815,0,57,583,0.0,0.0,0.2,0.15,0.35,0.15,0.15
584,RecoveryExploration,0,NOOP,0.156483,0.0,0.144712,0,38,155.0033133675465,1347.485065460205,114,0.8607513695432428,6280.0419921875,49.03445793325815,0,57,583,0.0,0.0,0.2,0.15,0.35,0.15,0.15,54,160.59669946777962,732.3319911956787,115,0.8542923637058424,6287.591796875,49.01977388942621,0,58,584,0.0,0.0,0.2,0.15,0.35,0.15,0.15
585,RecoveryExploration,0,NOOP,0.155057,0.0,0.148353,0,54,160.59669946777962,732.3319911956787,115,0.8542923637058424,6287.591796875,49.01977388942621,0,58,584,0.0,0.0,0.2,0.15,0.35,0.15,0.15,41,175.90011834658466,480.241060256958,116,0.8477872651198815,6293.97265625,49.01172429370511,0,59,585,0.0,0.0,0.2,0.15,0.3,0.15,0.2
586,RecoveryExploration,0,NOOP,0.153645,0.0,0.129422,0,41,175.90011834658466,480.241060256958,116,0.8477872651198815,6293.97265625,49.01172429370511,0,59,585,0.0,0.0,0.2,0.15,0.3,0.15,0.2,37,143.8930666923813,1357.3799133300781,117,0.8413482405181624,6300.015625,49.00316716566027,0,60,586,0.0,0.0,0.15,0.15,0.35,0.15,0.2
587,RecoveryExploration,0,NOOP,0.152324,0.0,0.13963,0,37,143.8930666923813,1357.3799133300781,117,0.8413482405181624,6300.015625,49.00316716566027,0,60,586,0.0,0.0,0.15,0.15,0.35,0.15,0.2,66,246.88175142381667,782.1822166442871,118,0.8353683988926774,6308.7021484375,48.97008738956953,0,61,587,0.0,0.0,0.15,0.15,0.35,0.15,0.2
588,RecoveryExploration,0,NOOP,0.150985,0.0,0.126577,0,66,246.88175142381667,782.1822166442871,118,0.8353683988926774,6308.7021484375,48.97008738956953,0,61,587,0.0,0.0,0.15,0.15,0.35,0.15,0.2,51,212.70305228742572,1369.1751956939697,119,0.8293013372341124,6315.958984375,48.94577144173385,0,62,588,0.0,0.0,0.15,0.15,0.4,0.15,0.15
589,RecoveryExploration,0,NOOP,0.149638,0.0,0.137633,0,51,212.70305228742572,1369.1751956939697,119,0.8293013372341124,6315.958984375,48.94577144173385,0,62,588,0.0,0.0,0.15,0.15,0.4,0.15,0.15,39,150.2416554536562,750.2803802490234,120,0.8231915791829427,6322.111328125,48.92754567852698,0,63,589,0.0,0.0,0.1,0.2,0.4,0.15,0.15
590,RecoveryExploration,0,NOOP,0.148348,0.0,0.136889,0,39,150.2416554536562,750.2803802490234,120,0.8231915791829427,6322.111328125,48.92754567852698,0,63,589,0.0,0.0,0.1,0.2,0.4,0.15,0.15,54,214.77595794233002,724.1730690002441,121,0.8173638966457903,6329.666015625,48.89568051527503,0,64,590,0.0,0.0,0.1,0.2,0.4,0.15,0.15
591,RecoveryExploration,0,NOOP,0.147089,0.0,0.133712,0,54,214.77595794233002,724.1730690002441,121,0.8173638966457903,6329.666015625,48.89568051527503,0,64,590,0.0,0.0,0.1,0.2,0.4,0.15,0.15,60,235.25200072167135,821.3744163513184,122,0.8116961619893058,6337.7236328125,48.85776657451564,0,65,591,0.0,0.0,0.15,0.2,0.4,0.15,0.1
592,RecoveryExploration,0,NOOP,0.145797,0.0,0.134087,0,60,235.25200072167135,821.3744163513184,122,0.8116961619893058,6337.7236328125,48.85776657451564,0,65,591,0.0,0.0,0.15,0.2,0.4,0.15,0.1,37,155.30495018788997,739.2451763153076,123,0.805859573488313,6343.7265625,48.833162084154566,0,66,592,0.0,0.0,0.15,0.25,0.4,0.1,0.1
593,RecoveryExploration,0,NOOP,0.144536,0.0,0.118143,0,37,155.30495018788997,739.2451763153076,123,0.805859573488313,6343.7265625,48.833162084154566,0,66,592,0.0,0.0,0.15,0.25,0.4,0.1,0.1,42,164.45901565882744,1474.6448993682861,124,0.8001788969962828,6350.2197265625,48.80246101236183,0,67,593,0.0,0.0,0.15,0.25,0.4,0.1,0.1
594,RecoveryExploration,0,NOOP,0.143335,0.0,0.136008,0,42,164.45901565882744,1474.6448993682861,124,0.8001788969962828,6350.2197265625,48.80246101236183,0,67,593,0.0,0.0,0.15,0.25,0.4,0.1,0.1,61,243.4089896320313,522.597074508667,125,0.79480126953125,6358.41015625,48.75735398451406,0,68,594,0.0,0.0,0.1,0.25,0.4,0.1,0.15
595,RecoveryExploration,0,NOOP,0.142125,0.0,0.129613,0,61,243.4089896320313,522.597074508667,125,0.79480126953125,6358.41015625,48.75735398451406,0,68,594,0.0,0.0,0.1,0.25,0.4,0.1,0.15,49,190.9539722285454,783.0989360809326,126,0.7893734886532738,6365.5078125,48.71823000460666,0,69,595,0.0,0.0,0.1,0.25,0.35,0.15,0.15
596,RecoveryExploration,0,NOOP,0.140939,0.0,0.105719,0,49,190.9539722285454,783.0989360809326,126,0.7893734886532738,6365.5078125,48.71823000460666,0,69,595,0.0,0.0,0.1,0.25,0.35,0.15,0.15,52,207.7527356966501,1919.7354316711426,127,0.784068550650529,6372.9091796875,48.67513058881893,0,70,596,0.0,0.0,0.1,0.25,0.35,0.15,0.15
597,RecoveryExploration,0,NOOP,0.139727,0.0,0.107616,0,52,207.7527356966501,1919.7354316711426,127,0.784068550650529,6372.9091796875,48.67513058881893,0,70,596,0.0,0.0,0.1,0.25,0.35,0.15,0.15,33,112.53468189763811,1765.5253410339355,128,0.7786331176757812,6378.5625,48.64259666648019,0,71,597,0.0,0.0,0.1,0.25,0.4,0.1,0.15
598,RecoveryExploration,0,NOOP,0.1386,0.0,0.126188,0,33,112.53468189763811,1765.5253410339355,128,0.7786331176757812,6378.5625,48.64259666648019,0,71,597,0.0,0.0,0.1,0.25,0.4,0.1,0.15,65,262.49129617647964,781.8326950073242,129,0.7736248637354651,6387.046875,48.5887876514342,0,72,598,0.0,0.0,0.15,0.25,0.4,0.1,0.1
599,RecoveryExploration,0,NOOP,0.137427,0.0,0.124309,0,65,262.49129617647964,781.8326950073242,129,0.7736248637354651,6387.046875,48.5887876514342,0,72,598,0.0,0.0,0.15,0.25,0.4,0.1,0.1,35,153.8944024824275,818.4049129486084,130,0.7683837890625,6392.953125,48.55095865121198,0,73,599,0.0,0.0,0.2,0.2,0.4,0.1,0.1
600,RecoveryExploration,0,NOOP,0.136282,0.0,0.109512,0,35,153.8944024824275,818.4049129486084,130,0.7683837890625,6392.953125,48.55095865121198,0,73,599,0.0,0.0,0.2,0.2,0.4,0.1,0.1,42,133.27157596582887,1502.225399017334,131,0.7632845813081465,6399.3779296875,48.507889237632135,0,74,600,0.0,0.0,0.2,0.15,0.45,0.1,0.1
601,RecoveryExploration,0,NOOP,0.135194,0.0,0.123297,0,42,133.27157596582887,1502.225399017334,131,0.7632845813081465,6399.3779296875,48.507889237632135,0,74,600,0.0,0.0,0.2,0.15,0.45,0.1,0.1,61,250.86903070504428,759.8538398742676,132,0.7584711710611979,6407.564453125,48.451833346528495,0,75,601,0.0,0.0,0.2,0.15,0.4,0.15,0.1
602,RecoveryExploration,0,NOOP,0.134062,0.0,0.126034,0,61,250.86903070504428,759.8538398742676,132,0.7584711710611979,6407.564453125,48.451833346528495,0,75,601,0.0,0.0,0.2,0.15,0.4,0.15,0.1,33,133.07851141933585,567.6157474517822,133,0.7534335717222744,6413.2265625,48.41095181680848,0,76,602,0.0,0.0,0.2,0.15,0.35,0.15,0.15
603,RecoveryExploration,0,NOOP,0.133043,0.0,0.1183,0,33,133.07851141933585,567.6157474517822,133,0.7534335717222744,6413.2265625,48.41095181680848,0,76,602,0.0,0.0,0.2,0.15,0.35,0.15,0.15,80,346.4033729347588,904.6695232391357,134,0.7489647936465135,6423.1220703125,48.342112620403206,0,77,603,0.0,0.0,0.2,0.15,0.3,0.2,0.15
604,RecoveryExploration,0,NOOP,0.131979,0.0,0.120258,0,80,346.4033729347588,904.6695232391357,134,0.7489647936465135,6423.1220703125,48.342112620403206,0,77,603,0.0,0.0,0.2,0.15,0.3,0.2,0.15,52,200.5047077793733,754.828691482544,135,0.7442711724175347,6430.5029296875,48.28769622661501,0,78,604,0.0,0.0,0.2,0.1,0.3,0.25,0.15
605,RecoveryExploration,0,NOOP,0.130908,0.0,0.116905,0,52,200.5047077793733,754.828691482544,135,0.7442711724175347,6430.5029296875,48.28769622661501,0,78,604,0.0,0.0,0.2,0.1,0.3,0.25,0.15,42,171.1069530351537,870.1190948486328,136,0.739539202521829,6436.94921875,48.23798383349681,0,79,605,0.0,0.0,0.2,0.1,0.3,0.3,0.1
606,RecoveryExploration,0,NOOP,0.129897,0.0,0.123238,0,42,171.1069530351537,870.1190948486328,136,0.739539202521829,6436.94921875,48.23798383349681,0,79,605,0.0,0.0,0.2,0.1,0.3,0.3,0.1,64,268.4491469064922,504.18925285339355,137,0.7351109859717153,6445.453125,48.174652977679706,0,80,606,0.0,0.0,0.2,0.1,0.25,0.3,0.15
607,RecoveryExploration,0,NOOP,0.128913,0.0,0.113285,0,64,268.4491469064922,504.18925285339355,137,0.7351109859717153,6445.453125,48.174652977679706,0,80,606,0.0,0.0,0.2,0.1,0.25,0.3,0.15,72,297.13938468441165,953.8824558258057,138,0.730815721594769,6454.564453125,48.10702123134091,0,81,607,0.0,0.0,0.15,0.15,0.25,0.3,0.15
608,RecoveryExploration,0,NOOP,0.127878,0.0,0.115703,0,72,297.13938468441165,953.8824558258057,138,0.730815721594769,6454.564453125,48.10702123134091,0,81,607,0.0,0.0,0.15,0.15,0.25,0.3,0.15,40,165.79472629942674,782.5236320495605,139,0.7262663258065423,6460.865234375,48.055166433570136,0,82,608,0.0,0.0,0.15,0.15,0.2,0.35,0.15
609,RecoveryExploration,0,NOOP,0.126844,0.0,0.112528,0,40,165.79472629942674,782.5236320495605,139,0.7262663258065423,6460.865234375,48.055166433570136,0,82,608,0.0,0.0,0.15,0.15,0.2,0.35,0.15,34,140.88528140238842,890.8023834228516,140,0.7217216491699219,6466.6259765625,48.00551257781426,0,83,609,0.0,0.0,0.15,0.1,0.2,0.4,0.15
610,RecoveryExploration,0,NOOP,0.125903,0.0,0.109572,0,34,140.88528140238842,890.8023834228516,140,0.7217216491699219,6466.6259765625,48.00551257781426,0,83,609,0.0,0.0,0.15,0.1,0.2,0.4,0.15,75,304.4265669501195,992.8133487701416,141,0.7176420604083555,6476.001953125,47.9341242963548,0,84,610,0.0,0.0,0.15,0.1,0.2,0.4,0.15
611,RecoveryExploration,0,NOOP,0.124907,0.0,0.097729,0,75,304.4265669501195,992.8133487701416,141,0.7176420604083555,6476.001953125,47.9341242963548,0,84,610,0.0,0.0,0.15,0.1,0.2,0.4,0.15,40,162.4705824248933,1536.3807678222656,142,0.7132825179838799,6482.3115234375,47.87942082288855,0,85,611,0.0,0.0,0.1,0.1,0.25,0.4,0.15
612,RecoveryExploration,0,NOOP,0.123958,0.0,0.111089,0,40,162.4705824248933,1536.3807678222656,142,0.7132825179838799,6482.3115234375,47.87942082288855,0,85,611,0.0,0.0,0.1,0.1,0.25,0.4,0.15,59,242.51731041937597,822.195291519165,143,0.7091644927338286,6490.2734375,47.81451510646631,0,86,612,0.0,0.0,0.1,0.05,0.25,0.45,0.15
613,RecoveryExploration,0,NOOP,0.123018,0.0,0.109685,0,59,242.51731041937597,822.195291519165,143,0.7091644927338286,6490.2734375,47.81451510646631,0,86,612,0.0,0.0,0.1,0.05,0.25,0.45,0.15,57,231.27444110164163,846.6353416442871,144,0.7050881915622287,6498.0927734375,47.74977381585847,0,87,613,0.0,0.0,0.1,0.1,0.2,0.45,0.15
614,RecoveryExploration,0,NOOP,0.122063,0.0,0.09433,0,57,231.27444110164163,846.6353416442871,144,0.7050881915622287,6498.0927734375,47.74977381585847,0,87,613,0.0,0.0,0.1,0.1,0.2,0.45,0.15,44,172.17514810564714,1567.9161548614502,145,0.7009394152411099,6504.7177734375,47.69098487165551,0,88,614,0.0,0.0,0.1,0.1,0.25,0.45,0.1
615,RecoveryExploration,0,NOOP,0.12115,0.0,0.113844,0,44,172.17514810564714,1567.9161548614502,145,0.7009394152411099,6504.7177734375,47.69098487165551,0,88,614,0.0,0.0,0.1,0.1,0.25,0.45,0.1,60,249.32727926614086,547.8284358978271,146,0.6970012089977525,6512.779296875,47.62372543063043,0,89,615,0.0,0.0,0.1,0.1,0.25,0.4,0.15
616,RecoveryExploration,0,NOOP,0.120277,0.0,0.106364,0,60,249.32727926614086,547.8284358978271,146,0.6970012089977525,6512.779296875,47.62372543063043,0,89,615,0.0,0.0,0.1,0.1,0.25,0.4,0.15,76,314.35109975070213,879.3697357177734,147,0.6932576497395834,6522.16796875,47.549163875552594,0,90,616,0.0,0.0,0.15,0.1,0.2,0.4,0.15
617,RecoveryExploration,0,NOOP,0.11935,0.0,0.104124,0,76,314.35109975070213,879.3697357177734,147,0.6932576497395834,6522.16796875,47.549163875552594,0,90,616,0.0,0.0,0.15,0.1,0.2,0.4,0.15,41,167.72290673665586,946.2919235229492,148,0.689248987146326,6528.56640625,47.48982986861294,0,91,617,0.0,0.0,0.2,0.1,0.15,0.4,0.15
618,RecoveryExploration,0,NOOP,0.11847,0.0,0.090704,0,41,167.72290673665586,946.2919235229492,148,0.689248987146326,6528.56640625,47.48982986861294,0,91,617,0.0,0.0,0.2,0.1,0.15,0.4,0.15,61,257.6592506656677,1574.573278427124,149,0.6854769303494652,6536.7080078125,47.42076752850812,0,92,618,0.0,0.0,0.15,0.1,0.2,0.4,0.15
619,RecoveryExploration,0,NOOP,0.117552,0.0,0.10462,0,61,257.6592506656677,1574.573278427124,149,0.6854769303494652,6536.7080078125,47.42076752850812,0,92,618,0.0,0.0,0.15,0.1,0.2,0.4,0.15,34,126.52478302762306,834.0847492218018,150,0.6815083821614584,6542.48046875,47.36363020911991,0,93,619,0.0,0.0,0.1,0.1,0.2,0.45,0.15
620,RecoveryExploration,0,NOOP,0.116702,0.0,0.103337,0,34,126.52478302762306,834.0847492218018,150,0.6815083821614584,6542.48046875,47.36363020911991,0,93,619,0.0,0.0,0.1,0.1,0.2,0.45,0.15,65,264.46596027235273,856.985330581665,151,0.6778825166209644,6551.056640625,47.29153570255147,0,94,620,0.0,0.0,0.1,0.1,0.15,0.5,0.15
621,RecoveryExploration,0,NOOP,0.115825,0.0,0.10187,0,65,264.46596027235273,856.985330581665,151,0.6778825166209644,6551.056640625,47.29153570255147,0,94,620,0.0,0.0,0.1,0.1,0.15,0.5,0.15,46,137.34156793403207,887.7525329589844,152,0.6741250690660978,6557.888671875,47.227832596961385,0,95,621,0.0,0.0,0.1,0.1,0.15,0.5,0.15
622,RecoveryExploration,0,NOOP,0.114971,0.0,0.106239,0,46,137.34156793403207,887.7525329589844,152,0.6741250690660978,6557.888671875,47.227832596961385,0,95,621,0.0,0.0,0.1,0.1,0.15,0.5,0.15,53,214.78576508054294,627.8595924377441,153,0.6704823612387664,6565.36328125,47.16046822188166,0,96,622,0.0,0.0,0.1,0.1,0.15,0.5,0.15
623,RecoveryExploration,0,NOOP,0.114172,0.0,0.106467,0,53,214.78576508054294,627.8595924377441,153,0.6704823612387664,6565.36328125,47.16046822188166,0,96,622,0.0,0.0,0.1,0.1,0.15,0.5,0.15,78,317.34191333026166,577.7506828308105,154,0.6671108889889408,6575.044921875,47.0823014434694,0,97,623,0.0,0.0,0.1,0.1,0.15,0.45,0.2
624,RecoveryExploration,0,NOOP,0.113346,0.0,0.095808,0,78,317.34191333026166,577.7506828308105,154,0.6671108889889408,6575.044921875,47.0823014434694,0,97,623,0.0,0.0,0.1,0.1,0.15,0.45,0.2,58,166.17572698148135,1070.6312656402588,155,0.6636048347719254,6582.9599609375,47.01226310888784,0,98,624,0.0,0.0,0.1,0.1,0.15,0.45,0.2
625,RecoveryExploration,0,NOOP,0.112557,0.0,0.100117,0,58,166.17572698148135,1070.6312656402588,155,0.6636048347719254,6582.9599609375,47.01226310888784,0,98,624,0.0,0.0,0.1,0.1,0.15,0.45,0.2,74,309.7769092422515,816.9610500335693,156,0.6602828196990185,6592.263671875,46.935545516945716,0,99,625,0.0,0.0,0.1,0.1,0.15,0.45,0.2
626,RecoveryExploration,0,NOOP,0.111781,0.0,0.099267,0,74,309.7769092422515,816.9610500335693,156,0.6602828196990185,6592.263671875,46.935545516945716,0,99,625,0.0,0.0,0.1,0.1,0.15,0.45,0.2,77,323.71728786716983,821.9573497772217,157,0.6570284898114053,6601.822265625,46.85759860191359,0,100,626,0.0,0.0,0.1,0.1,0.15,0.5,0.15
627,RecoveryExploration,0,NOOP,0.110988,0.0,0.098253,0,77,323.71728786716983,821.9573497772217,157,0.6570284898114053,6601.822265625,46.85759860191359,0,100,626,0.0,0.0,0.1,0.1,0.15,0.5,0.15,62,254.21838312997897,834.2499732971191,158,0.6536903864220728,6610.1171875,46.78526438724267,0,101,627,0.0,0.0,0.1,0.05,0.15,0.55,0.15
628,RecoveryExploration,0,NOOP,0.11017,0.0,0.078333,0,62,254.21838312997897,834.2499732971191,158,0.6536903864220728,6610.1171875,46.78526438724267,0,101,627,0.0,0.0,0.1,0.05,0.15,0.55,0.15,43,176.3460215461694,1790.6014919281006,159,0.6502252734682095,6616.6923828125,46.72073571014594,0,102,628,0.0,0.0,0.1,0.05,0.2,0.5,0.15
629,RecoveryExploration,0,NOOP,0.1094,0.0,0.092308,0,43,176.3460215461694,1790.6014919281006,159,0.6502252734682095,6616.6923828125,46.72073571014594,0,102,628,0.0,0.0,0.1,0.05,0.2,0.5,0.15,66,280.41960416459847,1054.6135902404785,160,0.647000789642334,6625.2880859375,46.64667881591139,0,103,629,0.0,0.0,0.1,0.05,0.2,0.5,0.15
630,RecoveryExploration,0,NOOP,0.108644,0.0,0.07772,0,66,280.41960416459847,1054.6135902404785,160,0.647000789642334,6625.2880859375,46.64667881591139,0,103,629,0.0,0.0,0.1,0.05,0.2,0.5,0.15,69,268.4832693683188,1747.4615573883057,161,0.6438463104437597,6634.1923828125,46.57118492237128,0,104,630,0.0,0.0,0.1,0.05,0.25,0.45,0.15
631,RecoveryExploration,0,NOOP,0.107891,0.0,0.092755,0,69,268.4832693683188,1747.4615573883057,161,0.6438463104437597,6634.1923828125,46.57118492237128,0,104,630,0.0,0.0,0.1,0.05,0.25,0.45,0.15,66,260.4998414363887,959.2936038970947,162,0.6407052499276621,6642.83203125,46.4967823345276,0,105,631,0.0,0.0,0.1,0.05,0.2,0.5,0.15
632,RecoveryExploration,0,NOOP,0.107136,0.0,0.093064,0,66,260.4998414363887,959.2936038970947,162,0.6407052499276621,6642.83203125,46.4967823345276,0,105,631,0.0,0.0,0.1,0.05,0.2,0.5,0.15,60,222.02696526911453,907.3443412780762,163,0.6375562047665836,6650.986328125,46.424412909789936,0,106,632,0.0,0.0,0.1,0.1,0.2,0.45,0.15
633,RecoveryExploration,0,NOOP,0.10642,0.0,0.089525,0,60,222.02696526911453,907.3443412780762,163,0.6375562047665836,6650.986328125,46.424412909789936,0,106,632,0.0,0.0,0.1,0.1,0.2,0.45,0.15,79,306.5986163043649,1049.7469902038574,164,0.6346006626036109,6660.7685546875,46.345136809704954,0,107,633,0.0,0.0,0.1,0.05,0.2,0.5,0.15
634,RecoveryExploration,0,NOOP,0.105706,0.0,0.091253,0,79,306.5986163043649,1049.7469902038574,164,0.6346006626036109,6660.7685546875,46.345136809704954,0,107,633,0.0,0.0,0.1,0.05,0.2,0.5,0.15,76,289.39259775724827,928.9171695709229,165,0.6316556988340436,6670.2841796875,46.26701157639409,0,108,634,0.0,0.0,0.1,0.1,0.15,0.5,0.15
635,RecoveryExploration,0,NOOP,0.104975,0.0,0.089247,0,76,289.39259775724827,928.9171695709229,165,0.6316556988340436,6670.2841796875,46.26701157639409,0,108,634,0.0,0.0,0.1,0.1,0.15,0.5,0.15,62,184.5422919571797,993.8623905181885,166,0.6286235028002636,6678.49609375,46.19431006928957,0,109,635,0.0,0.0,0.1,0.1,0.15,0.55,0.1
636,RecoveryExploration,0,NOOP,0.104223,0.0,0.089824,0,62,184.5422919571797,993.8623905181885,166,0.6286235028002636,6678.49609375,46.19431006928957,0,109,635,0.0,0.0,0.1,0.1,0.15,0.55,0.1,45,176.05799707850537,928.7092685699463,167,0.6254903827598709,6685.2412109375,46.12780221686379,0,110,636,0.0,0.0,0.05,0.1,0.15,0.6,0.1
637,RecoveryExploration,0,NOOP,0.103459,0.0,0.088937,0,45,176.05799707850537,928.7092685699463,167,0.6254903827598709,6685.2412109375,46.12780221686379,0,110,636,0.0,0.0,0.05,0.1,0.15,0.6,0.1,33,138.12514607160927,936.0840320587158,168,0.6222950163341704,6690.916015625,46.065811769715836,0,111,637,0.0,0.0,0.0,0.1,0.15,0.65,0.1
638,RecoveryExploration,0,NOOP,0.102732,0.0,0.087183,0,33,138.12514607160927,936.0840320587158,168,0.6222950163341704,6690.916015625,46.065811769715836,0,111,637,0.0,0.0,0.0,0.1,0.15,0.65,0.1,51,141.32881770713928,988.7113571166992,169,0.619285086908284,6698.1875,45.99672852408446,0,112,638,0.0,0.0,0.05,0.1,0.1,0.65,0.1
639,RecoveryExploration,0,NOOP,0.102033,0.0,0.086161,0,51,141.32881770713928,988.7113571166992,169,0.619285086908284,6698.1875,45.99672852408446,0,112,638,0.0,0.0,0.05,0.1,0.1,0.65,0.1,64,264.3283225246126,1006.126880645752,170,0.616415225758272,6706.59765625,45.922925309400256,0,113,639,0.0,0.0,0.05,0.1,0.1,0.65,0.1
640,RecoveryExploration,0,NOOP,0.101352,0.0,0.085894,0,64,264.3283225246126,1006.126880645752,170,0.616415225758272,6706.59765625,45.922925309400256,0,113,639,0.0,0.0,0.05,0.1,0.1,0.65,0.1,69,262.8637800789662,986.6557121276855,171,0.6136330944752832,6715.6005859375,45.8468219650283,0,114,640,0.0,0.0,0.05,0.15,0.1,0.6,0.1
641,RecoveryExploration,0,NOOP,0.100692,0.0,0.083554,0,69,262.8637800789662,986.6557121276855,171,0.6136330944752832,6715.6005859375,45.8468219650283,0,114,640,0.0,0.0,0.05,0.15,0.1,0.6,0.1,80,315.0346210648172,1071.8882083892822,172,0.6109592526458031,6725.439453125,45.76762992516776,0,115,641,0.0,0.0,0.05,0.15,0.1,0.6,0.1
642,RecoveryExploration,0,NOOP,0.099992,0.0,0.085391,0,80,315.0346210648172,1071.8882083892822,172,0.6109592526458031,6725.439453125,45.76762992516776,0,115,641,0.0,0.0,0.05,0.15,0.1,0.6,0.1,51,171.5880081434505,946.326732635498,173,0.6080866466367865,6732.7353515625,45.69841286282366,0,116,642,0.0,0.0,0.1,0.15,0.1,0.6,0.05
643,RecoveryExploration,0,NOOP,0.099346,0.0,0.082039,0,51,171.5880081434505,946.326732635498,173,0.6080866466367865,6732.7353515625,45.69841286282366,0,116,642,0.0,0.0,0.1,0.15,0.1,0.6,0.05,80,308.70404666289465,1082.8635692596436,174,0.6054789225260416,6742.61328125,45.61929556385358,0,117,643,0.0,0.0,0.1,0.15,0.1,0.65,0.0
644,RecoveryExploration,0,NOOP,0.098668,0.0,0.083616,0,80,308.70404666289465,1082.8635692596436,174,0.6054789225260416,6742.61328125,45.61929556385358,0,117,643,0.0,0.0,0.1,0.15,0.1,0.65,0.0,56,220.0115438114998,971.3630676269531,175,0.6027147565569196,6750.4052734375,45.548177340023635,0,118,644,0.0,0.0,0.1,0.15,0.1,0.65,0.0
645,RecoveryExploration,0,NOOP,0.09801,0.0,0.082176,0,56,220.0115438114998,971.3630676269531,175,0.6027147565569196,6750.4052734375,45.548177340023635,0,118,644,0.0,0.0,0.1,0.15,0.1,0.65,0.0,65,241.820176741851,1011.6946697235107,176,0.6000500592318448,6758.9638671875,45.4741706487004,0,119,645,0.0,0.0,0.1,0.15,0.1,0.65,0.0
646,RecoveryExploration,0,NOOP,0.097302,0.0,0.081483,0,65,241.820176741851,1011.6946697235107,176,0.6000500592318448,6758.9638671875,45.4741706487004,0,119,645,0.0,0.0,0.1,0.15,0.1,0.65,0.0,30,117.76008145838968,1012.174129486084,177,0.5971344338972017,6764.3388671875,45.412705565612185,0,120,646,0.0,0.0,0.15,0.15,0.1,0.6,0.0
647,RecoveryExploration,0,NOOP,0.096675,0.0,0.081153,0,30,117.76008145838968,1012.174129486084,177,0.5971344338972017,6764.3388671875,45.412705565612185,0,120,646,0.0,0.0,0.15,0.15,0.1,0.6,0.0,78,312.947279611097,998.6352920532227,178,0.5946266088592872,6773.986328125,45.334839876096574,0,121,647,0.0,0.0,0.15,0.15,0.1,0.6,0.0
648,RecoveryExploration,0,NOOP,0.096045,0.0,0.080904,0,78,312.947279611097,998.6352920532227,178,0.5946266088592872,6773.986328125,45.334839876096574,0,121,647,0.0,0.0,0.15,0.15,0.1,0.6,0.0,73,284.42008284092924,980.8330535888672,179,0.59210205078125,6783.12109375,45.25896862825252,0,122,648,0.0,0.0,0.15,0.2,0.05,0.6,0.0
649,RecoveryExploration,0,NOOP,0.095413,0.0,0.053897,0,73,284.42008284092924,980.8330535888672,179,0.59210205078125,6783.12109375,45.25896862825252,0,122,648,0.0,0.0,0.15,0.2,0.05,0.6,0.0,67,271.1935674388262,2300.811767578125,180,0.5895662095811632,6791.802734375,45.184863415542765,0,123,649,0.0,0.0,0.15,0.2,0.1,0.55,0.0
650,RecoveryExploration,0,NOOP,0.094755,0.0,0.078925,0,67,271.1935674388262,2300.811767578125,180,0.5895662095811632,6791.802734375,45.184863415542765,0,123,649,0.0,0.0,0.15,0.2,0.1,0.55,0.0,46,190.60761529539846,1017.723798751831,181,0.5868985508028315,6798.6328125,45.11768157796784,0,124,650,0.0,0.0,0.15,0.25,0.05,0.55,0.0
651,RecoveryExploration,0,NOOP,0.094113,0.0,0.078227,0,46,190.60761529539846,1017.723798751831,181,0.5868985508028315,6798.6328125,45.11768157796784,0,124,650,0.0,0.0,0.15,0.25,0.05,0.55,0.0,53,209.19123516098827,1021.7740535736084,182,0.5843134450388479,6806.0830078125,45.04820276902509,0,125,651,0.0,0.0,0.15,0.3,0.05,0.5,0.0
652,RecoveryExploration,0,NOOP,0.093475,0.0,0.075544,0,53,209.19123516098827,1021.7740535736084,182,0.5843134450388479,6806.0830078125,45.04820276902509,0,125,651,0.0,0.0,0.15,0.3,0.05,0.5,0.0,52,202.59721942261265,1125.2872943878174,183,0.5817495043811902,6813.4501953125,44.97908240155805,0,126,652,0.0,0.0,0.15,0.25,0.05,0.55,0.0
653,RecoveryExploration,0,NOOP,0.092863,0.0,0.07628,0,52,202.59721942261265,1125.2872943878174,183,0.5817495043811902,6813.4501953125,44.97908240155805,0,126,652,0.0,0.0,0.15,0.25,0.05,0.55,0.0,65,194.7502882361093,1059.1797828674316,184,0.5793171758237092,6822.0390625,44.90569461176421,0,127,653,0.0,0.0,0.15,0.3,0.05,0.5,0.0
654,RecoveryExploration,0,NOOP,0.092215,0.0,0.075728,0,65,194.7502882361093,1059.1797828674316,184,0.5793171758237092,6822.0390625,44.90569461176421,0,127,653,0.0,0.0,0.15,0.3,0.05,0.5,0.0,38,152.6486917212581,1055.5956363677979,185,0.5767017261402027,6828.1484375,44.84133772253898,0,128,654,0.0,0.0,0.15,0.25,0.05,0.55,0.0
655,RecoveryExploration,0,NOOP,0.09157,0.0,0.075409,0,38,152.6486917212581,1055.5956363677979,185,0.5767017261402027,6828.1484375,44.84133772253898,0,128,654,0.0,0.0,0.15,0.25,0.05,0.55,0.0,36,137.8519967754334,1040.541648864746,186,0.5741002072570145,6834.0888671875,44.77759305035959,0,129,655,0.0,0.0,0.15,0.25,0.05,0.55,0.0
656,RecoveryExploration,0,NOOP,0.090955,0.0,0.07174,0,36,137.8519967754334,1040.541648864746,186,0.5741002072570145,6834.0888671875,44.77759305035959,0,129,655,0.0,0.0,0.15,0.25,0.05,0.55,0.0,53,210.3259389056146,1194.535732269287,187,0.5716518463297962,6841.529296875,44.708439585416286,0,130,656,0.0,0.0,0.15,0.3,0.05,0.5,0.0
657,RecoveryExploration,0,NOOP,0.090358,0.0,0.050931,0,53,210.3259389056146,1194.535732269287,187,0.5716518463297962,6841.529296875,44.708439585416286,0,130,656,0.0,0.0,0.15,0.3,0.05,0.5,0.0,61,218.08576050952374,2206.3350677490234,188,0.5692908916067569,6849.7080078125,44.63684455548619,0,131,657,0.0,0.0,0.15,0.3,0.1,0.45,0.0
658,RecoveryExploration,0,NOOP,0.089782,0.0,0.072641,0,61,218.08576050952374,2206.3350677490234,188,0.5692908916067569,6849.7080078125,44.63684455548619,0,131,657,0.0,0.0,0.15,0.3,0.1,0.45,0.0,72,278.6699505298136,1093.2960510253906,189,0.5670335557725694,6858.837890625,44.56225382440231,0,132,658,0.0,0.0,0.1,0.3,0.1,0.5,0.0
659,RecoveryExploration,0,NOOP,0.089188,0.0,0.047589,0,72,278.6699505298136,1093.2960510253906,189,0.5670335557725694,6858.837890625,44.56225382440231,0,132,658,0.0,0.0,0.1,0.3,0.1,0.5,0.0,57,221.0052737984198,2317.4238204956055,190,0.5646885118986431,6866.6123046875,44.4923289819652,0,133,659,0.0,0.0,0.1,0.3,0.15,0.45,0.0
660,RecoveryExploration,0,NOOP,0.088595,0.0,0.076883,0,57,221.0052737984198,2317.4238204956055,190,0.5646885118986431,6866.6123046875,44.4923289819652,0,133,659,0.0,0.0,0.1,0.3,0.15,0.45,0.0,54,210.37964905827573,824.3529796600342,191,0.5623489299993865,6874.1533203125,44.423313598914795,0,134,660,0.0,0.0,0.1,0.25,0.15,0.45,0.05
661,RecoveryExploration,0,NOOP,0.087972,0.0,0.071085,0,54,210.37964905827573,824.3529796600342,191,0.5623489299993865,6874.1533203125,44.423313598914795,0,134,660,0.0,0.0,0.1,0.25,0.15,0.45,0.05,30,112.25541921889022,1084.3276977539062,192,0.5598576863606771,6879.53125,44.36191521575612,0,135,661,0.0,0.0,0.1,0.25,0.15,0.45,0.05
662,RecoveryExploration,0,NOOP,0.087386,0.0,0.070145,0,30,112.25541921889022,1084.3276977539062,192,0.5598576863606771,6879.53125,44.36191521575612,0,135,661,0.0,0.0,0.1,0.25,0.15,0.45,0.05,52,212.05205441893793,1103.287696838379,193,0.5575532270836706,6886.8974609375,44.29365364193067,0,136,662,0.0,0.0,0.05,0.25,0.15,0.5,0.05
663,RecoveryExploration,0,NOOP,0.086833,0.0,0.066859,0,52,212.05205441893793,1103.287696838379,193,0.5575532270836706,6886.8974609375,44.29365364193067,0,136,662,0.0,0.0,0.05,0.25,0.15,0.5,0.05,71,293.2733095664848,1241.2140369415283,194,0.5554174049613402,6896.0625,44.21976016665694,0,137,663,0.0,0.0,0.05,0.25,0.15,0.5,0.05
664,RecoveryExploration,0,NOOP,0.086249,0.0,0.0638,0,71,293.2733095664848,1241.2140369415283,194,0.5554174049613402,6896.0625,44.21976016665694,0,137,663,0.0,0.0,0.05,0.25,0.15,0.5,0.05,47,174.5667433536474,1366.2405014038086,195,0.5531223394931891,6902.966796875,44.153312356087895,0,138,664,0.0,0.0,0.05,0.25,0.15,0.5,0.05
665,RecoveryExploration,0,NOOP,0.085655,0.0,0.060565,0,47,174.5667433536474,1366.2405014038086,195,0.5531223394931891,6902.966796875,44.153312356087895,0,138,664,0.0,0.0,0.05,0.25,0.15,0.5,0.05,37,109.70702095817907,1499.497890472412,196,0.5507755668795838,6908.9287109375,44.09012203735555,0,139,665,0.0,0.0,0.05,0.25,0.15,0.5,0.05
666,RecoveryExploration,0,NOOP,0.085064,0.0,0.040121,0,37,109.70702095817907,1499.497890472412,196,0.5507755668795838,6908.9287109375,44.09012203735555,0,139,665,0.0,0.0,0.05,0.25,0.15,0.5,0.05,35,131.50420265175097,2493.3691024780273,197,0.548444021776848,6914.7822265625,44.027346754580584,0,140,666,0.0,0.0,0.0,0.25,0.2,0.5,0.05
667,RecoveryExploration,0,NOOP,0.084497,0.0,0.042512,0,35,131.50420265175097,2493.3691024780273,197,0.548444021776848,6914.7822265625,44.027346754580584,0,140,666,0.0,0.0,0.0,0.25,0.2,0.5,0.05,49,157.91418947161367,2346.743583679199,198,0.5462342849885574,6921.880859375,43.96052470320353,0,141,667,0.0,0.0,0.0,0.25,0.25,0.45,0.05
668,RecoveryExploration,2,COMPACT_64KB,0.210091,-0.05,0.178512,0,49,157.91418947161367,2346.743583679199,198,0.5462342849885574,6921.880859375,43.96052470320353,0,141,667,0.0,0.0,0.0,0.25,0.25,0.45,0.05,43,170.52837442382696,614.382266998291,92,1.124577232029127,6621.5107421875,27.416865784240564,0,0,668,0.0,0.0,0.0,0.2,0.25,0.5,0.05
669,RecoveryExploration,1,COMPACT_32KB,0.547812,-0.045,0.169199,0,43,170.52837442382696,614.382266998291,92,1.124577232029127,6621.5107421875,27.416865784240564,0,0,668,0.0,0.0,0.0,0.2,0.25,0.5,0.05,48,194.16763142920522,656.6016674041748,108,0.9656527483904803,6674.591796875,29.070720208306014,0,0,669,0.0,0.0,0.0,0.2,0.2,0.55,0.05
670,RecoveryExploration,2,COMPACT_64KB,0.210341,-0.05,0.1777,0,48,194.16763142920522,656.6016674041748,108,0.9656527483904803,6674.591796875,29.070720208306014,0,0,669,0.0,0.0,0.0,0.2,0.2,0.55,0.05,42,169.70698121150758,665.0021076202393,90,1.1501887003580729,6625.0869140625,19.967809124646152,0,0,670,0.0,0.0,0.0,0.15,0.2,0.6,0.05
671,RecoveryExploration,2,COMPACT_64KB,0.547841,-0.05,0.179714,0,42,169.70698121150758,665.0021076202393,90,1.1501887003580729,6625.0869140625,19.967809124646152,0,0,670,0.0,0.0,0.0,0.15,0.2,0.6,0.05,73,283.06827086465086,564.3024444580078,90,1.1512810601128471,6631.37890625,19.87624719909872,0,0,671,0.0,0.0,0.0,0.1,0.2,0.65,0.05
672,RecoveryExploration,0,NOOP,0.188625,0.0,0.182553,0,73,283.06827086465086,564.3024444580078,90,1.1512810601128471,6631.37890625,19.87624719909872,0,0,671,0.0,0.0,0.0,0.1,0.2,0.65,0.05,61,252.5938309864439,417.3426628112793,91,1.1400325900905734,6639.5498046875,20.92455875230444,0,1,672,0.0,0.0,0.0,0.1,0.2,0.6,0.1
673,RecoveryExploration,0,NOOP,0.1885,0.0,0.178961,0,61,252.5938309864439,417.3426628112793,91,1.1400325900905734,6639.5498046875,20.92455875230444,0,1,672,0.0,0.0,0.0,0.1,0.2,0.6,0.1,31,127.0581411029396,591.9408798217773,92,1.1285713859226392,6645.0283203125,21.966477005896348,0,2,673,0.0,0.0,0.0,0.05,0.2,0.65,0.1
674,RecoveryExploration,0,NOOP,0.188375,0.0,0.179428,0,31,127.0581411029396,591.9408798217773,92,1.1285713859226392,6645.0283203125,21.966477005896348,0,2,673,0.0,0.0,0.0,0.05,0.2,0.65,0.1,43,179.64243047829262,563.575029373169,93,1.1175373036374328,6651.58203125,22.883610231377283,0,3,674,0.0,0.0,0.0,0.05,0.2,0.65,0.1
675,RecoveryExploration,0,NOOP,0.18825,0.0,0.179316,0,43,179.64243047829262,563.575029373169,93,1.1175373036374328,6651.58203125,22.883610231377283,0,3,674,0.0,0.0,0.0,0.05,0.2,0.65,0.1,70,283.73030276674496,564.2232894897461,94,1.1071363408514794,6660.5322265625,23.657573318427183,0,4,675,0.0,0.0,0.0,0.05,0.2,0.65,0.1
676,RecoveryExploration,0,NOOP,0.188125,0.0,0.178864,0,70,283.73030276674496,564.2232894897461,94,1.1071363408514794,6660.5322265625,23.657573318427183,0,4,675,0.0,0.0,0.0,0.05,0.2,0.65,0.1,39,100.39904571168684,581.7999839782715,95,1.0965002762643914,6666.7216796875,24.44884993228268,0,5,676,0.0,0.0,0.0,0.0,0.2,0.7,0.1
677,RecoveryExploration,0,NOOP,0.188,0.0,0.1665,0,39,100.39904571168684,581.7999839782715,95,1.0965002762643914,6666.7216796875,24.44884993228268,0,5,676,0.0,0.0,0.0,0.0,0.2,0.7,0.1,74,279.1718311936772,1195.0104236602783,96,1.0866028467814128,6676.087890625,25.09926864727945,0,6,677,0.0,0.0,0.0,0.0,0.2,0.7,0.1
678,RecoveryExploration,0,NOOP,0.187875,0.0,0.179053,0,74,279.1718311936772,1195.0104236602783,96,1.0866028467814128,6676.087890625,25.09926864727945,0,6,677,0.0,0.0,0.0,0.0,0.2,0.7,0.1,56,209.23824888446248,562.352180480957,97,1.0766370321057506,6683.7626953125,25.746282924224072,0,7,678,0.0,0.0,0.0,0.0,0.2,0.7,0.1
679,RecoveryExploration,0,NOOP,0.18775,0.0,0.178623,0,56,209.23824888446248,562.352180480957,97,1.0766370321057506,6683.7626953125,25.746282924224072,0,7,678,0.0,0.0,0.0,0.0,0.2,0.7,0.1,54,199.42294488434402,578.8400173187256,98,1.0668456408442284,6691.255859375,26.353764169083277,0,8,679,0.0,0.0,0.0,0.0,0.15,0.75,0.1
680,RecoveryExploration,0,NOOP,0.187625,0.0,0.178871,0,54,199.42294488434402,578.8400173187256,98,1.0668456408442284,6691.255859375,26.353764169083277,0,8,679,0.0,0.0,0.0,0.0,0.15,0.75,0.1,31,120.23586396560763,561.4542961120605,99,1.056929308958728,6696.7041015625,26.968659989584527,0,9,680,0.0,0.0,0.0,0.0,0.15,0.75,0.1
681,RecoveryExploration,0,NOOP,0.1875,0.0,0.181204,0,31,120.23586396560763,561.4542961120605,99,1.056929308958728,6696.7041015625,26.968659989584527,0,9,680,0.0,0.0,0.0,0.0,0.15,0.75,0.1,49,172.54858658875483,439.79334831237793,100,1.047460174560547,6703.7451171875,27.50797432855565,0,10,681,0.0,0.0,0.0,0.0,0.15,0.7,0.15
682,RecoveryExploration,0,NOOP,0.187375,0.0,0.177477,0,49,172.54858658875483,439.79334831237793,100,1.047460174560547,6703.7451171875,27.50797432855565,0,10,681,0.0,0.0,0.0,0.0,0.15,0.7,0.15,70,250.69292897036183,621.1662292480469,101,1.0384817595529083,6712.74609375,27.972675964944052,0,11,682,0.0,0.0,0.0,0.0,0.15,0.7,0.15
683,RecoveryExploration,0,NOOP,0.18725,0.0,0.175874,0,70,250.69292897036183,621.1662292480469,101,1.0384817595529083,6712.74609375,27.972675964944052,0,11,682,0.0,0.0,0.0,0.0,0.15,0.7,0.15,70,270.808668422242,696.3067054748535,102,1.0296641331092984,6721.6474609375,28.411387135230694,0,12,683,0.0,0.0,0.0,0.0,0.15,0.7,0.15
684,RecoveryExploration,0,NOOP,0.187125,0.0,0.176557,0,70,270.808668422242,696.3067054748535,102,1.0296641331092984,6721.6474609375,28.411387135230694,0,12,683,0.0,0.0,0.0,0.0,0.15,0.7,0.15,75,302.5055510625633,657.1362018585205,103,1.0210901649252881,6731.0263671875,28.815054204601857,0,13,684,0.0,0.0,0.05,0.0,0.15,0.65,0.15
685,RecoveryExploration,0,NOOP,0.187,0.0,0.176284,0,75,302.5055510625633,657.1362018585205,103,1.0210901649252881,6731.0263671875,28.815054204601857,0,13,684,0.0,0.0,0.05,0.0,0.15,0.65,0.15,66,250.92076107223045,665.7984256744385,104,1.012544925396259,6739.4990234375,29.212188220111244,0,14,685,0.0,0.0,0.05,0.05,0.15,0.6,0.15
686,RecoveryExploration,0,NOOP,0.186875,0.0,0.175948,0,66,250.92076107223045,665.7984256744385,104,1.012544925396259,6739.4990234375,29.212188220111244,0,14,685,0.0,0.0,0.05,0.05,0.15,0.6,0.15,73,256.367392938899,677.5960922241211,105,1.004281470889137,6748.771484375,29.57219147829025,0,15,686,0.0,0.0,0.05,0.05,0.1,0.65,0.15
687,RecoveryExploration,0,NOOP,0.185954,0.0,0.175392,0,73,256.367392938899,677.5960922241211,105,1.004281470889137,6748.771484375,29.57219147829025,0,15,686,0.0,0.0,0.05,0.05,0.1,0.65,0.15,61,240.28022302591356,660.5989933013916,106,0.9960196153172907,6756.9970703125,29.930283934917302,0,16,687,0.0,0.0,0.05,0.05,0.05,0.7,0.15
688,RecoveryExploration,0,NOOP,0.1842,0.0,0.174034,0,61,240.28022302591356,660.5989933013916,106,0.9960196153172907,6756.9970703125,29.930283934917302,0,16,687,0.0,0.0,0.05,0.05,0.05,0.7,0.15,58,216.69482833720963,642.0278549194336,107,0.9878726852274387,6764.9521484375,30.273089396057046,0,17,688,0.0,0.0,0.05,0.05,0.05,0.7,0.15
689,RecoveryExploration,0,NOOP,0.182439,0.0,0.157455,0,58,216.69482833720963,642.0278549194336,107,0.9878726852274387,6764.9521484375,30.273089396057046,0,17,688,0.0,0.0,0.05,0.05,0.05,0.7,0.15,44,171.40962813598017,1384.1893672943115,108,0.9796945077401621,6771.6484375,30.618321502828973,0,18,689,0.0,0.0,0.05,0.05,0.1,0.65,0.15
690,RecoveryExploration,0,NOOP,0.180759,0.0,0.170219,0,44,171.40962813598017,1384.1893672943115,108,0.9796945077401621,6771.6484375,30.618321502828973,0,18,689,0.0,0.0,0.05,0.05,0.1,0.65,0.15,64,240.9625884078552,663.2194519042969,109,0.9719183685582712,6780.1025390625,30.91598556676662,0,19,690,0.0,0.0,0.05,0.05,0.1,0.65,0.15
691,RecoveryExploration,0,NOOP,0.179087,0.0,0.168112,0,64,240.9625884078552,663.2194519042969,109,0.9719183685582712,6780.1025390625,30.91598556676662,0,19,690,0.0,0.0,0.05,0.05,0.1,0.65,0.15,57,223.29006046545513,686.227560043335,110,0.9641833218661222,6787.8505859375,31.208761665628217,0,20,691,0.0,0.0,0.05,0.05,0.1,0.65,0.15
692,RecoveryExploration,0,NOOP,0.177467,0.0,0.163901,0,57,223.29006046545513,686.227560043335,110,0.9641833218661222,6787.8505859375,31.208761665628217,0,20,691,0.0,0.0,0.05,0.05,0.1,0.65,0.15,66,258.61160063675703,817.023754119873,111,0.9567090283643018,6796.4609375,31.4727146183447,0,21,692,0.0,0.0,0.05,0.1,0.1,0.65,0.1
693,RecoveryExploration,0,NOOP,0.175863,0.0,0.16389,0,66,258.61160063675703,817.023754119873,111,0.9567090283643018,6796.4609375,31.4727146183447,0,21,692,0.0,0.0,0.05,0.1,0.1,0.65,0.1,61,219.40442303256174,738.6348247528076,112,0.9493156160627093,6804.6943359375,31.728293491844482,0,22,693,0.0,0.0,0.1,0.1,0.1,0.6,0.1
694,RecoveryExploration,0,NOOP,0.174288,0.0,0.162121,0,61,219.40442303256174,738.6348247528076,112,0.9493156160627093,6804.6943359375,31.728293491844482,0,22,693,0.0,0.0,0.1,0.1,0.1,0.6,0.1,62,258.9189968497226,749.6223449707031,113,0.9420650786003181,6813.0146484375,31.969179027303745,0,23,694,0.0,0.0,0.1,0.1,0.1,0.6,0.1
695,RecoveryExploration,0,NOOP,0.172724,0.0,0.161854,0,62,258.9189968497226,749.6223449707031,113,0.9420650786003181,6813.0146484375,31.969179027303745,0,23,694,0.0,0.0,0.1,0.1,0.1,0.6,0.1,57,216.97708028163646,686.0244274139404,114,0.9348716066594709,6820.8232421875,32.20475757908921,0,24,695,0.0,0.0,0.1,0.1,0.1,0.6,0.1
696,RecoveryExploration,0,NOOP,0.171217,0.0,0.155966,0,57,216.97708028163646,686.0244274139404,114,0.9348716066594709,6820.8232421875,32.20475757908921,0,24,695,0.0,0.0,0.1,0.1,0.1,0.6,0.1,70,265.9128396577927,906.303882598877,115,0.927958347486413,6829.7734375,32.412360631382775,0,25,696,0.0,0.0,0.1,0.1,0.1,0.6,0.1
697,RecoveryExploration,0,NOOP,0.169652,0.0,0.159373,0,70,265.9128396577927,906.303882598877,115,0.927958347486413,6829.7734375,32.412360631382775,0,25,696,0.0,0.0,0.1,0.1,0.1,0.6,0.1,36,139.93957744246762,658.912181854248,116,0.9207584775727371,6835.7109375,32.65051251971256,0,26,697,0.0,0.0,0.1,0.1,0.05,0.65,0.1
698,RecoveryExploration,0,NOOP,0.168134,0.0,0.155715,0,36,139.93957744246762,658.912181854248,116,0.9207584775727371,6835.7109375,32.65051251971256,0,26,697,0.0,0.0,0.1,0.1,0.05,0.65,0.1,46,174.42929184258347,767.1740055084229,117,0.9137930584768964,6842.482421875,32.86512983952251,0,27,698,0.0,0.0,0.1,0.1,0.05,0.65,0.1
699,RecoveryExploration,0,NOOP,0.166659,0.0,0.141482,0,46,174.42929184258347,767.1740055084229,117,0.9137930584768964,6842.482421875,32.86512983952251,0,27,698,0.0,0.0,0.1,0.1,0.05,0.65,0.1,54,204.90190253037446,1406.3286781311035,118,0.9070429397841632,6849.98828125,33.05914999909902,0,28,699,0.0,0.0,0.1,0.1,0.1,0.6,0.1
700,RecoveryExploration,1,COMPACT_32KB,0.556057,-0.045,0.177838,0,54,204.90190253037446,1406.3286781311035,118,0.9070429397841632,6849.98828125,33.05914999909902,0,28,699,0.0,0.0,0.1,0.1,0.1,0.6,0.1,33,124.10340573264855,623.1205463409424,97,1.094190459890464,6792.734375,23.24828314750091,0,0,700,0.0,0.0,0.1,0.15,0.1,0.6,0.05
701,RecoveryExploration,0,NOOP,0.18775,0.0,0.174411,0,33,124.10340573264855,623.1205463409424,97,1.094190459890464,6792.734375,23.24828314750091,0,0,700,0.0,0.0,0.1,0.15,0.1,0.6,0.05,55,158.264003946194,789.4577980041504,98,1.0842406603754784,6800.357421875,23.971847594268905,0,1,701,0.0,0.0,0.1,0.2,0.1,0.6,0.0
702,RecoveryExploration,0,NOOP,0.187625,0.0,0.177868,0,55,158.264003946194,789.4577980041504,98,1.0842406603754784,6800.357421875,23.971847594268905,0,1,701,0.0,0.0,0.1,0.2,0.1,0.6,0.0,67,251.37587360824244,611.5870475769043,99,1.0746492328065815,6808.9775390625,24.61890012103875,0,2,702,0.0,0.0,0.1,0.2,0.1,0.6,0.0
703,RecoveryExploration,0,NOOP,0.1875,0.0,0.177569,0,67,251.37587360824244,611.5870475769043,99,1.0746492328065815,6808.9775390625,24.61890012103875,0,2,702,0.0,0.0,0.1,0.2,0.1,0.6,0.0,98,391.6052486916856,621.5260028839111,100,1.065711212158203,6820.5517578125,25.153336390854793,0,3,703,0.0,0.0,0.1,0.2,0.1,0.6,0.0
704,RecoveryExploration,0,NOOP,0.187375,0.0,0.178155,0,98,391.6052486916856,621.5260028839111,100,1.065711212158203,6820.5517578125,25.153336390854793,0,3,703,0.0,0.0,0.1,0.2,0.1,0.6,0.0,91,344.2630270625205,587.2344970703125,101,1.0568506221960086,6831.482421875,25.667931817210643,0,4,704,0.0,0.0,0.05,0.2,0.1,0.65,0.0
705,RecoveryExploration,0,NOOP,0.18725,0.0,0.177921,0,91,344.2630270625205,587.2344970703125,101,1.0568506221960086,6831.482421875,25.667931817210643,0,4,704,0.0,0.0,0.05,0.2,0.1,0.65,0.0,91,349.72709896735296,593.9645767211914,102,1.0481238271675857,6842.15234375,26.15601830470105,0,5,705,0.0,0.0,0.05,0.2,0.1,0.65,0.0
706,RecoveryExploration,0,NOOP,0.187125,0.0,0.176432,0,91,349.72709896735296,593.9645767211914,102,1.0481238271675857,6842.15234375,26.15601830470105,0,5,705,0.0,0.0,0.05,0.2,0.1,0.65,0.0,65,246.3950892655408,663.4006500244141,103,1.0392469387609982,6850.7158203125,26.65847857713451,0,6,706,0.0,0.0,0.05,0.2,0.1,0.65,0.0
707,RecoveryExploration,0,NOOP,0.187,0.0,0.173425,0,65,246.3950892655408,663.4006500244141,103,1.0392469387609982,6850.7158203125,26.65847857713451,0,6,706,0.0,0.0,0.05,0.2,0.1,0.65,0.0,66,253.05140299686272,808.7344169616699,104,1.030546628511869,6859.318359375,27.12968404569695,0,7,707,0.0,0.0,0.1,0.2,0.1,0.6,0.0
708,RecoveryExploration,0,NOOP,0.186875,0.0,0.180813,0,66,253.05140299686272,808.7344169616699,104,1.030546628511869,6859.318359375,27.12968404569695,0,7,707,0.0,0.0,0.1,0.2,0.1,0.6,0.0,96,361.69225904740006,434.35120582580566,105,1.0224225725446427,6870.6796875,27.519593857902166,0,8,708,0.0,0.0,0.1,0.2,0.1,0.55,0.05
709,RecoveryExploration,0,NOOP,0.18675,0.0,0.177165,0,96,361.69225904740006,434.35120582580566,105,1.0224225725446427,6870.6796875,27.519593857902166,0,8,708,0.0,0.0,0.1,0.2,0.1,0.55,0.05,72,265.3041594408396,611.7522716522217,106,1.0141225850807045,6879.8076171875,27.92894005032045,0,9,709,0.0,0.0,0.1,0.25,0.05,0.55,0.05
710,RecoveryExploration,0,NOOP,0.186625,0.0,0.176385,0,72,265.3041594408396,611.7522716522217,106,1.0141225850807045,6879.8076171875,27.92894005032045,0,9,709,0.0,0.0,0.1,0.25,0.05,0.55,0.05,77,284.6412897289503,645.7686424255371,107,1.006043050890771,6889.3828125,28.306834183556198,0,10,710,0.0,0.0,0.1,0.25,0.05,0.55,0.05
711,RecoveryExploration,0,NOOP,0.186086,0.0,0.175713,0,77,284.6412897289503,645.7686424255371,107,1.006043050890771,6889.3828125,28.306834183556198,0,10,710,0.0,0.0,0.1,0.25,0.05,0.55,0.05,63,241.3388218252493,653.6531448364258,108,0.9979301735206887,6897.693359375,28.686310575310998,0,11,711,0.0,0.0,0.1,0.3,0.05,0.5,0.05
712,RecoveryExploration,0,NOOP,0.184361,0.0,0.173313,0,63,241.3388218252493,653.6531448364258,108,0.9979301735206887,6897.693359375,28.686310575310998,0,11,711,0.0,0.0,0.1,0.3,0.05,0.5,0.05,59,226.70688070915085,688.6143684387207,109,0.9899277993298452,6905.736328125,29.04953678585837,0,12,712,0.0,0.0,0.1,0.25,0.05,0.5,0.1
713,RecoveryExploration,0,NOOP,0.180945,0.0,0.170965,0,59,226.70688070915085,688.6143684387207,109,0.9899277993298452,6905.736328125,29.04953678585837,0,12,712,0.0,0.0,0.1,0.25,0.05,0.5,0.1,100,315.403414893121,637.7947330474854,111,0.9741019858970298,6920.0205078125,29.748118321531557,0,13,713,0.0,0.0,0.05,0.3,0.05,0.5,0.1
714,RecoveryExploration,0,NOOP,0.179309,0.0,0.168226,0,100,315.403414893121,637.7947330474854,111,0.9741019858970298,6920.0205078125,29.748118321531557,0,13,713,0.0,0.0,0.05,0.3,0.05,0.5,0.1,61,223.2190369003529,694.1359043121338,112,0.9665445600237165,6928.19140625,30.052944824185616,0,14,714,0.0,0.0,0.05,0.3,0.05,0.5,0.1
715,RecoveryExploration,0,NOOP,0.177704,0.0,0.170568,0,61,223.2190369003529,694.1359043121338,112,0.9665445600237165,6928.19140625,30.052944824185616,0,14,714,0.0,0.0,0.05,0.3,0.05,0.5,0.1,63,215.539206201864,498.07071685791016,113,0.9591454700031111,6936.5400390625,30.338996578010768,0,15,715,0.0,0.0,0.05,0.3,0.05,0.45,0.15
716,RecoveryExploration,0,NOOP,0.176201,0.0,0.164772,0,63,215.539206201864,498.07071685791016,113,0.9591454700031111,6936.5400390625,30.338996578010768,0,15,715,0.0,0.0,0.05,0.3,0.05,0.45,0.15,95,363.6844627273947,713.9716148376465,114,0.952255784419545,6947.658203125,30.569165602414557,0,16,716,0.0,0.0,0.05,0.3,0.05,0.45,0.15
717,RecoveryExploration,0,NOOP,0.174683,0.0,0.163562,0,95,363.6844627273947,713.9716148376465,114,0.952255784419545,6947.658203125,30.569165602414557,0,16,716,0.0,0.0,0.05,0.3,0.05,0.45,0.15,78,320.3225904994654,699.7718811035156,115,0.9452891474184782,6957.328125,30.808086865168338,0,17,717,0.0,0.0,0.05,0.3,0.05,0.45,0.15
718,RecoveryExploration,0,NOOP,0.173126,0.0,0.161771,0,78,320.3225904994654,699.7718811035156,115,0.9452891474184782,6957.328125,30.808086865168338,0,17,717,0.0,0.0,0.05,0.3,0.05,0.45,0.15,52,179.21872190768877,712.7587795257568,116,0.9381308720029634,6964.68359375,31.068170851376667,0,18,718,0.0,0.0,0.05,0.3,0.05,0.45,0.15
719,RecoveryExploration,0,NOOP,0.171593,0.0,0.159713,0,52,179.21872190768877,712.7587795257568,116,0.9381308720029634,6964.68359375,31.068170851376667,0,18,718,0.0,0.0,0.05,0.3,0.05,0.45,0.15,52,193.51776321860294,740.2775287628174,117,0.9310907869257479,6972.0078125,31.315529052611026,0,19,719,0.0,0.0,0.05,0.3,0.0,0.5,0.15
720,RecoveryExploration,0,NOOP,0.170088,0.0,0.157129,0,52,193.51776321860294,740.2775287628174,117,0.9310907869257479,6972.0078125,31.315529052611026,0,19,719,0.0,0.0,0.05,0.3,0.0,0.5,0.15,54,213.78967488722571,795.4926490783691,118,0.9241922669491526,6979.5,31.548090366377757,0,20,720,0.0,0.0,0.05,0.25,0.0,0.55,0.15
721,RecoveryExploration,0,NOOP,0.168653,0.0,0.153393,0,54,213.78967488722571,795.4926490783691,118,0.9241922669491526,6979.5,31.548090366377757,0,20,720,0.0,0.0,0.05,0.25,0.0,0.55,0.15,74,280.0367898559028,911.745548248291,119,0.9176416477235425,6988.7587890625,31.745284291621793,0,21,721,0.0,0.0,0.05,0.2,0.0,0.6,0.15
722,RecoveryExploration,0,NOOP,0.167248,0.0,0.141628,0,74,280.0367898559028,911.745548248291,119,0.9176416477235425,6988.7587890625,31.745284291621793,0,21,721,0.0,0.0,0.05,0.2,0.0,0.6,0.15,78,299.4549328881176,1430.985689163208,120,0.911239496866862,6998.3193359375,31.928681009134444,0,22,722,0.0,0.0,0.05,0.2,0.05,0.55,0.15
723,RecoveryExploration,0,NOOP,0.165911,0.0,0.153373,0,78,299.4549328881176,1430.985689163208,120,0.911239496866862,6998.3193359375,31.928681009134444,0,22,722,0.0,0.0,0.05,0.2,0.05,0.55,0.15,98,387.04901086546096,778.1474590301514,121,0.9051782277004778,7009.7001953125,32.08042643585703,0,23,723,0.0,0.0,0.1,0.2,0.05,0.5,0.15
724,RecoveryExploration,0,NOOP,0.164526,0.0,0.156321,0,98,387.04901086546096,778.1474590301514,121,0.9051782277004778,7009.7001953125,32.08042643585703,0,23,723,0.0,0.0,0.1,0.2,0.05,0.5,0.15,68,253.5850387918081,562.7286434173584,122,0.898879129378522,7018.4482421875,32.25641408643099,0,24,724,0.0,0.0,0.1,0.2,0.05,0.45,0.2
725,RecoveryExploration,0,NOOP,0.163153,0.0,0.150994,0,68,253.5850387918081,562.7286434173584,122,0.898879129378522,7018.4482421875,32.25641408643099,0,24,724,0.0,0.0,0.1,0.2,0.05,0.45,0.2,64,233.1130075334882,761.7132663726807,123,0.8926394082666412,7026.857421875,32.42781332081251,0,25,725,0.0,0.0,0.1,0.15,0.05,0.5,0.2
726,RecoveryExploration,0,NOOP,0.161793,0.0,0.15237,0,64,233.1130075334882,761.7132663726807,123,0.8926394082666412,7026.857421875,32.42781332081251,0,25,725,0.0,0.0,0.1,0.15,0.05,0.5,0.2,60,245.76912033845005,626.1441707611084,124,0.8864662416519657,7034.99609375,32.59400223983589,0,26,726,0.0,0.0,0.1,0.15,0.05,0.45,0.25
727,RecoveryExploration,0,NOOP,0.160489,0.0,0.148464,0,60,245.76912033845005,626.1441707611084,124,0.8864662416519657,7034.99609375,32.59400223983589,0,26,726,0.0,0.0,0.1,0.15,0.05,0.45,0.25,77,277.51356627781485,757.4610710144043,125,0.8805684814453125,7044.5478515625,32.735465184613986,0,27,727,0.0,0.0,0.05,0.15,0.05,0.5,0.25
728,RecoveryExploration,0,NOOP,0.159187,0.0,0.147129,0,77,277.51356627781485,757.4610710144043,125,0.8805684814453125,7044.5478515625,32.735465184613986,0,27,727,0.0,0.0,0.05,0.15,0.05,0.5,0.25,71,238.4253000376298,760.385274887085,126,0.8746829562717013,7053.443359375,32.87727261466488,0,28,728,0.0,0.0,0.05,0.15,0.05,0.55,0.2
729,RecoveryExploration,0,NOOP,0.157949,0.0,0.150524,0,71,238.4253000376298,760.385274887085,126,0.8746829562717013,7053.443359375,32.87727261466488,0,28,728,0.0,0.0,0.05,0.15,0.05,0.55,0.2,91,333.6144884973079,530.0188064575195,127,0.8691223625123031,7064.2265625,32.991223164445934,0,29,729,0.0,0.0,0.05,0.1,0.05,0.55,0.25
730,RecoveryExploration,0,NOOP,0.156735,0.0,0.141414,0,91,333.6144884973079,530.0188064575195,127,0.8691223625123031,7064.2265625,32.991223164445934,0,29,729,0.0,0.0,0.05,0.1,0.05,0.55,0.25,94,342.83518432851133,926.0690212249756,128,0.8636763095855713,7075.236328125,33.09683790506269,0,30,730,0.0,0.0,0.05,0.1,0.05,0.55,0.25
731,RecoveryExploration,0,NOOP,0.155536,0.0,0.127186,0,94,342.83518432851133,926.0690212249756,128,0.8636763095855713,7075.236328125,33.09683790506269,0,30,730,0.0,0.0,0.05,0.1,0.05,0.55,0.25,93,345.4664125436626,1578.7687301635742,129,0.8583055836285731,7086.1708984375,33.19764958619438,0,31,731,0.0,0.0,0.05,0.05,0.1,0.55,0.25
732,RecoveryExploration,0,NOOP,0.154286,0.0,0.140473,0,93,345.4664125436626,1578.7687301635742,129,0.8583055836285731,7086.1708984375,33.19764958619438,0,31,731,0.0,0.0,0.05,0.05,0.1,0.55,0.25,61,218.33458407611298,853.1746864318848,130,0.8526813213641827,7094.30859375,33.32242837286481,0,32,732,0.0,0.0,0.1,0.05,0.1,0.55,0.2
733,RecoveryExploration,0,NOOP,0.15304,0.0,0.145617,0,61,218.33458407611298,853.1746864318848,130,0.8526813213641827,7094.30859375,33.32242837286481,0,32,732,0.0,0.0,0.1,0.05,0.1,0.55,0.2,54,221.9238907843141,534.9218845367432,131,0.8470762995363191,7101.8876953125,33.446973432823285,0,33,733,0.0,0.0,0.1,0.0,0.1,0.55,0.25
734,RecoveryExploration,0,NOOP,0.150579,0.0,0.136271,0,54,221.9238907843141,534.9218845367432,131,0.8470762995363191,7101.8876953125,33.446973432823285,0,33,733,0.0,0.0,0.1,0.0,0.1,0.55,0.25,100,371.2509382390846,881.6726207733154,133,0.8360221690701363,7116.220703125,33.68651840373468,0,34,734,0.0,0.0,0.1,0.0,0.1,0.55,0.25
735,RecoveryExploration,0,NOOP,0.149423,0.0,0.141446,0,100,371.2509382390846,881.6726207733154,133,0.8360221690701363,7116.220703125,33.68651840373468,0,34,734,0.0,0.0,0.1,0.0,0.1,0.55,0.25,74,195.75903571903856,566.30539894104,134,0.830862813921117,7125.4794921875,33.7766118964228,0,35,735,0.0,0.0,0.1,0.0,0.1,0.55,0.25
736,RecoveryExploration,0,NOOP,0.148302,0.0,0.135,0,74,195.75903571903856,566.30539894104,134,0.830862813921117,7125.4794921875,33.7766118964228,0,35,735,0.0,0.0,0.1,0.0,0.1,0.55,0.25,84,331.875046274099,833.869218826294,135,0.8258844446252893,7135.6416015625,33.85336443890784,0,36,736,0.0,0.0,0.1,0.0,0.1,0.55,0.25
737,RecoveryExploration,0,NOOP,0.147152,0.0,0.11822,0,84,331.875046274099,833.869218826294,135,0.8258844446252893,7135.6416015625,33.85336443890784,0,36,736,0.0,0.0,0.1,0.0,0.1,0.55,0.25,62,237.58746714346145,1616.6398525238037,136,0.820762409883387,7143.916015625,33.943711056217545,0,37,737,0.0,0.0,0.1,0.0,0.15,0.5,0.25
738,RecoveryExploration,0,NOOP,0.146026,0.0,0.131073,0,62,237.58746714346145,1616.6398525238037,136,0.820762409883387,7143.916015625,33.943711056217545,0,37,737,0.0,0.0,0.1,0.0,0.15,0.5,0.25,66,261.3174844714634,918.9047813415527,137,0.8157556909714302,7152.5458984375,34.02602195502479,0,38,738,0.0,0.0,0.1,0.0,0.15,0.5,0.25
739,RecoveryExploration,0,NOOP,0.144891,0.0,0.116235,0,66,261.3174844714634,918.9047813415527,137,0.8157556909714302,7152.5458984375,34.02602195502479,0,38,738,0.0,0.0,0.1,0.0,0.15,0.5,0.25,54,172.68932873829638,1605.2868366241455,138,0.8107044385827106,7160.1416015625,34.11365827391903,0,39,739,0.0,0.0,0.1,0.0,0.2,0.45,0.25
740,RecoveryExploration,0,NOOP,0.143828,0.0,0.129235,0,54,172.68932873829638,1605.2868366241455,138,0.8107044385827106,7160.1416015625,34.11365827391903,0,39,739,0.0,0.0,0.1,0.0,0.2,0.45,0.25,85,341.13704105232034,903.4020900726318,139,0.806013587567446,7170.296875,34.17362525210761,0,40,740,0.0,0.0,0.1,0.0,0.2,0.45,0.25
741,RecoveryExploration,0,NOOP,0.142788,0.0,0.128895,0,85,341.13704105232034,903.4020900726318,139,0.806013587567446,7170.296875,34.17362525210761,0,40,740,0.0,0.0,0.1,0.0,0.2,0.45,0.25,90,316.8866003267189,869.6842193603516,140,0.8014423915318081,7180.923828125,34.22597649226312,0,41,741,0.0,0.0,0.1,0.05,0.2,0.4,0.25
742,RecoveryExploration,0,NOOP,0.141752,0.0,0.110201,0,90,316.8866003267189,869.6842193603516,140,0.8014423915318081,7180.923828125,34.22597649226312,0,41,741,0.0,0.0,0.1,0.05,0.2,0.4,0.25,84,309.3818151163689,1753.7851333618164,141,0.7968833328138852,7191.0751953125,34.27906495889897,0,42,742,0.0,0.0,0.1,0.05,0.2,0.4,0.25
743,RecoveryExploration,0,NOOP,0.140716,0.0,0.128626,0,84,309.3818151163689,1753.7851333618164,141,0.7968833328138852,7191.0751953125,34.27906495889897,0,42,742,0.0,0.0,0.1,0.05,0.2,0.4,0.25,78,286.0990655921924,781.9774150848389,142,0.792327665946853,7200.673828125,34.333537905350774,0,43,743,0.0,0.0,0.05,0.05,0.2,0.4,0.3
744,RecoveryExploration,0,NOOP,0.139731,0.0,0.104764,0,78,286.0990655921924,781.9774150848389,142,0.792327665946853,7200.673828125,34.333537905350774,0,43,743,0.0,0.0,0.05,0.05,0.2,0.4,0.3,96,277.4954990468813,1927.0906448364258,143,0.7880278900786714,7212.03125,34.37032813279774,0,44,744,0.0,0.0,0.05,0.05,0.25,0.4,0.25
745,RecoveryExploration,0,NOOP,0.138722,0.0,0.123578,0,96,277.4954990468813,1927.0906448364258,143,0.7880278900786714,7212.03125,34.37032813279774,0,44,744,0.0,0.0,0.05,0.05,0.25,0.4,0.25,77,248.8071683516443,937.2072219848633,144,0.7836085425482856,7221.736328125,34.417700628877384,0,45,745,0.0,0.0,0.05,0.1,0.25,0.35,0.25
746,RecoveryExploration,0,NOOP,0.137741,0.0,0.124458,0,77,248.8071683516443,937.2072219848633,144,0.7836085425482856,7221.736328125,34.417700628877384,0,45,745,0.0,0.0,0.05,0.1,0.25,0.35,0.25,86,276.86577415081274,845.3800678253174,145,0.7793304443359375,7232.1865234375,34.45608621609835,0,46,746,0.0,0.0,0.05,0.1,0.25,0.4,0.2
747,RecoveryExploration,0,NOOP,0.13678,0.0,0.118023,0,86,276.86577415081274,845.3800678253174,145,0.7793304443359375,7232.1865234375,34.45608621609835,0,46,746,0.0,0.0,0.05,0.1,0.25,0.4,0.2,92,342.35935509285713,1120.3436851501465,146,0.775151500963185,7243.015625,34.48880446109176,0,47,747,0.0,0.0,0.05,0.1,0.25,0.4,0.2
748,RecoveryExploration,0,NOOP,0.135835,0.0,0.120946,0,92,342.35935509285713,1120.3436851501465,146,0.775151500963185,7243.015625,34.48880446109176,0,47,747,0.0,0.0,0.05,0.1,0.25,0.4,0.2,93,317.8502461673351,928.1971454620361,147,0.7710484095982143,7254.0234375,34.51763748587485,0,48,748,0.0,0.0,0.05,0.1,0.25,0.4,0.2
749,RecoveryExploration,0,NOOP,0.134886,0.0,0.120155,0,93,317.8502461673351,928.1971454620361,147,0.7710484095982143,7254.0234375,34.51763748587485,0,48,748,0.0,0.0,0.05,0.1,0.25,0.4,0.2,85,309.31445427728613,921.5476512908936,148,0.766927770666174,7264.33984375,34.54931673392725,0,49,749,0.0,0.0,0.05,0.1,0.25,0.45,0.15
750,RecoveryExploration,0,NOOP,0.133906,0.0,0.116368,0,85,309.31445427728613,921.5476512908936,148,0.766927770666174,7264.33984375,34.54931673392725,0,49,749,0.0,0.0,0.05,0.1,0.25,0.45,0.15,63,241.79595855519676,1063.1709098815918,149,0.7626548613477874,7272.6767578125,34.59382645329338,0,50,750,0.0,0.0,0.05,0.1,0.25,0.45,0.15
751,RecoveryExploration,0,NOOP,0.132996,0.0,0.102762,0,63,241.79595855519676,1063.1709098815918,149,0.7626548613477874,7272.6767578125,34.59382645329338,0,50,750,0.0,0.0,0.05,0.1,0.25,0.45,0.15,95,357.4863024206608,1699.1543769836426,150,0.7587276204427084,7283.78515625,34.614694737782145,0,51,751,0.0,0.0,0.05,0.1,0.25,0.45,0.15
752,RecoveryExploration,0,NOOP,0.132043,0.0,0.116254,0,95,357.4863024206608,1699.1543769836426,150,0.7587276204427084,7283.78515625,34.614694737782145,0,51,751,0.0,0.0,0.05,0.1,0.25,0.45,0.15,65,222.332936178819,978.2018661499023,151,0.7545888534444847,7292.3466796875,34.65232611398461,0,52,752,0.0,0.0,0.05,0.1,0.25,0.45,0.15
753,RecoveryExploration,2,COMPACT_64KB,0.547091,-0.05,0.174833,0,65,222.332936178819,978.2018661499023,151,0.7545888534444847,7292.3466796875,34.65232611398461,0,52,752,0.0,0.0,0.05,0.1,0.25,0.45,0.15,67,255.06221659084886,778.3553600311279,96,1.1616641680399578,7137.2646484375,17.4577873096327,0,0,753,0.0,0.0,0.05,0.1,0.25,0.5,0.1
754,RecoveryExploration,3,COMPACT_128KB,0.15825,-0.055,0.185686,0,67,255.06221659084886,778.3553600311279,96,1.1616641680399578,7137.2646484375,17.4577873096327,0,0,753,0.0,0.0,0.05,0.1,0.25,0.5,0.1,58,219.78852493822475,345.70860862731934,74,1.4947200465846706,7078.994140625,13.876231492300766,0,0,754,0.0,0.0,0.05,0.1,0.25,0.45,0.15
755,RecoveryExploration,0,NOOP,0.190625,0.0,0.185399,0,58,219.78852493822475,345.70860862731934,74,1.4947200465846706,7078.994140625,13.876231492300766,0,0,754,0.0,0.0,0.05,0.1,0.25,0.45,0.15,60,232.57822052295808,355.0732135772705,75,1.4764739990234375,7087.0751953125,17.09445123399448,0,1,755,0.0,0.0,0.05,0.1,0.25,0.45,0.15
756,RecoveryExploration,0,NOOP,0.1905,0.0,0.180789,0,60,232.57822052295808,355.0732135772705,75,1.4764739990234375,7087.0751953125,17.09445123399448,0,1,755,0.0,0.0,0.05,0.1,0.25,0.45,0.15,94,339.4981004308905,580.531120300293,76,1.459320670679996,7098.1357421875,19.491503078436338,0,2,756,0.0,0.0,0.1,0.1,0.25,0.4,0.15
757,RecoveryExploration,0,NOOP,0.190375,0.0,0.181378,0,94,339.4981004308905,580.531120300293,76,1.459320670679996,7098.1357421875,19.491503078436338,0,2,756,0.0,0.0,0.1,0.1,0.25,0.4,0.15,60,187.13404649903853,546.0937023162842,77,1.4420019372717126,7106.185546875,21.668363435227775,0,3,757,0.0,0.0,0.1,0.1,0.2,0.45,0.15
758,RecoveryExploration,0,NOOP,0.19025,0.0,0.184879,0,60,187.13404649903853,546.0937023162842,77,1.4420019372717126,7106.185546875,21.668363435227775,0,3,757,0.0,0.0,0.1,0.1,0.2,0.45,0.15,51,201.24022443073844,366.05048179626465,78,1.4249694041716747,7113.447265625,23.58190199866806,0,4,758,0.0,0.0,0.1,0.1,0.2,0.4,0.2
759,RecoveryExploration,0,NOOP,0.190125,0.0,0.181755,0,51,201.24022443073844,366.05048179626465,78,1.4249694041716747,7113.447265625,23.58190199866806,0,4,758,0.0,0.0,0.1,0.1,0.2,0.4,0.2,50,197.22012195351323,517.2610282897949,79,1.4083586101290546,7120.6611328125,25.26379507291646,0,5,759,0.0,0.0,0.1,0.15,0.15,0.4,0.2
760,RecoveryExploration,0,NOOP,0.19,0.0,0.183462,0,50,197.22012195351323,517.2610282897949,79,1.4083586101290546,7120.6611328125,25.26379507291646,0,5,759,0.0,0.0,0.1,0.15,0.15,0.4,0.2,61,232.60485206078485,426.8755912780762,80,1.3923587799072266,7128.876953125,26.72198362906254,0,6,760,0.0,0.0,0.1,0.15,0.15,0.35,0.25
761,RecoveryExploration,0,NOOP,0.189875,0.0,0.179764,0,61,232.60485206078485,426.8755912780762,80,1.3923587799072266,7128.876953125,26.72198362906254,0,6,760,0.0,0.0,0.1,0.15,0.15,0.35,0.25,93,343.1056302286695,606.804370880127,81,1.3773078447506752,7139.9638671875,27.933779489891474,0,7,761,0.0,0.0,0.15,0.1,0.15,0.35,0.25
762,RecoveryExploration,0,NOOP,0.18975,0.0,0.181529,0,93,343.1056302286695,606.804370880127,81,1.3773078447506752,7139.9638671875,27.933779489891474,0,7,761,0.0,0.0,0.15,0.1,0.15,0.35,0.25,51,141.2861581383552,513.5481357574463,82,1.3619014460866044,7147.2587890625,29.16135049560898,0,8,762,0.0,0.0,0.15,0.1,0.1,0.4,0.25
763,RecoveryExploration,0,NOOP,0.189625,0.0,0.182042,0,51,141.2861581383552,513.5481357574463,82,1.3619014460866044,7147.2587890625,29.16135049560898,0,8,762,0.0,0.0,0.15,0.1,0.1,0.4,0.25,57,208.57025905162712,482.9075336456299,83,1.3469561841114457,7155.03125,30.2646553762567,0,9,763,0.0,0.0,0.15,0.15,0.1,0.4,0.2
764,RecoveryExploration,0,NOOP,0.1895,0.0,0.179266,0,57,208.57025905162712,482.9075336456299,83,1.3469561841114457,7155.03125,30.2646553762567,0,9,763,0.0,0.0,0.15,0.15,0.1,0.4,0.2,76,243.68636132906863,616.67799949646,84,1.332660130092076,7164.380859375,31.22871521346615,0,10,764,0.0,0.0,0.2,0.15,0.05,0.4,0.2
765,RecoveryExploration,0,NOOP,0.189375,0.0,0.179494,0,76,243.68636132906863,616.67799949646,84,1.332660130092076,7164.380859375,31.22871521346615,0,10,764,0.0,0.0,0.2,0.15,0.05,0.4,0.2,68,244.99902245266455,600.30198097229,85,1.3185855641084558,7173.10546875,32.13395310473095,0,11,765,0.0,0.0,0.2,0.1,0.05,0.45,0.2
766,RecoveryExploration,0,NOOP,0.18925,0.0,0.179551,0,68,244.99902245266455,600.30198097229,85,1.3185855641084558,7173.10546875,32.13395310473095,0,11,765,0.0,0.0,0.2,0.1,0.05,0.45,0.2,90,334.0132034752694,592.4677848815918,86,1.3052171219226927,7183.9150390625,32.914986423633884,0,12,766,0.0,0.0,0.2,0.1,0.05,0.45,0.2
767,RecoveryExploration,0,NOOP,0.189125,0.0,0.183385,0,90,334.0132034752694,592.4677848815918,86,1.3052171219226927,7183.9150390625,32.914986423633884,0,12,766,0.0,0.0,0.2,0.1,0.05,0.45,0.2,50,180.9198204563473,395.76268196105957,87,1.2915112725619613,7191.134765625,33.73039477981092,0,13,767,0.0,0.0,0.2,0.1,0.05,0.4,0.25
768,RecoveryExploration,0,NOOP,0.189,0.0,0.18021,0,50,180.9198204563473,395.76268196105957,87,1.2915112725619613,7191.134765625,33.73039477981092,0,13,767,0.0,0.0,0.2,0.1,0.05,0.4,0.25,94,362.5908177097799,549.5164394378662,88,1.2788209048184482,7202.3193359375,34.39055932256155,0,14,768,0.0,0.0,0.2,0.1,0.05,0.4,0.25
769,RecoveryExploration,0,NOOP,0.188875,0.0,0.179939,0,94,362.5908177097799,549.5164394378662,88,1.2788209048184482,7202.3193359375,34.39055932256155,0,14,768,0.0,0.0,0.2,0.1,0.05,0.4,0.25,65,234.2055320077453,558.0391883850098,89,1.265953664029582,7210.8720703125,35.066033819671354,0,15,769,0.0,0.0,0.2,0.1,0.05,0.4,0.25
770,RecoveryExploration,0,NOOP,0.18875,0.0,0.178841,0,65,234.2055320077453,558.0391883850098,89,1.265953664029582,7210.8720703125,35.066033819671354,0,15,769,0.0,0.0,0.2,0.1,0.05,0.4,0.25,50,184.94806484442384,607.9285144805908,90,1.2531283908420139,7218.01953125,35.727404299454435,0,16,770,0.0,0.0,0.25,0.1,0.05,0.35,0.25
771,RecoveryExploration,0,NOOP,0.188625,0.0,0.163496,0,50,184.94806484442384,607.9285144805908,90,1.2531283908420139,7218.01953125,35.727404299454435,0,16,770,0.0,0.0,0.25,0.1,0.05,0.35,0.25,54,192.83762273057,1370.2247142791748,91,1.2406510573167067,7225.5517578125,36.33584518227829,0,17,771,0.0,0.0,0.25,0.1,0.05,0.35,0.25
772,RecoveryExploration,0,NOOP,0.1885,0.0,0.178358,0,54,192.83762273057,1370.2247142791748,91,1.2406510573167067,7225.5517578125,36.33584518227829,0,17,771,0.0,0.0,0.25,0.1,0.05,0.35,0.25,87,280.0301191782609,622.1168041229248,92,1.2289470175038213,7236.0400390625,36.842978773513806,0,18,772,0.0,0.0,0.2,0.1,0.05,0.4,0.25
773,RecoveryExploration,0,NOOP,0.188375,0.0,0.17696,0,87,280.0301191782609,622.1168041229248,92,1.2289470175038213,7236.0400390625,36.842978773513806,0,18,772,0.0,0.0,0.2,0.1,0.05,0.4,0.25,82,309.5304730979963,687.0174407958984,93,1.2174139535555275,7246.0478515625,37.32718193051383,0,19,773,0.0,0.0,0.2,0.1,0.05,0.4,0.25
774,RecoveryExploration,0,NOOP,0.18825,0.0,0.178873,0,82,309.5304730979963,687.0174407958984,93,1.2174139535555275,7246.0478515625,37.32718193051383,0,19,773,0.0,0.0,0.2,0.1,0.05,0.4,0.25,67,257.91865722189283,586.3637924194336,94,1.205896905127992,7254.67578125,37.80750058580007,0,20,774,0.0,0.0,0.2,0.1,0.05,0.45,0.2
775,RecoveryExploration,0,NOOP,0.188125,0.0,0.182499,0,67,257.91865722189283,586.3637924194336,94,1.205896905127992,7254.67578125,37.80750058580007,0,20,774,0.0,0.0,0.2,0.1,0.05,0.45,0.2,68,249.86436086800353,400.0523090362549,95,1.1946395070929277,7263.408203125,38.25589411583952,0,21,775,0.0,0.0,0.2,0.1,0.05,0.45,0.2
776,RecoveryExploration,0,NOOP,0.188,0.0,0.176595,0,68,249.86436086800353,400.0523090362549,95,1.1946395070929277,7263.408203125,38.25589411583952,0,21,775,0.0,0.0,0.2,0.1,0.05,0.45,0.2,96,299.3198798418408,690.2475357055664,96,1.184020201365153,7274.6201171875,38.632251582710765,0,22,776,0.0,0.0,0.2,0.1,0.05,0.45,0.2
777,RecoveryExploration,0,NOOP,0.187875,0.0,0.181594,0,96,299.3198798418408,690.2475357055664,96,1.184020201365153,7274.6201171875,38.632251582710765,0,22,776,0.0,0.0,0.2,0.1,0.05,0.45,0.2,98,360.9936345113469,435.3013038635254,97,1.1736459633738725,7285.994140625,38.982882516054524,0,23,777,0.0,0.0,0.2,0.1,0.05,0.4,0.25
778,RecoveryExploration,0,NOOP,0.18775,0.0,0.165483,0,98,360.9936345113469,435.3013038635254,97,1.1736459633738725,7285.994140625,38.982882516054524,0,23,777,0.0,0.0,0.2,0.1,0.05,0.4,0.25,62,225.75823565261024,1235.8601093292236,98,1.162996564592634,7294.314453125,39.363968766549014,0,24,778,0.0,0.0,0.2,0.1,0.1,0.4,0.2
779,RecoveryExploration,0,NOOP,0.187625,0.0,0.177307,0,62,225.75823565261024,1235.8601093292236,98,1.162996564592634,7294.314453125,39.363968766549014,0,24,778,0.0,0.0,0.2,0.1,0.1,0.4,0.2,81,297.60386832285076,639.657735824585,99,1.15280937426018,7304.2001953125,39.6962633659288,0,25,779,0.0,0.0,0.2,0.05,0.1,0.45,0.2
780,RecoveryExploration,0,NOOP,0.1875,0.0,0.174247,0,81,297.60386832285076,639.657735824585,99,1.15280937426018,7304.2001953125,39.6962633659288,0,25,779,0.0,0.0,0.2,0.05,0.1,0.45,0.2,54,209.79251242587546,787.6453399658203,100,1.1424665832519532,7311.7861328125,40.04612959058672,0,26,780,0.0,0.0,0.2,0.05,0.1,0.5,0.15
781,RecoveryExploration,0,NOOP,0.187375,0.0,0.158593,0,54,209.79251242587546,787.6453399658203,100,1.1424665832519532,7311.7861328125,40.04612959058672,0,26,780,0.0,0.0,0.2,0.05,0.1,0.5,0.15,72,146.39896799815008,1565.3319358825684,101,1.132568661529239,7320.923828125,40.35077314545602,0,27,781,0.0,0.0,0.15,0.05,0.15,0.5,0.15
782,RecoveryExploration,0,NOOP,0.18725,0.0,0.176323,0,72,146.39896799815008,1565.3319358825684,101,1.132568661529239,7320.923828125,40.35077314545602,0,27,781,0.0,0.0,0.15,0.05,0.15,0.5,0.15,69,198.18431930052347,673.8290786743164,102,1.1228378894282323,7329.8857421875,40.64017850321536,0,28,782,0.0,0.0,0.15,0.05,0.15,0.5,0.15
783,RecoveryExploration,0,NOOP,0.187125,0.0,0.176274,0,69,198.18431930052347,673.8290786743164,102,1.1228378894282323,7329.8857421875,40.64017850321536,0,28,782,0.0,0.0,0.15,0.05,0.15,0.5,0.15,83,280.12336372794834,671.3137626647949,103,1.113473392227321,7340.0166015625,40.89533812974264,0,29,783,0.0,0.0,0.15,0.0,0.15,0.55,0.15
784,RecoveryExploration,0,NOOP,0.187,0.0,0.173402,0,83,280.12336372794834,671.3137626647949,103,1.113473392227321,7340.0166015625,40.89533812974264,0,29,783,0.0,0.0,0.15,0.0,0.15,0.55,0.15,94,377.0323140847562,809.922456741333,104,1.104437021108774,7351.1328125,41.12147443692708,0,30,784,0.0,0.0,0.1,0.0,0.15,0.6,0.15
785,RecoveryExploration,0,NOOP,0.186875,0.0,0.180178,0,94,377.0323140847562,809.922456741333,104,1.104437021108774,7351.1328125,41.12147443692708,0,30,784,0.0,0.0,0.1,0.0,0.15,0.6,0.15,75,258.5031978772308,466.1061763763428,105,1.0953107561383928,7360.48828125,41.35863982183274,0,31,785,0.0,0.0,0.1,0.0,0.15,0.55,0.2
786,RecoveryExploration,0,NOOP,0.18675,0.0,0.177754,0,75,258.5031978772308,466.1061763763428,105,1.0953107561383928,7360.48828125,41.35863982183274,0,31,785,0.0,0.0,0.1,0.0,0.15,0.55,0.2,78,274.6521150739948,582.2923183441162,106,1.0863961273769163,7370.111328125,41.57824537320564,0,32,786,0.0,0.0,0.1,0.0,0.15,0.5,0.25
787,RecoveryExploration,0,NOOP,0.186625,0.0,0.175988,0,78,274.6521150739948,582.2923183441162,106,1.0863961273769163,7370.111328125,41.57824537320564,0,32,786,0.0,0.0,0.1,0.0,0.15,0.5,0.25,83,276.68628089925147,665.6193733215332,107,1.0777345461266064,7380.326171875,41.7770510832182,0,33,787,0.0,0.0,0.1,0.0,0.15,0.55,0.2
788,RecoveryExploration,0,NOOP,0.1865,0.0,0.175041,0,83,276.68628089925147,665.6193733215332,107,1.0777345461266064,7380.326171875,41.7770510832182,0,33,787,0.0,0.0,0.1,0.0,0.15,0.55,0.2,75,279.63344050875287,707.9386711120605,108,1.0691313566984955,7389.8359375,41.97323416120321,0,34,788,0.0,0.0,0.1,0.05,0.15,0.5,0.2
789,RecoveryExploration,0,NOOP,0.186375,0.0,0.175355,0,75,279.63344050875287,707.9386711120605,108,1.0691313566984955,7389.8359375,41.97323416120321,0,34,788,0.0,0.0,0.1,0.05,0.15,0.5,0.2,55,207.2578752643656,687.255859375,109,1.060416405354071,7397.46484375,42.18233010334146,0,35,789,0.0,0.0,0.1,0.05,0.15,0.5,0.2
790,RecoveryExploration,0,NOOP,0.18625,0.0,0.175383,0,55,207.2578752643656,687.255859375,109,1.060416405354071,7397.46484375,42.18233010334146,0,35,789,0.0,0.0,0.1,0.05,0.15,0.5,0.2,55,204.1918114989533,680.8314323425293,110,1.051859491521662,7405.0908203125,42.37941743969194,0,36,790,0.0,0.0,0.05,0.05,0.15,0.55,0.2
791,RecoveryExploration,0,NOOP,0.186125,0.0,0.174306,0,55,204.1918114989533,680.8314323425293,110,1.051859491521662,7405.0908203125,42.37941743969194,0,36,790,0.0,0.0,0.05,0.05,0.15,0.55,0.2,99,352.53643366362354,729.6950817108154,111,1.0440222937781531,7416.734375,42.51603630787147,0,37,791,0.0,0.0,0.05,0.1,0.1,0.55,0.2
792,RecoveryExploration,0,NOOP,0.186,0.0,0.175478,0,99,352.53643366362354,729.6950817108154,111,1.0440222937781531,7416.734375,42.51603630787147,0,37,791,0.0,0.0,0.05,0.1,0.1,0.55,0.2,92,338.50342866817493,666.1224365234375,112,1.036217417035784,7427.6064453125,42.65294739624219,0,38,792,0.0,0.0,0.05,0.1,0.1,0.55,0.2
793,RecoveryExploration,0,NOOP,0.185875,0.0,0.17389,0,92,338.50342866817493,666.1224365234375,112,1.036217417035784,7427.6064453125,42.65294739624219,0,38,792,0.0,0.0,0.05,0.1,0.1,0.55,0.2,94,333.81642934190853,740.4835224151611,113,1.0285725551368916,7438.63671875,42.779446617313056,0,39,793,0.0,0.0,0.05,0.15,0.1,0.5,0.2
794,RecoveryExploration,0,NOOP,0.18575,0.0,0.178025,0,94,333.81642934190853,740.4835224151611,113,1.0285725551368916,7438.63671875,42.779446617313056,0,39,793,0.0,0.0,0.05,0.15,0.1,0.5,0.2,87,334.26412681546077,528.742790222168,114,1.020997967636376,7449.201171875,42.903103219590484,0,40,794,0.0,0.0,0.05,0.15,0.1,0.45,0.25
795,RecoveryExploration,0,NOOP,0.185625,0.0,0.173801,0,87,334.26412681546077,528.742790222168,114,1.020997967636376,7449.201171875,42.903103219590484,0,40,794,0.0,0.0,0.05,0.15,0.1,0.45,0.25,70,256.24375866760806,734.9691390991211,115,1.013328618588655,7458.0986328125,43.037611974547396,0,41,795,0.0,0.0,0.05,0.15,0.1,0.5,0.2
796,RecoveryExploration,0,NOOP,0.1855,0.0,0.174515,0,70,256.24375866760806,734.9691390991211,115,1.013328618588655,7458.0986328125,43.037611974547396,0,41,795,0.0,0.0,0.05,0.15,0.1,0.5,0.2,71,268.82777795832294,694.227933883667,116,1.005804522284146,7467.0927734375,43.162808704835214,0,42,796,0.0,0.0,0.0,0.2,0.1,0.5,0.2
797,RecoveryExploration,0,NOOP,0.185082,0.0,0.173085,0,71,268.82777795832294,694.227933883667,116,1.005804522284146,7467.0927734375,43.162808704835214,0,42,796,0.0,0.0,0.0,0.2,0.1,0.5,0.2,80,293.63857209865654,746.1063861846924,117,0.9985342433309963,7477.0244140625,43.270061397825444,0,43,797,0.0,0.0,0.0,0.2,0.1,0.55,0.15
798,RecoveryExploration,0,NOOP,0.18354,0.0,0.166143,0,80,293.63857209865654,746.1063861846924,117,0.9985342433309963,7477.0244140625,43.270061397825444,0,43,797,0.0,0.0,0.0,0.2,0.1,0.55,0.15,88,331.92303963755427,1017.341136932373,118,0.9914515867071637,7487.4423828125,43.3652088931045,0,44,798,0.0,0.0,0.05,0.2,0.05,0.55,0.15
799,RecoveryExploration,0,NOOP,0.181966,0.0,0.16966,0,88,331.92303963755427,1017.341136932373,118,0.9914515867071637,7487.4423828125,43.3652088931045,0,44,798,0.0,0.0,0.05,0.2,0.05,0.55,0.15,62,218.12533908185776,764.0604972839355,119,0.9842035630170036,7495.6943359375,43.476554708799995,0,45,799,0.0,0.0,0.05,0.2,0.05,0.55,0.15
800,RecoveryExploration,0,NOOP,0.180497,0.0,0.168106,0,62,218.12533908185776,764.0604972839355,119,0.9842035630170036,7495.6943359375,43.476554708799995,0,45,799,0.0,0.0,0.05,0.2,0.05,0.55,0.15,99,384.1005234672234,769.5415019989014,120,0.977484385172526,7507.080078125,43.54902422346756,0,46,800,0.0,0.0,0.05,0.25,0.05,0.5,0.15
801,RecoveryExploration,0,NOOP,0.178986,0.0,0.168655,0,99,384.1005234672234,769.5415019989014,120,0.977484385172526,7507.080078125,43.54902422346756,0,46,800,0.0,0.0,0.05,0.25,0.05,0.5,0.15,69,241.24505455391164,667.797327041626,121,0.9705550769143854,7515.978515625,43.64069609392459,0,47,801,0.0,0.0,0.05,0.25,0.0,0.5,0.2
802,RecoveryExploration,0,NOOP,0.177458,0.0,0.170554,0,69,241.24505455391164,667.797327041626,121,0.9705550769143854,7515.978515625,43.64069609392459,0,47,801,0.0,0.0,0.05,0.25,0.0,0.5,0.2,51,174.36379523964786,497.6785182952881,122,0.9635378728147412,7523.3037109375,43.74216496463676,0,48,802,0.0,0.0,0.05,0.25,0.0,0.45,0.25
803,RecoveryExploration,0,NOOP,0.176037,0.0,0.167546,0,51,174.36379523964786,497.6785182952881,122,0.9635378728147412,7523.3037109375,43.74216496463676,0,48,802,0.0,0.0,0.05,0.25,0.0,0.45,0.25,90,318.149864981947,578.2983303070068,123,0.9570622637989076,7533.994140625,43.80433787505909,0,49,803,0.0,0.0,0.05,0.25,0.0,0.4,0.3
804,RecoveryExploration,0,NOOP,0.174649,0.0,0.166667,0,90,318.149864981947,578.2983303070068,123,0.9570622637989076,7533.994140625,43.80433787505909,0,49,803,0.0,0.0,0.05,0.25,0.0,0.4,0.3,93,332.9520200144936,554.0831089019775,124,0.9507440136324975,7545.1044921875,43.857673518459485,0,50,804,0.0,0.0,0.05,0.25,0.0,0.35,0.35
805,RecoveryExploration,0,NOOP,0.173233,0.0,0.146885,0,93,332.9520200144936,554.0831089019775,124,0.9507440136324975,7545.1044921875,43.857673518459485,0,50,804,0.0,0.0,0.05,0.25,0.0,0.35,0.35,72,274.69633486422543,1473.6263751983643,125,0.9442891845703125,7554.3134765625,43.923978106317605,0,51,805,0.0,0.0,0.05,0.25,0.05,0.35,0.3
806,RecoveryExploration,0,NOOP,0.171822,0.0,0.161999,0,72,274.69633486422543,1473.6263751983643,125,0.9442891845703125,7554.3134765625,43.923978106317605,0,51,805,0.0,0.0,0.05,0.25,0.05,0.35,0.3,66,236.45847430915796,648.6501693725586,126,0.9378619723849826,7562.9189453125,43.990916842837514,0,52,806,0.0,0.0,0.05,0.25,0.05,0.35,0.3
807,RecoveryExploration,0,NOOP,0.170431,0.0,0.163166,0,66,236.45847430915796,648.6501693725586,126,0.9378619723849826,7562.9189453125,43.990916842837514,0,52,806,0.0,0.0,0.05,0.25,0.05,0.35,0.3,66,242.62083448001445,522.0234394073486,127,0.9315299687423105,7571.4755859375,44.05336249384109,0,53,807,0.0,0.0,0.05,0.25,0.05,0.3,0.35
808,RecoveryExploration,0,NOOP,0.169061,0.0,0.160652,0,66,242.62083448001445,522.0234394073486,127,0.9315299687423105,7571.4755859375,44.05336249384109,0,53,807,0.0,0.0,0.05,0.25,0.05,0.3,0.35,67,202.25122422365075,580.4212093353271,128,0.9253045320510864,7580.0947265625,44.11050886976465,0,54,808,0.0,0.0,0.05,0.2,0.05,0.3,0.4
809,RecoveryExploration,0,NOOP,0.167744,0.0,0.152354,0,67,202.25122422365075,580.4212093353271,128,0.9253045320510864,7580.0947265625,44.11050886976465,0,54,808,0.0,0.0,0.05,0.2,0.05,0.3,0.4,83,305.97544301883875,930.7372570037842,129,0.9193454712860344,7590.1162109375,44.15086694999047,0,55,809,0.0,0.0,0.05,0.25,0.05,0.25,0.4
810,RecoveryExploration,0,NOOP,0.16641,0.0,0.157628,0,83,305.97544301883875,930.7372570037842,129,0.9193454712860344,7590.1162109375,44.15086694999047,0,55,809,0.0,0.0,0.05,0.25,0.05,0.25,0.4,65,230.35423024797132,601.6132831573486,130,0.9133021428034855,7598.673828125,44.199947345307564,0,56,810,0.0,0.0,0.05,0.25,0.05,0.2,0.45
811,RecoveryExploration,0,NOOP,0.165096,0.0,0.152013,0,65,230.35423024797132,601.6132831573486,130,0.9133021428034855,7598.673828125,44.199947345307564,0,56,810,0.0,0.0,0.05,0.25,0.05,0.2,0.45,65,251.59421894797848,817.8813457489014,131,0.9073530590261212,7607.248046875,44.244747293989036,0,57,811,0.0,0.0,0.05,0.2,0.05,0.25,0.45
812,RecoveryExploration,0,NOOP,0.163783,0.0,0.14759,0,65,251.59421894797848,817.8813457489014,131,0.9073530590261212,7607.248046875,44.244747293989036,0,57,811,0.0,0.0,0.05,0.2,0.05,0.25,0.45,58,215.5776100952187,974.6682643890381,132,0.9014143510298296,7615.1484375,44.291339178246155,0,58,812,0.0,0.0,0.05,0.2,0.05,0.25,0.45
813,RecoveryExploration,0,NOOP,0.162486,0.0,0.133549,0,58,215.5776100952187,974.6682643890381,132,0.9014143510298296,7615.1484375,44.291339178246155,0,58,812,0.0,0.0,0.05,0.2,0.05,0.25,0.45,57,202.02359466724354,1613.0867004394531,133,0.8955531299562383,7622.9482421875,44.334818174751184,0,59,813,0.0,0.0,0.05,0.15,0.1,0.25,0.45
814,RecoveryExploration,0,NOOP,0.161229,0.0,0.145808,0,57,202.02359466724354,1613.0867004394531,133,0.8955531299562383,7622.9482421875,44.334818174751184,0,59,813,0.0,0.0,0.05,0.15,0.1,0.25,0.45,70,260.1777992031647,938.5592937469482,134,0.8898961081433652,7631.7490234375,44.36622615719329,0,60,814,0.0,0.0,0.1,0.15,0.1,0.25,0.4
815,RecoveryExploration,0,NOOP,0.159988,0.0,0.151457,0,70,260.1777992031647,938.5592937469482,134,0.8898961081433652,7631.7490234375,44.36622615719329,0,60,814,0.0,0.0,0.1,0.15,0.1,0.25,0.4,69,197.4479586392657,595.3261852264404,135,0.8843161123770255,7640.4912109375,44.39470590304202,0,61,815,0.0,0.0,0.1,0.15,0.1,0.2,0.45
816,RecoveryExploration,0,NOOP,0.158784,0.0,0.144252,0,69,197.4479586392657,595.3261852264404,135,0.8843161123770255,7640.4912109375,44.39470590304202,0,61,815,0.0,0.0,0.1,0.15,0.1,0.2,0.45,79,299.93239731377895,896.5709209442139,136,0.8789175818948185,7650.0986328125,44.41312464717613,0,62,816,0.0,0.0,0.15,0.1,0.1,0.2,0.45
817,RecoveryExploration,0,NOOP,0.157609,0.0,0.146836,0,79,299.93239731377895,896.5709209442139,136,0.8789175818948185,7650.0986328125,44.41312464717613,0,62,816,0.0,0.0,0.15,0.1,0.1,0.2,0.45,85,326.71816334815793,709.8963260650635,137,0.8736695895229813,7660.3349609375,44.42383032835747,0,63,817,0.0,0.0,0.15,0.1,0.1,0.15,0.5
818,RecoveryExploration,0,NOOP,0.156406,0.0,0.147225,0,85,326.71816334815793,709.8963260650635,137,0.8736695895229813,7660.3349609375,44.42383032835747,0,63,817,0.0,0.0,0.15,0.1,0.1,0.15,0.5,62,196.73378468037654,631.5369606018066,138,0.8682810465494791,7668.658203125,44.44642309605172,0,64,818,0.0,0.0,0.1,0.1,0.1,0.15,0.55
819,RecoveryExploration,0,NOOP,0.155276,0.0,0.146669,0,62,196.73378468037654,631.5369606018066,138,0.8682810465494791,7668.658203125,44.44642309605172,0,64,818,0.0,0.0,0.1,0.1,0.1,0.15,0.55,92,358.2492210681115,604.0852069854736,139,0.8632527083801709,7679.49609375,44.44732634986654,0,65,819,0.0,0.0,0.1,0.1,0.1,0.1,0.6
820,RecoveryExploration,0,NOOP,0.154168,0.0,0.139547,0,92,358.2492210681115,604.0852069854736,139,0.8632527083801709,7679.49609375,44.44732634986654,0,65,819,0.0,0.0,0.1,0.1,0.1,0.1,0.6,96,346.16643712312305,906.0735702514648,140,0.8583411080496651,7690.736328125,44.44306115908667,0,66,820,0.0,0.0,0.15,0.05,0.1,0.1,0.6
821,RecoveryExploration,0,NOOP,0.153039,0.0,0.138379,0,96,346.16643712312305,906.0735702514648,140,0.8583411080496651,7690.736328125,44.44306115908667,0,66,820,0.0,0.0,0.15,0.05,0.1,0.1,0.6,79,279.8157835179349,909.2535972595215,141,0.8533200744196032,7700.3603515625,44.448142236834585,0,67,821,0.0,0.0,0.15,0.05,0.1,0.15,0.55
822,RecoveryExploration,0,NOOP,0.151946,0.0,0.136341,0,79,279.8157835179349,909.2535972595215,141,0.8533200744196032,7700.3603515625,44.448142236834585,0,67,821,0.0,0.0,0.15,0.05,0.1,0.15,0.55,88,323.04992367908807,957.7634334564209,142,0.848481084259463,7710.99609375,44.44372992313724,0,68,822,0.0,0.0,0.15,0.05,0.1,0.2,0.5
823,RecoveryExploration,0,NOOP,0.150795,0.0,0.141915,0,88,323.04992367908807,957.7634334564209,142,0.848481084259463,7710.99609375,44.44372992313724,0,68,822,0.0,0.0,0.15,0.05,0.1,0.2,0.5,52,189.70942868102495,622.7798461914062,143,0.8433518843217329,7718.3564453125,44.460597050209216,0,69,823,0.0,0.0,0.15,0.05,0.1,0.2,0.5
824,RecoveryExploration,0,NOOP,0.14969,0.0,0.13977,0,52,189.70942868102495,622.7798461914062,143,0.8433518843217329,7718.3564453125,44.460597050209216,0,69,823,0.0,0.0,0.15,0.05,0.1,0.2,0.5,68,225.87703395132613,675.9936809539795,144,0.8384517033894857,7727.1708984375,44.4644129694476,0,70,824,0.0,0.0,0.15,0.05,0.1,0.2,0.5
825,RecoveryExploration,0,NOOP,0.148584,0.0,0.139441,0,68,225.87703395132613,675.9936809539795,144,0.8384517033894857,7727.1708984375,44.4644129694476,0,70,824,0.0,0.0,0.15,0.05,0.1,0.2,0.5,61,213.97380488225076,638.4048461914062,145,0.8335458689722521,7735.3056640625,44.470757456180266,0,71,825,0.0,0.0,0.15,0.05,0.05,0.2,0.55
826,RecoveryExploration,0,NOOP,0.147493,0.0,0.133222,0,61,213.97380488225076,638.4048461914062,145,0.8335458689722521,7735.3056640625,44.470757456180266,0,71,825,0.0,0.0,0.15,0.05,0.05,0.2,0.55,61,235.4464041521345,896.0645198822021,146,0.8287171664303297,7743.533203125,44.47418213320426,0,72,826,0.0,0.0,0.15,0.1,0.05,0.2,0.5
827,RecoveryExploration,0,NOOP,0.14645,0.0,0.132447,0,61,235.4464041521345,896.0645198822021,146,0.8287171664303297,7743.533203125,44.47418213320426,0,72,826,0.0,0.0,0.15,0.1,0.05,0.2,0.5,80,294.8427522637506,883.8999271392822,147,0.8241262630540498,7753.3798828125,44.46454321823332,0,73,827,0.0,0.0,0.15,0.15,0.05,0.2,0.45
828,RecoveryExploration,0,NOOP,0.145396,0.0,0.136242,0,80,294.8427522637506,883.8999271392822,147,0.8241262630540498,7753.3798828125,44.46454321823332,0,73,827,0.0,0.0,0.15,0.15,0.05,0.2,0.45,68,240.4212343547691,642.6796913146973,148,0.8194783184979413,7762.0986328125,44.460568154759784,0,74,828,0.0,0.0,0.15,0.15,0.05,0.2,0.45
829,RecoveryExploration,0,NOOP,0.144346,0.0,0.13181,0,68,240.4212343547691,642.6796913146973,148,0.8194783184979413,7762.0986328125,44.460568154759784,0,74,828,0.0,0.0,0.15,0.15,0.05,0.2,0.45,63,234.30785491845725,813.0319118499756,149,0.8148552811385801,7770.4599609375,44.457051877020895,0,75,829,0.0,0.0,0.15,0.1,0.05,0.2,0.5
830,RecoveryExploration,0,NOOP,0.143361,0.0,0.134468,0,63,234.30785491845725,813.0319118499756,149,0.8148552811385801,7770.4599609375,44.457051877020895,0,75,829,0.0,0.0,0.15,0.1,0.05,0.2,0.5,92,298.39446818448255,632.1849822998047,150,0.8105570475260416,7781.34765625,44.435523615069194,0,76,830,0.0,0.0,0.15,0.1,0.05,0.2,0.5
831,RecoveryExploration,0,NOOP,0.142381,0.0,0.110122,0,92,298.39446818448255,632.1849822998047,150,0.8105570475260416,7781.34765625,44.435523615069194,0,76,830,0.0,0.0,0.15,0.1,0.05,0.2,0.5,89,318.6976064365649,1801.7196655273438,151,0.8062799718995758,7791.8896484375,44.41471265675397,0,77,831,0.0,0.0,0.15,0.1,0.1,0.15,0.5
832,RecoveryExploration,0,NOOP,0.141386,0.0,0.119034,0,89,318.6976064365649,1801.7196655273438,151,0.8062799718995758,7791.8896484375,44.41471265675397,0,77,831,0.0,0.0,0.15,0.1,0.1,0.15,0.5,75,241.57193529981393,1307.6035976409912,152,0.8019294738769531,7801.169921875,44.40029704109821,0,78,832,0.0,0.0,0.2,0.1,0.1,0.1,0.5
833,RecoveryExploration,0,NOOP,0.140408,0.0,0.126629,0,75,241.57193529981393,1307.6035976409912,152,0.8019294738769531,7801.169921875,44.40029704109821,0,78,832,0.0,0.0,0.2,0.1,0.1,0.1,0.5,78,239.08145216335157,880.2430629730225,153,0.7976668613408905,7810.75390625,44.3824691389741,0,79,833,0.0,0.0,0.2,0.1,0.05,0.1,0.55
834,RecoveryExploration,0,NOOP,0.139432,0.0,0.12671,0,78,239.08145216335157,880.2430629730225,153,0.7976668613408905,7810.75390625,44.3824691389741,0,79,833,0.0,0.0,0.2,0.1,0.05,0.1,0.55,72,241.478318998743,828.6137580871582,154,0.7934105613014915,7819.8544921875,44.366162483200554,0,80,834,0.0,0.0,0.15,0.1,0.05,0.1,0.6
835,RecoveryExploration,0,NOOP,0.138478,0.0,0.128623,0,72,241.478318998743,828.6137580871582,154,0.7934105613014915,7819.8544921875,44.366162483200554,0,80,834,0.0,0.0,0.15,0.1,0.05,0.1,0.6,78,270.92518901908824,686.4914894104004,155,0.7892642113470262,7829.5009765625,44.345121872894204,0,81,835,0.0,0.0,0.15,0.1,0.05,0.1,0.6
836,RecoveryExploration,0,NOOP,0.13751,0.0,0.1272,0,78,270.92518901908824,686.4914894104004,155,0.7892642113470262,7829.5009765625,44.345121872894204,0,81,835,0.0,0.0,0.15,0.1,0.05,0.1,0.6,64,243.6612031679034,710.4969024658203,156,0.785048362536308,7837.9228515625,44.33012031066011,0,82,836,0.0,0.0,0.1,0.1,0.05,0.1,0.65
837,RecoveryExploration,0,NOOP,0.13657,0.0,0.127482,0,64,243.6612031679034,710.4969024658203,156,0.785048362536308,7837.9228515625,44.33012031066011,0,82,836,0.0,0.0,0.1,0.1,0.05,0.1,0.65,74,237.33706492199605,650.6373882293701,157,0.780974953037918,7847.236328125,44.3083814675838,0,83,837,0.0,0.0,0.1,0.1,0.05,0.1,0.65
838,RecoveryExploration,0,NOOP,0.135611,0.0,0.124844,0,74,237.33706492199605,650.6373882293701,157,0.780974953037918,7847.236328125,44.3083814675838,0,83,837,0.0,0.0,0.1,0.1,0.05,0.1,0.65,58,210.17595642861895,735.8682155609131,158,0.7768072780174545,7855.0751953125,44.29411920258524,0,84,838,0.0,0.0,0.1,0.1,0.05,0.1,0.65
839,RecoveryExploration,0,NOOP,0.134654,0.0,0.117005,0,58,210.17595642861895,735.8682155609131,158,0.7768072780174545,7855.0751953125,44.29411920258524,0,84,838,0.0,0.0,0.1,0.1,0.05,0.1,0.65,52,181.00787341454892,1081.2022686004639,159,0.7726441389359768,7862.4267578125,44.28136177335426,0,85,839,0.0,0.0,0.1,0.15,0.05,0.1,0.6
840,RecoveryExploration,0,NOOP,0.133781,0.0,0.097282,0,52,181.00787341454892,1081.2022686004639,159,0.7726441389359768,7862.4267578125,44.28136177335426,0,85,839,0.0,0.0,0.1,0.15,0.05,0.1,0.6,96,345.2353643741185,2024.953842163086,160,0.7689060211181641,7873.59765625,44.24550111560203,0,86,840,0.0,0.0,0.05,0.15,0.1,0.1,0.6
841,RecoveryExploration,0,NOOP,0.132865,0.0,0.122657,0,96,345.2353643741185,2024.953842163086,160,0.7689060211181641,7873.59765625,44.24550111560203,0,86,840,0.0,0.0,0.05,0.15,0.1,0.1,0.6,64,231.0457795818314,711.6670608520508,161,0.7649512439040664,7882.0576171875,44.22378355385685,0,87,841,0.0,0.0,0.05,0.15,0.1,0.05,0.65
842,RecoveryExploration,0,NOOP,0.131945,0.0,0.114798,0,64,231.0457795818314,711.6670608520508,161,0.7649512439040664,7882.0576171875,44.22378355385685,0,87,841,0.0,0.0,0.05,0.15,0.1,0.05,0.65,56,216.9603186406047,1059.8580837249756,162,0.7609737066575039,7889.775390625,44.20512962025168,0,88,842,0.0,0.0,0.1,0.15,0.1,0.0,0.65
843,RecoveryExploration,0,NOOP,0.131069,0.0,0.097349,0,56,216.9603186406047,1059.8580837249756,162,0.7609737066575039,7889.775390625,44.20512962025168,0,88,842,0.0,0.0,0.1,0.15,0.1,0.0,0.65,77,283.4364749980034,1889.756441116333,163,0.7572197475316335,7899.31640625,44.17510401250413,0,89,843,0.0,0.0,0.1,0.15,0.15,0.0,0.6
844,RecoveryExploration,0,NOOP,0.130181,0.0,0.111046,0,77,283.4364749980034,1889.756441116333,163,0.7572197475316335,7899.31640625,44.17510401250413,0,89,843,0.0,0.0,0.1,0.15,0.15,0.0,0.6,64,233.35821579306537,1161.7326736450195,164,0.7534028030023342,7907.7158203125,44.15036209903104,0,90,844,0.0,0.0,0.1,0.2,0.15,0.0,0.55
845,RecoveryExploration,0,NOOP,0.129336,0.0,0.113195,0,64,233.35821579306537,1161.7326736450195,164,0.7534028030023342,7907.7158203125,44.15036209903104,0,90,844,0.0,0.0,0.1,0.2,0.15,0.0,0.55,83,276.1358536063012,1013.2873058319092,165,0.7498038552024148,7917.9287109375,44.114878924901305,0,91,845,0.0,0.0,0.15,0.2,0.15,0.0,0.5
846,RecoveryExploration,0,NOOP,0.128483,0.0,0.093465,0,83,276.1358536063012,1013.2873058319092,165,0.7498038552024148,7917.9287109375,44.114878924901305,0,91,845,0.0,0.0,0.15,0.2,0.15,0.0,0.5,75,264.1105229353562,1958.4157466888428,166,0.7461674701736634,7927.283203125,44.08309035814323,0,92,846,0.0,0.0,0.15,0.15,0.2,0.0,0.5
847,RecoveryExploration,2,COMPACT_64KB,0.546716,-0.05,0.181479,0,75,264.1105229353562,1958.4157466888428,166,0.7461674701736634,7927.283203125,44.08309035814323,0,92,846,0.0,0.0,0.15,0.15,0.2,0.0,0.5,96,322.8102621825537,431.0600757598877,99,1.220957592280224,7735.9873046875,22.558674215029576,0,0,847,0.0,0.0,0.15,0.1,0.2,0.0,0.55
848,RecoveryExploration,3,COMPACT_128KB,0.157375,-0.055,0.184685,0,96,322.8102621825537,431.0600757598877,99,1.220957592280224,7735.9873046875,22.558674215029576,0,0,847,0.0,0.0,0.15,0.1,0.2,0.0,0.55,100,291.15727670362213,360.7301712036133,81,1.4841881269290123,7694.03125,11.816606350331163,0,0,848,0.0,0.0,0.15,0.1,0.2,0.0,0.55
849,RecoveryExploration,0,NOOP,0.18975,0.0,0.179042,0,100,291.15727670362213,360.7301712036133,81,1.4841881269290123,7694.03125,11.816606350331163,0,0,848,0.0,0.0,0.15,0.1,0.2,0.0,0.55,97,308.2972038252277,637.8951072692871,82,1.468246646043731,7705.3583984375,14.942013112598483,0,1,849,0.0,0.0,0.2,0.1,0.2,0.0,0.5
850,RecoveryExploration,0,NOOP,0.189625,0.0,0.175994,0,97,308.2972038252277,637.8951072692871,82,1.468246646043731,7705.3583984375,14.942013112598483,0,1,849,0.0,0.0,0.2,0.1,0.2,0.0,0.5,94,287.40486175553593,785.3162288665771,83,1.452638924839985,7716.41796875,17.41716276250115,0,2,850,0.0,0.0,0.25,0.1,0.2,0.0,0.45
851,RecoveryExploration,0,NOOP,0.1895,0.0,0.181732,0,94,287.40486175553593,785.3162288665771,83,1.452638924839985,7716.41796875,17.41716276250115,0,2,850,0.0,0.0,0.25,0.1,0.2,0.0,0.45,53,137.37046837362612,493.4206008911133,84,1.4367325192406064,7723.8740234375,19.66610198988751,0,3,851,0.0,0.0,0.25,0.1,0.15,0.0,0.5
852,RecoveryExploration,0,NOOP,0.189375,0.0,0.180721,0,53,137.37046837362612,493.4206008911133,84,1.4367325192406064,7723.8740234375,19.66610198988751,0,3,851,0.0,0.0,0.25,0.1,0.15,0.0,0.5,50,159.8512127078982,538.9339923858643,85,1.421144193761489,7731.0244140625,21.604462132291925,0,4,852,0.0,0.0,0.2,0.1,0.15,0.0,0.55
853,RecoveryExploration,0,NOOP,0.18925,0.0,0.183382,0,50,159.8512127078982,538.9339923858643,85,1.421144193761489,7731.0244140625,21.604462132291925,0,4,852,0.0,0.0,0.2,0.1,0.15,0.0,0.55,97,233.16832811230202,400.8774757385254,86,1.4066740523937136,7742.333984375,23.130471120648416,0,5,853,0.0,0.0,0.2,0.1,0.15,0.0,0.55
854,RecoveryExploration,0,NOOP,0.189125,0.0,0.178368,0,97,233.16832811230202,400.8774757385254,86,1.4066740523937136,7742.333984375,23.130471120648416,0,5,853,0.0,0.0,0.2,0.1,0.15,0.0,0.55,65,235.5633895305836,646.6031074523926,87,1.39202898398213,7750.8173828125,24.601366245947347,0,6,854,0.0,0.0,0.2,0.1,0.15,0.05,0.5
855,RecoveryExploration,0,NOOP,0.189,0.0,0.166172,0,65,235.5633895305836,646.6031074523926,87,1.39202898398213,7750.8173828125,24.601366245947347,0,6,854,0.0,0.0,0.2,0.1,0.15,0.05,0.5,86,293.43490923053395,1251.3978481292725,88,1.378056612881747,7761.21484375,25.858070765358672,0,7,855,0.0,0.0,0.2,0.1,0.2,0.05,0.45
856,RecoveryExploration,0,NOOP,0.188875,0.0,0.183087,0,86,293.43490923053395,1251.3978481292725,88,1.378056612881747,7761.21484375,25.858070765358672,0,7,855,0.0,0.0,0.2,0.1,0.2,0.05,0.45,91,330.8802896143503,400.6657600402832,89,1.3644680066055126,7772.009765625,26.988048723176167,0,8,856,0.0,0.0,0.2,0.1,0.2,0.05,0.45
857,RecoveryExploration,0,NOOP,0.18875,0.0,0.179528,0,91,330.8802896143503,400.6657600402832,89,1.3644680066055126,7772.009765625,26.988048723176167,0,8,856,0.0,0.0,0.2,0.1,0.2,0.05,0.45,61,213.3082196006503,573.5998153686523,90,1.3507125854492188,7780.1044921875,28.105550710281282,0,9,857,0.0,0.0,0.2,0.1,0.2,0.1,0.4
858,RecoveryExploration,0,NOOP,0.188625,0.0,0.179981,0,61,213.3082196006503,573.5998153686523,90,1.3507125854492188,7780.1044921875,28.105550710281282,0,9,857,0.0,0.0,0.2,0.1,0.2,0.1,0.4,76,266.4601727154408,545.961856842041,91,1.3375167008284683,7789.697265625,29.08694037715205,0,10,858,0.0,0.0,0.2,0.15,0.2,0.1,0.35
859,RecoveryExploration,0,NOOP,0.1885,0.0,0.177716,0,76,266.4601727154408,545.961856842041,91,1.3375167008284683,7789.697265625,29.08694037715205,0,10,858,0.0,0.0,0.2,0.15,0.2,0.1,0.35,59,207.81649690413266,654.2155742645264,92,1.3243346836255945,7797.6826171875,30.03719821765469,0,11,859,0.0,0.0,0.25,0.1,0.2,0.1,0.35
860,RecoveryExploration,0,NOOP,0.188375,0.0,0.181839,0,59,207.81649690413266,654.2155742645264,92,1.3243346836255945,7797.6826171875,30.03719821765469,0,11,859,0.0,0.0,0.25,0.1,0.2,0.1,0.35,67,238.564401386809,443.0723190307617,93,1.311546899939096,7806.3271484375,30.89852040429047,0,12,860,0.0,0.0,0.25,0.1,0.15,0.1,0.4
861,RecoveryExploration,0,NOOP,0.18825,0.0,0.182014,0,67,238.564401386809,443.0723190307617,93,1.311546899939096,7806.3271484375,30.89852040429047,0,12,860,0.0,0.0,0.25,0.1,0.15,0.1,0.4,66,235.91840728010916,429.3217658996582,94,1.2990240543446643,7814.9287109375,31.699098972658923,0,13,861,0.0,0.0,0.25,0.1,0.15,0.1,0.4
862,RecoveryExploration,0,NOOP,0.188125,0.0,0.178378,0,66,235.91840728010916,429.3217658996582,94,1.2990240543446643,7814.9287109375,31.699098972658923,0,13,861,0.0,0.0,0.25,0.1,0.15,0.1,0.4,96,349.0647617726611,606.0905456542969,95,1.2872014095908717,7826.1845703125,32.38104977602715,0,14,862,0.0,0.0,0.2,0.1,0.15,0.1,0.45
863,RecoveryExploration,0,NOOP,0.188,0.0,0.178663,0,96,349.0647617726611,606.0905456542969,95,1.2872014095908717,7826.1845703125,32.38104977602715,0,14,862,0.0,0.0,0.2,0.1,0.15,0.1,0.45,90,323.88975882060714,586.8666172027588,96,1.275525410970052,7836.828125,33.03183197408891,0,15,863,0.0,0.0,0.2,0.15,0.1,0.1,0.45
864,RecoveryExploration,0,NOOP,0.187875,0.0,0.182323,0,90,323.88975882060714,586.8666172027588,96,1.275525410970052,7836.828125,33.03183197408891,0,15,863,0.0,0.0,0.2,0.15,0.1,0.1,0.45,76,282.98882664701756,398.8652229309082,97,1.2639095660337467,7846.3505859375,33.665185784287516,0,16,864,0.0,0.0,0.2,0.1,0.1,0.1,0.5
865,RecoveryExploration,0,NOOP,0.18775,0.0,0.181955,0,76,282.98882664701756,398.8652229309082,97,1.2639095660337467,7846.3505859375,33.665185784287516,0,16,864,0.0,0.0,0.2,0.1,0.1,0.1,0.5,60,216.48150999618923,412.2617244720459,98,1.2522994060905612,7854.421875,34.289486517449426,0,17,865,0.0,0.0,0.15,0.1,0.1,0.1,0.55
866,RecoveryExploration,0,NOOP,0.187625,0.0,0.179254,0,60,216.48150999618923,412.2617244720459,98,1.2522994060905612,7854.421875,34.289486517449426,0,17,865,0.0,0.0,0.15,0.1,0.1,0.1,0.55,84,279.70395586615996,542.3004627227783,99,1.2412409926905776,7864.5029296875,34.83331340329727,0,18,866,0.0,0.0,0.15,0.1,0.05,0.1,0.6
867,RecoveryExploration,0,NOOP,0.1875,0.0,0.165883,0,84,279.70395586615996,542.3004627227783,99,1.2412409926905776,7864.5029296875,34.83331340329727,0,18,866,0.0,0.0,0.15,0.1,0.05,0.1,0.6,69,234.8386849675218,1205.8665752410889,100,1.230220947265625,7873.4140625,35.36730074173148,0,19,867,0.0,0.0,0.15,0.1,0.1,0.1,0.55
868,RecoveryExploration,0,NOOP,0.187375,0.0,0.180758,0,69,234.8386849675218,1205.8665752410889,100,1.230220947265625,7873.4140625,35.36730074173148,0,19,867,0.0,0.0,0.15,0.1,0.1,0.1,0.55,82,290.89394425080627,457.08441734313965,101,1.2195942189433786,7883.45703125,35.847665155826675,0,20,868,0.0,0.0,0.15,0.1,0.1,0.1,0.55
869,RecoveryExploration,0,NOOP,0.18725,0.0,0.180364,0,82,290.89394425080627,457.08441734313965,101,1.2195942189433786,7883.45703125,35.847665155826675,0,20,868,0.0,0.0,0.15,0.1,0.1,0.1,0.55,94,328.39891851010276,471.77767753601074,102,1.2093158796721815,7894.4140625,36.283179370638464,0,21,869,0.0,0.0,0.1,0.1,0.1,0.1,0.6
870,RecoveryExploration,0,NOOP,0.187,0.0,0.172993,0,94,328.39891851010276,471.77767753601074,102,1.2093158796721815,7894.4140625,36.283179370638464,0,21,869,0.0,0.0,0.1,0.1,0.1,0.1,0.6,100,333.48630928812116,830.338716506958,104,1.1882123213547926,7908.7412109375,37.21348950541976,0,22,870,0.0,0.0,0.05,0.1,0.1,0.15,0.6
871,RecoveryExploration,0,NOOP,0.18675,0.0,0.180641,0,100,333.48630928812116,830.338716506958,104,1.1882123213547926,7908.7412109375,37.21348950541976,0,22,870,0.0,0.0,0.05,0.1,0.1,0.15,0.6,100,334.7909065439136,437.9582405090332,106,1.1679046918761056,7923.0654296875,38.041296476779046,0,23,871,0.0,0.0,0.05,0.1,0.1,0.15,0.6
872,RecoveryExploration,0,NOOP,0.186625,0.0,0.180429,0,100,334.7909065439136,437.9582405090332,106,1.1679046918761056,7923.0654296875,38.041296476779046,0,23,871,0.0,0.0,0.05,0.1,0.1,0.15,0.6,58,209.1228055697395,443.5584545135498,107,1.1581372412565714,7930.923828125,38.409640391513044,0,24,872,0.0,0.0,0.05,0.1,0.1,0.15,0.6
873,RecoveryExploration,0,NOOP,0.1865,0.0,0.180051,0,58,209.1228055697395,443.5584545135498,107,1.1581372412565714,7930.923828125,38.409640391513044,0,24,872,0.0,0.0,0.05,0.1,0.1,0.15,0.6,82,277.30063557767585,457.46541023254395,108,1.1488555625632957,7940.8896484375,38.724958726589065,0,25,873,0.0,0.0,0.05,0.1,0.1,0.15,0.6
874,RecoveryExploration,0,NOOP,0.186375,0.0,0.174781,0,82,277.30063557767585,457.46541023254395,108,1.1488555625632957,7940.8896484375,38.724958726589065,0,25,873,0.0,0.0,0.05,0.1,0.1,0.15,0.6,91,322.0917849569075,715.9554958343506,109,1.1398824989248852,7951.8203125,39.00877431267433,0,26,874,0.0,0.0,0.05,0.1,0.1,0.15,0.6
875,RecoveryExploration,0,NOOP,0.18625,0.0,0.157125,0,91,322.0917849569075,715.9554958343506,109,1.1398824989248852,7951.8203125,39.00877431267433,0,26,874,0.0,0.0,0.05,0.1,0.1,0.15,0.6,53,195.6159067089874,1593.7557220458984,110,1.1305744517933238,7959.244140625,39.32887574354533,0,27,875,0.0,0.0,0.05,0.1,0.1,0.15,0.6
876,RecoveryExploration,0,NOOP,0.186125,0.0,0.179915,0,53,195.6159067089874,1593.7557220458984,110,1.1305744517933238,7959.244140625,39.32887574354533,0,27,875,0.0,0.0,0.05,0.1,0.1,0.15,0.6,89,280.7282495482169,449.237585067749,111,1.1218899563626126,7969.90625,39.5852166032048,0,28,876,0.0,0.0,0.05,0.1,0.1,0.15,0.6
877,RecoveryExploration,0,NOOP,0.186,0.0,0.17838,0,89,280.7282495482169,449.237585067749,111,1.1218899563626126,7969.90625,39.5852166032048,0,28,876,0.0,0.0,0.05,0.1,0.1,0.15,0.6,60,215.23729209305748,521.0044384002686,112,1.112990379333496,7977.9150390625,39.86485475016907,0,29,877,0.0,0.0,0.05,0.1,0.1,0.1,0.65
878,RecoveryExploration,0,NOOP,0.185875,0.0,0.178196,0,60,215.23729209305748,521.0044384002686,112,1.112990379333496,7977.9150390625,39.86485475016907,0,29,877,0.0,0.0,0.05,0.1,0.1,0.1,0.65,64,225.26253885349465,525.2180099487305,113,1.104319884713772,7986.44140625,40.12247554757523,0,30,878,0.0,0.0,0.05,0.05,0.1,0.1,0.7
879,RecoveryExploration,0,NOOP,0.18575,0.0,0.176554,0,64,225.26253885349465,525.2180099487305,113,1.104319884713772,7986.44140625,40.12247554757523,0,30,878,0.0,0.0,0.05,0.05,0.1,0.1,0.7,87,322.46997857885174,602.3240089416504,114,1.096058494166324,7996.8427734375,40.341493612091156,0,31,879,0.0,0.0,0.0,0.05,0.1,0.1,0.75
880,RecoveryExploration,0,NOOP,0.185625,0.0,0.173584,0,87,322.46997857885174,602.3240089416504,114,1.096058494166324,7996.8427734375,40.341493612091156,0,31,879,0.0,0.0,0.0,0.05,0.1,0.1,0.75,54,163.13701447106183,745.8248138427734,115,1.0875431226647418,8004.3173828125,40.587143197023245,0,32,880,0.0,0.0,0.05,0.05,0.1,0.1,0.7
881,RecoveryExploration,0,NOOP,0.1855,0.0,0.177652,0,54,163.13701447106183,745.8248138427734,115,1.0875431226647418,8004.3173828125,40.587143197023245,0,32,880,0.0,0.0,0.05,0.05,0.1,0.1,0.7,83,301.03380463647454,537.407398223877,116,1.0795124974744073,8014.30078125,40.78766568436947,0,33,881,0.0,0.0,0.05,0.05,0.1,0.1,0.7
882,RecoveryExploration,0,NOOP,0.185375,0.0,0.178393,0,83,301.03380463647454,537.407398223877,116,1.0795124974744073,8014.30078125,40.78766568436947,0,33,881,0.0,0.0,0.05,0.05,0.1,0.1,0.7,54,200.526446915375,495.33724784851074,117,1.0712820199819713,8021.759765625,41.009212893836974,0,34,882,0.0,0.0,0.05,0.05,0.1,0.1,0.7
883,RecoveryExploration,0,NOOP,0.18525,0.0,0.178894,0,54,200.526446915375,495.33724784851074,117,1.0712820199819713,8021.759765625,41.009212893836974,0,34,882,0.0,0.0,0.05,0.05,0.1,0.1,0.7,58,212.50413355975317,465.29197692871094,118,1.063246128922802,8029.634765625,41.21398709477627,0,35,883,0.0,0.0,0.05,0.0,0.1,0.1,0.75
884,RecoveryExploration,0,NOOP,0.185125,0.0,0.154191,0,58,212.50413355975317,465.29197692871094,118,1.063246128922802,8029.634765625,41.21398709477627,0,35,883,0.0,0.0,0.05,0.0,0.1,0.1,0.75,79,273.3782454125507,1695.4278945922852,119,1.0556021297679228,8039.4658203125,41.38451903008791,0,36,884,0.0,0.0,0.05,0.0,0.15,0.1,0.7
885,RecoveryExploration,0,NOOP,0.185,0.0,0.177351,0,79,273.3782454125507,1695.4278945922852,119,1.0556021297679228,8039.4658203125,41.38451903008791,0,36,884,0.0,0.0,0.05,0.0,0.15,0.1,0.7,63,219.62809671440326,532.4666500091553,120,1.0478838602701823,8047.748046875,41.564008876668005,0,37,885,0.0,0.0,0.05,0.0,0.15,0.1,0.7
886,RecoveryExploration,0,NOOP,0.184875,0.0,0.177602,0,63,219.62809671440326,532.4666500091553,120,1.0478838602701823,8047.748046875,41.564008876668005,0,37,885,0.0,0.0,0.05,0.0,0.15,0.1,0.7,69,257.74092585006144,514.8782730102539,121,1.040383204940922,8056.7275390625,41.725935767878035,0,38,886,0.0,0.0,0.05,0.0,0.15,0.1,0.7
887,RecoveryExploration,0,NOOP,0.18475,0.0,0.176937,0,69,257.74092585006144,514.8782730102539,121,1.040383204940922,8056.7275390625,41.725935767878035,0,38,886,0.0,0.0,0.05,0.0,0.15,0.1,0.7,54,186.00720401690464,543.1387424468994,122,1.032820779769147,8064.2646484375,41.89562636435775,0,39,887,0.0,0.0,0.05,0.0,0.1,0.1,0.75
888,RecoveryExploration,0,NOOP,0.184625,0.0,0.174634,0,54,186.00720401690464,543.1387424468994,122,1.032820779769147,8064.2646484375,41.89562636435775,0,39,887,0.0,0.0,0.05,0.0,0.1,0.1,0.75,70,242.38447161076,653.3162593841553,123,1.0255536335270579,8073.158203125,42.0412069249637,0,40,888,0.0,0.0,0.05,0.0,0.1,0.1,0.75
889,RecoveryExploration,0,NOOP,0.1845,0.0,0.177419,0,70,242.38447161076,653.3162593841553,123,1.0255536335270579,8073.158203125,42.0412069249637,0,40,888,0.0,0.0,0.05,0.0,0.1,0.1,0.75,81,290.379607873974,509.0501308441162,124,1.01852786156439,8083.037109375,42.16828606999819,0,41,889,0.0,0.0,0.05,0.0,0.1,0.1,0.75
890,RecoveryExploration,0,NOOP,0.184375,0.0,0.17634,0,81,290.379607873974,509.0501308441162,124,1.01852786156439,8083.037109375,42.16828606999819,0,41,889,0.0,0.0,0.05,0.0,0.1,0.1,0.75,53,183.47665377999783,557.9898357391357,125,1.01130615234375,8090.44921875,42.31461560787776,0,42,890,0.0,0.0,0.05,0.0,0.1,0.05,0.8
891,RecoveryExploration,0,NOOP,0.18425,0.0,0.15793,0,53,183.47665377999783,557.9898357391357,125,1.01130615234375,8090.44921875,42.31461560787776,0,42,890,0.0,0.0,0.05,0.0,0.1,0.05,0.8,90,316.5714209039738,1473.4907150268555,126,1.0046129983568948,8101.19921875,42.41842417203221,0,43,891,0.0,0.0,0.05,0.0,0.15,0.05,0.75
892,RecoveryExploration,0,NOOP,0.183741,0.0,0.176772,0,90,316.5714209039738,1473.4907150268555,126,1.0046129983568948,8101.19921875,42.41842417203221,0,43,891,0.0,0.0,0.05,0.0,0.15,0.05,0.75,96,354.58213004735063,507.19165802001953,127,0.9980781134657972,8112.37890625,42.511845693445565,0,44,892,0.0,0.0,0.05,0.0,0.15,0.05,0.75
893,RecoveryExploration,0,NOOP,0.182283,0.0,0.173623,0,96,354.58213004735063,507.19165802001953,127,0.9980781134657972,8112.37890625,42.511845693445565,0,44,892,0.0,0.0,0.05,0.0,0.15,0.05,0.75,75,158.02088105514432,593.0037498474121,128,0.9914140701293945,8121.6640625,42.6181887001642,0,45,893,0.0,0.0,0.05,0.0,0.15,0.05,0.75
894,RecoveryExploration,0,NOOP,0.180835,0.0,0.173078,0,75,158.02088105514432,593.0037498474121,128,0.9914140701293945,8121.6640625,42.6181887001642,0,45,893,0.0,0.0,0.05,0.0,0.15,0.05,0.75,69,248.96208882243943,549.1471290588379,129,0.9848024826641231,8130.529296875,42.722562924793415,0,46,894,0.0,0.0,0.05,0.0,0.15,0.0,0.8
895,RecoveryExploration,0,NOOP,0.179406,0.0,0.166858,0,69,248.96208882243943,549.1471290588379,129,0.9848024826641231,8130.529296875,42.722562924793415,0,46,894,0.0,0.0,0.05,0.0,0.15,0.0,0.8,69,246.2183139811878,789.8824214935303,130,0.9782781747671274,8139.2744140625,42.822123611845385,0,47,895,0.0,0.0,0.05,0.0,0.1,0.05,0.8
896,RecoveryExploration,0,NOOP,0.177958,0.0,0.167602,0,69,246.2183139811878,789.8824214935303,130,0.9782781747671274,8139.2744140625,42.822123611845385,0,47,895,0.0,0.0,0.05,0.0,0.1,0.05,0.8,50,179.96222525999096,681.5714836120605,131,0.9716668747763597,8146.455078125,42.931130628934184,0,48,896,0.0,0.0,0.05,0.0,0.1,0.05,0.8
897,RecoveryExploration,0,NOOP,0.176622,0.0,0.167977,0,50,179.96222525999096,681.5714836120605,131,0.9716668747763597,8146.455078125,42.931130628934184,0,48,896,0.0,0.0,0.05,0.0,0.1,0.05,0.8,93,242.49339759701252,597.2380638122559,132,0.9656099261659564,8157.47265625,42.99823346040616,0,49,897,0.0,0.0,0.05,0.0,0.1,0.05,0.8
898,RecoveryExploration,0,NOOP,0.175214,0.0,0.165481,0,93,242.49339759701252,597.2380638122559,132,0.9656099261659564,8157.47265625,42.99823346040616,0,49,897,0.0,0.0,0.05,0.0,0.1,0.05,0.8,51,182.44254381326357,652.8966426849365,133,0.959194670942493,8164.6650390625,43.09596100631784,0,50,898,0.0,0.0,0.05,0.0,0.1,0.05,0.8
899,RecoveryExploration,0,NOOP,0.173905,0.0,0.165453,0,51,182.44254381326357,652.8966426849365,133,0.959194670942493,8164.6650390625,43.09596100631784,0,50,898,0.0,0.0,0.05,0.0,0.1,0.05,0.8,89,295.6109361451078,590.083122253418,134,0.953274854973181,8175.28515625,43.15706189702461,0,51,899,0.0,0.0,0.05,0.0,0.1,0.05,0.8
900,RecoveryExploration,0,NOOP,0.172554,0.0,0.163575,0,89,295.6109361451078,590.083122253418,134,0.953274854973181,8175.28515625,43.15706189702461,0,51,899,0.0,0.0,0.05,0.0,0.1,0.05,0.8,60,203.66021217518818,617.680549621582,135,0.9471451370804398,8183.333984375,43.23666394728332,0,52,900,0.0,0.0,0.0,0.0,0.1,0.05,0.85
901,RecoveryExploration,0,NOOP,0.171168,0.0,0.157355,0,60,203.66021217518818,617.680549621582,135,0.9471451370804398,8183.333984375,43.23666394728332,0,52,900,0.0,0.0,0.0,0.0,0.1,0.05,0.85,34,125.72997821423753,860.6512546539307,136,0.9408411138197955,8189.0810546875,43.33242936820185,0,53,901,0.0,0.0,0.0,0.0,0.1,0.1,0.8
902,RecoveryExploration,0,NOOP,0.169812,0.0,0.161991,0,34,125.72997821423753,860.6512546539307,136,0.9408411138197955,8189.0810546875,43.33242936820185,0,53,901,0.0,0.0,0.0,0.0,0.1,0.1,0.8,40,147.01896316029303,562.3431205749512,137,0.9346872594234718,8195.337890625,43.418240464253444,0,54,902,0.0,0.0,0.0,0.0,0.1,0.1,0.8
903,RecoveryExploration,0,NOOP,0.168456,0.0,0.158935,0,40,147.01896316029303,562.3431205749512,137,0.9346872594234718,8195.337890625,43.418240464253444,0,54,902,0.0,0.0,0.0,0.0,0.1,0.1,0.8,31,110.95502608253396,648.5726833343506,138,0.9285318125849185,8200.79296875,43.50632610761046,0,55,903,0.0,0.0,0.0,0.0,0.1,0.1,0.8
904,RecoveryExploration,0,NOOP,0.167157,0.0,0.154028,0,31,110.95502608253396,648.5726833343506,138,0.9285318125849185,8200.79296875,43.50632610761046,0,55,903,0.0,0.0,0.0,0.0,0.1,0.1,0.8,50,137.4885024804485,830.1820755004883,139,0.9226590163416142,8207.974609375,43.57431571996129,0,56,904,0.0,0.0,0.0,0.05,0.05,0.1,0.8
905,RecoveryExploration,0,NOOP,0.165838,0.0,0.157173,0,50,137.4885024804485,830.1820755004883,139,0.9226590163416142,8207.974609375,43.57431571996129,0,56,904,0.0,0.0,0.0,0.05,0.05,0.1,0.8,32,105.47429501868739,608.2115173339844,140,0.9166881016322544,8213.525390625,43.65209397379794,0,57,905,0.0,0.0,0.0,0.05,0.05,0.1,0.8
906,RecoveryExploration,0,NOOP,0.164544,0.0,0.151246,0,32,105.47429501868739,608.2115173339844,140,0.9166881016322544,8213.525390625,43.65209397379794,0,57,905,0.0,0.0,0.0,0.05,0.05,0.1,0.8,36,134.73270634424912,841.1407470703125,141,0.9108436530363475,8219.453125,43.722097249169785,0,58,906,0.0,0.0,0.0,0.1,0.05,0.1,0.75
907,RecoveryExploration,0,NOOP,0.163235,0.0,0.151484,0,36,134.73270634424912,841.1407470703125,141,0.9108436530363475,8219.453125,43.722097249169785,0,58,906,0.0,0.0,0.0,0.1,0.05,0.1,0.75,20,71.15942951036055,765.0144100189209,142,0.9049237748266945,8223.947265625,43.800085108991446,0,59,907,0.0,0.0,0.0,0.1,0.05,0.1,0.75
908,RecoveryExploration,0,NOOP,0.162001,0.0,0.152988,0,20,71.15942951036055,765.0144100189209,142,0.9049237748266945,8223.947265625,43.800085108991446,0,59,907,0.0,0.0,0.0,0.1,0.05,0.1,0.75,50,152.57274143959444,629.4083595275879,143,0.899379916958042,8231.125,43.851331079680136,0,60,908,0.0,0.0,0.0,0.1,0.05,0.1,0.75
909,RecoveryExploration,0,NOOP,0.16074,0.0,0.15243,0,50,152.57274143959444,629.4083595275879,143,0.899379916958042,8231.125,43.851331079680136,0,60,908,0.0,0.0,0.0,0.1,0.05,0.1,0.75,28,103.61294944479441,595.5073833465576,144,0.8937004937065972,8236.34375,43.91488794808029,0,61,909,0.0,0.0,0.0,0.1,0.05,0.1,0.75
910,RecoveryExploration,0,NOOP,0.159499,0.0,0.144749,0,28,103.61294944479441,595.5073833465576,144,0.8937004937065972,8236.34375,43.91488794808029,0,61,909,0.0,0.0,0.0,0.1,0.05,0.1,0.75,30,99.4597534158653,918.7185764312744,145,0.8881188754377694,8241.7431640625,43.97303901289962,0,62,910,0.0,0.0,0.05,0.1,0.05,0.1,0.7
911,RecoveryExploration,0,NOOP,0.158279,0.0,0.149683,0,30,99.4597534158653,918.7185764312744,145,0.8881188754377694,8241.7431640625,43.97303901289962,0,62,910,0.0,0.0,0.05,0.1,0.05,0.1,0.7,34,126.13800972617062,612.3332977294922,146,0.8826463255163741,8247.447265625,44.02502307290652,0,63,911,0.0,0.0,0.05,0.1,0.0,0.1,0.75
912,RecoveryExploration,0,NOOP,0.157057,0.0,0.14184,0,34,126.13800972617062,612.3332977294922,146,0.8826463255163741,8247.447265625,44.02502307290652,0,63,911,0.0,0.0,0.05,0.1,0.0,0.1,0.75,24,84.6242858535962,944.5569515228271,147,0.8771579249375532,8252.3017578125,44.08020461911542,0,64,912,0.0,0.0,0.05,0.1,0.0,0.15,0.7
913,RecoveryExploration,0,NOOP,0.155843,0.0,0.141987,0,24,84.6242858535962,944.5569515228271,147,0.8771579249375532,8252.3017578125,44.08020461911542,0,64,912,0.0,0.0,0.05,0.1,0.0,0.15,0.7,21,72.00215809342255,877.8073787689209,148,0.8717155456542969,8256.8896484375,44.133908585027676,0,65,913,0.0,0.0,0.05,0.1,0.0,0.2,0.65
914,RecoveryExploration,0,NOOP,0.154668,0.0,0.145236,0,21,72.00215809342255,877.8073787689209,148,0.8717155456542969,8256.8896484375,44.133908585027676,0,65,913,0.0,0.0,0.05,0.1,0.0,0.2,0.65,34,117.17078485326778,657.8516960144043,149,0.8664642948432256,8262.603515625,44.17545227638493,0,66,914,0.0,0.0,0.05,0.1,0.0,0.2,0.65
915,RecoveryExploration,0,NOOP,0.153483,0.0,0.144325,0,34,117.17078485326778,657.8516960144043,149,0.8664642948432256,8262.603515625,44.17545227638493,0,66,914,0.0,0.0,0.05,0.1,0.0,0.2,0.65,21,78.41712064058176,645.4010009765625,150,0.861163838704427,8267.1728515625,44.22256135284959,0,67,915,0.0,0.0,0.05,0.1,0.0,0.15,0.7
916,RecoveryExploration,0,NOOP,0.152338,0.0,0.143451,0,21,78.41712064058176,645.4010009765625,150,0.861163838704427,8267.1728515625,44.22256135284959,0,67,915,0.0,0.0,0.05,0.1,0.0,0.15,0.7,35,121.91589832856357,633.1005096435547,151,0.856065661701935,8273.0185546875,44.25689718828726,0,68,916,0.0,0.0,0.05,0.1,0.0,0.15,0.7
917,RecoveryExploration,0,NOOP,0.151218,0.0,0.141389,0,35,121.91589832856357,633.1005096435547,151,0.856065661701935,8273.0185546875,44.25689718828726,0,68,916,0.0,0.0,0.05,0.1,0.0,0.15,0.7,41,143.86020753372173,681.4203262329102,152,0.8510880721242804,8279.384765625,44.28461574733507,0,69,917,0.0,0.0,0.05,0.1,0.0,0.15,0.7
918,RecoveryExploration,0,NOOP,0.150111,0.0,0.134885,0,41,143.86020753372173,681.4203262329102,152,0.8510880721242804,8279.384765625,44.28461574733507,0,69,917,0.0,0.0,0.05,0.1,0.0,0.15,0.7,41,107.95898516341711,952.5461196899414,153,0.8461812337239584,8285.806640625,44.30929750992094,0,70,918,0.0,0.0,0.05,0.15,0.0,0.15,0.65
919,RecoveryExploration,0,NOOP,0.14902,0.0,0.139838,0,41,107.95898516341711,952.5461196899414,153,0.8461812337239584,8285.806640625,44.30929750992094,0,70,918,0.0,0.0,0.05,0.15,0.0,0.15,0.65,43,128.02017032911652,651.608943939209,154,0.841351893041041,8292.3642578125,44.330499758630324,0,71,919,0.0,0.0,0.05,0.15,0.0,0.15,0.65
920,RecoveryExploration,0,NOOP,0.147911,0.0,0.133512,0,43,128.02017032911652,651.608943939209,154,0.841351893041041,8292.3642578125,44.330499758630324,0,71,919,0.0,0.0,0.05,0.15,0.0,0.15,0.65,26,87.00820200550204,913.71750831604,155,0.8364301127772178,8297.38671875,44.36002138107859,0,72,920,0.0,0.0,0.05,0.15,0.0,0.2,0.6
921,RecoveryExploration,0,NOOP,0.146844,0.0,0.113745,0,26,87.00820200550204,913.71750831604,155,0.8364301127772178,8297.38671875,44.36002138107859,0,72,920,0.0,0.0,0.05,0.15,0.0,0.2,0.6,42,138.73231536893138,1849.9839305877686,156,0.8317212813939804,8303.9052734375,44.376615611773516,0,73,921,0.0,0.0,0.05,0.15,0.05,0.15,0.6
922,RecoveryExploration,0,NOOP,0.145786,0.0,0.135338,0,42,138.73231536893138,1849.9839305877686,156,0.8317212813939804,8303.9052734375,44.376615611773516,0,73,921,0.0,0.0,0.05,0.15,0.05,0.15,0.6,41,126.94980813552615,718.6260223388672,157,0.827053385935012,8310.232421875,44.392256678234006,0,74,922,0.0,0.0,0.05,0.15,0.05,0.15,0.6
923,RecoveryExploration,0,NOOP,0.144742,0.0,0.135362,0,41,126.94980813552615,718.6260223388672,157,0.827053385935012,8310.232421875,44.392256678234006,0,74,922,0.0,0.0,0.05,0.15,0.05,0.15,0.6,42,151.03697543259182,666.4927005767822,158,0.8224579050571104,8316.6943359375,44.404814836177025,0,75,923,0.0,0.0,0.05,0.15,0.05,0.15,0.6
924,RecoveryExploration,0,NOOP,0.143722,0.0,0.123545,0,42,151.03697543259182,666.4927005767822,158,0.8224579050571104,8316.6943359375,44.404814836177025,0,75,923,0.0,0.0,0.05,0.15,0.05,0.15,0.6,49,149.64790517874735,1207.5765132904053,159,0.8179829915364584,8323.794921875,44.41114023503831,0,76,924,0.0,0.0,0.05,0.15,0.05,0.15,0.6
925,RecoveryExploration,0,NOOP,0.142712,0.0,0.126867,0,49,149.64790517874735,1207.5765132904053,159,0.8179829915364584,8323.794921875,44.41114023503831,0,76,924,0.0,0.0,0.05,0.15,0.05,0.15,0.6,49,154.6992523253337,992.2492504119873,160,0.8135591506958008,8330.845703125,44.415878918964,0,77,925,0.0,0.0,0.1,0.15,0.05,0.15,0.55
926,RecoveryExploration,0,NOOP,0.141695,0.0,0.132555,0,49,154.6992523253337,992.2492504119873,160,0.8135591506958008,8330.845703125,44.415878918964,0,77,925,0.0,0.0,0.1,0.15,0.05,0.15,0.55,38,122.50708254708823,658.2159996032715,161,0.809097953464674,8336.9453125,44.42482598967112,0,78,926,0.0,0.0,0.1,0.1,0.05,0.15,0.6
927,RecoveryExploration,0,NOOP,0.140705,0.0,0.12545,0,38,122.50708254708823,658.2159996032715,161,0.809097953464674,8336.9453125,44.42482598967112,0,78,926,0.0,0.0,0.1,0.1,0.05,0.15,0.6,48,133.77608853970094,965.2440547943115,162,0.8047735897111304,8343.892578125,44.42651796798607,0,79,927,0.0,0.0,0.15,0.1,0.05,0.15,0.55
928,RecoveryExploration,0,NOOP,0.13969,0.0,0.129623,0,48,133.77608853970094,965.2440547943115,162,0.8047735897111304,8343.892578125,44.42651796798607,0,79,927,0.0,0.0,0.15,0.1,0.05,0.15,0.55,27,55.14166794888525,707.1044445037842,163,0.8003255457965874,8348.99609375,44.43806418644343,0,80,928,0.0,0.0,0.15,0.1,0.05,0.15,0.55
929,RecoveryExploration,0,NOOP,0.13869,0.0,0.128077,0,27,55.14166794888525,707.1044445037842,163,0.8003255457965874,8348.99609375,44.43806418644343,0,80,928,0.0,0.0,0.15,0.1,0.05,0.15,0.55,29,79.63739738816963,735.6648445129395,164,0.7959501685165777,8354.29296875,44.44644403627167,0,81,929,0.0,0.0,0.15,0.1,0.05,0.15,0.55
930,RecoveryExploration,0,NOOP,0.137736,0.0,0.125757,0,29,79.63739738816963,735.6648445129395,164,0.7959501685165777,8354.29296875,44.44644403627167,0,81,929,0.0,0.0,0.15,0.1,0.05,0.15,0.55,49,163.43791978598568,805.1981925964355,165,0.791802978515625,8361.439453125,44.44169929121599,0,82,930,0.0,0.0,0.1,0.1,0.05,0.15,0.6
931,RecoveryExploration,0,NOOP,0.136779,0.0,0.116395,0,49,163.43791978598568,805.1981925964355,165,0.791802978515625,8361.439453125,44.44169929121599,0,82,930,0.0,0.0,0.1,0.1,0.05,0.15,0.6,43,120.56997006392335,1226.7422676086426,166,0.7876467417521649,8367.958984375,44.43917155366556,0,83,931,0.0,0.0,0.15,0.1,0.05,0.15,0.55
932,RecoveryExploration,0,NOOP,0.135795,0.0,0.116775,0,43,120.56997006392335,1226.7422676086426,166,0.7876467417521649,8367.958984375,44.43917155366556,0,83,931,0.0,0.0,0.15,0.1,0.05,0.15,0.55,20,59.95297306028168,1159.7824096679688,167,0.7833511443909057,8372.45703125,44.447330715191576,0,84,932,0.0,0.0,0.15,0.15,0.05,0.1,0.55
933,RecoveryExploration,0,NOOP,0.134822,0.0,0.125191,0,20,59.95297306028168,1159.7824096679688,167,0.7833511443909057,8372.45703125,44.447330715191576,0,84,932,0.0,0.0,0.15,0.15,0.05,0.1,0.55,21,56.98797357136017,691.5469169616699,168,0.7791114988781157,8377.0068359375,44.453394666706636,0,85,933,0.0,0.0,0.15,0.15,0.05,0.05,0.6
934,RecoveryExploration,0,NOOP,0.133872,0.0,0.11927,0,21,56.98797357136017,691.5469169616699,168,0.7791114988781157,8377.0068359375,44.453394666706636,0,85,933,0.0,0.0,0.15,0.15,0.05,0.05,0.6,28,79.21702834910383,941.3318634033203,169,0.7749848676151072,8382.236328125,44.45368053998864,0,86,934,0.0,0.0,0.15,0.15,0.05,0.05,0.6
935,RecoveryExploration,0,NOOP,0.132966,0.0,0.116419,0,28,79.21702834910383,941.3318634033203,169,0.7749848676151072,8382.236328125,44.45368053998864,0,86,934,0.0,0.0,0.15,0.15,0.05,0.05,0.6,49,148.99415320841328,1039.851188659668,170,0.771078311695772,8389.33203125,44.44168429064767,0,87,935,0.0,0.0,0.15,0.2,0.05,0.05,0.55
936,RecoveryExploration,0,NOOP,0.132037,0.0,0.122499,0,49,148.99415320841328,1039.851188659668,170,0.771078311695772,8389.33203125,44.44168429064767,0,87,935,0.0,0.0,0.15,0.2,0.05,0.05,0.55,30,87.12003373216028,690.6497478485107,171,0.7670586123103984,8394.689453125,44.438300969858574,0,88,936,0.0,0.0,0.15,0.2,0.05,0.05,0.55
937,RecoveryExploration,0,NOOP,0.131116,0.0,0.117372,0,30,87.12003373216028,690.6497478485107,171,0.7670586123103984,8394.689453125,44.438300969858574,0,88,936,0.0,0.0,0.15,0.2,0.05,0.05,0.55,29,99.62774460988801,902.2185802459717,172,0.7630796210710392,8399.98046875,44.433865118703864,0,89,937,0.0,0.0,0.15,0.2,0.05,0.05,0.55
938,RecoveryExploration,0,NOOP,0.130224,0.0,0.114185,0,29,99.62774460988801,902.2185802459717,172,0.7630796210710392,8399.98046875,44.433865118703864,0,89,937,0.0,0.0,0.15,0.2,0.05,0.05,0.55,41,117.66581045815138,1018.176794052124,173,0.7592426807205112,8406.3349609375,44.42208560310698,0,90,938,0.0,0.0,0.15,0.15,0.05,0.1,0.55
939,RecoveryExploration,0,NOOP,0.129316,0.0,0.110215,0,41,117.66581045815138,1018.176794052124,173,0.7592426807205112,8406.3349609375,44.42208560310698,0,90,938,0.0,0.0,0.15,0.15,0.05,0.1,0.55,26,77.48184768066525,1172.586441040039,174,0.7553323329180136,8411.380859375,44.41635998265093,0,91,939,0.0,0.0,0.15,0.2,0.05,0.1,0.5
940,RecoveryExploration,0,NOOP,0.128447,0.0,0.1183,0,26,77.48184768066525,1172.586441040039,174,0.7553323329180136,8411.380859375,44.41635998265093,0,91,939,0.0,0.0,0.15,0.2,0.05,0.1,0.5,44,122.31768505624777,726.0787487030029,175,0.7516085379464286,8418.015625,44.40061533539376,0,92,940,0.0,0.0,0.15,0.2,0.05,0.05,0.55
941,RecoveryExploration,0,NOOP,0.127585,0.0,0.117359,0,44,122.31768505624777,726.0787487030029,175,0.7516085379464286,8418.015625,44.40061533539376,0,92,940,0.0,0.0,0.15,0.2,0.05,0.05,0.55,44,136.07738630255366,731.3041687011719,176,0.747927492315119,8424.6552734375,44.3837540809525,0,93,941,0.0,0.0,0.15,0.2,0.0,0.05,0.6
942,RecoveryExploration,0,NOOP,0.126724,0.0,0.116024,0,44,136.07738630255366,731.3041687011719,176,0.747927492315119,8424.6552734375,44.3837540809525,0,93,941,0.0,0.0,0.15,0.2,0.0,0.05,0.6,39,112.02351442600722,756.2682628631592,177,0.7442445054566119,8430.8017578125,44.368445863725974,0,94,942,0.0,0.0,0.15,0.2,0.0,0.05,0.6
943,RecoveryExploration,0,NOOP,0.125884,0.0,0.108026,0,39,112.02351442600722,756.2682628631592,177,0.7442445054566119,8430.8017578125,44.368445863725974,0,94,942,0.0,0.0,0.15,0.2,0.0,0.05,0.6,47,154.13555765101793,1115.4053211212158,178,0.7406683932529406,8437.6943359375,44.34818130752071,0,95,943,0.0,0.0,0.15,0.25,0.0,0.05,0.55
944,RecoveryExploration,0,NOOP,0.125047,0.0,0.1145,0,47,154.13555765101793,1115.4053211212158,178,0.7406683932529406,8437.6943359375,44.34818130752071,0,95,943,0.0,0.0,0.15,0.25,0.0,0.05,0.55,44,139.1140362052005,751.0724067687988,179,0.7371090510703998,8444.3212890625,44.328327424092436,0,96,944,0.0,0.0,0.15,0.2,0.0,0.05,0.6
945,RecoveryExploration,0,NOOP,0.124218,0.0,0.112448,0,44,139.1140362052005,751.0724067687988,179,0.7371090510703998,8444.3212890625,44.328327424092436,0,96,944,0.0,0.0,0.15,0.2,0.0,0.05,0.6,44,139.33197134077747,813.4796619415283,180,0.7335883246527778,8450.9375,44.30758309931067,0,97,945,0.0,0.0,0.1,0.2,0.0,0.05,0.65
946,RecoveryExploration,0,NOOP,0.123398,0.0,0.114305,0,44,139.33197134077747,813.4796619415283,180,0.7335883246527778,8450.9375,44.30758309931067,0,97,945,0.0,0.0,0.1,0.2,0.0,0.05,0.65,45,73.96025252737013,680.8967590332031,181,0.7301161961002245,8457.666015625,44.285361626038416,0,98,946,0.0,0.0,0.1,0.2,0.0,0.05,0.65
947,RecoveryExploration,0,NOOP,0.122589,0.0,0.112367,0,45,73.96025252737013,680.8967590332031,181,0.7301161961002245,8457.666015625,44.285361626038416,0,98,946,0.0,0.0,0.1,0.2,0.0,0.05,0.65,47,146.68159384261432,738.6407852172852,182,0.7266968108795502,8464.564453125,44.26142944717248,0,99,947,0.0,0.0,0.05,0.2,0.0,0.05,0.7
948,RecoveryExploration,0,NOOP,0.121792,0.0,0.11116,0,47,146.68159384261432,738.6407852172852,182,0.7266968108795502,8464.564453125,44.26142944717248,0,99,947,0.0,0.0,0.05,0.2,0.0,0.05,0.7,50,165.5557002845899,760.3085041046143,183,0.7233327229817709,8471.6728515625,44.235652133262214,0,100,948,0.0,0.0,0.05,0.2,0.0,0.05,0.7
949,RecoveryExploration,0,NOOP,0.120962,0.0,0.111061,0,50,165.5557002845899,760.3085041046143,183,0.7233327229817709,8471.6728515625,44.235652133262214,0,100,948,0.0,0.0,0.05,0.2,0.0,0.05,0.7,24,76.95558800370011,725.0771522521973,184,0.7198118126910665,8476.50390625,44.22039225330444,0,101,949,0.0,0.0,0.05,0.2,0.0,0.05,0.7
950,RecoveryExploration,0,NOOP,0.120171,0.0,0.110171,0,24,76.95558800370011,725.0771522521973,184,0.7198118126910665,8476.50390625,44.22039225330444,0,101,949,0.0,0.0,0.05,0.2,0.0,0.05,0.7,44,101.27521928861806,731.2400341033936,185,0.7164799870671452,8483.123046875,44.19533486313733,0,102,950,0.0,0.0,0.05,0.2,0.0,0.05,0.7
951,RecoveryExploration,0,NOOP,0.119354,0.0,0.110052,0,44,101.27521928861806,731.2400341033936,185,0.7164799870671452,8483.123046875,44.19533486313733,0,102,950,0.0,0.0,0.05,0.2,0.0,0.05,0.7,22,73.54281756617281,697.5769996643066,186,0.7130176175025201,8487.76171875,44.17921195002262,0,103,951,0.0,0.0,0.0,0.2,0.0,0.05,0.75
952,RecoveryExploration,0,NOOP,0.11855,0.0,0.107981,0,22,73.54281756617281,697.5769996643066,186,0.7130176175025201,8487.76171875,44.17921195002262,0,103,951,0.0,0.0,0.0,0.2,0.0,0.05,0.75,26,65.02459562324435,762.2365951538086,187,0.7096263049120571,8492.8076171875,44.160145154170216,0,104,952,0.0,0.0,0.0,0.15,0.0,0.05,0.8
953,RecoveryExploration,0,NOOP,0.117776,0.0,0.108377,0,26,65.02459562324435,762.2365951538086,187,0.7096263049120571,8492.8076171875,44.160145154170216,0,104,952,0.0,0.0,0.0,0.15,0.0,0.05,0.8,41,117.6470543163339,704.9481868743896,188,0.706377719311004,8499.13671875,44.13407451528806,0,105,953,0.0,0.0,0.0,0.15,0.0,0.05,0.8
954,RecoveryExploration,0,NOOP,0.117002,0.0,0.07595,0,41,117.6470543163339,704.9481868743896,188,0.706377719311004,8499.13671875,44.13407451528806,0,105,953,0.0,0.0,0.0,0.15,0.0,0.05,0.8,37,120.35202925873679,2288.857936859131,189,0.703135333994709,8505.125,44.108892883027266,0,106,954,0.0,0.0,0.0,0.15,0.05,0.05,0.75
955,RecoveryExploration,0,NOOP,0.116212,0.0,0.099504,0,37,120.35202925873679,2288.857936859131,189,0.703135333994709,8505.125,44.108892883027266,0,106,954,0.0,0.0,0.0,0.15,0.05,0.05,0.75,21,69.55497330105138,1072.9169845581055,190,0.6998108713250412,8509.7001953125,44.08969754848678,0,107,955,0.0,0.0,0.0,0.1,0.05,0.1,0.75
956,RecoveryExploration,0,NOOP,0.115441,0.0,0.105344,0,21,69.55497330105138,1072.9169845581055,190,0.6998108713250412,8509.7001953125,44.08969754848678,0,107,955,0.0,0.0,0.0,0.1,0.05,0.1,0.75,29,84.7997534818252,743.6137199401855,191,0.6965809767158868,8515.005859375,44.06622142172928,0,108,956,0.0,0.0,0.0,0.1,0.05,0.1,0.75
957,RecoveryExploration,0,NOOP,0.114668,0.0,0.104997,0,29,84.7997534818252,743.6137199401855,191,0.6965809767158868,8515.005859375,44.06622142172928,0,108,956,0.0,0.0,0.0,0.1,0.05,0.1,0.75,23,74.47997195873486,723.5603332519531,192,0.6933404604593912,8519.767578125,44.04456255928163,0,109,957,0.0,0.0,0.0,0.1,0.05,0.1,0.75
958,RecoveryExploration,0,NOOP,0.11391,0.0,0.104183,0,23,74.47997195873486,723.5603332519531,192,0.6933404604593912,8519.767578125,44.04456255928163,0,109,957,0.0,0.0,0.0,0.1,0.05,0.1,0.75,29,70.57623039328604,727.6170253753662,193,0.6901774826445111,8525.072265625,44.019637706751716,0,110,958,0.0,0.0,0.0,0.1,0.05,0.05,0.8
959,RecoveryExploration,0,NOOP,0.113158,0.0,0.102345,0,29,70.57623039328604,727.6170253753662,193,0.6901774826445111,8525.072265625,44.019637706751716,0,110,958,0.0,0.0,0.0,0.1,0.05,0.05,0.8,28,82.75983684882584,783.1423282623291,194,0.6870399553751209,8530.2880859375,43.994440556795084,0,111,959,0.0,0.0,0.0,0.05,0.05,0.05,0.85
960,RecoveryExploration,0,NOOP,0.112426,0.0,0.101792,0,28,82.75983684882584,783.1423282623291,194,0.6870399553751209,8530.2880859375,43.994440556795084,0,111,959,0.0,0.0,0.0,0.05,0.05,0.05,0.85,38,112.33014092051152,775.4223346710205,195,0.684002920297476,8536.3564453125,43.96476998208094,0,112,960,0.0,0.0,0.0,0.05,0.05,0.05,0.85
961,RecoveryExploration,0,NOOP,0.111696,0.0,0.09483,0,38,112.33014092051152,775.4223346710205,195,0.684002920297476,8536.3564453125,43.96476998208094,0,112,960,0.0,0.0,0.0,0.05,0.05,0.05,0.85,36,119.2088561724623,1088.3374214172363,196,0.6809813051807637,8542.2294921875,43.9353903318778,0,113,961,0.0,0.0,0.0,0.1,0.05,0.05,0.8
962,RecoveryExploration,0,NOOP,0.110976,0.0,0.091328,0,36,119.2088561724623,1088.3374214172363,196,0.6809813051807637,8542.2294921875,43.9353903318778,0,113,961,0.0,0.0,0.0,0.1,0.05,0.05,0.8,38,97.422649497158,1228.6779880523682,197,0.6780057800602792,8548.296875,43.90460290938521,0,114,962,0.0,0.0,0.0,0.15,0.05,0.05,0.75
963,RecoveryExploration,0,NOOP,0.11027,0.0,0.094716,0,38,97.422649497158,1228.6779880523682,197,0.6780057800602792,8548.296875,43.90460290938521,0,114,962,0.0,0.0,0.0,0.15,0.05,0.05,0.75,43,112.08882828673299,1025.2058506011963,198,0.6750988430447049,8554.8525390625,43.8712042250875,0,115,963,0.0,0.0,0.0,0.1,0.05,0.05,0.8
964,RecoveryExploration,0,NOOP,0.109579,0.0,0.09658,0,43,112.08882828673299,1025.2058506011963,198,0.6750988430447049,8554.8525390625,43.8712042250875,0,115,963,0.0,0.0,0.0,0.1,0.05,0.05,0.8,50,156.38799009390803,898.7114429473877,199,0.6722702716463175,8562.0341796875,43.83472867967211,0,116,964,0.0,0.0,0.0,0.1,0.05,0.05,0.8
965,RecoveryExploration,0,NOOP,0.108864,0.0,0.094554,0,50,156.38799009390803,898.7114429473877,199,0.6722702716463175,8562.0341796875,43.83472867967211,0,116,964,0.0,0.0,0.0,0.1,0.05,0.05,0.8,29,85.23538554468462,965.4953479766846,200,0.6693215942382813,8567.31640625,43.805826549966085,0,117,965,0.0,0.0,0.0,0.1,0.05,0.05,0.8
966,RecoveryExploration,0,NOOP,0.108161,0.0,0.097903,0,29,85.23538554468462,965.4953479766846,200,0.6693215942382813,8567.31640625,43.805826549966085,0,117,965,0.0,0.0,0.0,0.1,0.05,0.05,0.8,33,108.07369298027123,764.1496658325195,201,0.6664298138215174,8572.953125,43.77488335838528,0,118,966,0.0,0.0,0.0,0.1,0.05,0.05,0.8
967,RecoveryExploration,0,NOOP,0.107482,0.0,0.096482,0,33,108.07369298027123,764.1496658325195,201,0.6664298138215174,8572.953125,43.77488335838528,0,118,966,0.0,0.0,0.0,0.1,0.05,0.05,0.8,46,141.49048665638514,802.5362491607666,202,0.6636621456335087,8579.82421875,43.73836634781284,0,119,967,0.0,0.0,0.0,0.1,0.05,0.05,0.8
968,RecoveryExploration,0,NOOP,0.106804,0.0,0.096678,0,46,141.49048665638514,802.5362491607666,202,0.6636621456335087,8579.82421875,43.73836634781284,0,119,967,0.0,0.0,0.0,0.1,0.05,0.05,0.8,43,113.08279547104698,760.0667476654053,203,0.6608973160165871,8586.3779296875,43.702749363511984,0,120,968,0.0,0.0,0.0,0.1,0.05,0.05,0.8
969,RecoveryExploration,0,NOOP,0.106111,0.0,0.085283,0,43,113.08279547104698,760.0667476654053,203,0.6608973160165871,8586.3779296875,43.702749363511984,0,120,968,0.0,0.0,0.0,0.1,0.05,0.05,0.8,28,84.13590353642924,1296.4091300964355,204,0.6580565209482231,8591.5859375,43.67224563268181,0,121,969,0.0,0.0,0.0,0.15,0.05,0.05,0.75
970,RecoveryExploration,0,NOOP,0.105429,0.0,0.086439,0,28,84.13590353642924,1296.4091300964355,204,0.6580565209482231,8591.5859375,43.67224563268181,0,121,969,0.0,0.0,0.0,0.15,0.05,0.05,0.75,32,102.532123379813,1205.763816833496,205,0.6552713533727134,8597.16015625,43.639766623596486,0,122,970,0.0,0.0,0.0,0.2,0.05,0.05,0.7
971,RecoveryExploration,0,NOOP,0.104768,0.0,0.093602,0,32,102.532123379813,1205.763816833496,205,0.6552713533727134,8597.16015625,43.639766623596486,0,122,970,0.0,0.0,0.0,0.2,0.05,0.05,0.7,43,121.82770325267781,815.7823085784912,206,0.6525879646967916,8603.7197265625,43.602924265065454,0,123,971,0.0,0.0,0.0,0.2,0.05,0.05,0.7
972,RecoveryExploration,0,NOOP,0.104104,0.0,0.089718,0,43,121.82770325267781,815.7823085784912,206,0.6525879646967916,8603.7197265625,43.602924265065454,0,123,971,0.0,0.0,0.0,0.2,0.05,0.05,0.7,38,126.4024883398722,978.041410446167,207,0.6498934243612243,8609.7880859375,43.56766944014674,0,124,972,0.0,0.0,0.0,0.2,0.05,0.05,0.7
973,RecoveryExploration,0,NOOP,0.103448,0.0,0.093257,0,38,126.4024883398722,978.041410446167,207,0.6498934243612243,8609.7880859375,43.56766944014674,0,124,972,0.0,0.0,0.0,0.2,0.05,0.05,0.7,40,127.25031514469352,769.545316696167,208,0.647238144507775,8616.0341796875,43.53135494144795,0,125,973,0.0,0.0,0.0,0.2,0.05,0.05,0.7
974,RecoveryExploration,0,NOOP,0.102793,0.0,0.091257,0,40,127.25031514469352,769.545316696167,208,0.647238144507775,8616.0341796875,43.53135494144795,0,125,973,0.0,0.0,0.0,0.2,0.05,0.05,0.7,37,118.89536712637108,838.0091190338135,209,0.6445879046426436,8622.0078125,43.49576054658661,0,126,974,0.0,0.0,0.0,0.2,0.0,0.05,0.75
975,RecoveryExploration,0,NOOP,0.102139,0.0,0.083873,0,37,118.89536712637108,838.0091190338135,209,0.6445879046426436,8622.0078125,43.49576054658661,0,126,974,0.0,0.0,0.0,0.2,0.0,0.05,0.75,34,100.82953424622666,1175.8008003234863,210,0.641947283063616,8627.771484375,43.46063640694702,0,127,975,0.0,0.0,0.0,0.25,0.0,0.0,0.75
976,RecoveryExploration,0,NOOP,0.101496,0.0,0.055923,0,34,100.82953424622666,1175.8008003234863,210,0.641947283063616,8627.771484375,43.46063640694702,0,127,975,0.0,0.0,0.0,0.25,0.0,0.0,0.75,38,123.15998386545894,2542.4110889434814,211,0.6393567849109523,8633.8740234375,43.42386727420456,0,128,976,0.0,0.0,0.0,0.25,0.05,0.0,0.7
977,RecoveryExploration,0,NOOP,0.100842,0.0,0.081102,0,38,123.15998386545894,2542.4110889434814,211,0.6393567849109523,8633.8740234375,43.42386727420456,0,128,976,0.0,0.0,0.0,0.25,0.05,0.0,0.7,26,83.3634552612468,1251.9769668579102,212,0.636709249244546,8638.87109375,43.39103904026009,0,129,977,0.0,0.0,0.0,0.3,0.05,0.0,0.65
978,RecoveryExploration,0,NOOP,0.100211,0.0,0.081496,0,26,83.3634552612468,1251.9769668579102,212,0.636709249244546,8638.87109375,43.39103904026009,0,129,977,0.0,0.0,0.0,0.3,0.05,0.0,0.65,40,121.60918990345759,1201.9898891448975,213,0.6341795585524868,8645.1357421875,43.3530195900426,0,130,978,0.0,0.0,0.0,0.3,0.05,0.05,0.6
979,RecoveryExploration,0,NOOP,0.099581,0.0,0.059094,0,40,121.60918990345759,1201.9898891448975,213,0.6341795585524868,8645.1357421875,43.3530195900426,0,130,978,0.0,0.0,0.0,0.3,0.05,0.05,0.6,37,113.23987574856963,2291.8567657470703,214,0.6316555415358499,8651.154296875,43.31563924324235,0,131,979,0.0,0.0,0.0,0.3,0.1,0.05,0.55
980,RecoveryExploration,0,NOOP,0.098945,0.0,0.080736,0,37,113.23987574856963,2291.8567657470703,214,0.6316555415358499,8651.154296875,43.31563924324235,0,131,979,0.0,0.0,0.0,0.3,0.1,0.05,0.55,29,92.59315737549176,1179.1942119598389,215,0.6291018463844477,8656.44140625,43.28071249910833,0,132,980,0.0,0.0,0.05,0.3,0.1,0.05,0.5
981,RecoveryExploration,0,NOOP,0.098312,0.0,0.086956,0,29,92.59315737549176,1179.1942119598389,215,0.6291018463844477,8656.44140625,43.28071249910833,0,132,980,0.0,0.0,0.05,0.3,0.1,0.05,0.5,27,77.98831478997198,837.806224822998,216,0.6265614827473959,8661.5859375,43.2460058290689,0,133,981,0.0,0.0,0.05,0.25,0.1,0.05,0.55
982,RecoveryExploration,0,NOOP,0.097699,0.0,0.080943,0,27,77.98831478997198,837.806224822998,216,0.6265614827473959,8661.5859375,43.2460058290689,0,133,981,0.0,0.0,0.05,0.25,0.1,0.05,0.55,39,137.1852058098587,1109.0378761291504,217,0.6241200530583957,8667.779296875,43.207135537150606,0,134,982,0.0,0.0,0.05,0.2,0.1,0.05,0.6
983,RecoveryExploration,0,NOOP,0.097082,0.0,0.076553,0,39,137.1852058098587,1109.0378761291504,217,0.6241200530583957,8667.779296875,43.207135537150606,0,134,982,0.0,0.0,0.05,0.2,0.1,0.05,0.6,33,93.2531623481315,1298.9578247070312,218,0.6216611249731221,8673.416015625,43.17004135585579,0,135,983,0.0,0.0,0.1,0.2,0.1,0.05,0.55
984,RecoveryExploration,0,NOOP,0.096465,0.0,0.077563,0,33,93.2531623481315,1298.9578247070312,218,0.6216611249731221,8673.416015625,43.17004135585579,0,135,983,0.0,0.0,0.1,0.2,0.1,0.05,0.55,29,93.7193754035483,1218.8432216644287,219,0.6192013117820705,8678.7255859375,43.13387545928235,0,136,984,0.0,0.0,0.1,0.25,0.1,0.05,0.5
985,RecoveryExploration,0,NOOP,0.095849,0.0,0.075983,0,29,93.7193754035483,1218.8432216644287,219,0.6192013117820705,8678.7255859375,43.13387545928235,0,136,984,0.0,0.0,0.1,0.25,0.1,0.05,0.5,26,82.80735495677463,1268.2878971099854,220,0.6167429143732245,8683.740234375,43.0985121648944,0,137,985,0.0,0.0,0.1,0.25,0.1,0.1,0.45
986,RecoveryExploration,0,NOOP,0.095249,0.0,0.083329,0,26,82.80735495677463,1268.2878971099854,220,0.6167429143732245,8683.740234375,43.0985121648944,0,137,985,0.0,0.0,0.1,0.25,0.1,0.1,0.45,36,108.866063581352,872.2386360168457,221,0.6143687666811015,8689.6318359375,43.05973724820871,0,138,986,0.0,0.0,0.1,0.25,0.1,0.1,0.45
987,RecoveryExploration,0,NOOP,0.094656,0.0,0.083487,0,36,108.866063581352,872.2386360168457,221,0.6143687666811015,8689.6318359375,43.05973724820871,0,138,986,0.0,0.0,0.1,0.25,0.1,0.1,0.45,38,117.24637668365958,835.9527587890625,222,0.6120285858979096,8695.7021484375,43.02012310402809,0,139,987,0.0,0.0,0.1,0.25,0.1,0.1,0.45
988,RecoveryExploration,0,NOOP,0.094074,0.0,0.081899,0,38,117.24637668365958,835.9527587890625,222,0.6120285858979096,8695.7021484375,43.02012310402809,0,139,987,0.0,0.0,0.1,0.25,0.1,0.1,0.45,43,138.9316330767388,887.479305267334,223,0.6097428531390134,8702.25,42.97867533682508,0,140,988,0.0,0.0,0.1,0.25,0.1,0.1,0.45
989,RecoveryExploration,3,COMPACT_128KB,-0.136,-0.055,0.183885,0,43,138.9316330767388,887.479305267334,223,0.6097428531390134,8702.25,42.97867533682508,0,140,988,0.0,0.0,0.1,0.25,0.1,0.1,0.45,36,77.84412197912161,365.7710552215576,88,1.4774492437189275,8320.994140625,12.463246669534957,0,0,989,0.0,0.0,0.1,0.2,0.1,0.1,0.5
990,RecoveryExploration,0,NOOP,0.188875,0.0,0.177642,0,36,77.84412197912161,365.7710552215576,88,1.4774492437189275,8320.994140625,12.463246669534957,0,0,989,0.0,0.0,0.1,0.2,0.1,0.1,0.5,35,113.40370306281363,672.9171276092529,89,1.461873258097788,8326.830078125,15.556666714973627,0,1,990,0.0,0.0,0.1,0.15,0.1,0.15,0.5
991,RecoveryExploration,0,NOOP,0.18875,0.0,0.179206,0,35,113.40370306281363,672.9171276092529,89,1.461873258097788,8326.830078125,15.556666714973627,0,1,990,0.0,0.0,0.1,0.15,0.1,0.15,0.5,49,147.24658680575456,589.6837711334229,90,1.4468514336480034,8333.8642578125,17.957622439920673,0,2,991,0.0,0.0,0.1,0.2,0.1,0.15,0.45
992,RecoveryExploration,0,NOOP,0.188625,0.0,0.182281,0,49,147.24658680575456,589.6837711334229,90,1.4468514336480034,8333.8642578125,17.957622439920673,0,2,991,0.0,0.0,0.1,0.2,0.1,0.15,0.45,25,73.38179843407524,430.96137046813965,91,1.4317970695076407,8338.7861328125,20.08401704185982,0,3,992,0.0,0.0,0.1,0.2,0.1,0.15,0.45
993,RecoveryExploration,0,NOOP,0.1885,0.0,0.18207,0,25,73.38179843407524,430.96137046813965,91,1.4317970695076407,8338.7861328125,20.08401704185982,0,3,992,0.0,0.0,0.1,0.2,0.1,0.15,0.45,31,95.5232105297571,436.5241527557373,92,1.4171660050101902,8344.2734375,21.899836044867584,0,4,993,0.0,0.0,0.1,0.2,0.1,0.15,0.45
994,RecoveryExploration,0,NOOP,0.188375,0.0,0.182242,0,31,95.5232105297571,436.5241527557373,92,1.4171660050101902,8344.2734375,21.899836044867584,0,4,993,0.0,0.0,0.1,0.2,0.1,0.15,0.45,49,146.23991438541364,422.910213470459,93,1.4031116116431452,8351.3203125,23.44425128865465,0,5,994,0.0,0.0,0.1,0.2,0.1,0.15,0.45
995,RecoveryExploration,0,NOOP,0.18825,0.0,0.182253,0,49,146.23991438541364,422.910213470459,93,1.4031116116431452,8351.3203125,23.44425128865465,0,5,994,0.0,0.0,0.1,0.2,0.1,0.15,0.45,34,103.16299607911223,417.3433780670166,94,1.3891435988405918,8357.087890625,24.87655807320043,0,6,995,0.0,0.0,0.1,0.15,0.1,0.15,0.5
996,RecoveryExploration,0,NOOP,0.188125,0.0,0.17584,0,34,103.16299607911223,417.3433780670166,94,1.3891435988405918,8357.087890625,24.87655807320043,0,6,995,0.0,0.0,0.1,0.15,0.1,0.15,0.5,29,92.65155619201414,733.0052852630615,95,1.3753944798519737,8362.3984375,26.188132363123493,0,7,996,0.0,0.0,0.1,0.2,0.05,0.15,0.5
997,RecoveryExploration,0,NOOP,0.188,0.0,0.182333,0,29,92.65155619201414,733.0052852630615,95,1.3753944798519737,8362.3984375,26.188132363123493,0,7,996,0.0,0.0,0.1,0.2,0.05,0.15,0.5,48,138.94040499263636,403.3346176147461,96,1.3622158368428547,8369.4541015625,27.329316992385206,0,8,997,0.0,0.0,0.1,0.15,0.05,0.15,0.55
998,RecoveryExploration,0,NOOP,0.187875,0.0,0.176914,0,48,138.94040499263636,403.3346176147461,96,1.3622158368428547,8369.4541015625,27.329316992385206,0,8,997,0.0,0.0,0.1,0.15,0.05,0.15,0.55,37,105.68429396706534,669.3093776702881,97,1.3491361952319587,8375.4375,28.409195722571205,0,9,998,0.0,0.0,0.15,0.15,0.05,0.1,0.55
999,RecoveryExploration,0,NOOP,0.18775,0.0,0.165685,0,37,105.68429396706534,669.3093776702881,97,1.3491361952319587,8375.4375,28.409195722571205,0,9,998,0.0,0.0,0.15,0.15,0.05,0.1,0.55,31,89.98385011668111,1225.7330417633057,98,1.3362380047233737,8380.884765625,29.420087208980686,0,10,999,0.0,0.0,0.15,0.15,0.05,0.1,0.55
1000,RecoveryExploration,0,NOOP,0.187625,0.0,0.176624,1,31,89.98385011668111,1225.7330417633057,98,1.3362380047233737,8380.884765625,29.420087208980686,0,10,999,0.0,0.0,0.15,0.15,0.05,0.1,0.55,45,128.6895454226238,673.8038063049316,99,1.3237948947482638,8387.564453125,30.323160439316666,0,11,1000,0.0,0.0,0.1,0.15,0.05,0.1,0.6
