step,policy_name,action,action_name,compact_reward,partition_reward,global_reward,done,rows_ingested,ingestion_rate_rows_per_sec,latency_ms,file_count,block_utilization,total_size_kb,file_size_skew_kb,partition_strategy,steps_since_compact,steps_since_partition_change,partition_pruning_ratio,avg_pruning_ratio,query_hist_time_range,query_hist_region_filter,query_hist_sensor_lookup,query_hist_type_filter,query_hist_full_scan,next_rows_ingested,next_ingestion_rate_rows_per_sec,next_latency_ms,next_file_count,next_block_utilization,next_total_size_kb,next_file_size_skew_kb,next_partition_strategy,next_steps_since_compact,next_steps_since_partition_change,next_partition_pruning_ratio,next_avg_pruning_ratio,next_query_hist_time_range,next_query_hist_region_filter,next_query_hist_sensor_lookup,next_query_hist_type_filter,next_query_hist_full_scan
1,AlwaysCompact_C128,3,COMPACT_128KB,-0.302853,-0.055,0.020919,0,0,0.0,0.0,0,0.0,0.0,0.0,0,0,0,0.0,0.0,0.0,0.0,0.0,0.0,0.0,50,320.89261969865515,62.64686584472656,1,0.111358642578125,7.126953125,0.0,0,0,1,0.0,0.0,1.0,0.0,0.0,0.0,0.0
2,AlwaysCompact_C128,3,COMPACT_128KB,-0.291977,-0.055,0.031834,0,50,320.89261969865515,62.64686584472656,1,0.111358642578125,7.126953125,0.0,0,0,1,0.0,0.0,1.0,0.0,0.0,0.0,0.0,40,252.1524588192858,60.72735786437988,1,0.165740966796875,10.607421875,0.0,0,0,2,0.0,0.0,1.0,0.0,0.0,0.0,0.0
3,AlwaysCompact_C128,3,COMPACT_128KB,-0.278131,-0.055,0.045274,0,40,252.1524588192858,60.72735786437988,1,0.165740966796875,10.607421875,0.0,0,0,2,0.0,0.0,1.0,0.0,0.0,0.0,0.0,48,305.35443585142895,81.02560043334961,1,0.2349700927734375,15.0380859375,0.0,0,0,3,0.0,0.0,1.0,0.0,0.0,0.0,0.0
4,AlwaysCompact_C128,3,COMPACT_128KB,-0.265436,-0.055,0.058868,0,48,305.35443585142895,81.02560043334961,1,0.2349700927734375,15.0380859375,0.0,0,0,3,0.0,0.0,1.0,0.0,0.0,0.0,0.0,46,266.01605157682405,36.07892990112305,1,0.2984466552734375,19.1005859375,0.0,0,0,4,0.0,0.0,0.75,0.0,0.0,0.0,0.25
5,AlwaysCompact_C128,3,COMPACT_128KB,-0.257562,-0.055,0.066233,0,46,266.01605157682405,36.07892990112305,1,0.2984466552734375,19.1005859375,0.0,0,0,4,0.0,0.0,0.75,0.0,0.0,0.0,0.25,33,204.44123563939937,61.502695083618164,1,0.3378143310546875,21.6201171875,0.0,0,0,5,0.0,0.0,0.8,0.0,0.0,0.0,0.2
6,AlwaysCompact_C128,3,COMPACT_128KB,-0.244699,-0.055,0.079151,0,33,204.44123563939937,61.502695083618164,1,0.3378143310546875,21.6201171875,0.0,0,0,5,0.0,0.0,0.8,0.0,0.0,0.0,0.2,48,305.76300346273007,58.73274803161621,1,0.402130126953125,25.736328125,0.0,0,0,6,0.0,0.0,0.8333333333333334,0.0,0.0,0.0,0.16666666666666666
7,AlwaysCompact_C128,3,COMPACT_128KB,-0.23132,-0.055,0.092494,0,48,305.76300346273007,58.73274803161621,1,0.402130126953125,25.736328125,0.0,0,0,6,0.0,0.0,0.8333333333333334,0.0,0.0,0.0,0.16666666666666666,43,281.18619038116145,60.53018569946289,1,0.469024658203125,30.017578125,0.0,0,0,7,0.0,0.0,0.8571428571428571,0.0,0.0,0.0,0.14285714285714285
8,AlwaysCompact_C128,3,COMPACT_128KB,-0.222854,-0.055,0.100952,0,43,281.18619038116145,60.53018569946289,1,0.469024658203125,30.017578125,0.0,0,0,7,0.0,0.0,0.8571428571428571,0.0,0.0,0.0,0.14285714285714285,39,241.94722292479244,60.91117858886719,1,0.5113525390625,32.7265625,0.0,0,0,8,0.0,0.0,0.875,0.0,0.0,0.0,0.125
9,AlwaysCompact_C128,3,COMPACT_128KB,-0.212317,-0.055,0.111782,0,39,241.94722292479244,60.91117858886719,1,0.5113525390625,32.7265625,0.0,0,0,8,0.0,0.0,0.875,0.0,0.0,0.0,0.125,39,233.25978476162499,46.33164405822754,1,0.5640411376953125,36.0986328125,0.0,0,0,9,0.0,0.0,0.7777777777777778,0.0,0.0,0.1111111111111111,0.1111111111111111
10,AlwaysCompact_C128,3,COMPACT_128KB,-0.200857,-0.055,0.123348,0,39,233.25978476162499,46.33164405822754,1,0.5640411376953125,36.0986328125,0.0,0,0,9,0.0,0.0,0.7777777777777778,0.0,0.0,0.1111111111111111,0.1111111111111111,43,285.0044199331558,40.97914695739746,1,0.621337890625,39.765625,0.0,0,0,10,0.0,0.0,0.7,0.1,0.0,0.1,0.1
11,AlwaysCompact_C128,3,COMPACT_128KB,-0.190976,-0.055,0.132963,0,43,285.0044199331558,40.97914695739746,1,0.621337890625,39.765625,0.0,0,0,10,0.0,0.0,0.7,0.1,0.0,0.1,0.1,37,228.19464940579996,54.291725158691406,1,0.670745849609375,42.927734375,0.0,0,0,11,0.0,0.0,0.6363636363636364,0.09090909090909091,0.09090909090909091,0.09090909090909091,0.09090909090909091
12,AlwaysCompact_C128,3,COMPACT_128KB,-0.18128,-0.055,0.142532,0,37,228.19464940579996,54.291725158691406,1,0.670745849609375,42.927734375,0.0,0,0,11,0.0,0.0,0.6363636363636364,0.09090909090909091,0.09090909090909091,0.09090909090909091,0.09090909090909091,36,227.24562161283575,60.614824295043945,1,0.7192230224609375,46.0302734375,0.0,0,0,12,0.0,0.0,0.6666666666666666,0.08333333333333333,0.08333333333333333,0.08333333333333333,0.08333333333333333
13,AlwaysCompact_C128,3,COMPACT_128KB,-0.171612,-0.055,0.151161,0,36,227.24562161283575,60.614824295043945,1,0.7192230224609375,46.0302734375,0.0,0,0,12,0.0,0.0,0.6666666666666666,0.08333333333333333,0.08333333333333333,0.08333333333333333,0.08333333333333333,36,232.80492144498066,112.58459091186523,1,0.7675628662109375,49.1240234375,0.0,0,0,13,0.0,0.0,0.6923076923076923,0.07692307692307693,0.07692307692307693,0.07692307692307693,0.07692307692307693
14,AlwaysCompact_C128,3,COMPACT_128KB,-0.161392,-0.055,0.162282,0,36,232.80492144498066,112.58459091186523,1,0.7675628662109375,49.1240234375,0.0,0,0,13,0.0,0.0,0.6923076923076923,0.07692307692307693,0.07692307692307693,0.07692307692307693,0.07692307692307693,36,164.71037710121846,67.57044792175293,1,0.81866455078125,52.39453125,0.0,0,0,14,0.0,0.0,0.7142857142857143,0.07142857142857142,0.07142857142857142,0.07142857142857142,0.07142857142857142
15,AlwaysCompact_C128,3,COMPACT_128KB,-0.15256,-0.055,0.171237,0,36,164.71037710121846,67.57044792175293,1,0.81866455078125,52.39453125,0.0,0,0,14,0.0,0.0,0.7142857142857143,0.07142857142857142,0.07142857142857142,0.07142857142857142,0.07142857142857142,33,201.9210475640285,61.36369705200195,1,0.862823486328125,55.220703125,0.0,0,0,15,0.0,0.0,0.7333333333333333,0.06666666666666667,0.06666666666666667,0.06666666666666667,0.06666666666666667
16,AlwaysCompact_C128,3,COMPACT_128KB,-0.140961,-0.055,0.183364,0,33,201.9210475640285,61.36369705200195,1,0.862823486328125,55.220703125,0.0,0,0,15,0.0,0.0,0.7333333333333333,0.06666666666666667,0.06666666666666667,0.06666666666666667,0.06666666666666667,45,288.4255791244711,35.02011299133301,1,0.9208221435546875,58.9326171875,0.0,0,0,16,0.0,0.0,0.6875,0.0625,0.0625,0.0625,0.125
17,AlwaysCompact_C128,3,COMPACT_128KB,-0.129898,-0.055,0.193854,0,45,288.4255791244711,35.02011299133301,1,0.9208221435546875,58.9326171875,0.0,0,0,16,0.0,0.0,0.6875,0.0625,0.0625,0.0625,0.125,41,262.430833700859,63.64154815673828,1,0.97613525390625,62.47265625,0.0,0,0,17,0.0,0.0,0.6470588235294118,0.058823529411764705,0.11764705882352941,0.058823529411764705,0.11764705882352941
18,AlwaysCompact_C128,3,COMPACT_128KB,-0.125125,-0.055,0.199201,0,41,262.430833700859,63.64154815673828,1,0.97613525390625,62.47265625,0.0,0,0,17,0.0,0.0,0.6470588235294118,0.058823529411764705,0.11764705882352941,0.058823529411764705,0.11764705882352941,37,230.80758207845324,34.931182861328125,1,1.0257568359375,65.6484375,0.0,0,0,18,0.0,0.0,0.6111111111111112,0.05555555555555555,0.1111111111111111,0.05555555555555555,0.16666666666666666
19,AlwaysCompact_C128,3,COMPACT_128KB,-0.125125,-0.055,0.198681,0,37,230.80758207845324,34.931182861328125,1,1.0257568359375,65.6484375,0.0,0,0,18,0.0,0.0,0.6111111111111112,0.05555555555555555,0.1111111111111111,0.05555555555555555,0.16666666666666666,45,268.6937841750789,60.968637466430664,1,1.085479736328125,69.470703125,0.0,0,0,19,0.0,0.0,0.631578947368421,0.05263157894736842,0.10526315789473684,0.05263157894736842,0.15789473684210525
20,AlwaysCompact_C128,3,COMPACT_128KB,-0.125125,-0.055,0.199196,0,45,268.6937841750789,60.968637466430664,1,1.085479736328125,69.470703125,0.0,0,0,19,0.0,0.0,0.631578947368421,0.05263157894736842,0.10526315789473684,0.05263157894736842,0.15789473684210525,45,292.96924767634624,35.22181510925293,1,1.146331787109375,73.365234375,0.0,0,0,20,0.0,0.0,0.6,0.05,0.1,0.05,0.2
21,AlwaysCompact_C128,3,COMPACT_128KB,-0.125125,-0.055,0.19864,0,45,292.96924767634624,35.22181510925293,1,1.146331787109375,73.365234375,0.0,0,0,20,0.0,0.0,0.6,0.05,0.1,0.05,0.2,31,203.0153654945422,62.98065185546875,1,1.187469482421875,75.998046875,0.0,0,0,21,0.0,0.0,0.6,0.05,0.1,0.05,0.2
22,AlwaysCompact_C128,3,COMPACT_128KB,-0.125125,-0.055,0.198627,0,31,203.0153654945422,62.98065185546875,1,1.187469482421875,75.998046875,0.0,0,0,21,0.0,0.0,0.6,0.05,0.1,0.05,0.2,31,188.9784705094087,63.6444091796875,1,1.229156494140625,78.666015625,0.0,0,0,22,0.0,0.0,0.6,0.05,0.1,0.05,0.2
23,AlwaysCompact_C128,3,COMPACT_128KB,-0.125125,-0.055,0.198307,0,31,188.9784705094087,63.6444091796875,1,1.229156494140625,78.666015625,0.0,0,0,22,0.0,0.0,0.6,0.05,0.1,0.05,0.2,47,285.7515629688363,79.62679862976074,1,1.2918243408203125,82.6767578125,0.0,0,0,23,0.0,0.0,0.6,0.05,0.1,0.05,0.2
24,AlwaysCompact_C128,3,COMPACT_128KB,-0.125125,-0.055,0.19856,0,47,285.7515629688363,79.62679862976074,1,1.2918243408203125,82.6767578125,0.0,0,0,23,0.0,0.0,0.6,0.05,0.1,0.05,0.2,44,222.4282375741681,67.00348854064941,1,1.35089111328125,86.45703125,0.0,0,0,24,0.0,0.0,0.65,0.05,0.1,0.05,0.15
25,AlwaysCompact_C128,3,COMPACT_128KB,-0.125125,-0.055,0.198624,0,44,222.4282375741681,67.00348854064941,1,1.35089111328125,86.45703125,0.0,0,0,24,0.0,0.0,0.65,0.05,0.1,0.05,0.15,37,223.5396147707696,63.78674507141113,1,1.4012908935546875,89.6826171875,0.0,0,0,25,0.0,0.0,0.65,0.05,0.1,0.05,0.15
26,AlwaysCompact_C128,3,COMPACT_128KB,-0.125125,-0.055,0.199186,0,37,223.5396147707696,63.78674507141113,1,1.4012908935546875,89.6826171875,0.0,0,0,25,0.0,0.0,0.65,0.05,0.1,0.05,0.15,35,220.4316417130527,35.68005561828613,1,1.4545135498046875,93.0888671875,0.0,0,0,26,0.0,0.0,0.6,0.05,0.1,0.05,0.2
27,AlwaysCompact_C128,3,COMPACT_128KB,-0.125125,-0.055,0.198621,0,35,220.4316417130527,35.68005561828613,1,1.4545135498046875,93.0888671875,0.0,0,0,26,0.0,0.0,0.6,0.05,0.1,0.05,0.2,38,242.0888500048605,63.951969146728516,1,1.50628662109375,96.40234375,0.0,0,0,27,0.0,0.0,0.55,0.05,0.1,0.1,0.2
28,AlwaysCompact_C128,3,COMPACT_128KB,-0.165414,-0.055,0.158149,0,38,242.0888500048605,63.951969146728516,1,1.50628662109375,96.40234375,0.0,0,0,27,0.0,0.0,0.55,0.05,0.1,0.1,0.2,36,223.7827426604954,74.36537742614746,2,0.7991790771484375,102.294921875,64.00006903704258,0,0,28,0.0,0.0,0.55,0.05,0.1,0.1,0.2
29,AlwaysCompact_C128,3,COMPACT_128KB,-0.160191,-0.055,0.163675,0,36,223.7827426604954,74.36537742614746,2,0.7991790771484375,102.294921875,64.00006903704258,0,0,28,0.0,0.0,0.55,0.05,0.1,0.1,0.2,37,227.21472547133484,59.2195987701416,2,0.8252944946289062,105.6376953125,61.63637127141606,0,0,29,0.0,0.0,0.55,0.05,0.1,0.1,0.2
30,AlwaysCompact_C128,3,COMPACT_128KB,-0.153877,-0.055,0.169641,0,37,227.21472547133484,59.2195987701416,2,0.8252944946289062,105.6376953125,61.63637127141606,0,0,29,0.0,0.0,0.55,0.05,0.1,0.1,0.2,48,292.82377188070427,76.57432556152344,2,0.8568649291992188,109.6787109375,58.77894172009776,0,0,30,0.0,0.0,0.6,0.0,0.1,0.1,0.2
31,AlwaysCompact_C128,3,COMPACT_128KB,-0.147085,-0.055,0.17646,0,48,292.82377188070427,76.57432556152344,2,0.8568649291992188,109.6787109375,58.77894172009776,0,0,30,0.0,0.0,0.6,0.0,0.1,0.1,0.2,50,296.546760351871,75.22916793823242,2,0.8908233642578125,114.025390625,55.705375037420694,0,0,31,0.0,0.0,0.65,0.0,0.05,0.1,0.2
32,AlwaysCompact_C128,3,COMPACT_128KB,-0.142772,-0.055,0.18097,0,50,296.546760351871,75.22916793823242,2,0.8908233642578125,114.025390625,55.705375037420694,0,0,31,0.0,0.0,0.65,0.0,0.05,0.1,0.2,32,179.53699485136647,65.42396545410156,2,0.9123916625976562,116.7861328125,53.75323551553166,0,0,32,0.0,0.0,0.6,0.05,0.05,0.1,0.2
33,AlwaysCompact_C128,3,COMPACT_128KB,-0.136996,-0.055,0.186129,0,32,179.53699485136647,65.42396545410156,2,0.9123916625976562,116.7861328125,53.75323551553166,0,0,32,0.0,0.0,0.6,0.05,0.05,0.1,0.2,43,226.39270843924598,96.25816345214844,2,0.9412689208984375,120.482421875,51.13956445421224,0,0,33,0.0,0.0,0.6,0.05,0.05,0.1,0.2
34,AlwaysCompact_C128,3,COMPACT_128KB,-0.130853,-0.055,0.192687,0,43,226.39270843924598,96.25816345214844,2,0.9412689208984375,120.482421875,51.13956445421224,0,0,33,0.0,0.0,0.6,0.05,0.05,0.1,0.2,46,209.25552021049413,75.50168037414551,2,0.97198486328125,124.4140625,48.35947470708623,0,0,34,0.0,0.0,0.55,0.05,0.1,0.1,0.2
35,AlwaysCompact_C128,3,COMPACT_128KB,-0.126475,-0.055,0.197114,0,46,209.25552021049413,75.50168037414551,2,0.97198486328125,124.4140625,48.35947470708623,0,0,34,0.0,0.0,0.55,0.05,0.1,0.1,0.2,33,183.3381221397302,73.02165031433105,2,0.9938735961914062,127.2158203125,46.37833275862509,0,0,35,0.0,0.0,0.5,0.05,0.15,0.1,0.2
36,AlwaysCompact_C128,3,COMPACT_128KB,-0.12525,-0.055,0.198252,0,33,183.3381221397302,73.02165031433105,2,0.9938735961914062,127.2158203125,46.37833275862509,0,0,35,0.0,0.0,0.5,0.05,0.15,0.1,0.2,46,260.24835943622605,77.38828659057617,2,1.0248031616210938,131.1748046875,43.578908060451006,0,0,36,0.0,0.0,0.55,0.05,0.15,0.1,0.15
37,AlwaysCompact_C128,3,COMPACT_128KB,-0.12525,-0.055,0.198359,0,46,260.24835943622605,77.38828659057617,2,1.0248031616210938,131.1748046875,43.578908060451006,0,0,36,0.0,0.0,0.55,0.05,0.15,0.1,0.15,41,241.43336052328252,72.0376968383789,2,1.0521926879882812,134.6806640625,41.09989112250207,0,0,37,0.0,0.0,0.55,0.05,0.15,0.1,0.15
38,AlwaysCompact_C128,3,COMPACT_128KB,-0.12525,-0.055,0.198611,0,41,241.43336052328252,72.0376968383789,2,1.0521926879882812,134.6806640625,41.09989112250207,0,0,37,0.0,0.0,0.55,0.05,0.15,0.1,0.15,44,261.89586854500067,59.46850776672363,2,1.08154296875,138.4375,38.4434069552905,0,0,38,0.0,0.0,0.55,0.1,0.15,0.1,0.1
39,AlwaysCompact_C128,3,COMPACT_128KB,-0.12525,-0.055,0.198303,0,44,261.89586854500067,59.46850776672363,2,1.08154296875,138.4375,38.4434069552905,0,0,38,0.0,0.0,0.55,0.1,0.15,0.1,0.1,30,167.32395489947595,74.82743263244629,2,1.1017303466796875,141.021484375,36.61625408124792,0,0,39,0.0,0.0,0.55,0.1,0.15,0.1,0.1
40,AlwaysCompact_C128,3,COMPACT_128KB,-0.12525,-0.055,0.198216,0,30,167.32395489947595,74.82743263244629,2,1.1017303466796875,141.021484375,36.61625408124792,0,0,39,0.0,0.0,0.55,0.1,0.15,0.1,0.1,46,275.5516861185853,79.19168472290039,2,1.1326522827148438,144.9794921875,33.81751991703984,0,0,40,0.0,0.0,0.6,0.1,0.15,0.1,0.05
41,AlwaysCompact_C128,3,COMPACT_128KB,-0.12525,-0.055,0.198302,0,46,275.5516861185853,79.19168472290039,2,1.1326522827148438,144.9794921875,33.81751991703984,0,0,40,0.0,0.0,0.6,0.1,0.15,0.1,0.05,44,260.18925430959735,74.91612434387207,2,1.161895751953125,148.72265625,31.1707032253523,0,0,41,0.0,0.0,0.6,0.1,0.15,0.1,0.05
42,AlwaysCompact_C128,3,COMPACT_128KB,-0.12525,-0.055,0.198243,0,44,260.18925430959735,74.91612434387207,2,1.161895751953125,148.72265625,31.1707032253523,0,0,41,0.0,0.0,0.6,0.1,0.15,0.1,0.05,48,281.4701510482784,77.8348445892334,2,1.1942062377929688,152.8583984375,28.246291879331764,0,0,42,0.0,0.0,0.6,0.1,0.15,0.1,0.05
43,AlwaysCompact_C128,3,COMPACT_128KB,-0.12525,-0.055,0.19862,0,48,281.4701510482784,77.8348445892334,2,1.1942062377929688,152.8583984375,28.246291879331764,0,0,42,0.0,0.0,0.6,0.1,0.15,0.1,0.05,47,279.8115704637781,58.99834632873535,2,1.2282791137695312,157.2197265625,25.162367187164655,0,0,43,0.0,0.0,0.55,0.15,0.15,0.1,0.05
44,AlwaysCompact_C128,3,COMPACT_128KB,-0.12525,-0.055,0.198194,0,47,279.8115704637781,58.99834632873535,2,1.2282791137695312,157.2197265625,25.162367187164655,0,0,43,0.0,0.0,0.55,0.15,0.15,0.1,0.05,30,184.9614948721077,80.3077220916748,2,1.2483596801757812,159.7900390625,23.344881788646106,0,0,44,0.0,0.0,0.55,0.15,0.15,0.1,0.05
45,AlwaysCompact_C128,3,COMPACT_128KB,-0.12525,-0.055,0.198285,0,30,184.9614948721077,80.3077220916748,2,1.2483596801757812,159.7900390625,23.344881788646106,0,0,44,0.0,0.0,0.55,0.15,0.15,0.1,0.05,38,213.18592292680708,75.77371597290039,2,1.27545166015625,163.2578125,20.89279567537127,0,0,45,0.0,0.0,0.55,0.15,0.15,0.1,0.05
46,AlwaysCompact_C128,3,COMPACT_128KB,-0.12525,-0.055,0.198291,0,38,213.18592292680708,75.77371597290039,2,1.27545166015625,163.2578125,20.89279567537127,0,0,45,0.0,0.0,0.55,0.15,0.15,0.1,0.05,45,266.95965556454485,75.47307014465332,2,1.3053054809570312,167.0791015625,18.190736266403537,0,0,46,0.0,0.0,0.6,0.15,0.15,0.1,0.0
47,AlwaysCompact_C128,3,COMPACT_128KB,-0.12525,-0.055,0.198292,0,45,266.95965556454485,75.47307014465332,2,1.3053054809570312,167.0791015625,18.190736266403537,0,0,46,0.0,0.0,0.6,0.15,0.15,0.1,0.0,32,199.10212352491786,75.38390159606934,2,1.3263702392578125,169.775390625,16.284171986270668,0,0,47,0.0,0.0,0.65,0.15,0.15,0.05,0.0
48,AlwaysCompact_C128,3,COMPACT_128KB,-0.12525,-0.055,0.198233,0,32,199.10212352491786,75.38390159606934,2,1.3263702392578125,169.775390625,16.284171986270668,0,0,47,0.0,0.0,0.65,0.15,0.15,0.05,0.0,47,258.3285017697387,78.34553718566895,2,1.3556976318359375,173.529296875,13.629759420957104,0,0,48,0.0,0.0,0.65,0.15,0.15,0.05,0.0
49,AlwaysCompact_C128,3,COMPACT_128KB,-0.12525,-0.055,0.198192,0,47,258.3285017697387,78.34553718566895,2,1.3556976318359375,173.529296875,13.629759420957104,0,0,48,0.0,0.0,0.65,0.15,0.15,0.05,0.0,48,299.86132240292284,80.38043975830078,2,1.3867034912109375,177.498046875,10.823429383122994,0,0,49,0.0,0.0,0.7,0.15,0.15,0.0,0.0
50,AlwaysCompact_C128,3,COMPACT_128KB,-0.12525,-0.055,0.19825,0,48,299.86132240292284,80.38043975830078,2,1.3867034912109375,177.498046875,10.823429383122994,0,0,49,0.0,0.0,0.7,0.15,0.15,0.0,0.0,45,274.37143941166977,77.50654220581055,2,1.4170913696289062,181.3876953125,8.073032596535086,0,0,50,0.0,0.0,0.7,0.15,0.15,0.0,0.0
51,AlwaysCompact_C128,3,COMPACT_128KB,-0.12525,-0.055,0.198235,0,45,274.37143941166977,77.50654220581055,2,1.4170913696289062,181.3876953125,8.073032596535086,0,0,50,0.0,0.0,0.7,0.15,0.15,0.0,0.0,49,290.52544560375793,78.24206352233887,2,1.4501571655273438,185.6201171875,5.080258387880303,0,0,51,0.0,0.0,0.7,0.15,0.15,0.0,0.0
52,AlwaysCompact_C128,3,COMPACT_128KB,-0.12525,-0.055,0.198222,0,49,290.52544560375793,78.24206352233887,2,1.4501571655273438,185.6201171875,5.080258387880303,0,0,51,0.0,0.0,0.7,0.15,0.15,0.0,0.0,46,268.7207205701496,78.91297340393066,2,1.4810409545898438,189.5732421875,2.284976893502232,0,0,52,0.0,0.0,0.75,0.1,0.15,0.0,0.0
53,AlwaysCompact_C128,3,COMPACT_128KB,-0.12525,-0.055,0.198041,0,46,268.7207205701496,78.91297340393066,2,1.4810409545898438,189.5732421875,2.284976893502232,0,0,52,0.0,0.0,0.75,0.1,0.15,0.0,0.0,47,277.112107295528,87.94784545898438,2,1.5122756958007812,193.5712890625,0.542069163311953,0,0,53,0.0,0.0,0.75,0.1,0.15,0.0,0.0
54,AlwaysCompact_C128,3,COMPACT_128KB,-0.125375,-0.055,0.198041,0,47,277.112107295528,87.94784545898438,2,1.5122756958007812,193.5712890625,0.542069163311953,0,0,53,0.0,0.0,0.75,0.1,0.15,0.0,0.0,49,276.3952790299848,82.93294906616211,3,1.0451456705729167,200.66796875,51.78336661261717,0,0,54,0.0,0.0,0.8,0.1,0.1,0.0,0.0
55,AlwaysCompact_C128,3,COMPACT_128KB,-0.125375,-0.055,0.198536,0,49,276.3952790299848,82.93294906616211,3,1.0451456705729167,200.66796875,51.78336661261717,0,0,54,0.0,0.0,0.8,0.1,0.1,0.0,0.0,50,288.0972398520741,58.18796157836914,3,1.0677846272786458,205.0146484375,49.27388217625172,0,0,55,0.0,0.0,0.8,0.15,0.05,0.0,0.0
56,AlwaysCompact_C128,3,COMPACT_128KB,-0.125375,-0.055,0.197781,0,50,288.0972398520741,58.18796157836914,3,1.0677846272786458,205.0146484375,49.27388217625172,0,0,55,0.0,0.0,0.8,0.15,0.05,0.0,0.0,31,195.98724202174162,95.95441818237305,3,1.0818023681640625,207.7060546875,47.72004659973389,0,0,56,0.0,0.0,0.75,0.15,0.1,0.0,0.0
57,AlwaysCompact_C128,3,COMPACT_128KB,-0.125375,-0.055,0.198472,0,31,195.98724202174162,95.95441818237305,3,1.0818023681640625,207.7060546875,47.72004659973389,0,0,56,0.0,0.0,0.75,0.15,0.1,0.0,0.0,34,208.3572012997639,61.40398979187012,3,1.0967966715494792,210.5849609375,46.05796485566211,0,0,57,0.0,0.0,0.75,0.15,0.05,0.0,0.05
58,AlwaysCompact_C128,3,COMPACT_128KB,-0.125375,-0.055,0.198499,0,34,208.3572012997639,61.40398979187012,3,1.0967966715494792,210.5849609375,46.05796485566211,0,0,57,0.0,0.0,0.75,0.15,0.05,0.0,0.05,45,282.2968591085851,60.03308296203613,3,1.1177724202473958,214.6123046875,43.7328616588344,0,0,58,0.0,0.0,0.75,0.15,0.05,0.0,0.05
59,AlwaysCompact_C128,3,COMPACT_128KB,-0.125375,-0.055,0.198676,0,45,282.2968591085851,60.03308296203613,3,1.1177724202473958,214.6123046875,43.7328616588344,0,0,58,0.0,0.0,0.75,0.15,0.05,0.0,0.05,40,247.07002608066892,51.19943618774414,3,1.1356201171875,218.0390625,41.75450170540083,0,0,59,0.0,0.0,0.7,0.15,0.05,0.0,0.1
60,AlwaysCompact_C128,3,COMPACT_128KB,-0.125375,-0.055,0.198058,0,40,247.07002608066892,51.19943618774414,3,1.1356201171875,218.0390625,41.75450170540083,0,0,59,0.0,0.0,0.7,0.15,0.05,0.0,0.1,39,232.48105648235264,82.1073055267334,3,1.1522115071614583,221.224609375,39.91540642556075,0,0,60,0.0,0.0,0.7,0.15,0.05,0.0,0.1
61,AlwaysCompact_C128,3,COMPACT_128KB,-0.125375,-0.055,0.198114,0,39,232.48105648235264,82.1073055267334,3,1.1522115071614583,221.224609375,39.91540642556075,0,0,60,0.0,0.0,0.7,0.15,0.05,0.0,0.1,35,205.94060294880967,79.30254936218262,3,1.1678975423177083,224.236328125,38.17667361981141,0,0,61,0.0,0.0,0.7,0.15,0.05,0.0,0.1
62,AlwaysCompact_C128,3,COMPACT_128KB,-0.125375,-0.055,0.197638,0,35,205.94060294880967,79.30254936218262,3,1.1678975423177083,224.236328125,38.17667361981141,0,0,61,0.0,0.0,0.7,0.15,0.05,0.0,0.1,45,250.98493109152514,103.1179428100586,3,1.1880849202473958,228.1123046875,35.93899732483501,0,0,62,0.0,0.0,0.7,0.15,0.05,0.0,0.1
63,AlwaysCompact_C128,3,COMPACT_128KB,-0.125375,-0.055,0.197923,0,45,250.98493109152514,103.1179428100586,3,1.1880849202473958,228.1123046875,35.93899732483501,0,0,62,0.0,0.0,0.7,0.15,0.05,0.0,0.1,40,170.1798647261455,88.86575698852539,3,1.2058003743489583,231.513671875,33.97533521133643,0,0,63,0.0,0.0,0.75,0.1,0.05,0.0,0.1
64,AlwaysCompact_C128,3,COMPACT_128KB,-0.125375,-0.055,0.198654,0,40,170.1798647261455,88.86575698852539,3,1.2058003743489583,231.513671875,33.97533521133643,0,0,63,0.0,0.0,0.75,0.1,0.05,0.0,0.1,47,271.63384628951894,52.32048034667969,3,1.2266387939453125,235.5146484375,31.665528047737546,0,0,64,0.0,0.0,0.7,0.1,0.05,0.0,0.15
65,AlwaysCompact_C128,3,COMPACT_128KB,-0.125375,-0.055,0.198065,0,47,271.63384628951894,52.32048034667969,3,1.2266387939453125,235.5146484375,31.665528047737546,0,0,64,0.0,0.0,0.7,0.1,0.05,0.0,0.15,33,193.73526921122726,81.76565170288086,3,1.2415822347005208,238.3837890625,30.009156996562023,0,0,65,0.0,0.0,0.7,0.1,0.05,0.0,0.15
66,AlwaysCompact_C128,3,COMPACT_128KB,-0.125375,-0.055,0.198105,0,33,193.73526921122726,81.76565170288086,3,1.2415822347005208,238.3837890625,30.009156996562023,0,0,65,0.0,0.0,0.7,0.1,0.05,0.0,0.15,39,226.4996988364703,79.7276496887207,3,1.259063720703125,241.740234375,28.071481384690806,0,0,66,0.0,0.0,0.7,0.1,0.05,0.0,0.15
67,AlwaysCompact_C128,3,COMPACT_128KB,-0.125375,-0.055,0.198107,0,39,226.4996988364703,79.7276496887207,3,1.259063720703125,241.740234375,28.071481384690806,0,0,66,0.0,0.0,0.7,0.1,0.05,0.0,0.15,45,254.05995342639082,79.6668529510498,3,1.2791646321614583,245.599609375,25.843495827054987,0,0,67,0.0,0.0,0.7,0.1,0.05,0.0,0.15
68,AlwaysCompact_C128,3,COMPACT_128KB,-0.125375,-0.055,0.198055,0,45,254.05995342639082,79.6668529510498,3,1.2791646321614583,245.599609375,25.843495827054987,0,0,67,0.0,0.0,0.7,0.1,0.05,0.0,0.15,31,178.6519483981242,82.23819732666016,3,1.292999267578125,248.255859375,24.31008850141176,0,0,68,0.0,0.0,0.65,0.1,0.1,0.0,0.15
69,AlwaysCompact_C128,3,COMPACT_128KB,-0.125375,-0.055,0.197773,0,31,178.6519483981242,82.23819732666016,3,1.292999267578125,248.255859375,24.31008850141176,0,0,68,0.0,0.0,0.65,0.1,0.1,0.0,0.15,42,252.82702321015438,96.32515907287598,3,1.3116658528645833,251.83984375,22.24115530945751,0,0,69,0.0,0.0,0.6,0.1,0.1,0.05,0.15
70,AlwaysCompact_C128,3,COMPACT_128KB,-0.125375,-0.055,0.198202,0,42,252.82702321015438,96.32515907287598,3,1.3116658528645833,251.83984375,22.24115530945751,0,0,69,0.0,0.0,0.6,0.1,0.1,0.05,0.15,47,281.9631605596574,74.91588592529297,3,1.3327891031901042,255.8955078125,19.900005237380576,0,0,70,0.0,0.0,0.55,0.1,0.1,0.1,0.15
71,AlwaysCompact_C128,3,COMPACT_128KB,-0.125375,-0.055,0.197955,0,47,281.9631605596574,74.91588592529297,3,1.3327891031901042,255.8955078125,19.900005237380576,0,0,70,0.0,0.0,0.55,0.1,0.1,0.1,0.15,38,164.06650217148058,87.27097511291504,3,1.3544260660807292,260.0498046875,17.50202674936796,0,0,71,0.0,0.0,0.55,0.1,0.1,0.1,0.15
72,AlwaysCompact_C128,3,COMPACT_128KB,-0.125375,-0.055,0.198007,0,38,164.06650217148058,87.27097511291504,3,1.3544260660807292,260.0498046875,17.50202674936796,0,0,71,0.0,0.0,0.55,0.1,0.1,0.1,0.15,43,234.67232935175787,84.6402645111084,3,1.3771158854166667,264.40625,14.987536349131856,0,0,72,0.0,0.0,0.55,0.1,0.1,0.1,0.15
73,AlwaysCompact_C128,3,COMPACT_128KB,-0.125375,-0.055,0.197924,0,43,234.67232935175787,84.6402645111084,3,1.3771158854166667,264.40625,14.987536349131856,0,0,72,0.0,0.0,0.55,0.1,0.1,0.1,0.15,38,204.27058264136048,88.775634765625,3,1.3866170247395833,266.23046875,13.934693685467522,0,0,73,0.0,0.0,0.55,0.1,0.1,0.1,0.15
74,AlwaysCompact_C128,3,COMPACT_128KB,-0.125375,-0.055,0.198612,0,38,204.27058264136048,88.775634765625,3,1.3866170247395833,266.23046875,13.934693685467522,0,0,73,0.0,0.0,0.55,0.1,0.1,0.1,0.15,35,204.15858658344598,54.38375473022461,3,1.4015248616536458,269.0927734375,12.2828507225504,0,0,74,0.0,0.0,0.5,0.1,0.1,0.1,0.2
75,AlwaysCompact_C128,3,COMPACT_128KB,-0.125375,-0.055,0.198049,0,35,204.15858658344598,54.38375473022461,3,1.4015248616536458,269.0927734375,12.2828507225504,0,0,74,0.0,0.0,0.5,0.1,0.1,0.1,0.2,39,224.73591466572876,82.56769180297852,3,1.4189503987630208,272.4384765625,10.352324390323705,0,0,75,0.0,0.0,0.55,0.05,0.1,0.1,0.2
76,AlwaysCompact_C128,3,COMPACT_128KB,-0.125375,-0.055,0.197992,0,39,224.73591466572876,82.56769180297852,3,1.4189503987630208,272.4384765625,10.352324390323705,0,0,75,0.0,0.0,0.55,0.05,0.1,0.1,0.2,48,262.176430678274,85.40153503417969,3,1.4409688313802083,276.666015625,7.9137431786684065,0,0,76,0.0,0.0,0.6,0.05,0.05,0.1,0.2
77,AlwaysCompact_C128,3,COMPACT_128KB,-0.125375,-0.055,0.197954,0,48,262.176430678274,85.40153503417969,3,1.4409688313802083,276.666015625,7.9137431786684065,0,0,76,0.0,0.0,0.6,0.05,0.05,0.1,0.2,32,181.12418187755895,87.29338645935059,3,1.454437255859375,279.251953125,6.422910806325524,0,0,77,0.0,0.0,0.65,0.05,0.05,0.1,0.15
78,AlwaysCompact_C128,3,COMPACT_128KB,-0.125375,-0.055,0.198042,0,32,181.12418187755895,87.29338645935059,3,1.454437255859375,279.251953125,6.422910806325524,0,0,77,0.0,0.0,0.65,0.05,0.05,0.1,0.15,47,265.071061293862,82.89742469787598,3,1.4756266276041667,283.3203125,4.080636996177926,0,0,78,0.0,0.0,0.7,0.0,0.05,0.1,0.15
79,AlwaysCompact_C128,3,COMPACT_128KB,-0.125375,-0.055,0.197515,0,47,265.071061293862,82.89742469787598,3,1.4756266276041667,283.3203125,4.080636996177926,0,0,78,0.0,0.0,0.7,0.0,0.05,0.1,0.15,32,184.50110589816939,109.2686653137207,3,1.4899139404296875,286.0634765625,2.5082883769555315,0,0,79,0.0,0.0,0.75,0.0,0.05,0.1,0.1
80,AlwaysCompact_C128,3,COMPACT_128KB,-0.125375,-0.055,0.198146,0,32,184.50110589816939,109.2686653137207,3,1.4899139404296875,286.0634765625,2.5082883769555315,0,0,79,0.0,0.0,0.75,0.0,0.05,0.1,0.1,38,168.5672651739415,77.72302627563477,3,1.5070546468098958,289.3544921875,0.6941775084431595,0,0,80,0.0,0.0,0.7,0.05,0.05,0.1,0.1
81,AlwaysCompact_C128,3,COMPACT_128KB,-0.125375,-0.055,0.197957,0,38,168.5672651739415,77.72302627563477,3,1.5070546468098958,289.3544921875,0.6941775084431595,0,0,80,0.0,0.0,0.7,0.05,0.05,0.1,0.1,47,264.9656017806643,87.12530136108398,3,1.5279795328776042,293.3720703125,1.7824896352644053,0,0,81,0.0,0.0,0.7,0.05,0.05,0.1,0.1
82,AlwaysCompact_C128,3,COMPACT_128KB,-0.1255,-0.055,0.197903,0,47,264.9656017806643,87.12530136108398,3,1.5279795328776042,293.3720703125,1.7824896352644053,0,0,81,0.0,0.0,0.7,0.05,0.05,0.1,0.1,45,259.8089669098973,84.84387397766113,4,1.1722412109375,300.09375,45.557758330507795,0,0,82,0.0,0.0,0.7,0.05,0.05,0.1,0.1
83,AlwaysCompact_C128,3,COMPACT_128KB,-0.1255,-0.055,0.198071,0,45,259.8089669098973,84.84387397766113,4,1.1722412109375,300.09375,45.557758330507795,0,0,82,0.0,0.0,0.7,0.05,0.05,0.1,0.1,31,174.18602663494372,76.46012306213379,4,1.1830902099609375,302.87109375,44.16981752540598,0,0,83,0.0,0.0,0.65,0.05,0.05,0.15,0.1
84,AlwaysCompact_C128,3,COMPACT_128KB,-0.1255,-0.055,0.197828,0,31,174.18602663494372,76.46012306213379,4,1.1830902099609375,302.87109375,44.16981752540598,0,0,83,0.0,0.0,0.65,0.05,0.05,0.15,0.1,41,227.07359147304427,88.58370780944824,4,1.1973190307617188,306.513671875,42.34955994183348,0,0,84,0.0,0.0,0.7,0.05,0.05,0.15,0.05
85,AlwaysCompact_C128,3,COMPACT_128KB,-0.1255,-0.055,0.197797,0,41,227.07359147304427,88.58370780944824,4,1.1973190307617188,306.513671875,42.34955994183348,0,0,84,0.0,0.0,0.7,0.05,0.05,0.15,0.05,48,258.77054852624383,90.15536308288574,4,1.2133674621582031,310.6220703125,40.296635965636995,0,0,85,0.0,0.0,0.7,0.05,0.05,0.15,0.05
86,AlwaysCompact_C128,3,COMPACT_128KB,-0.1255,-0.055,0.198332,0,48,258.77054852624383,90.15536308288574,4,1.2133674621582031,310.6220703125,40.296635965636995,0,0,85,0.0,0.0,0.7,0.05,0.05,0.15,0.05,46,264.28955720694495,63.422441482543945,4,1.228302001953125,314.4453125,38.386324169485576,0,0,86,0.0,0.0,0.65,0.1,0.05,0.15,0.05
87,AlwaysCompact_C128,3,COMPACT_128KB,-0.1255,-0.055,0.197841,0,46,264.28955720694495,63.422441482543945,4,1.228302001953125,314.4453125,38.386324169485576,0,0,86,0.0,0.0,0.65,0.1,0.05,0.15,0.05,47,269.40172547390404,87.9354476928711,4,1.2439956665039062,318.462890625,36.37905917508778,0,0,87,0.0,0.0,0.65,0.1,0.05,0.15,0.05
88,AlwaysCompact_C128,3,COMPACT_128KB,-0.1255,-0.055,0.19762,0,47,269.40172547390404,87.9354476928711,4,1.2439956665039062,318.462890625,36.37905917508778,0,0,87,0.0,0.0,0.65,0.1,0.05,0.15,0.05,49,266.5042681732893,98.98996353149414,4,1.2603187561035156,322.6416015625,34.2914782739488,0,0,88,0.0,0.0,0.65,0.1,0.0,0.2,0.05
89,AlwaysCompact_C128,3,COMPACT_128KB,-0.1255,-0.055,0.197851,0,49,266.5042681732893,98.98996353149414,4,1.2603187561035156,322.6416015625,34.2914782739488,0,0,88,0.0,0.0,0.65,0.1,0.0,0.2,0.05,31,159.52854801189622,87.45050430297852,4,1.2706527709960938,325.287109375,32.9699640517559,0,0,89,0.0,0.0,0.7,0.1,0.0,0.15,0.05
90,AlwaysCompact_C128,3,COMPACT_128KB,-0.1255,-0.055,0.198109,0,31,159.52854801189622,87.45050430297852,4,1.2706527709960938,325.287109375,32.9699640517559,0,0,89,0.0,0.0,0.7,0.1,0.0,0.15,0.05,47,268.7897552109538,74.53203201293945,4,1.2875289916992188,329.607421875,30.81206103586735,0,0,90,0.0,0.0,0.7,0.1,0.0,0.15,0.05
91,AlwaysCompact_C128,3,COMPACT_128KB,-0.1255,-0.055,0.197676,0,47,268.7897552109538,74.53203201293945,4,1.2875289916992188,329.607421875,30.81206103586735,0,0,90,0.0,0.0,0.7,0.1,0.0,0.15,0.05,41,225.9167360751661,96.22430801391602,4,1.3001480102539062,332.837890625,29.198729228973896,0,0,91,0.0,0.0,0.7,0.1,0.0,0.15,0.05
92,AlwaysCompact_C128,3,COMPACT_128KB,-0.1255,-0.055,0.197839,0,41,225.9167360751661,96.22430801391602,4,1.3001480102539062,332.837890625,29.198729228973896,0,0,91,0.0,0.0,0.7,0.1,0.0,0.15,0.05,37,204.83216721375956,88.05179595947266,4,1.3124580383300781,335.9892578125,27.625115871905646,0,0,92,0.0,0.0,0.7,0.1,0.0,0.15,0.05
93,AlwaysCompact_C128,3,COMPACT_128KB,-0.1255,-0.055,0.197852,0,37,204.83216721375956,88.05179595947266,4,1.3124580383300781,335.9892578125,27.625115871905646,0,0,92,0.0,0.0,0.7,0.1,0.0,0.15,0.05,45,254.8351853102005,87.4021053314209,4,1.3277511596679688,339.904296875,25.670522018383448,0,0,93,0.0,0.0,0.7,0.1,0.0,0.15,0.05
94,AlwaysCompact_C128,3,COMPACT_128KB,-0.1255,-0.055,0.197783,0,45,254.8351853102005,87.4021053314209,4,1.3277511596679688,339.904296875,25.670522018383448,0,0,93,0.0,0.0,0.7,0.1,0.0,0.15,0.05,30,168.00019226096222,90.82961082458496,4,1.3378677368164062,342.494140625,24.377793535093957,0,0,94,0.0,0.0,0.75,0.1,0.0,0.15,0.0
95,AlwaysCompact_C128,3,COMPACT_128KB,-0.1255,-0.055,0.19787,0,30,168.00019226096222,90.82961082458496,4,1.3378677368164062,342.494140625,24.377793535093957,0,0,94,0.0,0.0,0.75,0.1,0.0,0.15,0.0,50,277.1829049887985,86.48800849914551,4,1.3592872619628906,347.9775390625,21.641603808066304,0,0,95,0.0,0.0,0.75,0.1,0.0,0.15,0.0
96,AlwaysCompact_C128,3,COMPACT_128KB,-0.1255,-0.055,0.197316,0,50,277.1829049887985,86.48800849914551,4,1.3592872619628906,347.9775390625,21.641603808066304,0,0,95,0.0,0.0,0.75,0.1,0.0,0.15,0.0,33,176.87308414797778,114.20679092407227,4,1.3661880493164062,349.744140625,20.760387662442074,0,0,96,0.0,0.0,0.7,0.1,0.05,0.15,0.0
97,AlwaysCompact_C128,3,COMPACT_128KB,-0.1255,-0.055,0.197799,0,33,176.87308414797778,114.20679092407227,4,1.3661880493164062,349.744140625,20.760387662442074,0,0,96,0.0,0.0,0.7,0.1,0.05,0.15,0.0,31,157.71694181293287,90.05618095397949,4,1.3765525817871094,352.3974609375,19.437214061191654,0,0,97,0.0,0.0,0.7,0.1,0.05,0.15,0.0
98,AlwaysCompact_C128,3,COMPACT_128KB,-0.1255,-0.055,0.197831,0,31,157.71694181293287,90.05618095397949,4,1.3765525817871094,352.3974609375,19.437214061191654,0,0,97,0.0,0.0,0.7,0.1,0.05,0.15,0.0,37,195.9425565709697,88.43851089477539,4,1.3884963989257812,355.455078125,17.91306292050212,0,0,98,0.0,0.0,0.7,0.1,0.05,0.15,0.0
99,AlwaysCompact_C128,3,COMPACT_128KB,-0.1255,-0.055,0.19787,0,37,195.9425565709697,88.43851089477539,4,1.3884963989257812,355.455078125,17.91306292050212,0,0,98,0.0,0.0,0.7,0.1,0.05,0.15,0.0,30,170.50154879307962,86.47656440734863,4,1.3983879089355469,357.9873046875,16.651453247170082,0,0,99,0.0,0.0,0.7,0.1,0.05,0.15,0.0
100,AlwaysCompact_C128,3,COMPACT_128KB,-0.1255,-0.055,0.197754,0,30,170.50154879307962,86.47656440734863,4,1.3983879089355469,357.9873046875,16.651453247170082,0,0,99,0.0,0.0,0.7,0.1,0.05,0.15,0.0,50,275.7541928824547,92.29612350463867,4,1.4150543212890625,362.25390625,14.527513271052856,0,0,100,0.0,0.0,0.7,0.05,0.1,0.15,0.0
101,AlwaysCompact_C128,3,COMPACT_128KB,0.167,-0.055,0.197706,0,50,275.7541928824547,92.29612350463867,4,1.4150543212890625,362.25390625,14.527513271052856,0,0,100,0.0,0.0,0.7,0.05,0.1,0.15,0.0,78,436.90958406506456,94.69199180603027,4,1.4412117004394531,368.9501953125,11.201236166599084,0,0,101,0.0,0.0,0.65,0.05,0.15,0.15,0.0
102,AlwaysCompact_C128,3,COMPACT_128KB,0.167,-0.055,0.197683,0,78,436.90958406506456,94.69199180603027,4,1.4412117004394531,368.9501953125,11.201236166599084,0,0,101,0.0,0.0,0.65,0.05,0.15,0.15,0.0,56,299.13490176400694,95.84283828735352,4,1.4599418640136719,373.7451171875,8.82959531619941,0,0,102,0.0,0.0,0.6,0.05,0.2,0.15,0.0
103,AlwaysCompact_C128,3,COMPACT_128KB,0.167,-0.055,0.197898,0,56,299.13490176400694,95.84283828735352,4,1.4599418640136719,373.7451171875,8.82959531619941,0,0,102,0.0,0.0,0.6,0.05,0.2,0.15,0.0,96,531.5672879787401,85.09659767150879,4,1.4922523498535156,382.0166015625,4.79908689019375,0,0,103,0.0,0.0,0.6,0.1,0.2,0.1,0.0
104,AlwaysCompact_C128,3,COMPACT_128KB,0.167,-0.055,0.19779,0,96,531.5672879787401,85.09659767150879,4,1.4922523498535156,382.0166015625,4.79908689019375,0,0,103,0.0,0.0,0.6,0.1,0.2,0.1,0.0,92,462.84195703541997,90.51322937011719,4,1.5236167907714844,390.0458984375,1.558853650393041,0,0,104,0.0,0.0,0.6,0.1,0.2,0.1,0.0
105,AlwaysCompact_C128,3,COMPACT_128KB,0.166875,-0.055,0.197938,0,92,462.84195703541997,90.51322937011719,4,1.5236167907714844,390.0458984375,1.558853650393041,0,0,104,0.0,0.0,0.6,0.1,0.2,0.1,0.0,88,497.0083149193217,78.10688018798828,5,1.2517242431640625,400.5517578125,38.933506584816236,0,0,105,0.0,0.0,0.55,0.15,0.2,0.1,0.0
106,AlwaysCompact_C128,3,COMPACT_128KB,0.166875,-0.055,0.196999,0,88,497.0083149193217,78.10688018798828,5,1.2517242431640625,400.5517578125,38.933506584816236,0,0,105,0.0,0.0,0.55,0.15,0.2,0.1,0.0,78,406.68853535014506,125.05221366882324,5,1.272601318359375,407.232421875,35.947768702387194,0,0,106,0.0,0.0,0.6,0.1,0.2,0.1,0.0
107,AlwaysCompact_C128,3,COMPACT_128KB,0.166875,-0.055,0.198011,0,78,406.68853535014506,125.05221366882324,5,1.272601318359375,407.232421875,35.947768702387194,0,0,106,0.0,0.0,0.6,0.1,0.2,0.1,0.0,100,490.4809850071509,74.43690299987793,5,1.2992584228515625,415.7626953125,32.13592489293034,0,0,107,0.0,0.0,0.55,0.15,0.2,0.1,0.0
108,AlwaysCompact_C128,3,COMPACT_128KB,-0.125625,-0.055,0.197725,0,100,490.4809850071509,74.43690299987793,5,1.2992584228515625,415.7626953125,32.13592489293034,0,0,107,0.0,0.0,0.55,0.15,0.2,0.1,0.0,50,281.61409445541096,88.73605728149414,5,1.3134613037109375,420.3076171875,30.10528942157202,0,0,108,0.0,0.0,0.55,0.2,0.2,0.05,0.0
109,AlwaysCompact_C128,3,COMPACT_128KB,0.166875,-0.055,0.197329,0,50,281.61409445541096,88.73605728149414,5,1.3134613037109375,420.3076171875,30.10528942157202,0,0,108,0.0,0.0,0.55,0.2,0.2,0.05,0.0,74,409.7665541842915,108.57152938842773,5,1.3325103759765624,426.4033203125,27.382223278894863,0,0,109,0.0,0.0,0.55,0.2,0.2,0.05,0.0
110,AlwaysCompact_C128,3,COMPACT_128KB,0.166875,-0.055,0.198211,0,74,409.7665541842915,108.57152938842773,5,1.3325103759765624,426.4033203125,27.382223278894863,0,0,109,0.0,0.0,0.55,0.2,0.2,0.05,0.0,85,447.2380856802358,64.44215774536133,5,1.35528564453125,433.69140625,24.127390955507725,0,0,110,0.0,0.0,0.55,0.2,0.2,0.0,0.05
111,AlwaysCompact_C128,3,COMPACT_128KB,0.166875,-0.055,0.197233,0,85,447.2380856802358,64.44215774536133,5,1.35528564453125,433.69140625,24.127390955507725,0,0,110,0.0,0.0,0.55,0.2,0.2,0.0,0.05,96,497.66671857735065,113.33155632019043,5,1.3810455322265625,441.9345703125,20.447751573105705,0,0,111,0.0,0.0,0.5,0.25,0.2,0.0,0.05
112,AlwaysCompact_C128,3,COMPACT_128KB,0.166875,-0.055,0.197208,0,96,497.66671857735065,113.33155632019043,5,1.3810455322265625,441.9345703125,20.447751573105705,0,0,111,0.0,0.0,0.5,0.25,0.2,0.0,0.05,53,261.48412261509867,114.6249771118164,5,1.395220947265625,446.470703125,18.42404427864114,0,0,112,0.0,0.0,0.5,0.25,0.2,0.0,0.05
113,AlwaysCompact_C128,3,COMPACT_128KB,0.166875,-0.055,0.197358,0,53,261.48412261509867,114.6249771118164,5,1.395220947265625,446.470703125,18.42404427864114,0,0,112,0.0,0.0,0.5,0.25,0.2,0.0,0.05,99,542.248616093407,107.11240768432617,5,1.4217681884765625,454.9658203125,14.637772387047734,0,0,113,0.0,0.0,0.5,0.25,0.2,0.0,0.05
114,AlwaysCompact_C128,3,COMPACT_128KB,0.166875,-0.055,0.197835,0,99,542.248616093407,107.11240768432617,5,1.4217681884765625,454.9658203125,14.637772387047734,0,0,113,0.0,0.0,0.5,0.25,0.2,0.0,0.05,93,478.0759219381383,83.27174186706543,5,1.4467010498046875,462.9443359375,11.089762742142051,0,0,114,0.0,0.0,0.45,0.3,0.2,0.0,0.05
115,AlwaysCompact_C128,3,COMPACT_128KB,0.166875,-0.055,0.197067,0,93,478.0759219381383,83.27174186706543,5,1.4467010498046875,462.9443359375,11.089762742142051,0,0,114,0.0,0.0,0.45,0.3,0.2,0.0,0.05,99,522.4199528957063,121.64473533630371,5,1.47296142578125,471.34765625,7.373839044519897,0,0,115,0.0,0.0,0.45,0.3,0.2,0.0,0.05
116,AlwaysCompact_C128,3,COMPACT_128KB,0.166875,-0.055,0.197365,0,99,522.4199528957063,121.64473533630371,5,1.47296142578125,471.34765625,7.373839044519897,0,0,115,0.0,0.0,0.45,0.3,0.2,0.0,0.05,54,285.00833158211975,106.76002502441406,5,1.4886993408203124,476.3837890625,5.17612928148864,0,0,116,0.0,0.0,0.5,0.3,0.15,0.0,0.05
117,AlwaysCompact_C128,3,COMPACT_128KB,0.166875,-0.055,0.198181,0,54,285.00833158211975,106.76002502441406,5,1.4886993408203124,476.3837890625,5.17612928148864,0,0,116,0.0,0.0,0.5,0.3,0.15,0.0,0.05,55,308.245226066193,65.92655181884766,5,1.502203369140625,480.705078125,3.3486277289030766,0,0,117,0.0,0.0,0.45,0.3,0.15,0.0,0.1
118,AlwaysCompact_C128,3,COMPACT_128KB,0.166875,-0.055,0.197071,0,55,308.245226066193,65.92655181884766,5,1.502203369140625,480.705078125,3.3486277289030766,0,0,117,0.0,0.0,0.45,0.3,0.15,0.0,0.1,91,480.7915541889575,121.45662307739258,5,1.52669677734375,488.54296875,1.4201402414942952,0,0,118,0.0,0.0,0.45,0.3,0.15,0.0,0.1
119,AlwaysCompact_C128,3,COMPACT_128KB,0.16675,-0.055,0.197172,0,91,480.7915541889575,121.45662307739258,5,1.52669677734375,488.54296875,1.4201402414942952,0,0,118,0.0,0.0,0.45,0.3,0.15,0.0,0.1,53,274.0347828659622,111.40203475952148,6,1.2916056315104167,495.9765625,36.876497160265586,0,0,119,0.0,0.0,0.4,0.3,0.2,0.0,0.1
120,AlwaysCompact_C128,3,COMPACT_128KB,0.16675,-0.055,0.197189,0,53,274.0347828659622,111.40203475952148,6,1.2916056315104167,495.9765625,36.876497160265586,0,0,119,0.0,0.0,0.4,0.3,0.2,0.0,0.1,63,338.60140698881327,110.55660247802734,6,1.3061904907226562,501.5771484375,34.59151396102362,0,0,120,0.0,0.0,0.45,0.3,0.15,0.0,0.1
121,AlwaysCompact_C128,3,COMPACT_128KB,0.16675,-0.055,0.197629,0,63,338.60140698881327,110.55660247802734,6,1.3061904907226562,501.5771484375,34.59151396102362,0,0,120,0.0,0.0,0.45,0.3,0.15,0.0,0.1,87,481.05396597728304,88.53554725646973,6,1.3252232869466145,508.8857421875,31.609995213783495,0,0,121,0.0,0.0,0.45,0.3,0.1,0.05,0.1
122,AlwaysCompact_C128,3,COMPACT_128KB,0.16675,-0.055,0.197172,0,87,481.05396597728304,88.53554725646973,6,1.3252232869466145,508.8857421875,31.609995213783495,0,0,121,0.0,0.0,0.45,0.3,0.1,0.05,0.1,92,459.23510159974677,111.39559745788574,6,1.3460693359375,516.890625,28.344959230714966,0,0,122,0.0,0.0,0.45,0.3,0.1,0.05,0.1
123,AlwaysCompact_C128,3,COMPACT_128KB,0.16675,-0.055,0.197164,0,92,459.23510159974677,111.39559745788574,6,1.3460693359375,516.890625,28.344959230714966,0,0,122,0.0,0.0,0.45,0.3,0.1,0.05,0.1,96,530.5558821862973,111.80663108825684,6,1.367388407389323,525.0771484375,25.006631013115477,0,0,123,0.0,0.0,0.5,0.25,0.1,0.05,0.1
124,AlwaysCompact_C128,3,COMPACT_128KB,0.16675,-0.055,0.197091,0,96,530.5558821862973,111.80663108825684,6,1.367388407389323,525.0771484375,25.006631013115477,0,0,123,0.0,0.0,0.5,0.25,0.1,0.05,0.1,78,418.6360649024927,115.47040939331055,6,1.3843994140625,531.609375,22.343713831305408,0,0,124,0.0,0.0,0.5,0.25,0.1,0.05,0.1
125,AlwaysCompact_C128,3,COMPACT_128KB,0.16675,-0.055,0.198105,0,78,418.6360649024927,115.47040939331055,6,1.3843994140625,531.609375,22.343713831305408,0,0,124,0.0,0.0,0.5,0.25,0.1,0.05,0.1,92,520.4602131335706,64.7587776184082,6,1.4049631754557292,539.505859375,19.126079021923136,0,0,125,0.0,0.0,0.5,0.2,0.1,0.05,0.15
126,AlwaysCompact_C128,3,COMPACT_128KB,0.16675,-0.055,0.196212,0,92,520.4602131335706,64.7587776184082,6,1.4049631754557292,539.505859375,19.126079021923136,0,0,125,0.0,0.0,0.5,0.2,0.1,0.05,0.15,82,442.4012770396554,159.3770980834961,6,1.4233423868815105,546.5634765625,16.252306488869205,0,0,126,0.0,0.0,0.45,0.2,0.15,0.05,0.15
127,AlwaysCompact_C128,3,COMPACT_128KB,-0.12575,-0.055,0.197135,0,82,442.4012770396554,159.3770980834961,6,1.4233423868815105,546.5634765625,16.252306488869205,0,0,126,0.0,0.0,0.45,0.2,0.15,0.05,0.15,50,248.96385359089786,113.24357986450195,6,1.4349416097005208,551.017578125,14.440188634526208,0,0,127,0.0,0.0,0.5,0.15,0.15,0.05,0.15
128,AlwaysCompact_C128,3,COMPACT_128KB,0.16675,-0.055,0.197117,0,50,248.96385359089786,113.24357986450195,6,1.4349416097005208,551.017578125,14.440188634526208,0,0,127,0.0,0.0,0.5,0.15,0.15,0.05,0.15,64,328.7200909126533,114.12811279296875,6,1.4488906860351562,556.3740234375,12.263414235696276,0,0,128,0.0,0.0,0.55,0.1,0.15,0.05,0.15
129,AlwaysCompact_C128,3,COMPACT_128KB,0.16675,-0.055,0.196887,0,64,328.7200909126533,114.12811279296875,6,1.4488906860351562,556.3740234375,12.263414235696276,0,0,128,0.0,0.0,0.55,0.1,0.15,0.05,0.15,90,402.0369417756463,125.6415843963623,6,1.4692357381184895,564.1865234375,9.097129407090513,0,0,129,0.0,0.0,0.55,0.1,0.15,0.05,0.15
130,AlwaysCompact_C128,3,COMPACT_128KB,0.16675,-0.055,0.197827,0,90,402.0369417756463,125.6415843963623,6,1.4692357381184895,564.1865234375,9.097129407090513,0,0,129,0.0,0.0,0.55,0.1,0.15,0.05,0.15,77,409.8552238673382,78.66525650024414,6,1.4862772623697917,570.73046875,6.462519929856363,0,0,130,0.0,0.0,0.55,0.15,0.15,0.05,0.1
131,AlwaysCompact_C128,3,COMPACT_128KB,0.16675,-0.055,0.197871,0,77,409.8552238673382,78.66525650024414,6,1.4862772623697917,570.73046875,6.462519929856363,0,0,130,0.0,0.0,0.55,0.15,0.15,0.05,0.1,96,502.1276926875622,76.42960548400879,6,1.5077438354492188,578.9736328125,3.2313282202692055,0,0,131,0.0,0.0,0.55,0.15,0.15,0.05,0.1
132,AlwaysCompact_C128,3,COMPACT_128KB,0.16675,-0.055,0.19698,0,96,502.1276926875622,76.42960548400879,6,1.5077438354492188,578.9736328125,3.2313282202692055,0,0,131,0.0,0.0,0.55,0.15,0.15,0.05,0.1,60,308.123014988748,121.02007865905762,6,1.5211385091145833,584.1171875,1.5403564796868758,0,0,132,0.0,0.0,0.55,0.15,0.15,0.05,0.1
133,AlwaysCompact_C128,3,COMPACT_128KB,0.16675,-0.055,0.197039,0,60,308.123014988748,121.02007865905762,6,1.5211385091145833,584.1171875,1.5403564796868758,0,0,132,0.0,0.0,0.55,0.15,0.15,0.05,0.1,56,224.78610481869714,118.03913116455078,6,1.5336761474609375,588.931640625,1.6764769917179787,0,0,133,0.0,0.0,0.5,0.15,0.2,0.05,0.1
134,AlwaysCompact_C128,3,COMPACT_128KB,0.166625,-0.055,0.197703,0,56,224.78610481869714,118.03913116455078,6,1.5336761474609375,588.931640625,1.6764769917179787,0,0,133,0.0,0.0,0.5,0.15,0.2,0.05,0.1,82,404.1382046184144,79.82921600341797,7,1.3369184221540178,598.939453125,33.35173992284294,0,0,134,0.0,0.0,0.5,0.15,0.2,0.05,0.1
135,AlwaysCompact_C128,3,COMPACT_128KB,0.166625,-0.055,0.196788,0,82,404.1382046184144,79.82921600341797,7,1.3369184221540178,598.939453125,33.35173992284294,0,0,134,0.0,0.0,0.5,0.15,0.2,0.05,0.1,60,311.4528213620061,125.6246566772461,7,1.3483080182756697,604.0419921875,31.42531752462257,0,0,135,0.0,0.0,0.5,0.15,0.2,0.05,0.1
136,AlwaysCompact_C128,3,COMPACT_128KB,0.166625,-0.055,0.197533,0,60,311.4528213620061,125.6246566772461,7,1.3483080182756697,604.0419921875,31.42531752462257,0,0,135,0.0,0.0,0.5,0.15,0.2,0.05,0.1,60,309.0466594212242,88.37461471557617,7,1.3597957066127233,609.1884765625,29.482589502426208,0,0,136,0.0,0.0,0.45,0.2,0.2,0.05,0.1
137,AlwaysCompact_C128,3,COMPACT_128KB,0.166625,-0.055,0.197887,0,60,309.0466594212242,88.37461471557617,7,1.3597957066127233,609.1884765625,29.482589502426208,0,0,136,0.0,0.0,0.45,0.2,0.2,0.05,0.1,72,378.29928484008803,70.67370414733887,7,1.3736332484654017,615.3876953125,27.142936441836287,0,0,137,0.0,0.0,0.45,0.2,0.2,0.05,0.1
138,AlwaysCompact_C128,3,COMPACT_128KB,0.166625,-0.055,0.196982,0,72,378.29928484008803,70.67370414733887,7,1.3736332484654017,615.3876953125,27.142936441836287,0,0,137,0.0,0.0,0.45,0.2,0.2,0.05,0.1,68,346.38242223744356,115.88549613952637,7,1.3866424560546875,621.2158203125,24.943925722822748,0,0,138,0.0,0.0,0.45,0.2,0.2,0.05,0.1
139,AlwaysCompact_C128,3,COMPACT_128KB,0.166625,-0.055,0.196937,0,68,346.38242223744356,115.88549613952637,7,1.3866424560546875,621.2158203125,24.943925722822748,0,0,138,0.0,0.0,0.45,0.2,0.2,0.05,0.1,95,482.4366229583621,118.17049980163574,7,1.4058728899274553,629.8310546875,21.694727648533718,0,0,139,0.0,0.0,0.5,0.2,0.15,0.05,0.1
140,AlwaysCompact_C128,3,COMPACT_128KB,0.166625,-0.055,0.197208,0,95,482.4366229583621,118.17049980163574,7,1.4058728899274553,629.8310546875,21.694727648533718,0,0,139,0.0,0.0,0.5,0.2,0.15,0.05,0.1,82,429.0724962043382,104.59685325622559,7,1.421354021344866,636.7666015625,19.0807639542186,0,0,140,0.0,0.0,0.45,0.2,0.15,0.05,0.15
141,AlwaysCompact_C128,3,COMPACT_128KB,0.166625,-0.055,0.196633,0,82,429.0724962043382,104.59685325622559,7,1.421354021344866,636.7666015625,19.0807639542186,0,0,140,0.0,0.0,0.45,0.2,0.15,0.05,0.15,63,226.9697658418176,133.35371017456055,7,1.4333932059151786,642.16015625,17.049543726536783,0,0,141,0.0,0.0,0.5,0.2,0.15,0.0,0.15
142,AlwaysCompact_C128,3,COMPACT_128KB,0.166625,-0.055,0.196954,0,63,226.9697658418176,133.35371017456055,7,1.4333932059151786,642.16015625,17.049543726536783,0,0,141,0.0,0.0,0.5,0.2,0.15,0.0,0.15,95,484.93253448122687,117.29669570922852,7,1.4516165597098214,650.32421875,13.97901891140693,0,0,142,0.0,0.0,0.55,0.2,0.1,0.0,0.15
143,AlwaysCompact_C128,3,COMPACT_128KB,0.166625,-0.055,0.196913,0,95,484.93253448122687,117.29669570922852,7,1.4516165597098214,650.32421875,13.97901891140693,0,0,142,0.0,0.0,0.55,0.2,0.1,0.0,0.15,87,455.0986238703739,119.33064460754395,7,1.4682660784040178,657.783203125,11.180994692188014,0,0,143,0.0,0.0,0.55,0.2,0.1,0.0,0.15
144,AlwaysCompact_C128,3,COMPACT_128KB,0.166625,-0.055,0.196854,0,87,455.0986238703739,119.33064460754395,7,1.4682660784040178,657.783203125,11.180994692188014,0,0,143,0.0,0.0,0.55,0.2,0.1,0.0,0.15,78,378.4929867509521,122.30110168457031,7,1.4822758265904017,664.0595703125,8.837045252953716,0,0,144,0.0,0.0,0.5,0.2,0.15,0.0,0.15
145,AlwaysCompact_C128,3,COMPACT_128KB,0.166625,-0.055,0.197905,0,78,378.4929867509521,122.30110168457031,7,1.4822758265904017,664.0595703125,8.837045252953716,0,0,144,0.0,0.0,0.5,0.2,0.15,0.0,0.15,55,294.88908745300614,69.74935531616211,7,1.4928022112165178,668.775390625,7.0882892560366315,0,0,145,0.0,0.0,0.5,0.2,0.15,0.0,0.15
146,AlwaysCompact_C128,3,COMPACT_128KB,0.166625,-0.055,0.19572,0,55,294.88908745300614,69.74935531616211,7,1.4928022112165178,668.775390625,7.0882892560366315,0,0,145,0.0,0.0,0.5,0.2,0.15,0.0,0.15,99,512.4827780273597,178.98869514465332,7,1.5117710658482142,677.2734375,4.0124688460087485,0,0,146,0.0,0.0,0.55,0.2,0.1,0.0,0.15
147,AlwaysCompact_C128,3,COMPACT_128KB,0.166625,-0.055,0.196826,0,99,512.4827780273597,178.98869514465332,7,1.5117710658482142,677.2734375,4.0124688460087485,0,0,146,0.0,0.0,0.55,0.2,0.1,0.0,0.15,55,227.4081763219662,123.67963790893555,7,1.5222516741071428,681.96875,2.466652584526683,0,0,147,0.0,0.0,0.55,0.2,0.1,0.0,0.15
148,AlwaysCompact_C128,3,COMPACT_128KB,0.166625,-0.055,0.196806,0,55,227.4081763219662,123.67963790893555,7,1.5222516741071428,681.96875,2.466652584526683,0,0,147,0.0,0.0,0.55,0.2,0.1,0.0,0.15,74,372.4101018439417,124.67598915100098,7,1.5364314488002233,688.3212890625,1.5999421007034518,0,0,148,0.0,0.0,0.55,0.2,0.1,0.0,0.15
149,AlwaysCompact_C128,3,COMPACT_128KB,0.1665,-0.055,0.196587,0,74,372.4101018439417,124.67598915100098,7,1.5364314488002233,688.3212890625,1.5999421007034518,0,0,148,0.0,0.0,0.55,0.2,0.1,0.0,0.15,55,294.48403605498885,130.66530227661133,8,1.3592395782470703,695.9306640625,32.10933943724295,0,0,149,0.0,0.0,0.55,0.2,0.1,0.0,0.15
150,AlwaysCompact_C128,3,COMPACT_128KB,0.1665,-0.055,0.19681,0,55,294.48403605498885,130.66530227661133,8,1.3592395782470703,695.9306640625,32.10933943724295,0,0,149,0.0,0.0,0.55,0.2,0.1,0.0,0.15,67,345.86620652647485,119.4756031036377,8,1.370523452758789,701.7080078125,30.069062230517552,0,0,150,0.0,0.0,0.6,0.15,0.1,0.0,0.15
151,AlwaysCompact_C128,3,COMPACT_128KB,0.1665,-0.055,0.196811,0,67,345.86620652647485,119.4756031036377,8,1.370523452758789,701.7080078125,30.069062230517552,0,0,150,0.0,0.0,0.6,0.15,0.1,0.0,0.15,94,497.9653653737097,119.46773529052734,8,1.38629150390625,709.78125,27.21856871587251,0,0,151,0.0,0.0,0.65,0.1,0.1,0.0,0.15
152,AlwaysCompact_C128,3,COMPACT_128KB,0.1665,-0.055,0.196653,0,94,497.9653653737097,119.46773529052734,8,1.38629150390625,709.78125,27.21856871587251,0,0,151,0.0,0.0,0.65,0.1,0.1,0.0,0.15,81,417.1556143842773,127.34103202819824,8,1.3998279571533203,716.7119140625,24.772199082237563,0,0,152,0.0,0.0,0.65,0.1,0.1,0.0,0.15
153,AlwaysCompact_C128,3,COMPACT_128KB,0.1665,-0.055,0.19777,0,81,417.1556143842773,127.34103202819824,8,1.3998279571533203,716.7119140625,24.772199082237563,0,0,152,0.0,0.0,0.65,0.1,0.1,0.0,0.15,90,453.84386767273094,71.49338722229004,8,1.4148616790771484,724.4091796875,22.056274492480053,0,0,153,0.0,0.0,0.65,0.1,0.05,0.0,0.2
154,AlwaysCompact_C128,3,COMPACT_128KB,0.1665,-0.055,0.197288,0,90,453.84386767273094,71.49338722229004,8,1.4148616790771484,724.4091796875,22.056274492480053,0,0,153,0.0,0.0,0.65,0.1,0.05,0.0,0.2,57,213.5724305013976,95.59035301208496,8,1.4244918823242188,729.33984375,20.317294470064272,0,0,154,0.0,0.0,0.65,0.1,0.05,0.0,0.2
155,AlwaysCompact_C128,3,COMPACT_128KB,0.1665,-0.055,0.19657,0,57,213.5724305013976,95.59035301208496,8,1.4244918823242188,729.33984375,20.317294470064272,0,0,154,0.0,0.0,0.65,0.1,0.05,0.0,0.2,80,401.74363640717417,131.48093223571777,8,1.4378509521484375,736.1796875,17.906347951190774,0,0,155,0.0,0.0,0.65,0.1,0.05,0.0,0.2
156,AlwaysCompact_C128,3,COMPACT_128KB,0.1665,-0.055,0.196768,0,80,401.74363640717417,131.48093223571777,8,1.4378509521484375,736.1796875,17.906347951190774,0,0,155,0.0,0.0,0.65,0.1,0.05,0.0,0.2,83,415.7378465007189,121.61636352539062,8,1.4517192840576172,743.2802734375,15.405915686407615,0,0,156,0.0,0.0,0.65,0.05,0.05,0.05,0.2
157,AlwaysCompact_C128,3,COMPACT_128KB,0.1665,-0.055,0.196567,0,83,415.7378465007189,121.61636352539062,8,1.4517192840576172,743.2802734375,15.405915686407615,0,0,156,0.0,0.0,0.65,0.05,0.05,0.05,0.2,52,270.80554613981565,131.6521167755127,8,1.4605045318603516,747.7783203125,13.82382951635895,0,0,157,0.0,0.0,0.7,0.05,0.05,0.05,0.15
158,AlwaysCompact_C128,3,COMPACT_128KB,0.1665,-0.055,0.19677,0,52,270.80554613981565,131.6521167755127,8,1.4605045318603516,747.7783203125,13.82382951635895,0,0,157,0.0,0.0,0.7,0.05,0.05,0.05,0.15,72,350.31800892064797,121.51551246643066,8,1.472616195678711,753.9794921875,11.646376636286721,0,0,158,0.0,0.0,0.7,0.05,0.05,0.05,0.15
159,AlwaysCompact_C128,3,COMPACT_128KB,0.1665,-0.055,0.197323,0,72,350.31800892064797,121.51551246643066,8,1.472616195678711,753.9794921875,11.646376636286721,0,0,158,0.0,0.0,0.7,0.05,0.05,0.05,0.15,98,481.67285434217325,93.83487701416016,8,1.4890289306640625,762.3828125,8.707685177458355,0,0,159,0.0,0.0,0.65,0.05,0.05,0.05,0.2
160,AlwaysCompact_C128,3,COMPACT_128KB,0.1665,-0.055,0.197386,0,98,481.67285434217325,93.83487701416016,8,1.4890289306640625,762.3828125,8.707685177458355,0,0,159,0.0,0.0,0.65,0.05,0.05,0.05,0.2,60,248.25393380572214,90.67678451538086,8,1.49908447265625,767.53125,6.92089754182388,0,0,160,0.0,0.0,0.65,0.05,0.05,0.1,0.15
161,AlwaysCompact_C128,3,COMPACT_128KB,0.1665,-0.055,0.196716,0,60,248.25393380572214,90.67678451538086,8,1.49908447265625,767.53125,6.92089754182388,0,0,160,0.0,0.0,0.65,0.05,0.05,0.1,0.15,63,327.04812873936515,124.21655654907227,8,1.509878158569336,773.0576171875,5.029721395958762,0,0,161,0.0,0.0,0.65,0.05,0.05,0.1,0.15
162,AlwaysCompact_C128,3,COMPACT_128KB,0.1665,-0.055,0.196506,0,63,327.04812873936515,124.21655654907227,8,1.509878158569336,773.0576171875,5.029721395958762,0,0,161,0.0,0.0,0.65,0.05,0.05,0.1,0.15,78,409.6317973400379,134.6912384033203,8,1.5228996276855469,779.724609375,2.8625655230413822,0,0,162,0.0,0.0,0.65,0.05,0.05,0.1,0.15
163,AlwaysCompact_C128,3,COMPACT_128KB,0.1665,-0.055,0.196728,0,78,409.6317973400379,134.6912384033203,8,1.5228996276855469,779.724609375,2.8625655230413822,0,0,162,0.0,0.0,0.65,0.05,0.05,0.1,0.15,71,341.55060770071555,123.61526489257812,8,1.5348186492919922,785.8271484375,1.5097551065225518,0,0,163,0.0,0.0,0.65,0.05,0.05,0.1,0.15
164,AlwaysCompact_C128,3,COMPACT_128KB,0.166375,-0.055,0.196199,0,71,341.55060770071555,123.61526489257812,8,1.5348186492919922,785.8271484375,1.5097551065225518,0,0,163,0.0,0.0,0.65,0.05,0.05,0.1,0.15,58,305.4194322732922,145.04361152648926,9,1.3778483072916667,793.640625,30.171375651798243,0,0,164,0.0,0.0,0.65,0.05,0.05,0.1,0.15
165,AlwaysCompact_C128,3,COMPACT_128KB,0.166375,-0.055,0.197191,0,58,305.4194322732922,145.04361152648926,9,1.3778483072916667,793.640625,30.171375651798243,0,0,164,0.0,0.0,0.65,0.05,0.05,0.1,0.15,69,360.82553496020915,95.43323516845703,9,1.3882904052734375,799.6552734375,28.168846653107423,0,0,165,0.0,0.0,0.65,0.1,0.05,0.1,0.1
166,AlwaysCompact_C128,3,COMPACT_128KB,0.166375,-0.055,0.196555,0,69,360.82553496020915,95.43323516845703,9,1.3882904052734375,799.6552734375,28.168846653107423,0,0,165,0.0,0.0,0.65,0.1,0.05,0.1,0.1,64,312.36816406704554,127.27475166320801,9,1.397886488172743,805.1826171875,26.32887774761361,0,0,166,0.0,0.0,0.65,0.1,0.05,0.1,0.1
167,AlwaysCompact_C128,3,COMPACT_128KB,0.166375,-0.055,0.196087,0,64,312.36816406704554,127.27475166320801,9,1.397886488172743,805.1826171875,26.32887774761361,0,0,166,0.0,0.0,0.65,0.1,0.05,0.1,0.1,55,293.4773791864598,150.62808990478516,9,1.4060278998480902,809.8720703125,24.76811892163023,0,0,167,0.0,0.0,0.65,0.1,0.05,0.1,0.1
168,AlwaysCompact_C128,3,COMPACT_128KB,0.166375,-0.055,0.196291,0,55,293.4773791864598,150.62808990478516,9,1.4060278998480902,809.8720703125,24.76811892163023,0,0,167,0.0,0.0,0.65,0.1,0.05,0.1,0.1,82,399.5605463894291,140.45310020446777,9,1.4181586371527777,816.859375,22.44319947045357,0,0,168,0.0,0.0,0.65,0.1,0.05,0.1,0.1
169,AlwaysCompact_C128,3,COMPACT_128KB,0.166375,-0.055,0.196131,0,82,399.5605463894291,140.45310020446777,9,1.4181586371527777,816.859375,22.44319947045357,0,0,168,0.0,0.0,0.65,0.1,0.05,0.1,0.1,64,317.2613420131379,148.42581748962402,9,1.4276462131076388,822.32421875,20.625513415898272,0,0,169,0.0,0.0,0.65,0.1,0.05,0.1,0.1
170,AlwaysCompact_C128,3,COMPACT_128KB,0.166375,-0.055,0.197135,0,64,317.2613420131379,148.42581748962402,9,1.4276462131076388,822.32421875,20.625513415898272,0,0,169,0.0,0.0,0.65,0.1,0.05,0.1,0.1,62,300.0213992092399,98.24943542480469,9,1.4370524088541667,827.7421875,18.82416844247467,0,0,170,0.0,0.0,0.6,0.15,0.05,0.1,0.1
171,AlwaysCompact_C128,3,COMPACT_128KB,0.166375,-0.055,0.19724,0,62,300.0213992092399,98.24943542480469,9,1.4370524088541667,827.7421875,18.82416844247467,0,0,170,0.0,0.0,0.6,0.15,0.05,0.1,0.1,92,473.03329949935517,92.99540519714355,9,1.4507904052734375,835.6552734375,16.195115724464,0,0,171,0.0,0.0,0.55,0.2,0.05,0.1,0.1
172,AlwaysCompact_C128,3,COMPACT_128KB,0.166375,-0.055,0.196275,0,92,473.03329949935517,92.99540519714355,9,1.4507904052734375,835.6552734375,16.195115724464,0,0,171,0.0,0.0,0.55,0.2,0.05,0.1,0.1,52,271.5199223175271,141.25919342041016,9,1.4585113525390625,840.1025390625,14.71890858850266,0,0,172,0.0,0.0,0.5,0.2,0.1,0.1,0.1
173,AlwaysCompact_C128,3,COMPACT_128KB,0.166375,-0.055,0.195246,0,52,271.5199223175271,141.25919342041016,9,1.4585113525390625,840.1025390625,14.71890858850266,0,0,172,0.0,0.0,0.5,0.2,0.1,0.1,0.1,52,246.3764964766856,192.69919395446777,9,1.4663289388020833,844.60546875,13.225641100222774,0,0,173,0.0,0.0,0.55,0.2,0.1,0.1,0.05
174,AlwaysCompact_C128,3,COMPACT_128KB,0.166375,-0.055,0.196448,0,52,246.3764964766856,192.69919395446777,9,1.4663289388020833,844.60546875,13.225641100222774,0,0,173,0.0,0.0,0.55,0.2,0.1,0.1,0.05,51,241.4810904661541,132.5836181640625,9,1.4737091064453125,848.8564453125,11.817719139115477,0,0,174,0.0,0.0,0.6,0.15,0.1,0.1,0.05
175,AlwaysCompact_C128,3,COMPACT_128KB,0.166375,-0.055,0.197028,0,51,241.4810904661541,132.5836181640625,9,1.4737091064453125,848.8564453125,11.817719139115477,0,0,174,0.0,0.0,0.6,0.15,0.1,0.1,0.05,90,474.6805827135034,103.5921573638916,9,1.4870656331380208,856.5498046875,9.276706482533047,0,0,175,0.0,0.0,0.55,0.2,0.1,0.1,0.05
176,AlwaysCompact_C128,3,COMPACT_128KB,0.166375,-0.055,0.196429,0,90,474.6805827135034,103.5921573638916,9,1.4870656331380208,856.5498046875,9.276706482533047,0,0,175,0.0,0.0,0.55,0.2,0.1,0.1,0.05,84,417.48462345141394,133.5439682006836,9,1.4995812310112848,863.7587890625,6.911408790960838,0,0,176,0.0,0.0,0.6,0.2,0.1,0.05,0.05
177,AlwaysCompact_C128,3,COMPACT_128KB,0.166375,-0.055,0.19755,0,84,417.48462345141394,133.5439682006836,9,1.4995812310112848,863.7587890625,6.911408790960838,0,0,176,0.0,0.0,0.6,0.2,0.1,0.05,0.05,78,395.68044237063054,77.484130859375,9,1.5112406412760417,870.474609375,4.742147832010135,0,0,177,0.0,0.0,0.55,0.2,0.1,0.05,0.1
178,AlwaysCompact_C128,3,COMPACT_128KB,-0.126125,-0.055,0.1971,0,78,395.68044237063054,77.484130859375,9,1.5112406412760417,870.474609375,4.742147832010135,0,0,177,0.0,0.0,0.55,0.2,0.1,0.05,0.1,50,246.38549191874216,100.01707077026367,9,1.5186920166015625,874.7666015625,3.40317463063602,0,0,178,0.0,0.0,0.5,0.25,0.1,0.05,0.1
179,AlwaysCompact_C128,3,COMPACT_128KB,0.166375,-0.055,0.196236,0,50,246.38549191874216,100.01707077026367,9,1.5186920166015625,874.7666015625,3.40317463063602,0,0,178,0.0,0.0,0.5,0.25,0.1,0.05,0.1,54,251.81800453398768,143.2211399078369,9,1.5267384847005208,879.4013671875,2.097917139178932,0,0,179,0.0,0.0,0.55,0.25,0.1,0.05,0.05
180,AlwaysCompact_C128,3,COMPACT_128KB,0.166375,-0.055,0.196452,0,54,251.81800453398768,143.2211399078369,9,1.5267384847005208,879.4013671875,2.097917139178932,0,0,179,0.0,0.0,0.55,0.25,0.1,0.05,0.05,52,259.23569949627614,132.41863250732422,9,1.5344645182291667,883.8515625,1.4138824179617224,0,0,180,0.0,0.0,0.6,0.25,0.1,0.0,0.05
181,AlwaysCompact_C128,3,COMPACT_128KB,0.16625,-0.055,0.197004,0,52,259.23569949627614,132.41863250732422,9,1.5344645182291667,883.8515625,1.4138824179617224,0,0,180,0.0,0.0,0.6,0.25,0.1,0.0,0.05,57,291.7516767384874,99.8227596282959,10,1.3932281494140626,891.666015625,28.615297023972012,0,0,181,0.0,0.0,0.55,0.3,0.1,0.0,0.05
182,AlwaysCompact_C128,3,COMPACT_128KB,0.16625,-0.055,0.196353,0,57,291.7516767384874,99.8227596282959,10,1.3932281494140626,891.666015625,28.615297023972012,0,0,181,0.0,0.0,0.55,0.3,0.1,0.0,0.05,60,290.17623319419783,132.3258876800537,10,1.40130615234375,896.8359375,26.982306534581266,0,0,182,0.0,0.0,0.55,0.3,0.1,0.0,0.05
183,AlwaysCompact_C128,3,COMPACT_128KB,0.16625,-0.055,0.19587,0,60,290.17623319419783,132.3258876800537,10,1.40130615234375,896.8359375,26.982306534581266,0,0,182,0.0,0.0,0.55,0.3,0.1,0.0,0.05,93,460.6469057190229,156.50081634521484,10,1.4137969970703126,904.830078125,24.45774307795144,0,0,183,0.0,0.0,0.5,0.3,0.15,0.0,0.05
184,AlwaysCompact_C128,3,COMPACT_128KB,0.16625,-0.055,0.196293,0,93,460.6469057190229,156.50081634521484,10,1.4137969970703126,904.830078125,24.45774307795144,0,0,183,0.0,0.0,0.5,0.3,0.15,0.0,0.05,61,304.9719335636245,135.33496856689453,10,1.421844482421875,909.98046875,22.831640009033865,0,0,184,0.0,0.0,0.55,0.3,0.1,0.0,0.05
185,AlwaysCompact_C128,3,COMPACT_128KB,0.16625,-0.055,0.194325,0,61,304.9719335636245,135.33496856689453,10,1.421844482421875,909.98046875,22.831640009033865,0,0,184,0.0,0.0,0.55,0.3,0.1,0.0,0.05,99,494.55005573923563,233.74700546264648,10,1.4351486206054687,918.4951171875,20.144278288835913,0,0,185,0.0,0.0,0.6,0.25,0.1,0.0,0.05
186,AlwaysCompact_C128,3,COMPACT_128KB,-0.12625,-0.055,0.196439,0,99,494.55005573923563,233.74700546264648,10,1.4351486206054687,918.4951171875,20.144278288835913,0,0,185,0.0,0.0,0.6,0.25,0.1,0.0,0.05,50,189.65449571567453,128.04698944091797,10,1.4418441772460937,922.7802734375,18.79237702740553,0,0,186,0.0,0.0,0.55,0.25,0.1,0.05,0.05
187,AlwaysCompact_C128,3,COMPACT_128KB,0.16625,-0.055,0.196164,0,50,189.65449571567453,128.04698944091797,10,1.4418441772460937,922.7802734375,18.79237702740553,0,0,186,0.0,0.0,0.55,0.25,0.1,0.05,0.05,54,271.1354022515167,141.80850982666016,10,1.4490432739257812,927.3876953125,17.339360480675598,0,0,187,0.0,0.0,0.55,0.25,0.1,0.05,0.05
188,AlwaysCompact_C128,3,COMPACT_128KB,0.16625,-0.055,0.195885,0,54,271.1354022515167,141.80850982666016,10,1.4490432739257812,927.3876953125,17.339360480675598,0,0,187,0.0,0.0,0.55,0.25,0.1,0.05,0.05,62,315.1445077178317,155.73573112487793,10,1.457281494140625,932.66015625,15.677520341664806,0,0,188,0.0,0.0,0.5,0.25,0.15,0.05,0.05
189,AlwaysCompact_C128,3,COMPACT_128KB,0.16625,-0.055,0.196167,0,62,315.1445077178317,155.73573112487793,10,1.457281494140625,932.66015625,15.677520341664806,0,0,188,0.0,0.0,0.5,0.25,0.15,0.05,0.05,83,406.92410249336945,141.64233207702637,10,1.4691192626953125,940.236328125,13.291961649109759,0,0,189,0.0,0.0,0.5,0.25,0.15,0.05,0.05
190,AlwaysCompact_C128,3,COMPACT_128KB,0.16625,-0.055,0.196381,0,83,406.92410249336945,141.64233207702637,10,1.4691192626953125,940.236328125,13.291961649109759,0,0,189,0.0,0.0,0.5,0.25,0.15,0.05,0.05,74,365.01847681254696,130.92923164367676,10,1.4785934448242188,946.2998046875,11.385812787526007,0,0,190,0.0,0.0,0.55,0.2,0.15,0.05,0.05
191,AlwaysCompact_C128,3,COMPACT_128KB,0.16625,-0.055,0.19463,0,74,365.01847681254696,130.92923164367676,10,1.4785934448242188,946.2998046875,11.385812787526007,0,0,190,0.0,0.0,0.55,0.2,0.15,0.05,0.05,61,289.8778231224692,218.5211181640625,10,1.4867828369140625,951.541015625,9.74172755065462,0,0,191,0.0,0.0,0.6,0.15,0.15,0.05,0.05
192,AlwaysCompact_C128,3,COMPACT_128KB,0.16625,-0.055,0.19613,0,61,289.8778231224692,218.5211181640625,10,1.4867828369140625,951.541015625,9.74172755065462,0,0,191,0.0,0.0,0.6,0.15,0.15,0.05,0.05,87,310.28762095882723,143.48769187927246,10,1.4982086181640626,958.853515625,7.4577789981499025,0,0,192,0.0,0.0,0.65,0.15,0.1,0.05,0.05
193,AlwaysCompact_C128,3,COMPACT_128KB,0.16625,-0.055,0.196078,0,87,310.28762095882723,143.48769187927246,10,1.4982086181640626,958.853515625,7.4577789981499025,0,0,192,0.0,0.0,0.65,0.15,0.1,0.05,0.05,63,309.3025062242995,146.09861373901367,10,1.5066238403320313,964.2392578125,5.7900931226437375,0,0,193,0.0,0.0,0.65,0.15,0.1,0.05,0.05
194,AlwaysCompact_C128,3,COMPACT_128KB,0.16625,-0.055,0.196193,0,63,309.3025062242995,146.09861373901367,10,1.5066238403320313,964.2392578125,5.7900931226437375,0,0,193,0.0,0.0,0.65,0.15,0.1,0.05,0.05,72,349.53018791927667,140.3498649597168,10,1.5163223266601562,970.4462890625,3.9062108844070207,0,0,194,0.0,0.0,0.65,0.15,0.1,0.05,0.05
195,AlwaysCompact_C128,3,COMPACT_128KB,0.16625,-0.055,0.196222,0,72,349.53018791927667,140.3498649597168,10,1.5163223266601562,970.4462890625,3.9062108844070207,0,0,194,0.0,0.0,0.65,0.15,0.1,0.05,0.05,72,347.05537557360867,138.87715339660645,10,1.526019287109375,976.65234375,2.1675542725042205,0,0,195,0.0,0.0,0.7,0.1,0.1,0.05,0.05
196,AlwaysCompact_C128,3,COMPACT_128KB,0.16625,-0.055,0.196233,0,72,347.05537557360867,138.87715339660645,10,1.526019287109375,976.65234375,2.1675542725042205,0,0,195,0.0,0.0,0.7,0.1,0.1,0.05,0.05,61,295.4976970234548,138.35644721984863,10,1.534173583984375,981.87109375,1.3343209106060148,0,0,196,0.0,0.0,0.7,0.1,0.1,0.05,0.05
197,AlwaysCompact_C128,3,COMPACT_128KB,-0.126375,-0.055,0.196073,0,61,295.4976970234548,138.35644721984863,10,1.534173583984375,981.87109375,1.3343209106060148,0,0,196,0.0,0.0,0.7,0.1,0.1,0.05,0.05,50,238.8305553404427,141.34931564331055,11,1.4047907049005681,988.97265625,27.492483156497652,0,0,197,0.0,0.0,0.75,0.1,0.1,0.05,0.0
198,AlwaysCompact_C128,3,COMPACT_128KB,0.166125,-0.055,0.197185,0,50,238.8305553404427,141.34931564331055,11,1.4047907049005681,988.97265625,27.492483156497652,0,0,197,0.0,0.0,0.75,0.1,0.1,0.05,0.0,72,264.1702222953137,85.7689380645752,11,1.4136796431107954,995.23046875,25.607830125127233,0,0,198,0.0,0.0,0.75,0.05,0.1,0.05,0.05
199,AlwaysCompact_C128,3,COMPACT_128KB,0.166125,-0.055,0.197269,0,72,264.1702222953137,85.7689380645752,11,1.4136796431107954,995.23046875,25.607830125127233,0,0,198,0.0,0.0,0.75,0.05,0.1,0.05,0.05,69,298.529130645123,81.54129981994629,11,1.422119140625,1001.171875,23.818783357106906,0,0,199,0.0,0.0,0.7,0.05,0.1,0.05,0.1
200,AlwaysCompact_C128,3,COMPACT_128KB,0.166125,-0.055,0.196083,0,69,298.529130645123,81.54129981994629,11,1.422119140625,1001.171875,23.818783357106906,0,0,199,0.0,0.0,0.7,0.05,0.1,0.05,0.1,82,392.10990338990393,140.82980155944824,11,1.4320859042080967,1008.1884765625,21.70647929633428,0,0,200,0.0,0.0,0.7,0.05,0.1,0.05,0.1
201,AlwaysCompact_C128,3,COMPACT_128KB,-0.126375,-0.055,0.196727,0,82,392.10990338990393,140.82980155944824,11,1.4320859042080967,1008.1884765625,21.70647929633428,0,0,200,0.0,0.0,0.7,0.05,0.1,0.05,0.1,50,244.0029878600732,108.6575984954834,11,1.43817138671875,1012.47265625,20.417087825661174,0,0,201,0.0,0.0,0.7,0.05,0.1,0.05,0.1
202,AlwaysCompact_C128,3,COMPACT_128KB,0.166125,-0.055,0.196552,0,50,244.0029878600732,108.6575984954834,11,1.43817138671875,1012.47265625,20.417087825661174,0,0,201,0.0,0.0,0.7,0.05,0.1,0.05,0.1,98,460.5097492661722,117.37775802612305,11,1.4500898881392046,1020.86328125,17.89277370002383,0,0,202,0.0,0.0,0.65,0.1,0.1,0.05,0.1
203,AlwaysCompact_C128,3,COMPACT_128KB,0.166125,-0.055,0.196769,0,98,460.5097492661722,117.37775802612305,11,1.4500898881392046,1020.86328125,17.89277370002383,0,0,202,0.0,0.0,0.65,0.1,0.1,0.05,0.1,51,186.70393946138438,106.57358169555664,11,1.4562752463600852,1025.2177734375,16.583394788997346,0,0,203,0.0,0.0,0.65,0.15,0.05,0.05,0.1
204,AlwaysCompact_C128,3,COMPACT_128KB,-0.126375,-0.055,0.196809,0,51,186.70393946138438,106.57358169555664,11,1.4562752463600852,1025.2177734375,16.583394788997346,0,0,203,0.0,0.0,0.65,0.15,0.05,0.05,0.1,50,251.18029413631743,104.56490516662598,11,1.4624439586292615,1029.560546875,15.278146509546124,0,0,204,0.0,0.0,0.6,0.2,0.05,0.05,0.1
205,AlwaysCompact_C128,3,COMPACT_128KB,0.166125,-0.055,0.196782,0,50,251.18029413631743,104.56490516662598,11,1.4624439586292615,1029.560546875,15.278146509546124,0,0,204,0.0,0.0,0.6,0.2,0.05,0.05,0.1,55,276.148494323487,105.89408874511719,11,1.4691259210759944,1034.2646484375,13.865181153498433,0,0,205,0.0,0.0,0.55,0.25,0.05,0.05,0.1
206,AlwaysCompact_C128,3,COMPACT_128KB,0.166125,-0.055,0.196803,0,55,276.148494323487,105.89408874511719,11,1.4691259210759944,1034.2646484375,13.865181153498433,0,0,205,0.0,0.0,0.55,0.25,0.05,0.05,0.1,78,381.85311604910606,104.82907295227051,11,1.4786612770774148,1040.9775390625,11.851062036265455,0,0,206,0.0,0.0,0.55,0.3,0.05,0.0,0.1
207,AlwaysCompact_C128,3,COMPACT_128KB,0.166125,-0.055,0.195684,0,78,381.85311604910606,104.82907295227051,11,1.4786612770774148,1040.9775390625,11.851062036265455,0,0,206,0.0,0.0,0.55,0.3,0.05,0.0,0.1,65,309.5993249972462,160.80594062805176,11,1.4865639426491477,1046.541015625,10.18478338951931,0,0,207,0.0,0.0,0.5,0.3,0.1,0.0,0.1
208,AlwaysCompact_C128,3,COMPACT_128KB,0.166125,-0.055,0.19704,0,65,309.5993249972462,160.80594062805176,11,1.4865639426491477,1046.541015625,10.18478338951931,0,0,207,0.0,0.0,0.5,0.3,0.1,0.0,0.1,65,312.4062625690834,93.00684928894043,11,1.4944610595703125,1052.1005859375,8.524053882441105,0,0,208,0.0,0.0,0.5,0.3,0.05,0.0,0.15
209,AlwaysCompact_C128,3,COMPACT_128KB,-0.126375,-0.055,0.196634,0,65,312.4062625690834,93.00684928894043,11,1.4944610595703125,1052.1005859375,8.524053882441105,0,0,208,0.0,0.0,0.5,0.3,0.05,0.0,0.15,50,235.84095328168524,113.30080032348633,11,1.5005049272017046,1056.35546875,7.257884105310853,0,0,209,0.0,0.0,0.45,0.35,0.05,0.0,0.15
210,AlwaysCompact_C128,3,COMPACT_128KB,0.166125,-0.055,0.196845,0,50,235.84095328168524,113.30080032348633,11,1.5005049272017046,1056.35546875,7.257884105310853,0,0,209,0.0,0.0,0.45,0.35,0.05,0.0,0.15,77,373.0164909160208,102.73170471191406,11,1.5098724365234375,1062.9501953125,5.311308801280166,0,0,210,0.0,0.0,0.4,0.4,0.05,0.0,0.15
211,AlwaysCompact_C128,3,COMPACT_128KB,0.166125,-0.055,0.196463,0,77,373.0164909160208,102.73170471191406,11,1.5098724365234375,1062.9501953125,5.311308801280166,0,0,210,0.0,0.0,0.4,0.4,0.05,0.0,0.15,95,444.2123029963177,121.8414306640625,11,1.5214649547230115,1071.111328125,2.9798208298972004,0,0,211,0.0,0.0,0.35,0.4,0.05,0.05,0.15
212,AlwaysCompact_C128,3,COMPACT_128KB,0.166125,-0.055,0.196846,0,95,444.2123029963177,121.8414306640625,11,1.5214649547230115,1071.111328125,2.9798208298972004,0,0,211,0.0,0.0,0.35,0.4,0.05,0.05,0.15,88,414.05056571770876,102.69570350646973,11,1.5321516557173296,1078.634765625,1.3366258744915367,0,0,212,0.0,0.0,0.3,0.45,0.05,0.05,0.15
213,AlwaysCompact_C128,3,COMPACT_128KB,0.166,-0.055,0.196865,0,88,414.05056571770876,102.69570350646973,11,1.5321516557173296,1078.634765625,1.3366258744915367,0,0,212,0.0,0.0,0.3,0.45,0.05,0.05,0.15,52,258.5258805847016,96.74882888793945,12,1.4141146341959636,1086.0400390625,26.200116672753552,0,0,213,0.0,0.0,0.25,0.45,0.05,0.05,0.2
214,AlwaysCompact_C128,3,COMPACT_128KB,0.166,-0.055,0.196673,0,52,258.5258805847016,96.74882888793945,12,1.4141146341959636,1086.0400390625,26.200116672753552,0,0,213,0.0,0.0,0.25,0.45,0.05,0.05,0.2,60,277.98816724917265,106.35519027709961,12,1.4211133321126301,1091.4150390625,24.650440055758278,0,0,214,0.0,0.0,0.2,0.5,0.05,0.05,0.2
215,AlwaysCompact_C128,3,COMPACT_128KB,0.166,-0.055,0.194555,0,60,277.98816724917265,106.35519027709961,12,1.4211133321126301,1091.4150390625,24.650440055758278,0,0,214,0.0,0.0,0.2,0.5,0.05,0.05,0.2,72,356.35379800907197,212.25786209106445,12,1.4290059407552083,1097.4765625,22.90314769810072,0,0,215,0.0,0.0,0.2,0.5,0.05,0.05,0.2
216,AlwaysCompact_C128,3,COMPACT_128KB,0.166,-0.055,0.195315,0,72,356.35379800907197,212.25786209106445,12,1.4290059407552083,1097.4765625,22.90314769810072,0,0,215,0.0,0.0,0.2,0.5,0.05,0.05,0.2,52,247.39233970538027,174.24798011779785,12,1.4346516927083333,1101.8125,21.65352162684008,0,0,216,0.0,0.0,0.15,0.5,0.1,0.05,0.2
217,AlwaysCompact_C128,3,COMPACT_128KB,0.166,-0.055,0.195317,0,52,247.39233970538027,174.24798011779785,12,1.4346516927083333,1101.8125,21.65352162684008,0,0,216,0.0,0.0,0.15,0.5,0.1,0.05,0.2,62,300.29232579542924,174.14426803588867,12,1.4415651957194011,1107.1220703125,20.12363986027355,0,0,217,0.0,0.0,0.1,0.5,0.15,0.05,0.2
218,AlwaysCompact_C128,3,COMPACT_128KB,0.166,-0.055,0.196491,0,62,300.29232579542924,174.14426803588867,12,1.4415651957194011,1107.1220703125,20.12363986027355,0,0,217,0.0,0.0,0.1,0.5,0.15,0.05,0.2,85,404.68005021669,115.4472827911377,12,1.4510345458984375,1114.39453125,18.028965609523308,0,0,218,0.0,0.0,0.1,0.55,0.15,0.05,0.15
219,AlwaysCompact_C128,3,COMPACT_128KB,0.166,-0.055,0.196526,0,85,404.68005021669,115.4472827911377,12,1.4510345458984375,1114.39453125,18.028965609523308,0,0,218,0.0,0.0,0.1,0.55,0.15,0.05,0.15,86,389.10298911577837,113.69013786315918,12,1.4605751037597656,1121.7216796875,15.919793243948781,0,0,219,0.0,0.0,0.1,0.55,0.15,0.1,0.1
220,AlwaysCompact_C128,3,COMPACT_128KB,0.166,-0.055,0.196978,0,86,389.10298911577837,113.69013786315918,12,1.4605751037597656,1121.7216796875,15.919793243948781,0,0,219,0.0,0.0,0.1,0.55,0.15,0.1,0.1,54,253.92095786901052,91.08185768127441,12,1.46661376953125,1126.359375,14.585696341229895,0,0,220,0.0,0.0,0.05,0.55,0.15,0.1,0.15
221,AlwaysCompact_C128,3,COMPACT_128KB,0.166,-0.055,0.196618,0,54,253.92095786901052,91.08185768127441,12,1.46661376953125,1126.359375,14.585696341229895,0,0,220,0.0,0.0,0.05,0.55,0.15,0.1,0.15,76,336.4243352347984,109.09008979797363,12,1.4751014709472656,1132.8779296875,12.712211723636097,0,0,221,0.0,0.0,0.05,0.55,0.15,0.1,0.15
222,AlwaysCompact_C128,3,COMPACT_128KB,0.166,-0.055,0.196617,0,76,336.4243352347984,109.09008979797363,12,1.4751014709472656,1132.8779296875,12.712211723636097,0,0,221,0.0,0.0,0.05,0.55,0.15,0.1,0.15,85,417.3065551089397,109.14039611816406,12,1.4846712748209636,1140.2275390625,10.603384463519376,0,0,222,0.0,0.0,0.05,0.55,0.15,0.1,0.15
223,AlwaysCompact_C128,3,COMPACT_128KB,0.166,-0.055,0.196564,0,85,417.3065551089397,109.14039611816406,12,1.4846712748209636,1140.2275390625,10.603384463519376,0,0,222,0.0,0.0,0.05,0.55,0.15,0.1,0.15,65,263.44094001236857,111.82498931884766,12,1.4918937683105469,1145.7744140625,9.0158015081071,0,0,223,0.0,0.0,0.05,0.55,0.15,0.1,0.15
224,AlwaysCompact_C128,3,COMPACT_128KB,0.166,-0.055,0.19709,0,65,263.44094001236857,111.82498931884766,12,1.4918937683105469,1145.7744140625,9.0158015081071,0,0,223,0.0,0.0,0.05,0.55,0.15,0.1,0.15,91,387.5464037276099,85.50548553466797,12,1.501983642578125,1153.5234375,6.808658588999798,0,0,224,0.0,0.0,0.05,0.5,0.15,0.1,0.2
225,AlwaysCompact_C128,3,COMPACT_128KB,0.166,-0.055,0.197013,0,91,387.5464037276099,85.50548553466797,12,1.501983642578125,1153.5234375,6.808658588999798,0,0,224,0.0,0.0,0.05,0.5,0.15,0.1,0.2,52,268.3109597146924,89.35427665710449,12,1.5078353881835938,1158.017578125,5.539565917380735,0,0,225,0.0,0.0,0.05,0.45,0.15,0.1,0.25
226,AlwaysCompact_C128,3,COMPACT_128KB,0.166,-0.055,0.196628,0,52,268.3109597146924,89.35427665710449,12,1.5078353881835938,1158.017578125,5.539565917380735,0,0,225,0.0,0.0,0.05,0.45,0.15,0.1,0.25,72,320.6085906869641,108.59298706054688,12,1.5158233642578125,1164.15234375,3.837801529297778,0,0,226,0.0,0.0,0.05,0.45,0.15,0.1,0.25
227,AlwaysCompact_C128,3,COMPACT_128KB,0.166,-0.055,0.196098,0,72,320.6085906869641,108.59298706054688,12,1.5158233642578125,1164.15234375,3.837801529297778,0,0,226,0.0,0.0,0.05,0.45,0.15,0.1,0.25,65,283.20962184319626,135.12039184570312,12,1.5230967203776042,1169.73828125,2.3778597514469184,0,0,227,0.0,0.0,0.05,0.5,0.1,0.1,0.25
228,AlwaysCompact_C128,3,COMPACT_128KB,0.166,-0.055,0.196606,0,65,283.20962184319626,135.12039184570312,12,1.5230967203776042,1169.73828125,2.3778597514469184,0,0,227,0.0,0.0,0.05,0.5,0.1,0.1,0.25,97,370.5671146410664,109.6806526184082,12,1.5340105692545574,1178.1201171875,1.339403244685437,0,0,228,0.0,0.0,0.05,0.55,0.1,0.1,0.2
229,AlwaysCompact_C128,3,COMPACT_128KB,0.165875,-0.055,0.19636,0,97,370.5671146410664,109.6806526184082,12,1.5340105692545574,1178.1201171875,1.339403244685437,0,0,228,0.0,0.0,0.05,0.55,0.1,0.1,0.2,71,345.93644572330015,117.00010299682617,13,1.4268270639272838,1187.1201171875,24.76638250663507,0,0,229,0.0,0.0,0.05,0.55,0.1,0.1,0.2
230,AlwaysCompact_C128,3,COMPACT_128KB,0.165875,-0.055,0.195917,0,71,345.93644572330015,117.00010299682617,13,1.4268270639272838,1187.1201171875,24.76638250663507,0,0,229,0.0,0.0,0.05,0.55,0.1,0.1,0.2,70,331.4899142149391,139.16277885437012,13,1.43402099609375,1193.10546875,23.108731360388852,0,0,230,0.0,0.0,0.05,0.55,0.1,0.1,0.2
231,AlwaysCompact_C128,3,COMPACT_128KB,0.165875,-0.055,0.196396,0,70,331.4899142149391,139.16277885437012,13,1.43402099609375,1193.10546875,23.108731360388852,0,0,230,0.0,0.0,0.05,0.55,0.1,0.1,0.2,100,449.99688865905495,115.19050598144531,13,1.4445202167217548,1201.8408203125,20.690150896707724,0,0,231,0.0,0.0,0.05,0.6,0.1,0.05,0.2
232,AlwaysCompact_C128,3,COMPACT_128KB,0.165875,-0.055,0.193402,0,100,449.99688865905495,115.19050598144531,13,1.4445202167217548,1201.8408203125,20.690150896707724,0,0,231,0.0,0.0,0.05,0.6,0.1,0.05,0.2,77,358.217138800772,264.9235725402832,13,1.4528972919170673,1208.810546875,18.761195656980874,0,0,232,0.0,0.0,0.05,0.55,0.15,0.05,0.2
233,AlwaysCompact_C128,3,COMPACT_128KB,0.165875,-0.055,0.196405,0,77,358.217138800772,264.9235725402832,13,1.4528972919170673,1208.810546875,18.761195656980874,0,0,232,0.0,0.0,0.05,0.55,0.15,0.05,0.2,63,269.13263769001605,114.74943161010742,13,1.45904541015625,1213.92578125,17.346074032799148,0,0,233,0.0,0.0,0.05,0.6,0.15,0.05,0.15
234,AlwaysCompact_C128,3,COMPACT_128KB,0.165875,-0.055,0.196295,0,63,269.13263769001605,114.74943161010742,13,1.45904541015625,1213.92578125,17.346074032799148,0,0,233,0.0,0.0,0.05,0.6,0.15,0.05,0.15,66,324.9692303899644,120.27287483215332,13,1.4655433067908654,1219.33203125,15.851140857707913,0,0,234,0.0,0.0,0.05,0.6,0.15,0.05,0.15
235,AlwaysCompact_C128,3,COMPACT_128KB,0.165875,-0.055,0.196124,0,66,324.9692303899644,120.27287483215332,13,1.4655433067908654,1219.33203125,15.851140857707913,0,0,234,0.0,0.0,0.05,0.6,0.15,0.05,0.15,98,447.9448310133749,128.7829875946045,13,1.4755941537710338,1227.6943359375,13.540757294166443,0,0,235,0.0,0.0,0.0,0.6,0.15,0.1,0.15
236,AlwaysCompact_C128,3,COMPACT_128KB,0.165875,-0.055,0.195717,0,98,447.9448310133749,128.7829875946045,13,1.4755941537710338,1227.6943359375,13.540757294166443,0,0,235,0.0,0.0,0.0,0.6,0.15,0.1,0.15,99,444.52257693629383,149.14941787719727,13,1.4858163686899037,1236.19921875,11.19475846777403,0,0,236,0.0,0.0,0.05,0.6,0.1,0.1,0.15
237,AlwaysCompact_C128,3,COMPACT_128KB,0.165875,-0.055,0.195846,0,99,444.52257693629383,149.14941787719727,13,1.4858163686899037,1236.19921875,11.19475846777403,0,0,236,0.0,0.0,0.05,0.6,0.1,0.1,0.15,60,293.82576288284247,142.69423484802246,13,1.4920231745793269,1241.36328125,9.773310591862758,0,0,237,0.0,0.0,0.05,0.65,0.05,0.1,0.15
238,AlwaysCompact_C128,3,COMPACT_128KB,0.165875,-0.055,0.196319,0,60,293.82576288284247,142.69423484802246,13,1.4920231745793269,1241.36328125,9.773310591862758,0,0,237,0.0,0.0,0.05,0.65,0.05,0.1,0.15,86,360.6971589022795,119.04621124267578,13,1.5008509709284856,1248.7080078125,7.758467408408841,0,0,238,0.0,0.0,0.05,0.65,0.05,0.1,0.15
239,AlwaysCompact_C128,3,COMPACT_128KB,0.165875,-0.055,0.194618,0,86,360.6971589022795,119.04621124267578,13,1.5008509709284856,1248.7080078125,7.758467408408841,0,0,238,0.0,0.0,0.05,0.65,0.05,0.1,0.15,89,412.00004856238775,204.11443710327148,13,1.5100285456730769,1256.34375,5.680617939220638,0,0,239,0.0,0.0,0.1,0.65,0.05,0.05,0.15
240,AlwaysCompact_C128,3,COMPACT_128KB,0.165875,-0.055,0.196072,0,89,412.00004856238775,204.11443710327148,13,1.5100285456730769,1256.34375,5.680617939220638,0,0,239,0.0,0.0,0.1,0.65,0.05,0.05,0.15,53,257.63448506854667,131.38508796691895,13,1.5154806283804088,1260.8798828125,4.4640413853783345,0,0,240,0.0,0.0,0.1,0.65,0.05,0.1,0.1
241,AlwaysCompact_C128,3,COMPACT_128KB,0.165875,-0.055,0.196383,0,53,257.63448506854667,131.38508796691895,13,1.5154806283804088,1260.8798828125,4.4640413853783345,0,0,240,0.0,0.0,0.1,0.65,0.05,0.1,0.1,69,323.08539787443067,115.83757400512695,13,1.5225935715895433,1266.7978515625,2.9300618625999464,0,0,241,0.0,0.0,0.1,0.65,0.05,0.1,0.1
242,AlwaysCompact_C128,3,COMPACT_128KB,0.165875,-0.055,0.194895,0,69,323.08539787443067,115.83757400512695,13,1.5225935715895433,1266.7978515625,2.9300618625999464,0,0,241,0.0,0.0,0.1,0.65,0.05,0.1,0.1,54,183.33751502568026,190.2456283569336,13,1.5281688983623798,1271.4365234375,1.860536291166191,0,0,242,0.0,0.0,0.1,0.6,0.1,0.1,0.1
243,AlwaysCompact_C128,3,COMPACT_128KB,0.165875,-0.055,0.196333,0,54,183.33751502568026,190.2456283569336,13,1.5281688983623798,1271.4365234375,1.860536291166191,0,0,242,0.0,0.0,0.1,0.6,0.1,0.1,0.1,79,370.0126363748032,118.34335327148438,13,1.5363346980168269,1278.23046875,1.3900086342846523,0,0,243,0.0,0.0,0.1,0.6,0.1,0.1,0.1
244,AlwaysCompact_C128,3,COMPACT_128KB,0.16575,-0.055,0.196027,0,79,370.0126363748032,118.34335327148438,13,1.5363346980168269,1278.23046875,1.3900086342846523,0,0,243,0.0,0.0,0.1,0.6,0.1,0.1,0.1,94,449.9920402575332,128.67140769958496,14,1.438810076032366,1289.173828125,23.391991339866653,0,0,244,0.0,0.0,0.1,0.65,0.1,0.1,0.05
245,AlwaysCompact_C128,3,COMPACT_128KB,0.16575,-0.055,0.194723,0,94,449.9920402575332,128.67140769958496,14,1.438810076032366,1289.173828125,23.391991339866653,0,0,244,0.0,0.0,0.1,0.65,0.1,0.1,0.05,77,372.3799513426881,193.8498020172119,14,1.4462639944893974,1295.8525390625,21.610182366095568,0,0,245,0.0,0.0,0.1,0.65,0.15,0.1,0.0
246,AlwaysCompact_C128,3,COMPACT_128KB,0.16575,-0.055,0.196321,0,77,372.3799513426881,193.8498020172119,14,1.4462639944893974,1295.8525390625,21.610182366095568,0,0,245,0.0,0.0,0.1,0.65,0.15,0.1,0.0,81,368.76564280798794,113.94619941711426,14,1.4539849417550224,1302.7705078125,19.76514162165868,0,0,246,0.0,0.0,0.1,0.6,0.15,0.1,0.05
247,AlwaysCompact_C128,3,COMPACT_128KB,0.16575,-0.055,0.196126,0,81,368.76564280798794,113.94619941711426,14,1.4539849417550224,1302.7705078125,19.76514162165868,0,0,246,0.0,0.0,0.1,0.6,0.15,0.1,0.05,60,210.55496337894303,123.69298934936523,14,1.4596895490373885,1307.8818359375,18.402435027658235,0,0,247,0.0,0.0,0.1,0.6,0.15,0.1,0.05
248,AlwaysCompact_C128,3,COMPACT_128KB,0.16575,-0.055,0.196134,0,60,210.55496337894303,123.69298934936523,14,1.4596895490373885,1307.8818359375,18.402435027658235,0,0,247,0.0,0.0,0.1,0.6,0.15,0.1,0.05,60,286.7972074513549,123.3060359954834,14,1.4654279436383928,1313.0234375,17.032199410190184,0,0,248,0.0,0.0,0.1,0.6,0.15,0.1,0.05
249,AlwaysCompact_C128,3,COMPACT_128KB,0.16575,-0.055,0.196411,0,60,286.7972074513549,123.3060359954834,14,1.4654279436383928,1313.0234375,17.032199410190184,0,0,248,0.0,0.0,0.1,0.6,0.15,0.1,0.05,61,286.77298027971995,109.47012901306152,14,1.4712535313197546,1318.2431640625,15.641846178255188,0,0,249,0.0,0.0,0.1,0.55,0.15,0.1,0.1
250,AlwaysCompact_C128,3,COMPACT_128KB,0.16575,-0.055,0.196166,0,61,286.77298027971995,109.47012901306152,14,1.4712535313197546,1318.2431640625,15.641846178255188,0,0,249,0.0,0.0,0.1,0.55,0.15,0.1,0.1,80,370.9426336433142,121.69933319091797,14,1.4789090837751115,1325.1025390625,13.816181637198774,0,0,250,0.0,0.0,0.1,0.55,0.15,0.1,0.1
251,AlwaysCompact_C128,3,COMPACT_128KB,0.16575,-0.055,0.193957,0,80,370.9426336433142,121.69933319091797,14,1.4789090837751115,1325.1025390625,13.816181637198774,0,0,250,0.0,0.0,0.1,0.55,0.15,0.1,0.1,85,402.86415210751306,232.15150833129883,14,1.4873526436941964,1332.66796875,11.805321342897424,0,0,251,0.0,0.0,0.1,0.5,0.2,0.1,0.1
252,AlwaysCompact_C128,3,COMPACT_128KB,0.16575,-0.055,0.195366,0,85,402.86415210751306,232.15150833129883,14,1.4873526436941964,1332.66796875,11.805321342897424,0,0,251,0.0,0.0,0.1,0.5,0.2,0.1,0.1,66,294.859122209973,161.70549392700195,14,1.4937079293387276,1338.3623046875,10.294655000374759,0,0,252,0.0,0.0,0.15,0.5,0.15,0.1,0.1
253,AlwaysCompact_C128,3,COMPACT_128KB,0.16575,-0.055,0.195228,0,66,294.859122209973,161.70549392700195,14,1.4937079293387276,1338.3623046875,10.294655000374759,0,0,252,0.0,0.0,0.15,0.5,0.15,0.1,0.1,72,325.1534980473986,168.61391067504883,14,1.5020065307617188,1345.7978515625,8.32820457478837,0,0,253,0.0,0.0,0.15,0.45,0.15,0.15,0.1
254,AlwaysCompact_C128,3,COMPACT_128KB,0.16575,-0.055,0.194677,0,72,325.1534980473986,168.61391067504883,14,1.5020065307617188,1345.7978515625,8.32820457478837,0,0,253,0.0,0.0,0.15,0.45,0.15,0.15,0.1,53,241.16335674471182,196.14195823669434,14,1.506390162876674,1349.7255859375,7.294000334173091,0,0,254,0.0,0.0,0.15,0.4,0.2,0.15,0.1
255,AlwaysCompact_C128,3,COMPACT_128KB,0.16575,-0.055,0.195718,0,53,241.16335674471182,196.14195823669434,14,1.506390162876674,1349.7255859375,7.294000334173091,0,0,254,0.0,0.0,0.15,0.4,0.2,0.15,0.1,95,439.79620489002303,144.09708976745605,14,1.514554704938616,1357.041015625,5.383833515227048,0,0,255,0.0,0.0,0.15,0.45,0.2,0.1,0.1
256,AlwaysCompact_C128,3,COMPACT_128KB,0.16575,-0.055,0.196051,0,95,439.79620489002303,144.09708976745605,14,1.514554704938616,1357.041015625,5.383833515227048,0,0,255,0.0,0.0,0.15,0.45,0.2,0.1,0.1,68,263.3776142668233,127.4709701538086,14,1.521054949079241,1362.865234375,3.895079522075743,0,0,256,0.0,0.0,0.1,0.5,0.2,0.1,0.1
257,AlwaysCompact_C128,3,COMPACT_128KB,0.16575,-0.055,0.196716,0,68,263.3776142668233,127.4709701538086,14,1.521054949079241,1362.865234375,3.895079522075743,0,0,256,0.0,0.0,0.1,0.5,0.2,0.1,0.1,91,404.7439757375241,94.17891502380371,14,1.5297186715262276,1370.6279296875,2.072088210810196,0,0,257,0.0,0.0,0.1,0.45,0.2,0.1,0.15
258,AlwaysCompact_C128,3,COMPACT_128KB,0.16575,-0.055,0.196085,0,91,404.7439757375241,94.17891502380371,14,1.5297186715262276,1370.6279296875,2.072088210810196,0,0,257,0.0,0.0,0.1,0.45,0.2,0.1,0.15,64,313.4873500504503,125.77319145202637,14,1.5358374459402901,1376.1103515625,1.3407751251178386,0,0,258,0.0,0.0,0.1,0.45,0.2,0.1,0.15
259,AlwaysCompact_C128,3,COMPACT_128KB,0.165625,-0.055,0.196047,0,64,313.4873500504503,125.77319145202637,14,1.5358374459402901,1376.1103515625,1.3407751251178386,0,0,258,0.0,0.0,0.1,0.45,0.2,0.1,0.15,63,302.6491443074858,122.65419960021973,15,1.4421895345052083,1384.501953125,23.248523661379107,0,0,259,0.0,0.0,0.05,0.5,0.2,0.1,0.15
260,AlwaysCompact_C128,3,COMPACT_128KB,0.165625,-0.055,0.196024,0,63,302.6491443074858,122.65419960021973,15,1.4421895345052083,1384.501953125,23.248523661379107,0,0,259,0.0,0.0,0.05,0.5,0.2,0.1,0.15,87,407.3630879286247,123.79956245422363,15,1.4500295003255208,1392.0283203125,21.30850086916027,0,0,260,0.0,0.0,0.05,0.55,0.2,0.05,0.15
261,AlwaysCompact_C128,3,COMPACT_128KB,0.165625,-0.055,0.196114,0,87,407.3630879286247,123.79956245422363,15,1.4500295003255208,1392.0283203125,21.30850086916027,0,0,260,0.0,0.0,0.05,0.55,0.2,0.05,0.15,55,264.88221994871986,119.3239688873291,15,1.4548014322916667,1396.609375,20.127981666934915,0,0,261,0.0,0.0,0.05,0.55,0.2,0.05,0.15
262,AlwaysCompact_C128,3,COMPACT_128KB,0.165625,-0.055,0.196447,0,55,264.88221994871986,119.3239688873291,15,1.4548014322916667,1396.609375,20.127981666934915,0,0,261,0.0,0.0,0.05,0.55,0.2,0.05,0.15,94,452.7920196706024,102.67186164855957,15,1.46318359375,1404.65625,18.05506480402182,0,0,262,0.0,0.0,0.05,0.55,0.15,0.05,0.2
263,AlwaysCompact_C128,3,COMPACT_128KB,0.165625,-0.055,0.196012,0,94,452.7920196706024,102.67186164855957,15,1.46318359375,1404.65625,18.05506480402182,0,0,262,0.0,0.0,0.05,0.55,0.15,0.05,0.2,97,438.8809712074614,124.3898868560791,15,1.4721150716145834,1413.23046875,15.847678403374232,0,0,263,0.0,0.0,0.05,0.55,0.15,0.05,0.2
264,AlwaysCompact_C128,3,COMPACT_128KB,0.165625,-0.055,0.19424,0,97,438.8809712074614,124.3898868560791,15,1.4721150716145834,1413.23046875,15.847678403374232,0,0,263,0.0,0.0,0.05,0.55,0.15,0.05,0.2,51,241.9569066635297,213.00101280212402,15,1.4763478597005208,1417.2939453125,14.802232949194353,0,0,264,0.0,0.0,0.05,0.5,0.2,0.05,0.2
265,AlwaysCompact_C128,3,COMPACT_128KB,-0.126875,-0.055,0.196015,0,51,241.9569066635297,213.00101280212402,15,1.4763478597005208,1417.2939453125,14.802232949194353,0,0,264,0.0,0.0,0.05,0.5,0.2,0.05,0.2,50,226.56482611842745,124.25541877746582,15,1.480810546875,1421.578125,13.70062449188481,0,0,265,0.0,0.0,0.05,0.55,0.15,0.05,0.2
266,AlwaysCompact_C128,3,COMPACT_128KB,0.165625,-0.055,0.194755,0,50,226.56482611842745,124.25541877746582,15,1.480810546875,1421.578125,13.70062449188481,0,0,265,0.0,0.0,0.05,0.55,0.15,0.05,0.2,98,433.9857506662218,187.24560737609863,15,1.4895456949869792,1429.9638671875,11.546889558914812,0,0,266,0.0,0.0,0.05,0.6,0.15,0.05,0.15
267,AlwaysCompact_C128,3,COMPACT_128KB,0.165625,-0.055,0.195231,0,98,433.9857506662218,187.24560737609863,15,1.4895456949869792,1429.9638671875,11.546889558914812,0,0,266,0.0,0.0,0.05,0.6,0.15,0.05,0.15,82,347.33893358271206,163.4671688079834,15,1.4968973795572917,1437.021484375,9.738198601008381,0,0,267,0.0,0.0,0.1,0.55,0.15,0.05,0.15
268,AlwaysCompact_C128,3,COMPACT_128KB,0.165625,-0.055,0.19605,0,82,347.33893358271206,163.4671688079834,15,1.4968973795572917,1437.021484375,9.738198601008381,0,0,267,0.0,0.0,0.1,0.55,0.15,0.05,0.15,71,314.0853042179603,122.52235412597656,15,1.5033467610677083,1443.212890625,8.156474533011053,0,0,268,0.0,0.0,0.1,0.55,0.15,0.05,0.15
269,AlwaysCompact_C128,3,COMPACT_128KB,0.165625,-0.055,0.195585,0,71,314.0853042179603,122.52235412597656,15,1.5033467610677083,1443.212890625,8.156474533011053,0,0,268,0.0,0.0,0.1,0.55,0.15,0.05,0.15,98,449.5183119077433,145.7521915435791,15,1.5120290120442708,1451.5478515625,6.041193229779378,0,0,269,0.0,0.0,0.1,0.55,0.15,0.1,0.1
270,AlwaysCompact_C128,3,COMPACT_128KB,0.165625,-0.055,0.195975,0,98,449.5183119077433,145.7521915435791,15,1.5120290120442708,1451.5478515625,6.041193229779378,0,0,269,0.0,0.0,0.1,0.55,0.15,0.1,0.1,63,269.3608945221831,126.23786926269531,15,1.5176381429036458,1456.9326171875,4.692451310254904,0,0,270,0.0,0.0,0.1,0.55,0.15,0.1,0.1
271,AlwaysCompact_C128,3,COMPACT_128KB,0.165625,-0.055,0.194621,0,63,269.3608945221831,126.23786926269531,15,1.5176381429036458,1456.9326171875,4.692451310254904,0,0,270,0.0,0.0,0.1,0.55,0.15,0.1,0.1,57,263.6815642088406,193.9718723297119,15,1.5226053873697916,1461.701171875,3.525144057855372,0,0,271,0.0,0.0,0.1,0.6,0.1,0.1,0.1
272,AlwaysCompact_C128,3,COMPACT_128KB,0.165625,-0.055,0.195005,0,57,263.6815642088406,193.9718723297119,15,1.5226053873697916,1461.701171875,3.525144057855372,0,0,271,0.0,0.0,0.1,0.6,0.1,0.1,0.1,73,309.34664272861465,174.75509643554688,15,1.5291656494140624,1467.9990234375,2.098605020890983,0,0,272,0.0,0.0,0.1,0.6,0.1,0.1,0.1
273,AlwaysCompact_C128,3,COMPACT_128KB,0.165625,-0.055,0.19451,0,73,309.34664272861465,174.75509643554688,15,1.5291656494140624,1467.9990234375,2.098605020890983,0,0,272,0.0,0.0,0.1,0.6,0.1,0.1,0.1,54,240.50112556171902,199.51605796813965,15,1.5340047200520834,1472.64453125,1.3695408768515385,0,0,273,0.0,0.0,0.1,0.6,0.15,0.05,0.1
274,AlwaysCompact_C128,3,COMPACT_128KB,0.1655,-0.055,0.196029,0,54,240.50112556171902,199.51605796813965,15,1.5340047200520834,1472.64453125,1.3695408768515385,0,0,273,0.0,0.0,0.1,0.6,0.15,0.05,0.1,67,286.9721798146138,118.53170394897461,16,1.4465465545654297,1481.263671875,22.428350862887065,0,0,274,0.0,0.0,0.1,0.6,0.1,0.05,0.15
275,AlwaysCompact_C128,3,COMPACT_128KB,0.1655,-0.055,0.195372,0,67,286.9721798146138,118.53170394897461,16,1.4465465545654297,1481.263671875,22.428350862887065,0,0,274,0.0,0.0,0.1,0.6,0.1,0.05,0.15,82,376.1810483716606,151.3972282409668,16,1.4534492492675781,1488.33203125,20.66460146532232,0,0,275,0.0,0.0,0.1,0.6,0.1,0.05,0.15
276,AlwaysCompact_C128,3,COMPACT_128KB,0.1655,-0.055,0.195846,0,82,376.1810483716606,151.3972282409668,16,1.4534492492675781,1488.33203125,20.66460146532232,0,0,275,0.0,0.0,0.1,0.6,0.1,0.05,0.15,80,264.5866724281906,127.67672538757324,16,1.4601812362670898,1495.2255859375,18.94507030077932,0,0,276,0.0,0.0,0.1,0.6,0.1,0.05,0.15
277,AlwaysCompact_C128,3,COMPACT_128KB,0.1655,-0.055,0.195778,0,80,264.5866724281906,127.67672538757324,16,1.4601812362670898,1495.2255859375,18.94507030077932,0,0,276,0.0,0.0,0.1,0.6,0.1,0.05,0.15,74,347.00873842851394,131.12401962280273,16,1.4663543701171875,1501.546875,17.368957390907724,0,0,277,0.0,0.0,0.1,0.65,0.1,0.05,0.1
278,AlwaysCompact_C128,3,COMPACT_128KB,0.1655,-0.055,0.195703,0,74,347.00873842851394,131.12401962280273,16,1.4663543701171875,1501.546875,17.368957390907724,0,0,277,0.0,0.0,0.1,0.65,0.1,0.05,0.1,74,284.3382320338738,134.85455513000488,16,1.4725542068481445,1507.8955078125,15.786873863848733,0,0,278,0.0,0.0,0.1,0.6,0.1,0.1,0.1
279,AlwaysCompact_C128,3,COMPACT_128KB,0.1655,-0.055,0.195903,0,74,284.3382320338738,134.85455513000488,16,1.4725542068481445,1507.8955078125,15.786873863848733,0,0,278,0.0,0.0,0.1,0.6,0.1,0.1,0.1,51,237.25938652484237,124.85170364379883,16,1.4768009185791016,1512.244140625,14.703822885207432,0,0,279,0.0,0.0,0.1,0.6,0.1,0.1,0.1
280,AlwaysCompact_C128,3,COMPACT_128KB,0.1655,-0.055,0.195352,0,51,237.25938652484237,124.85170364379883,16,1.4768009185791016,1512.244140625,14.703822885207432,0,0,279,0.0,0.0,0.1,0.6,0.1,0.1,0.1,71,311.0558968841723,152.40049362182617,16,1.4827404022216797,1518.326171875,13.190193023633391,0,0,280,0.0,0.0,0.1,0.6,0.1,0.1,0.1
281,AlwaysCompact_C128,3,COMPACT_128KB,0.1655,-0.055,0.195381,0,71,311.0558968841723,152.40049362182617,16,1.4827404022216797,1518.326171875,13.190193023633391,0,0,280,0.0,0.0,0.1,0.6,0.1,0.1,0.1,88,349.33048896022956,150.95162391662598,16,1.4901113510131836,1525.8740234375,11.314330819248838,0,0,281,0.0,0.0,0.1,0.6,0.1,0.1,0.1
282,AlwaysCompact_C128,3,COMPACT_128KB,0.1655,-0.055,0.193803,0,88,349.33048896022956,150.95162391662598,16,1.4901113510131836,1525.8740234375,11.314330819248838,0,0,281,0.0,0.0,0.1,0.6,0.1,0.1,0.1,84,306.8604649744937,229.86888885498047,16,1.4971694946289062,1533.1015625,9.522187847944384,0,0,282,0.0,0.0,0.1,0.6,0.15,0.1,0.05
283,AlwaysCompact_C128,3,COMPACT_128KB,0.1655,-0.055,0.193463,0,84,306.8604649744937,229.86888885498047,16,1.4971694946289062,1533.1015625,9.522187847944384,0,0,282,0.0,0.0,0.1,0.6,0.15,0.1,0.05,69,282.5834338234648,246.8588352203369,16,1.5029706954956055,1539.0419921875,8.054130675305663,0,0,283,0.0,0.0,0.1,0.55,0.2,0.1,0.05
284,AlwaysCompact_C128,3,COMPACT_128KB,0.1655,-0.055,0.195832,0,69,282.5834338234648,246.8588352203369,16,1.5029706954956055,1539.0419921875,8.054130675305663,0,0,283,0.0,0.0,0.1,0.55,0.2,0.1,0.05,72,265.2850486665027,128.40938568115234,16,1.5090217590332031,1545.23828125,6.531063090544426,0,0,284,0.0,0.0,0.1,0.6,0.15,0.1,0.05
285,AlwaysCompact_C128,3,COMPACT_128KB,0.1655,-0.055,0.194248,0,72,265.2850486665027,128.40938568115234,16,1.5090217590332031,1545.23828125,6.531063090544426,0,0,284,0.0,0.0,0.1,0.6,0.15,0.1,0.05,73,330.6067757372631,207.57770538330078,16,1.5151138305664062,1551.4765625,5.013795994925124,0,0,285,0.0,0.0,0.1,0.6,0.15,0.1,0.05
286,AlwaysCompact_C128,3,COMPACT_128KB,-0.127,-0.055,0.194079,0,73,330.6067757372631,207.57770538330078,16,1.5151138305664062,1551.4765625,5.013795994925124,0,0,285,0.0,0.0,0.1,0.6,0.15,0.1,0.05,50,158.43046600262144,216.02845191955566,16,1.5192842483520508,1555.7470703125,3.993963585795188,0,0,286,0.0,0.0,0.1,0.55,0.2,0.1,0.05
287,AlwaysCompact_C128,3,COMPACT_128KB,0.1655,-0.055,0.195726,0,50,158.43046600262144,216.02845191955566,16,1.5192842483520508,1555.7470703125,3.993963585795188,0,0,286,0.0,0.0,0.1,0.55,0.2,0.1,0.05,91,387.1662612569662,133.7106227874756,16,1.526906967163086,1563.552734375,2.2477051193162945,0,0,287,0.0,0.0,0.05,0.6,0.2,0.1,0.05
288,AlwaysCompact_C128,3,COMPACT_128KB,0.1655,-0.055,0.195743,0,91,387.1662612569662,133.7106227874756,16,1.526906967163086,1563.552734375,2.2477051193162945,0,0,287,0.0,0.0,0.05,0.6,0.2,0.1,0.05,70,317.8968658710618,132.8446865081787,16,1.5349626541137695,1571.8017578125,1.3456365412908,0,0,288,0.0,0.0,0.05,0.6,0.2,0.1,0.05
289,AlwaysCompact_C128,3,COMPACT_128KB,0.165375,-0.055,0.194755,0,70,317.8968658710618,132.8446865081787,16,1.5349626541137695,1571.8017578125,1.3456365412908,0,0,288,0.0,0.0,0.05,0.6,0.2,0.1,0.05,67,300.5788363546128,177.23727226257324,17,1.4526681339039522,1580.5029296875,21.754826860942728,0,0,289,0.0,0.0,0.1,0.6,0.2,0.05,0.05
290,AlwaysCompact_C128,3,COMPACT_128KB,0.165375,-0.055,0.192593,0,67,300.5788363546128,177.23727226257324,17,1.4526681339039522,1580.5029296875,21.754826860942728,0,0,289,0.0,0.0,0.1,0.6,0.2,0.05,0.05,78,358.90360729401385,285.36462783813477,17,1.458814733168658,1587.1904296875,20.136015666841484,0,0,290,0.0,0.0,0.15,0.55,0.2,0.05,0.05
291,AlwaysCompact_C128,3,COMPACT_128KB,0.165375,-0.055,0.195341,0,78,358.90360729401385,285.36462783813477,17,1.458814733168658,1587.1904296875,20.136015666841484,0,0,290,0.0,0.0,0.15,0.55,0.2,0.05,0.05,86,380.71199056004355,147.95851707458496,17,1.4655950209673714,1594.5673828125,18.350956268266557,0,0,291,0.0,0.0,0.15,0.55,0.2,0.05,0.05
292,AlwaysCompact_C128,3,COMPACT_128KB,0.165375,-0.055,0.195425,0,86,380.71199056004355,147.95851707458496,17,1.4655950209673714,1594.5673828125,18.350956268266557,0,0,291,0.0,0.0,0.15,0.55,0.2,0.05,0.05,69,307.65916353593275,143.75925064086914,17,1.4710244571461397,1600.474609375,16.922164771752666,0,0,292,0.0,0.0,0.1,0.6,0.2,0.05,0.05
293,AlwaysCompact_C128,3,COMPACT_128KB,0.165375,-0.055,0.195358,0,69,307.65916353593275,143.75925064086914,17,1.4710244571461397,1600.474609375,16.922164771752666,0,0,292,0.0,0.0,0.1,0.6,0.2,0.05,0.05,51,199.35852464470744,147.09901809692383,17,1.4750518798828125,1604.8564453125,15.86277922376288,0,0,293,0.0,0.0,0.1,0.65,0.15,0.05,0.05
294,AlwaysCompact_C128,3,COMPACT_128KB,0.165375,-0.055,0.194592,0,51,199.35852464470744,147.09901809692383,17,1.4750518798828125,1604.8564453125,15.86277922376288,0,0,293,0.0,0.0,0.1,0.65,0.15,0.05,0.05,70,332.20668687506435,185.4116916656494,17,1.4805270924287683,1610.8134765625,14.42335689546245,0,0,294,0.0,0.0,0.15,0.65,0.15,0.05,0.0
295,AlwaysCompact_C128,3,COMPACT_128KB,0.165375,-0.055,0.195387,0,70,332.20668687506435,185.4116916656494,17,1.4805270924287683,1610.8134765625,14.42335689546245,0,0,294,0.0,0.0,0.15,0.65,0.15,0.05,0.0,98,435.84762365256194,145.6294059753418,17,1.4882408590877758,1619.2060546875,12.397543261085683,0,0,295,0.0,0.0,0.15,0.65,0.15,0.05,0.0
296,AlwaysCompact_C128,3,COMPACT_128KB,0.165375,-0.055,0.195251,0,98,435.84762365256194,145.6294059753418,17,1.4882408590877758,1619.2060546875,12.397543261085683,0,0,295,0.0,0.0,0.15,0.65,0.15,0.05,0.0,62,187.79321914192516,152.47035026550293,17,1.4931129006778492,1624.5068359375,11.11985526411143,0,0,296,0.0,0.0,0.15,0.65,0.15,0.05,0.0
297,AlwaysCompact_C128,3,COMPACT_128KB,0.165375,-0.055,0.195243,0,62,187.79321914192516,152.47035026550293,17,1.4931129006778492,1624.5068359375,11.11985526411143,0,0,296,0.0,0.0,0.15,0.65,0.15,0.05,0.0,71,321.2521294865931,152.86755561828613,17,1.4987119786879595,1630.5986328125,9.654106711256079,0,0,297,0.0,0.0,0.15,0.65,0.15,0.05,0.0
298,AlwaysCompact_C128,3,COMPACT_128KB,0.165375,-0.055,0.195286,0,71,321.2521294865931,152.86755561828613,17,1.4987119786879595,1630.5986328125,9.654106711256079,0,0,297,0.0,0.0,0.15,0.65,0.15,0.05,0.0,85,350.93664915178493,150.67696571350098,17,1.5054339240579044,1637.912109375,7.900183758245948,0,0,298,0.0,0.0,0.15,0.7,0.15,0.0,0.0
299,AlwaysCompact_C128,3,COMPACT_128KB,0.165375,-0.055,0.195177,0,85,350.93664915178493,150.67696571350098,17,1.5054339240579044,1637.912109375,7.900183758245948,0,0,298,0.0,0.0,0.15,0.7,0.15,0.0,0.0,67,301.4885350653308,156.1272144317627,17,1.5106910256778492,1643.6318359375,6.535947497008668,0,0,299,0.0,0.0,0.15,0.65,0.15,0.05,0.0
300,AlwaysCompact_C128,3,COMPACT_128KB,0.165375,-0.055,0.19312,0,67,301.4885350653308,156.1272144317627,17,1.5106910256778492,1643.6318359375,6.535947497008668,0,0,299,0.0,0.0,0.15,0.65,0.15,0.05,0.0,94,433.88189824703886,258.99410247802734,17,1.5180457620059742,1651.6337890625,4.650262207682872,0,0,300,0.0,0.0,0.2,0.6,0.15,0.05,0.0
301,AlwaysCompact_C128,3,COMPACT_128KB,0.547875,-0.055,0.1954,0,94,433.88189824703886,258.99410247802734,17,1.5180457620059742,1651.6337890625,4.650262207682872,0,0,300,0.0,0.0,0.2,0.6,0.15,0.05,0.0,157,604.8311934037692,144.9754238128662,17,1.5304143569048714,1665.0908203125,1.7714525963743186,0,0,301,0.0,0.0,0.2,0.55,0.15,0.1,0.0
302,AlwaysCompact_C128,3,COMPACT_128KB,0.547875,-0.055,0.195366,0,157,604.8311934037692,144.9754238128662,17,1.5304143569048714,1665.0908203125,1.7714525963743186,0,0,301,0.0,0.0,0.2,0.55,0.15,0.1,0.0,219,841.6177707247394,146.67677879333496,17,1.54766845703125,1683.86328125,3.597051232044952,0,0,302,0.0,0.0,0.2,0.6,0.1,0.1,0.0
303,AlwaysCompact_C128,3,COMPACT_128KB,0.54775,-0.055,0.195188,0,219,841.6177707247394,146.67677879333496,17,1.54766845703125,1683.86328125,3.597051232044952,0,0,302,0.0,0.0,0.2,0.6,0.1,0.1,0.0,286,890.1403541057568,150.59399604797363,18,1.4854965209960938,1711.2919921875,17.23839234239674,0,0,303,0.0,0.0,0.2,0.65,0.05,0.1,0.0
304,AlwaysCompact_C128,3,COMPACT_128KB,0.54775,-0.055,0.194808,0,286,890.1403541057568,150.59399604797363,18,1.4854965209960938,1711.2919921875,17.23839234239674,0,0,303,0.0,0.0,0.2,0.65,0.05,0.1,0.0,282,1057.7279725282588,169.59428787231445,18,1.5065104166666667,1735.5,11.707764367699793,0,0,304,0.0,0.0,0.2,0.65,0.05,0.1,0.0
305,AlwaysCompact_C128,3,COMPACT_128KB,0.54775,-0.055,0.195183,0,282,1057.7279725282588,169.59428787231445,18,1.5065104166666667,1735.5,11.707764367699793,0,0,304,0.0,0.0,0.2,0.65,0.05,0.1,0.0,200,725.1675769505404,150.86078643798828,18,1.5214597913953993,1752.7216796875,7.925970301466411,0,0,305,0.0,0.0,0.2,0.65,0.05,0.1,0.0
306,AlwaysCompact_C128,3,COMPACT_128KB,0.54775,-0.055,0.195036,0,200,725.1675769505404,150.86078643798828,18,1.5214597913953993,1752.7216796875,7.925970301466411,0,0,305,0.0,0.0,0.2,0.65,0.05,0.1,0.0,300,1081.0173300755678,158.2036018371582,18,1.543835957845052,1778.4990234375,3.6415097905337106,0,0,306,0.0,0.0,0.2,0.7,0.0,0.1,0.0
307,AlwaysCompact_C128,3,COMPACT_128KB,0.54775,-0.055,0.194497,0,300,1081.0173300755678,158.2036018371582,18,1.543835957845052,1778.4990234375,3.6415097905337106,0,0,306,0.0,0.0,0.2,0.7,0.0,0.1,0.0,287,928.1988028218428,185.17065048217773,18,1.5651804606119792,1803.087890625,5.898123313938236,0,0,307,0.0,0.0,0.25,0.65,0.0,0.1,0.0
308,AlwaysCompact_C128,3,COMPACT_128KB,0.547625,-0.055,0.19406,0,287,928.1988028218428,185.17065048217773,18,1.5651804606119792,1803.087890625,5.898123313938236,0,0,307,0.0,0.0,0.25,0.65,0.0,0.1,0.0,193,760.2844203340928,201.97558403015137,19,1.4988796836451481,1822.6376953125,19.36371339131065,0,0,308,0.0,0.0,0.3,0.6,0.0,0.1,0.0
309,AlwaysCompact_C128,3,COMPACT_128KB,0.547625,-0.055,0.195005,0,193,760.2844203340928,201.97558403015137,19,1.4988796836451481,1822.6376953125,19.36371339131065,0,0,308,0.0,0.0,0.3,0.6,0.0,0.1,0.0,180,684.0199613674334,154.73318099975586,19,1.5115950734991777,1838.099609375,16.009951407133375,0,0,309,0.0,0.0,0.25,0.65,0.0,0.1,0.0
310,AlwaysCompact_C128,3,COMPACT_128KB,0.547625,-0.055,0.195018,0,180,684.0199613674334,154.73318099975586,19,1.5115950734991777,1838.099609375,16.009951407133375,0,0,309,0.0,0.0,0.25,0.65,0.0,0.1,0.0,280,1022.197820179615,154.1140079498291,19,1.531328703227796,1862.095703125,11.047033511197823,0,0,310,0.0,0.0,0.2,0.7,0.0,0.1,0.0
311,AlwaysCompact_C128,3,COMPACT_128KB,0.547625,-0.055,0.194146,0,280,1022.197820179615,154.1140079498291,19,1.531328703227796,1862.095703125,11.047033511197823,0,0,310,0.0,0.0,0.2,0.7,0.0,0.1,0.0,297,1072.8108697917519,197.69787788391113,19,1.5522742020456415,1887.5654296875,6.76893352177297,0,0,311,0.0,0.0,0.2,0.7,0.0,0.1,0.0
312,AlwaysCompact_C128,3,COMPACT_128KB,0.547625,-0.055,0.194268,0,297,1072.8108697917519,197.69787788391113,19,1.5522742020456415,1887.5654296875,6.76893352177297,0,0,311,0.0,0.0,0.2,0.7,0.0,0.1,0.0,283,852.0693808257332,191.6217803955078,19,1.5721981650904606,1911.79296875,6.057052903378839,0,0,312,0.0,0.0,0.25,0.65,0.0,0.1,0.0
313,AlwaysCompact_C128,3,COMPACT_128KB,0.5475,-0.055,0.193887,0,283,852.0693808257332,191.6217803955078,19,1.5721981650904606,1911.79296875,6.057052903378839,0,0,312,0.0,0.0,0.25,0.65,0.0,0.1,0.0,244,890.2462514603146,205.66225051879883,20,1.512323760986328,1935.7744140625,18.122791800390374,0,0,313,0.0,0.0,0.25,0.65,0.0,0.1,0.0
314,AlwaysCompact_C128,3,COMPACT_128KB,0.5475,-0.055,0.194766,0,244,890.2462514603146,205.66225051879883,20,1.512323760986328,1935.7744140625,18.122791800390374,0,0,313,0.0,0.0,0.25,0.65,0.0,0.1,0.0,264,899.4284479628564,161.71860694885254,20,1.5300048828125,1958.40625,13.438635278414019,0,0,314,0.0,0.0,0.2,0.7,0.0,0.1,0.0
315,AlwaysCompact_C128,3,COMPACT_128KB,0.5475,-0.055,0.194282,0,264,899.4284479628564,161.71860694885254,20,1.5300048828125,1958.40625,13.438635278414019,0,0,314,0.0,0.0,0.2,0.7,0.0,0.1,0.0,192,770.1704231265439,185.9133243560791,20,1.5429367065429687,1974.958984375,10.242048236767403,0,0,315,0.0,0.0,0.2,0.7,0.0,0.1,0.0
316,AlwaysCompact_C128,3,COMPACT_128KB,0.5475,-0.055,0.194656,0,192,770.1704231265439,185.9133243560791,20,1.5429367065429687,1974.958984375,10.242048236767403,0,0,315,0.0,0.0,0.2,0.7,0.0,0.1,0.0,184,703.1389355318651,167.1898365020752,20,1.5552413940429688,1990.708984375,7.636201716332987,0,0,316,0.0,0.0,0.2,0.7,0.0,0.1,0.0
317,AlwaysCompact_C128,3,COMPACT_128KB,0.5475,-0.055,0.194723,0,184,703.1389355318651,167.1898365020752,20,1.5552413940429688,1990.708984375,7.636201716332987,0,0,316,0.0,0.0,0.2,0.7,0.0,0.1,0.0,176,691.2498855248114,163.84577751159668,20,1.567095947265625,2005.8828125,6.073676076634974,0,0,317,0.0,0.0,0.2,0.7,0.0,0.1,0.0
318,AlwaysCompact_C128,3,COMPACT_128KB,0.5475,-0.055,0.194884,0,176,691.2498855248114,163.84577751159668,20,1.567095947265625,2005.8828125,6.073676076634974,0,0,317,0.0,0.0,0.2,0.7,0.0,0.1,0.0,291,1013.751375846563,155.78150749206543,20,1.5866790771484376,2030.94921875,7.206615801290173,0,0,318,0.0,0.0,0.2,0.7,0.0,0.1,0.0
319,AlwaysCompact_C128,3,COMPACT_128KB,0.547375,-0.055,0.194558,0,291,1013.751375846563,155.78150749206543,20,1.5866790771484376,2030.94921875,7.206615801290173,0,0,318,0.0,0.0,0.2,0.7,0.0,0.1,0.0,299,983.6270098480594,167.11807250976562,21,1.5323391868954612,2059.4638671875,17.416332184862313,0,0,319,0.0,0.0,0.2,0.75,0.0,0.05,0.0
320,AlwaysCompact_C128,3,COMPACT_128KB,0.547375,-0.055,0.194571,0,299,983.6270098480594,167.11807250976562,21,1.5323391868954612,2059.4638671875,17.416332184862313,0,0,319,0.0,0.0,0.2,0.75,0.0,0.05,0.0,231,791.1745520020578,166.43881797790527,21,1.5470690046037947,2079.2607421875,13.575493505169069,0,0,320,0.0,0.0,0.15,0.8,0.0,0.05,0.0
321,AlwaysCompact_C128,3,COMPACT_128KB,0.547375,-0.055,0.194355,0,231,791.1745520020578,166.43881797790527,21,1.5470690046037947,2079.2607421875,13.575493505169069,0,0,320,0.0,0.0,0.15,0.8,0.0,0.05,0.0,209,727.7981116974465,177.25467681884766,21,1.560485113234747,2097.2919921875,10.409426777492165,0,0,321,0.0,0.0,0.15,0.8,0.0,0.05,0.0
322,AlwaysCompact_C128,3,COMPACT_128KB,0.547375,-0.055,0.19248,0,209,727.7981116974465,177.25467681884766,21,1.560485113234747,2097.2919921875,10.409426777492165,0,0,321,0.0,0.0,0.15,0.8,0.0,0.05,0.0,250,859.8966230694731,270.9813117980957,21,1.5764726911272322,2118.779296875,7.635368989765745,0,0,322,0.0,0.0,0.2,0.75,0.0,0.05,0.0
323,AlwaysCompact_C128,3,COMPACT_128KB,0.547375,-0.055,0.194274,0,250,859.8966230694731,270.9813117980957,21,1.5764726911272322,2118.779296875,7.635368989765745,0,0,322,0.0,0.0,0.2,0.75,0.0,0.05,0.0,223,750.9938464305443,181.28561973571777,21,1.5907469249906994,2137.9638671875,7.124737588293503,0,0,323,0.0,0.0,0.2,0.75,0.0,0.05,0.0
324,AlwaysCompact_C128,3,COMPACT_128KB,0.54725,-0.055,0.193335,0,223,750.9938464305443,181.28561973571777,21,1.5907469249906994,2137.9638671875,7.124737588293503,0,0,323,0.0,0.0,0.2,0.75,0.0,0.05,0.0,222,782.8858708401052,223.25372695922852,22,1.5341047807173296,2160.01953125,18.369918671570634,0,0,324,0.0,0.0,0.2,0.75,0.0,0.05,0.0
325,AlwaysCompact_C128,3,COMPACT_128KB,0.54725,-0.055,0.191964,0,222,782.8858708401052,223.25372695922852,22,1.5341047807173296,2160.01953125,18.369918671570634,0,0,324,0.0,0.0,0.2,0.75,0.0,0.05,0.0,265,970.5518701728496,291.80359840393066,22,1.5501882379705256,2182.6650390625,14.02068230137162,0,0,325,0.0,0.0,0.2,0.7,0.05,0.05,0.0
326,AlwaysCompact_C128,3,COMPACT_128KB,0.54725,-0.055,0.194152,0,265,970.5518701728496,291.80359840393066,22,1.5501882379705256,2182.6650390625,14.02068230137162,0,0,325,0.0,0.0,0.2,0.7,0.05,0.05,0.0,196,767.6610234066117,182.37709999084473,22,1.5626310868696733,2200.1845703125,10.93518270910116,0,0,326,0.0,0.0,0.2,0.65,0.05,0.1,0.0
327,AlwaysCompact_C128,3,COMPACT_128KB,0.54725,-0.055,0.194268,0,196,767.6610234066117,182.37709999084473,22,1.5626310868696733,2200.1845703125,10.93518270910116,0,0,326,0.0,0.0,0.2,0.65,0.05,0.1,0.0,211,802.2355168991039,176.58662796020508,22,1.5755434903231533,2218.365234375,8.317063155788345,0,0,327,0.0,0.0,0.15,0.7,0.05,0.1,0.0
328,AlwaysCompact_C128,3,COMPACT_128KB,0.54725,-0.055,0.193642,0,211,802.2355168991039,176.58662796020508,22,1.5755434903231533,2218.365234375,8.317063155788345,0,0,327,0.0,0.0,0.15,0.7,0.05,0.1,0.0,219,770.8745891981349,207.88979530334473,22,1.588929609818892,2237.212890625,6.974400335774542,0,0,328,0.0,0.0,0.15,0.7,0.05,0.1,0.0
329,AlwaysCompact_C128,3,COMPACT_128KB,0.547125,-0.055,0.192505,0,219,770.8745891981349,207.88979530334473,22,1.588929609818892,2237.212890625,6.974400335774542,0,0,328,0.0,0.0,0.15,0.7,0.05,0.1,0.0,193,712.6977829350623,259.74416732788086,23,1.5331288213315217,2256.765625,18.4328330772284,0,0,329,0.0,0.0,0.2,0.65,0.05,0.1,0.0
330,AlwaysCompact_C128,3,COMPACT_128KB,0.547125,-0.055,0.191474,0,193,712.6977829350623,259.74416732788086,23,1.5331288213315217,2256.765625,18.4328330772284,0,0,329,0.0,0.0,0.2,0.65,0.05,0.1,0.0,288,990.9560355181036,311.31768226623535,23,1.5498610786769702,2281.3955078125,13.792231177543995,0,0,330,0.0,0.0,0.2,0.6,0.1,0.1,0.0
331,AlwaysCompact_C128,3,COMPACT_128KB,0.547125,-0.055,0.191735,0,288,990.9560355181036,311.31768226623535,23,1.5498610786769702,2281.3955078125,13.792231177543995,0,0,330,0.0,0.0,0.2,0.6,0.1,0.1,0.0,187,679.7410529581679,298.23851585388184,23,1.560753863790761,2297.4296875,11.010013813632241,0,0,331,0.0,0.0,0.2,0.55,0.15,0.1,0.0
332,AlwaysCompact_C128,3,COMPACT_128KB,0.547125,-0.055,0.193915,0,187,679.7410529581679,298.23851585388184,23,1.560753863790761,2297.4296875,11.010013813632241,0,0,331,0.0,0.0,0.2,0.55,0.15,0.1,0.0,194,701.6136057143449,189.27001953125,23,1.5721110468325408,2314.1474609375,8.548643499128383,0,0,332,0.0,0.0,0.15,0.6,0.15,0.1,0.0
333,AlwaysCompact_C128,3,COMPACT_128KB,0.547125,-0.055,0.194056,0,194,701.6136057143449,189.27001953125,23,1.5721110468325408,2314.1474609375,8.548643499128383,0,0,332,0.0,0.0,0.15,0.6,0.15,0.1,0.0,199,606.4347702255967,182.18374252319336,23,1.5837501857591711,2331.2802734375,6.99703600670826,0,0,333,0.0,0.0,0.15,0.55,0.15,0.15,0.0
334,AlwaysCompact_C128,3,COMPACT_128KB,0.547125,-0.055,0.193098,0,199,606.4347702255967,182.18374252319336,23,1.5837501857591711,2331.2802734375,6.99703600670826,0,0,333,0.0,0.0,0.15,0.55,0.15,0.15,0.0,249,916.3984104017079,230.0875186920166,23,1.5983747399371604,2352.8076171875,7.405105630666964,0,0,334,0.0,0.0,0.15,0.55,0.15,0.15,0.0
335,AlwaysCompact_C128,3,COMPACT_128KB,0.547,-0.055,0.19401,0,249,916.3984104017079,230.0875186920166,23,1.5983747399371604,2352.8076171875,7.405105630666964,0,0,334,0.0,0.0,0.15,0.55,0.15,0.15,0.0,264,908.7334528787326,179.48627471923828,24,1.5485108693440754,2378.5126953125,17.230062347863697,0,0,335,0.0,0.0,0.15,0.55,0.15,0.15,0.0
336,AlwaysCompact_C128,3,COMPACT_128KB,0.547,-0.055,0.193695,0,264,908.7334528787326,179.48627471923828,24,1.5485108693440754,2378.5126953125,17.230062347863697,0,0,335,0.0,0.0,0.15,0.55,0.15,0.15,0.0,160,628.8577010837226,195.27006149291992,24,1.557373046875,2392.125,14.755138266867114,0,0,336,0.0,0.0,0.15,0.5,0.15,0.2,0.0
337,AlwaysCompact_C128,3,COMPACT_128KB,0.547,-0.055,0.191552,0,160,628.8577010837226,195.27006149291992,24,1.557373046875,2392.125,14.755138266867114,0,0,336,0.0,0.0,0.15,0.5,0.15,0.2,0.0,241,908.6340958714355,302.41990089416504,24,1.5707906087239583,2412.734375,11.280487713532754,0,0,337,0.0,0.0,0.15,0.45,0.2,0.2,0.0
338,AlwaysCompact_C128,3,COMPACT_128KB,0.547,-0.055,0.194002,0,241,908.6340958714355,302.41990089416504,24,1.5707906087239583,2412.734375,11.280487713532754,0,0,337,0.0,0.0,0.15,0.45,0.2,0.2,0.0,253,897.3358882294941,179.90660667419434,24,1.584930419921875,2434.453125,8.379728864800223,0,0,338,0.0,0.0,0.15,0.45,0.2,0.2,0.0
339,AlwaysCompact_C128,3,COMPACT_128KB,0.547,-0.055,0.192013,0,253,897.3358882294941,179.90660667419434,24,1.584930419921875,2434.453125,8.379728864800223,0,0,338,0.0,0.0,0.15,0.45,0.2,0.2,0.0,228,826.8668783332296,279.33216094970703,24,1.5976988474527996,2454.0654296875,7.245435916538523,0,0,339,0.0,0.0,0.15,0.45,0.2,0.2,0.0
340,AlwaysCompact_C128,3,COMPACT_128KB,0.546875,-0.055,0.193874,0,228,826.8668783332296,279.33216094970703,24,1.5976988474527996,2454.0654296875,7.245435916538523,0,0,339,0.0,0.0,0.15,0.45,0.2,0.2,0.0,171,587.2590879800476,181.31589889526367,25,1.5448486328125,2471.7578125,18.339221937033557,0,0,340,0.0,0.0,0.15,0.45,0.2,0.2,0.0
341,AlwaysCompact_C128,3,COMPACT_128KB,0.546875,-0.055,0.191176,0,171,587.2590879800476,181.31589889526367,25,1.5448486328125,2471.7578125,18.339221937033557,0,0,340,0.0,0.0,0.15,0.45,0.2,0.2,0.0,251,896.5996758591733,316.2064552307129,25,1.55826171875,2493.21875,14.47654638282303,0,0,341,0.0,0.0,0.15,0.45,0.25,0.15,0.0
342,AlwaysCompact_C128,3,COMPACT_128KB,0.546875,-0.055,0.194213,0,251,896.5996758591733,316.2064552307129,25,1.55826171875,2493.21875,14.47654638282303,0,0,341,0.0,0.0,0.15,0.45,0.25,0.15,0.0,150,560.4116691860056,164.34073448181152,25,1.5663421630859375,2506.1474609375,12.287918435284247,0,0,342,0.0,0.0,0.1,0.45,0.25,0.15,0.05
343,AlwaysCompact_C128,3,COMPACT_128KB,0.546875,-0.055,0.194596,0,150,560.4116691860056,164.34073448181152,25,1.5663421630859375,2506.1474609375,12.287918435284247,0,0,342,0.0,0.0,0.1,0.45,0.25,0.15,0.05,282,772.7920153984264,145.2047824859619,25,1.5814605712890626,2530.3369140625,8.792610033474984,0,0,343,0.0,0.0,0.1,0.4,0.25,0.15,0.1
344,AlwaysCompact_C128,3,COMPACT_128KB,0.546875,-0.055,0.192585,0,282,772.7920153984264,145.2047824859619,25,1.5814605712890626,2530.3369140625,8.792610033474984,0,0,343,0.0,0.0,0.1,0.4,0.25,0.15,0.1,217,816.0878131621113,245.7575798034668,25,1.5931292724609376,2549.0068359375,7.24204460433783,0,0,344,0.0,0.0,0.1,0.4,0.25,0.15,0.1
345,AlwaysCompact_C128,3,COMPACT_128KB,0.546875,-0.055,0.194652,0,217,816.0878131621113,245.7575798034668,25,1.5931292724609376,2549.0068359375,7.24204460433783,0,0,344,0.0,0.0,0.1,0.4,0.25,0.15,0.1,194,718.219221949381,142.4119472503662,25,1.6035498046875,2565.6796875,7.3358383972602335,0,0,345,0.0,0.0,0.1,0.4,0.2,0.15,0.15
346,AlwaysCompact_C128,3,COMPACT_128KB,0.54675,-0.055,0.193543,0,194,718.219221949381,142.4119472503662,25,1.6035498046875,2565.6796875,7.3358383972602335,0,0,345,0.0,0.0,0.1,0.4,0.2,0.15,0.15,151,603.2239483772651,192.8727626800537,26,1.551461439866286,2581.6318359375,18.455531733012702,0,0,346,0.0,0.0,0.1,0.45,0.2,0.1,0.15
347,AlwaysCompact_C128,3,COMPACT_128KB,0.54675,-0.055,0.19375,0,151,603.2239483772651,192.8727626800537,26,1.551461439866286,2581.6318359375,18.455531733012702,0,0,346,0.0,0.0,0.1,0.45,0.2,0.1,0.15,218,825.5922450018871,182.47747421264648,26,1.5627271212064302,2600.3779296875,15.137259373729911,0,0,347,0.0,0.0,0.1,0.45,0.2,0.1,0.15
348,AlwaysCompact_C128,3,COMPACT_128KB,0.54675,-0.055,0.193514,0,218,825.5922450018871,182.47747421264648,26,1.5627271212064302,2600.3779296875,15.137259373729911,0,0,347,0.0,0.0,0.1,0.45,0.2,0.1,0.15,166,667.2152544792975,194.28348541259766,26,1.571283193734976,2614.615234375,12.749061529221038,0,0,348,0.0,0.0,0.05,0.45,0.2,0.15,0.15
349,AlwaysCompact_C128,3,COMPACT_128KB,0.54675,-0.055,0.193333,0,166,667.2152544792975,194.28348541259766,26,1.571283193734976,2614.615234375,12.749061529221038,0,0,348,0.0,0.0,0.05,0.45,0.2,0.15,0.15,212,784.6302649958571,203.33480834960938,26,1.5822794987605169,2632.9130859375,9.992171643474503,0,0,349,0.0,0.0,0.0,0.5,0.2,0.15,0.15
350,AlwaysCompact_C128,3,COMPACT_128KB,0.54675,-0.055,0.19365,0,212,784.6302649958571,203.33480834960938,26,1.5822794987605169,2632.9130859375,9.992171643474503,0,0,349,0.0,0.0,0.0,0.5,0.2,0.15,0.15,163,647.0865714247855,187.52384185791016,26,1.5906782883864183,2646.888671875,8.325008590598639,0,0,350,0.0,0.0,0.0,0.55,0.15,0.15,0.15
351,AlwaysCompact_C128,3,COMPACT_128KB,0.54675,-0.055,0.19355,0,163,647.0865714247855,187.52384185791016,26,1.5906782883864183,2646.888671875,8.325008590598639,0,0,350,0.0,0.0,0.0,0.55,0.15,0.15,0.15,171,646.7356757565866,192.50726699829102,26,1.5996076143704927,2661.7470703125,7.301847978176635,0,0,351,0.0,0.0,0.0,0.6,0.1,0.15,0.15
352,AlwaysCompact_C128,3,COMPACT_128KB,0.546625,-0.055,0.193354,0,171,646.7356757565866,192.50726699829102,26,1.5996076143704927,2661.7470703125,7.301847978176635,0,0,351,0.0,0.0,0.0,0.6,0.1,0.15,0.15,232,816.8083819769365,197.30401039123535,27,1.5536126030815973,2684.642578125,16.888701784341166,0,0,352,0.0,0.0,0.0,0.55,0.1,0.15,0.2
353,AlwaysCompact_C128,3,COMPACT_128KB,0.546625,-0.055,0.194294,0,232,816.8083819769365,197.30401039123535,27,1.5536126030815973,2684.642578125,16.888701784341166,0,0,352,0.0,0.0,0.0,0.55,0.1,0.15,0.2,256,888.567105015984,150.29525756835938,27,1.5663045247395833,2706.57421875,13.188004058872865,0,0,353,0.0,0.0,0.0,0.55,0.1,0.1,0.25
354,AlwaysCompact_C128,3,COMPACT_128KB,0.546625,-0.055,0.193234,0,256,888.567105015984,150.29525756835938,27,1.5663045247395833,2706.57421875,13.188004058872865,0,0,353,0.0,0.0,0.0,0.55,0.1,0.1,0.25,213,749.235366043888,203.2763957977295,27,1.5768585205078125,2724.8115234375,10.416335398566183,0,0,354,0.0,0.0,0.0,0.55,0.1,0.1,0.25
355,AlwaysCompact_C128,3,COMPACT_128KB,0.546625,-0.055,0.192039,0,213,749.235366043888,203.2763957977295,27,1.5768585205078125,2724.8115234375,10.416335398566183,0,0,354,0.0,0.0,0.0,0.55,0.1,0.1,0.25,257,868.1236609929249,263.0348205566406,27,1.589649341724537,2746.9140625,7.888816704585702,0,0,355,0.0,0.0,0.0,0.55,0.1,0.1,0.25
356,AlwaysCompact_C128,3,COMPACT_128KB,0.546625,-0.055,0.194317,0,257,868.1236609929249,263.0348205566406,27,1.589649341724537,2746.9140625,7.888816704585702,0,0,355,0.0,0.0,0.0,0.55,0.1,0.1,0.25,154,522.6559727862754,149.13153648376465,27,1.597322252061632,2760.1728515625,7.200273572039044,0,0,356,0.0,0.0,0.0,0.55,0.1,0.05,0.3
357,AlwaysCompact_C128,3,COMPACT_128KB,0.5465,-0.055,0.19227,0,154,522.6559727862754,149.13153648376465,27,1.597322252061632,2760.1728515625,7.200273572039044,0,0,356,0.0,0.0,0.0,0.55,0.1,0.05,0.3,186,688.7216926788831,246.51575088500977,28,1.5509278433663505,2779.2626953125,17.22738996929727,0,0,357,0.0,0.0,0.0,0.6,0.05,0.05,0.3
358,AlwaysCompact_C128,3,COMPACT_128KB,0.5465,-0.055,0.193189,0,186,688.7216926788831,246.51575088500977,28,1.5509278433663505,2779.2626953125,17.22738996929727,0,0,357,0.0,0.0,0.0,0.6,0.05,0.05,0.3,168,598.7870943180736,200.54388046264648,28,1.5589724949428014,2793.6787109375,14.78498830469605,0,0,358,0.0,0.0,0.0,0.6,0.05,0.05,0.3
359,AlwaysCompact_C128,3,COMPACT_128KB,0.5465,-0.055,0.193265,0,168,598.7870943180736,200.54388046264648,28,1.5589724949428014,2793.6787109375,14.78498830469605,0,0,358,0.0,0.0,0.0,0.6,0.05,0.05,0.3,176,573.3416986722691,196.76995277404785,28,1.5679310389927454,2809.732421875,12.20640266879462,0,0,359,0.0,0.0,0.0,0.6,0.05,0.05,0.3
360,AlwaysCompact_C128,3,COMPACT_128KB,0.5465,-0.055,0.191292,0,176,573.3416986722691,196.76995277404785,28,1.5679310389927454,2809.732421875,12.20640266879462,0,0,359,0.0,0.0,0.0,0.6,0.05,0.05,0.3,185,682.0605986023821,295.4232692718506,28,1.5762688773018974,2824.673828125,10.0378597819275,0,0,360,0.0,0.0,0.05,0.55,0.05,0.05,0.3
361,AlwaysCompact_C128,3,COMPACT_128KB,0.5465,-0.055,0.19336,0,185,682.0605986023821,295.4232692718506,28,1.5762688773018974,2824.673828125,10.0378597819275,0,0,360,0.0,0.0,0.05,0.55,0.05,0.05,0.3,170,639.2048035944484,191.97583198547363,28,1.584432874407087,2839.3037109375,8.305275770962849,0,0,361,0.0,0.0,0.05,0.6,0.0,0.05,0.3
362,AlwaysCompact_C128,3,COMPACT_128KB,0.5465,-0.055,0.193199,0,170,639.2048035944484,191.97583198547363,28,1.584432874407087,2839.3037109375,8.305275770962849,0,0,361,0.0,0.0,0.05,0.6,0.0,0.05,0.3,284,815.3829392690878,200.03008842468262,28,1.5979603358677454,2863.544921875,7.068980756217047,0,0,362,0.0,0.0,0.05,0.65,0.0,0.05,0.25
363,AlwaysCompact_C128,3,COMPACT_128KB,0.546375,-0.055,0.191969,0,284,815.3829392690878,200.03008842468262,28,1.5979603358677454,2863.544921875,7.068980756217047,0,0,362,0.0,0.0,0.05,0.65,0.0,0.05,0.25,239,839.124123469708,256.55221939086914,29,1.5556351234172952,2887.2587890625,16.154822517791732,0,0,363,0.0,0.0,0.05,0.7,0.0,0.05,0.2
364,AlwaysCompact_C128,3,COMPACT_128KB,0.546375,-0.055,0.18959,0,239,839.124123469708,256.55221939086914,29,1.5556351234172952,2887.2587890625,16.154822517791732,0,0,363,0.0,0.0,0.05,0.7,0.0,0.05,0.2,249,902.5340322823173,375.49281120300293,29,1.5671170991042565,2908.5693359375,12.69589193045094,0,0,364,0.0,0.0,0.05,0.65,0.05,0.05,0.2
365,AlwaysCompact_C128,3,COMPACT_128KB,0.546375,-0.055,0.19287,0,249,902.5340322823173,375.49281120300293,29,1.5671170991042565,2908.5693359375,12.69589193045094,0,0,364,0.0,0.0,0.05,0.65,0.05,0.05,0.2,289,946.3445880956842,211.47847175598145,29,1.5804759058459052,2933.36328125,9.19231886734211,0,0,365,0.0,0.0,0.05,0.7,0.05,0.05,0.15
366,AlwaysCompact_C128,3,COMPACT_128KB,0.546375,-0.055,0.192994,0,289,946.3445880956842,211.47847175598145,29,1.5804759058459052,2933.36328125,9.19231886734211,0,0,365,0.0,0.0,0.05,0.7,0.05,0.05,0.15,204,697.963235384087,205.29675483703613,29,1.590283624057112,2951.56640625,7.428727745991349,0,0,366,0.0,0.0,0.05,0.7,0.05,0.05,0.15
367,AlwaysCompact_C128,3,COMPACT_128KB,0.546375,-0.055,0.192028,0,204,697.963235384087,205.29675483703613,29,1.590283624057112,2951.56640625,7.428727745991349,0,0,366,0.0,0.0,0.05,0.7,0.05,0.05,0.15,191,600.5900582888202,253.584623336792,29,1.5986538591056034,2967.1015625,6.945715275303159,0,0,367,0.0,0.0,0.1,0.65,0.05,0.05,0.15
368,AlwaysCompact_C128,3,COMPACT_128KB,0.54625,-0.055,0.192825,0,191,600.5900582888202,253.584623336792,29,1.5986538591056034,2967.1015625,6.945715275303159,0,0,367,0.0,0.0,0.1,0.65,0.05,0.05,0.15,176,611.6374772147284,208.75072479248047,30,1.554863484700521,2985.337890625,16.7992177266186,0,0,368,0.0,0.0,0.1,0.7,0.05,0.0,0.15
369,AlwaysCompact_C128,3,COMPACT_128KB,0.54625,-0.055,0.192775,0,176,611.6374772147284,208.75072479248047,30,1.554863484700521,2985.337890625,16.7992177266186,0,0,368,0.0,0.0,0.1,0.7,0.05,0.0,0.15,161,617.8772083286059,211.26317977905273,30,1.561970011393229,2998.982421875,14.558145546815616,0,0,369,0.0,0.0,0.1,0.65,0.05,0.05,0.15
370,AlwaysCompact_C128,3,COMPACT_128KB,0.54625,-0.055,0.192732,0,161,617.8772083286059,211.26317977905273,30,1.561970011393229,2998.982421875,14.558145546815616,0,0,369,0.0,0.0,0.1,0.65,0.05,0.05,0.15,278,897.3112687155241,213.37652206420898,30,1.5743550618489583,3022.76171875,10.914744108317015,0,0,370,0.0,0.0,0.1,0.65,0.05,0.05,0.15
371,AlwaysCompact_C128,3,COMPACT_128KB,0.54625,-0.055,0.189536,0,278,897.3112687155241,213.37652206420898,30,1.5743550618489583,3022.76171875,10.914744108317015,0,0,370,0.0,0.0,0.1,0.65,0.05,0.05,0.15,153,601.8674337314029,373.19397926330566,30,1.5812601725260416,3036.01953125,9.151806729549056,0,0,371,0.0,0.0,0.1,0.6,0.1,0.05,0.15
372,AlwaysCompact_C128,3,COMPACT_128KB,0.54625,-0.055,0.19103,0,153,601.8674337314029,373.19397926330566,30,1.5812601725260416,3036.01953125,9.151806729549056,0,0,371,0.0,0.0,0.1,0.6,0.1,0.05,0.15,201,680.5895344603633,298.51341247558594,30,1.5902603149414063,3053.2998046875,7.432126271420817,0,0,372,0.0,0.0,0.15,0.6,0.1,0.05,0.1
373,AlwaysCompact_C128,3,COMPACT_128KB,0.54625,-0.055,0.19247,0,201,680.5895344603633,298.51341247558594,30,1.5902603149414063,3053.2998046875,7.432126271420817,0,0,372,0.0,0.0,0.15,0.6,0.1,0.05,0.1,166,617.8252548485107,226.48978233337402,30,1.5977493286132813,3067.6787109375,6.832272514447991,0,0,373,0.0,0.0,0.15,0.6,0.1,0.1,0.05
374,AlwaysCompact_C128,3,COMPACT_128KB,0.546125,-0.055,0.193631,0,166,617.8252548485107,226.48978233337402,30,1.5977493286132813,3067.6787109375,6.832272514447991,0,0,373,0.0,0.0,0.15,0.6,0.1,0.1,0.05,221,781.298541567804,163.47360610961914,31,1.5572750952935988,3089.6337890625,15.910103896793439,0,0,374,0.0,0.0,0.15,0.55,0.1,0.1,0.1
375,AlwaysCompact_C128,3,COMPACT_128KB,0.546125,-0.055,0.192759,0,221,781.298541567804,163.47360610961914,31,1.5572750952935988,3089.6337890625,15.910103896793439,0,0,374,0.0,0.0,0.15,0.55,0.1,0.1,0.1,150,560.5804451707236,207.05509185791016,31,1.5637556506741432,3102.4912109375,13.851123547555982,0,0,375,0.0,0.0,0.15,0.55,0.1,0.1,0.1
376,AlwaysCompact_C128,3,COMPACT_128KB,0.546125,-0.055,0.188452,0,150,560.5804451707236,207.05509185791016,31,1.5637556506741432,3102.4912109375,13.851123547555982,0,0,375,0.0,0.0,0.15,0.55,0.1,0.1,0.1,192,694.894569803864,422.3783016204834,31,1.5720761206842238,3118.9990234375,11.349694207771025,0,0,376,0.0,0.0,0.2,0.55,0.1,0.1,0.05
377,AlwaysCompact_C128,3,COMPACT_128KB,0.546125,-0.055,0.192755,0,192,694.894569803864,422.3783016204834,31,1.5720761206842238,3118.9990234375,11.349694207771025,0,0,376,0.0,0.0,0.2,0.55,0.1,0.1,0.05,230,739.2356222264964,207.26656913757324,31,1.5820568453881048,3138.80078125,8.740268939741567,0,0,377,0.0,0.0,0.2,0.5,0.1,0.15,0.05
378,AlwaysCompact_C128,3,COMPACT_128KB,0.546125,-0.055,0.19212,0,230,739.2356222264964,207.26656913757324,31,1.5820568453881048,3138.80078125,8.740268939741567,0,0,377,0.0,0.0,0.2,0.5,0.1,0.15,0.05,267,922.305624118259,239.01963233947754,31,1.5935708322832662,3161.64453125,6.880474477048887,0,0,378,0.0,0.0,0.2,0.5,0.1,0.15,0.05
379,AlwaysCompact_C128,3,COMPACT_128KB,0.546125,-0.055,0.19275,0,267,922.305624118259,239.01963233947754,31,1.5935708322832662,3161.64453125,6.880474477048887,0,0,378,0.0,0.0,0.2,0.5,0.1,0.15,0.05,297,970.4075482045594,207.48281478881836,31,1.6064049505418347,3187.107421875,7.391682138244255,0,0,379,0.0,0.0,0.2,0.45,0.1,0.2,0.05
380,AlwaysCompact_C128,3,COMPACT_128KB,0.546,-0.055,0.192432,0,297,970.4075482045594,207.48281478881836,31,1.6064049505418347,3187.107421875,7.391682138244255,0,0,379,0.0,0.0,0.2,0.45,0.1,0.2,0.05,298,1015.8621700832097,218.39141845703125,32,1.5700702667236328,3215.50390625,15.030533878484285,0,0,380,0.0,0.0,0.15,0.5,0.1,0.2,0.05
381,AlwaysCompact_C128,3,COMPACT_128KB,0.546,-0.055,0.19257,0,298,1015.8621700832097,218.39141845703125,32,1.5700702667236328,3215.50390625,15.030533878484285,0,0,380,0.0,0.0,0.15,0.5,0.1,0.2,0.05,151,579.3046806113003,211.48109436035156,32,1.5764169692993164,3228.501953125,13.06693467018479,0,0,381,0.0,0.0,0.15,0.5,0.1,0.2,0.05
382,AlwaysCompact_C128,3,COMPACT_128KB,0.546,-0.055,0.190916,0,151,579.3046806113003,211.48109436035156,32,1.5764169692993164,3228.501953125,13.06693467018479,0,0,381,0.0,0.0,0.15,0.5,0.1,0.2,0.05,262,919.0511717841796,294.208288192749,32,1.58735990524292,3250.9130859375,10.020783342317511,0,0,382,0.0,0.0,0.15,0.5,0.1,0.2,0.05
383,AlwaysCompact_C128,3,COMPACT_128KB,0.546,-0.055,0.188659,0,262,919.0511717841796,294.208288192749,32,1.58735990524292,3250.9130859375,10.020783342317511,0,0,382,0.0,0.0,0.15,0.5,0.1,0.2,0.05,167,603.0516974929983,407.071590423584,32,1.5944161415100098,3265.3642578125,8.468391982515055,0,0,383,0.0,0.0,0.15,0.45,0.15,0.2,0.05
384,AlwaysCompact_C128,3,COMPACT_128KB,0.546,-0.055,0.192475,0,167,603.0516974929983,407.071590423584,32,1.5944161415100098,3265.3642578125,8.468391982515055,0,0,383,0.0,0.0,0.15,0.45,0.15,0.2,0.05,167,616.2694433813275,216.27426147460938,32,1.6014246940612793,3279.7177734375,7.491692396462559,0,0,384,0.0,0.0,0.15,0.5,0.1,0.2,0.05
385,AlwaysCompact_C128,3,COMPACT_128KB,0.546,-0.055,0.192157,0,167,616.2694433813275,216.27426147460938,32,1.6014246940612793,3279.7177734375,7.491692396462559,0,0,384,0.0,0.0,0.15,0.5,0.1,0.2,0.05,211,727.9878981012226,232.16795921325684,32,1.6103172302246094,3297.9296875,7.408148301488821,0,0,385,0.0,0.0,0.15,0.5,0.1,0.2,0.05
386,AlwaysCompact_C128,3,COMPACT_128KB,0.545875,-0.055,0.190935,0,211,727.9878981012226,232.16795921325684,32,1.6103172302246094,3297.9296875,7.408148301488821,0,0,385,0.0,0.0,0.15,0.5,0.1,0.2,0.05,191,690.9539644083424,288.2659435272217,33,1.5707110780658144,3317.341796875,16.28485668738158,0,0,386,0.0,0.0,0.15,0.5,0.1,0.2,0.05
387,AlwaysCompact_C128,3,COMPACT_128KB,0.545875,-0.055,0.188453,0,191,690.9539644083424,288.2659435272217,33,1.5707110780658144,3317.341796875,16.28485668738158,0,0,386,0.0,0.0,0.15,0.5,0.1,0.2,0.05,153,567.3355087448182,412.3263359069824,33,1.5769394383285984,3330.49609375,14.274214494234588,0,0,387,0.0,0.0,0.1,0.5,0.15,0.2,0.05
388,AlwaysCompact_C128,3,COMPACT_128KB,0.545875,-0.055,0.193002,0,153,567.3355087448182,412.3263359069824,33,1.5769394383285984,3330.49609375,14.274214494234588,0,0,387,0.0,0.0,0.1,0.5,0.15,0.2,0.05,158,457.0096056835524,184.91315841674805,33,1.583360614198627,3344.0576171875,12.303930439157309,0,0,388,0.0,0.0,0.1,0.45,0.15,0.2,0.1
389,AlwaysCompact_C128,3,COMPACT_128KB,0.545875,-0.055,0.192694,0,158,457.0096056835524,184.91315841674805,33,1.583360614198627,3344.0576171875,12.303930439157309,0,0,388,0.0,0.0,0.1,0.45,0.15,0.2,0.1,288,927.3648995986402,200.29020309448242,33,1.595060868696733,3368.7685546875,9.199286942486022,0,0,389,0.0,0.0,0.1,0.45,0.15,0.15,0.15
390,AlwaysCompact_C128,3,COMPACT_128KB,0.545875,-0.055,0.191126,0,288,927.3648995986402,200.29020309448242,33,1.595060868696733,3368.7685546875,9.199286942486022,0,0,389,0.0,0.0,0.1,0.45,0.15,0.15,0.15,226,791.5651335221129,278.67674827575684,33,1.6043081572561553,3388.298828125,7.6188198705204195,0,0,390,0.0,0.0,0.1,0.45,0.15,0.15,0.15
391,AlwaysCompact_C128,3,COMPACT_128KB,0.545875,-0.055,0.191989,0,226,791.5651335221129,278.67674827575684,33,1.6043081572561553,3388.298828125,7.6188198705204195,0,0,390,0.0,0.0,0.1,0.45,0.15,0.15,0.15,175,549.6990148897387,235.5656623840332,33,1.611423376834754,3403.326171875,7.302809513764715,0,0,391,0.0,0.0,0.1,0.5,0.1,0.15,0.15
392,AlwaysCompact_C128,3,COMPACT_128KB,0.54575,-0.055,0.191586,0,175,549.6990148897387,235.5656623840332,33,1.611423376834754,3403.326171875,7.302809513764715,0,0,391,0.0,0.0,0.1,0.5,0.1,0.15,0.15,236,848.5500914681713,250.69499015808105,34,1.5748093548943014,3426.78515625,15.440543633744461,0,0,392,0.0,0.0,0.05,0.55,0.1,0.15,0.15
393,AlwaysCompact_C128,3,COMPACT_128KB,0.54575,-0.055,0.192307,0,236,848.5500914681713,250.69499015808105,34,1.5748093548943014,3426.78515625,15.440543633744461,0,0,392,0.0,0.0,0.05,0.55,0.1,0.15,0.15,189,654.3456992509132,214.67185020446777,34,1.5821353687959558,3442.7265625,13.083342142558093,0,0,393,0.0,0.0,0.05,0.55,0.1,0.1,0.2
394,AlwaysCompact_C128,3,COMPACT_128KB,0.54575,-0.055,0.191914,0,189,654.3456992509132,214.67185020446777,34,1.5821353687959558,3442.7265625,13.083342142558093,0,0,393,0.0,0.0,0.05,0.55,0.1,0.1,0.2,188,653.0700212602253,234.27820205688477,34,1.5895313936121322,3458.8203125,10.883861934992316,0,0,394,0.0,0.0,0.05,0.6,0.1,0.1,0.15
395,AlwaysCompact_C128,3,COMPACT_128KB,0.54575,-0.055,0.187894,0,188,653.0700212602253,234.27820205688477,34,1.5895313936121322,3458.8203125,10.883861934992316,0,0,394,0.0,0.0,0.05,0.6,0.1,0.1,0.15,210,733.1368765908285,435.30750274658203,34,1.5978599997127758,3476.943359375,8.79401299409333,0,0,395,0.0,0.0,0.05,0.55,0.15,0.1,0.15
396,AlwaysCompact_C128,3,COMPACT_128KB,0.54575,-0.055,0.191791,0,210,733.1368765908285,435.30750274658203,34,1.5978599997127758,3476.943359375,8.79401299409333,0,0,395,0.0,0.0,0.05,0.55,0.15,0.1,0.15,298,945.4419279441465,240.44084548950195,34,1.6095984963809742,3502.486328125,7.223483264209354,0,0,396,0.0,0.0,0.0,0.6,0.15,0.1,0.15
397,AlwaysCompact_C128,3,COMPACT_128KB,0.545625,-0.055,0.190772,0,298,945.4419279441465,240.44084548950195,34,1.6095984963809742,3502.486328125,7.223483264209354,0,0,396,0.0,0.0,0.0,0.6,0.15,0.1,0.15,192,703.6063959264019,286.3941192626953,35,1.572308349609375,3521.970703125,15.811199003977901,0,0,397,0.0,0.0,0.0,0.65,0.15,0.05,0.15
398,AlwaysCompact_C128,3,COMPACT_128KB,0.545625,-0.055,0.190996,0,192,703.6063959264019,286.3941192626953,35,1.572308349609375,3521.970703125,15.811199003977901,0,0,397,0.0,0.0,0.0,0.65,0.15,0.05,0.15,223,754.4637146212717,275.2046585083008,35,1.5808406284877232,3541.0830078125,13.007878689683807,0,0,398,0.0,0.0,0.0,0.65,0.15,0.05,0.15
399,AlwaysCompact_C128,3,COMPACT_128KB,0.545625,-0.055,0.191682,0,223,754.4637146212717,275.2046585083008,35,1.5808406284877232,3541.0830078125,13.007878689683807,0,0,398,0.0,0.0,0.0,0.65,0.15,0.05,0.15,156,473.60470657722163,240.91863632202148,35,1.586836896623884,3554.5146484375,11.176649123355594,0,0,399,0.0,0.0,0.0,0.7,0.15,0.0,0.15
400,AlwaysCompact_C128,3,COMPACT_128KB,0.545625,-0.055,0.19158,0,156,473.60470657722163,240.91863632202148,35,1.586836896623884,3554.5146484375,11.176649123355594,0,0,399,0.0,0.0,0.0,0.7,0.15,0.0,0.15,207,745.3493433924167,246.00481986999512,35,1.5947788783482142,3572.3046875,9.06250077775163,0,0,400,0.0,0.0,0.0,0.7,0.15,0.0,0.15
401,AlwaysCompact_C128,3,COMPACT_128KB,0.545625,-0.055,0.190443,0,207,745.3493433924167,246.00481986999512,35,1.5947788783482142,3572.3046875,9.06250077775163,0,0,400,0.0,0.0,0.0,0.7,0.15,0.0,0.15,282,935.1382577779043,302.837610244751,35,1.6055572509765625,3596.4482421875,7.279103648418818,0,0,401,0.0,0.0,0.0,0.65,0.15,0.05,0.15
402,AlwaysCompact_C128,3,COMPACT_128KB,0.545625,-0.055,0.187962,0,282,935.1382577779043,302.837610244751,35,1.6055572509765625,3596.4482421875,7.279103648418818,0,0,401,0.0,0.0,0.0,0.65,0.15,0.05,0.15,234,762.1701929057945,426.92065238952637,35,1.614524187360491,3616.5341796875,7.356786303218385,0,0,402,0.0,0.0,0.0,0.6,0.2,0.05,0.15
403,AlwaysCompact_C128,3,COMPACT_128KB,0.5455,-0.055,0.191598,0,234,762.1701929057945,426.92065238952637,35,1.614524187360491,3616.5341796875,7.356786303218385,0,0,402,0.0,0.0,0.0,0.6,0.2,0.05,0.15,167,611.254509913432,240.0803565979004,36,1.5771738688151042,3633.80859375,16.071213385700556,0,0,403,0.0,0.0,0.0,0.65,0.15,0.05,0.15
404,AlwaysCompact_C128,3,COMPACT_128KB,0.5455,-0.055,0.191495,0,167,611.254509913432,240.0803565979004,36,1.5771738688151042,3633.80859375,16.071213385700556,0,0,403,0.0,0.0,0.0,0.65,0.15,0.05,0.15,254,844.9504309404709,245.24950981140137,36,1.5866033766004775,3655.5341796875,12.943279099020572,0,0,404,0.0,0.0,0.0,0.6,0.15,0.1,0.15
405,AlwaysCompact_C128,3,COMPACT_128KB,0.5455,-0.055,0.186923,0,254,844.9504309404709,245.24950981140137,36,1.5866033766004775,3655.5341796875,12.943279099020572,0,0,404,0.0,0.0,0.0,0.6,0.15,0.1,0.15,233,813.0700775570446,473.8502502441406,36,1.5952593485514324,3675.4775390625,10.358662576144566,0,0,405,0.0,0.0,0.0,0.55,0.2,0.1,0.15
406,AlwaysCompact_C128,3,COMPACT_128KB,0.5455,-0.055,0.191071,0,233,813.0700775570446,473.8502502441406,36,1.5952593485514324,3675.4775390625,10.358662576144566,0,0,405,0.0,0.0,0.0,0.55,0.2,0.1,0.15,259,880.8876433649904,266.45803451538086,36,1.6052330864800348,3698.45703125,8.081152567195733,0,0,406,0.0,0.0,0.0,0.5,0.2,0.15,0.15
407,AlwaysCompact_C128,3,COMPACT_128KB,0.5455,-0.055,0.189383,0,259,880.8876433649904,266.45803451538086,36,1.6052330864800348,3698.45703125,8.081152567195733,0,0,406,0.0,0.0,0.0,0.5,0.2,0.15,0.15,280,941.3095719961623,350.8446216583252,36,1.6153657701280382,3721.802734375,7.258125829981437,0,0,407,0.0,0.0,0.05,0.5,0.15,0.15,0.15
408,AlwaysCompact_C128,3,COMPACT_128KB,0.545375,-0.055,0.190401,0,280,941.3095719961623,350.8446216583252,36,1.6153657701280382,3721.802734375,7.258125829981437,0,0,407,0.0,0.0,0.05,0.5,0.15,0.15,0.15,156,555.9561156654023,294.9652671813965,37,1.5786062704550254,3738.1396484375,16.000103924656486,0,0,408,0.0,0.0,0.05,0.5,0.15,0.2,0.1
409,AlwaysCompact_C128,3,COMPACT_128KB,0.545375,-0.055,0.191245,0,156,555.9561156654023,294.9652671813965,37,1.5786062704550254,3738.1396484375,16.000103924656486,0,0,408,0.0,0.0,0.05,0.5,0.15,0.2,0.1,173,474.20676332290964,252.7484893798828,37,1.5848801071579393,3752.99609375,13.858780047111077,0,0,409,0.0,0.0,0.05,0.55,0.15,0.2,0.05
410,AlwaysCompact_C128,3,COMPACT_128KB,0.545375,-0.055,0.192451,0,173,474.20676332290964,252.7484893798828,37,1.5848801071579393,3752.99609375,13.858780047111077,0,0,409,0.0,0.0,0.05,0.55,0.15,0.2,0.05,216,727.0242718680335,192.44909286499023,37,1.5927837474926099,3771.7119140625,11.335812596802812,0,0,410,0.0,0.0,0.05,0.5,0.15,0.2,0.1
411,AlwaysCompact_C128,3,COMPACT_128KB,0.545375,-0.055,0.190632,0,216,727.0242718680335,192.44909286499023,37,1.5927837474926099,3771.7119140625,11.335812596802812,0,0,410,0.0,0.0,0.05,0.5,0.15,0.2,0.1,161,580.7122172793981,283.3850383758545,37,1.5986752896695524,3785.6630859375,9.666189064458374,0,0,411,0.0,0.0,0.05,0.5,0.15,0.2,0.1
412,AlwaysCompact_C128,3,COMPACT_128KB,0.545375,-0.055,0.190982,0,161,580.7122172793981,283.3850383758545,37,1.5986752896695524,3785.6630859375,9.666189064458374,0,0,411,0.0,0.0,0.05,0.5,0.15,0.2,0.1,222,788.203460649314,265.9111022949219,37,1.606679967931799,3804.6181640625,7.91521371375033,0,0,412,0.0,0.0,0.05,0.45,0.15,0.25,0.1
413,AlwaysCompact_C128,3,COMPACT_128KB,0.545375,-0.055,0.189957,0,222,788.203460649314,265.9111022949219,37,1.606679967931799,3804.6181640625,7.91521371375033,0,0,412,0.0,0.0,0.05,0.45,0.15,0.25,0.1,298,835.3852609178324,317.1658515930176,37,1.6174609210040118,3830.1474609375,7.202937436104967,0,0,413,0.0,0.0,0.1,0.45,0.15,0.25,0.05
414,AlwaysCompact_C128,3,COMPACT_128KB,0.54525,-0.055,0.19004,0,298,835.3852609178324,317.1658515930176,37,1.6174609210040118,3830.1474609375,7.202937436104967,0,0,413,0.0,0.0,0.1,0.45,0.15,0.25,0.05,191,542.5250799790876,307.9969882965088,38,1.5828459890265214,3849.4814453125,15.39404129928198,0,0,414,0.0,0.0,0.15,0.4,0.15,0.25,0.05
415,AlwaysCompact_C128,3,COMPACT_128KB,0.54525,-0.055,0.186642,0,191,542.5250799790876,307.9969882965088,38,1.5828459890265214,3849.4814453125,15.39404129928198,0,0,414,0.0,0.0,0.15,0.4,0.15,0.25,0.05,256,824.2756291218893,477.8769016265869,38,1.5918611225328947,3871.40625,12.348439190547273,0,0,415,0.0,0.0,0.15,0.4,0.15,0.25,0.05
416,AlwaysCompact_C128,3,COMPACT_128KB,0.54525,-0.055,0.189531,0,256,824.2756291218893,477.8769016265869,38,1.5918611225328947,3871.40625,12.348439190547273,0,0,415,0.0,0.0,0.15,0.4,0.15,0.25,0.05,269,878.4169948919096,333.46033096313477,38,1.6013436568410773,3894.4677734375,9.534787533615956,0,0,416,0.0,0.0,0.2,0.35,0.15,0.25,0.05
417,AlwaysCompact_C128,3,COMPACT_128KB,0.54525,-0.055,0.191282,0,269,878.4169948919096,333.46033096313477,38,1.6013436568410773,3894.4677734375,9.534787533615956,0,0,416,0.0,0.0,0.2,0.35,0.15,0.25,0.05,160,536.1237699142475,245.8820343017578,38,1.6070568687037419,3908.3623046875,8.205369744642443,0,0,417,0.0,0.0,0.2,0.3,0.15,0.25,0.1
418,AlwaysCompact_C128,3,COMPACT_128KB,0.54525,-0.055,0.191007,0,160,536.1237699142475,245.8820343017578,38,1.6070568687037419,3908.3623046875,8.205369744642443,0,0,417,0.0,0.0,0.2,0.3,0.15,0.25,0.1,219,762.9909326812218,259.6266269683838,38,1.6149508827611019,3927.560546875,7.173612132114492,0,0,418,0.0,0.0,0.2,0.3,0.15,0.25,0.1
419,AlwaysCompact_C128,3,COMPACT_128KB,0.545125,-0.055,0.189652,0,219,762.9909326812218,259.6266269683838,38,1.6149508827611019,3927.560546875,7.173612132114492,0,0,418,0.0,0.0,0.2,0.3,0.15,0.25,0.1,215,678.7803899518487,322.37792015075684,39,1.5821353227664263,3949.009765625,14.903978053410995,0,0,419,0.0,0.0,0.25,0.25,0.15,0.25,0.1
420,AlwaysCompact_C128,3,COMPACT_128KB,0.545125,-0.055,0.190322,0,215,678.7803899518487,322.37792015075684,39,1.5821353227664263,3949.009765625,14.903978053410995,0,0,419,0.0,0.0,0.25,0.25,0.15,0.25,0.1,196,697.3967215506761,288.8946533203125,39,1.5888593624799678,3965.79296875,12.603769047999192,0,0,420,0.0,0.0,0.25,0.2,0.15,0.3,0.1
421,AlwaysCompact_C128,3,COMPACT_128KB,0.545125,-0.055,0.189684,0,196,697.3967215506761,288.8946533203125,39,1.5888593624799678,3965.79296875,12.603769047999192,0,0,420,0.0,0.0,0.25,0.2,0.15,0.3,0.1,259,828.6906223467514,320.8189010620117,39,1.597741933969351,3987.9638671875,9.869870053865737,0,0,421,0.0,0.0,0.3,0.2,0.15,0.25,0.1
422,AlwaysCompact_C128,3,COMPACT_128KB,0.545125,-0.055,0.186153,0,259,828.6906223467514,320.8189010620117,39,1.597741933969351,3987.9638671875,9.869870053865737,0,0,421,0.0,0.0,0.3,0.2,0.15,0.25,0.1,262,864.094333376581,497.35355377197266,39,1.606754400791266,4010.458984375,7.799900882743542,0,0,422,0.0,0.0,0.3,0.2,0.15,0.25,0.1
423,AlwaysCompact_C128,3,COMPACT_128KB,0.545125,-0.055,0.186051,0,262,864.094333376581,497.35355377197266,39,1.606754400791266,4010.458984375,7.799900882743542,0,0,422,0.0,0.0,0.3,0.2,0.15,0.25,0.1,257,823.8840624018331,502.46691703796387,39,1.6157516088241186,4032.916015625,7.085824130159266,0,0,423,0.0,0.0,0.3,0.15,0.2,0.25,0.1
424,AlwaysCompact_C128,3,COMPACT_128KB,0.545,-0.055,0.18978,0,257,823.8840624018331,502.46691703796387,39,1.6157516088241186,4032.916015625,7.085824130159266,0,0,423,0.0,0.0,0.3,0.15,0.2,0.25,0.1,228,777.3473916263146,310.9750747680664,40,1.5841670989990235,4055.4677734375,14.572755731271613,0,0,424,0.0,0.0,0.3,0.2,0.2,0.2,0.1
425,AlwaysCompact_C128,3,COMPACT_128KB,0.545,-0.055,0.188458,0,228,777.3473916263146,310.9750747680664,40,1.5841670989990235,4055.4677734375,14.572755731271613,0,0,424,0.0,0.0,0.3,0.2,0.2,0.2,0.1,266,857.848271747137,377.0887851715088,40,1.5930919647216797,4078.3154296875,11.53458692467021,0,0,425,0.0,0.0,0.3,0.2,0.15,0.25,0.1
426,AlwaysCompact_C128,3,COMPACT_128KB,0.545,-0.055,0.189818,0,266,857.848271747137,377.0887851715088,40,1.5930919647216797,4078.3154296875,11.53458692467021,0,0,425,0.0,0.0,0.3,0.2,0.15,0.25,0.1,222,718.9663586602765,309.1168403625488,40,1.600518798828125,4097.328125,9.324091576133519,0,0,426,0.0,0.0,0.35,0.2,0.15,0.2,0.1
427,AlwaysCompact_C128,3,COMPACT_128KB,0.545,-0.055,0.191837,0,222,718.9663586602765,309.1168403625488,40,1.600518798828125,4097.328125,9.324091576133519,0,0,426,0.0,0.0,0.35,0.2,0.15,0.2,0.1,187,653.4435670785048,208.15372467041016,40,1.6067890167236327,4113.3798828125,7.879241378704208,0,0,427,0.0,0.0,0.3,0.2,0.15,0.2,0.15
428,AlwaysCompact_C128,3,COMPACT_128KB,0.545,-0.055,0.191827,0,187,653.4435670785048,208.15372467041016,40,1.6067890167236327,4113.3798828125,7.879241378704208,0,0,427,0.0,0.0,0.3,0.2,0.15,0.2,0.15,190,667.5370617631834,208.6501121520996,40,1.6131507873535156,4129.666015625,7.073171438334377,0,0,428,0.0,0.0,0.3,0.2,0.15,0.15,0.2
429,AlwaysCompact_C128,3,COMPACT_128KB,0.544875,-0.055,0.184898,0,190,667.5370617631834,208.6501121520996,40,1.6131507873535156,4129.666015625,7.073171438334377,0,0,428,0.0,0.0,0.3,0.2,0.15,0.15,0.2,245,848.0439039889085,550.0779151916504,41,1.582986971227134,4153.7578125,14.197765828650269,0,0,429,0.0,0.0,0.3,0.15,0.2,0.15,0.2
430,AlwaysCompact_C128,3,COMPACT_128KB,0.544875,-0.055,0.191699,0,245,848.0439039889085,550.0779151916504,41,1.582986971227134,4153.7578125,14.197765828650269,0,0,429,0.0,0.0,0.3,0.15,0.2,0.15,0.2,201,648.9262273756614,210.05988121032715,41,1.5895493670207699,4170.9775390625,11.929958240494907,0,0,430,0.0,0.0,0.3,0.15,0.2,0.15,0.2
431,AlwaysCompact_C128,3,COMPACT_128KB,0.544875,-0.055,0.188412,0,201,648.9262273756614,210.05988121032715,41,1.5895493670207699,4170.9775390625,11.929958240494907,0,0,430,0.0,0.0,0.3,0.15,0.2,0.15,0.2,154,557.8490501182764,374.3867874145508,41,1.594591094226372,4184.20703125,10.326016456861868,0,0,431,0.0,0.0,0.3,0.15,0.2,0.15,0.2
432,AlwaysCompact_C128,3,COMPACT_128KB,0.544875,-0.055,0.191664,0,154,557.8490501182764,374.3867874145508,41,1.594591094226372,4184.20703125,10.326016456861868,0,0,431,0.0,0.0,0.3,0.15,0.2,0.15,0.2,236,728.0679805673138,211.81273460388184,41,1.602274452767721,4204.3681640625,8.285224279344012,0,0,432,0.0,0.0,0.3,0.15,0.2,0.1,0.25
433,AlwaysCompact_C128,3,COMPACT_128KB,0.544875,-0.055,0.191584,0,236,728.0679805673138,211.81273460388184,41,1.602274452767721,4204.3681640625,8.285224279344012,0,0,432,0.0,0.0,0.3,0.15,0.2,0.1,0.25,195,701.2761695877601,215.78407287597656,41,1.6086552317549543,4221.111328125,7.22308800191148,0,0,433,0.0,0.0,0.25,0.15,0.2,0.1,0.3
434,AlwaysCompact_C128,3,COMPACT_128KB,0.544875,-0.055,0.186075,0,195,701.2761695877601,215.78407287597656,41,1.6086552317549543,4221.111328125,7.22308800191148,0,0,433,0.0,0.0,0.25,0.15,0.2,0.1,0.3,161,592.1005184627269,491.2290573120117,41,1.6139403552543827,4234.9794921875,6.991688249444672,0,0,434,0.0,0.0,0.2,0.15,0.25,0.1,0.3
435,AlwaysCompact_C128,3,COMPACT_128KB,0.54475,-0.055,0.191203,0,161,592.1005184627269,491.2290573120117,41,1.6139403552543827,4234.9794921875,6.991688249444672,0,0,434,0.0,0.0,0.2,0.15,0.25,0.1,0.3,280,930.2786150125592,229.8583984375,42,1.58561524890718,4262.1337890625,13.627717960118222,0,0,435,0.0,0.0,0.2,0.15,0.2,0.1,0.35
436,AlwaysCompact_C128,3,COMPACT_128KB,0.54475,-0.055,0.190062,0,280,930.2786150125592,229.8583984375,42,1.58561524890718,4262.1337890625,13.627717960118222,0,0,435,0.0,0.0,0.2,0.15,0.2,0.1,0.35,232,788.5678462084536,286.8795394897461,42,1.593004135858445,4281.9951171875,11.094926503374397,0,0,436,0.0,0.0,0.15,0.15,0.2,0.15,0.35
437,AlwaysCompact_C128,3,COMPACT_128KB,0.54475,-0.055,0.18914,0,232,788.5678462084536,286.8795394897461,42,1.593004135858445,4281.9951171875,11.094926503374397,0,0,436,0.0,0.0,0.15,0.15,0.2,0.15,0.35,194,653.153188124852,332.9784870147705,42,1.5990695045107888,4298.298828125,9.259317165242916,0,0,437,0.0,0.0,0.2,0.15,0.2,0.15,0.3
438,AlwaysCompact_C128,3,COMPACT_128KB,0.54475,-0.055,0.191496,0,194,653.153188124852,332.9784870147705,42,1.5990695045107888,4298.298828125,9.259317165242916,0,0,437,0.0,0.0,0.2,0.15,0.2,0.15,0.3,166,526.8612091888546,215.1956558227539,42,1.6044642130533855,4312.7998046875,7.9460319170591385,0,0,438,0.0,0.0,0.2,0.1,0.2,0.15,0.35
439,AlwaysCompact_C128,3,COMPACT_128KB,0.54475,-0.055,0.189685,0,166,526.8612091888546,215.1956558227539,42,1.6044642130533855,4312.7998046875,7.9460319170591385,0,0,438,0.0,0.0,0.2,0.1,0.2,0.15,0.35,231,808.8000480830234,305.7396411895752,42,1.611768813360305,4332.4345703125,6.96438455291989,0,0,439,0.0,0.0,0.15,0.1,0.2,0.2,0.35
440,AlwaysCompact_C128,3,COMPACT_128KB,0.544625,-0.055,0.189165,0,231,808.8000480830234,305.7396411895752,42,1.611768813360305,4332.4345703125,6.96438455291989,0,0,439,0.0,0.0,0.15,0.1,0.2,0.2,0.35,244,788.4424879527586,326.7514705657959,43,1.582961681277253,4356.310546875,13.910708077454258,0,0,440,0.0,0.0,0.15,0.15,0.2,0.15,0.35
441,AlwaysCompact_C128,3,COMPACT_128KB,0.544625,-0.055,0.183381,0,244,788.4424879527586,326.7514705657959,43,1.582961681277253,4356.310546875,13.910708077454258,0,0,440,0.0,0.0,0.15,0.15,0.2,0.15,0.35,180,639.5478457104809,615.9651279449463,43,1.5885712379632995,4371.748046875,11.921709115133366,0,0,441,0.0,0.0,0.1,0.15,0.25,0.15,0.35
442,AlwaysCompact_C128,3,COMPACT_128KB,0.544625,-0.055,0.189109,0,180,639.5478457104809,615.9651279449463,43,1.5885712379632995,4371.748046875,11.921709115133366,0,0,441,0.0,0.0,0.1,0.15,0.25,0.15,0.35,241,836.4430976687302,329.5629024505615,43,1.5960661422374636,4392.3740234375,9.527664538293129,0,0,442,0.0,0.0,0.15,0.15,0.2,0.15,0.35
443,AlwaysCompact_C128,3,COMPACT_128KB,0.544625,-0.055,0.189563,0,241,836.4430976687302,329.5629024505615,43,1.5960661422374636,4392.3740234375,9.527664538293129,0,0,442,0.0,0.0,0.15,0.15,0.2,0.15,0.35,152,547.0997186985646,306.8585395812988,43,1.6009191468704578,4405.7294921875,8.25110786378428,0,0,443,0.0,0.0,0.15,0.15,0.15,0.15,0.4
444,AlwaysCompact_C128,3,COMPACT_128KB,0.544625,-0.055,0.188997,0,152,547.0997186985646,306.8585395812988,43,1.6009191468704578,4405.7294921875,8.25110786378428,0,0,443,0.0,0.0,0.15,0.15,0.15,0.15,0.4,182,474.8772799434649,335.1578712463379,43,1.6066309019576672,4421.4482421875,7.210913785364711,0,0,444,0.0,0.0,0.2,0.1,0.15,0.15,0.4
445,AlwaysCompact_C128,3,COMPACT_128KB,0.544625,-0.055,0.185097,0,182,474.8772799434649,335.1578712463379,43,1.6066309019576672,4421.4482421875,7.210913785364711,0,0,444,0.0,0.0,0.2,0.1,0.15,0.15,0.4,242,797.2239664780336,530.1346778869629,43,1.6141861316769621,4442.240234375,6.955358970453058,0,0,445,0.0,0.0,0.2,0.1,0.2,0.1,0.4
446,AlwaysCompact_C128,3,COMPACT_128KB,0.5445,-0.055,0.187639,0,242,797.2239664780336,530.1346778869629,43,1.6141861316769621,4442.240234375,6.955358970453058,0,0,445,0.0,0.0,0.2,0.1,0.2,0.1,0.4,248,835.9981804241283,398.05078506469727,44,1.5862794355912642,4466.962890625,13.696988083860417,0,0,446,0.0,0.0,0.15,0.15,0.2,0.1,0.4
447,AlwaysCompact_C128,3,COMPACT_128KB,0.5445,-0.055,0.189577,0,248,835.9981804241283,398.05078506469727,44,1.5862794355912642,4466.962890625,13.696988083860417,0,0,446,0.0,0.0,0.15,0.15,0.2,0.1,0.4,197,628.7938584609016,301.133394241333,44,1.5922848094593396,4483.8740234375,11.56285612465629,0,0,447,0.0,0.0,0.15,0.15,0.2,0.15,0.35
448,AlwaysCompact_C128,3,COMPACT_128KB,0.5445,-0.055,0.189543,0,197,628.7938584609016,301.133394241333,44,1.5922848094593396,4483.8740234375,11.56285612465629,0,0,447,0.0,0.0,0.15,0.15,0.2,0.15,0.35,169,601.7795843796853,302.8378486633301,44,1.5972681912508877,4497.9072265625,9.941583953155094,0,0,448,0.0,0.0,0.15,0.15,0.2,0.2,0.3
449,AlwaysCompact_C128,3,COMPACT_128KB,0.5445,-0.055,0.19105,0,169,601.7795843796853,302.8378486633301,44,1.5972681912508877,4497.9072265625,9.941583953155094,0,0,448,0.0,0.0,0.15,0.15,0.2,0.2,0.3,263,852.211684341536,227.48565673828125,44,1.6052953546697444,4520.51171875,7.842062394284739,0,0,449,0.0,0.0,0.15,0.15,0.15,0.2,0.35
450,AlwaysCompact_C128,3,COMPACT_128KB,0.5445,-0.055,0.18959,0,263,852.211684341536,227.48565673828125,44,1.6052953546697444,4520.51171875,7.842062394284739,0,0,449,0.0,0.0,0.15,0.15,0.15,0.2,0.35,184,624.54736998846,300.4879951477051,44,1.61090087890625,4536.296875,7.014065049078244,0,0,450,0.0,0.0,0.15,0.2,0.15,0.2,0.3
451,AlwaysCompact_C128,3,COMPACT_128KB,0.5445,-0.055,0.190101,0,184,624.54736998846,300.4879951477051,44,1.61090087890625,4536.296875,7.014065049078244,0,0,450,0.0,0.0,0.15,0.2,0.15,0.2,0.3,250,829.0200009803627,274.97243881225586,44,1.6185032237659802,4557.705078125,7.114130822433233,0,0,451,0.0,0.0,0.15,0.2,0.15,0.2,0.3
452,AlwaysCompact_C128,3,COMPACT_128KB,0.544375,-0.055,0.189344,0,250,829.0200009803627,274.97243881225586,44,1.6185032237659802,4557.705078125,7.114130822433233,0,0,451,0.0,0.0,0.15,0.2,0.15,0.2,0.3,180,634.1511665412321,307.8031539916992,45,1.5889912923177083,4576.294921875,14.491199740132611,0,0,452,0.0,0.0,0.15,0.25,0.15,0.2,0.25
453,AlwaysCompact_C128,3,COMPACT_128KB,0.544375,-0.055,0.188322,0,180,634.1511665412321,307.8031539916992,45,1.5889912923177083,4576.294921875,14.491199740132611,0,0,452,0.0,0.0,0.15,0.25,0.15,0.2,0.25,218,734.9095322373487,358.88195037841797,45,1.5954647488064235,4594.9384765625,12.136407288101324,0,0,453,0.0,0.0,0.2,0.25,0.15,0.2,0.2
454,AlwaysCompact_C128,3,COMPACT_128KB,0.544375,-0.055,0.189358,0,218,734.9095322373487,358.88195037841797,45,1.5954647488064235,4594.9384765625,12.136407288101324,0,0,453,0.0,0.0,0.2,0.25,0.15,0.2,0.2,203,664.9597420894627,307.1103096008301,45,1.6015360514322916,4612.423828125,10.125391952343474,0,0,454,0.0,0.0,0.2,0.25,0.1,0.25,0.2
455,AlwaysCompact_C128,3,COMPACT_128KB,0.544375,-0.055,0.184654,0,203,664.9597420894627,307.1103096008301,45,1.6015360514322916,4612.423828125,10.125391952343474,0,0,454,0.0,0.0,0.2,0.25,0.1,0.25,0.2,172,612.7356834180415,542.2885417938232,45,1.6066979302300348,4627.2900390625,8.66881532810235,0,0,455,0.0,0.0,0.25,0.25,0.1,0.25,0.15
456,AlwaysCompact_C128,3,COMPACT_128KB,0.544375,-0.055,0.190949,0,172,612.7356834180415,542.2885417938232,45,1.6066979302300348,4627.2900390625,8.66881532810235,0,0,455,0.0,0.0,0.25,0.25,0.1,0.25,0.15,209,663.2143499684889,227.56361961364746,45,1.6128702799479167,4645.06640625,7.437008439759449,0,0,456,0.0,0.0,0.25,0.25,0.1,0.2,0.2
457,AlwaysCompact_C128,3,COMPACT_128KB,0.544375,-0.055,0.189415,0,209,663.2143499684889,227.56361961364746,45,1.6128702799479167,4645.06640625,7.437008439759449,0,0,456,0.0,0.0,0.25,0.25,0.1,0.2,0.2,155,551.5323644514048,304.2337894439697,45,1.6175198025173612,4658.45703125,7.045485765432104,0,0,457,0.0,0.0,0.2,0.3,0.1,0.2,0.2
458,AlwaysCompact_C128,3,COMPACT_128KB,0.54425,-0.055,0.186351,0,155,551.5323644514048,304.2337894439697,45,1.6175198025173612,4658.45703125,7.045485765432104,0,0,457,0.0,0.0,0.2,0.3,0.1,0.2,0.2,196,700.0018596698575,452.43072509765625,46,1.5890897667926291,4678.2802734375,14.17131630469936,0,0,458,0.0,0.0,0.2,0.35,0.1,0.2,0.15
459,AlwaysCompact_C128,3,COMPACT_128KB,0.54425,-0.055,0.18631,0,196,700.0018596698575,452.43072509765625,46,1.5890897667926291,4678.2802734375,14.17131630469936,0,0,458,0.0,0.0,0.2,0.35,0.1,0.2,0.15,220,526.5182234978274,454.50568199157715,46,1.595496467922045,4697.1416015625,11.82889179763893,0,0,459,0.0,0.0,0.2,0.35,0.1,0.2,0.15
460,AlwaysCompact_C128,3,COMPACT_128KB,0.54425,-0.055,0.185868,0,220,526.5182234978274,454.50568199157715,46,1.595496467922045,4697.1416015625,11.82889179763893,0,0,459,0.0,0.0,0.2,0.35,0.1,0.2,0.15,174,445.670941546248,476.5963554382324,46,1.6005829520847485,4712.1162109375,10.128386536566836,0,0,460,0.0,0.0,0.2,0.35,0.1,0.2,0.15
461,AlwaysCompact_C128,3,COMPACT_128KB,0.54425,-0.055,0.186018,0,174,445.670941546248,476.5963554382324,46,1.6005829520847485,4712.1162109375,10.128386536566836,0,0,460,0.0,0.0,0.2,0.35,0.1,0.2,0.15,201,474.38868294000474,469.12455558776855,46,1.6064791472061821,4729.474609375,8.455941907727665,0,0,461,0.0,0.0,0.2,0.35,0.05,0.25,0.15
462,AlwaysCompact_C128,3,COMPACT_128KB,0.54425,-0.055,0.185649,0,201,474.38868294000474,469.12455558776855,46,1.6064791472061821,4729.474609375,8.455941907727665,0,0,461,0.0,0.0,0.2,0.35,0.05,0.25,0.15,276,592.7935048275968,487.5495433807373,46,1.6145208607549253,4753.1494140625,7.08733599851786,0,0,462,0.0,0.0,0.15,0.35,0.05,0.3,0.15
463,AlwaysCompact_C128,3,COMPACT_128KB,0.54425,-0.055,0.18429,0,276,592.7935048275968,487.5495433807373,46,1.6145208607549253,4753.1494140625,7.08733599851786,0,0,462,0.0,0.0,0.15,0.35,0.05,0.3,0.15,211,488.76805559927783,555.48095703125,46,1.6206814309825068,4771.2861328125,7.100645755567416,0,0,463,0.0,0.0,0.2,0.35,0.05,0.3,0.1
464,AlwaysCompact_C128,3,COMPACT_128KB,0.544125,-0.055,0.186005,0,211,488.76805559927783,555.48095703125,46,1.6206814309825068,4771.2861328125,7.100645755567416,0,0,463,0.0,0.0,0.2,0.35,0.05,0.3,0.1,195,442.2144208450683,464.7386074066162,47,1.592768243018617,4791.046875,14.118005099048839,0,0,464,0.0,0.0,0.15,0.4,0.05,0.3,0.1
465,AlwaysCompact_C128,3,COMPACT_128KB,0.544125,-0.055,0.18623,0,195,442.2144208450683,464.7386074066162,47,1.592768243018617,4791.046875,14.118005099048839,0,0,464,0.0,0.0,0.15,0.4,0.05,0.3,0.1,275,549.5094863136391,453.50074768066406,47,1.60059048267121,4814.576171875,11.270751495058905,0,0,465,0.0,0.0,0.15,0.4,0.0,0.35,0.1
466,AlwaysCompact_C128,3,COMPACT_128KB,0.544125,-0.055,0.186167,0,275,549.5094863136391,453.50074768066406,47,1.60059048267121,4814.576171875,11.270751495058905,0,0,465,0.0,0.0,0.15,0.4,0.0,0.35,0.1,268,615.4133851327158,456.67195320129395,47,1.6082231237533244,4837.53515625,8.899594198814977,0,0,466,0.0,0.0,0.15,0.4,0.0,0.35,0.1
467,AlwaysCompact_C128,3,COMPACT_128KB,0.544125,-0.055,0.183569,0,268,615.4133851327158,456.67195320129395,47,1.6082231237533244,4837.53515625,8.899594198814977,0,0,466,0.0,0.0,0.15,0.4,0.0,0.35,0.1,185,477.1330678584342,586.540699005127,47,1.613545519240359,4853.544921875,7.689346545063641,0,0,467,0.0,0.0,0.2,0.4,0.0,0.3,0.1
468,AlwaysCompact_C128,3,COMPACT_128KB,0.544125,-0.055,0.186081,0,185,477.1330678584342,586.540699005127,47,1.613545519240359,4853.544921875,7.689346545063641,0,0,467,0.0,0.0,0.2,0.4,0.0,0.3,0.1,267,617.0401730984433,460.93177795410156,47,1.6211314099900267,4876.36328125,7.025815345762361,0,0,468,0.0,0.0,0.2,0.4,0.0,0.3,0.1
469,AlwaysCompact_C128,3,COMPACT_128KB,0.544,-0.055,0.187857,0,267,617.0401730984433,460.93177795410156,47,1.6211314099900267,4876.36328125,7.025815345762361,0,0,468,0.0,0.0,0.2,0.4,0.0,0.3,0.1,291,638.5283461671061,367.1605587005615,48,1.5964148839314778,4904.1865234375,12.977710156760724,0,0,469,0.0,0.0,0.2,0.4,0.0,0.3,0.1
470,AlwaysCompact_C128,3,COMPACT_128KB,0.544,-0.055,0.186151,0,291,638.5283461671061,367.1605587005615,48,1.5964148839314778,4904.1865234375,12.977710156760724,0,0,469,0.0,0.0,0.2,0.4,0.0,0.3,0.1,226,546.4988875878557,452.4505138397217,48,1.6027406056722004,4923.619140625,10.714892111702426,0,0,470,0.0,0.0,0.2,0.35,0.0,0.35,0.1
471,AlwaysCompact_C128,3,COMPACT_128KB,0.544,-0.055,0.186544,0,226,546.4988875878557,452.4505138397217,48,1.6027406056722004,4923.619140625,10.714892111702426,0,0,470,0.0,0.0,0.2,0.35,0.0,0.35,0.1,254,602.0063706756792,432.78002738952637,48,1.6098562876383464,4945.478515625,8.561908756508883,0,0,471,0.0,0.0,0.2,0.3,0.0,0.4,0.1
472,AlwaysCompact_C128,3,COMPACT_128KB,0.544,-0.055,0.180189,0,254,602.0063706756792,432.78002738952637,48,1.6098562876383464,4945.478515625,8.561908756508883,0,0,471,0.0,0.0,0.2,0.3,0.0,0.4,0.1,274,656.2570393038386,750.5548000335693,48,1.6175209681193035,4969.0244140625,7.132647938836279,0,0,472,0.0,0.0,0.2,0.25,0.05,0.4,0.1
473,AlwaysCompact_C128,3,COMPACT_128KB,0.544,-0.055,0.187111,0,274,656.2570393038386,750.5548000335693,48,1.6175209681193035,4969.0244140625,7.132647938836279,0,0,472,0.0,0.0,0.2,0.25,0.05,0.4,0.1,193,457.9126171084384,404.4485092163086,48,1.6229203542073567,4985.611328125,6.995786804692188,0,0,473,0.0,0.0,0.15,0.25,0.05,0.45,0.1
474,AlwaysCompact_C128,3,COMPACT_128KB,0.543875,-0.055,0.188576,0,193,457.9126171084384,404.4485092163086,48,1.6229203542073567,4985.611328125,6.995786804692188,0,0,473,0.0,0.0,0.15,0.25,0.05,0.45,0.1,229,726.3149657862878,326.2174129486084,49,1.5969957624162947,5008.1787109375,13.520779102120676,0,0,474,0.0,0.0,0.15,0.25,0.05,0.4,0.15
475,AlwaysCompact_C128,3,COMPACT_128KB,0.543875,-0.055,0.187608,0,229,726.3149657862878,326.2174129486084,49,1.5969957624162947,5008.1787109375,13.520779102120676,0,0,474,0.0,0.0,0.15,0.25,0.05,0.4,0.15,211,652.0029380713786,374.58133697509766,49,1.6027477030851403,5026.216796875,11.383983558607467,0,0,475,0.0,0.0,0.1,0.25,0.05,0.4,0.2
476,AlwaysCompact_C128,3,COMPACT_128KB,0.543875,-0.055,0.185426,0,211,652.0029380713786,374.58133697509766,49,1.6027477030851403,5026.216796875,11.383983558607467,0,0,475,0.0,0.0,0.1,0.25,0.05,0.4,0.2,173,393.7304953763643,483.7031364440918,49,1.6074944320990114,5041.1025390625,9.781654559840803,0,0,476,0.0,0.0,0.1,0.3,0.05,0.4,0.15
477,AlwaysCompact_C128,3,COMPACT_128KB,0.543875,-0.055,0.184906,0,173,393.7304953763643,483.7031364440918,49,1.6074944320990114,5041.1025390625,9.781654559840803,0,0,476,0.0,0.0,0.1,0.3,0.05,0.4,0.15,173,462.75230813480005,509.72437858581543,49,1.612280086595185,5056.1103515625,8.40500985731115,0,0,477,0.0,0.0,0.1,0.25,0.05,0.45,0.15
478,AlwaysCompact_C128,3,COMPACT_128KB,0.543875,-0.055,0.176753,0,173,462.75230813480005,509.72437858581543,49,1.612280086595185,5056.1103515625,8.40500985731115,0,0,477,0.0,0.0,0.1,0.25,0.05,0.45,0.15,184,439.7950625684195,917.3455238342285,49,1.6174266581632653,5072.25,7.347027604229219,0,0,478,0.0,0.0,0.1,0.2,0.1,0.45,0.15
479,AlwaysCompact_C128,3,COMPACT_128KB,0.543875,-0.055,0.187894,0,184,439.7950625684195,917.3455238342285,49,1.6174266581632653,5072.25,7.347027604229219,0,0,478,0.0,0.0,0.1,0.2,0.1,0.45,0.15,247,551.5142723902447,360.318660736084,49,1.6241713543327487,5093.4013671875,6.945180356611454,0,0,479,0.0,0.0,0.1,0.2,0.1,0.4,0.2
480,AlwaysCompact_C128,3,COMPACT_128KB,0.54375,-0.055,0.180515,0,247,551.5142723902447,360.318660736084,49,1.6241713543327487,5093.4013671875,6.945180356611454,0,0,479,0.0,0.0,0.1,0.2,0.1,0.4,0.2,236,537.5741683493198,724.2412567138672,50,1.5989373779296876,5116.599609375,13.328850728596946,0,0,480,0.0,0.0,0.1,0.15,0.15,0.4,0.2
481,AlwaysCompact_C128,3,COMPACT_128KB,0.54375,-0.055,0.18869,0,236,537.5741683493198,724.2412567138672,50,1.5989373779296876,5116.599609375,13.328850728596946,0,0,480,0.0,0.0,0.1,0.15,0.15,0.4,0.2,296,943.9649151619662,315.49954414367676,50,1.6068228149414063,5141.8330078125,10.435044807977325,0,0,481,0.0,0.0,0.1,0.2,0.15,0.35,0.2
482,AlwaysCompact_C128,3,COMPACT_128KB,0.54375,-0.055,0.190045,0,296,943.9649151619662,315.49954414367676,50,1.6068228149414063,5141.8330078125,10.435044807977325,0,0,481,0.0,0.0,0.1,0.2,0.15,0.35,0.2,212,740.9504845550676,247.75338172912598,50,1.61256103515625,5160.1953125,8.652055914133914,0,0,482,0.0,0.0,0.1,0.2,0.15,0.3,0.25
483,AlwaysCompact_C128,3,COMPACT_128KB,0.54375,-0.055,0.187258,0,212,740.9504845550676,247.75338172912598,50,1.61256103515625,5160.1953125,8.652055914133914,0,0,482,0.0,0.0,0.1,0.2,0.15,0.3,0.25,257,818.5493110261632,387.12239265441895,50,1.6194949340820313,5182.3837890625,7.1923489649375645,0,0,483,0.0,0.0,0.1,0.2,0.15,0.3,0.25
484,AlwaysCompact_C128,3,COMPACT_128KB,0.54375,-0.055,0.183028,0,257,818.5493110261632,387.12239265441895,50,1.6194949340820313,5182.3837890625,7.1923489649375645,0,0,483,0.0,0.0,0.1,0.2,0.15,0.3,0.25,243,783.9965293001833,598.621129989624,50,1.6260064697265626,5203.220703125,6.923931399516015,0,0,484,0.0,0.0,0.1,0.15,0.2,0.3,0.25
485,AlwaysCompact_C128,3,COMPACT_128KB,0.543625,-0.055,0.188406,0,243,783.9965293001833,598.621129989624,50,1.6260064697265626,5203.220703125,6.923931399516015,0,0,484,0.0,0.0,0.1,0.15,0.2,0.3,0.25,192,675.4571591769771,324.71513748168945,51,1.6002017750459558,5223.05859375,13.641193190801635,0,0,485,0.0,0.0,0.1,0.2,0.2,0.25,0.25
486,AlwaysCompact_C128,3,COMPACT_128KB,0.543625,-0.055,0.188096,0,192,675.4571591769771,324.71513748168945,51,1.6002017750459558,5223.05859375,13.641193190801635,0,0,485,0.0,0.0,0.1,0.2,0.2,0.25,0.25,159,554.2833576442134,340.2113914489746,51,1.6043512680951286,5236.6025390625,12.039240852179693,0,0,486,0.0,0.0,0.1,0.2,0.2,0.25,0.25
487,AlwaysCompact_C128,3,COMPACT_128KB,0.543625,-0.055,0.188468,0,159,554.2833576442134,340.2113914489746,51,1.6043512680951286,5236.6025390625,12.039240852179693,0,0,486,0.0,0.0,0.1,0.2,0.2,0.25,0.25,178,627.2204209159135,321.5949535369873,51,1.6090360155292587,5251.8935546875,10.351004195796364,0,0,487,0.0,0.0,0.05,0.25,0.2,0.25,0.25
488,AlwaysCompact_C128,3,COMPACT_128KB,0.543625,-0.055,0.178415,0,178,627.2204209159135,321.5949535369873,51,1.6090360155292587,5251.8935546875,10.351004195796364,0,0,487,0.0,0.0,0.05,0.25,0.2,0.25,0.25,259,823.272032805844,824.2282867431641,51,1.6158815271714155,5274.2373046875,8.270240051255406,0,0,488,0.0,0.0,0.05,0.25,0.25,0.2,0.25
489,AlwaysCompact_C128,3,COMPACT_128KB,0.543625,-0.055,0.187949,0,259,823.272032805844,824.2282867431641,51,1.6158815271714155,5274.2373046875,8.270240051255406,0,0,488,0.0,0.0,0.05,0.25,0.25,0.2,0.25,212,689.1794710820411,347.5465774536133,51,1.6215021470013786,5292.5830078125,7.156834803746735,0,0,489,0.0,0.0,0.05,0.3,0.25,0.2,0.2
490,AlwaysCompact_C128,3,COMPACT_128KB,0.543625,-0.055,0.188482,0,212,689.1794710820411,347.5465774536133,51,1.6215021470013786,5292.5830078125,7.156834803746735,0,0,489,0.0,0.0,0.05,0.3,0.25,0.2,0.2,295,933.4443420125504,320.889949798584,51,1.6291165819355087,5317.4365234375,7.000187019339548,0,0,490,0.0,0.0,0.05,0.35,0.25,0.15,0.2
491,AlwaysCompact_C128,3,COMPACT_128KB,0.5435,-0.055,0.181721,0,295,933.4443420125504,320.889949798584,51,1.6291165819355087,5317.4365234375,7.000187019339548,0,0,490,0.0,0.0,0.05,0.35,0.25,0.15,0.2,150,528.201533193016,653.9466381072998,52,1.6025601900540865,5333.3203125,14.080222868118442,0,0,491,0.0,0.0,0.05,0.35,0.3,0.1,0.2
492,AlwaysCompact_C128,3,COMPACT_128KB,0.5435,-0.055,0.189669,0,150,528.201533193016,653.9466381072998,52,1.6025601900540865,5333.3203125,14.080222868118442,0,0,491,0.0,0.0,0.05,0.35,0.3,0.1,0.2,291,928.1458822706351,256.5503120422363,52,1.6100358229417067,5358.19921875,11.2065571222749,0,0,492,0.0,0.0,0.05,0.35,0.25,0.1,0.25
493,AlwaysCompact_C128,3,COMPACT_128KB,0.5435,-0.055,0.188072,0,291,928.1458822706351,256.5503120422363,52,1.6100358229417067,5358.19921875,11.2065571222749,0,0,492,0.0,0.0,0.05,0.35,0.25,0.1,0.25,197,662.5466978423958,336.41767501831055,52,1.6151219881497896,5375.1259765625,9.473963237570944,0,0,493,0.0,0.0,0.05,0.35,0.25,0.1,0.25
494,AlwaysCompact_C128,3,COMPACT_128KB,0.5435,-0.055,0.187029,0,197,662.5466978423958,336.41767501831055,52,1.6151219881497896,5375.1259765625,9.473963237570944,0,0,493,0.0,0.0,0.05,0.35,0.25,0.1,0.25,299,976.8456368206521,388.5622024536133,52,1.6228385338416467,5400.806640625,7.512431394537796,0,0,494,0.0,0.0,0.1,0.35,0.25,0.1,0.2
495,AlwaysCompact_C128,3,COMPACT_128KB,0.5435,-0.055,0.182454,0,299,976.8456368206521,388.5622024536133,52,1.6228385338416467,5400.806640625,7.512431394537796,0,0,494,0.0,0.0,0.1,0.35,0.25,0.1,0.2,186,660.1184648410627,617.2909736633301,52,1.627652094914363,5416.826171875,6.964093001315792,0,0,495,0.0,0.0,0.1,0.35,0.3,0.1,0.15
496,AlwaysCompact_C128,3,COMPACT_128KB,0.543375,-0.055,0.180685,0,186,660.1184648410627,617.2909736633301,52,1.627652094914363,5416.826171875,6.964093001315792,0,0,495,0.0,0.0,0.1,0.35,0.3,0.1,0.15,264,856.3074148600347,700.7713317871094,53,1.6044714585790094,5442.3671875,12.814694873395837,0,0,496,0.0,0.0,0.1,0.3,0.35,0.1,0.15
497,AlwaysCompact_C128,3,COMPACT_128KB,0.543375,-0.055,0.18746,0,264,856.3074148600347,700.7713317871094,53,1.6044714585790094,5442.3671875,12.814694873395837,0,0,496,0.0,0.0,0.1,0.3,0.35,0.1,0.15,165,420.3786723748966,361.9875907897949,53,1.608654669995578,5456.556640625,11.221116380370669,0,0,497,0.0,0.0,0.1,0.35,0.35,0.05,0.15
498,AlwaysCompact_C128,3,COMPACT_128KB,0.543375,-0.055,0.181954,0,165,420.3786723748966,361.9875907897949,53,1.608654669995578,5456.556640625,11.221116380370669,0,0,497,0.0,0.0,0.1,0.35,0.35,0.05,0.15,187,604.6517089536591,637.3002529144287,53,1.61338978893352,5472.6181640625,9.577292320389228,0,0,498,0.0,0.0,0.1,0.35,0.35,0.05,0.15
499,AlwaysCompact_C128,3,COMPACT_128KB,0.543375,-0.055,0.184054,0,187,604.6517089536591,637.3002529144287,53,1.61338978893352,5472.6181640625,9.577292320389228,0,0,498,0.0,0.0,0.1,0.35,0.35,0.05,0.15,250,758.8270115599657,532.3047637939453,53,1.6197247775095813,5494.1064453125,7.823570069291025,0,0,499,0.0,0.0,0.1,0.4,0.35,0.05,0.1
500,AlwaysCompact_C128,3,COMPACT_128KB,0.543375,-0.055,0.189151,0,250,758.8270115599657,532.3047637939453,53,1.6197247775095813,5494.1064453125,7.823570069291025,0,0,499,0.0,0.0,0.1,0.4,0.35,0.05,0.1,275,769.0654533380095,277.44507789611816,53,1.6266640717128538,5517.64453125,6.912151995906706,0,0,500,0.0,0.0,0.1,0.4,0.3,0.05,0.15
501,AlwaysCompact_C128,3,COMPACT_128KB,0.16075,-0.055,0.187514,0,275,769.0654533380095,277.44507789611816,53,1.6266640717128538,5517.64453125,6.912151995906706,0,0,500,0.0,0.0,0.1,0.4,0.3,0.05,0.15,52,197.81868841515623,354.2966842651367,54,1.5986836751302083,5525.05078125,14.833809475309103,0,0,501,0.0,0.0,0.1,0.35,0.3,0.1,0.15
502,AlwaysCompact_C128,3,COMPACT_128KB,-0.13175,-0.055,0.182389,0,52,197.81868841515623,354.2966842651367,54,1.5986836751302083,5525.05078125,14.833809475309103,0,0,501,0.0,0.0,0.1,0.35,0.3,0.1,0.15,46,169.44078336663227,610.567569732666,54,1.5998365614149306,5529.03515625,14.35499520359464,0,0,502,0.0,0.0,0.15,0.35,0.3,0.1,0.1
503,AlwaysCompact_C128,3,COMPACT_128KB,0.16075,-0.055,0.186496,0,46,169.44078336663227,610.567569732666,54,1.5998365614149306,5529.03515625,14.35499520359464,0,0,502,0.0,0.0,0.15,0.35,0.3,0.1,0.1,62,208.49717296695755,405.2109718322754,54,1.601355376066985,5534.2841796875,13.731401261742462,0,0,503,0.0,0.0,0.15,0.35,0.3,0.1,0.1
504,AlwaysCompact_C128,3,COMPACT_128KB,-0.13175,-0.055,0.187824,0,62,208.49717296695755,405.2109718322754,54,1.601355376066985,5534.2841796875,13.731401261742462,0,0,503,0.0,0.0,0.15,0.35,0.3,0.1,0.1,31,120.4785137482916,338.79828453063965,54,1.6021338568793402,5536.974609375,13.415280213726952,0,0,504,0.0,0.0,0.15,0.4,0.25,0.1,0.1
505,AlwaysCompact_C128,3,COMPACT_128KB,-0.13175,-0.055,0.187489,0,31,120.4785137482916,338.79828453063965,54,1.6021338568793402,5536.974609375,13.415280213726952,0,0,504,0.0,0.0,0.15,0.4,0.25,0.1,0.1,44,167.9553840553331,355.5622100830078,54,1.6032562255859375,5540.853515625,12.964147468282945,0,0,505,0.0,0.0,0.15,0.4,0.25,0.1,0.1
506,AlwaysCompact_C128,3,COMPACT_128KB,0.16075,-0.055,0.186268,0,44,167.9553840553331,355.5622100830078,54,1.6032562255859375,5540.853515625,12.964147468282945,0,0,505,0.0,0.0,0.15,0.4,0.25,0.1,0.1,56,212.15996473650839,416.61906242370605,54,1.6046549479166667,5545.6875,12.410408716453583,0,0,506,0.0,0.0,0.2,0.35,0.25,0.1,0.1
507,AlwaysCompact_C128,3,COMPACT_128KB,0.16075,-0.055,0.188347,0,56,212.15996473650839,416.61906242370605,54,1.6046549479166667,5545.6875,12.410408716453583,0,0,506,0.0,0.0,0.2,0.35,0.25,0.1,0.1,61,232.02644449422183,312.64615058898926,54,1.6061664157443576,5550.9111328125,11.824030476083285,0,0,507,0.0,0.0,0.2,0.3,0.25,0.1,0.15
508,AlwaysCompact_C128,3,COMPACT_128KB,-0.13175,-0.055,0.187323,0,61,232.02644449422183,312.64615058898926,54,1.6061664157443576,5550.9111328125,11.824030476083285,0,0,507,0.0,0.0,0.2,0.3,0.25,0.1,0.15,36,132.46460313241028,363.8746738433838,54,1.6070293850368924,5553.8935546875,11.495539821908565,0,0,508,0.0,0.0,0.2,0.3,0.2,0.15,0.15
509,AlwaysCompact_C128,3,COMPACT_128KB,-0.13175,-0.055,0.186404,0,36,132.46460313241028,363.8746738433838,54,1.6070293850368924,5553.8935546875,11.495539821908565,0,0,508,0.0,0.0,0.2,0.3,0.2,0.15,0.15,40,155.19241780513366,409.81459617614746,54,1.608009903519242,5557.2822265625,11.128501264646864,0,0,509,0.0,0.0,0.25,0.25,0.2,0.15,0.15
510,AlwaysCompact_C128,3,COMPACT_128KB,-0.13175,-0.055,0.185595,0,40,155.19241780513366,409.81459617614746,54,1.608009903519242,5557.2822265625,11.128501264646864,0,0,509,0.0,0.0,0.25,0.25,0.2,0.15,0.15,45,171.15944342072808,450.2556324005127,54,1.609118143717448,5561.1123046875,10.722406064821174,0,0,510,0.0,0.0,0.3,0.2,0.2,0.15,0.15
511,AlwaysCompact_C128,3,COMPACT_128KB,0.16075,-0.055,0.186512,0,45,171.15944342072808,450.2556324005127,54,1.609118143717448,5561.1123046875,10.722406064821174,0,0,510,0.0,0.0,0.3,0.2,0.2,0.15,0.15,54,205.54697382069713,404.3869972229004,54,1.6104614822952836,5565.7548828125,10.244142891554342,0,0,511,0.0,0.0,0.35,0.2,0.15,0.15,0.15
512,AlwaysCompact_C128,3,COMPACT_128KB,0.16075,-0.055,0.185426,0,54,205.54697382069713,404.3869972229004,54,1.6104614822952836,5565.7548828125,10.244142891554342,0,0,511,0.0,0.0,0.35,0.2,0.15,0.15,0.15,54,158.51034200888668,458.6777687072754,54,1.6118048208731193,5570.3974609375,9.783313053160043,0,0,512,0.0,0.0,0.35,0.2,0.15,0.2,0.1
513,AlwaysCompact_C128,3,COMPACT_128KB,0.16075,-0.055,0.179571,0,54,158.51034200888668,458.6777687072754,54,1.6118048208731193,5570.3974609375,9.783313053160043,0,0,512,0.0,0.0,0.35,0.2,0.15,0.2,0.1,54,192.19567447666293,751.4441013336182,54,1.6131572016963251,5575.0712890625,9.339603760064021,0,0,513,0.0,0.0,0.35,0.2,0.2,0.15,0.1
514,AlwaysCompact_C128,3,COMPACT_128KB,0.16075,-0.055,0.187563,0,54,192.19567447666293,751.4441013336182,54,1.6131572016963251,5575.0712890625,9.339603760064021,0,0,513,0.0,0.0,0.35,0.2,0.2,0.15,0.1,63,235.03018982714363,351.8650531768799,54,1.6147209450050637,5580.4755859375,8.855827503851815,0,0,514,0.0,0.0,0.3,0.2,0.2,0.2,0.1
515,AlwaysCompact_C128,3,COMPACT_128KB,0.16075,-0.055,0.188921,0,63,235.03018982714363,351.8650531768799,54,1.6147209450050637,5580.4755859375,8.855827503851815,0,0,514,0.0,0.0,0.3,0.2,0.2,0.2,0.1,58,220.9505346889322,283.9624881744385,54,1.616204720956308,5585.603515625,8.43050815224987,0,0,515,0.0,0.0,0.3,0.2,0.15,0.2,0.15
516,AlwaysCompact_C128,3,COMPACT_128KB,-0.13175,-0.055,0.189467,0,58,220.9505346889322,283.9624881744385,54,1.616204720956308,5585.603515625,8.43050815224987,0,0,515,0.0,0.0,0.3,0.2,0.15,0.2,0.15,42,151.64820112237774,256.6494941711426,54,1.6171911734121818,5589.0126953125,8.16850660243228,0,0,516,0.0,0.0,0.3,0.2,0.1,0.2,0.2
517,AlwaysCompact_C128,3,COMPACT_128KB,-0.13175,-0.055,0.18935,0,42,151.64820112237774,256.6494941711426,54,1.6171911734121818,5589.0126953125,8.16850660243228,0,0,516,0.0,0.0,0.3,0.2,0.1,0.2,0.2,35,132.81147457187032,262.5110149383545,54,1.6180583812572338,5592.009765625,7.9534144119468255,0,0,517,0.0,0.0,0.3,0.15,0.1,0.2,0.25
518,AlwaysCompact_C128,3,COMPACT_128KB,0.16075,-0.055,0.189458,0,35,132.81147457187032,262.5110149383545,54,1.6180583812572338,5592.009765625,7.9534144119468255,0,0,517,0.0,0.0,0.3,0.15,0.1,0.2,0.25,62,230.00314693757335,257.0970058441162,54,1.6196091263382524,5597.369140625,7.608232562060489,0,0,518,0.0,0.0,0.3,0.15,0.05,0.2,0.3
519,AlwaysCompact_C128,3,COMPACT_128KB,-0.13175,-0.055,0.189395,0,62,230.00314693757335,257.0970058441162,54,1.6196091263382524,5597.369140625,7.608232562060489,0,0,518,0.0,0.0,0.3,0.15,0.05,0.2,0.3,42,151.54396614018788,260.2386474609375,54,1.6211474383318867,5602.685546875,7.321729511994776,0,0,519,0.0,0.0,0.3,0.1,0.05,0.2,0.35
520,AlwaysCompact_C128,3,COMPACT_128KB,0.16075,-0.055,0.187434,0,42,151.54396614018788,260.2386474609375,54,1.6211474383318867,5602.685546875,7.321729511994776,0,0,519,0.0,0.0,0.3,0.1,0.05,0.2,0.35,52,195.65196267517317,358.3202362060547,54,1.6219363742404513,5605.412109375,7.1986170416894835,0,0,520,0.0,0.0,0.3,0.15,0.05,0.2,0.3
521,AlwaysCompact_C128,3,COMPACT_128KB,0.16075,-0.055,0.187929,0,52,195.65196267517317,358.3202362060547,54,1.6219363742404513,5605.412109375,7.1986170416894835,0,0,520,0.0,0.0,0.3,0.15,0.05,0.2,0.3,71,266.2564432690124,333.5421085357666,54,1.6237063937717013,5611.529296875,6.986505767441661,0,0,521,0.0,0.0,0.3,0.2,0.05,0.15,0.3
522,AlwaysCompact_C128,3,COMPACT_128KB,0.16075,-0.055,0.187274,0,71,266.2564432690124,333.5421085357666,54,1.6237063937717013,5611.529296875,6.986505767441661,0,0,521,0.0,0.0,0.3,0.2,0.05,0.15,0.3,64,250.06260613913904,366.28127098083496,54,1.6253371062102142,5617.1650390625,6.875016036807685,0,0,522,0.0,0.0,0.25,0.25,0.05,0.15,0.3
523,AlwaysCompact_C128,3,COMPACT_128KB,-0.131875,-0.055,0.189114,0,64,250.06260613913904,366.28127098083496,54,1.6253371062102142,5617.1650390625,6.875016036807685,0,0,522,0.0,0.0,0.25,0.25,0.05,0.15,0.3,48,184.79348819790943,269.315242767334,55,1.5977744362571022,5624.166015625,14.749099723389339,0,0,523,0.0,0.0,0.2,0.25,0.05,0.15,0.35
524,AlwaysCompact_C128,3,COMPACT_128KB,-0.131875,-0.055,0.186302,0,48,184.79348819790943,269.315242767334,55,1.5977744362571022,5624.166015625,14.749099723389339,0,0,523,0.0,0.0,0.2,0.25,0.05,0.15,0.35,37,140.46589393004098,409.8942279815674,55,1.5987038352272727,5627.4375,14.359271134601414,0,0,524,0.0,0.0,0.25,0.2,0.05,0.15,0.35
525,AlwaysCompact_C128,3,COMPACT_128KB,0.160625,-0.055,0.186268,0,37,140.46589393004098,409.8942279815674,55,1.5987038352272727,5627.4375,14.359271134601414,0,0,524,0.0,0.0,0.25,0.2,0.05,0.15,0.35,71,259.0898867313212,411.59677505493164,55,1.600430020419034,5633.513671875,13.64353001522923,0,0,525,0.0,0.0,0.3,0.15,0.05,0.15,0.35
526,AlwaysCompact_C128,3,COMPACT_128KB,-0.131875,-0.055,0.189264,0,71,259.0898867313212,411.59677505493164,55,1.600430020419034,5633.513671875,13.64353001522923,0,0,525,0.0,0.0,0.3,0.15,0.05,0.15,0.35,50,131.1754646477409,261.78622245788574,55,1.601649336381392,5637.8056640625,13.145246740679369,0,0,526,0.0,0.0,0.25,0.15,0.05,0.15,0.4
527,AlwaysCompact_C128,3,COMPACT_128KB,0.160625,-0.055,0.186419,0,50,131.1754646477409,261.78622245788574,55,1.601649336381392,5637.8056640625,13.145246740679369,0,0,526,0.0,0.0,0.25,0.15,0.05,0.15,0.4,57,208.6188530276416,404.0722846984863,55,1.6030317826704545,5642.671875,12.588627322204909,0,0,527,0.0,0.0,0.3,0.15,0.05,0.15,0.35
528,AlwaysCompact_C128,3,COMPACT_128KB,0.160625,-0.055,0.184197,0,57,208.6188530276416,404.0722846984863,55,1.6030317826704545,5642.671875,12.588627322204909,0,0,527,0.0,0.0,0.3,0.15,0.05,0.15,0.35,59,217.67567315566652,515.134334564209,55,1.6044641668146307,5647.7138671875,12.02249774948681,0,0,528,0.0,0.0,0.3,0.15,0.05,0.15,0.35
529,AlwaysCompact_C128,3,COMPACT_128KB,0.160625,-0.055,0.185905,0,59,217.67567315566652,515.134334564209,55,1.6044641668146307,5647.7138671875,12.02249774948681,0,0,528,0.0,0.0,0.3,0.15,0.05,0.15,0.35,51,160.5127053780998,429.74114418029785,55,1.6057353626598012,5652.1884765625,11.530373576244427,0,0,529,0.0,0.0,0.3,0.15,0.05,0.15,0.35
530,AlwaysCompact_C128,3,COMPACT_128KB,-0.131875,-0.055,0.18938,0,51,160.5127053780998,429.74114418029785,55,1.6057353626598012,5652.1884765625,11.530373576244427,0,0,529,0.0,0.0,0.3,0.15,0.05,0.15,0.35,31,114.00623238701826,256.023645401001,55,1.6064566872336647,5654.7275390625,11.255939027781036,0,0,530,0.0,0.0,0.25,0.15,0.05,0.15,0.4
531,AlwaysCompact_C128,3,COMPACT_128KB,0.160625,-0.055,0.184968,0,31,114.00623238701826,256.023645401001,55,1.6064566872336647,5654.7275390625,11.255939027781036,0,0,530,0.0,0.0,0.25,0.15,0.05,0.15,0.4,64,242.7257064473864,476.58371925354004,55,1.6080116965553977,5660.201171875,10.677678074127307,0,0,531,0.0,0.0,0.25,0.15,0.05,0.15,0.4
532,AlwaysCompact_C128,3,COMPACT_128KB,-0.131875,-0.055,0.185377,0,64,242.7257064473864,476.58371925354004,55,1.6080116965553977,5660.201171875,10.677678074127307,0,0,531,0.0,0.0,0.25,0.15,0.05,0.15,0.4,45,115.46674905099978,456.1269283294678,55,1.6091272527521308,5664.1279296875,10.27545513559562,0,0,532,0.0,0.0,0.3,0.15,0.05,0.1,0.4
533,AlwaysCompact_C128,3,COMPACT_128KB,-0.131875,-0.055,0.181348,0,45,115.46674905099978,456.1269283294678,55,1.6091272527521308,5664.1279296875,10.27545513559562,0,0,532,0.0,0.0,0.3,0.15,0.05,0.1,0.4,44,157.50888129482894,657.6125621795654,55,1.610205078125,5667.921875,9.898220932642715,0,0,533,0.0,0.0,0.3,0.15,0.05,0.1,0.4
534,AlwaysCompact_C128,3,COMPACT_128KB,0.160625,-0.055,0.187959,0,44,157.50888129482894,657.6125621795654,55,1.610205078125,5667.921875,9.898220932642715,0,0,533,0.0,0.0,0.3,0.15,0.05,0.1,0.4,72,269.3164199336496,327.05092430114746,55,1.6119701038707386,5674.134765625,9.308214149813551,0,0,534,0.0,0.0,0.3,0.15,0.05,0.05,0.45
535,AlwaysCompact_C128,3,COMPACT_128KB,0.160625,-0.055,0.18926,0,72,269.3164199336496,327.05092430114746,55,1.6119701038707386,5674.134765625,9.308214149813551,0,0,534,0.0,0.0,0.3,0.15,0.05,0.05,0.45,66,237.3234708626747,261.98768615722656,55,1.613570057262074,5679.7666015625,8.808155087633802,0,0,535,0.0,0.0,0.3,0.15,0.05,0.05,0.45
536,AlwaysCompact_C128,3,COMPACT_128KB,0.160625,-0.055,0.181484,0,66,237.3234708626747,261.98768615722656,55,1.613570057262074,5679.7666015625,8.808155087633802,0,0,535,0.0,0.0,0.3,0.15,0.05,0.05,0.45,55,210.17242054760948,650.8164405822754,55,1.6149070046164773,5684.47265625,8.420100460741406,0,0,536,0.0,0.0,0.3,0.15,0.1,0.05,0.4
537,AlwaysCompact_C128,3,COMPACT_128KB,-0.131875,-0.055,0.188277,0,55,210.17242054760948,650.8164405822754,55,1.6149070046164773,5684.47265625,8.420100460741406,0,0,536,0.0,0.0,0.3,0.15,0.1,0.05,0.4,41,146.71229057428587,311.1426830291748,55,1.6158988259055398,5687.9638671875,8.15222363460126,0,0,537,0.0,0.0,0.3,0.15,0.1,0.05,0.4
538,AlwaysCompact_C128,3,COMPACT_128KB,-0.131875,-0.055,0.181507,0,41,146.71229057428587,311.1426830291748,55,1.6158988259055398,5687.9638671875,8.15222363460126,0,0,537,0.0,0.0,0.3,0.15,0.1,0.05,0.4,46,138.31294580834418,649.6458053588867,55,1.617026034268466,5691.931640625,7.870929046337252,0,0,538,0.0,0.0,0.3,0.15,0.15,0.05,0.35
539,AlwaysCompact_C128,3,COMPACT_128KB,-0.131875,-0.055,0.187292,0,46,138.31294580834418,649.6458053588867,55,1.617026034268466,5691.931640625,7.870929046337252,0,0,538,0.0,0.0,0.3,0.15,0.15,0.05,0.35,48,182.77925034998557,360.3968620300293,55,1.6182037353515626,5696.0771484375,7.606176458773118,0,0,539,0.0,0.0,0.3,0.15,0.15,0.1,0.3
540,AlwaysCompact_C128,3,COMPACT_128KB,-0.131875,-0.055,0.184426,0,48,182.77925034998557,360.3968620300293,55,1.6182037353515626,5696.0771484375,7.606176458773118,0,0,539,0.0,0.0,0.3,0.15,0.15,0.1,0.3,50,183.21354406459972,503.69763374328613,55,1.6194091796875,5700.3203125,7.369325732512251,0,0,540,0.0,0.0,0.3,0.15,0.15,0.1,0.3
541,AlwaysCompact_C128,3,COMPACT_128KB,0.160625,-0.055,0.180808,0,50,183.21354406459972,503.69763374328613,55,1.6194091796875,5700.3203125,7.369325732512251,0,0,540,0.0,0.0,0.3,0.15,0.15,0.1,0.3,61,195.05282345398254,684.5862865447998,55,1.6209062056107955,5705.58984375,7.1283551612505915,0,0,541,0.0,0.0,0.3,0.1,0.2,0.1,0.3
542,AlwaysCompact_C128,3,COMPACT_128KB,0.160625,-0.055,0.187739,0,61,195.05282345398254,684.5862865447998,55,1.6209062056107955,5705.58984375,7.1283551612505915,0,0,541,0.0,0.0,0.3,0.1,0.2,0.1,0.3,70,254.9226335754914,338.06562423706055,55,1.6226079767400567,5711.580078125,6.933142922009057,0,0,542,0.0,0.0,0.3,0.1,0.2,0.1,0.3
543,AlwaysCompact_C128,3,COMPACT_128KB,-0.131875,-0.055,0.186311,0,70,254.9226335754914,338.06562423706055,55,1.6226079767400567,5711.580078125,6.933142922009057,0,0,542,0.0,0.0,0.3,0.1,0.2,0.1,0.3,49,180.12443185503167,409.4560146331787,55,1.6239912553267046,5716.44921875,6.840950593615833,0,0,543,0.0,0.0,0.35,0.1,0.2,0.1,0.25
544,AlwaysCompact_C128,3,COMPACT_128KB,0.1605,-0.055,0.183096,0,49,180.12443185503167,409.4560146331787,55,1.6239912553267046,5716.44921875,6.840950593615833,0,0,543,0.0,0.0,0.35,0.1,0.2,0.1,0.25,67,240.95687754017115,565.2034282684326,56,1.5974006652832031,5725.083984375,14.42671814100237,0,0,544,0.0,0.0,0.3,0.15,0.2,0.1,0.25
545,AlwaysCompact_C128,3,COMPACT_128KB,0.1605,-0.055,0.185655,0,67,240.95687754017115,565.2034282684326,56,1.5974006652832031,5725.083984375,14.42671814100237,0,0,544,0.0,0.0,0.3,0.15,0.2,0.1,0.25,54,136.8395329054211,437.239408493042,56,1.5987649645124162,5729.9736328125,13.853329966708088,0,0,545,0.0,0.0,0.25,0.15,0.2,0.15,0.25
546,AlwaysCompact_C128,3,COMPACT_128KB,0.1605,-0.055,0.182772,0,54,136.8395329054211,437.239408493042,56,1.5987649645124162,5729.9736328125,13.853329966708088,0,0,545,0.0,0.0,0.25,0.15,0.2,0.15,0.25,71,207.77238191055747,581.3958644866943,56,1.6004407065255302,5735.9794921875,13.159261128167449,0,0,546,0.0,0.0,0.25,0.15,0.2,0.2,0.2
547,AlwaysCompact_C128,3,COMPACT_128KB,0.1605,-0.055,0.186307,0,71,207.77238191055747,581.3958644866943,56,1.6004407065255302,5735.9794921875,13.159261128167449,0,0,546,0.0,0.0,0.25,0.15,0.2,0.2,0.2,54,174.22332716928767,404.64115142822266,56,1.6017118181501115,5740.53515625,12.64135468028075,0,0,547,0.0,0.0,0.25,0.15,0.2,0.2,0.2
548,AlwaysCompact_C128,3,COMPACT_128KB,-0.132,-0.055,0.187038,0,54,174.22332716928767,404.64115142822266,56,1.6017118181501115,5740.53515625,12.64135468028075,0,0,547,0.0,0.0,0.25,0.15,0.2,0.2,0.2,42,161.32691911435424,368.0994510650635,56,1.6027178083147322,5744.140625,12.237402507319297,0,0,548,0.0,0.0,0.25,0.15,0.2,0.2,0.2
549,AlwaysCompact_C128,3,COMPACT_128KB,0.1605,-0.055,0.185719,0,42,161.32691911435424,368.0994510650635,56,1.6027178083147322,5744.140625,12.237402507319297,0,0,548,0.0,0.0,0.25,0.15,0.2,0.2,0.2,53,197.31208770920762,434.0708255767822,56,1.6039788382393974,5748.66015625,11.739339160933548,0,0,549,0.0,0.0,0.25,0.15,0.2,0.2,0.2
550,AlwaysCompact_C128,3,COMPACT_128KB,0.1605,-0.055,0.189135,0,53,197.31208770920762,434.0708255767822,56,1.6039788382393974,5748.66015625,11.739339160933548,0,0,549,0.0,0.0,0.25,0.15,0.2,0.2,0.2,63,231.01617473363402,263.25201988220215,56,1.6054889133998327,5754.072265625,11.156681149960846,0,0,550,0.0,0.0,0.25,0.15,0.2,0.2,0.2
551,AlwaysCompact_C128,3,COMPACT_128KB,0.1605,-0.055,0.180901,0,63,231.01617473363402,263.25201988220215,56,1.6054889133998327,5754.072265625,11.156681149960846,0,0,550,0.0,0.0,0.25,0.15,0.2,0.2,0.2,57,217.78707681544398,674.9298572540283,56,1.6068455832345145,5758.9345703125,10.64792552187208,0,0,551,0.0,0.0,0.2,0.15,0.25,0.2,0.2
552,AlwaysCompact_C128,3,COMPACT_128KB,0.1605,-0.055,0.187187,0,57,217.78707681544398,674.9298572540283,56,1.6068455832345145,5758.9345703125,10.64792552187208,0,0,551,0.0,0.0,0.2,0.15,0.25,0.2,0.2,61,150.78195089926086,360.6717586517334,56,1.6083115168980189,5764.1884765625,10.116361679561006,0,0,552,0.0,0.0,0.15,0.2,0.25,0.2,0.2
553,AlwaysCompact_C128,3,COMPACT_128KB,0.1605,-0.055,0.187258,0,61,150.78195089926086,360.6717586517334,56,1.6083115168980189,5764.1884765625,10.116361679561006,0,0,552,0.0,0.0,0.15,0.2,0.25,0.2,0.2,73,267.96442592965354,357.0871353149414,56,1.6100635528564453,5770.4677734375,9.510114790076248,0,0,553,0.0,0.0,0.15,0.25,0.2,0.2,0.2
554,AlwaysCompact_C128,3,COMPACT_128KB,0.1605,-0.055,0.187034,0,73,267.96442592965354,357.0871353149414,56,1.6100635528564453,5770.4677734375,9.510114790076248,0,0,553,0.0,0.0,0.15,0.25,0.2,0.2,0.2,66,248.76823160753392,368.27826499938965,56,1.6116572788783483,5776.1796875,8.991217844137719,0,0,554,0.0,0.0,0.15,0.3,0.2,0.2,0.15
555,AlwaysCompact_C128,3,COMPACT_128KB,0.1605,-0.055,0.186023,0,66,248.76823160753392,368.27826499938965,56,1.6116572788783483,5776.1796875,8.991217844137719,0,0,554,0.0,0.0,0.15,0.3,0.2,0.2,0.15,55,202.65933876717696,418.8382625579834,56,1.6129657200404577,5780.869140625,8.592509811538926,0,0,555,0.0,0.0,0.15,0.3,0.2,0.25,0.1
556,AlwaysCompact_C128,3,COMPACT_128KB,-0.132,-0.055,0.186023,0,55,202.65933876717696,418.8382625579834,56,1.6129657200404577,5780.869140625,8.592509811538926,0,0,555,0.0,0.0,0.15,0.3,0.2,0.25,0.1,47,169.640077723908,418.83397102355957,56,1.614104952130999,5784.9521484375,8.268415813689915,0,0,556,0.0,0.0,0.2,0.3,0.15,0.25,0.1
557,AlwaysCompact_C128,3,COMPACT_128KB,-0.132,-0.055,0.184928,0,47,169.640077723908,418.83397102355957,56,1.614104952130999,5784.9521484375,8.268415813689915,0,0,556,0.0,0.0,0.2,0.3,0.15,0.25,0.1,49,183.4808136970794,473.6042022705078,56,1.6152572631835938,5789.08203125,7.965244707875368,0,0,557,0.0,0.0,0.25,0.3,0.15,0.25,0.05
558,AlwaysCompact_C128,3,COMPACT_128KB,-0.132,-0.055,0.185824,0,49,183.4808136970794,473.6042022705078,56,1.6152572631835938,5789.08203125,7.965244707875368,0,0,557,0.0,0.0,0.25,0.3,0.15,0.25,0.05,33,119.97998658143973,428.8208484649658,56,1.616039821079799,5791.88671875,7.774965544575014,0,0,558,0.0,0.0,0.3,0.3,0.1,0.25,0.05
559,AlwaysCompact_C128,3,COMPACT_128KB,0.1605,-0.055,0.189087,0,33,119.97998658143973,428.8208484649658,56,1.616039821079799,5791.88671875,7.774965544575014,0,0,558,0.0,0.0,0.3,0.3,0.1,0.25,0.05,76,267.34625919831456,265.6707763671875,56,1.6178569793701172,5798.3994140625,7.387759412374993,0,0,559,0.0,0.0,0.3,0.3,0.1,0.2,0.1
560,AlwaysCompact_C128,3,COMPACT_128KB,0.1605,-0.055,0.181345,0,76,267.34625919831456,265.6707763671875,56,1.6178569793701172,5798.3994140625,7.387759412374993,0,0,559,0.0,0.0,0.3,0.3,0.1,0.2,0.1,74,278.33291425066403,652.7318954467773,56,1.6196365356445312,5804.77734375,7.092073901746846,0,0,560,0.0,0.0,0.3,0.25,0.15,0.2,0.1
561,AlwaysCompact_C128,3,COMPACT_128KB,-0.132,-0.055,0.188841,0,74,278.33291425066403,652.7318954467773,56,1.6196365356445312,5804.77734375,7.092073901746846,0,0,560,0.0,0.0,0.3,0.25,0.15,0.2,0.1,32,114.6420284346426,277.94528007507324,56,1.6203962053571428,5807.5,6.993730397007299,0,0,561,0.0,0.0,0.3,0.25,0.1,0.2,0.15
562,AlwaysCompact_C128,3,COMPACT_128KB,0.1605,-0.055,0.187223,0,32,114.6420284346426,277.94528007507324,56,1.6203962053571428,5807.5,6.993730397007299,0,0,561,0.0,0.0,0.3,0.25,0.1,0.2,0.15,67,235.533543316062,358.8676452636719,56,1.6219991956438338,5813.2451171875,6.845287027268842,0,0,562,0.0,0.0,0.3,0.25,0.1,0.2,0.15
563,AlwaysCompact_C128,3,COMPACT_128KB,-0.132125,-0.055,0.185906,0,67,235.533543316062,358.8676452636719,56,1.6219991956438338,5813.2451171875,6.845287027268842,0,0,562,0.0,0.0,0.3,0.25,0.1,0.2,0.15,50,178.218622793674,419.6765422821045,57,1.5955098470052083,5820.419921875,14.486032709825265,0,0,563,0.0,0.0,0.3,0.25,0.1,0.2,0.15
564,AlwaysCompact_C128,3,COMPACT_128KB,0.160375,-0.055,0.180364,0,50,178.218622793674,419.6765422821045,57,1.5955098470052083,5820.419921875,14.486032709825265,0,0,563,0.0,0.0,0.3,0.25,0.1,0.2,0.15,65,191.09357235880177,696.8119144439697,57,1.5971302233244244,5826.3310546875,13.799117684572844,0,0,564,0.0,0.0,0.3,0.2,0.15,0.2,0.15
565,AlwaysCompact_C128,3,COMPACT_128KB,0.160375,-0.055,0.185994,0,65,191.09357235880177,696.8119144439697,57,1.5971302233244244,5826.3310546875,13.799117684572844,0,0,564,0.0,0.0,0.3,0.2,0.15,0.2,0.15,53,191.24178483524935,415.3022766113281,57,1.5982920328776042,5830.5693359375,13.313127815457623,0,0,565,0.0,0.0,0.35,0.2,0.15,0.15,0.15
566,AlwaysCompact_C128,3,COMPACT_128KB,0.160375,-0.055,0.180919,0,53,191.24178483524935,415.3022766113281,57,1.5982920328776042,5830.5693359375,13.313127815457623,0,0,565,0.0,0.0,0.35,0.2,0.15,0.15,0.15,62,226.17745295269307,669.0304279327393,57,1.5997555381373356,5835.908203125,12.709781718376354,0,0,566,0.0,0.0,0.35,0.2,0.2,0.1,0.15
567,AlwaysCompact_C128,3,COMPACT_128KB,0.160375,-0.055,0.187117,0,62,226.17745295269307,669.0304279327393,57,1.5997555381373356,5835.908203125,12.709781718376354,0,0,566,0.0,0.0,0.35,0.2,0.2,0.1,0.15,59,206.330849498272,359.15541648864746,57,1.601157740542763,5841.0234375,12.142222308493244,0,0,567,0.0,0.0,0.3,0.25,0.2,0.1,0.15
568,AlwaysCompact_C128,3,COMPACT_128KB,0.160375,-0.055,0.188842,0,59,206.330849498272,359.15541648864746,57,1.601157740542763,5841.0234375,12.142222308493244,0,0,567,0.0,0.0,0.3,0.25,0.2,0.1,0.15,61,219.002522548433,272.8915214538574,57,1.6025848388671875,5846.2294921875,11.57673655521556,0,0,568,0.0,0.0,0.3,0.25,0.2,0.05,0.2
569,AlwaysCompact_C128,3,COMPACT_128KB,0.160375,-0.055,0.188853,0,61,219.002522548433,272.8915214538574,57,1.6025848388671875,5846.2294921875,11.57673655521556,0,0,568,0.0,0.0,0.3,0.25,0.2,0.05,0.2,59,198.16106636600517,272.3550796508789,57,1.6039701762952303,5851.283203125,11.041296903142936,0,0,569,0.0,0.0,0.25,0.25,0.2,0.05,0.25
570,AlwaysCompact_C128,3,COMPACT_128KB,-0.132125,-0.055,0.18647,0,59,198.16106636600517,272.3550796508789,57,1.6039701762952303,5851.283203125,11.041296903142936,0,0,569,0.0,0.0,0.25,0.25,0.2,0.05,0.25,44,158.11764060779754,391.4792537689209,57,1.605001081500137,5855.0439453125,10.652682484281874,0,0,570,0.0,0.0,0.25,0.25,0.2,0.1,0.2
571,AlwaysCompact_C128,3,COMPACT_128KB,0.160375,-0.055,0.188988,0,44,158.11764060779754,391.4792537689209,57,1.605001081500137,5855.0439453125,10.652682484281874,0,0,570,0.0,0.0,0.25,0.25,0.2,0.1,0.2,59,218.95549291188655,265.5792236328125,57,1.6063885605126096,5860.10546875,10.144774388456414,0,0,571,0.0,0.0,0.25,0.25,0.15,0.1,0.25
572,AlwaysCompact_C128,3,COMPACT_128KB,-0.132125,-0.055,0.180588,0,59,218.95549291188655,265.5792236328125,57,1.6063885605126096,5860.10546875,10.144774388456414,0,0,571,0.0,0.0,0.25,0.25,0.15,0.1,0.25,47,120.21580905221305,685.6043338775635,57,1.6075059321888707,5864.181640625,9.750030402465912,0,0,572,0.0,0.0,0.25,0.2,0.2,0.1,0.25
573,AlwaysCompact_C128,3,COMPACT_128KB,-0.132125,-0.055,0.180299,0,47,120.21580905221305,685.6043338775635,57,1.6075059321888707,5864.181640625,9.750030402465912,0,0,572,0.0,0.0,0.25,0.2,0.2,0.1,0.25,37,137.18253170576904,700.0656127929688,57,1.6083780924479167,5867.36328125,9.45189425140401,0,0,573,0.0,0.0,0.25,0.15,0.25,0.1,0.25
574,AlwaysCompact_C128,3,COMPACT_128KB,-0.132125,-0.055,0.187128,0,37,137.18253170576904,700.0656127929688,57,1.6083780924479167,5867.36328125,9.45189425140401,0,0,573,0.0,0.0,0.25,0.15,0.25,0.1,0.25,48,167.03470179159012,358.61992835998535,57,1.6095096521210253,5871.4912109375,9.079658499069271,0,0,574,0.0,0.0,0.25,0.1,0.25,0.15,0.25
575,AlwaysCompact_C128,3,COMPACT_128KB,-0.132125,-0.055,0.187393,0,48,167.03470179159012,358.61992835998535,57,1.6095096521210253,5871.4912109375,9.079658499069271,0,0,574,0.0,0.0,0.25,0.1,0.25,0.15,0.25,37,132.59369179400073,345.36266326904297,57,1.6103759230228893,5874.6513671875,8.807007516440917,0,0,575,0.0,0.0,0.25,0.1,0.25,0.15,0.25
576,AlwaysCompact_C128,3,COMPACT_128KB,-0.132125,-0.055,0.187528,0,37,132.59369179400073,345.36266326904297,57,1.6103759230228893,5874.6513671875,8.807007516440917,0,0,575,0.0,0.0,0.25,0.1,0.25,0.15,0.25,43,157.3479669661443,338.5753631591797,57,1.6113854123834979,5878.333984375,8.504256892088076,0,0,576,0.0,0.0,0.2,0.15,0.25,0.15,0.25
577,AlwaysCompact_C128,3,COMPACT_128KB,0.160375,-0.055,0.187235,0,43,157.3479669661443,338.5753631591797,57,1.6113854123834979,5878.333984375,8.504256892088076,0,0,576,0.0,0.0,0.2,0.15,0.25,0.15,0.25,57,171.23691363568972,353.24645042419434,57,1.6131583765933388,5884.8017578125,8.016819559063808,0,0,577,0.0,0.0,0.15,0.2,0.25,0.15,0.25
578,AlwaysCompact_C128,3,COMPACT_128KB,0.160375,-0.055,0.186349,0,57,171.23691363568972,353.24645042419434,57,1.6131583765933388,5884.8017578125,8.016819559063808,0,0,577,0.0,0.0,0.15,0.2,0.25,0.15,0.25,74,269.9070182425957,397.5486755371094,57,1.6144789310923793,5889.619140625,7.695782562843241,0,0,578,0.0,0.0,0.15,0.2,0.25,0.15,0.25
579,AlwaysCompact_C128,3,COMPACT_128KB,0.160375,-0.055,0.187299,0,74,269.9070182425957,397.5486755371094,57,1.6144789310923793,5889.619140625,7.695782562843241,0,0,578,0.0,0.0,0.15,0.2,0.25,0.15,0.25,75,274.77926660959804,350.05784034729004,57,1.6162187007435582,5895.9658203125,7.336379694697004,0,0,579,0.0,0.0,0.15,0.25,0.25,0.15,0.2
580,AlwaysCompact_C128,3,COMPACT_128KB,0.160375,-0.055,0.186122,0,75,274.77926660959804,350.05784034729004,57,1.6162187007435582,5895.9658203125,7.336379694697004,0,0,579,0.0,0.0,0.15,0.25,0.25,0.15,0.2,77,282.417545209696,408.8773727416992,57,1.6180331581517269,5902.5849609375,7.049368215665826,0,0,580,0.0,0.0,0.2,0.25,0.2,0.15,0.2
581,AlwaysCompact_C128,3,COMPACT_128KB,0.160375,-0.055,0.188984,0,77,282.417545209696,408.8773727416992,57,1.6180331581517269,5902.5849609375,7.049368215665826,0,0,580,0.0,0.0,0.2,0.25,0.2,0.15,0.2,65,242.09675886829012,265.81597328186035,57,1.6195662649054277,5908.177734375,6.884995392084904,0,0,581,0.0,0.0,0.2,0.25,0.2,0.15,0.2
582,AlwaysCompact_C128,3,COMPACT_128KB,0.160375,-0.055,0.181347,0,65,242.09675886829012,265.81597328186035,57,1.6195662649054277,5908.177734375,6.884995392084904,0,0,581,0.0,0.0,0.2,0.25,0.2,0.15,0.2,76,277.99109255320354,647.6340293884277,57,1.62135368481017,5914.6982421875,6.791059519727833,0,0,582,0.0,0.0,0.2,0.2,0.25,0.15,0.2
583,AlwaysCompact_C128,3,COMPACT_128KB,-0.13225,-0.055,0.187335,0,76,277.99109255320354,647.6340293884277,57,1.62135368481017,5914.6982421875,6.791059519727833,0,0,582,0.0,0.0,0.2,0.2,0.25,0.15,0.2,40,155.13845954680588,343.250036239624,58,1.595079882391568,5920.9365234375,14.467397798918872,0,0,583,0.0,0.0,0.15,0.2,0.25,0.2,0.2
584,AlwaysCompact_C128,3,COMPACT_128KB,0.16025,-0.055,0.185644,0,40,155.13845954680588,343.250036239624,58,1.595079882391568,5920.9365234375,14.467397798918872,0,0,583,0.0,0.0,0.15,0.2,0.25,0.2,0.2,72,264.604917610485,427.7968406677246,58,1.596772029482085,5927.2177734375,13.742696426029156,0,0,584,0.0,0.0,0.2,0.2,0.2,0.2,0.2
585,AlwaysCompact_C128,3,COMPACT_128KB,0.16025,-0.055,0.186985,0,72,264.604917610485,427.7968406677246,58,1.596772029482085,5927.2177734375,13.742696426029156,0,0,584,0.0,0.0,0.2,0.2,0.2,0.2,0.2,51,184.49015104406092,360.73827743530273,58,1.5979643196895206,5931.6435546875,13.23910546509433,0,0,585,0.0,0.0,0.15,0.2,0.2,0.25,0.2
586,AlwaysCompact_C128,3,COMPACT_128KB,0.16025,-0.055,0.186486,0,51,184.49015104406092,360.73827743530273,58,1.5979643196895206,5931.6435546875,13.23910546509433,0,0,585,0.0,0.0,0.15,0.2,0.2,0.25,0.2,69,244.0506506736108,385.7085704803467,58,1.5995925377155173,5937.6875,12.56221043485616,0,0,586,0.0,0.0,0.2,0.2,0.15,0.25,0.2
587,AlwaysCompact_C128,3,COMPACT_128KB,0.16025,-0.055,0.186926,0,69,244.0506506736108,385.7085704803467,58,1.5995925377155173,5937.6875,12.56221043485616,0,0,586,0.0,0.0,0.2,0.2,0.15,0.25,0.2,67,242.2212982212982,363.7127876281738,58,1.6012620597050107,5943.884765625,11.883150896789058,0,0,587,0.0,0.0,0.2,0.2,0.15,0.25,0.2
588,AlwaysCompact_C128,3,COMPACT_128KB,0.16025,-0.055,0.186066,0,67,242.2212982212982,363.7127876281738,58,1.6012620597050107,5943.884765625,11.883150896789058,0,0,587,0.0,0.0,0.2,0.2,0.15,0.25,0.2,52,191.66732546582432,406.7091941833496,58,1.6023017620218212,5947.744140625,11.469124591971356,0,0,588,0.0,0.0,0.25,0.2,0.15,0.25,0.15
589,AlwaysCompact_C128,3,COMPACT_128KB,-0.13225,-0.055,0.186338,0,52,191.66732546582432,406.7091941833496,58,1.6023017620218212,5947.744140625,11.469124591971356,0,0,588,0.0,0.0,0.25,0.2,0.15,0.25,0.15,37,136.18873978074902,393.1119441986084,58,1.603160726613012,5950.9326171875,11.132858365220365,0,0,589,0.0,0.0,0.3,0.2,0.15,0.25,0.1
590,AlwaysCompact_C128,3,COMPACT_128KB,-0.13225,-0.055,0.181825,0,37,136.18873978074902,393.1119441986084,58,1.603160726613012,5950.9326171875,11.132858365220365,0,0,589,0.0,0.0,0.3,0.2,0.15,0.25,0.1,35,131.21668983209165,618.7324523925781,58,1.6039710209287446,5953.9404296875,10.820916233384759,0,0,590,0.0,0.0,0.3,0.2,0.2,0.2,0.1
591,AlwaysCompact_C128,3,COMPACT_128KB,-0.13225,-0.055,0.185975,0,35,131.21668983209165,618.7324523925781,58,1.6039710209287446,5953.9404296875,10.820916233384759,0,0,590,0.0,0.0,0.3,0.2,0.2,0.2,0.1,50,172.49237946560027,411.2544059753418,58,1.605127531906654,5958.2333984375,10.385480524186988,0,0,591,0.0,0.0,0.35,0.2,0.2,0.2,0.05
592,AlwaysCompact_C128,3,COMPACT_128KB,-0.13225,-0.055,0.187202,0,50,172.49237946560027,411.2544059753418,58,1.605127531906654,5958.2333984375,10.385480524186988,0,0,591,0.0,0.0,0.35,0.2,0.2,0.2,0.05,35,130.6279814950432,349.9023914337158,58,1.6059380893049569,5961.2421875,10.087873489507652,0,0,592,0.0,0.0,0.35,0.2,0.15,0.25,0.05
593,AlwaysCompact_C128,3,COMPACT_128KB,-0.13225,-0.055,0.183988,0,35,130.6279814950432,349.9023914337158,58,1.6059380893049569,5961.2421875,10.087873489507652,0,0,592,0.0,0.0,0.35,0.2,0.15,0.25,0.05,45,166.4964273742524,510.61129570007324,58,1.606982527108028,5965.119140625,9.714646334310704,0,0,593,0.0,0.0,0.4,0.2,0.1,0.25,0.05
594,AlwaysCompact_C128,3,COMPACT_128KB,-0.13225,-0.055,0.186562,0,45,166.4964273742524,510.61129570007324,58,1.606982527108028,5965.119140625,9.714646334310704,0,0,593,0.0,0.0,0.4,0.2,0.1,0.25,0.05,47,142.32114259888834,381.8793296813965,58,1.6080698473700161,5969.1552734375,9.33973888650224,0,0,594,0.0,0.0,0.4,0.2,0.1,0.25,0.05
595,AlwaysCompact_C128,3,COMPACT_128KB,-0.13225,-0.055,0.18148,0,47,142.32114259888834,381.8793296813965,58,1.6080698473700161,5969.1552734375,9.33973888650224,0,0,594,0.0,0.0,0.4,0.2,0.1,0.25,0.05,31,113.30385407698394,635.9937191009521,58,1.6087964814284752,5971.8525390625,9.097797139756992,0,0,595,0.0,0.0,0.4,0.2,0.15,0.2,0.05
596,AlwaysCompact_C128,3,COMPACT_128KB,-0.13225,-0.055,0.185349,0,31,113.30385407698394,635.9937191009521,58,1.6087964814284752,5971.8525390625,9.097797139756992,0,0,595,0.0,0.0,0.4,0.2,0.15,0.2,0.05,33,115.71325671061828,442.5382614135742,58,1.6095594208816002,5974.6845703125,8.851904277961049,0,0,596,0.0,0.0,0.4,0.15,0.15,0.25,0.05
597,AlwaysCompact_C128,3,COMPACT_128KB,0.16025,-0.055,0.186976,0,33,115.71325671061828,442.5382614135742,58,1.6095594208816002,5974.6845703125,8.851904277961049,0,0,596,0.0,0.0,0.4,0.15,0.15,0.25,0.05,74,262.7994448993139,361.1865043640137,58,1.6112749823208512,5981.052734375,8.333163173159061,0,0,597,0.0,0.0,0.4,0.1,0.15,0.3,0.05
598,AlwaysCompact_C128,3,COMPACT_128KB,-0.13225,-0.055,0.186242,0,74,262.7994448993139,361.1865043640137,58,1.6112749823208512,5981.052734375,8.333163173159061,0,0,597,0.0,0.0,0.4,0.1,0.15,0.3,0.05,39,136.9932247847257,397.8757858276367,58,1.6121594659213363,5984.3359375,8.08652495611744,0,0,598,0.0,0.0,0.4,0.1,0.15,0.3,0.05
599,AlwaysCompact_C128,3,COMPACT_128KB,-0.13225,-0.055,0.186528,0,39,136.9932247847257,397.8757858276367,58,1.6121594659213363,5984.3359375,8.08652495611744,0,0,598,0.0,0.0,0.4,0.1,0.15,0.3,0.05,41,151.31153201126963,383.58283042907715,58,1.6131136664028825,5987.8779296875,7.838352007842317,0,0,599,0.0,0.0,0.4,0.05,0.15,0.35,0.05
600,AlwaysCompact_C128,3,COMPACT_128KB,-0.13225,-0.055,0.181074,0,41,151.31153201126963,383.58283042907715,58,1.6131136664028825,5987.8779296875,7.838352007842317,0,0,599,0.0,0.0,0.4,0.05,0.15,0.35,0.05,49,179.34339590370718,656.2867164611816,58,1.6142486046100486,5992.0908203125,7.569830908733899,0,0,600,0.0,0.0,0.35,0.05,0.2,0.35,0.05
601,AlwaysCompact_C128,3,COMPACT_128KB,0.16025,-0.055,0.187231,0,49,179.34339590370718,656.2867164611816,58,1.6142486046100486,5992.0908203125,7.569830908733899,0,0,600,0.0,0.0,0.35,0.05,0.2,0.35,0.05,68,235.27468005879956,348.42801094055176,58,1.6158339401771282,5997.9755859375,7.24896650109745,0,0,601,0.0,0.0,0.35,0.05,0.2,0.4,0.0
602,AlwaysCompact_C128,3,COMPACT_128KB,0.16025,-0.055,0.185914,0,68,235.27468005879956,348.42801094055176,58,1.6158339401771282,5997.9755859375,7.24896650109745,0,0,601,0.0,0.0,0.35,0.05,0.2,0.4,0.0,52,147.54189616100118,414.2799377441406,58,1.6170391214304958,6002.44921875,7.0520798365547614,0,0,602,0.0,0.0,0.4,0.05,0.15,0.4,0.0
603,AlwaysCompact_C128,3,COMPACT_128KB,-0.13225,-0.055,0.187117,0,52,147.54189616100118,414.2799377441406,58,1.6170391214304958,6002.44921875,7.0520798365547614,0,0,602,0.0,0.0,0.4,0.05,0.15,0.4,0.0,38,104.56063404134441,354.1593551635742,58,1.6179275512695312,6005.7470703125,6.935276431217335,0,0,603,0.0,0.0,0.4,0.05,0.15,0.4,0.0
604,AlwaysCompact_C128,3,COMPACT_128KB,-0.13225,-0.055,0.187156,0,38,104.56063404134441,354.1593551635742,58,1.6179275512695312,6005.7470703125,6.935276431217335,0,0,603,0.0,0.0,0.4,0.05,0.15,0.4,0.0,45,118.75421866859952,352.21195220947266,58,1.6189748829808728,6009.634765625,6.830352750456343,0,0,604,0.0,0.0,0.35,0.05,0.15,0.45,0.0
605,AlwaysCompact_C128,3,COMPACT_128KB,0.16025,-0.055,0.187271,0,45,118.75421866859952,352.21195220947266,58,1.6189748829808728,6009.634765625,6.830352750456343,0,0,604,0.0,0.0,0.35,0.05,0.15,0.45,0.0,62,158.04130212296315,346.4646339416504,58,1.6203931611159752,6014.8994140625,6.747486547011042,0,0,605,0.0,0.0,0.35,0.05,0.15,0.45,0.0
606,AlwaysCompact_C128,3,COMPACT_128KB,-0.132375,-0.055,0.186715,0,62,158.04130212296315,346.4646339416504,58,1.6203931611159752,6014.8994140625,6.747486547011042,0,0,605,0.0,0.0,0.35,0.05,0.15,0.45,0.0,39,97.34905491384693,369.25220489501953,59,1.5945706125033103,6021.0986328125,14.348732529567418,0,0,606,0.0,0.0,0.3,0.05,0.15,0.5,0.0
607,AlwaysCompact_C128,3,COMPACT_128KB,-0.132375,-0.055,0.188857,0,39,97.34905491384693,369.25220489501953,59,1.5945706125033103,6021.0986328125,14.348732529567418,0,0,606,0.0,0.0,0.3,0.05,0.15,0.5,0.0,46,136.37593046408873,262.16745376586914,59,1.5956224344544492,6025.0703125,13.89337781269579,0,0,607,0.0,0.0,0.3,0.0,0.15,0.5,0.05
608,AlwaysCompact_C128,3,COMPACT_128KB,0.160125,-0.055,0.188744,0,46,136.37593046408873,262.16745376586914,59,1.5956224344544492,6025.0703125,13.89337781269579,0,0,607,0.0,0.0,0.3,0.0,0.15,0.5,0.05,66,210.22483596597812,267.78244972229004,59,1.5971283993478549,6030.7568359375,13.249303056234444,0,0,608,0.0,0.0,0.25,0.0,0.15,0.5,0.1
609,AlwaysCompact_C128,3,COMPACT_128KB,0.160125,-0.055,0.186956,0,66,210.22483596597812,267.78244972229004,59,1.5971283993478549,6030.7568359375,13.249303056234444,0,0,608,0.0,0.0,0.25,0.0,0.15,0.5,0.1,59,161.13608444110187,357.2061061859131,59,1.5984701382911812,6035.8232421875,12.684316785767015,0,0,609,0.0,0.0,0.2,0.0,0.15,0.55,0.1
610,AlwaysCompact_C128,3,COMPACT_128KB,-0.132375,-0.055,0.18695,0,59,161.13608444110187,357.2061061859131,59,1.5984701382911812,6035.8232421875,12.684316785767015,0,0,609,0.0,0.0,0.2,0.0,0.15,0.55,0.1,49,138.15054121945957,357.4995994567871,59,1.5995801505395921,6040.0146484375,12.224072617660003,0,0,610,0.0,0.0,0.2,0.05,0.1,0.55,0.1
611,AlwaysCompact_C128,3,COMPACT_128KB,0.160125,-0.055,0.187223,0,49,138.15054121945957,357.4995994567871,59,1.5995801505395921,6040.0146484375,12.224072617660003,0,0,610,0.0,0.0,0.2,0.05,0.1,0.55,0.1,80,251.5222922010653,343.8591957092285,59,1.601401636155985,6046.892578125,11.485055175113782,0,0,611,0.0,0.0,0.15,0.1,0.1,0.55,0.1
612,AlwaysCompact_C128,3,COMPACT_128KB,0.160125,-0.055,0.183777,0,80,251.5222922010653,343.8591957092285,59,1.601401636155985,6046.892578125,11.485055175113782,0,0,611,0.0,0.0,0.15,0.1,0.1,0.55,0.1,80,215.29815015623896,516.167163848877,59,1.6032174320544226,6053.7490234375,10.771993743967718,0,0,612,0.0,0.0,0.15,0.1,0.1,0.55,0.1
613,AlwaysCompact_C128,3,COMPACT_128KB,0.160125,-0.055,0.181775,0,80,215.29815015623896,516.167163848877,59,1.6032174320544226,6053.7490234375,10.771993743967718,0,0,612,0.0,0.0,0.15,0.1,0.1,0.55,0.1,58,154.08788096064535,616.2323951721191,59,1.6045283947960804,6058.69921875,10.27463903390503,0,0,613,0.0,0.0,0.15,0.1,0.1,0.55,0.1
614,AlwaysCompact_C128,3,COMPACT_128KB,0.160125,-0.055,0.18405,0,58,154.08788096064535,616.2323951721191,59,1.6045283947960804,6058.69921875,10.27463903390503,0,0,613,0.0,0.0,0.15,0.1,0.1,0.55,0.1,61,148.072583492198,502.4762153625488,59,1.6059208239539196,6063.95703125,9.765232816239898,0,0,614,0.0,0.0,0.15,0.1,0.1,0.55,0.1
615,AlwaysCompact_C128,3,COMPACT_128KB,0.160125,-0.055,0.186652,0,61,148.072583492198,502.4762153625488,59,1.6059208239539196,6063.95703125,9.765232816239898,0,0,614,0.0,0.0,0.15,0.1,0.1,0.55,0.1,65,137.32829414665525,372.40123748779297,59,1.6074006678694386,6069.544921875,9.248657306901135,0,0,615,0.0,0.0,0.15,0.1,0.05,0.55,0.15
616,AlwaysCompact_C128,3,COMPACT_128KB,0.160125,-0.055,0.183302,0,65,137.32829414665525,372.40123748779297,59,1.6074006678694386,6069.544921875,9.248657306901135,0,0,615,0.0,0.0,0.15,0.1,0.05,0.55,0.15,72,167.00107890733398,539.8874282836914,59,1.6090434446173199,6075.748046875,8.71055708388703,0,0,616,0.0,0.0,0.15,0.1,0.05,0.55,0.15
617,AlwaysCompact_C128,3,COMPACT_128KB,0.160125,-0.055,0.183105,0,72,167.00107890733398,539.8874282836914,59,1.6090434446173199,6075.748046875,8.71055708388703,0,0,616,0.0,0.0,0.15,0.1,0.05,0.55,0.15,80,187.81387221052077,549.7519969940186,59,1.6109381206965043,6082.90234375,8.145417523845385,0,0,617,0.0,0.0,0.15,0.1,0.05,0.55,0.15
618,AlwaysCompact_C128,3,COMPACT_128KB,-0.132375,-0.055,0.182202,0,80,187.81387221052077,549.7519969940186,59,1.6109381206965043,6082.90234375,8.145417523845385,0,0,617,0.0,0.0,0.15,0.1,0.05,0.55,0.15,44,115.08499418804783,594.9032306671143,59,1.6119304592326535,6086.6494140625,7.877241145336291,0,0,618,0.0,0.0,0.1,0.1,0.05,0.6,0.15
619,AlwaysCompact_C128,3,COMPACT_128KB,0.160125,-0.055,0.183727,0,44,115.08499418804783,594.9032306671143,59,1.6119304592326535,6086.6494140625,7.877241145336291,0,0,618,0.0,0.0,0.1,0.1,0.05,0.6,0.15,58,122.72677750283144,518.6367034912109,59,1.6132491806806144,6091.62890625,7.554950263922584,0,0,619,0.0,0.0,0.1,0.1,0.05,0.6,0.15
620,AlwaysCompact_C128,3,COMPACT_128KB,0.160125,-0.055,0.185794,0,58,122.72677750283144,518.6367034912109,59,1.6132491806806144,6091.62890625,7.554950263922584,0,0,619,0.0,0.0,0.1,0.1,0.05,0.6,0.15,79,166.090067077627,415.3108596801758,59,1.6150404073424258,6098.392578125,7.188028218479805,0,0,620,0.0,0.0,0.1,0.1,0.0,0.6,0.2
621,AlwaysCompact_C128,3,COMPACT_128KB,0.160125,-0.055,0.185362,0,79,166.090067077627,415.3108596801758,59,1.6150404073424258,6098.392578125,7.188028218479805,0,0,620,0.0,0.0,0.1,0.1,0.0,0.6,0.2,65,140.57094654865358,436.9063377380371,59,1.6165135270458157,6103.955078125,6.955646598074226,0,0,621,0.0,0.0,0.1,0.1,0.0,0.6,0.2
622,AlwaysCompact_C128,3,COMPACT_128KB,0.160125,-0.055,0.180899,0,65,140.57094654865358,436.9063377380371,59,1.6165135270458157,6103.955078125,6.955646598074226,0,0,621,0.0,0.0,0.1,0.1,0.0,0.6,0.2,78,175.54907400352218,660.0296497344971,59,1.6182882018008475,6110.65625,6.768631849139563,0,0,622,0.0,0.0,0.1,0.1,0.0,0.6,0.2
623,AlwaysCompact_C128,3,COMPACT_128KB,0.160125,-0.055,0.185392,0,78,175.54907400352218,660.0296497344971,59,1.6182882018008475,6110.65625,6.768631849139563,0,0,622,0.0,0.0,0.1,0.1,0.0,0.6,0.2,51,104.38596986068337,435.40000915527344,59,1.6194437317929025,6115.01953125,6.705329155378503,0,0,623,0.0,0.0,0.1,0.15,0.0,0.55,0.2
624,AlwaysCompact_C128,3,COMPACT_128KB,0.16,-0.055,0.184684,0,51,104.38596986068337,435.40000915527344,59,1.6194437317929025,6115.01953125,6.705329155378503,0,0,623,0.0,0.0,0.1,0.15,0.0,0.55,0.2,56,148.20778024354985,465.7912254333496,60,1.5944547017415365,6122.7060546875,14.059324721989077,0,0,624,0.0,0.0,0.1,0.15,0.0,0.55,0.2
625,AlwaysCompact_C128,3,COMPACT_128KB,0.16,-0.055,0.183006,0,56,148.20778024354985,465.7912254333496,60,1.5944547017415365,6122.7060546875,14.059324721989077,0,0,624,0.0,0.0,0.1,0.15,0.0,0.55,0.2,77,219.51691535762083,549.6950149536133,60,1.5962203979492187,6129.486328125,13.294489797680274,0,0,625,0.0,0.0,0.1,0.15,0.0,0.55,0.2
626,AlwaysCompact_C128,3,COMPACT_128KB,-0.1325,-0.055,0.186738,0,77,219.51691535762083,549.6950149536133,60,1.5962203979492187,6129.486328125,13.294489797680274,0,0,625,0.0,0.0,0.1,0.15,0.0,0.55,0.2,48,125.01325226242237,363.095760345459,60,1.5972732543945312,6133.529296875,12.845147345271803,0,0,626,0.0,0.0,0.1,0.15,0.0,0.55,0.2
627,AlwaysCompact_C128,3,COMPACT_128KB,0.16,-0.055,0.185969,0,48,125.01325226242237,363.095760345459,60,1.5972732543945312,6133.529296875,12.845147345271803,0,0,626,0.0,0.0,0.1,0.15,0.0,0.55,0.2,74,268.2192567806966,401.52573585510254,60,1.5989819844563802,6140.0908203125,12.128270299063006,0,0,627,0.0,0.0,0.15,0.15,0.0,0.55,0.15
628,AlwaysCompact_C128,3,COMPACT_128KB,0.16,-0.055,0.188483,0,74,268.2192567806966,401.52573585510254,60,1.5989819844563802,6140.0908203125,12.128270299063006,0,0,627,0.0,0.0,0.15,0.15,0.0,0.55,0.15,78,286.94320439314083,275.8307456970215,60,1.6006507873535156,6146.4990234375,11.445331361849645,0,0,628,0.0,0.0,0.15,0.15,0.0,0.55,0.15
629,AlwaysCompact_C128,3,COMPACT_128KB,0.16,-0.055,0.187034,0,78,286.94320439314083,275.8307456970215,60,1.6006507873535156,6146.4990234375,11.445331361849645,0,0,628,0.0,0.0,0.15,0.15,0.0,0.55,0.15,72,259.16984603765815,348.30307960510254,60,1.6022593180338542,6152.67578125,10.806170023172877,0,0,629,0.0,0.0,0.15,0.2,0.0,0.5,0.15
630,AlwaysCompact_C128,3,COMPACT_128KB,-0.1325,-0.055,0.182951,0,72,259.16984603765815,348.30307960510254,60,1.6022593180338542,6152.67578125,10.806170023172877,0,0,629,0.0,0.0,0.15,0.2,0.0,0.5,0.15,47,167.0199306612262,552.4618625640869,60,1.603296407063802,6156.658203125,10.405665943251933,0,0,630,0.0,0.0,0.15,0.15,0.0,0.55,0.15
631,AlwaysCompact_C128,3,COMPACT_128KB,-0.1325,-0.055,0.1808,0,47,167.0199306612262,552.4618625640869,60,1.603296407063802,6156.658203125,10.405665943251933,0,0,630,0.0,0.0,0.15,0.15,0.0,0.55,0.15,31,110.45096138735394,659.9769592285156,60,1.6039924621582031,6159.3310546875,10.142610569976334,0,0,631,0.0,0.0,0.15,0.1,0.05,0.55,0.15
632,AlwaysCompact_C128,3,COMPACT_128KB,-0.1325,-0.055,0.18847,0,31,110.45096138735394,659.9769592285156,60,1.6039924621582031,6159.3310546875,10.142610569976334,0,0,631,0.0,0.0,0.15,0.1,0.05,0.55,0.15,38,134.57300072190583,276.5018939971924,60,1.6048451741536458,6162.60546875,9.827269826665859,0,0,632,0.0,0.0,0.15,0.1,0.05,0.5,0.2
633,AlwaysCompact_C128,3,COMPACT_128KB,0.16,-0.055,0.186207,0,38,134.57300072190583,276.5018939971924,60,1.6048451741536458,6162.60546875,9.827269826665859,0,0,632,0.0,0.0,0.15,0.1,0.05,0.5,0.2,58,202.4119668445585,389.6310329437256,60,1.606145477294922,6167.5986328125,9.362716337553502,0,0,633,0.0,0.0,0.1,0.1,0.05,0.55,0.2
634,AlwaysCompact_C128,3,COMPACT_128KB,-0.1325,-0.055,0.17462,0,58,202.4119668445585,389.6310329437256,60,1.606145477294922,6167.5986328125,9.362716337553502,0,0,633,0.0,0.0,0.1,0.1,0.05,0.55,0.2,35,94.70520231213872,968.9795970916748,60,1.606933339436849,6170.6240234375,9.091933676087768,0,0,634,0.0,0.0,0.1,0.1,0.1,0.5,0.2
635,AlwaysCompact_C128,3,COMPACT_128KB,-0.1325,-0.055,0.185684,0,35,94.70520231213872,968.9795970916748,60,1.606933339436849,6170.6240234375,9.091933676087768,0,0,634,0.0,0.0,0.1,0.1,0.1,0.5,0.2,30,86.27834852911631,415.78125953674316,60,1.6076037089029949,6173.1982421875,8.868569617396414,0,0,635,0.0,0.0,0.15,0.1,0.1,0.5,0.15
636,AlwaysCompact_C128,3,COMPACT_128KB,0.16,-0.055,0.185579,0,30,86.27834852911631,415.78125953674316,60,1.6076037089029949,6173.1982421875,8.868569617396414,0,0,635,0.0,0.0,0.15,0.1,0.1,0.5,0.15,71,256.1290262652256,421.02861404418945,60,1.609229532877604,6179.44140625,8.357002277046721,0,0,636,0.0,0.0,0.15,0.1,0.1,0.5,0.15
637,AlwaysCompact_C128,3,COMPACT_128KB,0.16,-0.055,0.182655,0,71,256.1290262652256,421.02861404418945,60,1.609229532877604,6179.44140625,8.357002277046721,0,0,636,0.0,0.0,0.15,0.1,0.1,0.5,0.15,55,187.28478262105,567.2633647918701,60,1.6104604085286458,6184.16796875,8.002014533806388,0,0,637,0.0,0.0,0.2,0.1,0.1,0.45,0.15
638,AlwaysCompact_C128,3,COMPACT_128KB,0.16,-0.055,0.186756,0,55,187.28478262105,567.2633647918701,60,1.6104604085286458,6184.16796875,8.002014533806388,0,0,637,0.0,0.0,0.2,0.1,0.1,0.45,0.15,79,265.7887118212,362.18738555908203,60,1.612189483642578,6190.8076171875,7.558590053460044,0,0,638,0.0,0.0,0.2,0.1,0.1,0.45,0.15
639,AlwaysCompact_C128,3,COMPACT_128KB,0.16,-0.055,0.181242,0,79,265.7887118212,362.18738555908203,60,1.612189483642578,6190.8076171875,7.558590053460044,0,0,638,0.0,0.0,0.2,0.1,0.1,0.45,0.15,51,182.10705614334995,637.887716293335,60,1.6133288065592448,6195.1826171875,7.306771862371926,0,0,639,0.0,0.0,0.2,0.1,0.15,0.4,0.15
640,AlwaysCompact_C128,3,COMPACT_128KB,0.16,-0.055,0.186202,0,51,182.10705614334995,637.887716293335,60,1.6133288065592448,6195.1826171875,7.306771862371926,0,0,639,0.0,0.0,0.2,0.1,0.15,0.4,0.15,72,169.16732048477584,389.91713523864746,60,1.614936065673828,6201.3544921875,7.013771557758416,0,0,640,0.0,0.0,0.2,0.1,0.15,0.45,0.1
641,AlwaysCompact_C128,3,COMPACT_128KB,0.16,-0.055,0.186642,0,72,169.16732048477584,389.91713523864746,60,1.614936065673828,6201.3544921875,7.013771557758416,0,0,640,0.0,0.0,0.2,0.1,0.15,0.45,0.1,54,159.4288356941088,367.8913116455078,60,1.616161092122396,6206.05859375,6.844532308905053,0,0,641,0.0,0.0,0.2,0.1,0.15,0.45,0.1
642,AlwaysCompact_C128,3,COMPACT_128KB,0.16,-0.055,0.18863,0,54,159.4288356941088,367.8913116455078,60,1.616161092122396,6206.05859375,6.844532308905053,0,0,641,0.0,0.0,0.2,0.1,0.15,0.45,0.1,56,138.30312322985375,268.4783935546875,60,1.6174125671386719,6210.8642578125,6.724083252386015,0,0,642,0.0,0.0,0.15,0.1,0.15,0.45,0.15
643,AlwaysCompact_C128,3,COMPACT_128KB,0.16,-0.055,0.186902,0,56,138.30312322985375,268.4783935546875,60,1.6174125671386719,6210.8642578125,6.724083252386015,0,0,642,0.0,0.0,0.15,0.1,0.15,0.45,0.15,68,174.59192603311956,354.89869117736816,60,1.6189287821451823,6216.6865234375,6.653160883614163,0,0,643,0.0,0.0,0.15,0.05,0.15,0.5,0.15
644,AlwaysCompact_C128,3,COMPACT_128KB,0.159875,-0.055,0.186642,0,68,174.59192603311956,354.89869117736816,60,1.6189287821451823,6216.6865234375,6.653160883614163,0,0,643,0.0,0.0,0.15,0.05,0.15,0.5,0.15,77,184.56983688477465,362.9128932952881,61,1.5948328737352715,6226.2275390625,13.733040432793196,0,0,644,0.0,0.0,0.15,0.05,0.15,0.5,0.15
645,AlwaysCompact_C128,3,COMPACT_128KB,-0.132625,-0.055,0.185195,0,77,184.56983688477465,362.9128932952881,61,1.5948328737352715,6226.2275390625,13.733040432793196,0,0,644,0.0,0.0,0.15,0.05,0.15,0.5,0.15,40,99.98477929077693,435.244083404541,61,1.5957288898405482,6229.7255859375,13.341965827559441,0,0,645,0.0,0.0,0.15,0.05,0.15,0.45,0.2
646,AlwaysCompact_C128,3,COMPACT_128KB,-0.132625,-0.055,0.186244,0,40,99.98477929077693,435.244083404541,61,1.5957288898405482,6229.7255859375,13.341965827559441,0,0,645,0.0,0.0,0.15,0.05,0.15,0.45,0.2,48,115.71877097951939,382.80582427978516,61,1.5967772436923668,6233.818359375,12.88909662271699,0,0,646,0.0,0.0,0.15,0.05,0.15,0.45,0.2
647,AlwaysCompact_C128,3,COMPACT_128KB,-0.132625,-0.055,0.186806,0,48,115.71877097951939,382.80582427978516,61,1.5967772436923668,6233.818359375,12.88909662271699,0,0,646,0.0,0.0,0.15,0.05,0.15,0.45,0.2,39,97.65101750494142,354.71129417419434,61,1.5976394903464395,6237.1845703125,12.520783836582057,0,0,647,0.0,0.0,0.1,0.1,0.15,0.45,0.2
648,AlwaysCompact_C128,3,COMPACT_128KB,0.159875,-0.055,0.18397,0,39,97.65101750494142,354.71129417419434,61,1.5976394903464395,6237.1845703125,12.520783836582057,0,0,647,0.0,0.0,0.1,0.1,0.15,0.45,0.2,68,195.5665362947685,496.51145935058594,61,1.5991351018186475,6243.0234375,11.891923088228825,0,0,648,0.0,0.0,0.15,0.1,0.15,0.45,0.15
649,AlwaysCompact_C128,3,COMPACT_128KB,0.159875,-0.055,0.186594,0,68,195.5665362947685,496.51145935058594,61,1.5991351018186475,6243.0234375,11.891923088228825,0,0,648,0.0,0.0,0.15,0.1,0.15,0.45,0.15,52,133.6726725364759,365.30327796936035,61,1.6002775098456712,6247.4833984375,11.42121725435397,0,0,649,0.0,0.0,0.15,0.05,0.15,0.5,0.15
650,AlwaysCompact_C128,3,COMPACT_128KB,0.159875,-0.055,0.185733,0,52,133.6726725364759,365.30327796936035,61,1.6002775098456712,6247.4833984375,11.42121725435397,0,0,649,0.0,0.0,0.15,0.05,0.15,0.5,0.15,53,121.31997692554121,408.3273410797119,61,1.6014364273821722,6252.0078125,10.953463587370958,0,0,650,0.0,0.0,0.2,0.05,0.15,0.45,0.15
651,AlwaysCompact_C128,3,COMPACT_128KB,0.159875,-0.055,0.186362,0,53,121.31997692554121,408.3273410797119,61,1.6014364273821722,6252.0078125,10.953463587370958,0,0,650,0.0,0.0,0.2,0.05,0.15,0.45,0.15,77,272.6496421784524,376.8792152404785,61,1.6031161448994622,6258.5654296875,10.295662957099822,0,0,651,0.0,0.0,0.2,0.05,0.1,0.5,0.15
652,AlwaysCompact_C128,3,COMPACT_128KB,-0.132625,-0.055,0.18644,0,77,272.6496421784524,376.8792152404785,61,1.6031161448994622,6258.5654296875,10.295662957099822,0,0,651,0.0,0.0,0.2,0.05,0.1,0.5,0.15,31,109.7576599155356,373.00729751586914,61,1.6038000388223617,6261.2353515625,10.035614944862523,0,0,652,0.0,0.0,0.2,0.05,0.1,0.55,0.1
653,AlwaysCompact_C128,3,COMPACT_128KB,-0.132625,-0.055,0.185645,0,31,109.7576599155356,373.00729751586914,61,1.6038000388223617,6261.2353515625,10.035614944862523,0,0,652,0.0,0.0,0.2,0.05,0.1,0.55,0.1,32,110.28971302167047,412.74189949035645,61,1.6045031938396517,6263.98046875,9.773496850339294,0,0,653,0.0,0.0,0.25,0.05,0.1,0.5,0.1
654,AlwaysCompact_C128,3,COMPACT_128KB,0.159875,-0.055,0.186125,0,32,110.28971302167047,412.74189949035645,61,1.6045031938396517,6263.98046875,9.773496850339294,0,0,653,0.0,0.0,0.25,0.05,0.1,0.5,0.1,61,220.48669810987428,388.749361038208,61,1.6058489690061475,6269.234375,9.28830175262717,0,0,654,0.0,0.0,0.25,0.05,0.05,0.55,0.1
655,AlwaysCompact_C128,3,COMPACT_128KB,0.159875,-0.055,0.186294,0,61,220.48669810987428,388.749361038208,61,1.6058489690061475,6269.234375,9.28830175262717,0,0,654,0.0,0.0,0.25,0.05,0.05,0.55,0.1,60,202.7373193630559,380.28669357299805,61,1.60724127097208,6274.669921875,8.812299160989275,0,0,655,0.0,0.0,0.2,0.05,0.05,0.6,0.1
656,AlwaysCompact_C128,3,COMPACT_128KB,-0.132625,-0.055,0.185898,0,60,202.7373193630559,380.28669357299805,61,1.60724127097208,6274.669921875,8.812299160989275,0,0,655,0.0,0.0,0.2,0.05,0.05,0.6,0.1,48,163.02989215373478,400.10857582092285,61,1.6082225862096569,6278.5009765625,8.495054999296682,0,0,656,0.0,0.0,0.2,0.05,0.05,0.6,0.1
657,AlwaysCompact_C128,3,COMPACT_128KB,-0.132625,-0.055,0.186682,0,48,163.02989215373478,400.10857582092285,61,1.6082225862096569,6278.5009765625,8.495054999296682,0,0,656,0.0,0.0,0.2,0.05,0.05,0.6,0.1,42,148.59580110720935,360.8899116516113,61,1.6091848904969261,6282.2578125,8.200548244334039,0,0,657,0.0,0.0,0.15,0.05,0.05,0.65,0.1
658,AlwaysCompact_C128,3,COMPACT_128KB,0.159875,-0.055,0.184901,0,42,148.59580110720935,360.8899116516113,61,1.6091848904969261,6282.2578125,8.200548244334039,0,0,657,0.0,0.0,0.15,0.05,0.05,0.65,0.1,56,159.99622898815497,449.9683380126953,61,1.6104093457831712,6287.0380859375,7.852487159779948,0,0,658,0.0,0.0,0.15,0.05,0.05,0.65,0.1
659,AlwaysCompact_C128,3,COMPACT_128KB,-0.132625,-0.055,0.186374,0,56,159.99622898815497,449.9683380126953,61,1.6104093457831712,6287.0380859375,7.852487159779948,0,0,658,0.0,0.0,0.15,0.05,0.05,0.65,0.1,47,163.883449817563,376.2814998626709,61,1.6114501953125,6291.1015625,7.582945910887072,0,0,659,0.0,0.0,0.15,0.05,0.0,0.7,0.1
660,AlwaysCompact_C128,3,COMPACT_128KB,-0.132625,-0.055,0.186687,0,47,163.883449817563,376.2814998626709,61,1.6114501953125,6291.1015625,7.582945910887072,0,0,659,0.0,0.0,0.15,0.05,0.0,0.7,0.1,33,115.71074160459459,360.6271743774414,61,1.6121706102715163,6293.9140625,7.412047768349598,0,0,660,0.0,0.0,0.15,0.05,0.0,0.7,0.1
661,AlwaysCompact_C128,3,COMPACT_128KB,0.159875,-0.055,0.186396,0,33,115.71074160459459,360.6271743774414,61,1.6121706102715163,6293.9140625,7.412047768349598,0,0,660,0.0,0.0,0.15,0.05,0.0,0.7,0.1,78,273.1745155130189,375.1842975616455,61,1.6138873491130892,6300.6162109375,7.062376306246523,0,0,661,0.0,0.0,0.15,0.1,0.0,0.65,0.1
662,AlwaysCompact_C128,3,COMPACT_128KB,-0.132625,-0.055,0.186651,0,78,273.1745155130189,375.1842975616455,61,1.6138873491130892,6300.6162109375,7.062376306246523,0,0,661,0.0,0.0,0.15,0.1,0.0,0.65,0.1,32,111.73581217543035,362.46562004089355,61,1.6145602366963372,6303.2431640625,6.949468070214041,0,0,662,0.0,0.0,0.15,0.15,0.0,0.65,0.05
663,AlwaysCompact_C128,3,COMPACT_128KB,0.159875,-0.055,0.183768,0,32,111.73581217543035,362.46562004089355,61,1.6145602366963372,6303.2431640625,6.949468070214041,0,0,662,0.0,0.0,0.15,0.15,0.0,0.65,0.05,63,218.43563600171282,506.5882205963135,61,1.6159447841956966,6308.6484375,6.763991867016432,0,0,663,0.0,0.0,0.15,0.15,0.0,0.65,0.05
664,AlwaysCompact_C128,3,COMPACT_128KB,-0.132625,-0.055,0.185862,0,63,218.43563600171282,506.5882205963135,61,1.6159447841956966,6308.6484375,6.763991867016432,0,0,663,0.0,0.0,0.15,0.15,0.0,0.65,0.05,42,148.85571722269026,401.8862247467041,61,1.6168740694640114,6312.2763671875,6.676949928860398,0,0,664,0.0,0.0,0.15,0.15,0.0,0.65,0.05
665,AlwaysCompact_C128,3,COMPACT_128KB,0.159875,-0.055,0.186562,0,42,148.85571722269026,401.8862247467041,61,1.6168740694640114,6312.2763671875,6.676949928860398,0,0,664,0.0,0.0,0.15,0.15,0.0,0.65,0.05,79,285.49766371849165,366.8789863586426,61,1.6186288302061989,6319.126953125,6.599188365481763,0,0,665,0.0,0.0,0.15,0.15,0.0,0.7,0.0
666,AlwaysCompact_C128,3,COMPACT_128KB,0.15975,-0.055,0.17515,0,79,285.49766371849165,366.8789863586426,61,1.6186288302061989,6319.126953125,6.599188365481763,0,0,665,0.0,0.0,0.15,0.15,0.0,0.7,0.0,71,254.28489552646636,932.5199127197266,62,1.5948119624968498,6328.2138671875,13.67069516491898,0,0,666,0.0,0.0,0.15,0.15,0.05,0.65,0.0
667,AlwaysCompact_C128,3,COMPACT_128KB,0.15975,-0.055,0.188029,0,71,254.28489552646636,932.5199127197266,62,1.5948119624968498,6328.2138671875,13.67069516491898,0,0,666,0.0,0.0,0.15,0.15,0.05,0.65,0.0,56,202.48294316226495,288.5744571685791,62,1.596008054671749,6332.9599609375,13.144674669113547,0,0,667,0.0,0.0,0.15,0.1,0.05,0.65,0.05
668,AlwaysCompact_C128,3,COMPACT_128KB,-0.13275,-0.055,0.186514,0,56,202.48294316226495,288.5744571685791,62,1.596008054671749,6332.9599609375,13.144674669113547,0,0,667,0.0,0.0,0.15,0.1,0.05,0.65,0.05,49,164.67360762789951,364.28046226501465,62,1.5970717399351058,6337.1806640625,12.682622999841676,0,0,668,0.0,0.0,0.1,0.1,0.05,0.7,0.05
669,AlwaysCompact_C128,3,COMPACT_128KB,0.15975,-0.055,0.185701,0,49,164.67360762789951,364.28046226501465,62,1.5970717399351058,6337.1806640625,12.682622999841676,0,0,668,0.0,0.0,0.1,0.1,0.05,0.7,0.05,60,215.45731704706859,404.96373176574707,62,1.5983714442099295,6342.337890625,12.126315828936537,0,0,669,0.0,0.0,0.1,0.1,0.05,0.7,0.05
670,AlwaysCompact_C128,3,COMPACT_128KB,0.15975,-0.055,0.184824,0,60,215.45731704706859,404.96373176574707,62,1.5983714442099295,6342.337890625,12.126315828936537,0,0,669,0.0,0.0,0.1,0.1,0.05,0.7,0.05,62,218.0465110039149,448.7872123718262,62,1.5997078188004032,6347.640625,11.565092605110912,0,0,670,0.0,0.0,0.1,0.1,0.05,0.7,0.05
671,AlwaysCompact_C128,3,COMPACT_128KB,0.15975,-0.055,0.186389,0,62,218.0465110039149,448.7872123718262,62,1.5997078188004032,6347.640625,11.565092605110912,0,0,670,0.0,0.0,0.1,0.1,0.05,0.7,0.05,53,189.00007821932016,370.5465793609619,62,1.6008497668850807,6352.171875,11.095420014311586,0,0,671,0.0,0.0,0.1,0.1,0.05,0.7,0.05
672,AlwaysCompact_C128,3,COMPACT_128KB,0.15975,-0.055,0.186238,0,53,189.00007821932016,370.5465793609619,62,1.6008497668850807,6352.171875,11.095420014311586,0,0,671,0.0,0.0,0.1,0.1,0.05,0.7,0.05,73,256.49797019376564,378.08871269226074,62,1.602420437720514,6358.404296875,10.466689966701393,0,0,672,0.0,0.0,0.1,0.1,0.05,0.7,0.05
673,AlwaysCompact_C128,3,COMPACT_128KB,-0.13275,-0.055,0.186127,0,73,256.49797019376564,378.08871269226074,62,1.602420437720514,6358.404296875,10.466689966701393,0,0,672,0.0,0.0,0.1,0.1,0.05,0.7,0.05,46,159.68607379536894,383.65960121154785,62,1.6034154584330897,6362.3525390625,10.080263478843381,0,0,673,0.0,0.0,0.05,0.1,0.05,0.75,0.05
674,AlwaysCompact_C128,3,COMPACT_128KB,-0.13275,-0.055,0.186332,0,46,159.68607379536894,383.65960121154785,62,1.6034154584330897,6362.3525390625,10.080263478843381,0,0,673,0.0,0.0,0.05,0.1,0.05,0.75,0.05,42,149.26968498098972,373.38924407958984,62,1.6043223719443045,6365.951171875,9.737192919315454,0,0,674,0.0,0.0,0.05,0.1,0.05,0.75,0.05
675,AlwaysCompact_C128,3,COMPACT_128KB,0.15975,-0.055,0.180366,0,42,149.26968498098972,373.38924407958984,62,1.6043223719443045,6365.951171875,9.737192919315454,0,0,674,0.0,0.0,0.05,0.1,0.05,0.75,0.05,60,214.45081001209203,671.684741973877,62,1.6056294595041583,6371.1376953125,9.260080849876577,0,0,675,0.0,0.0,0.05,0.1,0.1,0.7,0.05
676,AlwaysCompact_C128,3,COMPACT_128KB,0.15975,-0.055,0.186626,0,60,214.45081001209203,671.684741973877,62,1.6056294595041583,6371.1376953125,9.260080849876577,0,0,675,0.0,0.0,0.05,0.1,0.1,0.7,0.05,57,203.85143145587622,358.7155342102051,62,1.6068649291992188,6376.0400390625,8.83060704864313,0,0,676,0.0,0.0,0.05,0.15,0.1,0.65,0.05
677,AlwaysCompact_C128,3,COMPACT_128KB,-0.13275,-0.055,0.186538,0,57,203.85143145587622,358.7155342102051,62,1.6068649291992188,6376.0400390625,8.83060704864313,0,0,676,0.0,0.0,0.05,0.15,0.1,0.65,0.05,40,143.2887054732045,363.1155490875244,62,1.6077149914157005,6379.4130859375,8.548921789837891,0,0,677,0.0,0.0,0.05,0.15,0.1,0.65,0.05
678,AlwaysCompact_C128,3,COMPACT_128KB,0.15975,-0.055,0.186018,0,40,143.2887054732045,363.1155490875244,62,1.6077149914157005,6379.4130859375,8.548921789837891,0,0,677,0.0,0.0,0.05,0.15,0.1,0.65,0.05,52,118.56431934070474,389.1134262084961,62,1.6088357740832913,6383.8603515625,8.196972843924577,0,0,678,0.0,0.0,0.05,0.15,0.1,0.65,0.05
679,AlwaysCompact_C128,3,COMPACT_128KB,0.15975,-0.055,0.18059,0,52,118.56431934070474,389.1134262084961,62,1.6088357740832913,6383.8603515625,8.196972843924577,0,0,678,0.0,0.0,0.05,0.15,0.1,0.65,0.05,72,232.38857902707494,660.5167388916016,62,1.6103902016916583,6390.0283203125,7.750635863811718,0,0,679,0.0,0.0,0.05,0.15,0.15,0.6,0.05
680,AlwaysCompact_C128,3,COMPACT_128KB,-0.13275,-0.055,0.184449,0,72,232.38857902707494,660.5167388916016,62,1.6103902016916583,6390.0283203125,7.750635863811718,0,0,679,0.0,0.0,0.05,0.15,0.15,0.6,0.05,32,102.97374362924528,467.5440788269043,62,1.6110913676600302,6392.810546875,7.567246928633088,0,0,680,0.0,0.0,0.05,0.15,0.15,0.6,0.05
681,AlwaysCompact_C128,3,COMPACT_128KB,-0.13275,-0.055,0.18586,0,32,102.97374362924528,467.5440788269043,62,1.6110913676600302,6392.810546875,7.567246928633088,0,0,680,0.0,0.0,0.05,0.15,0.15,0.6,0.05,50,175.86534236328447,397.0227241516113,62,1.6121776949974798,6397.12109375,7.307812372610382,0,0,681,0.0,0.0,0.05,0.1,0.15,0.65,0.05
682,AlwaysCompact_C128,3,COMPACT_128KB,-0.13275,-0.055,0.184223,0,50,175.86534236328447,397.0227241516113,62,1.6121776949974798,6397.12109375,7.307812372610382,0,0,681,0.0,0.0,0.05,0.1,0.15,0.65,0.05,30,100.24211871401121,478.85847091674805,62,1.612883537046371,6399.921875,7.156669049789526,0,0,682,0.0,0.0,0.05,0.05,0.15,0.7,0.05
683,AlwaysCompact_C128,3,COMPACT_128KB,0.15975,-0.055,0.185824,0,30,100.24211871401121,478.85847091674805,62,1.612883537046371,6399.921875,7.156669049789526,0,0,682,0.0,0.0,0.05,0.05,0.15,0.7,0.05,59,207.81859117931353,398.81300926208496,62,1.6140956263388357,6404.7314453125,6.932103722682827,0,0,683,0.0,0.0,0.05,0.05,0.15,0.7,0.05
684,AlwaysCompact_C128,3,COMPACT_128KB,-0.13275,-0.055,0.186174,0,59,207.81859117931353,398.81300926208496,62,1.6140956263388357,6404.7314453125,6.932103722682827,0,0,683,0.0,0.0,0.05,0.05,0.15,0.7,0.05,36,123.62559675909968,381.29663467407227,62,1.6148839150705645,6407.859375,6.811525972505765,0,0,684,0.0,0.0,0.05,0.05,0.15,0.7,0.05
685,AlwaysCompact_C128,3,COMPACT_128KB,0.15975,-0.055,0.183589,0,36,123.62559675909968,381.29663467407227,62,1.6148839150705645,6407.859375,6.811525972505765,0,0,684,0.0,0.0,0.05,0.05,0.15,0.7,0.05,57,200.59835661862493,510.56957244873047,62,1.6161149547946068,6412.744140625,6.66635070179285,0,0,685,0.0,0.0,0.05,0.05,0.15,0.7,0.05
686,AlwaysCompact_C128,3,COMPACT_128KB,-0.13275,-0.055,0.18651,0,57,200.59835661862493,510.56957244873047,62,1.6161149547946068,6412.744140625,6.66635070179285,0,0,685,0.0,0.0,0.05,0.05,0.15,0.7,0.05,30,103.39830525187848,364.5181655883789,62,1.6167725593813005,6415.353515625,6.611385426504809,0,0,686,0.0,0.0,0.05,0.05,0.1,0.75,0.05
687,AlwaysCompact_C128,3,COMPACT_128KB,0.159625,-0.055,0.186111,0,30,103.39830525187848,364.5181655883789,62,1.6167725593813005,6415.353515625,6.611385426504809,0,0,686,0.0,0.0,0.05,0.05,0.1,0.75,0.05,60,204.4864806887877,379.4693946838379,63,1.5931161547464037,6423.4443359375,13.689983435175407,0,0,687,0.0,0.0,0.05,0.05,0.1,0.8,0.0
688,AlwaysCompact_C128,3,COMPACT_128KB,0.159625,-0.055,0.179942,0,60,204.4864806887877,379.4693946838379,63,1.5931161547464037,6423.4443359375,13.689983435175407,0,0,687,0.0,0.0,0.05,0.05,0.1,0.8,0.0,52,168.39080189990304,687.8871917724609,63,1.5942038884238592,6427.830078125,13.207605594885575,0,0,688,0.0,0.0,0.05,0.05,0.15,0.75,0.0
689,AlwaysCompact_C128,3,COMPACT_128KB,-0.132875,-0.055,0.186207,0,52,168.39080189990304,687.8871917724609,63,1.5942038884238592,6427.830078125,13.207605594885575,0,0,688,0.0,0.0,0.05,0.05,0.15,0.75,0.0,32,109.57255855683755,374.6652603149414,63,1.5948997376457092,6430.6357421875,12.901969617789375,0,0,689,0.0,0.0,0.05,0.05,0.15,0.75,0.0
690,AlwaysCompact_C128,3,COMPACT_128KB,-0.132875,-0.055,0.18504,0,32,109.57255855683755,374.6652603149414,63,1.5948997376457092,6430.6357421875,12.901969617789375,0,0,689,0.0,0.0,0.05,0.05,0.15,0.75,0.0,49,172.8075607182346,433.02273750305176,63,1.5959501720610119,6434.87109375,12.445390709561943,0,0,690,0.0,0.0,0.0,0.05,0.15,0.8,0.0
691,AlwaysCompact_C128,3,COMPACT_128KB,0.159625,-0.055,0.186027,0,49,172.8075607182346,433.02273750305176,63,1.5959501720610119,6434.87109375,12.445390709561943,0,0,690,0.0,0.0,0.0,0.05,0.15,0.8,0.0,80,273.4607902502712,383.6557865142822,63,1.5976431710379464,6441.697265625,11.723217046553259,0,0,691,0.0,0.0,0.0,0.05,0.15,0.8,0.0
692,AlwaysCompact_C128,3,COMPACT_128KB,-0.132875,-0.055,0.186214,0,80,273.4607902502712,383.6557865142822,63,1.5976431710379464,6441.697265625,11.723217046553259,0,0,691,0.0,0.0,0.0,0.05,0.15,0.8,0.0,47,163.28265138858634,374.27639961242676,63,1.598634023515005,6445.6923828125,11.309503771131702,0,0,692,0.0,0.0,0.0,0.05,0.15,0.8,0.0
693,AlwaysCompact_C128,3,COMPACT_128KB,-0.132875,-0.055,0.187929,0,47,163.28265138858634,374.27639961242676,63,1.598634023515005,6445.6923828125,11.309503771131702,0,0,692,0.0,0.0,0.0,0.05,0.15,0.8,0.0,31,110.17851126499428,288.53821754455566,63,1.599333747984871,6448.513671875,11.021839265028156,0,0,693,0.0,0.0,0.0,0.05,0.15,0.75,0.05
694,AlwaysCompact_C128,3,COMPACT_128KB,-0.132875,-0.055,0.18632,0,31,110.17851126499428,288.53821754455566,63,1.599333747984871,6448.513671875,11.021839265028156,0,0,693,0.0,0.0,0.0,0.05,0.15,0.75,0.05,45,160.1610234356305,368.98112297058105,63,1.6002897232297868,6452.3681640625,10.63545459087825,0,0,694,0.0,0.0,0.0,0.1,0.15,0.7,0.05
695,AlwaysCompact_C128,3,COMPACT_128KB,0.159625,-0.055,0.186143,0,45,160.1610234356305,368.98112297058105,63,1.6002897232297868,6452.3681640625,10.63545459087825,0,0,694,0.0,0.0,0.0,0.1,0.15,0.7,0.05,54,186.41427824805862,377.84671783447266,63,1.601440187484499,6457.0068359375,10.181736318786188,0,0,695,0.0,0.0,0.0,0.1,0.1,0.75,0.05
696,AlwaysCompact_C128,3,COMPACT_128KB,-0.132875,-0.055,0.179359,0,54,186.41427824805862,377.84671783447266,63,1.601440187484499,6457.0068359375,10.181736318786188,0,0,695,0.0,0.0,0.0,0.1,0.1,0.75,0.05,44,108.46951147118186,717.0608043670654,63,1.6023755754743303,6460.7783203125,9.823025562837264,0,0,696,0.0,0.0,0.0,0.05,0.15,0.75,0.05
697,AlwaysCompact_C128,3,COMPACT_128KB,0.159625,-0.055,0.18621,0,44,108.46951147118186,717.0608043670654,63,1.6023755754743303,6460.7783203125,9.823025562837264,0,0,696,0.0,0.0,0.0,0.05,0.15,0.75,0.05,57,189.48351339162937,374.4933605194092,63,1.6035587371341766,6465.548828125,9.384130591281886,0,0,697,0.0,0.0,0.0,0.05,0.15,0.75,0.05
698,AlwaysCompact_C128,3,COMPACT_128KB,-0.132875,-0.055,0.184676,0,57,189.48351339162937,374.4933605194092,63,1.6035587371341766,6465.548828125,9.384130591281886,0,0,697,0.0,0.0,0.0,0.05,0.15,0.75,0.05,36,122.44931482854089,451.1914253234863,63,1.6043226453993056,6468.62890625,9.110595093080777,0,0,698,0.0,0.0,0.0,0.05,0.15,0.75,0.05
699,AlwaysCompact_C128,3,COMPACT_128KB,-0.132875,-0.055,0.186014,0,36,122.44931482854089,451.1914253234863,63,1.6043226453993056,6468.62890625,9.110595093080777,0,0,698,0.0,0.0,0.0,0.05,0.15,0.75,0.05,38,123.03268421877377,384.3040466308594,63,1.6051391117156497,6471.9208984375,8.82773355357587,0,0,699,0.0,0.0,0.0,0.05,0.1,0.8,0.05
700,AlwaysCompact_C128,3,COMPACT_128KB,0.159625,-0.055,0.184433,0,38,123.03268421877377,384.3040466308594,63,1.6051391117156497,6471.9208984375,8.82773355357587,0,0,699,0.0,0.0,0.0,0.05,0.1,0.8,0.05,74,259.80966284347227,463.3748531341553,63,1.6067144000341023,6478.2724609375,8.313317114257474,0,0,700,0.0,0.0,0.0,0.05,0.1,0.8,0.05
701,AlwaysCompact_C128,3,COMPACT_128KB,0.159625,-0.055,0.186161,0,74,259.80966284347227,463.3748531341553,63,1.6067144000341023,6478.2724609375,8.313317114257474,0,0,700,0.0,0.0,0.0,0.05,0.1,0.8,0.05,65,216.02324492349285,376.9526481628418,63,1.6081324986049108,6483.990234375,7.8910621284926385,0,0,701,0.0,0.0,0.0,0.05,0.1,0.8,0.05
702,AlwaysCompact_C128,3,COMPACT_128KB,0.159625,-0.055,0.177831,0,65,216.02324492349285,376.9526481628418,63,1.6081324986049108,6483.990234375,7.8910621284926385,0,0,701,0.0,0.0,0.0,0.05,0.1,0.8,0.05,77,254.95195436525165,793.4746742248535,63,1.6097935267857142,6490.6875,7.454805672797088,0,0,702,0.0,0.0,0.0,0.05,0.15,0.75,0.05
703,AlwaysCompact_C128,3,COMPACT_128KB,0.159625,-0.055,0.185896,0,77,254.95195436525165,793.4746742248535,63,1.6097935267857142,6490.6875,7.454805672797088,0,0,702,0.0,0.0,0.0,0.05,0.15,0.75,0.05,82,274.4181464066952,390.1958465576172,63,1.611541990249876,6497.7373046875,7.075684273620613,0,0,703,0.0,0.0,0.0,0.05,0.15,0.75,0.05
704,AlwaysCompact_C128,3,COMPACT_128KB,0.159625,-0.055,0.186476,0,82,274.4181464066952,390.1958465576172,63,1.611541990249876,6497.7373046875,7.075684273620613,0,0,703,0.0,0.0,0.0,0.05,0.15,0.75,0.05,86,296.5700496516818,361.1757755279541,63,1.6133771623883928,6505.13671875,6.780882970322385,0,0,704,0.0,0.0,0.0,0.1,0.15,0.7,0.05
705,AlwaysCompact_C128,3,COMPACT_128KB,0.159625,-0.055,0.187906,0,86,296.5700496516818,361.1757755279541,63,1.6133771623883928,6505.13671875,6.780882970322385,0,0,704,0.0,0.0,0.0,0.1,0.15,0.7,0.05,80,279.86398155060033,289.705753326416,63,1.6150149390811013,6511.740234375,6.6183517527938065,0,0,705,0.0,0.0,0.0,0.1,0.15,0.65,0.1
706,AlwaysCompact_C128,3,COMPACT_128KB,0.1595,-0.055,0.179347,0,80,279.86398155060033,289.705753326416,63,1.6150149390811013,6511.740234375,6.6183517527938065,0,0,705,0.0,0.0,0.0,0.1,0.15,0.65,0.1,60,200.23124698648513,712.6631736755371,64,1.5917510986328125,6519.8125,13.60078225508468,0,0,706,0.0,0.0,0.0,0.1,0.2,0.6,0.1
707,AlwaysCompact_C128,3,COMPACT_128KB,0.1595,-0.055,0.180096,0,60,200.23124698648513,712.6631736755371,64,1.5917510986328125,6519.8125,13.60078225508468,0,0,706,0.0,0.0,0.0,0.1,0.2,0.6,0.1,56,188.90662883403263,675.2231121063232,64,1.592942714691162,6524.693359375,13.069790537586476,0,0,707,0.0,0.0,0.0,0.1,0.25,0.55,0.1
708,AlwaysCompact_C128,3,COMPACT_128KB,0.1595,-0.055,0.184754,0,56,188.90662883403263,675.2231121063232,64,1.592942714691162,6524.693359375,13.069790537586476,0,0,707,0.0,0.0,0.0,0.1,0.25,0.55,0.1,62,213.4649529066226,442.3179626464844,64,1.594228744506836,6529.9609375,12.50483027486089,0,0,708,0.0,0.0,0.05,0.1,0.2,0.55,0.1
709,AlwaysCompact_C128,3,COMPACT_128KB,0.1595,-0.055,0.187804,0,62,213.4649529066226,442.3179626464844,64,1.594228744506836,6529.9609375,12.50483027486089,0,0,708,0.0,0.0,0.05,0.1,0.2,0.55,0.1,88,296.8002811209133,289.8118495941162,64,1.5960707664489746,6537.505859375,11.712641851362616,0,0,709,0.0,0.0,0.05,0.1,0.2,0.5,0.15
710,AlwaysCompact_C128,3,COMPACT_128KB,0.1595,-0.055,0.181329,0,88,296.8002811209133,289.8118495941162,64,1.5960707664489746,6537.505859375,11.712641851362616,0,0,709,0.0,0.0,0.05,0.1,0.2,0.5,0.15,90,305.47771030518044,613.5396957397461,64,1.5979814529418945,6545.33203125,10.916302913587526,0,0,710,0.0,0.0,0.05,0.1,0.2,0.5,0.15
711,AlwaysCompact_C128,3,COMPACT_128KB,0.1595,-0.055,0.17988,0,90,305.47771030518044,613.5396957397461,64,1.5979814529418945,6545.33203125,10.916302913587526,0,0,710,0.0,0.0,0.05,0.1,0.2,0.5,0.15,63,217.21515665909027,686.0239505767822,64,1.5992732048034668,6550.623046875,10.395535594068578,0,0,711,0.0,0.0,0.05,0.1,0.25,0.45,0.15
712,AlwaysCompact_C128,3,COMPACT_128KB,0.1595,-0.055,0.186138,0,63,217.21515665909027,686.0239505767822,64,1.5992732048034668,6550.623046875,10.395535594068578,0,0,711,0.0,0.0,0.05,0.1,0.25,0.45,0.15,72,237.8957713792351,373.11840057373047,64,1.6007864475250244,6556.8212890625,9.8070559459573,0,0,712,0.0,0.0,0.05,0.1,0.25,0.45,0.15
713,AlwaysCompact_C128,3,COMPACT_128KB,0.1595,-0.055,0.185651,0,72,237.8957713792351,373.11840057373047,64,1.6007864475250244,6556.8212890625,9.8070559459573,0,0,712,0.0,0.0,0.05,0.1,0.25,0.45,0.15,82,280.6738203484135,397.4611759185791,64,1.6025094985961914,6563.87890625,9.17076678355596,0,0,713,0.0,0.0,0.05,0.1,0.25,0.5,0.1
714,AlwaysCompact_C128,3,COMPACT_128KB,-0.133,-0.055,0.185783,0,82,280.6738203484135,397.4611759185791,64,1.6025094985961914,6563.87890625,9.17076678355596,0,0,713,0.0,0.0,0.05,0.1,0.25,0.5,0.1,50,168.3748071096067,390.8672332763672,64,1.6035552024841309,6568.162109375,8.8053114215684,0,0,714,0.0,0.0,0.05,0.05,0.25,0.55,0.1
715,AlwaysCompact_C128,3,COMPACT_128KB,0.1595,-0.055,0.184009,0,50,168.3748071096067,390.8672332763672,64,1.6035552024841309,6568.162109375,8.8053114215684,0,0,714,0.0,0.0,0.05,0.05,0.25,0.55,0.1,93,315.1044116364059,479.5360565185547,64,1.6055338382720947,6576.2666015625,8.165277621048189,0,0,715,0.0,0.0,0.05,0.05,0.25,0.55,0.1
716,AlwaysCompact_C128,3,COMPACT_128KB,0.1595,-0.055,0.18624,0,93,315.1044116364059,479.5360565185547,64,1.6055338382720947,6576.2666015625,8.165277621048189,0,0,715,0.0,0.0,0.05,0.05,0.25,0.55,0.1,77,242.2901692707845,368.00074577331543,64,1.6071429252624512,6582.857421875,7.70402478999854,0,0,716,0.0,0.0,0.05,0.1,0.2,0.55,0.1
717,AlwaysCompact_C128,3,COMPACT_128KB,0.1595,-0.055,0.185822,0,77,242.2901692707845,368.00074577331543,64,1.6071429252624512,6582.857421875,7.70402478999854,0,0,716,0.0,0.0,0.05,0.1,0.2,0.55,0.1,95,330.1575390989125,388.9195919036865,64,1.6091372966766357,6591.0263671875,7.222430741846157,0,0,717,0.0,0.0,0.05,0.1,0.2,0.55,0.1
718,AlwaysCompact_C128,3,COMPACT_128KB,0.1595,-0.055,0.184249,0,95,330.1575390989125,388.9195919036865,64,1.6091372966766357,6591.0263671875,7.222430741846157,0,0,717,0.0,0.0,0.05,0.1,0.2,0.55,0.1,92,303.7393739698272,467.5722122192383,64,1.611058235168457,6598.89453125,6.871047795165957,0,0,718,0.0,0.0,0.05,0.15,0.2,0.5,0.1
719,AlwaysCompact_C128,3,COMPACT_128KB,0.1595,-0.055,0.185724,0,92,303.7393739698272,467.5722122192383,64,1.611058235168457,6598.89453125,6.871047795165957,0,0,718,0.0,0.0,0.05,0.15,0.2,0.5,0.1,74,246.64926015988812,393.78857612609863,64,1.6125710010528564,6605.0908203125,6.683789586287945,0,0,719,0.0,0.0,0.05,0.15,0.2,0.5,0.1
720,AlwaysCompact_C128,3,COMPACT_128KB,0.1595,-0.055,0.187992,0,74,246.64926015988812,393.78857612609863,64,1.6125710010528564,6605.0908203125,6.683789586287945,0,0,719,0.0,0.0,0.05,0.15,0.2,0.5,0.1,84,265.10353379543653,280.3955078125,64,1.6143395900726318,6612.3349609375,6.574713969548381,0,0,720,0.0,0.0,0.05,0.15,0.2,0.45,0.15
721,AlwaysCompact_C128,3,COMPACT_128KB,0.159375,-0.055,0.184861,0,84,265.10353379543653,280.3955078125,64,1.6143395900726318,6612.3349609375,6.574713969548381,0,0,720,0.0,0.0,0.05,0.15,0.2,0.45,0.15,91,303.79548813771663,431.93769454956055,65,1.5920905480018028,6623.0966796875,13.203996934292991,0,0,721,0.0,0.0,0.05,0.15,0.2,0.45,0.15
722,AlwaysCompact_C128,3,COMPACT_128KB,0.159375,-0.055,0.185409,0,91,303.79548813771663,431.93769454956055,65,1.5920905480018028,6623.0966796875,13.203996934292991,0,0,721,0.0,0.0,0.05,0.15,0.2,0.45,0.15,72,240.99135993105182,404.5290946960449,65,1.5936072716346155,6629.40625,12.529530094953307,0,0,722,0.0,0.0,0.05,0.15,0.15,0.5,0.15
723,AlwaysCompact_C128,3,COMPACT_128KB,0.159375,-0.055,0.184437,0,72,240.99135993105182,404.5290946960449,65,1.5936072716346155,6629.40625,12.529530094953307,0,0,722,0.0,0.0,0.05,0.15,0.15,0.5,0.15,60,191.34511247667666,453.14884185791016,65,1.5948460505558895,6634.5595703125,11.988416643728925,0,0,723,0.0,0.0,0.1,0.15,0.15,0.45,0.15
724,AlwaysCompact_C128,3,COMPACT_128KB,0.159375,-0.055,0.18542,0,60,191.34511247667666,453.14884185791016,65,1.5948460505558895,6634.5595703125,11.988416643728925,0,0,723,0.0,0.0,0.1,0.15,0.15,0.45,0.15,81,223.42567518244576,404.0231704711914,65,1.596471698467548,6641.322265625,11.293876182082982,0,0,724,0.0,0.0,0.1,0.1,0.15,0.5,0.15
725,AlwaysCompact_C128,3,COMPACT_128KB,0.159375,-0.055,0.18451,0,81,223.42567518244576,404.0231704711914,65,1.596471698467548,6641.322265625,11.293876182082982,0,0,724,0.0,0.0,0.1,0.1,0.15,0.5,0.15,61,204.64028858112945,449.4967460632324,65,1.5977259709284857,6646.5400390625,10.772045753727575,0,0,725,0.0,0.0,0.15,0.1,0.15,0.5,0.1
726,AlwaysCompact_C128,3,COMPACT_128KB,0.159375,-0.055,0.18319,0,61,204.64028858112945,449.4967460632324,65,1.5977259709284857,6646.5400390625,10.772045753727575,0,0,725,0.0,0.0,0.15,0.1,0.15,0.5,0.1,97,311.0110026029225,515.5148506164551,65,1.5998370830829327,6655.322265625,9.927122547611457,0,0,726,0.0,0.0,0.15,0.1,0.1,0.55,0.1
727,AlwaysCompact_C128,3,COMPACT_128KB,0.159375,-0.055,0.185277,0,97,311.0110026029225,515.5148506164551,65,1.5998370830829327,6655.322265625,9.927122547611457,0,0,726,0.0,0.0,0.15,0.1,0.1,0.55,0.1,97,340.83063833779846,411.13996505737305,65,1.601812744140625,6663.541015625,9.183154275001508,0,0,727,0.0,0.0,0.15,0.1,0.05,0.6,0.1
728,AlwaysCompact_C128,3,COMPACT_128KB,0.159375,-0.055,0.185381,0,97,340.83063833779846,411.13996505737305,65,1.601812744140625,6663.541015625,9.183154275001508,0,0,727,0.0,0.0,0.15,0.1,0.05,0.6,0.1,81,280.0681451902095,405.9278964996338,65,1.6034041184645433,6670.1611328125,8.624942421588058,0,0,728,0.0,0.0,0.1,0.1,0.05,0.65,0.1
729,AlwaysCompact_C128,3,COMPACT_128KB,0.159375,-0.055,0.185425,0,81,280.0681451902095,405.9278964996338,65,1.6034041184645433,6670.1611328125,8.624942421588058,0,0,728,0.0,0.0,0.1,0.1,0.05,0.65,0.1,54,184.93585083138186,403.7590026855469,65,1.6045262263371394,6674.8291015625,8.257779193997289,0,0,729,0.0,0.0,0.1,0.1,0.05,0.7,0.05
730,AlwaysCompact_C128,3,COMPACT_128KB,0.159375,-0.055,0.184595,0,54,184.93585083138186,403.7590026855469,65,1.6045262263371394,6674.8291015625,8.257779193997289,0,0,729,0.0,0.0,0.1,0.1,0.05,0.7,0.05,86,276.93655820609735,445.25790214538574,65,1.606256573016827,6682.02734375,7.74249819444756,0,0,730,0.0,0.0,0.15,0.1,0.05,0.65,0.05
731,AlwaysCompact_C128,3,COMPACT_128KB,0.159375,-0.055,0.185553,0,86,276.93655820609735,445.25790214538574,65,1.606256573016827,6682.02734375,7.74249819444756,0,0,730,0.0,0.0,0.15,0.1,0.05,0.65,0.05,97,332.6515546456219,397.3376750946045,65,1.6082615778996394,6690.3681640625,7.2378825547135195,0,0,731,0.0,0.0,0.15,0.1,0.0,0.7,0.05
732,AlwaysCompact_C128,3,COMPACT_128KB,0.159375,-0.055,0.185234,0,97,332.6515546456219,397.3376750946045,65,1.6082615778996394,6690.3681640625,7.2378825547135195,0,0,731,0.0,0.0,0.15,0.1,0.0,0.7,0.05,74,173.25981338669928,413.2964611053467,65,1.6097926213191105,6696.7373046875,6.932238889828897,0,0,732,0.0,0.0,0.15,0.1,0.0,0.7,0.05
733,AlwaysCompact_C128,3,COMPACT_128KB,0.159375,-0.055,0.185527,0,74,173.25981338669928,413.2964611053467,65,1.6097926213191105,6696.7373046875,6.932238889828897,0,0,732,0.0,0.0,0.15,0.1,0.0,0.7,0.05,58,196.46292864024707,398.64492416381836,65,1.6109898493840145,6701.7177734375,6.748248653611876,0,0,733,0.0,0.0,0.15,0.1,0.0,0.7,0.05
734,AlwaysCompact_C128,3,COMPACT_128KB,0.159375,-0.055,0.185199,0,58,196.46292864024707,398.64492416381836,65,1.6109898493840145,6701.7177734375,6.748248653611876,0,0,733,0.0,0.0,0.15,0.1,0.0,0.7,0.05,68,228.08875553202617,415.0698184967041,65,1.612396474984976,6707.5693359375,6.599748889371482,0,0,734,0.0,0.0,0.15,0.1,0.0,0.7,0.05
735,AlwaysCompact_C128,3,COMPACT_128KB,-0.133125,-0.055,0.185602,0,68,228.08875553202617,415.0698184967041,65,1.612396474984976,6707.5693359375,6.599748889371482,0,0,734,0.0,0.0,0.15,0.1,0.0,0.7,0.05,50,165.9095925501945,394.881010055542,65,1.6134267953725963,6711.85546875,6.5401279535742995,0,0,735,0.0,0.0,0.15,0.1,0.0,0.7,0.05
736,AlwaysCompact_C128,3,COMPACT_128KB,0.15925,-0.055,0.174739,0,50,165.9095925501945,394.881010055542,65,1.6134267953725963,6711.85546875,6.5401279535742995,0,0,735,0.0,0.0,0.15,0.1,0.0,0.7,0.05,88,276.0027488201983,933.0406188964844,66,1.5914510091145833,6722.2890625,13.140395296715845,0,0,736,0.0,0.0,0.15,0.05,0.05,0.7,0.05
737,AlwaysCompact_C128,3,COMPACT_128KB,0.15925,-0.055,0.185442,0,88,276.0027488201983,933.0406188964844,66,1.5914510091145833,6722.2890625,13.140395296715845,0,0,736,0.0,0.0,0.15,0.05,0.05,0.7,0.05,58,184.76310231138405,397.8915214538574,66,1.5926405010801372,6727.3134765625,12.606320122341048,0,0,737,0.0,0.0,0.15,0.1,0.05,0.65,0.05
738,AlwaysCompact_C128,3,COMPACT_128KB,0.15925,-0.055,0.183757,0,58,184.76310231138405,397.8915214538574,66,1.5926405010801372,6727.3134765625,12.606320122341048,0,0,737,0.0,0.0,0.15,0.1,0.05,0.65,0.05,60,204.02825250841542,482.1276664733887,66,1.5938681400183476,6732.4990234375,12.063574381705445,0,0,738,0.0,0.0,0.2,0.05,0.05,0.65,0.05
739,AlwaysCompact_C128,3,COMPACT_128KB,0.15925,-0.055,0.187319,0,60,204.02825250841542,482.1276664733887,66,1.5938681400183476,6732.4990234375,12.063574381705445,0,0,738,0.0,0.0,0.2,0.05,0.05,0.65,0.05,51,136.253993166583,304.05545234680176,66,1.5948904788855351,6736.8173828125,11.619007230409053,0,0,739,0.0,0.0,0.2,0.05,0.05,0.6,0.1
740,AlwaysCompact_C128,3,COMPACT_128KB,0.15925,-0.055,0.187282,0,51,136.253993166583,304.05545234680176,66,1.5948904788855351,6736.8173828125,11.619007230409053,0,0,739,0.0,0.0,0.2,0.05,0.05,0.6,0.1,72,237.1943275669095,305.88698387145996,66,1.5963463060783618,6742.966796875,10.999267698124124,0,0,740,0.0,0.0,0.2,0.05,0.05,0.6,0.1
741,AlwaysCompact_C128,3,COMPACT_128KB,0.15925,-0.055,0.184376,0,72,237.1943275669095,305.88698387145996,66,1.5963463060783618,6742.966796875,10.999267698124124,0,0,740,0.0,0.0,0.2,0.05,0.05,0.6,0.1,63,213.01936707146405,451.22480392456055,66,1.5976328994288589,6748.4013671875,10.466602494573623,0,0,741,0.0,0.0,0.25,0.05,0.05,0.55,0.1
742,AlwaysCompact_C128,3,COMPACT_128KB,0.15925,-0.055,0.185362,0,63,213.01936707146405,451.22480392456055,66,1.5976328994288589,6748.4013671875,10.466602494573623,0,0,741,0.0,0.0,0.25,0.05,0.05,0.55,0.1,95,309.9892017712829,401.9196033477783,66,1.599566141764323,6756.5673828125,9.69801829343476,0,0,742,0.0,0.0,0.25,0.05,0.05,0.55,0.1
743,AlwaysCompact_C128,3,COMPACT_128KB,0.15925,-0.055,0.184526,0,95,309.9892017712829,401.9196033477783,66,1.599566141764323,6756.5673828125,9.69801829343476,0,0,742,0.0,0.0,0.25,0.05,0.05,0.55,0.1,98,330.905697439646,443.68982315063477,66,1.6015511715050899,6764.9521484375,8.95772453915363,0,0,743,0.0,0.0,0.25,0.05,0.05,0.55,0.1
744,AlwaysCompact_C128,3,COMPACT_128KB,0.15925,-0.055,0.179105,0,98,330.905697439646,443.68982315063477,66,1.6015511715050899,6764.9521484375,8.95772453915363,0,0,743,0.0,0.0,0.25,0.05,0.05,0.55,0.1,72,190.3323604208881,714.7588729858398,66,1.6030160152550899,6771.1396484375,8.450764044824007,0,0,744,0.0,0.0,0.25,0.05,0.1,0.5,0.1
745,AlwaysCompact_C128,3,COMPACT_128KB,0.15925,-0.055,0.185194,0,72,190.3323604208881,714.7588729858398,66,1.6030160152550899,6771.1396484375,8.450764044824007,0,0,744,0.0,0.0,0.25,0.05,0.1,0.5,0.1,80,270.24806381361066,410.31932830810547,66,1.6046482432972302,6778.0341796875,7.933985134293193,0,0,745,0.0,0.0,0.2,0.05,0.1,0.55,0.1
746,AlwaysCompact_C128,3,COMPACT_128KB,0.15925,-0.055,0.185172,0,80,270.24806381361066,410.31932830810547,66,1.6046482432972302,6778.0341796875,7.933985134293193,0,0,745,0.0,0.0,0.2,0.05,0.1,0.55,0.1,70,238.98331600928904,411.38529777526855,66,1.6060677730675899,6784.0302734375,7.533613073600043,0,0,746,0.0,0.0,0.2,0.05,0.1,0.55,0.1
747,AlwaysCompact_C128,3,COMPACT_128KB,0.15925,-0.055,0.185367,0,70,238.98331600928904,411.38529777526855,66,1.6060677730675899,6784.0302734375,7.533613073600043,0,0,746,0.0,0.0,0.2,0.05,0.1,0.55,0.1,96,254.73431607555995,401.66187286376953,66,1.6080322265625,6792.328125,7.06982121139944,0,0,747,0.0,0.0,0.2,0.05,0.1,0.55,0.1
748,AlwaysCompact_C128,3,COMPACT_128KB,0.15925,-0.055,0.187267,0,96,254.73431607555995,401.66187286376953,66,1.6080322265625,6792.328125,7.06982121139944,0,0,747,0.0,0.0,0.2,0.05,0.1,0.55,0.1,74,256.8410139964881,306.63228034973145,66,1.609515565814394,6798.59375,6.800790161111121,0,0,748,0.0,0.0,0.2,0.05,0.1,0.5,0.15
749,AlwaysCompact_C128,3,COMPACT_128KB,0.15925,-0.055,0.183849,0,74,256.8410139964881,306.63228034973145,66,1.609515565814394,6798.59375,6.800790161111121,0,0,748,0.0,0.0,0.2,0.05,0.1,0.5,0.15,82,273.5257569949563,477.541446685791,66,1.6111817793412642,6805.6318359375,6.593765460094108,0,0,749,0.0,0.0,0.2,0.05,0.1,0.5,0.15
750,AlwaysCompact_C128,3,COMPACT_128KB,0.15925,-0.055,0.185196,0,82,273.5257569949563,477.541446685791,66,1.6111817793412642,6805.6318359375,6.593765460094108,0,0,749,0.0,0.0,0.2,0.05,0.1,0.5,0.15,72,221.42407429539693,410.1898670196533,66,1.612640380859375,6811.79296875,6.502492751716909,0,0,750,0.0,0.0,0.15,0.05,0.1,0.55,0.15
751,AlwaysCompact_C128,3,COMPACT_128KB,0.159125,-0.055,0.185111,0,72,221.42407429539693,410.1898670196533,66,1.612640380859375,6811.79296875,6.502492751716909,0,0,750,0.0,0.0,0.15,0.05,0.1,0.55,0.15,59,190.06986834495297,409.46412086486816,67,1.59042700013118,6819.7509765625,13.306236381323327,0,0,751,0.0,0.0,0.15,0.05,0.1,0.55,0.15
752,AlwaysCompact_C128,3,COMPACT_128KB,0.159125,-0.055,0.18494,0,59,190.06986834495297,409.46412086486816,67,1.59042700013118,6819.7509765625,13.306236381323327,0,0,751,0.0,0.0,0.15,0.05,0.1,0.55,0.15,100,270.84681603705053,418.0035591125488,67,1.5924671230031484,6828.4990234375,12.382435437271594,0,0,752,0.0,0.0,0.15,0.1,0.1,0.5,0.15
753,AlwaysCompact_C128,3,COMPACT_128KB,0.159125,-0.055,0.18529,0,100,270.84681603705053,418.0035591125488,67,1.5924671230031484,6828.4990234375,12.382435437271594,0,0,752,0.0,0.0,0.15,0.1,0.1,0.5,0.15,52,174.87069976724402,400.50220489501953,67,1.5934835405492072,6832.857421875,11.931222405977968,0,0,753,0.0,0.0,0.15,0.15,0.1,0.45,0.15
754,AlwaysCompact_C128,3,COMPACT_128KB,0.159125,-0.055,0.184997,0,52,174.87069976724402,400.50220489501953,67,1.5934835405492072,6832.857421875,11.931222405977968,0,0,753,0.0,0.0,0.15,0.15,0.1,0.45,0.15,62,207.7008368835791,415.13848304748535,67,1.5947445542065066,6838.2646484375,11.381191920884868,0,0,754,0.0,0.0,0.15,0.15,0.1,0.45,0.15
755,AlwaysCompact_C128,3,COMPACT_128KB,0.159125,-0.055,0.18721,0,62,207.7008368835791,415.13848304748535,67,1.5947445542065066,6838.2646484375,11.381191920884868,0,0,754,0.0,0.0,0.15,0.15,0.1,0.45,0.15,71,232.83597642833072,304.49533462524414,67,1.5961258162313432,6844.1875,10.792953284208114,0,0,755,0.0,0.0,0.15,0.15,0.1,0.4,0.2
756,AlwaysCompact_C128,3,COMPACT_128KB,0.159125,-0.055,0.178965,0,71,232.83597642833072,304.49533462524414,67,1.5961258162313432,6844.1875,10.792953284208114,0,0,755,0.0,0.0,0.15,0.15,0.1,0.4,0.2,67,224.12314003909538,716.7317867279053,67,1.5974628960908348,6849.9208984375,10.240060508592913,0,0,756,0.0,0.0,0.15,0.15,0.1,0.4,0.2
757,AlwaysCompact_C128,3,COMPACT_128KB,0.159125,-0.055,0.184029,0,67,224.12314003909538,716.7317867279053,67,1.5974628960908348,6849.9208984375,10.240060508592913,0,0,756,0.0,0.0,0.15,0.15,0.1,0.4,0.2,53,145.5911075366142,463.5658264160156,67,1.5985207628847948,6854.45703125,9.815983092871138,0,0,757,0.0,0.0,0.15,0.1,0.1,0.45,0.2
758,AlwaysCompact_C128,3,COMPACT_128KB,0.159125,-0.055,0.185419,0,53,145.5911075366142,463.5658264160156,67,1.5985207628847948,6854.45703125,9.815983092871138,0,0,757,0.0,0.0,0.15,0.1,0.1,0.45,0.2,76,240.31106758730078,394.0601348876953,67,1.600050968910331,6861.0185546875,9.22699305440186,0,0,758,0.0,0.0,0.1,0.15,0.1,0.45,0.2
759,AlwaysCompact_C128,3,COMPACT_128KB,0.159125,-0.055,0.184872,0,76,240.31106758730078,394.0601348876953,67,1.600050968910331,6861.0185546875,9.22699305440186,0,0,758,0.0,0.0,0.1,0.15,0.1,0.45,0.2,54,179.90294923628045,421.41056060791016,67,1.60120312135611,6865.958984375,8.805706538725511,0,0,759,0.0,0.0,0.1,0.15,0.1,0.5,0.15
760,AlwaysCompact_C128,3,COMPACT_128KB,0.159125,-0.055,0.179292,0,54,179.90294923628045,421.41056060791016,67,1.60120312135611,6865.958984375,8.805706538725511,0,0,759,0.0,0.0,0.1,0.15,0.1,0.5,0.15,64,210.31014769124218,700.4148960113525,67,1.6026242384270055,6872.052734375,8.3170692489155,0,0,760,0.0,0.0,0.1,0.15,0.15,0.5,0.1
761,AlwaysCompact_C128,3,COMPACT_128KB,0.159125,-0.055,0.184957,0,64,210.31014769124218,700.4148960113525,67,1.6026242384270055,6872.052734375,8.3170692489155,0,0,760,0.0,0.0,0.1,0.15,0.15,0.5,0.1,75,249.48512476921027,417.1614646911621,67,1.60394970338736,6877.736328125,7.8974068624477045,0,0,761,0.0,0.0,0.05,0.15,0.15,0.55,0.1
762,AlwaysCompact_C128,3,COMPACT_128KB,0.159125,-0.055,0.178579,0,75,249.48512476921027,417.1614646911621,67,1.60394970338736,6877.736328125,7.8974068624477045,0,0,761,0.0,0.0,0.05,0.15,0.15,0.55,0.1,99,327.92247424113316,736.0472679138184,67,1.6059185426626632,6886.1787109375,7.351289701731063,0,0,762,0.0,0.0,0.05,0.15,0.2,0.5,0.1
763,AlwaysCompact_C128,3,COMPACT_128KB,0.159125,-0.055,0.183632,0,99,327.92247424113316,736.0472679138184,67,1.6059185426626632,6886.1787109375,7.351289701731063,0,0,762,0.0,0.0,0.05,0.15,0.2,0.5,0.1,95,317.23599618799824,483.40463638305664,67,1.607820653203708,6894.3349609375,6.929412883054052,0,0,763,0.0,0.0,0.0,0.15,0.2,0.55,0.1
764,AlwaysCompact_C128,3,COMPACT_128KB,0.159125,-0.055,0.177861,0,95,317.23599618799824,483.40463638305664,67,1.607820653203708,6894.3349609375,6.929412883054052,0,0,763,0.0,0.0,0.0,0.15,0.2,0.55,0.1,75,246.04179474304163,771.937370300293,67,1.6093037164033348,6900.6943359375,6.685589825465715,0,0,764,0.0,0.0,0.0,0.15,0.2,0.55,0.1
765,AlwaysCompact_C128,3,COMPACT_128KB,0.159125,-0.055,0.184847,0,75,246.04179474304163,771.937370300293,67,1.6093037164033348,6900.6943359375,6.685589825465715,0,0,764,0.0,0.0,0.0,0.15,0.2,0.55,0.1,93,298.88174920063534,422.65868186950684,67,1.6111534460267025,6908.6259765625,6.499887054821638,0,0,765,0.0,0.0,0.0,0.15,0.2,0.55,0.1
766,AlwaysCompact_C128,3,COMPACT_128KB,0.159,-0.055,0.184687,0,93,298.88174920063534,422.65868186950684,67,1.6111534460267025,6908.6259765625,6.499887054821638,0,0,765,0.0,0.0,0.0,0.15,0.2,0.55,0.1,77,243.19529635720698,425.63676834106445,68,1.5896267610437729,6918.0556640625,13.064735783910182,0,0,766,0.0,0.0,0.0,0.15,0.2,0.55,0.1
767,AlwaysCompact_C128,3,COMPACT_128KB,0.159,-0.055,0.178719,0,77,243.19529635720698,425.63676834106445,68,1.5896267610437729,6918.0556640625,13.064735783910182,0,0,766,0.0,0.0,0.0,0.15,0.2,0.55,0.1,56,186.27794216431374,724.0390777587891,68,1.5907734141630285,6923.0458984375,12.54206376201697,0,0,767,0.0,0.0,0.0,0.15,0.25,0.5,0.1
768,AlwaysCompact_C128,3,COMPACT_128KB,0.159,-0.055,0.184941,0,56,186.27794216431374,724.0390777587891,68,1.5907734141630285,6923.0458984375,12.54206376201697,0,0,767,0.0,0.0,0.0,0.15,0.25,0.5,0.1,74,229.7940786906753,412.94074058532715,68,1.5922158185173483,6929.3232421875,11.895692235317169,0,0,768,0.0,0.0,0.0,0.15,0.25,0.55,0.05
769,AlwaysCompact_C128,3,COMPACT_128KB,0.159,-0.055,0.184902,0,74,229.7940786906753,412.94074058532715,68,1.5922158185173483,6929.3232421875,11.895692235317169,0,0,768,0.0,0.0,0.0,0.15,0.25,0.55,0.05,97,319.92259846222316,414.88146781921387,68,1.594120698816636,6937.61328125,11.064491033044073,0,0,769,0.0,0.0,0.0,0.15,0.25,0.55,0.05
770,AlwaysCompact_C128,3,COMPACT_128KB,0.159,-0.055,0.184977,0,97,319.92259846222316,414.88146781921387,68,1.594120698816636,6937.61328125,11.064491033044073,0,0,769,0.0,0.0,0.0,0.15,0.25,0.55,0.05,61,194.71081640744802,411.12613677978516,68,1.5953297334558822,6942.875,10.552656015861562,0,0,770,0.0,0.0,0.0,0.15,0.25,0.55,0.05
771,AlwaysCompact_C128,3,COMPACT_128KB,0.159,-0.055,0.178616,0,61,194.71081640744802,411.12613677978516,68,1.5953297334558822,6942.875,10.552656015861562,0,0,770,0.0,0.0,0.0,0.15,0.25,0.55,0.05,81,254.41268129616648,729.1796207427979,68,1.5969184426700367,6949.7890625,9.90240209197681,0,0,771,0.0,0.0,0.0,0.15,0.3,0.5,0.05
772,AlwaysCompact_C128,3,COMPACT_128KB,0.159,-0.055,0.184538,0,81,254.41268129616648,729.1796207427979,68,1.5969184426700367,6949.7890625,9.90240209197681,0,0,771,0.0,0.0,0.0,0.15,0.3,0.5,0.05,69,195.80376794768227,433.0768585205078,68,1.5982753529268152,6955.6943359375,9.370726295177887,0,0,772,0.0,0.0,0.0,0.1,0.3,0.55,0.05
773,AlwaysCompact_C128,3,COMPACT_128KB,0.159,-0.055,0.185145,0,69,195.80376794768227,433.0768585205078,68,1.5982753529268152,6955.6943359375,9.370726295177887,0,0,772,0.0,0.0,0.0,0.1,0.3,0.55,0.05,82,245.8839844691123,402.7268886566162,68,1.59988650153665,6962.7060546875,8.773564023853298,0,0,773,0.0,0.0,0.0,0.1,0.3,0.55,0.05
774,AlwaysCompact_C128,3,COMPACT_128KB,0.159,-0.055,0.186977,0,82,245.8839844691123,402.7268886566162,68,1.59988650153665,6962.7060546875,8.773564023853298,0,0,773,0.0,0.0,0.0,0.1,0.3,0.55,0.05,91,282.2819893663992,311.126708984375,68,1.601715087890625,6970.6640625,8.150457425008856,0,0,774,0.0,0.0,0.0,0.1,0.3,0.5,0.1
775,AlwaysCompact_C128,3,COMPACT_128KB,0.159,-0.055,0.185031,0,91,282.2819893663992,311.126708984375,68,1.601715087890625,6970.6640625,8.150457425008856,0,0,774,0.0,0.0,0.0,0.1,0.3,0.5,0.1,56,174.77163931779236,408.46920013427734,68,1.6028179841883041,6975.4638671875,7.808332787059781,0,0,775,0.0,0.0,0.0,0.1,0.3,0.55,0.05
776,AlwaysCompact_C128,3,COMPACT_128KB,0.159,-0.055,0.183293,0,56,174.77163931779236,408.46920013427734,68,1.6028179841883041,6975.4638671875,7.808332787059781,0,0,775,0.0,0.0,0.0,0.1,0.3,0.55,0.05,80,260.4862492295128,495.3579902648926,68,1.6043788685518152,6982.2568359375,7.375701412206298,0,0,776,0.0,0.0,0.0,0.1,0.25,0.6,0.05
777,AlwaysCompact_C128,3,COMPACT_128KB,0.159,-0.055,0.184647,0,80,260.4862492295128,495.3579902648926,68,1.6043788685518152,6982.2568359375,7.375701412206298,0,0,776,0.0,0.0,0.0,0.1,0.25,0.6,0.05,53,169.31942002845625,427.63733863830566,68,1.6054214028751148,6986.7939453125,7.125262195709669,0,0,777,0.0,0.0,0.0,0.1,0.25,0.6,0.05
778,AlwaysCompact_C128,3,COMPACT_128KB,0.159,-0.055,0.186315,0,53,169.31942002845625,427.63733863830566,68,1.6054214028751148,6986.7939453125,7.125262195709669,0,0,777,0.0,0.0,0.0,0.1,0.25,0.6,0.05,100,307.29325329928,344.26045417785645,68,1.607376771814683,6995.3037109375,6.752086800645774,0,0,778,0.0,0.0,0.0,0.05,0.25,0.6,0.1
779,AlwaysCompact_C128,3,COMPACT_128KB,0.159,-0.055,0.17677,0,100,307.29325329928,344.26045417785645,68,1.607376771814683,6995.3037109375,6.752086800645774,0,0,778,0.0,0.0,0.0,0.05,0.25,0.6,0.1,83,274.6117454585326,821.5198516845703,68,1.609016642850988,7002.4404296875,6.549022474125999,0,0,779,0.0,0.0,0.0,0.05,0.3,0.55,0.1
780,AlwaysCompact_C128,3,COMPACT_128KB,0.159,-0.055,0.185058,0,83,274.6117454585326,821.5198516845703,68,1.609016642850988,7002.4404296875,6.549022474125999,0,0,779,0.0,0.0,0.0,0.05,0.3,0.55,0.1,67,222.44168648854026,407.0935249328613,68,1.6103430355296415,7008.212890625,6.465360323707528,0,0,780,0.0,0.0,0.0,0.1,0.25,0.55,0.1
781,AlwaysCompact_C128,3,COMPACT_128KB,0.158875,-0.055,0.179133,0,67,222.44168648854026,407.0935249328613,68,1.6103430355296415,7008.212890625,6.465360323707528,0,0,780,0.0,0.0,0.0,0.1,0.25,0.55,0.1,70,148.07960353573816,698.3466148376465,69,1.589023977086164,7017.1298828125,13.024569473098538,0,0,781,0.0,0.0,0.0,0.1,0.25,0.55,0.1
782,AlwaysCompact_C128,3,COMPACT_128KB,0.158875,-0.055,0.181321,0,70,148.07960353573816,698.3466148376465,69,1.589023977086164,7017.1298828125,13.024569473098538,0,0,781,0.0,0.0,0.0,0.1,0.25,0.55,0.1,79,258.08648837267265,588.9682769775391,69,1.5905637879302537,7023.9296875,12.318844949853892,0,0,782,0.0,0.0,0.0,0.1,0.2,0.6,0.1
783,AlwaysCompact_C128,3,COMPACT_128KB,0.158875,-0.055,0.179661,0,79,258.08648837267265,588.9682769775391,69,1.5905637879302537,7023.9296875,12.318844949853892,0,0,782,0.0,0.0,0.0,0.1,0.2,0.6,0.1,62,145.58614627876068,671.9279289245605,69,1.5917712225430254,7029.26171875,11.775680085394937,0,0,783,0.0,0.0,0.0,0.1,0.2,0.6,0.1
784,AlwaysCompact_C128,3,COMPACT_128KB,0.158875,-0.055,0.180085,0,62,145.58614627876068,671.9279289245605,69,1.5917712225430254,7029.26171875,11.775680085394937,0,0,783,0.0,0.0,0.0,0.1,0.2,0.6,0.1,76,170.69198109343031,650.7377624511719,69,1.5932462388190671,7035.775390625,11.126423046336614,0,0,784,0.0,0.0,0.0,0.1,0.15,0.65,0.1
785,AlwaysCompact_C128,3,COMPACT_128KB,0.158875,-0.055,0.180548,0,76,170.69198109343031,650.7377624511719,69,1.5932462388190671,7035.775390625,11.126423046336614,0,0,784,0.0,0.0,0.0,0.1,0.15,0.65,0.1,64,139.4484389448202,627.5994777679443,69,1.5944773356119792,7041.2119140625,10.598509382713367,0,0,785,0.0,0.0,0.0,0.15,0.15,0.6,0.1
786,AlwaysCompact_C128,3,COMPACT_128KB,0.158875,-0.055,0.180312,0,64,139.4484389448202,627.5994777679443,69,1.5944773356119792,7041.2119140625,10.598509382713367,0,0,785,0.0,0.0,0.0,0.15,0.15,0.6,0.1,86,177.74926773500482,639.4081115722656,69,1.5961431973222373,7048.568359375,9.908237480347118,0,0,786,0.0,0.0,0.0,0.15,0.15,0.6,0.1
787,AlwaysCompact_C128,3,COMPACT_128KB,0.158875,-0.055,0.180594,0,86,177.74926773500482,639.4081115722656,69,1.5961431973222373,7048.568359375,9.908237480347118,0,0,786,0.0,0.0,0.0,0.15,0.15,0.6,0.1,66,160.85958492769794,625.3211498260498,69,1.5974328967108242,7054.263671875,9.396360111282329,0,0,787,0.0,0.0,0.0,0.15,0.1,0.65,0.1
788,AlwaysCompact_C128,3,COMPACT_128KB,0.158875,-0.055,0.179824,0,66,160.85958492769794,625.3211498260498,69,1.5974328967108242,7054.263671875,9.396360111282329,0,0,787,0.0,0.0,0.0,0.15,0.1,0.65,0.1,57,128.07817271283741,663.8109683990479,69,1.5985397117725317,7059.1513671875,8.975572590585267,0,0,788,0.0,0.0,0.0,0.15,0.1,0.65,0.1
789,AlwaysCompact_C128,3,COMPACT_128KB,0.158875,-0.055,0.182049,0,57,128.07817271283741,663.8109683990479,69,1.5985397117725317,7059.1513671875,8.975572590585267,0,0,788,0.0,0.0,0.0,0.15,0.1,0.65,0.1,88,196.3230666287955,552.5527000427246,69,1.6002546669780344,7066.724609375,8.363628023351122,0,0,789,0.0,0.0,0.0,0.15,0.1,0.65,0.1
790,AlwaysCompact_C128,3,COMPACT_128KB,0.158875,-0.055,0.173859,0,88,196.3230666287955,552.5527000427246,69,1.6002546669780344,7066.724609375,8.363628023351122,0,0,789,0.0,0.0,0.0,0.15,0.1,0.65,0.1,100,275.8423301134331,962.0413780212402,69,1.6021989463032156,7075.310546875,7.741546238572436,0,0,790,0.0,0.0,0.0,0.15,0.15,0.6,0.1
791,AlwaysCompact_C128,3,COMPACT_128KB,0.158875,-0.055,0.180667,0,100,275.8423301134331,962.0413780212402,69,1.6021989463032156,7075.310546875,7.741546238572436,0,0,790,0.0,0.0,0.0,0.15,0.15,0.6,0.1,67,195.6069740117273,621.6621398925781,69,1.6034924051036006,7081.0224609375,7.379026423655095,0,0,791,0.0,0.0,0.0,0.15,0.1,0.65,0.1
792,AlwaysCompact_C128,3,COMPACT_128KB,0.158875,-0.055,0.184643,0,67,195.6069740117273,621.6621398925781,69,1.6034924051036006,7081.0224609375,7.379026423655095,0,0,791,0.0,0.0,0.0,0.15,0.1,0.65,0.1,56,156.01415333398427,422.87278175354004,69,1.6045773271201313,7085.8134765625,7.112070448578894,0,0,792,0.0,0.0,0.0,0.2,0.1,0.6,0.1
793,AlwaysCompact_C128,3,COMPACT_128KB,0.158875,-0.055,0.181478,0,56,156.01415333398427,422.87278175354004,69,1.6045773271201313,7085.8134765625,7.112070448578894,0,0,792,0.0,0.0,0.0,0.2,0.1,0.6,0.1,61,160.94108174480164,581.0811519622803,69,1.605760878410892,7091.0400390625,6.864414399374969,0,0,793,0.0,0.0,0.0,0.15,0.1,0.65,0.1
794,AlwaysCompact_C128,3,COMPACT_128KB,0.158875,-0.055,0.182485,0,61,160.94108174480164,581.0811519622803,69,1.605760878410892,7091.0400390625,6.864414399374969,0,0,793,0.0,0.0,0.0,0.15,0.1,0.65,0.1,95,264.5900655268309,530.7538509368896,69,1.6076014421988225,7099.16796875,6.581068424607174,0,0,794,0.0,0.0,0.05,0.15,0.1,0.65,0.05
795,AlwaysCompact_C128,3,COMPACT_128KB,0.158875,-0.055,0.175483,0,95,264.5900655268309,530.7538509368896,69,1.6076014421988225,7099.16796875,6.581068424607174,0,0,794,0.0,0.0,0.05,0.15,0.1,0.65,0.05,62,174.82658176107395,880.8743953704834,69,1.6088097613790762,7104.50390625,6.46920353401164,0,0,795,0.0,0.0,0.05,0.15,0.15,0.6,0.05
796,AlwaysCompact_C128,3,COMPACT_128KB,0.15875,-0.055,0.172225,0,62,174.82658176107395,880.8743953704834,69,1.6088097613790762,7104.50390625,6.46920353401164,0,0,795,0.0,0.0,0.05,0.15,0.15,0.6,0.05,67,168.853629695146,1038.7344360351562,70,1.5877755301339285,7113.234375,12.965343838601244,0,0,796,0.0,0.0,0.05,0.15,0.2,0.55,0.05
797,AlwaysCompact_C128,3,COMPACT_128KB,0.15875,-0.055,0.179963,0,67,168.853629695146,1038.7344360351562,70,1.5877755301339285,7113.234375,12.965343838601244,0,0,796,0.0,0.0,0.05,0.15,0.2,0.55,0.05,61,150.90752648596873,651.8721580505371,70,1.5889583042689732,7118.533203125,12.419129671183924,0,0,797,0.0,0.0,0.1,0.15,0.2,0.5,0.05
798,AlwaysCompact_C128,3,COMPACT_128KB,0.15875,-0.055,0.180888,0,61,150.90752648596873,651.8721580505371,70,1.5889583042689732,7118.533203125,12.419129671183924,0,0,797,0.0,0.0,0.1,0.15,0.2,0.5,0.05,76,184.5365264302912,605.6005954742432,70,1.5903845650809152,7124.9228515625,11.77208659654435,0,0,798,0.0,0.0,0.1,0.2,0.2,0.5,0.0
799,AlwaysCompact_C128,3,COMPACT_128KB,0.15875,-0.055,0.180923,0,76,184.5365264302912,605.6005954742432,70,1.5903845650809152,7124.9228515625,11.77208659654435,0,0,798,0.0,0.0,0.1,0.2,0.2,0.5,0.0,83,197.1533263977338,603.8291454315186,70,1.5920163835797991,7132.2333984375,11.050073867658094,0,0,799,0.0,0.0,0.1,0.2,0.15,0.55,0.0
800,AlwaysCompact_C128,3,COMPACT_128KB,0.15875,-0.055,0.180032,0,83,197.1533263977338,603.8291454315186,70,1.5920163835797991,7132.2333984375,11.050073867658094,0,0,799,0.0,0.0,0.1,0.2,0.15,0.55,0.0,82,200.13158191807668,648.3979225158691,70,1.5935562133789063,7139.1318359375,10.390159514667928,0,0,800,0.0,0.0,0.1,0.15,0.15,0.6,0.0
801,AlwaysCompact_C128,3,COMPACT_128KB,0.15875,-0.055,0.181283,0,82,200.13158191807668,648.3979225158691,70,1.5935562133789063,7139.1318359375,10.390159514667928,0,0,800,0.0,0.0,0.1,0.15,0.15,0.6,0.0,72,172.74313151455038,585.8736038208008,70,1.5949308122907366,7145.2900390625,9.822095974140945,0,0,801,0.0,0.0,0.1,0.2,0.15,0.55,0.0
802,AlwaysCompact_C128,3,COMPACT_128KB,0.15875,-0.055,0.18424,0,72,172.74313151455038,585.8736038208008,70,1.5949308122907366,7145.2900390625,9.822095974140945,0,0,801,0.0,0.0,0.1,0.2,0.15,0.55,0.0,73,165.42100631085088,438.0207061767578,70,1.5963291713169643,7151.5546875,9.268497267470154,0,0,802,0.0,0.0,0.1,0.2,0.15,0.5,0.05
803,AlwaysCompact_C128,3,COMPACT_128KB,0.15875,-0.055,0.184532,0,73,165.42100631085088,438.0207061767578,70,1.5963291713169643,7151.5546875,9.268497267470154,0,0,802,0.0,0.0,0.1,0.2,0.15,0.5,0.05,66,170.47307338449545,423.4051704406738,70,1.5975908551897322,7157.20703125,8.793847214282131,0,0,803,0.0,0.0,0.1,0.2,0.15,0.45,0.1
804,AlwaysCompact_C128,3,COMPACT_128KB,0.15875,-0.055,0.178136,0,66,170.47307338449545,423.4051704406738,70,1.5975908551897322,7157.20703125,8.793847214282131,0,0,803,0.0,0.0,0.1,0.2,0.15,0.45,0.1,95,232.2309703943438,743.2224750518799,70,1.5993859427315849,7165.2490234375,8.167447360631042,0,0,804,0.0,0.0,0.15,0.2,0.15,0.4,0.1
805,AlwaysCompact_C128,3,COMPACT_128KB,0.15875,-0.055,0.18482,0,95,232.2309703943438,743.2224750518799,70,1.5993859427315849,7165.2490234375,8.167447360631042,0,0,804,0.0,0.0,0.15,0.2,0.15,0.4,0.1,94,212.17519076225796,409.00301933288574,70,1.6011734008789062,7173.2568359375,7.6133996726497095,0,0,805,0.0,0.0,0.15,0.15,0.15,0.4,0.15
806,AlwaysCompact_C128,3,COMPACT_128KB,0.15875,-0.055,0.183478,0,94,212.17519076225796,409.00301933288574,70,1.6011734008789062,7173.2568359375,7.6133996726497095,0,0,805,0.0,0.0,0.15,0.15,0.15,0.4,0.15,76,209.2343739026041,476.1183261871338,70,1.602628217424665,7179.7744140625,7.224960981201608,0,0,806,0.0,0.0,0.15,0.15,0.15,0.35,0.2
807,AlwaysCompact_C128,3,COMPACT_128KB,0.15875,-0.055,0.182152,0,76,209.2343739026041,476.1183261871338,70,1.602628217424665,7179.7744140625,7.224960981201608,0,0,806,0.0,0.0,0.15,0.15,0.15,0.35,0.2,52,133.7279955069159,542.4063205718994,70,1.6036298479352677,7184.26171875,6.995512321005138,0,0,807,0.0,0.0,0.15,0.15,0.15,0.35,0.2
808,AlwaysCompact_C128,3,COMPACT_128KB,0.15875,-0.055,0.179291,0,52,133.7279955069159,542.4063205718994,70,1.6036298479352677,7184.26171875,6.995512321005138,0,0,807,0.0,0.0,0.15,0.15,0.15,0.35,0.2,73,191.08553797225434,685.4283809661865,70,1.6050247192382812,7190.5107421875,6.734372332238356,0,0,808,0.0,0.0,0.2,0.15,0.15,0.3,0.2
809,AlwaysCompact_C128,3,COMPACT_128KB,0.15875,-0.055,0.184995,0,73,191.08553797225434,685.4283809661865,70,1.6050247192382812,7190.5107421875,6.734372332238356,0,0,808,0.0,0.0,0.2,0.15,0.15,0.3,0.2,77,183.49225092921807,400.23064613342285,70,1.6065115792410714,7197.171875,6.538991983391764,0,0,809,0.0,0.0,0.2,0.15,0.15,0.25,0.25
810,AlwaysCompact_C128,3,COMPACT_128KB,0.15875,-0.055,0.176673,0,77,183.49225092921807,400.23064613342285,70,1.6065115792410714,7197.171875,6.538991983391764,0,0,809,0.0,0.0,0.2,0.15,0.15,0.25,0.25,91,225.79663483552198,816.3745403289795,70,1.6082652500697545,7205.0283203125,6.428769272565163,0,0,810,0.0,0.0,0.2,0.15,0.15,0.25,0.25
811,AlwaysCompact_C128,3,COMPACT_128KB,0.158625,-0.055,0.182036,0,91,225.79663483552198,816.3745403289795,70,1.6082652500697545,7205.0283203125,6.428769272565163,0,0,810,0.0,0.0,0.2,0.15,0.15,0.25,0.25,60,161.2373189543271,543.2150363922119,71,1.587404277962698,7213.1650390625,12.934295946169568,0,0,811,0.0,0.0,0.2,0.2,0.15,0.2,0.25
812,AlwaysCompact_C128,3,COMPACT_128KB,0.158625,-0.055,0.184672,0,60,161.2373189543271,543.2150363922119,71,1.587404277962698,7213.1650390625,12.934295946169568,0,0,811,0.0,0.0,0.2,0.2,0.15,0.2,0.25,86,213.68755220594943,411.3800525665283,71,1.589017411352883,7220.4951171875,12.185235563801113,0,0,812,0.0,0.0,0.2,0.15,0.15,0.2,0.3
813,AlwaysCompact_C128,3,COMPACT_128KB,0.158625,-0.055,0.184268,0,86,213.68755220594943,411.3800525665283,71,1.589017411352883,7220.4951171875,12.185235563801113,0,0,812,0.0,0.0,0.2,0.15,0.15,0.2,0.3,81,208.4250233738316,431.58864974975586,71,1.590545009559309,7227.4365234375,11.491601130764497,0,0,813,0.0,0.0,0.2,0.15,0.15,0.15,0.35
814,AlwaysCompact_C128,3,COMPACT_128KB,0.158625,-0.055,0.184215,0,81,208.4250233738316,431.58864974975586,71,1.590545009559309,7227.4365234375,11.491601130764497,0,0,813,0.0,0.0,0.2,0.15,0.15,0.15,0.35,76,191.41435095251677,434.2682361602783,71,1.591980195381272,7233.9580078125,10.856515852930684,0,0,814,0.0,0.0,0.15,0.15,0.15,0.15,0.4
815,AlwaysCompact_C128,3,COMPACT_128KB,0.158625,-0.055,0.183257,0,76,191.41435095251677,434.2682361602783,71,1.591980195381272,7233.9580078125,10.856515852930684,0,0,814,0.0,0.0,0.15,0.15,0.15,0.15,0.4,70,192.60550287791776,482.1445941925049,71,1.5932991135288292,7239.951171875,10.289662357385957,0,0,815,0.0,0.0,0.15,0.15,0.1,0.15,0.45
816,AlwaysCompact_C128,3,COMPACT_128KB,0.158625,-0.055,0.184642,0,70,192.60550287791776,482.1445941925049,71,1.5932991135288292,7239.951171875,10.289662357385957,0,0,815,0.0,0.0,0.15,0.15,0.1,0.15,0.45,87,200.5290120563233,412.89687156677246,71,1.5949315890459947,7247.369140625,9.61466705274662,0,0,816,0.0,0.0,0.15,0.15,0.05,0.15,0.5
817,AlwaysCompact_C128,3,COMPACT_128KB,0.158625,-0.055,0.184697,0,87,200.5290120563233,412.89687156677246,71,1.5949315890459947,7247.369140625,9.61466705274662,0,0,816,0.0,0.0,0.15,0.15,0.05,0.15,0.5,69,207.66875980823752,410.13574600219727,71,1.5962283712037852,7253.26171875,9.103513479929457,0,0,817,0.0,0.0,0.1,0.15,0.05,0.15,0.55
818,AlwaysCompact_C128,3,COMPACT_128KB,0.158625,-0.055,0.171253,0,69,207.66875980823752,410.13574600219727,71,1.5962283712037852,7253.26171875,9.103513479929457,0,0,817,0.0,0.0,0.1,0.15,0.05,0.15,0.55,96,259.63755103725236,1082.3390483856201,71,1.5980435223646567,7261.509765625,8.433516214222589,0,0,818,0.0,0.0,0.1,0.1,0.1,0.15,0.55
819,AlwaysCompact_C128,3,COMPACT_128KB,0.158625,-0.055,0.169883,0,96,259.63755103725236,1082.3390483856201,71,1.5980435223646567,7261.509765625,8.433516214222589,0,0,818,0.0,0.0,0.1,0.1,0.1,0.15,0.55,60,140.64423176337445,1150.8545875549316,71,1.599212646484375,7266.822265625,8.0356034681157,0,0,819,0.0,0.0,0.1,0.1,0.15,0.1,0.55
820,AlwaysCompact_C128,3,COMPACT_128KB,0.158625,-0.055,0.183097,0,60,140.64423176337445,1150.8545875549316,71,1.599212646484375,7266.822265625,8.0356034681157,0,0,819,0.0,0.0,0.1,0.1,0.15,0.1,0.55,55,126.74377219311215,490.14782905578613,71,1.6002554020411532,7271.560546875,7.706927704659838,0,0,820,0.0,0.0,0.1,0.1,0.15,0.05,0.6
821,AlwaysCompact_C128,3,COMPACT_128KB,0.158625,-0.055,0.183812,0,55,126.74377219311215,490.14782905578613,71,1.6002554020411532,7271.560546875,7.706927704659838,0,0,820,0.0,0.0,0.1,0.1,0.15,0.05,0.6,96,212.8227446067977,454.3757438659668,71,1.6020557242380062,7279.7412109375,7.207773839272016,0,0,821,0.0,0.0,0.1,0.05,0.15,0.05,0.65
822,AlwaysCompact_C128,3,COMPACT_128KB,0.158625,-0.055,0.179496,0,96,212.8227446067977,454.3757438659668,71,1.6020557242380062,7279.7412109375,7.207773839272016,0,0,821,0.0,0.0,0.1,0.05,0.15,0.05,0.65,66,193.8579161805467,670.2210903167725,71,1.603303936165823,7285.4130859375,6.920765051209466,0,0,822,0.0,0.0,0.1,0.05,0.15,0.1,0.6
823,AlwaysCompact_C128,3,COMPACT_128KB,0.158625,-0.055,0.184654,0,66,193.8579161805467,670.2210903167725,71,1.603303936165823,7285.4130859375,6.920765051209466,0,0,822,0.0,0.0,0.1,0.05,0.15,0.1,0.6,79,208.8168908814423,412.304162979126,71,1.604801016794124,7292.2158203125,6.6504673738573175,0,0,823,0.0,0.0,0.1,0.05,0.15,0.1,0.6
824,AlwaysCompact_C128,3,COMPACT_128KB,0.158625,-0.055,0.182601,0,79,208.8168908814423,412.304162979126,71,1.604801016794124,7292.2158203125,6.6504673738573175,0,0,823,0.0,0.0,0.1,0.05,0.15,0.1,0.6,75,170.09764427376734,514.9469375610352,71,1.6061844086982835,7298.501953125,6.48057585765175,0,0,824,0.0,0.0,0.05,0.05,0.15,0.1,0.65
825,AlwaysCompact_C128,3,COMPACT_128KB,0.158625,-0.055,0.179736,0,75,170.09764427376734,514.9469375610352,71,1.6061844086982835,7298.501953125,6.48057585765175,0,0,824,0.0,0.0,0.05,0.05,0.15,0.1,0.65,52,114.1168073175798,658.2074165344238,71,1.6074394978268045,7304.205078125,6.398199494976308,0,0,825,0.0,0.0,0.05,0.05,0.15,0.15,0.6
826,AlwaysCompact_C128,3,COMPACT_128KB,0.1585,-0.055,0.183525,0,52,114.1168073175798,658.2074165344238,71,1.6074394978268045,7304.205078125,6.398199494976308,0,0,825,0.0,0.0,0.05,0.05,0.15,0.15,0.6,59,139.26746232336484,463.76633644104004,72,1.5868405236138239,7312.1611328125,12.864554903123295,0,0,826,0.0,0.0,0.05,0.05,0.15,0.15,0.6
827,AlwaysCompact_C128,3,COMPACT_128KB,0.1585,-0.055,0.169717,0,59,139.26746232336484,463.76633644104004,72,1.5868405236138239,7312.1611328125,12.864554903123295,0,0,826,0.0,0.0,0.05,0.05,0.15,0.15,0.6,74,174.59014093618075,1154.165267944336,72,1.5882303449842665,7318.5654296875,12.213943539192933,0,0,827,0.0,0.0,0.05,0.05,0.2,0.1,0.6
828,AlwaysCompact_C128,3,COMPACT_128KB,0.1585,-0.055,0.184316,0,74,174.59014093618075,1154.165267944336,72,1.5882303449842665,7318.5654296875,12.213943539192933,0,0,827,0.0,0.0,0.05,0.05,0.2,0.1,0.6,72,172.93216766277786,424.1750240325928,72,1.5896578894721136,7325.1435546875,11.558862673920798,0,0,828,0.0,0.0,0.0,0.05,0.2,0.1,0.65
829,AlwaysCompact_C128,3,COMPACT_128KB,0.1585,-0.055,0.182684,0,72,172.93216766277786,424.1750240325928,72,1.5896578894721136,7325.1435546875,11.558862673920798,0,0,828,0.0,0.0,0.0,0.05,0.2,0.1,0.65,86,242.93026407063434,505.8133602142334,72,1.5912655724419489,7332.5517578125,10.840117106392201,0,0,829,0.0,0.0,0.0,0.05,0.2,0.1,0.65
830,AlwaysCompact_C128,3,COMPACT_128KB,0.1585,-0.055,0.179154,0,86,242.93026407063434,505.8133602142334,72,1.5912655724419489,7332.5517578125,10.840117106392201,0,0,829,0.0,0.0,0.0,0.05,0.2,0.1,0.65,60,134.80685191712476,682.3053359985352,72,1.5922749837239583,7337.203125,10.400917131450552,0,0,830,0.0,0.0,0.0,0.1,0.15,0.1,0.65
831,AlwaysCompact_C128,3,COMPACT_128KB,0.1585,-0.055,0.183064,0,60,134.80685191712476,682.3053359985352,72,1.5922749837239583,7337.203125,10.400917131450552,0,0,830,0.0,0.0,0.0,0.1,0.15,0.1,0.65,80,175.01954431034716,486.77802085876465,72,1.5937605963812933,7344.048828125,9.774561664759066,0,0,831,0.0,0.0,0.0,0.05,0.15,0.1,0.7
832,AlwaysCompact_C128,3,COMPACT_128KB,0.1585,-0.055,0.183809,0,80,175.01954431034716,486.77802085876465,72,1.5937605963812933,7344.048828125,9.774561664759066,0,0,831,0.0,0.0,0.0,0.05,0.15,0.1,0.7,53,134.0164100659658,449.5525360107422,72,1.5947439405653212,7348.580078125,9.37515134347969,0,0,832,0.0,0.0,0.0,0.05,0.15,0.1,0.7
833,AlwaysCompact_C128,3,COMPACT_128KB,0.1585,-0.055,0.184647,0,53,134.0164100659658,449.5525360107422,72,1.5947439405653212,7348.580078125,9.37515134347969,0,0,832,0.0,0.0,0.0,0.05,0.15,0.1,0.7,72,176.63212554636428,407.67383575439453,72,1.5960856543646917,7354.7626953125,8.853102024958886,0,0,833,0.0,0.0,0.0,0.05,0.15,0.1,0.7
834,AlwaysCompact_C128,3,COMPACT_128KB,0.1585,-0.055,0.177912,0,72,176.63212554636428,407.67383575439453,72,1.5960856543646917,7354.7626953125,8.853102024958886,0,0,833,0.0,0.0,0.0,0.05,0.15,0.1,0.7,68,164.2343586967788,744.4117069244385,72,1.5973563724093967,7360.6181640625,8.387127719114021,0,0,834,0.0,0.0,0.05,0.05,0.15,0.1,0.65
835,AlwaysCompact_C128,3,COMPACT_128KB,0.1585,-0.055,0.18359,0,68,164.2343586967788,744.4117069244385,72,1.5973563724093967,7360.6181640625,8.387127719114021,0,0,834,0.0,0.0,0.05,0.05,0.15,0.1,0.65,72,161.9356396886442,460.4949951171875,72,1.598907682630751,7367.7666015625,7.863051319053694,0,0,835,0.0,0.0,0.05,0.05,0.15,0.1,0.65
836,AlwaysCompact_C128,3,COMPACT_128KB,0.1585,-0.055,0.183527,0,72,161.9356396886442,460.4949951171875,72,1.598907682630751,7367.7666015625,7.863051319053694,0,0,835,0.0,0.0,0.05,0.05,0.15,0.1,0.65,70,162.4871494034047,463.6509418487549,72,1.6002146402994792,7373.7890625,7.466884457607109,0,0,836,0.0,0.0,0.05,0.05,0.15,0.1,0.65
837,AlwaysCompact_C128,3,COMPACT_128KB,0.1585,-0.055,0.183193,0,70,162.4871494034047,463.6509418487549,72,1.6002146402994792,7373.7890625,7.466884457607109,0,0,836,0.0,0.0,0.05,0.05,0.15,0.1,0.65,52,119.21426435807163,480.3509712219238,72,1.6009833017985027,7377.3310546875,7.256241428960543,0,0,837,0.0,0.0,0.05,0.05,0.15,0.1,0.65
838,AlwaysCompact_C128,3,COMPACT_128KB,0.1585,-0.055,0.18265,0,52,119.21426435807163,480.3509712219238,72,1.6009833017985027,7377.3310546875,7.256241428960543,0,0,837,0.0,0.0,0.05,0.05,0.15,0.1,0.65,68,148.07020043100428,507.5075626373291,72,1.6022521124945746,7383.177734375,6.949543659480047,0,0,838,0.0,0.0,0.05,0.05,0.1,0.1,0.7
839,AlwaysCompact_C128,3,COMPACT_128KB,0.1585,-0.055,0.170502,0,68,148.07020043100428,507.5075626373291,72,1.6022521124945746,7383.177734375,6.949543659480047,0,0,838,0.0,0.0,0.05,0.05,0.1,0.1,0.7,95,219.4419046769355,1114.8881912231445,72,1.6040161980523004,7391.306640625,6.61939937972025,0,0,839,0.0,0.0,0.05,0.05,0.1,0.1,0.7
840,AlwaysCompact_C128,3,COMPACT_128KB,0.1585,-0.055,0.176866,0,95,219.4419046769355,1114.8881912231445,72,1.6040161980523004,7391.306640625,6.61939937972025,0,0,839,0.0,0.0,0.05,0.05,0.1,0.1,0.7,83,175.59524552912782,796.696662902832,72,1.6055647532145183,7398.4423828125,6.4340420811763765,0,0,840,0.0,0.0,0.05,0.05,0.15,0.1,0.65
841,AlwaysCompact_C128,3,COMPACT_128KB,0.1585,-0.055,0.186119,0,83,175.59524552912782,796.696662902832,72,1.6055647532145183,7398.4423828125,6.4340420811763765,0,0,840,0.0,0.0,0.05,0.05,0.15,0.1,0.65,82,257.12900449988746,334.0640068054199,72,1.6070929633246527,7405.484375,6.3557686216114035,0,0,841,0.0,0.0,0.05,0.05,0.15,0.1,0.65
842,AlwaysCompact_C128,3,COMPACT_128KB,0.158375,-0.055,0.185559,0,82,257.12900449988746,334.0640068054199,72,1.6070929633246527,7405.484375,6.3557686216114035,0,0,841,0.0,0.0,0.05,0.05,0.15,0.1,0.65,84,262.4615315850873,357.0377826690674,73,1.5872867531972388,7415.8037109375,12.535205713419645,0,0,842,0.0,0.0,0.05,0.05,0.15,0.05,0.7
843,AlwaysCompact_C128,3,COMPACT_128KB,0.158375,-0.055,0.185982,0,84,262.4615315850873,357.0377826690674,73,1.5872867531972388,7415.8037109375,12.535205713419645,0,0,842,0.0,0.0,0.05,0.05,0.15,0.05,0.7,62,192.18171794284362,335.9086513519287,73,1.588425727739726,7421.125,12.00119866606413,0,0,843,0.0,0.0,0.05,0.05,0.15,0.05,0.7
844,AlwaysCompact_C128,3,COMPACT_128KB,0.158375,-0.055,0.186255,0,62,192.18171794284362,335.9086513519287,73,1.588425727739726,7421.125,12.00119866606413,0,0,843,0.0,0.0,0.05,0.05,0.15,0.05,0.7,58,181.15029681677782,322.24512100219727,73,1.5894725224743151,7426.015625,11.518277939783436,0,0,844,0.0,0.0,0.05,0.05,0.15,0.05,0.7
845,AlwaysCompact_C128,3,COMPACT_128KB,0.158375,-0.055,0.184168,0,58,181.15029681677782,322.24512100219727,73,1.5894725224743151,7426.015625,11.518277939783436,0,0,844,0.0,0.0,0.05,0.05,0.15,0.05,0.7,98,299.466982568568,426.6233444213867,73,1.5912634444563356,7434.3828125,10.712528798970023,0,0,845,0.0,0.0,0.05,0.1,0.15,0.0,0.7
846,AlwaysCompact_C128,3,COMPACT_128KB,0.158375,-0.055,0.186071,0,98,299.466982568568,426.6233444213867,73,1.5912634444563356,7434.3828125,10.712528798970023,0,0,845,0.0,0.0,0.05,0.1,0.15,0.0,0.7,77,172.279529465987,331.4383029937744,73,1.5926657898785317,7440.9345703125,10.103032414709169,0,0,846,0.0,0.0,0.05,0.1,0.15,0.0,0.7
847,AlwaysCompact_C128,3,COMPACT_128KB,0.158375,-0.055,0.186087,0,77,172.279529465987,331.4383029937744,73,1.5926657898785317,7440.9345703125,10.103032414709169,0,0,846,0.0,0.0,0.05,0.1,0.15,0.0,0.7,77,242.74763631006562,330.6586742401123,73,1.5941007431239298,7447.638671875,9.502980079220682,0,0,847,0.0,0.0,0.05,0.1,0.1,0.0,0.75
848,AlwaysCompact_C128,3,COMPACT_128KB,0.158375,-0.055,0.18375,0,77,242.74763631006562,330.6586742401123,73,1.5941007431239298,7447.638671875,9.502980079220682,0,0,847,0.0,0.0,0.05,0.1,0.1,0.0,0.75,57,165.39271020912471,447.5131034851074,73,1.5952355371762628,7452.9404296875,9.048471404565069,0,0,848,0.0,0.0,0.05,0.1,0.1,0.05,0.7
849,AlwaysCompact_C128,3,COMPACT_128KB,0.158375,-0.055,0.177481,0,57,165.39271020912471,447.5131034851074,73,1.5952355371762628,7452.9404296875,9.048471404565069,0,0,848,0.0,0.0,0.05,0.1,0.1,0.05,0.7,88,262.3187549660214,760.9367370605469,73,1.596737169239619,7459.9560546875,8.479451566842311,0,0,849,0.0,0.0,0.05,0.1,0.15,0.05,0.65
850,AlwaysCompact_C128,3,COMPACT_128KB,0.158375,-0.055,0.186296,0,88,262.3187549660214,760.9367370605469,73,1.596737169239619,7459.9560546875,8.479451566842311,0,0,849,0.0,0.0,0.05,0.1,0.15,0.05,0.65,99,297.8926187592904,320.21236419677734,73,1.5985600719713184,7468.47265625,7.8489225227208115,0,0,850,0.0,0.0,0.05,0.05,0.15,0.05,0.7
851,AlwaysCompact_C128,3,COMPACT_128KB,-0.134125,-0.055,0.176935,0,99,297.8926187592904,320.21236419677734,73,1.5985600719713184,7468.47265625,7.8489225227208115,0,0,850,0.0,0.0,0.05,0.05,0.15,0.05,0.7,50,156.73207782375684,788.2535457611084,73,1.5994921122511772,7472.8271484375,7.557070359941241,0,0,851,0.0,0.0,0.05,0.05,0.2,0.05,0.65
852,AlwaysCompact_C128,3,COMPACT_128KB,-0.134125,-0.055,0.183605,0,50,156.73207782375684,788.2535457611084,73,1.5994921122511772,7472.8271484375,7.557070359941241,0,0,851,0.0,0.0,0.05,0.05,0.2,0.05,0.65,50,149.8398109168646,454.76818084716797,73,1.6004040861782962,7477.087890625,7.2947023353360345,0,0,852,0.0,0.0,0.05,0.05,0.2,0.1,0.6
853,AlwaysCompact_C128,3,COMPACT_128KB,0.158375,-0.055,0.186126,0,50,149.8398109168646,454.76818084716797,73,1.6004040861782962,7477.087890625,7.2947023353360345,0,0,852,0.0,0.0,0.05,0.05,0.2,0.1,0.6,99,309.21425746998045,328.6771774291992,73,1.60222113622378,7485.5771484375,6.850664714816671,0,0,853,0.0,0.0,0.05,0.05,0.2,0.1,0.6
854,AlwaysCompact_C128,3,COMPACT_128KB,0.158375,-0.055,0.182895,0,99,309.21425746998045,328.6771774291992,73,1.60222113622378,7485.5771484375,6.850664714816671,0,0,853,0.0,0.0,0.05,0.05,0.2,0.1,0.6,86,254.6026905107933,490.22817611694336,73,1.6038053329676798,7492.978515625,6.562512783246282,0,0,854,0.0,0.0,0.05,0.05,0.2,0.1,0.6
855,AlwaysCompact_C128,3,COMPACT_128KB,-0.134125,-0.055,0.186127,0,86,254.6026905107933,490.22817611694336,73,1.6038053329676798,7492.978515625,6.562512783246282,0,0,854,0.0,0.0,0.05,0.05,0.2,0.1,0.6,50,115.26575156946828,328.6411762237549,73,1.6047252498260915,7497.2763671875,6.44290315083255,0,0,855,0.0,0.0,0.05,0.05,0.2,0.1,0.6
856,AlwaysCompact_C128,3,COMPACT_128KB,0.158375,-0.055,0.185559,0,50,115.26575156946828,328.6411762237549,73,1.6047252498260915,7497.2763671875,6.44290315083255,0,0,855,0.0,0.0,0.05,0.05,0.2,0.1,0.6,69,215.19871270548975,357.05113410949707,73,1.6059957007839256,7503.2119140625,6.33993243166544,0,0,856,0.0,0.0,0.05,0.05,0.2,0.1,0.6
857,AlwaysCompact_C128,3,COMPACT_128KB,0.15825,-0.055,0.185819,0,69,215.19871270548975,357.05113410949707,73,1.6059957007839256,7503.2119140625,6.33993243166544,0,0,856,0.0,0.0,0.05,0.05,0.2,0.1,0.6,76,235.9844625062093,339.05553817749023,74,1.586292163745777,7512.6796875,12.54264748094397,0,0,857,0.0,0.0,0.05,0.05,0.2,0.1,0.6
858,AlwaysCompact_C128,3,COMPACT_128KB,0.15825,-0.055,0.185669,0,76,235.9844625062093,339.05553817749023,74,1.586292163745777,7512.6796875,12.54264748094397,0,0,857,0.0,0.0,0.05,0.05,0.2,0.1,0.6,72,217.3405321998621,346.53663635253906,74,1.58760235760663,7518.884765625,11.924293785196337,0,0,858,0.0,0.0,0.05,0.05,0.2,0.1,0.6
859,AlwaysCompact_C128,3,COMPACT_128KB,0.15825,-0.055,0.182871,0,72,217.3405321998621,346.53663635253906,74,1.58760235760663,7518.884765625,11.924293785196337,0,0,858,0.0,0.0,0.05,0.05,0.2,0.1,0.6,75,225.0100319089811,486.461877822876,74,1.5889958562077702,7525.484375,11.280052508668042,0,0,859,0.0,0.0,0.1,0.05,0.15,0.1,0.6
860,AlwaysCompact_C128,3,COMPACT_128KB,0.15825,-0.055,0.185748,0,75,225.0100319089811,486.461877822876,74,1.5889958562077702,7525.484375,11.280052508668042,0,0,859,0.0,0.0,0.1,0.05,0.15,0.1,0.6,55,172.8990247543898,342.6055908203125,74,1.5899664389120567,7530.0810546875,10.840794912972488,0,0,860,0.0,0.0,0.1,0.05,0.1,0.1,0.65
861,AlwaysCompact_C128,3,COMPACT_128KB,0.15825,-0.055,0.177018,0,55,172.8990247543898,342.6055908203125,74,1.5899664389120567,7530.0810546875,10.840794912972488,0,0,860,0.0,0.0,0.1,0.05,0.1,0.1,0.65,56,175.59767017117858,779.1047096252441,74,1.5910380595439189,7535.15625,10.366190277922938,0,0,861,0.0,0.0,0.1,0.05,0.15,0.1,0.6
862,AlwaysCompact_C128,3,COMPACT_128KB,0.15825,-0.055,0.182828,0,56,175.59767017117858,779.1047096252441,74,1.5910380595439189,7535.15625,10.366190277922938,0,0,861,0.0,0.0,0.1,0.05,0.15,0.1,0.6,86,246.0856588695114,488.60669136047363,74,1.5925383696684967,7542.26171875,9.722972395284776,0,0,862,0.0,0.0,0.15,0.05,0.15,0.1,0.55
863,AlwaysCompact_C128,3,COMPACT_128KB,0.15825,-0.055,0.183143,0,86,246.0856588695114,488.60669136047363,74,1.5925383696684967,7542.26171875,9.722972395284776,0,0,862,0.0,0.0,0.15,0.05,0.15,0.1,0.55,75,221.45419141463455,472.83291816711426,74,1.5938982576937288,7548.7021484375,9.165305979976253,0,0,863,0.0,0.0,0.2,0.05,0.15,0.1,0.5
864,AlwaysCompact_C128,3,COMPACT_128KB,0.15825,-0.055,0.185993,0,75,221.45419141463455,472.83291816711426,74,1.5938982576937288,7548.7021484375,9.165305979976253,0,0,863,0.0,0.0,0.2,0.05,0.15,0.1,0.5,87,268.8442475841887,330.3413391113281,74,1.5954713563661318,7556.15234375,8.556663055796625,0,0,864,0.0,0.0,0.2,0.05,0.15,0.1,0.5
865,AlwaysCompact_C128,3,COMPACT_128KB,0.15825,-0.055,0.18583,0,87,268.8442475841887,330.3413391113281,74,1.5954713563661318,7556.15234375,8.556663055796625,0,0,864,0.0,0.0,0.2,0.05,0.15,0.1,0.5,94,281.84685683566846,338.49120140075684,74,1.5971861143369932,7564.2734375,7.947809263155064,0,0,865,0.0,0.0,0.2,0.0,0.15,0.1,0.55
866,AlwaysCompact_C128,3,COMPACT_128KB,0.15825,-0.055,0.185972,0,94,281.84685683566846,338.49120140075684,74,1.5971861143369932,7564.2734375,7.947809263155064,0,0,865,0.0,0.0,0.2,0.0,0.15,0.1,0.55,96,293.7215528566958,331.41064643859863,74,1.5989773724530194,7572.7568359375,7.387428754566832,0,0,866,0.0,0.0,0.2,0.0,0.15,0.1,0.55
867,AlwaysCompact_C128,3,COMPACT_128KB,0.15825,-0.055,0.183694,0,96,293.7215528566958,331.41064643859863,74,1.5989773724530194,7572.7568359375,7.387428754566832,0,0,866,0.0,0.0,0.2,0.0,0.15,0.1,0.55,79,241.63785462641485,445.2829360961914,74,1.6004125234243032,7579.5537109375,7.0066003616890455,0,0,867,0.0,0.0,0.2,0.05,0.15,0.1,0.5
868,AlwaysCompact_C128,3,COMPACT_128KB,0.15825,-0.055,0.183848,0,79,241.63785462641485,445.2829360961914,74,1.6004125234243032,7579.5537109375,7.0066003616890455,0,0,867,0.0,0.0,0.2,0.05,0.15,0.1,0.5,73,226.8054572417788,437.6096725463867,74,1.6016833331133868,7585.572265625,6.729101602525845,0,0,868,0.0,0.0,0.2,0.05,0.15,0.1,0.5
869,AlwaysCompact_C128,3,COMPACT_128KB,0.15825,-0.055,0.184093,0,73,226.8054572417788,437.6096725463867,74,1.6016833331133868,7585.572265625,6.729101602525845,0,0,868,0.0,0.0,0.2,0.05,0.15,0.1,0.5,91,286.9141929746621,425.3706932067871,74,1.6033980910842482,7593.693359375,6.456728865218531,0,0,869,0.0,0.0,0.2,0.1,0.1,0.1,0.5
870,AlwaysCompact_C128,3,COMPACT_128KB,0.15825,-0.055,0.183758,0,91,286.9141929746621,425.3706932067871,74,1.6033980910842482,7593.693359375,6.456728865218531,0,0,869,0.0,0.0,0.2,0.1,0.1,0.1,0.5,89,271.13131773869515,442.10124015808105,74,1.6050085119298987,7601.3203125,6.319771977288372,0,0,870,0.0,0.0,0.2,0.1,0.1,0.1,0.5
871,AlwaysCompact_C128,3,COMPACT_128KB,0.158125,-0.055,0.185913,0,89,271.13131773869515,442.10124015808105,74,1.6050085119298987,7601.3203125,6.319771977288372,0,0,870,0.0,0.0,0.2,0.1,0.1,0.1,0.5,96,291.1651677666474,329.3607234954834,75,1.585968017578125,7612.646484375,12.278933717547606,0,0,871,0.0,0.0,0.2,0.1,0.05,0.1,0.55
872,AlwaysCompact_C128,3,COMPACT_128KB,0.158125,-0.055,0.183705,0,96,291.1651677666474,329.3607234954834,75,1.585968017578125,7612.646484375,12.278933717547606,0,0,871,0.0,0.0,0.2,0.1,0.05,0.1,0.55,63,186.02335419258233,439.75019454956055,75,1.587127685546875,7618.212890625,11.731112169276875,0,0,872,0.0,0.0,0.2,0.1,0.05,0.1,0.55
873,AlwaysCompact_C128,3,COMPACT_128KB,0.158125,-0.055,0.183204,0,63,186.02335419258233,439.75019454956055,75,1.587127685546875,7618.212890625,11.731112169276875,0,0,872,0.0,0.0,0.2,0.1,0.05,0.1,0.55,83,255.6202929454024,464.7984504699707,75,1.5886155192057292,7625.3544921875,11.043265607711993,0,0,873,0.0,0.0,0.2,0.1,0.05,0.15,0.5
874,AlwaysCompact_C128,3,COMPACT_128KB,0.158125,-0.055,0.185833,0,83,255.6202929454024,464.7984504699707,75,1.5886155192057292,7625.3544921875,11.043265607711993,0,0,873,0.0,0.0,0.2,0.1,0.05,0.15,0.5,80,239.85594817794316,333.36472511291504,75,1.5899912516276042,7631.9580078125,10.42492000435328,0,0,874,0.0,0.0,0.15,0.1,0.05,0.15,0.55
875,AlwaysCompact_C128,3,COMPACT_128KB,0.158125,-0.055,0.18226,0,80,239.85594817794316,333.36472511291504,75,1.5899912516276042,7631.9580078125,10.42492000435328,0,0,874,0.0,0.0,0.15,0.1,0.05,0.15,0.55,80,255.0178450912319,512.0165348052979,75,1.5914174397786458,7638.8037109375,9.80535218342283,0,0,875,0.0,0.0,0.15,0.15,0.05,0.15,0.5
876,AlwaysCompact_C128,3,COMPACT_128KB,0.158125,-0.055,0.185727,0,80,255.0178450912319,512.0165348052979,75,1.5914174397786458,7638.8037109375,9.80535218342283,0,0,875,0.0,0.0,0.15,0.15,0.05,0.15,0.5,83,242.23141066319317,338.64712715148926,75,1.5928989664713542,7645.9150390625,9.1895559115387,0,0,876,0.0,0.0,0.15,0.15,0.05,0.15,0.5
877,AlwaysCompact_C128,3,COMPACT_128KB,0.158125,-0.055,0.176522,0,83,242.23141066319317,338.64712715148926,75,1.5928989664713542,7645.9150390625,9.1895559115387,0,0,876,0.0,0.0,0.15,0.15,0.05,0.15,0.5,98,299.99722074631137,798.8967895507812,75,1.5946486409505207,7654.3134765625,8.507092718191839,0,0,877,0.0,0.0,0.15,0.15,0.1,0.15,0.45
878,AlwaysCompact_C128,3,COMPACT_128KB,0.158125,-0.055,0.18568,0,98,299.99722074631137,798.8967895507812,75,1.5946486409505207,7654.3134765625,8.507092718191839,0,0,877,0.0,0.0,0.15,0.15,0.1,0.15,0.45,84,254.23931383394418,340.9872055053711,75,1.5961905924479167,7661.71484375,7.955271641920675,0,0,878,0.0,0.0,0.15,0.15,0.1,0.15,0.45
879,AlwaysCompact_C128,3,COMPACT_128KB,0.158125,-0.055,0.183967,0,84,254.23931383394418,340.9872055053711,75,1.5961905924479167,7661.71484375,7.955271641920675,0,0,878,0.0,0.0,0.15,0.15,0.1,0.15,0.45,71,225.75937847779215,426.6488552093506,75,1.5974326578776041,7667.6767578125,7.551893648786035,0,0,879,0.0,0.0,0.1,0.2,0.1,0.15,0.45
880,AlwaysCompact_C128,3,COMPACT_128KB,0.158125,-0.055,0.185921,0,71,225.75937847779215,426.6488552093506,75,1.5974326578776041,7667.6767578125,7.551893648786035,0,0,879,0.0,0.0,0.1,0.2,0.1,0.15,0.45,84,263.66951648825346,328.92775535583496,75,1.599092000325521,7675.6416015625,7.0819040016852925,0,0,880,0.0,0.0,0.1,0.2,0.1,0.15,0.45
881,AlwaysCompact_C128,3,COMPACT_128KB,0.158125,-0.055,0.182718,0,84,263.66951648825346,328.92775535583496,75,1.599092000325521,7675.6416015625,7.0819040016852925,0,0,880,0.0,0.0,0.1,0.2,0.1,0.15,0.45,64,159.15463292844382,489.1211986541748,75,1.6001214599609375,7680.5830078125,6.836427232774271,0,0,881,0.0,0.0,0.1,0.2,0.05,0.15,0.5
882,AlwaysCompact_C128,3,COMPACT_128KB,0.158125,-0.055,0.175003,0,64,159.15463292844382,489.1211986541748,75,1.6001214599609375,7680.5830078125,6.836427232774271,0,0,881,0.0,0.0,0.1,0.2,0.05,0.15,0.5,53,124.27199194097953,874.8331069946289,75,1.601067097981771,7685.1220703125,6.646207035603344,0,0,882,0.0,0.0,0.05,0.2,0.1,0.15,0.5
883,AlwaysCompact_C128,3,COMPACT_128KB,0.158125,-0.055,0.185872,0,53,124.27199194097953,874.8331069946289,75,1.601067097981771,7685.1220703125,6.646207035603344,0,0,882,0.0,0.0,0.05,0.2,0.1,0.15,0.5,70,192.4299085634213,331.3920497894287,75,1.6023282877604166,7691.17578125,6.450317592329226,0,0,883,0.0,0.0,0.0,0.2,0.1,0.15,0.55
884,AlwaysCompact_C128,3,COMPACT_128KB,0.158125,-0.055,0.185627,0,70,192.4299085634213,331.3920497894287,75,1.6023282877604166,7691.17578125,6.450317592329226,0,0,883,0.0,0.0,0.0,0.2,0.1,0.15,0.55,60,147.74814887875948,343.65010261535645,75,1.6034039306640624,7696.3388671875,6.339616443120118,0,0,884,0.0,0.0,0.0,0.2,0.1,0.15,0.55
885,AlwaysCompact_C128,3,COMPACT_128KB,0.158125,-0.055,0.185362,0,60,147.74814887875948,343.65010261535645,75,1.6034039306640624,7696.3388671875,6.339616443120118,0,0,884,0.0,0.0,0.0,0.2,0.1,0.15,0.55,54,169.75820525466082,356.91165924072266,75,1.6043697102864583,7700.974609375,6.286903290093066,0,0,885,0.0,0.0,0.0,0.2,0.1,0.15,0.55
886,AlwaysCompact_C128,3,COMPACT_128KB,0.158,-0.055,0.185599,0,54,169.75820525466082,356.91165924072266,75,1.6043697102864583,7700.974609375,6.286903290093066,0,0,885,0.0,0.0,0.0,0.2,0.1,0.15,0.55,72,223.81790395666977,340.0735855102539,76,1.585131193462171,7710.078125,12.418340924661475,0,0,886,0.0,0.0,0.0,0.2,0.1,0.15,0.55
887,AlwaysCompact_C128,3,COMPACT_128KB,0.158,-0.055,0.17649,0,72,223.81790395666977,340.0735855102539,76,1.585131193462171,7710.078125,12.418340924661475,0,0,886,0.0,0.0,0.0,0.2,0.1,0.15,0.55,93,270.4827955393634,795.4776287078857,76,1.586781150416324,7718.103515625,11.631847834886326,0,0,887,0.0,0.0,0.0,0.15,0.15,0.15,0.55
888,AlwaysCompact_C128,3,COMPACT_128KB,0.158,-0.055,0.18363,0,93,270.4827955393634,795.4776287078857,76,1.586781150416324,7718.103515625,11.631847834886326,0,0,887,0.0,0.0,0.0,0.15,0.15,0.15,0.55,69,213.65749034540954,438.4760856628418,76,1.5880016527677838,7724.0400390625,11.063385184236747,0,0,888,0.0,0.0,0.0,0.2,0.15,0.1,0.55
889,AlwaysCompact_C128,3,COMPACT_128KB,0.158,-0.055,0.18564,0,69,213.65749034540954,438.4760856628418,76,1.5880016527677838,7724.0400390625,11.063385184236747,0,0,888,0.0,0.0,0.0,0.2,0.15,0.1,0.55,94,291.351611630282,338.01984786987305,76,1.5896588375693874,7732.1005859375,10.313372319441582,0,0,889,0.0,0.0,0.0,0.15,0.15,0.1,0.6
890,AlwaysCompact_C128,3,COMPACT_128KB,0.158,-0.055,0.18569,0,94,291.351611630282,338.01984786987305,76,1.5896588375693874,7732.1005859375,10.313372319441582,0,0,889,0.0,0.0,0.0,0.15,0.15,0.1,0.6,88,267.133012569986,335.4940414428711,76,1.591217643336246,7739.6826171875,9.635619187466604,0,0,890,0.0,0.0,0.0,0.15,0.15,0.1,0.6
891,AlwaysCompact_C128,3,COMPACT_128KB,0.158,-0.055,0.185462,0,88,267.133012569986,335.4940414428711,76,1.591217643336246,7739.6826171875,9.635619187466604,0,0,890,0.0,0.0,0.0,0.15,0.15,0.1,0.6,66,201.5991540562841,346.8751907348633,76,1.5923837360582853,7745.3544921875,9.149866019681422,0,0,891,0.0,0.0,0.0,0.15,0.15,0.1,0.6
892,AlwaysCompact_C128,3,COMPACT_128KB,0.158,-0.055,0.185226,0,66,201.5991540562841,346.8751907348633,76,1.5923837360582853,7745.3544921875,9.149866019681422,0,0,891,0.0,0.0,0.0,0.15,0.15,0.1,0.6,82,233.7180430179427,358.71386528015137,76,1.5938375372635691,7752.42578125,8.574915694210166,0,0,892,0.0,0.0,0.0,0.15,0.15,0.05,0.65
893,AlwaysCompact_C128,3,COMPACT_128KB,-0.1345,-0.055,0.183381,0,82,233.7180430179427,358.71386528015137,76,1.5938375372635691,7752.42578125,8.574915694210166,0,0,892,0.0,0.0,0.0,0.15,0.15,0.05,0.65,50,133.51363051809975,450.9251117706299,76,1.594721743935033,7756.7265625,8.244670751463135,0,0,893,0.0,0.0,0.0,0.15,0.15,0.0,0.7
894,AlwaysCompact_C128,3,COMPACT_128KB,0.158,-0.055,0.185154,0,50,133.51363051809975,450.9251117706299,76,1.594721743935033,7756.7265625,8.244670751463135,0,0,893,0.0,0.0,0.0,0.15,0.15,0.0,0.7,65,196.57846597566473,362.28060722351074,76,1.5958786010742188,7762.353515625,7.838511415611186,0,0,894,0.0,0.0,0.0,0.15,0.15,0.0,0.7
895,AlwaysCompact_C128,3,COMPACT_128KB,0.158,-0.055,0.171264,0,65,196.57846597566473,362.28060722351074,76,1.5958786010742188,7762.353515625,7.838511415611186,0,0,894,0.0,0.0,0.0,0.15,0.15,0.0,0.7,92,276.50993068548496,1056.7803382873535,76,1.5975080791272616,7770.279296875,7.324928918375639,0,0,895,0.0,0.0,0.0,0.1,0.2,0.0,0.7
896,AlwaysCompact_C128,3,COMPACT_128KB,0.158,-0.055,0.182795,0,92,276.50993068548496,1056.7803382873535,76,1.5975080791272616,7770.279296875,7.324928918375639,0,0,895,0.0,0.0,0.0,0.1,0.2,0.0,0.7,68,209.9092116757915,480.2539348602295,76,1.5987085041246916,7776.1181640625,6.998210906215831,0,0,896,0.0,0.0,0.0,0.1,0.2,0.0,0.7
897,AlwaysCompact_C128,3,COMPACT_128KB,0.158,-0.055,0.166512,0,68,209.9092116757915,480.2539348602295,76,1.5987085041246916,7776.1181640625,6.998210906215831,0,0,896,0.0,0.0,0.0,0.1,0.2,0.0,0.7,58,142.87177698179318,1294.3816184997559,76,1.5997366654245477,7781.119140625,6.758709356793823,0,0,897,0.0,0.0,0.0,0.1,0.2,0.0,0.7
898,AlwaysCompact_C128,3,COMPACT_128KB,0.158,-0.055,0.185277,0,58,142.87177698179318,1294.3816184997559,76,1.5997366654245477,7781.119140625,6.758709356793823,0,0,897,0.0,0.0,0.0,0.1,0.2,0.0,0.7,94,207.20645882143958,356.1418056488037,76,1.6013948540938527,7789.1845703125,6.461659906249659,0,0,898,0.0,0.0,0.0,0.1,0.2,0.0,0.7
899,AlwaysCompact_C128,3,COMPACT_128KB,0.158,-0.055,0.185815,0,94,207.20645882143958,356.1418056488037,76,1.6013948540938527,7789.1845703125,6.461659906249659,0,0,898,0.0,0.0,0.0,0.1,0.2,0.0,0.7,87,257.94516417030536,329.2355537414551,76,1.6029273585269326,7796.638671875,6.296488265324625,0,0,899,0.0,0.0,0.0,0.05,0.2,0.0,0.75
900,AlwaysCompact_C128,3,COMPACT_128KB,0.158,-0.055,0.185534,0,87,257.94516417030536,329.2355537414551,76,1.6029273585269326,7796.638671875,6.296488265324625,0,0,899,0.0,0.0,0.0,0.05,0.2,0.0,0.75,90,266.2646300561114,343.3036804199219,76,1.6046130531712581,7804.837890625,6.246325685421658,0,0,900,0.0,0.0,0.0,0.05,0.2,0.0,0.75
901,AlwaysCompact_C128,3,COMPACT_128KB,-0.134625,-0.055,0.182528,0,90,266.2646300561114,343.3036804199219,76,1.6046130531712581,7804.837890625,6.246325685421658,0,0,900,0.0,0.0,0.0,0.05,0.2,0.0,0.75,34,100.30479486259698,488.5869026184082,77,1.584937553901177,7810.572265625,12.672782728866242,0,0,901,0.0,0.0,0.05,0.05,0.2,0.0,0.7
902,AlwaysCompact_C128,3,COMPACT_128KB,-0.134625,-0.055,0.182352,0,34,100.30479486259698,488.5869026184082,77,1.584937553901177,7810.572265625,12.672782728866242,0,0,901,0.0,0.0,0.05,0.05,0.2,0.0,0.7,28,73.83493086178518,497.4064826965332,77,1.5854408957741477,7813.052734375,12.427081580046611,0,0,902,0.0,0.0,0.05,0.05,0.15,0.0,0.75
903,AlwaysCompact_C128,3,COMPACT_128KB,-0.134625,-0.055,0.175386,0,28,73.83493086178518,497.4064826965332,77,1.5854408957741477,7813.052734375,12.427081580046611,0,0,902,0.0,0.0,0.05,0.05,0.15,0.0,0.75,43,94.2832411612274,845.7198143005371,77,1.5862408922864246,7816.9951171875,12.039910954430715,0,0,903,0.0,0.0,0.05,0.05,0.2,0.0,0.7
904,AlwaysCompact_C128,3,COMPACT_128KB,-0.134625,-0.055,0.183844,0,43,94.2832411612274,845.7198143005371,77,1.5862408922864246,7816.9951171875,12.039910954430715,0,0,903,0.0,0.0,0.05,0.05,0.2,0.0,0.7,30,85.52490829270481,422.7914810180664,77,1.586738685508827,7819.4482421875,11.80121819172496,0,0,904,0.0,0.0,0.05,0.05,0.2,0.0,0.7
905,AlwaysCompact_C128,3,COMPACT_128KB,-0.134625,-0.055,0.176151,0,30,85.52490829270481,422.7914810180664,77,1.586738685508827,7819.4482421875,11.80121819172496,0,0,904,0.0,0.0,0.05,0.05,0.2,0.0,0.7,25,73.52205782334389,807.4250221252441,77,1.5871782179002638,7821.6142578125,11.591980527591224,0,0,905,0.0,0.0,0.05,0.05,0.25,0.0,0.65
906,AlwaysCompact_C128,3,COMPACT_128KB,-0.134625,-0.055,0.182068,0,25,73.52205782334389,807.4250221252441,77,1.5871782179002638,7821.6142578125,11.591980527591224,0,0,905,0.0,0.0,0.05,0.05,0.25,0.0,0.65,35,101.3671664340802,511.6145610809326,77,1.5877939199472402,7824.6484375,11.301430000001275,0,0,906,0.0,0.0,0.05,0.05,0.25,0.0,0.65
907,AlwaysCompact_C128,3,COMPACT_128KB,-0.134625,-0.055,0.182034,0,35,101.3671664340802,511.6145610809326,77,1.5877939199472402,7824.6484375,11.301430000001275,0,0,906,0.0,0.0,0.05,0.05,0.25,0.0,0.65,43,101.44343850681258,513.2765769958496,77,1.5885443749365868,7828.3466796875,10.95162938426517,0,0,907,0.0,0.0,0.05,0.05,0.2,0.0,0.7
908,AlwaysCompact_C128,3,COMPACT_128KB,-0.134625,-0.055,0.18398,0,43,101.44343850681258,513.2765769958496,77,1.5885443749365868,7828.3466796875,10.95162938426517,0,0,907,0.0,0.0,0.05,0.05,0.2,0.0,0.7,49,121.55188288676183,416.02301597595215,77,1.589448408647017,7832.8017578125,10.537209546111594,0,0,908,0.0,0.0,0.05,0.0,0.2,0.0,0.75
909,AlwaysCompact_C128,3,COMPACT_128KB,-0.134625,-0.055,0.171837,0,49,121.55188288676183,416.02301597595215,77,1.589448408647017,7832.8017578125,10.537209546111594,0,0,908,0.0,0.0,0.05,0.0,0.2,0.0,0.75,45,134.1350292832792,1023.1618881225586,77,1.5902301738788556,7836.654296875,10.185650380688712,0,0,909,0.0,0.0,0.05,0.0,0.25,0.0,0.7
910,AlwaysCompact_C128,3,COMPACT_128KB,-0.134625,-0.055,0.185372,0,45,134.1350292832792,1023.1618881225586,77,1.5902301738788556,7836.654296875,10.185650380688712,0,0,909,0.0,0.0,0.05,0.0,0.25,0.0,0.7,50,150.22234447347913,346.41098976135254,77,1.5910577154778816,7840.732421875,9.821181143036496,0,0,910,0.0,0.0,0.05,0.0,0.25,0.0,0.7
911,AlwaysCompact_C128,3,COMPACT_128KB,-0.134625,-0.055,0.181801,0,50,150.22234447347913,346.41098976135254,77,1.5910577154778816,7840.732421875,9.821181143036496,0,0,910,0.0,0.0,0.05,0.0,0.25,0.0,0.7,31,95.8111710437115,524.9571800231934,77,1.5916434944450082,7843.619140625,9.568444201165075,0,0,911,0.0,0.0,0.05,0.0,0.25,0.0,0.7
912,AlwaysCompact_C128,3,COMPACT_128KB,-0.134625,-0.055,0.181427,0,31,95.8111710437115,524.9571800231934,77,1.5916434944450082,7843.619140625,9.568444201165075,0,0,911,0.0,0.0,0.05,0.0,0.25,0.0,0.7,34,78.70041693915337,543.6522960662842,77,1.5922381908862622,7846.5498046875,9.316730191697497,0,0,912,0.0,0.0,0.05,0.05,0.25,0.0,0.65
913,AlwaysCompact_C128,3,COMPACT_128KB,-0.134625,-0.055,0.167841,0,34,78.70041693915337,543.6522960662842,77,1.5922381908862622,7846.5498046875,9.316730191697497,0,0,912,0.0,0.0,0.05,0.05,0.25,0.0,0.65,45,131.2975765307897,1222.9628562927246,77,1.5930221359451096,7850.4130859375,8.993104162676936,0,0,913,0.0,0.0,0.05,0.05,0.3,0.0,0.6
914,AlwaysCompact_C128,3,COMPACT_128KB,-0.134625,-0.055,0.185498,0,45,131.2975765307897,1222.9628562927246,77,1.5930221359451096,7850.4130859375,8.993104162676936,0,0,913,0.0,0.0,0.05,0.05,0.3,0.0,0.6,32,68.47256357618326,340.0845527648926,77,1.5936134635628043,7853.3271484375,8.755729150453655,0,0,914,0.0,0.0,0.05,0.05,0.3,0.0,0.6
915,AlwaysCompact_C128,3,COMPACT_128KB,-0.134625,-0.055,0.185315,0,32,68.47256357618326,340.0845527648926,77,1.5936134635628043,7853.3271484375,8.755729150453655,0,0,914,0.0,0.0,0.05,0.05,0.3,0.0,0.6,32,89.77167963903442,349.2274284362793,77,1.5941229485846184,7855.837890625,8.556264822931198,0,0,915,0.0,0.0,0.05,0.05,0.25,0.0,0.65
916,AlwaysCompact_C128,3,COMPACT_128KB,-0.134625,-0.055,0.185422,0,32,89.77167963903442,349.2274284362793,77,1.5941229485846184,7855.837890625,8.556264822931198,0,0,915,0.0,0.0,0.05,0.05,0.25,0.0,0.65,28,83.14378417259057,343.90854835510254,77,1.5945769471007507,7858.0751953125,8.382754376197568,0,0,916,0.0,0.0,0.05,0.05,0.25,0.0,0.65
917,AlwaysCompact_C128,3,COMPACT_128KB,-0.134625,-0.055,0.175785,0,28,83.14378417259057,343.90854835510254,77,1.5945769471007507,7858.0751953125,8.382754376197568,0,0,916,0.0,0.0,0.05,0.05,0.25,0.0,0.65,23,70.00225820777253,825.7596492767334,77,1.5949877454088879,7860.099609375,8.229410003271031,0,0,917,0.0,0.0,0.05,0.05,0.25,0.0,0.65
918,AlwaysCompact_C128,3,COMPACT_128KB,-0.134625,-0.055,0.18545,0,23,70.00225820777253,825.7596492767334,77,1.5949877454088879,7860.099609375,8.229410003271031,0,0,917,0.0,0.0,0.05,0.05,0.25,0.0,0.65,27,77.8542231400811,342.4859046936035,77,1.595462551364651,7862.439453125,8.056768056670299,0,0,918,0.0,0.0,0.05,0.05,0.25,0.0,0.65
919,AlwaysCompact_C128,3,COMPACT_128KB,-0.134625,-0.055,0.183284,0,27,77.8542231400811,342.4859046936035,77,1.595462551364651,7862.439453125,8.056768056670299,0,0,918,0.0,0.0,0.05,0.05,0.25,0.0,0.65,40,118.90242925796966,450.7865905761719,77,1.5961551418552151,7865.8525390625,7.814420885612958,0,0,919,0.0,0.0,0.05,0.1,0.25,0.0,0.6
920,AlwaysCompact_C128,3,COMPACT_128KB,-0.134625,-0.055,0.185501,0,40,118.90242925796966,450.7865905761719,77,1.5961551418552151,7865.8525390625,7.814420885612958,0,0,919,0.0,0.0,0.05,0.1,0.25,0.0,0.6,36,103.3754544222214,339.92862701416016,77,1.5967805540406859,7868.9345703125,7.606043013085652,0,0,920,0.0,0.0,0.05,0.1,0.25,0.0,0.6
921,AlwaysCompact_C128,3,COMPACT_128KB,-0.134625,-0.055,0.185505,0,36,103.3754544222214,339.92862701416016,77,1.5967805540406859,7868.9345703125,7.606043013085652,0,0,920,0.0,0.0,0.05,0.1,0.25,0.0,0.6,23,68.98560848059165,339.77246284484863,77,1.597189965186181,7870.9521484375,7.475427254050491,0,0,921,0.0,0.0,0.0,0.1,0.25,0.0,0.65
922,AlwaysCompact_C128,3,COMPACT_128KB,-0.134625,-0.055,0.182074,0,23,68.98560848059165,339.77246284484863,77,1.597189965186181,7870.9521484375,7.475427254050491,0,0,921,0.0,0.0,0.0,0.1,0.25,0.0,0.65,36,105.6629867657926,511.3210678100586,77,1.597817359032569,7874.0439453125,7.284810987106019,0,0,922,0.0,0.0,0.05,0.1,0.25,0.0,0.6
923,AlwaysCompact_C128,3,COMPACT_128KB,-0.134625,-0.055,0.184612,0,36,105.6629867657926,511.3210678100586,77,1.597817359032569,7874.0439453125,7.284810987106019,0,0,922,0.0,0.0,0.05,0.1,0.25,0.0,0.6,34,98.00402032290408,384.4027519226074,77,1.5984181986226664,7877.0048828125,7.1138429938831775,0,0,923,0.0,0.0,0.05,0.1,0.2,0.0,0.65
924,AlwaysCompact_C128,3,COMPACT_128KB,-0.134625,-0.055,0.183511,0,34,98.00402032290408,384.4027519226074,77,1.5984181986226664,7877.0048828125,7.1138429938831775,0,0,923,0.0,0.0,0.05,0.1,0.2,0.0,0.65,22,65.15083271906711,439.4383430480957,77,1.5988347437474635,7879.0576171875,7.002412993015229,0,0,924,0.0,0.0,0.05,0.15,0.2,0.0,0.6
925,AlwaysCompact_C128,3,COMPACT_128KB,-0.134625,-0.055,0.182789,0,22,65.15083271906711,439.4383430480957,77,1.5988347437474635,7879.0576171875,7.002412993015229,0,0,924,0.0,0.0,0.05,0.15,0.2,0.0,0.6,30,94.31166915507906,475.5692481994629,77,1.5993505700842126,7881.599609375,6.872960700683597,0,0,925,0.0,0.0,0.05,0.15,0.15,0.05,0.6
926,AlwaysCompact_C128,3,COMPACT_128KB,-0.134625,-0.055,0.185201,0,30,94.31166915507906,475.5692481994629,77,1.5993505700842126,7881.599609375,6.872960700683597,0,0,925,0.0,0.0,0.05,0.15,0.15,0.05,0.6,49,152.5324838892348,354.92658615112305,77,1.6002086292613635,7885.828125,6.679931293590843,0,0,926,0.0,0.0,0.05,0.15,0.15,0.05,0.6
927,AlwaysCompact_C128,3,COMPACT_128KB,-0.134625,-0.055,0.180868,0,49,152.5324838892348,354.92658615112305,77,1.6002086292613635,7885.828125,6.679931293590843,0,0,926,0.0,0.0,0.05,0.15,0.15,0.05,0.6,36,84.2298313004071,571.6032981872559,77,1.6008061000279017,7888.7724609375,6.563090028608645,0,0,927,0.0,0.0,0.05,0.2,0.15,0.05,0.55
928,AlwaysCompact_C128,3,COMPACT_128KB,-0.134625,-0.055,0.175903,0,36,84.2298313004071,571.6032981872559,77,1.6008061000279017,7888.7724609375,6.563090028608645,0,0,927,0.0,0.0,0.05,0.2,0.15,0.05,0.55,22,51.118595542653914,819.843053817749,77,1.601185588093547,7890.642578125,6.496790076090519,0,0,928,0.0,0.0,0.1,0.2,0.15,0.05,0.5
929,AlwaysCompact_C128,3,COMPACT_128KB,-0.134625,-0.055,0.177403,0,22,51.118595542653914,819.843053817749,77,1.601185588093547,7890.642578125,6.496790076090519,0,0,928,0.0,0.0,0.1,0.2,0.15,0.05,0.5,44,93.63387736381311,744.8625564575195,77,1.601974883636871,7894.5322265625,6.379523287561457,0,0,929,0.0,0.0,0.15,0.2,0.1,0.05,0.5
930,AlwaysCompact_C128,3,COMPACT_128KB,-0.134625,-0.055,0.16614,0,44,93.63387736381311,744.8625564575195,77,1.601974883636871,7894.5322265625,6.379523287561457,0,0,929,0.0,0.0,0.15,0.2,0.1,0.05,0.5,36,76.92457674782567,1308.004379272461,77,1.6026012866528003,7897.619140625,6.307112206477597,0,0,930,0.0,0.0,0.15,0.2,0.15,0.05,0.45
931,AlwaysCompact_C128,3,COMPACT_128KB,-0.134625,-0.055,0.185327,0,36,76.92457674782567,1308.004379272461,77,1.6026012866528003,7897.619140625,6.307112206477597,0,0,930,0.0,0.0,0.15,0.2,0.15,0.05,0.45,21,45.2899453982932,348.6473560333252,77,1.6030227859298904,7899.6962890625,6.269036530612332,0,0,931,0.0,0.0,0.15,0.2,0.15,0.05,0.45
932,AlwaysCompact_C128,3,COMPACT_128KB,-0.134625,-0.055,0.185403,0,21,45.2899453982932,348.6473560333252,77,1.6030227859298904,7899.6962890625,6.269036530612332,0,0,931,0.0,0.0,0.15,0.2,0.15,0.05,0.45,33,98.6782484707627,344.87414360046387,77,1.603594495104505,7902.513671875,6.231405556435989,0,0,932,0.0,0.0,0.15,0.15,0.15,0.05,0.5
933,AlwaysCompact_C128,3,COMPACT_128KB,-0.13475,-0.055,0.184953,0,33,98.6782484707627,344.87414360046387,77,1.603594495104505,7902.513671875,6.231405556435989,0,0,932,0.0,0.0,0.15,0.15,0.15,0.05,0.5,21,54.354435285304,362.3337745666504,78,1.583950923039363,7907.0830078125,12.712471601323173,0,0,933,0.0,0.0,0.15,0.15,0.1,0.05,0.55
934,AlwaysCompact_C128,3,COMPACT_128KB,-0.13475,-0.055,0.182789,0,21,54.354435285304,362.3337745666504,78,1.583950923039363,7907.0830078125,12.712471601323173,0,0,933,0.0,0.0,0.15,0.15,0.1,0.05,0.55,23,66.8368207040422,470.5617427825928,78,1.5843713222405849,7909.181640625,12.505464586978105,0,0,934,0.0,0.0,0.15,0.2,0.1,0.05,0.5
935,AlwaysCompact_C128,3,COMPACT_128KB,-0.13475,-0.055,0.184968,0,23,66.8368207040422,470.5617427825928,78,1.5843713222405849,7909.181640625,12.505464586978105,0,0,934,0.0,0.0,0.15,0.2,0.1,0.05,0.5,50,144.70272541663707,361.605167388916,78,1.5852715907952724,7913.67578125,12.06596262588425,0,0,935,0.0,0.0,0.15,0.2,0.1,0.05,0.5
936,AlwaysCompact_C128,3,COMPACT_128KB,-0.13475,-0.055,0.181202,0,50,144.70272541663707,361.605167388916,78,1.5852715907952724,7913.67578125,12.06596262588425,0,0,935,0.0,0.0,0.15,0.2,0.1,0.05,0.5,25,71.77971351804631,549.898624420166,78,1.5857105744190705,7915.8671875,11.853668077170607,0,0,936,0.0,0.0,0.15,0.25,0.1,0.05,0.45
937,AlwaysCompact_C128,3,COMPACT_128KB,-0.13475,-0.055,0.175678,0,25,71.77971351804631,549.898624420166,78,1.5857105744190705,7915.8671875,11.853668077170607,0,0,936,0.0,0.0,0.15,0.25,0.1,0.05,0.45,44,119.5760533484,826.1222839355469,78,1.58646725385617,7919.64453125,11.491105189939077,0,0,937,0.0,0.0,0.2,0.25,0.05,0.05,0.45
938,AlwaysCompact_C128,3,COMPACT_128KB,-0.13475,-0.055,0.181694,0,44,119.5760533484,826.1222839355469,78,1.58646725385617,7919.64453125,11.491105189939077,0,0,937,0.0,0.0,0.2,0.25,0.05,0.05,0.45,21,45.97884397746587,525.2788066864014,78,1.586807642227564,7921.34375,11.32948987157502,0,0,938,0.0,0.0,0.2,0.25,0.05,0.05,0.45
939,AlwaysCompact_C128,3,COMPACT_128KB,-0.13475,-0.055,0.181987,0,21,45.97884397746587,525.2788066864014,78,1.586807642227564,7921.34375,11.32948987157502,0,0,938,0.0,0.0,0.2,0.25,0.05,0.05,0.45,46,93.94757987745882,510.66136360168457,78,1.5875999255058093,7925.298828125,10.95716857522853,0,0,939,0.0,0.0,0.2,0.2,0.05,0.05,0.5
940,AlwaysCompact_C128,3,COMPACT_128KB,-0.13475,-0.055,0.180092,0,46,93.94757987745882,510.66136360168457,78,1.5875999255058093,7925.298828125,10.95716857522853,0,0,939,0.0,0.0,0.2,0.2,0.05,0.05,0.5,26,52.9772675380599,605.3822040557861,78,1.588042234763121,7927.5068359375,10.751817603552812,0,0,940,0.0,0.0,0.2,0.25,0.05,0.05,0.45
941,AlwaysCompact_C128,3,COMPACT_128KB,-0.13475,-0.055,0.165951,0,26,52.9772675380599,605.3822040557861,78,1.588042234763121,7927.5068359375,10.751817603552812,0,0,940,0.0,0.0,0.2,0.25,0.05,0.05,0.45,29,72.67789545385288,1312.4701976776123,78,1.588544405423678,7930.013671875,10.521017880812659,0,0,941,0.0,0.0,0.2,0.25,0.1,0.05,0.4
942,AlwaysCompact_C128,3,COMPACT_128KB,-0.13475,-0.055,0.183585,0,29,72.67789545385288,1312.4701976776123,78,1.588544405423678,7930.013671875,10.521017880812659,0,0,941,0.0,0.0,0.2,0.25,0.1,0.05,0.4,44,91.99355569379975,430.7749271392822,78,1.5893646631485376,7934.1083984375,10.149810233912616,0,0,942,0.0,0.0,0.15,0.25,0.1,0.05,0.45
943,AlwaysCompact_C128,3,COMPACT_128KB,-0.13475,-0.055,0.176896,0,44,91.99355569379975,430.7749271392822,78,1.5893646631485376,7934.1083984375,10.149810233912616,0,0,942,0.0,0.0,0.15,0.25,0.1,0.05,0.45,24,55.04260713846322,765.1934623718262,78,1.589779780461238,7936.1806640625,9.964900390456188,0,0,943,0.0,0.0,0.15,0.25,0.1,0.1,0.4
944,AlwaysCompact_C128,3,COMPACT_128KB,-0.13475,-0.055,0.182086,0,24,55.04260713846322,765.1934623718262,78,1.589779780461238,7936.1806640625,9.964900390456188,0,0,943,0.0,0.0,0.15,0.25,0.1,0.1,0.4,37,77.87833477358015,505.71274757385254,78,1.5903631357046275,7939.0927734375,9.708683110593467,0,0,944,0.0,0.0,0.15,0.2,0.1,0.1,0.45
945,AlwaysCompact_C128,3,COMPACT_128KB,-0.13475,-0.055,0.182416,0,37,77.87833477358015,505.71274757385254,78,1.5903631357046275,7939.0927734375,9.708683110593467,0,0,944,0.0,0.0,0.15,0.2,0.1,0.1,0.45,20,54.35986630049211,489.21680450439453,78,1.590709197215545,7940.8203125,9.558818170695883,0,0,945,0.0,0.0,0.15,0.2,0.1,0.05,0.5
946,AlwaysCompact_C128,3,COMPACT_128KB,-0.13475,-0.055,0.175769,0,20,54.35986630049211,489.21680450439453,78,1.590709197215545,7940.8203125,9.558818170695883,0,0,945,0.0,0.0,0.15,0.2,0.1,0.05,0.5,28,61.15142252980624,821.5394020080566,78,1.5911876971905048,7943.208984375,9.354382698743311,0,0,946,0.0,0.0,0.2,0.2,0.1,0.05,0.45
947,AlwaysCompact_C128,3,COMPACT_128KB,-0.13475,-0.055,0.184769,0,28,61.15142252980624,821.5394020080566,78,1.5911876971905048,7943.208984375,9.354382698743311,0,0,946,0.0,0.0,0.2,0.2,0.1,0.05,0.45,38,81.79287127737317,371.5512752532959,78,1.5918389344826722,7946.4599609375,9.081695598933415,0,0,947,0.0,0.0,0.2,0.15,0.1,0.05,0.5
948,AlwaysCompact_C128,3,COMPACT_128KB,-0.13475,-0.055,0.184379,0,38,81.79287127737317,371.5512752532959,78,1.5918389344826722,7946.4599609375,9.081695598933415,0,0,947,0.0,0.0,0.2,0.15,0.1,0.05,0.5,23,65.37358749357065,391.02959632873535,78,1.5922384017553084,7948.4541015625,8.91782317124723,0,0,948,0.0,0.0,0.15,0.15,0.1,0.05,0.55
949,AlwaysCompact_C128,3,COMPACT_128KB,-0.13475,-0.055,0.17802,0,23,65.37358749357065,391.02959632873535,78,1.5922384017553084,7948.4541015625,8.91782317124723,0,0,948,0.0,0.0,0.15,0.15,0.1,0.05,0.55,24,61.49416020090937,709.0222835540771,78,1.592655279697516,7950.53515625,8.749749349476792,0,0,949,0.0,0.0,0.1,0.15,0.1,0.1,0.55
950,AlwaysCompact_C128,3,COMPACT_128KB,-0.13475,-0.055,0.175925,0,24,61.49416020090937,709.0222835540771,78,1.592655279697516,7950.53515625,8.749749349476792,0,0,949,0.0,0.0,0.1,0.15,0.1,0.1,0.55,47,99.11095693024556,813.7481212615967,78,1.593466343023838,7954.583984375,8.432024198164452,0,0,950,0.0,0.0,0.15,0.15,0.05,0.1,0.55
951,AlwaysCompact_C128,3,COMPACT_128KB,-0.13475,-0.055,0.181347,0,47,99.11095693024556,813.7481212615967,78,1.593466343023838,7954.583984375,8.432024198164452,0,0,950,0.0,0.0,0.15,0.15,0.05,0.1,0.55,40,88.1796345877102,542.6387786865234,78,1.594153575408153,7958.0146484375,8.173273380744655,0,0,951,0.0,0.0,0.15,0.15,0.05,0.1,0.55
952,AlwaysCompact_C128,3,COMPACT_128KB,-0.13475,-0.055,0.185119,0,40,88.1796345877102,542.6387786865234,78,1.594153575408153,7958.0146484375,8.173273380744655,0,0,951,0.0,0.0,0.15,0.15,0.05,0.1,0.55,27,55.45491841610553,354.07137870788574,78,1.594626010992588,7960.373046875,8.001482885633052,0,0,952,0.0,0.0,0.15,0.15,0.05,0.1,0.55
953,AlwaysCompact_C128,3,COMPACT_128KB,-0.13475,-0.055,0.182234,0,27,55.45491841610553,354.07137870788574,78,1.594626010992588,7960.373046875,8.001482885633052,0,0,952,0.0,0.0,0.15,0.15,0.05,0.1,0.55,38,115.077047485372,498.3091354370117,78,1.5952795957907653,7963.6357421875,7.772692060509587,0,0,953,0.0,0.0,0.15,0.2,0.05,0.1,0.5
954,AlwaysCompact_C128,3,COMPACT_128KB,-0.13475,-0.055,0.174171,0,38,115.077047485372,498.3091354370117,78,1.5952795957907653,7963.6357421875,7.772692060509587,0,0,953,0.0,0.0,0.15,0.2,0.05,0.1,0.5,41,109.82616237260555,901.4289379119873,78,1.5959848257211537,7967.15625,7.538351111678569,0,0,954,0.0,0.0,0.15,0.15,0.1,0.1,0.5
955,AlwaysCompact_C128,3,COMPACT_128KB,-0.13475,-0.055,0.185119,0,41,109.82616237260555,901.4289379119873,78,1.5959848257211537,7967.15625,7.538351111678569,0,0,954,0.0,0.0,0.15,0.15,0.1,0.1,0.5,33,97.49330989189326,354.04348373413086,78,1.596556639059996,7970.0107421875,7.358723916640943,0,0,955,0.0,0.0,0.15,0.15,0.1,0.1,0.5
956,AlwaysCompact_C128,3,COMPACT_128KB,-0.13475,-0.055,0.184811,0,33,97.49330989189326,354.04348373413086,78,1.596556639059996,7970.0107421875,7.358723916640943,0,0,955,0.0,0.0,0.15,0.15,0.1,0.1,0.5,46,127.43230146039446,369.4572448730469,78,1.5976722912910657,7975.580078125,7.037852395846764,0,0,956,0.0,0.0,0.15,0.1,0.1,0.1,0.55
957,AlwaysCompact_C128,3,COMPACT_128KB,-0.13475,-0.055,0.185002,0,46,127.43230146039446,369.4572448730469,78,1.5976722912910657,7975.580078125,7.037852395846764,0,0,956,0.0,0.0,0.15,0.1,0.1,0.1,0.55,27,79.24102954512377,359.88426208496094,78,1.59781979291867,7976.31640625,6.998581974265228,0,0,957,0.0,0.0,0.1,0.1,0.1,0.1,0.6
958,AlwaysCompact_C128,3,COMPACT_128KB,-0.13475,-0.055,0.184397,0,27,79.24102954512377,359.88426208496094,78,1.59781979291867,7976.31640625,6.998581974265228,0,0,957,0.0,0.0,0.1,0.1,0.1,0.1,0.6,32,91.34459450262564,390.13099670410156,78,1.5983628493088942,7979.02734375,6.86079793287409,0,0,958,0.0,0.0,0.1,0.1,0.1,0.1,0.6
959,AlwaysCompact_C128,3,COMPACT_128KB,-0.13475,-0.055,0.180275,0,32,91.34459450262564,390.13099670410156,78,1.5983628493088942,7979.02734375,6.86079793287409,0,0,958,0.0,0.0,0.1,0.1,0.1,0.1,0.6,31,87.51336795097443,596.2283611297607,78,1.5988990588065906,7981.7041015625,6.735719339801978,0,0,959,0.0,0.0,0.1,0.15,0.1,0.1,0.55
960,AlwaysCompact_C128,3,COMPACT_128KB,-0.13475,-0.055,0.182083,0,31,87.51336795097443,596.2283611297607,78,1.5988990588065906,7981.7041015625,6.735719339801978,0,0,959,0.0,0.0,0.1,0.15,0.1,0.1,0.55,46,130.02123059837078,505.8307647705078,78,1.5996776482997797,7985.5908203125,6.574770688229425,0,0,960,0.0,0.0,0.1,0.1,0.1,0.15,0.55
961,AlwaysCompact_C128,3,COMPACT_128KB,-0.13475,-0.055,0.178353,0,46,130.02123059837078,505.8307647705078,78,1.5996776482997797,7985.5908203125,6.574770688229425,0,0,960,0.0,0.0,0.1,0.1,0.1,0.15,0.55,27,77.5624958905911,692.3608779907227,78,1.600145780123197,7987.927734375,6.490454357606815,0,0,961,0.0,0.0,0.15,0.1,0.05,0.15,0.55
962,AlwaysCompact_C128,3,COMPACT_128KB,-0.13475,-0.055,0.184244,0,27,77.5624958905911,692.3608779907227,78,1.600145780123197,7987.927734375,6.490454357606815,0,0,961,0.0,0.0,0.15,0.1,0.05,0.15,0.55,29,81.82956202096148,397.8126049041748,78,1.6006397345127203,7990.3935546875,6.412132974237095,0,0,962,0.0,0.0,0.15,0.1,0.05,0.15,0.55
963,AlwaysCompact_C128,3,COMPACT_128KB,-0.13475,-0.055,0.1848,0,29,81.82956202096148,397.8126049041748,78,1.6006397345127203,7990.3935546875,6.412132974237095,0,0,962,0.0,0.0,0.15,0.1,0.05,0.15,0.55,44,121.47264174105013,370.0094223022461,78,1.6013985658303285,7994.181640625,6.314010524612686,0,0,963,0.0,0.0,0.15,0.1,0.05,0.1,0.6
964,AlwaysCompact_C128,3,COMPACT_128KB,-0.13475,-0.055,0.184877,0,44,121.47264174105013,370.0094223022461,78,1.6013985658303285,7994.181640625,6.314010524612686,0,0,963,0.0,0.0,0.15,0.1,0.05,0.1,0.6,42,119.53192219873723,366.12701416015625,78,1.60212648831881,7997.8154296875,6.246169608247599,0,0,964,0.0,0.0,0.15,0.1,0.05,0.1,0.6
965,AlwaysCompact_C128,3,COMPACT_128KB,-0.13475,-0.055,0.184619,0,42,119.53192219873723,366.12701416015625,78,1.60212648831881,7997.8154296875,6.246169608247599,0,0,964,0.0,0.0,0.15,0.1,0.05,0.1,0.6,25,71.98238224165107,379.0559768676758,78,1.602550017528045,7999.9296875,6.218895740784044,0,0,965,0.0,0.0,0.15,0.1,0.05,0.1,0.6
966,AlwaysCompact_C128,3,COMPACT_128KB,-0.134875,-0.055,0.18287,0,25,71.98238224165107,379.0559768676758,78,1.602550017528045,7999.9296875,6.218895740784044,0,0,965,0.0,0.0,0.15,0.1,0.05,0.1,0.6,45,99.99368495557218,461.49587631225586,79,1.5835949861550633,8006.65625,12.427404020090174,0,0,966,0.0,0.0,0.1,0.1,0.05,0.1,0.65
967,AlwaysCompact_C128,3,COMPACT_128KB,-0.134875,-0.055,0.18051,0,45,99.99368495557218,461.49587631225586,79,1.5835949861550633,8006.65625,12.427404020090174,0,0,966,0.0,0.0,0.1,0.1,0.05,0.1,0.65,34,87.1501078633283,579.4887542724609,79,1.5841848638993274,8009.638671875,12.137416544156096,0,0,967,0.0,0.0,0.1,0.1,0.05,0.1,0.65
968,AlwaysCompact_C128,3,COMPACT_128KB,-0.134875,-0.055,0.16091,0,34,87.1501078633283,579.4887542724609,79,1.5841848638993274,8009.638671875,12.137416544156096,0,0,967,0.0,0.0,0.1,0.1,0.05,0.1,0.65,47,92.86978970864108,1559.4947338104248,79,1.5849889441381526,8013.7041015625,11.746034444609366,0,0,968,0.0,0.0,0.1,0.1,0.1,0.1,0.6
969,AlwaysCompact_C128,3,COMPACT_128KB,-0.134875,-0.055,0.164443,0,47,92.86978970864108,1559.4947338104248,79,1.5849889441381526,8013.7041015625,11.746034444609366,0,0,968,0.0,0.0,0.1,0.1,0.1,0.1,0.6,33,65.71007569769347,1382.8299045562744,79,1.58560818056517,8016.8349609375,11.447960714119091,0,0,969,0.0,0.0,0.1,0.1,0.15,0.05,0.6
970,AlwaysCompact_C128,3,COMPACT_128KB,-0.134875,-0.055,0.180755,0,33,65.71007569769347,1382.8299045562744,79,1.58560818056517,8016.8349609375,11.447960714119091,0,0,969,0.0,0.0,0.1,0.1,0.15,0.05,0.6,41,81.49667694104177,567.234992980957,79,1.5862442209750791,8020.05078125,11.145089768101245,0,0,970,0.0,0.0,0.05,0.1,0.15,0.05,0.65
971,AlwaysCompact_C128,3,COMPACT_128KB,-0.134875,-0.055,0.181947,0,41,81.49667694104177,567.234992980957,79,1.5862442209750791,8020.05078125,11.145089768101245,0,0,970,0.0,0.0,0.05,0.1,0.15,0.05,0.65,28,56.07120018295632,507.63487815856934,79,1.5867477610141416,8022.5966796875,10.907860470433794,0,0,971,0.0,0.0,0.05,0.15,0.15,0.05,0.6
972,AlwaysCompact_C128,3,COMPACT_128KB,-0.134875,-0.055,0.184692,0,28,56.07120018295632,507.63487815856934,79,1.5867477610141416,8022.5966796875,10.907860470433794,0,0,971,0.0,0.0,0.05,0.15,0.15,0.05,0.6,29,83.89423799141848,370.3901767730713,79,1.5872391326517998,8025.0810546875,10.678690489073018,0,0,972,0.0,0.0,0.05,0.15,0.15,0.05,0.6
973,AlwaysCompact_C128,3,COMPACT_128KB,-0.134875,-0.055,0.180064,0,29,83.89423799141848,370.3901767730713,79,1.5872391326517998,8025.0810546875,10.678690489073018,0,0,972,0.0,0.0,0.05,0.15,0.15,0.05,0.6,35,98.96554490474608,601.7932891845703,79,1.5878118201147151,8027.9765625,10.414699227516449,0,0,973,0.0,0.0,0.05,0.1,0.15,0.1,0.6
974,AlwaysCompact_C128,3,COMPACT_128KB,-0.134875,-0.055,0.180533,0,35,98.96554490474608,601.7932891845703,79,1.5878118201147151,8027.9765625,10.414699227516449,0,0,973,0.0,0.0,0.05,0.1,0.15,0.1,0.6,45,117.43816323673526,578.3600807189941,79,1.588564136360265,8031.7802734375,10.073402708124144,0,0,974,0.0,0.0,0.05,0.1,0.1,0.1,0.65
975,AlwaysCompact_C128,3,COMPACT_128KB,-0.134875,-0.055,0.177355,0,45,117.43816323673526,578.3600807189941,79,1.588564136360265,8031.7802734375,10.073402708124144,0,0,974,0.0,0.0,0.05,0.1,0.1,0.1,0.65,39,81.01655665710945,737.2465133666992,79,1.5892534859572784,8035.265625,9.766665701689135,0,0,975,0.0,0.0,0.05,0.1,0.1,0.15,0.6
976,AlwaysCompact_C128,3,COMPACT_128KB,-0.134875,-0.055,0.180638,0,39,81.01655665710945,737.2465133666992,79,1.5892534859572784,8035.265625,9.766665701689135,0,0,975,0.0,0.0,0.05,0.1,0.1,0.15,0.6,42,83.79701574326715,573.101282119751,79,1.5899648545663567,8038.8623046875,9.456749778246305,0,0,976,0.0,0.0,0.1,0.1,0.1,0.15,0.55
977,AlwaysCompact_C128,3,COMPACT_128KB,-0.134875,-0.055,0.174685,0,42,83.79701574326715,573.101282119751,79,1.5899648545663567,8038.8623046875,9.456749778246305,0,0,976,0.0,0.0,0.1,0.1,0.1,0.15,0.55,37,87.95497209559872,870.7680702209473,79,1.5905881471271757,8042.013671875,9.191261424693066,0,0,977,0.0,0.0,0.15,0.1,0.1,0.15,0.5
978,AlwaysCompact_C128,3,COMPACT_128KB,-0.134875,-0.055,0.175709,0,37,87.95497209559872,870.7680702209473,79,1.5905881471271757,8042.013671875,9.191261424693066,0,0,977,0.0,0.0,0.15,0.1,0.1,0.15,0.5,25,49.816805266278486,819.5474147796631,79,1.5909906701196599,8044.048828125,9.023062005627324,0,0,978,0.0,0.0,0.2,0.1,0.1,0.15,0.45
979,AlwaysCompact_C128,3,COMPACT_128KB,-0.134875,-0.055,0.184572,0,25,49.816805266278486,819.5474147796631,79,1.5909906701196599,8044.048828125,9.023062005627324,0,0,978,0.0,0.0,0.2,0.1,0.1,0.15,0.45,44,91.94020951777433,376.41167640686035,79,1.5917389302314082,8047.83203125,8.717752374003402,0,0,979,0.0,0.0,0.2,0.05,0.1,0.15,0.5
980,AlwaysCompact_C128,3,COMPACT_128KB,-0.134875,-0.055,0.17842,0,44,91.94020951777433,376.41167640686035,79,1.5917389302314082,8047.83203125,8.717752374003402,0,0,979,0.0,0.0,0.2,0.05,0.1,0.15,0.5,22,63.67956870964158,684.0043067932129,79,1.5921175027195411,8049.74609375,8.567197044340837,0,0,980,0.0,0.0,0.2,0.1,0.1,0.1,0.5
981,AlwaysCompact_C128,3,COMPACT_128KB,-0.134875,-0.055,0.180468,0,22,63.67956870964158,684.0043067932129,79,1.5921175027195411,8049.74609375,8.567197044340837,0,0,980,0.0,0.0,0.2,0.1,0.1,0.1,0.5,39,78.99087377374936,581.6154479980469,79,1.5927803908722311,8053.09765625,8.310445586878375,0,0,981,0.0,0.0,0.15,0.1,0.1,0.1,0.55
982,AlwaysCompact_C128,3,COMPACT_128KB,-0.134875,-0.055,0.182469,0,39,78.99087377374936,581.6154479980469,79,1.5927803908722311,8053.09765625,8.310445586878375,0,0,981,0.0,0.0,0.15,0.1,0.1,0.1,0.55,22,45.169983630567764,481.5690517425537,79,1.5931533620327334,8054.9833984375,8.170090279510521,0,0,982,0.0,0.0,0.15,0.15,0.1,0.1,0.5
983,AlwaysCompact_C128,3,COMPACT_128KB,-0.134875,-0.055,0.182197,0,22,45.169983630567764,481.5690517425537,79,1.5931533620327334,8054.9833984375,8.170090279510521,0,0,982,0.0,0.0,0.15,0.15,0.1,0.1,0.5,44,124.49431459425037,495.1436519622803,79,1.593899883801424,8058.7578125,7.898794063268722,0,0,983,0.0,0.0,0.15,0.15,0.1,0.15,0.45
984,AlwaysCompact_C128,3,COMPACT_128KB,-0.134875,-0.055,0.18436,0,44,124.49431459425037,495.1436519622803,79,1.593899883801424,8058.7578125,7.898794063268722,0,0,983,0.0,0.0,0.15,0.15,0.1,0.15,0.45,42,118.03912776326344,386.99865341186523,79,1.5946471781670293,8062.5361328125,7.641219264566041,0,0,984,0.0,0.0,0.15,0.15,0.1,0.15,0.45
985,AlwaysCompact_C128,3,COMPACT_128KB,-0.134875,-0.055,0.184692,0,42,118.03912776326344,386.99865341186523,79,1.5946471781670293,8062.5361328125,7.641219264566041,0,0,984,0.0,0.0,0.15,0.15,0.1,0.15,0.45,23,65.15604112971639,370.39875984191895,79,1.5950298067889637,8064.470703125,7.515228902612142,0,0,985,0.0,0.0,0.15,0.15,0.1,0.15,0.45
986,AlwaysCompact_C128,3,COMPACT_128KB,-0.134875,-0.055,0.184734,0,23,65.15604112971639,370.39875984191895,79,1.5950298067889637,8064.470703125,7.515228902612142,0,0,985,0.0,0.0,0.15,0.15,0.1,0.15,0.45,38,109.01128868880905,368.27898025512695,79,1.5956482706190664,8067.59765625,7.320687890105612,0,0,986,0.0,0.0,0.15,0.15,0.1,0.15,0.45
987,AlwaysCompact_C128,3,COMPACT_128KB,-0.134875,-0.055,0.184739,0,38,109.01128868880905,368.27898025512695,79,1.5956482706190664,8067.59765625,7.320687890105612,0,0,986,0.0,0.0,0.15,0.15,0.1,0.15,0.45,27,78.2624315310372,368.0746555328369,79,1.5962033815021757,8070.404296875,7.156307036430661,0,0,987,0.0,0.0,0.15,0.15,0.1,0.15,0.45
988,AlwaysCompact_C128,3,COMPACT_128KB,-0.134875,-0.055,0.184475,0,27,78.2624315310372,368.0746555328369,79,1.5962033815021757,8070.404296875,7.156307036430661,0,0,987,0.0,0.0,0.15,0.15,0.1,0.15,0.45,31,88.80562516434618,381.2680244445801,79,1.5967335761347903,8073.0849609375,7.008994395057577,0,0,988,0.0,0.0,0.15,0.15,0.05,0.15,0.5
989,AlwaysCompact_C128,3,COMPACT_128KB,-0.134875,-0.055,0.182016,0,31,88.80562516434618,381.2680244445801,79,1.5967335761347903,8073.0849609375,7.008994395057577,0,0,988,0.0,0.0,0.15,0.15,0.05,0.15,0.5,39,109.76950383641325,504.1821002960205,79,1.5972911979578719,8075.904296875,6.8649552096033455,0,0,989,0.0,0.0,0.15,0.15,0.0,0.15,0.55
990,AlwaysCompact_C128,3,COMPACT_128KB,-0.134875,-0.055,0.182054,0,39,109.76950383641325,504.1821002960205,79,1.5972911979578719,8075.904296875,6.8649552096033455,0,0,989,0.0,0.0,0.15,0.15,0.0,0.15,0.55,50,136.59914281620053,502.2866725921631,79,1.5981337148931962,8080.1640625,6.670077198857302,0,0,990,0.0,0.0,0.15,0.15,0.0,0.15,0.55
991,AlwaysCompact_C128,3,COMPACT_128KB,-0.134875,-0.055,0.181137,0,50,136.59914281620053,502.2866725921631,79,1.5981337148931962,8080.1640625,6.670077198857302,0,0,990,0.0,0.0,0.15,0.15,0.0,0.15,0.55,33,90.31644680047216,548.1405258178711,79,1.5987052434607396,8083.0537109375,6.554551622049479,0,0,991,0.0,0.0,0.15,0.1,0.0,0.15,0.6
992,AlwaysCompact_C128,3,COMPACT_128KB,-0.134875,-0.055,0.18468,0,33,90.31644680047216,548.1405258178711,79,1.5987052434607396,8083.0537109375,6.554551622049479,0,0,991,0.0,0.0,0.15,0.1,0.0,0.15,0.6,27,53.259550356768635,371.0160255432129,79,1.599155281163469,8085.3291015625,6.4736306088213595,0,0,992,0.0,0.0,0.15,0.1,0.0,0.15,0.6
993,AlwaysCompact_C128,3,COMPACT_128KB,-0.134875,-0.055,0.182312,0,27,53.259550356768635,371.0160255432129,79,1.599155281163469,8085.3291015625,6.4736306088213595,0,0,992,0.0,0.0,0.15,0.1,0.0,0.15,0.6,45,129.31847736867996,489.38751220703125,79,1.5999535669254352,8089.365234375,6.352975269588867,0,0,993,0.0,0.0,0.15,0.15,0.0,0.1,0.6
994,AlwaysCompact_C128,3,COMPACT_128KB,-0.134875,-0.055,0.184548,0,45,129.31847736867996,489.38751220703125,79,1.5999535669254352,8089.365234375,6.352975269588867,0,0,993,0.0,0.0,0.15,0.15,0.0,0.1,0.6,20,58.486095220565424,377.5913715362549,79,1.600290998627868,8091.0712890625,6.311112279121023,0,0,994,0.0,0.0,0.15,0.15,0.0,0.1,0.6
995,AlwaysCompact_C128,3,COMPACT_128KB,-0.134875,-0.055,0.184472,0,20,58.486095220565424,377.5913715362549,79,1.600290998627868,8091.0712890625,6.311112279121023,0,0,994,0.0,0.0,0.15,0.15,0.0,0.1,0.6,42,107.40167722937072,381.41584396362305,79,1.6010114452506923,8094.7138671875,6.24057887991255,0,0,995,0.0,0.0,0.15,0.15,0.0,0.05,0.65
996,AlwaysCompact_C128,3,COMPACT_128KB,-0.134875,-0.055,0.184571,0,42,107.40167722937072,381.41584396362305,79,1.6010114452506923,8094.7138671875,6.24057887991255,0,0,995,0.0,0.0,0.15,0.15,0.0,0.05,0.65,37,105.79301036052557,376.45840644836426,79,1.6016345446622824,8097.8642578125,6.200808649235199,0,0,996,0.0,0.0,0.1,0.15,0.0,0.05,0.7
997,AlwaysCompact_C128,3,COMPACT_128KB,-0.135,-0.055,0.180691,0,37,105.79301036052557,376.45840644836426,79,1.6016345446622824,8097.8642578125,6.200808649235199,0,0,996,0.0,0.0,0.1,0.15,0.0,0.05,0.7,37,98.41912710391802,565.4516220092773,80,1.5827802658081054,8103.8349609375,12.42772145121235,0,0,997,0.0,0.0,0.05,0.15,0.0,0.05,0.75
998,AlwaysCompact_C128,3,COMPACT_128KB,-0.135,-0.055,0.18044,0,37,98.41912710391802,565.4516220092773,80,1.5827802658081054,8103.8349609375,12.42772145121235,0,0,997,0.0,0.0,0.05,0.15,0.0,0.05,0.75,47,97.15659610372713,578.0246257781982,80,1.583583450317383,8107.947265625,12.030595478200222,0,0,998,0.0,0.0,0.0,0.15,0.0,0.05,0.8
999,AlwaysCompact_C128,3,COMPACT_128KB,-0.135,-0.055,0.181559,0,47,97.15659610372713,578.0246257781982,80,1.583583450317383,8107.947265625,12.030595478200222,0,0,998,0.0,0.0,0.0,0.15,0.0,0.05,0.8,23,49.579896059469775,522.0494270324707,80,1.5839807510375976,8109.9814453125,11.835831084362066,0,0,999,0.0,0.0,0.0,0.15,0.0,0.05,0.8
1000,AlwaysCompact_C128,3,COMPACT_128KB,-0.135,-0.055,0.181336,1,23,49.579896059469775,522.0494270324707,80,1.5839807510375976,8109.9814453125,11.835831084362066,0,0,999,0.0,0.0,0.0,0.15,0.0,0.05,0.8,22,60.214382851877666,533.221960067749,80,1.5843433380126952,8111.837890625,11.659116373570702,0,0,1000,0.0,0.0,0.0,0.1,0.0,0.05,0.85
