step,policy_name,action,action_name,compact_reward,partition_reward,global_reward,done,rows_ingested,ingestion_rate_rows_per_sec,latency_ms,file_count,block_utilization,total_size_kb,file_size_skew_kb,partition_strategy,steps_since_compact,steps_since_partition_change,partition_pruning_ratio,avg_pruning_ratio,query_hist_time_range,query_hist_region_filter,query_hist_sensor_lookup,query_hist_type_filter,query_hist_full_scan,next_rows_ingested,next_ingestion_rate_rows_per_sec,next_latency_ms,next_file_count,next_block_utilization,next_total_size_kb,next_file_size_skew_kb,next_partition_strategy,next_steps_since_compact,next_steps_since_partition_change,next_partition_pruning_ratio,next_avg_pruning_ratio,next_query_hist_time_range,next_query_hist_region_filter,next_query_hist_sensor_lookup,next_query_hist_type_filter,next_query_hist_full_scan
1,frozen_mlp_ppo_seed1,0,NOOP,0.018073,0.0,0.016385,0,0,0.0,0.0,0,0.0,0.0,0.0,0,0,0,0.0,0.0,0.0,0.0,0.0,0.0,0.0,35,209.08614938485073,85.65354347229004,1,0.0909881591796875,5.8232421875,0.0,0,1,1,0.0,0.0,1.0,0.0,0.0,0.0,0.0
2,frozen_mlp_ppo_seed1,0,NOOP,0.019284,0.0,0.016903,0,35,209.08614938485073,85.65354347229004,1,0.0909881591796875,5.8232421875,0.0,0,1,1,0.0,0.0,1.0,0.0,0.0,0.0,0.0,44,229.4816544620064,121.56391143798828,2,0.0976715087890625,12.501953125,0.6049077542181793,0,2,2,0.0,0.0,0.5,0.5,0.0,0.0,0.0
3,frozen_mlp_ppo_seed1,0,NOOP,0.018435,0.0,0.016877,0,44,229.4816544620064,121.56391143798828,2,0.0976715087890625,12.501953125,0.6049077542181793,0,2,2,0.0,0.0,0.5,0.5,0.0,0.0,0.0,32,166.52426876097246,81.64119720458984,3,0.09405008951822917,18.0576171875,0.5866087734672266,0,3,3,0.0,0.0,0.3333333333333333,0.6666666666666666,0.0,0.0,0.0
4,frozen_mlp_ppo_seed1,0,NOOP,0.018828,0.0,0.016897,0,32,166.52426876097246,81.64119720458984,3,0.09405008951822917,18.0576171875,0.5866087734672266,0,3,3,0.0,0.0,0.3333333333333333,0.6666666666666666,0.0,0.0,0.0,44,221.817353134901,101.5770435333252,4,0.09664154052734375,24.740234375,0.5826107272451644,0,4,4,0.0,0.0,0.5,0.5,0.0,0.0,0.0
5,frozen_mlp_ppo_seed1,0,NOOP,0.019166,0.0,0.017666,0,44,221.817353134901,101.5770435333252,4,0.09664154052734375,24.740234375,0.5826107272451644,0,4,4,0.0,0.0,0.5,0.5,0.0,0.0,0.0,48,268.9946061212574,81.24017715454102,5,0.0989532470703125,31.6650390625,0.603341778156901,0,5,5,0.0,0.0,0.4,0.6,0.0,0.0,0.0
6,frozen_mlp_ppo_seed1,0,NOOP,0.019208,0.0,0.01707,0,48,268.9946061212574,81.24017715454102,5,0.0989532470703125,31.6650390625,0.603341778156901,0,5,5,0.0,0.0,0.4,0.6,0.0,0.0,0.0,44,245.29104202857906,114.4101619720459,6,0.09978993733723958,38.3193359375,0.5553570784903287,0,6,6,0.0,0.0,0.5,0.5,0.0,0.0,0.0
7,frozen_mlp_ppo_seed1,0,NOOP,0.018845,0.0,0.014657,0,44,245.29104202857906,114.4101619720459,6,0.09978993733723958,38.3193359375,0.5553570784903287,0,6,6,0.0,0.0,0.5,0.5,0.0,0.0,0.0,36,192.10625994755705,218.16182136535645,7,0.098602294921875,44.173828125,0.5453985720149594,0,7,7,0.0,0.0,0.5714285714285714,0.42857142857142855,0.0,0.0,0.0
8,frozen_mlp_ppo_seed1,0,NOOP,0.018661,0.0,0.016837,0,36,192.10625994755705,218.16182136535645,7,0.098602294921875,44.173828125,0.5453985720149594,0,7,7,0.0,0.0,0.5714285714285714,0.42857142857142855,0.0,0.0,0.0,39,213.75349683246566,101.20081901550293,8,0.09830474853515625,50.33203125,0.5078055245056625,0,8,8,0.0,0.0,0.5,0.5,0.0,0.0,0.0
9,frozen_mlp_ppo_seed1,0,NOOP,0.018279,0.0,0.015633,0,39,213.75349683246566,101.20081901550293,8,0.09830474853515625,50.33203125,0.5078055245056625,0,8,8,0.0,0.0,0.5,0.5,0.0,0.0,0.0,32,181.4653050904976,143.57399940490723,9,0.09702046712239583,55.8837890625,0.5351970128037321,0,9,9,0.0,0.0,0.5555555555555556,0.4444444444444444,0.0,0.0,0.0
10,frozen_mlp_ppo_seed1,0,NOOP,0.018318,0.0,0.015865,0,32,181.4653050904976,143.57399940490723,9,0.09702046712239583,55.8837890625,0.5351970128037321,0,9,9,0.0,0.0,0.5555555555555556,0.4444444444444444,0.0,0.0,0.0,45,242.8871010083852,135.1797580718994,10,0.0978424072265625,62.619140625,0.5313018175173133,0,10,10,0.0,0.0,0.6,0.4,0.0,0.0,0.0
11,frozen_mlp_ppo_seed1,0,NOOP,0.018218,0.0,0.015315,0,45,242.8871010083852,135.1797580718994,10,0.0978424072265625,62.619140625,0.5313018175173133,0,10,10,0.0,0.0,0.6,0.4,0.0,0.0,0.0,41,224.92595484646463,158.88023376464844,11,0.09796420010653409,68.966796875,0.5046997103192398,0,11,11,0.0,0.0,0.5454545454545454,0.36363636363636365,0.09090909090909091,0.0,0.0
12,frozen_mlp_ppo_seed1,0,NOOP,0.017911,0.0,0.015182,0,41,224.92595484646463,158.88023376464844,11,0.09796420010653409,68.966796875,0.5046997103192398,0,11,11,0.0,0.0,0.5454545454545454,0.36363636363636365,0.09090909090909091,0.0,0.0,32,179.51394259255048,151.44729614257812,12,0.09705479939778645,74.5380859375,0.5217417453235231,0,12,12,0.0,0.0,0.5833333333333334,0.3333333333333333,0.08333333333333333,0.0,0.0
13,frozen_mlp_ppo_seed1,0,NOOP,0.017652,0.0,0.014715,0,32,179.51394259255048,151.44729614257812,12,0.09705479939778645,74.5380859375,0.5217417453235231,0,12,12,0.0,0.0,0.5833333333333334,0.3333333333333333,0.08333333333333333,0.0,0.0,33,173.02044688896527,163.08951377868652,13,0.09638624924879807,80.193359375,0.5228093345663544,0,13,13,0.0,0.0,0.6153846153846154,0.3076923076923077,0.07692307692307693,0.0,0.0
14,frozen_mlp_ppo_seed1,0,NOOP,0.017552,0.0,0.014217,0,33,173.02044688896527,163.08951377868652,13,0.09638624924879807,80.193359375,0.5228093345663544,0,13,13,0.0,0.0,0.6153846153846154,0.3076923076923077,0.07692307692307693,0.0,0.0,40,200.86845123642,184.2329502105713,14,0.09650857107979911,86.4716796875,0.5031523263524889,0,14,14,0.0,0.0,0.5714285714285714,0.2857142857142857,0.14285714285714285,0.0,0.0
15,frozen_mlp_ppo_seed1,0,NOOP,0.017321,0.0,0.015156,0,40,200.86845123642,184.2329502105713,14,0.09650857107979911,86.4716796875,0.5031523263524889,0,14,14,0.0,0.0,0.5714285714285714,0.2857142857142857,0.14285714285714285,0.0,0.0,33,186.65534605104526,127.01678276062012,15,0.09597981770833333,92.140625,0.5022515781416403,0,15,15,0.0,0.0,0.5333333333333333,0.26666666666666666,0.13333333333333333,0.06666666666666667,0.0
16,frozen_mlp_ppo_seed1,0,NOOP,0.01733,0.0,0.015217,0,33,186.65534605104526,127.01678276062012,15,0.09597981770833333,92.140625,0.5022515781416403,0,15,15,0.0,0.0,0.5333333333333333,0.26666666666666666,0.13333333333333333,0.06666666666666667,0.0,47,245.7089467780132,125.6561279296875,16,0.09665203094482422,98.9716796875,0.5148333049171928,0,16,16,0.0,0.0,0.5,0.3125,0.125,0.0625,0.0
17,frozen_mlp_ppo_seed1,0,NOOP,0.017189,0.0,0.013778,0,47,245.7089467780132,125.6561279296875,16,0.09665203094482422,98.9716796875,0.5148333049171928,0,16,16,0.0,0.0,0.5,0.3125,0.125,0.0625,0.0,38,187.16018173085843,191.79725646972656,17,0.09656928567325368,105.0673828125,0.4989631785952683,0,17,17,0.0,0.0,0.5294117647058824,0.29411764705882354,0.11764705882352941,0.058823529411764705,0.0
18,frozen_mlp_ppo_seed1,1,COMPACT_32KB,0.424908,-0.045,0.055171,0,38,187.16018173085843,191.79725646972656,17,0.09656928567325368,105.0673828125,0.4989631785952683,0,17,17,0.0,0.0,0.5294117647058824,0.29411764705882354,0.11764705882352941,0.058823529411764705,0.0,50,271.49707420641084,82.76820182800293,4,0.2861328125,73.25,2.787311820163047,0,0,18,0.0,0.0,0.5555555555555556,0.2777777777777778,0.1111111111111111,0.05555555555555555,0.0
19,frozen_mlp_ppo_seed1,0,NOOP,0.04928,0.0,0.047695,0,50,271.49707420641084,82.76820182800293,4,0.2861328125,73.25,2.787311820163047,0,0,18,0.0,0.0,0.5555555555555556,0.2777777777777778,0.1111111111111111,0.05555555555555555,0.0,44,245.30962685694234,85.48760414123535,5,0.24952392578125,79.84765625,5.768391734660389,0,1,19,0.0,0.0,0.5263157894736842,0.2631578947368421,0.10526315789473684,0.10526315789473684,0.0
20,frozen_mlp_ppo_seed1,0,NOOP,0.044484,0.0,0.042273,0,44,245.30962685694234,85.48760414123535,5,0.24952392578125,79.84765625,5.768391734660389,0,1,19,0.0,0.0,0.5263157894736842,0.2631578947368421,0.10526315789473684,0.10526315789473684,0.0,48,244.11685990537325,118.0124282836914,6,0.2261683146158854,86.8486328125,6.326555415656954,0,2,20,0.0,0.0,0.5,0.25,0.15,0.1,0.0
21,frozen_mlp_ppo_seed1,6,PARTITION_EVENT_TYPE,-0.140767,-0.1,0.038738,0,48,244.11685990537325,118.0124282836914,6,0.2261683146158854,86.8486328125,6.326555415656954,0,2,20,0.0,0.0,0.5,0.25,0.15,0.1,0.0,49,227.67630490678405,124.43947792053223,7,0.20963178362165177,93.9150390625,6.418331133245424,3,3,0,0.0,0.0,0.5,0.25,0.15,0.1,0.0
22,frozen_mlp_ppo_seed1,0,NOOP,0.031547,-0.081974,0.028822,0,49,227.67630490678405,124.43947792053223,7,0.20963178362165177,93.9150390625,6.418331133245424,3,3,0,0.0,0.0,0.5,0.25,0.15,0.1,0.0,36,153.412416864958,148.73838424682617,10,0.16398468017578124,104.9501953125,7.082383012788009,3,4,1,0.0,0.0,0.55,0.2,0.15,0.1,0.0
23,frozen_mlp_ppo_seed1,0,NOOP,0.026165,-0.078395,0.02336,0,36,153.412416864958,148.73838424682617,10,0.16398468017578124,104.9501953125,7.082383012788009,3,4,1,0.0,0.0,0.55,0.2,0.15,0.1,0.0,30,126.96674200839522,156.51297569274902,13,0.13895240196814904,115.6083984375,6.851192851964287,3,5,2,0.0,0.0,0.6,0.15,0.15,0.1,0.0
24,frozen_mlp_ppo_seed1,0,NOOP,0.022857,-0.073844,0.020211,0,30,126.96674200839522,156.51297569274902,13,0.13895240196814904,115.6083984375,6.851192851964287,3,5,2,0.0,0.0,0.6,0.15,0.15,0.1,0.0,42,183.8341909650731,152.2808074951172,16,0.1242828369140625,127.265625,6.472380504209872,3,6,3,0.0,0.0,0.6,0.15,0.15,0.1,0.0
25,frozen_mlp_ppo_seed1,0,NOOP,0.020542,-0.069336,0.017574,0,42,183.8341909650731,152.2808074951172,16,0.1242828369140625,127.265625,6.472380504209872,3,6,3,0.0,0.0,0.6,0.15,0.15,0.1,0.0,46,196.72634319082573,172.12581634521484,19,0.11458386872944079,139.333984375,6.104835544871294,3,7,4,0.0,0.0,0.65,0.1,0.15,0.1,0.0
26,frozen_mlp_ppo_seed1,1,COMPACT_32KB,0.423229,-0.081514,0.053861,0,46,196.72634319082573,172.12581634521484,19,0.11458386872944079,139.333984375,6.104835544871294,3,7,4,0.0,0.0,0.65,0.1,0.15,0.1,0.0,36,159.83814945684966,66.80798530578613,6,0.2789866129557292,107.130859375,17.439501768951413,3,0,5,0.0,0.0,0.6,0.1,0.15,0.1,0.05
27,frozen_mlp_ppo_seed1,0,NOOP,0.040305,-0.036638,0.038156,0,36,159.83814945684966,66.80798530578613,6,0.2789866129557292,107.130859375,17.439501768951413,3,0,5,0.0,0.0,0.6,0.1,0.15,0.1,0.05,47,179.5919057492794,118.69096755981445,9,0.2071499294704861,119.318359375,15.431487814473861,3,1,6,0.0,0.0,0.55,0.15,0.15,0.1,0.05
28,frozen_mlp_ppo_seed1,0,NOOP,0.032481,-0.037091,0.029883,0,47,179.5919057492794,118.69096755981445,9,0.2071499294704861,119.318359375,15.431487814473861,3,1,6,0.0,0.0,0.55,0.15,0.15,0.1,0.05,36,164.6317185074054,144.9117660522461,12,0.1699040730794271,130.486328125,13.86080132285725,3,2,7,0.0,0.0,0.6,0.1,0.15,0.1,0.05
29,frozen_mlp_ppo_seed1,0,NOOP,0.027669,-0.037339,0.026051,0,36,164.6317185074054,144.9117660522461,12,0.1699040730794271,130.486328125,13.86080132285725,3,2,7,0.0,0.0,0.6,0.1,0.15,0.1,0.05,39,162.88916062886116,99.67422485351562,15,0.14772135416666668,141.8125,12.643400681865256,3,3,8,0.0,0.0,0.55,0.1,0.15,0.1,0.1
30,frozen_mlp_ppo_seed1,0,NOOP,0.024392,-0.037267,0.020797,0,39,162.88916062886116,99.67422485351562,15,0.14772135416666668,141.8125,12.643400681865256,3,3,8,0.0,0.0,0.55,0.1,0.15,0.1,0.1,42,166.94949648114908,202.20208168029785,18,0.13320753309461805,153.455078125,11.678086974278147,3,4,9,0.0,0.0,0.5,0.1,0.2,0.1,0.1
31,frozen_mlp_ppo_seed1,2,COMPACT_64KB,0.114198,-0.087423,0.090679,0,42,166.94949648114908,202.20208168029785,18,0.13320753309461805,153.455078125,11.678086974278147,3,4,9,0.0,0.0,0.5,0.1,0.2,0.1,0.1,42,189.93402365970735,101.39894485473633,4,0.4655342102050781,119.1767578125,15.766014220338949,3,0,10,0.0,0.0,0.5,0.1,0.2,0.1,0.1
32,frozen_mlp_ppo_seed1,0,NOOP,0.057184,-0.037185,0.055428,0,42,189.93402365970735,101.39894485473633,4,0.4655342102050781,119.1767578125,15.766014220338949,3,0,10,0.0,0.0,0.5,0.1,0.2,0.1,0.1,33,134.6947269262883,96.53186798095703,7,0.29029410226004465,130.0517578125,17.892557903985885,3,1,11,0.0,0.0,0.45,0.15,0.2,0.1,0.1
33,frozen_mlp_ppo_seed1,0,NOOP,0.043161,-0.036914,0.040489,0,33,134.6947269262883,96.53186798095703,7,0.29029410226004465,130.0517578125,17.892557903985885,3,1,11,0.0,0.0,0.45,0.15,0.2,0.1,0.1,46,210.06042974976265,146.06952667236328,10,0.22205352783203125,142.1142578125,16.22161226653632,3,2,12,0.0,0.0,0.4,0.2,0.2,0.1,0.1
34,frozen_mlp_ppo_seed1,0,NOOP,0.035091,-0.036967,0.032392,0,46,210.06042974976265,146.06952667236328,10,0.22205352783203125,142.1142578125,16.22161226653632,3,2,12,0.0,0.0,0.4,0.2,0.2,0.1,0.1,30,136.5872805665432,151.23844146728516,13,0.18358201246995193,152.740234375,14.811453111106985,3,3,13,0.0,0.0,0.45,0.2,0.15,0.1,0.1
35,frozen_mlp_ppo_seed1,0,NOOP,0.029932,-0.036915,0.026961,0,30,136.5872805665432,151.23844146728516,13,0.18358201246995193,152.740234375,14.811453111106985,3,3,13,0.0,0.0,0.45,0.2,0.15,0.1,0.1,32,140.79437400410578,168.58148574829102,16,0.15966129302978516,163.4931640625,13.654028204608835,3,4,14,0.0,0.0,0.5,0.2,0.15,0.05,0.1
36,frozen_mlp_ppo_seed1,0,NOOP,0.026335,-0.036589,0.022532,0,32,140.79437400410578,168.58148574829102,16,0.15966129302978516,163.4931640625,13.654028204608835,3,4,14,0.0,0.0,0.5,0.2,0.15,0.05,0.1,35,164.24676738485155,213.90390396118164,19,0.14354826274671054,174.5546875,12.704361401469264,3,5,15,0.0,0.0,0.5,0.15,0.2,0.05,0.1
37,frozen_mlp_ppo_seed1,1,COMPACT_32KB,0.44179,-0.081519,0.06957,0,35,164.24676738485155,213.90390396118164,19,0.14354826274671054,174.5546875,12.704361401469264,3,5,15,0.0,0.0,0.5,0.15,0.2,0.05,0.1,32,138.19640242583992,209.42950248718262,6,0.37179311116536456,142.7685546875,15.572544131038606,3,0,16,0.0,0.0,0.5,0.15,0.2,0.05,0.1
38,frozen_mlp_ppo_seed1,0,NOOP,0.052368,-0.036573,0.05053,0,32,138.19640242583992,209.42950248718262,6,0.37179311116536456,142.7685546875,15.572544131038606,3,0,16,0.0,0.0,0.5,0.15,0.2,0.05,0.1,37,166.35410366765464,103.13081741333008,9,0.2674645317925347,154.0595703125,15.879675305208869,3,1,17,0.0,0.0,0.45,0.2,0.2,0.05,0.1
39,frozen_mlp_ppo_seed1,0,NOOP,0.041398,-0.036768,0.038664,0,37,166.35410366765464,103.13081741333008,9,0.2674645317925347,154.0595703125,15.879675305208869,3,1,17,0.0,0.0,0.45,0.2,0.2,0.05,0.1,31,143.52353472312674,151.68070793151855,12,0.2144902547200521,164.728515625,14.874085615091962,3,2,18,0.0,0.0,0.5,0.2,0.2,0.0,0.1
40,frozen_mlp_ppo_seed1,0,NOOP,0.03483,-0.03669,0.033339,0,31,143.52353472312674,151.68070793151855,12,0.2144902547200521,164.728515625,14.874085615091962,3,2,18,0.0,0.0,0.5,0.2,0.2,0.0,0.1,40,165.7563964626181,93.3072566986084,15,0.18352559407552083,176.1845703125,13.814430722618495,3,3,19,0.0,0.0,0.5,0.2,0.15,0.0,0.15
41,frozen_mlp_ppo_seed1,0,NOOP,0.030263,-0.036753,0.026159,0,40,165.7563964626181,93.3072566986084,15,0.18352559407552083,176.1845703125,13.814430722618495,3,3,19,0.0,0.0,0.5,0.2,0.15,0.0,0.15,35,156.5928614020547,227.71310806274414,18,0.16256629096137154,187.2763671875,12.915955754139095,3,4,20,0.0,0.0,0.5,0.2,0.15,0.0,0.15
42,frozen_mlp_ppo_seed1,5,PARTITION_REGION,-0.154952,-0.137058,0.025196,0,35,156.5928614020547,227.71310806274414,18,0.16256629096137154,187.2763671875,12.915955754139095,3,4,20,0.0,0.0,0.5,0.2,0.15,0.0,0.15,33,144.96988994138866,109.76171493530273,21,0.14745657784598215,198.181640625,12.15963272901136,2,5,0,0.0,0.0,0.45,0.2,0.15,0.05,0.15
43,frozen_mlp_ppo_seed1,1,COMPACT_32KB,0.425805,-0.084747,0.056014,0,33,144.96988994138866,109.76171493530273,21,0.14745657784598215,198.181640625,12.15963272901136,2,5,0,0.0,0.0,0.45,0.2,0.15,0.05,0.15,38,149.60941904440966,91.7046070098877,9,0.2937384711371528,169.193359375,15.746448541133681,2,0,1,0.0,0.0,0.4,0.2,0.15,0.1,0.15
44,frozen_mlp_ppo_seed1,0,NOOP,0.045708,-0.037993,0.043026,0,38,149.60941904440966,91.7046070098877,9,0.2937384711371528,169.193359375,15.746448541133681,2,0,1,0.0,0.0,0.4,0.2,0.15,0.1,0.15,46,189.89342275300115,149.12867546081543,12,0.23604202270507812,181.2802734375,14.999503336255533,2,1,2,0.0,0.0,0.4,0.2,0.15,0.1,0.15
45,frozen_mlp_ppo_seed1,0,NOOP,0.038274,-0.036643,0.03542,0,46,189.89342275300115,149.12867546081543,12,0.23604202270507812,181.2802734375,14.999503336255533,2,1,2,0.0,0.0,0.4,0.2,0.15,0.1,0.15,39,171.0380213784645,161.44967079162598,15,0.20074361165364582,192.7138671875,14.095618502474128,2,2,3,0.0,0.0,0.4,0.2,0.15,0.1,0.15
46,frozen_mlp_ppo_seed1,0,NOOP,0.033176,0.341406,0.232874,0,39,171.0380213784645,161.44967079162598,15,0.20074361165364582,192.7138671875,14.095618502474128,2,2,3,0.0,0.0,0.4,0.2,0.15,0.1,0.15,38,123.4691055235274,87.60476112365723,18,0.17712910970052084,204.052734375,13.25872905138447,2,3,4,0.67,0.0335,0.4,0.25,0.15,0.1,0.1
47,frozen_mlp_ppo_seed1,0,NOOP,0.029332,-0.034528,0.026124,0,38,123.4691055235274,87.60476112365723,18,0.17712910970052084,204.052734375,13.25872905138447,2,3,4,0.67,0.0335,0.4,0.25,0.15,0.1,0.1,31,135.1950398597552,186.65075302124023,21,0.15978640601748512,214.7529296875,12.538160835355852,2,4,5,0.0,0.0335,0.45,0.2,0.15,0.1,0.1
48,frozen_mlp_ppo_seed1,1,COMPACT_32KB,0.438839,-0.078298,0.068195,0,31,135.1950398597552,186.65075302124023,21,0.15978640601748512,214.7529296875,12.538160835355852,2,4,5,0.0,0.0335,0.45,0.2,0.15,0.1,0.1,41,173.89196978138932,133.1174373626709,8,0.35828590393066406,183.4423828125,13.42537417302638,2,0,6,0.0,0.0335,0.45,0.2,0.15,0.1,0.1
49,frozen_mlp_ppo_seed1,0,NOOP,0.054232,-0.031917,0.051048,0,41,173.89196978138932,133.1174373626709,8,0.35828590393066406,183.4423828125,13.42537417302638,2,0,6,0.0,0.0335,0.45,0.2,0.15,0.1,0.1,48,198.2483892599606,172.96504974365234,11,0.27803455699573865,195.736328125,14.267751319018723,2,1,7,0.0,0.0335,0.45,0.2,0.2,0.1,0.05
50,frozen_mlp_ppo_seed1,0,NOOP,0.044472,0.345879,0.244077,0,48,198.2483892599606,172.96504974365234,11,0.27803455699573865,195.736328125,14.267751319018723,2,1,7,0.0,0.0335,0.45,0.2,0.2,0.1,0.05,38,164.17652136472168,87.28599548339844,14,0.23111179896763392,207.076171875,13.865728096330372,2,2,8,0.67,0.067,0.45,0.25,0.15,0.1,0.05
51,frozen_mlp_ppo_seed1,0,NOOP,0.038301,-0.029743,0.035179,0,38,164.17652136472168,87.28599548339844,14,0.23111179896763392,207.076171875,13.865728096330372,2,2,8,0.67,0.067,0.45,0.25,0.15,0.1,0.05,54,227.51486781596495,177.34384536743164,17,0.20212869083180146,219.916015625,13.165937091075177,2,3,9,0.0,0.067,0.5,0.25,0.1,0.1,0.05
52,frozen_mlp_ppo_seed1,0,NOOP,0.034498,-0.027858,0.031529,0,54,227.51486781596495,177.34384536743164,17,0.20212869083180146,219.916015625,13.165937091075177,2,3,9,0.0,0.067,0.5,0.25,0.1,0.1,0.05,99,402.30481241455885,173.4459400177002,20,0.18498916625976564,236.7861328125,12.387195807515711,2,4,10,0.0,0.067,0.55,0.2,0.1,0.1,0.05
53,frozen_mlp_ppo_seed1,3,COMPACT_128KB,0.072721,-0.073564,0.103986,0,99,402.30481241455885,173.4459400177002,20,0.18498916625976564,236.7861328125,12.387195807515711,2,4,10,0.0,0.067,0.55,0.2,0.1,0.1,0.05,63,262.1538827852637,69.27037239074707,6,0.5298563639322916,203.46484375,12.585185364772746,2,0,11,0.0,0.067,0.55,0.15,0.1,0.1,0.1
54,frozen_mlp_ppo_seed1,0,NOOP,0.075255,-0.018109,0.073313,0,63,262.1538827852637,69.27037239074707,6,0.5298563639322916,203.46484375,12.585185364772746,2,0,11,0.0,0.067,0.55,0.15,0.1,0.1,0.1,94,406.88408592496273,108.35814476013184,9,0.3819003634982639,219.974609375,17.343851902140187,2,1,12,0.0,0.067,0.5,0.15,0.1,0.15,0.1
55,frozen_mlp_ppo_seed1,0,NOOP,0.059055,-0.018076,0.055103,0,94,406.88408592496273,108.35814476013184,9,0.3819003634982639,219.974609375,17.343851902140187,2,1,12,0.0,0.067,0.5,0.15,0.1,0.15,0.1,51,236.30325452121167,212.59808540344238,12,0.30277379353841144,232.5302734375,17.40029736436332,2,2,13,0.0,0.067,0.5,0.15,0.1,0.15,0.1
56,frozen_mlp_ppo_seed1,0,NOOP,0.049245,-0.018254,0.04612,0,51,236.30325452121167,212.59808540344238,12,0.30277379353841144,232.5302734375,17.40029736436332,2,2,13,0.0,0.067,0.5,0.15,0.1,0.15,0.1,54,257.33300460260887,174.96156692504883,15,0.25559794108072914,245.3740234375,16.646855272888065,2,3,14,0.0,0.067,0.55,0.15,0.05,0.15,0.1
57,frozen_mlp_ppo_seed1,0,NOOP,0.043168,-0.018575,0.039837,0,54,257.33300460260887,174.96156692504883,15,0.25559794108072914,245.3740234375,16.646855272888065,2,3,14,0.0,0.067,0.55,0.15,0.05,0.15,0.1,91,393.13364714122383,189.05329704284668,18,0.22709231906467015,261.6103515625,15.6964764792991,2,4,15,0.0,0.067,0.55,0.15,0.05,0.15,0.1
58,frozen_mlp_ppo_seed1,2,COMPACT_64KB,0.481148,-0.068775,0.120427,0,91,393.13364714122383,189.05329704284668,18,0.22709231906467015,261.6103515625,15.6964764792991,2,4,15,0.0,0.067,0.55,0.15,0.05,0.15,0.1,82,367.2209809488321,89.0045166015625,6,0.6140365600585938,235.7900390625,16.315966145080285,2,0,16,0.0,0.067,0.55,0.1,0.05,0.2,0.1
59,frozen_mlp_ppo_seed1,0,NOOP,0.086598,-0.018817,0.085112,0,82,367.2209809488321,89.0045166015625,6,0.6140365600585938,235.7900390625,16.315966145080285,2,0,16,0.0,0.067,0.55,0.1,0.05,0.2,0.1,99,392.9625837882956,85.53409576416016,9,0.4386155870225694,252.642578125,21.225120264867616,2,1,17,0.0,0.067,0.5,0.1,0.05,0.2,0.15
60,frozen_mlp_ppo_seed1,0,NOOP,0.06796,-0.018913,0.064706,0,99,392.9625837882956,85.53409576416016,9,0.4386155870225694,252.642578125,21.225120264867616,2,1,17,0.0,0.067,0.5,0.1,0.05,0.2,0.15,68,249.71975368849982,177.69122123718262,12,0.3473014831542969,266.7275390625,20.967849466615313,2,2,18,0.0,0.067,0.55,0.1,0.05,0.2,0.1
61,frozen_mlp_ppo_seed1,0,NOOP,0.05705,-0.019007,0.053104,0,68,249.71975368849982,177.69122123718262,12,0.3473014831542969,266.7275390625,20.967849466615313,2,2,18,0.0,0.067,0.55,0.1,0.05,0.2,0.1,90,424.17408012944765,216.05300903320312,15,0.294622802734375,282.837890625,19.860648711482355,2,3,19,0.0,0.067,0.5,0.1,0.1,0.2,0.1
62,frozen_mlp_ppo_seed1,0,NOOP,0.049497,-0.019001,0.045014,0,90,424.17408012944765,216.05300903320312,15,0.294622802734375,282.837890625,19.860648711482355,2,3,19,0.0,0.067,0.5,0.1,0.1,0.2,0.1,81,361.5967882531124,246.64783477783203,18,0.2587331136067708,298.060546875,18.785883145064474,2,4,20,0.0,0.067,0.55,0.1,0.1,0.15,0.1
63,frozen_mlp_ppo_seed1,0,NOOP,0.044088,-0.018872,0.042243,0,81,361.5967882531124,246.64783477783203,18,0.2587331136067708,298.060546875,18.785883145064474,2,4,20,0.0,0.067,0.55,0.1,0.1,0.15,0.1,88,409.01583431866106,118.5142993927002,21,0.2335662841796875,313.9130859375,17.788856485721055,2,5,21,0.0,0.067,0.55,0.1,0.1,0.1,0.15
64,frozen_mlp_ppo_seed1,7,REMOVE_PARTITION,-0.023946,-0.05385,0.03672,0,88,409.01583431866106,118.5142993927002,21,0.2335662841796875,313.9130859375,17.788856485721055,2,5,21,0.0,0.067,0.55,0.1,0.1,0.1,0.15,66,307.52796339313386,178.50494384765625,24,0.21345202128092447,327.8623046875,16.95133472019667,0,6,0,0.0,0.067,0.5,0.1,0.1,0.15,0.15
65,frozen_mlp_ppo_seed1,1,COMPACT_32KB,0.087063,-0.060733,0.098027,0,66,307.52796339313386,178.50494384765625,24,0.21345202128092447,327.8623046875,16.95133472019667,0,6,0,0.0,0.067,0.5,0.1,0.1,0.15,0.15,98,433.9147396723485,178.96270751953125,9,0.5125325520833334,295.21875,16.02258163837283,0,0,1,0.0,0.067,0.45,0.1,0.15,0.15,0.15
66,frozen_mlp_ppo_seed1,0,NOOP,0.094609,-0.023243,0.092151,0,98,433.9147396723485,178.96270751953125,9,0.5125325520833334,295.21875,16.02258163837283,0,0,1,0.0,0.067,0.45,0.1,0.15,0.15,0.15,98,369.8531013663378,135.3759765625,10,0.4792938232421875,306.748046875,16.5363682637803,0,1,2,0.0,0.0335,0.5,0.05,0.15,0.15,0.15
67,frozen_mlp_ppo_seed1,0,NOOP,0.08789,-0.01461,0.084825,0,98,369.8531013663378,135.3759765625,10,0.4792938232421875,306.748046875,16.5363682637803,0,1,2,0.0,0.0335,0.5,0.05,0.15,0.15,0.15,53,240.02491183895413,166.98884963989258,11,0.44632374156605115,314.2119140625,17.177991272256627,0,2,3,0.0,0.0335,0.5,0.05,0.15,0.15,0.15
68,frozen_mlp_ppo_seed1,0,NOOP,0.082674,-0.014481,0.079967,0,53,240.02491183895413,166.98884963989258,11,0.44632374156605115,314.2119140625,17.177991272256627,0,2,3,0.0,0.0335,0.5,0.05,0.15,0.15,0.15,71,325.11464227579256,150.34937858581543,12,0.4208717346191406,323.2294921875,17.323351768232033,0,3,4,0.0,0.0335,0.5,0.05,0.15,0.15,0.15
69,frozen_mlp_ppo_seed1,0,NOOP,0.078076,-0.014557,0.075215,0,71,325.11464227579256,150.34937858581543,12,0.4208717346191406,323.2294921875,17.323351768232033,0,3,4,0.0,0.0335,0.5,0.05,0.15,0.15,0.15,63,302.470037579655,159.26814079284668,13,0.3985032301682692,331.5546875,17.37046179924837,0,4,5,0.0,0.0335,0.55,0.05,0.1,0.15,0.15
70,frozen_mlp_ppo_seed1,0,NOOP,0.074121,-0.023165,0.07056,0,63,302.470037579655,159.26814079284668,13,0.3985032301682692,331.5546875,17.37046179924837,0,4,5,0.0,0.0335,0.55,0.05,0.1,0.15,0.15,63,279.9879545519566,195.5251693725586,14,0.3793542044503348,339.9013671875,17.30751027814978,0,5,6,0.0,0.0,0.55,0.0,0.15,0.15,0.15
71,frozen_mlp_ppo_seed1,0,NOOP,0.071264,-0.015377,0.068953,0,63,279.9879545519566,195.5251693725586,14,0.3793542044503348,339.9013671875,17.30751027814978,0,5,6,0.0,0.0,0.55,0.0,0.15,0.15,0.15,94,431.91220319115723,134.28497314453125,15,0.36569417317708336,351.06640625,17.018166055659936,0,6,7,0.0,0.0,0.5,0.0,0.15,0.2,0.15
72,frozen_mlp_ppo_seed1,0,NOOP,0.068685,-0.016166,0.065705,0,94,431.91220319115723,134.28497314453125,15,0.36569417317708336,351.06640625,17.018166055659936,0,6,7,0.0,0.0,0.5,0.0,0.15,0.2,0.15,92,418.69086450562867,168.98822784423828,16,0.3534231185913086,361.9052734375,16.738531650256373,0,7,8,0.0,0.0,0.5,0.0,0.15,0.2,0.15
73,frozen_mlp_ppo_seed1,0,NOOP,0.066482,-0.017147,0.063189,0,92,418.69086450562867,168.98822784423828,16,0.3534231185913086,361.9052734375,16.738531650256373,0,7,8,0.0,0.0,0.5,0.0,0.15,0.2,0.15,96,343.82975758336516,185.91070175170898,17,0.3430364272173713,373.2236328125,16.43713549122555,0,8,9,0.0,0.0,0.55,0.0,0.15,0.2,0.1
74,frozen_mlp_ppo_seed1,1,COMPACT_32KB,0.096704,-0.062977,0.108439,0,96,343.82975758336516,185.91070175170898,17,0.3430364272173713,373.2236328125,16.43713549122555,0,8,9,0.0,0.0,0.55,0.0,0.15,0.2,0.1,74,332.12682473745826,141.64233207702637,10,0.5613601684570313,359.2705078125,11.776969593487909,0,0,10,0.0,0.0,0.6,0.0,0.15,0.15,0.1
75,frozen_mlp_ppo_seed1,0,NOOP,0.103761,-0.019055,0.09985,0,74,332.12682473745826,141.64233207702637,10,0.5613601684570313,359.2705078125,11.776969593487909,0,0,10,0.0,0.0,0.6,0.0,0.15,0.15,0.1,91,429.9093216072195,209.27143096923828,11,0.5256777676669034,370.0771484375,13.497930592896022,0,1,11,0.0,0.0,0.6,0.0,0.15,0.15,0.1
76,frozen_mlp_ppo_seed1,0,NOOP,0.096788,-0.019689,0.093907,0,91,429.9093216072195,209.27143096923828,11,0.5256777676669034,370.0771484375,13.497930592896022,0,1,11,0.0,0.0,0.6,0.0,0.15,0.15,0.1,52,252.29509103170813,159.06500816345215,12,0.49144236246744794,377.427734375,14.941227078042559,0,2,12,0.0,0.0,0.6,0.0,0.15,0.15,0.1
77,frozen_mlp_ppo_seed1,0,NOOP,0.090846,-0.020317,0.08668,0,52,252.29509103170813,159.06500816345215,12,0.49144236246744794,377.427734375,14.941227078042559,0,2,12,0.0,0.0,0.6,0.0,0.15,0.15,0.1,51,241.24333931809775,224.5492935180664,13,0.4623565673828125,384.6806640625,15.801387254358108,0,3,13,0.0,0.0,0.6,0.0,0.15,0.15,0.1
78,frozen_mlp_ppo_seed1,0,NOOP,0.085938,-0.021075,0.082815,0,51,241.24333931809775,224.5492935180664,13,0.4623565673828125,384.6806640625,15.801387254358108,0,3,13,0.0,0.0,0.6,0.0,0.15,0.15,0.1,61,289.0182559217936,173.65455627441406,14,0.43843841552734375,392.8408203125,16.225986261245716,0,4,14,0.0,0.0,0.65,0.0,0.15,0.1,0.1
79,frozen_mlp_ppo_seed1,0,NOOP,0.082095,-0.022121,0.079145,0,61,289.0182559217936,173.65455627441406,14,0.43843841552734375,392.8408203125,16.225986261245716,0,4,14,0.0,0.0,0.65,0.0,0.15,0.1,0.1,84,381.5865535515273,166.259765625,15,0.4198506673177083,403.056640625,16.300445310453604,0,5,15,0.0,0.0,0.7,0.0,0.15,0.1,0.05
80,frozen_mlp_ppo_seed1,0,NOOP,0.078654,-0.023137,0.074231,0,84,381.5865535515273,166.259765625,15,0.4198506673177083,403.056640625,16.300445310453604,0,5,15,0.0,0.0,0.7,0.0,0.15,0.1,0.05,82,332.8442227200805,241.1332130432129,16,0.40326976776123047,412.9482421875,16.30976542587645,0,6,16,0.0,0.0,0.7,0.0,0.15,0.1,0.05
81,frozen_mlp_ppo_seed1,0,NOOP,0.075858,-0.024326,0.072225,0,82,332.8442227200805,241.1332130432129,16,0.40326976776123047,412.9482421875,16.30976542587645,0,6,16,0.0,0.0,0.7,0.0,0.15,0.1,0.05,97,469.8094745399453,202.91805267333984,17,0.38991591509650736,424.228515625,16.180237116953656,0,7,17,0.0,0.0,0.75,0.0,0.1,0.1,0.05
82,frozen_mlp_ppo_seed1,0,NOOP,0.069748,-0.025529,0.068039,0,97,469.8094745399453,202.91805267333984,17,0.38991591509650736,424.228515625,16.180237116953656,0,7,17,0.0,0.0,0.75,0.0,0.1,0.1,0.05,100,423.24083725783225,109.19833183288574,19,0.36061417429070725,438.5068359375,16.25621867913287,0,8,18,0.0,0.0,0.7,0.0,0.1,0.1,0.1
83,frozen_mlp_ppo_seed1,3,COMPACT_128KB,0.167,-0.055,0.197838,0,100,423.24083725783225,109.19833183288574,19,0.36061417429070725,438.5068359375,16.25621867913287,0,8,18,0.0,0.0,0.7,0.0,0.1,0.1,0.1,86,424.00073348771053,88.08517456054688,4,1.5662269592285156,400.9541015625,24.606494403155345,0,0,19,0.0,0.0,0.7,0.0,0.1,0.15,0.05
84,frozen_mlp_ppo_seed1,0,NOOP,0.199375,0.0,0.197087,0,86,424.00073348771053,88.08517456054688,4,1.5662269592285156,400.9541015625,24.606494403155345,0,0,19,0.0,0.0,0.7,0.0,0.1,0.15,0.05,99,468.81351041021003,120.66984176635742,5,1.2888214111328125,412.4228515625,45.05690046696276,0,1,20,0.0,0.0,0.75,0.0,0.1,0.1,0.05
85,frozen_mlp_ppo_seed1,4,PARTITION_HOUR,0.017432,-0.1,0.196849,0,99,468.81351041021003,120.66984176635742,5,1.2888214111328125,412.4228515625,45.05690046696276,0,1,20,0.0,0.0,0.75,0.0,0.1,0.1,0.05,86,400.44822295690557,127.55274772644043,6,1.1013081868489583,422.90234375,49.882073964999925,1,2,0,0.0,0.0,0.75,0.0,0.1,0.1,0.05
86,frozen_mlp_ppo_seed1,0,NOOP,0.192199,-0.040096,0.194235,0,86,400.44822295690557,127.55274772644043,6,1.1013081868489583,422.90234375,49.882073964999925,1,2,0,0.0,0.0,0.75,0.0,0.1,0.1,0.05,77,351.8163277533462,128.2508373260498,7,0.9653690883091518,432.4853515625,51.023134101622986,1,3,1,0.014755259320974797,0.0007377629660487398,0.75,0.0,0.1,0.1,0.05
87,frozen_mlp_ppo_seed1,0,NOOP,0.171874,-0.029771,0.178569,0,77,351.8163277533462,128.2508373260498,7,0.9653690883091518,432.4853515625,51.023134101622986,1,3,1,0.014755259320974797,0.0007377629660487398,0.75,0.0,0.1,0.1,0.05,83,407.5200138599814,127.32625007629395,8,0.8643684387207031,442.556640625,50.65295923580661,1,4,2,0.03013923013923014,0.002244724473010247,0.75,0.0,0.1,0.1,0.05
88,frozen_mlp_ppo_seed1,0,NOOP,0.155053,-0.023598,0.164023,0,83,407.5200138599814,127.32625007629395,8,0.8643684387207031,442.556640625,50.65295923580661,1,4,2,0.03013923013923014,0.002244724473010247,0.75,0.0,0.1,0.1,0.05,51,222.1711607849491,152.74453163146973,9,0.7808888753255209,449.7919921875,50.01905856968599,1,5,3,0.03933535967578521,0.004211492456799508,0.75,0.0,0.1,0.1,0.05
89,frozen_mlp_ppo_seed1,0,NOOP,0.142343,-0.014285,0.155554,0,51,222.1711607849491,152.74453163146973,9,0.7808888753255209,449.7919921875,50.01905856968599,1,5,3,0.03933535967578521,0.004211492456799508,0.75,0.0,0.1,0.1,0.05,79,355.13862141699605,150.10499954223633,10,0.7179656982421875,459.498046875,48.847626778706704,1,6,4,0.05321100917431193,0.006872042915515105,0.75,0.0,0.1,0.1,0.05
90,frozen_mlp_ppo_seed1,0,NOOP,0.1312,-0.043286,0.127418,0,79,355.13862141699605,150.10499954223633,10,0.7179656982421875,459.498046875,48.847626778706704,1,6,4,0.05321100917431193,0.006872042915515105,0.75,0.0,0.1,0.1,0.05,50,217.44515791885746,202.82316207885742,11,0.6628737016157671,466.6630859375,47.79364297735274,1,7,5,0.0,0.006872042915515105,0.75,0.0,0.05,0.15,0.05
91,frozen_mlp_ppo_seed1,0,NOOP,0.122714,0.001079,0.142799,0,50,217.44515791885746,202.82316207885742,11,0.6628737016157671,466.6630859375,47.79364297735274,1,7,5,0.0,0.006872042915515105,0.75,0.0,0.05,0.15,0.05,86,389.1609205819017,152.2810459136963,12,0.6210721333821615,476.9833984375,46.50227533193333,1,8,6,0.07610097087378641,0.010677091459204424,0.8,0.0,0.05,0.1,0.05
92,frozen_mlp_ppo_seed1,0,NOOP,0.115101,0.008246,0.137945,0,86,389.1609205819017,152.2810459136963,12,0.6210721333821615,476.9833984375,46.50227533193333,1,8,6,0.07610097087378641,0.010677091459204424,0.8,0.0,0.05,0.1,0.05,66,287.96305072827096,175.74739456176758,13,0.5836299015925481,485.580078125,45.35312504519889,1,9,7,0.08677914110429448,0.015016048514419147,0.8,0.0,0.05,0.1,0.05
93,frozen_mlp_ppo_seed1,0,NOOP,0.109118,-0.038947,0.107303,0,66,287.96305072827096,175.74739456176758,13,0.5836299015925481,485.580078125,45.35312504519889,1,9,7,0.08677914110429448,0.015016048514419147,0.8,0.0,0.05,0.1,0.05,95,419.6883979204058,108.24918746948242,14,0.5543387276785714,496.6875,44.134816334270674,1,10,8,0.0,0.015016048514419147,0.75,0.0,0.05,0.1,0.1
94,frozen_mlp_ppo_seed1,0,NOOP,0.097269,-0.058255,0.094813,0,95,419.6883979204058,108.24918746948242,14,0.5543387276785714,496.6875,44.134816334270674,1,10,8,0.0,0.015016048514419147,0.75,0.0,0.05,0.1,0.1,69,296.20214951195373,142.8227424621582,16,0.49634647369384766,508.2587890625,42.335236268267465,1,11,9,0.0,0.015016048514419147,0.7,0.0,0.05,0.15,0.1
95,frozen_mlp_ppo_seed1,0,NOOP,0.093148,-0.056965,0.091483,0,69,296.20214951195373,142.8227424621582,16,0.49634647369384766,508.2587890625,42.335236268267465,1,11,9,0.0,0.015016048514419147,0.7,0.0,0.05,0.15,0.1,83,350.0007862085745,104.52055931091309,17,0.47636593089384194,518.2861328125,41.32860810786359,1,12,10,0.0,0.01501604851441915,0.65,0.0,0.05,0.15,0.15
96,frozen_mlp_ppo_seed1,1,COMPACT_32KB,0.15936,0.422536,0.446788,0,83,350.0007862085745,104.52055931091309,17,0.47636593089384194,518.2861328125,41.32860810786359,1,12,10,0.0,0.01501604851441915,0.65,0.0,0.05,0.15,0.15,97,384.0263387910057,155.74359893798828,9,0.8740166558159722,503.43359375,35.12055901153897,1,0,11,0.92,0.06101604851441915,0.65,0.0,0.05,0.15,0.15
97,frozen_mlp_ppo_seed1,0,NOOP,0.158611,0.467536,0.431821,0,97,384.0263387910057,155.74359893798828,9,0.8740166558159722,503.43359375,35.12055901153897,1,0,11,0.92,0.06101604851441915,0.65,0.0,0.05,0.15,0.15,61,286.8823082218968,152.01258659362793,10,0.79930419921875,511.5546875,36.401098582116425,1,1,12,0.92,0.10701604851441915,0.65,0.0,0.05,0.15,0.15
98,frozen_mlp_ppo_seed1,0,NOOP,0.135354,0.467552,0.40835,0,61,286.8823082218968,152.01258659362793,10,0.79930419921875,511.5546875,36.401098582116425,1,1,12,0.92,0.10701604851441915,0.65,0.0,0.05,0.15,0.15,98,330.6578714716319,165.22455215454102,12,0.6842702229817709,525.51953125,37.18964229403725,1,2,13,0.92,0.15301604851441913,0.65,0.0,0.05,0.15,0.15
99,frozen_mlp_ppo_seed1,0,NOOP,0.126462,-0.049948,0.12498,0,98,330.6578714716319,165.22455215454102,12,0.6842702229817709,525.51953125,37.18964229403725,1,2,13,0.92,0.15301604851441913,0.65,0.0,0.05,0.15,0.15,52,238.97701653196825,90.3480052947998,13,0.6404325045072116,532.83984375,37.01544016259002,1,3,14,0.0,0.15301604851441913,0.6,0.0,0.05,0.15,0.2
100,frozen_mlp_ppo_seed1,0,NOOP,0.118905,-0.049949,0.116973,0,52,238.97701653196825,90.3480052947998,13,0.6404325045072116,532.83984375,37.01544016259002,1,3,14,0.0,0.15301604851441913,0.6,0.0,0.05,0.15,0.2,56,255.83464927997804,114.06898498535156,14,0.6032736642020089,540.533203125,36.65960480252257,1,4,15,0.0,0.15301604851441913,0.55,0.0,0.05,0.2,0.2
101,frozen_mlp_ppo_seed1,0,NOOP,0.10547,-0.049915,0.103159,0,56,255.83464927997804,114.06898498535156,14,0.6032736642020089,540.533203125,36.65960480252257,1,4,15,0.0,0.15301604851441913,0.55,0.0,0.05,0.2,0.2,51,225.4926083033252,135.54883003234863,16,0.537348747253418,550.2451171875,36.03197299858304,1,5,16,0.0,0.15301604851441913,0.5,0.0,0.05,0.25,0.2
102,frozen_mlp_ppo_seed1,0,NOOP,0.09545,-0.049866,0.091065,0,51,225.4926083033252,135.54883003234863,16,0.537348747253418,550.2451171875,36.03197299858304,1,5,16,0.0,0.15301604851441913,0.5,0.0,0.05,0.25,0.2,81,362.1495229273108,241.76597595214844,18,0.48849911159939235,562.7509765625,35.067431211311835,1,6,17,0.0,0.15301604851441913,0.5,0.05,0.05,0.25,0.15
103,frozen_mlp_ppo_seed1,3,COMPACT_128KB,0.16675,-0.104785,0.197838,0,81,362.1495229273108,241.76597595214844,18,0.48849911159939235,562.7509765625,35.067431211311835,1,6,17,0.0,0.15301604851441913,0.5,0.05,0.05,0.25,0.15,85,352.521768364431,78.08899879455566,6,1.396863301595052,536.3955078125,49.02973103906643,1,0,18,0.0,0.15301604851441913,0.5,0.05,0.05,0.25,0.15
104,frozen_mlp_ppo_seed1,0,NOOP,0.199,0.467744,0.472373,0,85,352.521768364431,78.08899879455566,6,1.396863301595052,536.3955078125,49.02973103906643,1,0,18,0.0,0.15301604851441913,0.5,0.05,0.05,0.25,0.15,91,425.6357957162277,141.3748264312744,8,1.0737762451171875,549.7734375,56.45962167388317,1,1,19,0.92,0.19901604851441915,0.5,0.05,0.05,0.25,0.15
105,frozen_mlp_ppo_seed1,0,NOOP,0.17372,-0.049741,0.171827,0,91,425.6357957162277,141.3748264312744,8,1.0737762451171875,549.7734375,56.45962167388317,1,1,19,0.92,0.19901604851441915,0.5,0.05,0.05,0.25,0.15,54,259.78578253194667,107.15556144714355,10,0.8748519897460938,559.9052734375,56.5764995020366,1,2,20,0.0,0.19901604851441915,0.5,0.1,0.0,0.25,0.15
106,frozen_mlp_ppo_seed1,4,PARTITION_HOUR,-0.307703,-0.299896,0.145034,0,54,259.78578253194667,107.15556144714355,10,0.8748519897460938,559.9052734375,56.5764995020366,1,2,20,0.0,0.19901604851441915,0.5,0.1,0.0,0.25,0.15,50,226.89844623156245,105.41176795959473,12,0.7417132059733073,569.6357421875,54.9160459373675,1,3,21,0.0,0.1982782855483704,0.45,0.1,0.0,0.3,0.15
107,frozen_mlp_ppo_seed1,0,NOOP,0.127837,0.467456,0.400696,0,50,226.89844623156245,105.41176795959473,12,0.7417132059733073,569.6357421875,54.9160459373675,1,3,21,0.0,0.1982782855483704,0.45,0.1,0.0,0.3,0.15,63,286.0845669395343,174.5293140411377,14,0.647935049874442,580.5498046875,52.77895838196704,1,4,22,0.92,0.2427713240414089,0.45,0.1,0.0,0.3,0.15
108,frozen_mlp_ppo_seed1,4,PARTITION_HOUR,-0.340483,-0.300101,0.110775,0,63,286.0845669395343,174.5293140411377,14,0.647935049874442,580.5498046875,52.77895838196704,1,4,22,0.92,0.2427713240414089,0.45,0.1,0.0,0.3,0.15,94,391.4038055849794,184.36932563781738,16,0.5803117752075195,594.2392578125,50.55720461070962,1,5,23,0.0,0.24080455605761966,0.4,0.1,0.0,0.3,0.2
109,frozen_mlp_ppo_seed1,4,PARTITION_HOUR,-0.351696,-0.300216,0.100601,0,94,391.4038055849794,184.36932563781738,16,0.5803117752075195,594.2392578125,50.55720461070962,1,5,23,0.0,0.24080455605761966,0.4,0.1,0.0,0.3,0.2,65,310.6134344444774,134.9492073059082,18,0.525498284233941,605.3740234375,48.583707707644365,1,6,24,0.0,0.23814400559890406,0.35,0.15,0.0,0.3,0.2
110,frozen_mlp_ppo_seed1,4,PARTITION_HOUR,-0.360565,-0.299511,0.091467,0,65,310.6134344444774,134.9492073059082,18,0.525498284233941,605.3740234375,48.583707707644365,1,6,24,0.0,0.23814400559890406,0.35,0.15,0.0,0.3,0.2,78,367.1653533939897,150.64024925231934,20,0.4824005126953125,617.47265625,46.74490128125243,1,7,25,0.0,0.23814400559890406,0.35,0.2,0.0,0.25,0.2
111,frozen_mlp_ppo_seed1,2,COMPACT_64KB,0.528717,-0.100438,0.167651,0,78,367.1653533939897,150.64024925231934,20,0.4824005126953125,617.47265625,46.74490128125243,1,7,25,0.0,0.23814400559890406,0.35,0.2,0.0,0.25,0.2,84,398.1673172418625,112.49589920043945,11,0.8550054376775568,601.923828125,31.41267684623442,1,0,26,0.0,0.23433895705521474,0.3,0.25,0.0,0.25,0.2
112,frozen_mlp_ppo_seed1,6,PARTITION_EVENT_TYPE,-0.035427,-0.150519,0.14407,0,84,398.1673172418625,112.49589920043945,11,0.8550054376775568,601.923828125,31.41267684623442,1,0,26,0.0,0.23433895705521474,0.3,0.25,0.0,0.25,0.2,97,375.3693866084057,132.30633735656738,13,0.7400829608623798,615.7490234375,33.87061541959933,3,1,0,0.0,0.23000000000000004,0.25,0.3,0.0,0.25,0.2
113,frozen_mlp_ppo_seed1,0,NOOP,0.120855,-0.094933,0.120298,0,97,375.3693866084057,132.30633735656738,13,0.7400829608623798,615.7490234375,33.87061541959933,3,1,0,0.0,0.23000000000000004,0.25,0.3,0.0,0.25,0.2,59,243.84887640726234,135.30588150024414,16,0.6142759323120117,629.0185546875,34.89638758077819,3,2,1,0.005831243546245759,0.23029156217731234,0.25,0.3,0.0,0.3,0.15
114,frozen_mlp_ppo_seed1,0,NOOP,0.103565,-0.096798,0.101032,0,59,243.84887640726234,135.30588150024414,16,0.6142759323120117,629.0185546875,34.89638758077819,3,2,1,0.005831243546245759,0.23029156217731234,0.25,0.3,0.0,0.3,0.15,79,345.57455586866604,150.36368370056152,19,0.529697618986431,644.1123046875,34.356821367984594,3,3,2,0.0,0.23029156217731234,0.25,0.35,0.0,0.25,0.15
115,frozen_mlp_ppo_seed1,0,NOOP,0.09104,-0.095215,0.089071,0,79,345.57455586866604,150.36368370056152,19,0.529697618986431,644.1123046875,34.356821367984594,3,3,2,0.0,0.23029156217731234,0.25,0.35,0.0,0.25,0.15,91,344.767416694518,125.96750259399414,22,0.4689504450017756,660.2822265625,33.360157805383885,3,4,3,0.0,0.23029156217731234,0.25,0.35,0.0,0.25,0.15
116,frozen_mlp_ppo_seed1,1,COMPACT_32KB,0.127201,-0.089473,0.139314,0,91,344.767416694518,125.96750259399414,22,0.4689504450017756,660.2822265625,33.360157805383885,3,4,3,0.0,0.23029156217731234,0.25,0.35,0.0,0.25,0.15,59,202.42763364011384,127.77018547058105,14,0.7163467407226562,641.8466796875,31.587033853374383,3,0,4,0.0,0.1842915621773123,0.2,0.4,0.0,0.25,0.15
117,frozen_mlp_ppo_seed1,0,NOOP,0.118905,-0.044734,0.116691,0,59,202.42763364011384,127.77018547058105,14,0.7163467407226562,641.8466796875,31.587033853374383,3,0,4,0.0,0.1842915621773123,0.2,0.4,0.0,0.25,0.15,96,391.040835353347,131.95300102233887,17,0.6051483154296875,658.4013671875,32.60464948879649,3,1,5,0.0,0.13829156217731228,0.15,0.45,0.0,0.25,0.15
118,frozen_mlp_ppo_seed1,0,NOOP,0.102942,-0.0449,0.101042,0,96,391.040835353347,131.95300102233887,17,0.6051483154296875,658.4013671875,32.60464948879649,3,1,5,0.0,0.13829156217731228,0.15,0.45,0.0,0.25,0.15,94,383.4829527825195,119.97270584106445,20,0.5272087097167969,674.8271484375,32.31723424785871,3,2,6,0.0,0.0922915621773123,0.1,0.45,0.0,0.25,0.2
119,frozen_mlp_ppo_seed1,0,NOOP,0.091097,-0.033634,0.087829,0,94,383.4829527825195,119.97270584106445,20,0.5272087097167969,674.8271484375,32.31723424785871,3,2,6,0.0,0.0922915621773123,0.1,0.45,0.0,0.25,0.2,97,410.0388201371273,192.11864471435547,23,0.4698592476222826,691.6328125,31.571954804897928,3,3,7,0.0,0.0922915621773123,0.1,0.5,0.0,0.25,0.15
120,frozen_mlp_ppo_seed1,0,NOOP,0.081549,-0.033802,0.078653,0,97,410.0388201371273,192.11864471435547,23,0.4698592476222826,691.6328125,31.571954804897928,3,3,7,0.0,0.0922915621773123,0.1,0.5,0.0,0.25,0.15,66,285.7789473140869,177.31857299804688,26,0.4239959716796875,705.529296875,30.76124537954234,3,4,8,0.0,0.0922915621773123,0.1,0.55,0.0,0.2,0.15
121,frozen_mlp_ppo_seed1,2,COMPACT_64KB,0.532757,-0.088737,0.170419,0,66,285.7789473140869,177.31857299804688,26,0.4239959716796875,705.529296875,30.76124537954234,3,4,8,0.0,0.0922915621773123,0.1,0.55,0.0,0.2,0.15,82,343.6796361081883,177.38103866577148,12,0.8758328755696615,672.6396484375,30.661475759730884,3,0,9,0.0,0.0922915621773123,0.15,0.55,0.0,0.15,0.15
122,frozen_mlp_ppo_seed1,0,NOOP,0.141724,-0.038807,0.139403,0,82,343.6796361081883,177.38103866577148,12,0.8758328755696615,672.6396484375,30.661475759730884,3,0,9,0.0,0.0922915621773123,0.15,0.55,0.0,0.15,0.15,97,402.6618183977553,134.80663299560547,15,0.7179962158203125,689.2763671875,34.31311515397636,3,1,10,0.0,0.0922915621773123,0.15,0.55,0.0,0.15,0.15
123,frozen_mlp_ppo_seed1,0,NOOP,0.120326,-0.038822,0.116682,0,97,402.6618183977553,134.80663299560547,15,0.7179962158203125,689.2763671875,34.31311515397636,3,1,10,0.0,0.0922915621773123,0.15,0.55,0.0,0.15,0.15,97,419.4606703576547,204.6968936920166,18,0.6128785875108507,706.0361328125,34.78794015959442,3,2,11,0.0,0.0922915621773123,0.2,0.55,0.0,0.1,0.15
124,frozen_mlp_ppo_seed1,0,NOOP,0.10473,-0.050316,0.098464,0,97,419.4606703576547,204.6968936920166,18,0.6128785875108507,706.0361328125,34.78794015959442,3,2,11,0.0,0.0922915621773123,0.2,0.55,0.0,0.1,0.15,82,358.73617631566594,339.5419120788574,21,0.5367758614676339,721.4267578125,34.33183605956505,3,3,12,0.0,0.04629156217731229,0.15,0.6,0.0,0.1,0.15
125,frozen_mlp_ppo_seed1,0,NOOP,0.092819,-0.038883,0.089969,0,82,358.73617631566594,339.5419120788574,21,0.5367758614676339,721.4267578125,34.33183605956505,3,3,12,0.0,0.04629156217731229,0.15,0.6,0.0,0.1,0.15,72,308.3738433040811,172.5001335144043,24,0.4790941874186198,735.888671875,33.54125410216488,3,4,13,0.0,0.04629156217731229,0.15,0.6,0.0,0.1,0.15
126,frozen_mlp_ppo_seed1,1,COMPACT_32KB,0.143474,-0.083921,0.156127,0,72,308.3738433040811,172.5001335144043,24,0.4790941874186198,735.888671875,33.54125410216488,3,4,13,0.0,0.04629156217731229,0.15,0.6,0.0,0.1,0.15,75,335.72516395498377,100.72660446166992,14,0.7977087838309151,714.7470703125,31.244184676214072,3,0,14,0.0,0.04629156217731229,0.15,0.6,0.0,0.05,0.2
127,frozen_mlp_ppo_seed1,0,NOOP,0.131657,0.326443,0.33125,0,75,335.72516395498377,100.72660446166992,14,0.7977087838309151,714.7470703125,31.244184676214072,3,0,14,0.0,0.04629156217731229,0.15,0.6,0.0,0.05,0.2,57,200.62478538233412,91.62640571594238,17,0.6689112046185661,727.775390625,33.622292740277935,3,1,15,0.67,0.03379156217731229,0.1,0.6,0.0,0.1,0.2
128,frozen_mlp_ppo_seed1,0,NOOP,0.113265,-0.0389,0.109597,0,57,200.62478538233412,91.62640571594238,17,0.6689112046185661,727.775390625,33.622292740277935,3,1,15,0.67,0.03379156217731229,0.1,0.6,0.0,0.1,0.2,57,199.40075848499836,208.39285850524902,20,0.5788230895996094,740.8935546875,33.918704753812,3,2,16,0.0,0.03379156217731229,0.1,0.65,0.0,0.1,0.15
129,frozen_mlp_ppo_seed1,0,NOOP,0.099675,-0.038898,0.092434,0,57,199.40075848499836,208.39285850524902,20,0.5788230895996094,740.8935546875,33.918704753812,3,2,16,0.0,0.03379156217731229,0.1,0.65,0.0,0.1,0.15,66,218.55094999818417,390.81263542175293,23,0.5127523671025815,754.771484375,33.44450974698242,3,3,17,0.0,0.03379156217731229,0.1,0.6,0.05,0.1,0.15
130,frozen_mlp_ppo_seed1,0,NOOP,0.089067,-0.0389,0.08608,0,66,218.55094999818417,390.81263542175293,23,0.5127523671025815,754.771484375,33.44450974698242,3,3,17,0.0,0.03379156217731229,0.1,0.6,0.05,0.1,0.15,59,238.27440694726485,181.88118934631348,26,0.46158599853515625,768.0791015625,32.71177399572729,3,4,18,0.0,0.03379156217731229,0.1,0.6,0.05,0.1,0.15
131,frozen_mlp_ppo_seed1,2,COMPACT_64KB,0.548952,0.287903,0.387573,0,59,238.27440694726485,181.88118934631348,26,0.46158599853515625,768.0791015625,32.71177399572729,3,4,18,0.0,0.03379156217731229,0.1,0.6,0.05,0.1,0.15,67,227.0728888651865,179.4443130493164,12,0.9568074544270834,734.828125,28.21198498259946,3,0,19,0.67,0.06729156217731229,0.1,0.55,0.05,0.15,0.15
132,frozen_mlp_ppo_seed1,0,NOOP,0.153877,-0.038934,0.149883,0,67,227.0728888651865,179.4443130493164,12,0.9568074544270834,734.828125,28.21198498259946,3,0,19,0.67,0.06729156217731229,0.1,0.55,0.05,0.15,0.15,54,191.93508055187633,218.47963333129883,15,0.7787607828776042,747.6103515625,34.382141506674294,3,1,20,0.0,0.06729156217731229,0.1,0.5,0.1,0.15,0.15
133,frozen_mlp_ppo_seed1,6,PARTITION_EVENT_TYPE,-0.324693,0.087885,0.329855,0,54,191.93508055187633,218.47963333129883,15,0.7787607828776042,747.6103515625,34.382141506674294,3,1,20,0.0,0.06729156217731229,0.1,0.5,0.1,0.15,0.15,59,238.25559548991046,72.3581314086914,18,0.6605131361219618,760.9111328125,35.735480645824474,3,2,21,0.67,0.1005,0.1,0.5,0.1,0.15,0.15
134,frozen_mlp_ppo_seed1,0,NOOP,0.113003,-0.038853,0.109578,0,59,238.25559548991046,72.3581314086914,18,0.6605131361219618,760.9111328125,35.735480645824474,3,2,21,0.67,0.1005,0.1,0.5,0.1,0.15,0.15,91,366.6391912609459,197.5264549255371,21,0.5781409853980655,777.021484375,35.51092191299778,3,3,22,0.0,0.1005,0.1,0.5,0.1,0.15,0.15
135,frozen_mlp_ppo_seed1,5,PARTITION_REGION,-0.081839,-0.138971,0.097762,0,91,366.6391912609459,197.5264549255371,21,0.5781409853980655,777.021484375,35.51092191299778,3,3,22,0.0,0.1005,0.1,0.5,0.1,0.15,0.15,66,258.1447125965161,140.8538818359375,24,0.5148957570393881,790.8798828125,34.88319572222006,2,4,0,0.0,0.1005,0.1,0.5,0.1,0.15,0.15
136,frozen_mlp_ppo_seed1,1,COMPACT_32KB,0.14515,-0.076103,0.155857,0,66,258.1447125965161,140.8538818359375,24,0.5148957570393881,790.8798828125,34.88319572222006,2,4,0,0.0,0.1005,0.1,0.5,0.1,0.15,0.15,96,371.22012031253604,199.32985305786133,15,0.8067159016927083,774.447265625,34.015841987652564,2,0,1,0.0,0.1005,0.15,0.45,0.1,0.15,0.15
137,frozen_mlp_ppo_seed1,0,NOOP,0.134773,0.345484,0.334356,0,96,371.22012031253604,199.32985305786133,15,0.8067159016927083,774.447265625,34.015841987652564,2,0,1,0.0,0.1005,0.15,0.45,0.1,0.15,0.15,76,300.02598109114183,93.36590766906738,18,0.6851162380642362,789.25390625,35.69115300097383,2,1,2,0.67,0.134,0.15,0.45,0.1,0.15,0.15
138,frozen_mlp_ppo_seed1,0,NOOP,0.117298,0.345186,0.316795,0,76,300.02598109114183,93.36590766906738,18,0.6851162380642362,789.25390625,35.69115300097383,2,1,2,0.67,0.134,0.15,0.45,0.1,0.15,0.15,96,389.2881434587734,101.39155387878418,21,0.5996151878720238,805.8828125,35.66066901179559,2,2,3,0.67,0.1675,0.15,0.5,0.1,0.15,0.1
139,frozen_mlp_ppo_seed1,0,NOOP,0.103964,-0.03195,0.09969,0,96,389.2881434587734,101.39155387878418,21,0.5996151878720238,805.8828125,35.66066901179559,2,2,3,0.67,0.1675,0.15,0.5,0.1,0.15,0.1,85,338.66964315399997,243.74651908874512,24,0.5348224639892578,821.4873046875,35.09397599915016,2,3,4,0.0,0.1675,0.2,0.45,0.1,0.15,0.1
140,frozen_mlp_ppo_seed1,0,NOOP,0.093317,0.344798,0.292897,0,85,338.66964315399997,243.74651908874512,24,0.5348224639892578,821.4873046875,35.09397599915016,2,3,4,0.0,0.1675,0.2,0.45,0.1,0.15,0.1,66,244.4682077657831,104.77805137634277,27,0.4834606029369213,835.419921875,34.340554852891884,2,4,5,0.67,0.201,0.2,0.45,0.1,0.15,0.1
141,frozen_mlp_ppo_seed1,2,COMPACT_64KB,0.550957,0.294484,0.390897,0,66,244.4682077657831,104.77805137634277,27,0.4834606029369213,835.419921875,34.340554852891884,2,4,5,0.67,0.201,0.2,0.45,0.1,0.15,0.1,97,282.5977397598061,114.67862129211426,13,0.9674541766826923,804.921875,25.855466406158722,2,0,6,0.67,0.23450000000000001,0.15,0.5,0.1,0.15,0.1
142,frozen_mlp_ppo_seed1,0,NOOP,0.157939,0.344324,0.357593,0,97,282.5977397598061,114.67862129211426,13,0.9674541766826923,804.921875,25.855466406158722,2,0,6,0.67,0.23450000000000001,0.15,0.5,0.1,0.15,0.1,66,268.28924649063975,87.32199668884277,16,0.7996969223022461,818.8896484375,32.675905662675234,2,1,7,0.67,0.268,0.15,0.5,0.1,0.15,0.1
143,frozen_mlp_ppo_seed1,0,NOOP,0.134715,0.344159,0.334041,0,66,268.28924649063975,87.32199668884277,16,0.7996969223022461,818.8896484375,32.675905662675234,2,1,7,0.67,0.268,0.15,0.5,0.1,0.15,0.1,74,295.6284120111173,107.41567611694336,19,0.6854488975123355,833.505859375,34.508468343130545,2,2,8,0.67,0.3015,0.1,0.55,0.1,0.15,0.1
144,frozen_mlp_ppo_seed1,0,NOOP,0.117503,0.344108,0.316945,0,74,295.6284120111173,107.41567611694336,19,0.6854488975123355,833.505859375,34.508468343130545,2,2,8,0.67,0.3015,0.1,0.55,0.1,0.15,0.1,56,225.48830850905532,105.39746284484863,22,0.6012656471946023,846.58203125,34.83279885450289,2,3,9,0.67,0.335,0.1,0.55,0.1,0.15,0.1
145,frozen_mlp_ppo_seed1,0,NOOP,0.104777,0.343826,0.30401,0,56,225.48830850905532,105.39746284484863,22,0.6012656471946023,846.58203125,34.83279885450289,2,3,9,0.67,0.335,0.1,0.55,0.1,0.15,0.1,97,366.24188407114775,119.6131706237793,25,0.53950927734375,863.21484375,34.368868143956504,2,4,10,0.67,0.3685,0.1,0.55,0.1,0.15,0.1
146,frozen_mlp_ppo_seed1,1,COMPACT_32KB,0.148935,0.298764,0.362713,0,97,366.24188407114775,119.6131706237793,25,0.53950927734375,863.21484375,34.368868143956504,2,4,10,0.67,0.3685,0.1,0.55,0.1,0.15,0.1,82,307.0152635981172,96.99010848999023,16,0.8262653350830078,846.095703125,30.444091396235784,2,0,11,0.67,0.402,0.1,0.6,0.1,0.15,0.05
147,frozen_mlp_ppo_seed1,0,NOOP,0.139241,-0.041663,0.137228,0,82,307.0152635981172,96.99010848999023,16,0.8262653350830078,846.095703125,30.444091396235784,2,0,11,0.67,0.402,0.1,0.6,0.1,0.15,0.05,77,332.5813227608578,124.41420555114746,19,0.7080808940686678,861.0263671875,33.0841295458447,2,1,12,0.0,0.36850000000000005,0.1,0.6,0.1,0.1,0.1
148,frozen_mlp_ppo_seed1,0,NOOP,0.121606,0.343465,0.320909,0,77,332.5813227608578,124.41420555114746,19,0.7080808940686678,861.0263671875,33.0841295458447,2,1,12,0.0,0.36850000000000005,0.1,0.6,0.1,0.1,0.1,72,295.9890068746239,112.33878135681152,22,0.6217797019264915,875.4658203125,33.77369515255576,2,2,13,0.67,0.402,0.1,0.6,0.1,0.1,0.1
149,frozen_mlp_ppo_seed1,0,NOOP,0.108003,0.343348,0.307509,0,72,295.9890068746239,112.33878135681152,22,0.6217797019264915,875.4658203125,33.77369515255576,2,2,13,0.67,0.402,0.1,0.6,0.1,0.1,0.1,62,255.84611070828075,105.98587989807129,25,0.5556414794921875,889.0263671875,33.68946174132719,2,3,14,0.67,0.43550000000000005,0.1,0.65,0.05,0.1,0.1
150,frozen_mlp_ppo_seed1,0,NOOP,0.097315,-0.033654,0.094063,0,62,255.84611070828075,105.98587989807129,25,0.5556414794921875,889.0263671875,33.68946174132719,2,3,14,0.67,0.43550000000000005,0.1,0.65,0.05,0.1,0.1,70,218.97143539028355,197.59607315063477,28,0.5040768214634487,903.3056640625,33.211920158075756,2,4,15,0.0,0.43550000000000005,0.1,0.6,0.05,0.15,0.1
151,frozen_mlp_ppo_seed1,1,COMPACT_32KB,-0.206723,-0.087405,0.140099,0,70,218.97143539028355,197.59607315063477,28,0.5040768214634487,903.3056640625,33.211920158075756,2,4,15,0.0,0.43550000000000005,0.1,0.6,0.05,0.15,0.1,205,568.5571041839416,273.52023124694824,19,0.7373488576788652,896.6162109375,30.996173976140913,2,0,16,0.0,0.402,0.1,0.6,0.1,0.1,0.1
152,frozen_mlp_ppo_seed1,0,NOOP,0.100865,-0.034364,0.09479,0,205,568.5571041839416,273.52023124694824,19,0.7373488576788652,896.6162109375,30.996173976140913,2,0,16,0.0,0.402,0.1,0.6,0.1,0.1,0.1,161,462.3328812357122,338.7141227722168,28,0.5218233380998883,935.107421875,32.51435534832195,2,1,17,0.0,0.402,0.1,0.6,0.1,0.1,0.1
153,frozen_mlp_ppo_seed1,0,NOOP,0.07766,0.333761,0.276595,0,161,462.3328812357122,338.7141227722168,28,0.5218233380998883,935.107421875,32.51435534832195,2,1,17,0.0,0.402,0.1,0.6,0.1,0.1,0.1,169,493.78749170156135,149.5046615600586,37,0.4114247914907095,974.25390625,30.865189399619933,2,2,18,0.67,0.402,0.1,0.65,0.1,0.05,0.1
154,frozen_mlp_ppo_seed1,0,NOOP,0.063205,0.341824,0.262539,0,169,493.78749170156135,149.5046615600586,37,0.4114247914907095,974.25390625,30.865189399619933,2,2,18,0.67,0.402,0.1,0.65,0.1,0.05,0.1,187,606.4966788378175,140.8095359802246,46,0.34477466085682745,1015.0166015625,28.95956143633698,2,3,19,0.67,0.43550000000000005,0.1,0.65,0.1,0.05,0.1
155,frozen_mlp_ppo_seed1,0,NOOP,0.047785,0.341191,0.247242,0,187,606.4966788378175,140.8095359802246,46,0.34477466085682745,1015.0166015625,28.95956143633698,2,3,19,0.67,0.43550000000000005,0.1,0.65,0.1,0.05,0.1,297,780.560548650774,153.38134765625,61,0.27704883012615267,1081.5986328125,26.224435813855486,2,4,20,0.67,0.46900000000000003,0.1,0.7,0.1,0.05,0.05
156,frozen_mlp_ppo_seed1,0,NOOP,0.041244,0.340847,0.240482,0,297,780.560548650774,153.38134765625,61,0.27704883012615267,1081.5986328125,26.224435813855486,2,4,20,0.67,0.46900000000000003,0.1,0.7,0.1,0.05,0.05,160,518.3052190535035,175.60672760009766,70,0.24996904645647322,1119.861328125,24.87459949771988,2,5,21,0.67,0.5025000000000001,0.05,0.75,0.1,0.05,0.05
157,frozen_mlp_ppo_seed1,3,COMPACT_128KB,0.5485,0.295582,0.398406,0,160,518.3052190535035,175.60672760009766,70,0.24996904645647322,1119.861328125,24.87459949771988,2,5,21,0.67,0.5025000000000001,0.05,0.75,0.1,0.05,0.05,187,578.5033544770615,69.67926025390625,12,1.2713457743326824,976.3935546875,34.32850218862274,2,0,22,0.67,0.5025000000000001,0.05,0.75,0.1,0.05,0.05
158,frozen_mlp_ppo_seed1,0,NOOP,0.105757,0.350569,0.305571,0,187,578.5033544770615,69.67926025390625,12,1.2713457743326824,976.3935546875,34.32850218862274,2,0,22,0.67,0.5025000000000001,0.05,0.75,0.1,0.05,0.05,300,756.4241800137423,96.79937362670898,30,0.5475331624348958,1051.263671875,43.899706547951155,2,1,23,0.67,0.5025000000000001,0.05,0.75,0.1,0.05,0.05
159,frozen_mlp_ppo_seed1,0,NOOP,0.07199,0.358827,0.271668,0,300,756.4241800137423,96.79937362670898,30,0.5475331624348958,1051.263671875,43.899706547951155,2,1,23,0.67,0.5025000000000001,0.05,0.75,0.1,0.05,0.05,294,670.7418618945308,122.33209609985352,45,0.38807542588975696,1117.6572265625,38.51585376119218,2,2,24,0.67,0.536,0.0,0.8,0.1,0.05,0.05
160,frozen_mlp_ppo_seed1,0,NOOP,0.057048,-0.026457,0.053397,0,294,670.7418618945308,122.33209609985352,45,0.38807542588975696,1117.6572265625,38.51585376119218,2,2,24,0.67,0.536,0.0,0.8,0.1,0.05,0.05,232,649.468505321808,253.81112098693848,57,0.3208644933867873,1170.513671875,35.161450116930396,2,3,25,0.0,0.5025000000000001,0.0,0.75,0.1,0.05,0.1
161,frozen_mlp_ppo_seed1,0,NOOP,0.049153,-0.026473,0.040978,0,232,649.468505321808,253.81112098693848,57,0.3208644933867873,1170.513671875,35.161450116930396,2,3,25,0.0,0.5025000000000001,0.0,0.75,0.1,0.05,0.1,198,634.1070069452504,491.2524223327637,66,0.2870131983901515,1212.34375,33.097035929410936,2,4,26,0.0,0.46900000000000003,0.05,0.7,0.1,0.05,0.1
162,frozen_mlp_ppo_seed1,1,COMPACT_32KB,-0.233224,0.305422,0.318438,0,198,634.1070069452504,491.2524223327637,66,0.2870131983901515,1212.34375,33.097035929410936,2,4,26,0.0,0.46900000000000003,0.05,0.7,0.1,0.05,0.1,237,657.6827892285717,94.06232833862305,29,0.6110950338429418,1134.1923828125,31.34343818853548,2,0,27,0.67,0.46900000000000003,0.05,0.7,0.1,0.05,0.1
163,frozen_mlp_ppo_seed1,0,NOOP,0.085384,0.350414,0.283492,0,237,657.6827892285717,94.06232833862305,29,0.6110950338429418,1134.1923828125,31.34343818853548,2,0,27,0.67,0.46900000000000003,0.05,0.7,0.1,0.05,0.1,238,686.0022128120443,195.82223892211914,41,0.45254293302210363,1187.47265625,30.707041436418027,2,1,28,0.67,0.46900000000000003,0.05,0.7,0.1,0.05,0.1
164,frozen_mlp_ppo_seed1,0,NOOP,0.06648,0.350225,0.266205,0,238,686.0022128120443,195.82223892211914,41,0.45254293302210363,1187.47265625,30.707041436418027,2,1,28,0.67,0.46900000000000003,0.05,0.7,0.1,0.05,0.1,228,580.286612527693,129.98723983764648,53,0.3655248677955483,1239.8603515625,28.87171119303712,2,2,29,0.67,0.46900000000000003,0.05,0.7,0.1,0.05,0.1
165,frozen_mlp_ppo_seed1,0,NOOP,0.053957,-0.026591,0.047821,0,228,580.286612527693,129.98723983764648,53,0.3655248677955483,1239.8603515625,28.87171119303712,2,2,29,0.67,0.46900000000000003,0.05,0.7,0.1,0.05,0.1,218,635.7829700568991,388.06939125061035,65,0.3104095458984375,1291.3037109375,27.07726389544276,2,3,30,0.0,0.43550000000000005,0.05,0.65,0.1,0.1,0.1
166,frozen_mlp_ppo_seed1,0,NOOP,0.046971,-0.026616,0.040222,0,218,635.7829700568991,388.06939125061035,65,0.3104095458984375,1291.3037109375,27.07726389544276,2,3,30,0.0,0.43550000000000005,0.05,0.65,0.1,0.1,0.1,178,531.9087886987585,429.9890995025635,74,0.2811066911027238,1331.3212890625,25.857456480337365,2,4,31,0.0,0.402,0.05,0.6,0.1,0.15,0.1
167,frozen_mlp_ppo_seed1,0,NOOP,0.037935,0.358654,0.237546,0,178,531.9087886987585,429.9890995025635,74,0.2811066911027238,1331.3212890625,25.857456480337365,2,4,31,0.0,0.402,0.05,0.6,0.1,0.15,0.1,288,688.690811941204,180.67049980163574,89,0.24529789270979635,1397.216796875,24.1023262492622,2,5,32,0.67,0.43550000000000005,0.05,0.65,0.1,0.15,0.05
168,frozen_mlp_ppo_seed1,3,COMPACT_128KB,0.5485,0.295242,0.398498,0,288,688.690811941204,180.67049980163574,89,0.24529789270979635,1397.216796875,24.1023262492622,2,5,32,0.67,0.43550000000000005,0.05,0.65,0.1,0.15,0.05,277,713.4216924436345,65.10281562805176,12,1.5704727172851562,1206.123046875,23.53704428658215,2,0,33,0.67,0.43550000000000005,0.05,0.65,0.1,0.15,0.05
169,frozen_mlp_ppo_seed1,0,NOOP,0.18259,0.350283,0.382446,0,277,713.4216924436345,65.10281562805176,12,1.5704727172851562,1206.123046875,23.53704428658215,2,0,33,0.67,0.43550000000000005,0.05,0.65,0.1,0.15,0.05,162,517.9617526369672,83.44793319702148,21,0.9260762532552084,1244.646484375,51.82715320000003,2,1,34,0.67,0.43550000000000005,0.05,0.65,0.1,0.15,0.05
170,frozen_mlp_ppo_seed1,0,NOOP,0.130071,-0.018244,0.12563,0,162,517.9617526369672,83.44793319702148,21,0.9260762532552084,1244.646484375,51.82715320000003,2,1,34,0.67,0.43550000000000005,0.05,0.65,0.1,0.15,0.05,177,557.8059949778874,259.5689296722412,30,0.6691070556640625,1284.685546875,50.054955896947824,2,2,35,0.0,0.43550000000000005,0.1,0.65,0.1,0.1,0.05
171,frozen_mlp_ppo_seed1,0,NOOP,0.088214,0.358595,0.287452,0,177,557.8059949778874,259.5689296722412,30,0.6691070556640625,1284.685546875,50.054955896947824,2,2,35,0.0,0.43550000000000005,0.1,0.65,0.1,0.1,0.05,297,639.138104629757,144.33979988098145,45,0.4691925048828125,1351.2744140625,44.5691613361187,2,3,36,0.67,0.46900000000000003,0.1,0.7,0.05,0.1,0.05
172,frozen_mlp_ppo_seed1,0,NOOP,0.073713,0.358613,0.273286,0,297,639.138104629757,144.33979988098145,45,0.4691925048828125,1351.2744140625,44.5691613361187,2,3,36,0.67,0.46900000000000003,0.1,0.7,0.05,0.1,0.05,169,509.7528792543387,138.8254165649414,54,0.40231266728153936,1390.392578125,41.74323480192462,2,4,37,0.67,0.5025000000000001,0.1,0.75,0.0,0.1,0.05
173,frozen_mlp_ppo_seed1,3,COMPACT_128KB,0.548375,0.295162,0.398287,0,169,509.7528792543387,138.8254165649414,54,0.40231266728153936,1390.392578125,41.74323480192462,2,4,37,0.67,0.5025000000000001,0.1,0.75,0.0,0.1,0.05,279,689.1863271219581,70.66488265991211,13,1.565198458158053,1302.2451171875,23.80914652097194,2,0,38,0.67,0.5025000000000001,0.1,0.75,0.0,0.1,0.05
174,frozen_mlp_ppo_seed1,0,NOOP,0.166176,0.350111,0.365802,0,279,689.1863271219581,70.66488265991211,13,1.565198458158053,1302.2451171875,23.80914652097194,2,0,38,0.67,0.5025000000000001,0.1,0.75,0.0,0.1,0.05,226,619.0438183631313,99.95436668395996,25,0.846505126953125,1354.408203125,51.68377910636228,2,1,39,0.67,0.5025000000000001,0.1,0.75,0.0,0.1,0.05
175,frozen_mlp_ppo_seed1,0,NOOP,0.123981,0.350109,0.323558,0,226,619.0438183631313,99.95436668395996,25,0.846505126953125,1354.408203125,51.68377910636228,2,1,39,0.67,0.5025000000000001,0.1,0.75,0.0,0.1,0.05,186,579.6724281670048,113.67058753967285,34,0.6411563648897058,1395.15625,49.36763743504197,2,2,40,0.67,0.5025000000000001,0.1,0.75,0.0,0.1,0.05
176,frozen_mlp_ppo_seed1,0,NOOP,0.099018,-0.026687,0.094736,0,186,579.6724281670048,113.67058753967285,34,0.6411563648897058,1395.15625,49.36763743504197,2,2,40,0.67,0.5025000000000001,0.1,0.75,0.0,0.1,0.05,192,618.5714116728027,267.83204078674316,43,0.5219655591388082,1436.44921875,46.26055507394752,2,3,41,0.0,0.46900000000000003,0.1,0.7,0.0,0.15,0.05
177,frozen_mlp_ppo_seed1,0,NOOP,0.077695,-0.026725,0.068055,0,192,618.5714116728027,267.83204078674316,43,0.5219655591388082,1436.44921875,46.26055507394752,2,3,41,0.0,0.46900000000000003,0.1,0.7,0.0,0.15,0.05,223,658.9451380302726,550.7276058197021,55,0.4228482333096591,1488.42578125,42.56131939454838,2,4,42,0.0,0.43550000000000005,0.1,0.65,0.05,0.15,0.05
178,frozen_mlp_ppo_seed1,2,COMPACT_64KB,0.286466,0.300134,0.397248,0,223,658.9451380302726,550.7276058197021,55,0.4228482333096591,1488.42578125,42.56131939454838,2,4,42,0.0,0.43550000000000005,0.1,0.65,0.05,0.15,0.05,207,490.58931341188674,82.61775970458984,21,1.0520128522600447,1413.9052734375,34.89589288906283,2,0,43,0.67,0.43550000000000005,0.1,0.65,0.05,0.15,0.05
179,frozen_mlp_ppo_seed1,0,NOOP,0.147821,0.350054,0.347776,0,207,490.58931341188674,82.61775970458984,21,1.0520128522600447,1413.9052734375,34.89589288906283,2,0,43,0.67,0.43550000000000005,0.1,0.65,0.05,0.15,0.05,191,639.3062175603466,89.7679328918457,30,0.7578572591145833,1455.0859375,41.17764099311924,2,1,44,0.67,0.43550000000000005,0.1,0.65,0.05,0.15,0.05
180,frozen_mlp_ppo_seed1,0,NOOP,0.114981,-0.018452,0.106555,0,191,639.3062175603466,89.7679328918457,30,0.7578572591145833,1455.0859375,41.17764099311924,2,1,44,0.67,0.43550000000000005,0.1,0.65,0.05,0.15,0.05,187,574.6775398475703,470.02482414245605,39,0.5992779854016427,1495.7978515625,40.57762309300973,2,2,45,0.0,0.43550000000000005,0.1,0.65,0.1,0.15,0.0
181,frozen_mlp_ppo_seed1,0,NOOP,0.09396,0.358374,0.293794,0,187,574.6775398475703,470.02482414245605,39,0.5992779854016427,1495.7978515625,40.57762309300973,2,2,45,0.0,0.43550000000000005,0.1,0.65,0.1,0.15,0.0,174,527.7250367696506,118.31450462341309,48,0.4998022715250651,1535.392578125,38.8684594327673,2,3,46,0.67,0.46900000000000003,0.05,0.7,0.1,0.15,0.0
182,frozen_mlp_ppo_seed1,0,NOOP,0.075225,0.349975,0.275057,0,174,527.7250367696506,118.31450462341309,48,0.4998022715250651,1535.392578125,38.8684594327673,2,3,46,0.67,0.46900000000000003,0.05,0.7,0.1,0.15,0.0,233,692.0617342176787,133.42833518981934,60,0.4136258443196615,1588.3232421875,36.43273446843914,2,4,47,0.67,0.46900000000000003,0.05,0.7,0.1,0.15,0.0
183,frozen_mlp_ppo_seed1,0,NOOP,0.059425,0.34998,0.259107,0,233,692.0617342176787,133.42833518981934,60,0.4136258443196615,1588.3232421875,36.43273446843914,2,4,47,0.67,0.46900000000000003,0.05,0.7,0.1,0.15,0.0,254,686.2510047184244,159.64460372924805,75,0.3439990234375,1651.1953125,33.747038460686575,2,5,48,0.67,0.46900000000000003,0.05,0.7,0.1,0.15,0.0
184,frozen_mlp_ppo_seed1,3,COMPACT_128KB,0.547875,-0.081951,0.194175,0,254,686.2510047184244,159.64460372924805,75,0.3439990234375,1651.1953125,33.747038460686575,2,5,48,0.67,0.46900000000000003,0.05,0.7,0.1,0.15,0.0,233,644.7462454181039,206.22658729553223,17,1.3892328598920036,1511.4853515625,20.991624159554945,2,0,49,0.0,0.43550000000000005,0.1,0.65,0.1,0.15,0.0
185,frozen_mlp_ppo_seed1,0,NOOP,0.164718,0.358266,0.364209,0,233,644.7462454181039,206.22658729553223,17,1.3892328598920036,1511.4853515625,20.991624159554945,2,0,49,0.0,0.43550000000000005,0.1,0.65,0.1,0.15,0.0,208,492.3469890832257,111.73081398010254,29,0.8417168978987069,1562.2265625,45.316923803595,2,1,50,0.67,0.46900000000000003,0.1,0.7,0.1,0.1,0.0
186,frozen_mlp_ppo_seed1,0,NOOP,0.10297,0.358145,0.302797,0,208,492.3469890832257,111.73081398010254,29,0.8417168978987069,1562.2265625,45.316923803595,2,1,50,0.67,0.46900000000000003,0.1,0.7,0.1,0.1,0.0,300,723.9697038740101,117.44427680969238,47,0.5442271131150266,1637.03515625,42.97675209041331,2,2,51,0.67,0.5025000000000001,0.1,0.75,0.1,0.05,0.0
187,frozen_mlp_ppo_seed1,0,NOOP,0.082105,-0.027144,0.075493,0,300,723.9697038740101,117.44427680969238,47,0.5442271131150266,1637.03515625,42.97675209041331,2,2,51,0.67,0.5025000000000001,0.1,0.75,0.1,0.05,0.0,227,699.3114965053045,404.37841415405273,59,0.4474014023603019,1689.3876953125,40.2242088437645,2,3,52,0.0,0.46900000000000003,0.15,0.7,0.1,0.05,0.0
188,frozen_mlp_ppo_seed1,0,NOOP,0.070967,0.34982,0.270688,0,227,699.3114965053045,404.37841415405273,59,0.4474014023603019,1689.3876953125,40.2242088437645,2,3,52,0.0,0.46900000000000003,0.15,0.7,0.1,0.05,0.0,176,555.7435590895471,148.95033836364746,68,0.397336623247932,1729.208984375,38.32725027530579,2,4,53,0.67,0.46900000000000003,0.15,0.7,0.1,0.05,0.0
189,frozen_mlp_ppo_seed1,1,COMPACT_32KB,-0.207863,0.304741,0.343779,0,176,555.7435590895471,148.95033836364746,68,0.397336623247932,1729.208984375,38.32725027530579,2,4,53,0.67,0.46900000000000003,0.15,0.7,0.1,0.05,0.0,213,621.793115352198,102.51736640930176,35,0.7416486467633928,1661.29296875,34.48332425396861,2,0,54,0.67,0.46900000000000003,0.15,0.7,0.1,0.05,0.0
190,frozen_mlp_ppo_seed1,0,NOOP,0.108168,-0.018781,0.095887,0,213,621.793115352198,102.51736640930176,35,0.7416486467633928,1661.29296875,34.48332425396861,2,0,54,0.67,0.46900000000000003,0.15,0.7,0.1,0.05,0.0,243,695.706693751843,672.7960109710693,47,0.5702154281291556,1715.2080078125,35.18228271608859,2,1,55,0.0,0.46900000000000003,0.1,0.7,0.15,0.05,0.0
191,frozen_mlp_ppo_seed1,0,NOOP,0.090851,0.349778,0.290479,0,243,695.706693751843,672.7960109710693,47,0.5702154281291556,1715.2080078125,35.18228271608859,2,1,55,0.0,0.46900000000000003,0.1,0.7,0.15,0.05,0.0,160,523.1293502282055,138.57340812683105,56,0.48925481523786274,1753.4892578125,34.32255650171574,2,2,56,0.67,0.46900000000000003,0.1,0.7,0.15,0.05,0.0
192,frozen_mlp_ppo_seed1,0,NOOP,0.074405,-0.027043,0.062245,0,160,523.1293502282055,138.57340812683105,56,0.48925481523786274,1753.4892578125,34.32255650171574,2,2,56,0.67,0.46900000000000003,0.1,0.7,0.15,0.05,0.0,206,601.2255326492284,692.9903030395508,68,0.41452542473288145,1804.0146484375,32.793774975849864,2,3,57,0.0,0.43550000000000005,0.1,0.65,0.2,0.05,0.0
193,frozen_mlp_ppo_seed1,0,NOOP,0.065203,-0.027033,0.057594,0,206,601.2255326492284,692.9903030395508,68,0.41452542473288145,1804.0146484375,32.793774975849864,2,3,57,0.0,0.43550000000000005,0.1,0.65,0.2,0.05,0.0,175,559.5692402927739,476.7177104949951,77,0.374141940822849,1843.771484375,31.61113637298078,2,4,58,0.0,0.402,0.1,0.6,0.2,0.1,0.0
194,frozen_mlp_ppo_seed1,3,COMPACT_128KB,0.547625,-0.081982,0.195354,0,175,559.5692402927739,476.7177104949951,77,0.374141940822849,1843.771484375,31.61113637298078,2,4,58,0.0,0.402,0.1,0.6,0.2,0.1,0.0,216,612.7929644142051,137.29214668273926,19,1.3990920217413652,1701.2958984375,17.204684121952184,2,0,59,0.0,0.36850000000000005,0.1,0.55,0.2,0.1,0.05
195,frozen_mlp_ppo_seed1,0,NOOP,0.190794,-0.026941,0.183397,0,216,612.7929644142051,137.29214668273926,19,1.3990920217413652,1701.2958984375,17.204684121952184,2,0,59,0.0,0.36850000000000005,0.1,0.55,0.2,0.1,0.05,174,544.4539159471279,404.8118591308594,28,0.9714676993233817,1740.8701171875,42.86342301544427,2,1,60,0.0,0.3350000000000001,0.1,0.5,0.25,0.1,0.05
196,frozen_mlp_ppo_seed1,0,NOOP,0.125846,0.358243,0.325248,0,174,544.4539159471279,404.8118591308594,28,0.9714676993233817,1740.8701171875,42.86342301544427,2,1,60,0.0,0.3350000000000001,0.1,0.5,0.25,0.1,0.05,277,735.5167181564954,133.61763954162598,43,0.6561027349427689,1805.5947265625,44.27019566397182,2,2,61,0.67,0.36850000000000005,0.1,0.55,0.25,0.05,0.05
197,frozen_mlp_ppo_seed1,0,NOOP,0.093451,0.358262,0.291419,0,277,735.5167181564954,133.61763954162598,43,0.6561027349427689,1805.5947265625,44.27019566397182,2,2,61,0.67,0.36850000000000005,0.1,0.55,0.25,0.05,0.05,261,705.9455821706902,224.1230010986328,58,0.5035050490806843,1869.0107421875,41.502381636409915,2,3,62,0.67,0.402,0.1,0.6,0.2,0.05,0.05
198,frozen_mlp_ppo_seed1,0,NOOP,0.080716,0.34989,0.280256,0,261,705.9455821706902,224.1230010986328,58,0.5035050490806843,1869.0107421875,41.502381636409915,2,3,62,0.67,0.402,0.1,0.6,0.2,0.05,0.05,190,632.8214600229173,156.7707061767578,67,0.4454555226795709,1910.11328125,39.72339841698965,2,4,63,0.67,0.402,0.1,0.6,0.2,0.05,0.05
199,frozen_mlp_ppo_seed1,1,COMPACT_32KB,-0.171241,-0.071984,0.176948,0,190,632.8214600229173,156.7707061767578,67,0.4454555226795709,1910.11328125,39.72339841698965,2,4,63,0.67,0.402,0.1,0.6,0.2,0.05,0.05,180,586.7385801694371,220.21222114562988,31,0.9222599152595766,1829.763671875,33.08584953691873,2,0,64,0.0,0.3685,0.1,0.55,0.2,0.1,0.05
200,frozen_mlp_ppo_seed1,0,NOOP,0.131224,-0.018671,0.12515,0,180,586.7385801694371,220.21222114562988,31,0.9222599152595766,1829.763671875,33.08584953691873,2,0,64,0.0,0.3685,0.1,0.55,0.2,0.1,0.05,200,599.3284121663137,357.4414253234863,43,0.6829933343931686,1879.59765625,37.447108508790286,2,1,65,0.0,0.36850000000000005,0.15,0.55,0.15,0.1,0.05
201,frozen_mlp_ppo_seed1,0,NOOP,0.10879,-0.027054,0.105363,0,200,599.3284121663137,357.4414253234863,43,0.6829933343931686,1879.59765625,37.447108508790286,2,1,65,0.0,0.36850000000000005,0.15,0.55,0.15,0.1,0.05,166,465.66753992007625,236.3436222076416,52,0.5764506413386419,1918.427734375,37.16749229633505,2,2,66,0.0,0.335,0.15,0.5,0.15,0.1,0.1
202,frozen_mlp_ppo_seed1,0,NOOP,0.088132,0.349851,0.285602,0,166,465.66753992007625,236.3436222076416,52,0.5764506413386419,1918.427734375,37.16749229633505,2,2,66,0.0,0.335,0.15,0.5,0.15,0.1,0.1,206,602.7042898806696,256.486177444458,64,0.48065996170043945,1968.783203125,35.83012950805587,2,3,67,0.67,0.3350000000000001,0.15,0.5,0.15,0.1,0.1
203,frozen_mlp_ppo_seed1,0,NOOP,0.076891,0.349783,0.275054,0,206,602.7042898806696,256.486177444458,64,0.48065996170043945,1968.783203125,35.83012950805587,2,3,67,0.67,0.3350000000000001,0.15,0.5,0.15,0.1,0.1,185,558.0235392937636,233.14428329467773,73,0.4300821382705479,2009.34375,34.62661424849896,2,4,68,0.67,0.335,0.15,0.5,0.15,0.1,0.1
204,frozen_mlp_ppo_seed1,3,COMPACT_128KB,0.5475,-0.073745,0.195782,0,185,558.0235392937636,233.14428329467773,73,0.4300821382705479,2009.34375,34.62661424849896,2,4,68,0.67,0.335,0.15,0.5,0.15,0.1,0.1,189,572.4366623026914,110.88681221008301,20,1.4672569274902343,1878.0888671875,10.386109853402418,2,0,69,0.0,0.335,0.1,0.5,0.15,0.1,0.15
205,frozen_mlp_ppo_seed1,0,NOOP,0.184704,0.34975,0.384711,0,189,572.4366623026914,110.88681221008301,20,1.4672569274902343,1878.0888671875,10.386109853402418,2,0,69,0.0,0.335,0.1,0.5,0.15,0.1,0.15,248,684.9002049721381,89.65110778808594,32,0.9435205459594727,1932.330078125,44.713495567457066,2,1,70,0.67,0.335,0.1,0.5,0.15,0.1,0.15
206,frozen_mlp_ppo_seed1,0,NOOP,0.126967,-0.027077,0.123803,0,248,684.9002049721381,89.65110778808594,32,0.9435205459594727,1932.330078125,44.713495567457066,2,1,70,0.67,0.335,0.1,0.5,0.15,0.1,0.15,285,700.5340783026514,216.9654369354248,47,0.6642115166846742,1997.9482421875,45.210388924610484,2,2,71,0.0,0.3015,0.1,0.45,0.15,0.1,0.2
207,frozen_mlp_ppo_seed1,0,NOOP,0.10663,-0.018705,0.103081,0,285,700.5340783026514,216.9654369354248,47,0.6642115166846742,1997.9482421875,45.210388924610484,2,2,71,0.0,0.3015,0.1,0.45,0.15,0.1,0.2,160,520.9154792371576,247.42937088012695,56,0.5681498391287667,2036.2490234375,43.71002716650839,2,3,72,0.0,0.3015,0.05,0.45,0.15,0.1,0.25
208,frozen_mlp_ppo_seed1,0,NOOP,0.091604,-0.027048,0.078495,0,160,520.9154792371576,247.42937088012695,56,0.5681498391287667,2036.2490234375,43.71002716650839,2,3,72,0.0,0.3015,0.05,0.45,0.15,0.1,0.25,158,530.3250627595307,736.7053031921387,65,0.4986466627854567,2074.3701171875,42.03540485186376,2,4,73,0.0,0.268,0.05,0.4,0.2,0.1,0.25
209,frozen_mlp_ppo_seed1,1,COMPACT_32KB,-0.185935,-0.072004,0.163225,0,158,530.3250627595307,736.7053031921387,65,0.4986466627854567,2074.3701171875,42.03540485186376,2,4,73,0.0,0.268,0.05,0.4,0.2,0.1,0.25,201,579.3384867953131,179.1527271270752,37,0.8525423616976351,2018.8203125,36.489628518817455,2,0,74,0.0,0.23450000000000001,0.05,0.35,0.2,0.1,0.3
210,frozen_mlp_ppo_seed1,4,PARTITION_HOUR,-0.047672,-0.118603,0.132756,0,201,579.3384867953131,179.1527271270752,37,0.8525423616976351,2018.8203125,36.489628518817455,2,0,74,0.0,0.23450000000000001,0.05,0.35,0.2,0.1,0.3,182,598.7182140179264,127.00867652893066,46,0.6994824616805367,2059.2763671875,38.32141900137835,1,1,0,0.0,0.23450000000000001,0.05,0.4,0.15,0.1,0.3
211,frozen_mlp_ppo_seed1,0,NOOP,0.110808,-0.054513,0.103948,0,182,598.7182140179264,127.00867652893066,46,0.6994824616805367,2059.2763671875,38.32141900137835,1,1,0,0.0,0.23450000000000001,0.05,0.4,0.15,0.1,0.3,279,861.8788343016062,412.9946231842041,56,0.5890415736607143,2111.125,37.890262414363676,1,2,1,0.0,0.201,0.05,0.35,0.15,0.15,0.3
212,frozen_mlp_ppo_seed1,0,NOOP,0.094156,-0.044966,0.089859,0,279,861.8788343016062,412.9946231842041,56,0.5890415736607143,2111.125,37.890262414363676,1,2,1,0.0,0.201,0.05,0.35,0.15,0.15,0.3,274,792.0325954514128,297.3015308380127,66,0.5120276248816288,2162.8046875,36.78278913636372,1,3,2,0.0,0.201,0.05,0.35,0.1,0.15,0.35
213,frozen_mlp_ppo_seed1,0,NOOP,0.086257,-0.02795,0.087802,0,274,792.0325954514128,297.3015308380127,66,0.5120276248816288,2162.8046875,36.78278913636372,1,3,2,0.0,0.201,0.05,0.35,0.1,0.15,0.35,176,606.4459158826603,446.8872547149658,72,0.476284662882487,2194.7197265625,36.01480971799889,1,4,3,0.02894230354291633,0.2024471151771458,0.1,0.35,0.1,0.1,0.35
214,frozen_mlp_ppo_seed1,0,NOOP,0.077374,-0.043296,0.070017,0,176,606.4459158826603,446.8872547149658,72,0.476284662882487,2194.7197265625,36.01480971799889,1,4,3,0.02894230354291633,0.2024471151771458,0.1,0.35,0.1,0.1,0.35,228,666.1047739649026,467.8466320037842,80,0.43686904907226565,2236.76953125,34.982272238251035,1,5,4,0.0,0.2024471151771458,0.1,0.35,0.1,0.15,0.3
215,frozen_mlp_ppo_seed1,1,COMPACT_32KB,-0.155818,-0.111862,0.193683,0,228,666.1047739649026,467.8466320037842,80,0.43686904907226565,2236.76953125,34.982272238251035,1,5,4,0.0,0.2024471151771458,0.1,0.35,0.1,0.15,0.3,279,550.9809536185865,155.84492683410645,32,1.0372867584228516,2124.36328125,31.977702355229667,1,0,5,0.0,0.2024471151771458,0.1,0.4,0.05,0.15,0.3
216,frozen_mlp_ppo_seed1,0,NOOP,0.17262,-0.075099,0.169232,0,279,550.9809536185865,155.84492683410645,32,1.0372867584228516,2124.36328125,31.977702355229667,1,0,5,0.0,0.2024471151771458,0.1,0.4,0.05,0.15,0.3,183,550.6926598000866,216.89939498901367,38,0.8868500558953536,2156.8193359375,36.94026317461456,1,1,6,0.0,0.16894711517714583,0.1,0.35,0.05,0.15,0.35
217,frozen_mlp_ppo_seed1,0,NOOP,0.137837,-0.074862,0.134333,0,183,550.6926598000866,216.89939498901367,38,0.8868500558953536,2156.8193359375,36.94026317461456,1,1,6,0.0,0.16894711517714583,0.1,0.35,0.05,0.15,0.35,284,548.3896275848861,235.21661758422852,48,0.7191845575968424,2209.3349609375,39.00270517220415,1,2,7,0.0,0.13544711517714583,0.1,0.3,0.05,0.15,0.4
218,frozen_mlp_ppo_seed1,0,NOOP,0.114597,-0.07469,0.109896,0,284,548.3896275848861,235.21661758422852,48,0.7191845575968424,2209.3349609375,39.00270517220415,1,2,7,0.0,0.13544711517714583,0.1,0.3,0.05,0.15,0.4,282,637.1801708134595,307.5540065765381,58,0.6092329354121767,2261.47265625,38.682259689314726,1,3,8,0.0,0.10194711517714583,0.1,0.3,0.05,0.15,0.4
219,frozen_mlp_ppo_seed1,0,NOOP,0.100713,-0.066143,0.096151,0,282,637.1801708134595,307.5540065765381,58,0.6092329354121767,2261.47265625,38.682259689314726,1,3,8,0.0,0.10194711517714583,0.1,0.3,0.05,0.15,0.4,204,526.3116554152763,310.6038570404053,66,0.5448157570578835,2301.3017578125,37.911941597207424,1,4,9,0.0,0.10194711517714583,0.1,0.3,0.05,0.1,0.45
220,frozen_mlp_ppo_seed1,1,COMPACT_32KB,-0.156499,0.310891,0.409212,0,204,526.3116554152763,310.6038570404053,66,0.5448157570578835,2301.3017578125,37.911941597207424,1,4,9,0.0,0.10194711517714583,0.1,0.3,0.05,0.1,0.45,246,564.5877454000654,599.0962982177734,35,0.9984719412667411,2236.5771484375,31.27952171451464,1,0,10,0.75,0.13944711517714584,0.05,0.3,0.1,0.1,0.45
221,frozen_mlp_ppo_seed1,0,NOOP,0.160213,-0.065817,0.157298,0,246,564.5877454000654,599.0962982177734,35,0.9984719412667411,2236.5771484375,31.27952171451464,1,0,10,0.75,0.13944711517714584,0.05,0.3,0.1,0.1,0.45,227,574.816455531896,199.50580596923828,43,0.82794189453125,2278.49609375,36.41026604083679,1,1,11,0.0,0.13944711517714584,0.05,0.3,0.1,0.1,0.45
222,frozen_mlp_ppo_seed1,0,NOOP,0.130706,-0.074016,0.1273,0,227,574.816455531896,199.50580596923828,43,0.82794189453125,2278.49609375,36.41026604083679,1,1,11,0.0,0.13944711517714584,0.05,0.3,0.1,0.1,0.45,265,610.2142218728109,236.53817176818848,53,0.6866532811578715,2329.1279296875,37.8049576531809,1,2,12,0.0,0.10594711517714583,0.05,0.25,0.1,0.1,0.5
223,frozen_mlp_ppo_seed1,0,NOOP,0.110286,0.34805,0.322098,0,265,610.2142218728109,236.53817176818848,53,0.6866532811578715,2329.1279296875,37.8049576531809,1,2,12,0.0,0.10594711517714583,0.05,0.25,0.1,0.1,0.5,289,484.0396430860399,738.1248474121094,63,0.5908048115079365,2382.125,37.435662437064494,1,3,13,0.75,0.10994711517714581,0.05,0.2,0.15,0.1,0.5
224,frozen_mlp_ppo_seed1,0,NOOP,0.10079,-0.065346,0.094095,0,289,484.0396430860399,738.1248474121094,63,0.5908048115079365,2382.125,37.435662437064494,1,3,13,0.75,0.10994711517714581,0.05,0.2,0.15,0.1,0.5,196,518.0182611227125,421.01502418518066,69,0.5470762391021287,2415.888671875,36.89580243619753,1,4,14,0.0,0.10994711517714581,0.05,0.2,0.15,0.15,0.45
225,frozen_mlp_ppo_seed1,2,COMPACT_64KB,0.285091,0.331614,0.410466,0,196,518.0182611227125,421.01502418518066,69,0.5470762391021287,2415.888671875,36.89580243619753,1,4,14,0.0,0.10994711517714581,0.05,0.2,0.15,0.15,0.45,279,624.0788181543287,566.6759014129639,32,1.1404485702514648,2335.638671875,23.713262967730866,1,0,15,0.75,0.11394711517714581,0.05,0.15,0.2,0.15,0.45
226,frozen_mlp_ppo_seed1,0,NOOP,0.190009,-0.031793,0.185758,0,279,624.0788181543287,566.6759014129639,32,1.1404485702514648,2335.638671875,23.713262967730866,1,0,15,0.75,0.11394711517714581,0.05,0.15,0.2,0.15,0.45,184,454.3897656432153,260.09249687194824,38,0.9737974468030428,2368.275390625,33.08163951395539,1,1,16,0.0,0.11394711517714581,0.05,0.15,0.2,0.2,0.4
227,frozen_mlp_ppo_seed1,0,NOOP,0.158057,0.485872,0.428322,0,184,454.3897656432153,260.09249687194824,38,0.9737974468030428,2368.275390625,33.08163951395539,1,1,16,0.0,0.11394711517714581,0.05,0.15,0.2,0.2,0.4,238,661.6656317691445,344.22922134399414,46,0.8190354056980299,2411.240234375,37.09855924076539,1,2,17,0.92,0.15994711517714583,0.1,0.15,0.2,0.2,0.35
228,frozen_mlp_ppo_seed1,0,NOOP,0.13042,-0.031416,0.124675,0,238,661.6656317691445,344.22922134399414,46,0.8190354056980299,2411.240234375,37.09855924076539,1,2,17,0.92,0.15994711517714583,0.1,0.15,0.2,0.2,0.35,272,610.6370125504739,357.2862148284912,56,0.6871021815708706,2462.57421875,38.21062799583788,1,3,18,0.0,0.15994711517714583,0.1,0.15,0.15,0.25,0.35
229,frozen_mlp_ppo_seed1,0,NOOP,0.114233,-0.031271,0.110101,0,272,610.6370125504739,357.2862148284912,56,0.6871021815708706,2462.57421875,38.21062799583788,1,3,18,0.0,0.15994711517714583,0.1,0.15,0.15,0.25,0.35,214,497.3828421463276,286.5796089172363,64,0.6111629009246826,2503.3232421875,37.98258799620073,1,4,19,0.0,0.15994711517714583,0.1,0.15,0.15,0.25,0.35
230,frozen_mlp_ppo_seed1,0,NOOP,0.104523,0.48639,0.373725,0,214,497.3828421463276,286.5796089172363,64,0.6111629009246826,2503.3232421875,37.98258799620073,1,4,19,0.0,0.15994711517714583,0.1,0.15,0.15,0.25,0.35,199,619.5790197238468,427.3984432220459,70,0.5663672310965402,2537.3251953125,37.49947253040948,1,5,20,0.92,0.20594711517714584,0.15,0.1,0.15,0.25,0.35
231,frozen_mlp_ppo_seed1,0,NOOP,0.091137,-0.030888,0.08661,0,199,619.5790197238468,427.3984432220459,70,0.5663672310965402,2537.3251953125,37.49947253040948,1,5,20,0.92,0.20594711517714584,0.15,0.1,0.15,0.25,0.35,275,601.1383458701476,326.3258934020996,80,0.5056825637817383,2589.0947265625,36.53999586929768,1,6,21,0.0,0.20594711517714584,0.15,0.1,0.15,0.2,0.4
232,frozen_mlp_ppo_seed1,3,COMPACT_128KB,0.546625,-0.085719,0.194398,0,275,601.1383458701476,326.3258934020996,80,0.5056825637817383,2589.0947265625,36.53999586929768,1,6,21,0.0,0.20594711517714584,0.15,0.1,0.15,0.2,0.4,204,500.304646030894,145.0812816619873,27,1.42143475567853,2456.2392578125,10.777870475968033,1,0,22,0.0,0.20594711517714584,0.15,0.1,0.15,0.2,0.4
233,frozen_mlp_ppo_seed1,4,PARTITION_HOUR,-0.25917,0.236669,0.466184,0,204,500.304646030894,145.0812816619873,27,1.42143475567853,2456.2392578125,10.777870475968033,1,0,22,0.0,0.20594711517714584,0.15,0.1,0.15,0.2,0.4,270,605.08377151058,305.80735206604004,37,1.0588329418285474,2507.31640625,39.72949482199591,1,1,23,0.92,0.2505,0.15,0.1,0.15,0.2,0.4
234,frozen_mlp_ppo_seed1,0,NOOP,0.164331,0.487276,0.433872,0,270,605.08377151058,305.80735206604004,37,1.0588329418285474,2507.31640625,39.72949482199591,1,1,23,0.92,0.2505,0.15,0.1,0.15,0.2,0.4,285,642.2923094282444,381.70695304870605,47,0.8510284423828125,2559.8935546875,43.6352105396259,1,2,24,0.92,0.2965,0.2,0.1,0.15,0.15,0.4
235,frozen_mlp_ppo_seed1,0,NOOP,0.13615,0.391918,0.349241,0,285,642.2923094282444,381.70695304870605,47,0.8510284423828125,2559.8935546875,43.6352105396259,1,2,24,0.92,0.2965,0.2,0.1,0.15,0.15,0.4,293,617.9793666789365,666.6696071624756,57,0.7163731089809484,2613.3291015625,43.8102612666904,1,3,25,0.75,0.33399999999999996,0.2,0.05,0.2,0.15,0.4
236,frozen_mlp_ppo_seed1,0,NOOP,0.115989,-0.029735,0.109435,0,293,617.9793666789365,666.6696071624756,57,0.7163731089809484,2613.3291015625,43.8102612666904,1,3,25,0.75,0.33399999999999996,0.2,0.05,0.2,0.15,0.4,289,547.5617423985761,411.42964363098145,67,0.6218200228107509,2666.3642578125,42.90049402287681,1,4,26,0.0,0.33399999999999996,0.2,0.05,0.2,0.2,0.35
237,frozen_mlp_ppo_seed1,1,COMPACT_32KB,-0.15747,0.442983,0.465431,0,289,547.5617423985761,411.42964363098145,67,0.6218200228107509,2666.3642578125,42.90049402287681,1,4,26,0.0,0.33399999999999996,0.2,0.05,0.2,0.2,0.35,240,611.8661184000583,297.0860004425049,41,0.9973646954792302,2617.0849609375,33.910207345016936,1,0,27,0.92,0.38,0.25,0.05,0.2,0.2,0.3
238,frozen_mlp_ppo_seed1,0,NOOP,0.157164,-0.029286,0.153486,0,240,611.8661184000583,297.0860004425049,41,0.9973646954792302,2617.0849609375,33.910207345016936,1,0,27,0.92,0.38,0.25,0.05,0.2,0.2,0.3,278,633.8196781372271,247.6673126220703,51,0.8176960664636949,2668.9599609375,38.37842054218782,1,1,28,0.0,0.38,0.25,0.0,0.2,0.2,0.35
239,frozen_mlp_ppo_seed1,0,NOOP,0.131695,0.392787,0.344371,0,278,633.8196781372271,247.6673126220703,51,0.8176960664636949,2668.9599609375,38.37842054218782,1,1,28,0.0,0.38,0.25,0.0,0.2,0.2,0.35,263,656.2063783551622,692.4662590026855,61,0.6965997414510758,2719.525390625,39.22889981064757,1,2,29,0.75,0.4175,0.25,0.0,0.25,0.2,0.3
240,frozen_mlp_ppo_seed1,0,NOOP,0.116484,-0.038234,0.109173,0,263,656.2063783551622,692.4662590026855,61,0.6965997414510758,2719.525390625,39.22889981064757,1,2,29,0.75,0.4175,0.25,0.0,0.25,0.2,0.3,236,549.697230399466,451.8101215362549,69,0.6255457781363225,2762.41015625,38.95976416521553,1,3,30,0.0,0.38,0.25,0.0,0.2,0.25,0.3
241,frozen_mlp_ppo_seed1,0,NOOP,0.107104,-0.028707,0.099881,0,236,549.697230399466,451.8101215362549,69,0.6255457781363225,2762.41015625,38.95976416521553,1,3,30,0.0,0.38,0.25,0.0,0.2,0.25,0.3,187,557.375065555993,454.87046241760254,75,0.5823933919270833,2795.48828125,38.518838354160955,1,4,31,0.0,0.38,0.25,0.05,0.2,0.25,0.25
242,frozen_mlp_ppo_seed1,0,NOOP,0.096511,0.393397,0.30621,0,187,557.375065555993,454.87046241760254,75,0.5823933919270833,2795.48828125,38.518838354160955,1,4,31,0.0,0.38,0.25,0.05,0.2,0.25,0.25,242,566.3105223838544,868.7996864318848,83,0.5344275049416416,2838.87890625,37.79396024046053,1,5,32,0.75,0.4175,0.25,0.05,0.25,0.25,0.2
243,frozen_mlp_ppo_seed1,3,COMPACT_128KB,0.5465,0.424873,0.467776,0,242,566.3105223838544,868.7996864318848,83,0.5344275049416416,2838.87890625,37.79396024046053,1,5,32,0.75,0.4175,0.25,0.05,0.25,0.25,0.2,278,638.0199293591711,271.21663093566895,28,1.5109209333147322,2707.5703125,15.258835604922405,1,0,33,0.92,0.426,0.3,0.05,0.2,0.25,0.2
244,frozen_mlp_ppo_seed1,0,NOOP,0.19525,-0.028041,0.189917,0,278,638.0199293591711,271.21663093566895,28,1.5109209333147322,2707.5703125,15.258835604922405,1,0,33,0.92,0.426,0.3,0.05,0.2,0.25,0.2,271,605.8519344885133,314.1641616821289,38,1.13439258776213,2758.8427734375,42.89357063745564,1,1,34,0.0,0.426,0.3,0.05,0.2,0.25,0.2
245,frozen_mlp_ppo_seed1,0,NOOP,0.192804,-0.037239,0.18817,0,271,605.8519344885133,314.1641616821289,38,1.13439258776213,2758.8427734375,42.89357063745564,1,1,34,0.0,0.426,0.3,0.05,0.2,0.25,0.2,191,421.6945242650987,286.7083549499512,44,0.9915223555131392,2792.126953125,46.09749566812532,1,2,35,0.0,0.38849999999999996,0.3,0.05,0.15,0.3,0.2
246,frozen_mlp_ppo_seed1,0,NOOP,0.170387,0.394191,0.384287,0,191,421.6945242650987,286.7083549499512,44,0.9915223555131392,2792.126953125,46.09749566812532,1,2,35,0.0,0.38849999999999996,0.3,0.05,0.15,0.3,0.2,198,602.3798551048416,617.4728870391846,50,0.8831832885742188,2826.1865234375,47.16500616206512,1,3,36,0.75,0.426,0.3,0.05,0.2,0.25,0.2
247,frozen_mlp_ppo_seed1,0,NOOP,0.147364,-0.038936,0.141301,0,198,602.3798551048416,617.4728870391846,50,0.8831832885742188,2826.1865234375,47.16500616206512,1,3,36,0.75,0.426,0.3,0.05,0.2,0.25,0.2,242,594.0672774211824,375.6406307220459,58,0.7730697105670797,2869.634765625,47.20362371137477,1,4,37,0.0,0.38,0.25,0.05,0.2,0.3,0.2
248,frozen_mlp_ppo_seed1,3,COMPACT_128KB,0.546375,-0.082281,0.193315,0,242,594.0672774211824,375.6406307220459,58,0.7730697105670797,2869.634765625,47.20362371137477,1,4,37,0.0,0.38,0.25,0.05,0.2,0.3,0.2,199,418.10234726779913,189.26692008972168,29,1.511676130623653,2805.6708984375,16.1053709263402,1,0,38,0.0,0.38,0.25,0.1,0.2,0.25,0.2
249,frozen_mlp_ppo_seed1,0,NOOP,0.195375,-0.027056,0.190549,0,199,418.10234726779913,189.26692008972168,29,1.511676130623653,2805.6708984375,16.1053709263402,1,0,38,0.0,0.38,0.25,0.1,0.2,0.25,0.2,230,658.4383783422222,287.56141662597656,37,1.2026775463207349,2847.9404296875,40.72869340148729,1,1,39,0.0,0.38,0.25,0.1,0.2,0.3,0.15
250,frozen_mlp_ppo_seed1,0,NOOP,0.194375,0.383529,0.407162,0,230,658.4383783422222,287.56141662597656,37,1.2026775463207349,2847.9404296875,40.72869340148729,1,1,39,0.0,0.38,0.25,0.1,0.2,0.3,0.15,241,517.9755756609288,666.8996810913086,45,1.0039238823784722,2891.30078125,46.0717411038611,1,2,40,0.75,0.3715,0.2,0.1,0.25,0.3,0.15
251,frozen_mlp_ppo_seed1,0,NOOP,0.186927,0.490695,0.457359,0,241,517.9755756609288,666.8996810913086,45,1.0039238823784722,2891.30078125,46.0717411038611,1,2,40,0.75,0.3715,0.2,0.1,0.25,0.3,0.15,34,142.66911040857977,337.1691703796387,47,0.9640110097032912,2899.7451171875,46.69400999110449,1,3,41,0.92,0.4175,0.25,0.1,0.25,0.3,0.1
252,frozen_mlp_ppo_seed1,0,NOOP,0.179552,-0.02675,0.174686,0,34,142.66911040857977,337.1691703796387,47,0.9640110097032912,2899.7451171875,46.69400999110449,1,3,41,0.92,0.4175,0.25,0.1,0.25,0.3,0.1,70,291.8229111792735,304.54349517822266,49,0.928384897660236,2911.4150390625,47.055275495816424,1,4,42,0.0,0.4175,0.25,0.15,0.25,0.3,0.05
253,frozen_mlp_ppo_seed1,1,COMPACT_32KB,0.551862,-0.083214,0.179066,0,70,291.8229111792735,304.54349517822266,49,0.928384897660236,2911.4150390625,47.055275495816424,1,4,42,0.0,0.4175,0.25,0.15,0.25,0.3,0.05,40,164.6671953642124,290.68589210510254,48,0.9483989079793295,2913.4814453125,34.13889678186412,1,0,43,0.0,0.3715,0.2,0.2,0.25,0.3,0.05
254,frozen_mlp_ppo_seed1,0,NOOP,0.176525,-0.038181,0.172147,0,40,164.6671953642124,290.68589210510254,48,0.9483989079793295,2913.4814453125,34.13889678186412,1,0,43,0.0,0.3715,0.2,0.2,0.25,0.3,0.05,62,134.46590869134465,281.4047336578369,50,0.9138772583007813,2924.4072265625,35.177416388439795,1,1,44,0.0,0.3255,0.15,0.25,0.25,0.3,0.05
255,frozen_mlp_ppo_seed1,0,NOOP,0.16994,-0.036006,0.165799,0,62,134.46590869134465,281.4047336578369,50,0.9138772583007813,2924.4072265625,35.177416388439795,1,1,44,0.0,0.3255,0.15,0.25,0.25,0.3,0.05,68,228.27733663728486,272.0837593078613,52,0.8822021484375,2935.96875,35.96774304983426,1,2,45,0.0,0.288,0.15,0.25,0.2,0.3,0.1
256,frozen_mlp_ppo_seed1,0,NOOP,0.163695,0.395283,0.375456,0,68,228.27733663728486,272.0837593078613,52,0.8822021484375,2935.96875,35.96774304983426,1,2,45,0.0,0.288,0.15,0.25,0.2,0.3,0.1,44,155.22777976842343,729.475736618042,54,0.85222738760489,2945.2978515625,36.63811484234613,1,3,46,0.75,0.3255,0.15,0.25,0.25,0.25,0.1
257,frozen_mlp_ppo_seed1,0,NOOP,0.157855,-0.038056,0.152383,0,44,155.22777976842343,729.475736618042,54,0.85222738760489,2945.2978515625,36.63811484234613,1,3,46,0.75,0.3255,0.15,0.25,0.25,0.25,0.1,39,132.9824506065097,343.5802459716797,56,0.8242732456752232,2954.1953125,37.16894907363715,1,4,47,0.0,0.27949999999999997,0.1,0.3,0.25,0.25,0.1
258,frozen_mlp_ppo_seed1,0,NOOP,0.152551,-0.026477,0.145903,0,39,132.9824506065097,343.5802459716797,56,0.8242732456752232,2954.1953125,37.16894907363715,1,4,47,0.0,0.27949999999999997,0.1,0.3,0.25,0.25,0.1,70,245.5139380397771,404.9053192138672,58,0.7990072842301994,2965.9150390625,37.517575500808256,1,5,48,0.0,0.27949999999999997,0.1,0.3,0.25,0.3,0.05
259,frozen_mlp_ppo_seed1,1,COMPACT_32KB,0.562807,0.341055,0.407149,0,70,245.5139380397771,404.9053192138672,58,0.7990072842301994,2965.9150390625,37.517575500808256,1,5,48,0.0,0.27949999999999997,0.1,0.3,0.25,0.3,0.05,41,146.2389397990353,677.5662899017334,43,1.0638640647710755,2927.75390625,28.514503427396672,1,0,49,0.75,0.27949999999999997,0.1,0.3,0.25,0.3,0.05
260,frozen_mlp_ppo_seed1,0,NOOP,0.194375,0.395464,0.408842,0,41,146.2389397990353,677.5662899017334,43,1.0638640647710755,2927.75390625,28.514503427396672,1,0,49,0.75,0.27949999999999997,0.1,0.3,0.25,0.3,0.05,41,122.82274863779436,582.9131603240967,45,1.0197218153211804,2936.798828125,30.848256988419674,1,1,50,0.75,0.317,0.1,0.3,0.3,0.25,0.05
261,frozen_mlp_ppo_seed1,0,NOOP,0.190137,0.491162,0.459769,0,41,122.82274863779436,582.9131603240967,45,1.0197218153211804,2936.798828125,30.848256988419674,1,1,50,0.75,0.317,0.1,0.3,0.3,0.25,0.05,65,198.60363231597114,377.1538734436035,47,0.9800596845910904,2948.01953125,32.53281537761096,1,2,51,0.92,0.363,0.15,0.25,0.3,0.25,0.05
262,frozen_mlp_ppo_seed1,0,NOOP,0.182627,-0.035614,0.178503,0,65,198.60363231597114,377.1538734436035,47,0.9800596845910904,2948.01953125,32.53281537761096,1,2,51,0.92,0.363,0.15,0.25,0.3,0.25,0.05,69,169.1754828896627,267.41671562194824,49,0.9437582833426339,2959.6259765625,33.820772466471226,1,3,52,0.0,0.3255,0.15,0.25,0.25,0.25,0.1
263,frozen_mlp_ppo_seed1,0,NOOP,0.175687,-0.037649,0.169419,0,69,169.1754828896627,267.41671562194824,49,0.9437582833426339,2959.6259765625,33.820772466471226,1,3,52,0.0,0.3255,0.15,0.25,0.25,0.25,0.1,70,223.3426088067806,377.15673446655273,51,0.9103082395067402,2971.24609375,34.82321692156085,1,4,53,0.0,0.27949999999999997,0.1,0.25,0.25,0.3,0.1
264,frozen_mlp_ppo_seed1,0,NOOP,0.169073,0.395779,0.382095,0,70,223.3426088067806,377.15673446655273,51,0.9103082395067402,2971.24609375,34.82321692156085,1,4,53,0.0,0.27949999999999997,0.1,0.25,0.25,0.3,0.1,36,116.91575511910708,665.1873588562012,53,0.8784919594818691,2979.8447265625,35.69032661799331,1,5,54,0.75,0.317,0.1,0.25,0.3,0.25,0.1
265,frozen_mlp_ppo_seed1,0,NOOP,0.162901,-0.026086,0.157283,0,36,116.91575511910708,665.1873588562012,53,0.8784919594818691,2979.8447265625,35.69032661799331,1,5,54,0.75,0.317,0.1,0.25,0.3,0.25,0.1,32,86.98283190876175,349.6510982513428,55,0.8488822243430397,2988.0654296875,36.380718997944165,1,6,55,0.0,0.317,0.1,0.3,0.3,0.2,0.1
266,frozen_mlp_ppo_seed1,0,NOOP,0.157176,0.386441,0.36949,0,32,86.98283190876175,349.6510982513428,55,0.8488822243430397,2988.0654296875,36.380718997944165,1,6,55,0.0,0.317,0.1,0.3,0.3,0.2,0.1,38,113.84726463363327,705.538272857666,57,0.8215032209429824,2996.84375,36.908411240718955,1,7,56,0.75,0.317,0.1,0.3,0.3,0.2,0.1
267,frozen_mlp_ppo_seed1,0,NOOP,0.151952,-0.025988,0.145653,0,38,113.84726463363327,705.538272857666,57,0.8215032209429824,2996.84375,36.908411240718955,1,7,56,0.75,0.317,0.1,0.3,0.3,0.2,0.1,65,218.73218181190924,388.7162208557129,59,0.7966357732223253,3008.0966796875,37.26531224499907,1,8,57,0.0,0.317,0.1,0.35,0.3,0.15,0.1
268,frozen_mlp_ppo_seed1,1,COMPACT_32KB,0.562432,0.350926,0.408251,0,65,218.73218181190924,388.7162208557129,59,0.7966357732223253,3008.0966796875,37.26531224499907,1,8,57,0.0,0.317,0.1,0.35,0.3,0.15,0.1,33,121.04074800877294,607.4557304382324,46,1.01055908203125,2975.0859375,30.50914245007677,1,0,58,0.75,0.3545,0.1,0.3,0.35,0.15,0.1
269,frozen_mlp_ppo_seed1,0,NOOP,0.188477,-0.025864,0.184044,0,33,121.04074800877294,607.4557304382324,46,1.01055908203125,2975.0859375,30.50914245007677,1,0,58,0.75,0.3545,0.1,0.3,0.35,0.15,0.1,74,280.5541835208193,281.62646293640137,48,0.9723844528198242,2987.1650390625,32.116023199044285,1,1,59,0.0,0.3545,0.1,0.35,0.35,0.1,0.1
270,frozen_mlp_ppo_seed1,0,NOOP,0.181114,-0.03519,0.176001,0,74,280.5541835208193,281.62646293640137,48,0.9723844528198242,2987.1650390625,32.116023199044285,1,1,59,0.0,0.3545,0.1,0.35,0.35,0.1,0.1,58,214.95016297783343,318.1614875793457,50,0.9368222045898438,2997.8310546875,33.40957222971238,1,2,60,0.0,0.317,0.1,0.4,0.3,0.1,0.1
271,frozen_mlp_ppo_seed1,0,NOOP,0.174234,-0.03728,0.170791,0,58,214.95016297783343,318.1614875793457,50,0.9368222045898438,2997.8310546875,33.40957222971238,1,2,60,0.0,0.317,0.1,0.4,0.3,0.1,0.1,47,189.6910860754329,237.1225357055664,52,0.9036680368276743,3007.4072265625,34.45565241099423,1,3,61,0.0,0.271,0.05,0.4,0.3,0.1,0.15
272,frozen_mlp_ppo_seed1,0,NOOP,0.167964,-0.025711,0.163984,0,47,189.6910860754329,237.1225357055664,52,0.9036680368276743,3007.4072265625,34.45565241099423,1,3,61,0.0,0.271,0.05,0.4,0.3,0.1,0.15,69,271.850848221834,266.4797306060791,54,0.8735693472403067,3019.0556640625,35.223578353933014,1,4,62,0.0,0.271,0.05,0.35,0.3,0.1,0.2
273,frozen_mlp_ppo_seed1,1,COMPACT_32KB,0.562432,-0.070647,0.189282,0,69,271.850848221834,266.4797306060791,54,0.8735693472403067,3019.0556640625,35.223578353933014,1,4,62,0.0,0.271,0.05,0.35,0.3,0.1,0.2,49,199.82430472101336,305.8934211730957,46,1.0192526112432065,3000.6796875,29.636605896867103,1,0,63,0.0,0.271,0.05,0.35,0.3,0.1,0.2
274,frozen_mlp_ppo_seed1,0,NOOP,0.190114,-0.025581,0.183948,0,49,199.82430472101336,305.8934211730957,46,1.0192526112432065,3000.6796875,29.636605896867103,1,0,63,0.0,0.271,0.05,0.35,0.3,0.1,0.2,69,230.17308375982725,368.2680130004883,48,0.9805685679117838,3012.306640625,31.383696830834918,1,1,64,0.0,0.271,0.05,0.35,0.3,0.1,0.2
275,frozen_mlp_ppo_seed1,0,NOOP,0.182631,0.491964,0.452006,0,69,230.17308375982725,368.2680130004883,48,0.9805685679117838,3012.306640625,31.383696830834918,1,1,64,0.0,0.271,0.05,0.35,0.3,0.1,0.2,49,185.65506177032785,393.71776580810547,50,0.9444027709960937,3022.0888671875,32.80151833744139,1,2,65,0.92,0.317,0.1,0.35,0.3,0.1,0.15
276,frozen_mlp_ppo_seed1,0,NOOP,0.175875,0.387058,0.388336,0,49,185.65506177032785,393.71776580810547,50,0.9444027709960937,3022.0888671875,32.80151833744139,1,2,65,0.92,0.317,0.1,0.35,0.3,0.1,0.15,80,329.14766429214643,691.9126510620117,52,0.9118731572077825,3034.7138671875,33.82697959286544,1,3,66,0.75,0.317,0.1,0.35,0.3,0.1,0.15
277,frozen_mlp_ppo_seed1,0,NOOP,0.169544,-0.025354,0.163425,0,80,329.14766429214643,691.9126510620117,52,0.9118731572077825,3034.7138671875,33.82697959286544,1,3,66,0.75,0.317,0.1,0.35,0.3,0.1,0.15,70,229.82361740483614,373.441219329834,54,0.8814688788519965,3046.3564453125,34.661702691809964,1,4,67,0.0,0.317,0.1,0.3,0.3,0.15,0.15
278,frozen_mlp_ppo_seed1,0,NOOP,0.163477,-0.025312,0.157564,0,70,229.82361740483614,373.441219329834,54,0.8814688788519965,3046.3564453125,34.661702691809964,1,4,67,0.0,0.317,0.1,0.3,0.3,0.15,0.15,36,155.2837252064777,365.64064025878906,56,0.8523848397391183,3054.947265625,35.397763866435795,1,5,68,0.0,0.317,0.1,0.3,0.3,0.15,0.15
279,frozen_mlp_ppo_seed1,1,COMPACT_32KB,0.17743,0.342257,0.405552,0,36,155.2837252064777,365.64064025878906,56,0.8523848397391183,3054.947265625,35.397763866435795,1,5,68,0.0,0.317,0.1,0.3,0.3,0.15,0.15,52,192.81820681314466,619.7865009307861,48,0.9887386957804362,3037.4052734375,30.559340484254292,1,0,69,0.75,0.317,0.1,0.3,0.3,0.15,0.15
280,frozen_mlp_ppo_seed1,0,NOOP,0.1841,0.387299,0.395458,0,52,192.81820681314466,619.7865009307861,48,0.9887386957804362,3037.4052734375,30.559340484254292,1,0,69,0.75,0.317,0.1,0.3,0.3,0.15,0.15,32,122.23280178498247,744.6310520172119,50,0.9517507934570313,3045.6025390625,32.14037665857214,1,1,70,0.75,0.317,0.1,0.3,0.3,0.15,0.15
281,frozen_mlp_ppo_seed1,0,NOOP,0.177137,-0.036634,0.172373,0,32,122.23280178498247,744.6310520172119,50,0.9517507934570313,3045.6025390625,32.14037665857214,1,1,70,0.75,0.317,0.1,0.3,0.3,0.15,0.15,53,206.43310832583464,303.21526527404785,52,0.9181873614971454,3055.7275390625,33.31871725411959,1,2,71,0.0,0.271,0.05,0.35,0.3,0.15,0.15
282,frozen_mlp_ppo_seed1,0,NOOP,0.170567,-0.025096,0.166468,0,53,206.43310832583464,303.21526527404785,52,0.9181873614971454,3055.7275390625,33.31871725411959,1,2,71,0.0,0.271,0.05,0.35,0.3,0.15,0.15,33,135.25927359184763,272.40967750549316,54,0.8865833988896122,3064.0322265625,34.30199877875346,1,3,72,0.0,0.271,0.05,0.35,0.3,0.15,0.15
283,frozen_mlp_ppo_seed1,0,NOOP,0.164636,-0.025013,0.158476,0,33,135.25927359184763,272.40967750549316,54,0.8865833988896122,3064.0322265625,34.30199877875346,1,3,72,0.0,0.271,0.05,0.35,0.3,0.15,0.15,71,284.3183266787728,378.01337242126465,56,0.8581807272774833,3075.7197265625,34.995831132041495,1,4,73,0.0,0.271,0.05,0.4,0.3,0.1,0.15
284,frozen_mlp_ppo_seed1,2,COMPACT_64KB,0.216716,-0.08434,0.190931,0,71,284.3183266787728,378.01337242126465,56,0.8581807272774833,3075.7197265625,34.995831132041495,1,4,73,0.0,0.271,0.05,0.4,0.3,0.1,0.15,40,153.02889697840914,258.4567070007324,39,1.2143081273788061,3030.9130859375,17.798340942248476,1,0,74,0.0,0.23349999999999999,0.05,0.45,0.25,0.1,0.15
285,frozen_mlp_ppo_seed1,0,NOOP,0.194875,-0.024937,0.191272,0,40,153.02889697840914,258.4567070007324,39,1.2143081273788061,3030.9130859375,17.798340942248476,1,0,74,0.0,0.23349999999999999,0.05,0.45,0.25,0.1,0.15,30,120.43518918210123,231.38737678527832,41,1.158155115639291,3038.9990234375,23.645063499774576,1,1,75,0.0,0.23349999999999999,0.05,0.4,0.25,0.1,0.2
286,frozen_mlp_ppo_seed1,6,PARTITION_EVENT_TYPE,0.012807,-0.134237,0.184885,0,30,120.43518918210123,231.38737678527832,41,1.158155115639291,3038.9990234375,23.645063499774576,1,1,75,0.0,0.23349999999999999,0.05,0.4,0.25,0.1,0.2,49,179.43311535808763,540.7335758209229,43,1.1078189583711846,3048.7177734375,27.392588527646133,3,2,0,0.0,0.196,0.05,0.4,0.25,0.1,0.2
287,frozen_mlp_ppo_seed1,0,NOOP,0.19425,-0.072665,0.189445,0,49,179.43311535808763,540.7335758209229,43,1.1078189583711846,3048.7177734375,27.392588527646133,3,2,0,0.0,0.196,0.05,0.4,0.25,0.1,0.2,33,116.60433875333503,297.7473735809326,46,1.0392718107804009,3059.6162109375,31.34274018940148,3,3,1,0.0,0.196,0.05,0.4,0.25,0.1,0.2
288,frozen_mlp_ppo_seed1,0,NOOP,0.189687,-0.081943,0.183935,0,33,116.60433875333503,297.7473735809326,46,1.0392718107804009,3059.6162109375,31.34274018940148,3,3,1,0.0,0.196,0.05,0.4,0.25,0.1,0.2,31,112.19981084793969,348.83666038513184,49,0.9790605817522321,3070.333984375,33.962421048147135,3,4,2,0.0,0.1585,0.05,0.45,0.2,0.1,0.2
289,frozen_mlp_ppo_seed1,0,NOOP,0.178697,-0.072449,0.172016,0,31,112.19981084793969,348.83666038513184,49,0.9790605817522321,3070.333984375,33.962421048147135,3,4,2,0.0,0.1585,0.05,0.45,0.2,0.1,0.2,38,141.94756482258285,399.019718170166,52,0.9259828420785757,3081.6708984375,35.74696080268305,3,5,3,0.0,0.1585,0.1,0.4,0.2,0.1,0.2
290,frozen_mlp_ppo_seed1,2,COMPACT_64KB,0.216341,-0.120296,0.189089,0,38,141.94756482258285,399.019718170166,52,0.9259828420785757,3081.6708984375,35.74696080268305,3,5,3,0.0,0.1585,0.1,0.4,0.2,0.1,0.2,33,123.2583980294619,335.573673248291,42,1.1368597121465773,3055.87890625,26.422503794170243,3,0,4,0.0,0.1585,0.15,0.35,0.2,0.1,0.2
291,frozen_mlp_ppo_seed1,0,NOOP,0.194375,-0.070063,0.190126,0,33,123.2583980294619,335.573673248291,42,1.1368597121465773,3055.87890625,26.422503794170243,3,0,4,0.0,0.1585,0.15,0.35,0.2,0.1,0.2,80,277.77560516867567,268.7091827392578,45,1.066349622938368,3071.0869140625,30.699345881275857,3,1,5,0.0,0.1585,0.15,0.4,0.2,0.1,0.15
292,frozen_mlp_ppo_seed1,0,NOOP,0.194,-0.069865,0.188123,0,80,277.77560516867567,268.7091827392578,45,1.066349622938368,3071.0869140625,30.699345881275857,3,1,5,0.0,0.1585,0.15,0.4,0.2,0.1,0.15,68,246.65548637055485,353.8341522216797,48,1.0042956670125325,3085.1962890625,33.52679403766407,3,2,6,0.0,0.1585,0.2,0.4,0.2,0.1,0.1
293,frozen_mlp_ppo_seed1,0,NOOP,0.183336,-0.06977,0.177529,0,68,246.65548637055485,353.8341522216797,48,1.0042956670125325,3085.1962890625,33.52679403766407,3,2,6,0.0,0.1585,0.2,0.4,0.2,0.1,0.1,33,124.26005440393575,354.1219234466553,51,0.9485554414636949,3096.0849609375,35.55771622881382,3,3,7,0.0,0.1585,0.25,0.35,0.2,0.1,0.1
294,frozen_mlp_ppo_seed1,0,NOOP,0.173062,-0.06967,0.167347,0,33,124.26005440393575,354.1219234466553,51,0.9485554414636949,3096.0849609375,35.55771622881382,3,3,7,0.0,0.1585,0.25,0.35,0.2,0.1,0.1,35,133.39134195829993,353.2366752624512,54,0.8990602846498843,3107.15234375,36.968240531260605,3,4,8,0.0,0.1585,0.25,0.35,0.2,0.1,0.1
295,frozen_mlp_ppo_seed1,1,COMPACT_32KB,0.180307,-0.112913,0.181971,0,35,133.39134195829993,353.2366752624512,54,0.8990602846498843,3107.15234375,36.968240531260605,3,4,8,0.0,0.1585,0.25,0.35,0.2,0.1,0.1,78,286.5614210885903,686.4638328552246,43,1.1191743362781614,3079.9677734375,27.515147166513064,3,0,9,0.0,0.1125,0.2,0.35,0.25,0.1,0.1
296,frozen_mlp_ppo_seed1,0,NOOP,0.19425,-0.065786,0.189164,0,78,286.5614210885903,686.4638328552246,43,1.1191743362781614,3079.9677734375,27.515147166513064,3,0,9,0.0,0.1125,0.2,0.35,0.25,0.1,0.1,46,169.5120910634021,311.7847442626953,46,1.0503029201341711,3092.091796875,31.485248868754997,3,1,10,0.0,0.075,0.2,0.4,0.2,0.1,0.1
297,frozen_mlp_ppo_seed1,0,NOOP,0.191925,-0.056413,0.187092,0,46,169.5120910634021,311.7847442626953,46,1.0503029201341711,3092.091796875,31.485248868754997,3,1,10,0.0,0.075,0.2,0.4,0.2,0.1,0.1,60,223.91037116388654,302.89149284362793,49,0.9902493223852041,3105.421875,34.06869587178089,3,2,11,0.0,0.075,0.2,0.45,0.2,0.05,0.1
298,frozen_mlp_ppo_seed1,0,NOOP,0.180928,0.320456,0.377624,0,60,223.91037116388654,302.89149284362793,49,0.9902493223852041,3105.421875,34.06869587178089,3,2,11,0.0,0.075,0.2,0.45,0.2,0.05,0.1,60,214.95747543210035,280.1675796508789,52,0.9371390709510217,3118.798828125,35.84558129425636,3,3,12,0.67,0.1085,0.2,0.45,0.2,0.05,0.1
299,frozen_mlp_ppo_seed1,0,NOOP,0.171178,-0.065824,0.167061,0,60,214.95747543210035,280.1675796508789,52,0.9371390709510217,3118.798828125,35.84558129425636,3,3,12,0.67,0.1085,0.2,0.45,0.2,0.05,0.1,78,278.96148838256323,274.60670471191406,55,0.8902643377130682,3133.73046875,37.049136270019034,3,4,13,0.0,0.071,0.2,0.45,0.15,0.05,0.15
300,frozen_mlp_ppo_seed1,0,NOOP,0.162286,-0.065822,0.149896,0,78,278.96148838256323,274.60670471191406,55,0.8902643377130682,3133.73046875,37.049136270019034,3,4,13,0.0,0.071,0.2,0.45,0.15,0.05,0.15,54,194.91602065404476,692.0099258422852,58,0.8476786120184536,3146.5830078125,37.9344249134813,3,5,14,0.0,0.0335,0.2,0.45,0.15,0.05,0.15
301,frozen_mlp_ppo_seed1,1,COMPACT_32KB,0.562682,0.275408,0.394291,0,54,194.91602065404476,692.0099258422852,58,0.8476786120184536,3146.5830078125,37.9344249134813,3,5,14,0.0,0.0335,0.2,0.45,0.15,0.05,0.15,46,170.65836393050822,115.43631553649902,44,1.1052776683460583,3112.4619140625,27.705596050663747,3,0,15,0.67,0.067,0.2,0.4,0.15,0.1,0.15
302,frozen_mlp_ppo_seed1,0,NOOP,0.194125,-0.056466,0.189386,0,46,170.65836393050822,115.43631553649902,44,1.1052776683460583,3112.4619140625,27.705596050663747,3,0,15,0.67,0.067,0.2,0.4,0.15,0.1,0.15,38,140.3199625305276,295.70770263671875,47,1.038505716526762,3123.8251953125,31.48395289640977,3,1,16,0.0,0.067,0.2,0.4,0.15,0.1,0.15
303,frozen_mlp_ppo_seed1,0,NOOP,0.189904,0.320394,0.389639,0,38,140.3199625305276,295.70770263671875,47,1.038505716526762,3123.8251953125,31.48395289640977,3,1,16,0.0,0.067,0.2,0.4,0.15,0.1,0.15,74,221.37461190784072,125.71907043457031,50,0.9807684326171875,3138.458984375,33.89703702311782,3,2,17,0.67,0.1005,0.2,0.35,0.15,0.15,0.15
304,frozen_mlp_ppo_seed1,0,NOOP,0.179195,-0.056471,0.173726,0,74,221.37461190784072,125.71907043457031,50,0.9807684326171875,3138.458984375,33.89703702311782,3,2,17,0.67,0.1005,0.2,0.35,0.15,0.15,0.15,56,203.1953506116683,339.69688415527344,53,0.9290998926702535,3151.5068359375,35.6163986054697,3,3,18,0.0,0.1005,0.2,0.35,0.15,0.15,0.15
305,frozen_mlp_ppo_seed1,0,NOOP,0.169619,0.320374,0.367267,0,56,203.1953506116683,339.69688415527344,53,0.9290998926702535,3151.5068359375,35.6163986054697,3,3,18,0.0,0.1005,0.2,0.35,0.15,0.15,0.15,62,227.81491095355778,237.64348030090332,56,0.8830969674246651,3165.01953125,36.81615222910005,3,4,19,0.67,0.134,0.2,0.35,0.15,0.2,0.1
306,frozen_mlp_ppo_seed1,2,COMPACT_64KB,0.554091,-0.106526,0.191104,0,62,227.81491095355778,237.64348030090332,56,0.8830969674246651,3165.01953125,36.81615222910005,3,4,19,0.67,0.134,0.2,0.35,0.15,0.2,0.1,56,207.30143392869277,244.77863311767578,40,1.2209754943847657,3125.697265625,18.550210868683067,3,0,20,0.0,0.134,0.2,0.35,0.1,0.2,0.15
307,frozen_mlp_ppo_seed1,4,PARTITION_HOUR,0.012807,-0.156528,0.192984,0,56,207.30143392869277,244.77863311767578,40,1.2209754943847657,3125.697265625,18.550210868683067,3,0,20,0.0,0.134,0.2,0.35,0.1,0.2,0.15,36,133.56899821666147,135.82468032836914,43,1.1398475114689317,3136.8603515625,26.221740642986422,1,1,0,0.0,0.134,0.2,0.3,0.1,0.25,0.15
308,frozen_mlp_ppo_seed1,0,NOOP,0.194375,-0.05642,0.19263,0,36,133.56899821666147,135.82468032836914,43,1.1398475114689317,3136.8603515625,26.221740642986422,1,1,0,0.0,0.134,0.2,0.3,0.1,0.25,0.15,42,156.628003001668,143.51415634155273,45,1.0923265245225695,3145.900390625,29.322359281564662,1,2,1,0.0,0.134,0.2,0.25,0.1,0.3,0.15
309,frozen_mlp_ppo_seed1,0,NOOP,0.194125,-0.056276,0.190638,0,42,156.628003001668,143.51415634155273,45,1.0923265245225695,3145.900390625,29.322359281564662,1,2,1,0.0,0.134,0.2,0.25,0.1,0.3,0.15,56,215.46405018910815,233.0923080444336,47,1.049306017287234,3156.3125,31.571027161433694,1,3,2,0.0,0.134,0.15,0.25,0.1,0.35,0.15
310,frozen_mlp_ppo_seed1,0,NOOP,0.193875,-0.056084,0.19071,0,56,215.46405018910815,233.0923080444336,47,1.049306017287234,3156.3125,31.571027161433694,1,3,2,0.0,0.134,0.15,0.25,0.1,0.35,0.15,75,283.651394213949,219.5107936859131,49,1.0103488844268176,3168.4541015625,33.23217194574634,1,4,3,0.0,0.134,0.1,0.25,0.1,0.4,0.15
311,frozen_mlp_ppo_seed1,1,COMPACT_32KB,0.180432,-0.112814,0.189968,0,75,283.651394213949,219.5107936859131,49,1.0103488844268176,3168.4541015625,33.23217194574634,1,4,3,0.0,0.134,0.1,0.25,0.1,0.4,0.15,70,236.3785292585588,291.58902168273926,42,1.1740010579427083,3155.71484375,23.14849269315,1,0,4,0.0,0.134,0.1,0.2,0.1,0.45,0.15
312,frozen_mlp_ppo_seed1,0,NOOP,0.1945,-0.067734,0.189767,0,70,236.3785292585588,291.58902168273926,42,1.1740010579427083,3155.71484375,23.14849269315,1,0,4,0.0,0.134,0.1,0.2,0.1,0.45,0.15,67,263.32478567606796,291.63527488708496,44,1.1246930902654475,3167.1357421875,26.927085269178388,1,1,5,0.0,0.134,0.05,0.25,0.1,0.45,0.15
313,frozen_mlp_ppo_seed1,0,NOOP,0.19425,0.354237,0.409102,0,67,263.32478567606796,291.63527488708496,44,1.1246930902654475,3167.1357421875,26.927085269178388,1,1,5,0.0,0.134,0.05,0.25,0.1,0.45,0.15,75,281.1587674421099,564.887285232544,46,1.0798810875934104,3179.169921875,29.631585365484472,1,2,6,0.75,0.1715,0.0,0.25,0.15,0.45,0.15
314,frozen_mlp_ppo_seed1,0,NOOP,0.194,-0.067591,0.190664,0,75,281.1587674421099,564.887285232544,46,1.0798810875934104,3179.169921875,29.631585365484472,1,2,6,0.75,0.1715,0.0,0.25,0.15,0.45,0.15,41,151.74038157794888,226.80091857910156,48,1.0378297170003254,3188.212890625,31.793860665464948,1,3,7,0.0,0.1715,0.0,0.2,0.15,0.5,0.15
315,frozen_mlp_ppo_seed1,0,NOOP,0.193542,-0.067549,0.189949,0,41,151.74038157794888,226.80091857910156,48,1.0378297170003254,3188.212890625,31.793860665464948,1,3,7,0.0,0.1715,0.0,0.2,0.15,0.5,0.15,35,135.90147741295817,242.14792251586914,50,0.9989599609375,3196.671875,33.48406438017675,1,4,8,0.0,0.1715,0.0,0.2,0.1,0.55,0.15
316,frozen_mlp_ppo_seed1,1,COMPACT_32KB,0.562807,-0.112499,0.19141,0,35,135.90147741295817,242.14792251586914,50,0.9989599609375,3196.671875,33.48406438017675,1,4,8,0.0,0.1715,0.0,0.2,0.1,0.55,0.15,40,164.0968821309139,214.49017524719238,43,1.1558312704396803,3180.84765625,24.05671601647031,1,0,9,0.0,0.1715,0.0,0.15,0.1,0.6,0.15
317,frozen_mlp_ppo_seed1,0,NOOP,0.194375,-0.067447,0.191175,0,40,164.0968821309139,214.49017524719238,43,1.1558312704396803,3180.84765625,24.05671601647031,1,0,9,0.0,0.1715,0.0,0.15,0.1,0.6,0.15,53,217.6329324597919,216.25185012817383,45,1.107966783311632,3190.9443359375,27.546465605073188,1,1,10,0.0,0.17149999999999999,0.0,0.1,0.1,0.65,0.15
318,frozen_mlp_ppo_seed1,0,NOOP,0.194125,-0.075742,0.188861,0,53,217.6329324597919,216.25185012817383,45,1.107966783311632,3190.9443359375,27.546465605073188,1,1,10,0.0,0.17149999999999999,0.0,0.1,0.1,0.65,0.15,73,269.89326413178384,321.9630718231201,47,1.0647768061211769,3202.8486328125,30.026600411324175,1,2,11,0.0,0.13799999999999998,0.0,0.1,0.1,0.65,0.15
319,frozen_mlp_ppo_seed1,0,NOOP,0.193875,-0.06732,0.187998,0,73,269.89326413178384,321.9630718231201,47,1.0647768061211769,3202.8486328125,30.026600411324175,1,2,11,0.0,0.13799999999999998,0.0,0.1,0.1,0.65,0.15,43,159.1201674177645,355.090856552124,49,1.0242546237244898,3212.0625,32.02228428980674,1,3,12,0.0,0.13799999999999998,0.0,0.15,0.1,0.65,0.1
320,frozen_mlp_ppo_seed1,0,NOOP,0.190946,-0.067289,0.187419,0,43,159.1201674177645,355.090856552124,49,1.0242546237244898,3212.0625,32.02228428980674,1,3,12,0.0,0.13799999999999998,0.0,0.15,0.1,0.65,0.1,32,122.70145978995407,240.10539054870605,51,0.986607271082261,3220.2861328125,33.60807436547756,1,4,13,0.0,0.13799999999999998,0.0,0.15,0.05,0.7,0.1
321,frozen_mlp_ppo_seed1,0,NOOP,0.183863,-0.075601,0.180199,0,32,122.70145978995407,240.10539054870605,51,0.986607271082261,3220.2861328125,33.60807436547756,1,4,13,0.0,0.13799999999999998,0.0,0.15,0.05,0.7,0.1,56,218.11232996032058,249.4349479675293,53,0.9524389302955484,3230.6728515625,34.7911782987405,1,5,14,0.0,0.1045,0.0,0.15,0.05,0.65,0.15
322,frozen_mlp_ppo_seed1,3,COMPACT_128KB,-0.12925,-0.077374,0.19127,0,56,218.11232996032058,249.4349479675293,53,0.9524389302955484,3230.6728515625,34.7911782987405,1,5,14,0.0,0.1045,0.0,0.15,0.05,0.65,0.15,41,160.5508191088999,266.4816379547119,34,1.4612319048713236,3179.640625,17.32948566937333,1,0,15,0.0,0.1045,0.0,0.15,0.05,0.7,0.1
323,frozen_mlp_ppo_seed1,0,NOOP,0.1955,-0.030693,0.192722,0,41,160.5508191088999,266.4816379547119,34,1.4612319048713236,3179.640625,17.32948566937333,1,0,15,0.0,0.1045,0.0,0.15,0.05,0.7,0.1,47,193.73647506505964,183.91013145446777,36,1.3842086791992188,3189.216796875,26.609972791194505,1,1,16,0.0,0.071,0.0,0.15,0.05,0.7,0.1
324,frozen_mlp_ppo_seed1,0,NOOP,0.19525,-0.022256,0.19114,0,47,193.73647506505964,183.91013145446777,36,1.3842086791992188,3189.216796875,26.609972791194505,1,1,16,0.0,0.071,0.0,0.15,0.05,0.7,0.1,46,191.63886413999498,253.0062198638916,38,1.3152590299907483,3198.7099609375,32.09144684679942,1,2,17,0.0,0.071,0.0,0.15,0.05,0.7,0.1
325,frozen_mlp_ppo_seed1,0,NOOP,0.195,-0.030543,0.191511,0,46,191.63886413999498,253.0062198638916,38,1.3152590299907483,3198.7099609375,32.09144684679942,1,2,17,0.0,0.071,0.0,0.15,0.05,0.7,0.1,62,246.45906673288272,224.45988655090332,40,1.2537715911865235,3209.6552734375,35.762500634813634,1,3,18,0.0,0.0375,0.0,0.15,0.05,0.65,0.15
326,frozen_mlp_ppo_seed1,0,NOOP,0.19475,-0.022063,0.189666,0,62,246.45906673288272,224.45988655090332,40,1.2537715911865235,3209.6552734375,35.762500634813634,1,3,18,0.0,0.0375,0.0,0.15,0.05,0.65,0.15,72,286.48340095643124,306.71167373657227,42,1.1984725225539434,3221.494140625,38.3847148801973,1,4,19,0.0,0.0375,0.0,0.2,0.05,0.65,0.1
327,frozen_mlp_ppo_seed1,1,COMPACT_32KB,0.562432,-0.066981,0.190998,0,72,286.48340095643124,306.71167373657227,42,1.1984725225539434,3221.494140625,38.3847148801973,1,4,19,0.0,0.0375,0.0,0.2,0.05,0.65,0.1,47,199.2400484727937,220.09587287902832,46,1.1001082710597827,3238.71875,29.712011508081076,1,0,20,0.0,0.0375,0.0,0.2,0.05,0.65,0.1
328,frozen_mlp_ppo_seed1,7,REMOVE_PARTITION,0.130364,-0.056925,0.190191,0,47,199.2400484727937,220.09587287902832,46,1.1001082710597827,3238.71875,29.712011508081076,1,0,20,0.0,0.0375,0.0,0.2,0.05,0.65,0.1,35,133.88111263109894,250.45108795166016,48,1.057045618693034,3247.244140625,31.995502694848174,0,1,0,0.0,0.0375,0.0,0.2,0.05,0.65,0.1
329,frozen_mlp_ppo_seed1,0,NOOP,0.193875,-0.044302,0.188584,0,35,133.88111263109894,250.45108795166016,48,1.057045618693034,3247.244140625,31.995502694848174,0,1,0,0.0,0.0375,0.0,0.2,0.05,0.65,0.1,34,137.10341618459876,325.78372955322266,49,1.0373008883729273,3252.9755859375,32.87294005578511,0,2,1,0.0,0.0375,0.0,0.2,0.05,0.65,0.1
330,frozen_mlp_ppo_seed1,0,NOOP,0.19375,-0.044084,0.190458,0,34,137.10341618459876,325.78372955322266,49,1.0373008883729273,3252.9755859375,32.87294005578511,0,2,1,0.0,0.0375,0.0,0.2,0.05,0.65,0.1,79,323.6547994873879,227.08582878112793,50,1.0195562744140625,3262.580078125,33.5121195670252,0,3,2,0.0,0.0375,0.0,0.2,0.05,0.65,0.1
331,frozen_mlp_ppo_seed1,0,NOOP,0.193625,-0.043908,0.189679,0,79,323.6547994873879,227.08582878112793,50,1.0195562744140625,3262.580078125,33.5121195670252,0,3,2,0.0,0.0375,0.0,0.2,0.05,0.65,0.1,64,261.20021017806755,261.0445022583008,51,1.0021368288526349,3270.974609375,34.11726407182904,0,4,3,0.0,0.0375,0.0,0.2,0.05,0.65,0.1
332,frozen_mlp_ppo_seed1,0,NOOP,0.190568,-0.043738,0.185112,0,64,261.20021017806755,261.0445022583008,51,1.0021368288526349,3270.974609375,34.11726407182904,0,4,3,0.0,0.0375,0.0,0.2,0.05,0.65,0.1,62,258.4704368059207,337.8031253814697,52,0.9853383577786959,3279.2060546875,34.65931822945392,0,5,4,0.0,0.0375,0.0,0.15,0.05,0.7,0.1
333,frozen_mlp_ppo_seed1,1,COMPACT_32KB,0.180307,-0.115158,0.18981,0,62,258.4704368059207,337.8031253814697,52,0.9853383577786959,3279.2060546875,34.65931822945392,0,5,4,0.0,0.0375,0.0,0.15,0.05,0.7,0.1,61,257.8012637527067,294.50011253356934,43,1.1842317802961482,3259.005859375,23.033425322482785,0,0,5,0.0,0.0,0.0,0.15,0.0,0.75,0.1
334,frozen_mlp_ppo_seed1,0,NOOP,0.1945,-0.060794,0.189891,0,61,257.8012637527067,294.50011253356934,43,1.1842317802961482,3259.005859375,23.033425322482785,0,0,5,0.0,0.0,0.0,0.15,0.0,0.75,0.1,41,159.79444197169042,285.4621410369873,44,1.1595684398304333,3265.3447265625,25.056482062112323,0,1,6,0.0,0.0,0.0,0.15,0.0,0.75,0.1
335,frozen_mlp_ppo_seed1,0,NOOP,0.194375,-0.060802,0.191203,0,41,159.79444197169042,285.4621410369873,44,1.1595684398304333,3265.3447265625,25.056482062112323,0,1,6,0.0,0.0,0.0,0.15,0.0,0.75,0.1,30,92.44208829629281,214.8425579071045,45,1.1356821695963542,3270.7646484375,26.8090094390977,0,2,7,0.0,0.0,0.0,0.15,0.0,0.75,0.1
336,frozen_mlp_ppo_seed1,0,NOOP,0.19425,-0.060819,0.184364,0,30,92.44208829629281,214.8425579071045,45,1.1356821695963542,3270.7646484375,26.8090094390977,0,2,7,0.0,0.0,0.0,0.15,0.0,0.75,0.1,63,248.21793936046396,551.8126487731934,46,1.1138295712678328,3279.1142578125,28.155404423757396,0,3,8,0.0,0.0,0.0,0.15,0.05,0.7,0.1
337,frozen_mlp_ppo_seed1,0,NOOP,0.194125,-0.060827,0.189508,0,63,248.21793936046396,551.8126487731934,46,1.1138295712678328,3279.1142578125,28.155404423757396,0,3,8,0.0,0.0,0.0,0.15,0.05,0.7,0.1,30,114.50878182844038,289.58606719970703,47,1.091918296002327,3284.490234375,29.46047156989263,0,4,9,0.0,0.0,0.0,0.2,0.05,0.65,0.1
338,frozen_mlp_ppo_seed1,3,COMPACT_128KB,-0.12925,-0.055,0.193048,0,30,114.50878182844038,289.58606719970703,47,1.091918296002327,3284.490234375,29.46047156989263,0,4,9,0.0,0.0,0.0,0.2,0.05,0.65,0.1,40,156.9326639671266,177.60300636291504,34,1.4932174682617188,3249.2412109375,13.039398057168373,0,0,10,0.0,0.0,0.0,0.2,0.05,0.65,0.1
339,frozen_mlp_ppo_seed1,0,NOOP,0.195625,0.0,0.192655,0,40,156.9326639671266,177.60300636291504,34,1.4932174682617188,3249.2412109375,13.039398057168373,0,0,10,0.0,0.0,0.0,0.2,0.05,0.65,0.1,80,314.74177699152233,192.25049018859863,35,1.4549259730747768,3259.0341796875,19.370728073520397,0,1,11,0.0,0.0,0.0,0.15,0.05,0.65,0.15
340,frozen_mlp_ppo_seed1,0,NOOP,0.1955,0.0,0.192687,0,80,314.74177699152233,192.25049018859863,35,1.4549259730747768,3259.0341796875,19.370728073520397,0,1,11,0.0,0.0,0.0,0.15,0.05,0.65,0.15,57,230.35123565214627,185.62698364257812,36,1.4178983900282118,3266.837890625,23.804889080022328,0,2,12,0.0,0.0,0.0,0.15,0.05,0.6,0.2
341,frozen_mlp_ppo_seed1,0,NOOP,0.195375,0.0,0.192138,0,57,230.35123565214627,185.62698364257812,36,1.4178983900282118,3266.837890625,23.804889080022328,0,2,12,0.0,0.0,0.0,0.15,0.05,0.6,0.2,36,148.01437846093222,208.10914039611816,37,1.3820940997149493,3272.798828125,27.298598816438513,0,3,13,0.0,0.0,0.0,0.15,0.05,0.65,0.15
342,frozen_mlp_ppo_seed1,0,NOOP,0.19525,0.0,0.190507,0,36,148.01437846093222,208.10914039611816,37,1.3820940997149493,3272.798828125,27.298598816438513,0,3,13,0.0,0.0,0.0,0.15,0.05,0.65,0.15,31,126.14607217942114,284.64746475219727,38,1.3479879278885691,3278.306640625,30.1019461820672,0,4,14,0.0,0.0,0.0,0.15,0.05,0.65,0.15
343,frozen_mlp_ppo_seed1,2,COMPACT_64KB,0.216716,-0.05,0.19175,0,31,126.14607217942114,284.64746475219727,38,1.3479879278885691,3278.306640625,30.1019461820672,0,4,14,0.0,0.0,0.0,0.15,0.05,0.65,0.15,45,181.38402325637267,217.47875213623047,39,1.3164504613631811,3285.8603515625,19.56389403044535,0,0,15,0.0,0.0,0.0,0.15,0.05,0.65,0.15
344,frozen_mlp_ppo_seed1,0,NOOP,0.195,0.0,0.185082,0,45,181.38402325637267,217.47875213623047,39,1.3164504613631811,3285.8603515625,19.56389403044535,0,0,15,0.0,0.0,0.0,0.15,0.05,0.65,0.15,36,133.80928259871646,545.8757877349854,40,1.2858673095703126,3291.8203125,22.93853270647863,0,1,16,0.0,0.0,0.0,0.1,0.1,0.65,0.15
345,frozen_mlp_ppo_seed1,0,NOOP,0.194875,0.0,0.191346,0,36,133.80928259871646,545.8757877349854,40,1.2858673095703126,3291.8203125,22.93853270647863,0,1,16,0.0,0.0,0.0,0.1,0.1,0.65,0.15,56,230.63820360645565,227.7083396911621,41,1.257422470464939,3299.4765625,25.47352317880239,0,2,17,0.0,0.0,0.0,0.1,0.1,0.7,0.1
346,frozen_mlp_ppo_seed1,0,NOOP,0.19475,0.0,0.190148,0,56,230.63820360645565,227.7083396911621,41,1.257422470464939,3299.4765625,25.47352317880239,0,2,17,0.0,0.0,0.0,0.1,0.1,0.7,0.1,67,263.6560873367034,282.5915813446045,42,1.2306714739118303,3308.044921875,27.498770239529637,0,3,18,0.0,0.0,0.0,0.1,0.1,0.7,0.1
347,frozen_mlp_ppo_seed1,0,NOOP,0.194625,0.0,0.190076,0,67,263.6560873367034,282.5915813446045,42,1.2306714739118303,3308.044921875,27.498770239529637,0,3,18,0.0,0.0,0.0,0.1,0.1,0.7,0.1,72,295.1786408621069,281.20899200439453,43,1.2053577511809592,3317.14453125,29.172557745058587,0,4,19,0.0,0.0,0.0,0.1,0.1,0.7,0.1
348,frozen_mlp_ppo_seed1,0,NOOP,0.1945,0.0,0.190049,0,72,295.1786408621069,281.20899200439453,43,1.2053577511809592,3317.14453125,29.172557745058587,0,4,19,0.0,0.0,0.0,0.1,0.1,0.7,0.1,30,123.73417665505329,277.56619453430176,44,1.1798761541193181,3322.53125,30.793962215087483,0,5,20,0.0,0.0,0.0,0.1,0.1,0.65,0.15
349,frozen_mlp_ppo_seed1,7,REMOVE_PARTITION,0.130739,-0.035,0.190795,0,30,123.73417665505329,277.56619453430176,44,1.1798761541193181,3322.53125,30.793962215087483,0,5,20,0.0,0.0,0.0,0.1,0.1,0.65,0.15,41,166.35771368317185,235.24188995361328,45,1.155861070421007,3328.8798828125,32.14060319626553,0,6,21,0.0,0.0,0.0,0.1,0.1,0.65,0.15
350,frozen_mlp_ppo_seed1,7,REMOVE_PARTITION,0.130614,-0.035,0.189458,0,41,166.35771368317185,235.24188995361328,45,1.155861070421007,3328.8798828125,32.14060319626553,0,6,21,0.0,0.0,0.0,0.1,0.1,0.65,0.15,70,282.79375121000714,297.0752716064453,46,1.1337950333305027,3337.892578125,33.193433735838745,0,7,22,0.0,0.0,0.0,0.1,0.1,0.65,0.15
351,frozen_mlp_ppo_seed1,4,PARTITION_HOUR,0.012307,-0.1,0.190052,0,70,282.79375121000714,297.0752716064453,46,1.1337950333305027,3337.892578125,33.193433735838745,0,7,22,0.0,0.0,0.0,0.1,0.1,0.65,0.15,53,205.17029094188084,262.4225616455078,47,1.1121381394406582,3345.3115234375,34.1781211056725,1,8,0,0.0,0.0,0.0,0.1,0.1,0.65,0.15
352,frozen_mlp_ppo_seed1,3,COMPACT_128KB,0.1645,-0.089227,0.193984,0,53,205.17029094188084,262.4225616455078,47,1.1121381394406582,3345.3115234375,34.1781211056725,1,8,0,0.0,0.0,0.0,0.1,0.1,0.65,0.15,67,257.69468019062657,180.81402778625488,24,2.1346041361490884,3278.751953125,55.723850143924246,1,0,1,0.0,0.0,0.0,0.1,0.1,0.65,0.15
353,frozen_mlp_ppo_seed1,0,NOOP,0.19675,-0.034101,0.193232,0,67,257.69468019062657,180.81402778625488,24,2.1346041361490884,3278.751953125,55.723850143924246,1,0,1,0.0,0.0,0.0,0.1,0.1,0.65,0.15,89,294.15018407383127,208.4057331085205,26,1.9784510685847356,3292.142578125,64.06161110479661,1,1,2,0.0,0.0,0.0,0.1,0.1,0.65,0.15
354,frozen_mlp_ppo_seed1,0,NOOP,0.1965,-0.034002,0.192944,0,89,294.15018407383127,208.4057331085205,26,1.9784510685847356,3292.142578125,64.06161110479661,1,1,2,0.0,0.0,0.0,0.1,0.1,0.65,0.15,61,227.63917258854795,212.7983570098877,28,1.8431287493024553,3302.88671875,69.36551192483971,1,2,3,0.0,0.0,0.0,0.1,0.1,0.65,0.15
355,frozen_mlp_ppo_seed1,0,NOOP,0.19625,-0.033876,0.19266,0,61,227.63917258854795,212.7983570098877,28,1.8431287493024553,3302.88671875,69.36551192483971,1,2,3,0.0,0.0,0.0,0.1,0.1,0.65,0.15,89,339.5314106505517,217.00191497802734,30,1.7271555582682292,3316.138671875,72.6513161255435,1,3,4,0.0,0.0,0.0,0.1,0.1,0.6,0.2
356,frozen_mlp_ppo_seed1,0,NOOP,0.196,-0.033739,0.192135,0,89,339.5314106505517,217.00191497802734,30,1.7271555582682292,3316.138671875,72.6513161255435,1,3,4,0.0,0.0,0.0,0.1,0.1,0.6,0.2,94,352.13261310697646,233.23297500610352,32,1.62599515914917,3330.0380859375,74.74910464116726,1,4,5,0.0,0.0,0.0,0.1,0.05,0.65,0.2
357,frozen_mlp_ppo_seed1,0,NOOP,0.19575,0.388225,0.412486,0,94,352.13261310697646,233.23297500610352,32,1.62599515914917,3330.0380859375,74.74910464116726,1,4,5,0.0,0.0,0.0,0.1,0.05,0.65,0.2,56,212.14693423365324,455.68084716796875,34,1.5351127175723804,3340.4052734375,76.20252833024429,1,5,6,0.75,0.0375,0.0,0.05,0.1,0.65,0.2
358,frozen_mlp_ppo_seed1,0,NOOP,0.1955,-0.033564,0.192538,0,56,212.14693423365324,455.68084716796875,34,1.5351127175723804,3340.4052734375,76.20252833024429,1,5,6,0.75,0.0375,0.0,0.05,0.1,0.65,0.2,55,219.1185740040312,193.08829307556152,36,1.4542613559299045,3350.6181640625,77.09395768235811,1,6,7,0.0,0.0375,0.0,0.05,0.1,0.6,0.25
359,frozen_mlp_ppo_seed1,0,NOOP,0.195,-0.033412,0.190924,0,55,219.1185740040312,193.08829307556152,36,1.4542613559299045,3350.6181640625,77.09395768235811,1,6,7,0.0,0.0375,0.0,0.05,0.1,0.6,0.25,100,328.95779543664923,253.80897521972656,40,1.3164730072021484,3370.1708984375,77.79538318694114,1,7,8,0.0,0.0375,0.0,0.05,0.1,0.65,0.2
360,frozen_mlp_ppo_seed1,0,NOOP,0.19475,-0.03332,0.190513,0,100,328.95779543664923,253.80897521972656,40,1.3164730072021484,3370.1708984375,77.79538318694114,1,7,8,0.0,0.0375,0.0,0.05,0.1,0.65,0.2,65,230.19551817890132,264.3392086029053,42,1.257949465797061,3381.3681640625,77.74685379670629,1,8,9,0.0,0.0375,0.0,0.05,0.1,0.7,0.15
361,frozen_mlp_ppo_seed1,1,COMPACT_32KB,0.180307,-0.063998,0.190514,0,65,230.19551817890132,264.3392086029053,42,1.257949465797061,3381.3681640625,77.74685379670629,1,8,9,0.0,0.0375,0.0,0.05,0.1,0.7,0.15,63,246.42396039179224,259.279727935791,43,1.2336926127589025,3395.1220703125,22.543103005011563,1,0,10,0.0,0.0375,0.0,0.05,0.1,0.7,0.15
362,frozen_mlp_ppo_seed1,0,NOOP,0.194375,-0.018855,0.189596,0,63,246.42396039179224,259.279727935791,43,1.2336926127589025,3395.1220703125,22.543103005011563,1,0,10,0.0,0.0375,0.0,0.05,0.1,0.7,0.15,85,318.0981697453454,295.2075004577637,45,1.1833655463324653,3408.0927734375,26.716653562901794,1,1,11,0.0,0.0375,0.0,0.05,0.1,0.7,0.15
363,frozen_mlp_ppo_seed1,0,NOOP,0.194125,-0.018749,0.189705,0,85,318.0981697453454,295.2075004577637,45,1.1833655463324653,3408.0927734375,26.716653562901794,1,1,11,0.0,0.0375,0.0,0.05,0.1,0.7,0.15,63,229.8840597361878,279.74700927734375,47,1.1366164836477726,3418.9423828125,29.81322424467775,1,2,12,0.0,0.0375,0.0,0.05,0.1,0.7,0.15
364,frozen_mlp_ppo_seed1,0,NOOP,0.193875,-0.018679,0.189557,0,63,229.8840597361878,279.74700927734375,47,1.1366164836477726,3418.9423828125,29.81322424467775,1,2,12,0.0,0.0375,0.0,0.05,0.1,0.7,0.15,51,180.69977631054314,277.1332263946533,49,1.0934211575255102,3428.96875,32.175130440757805,1,3,13,0.0,0.0375,0.0,0.05,0.05,0.75,0.15
365,frozen_mlp_ppo_seed1,0,NOOP,0.193625,-0.018577,0.189331,0,51,180.69977631054314,277.1332263946533,49,1.0934211575255102,3428.96875,32.175130440757805,1,3,13,0.0,0.0375,0.0,0.05,0.05,0.75,0.15,60,242.6271714252108,278.43379974365234,51,1.053785436293658,3439.5556640625,33.98388052388507,1,4,14,0.0,0.0375,0.0,0.05,0.05,0.75,0.15
366,frozen_mlp_ppo_seed1,0,NOOP,0.193375,0.499057,0.462593,0,60,242.6271714252108,278.43379974365234,51,1.053785436293658,3439.5556640625,33.98388052388507,1,4,14,0.0,0.0375,0.0,0.05,0.05,0.75,0.15,87,337.8845002814898,405.3328037261963,53,1.0178510557930425,3452.55078125,35.331623518508565,1,5,15,0.92,0.08349999999999999,0.05,0.0,0.05,0.75,0.15
367,frozen_mlp_ppo_seed1,2,COMPACT_64KB,0.553841,-0.06832,0.190134,0,87,337.8845002814898,405.3328037261963,53,1.0178510557930425,3452.55078125,35.331623518508565,1,5,15,0.92,0.08349999999999999,0.05,0.0,0.05,0.75,0.15,72,281.7911018214392,283.28561782836914,42,1.275054205031622,3427.345703125,17.77429282613473,1,0,16,0.0,0.08349999999999999,0.05,0.0,0.05,0.75,0.15
368,frozen_mlp_ppo_seed1,0,NOOP,0.1945,-0.018178,0.190955,0,72,281.7911018214392,283.28561782836914,42,1.275054205031622,3427.345703125,17.77429282613473,1,0,16,0.0,0.08349999999999999,0.05,0.0,0.05,0.75,0.15,95,282.12354392235386,232.2676181793213,44,1.2220549149946733,3441.306640625,23.430884009092235,1,1,17,0.0,0.08349999999999999,0.05,0.0,0.05,0.75,0.15
369,frozen_mlp_ppo_seed1,0,NOOP,0.19425,-0.018029,0.190673,0,95,282.12354392235386,232.2676181793213,44,1.2220549149946733,3441.306640625,23.430884009092235,1,1,17,0.0,0.08349999999999999,0.05,0.0,0.05,0.75,0.15,92,361.1451118833407,236.34958267211914,46,1.173484470533288,3454.73828125,27.249186747867093,1,2,18,0.0,0.08349999999999999,0.05,0.0,0.05,0.7,0.2
370,frozen_mlp_ppo_seed1,0,NOOP,0.194,-0.017951,0.190414,0,92,361.1451118833407,236.34958267211914,46,1.173484470533288,3454.73828125,27.249186747867093,1,2,18,0.0,0.08349999999999999,0.05,0.0,0.05,0.7,0.2,55,217.00172332051503,239.27783966064453,48,1.127950668334961,3465.064453125,30.17525470024448,1,3,19,0.0,0.08349999999999999,0.05,0.0,0.05,0.65,0.25
371,frozen_mlp_ppo_seed1,0,NOOP,0.19375,0.499656,0.463735,0,55,217.00172332051503,239.27783966064453,48,1.127950668334961,3465.064453125,30.17525470024448,1,3,19,0.0,0.08349999999999999,0.05,0.0,0.05,0.65,0.25,64,253.94413399365223,363.25955390930176,50,1.0862640380859374,3476.044921875,32.3730691296875,1,4,20,0.92,0.1295,0.1,0.0,0.05,0.6,0.25
372,frozen_mlp_ppo_seed1,6,PARTITION_EVENT_TYPE,0.011682,-0.117752,0.172587,0,64,253.94413399365223,363.25955390930176,50,1.0862640380859374,3476.044921875,32.3730691296875,1,4,20,0.92,0.1295,0.1,0.0,0.05,0.6,0.25,54,167.45548307533974,1110.656976699829,52,1.0475399310772235,3486.212890625,34.113065711263516,3,5,0,0.0,0.1295,0.1,0.0,0.1,0.55,0.25
373,frozen_mlp_ppo_seed1,0,NOOP,0.191927,-0.067219,0.179628,0,54,167.45548307533974,1110.656976699829,52,1.0475399310772235,3486.212890625,34.113065711263516,3,5,0,0.0,0.1295,0.1,0.0,0.1,0.55,0.25,54,132.37839395375778,683.7244033813477,55,0.994011064009233,3498.9189453125,36.143383108402965,3,6,1,0.0,0.1295,0.15,0.0,0.1,0.5,0.25
374,frozen_mlp_ppo_seed1,0,NOOP,0.181969,-0.067069,0.17069,0,54,132.37839395375778,683.7244033813477,55,0.994011064009233,3498.9189453125,36.143383108402965,3,6,1,0.0,0.1295,0.15,0.0,0.1,0.5,0.25,56,142.09696405787668,636.4374160766602,58,0.946093855233028,3511.900390625,37.59142858955306,3,7,2,0.0,0.1295,0.2,0.0,0.1,0.45,0.25
375,frozen_mlp_ppo_seed1,0,NOOP,0.173049,-0.066862,0.160933,0,56,142.09696405787668,636.4374160766602,58,0.946093855233028,3511.900390625,37.59142858955306,3,7,2,0.0,0.1295,0.2,0.0,0.1,0.45,0.25,78,186.56765532776367,682.0526123046875,61,0.9033723424692623,3526.765625,38.59586659397197,3,8,3,0.0,0.1295,0.2,0.05,0.1,0.45,0.2
376,frozen_mlp_ppo_seed1,0,NOOP,0.164997,-0.063928,0.156153,0,78,186.56765532776367,682.0526123046875,61,0.9033723424692623,3526.765625,38.59586659397197,3,8,3,0.0,0.1295,0.2,0.05,0.1,0.45,0.2,92,208.5899479222412,593.9364433288574,64,0.8649837970733643,3542.9736328125,39.289000141054814,3,9,4,0.004784493751593981,0.1297392246875797,0.2,0.05,0.1,0.45,0.2
377,frozen_mlp_ppo_seed1,0,NOOP,0.157464,-0.075857,0.131723,0,92,208.5899479222412,593.9364433288574,64,0.8649837970733643,3542.9736328125,39.289000141054814,3,9,4,0.004784493751593981,0.1297392246875797,0.2,0.05,0.1,0.45,0.2,52,137.24946306254148,1370.804786682129,67,0.8291935707206157,3555.58203125,39.838532214701246,3,10,5,0.0,0.0922392246875797,0.2,0.05,0.1,0.45,0.2
378,frozen_mlp_ppo_seed1,0,NOOP,0.150568,-0.062592,0.14371,0,52,137.24946306254148,1370.804786682129,67,0.8291935707206157,3555.58203125,39.838532214701246,3,10,5,0.0,0.0922392246875797,0.2,0.05,0.1,0.45,0.2,58,147.81382733092556,530.0676822662354,70,0.7965909685407366,3568.7275390625,40.21053754574537,3,11,6,0.0066454730417090544,0.09257149833966516,0.2,0.05,0.1,0.5,0.15
379,frozen_mlp_ppo_seed1,1,COMPACT_32KB,0.179807,0.270863,0.390036,0,58,147.81382733092556,530.0676822662354,70,0.7965909685407366,3568.7275390625,40.21053754574537,3,11,6,0.0066454730417090544,0.09257149833966516,0.2,0.05,0.1,0.5,0.15,84,222.73273515896,313.2030963897705,47,1.1695160561419549,3517.904296875,27.24702341848879,3,0,7,0.67,0.12607149833966516,0.2,0.05,0.1,0.5,0.15
380,frozen_mlp_ppo_seed1,0,NOOP,0.19375,-0.061027,0.187528,0,84,222.73273515896,313.2030963897705,47,1.1695160561419549,3517.904296875,27.24702341848879,3,0,7,0.67,0.12607149833966516,0.2,0.05,0.1,0.5,0.15,59,163.1492297904463,373.61812591552734,50,1.1034481811523438,3531.0341796875,31.351623905453312,3,1,8,0.0,0.12607149833966516,0.2,0.05,0.1,0.45,0.2
381,frozen_mlp_ppo_seed1,0,NOOP,0.193375,0.315839,0.388483,0,59,163.1492297904463,373.61812591552734,50,1.1034481811523438,3531.0341796875,31.351623905453312,3,1,8,0.0,0.12607149833966516,0.2,0.05,0.1,0.45,0.2,63,163.88715007293766,360.8582019805908,53,1.0449906835016214,3544.6083984375,34.119291448063024,3,2,9,0.67,0.15957149833966516,0.2,0.05,0.1,0.45,0.2
382,frozen_mlp_ppo_seed1,0,NOOP,0.191496,-0.061025,0.176211,0,63,163.88715007293766,360.8582019805908,53,1.0449906835016214,3544.6083984375,34.119291448063024,3,2,9,0.67,0.15957149833966516,0.2,0.05,0.1,0.45,0.2,50,139.7982970775141,834.254264831543,56,0.9924812316894531,3557.052734375,36.108461724384995,3,3,10,0.0,0.15957149833966516,0.2,0.05,0.15,0.4,0.2
383,frozen_mlp_ppo_seed1,0,NOOP,0.181816,-0.061032,0.174949,0,50,139.7982970775141,834.254264831543,56,0.9924812316894531,3557.052734375,36.108461724384995,3,3,10,0.0,0.15957149833966516,0.2,0.05,0.15,0.4,0.2,77,237.29714033798678,417.083740234375,59,0.9459538863877118,3571.921875,37.48223653235593,3,4,11,0.0,0.15957149833966516,0.2,0.05,0.15,0.35,0.25
384,frozen_mlp_ppo_seed1,0,NOOP,0.17292,-0.061042,0.162069,0,77,237.29714033798678,417.083740234375,59,0.9459538863877118,3571.921875,37.48223653235593,3,4,11,0.0,0.15957149833966516,0.2,0.05,0.15,0.35,0.25,52,155.42274676582383,620.0323104858398,62,0.903350337859123,3584.494140625,38.529507646395494,3,5,12,0.0,0.15957149833966516,0.25,0.05,0.15,0.3,0.25
385,frozen_mlp_ppo_seed1,3,COMPACT_128KB,0.1625,0.282638,0.394282,0,52,155.42274676582383,620.0323104858398,62,0.903350337859123,3584.494140625,38.529507646395494,3,5,12,0.0,0.15957149833966516,0.25,0.05,0.15,0.3,0.25,75,192.87963662405699,135.90049743652344,40,1.379030990600586,3530.3193359375,13.716234287218668,3,0,13,0.67,0.19307149833966517,0.25,0.05,0.15,0.3,0.25
386,frozen_mlp_ppo_seed1,0,NOOP,0.194625,-0.050735,0.189214,0,75,192.87963662405699,135.90049743652344,40,1.379030990600586,3530.3193359375,13.716234287218668,3,0,13,0.67,0.19307149833966517,0.25,0.05,0.15,0.3,0.25,66,161.6830773184436,324.28979873657227,43,1.2878606042196585,3544.1923828125,25.29089346222076,3,1,14,0.0,0.14707149833966515,0.2,0.05,0.15,0.3,0.3
387,frozen_mlp_ppo_seed1,0,NOOP,0.19425,-0.039232,0.189009,0,66,161.6830773184436,324.28979873657227,43,1.2878606042196585,3544.1923828125,25.29089346222076,3,1,14,0.0,0.14707149833966515,0.2,0.05,0.15,0.3,0.3,72,200.48242732600596,319.54193115234375,46,1.2087680982506794,3558.61328125,31.186371057024825,3,2,15,0.0,0.14707149833966515,0.2,0.05,0.15,0.25,0.35
388,frozen_mlp_ppo_seed1,0,NOOP,0.193875,0.33764,0.39215,0,72,200.48242732600596,319.54193115234375,46,1.2087680982506794,3558.61328125,31.186371057024825,3,2,15,0.0,0.14707149833966515,0.2,0.05,0.15,0.25,0.35,83,244.121132392221,197.51620292663574,49,1.1396805120974172,3574.0380859375,34.90099970985489,3,3,16,0.67,0.18057149833966515,0.2,0.05,0.15,0.3,0.3
389,frozen_mlp_ppo_seed1,0,NOOP,0.1935,-0.039236,0.184668,0,83,244.121132392221,197.51620292663574,49,1.1396805120974172,3574.0380859375,34.90099970985489,3,3,16,0.67,0.18057149833966515,0.2,0.05,0.15,0.3,0.3,55,162.06146747484286,506.5779685974121,52,1.07781248826247,3586.9599609375,37.518366002232426,3,4,17,0.0,0.18057149833966518,0.2,0.1,0.15,0.3,0.25
390,frozen_mlp_ppo_seed1,3,COMPACT_128KB,0.162625,0.282626,0.39186,0,55,162.06146747484286,506.5779685974121,52,1.07781248826247,3586.9599609375,37.518366002232426,3,4,17,0.0,0.18057149833966518,0.2,0.1,0.15,0.3,0.25,73,231.38941478580637,262.01415061950684,39,1.425176767202524,3557.2412109375,7.738956836717835,3,0,18,0.67,0.21407149833966516,0.2,0.1,0.15,0.35,0.2
391,frozen_mlp_ppo_seed1,0,NOOP,0.19475,0.32612,0.393697,0,73,231.38941478580637,262.01415061950684,39,1.425176767202524,3557.2412109375,7.738956836717835,3,0,18,0.67,0.21407149833966516,0.2,0.1,0.15,0.35,0.2,87,263.89419483239413,155.165433883667,42,1.329266139439174,3573.0673828125,23.61409897275659,3,1,19,0.67,0.20157149833966517,0.15,0.1,0.15,0.4,0.2
392,frozen_mlp_ppo_seed1,0,NOOP,0.194375,0.337616,0.391557,0,87,263.89419483239413,155.165433883667,42,1.329266139439174,3573.0673828125,23.61409897275659,3,1,19,0.67,0.20157149833966517,0.15,0.1,0.15,0.4,0.2,72,189.47552923165728,247.13802337646484,45,1.2456834581163194,3587.568359375,30.488485306875894,3,2,20,0.67,0.23507149833966517,0.15,0.1,0.1,0.45,0.2
393,frozen_mlp_ppo_seed1,7,REMOVE_PARTITION,0.130364,-0.074258,0.192257,0,72,189.47552923165728,247.13802337646484,45,1.2456834581163194,3587.568359375,30.488485306875894,3,2,20,0.67,0.23507149833966517,0.15,0.1,0.1,0.45,0.2,78,244.03641945931753,147.1402645111084,48,1.1727040608723958,3602.546875,34.707713725843796,0,3,0,0.0,0.23507149833966517,0.1,0.1,0.1,0.5,0.2
394,frozen_mlp_ppo_seed1,0,NOOP,0.193875,-0.053602,0.18155,0,78,244.03641945931753,147.1402645111084,48,1.1727040608723958,3602.546875,34.707713725843796,0,3,0,0.0,0.23507149833966517,0.1,0.1,0.1,0.5,0.2,57,175.42795924896464,677.5128841400146,49,1.1512513452646684,3610.32421875,35.663662533597474,0,4,1,0.0,0.23507149833966517,0.05,0.1,0.15,0.5,0.2
395,frozen_mlp_ppo_seed1,3,COMPACT_128KB,0.162625,-0.118606,0.19299,0,57,175.42795924896464,677.5128841400146,49,1.1512513452646684,3610.32421875,35.663662533597474,0,4,1,0.0,0.23507149833966517,0.05,0.1,0.15,0.5,0.2,82,252.76510455786143,155.49492835998535,39,1.43809078901242,3589.474609375,6.610230370738021,0,0,2,0.0,0.23507149833966517,0.05,0.05,0.15,0.55,0.2
396,frozen_mlp_ppo_seed1,0,NOOP,0.195,-0.063698,0.190181,0,82,252.76510455786143,155.49492835998535,39,1.43809078901242,3589.474609375,6.610230370738021,0,0,2,0.0,0.23507149833966517,0.05,0.05,0.15,0.55,0.2,59,162.91894276202007,290.966272354126,40,1.4052364349365234,3597.4052734375,14.81300304596205,0,1,3,0.0,0.23483227365208545,0.05,0.05,0.15,0.55,0.2
397,frozen_mlp_ppo_seed1,0,NOOP,0.194875,-0.063683,0.189154,0,59,162.91894276202007,290.966272354126,40,1.4052364349365234,3597.4052734375,14.81300304596205,0,1,3,0.0,0.23483227365208545,0.05,0.05,0.15,0.55,0.2,83,252.5710256004713,337.3095989227295,41,1.3747912151057546,3607.4521484375,19.225015667088016,0,2,4,0.0,0.23483227365208545,0.05,0.05,0.1,0.6,0.2
398,frozen_mlp_ppo_seed1,0,NOOP,0.194625,-0.06382,0.187846,0,83,252.5710256004713,337.3095989227295,41,1.3747912151057546,3607.4521484375,19.225015667088016,0,2,4,0.0,0.23483227365208545,0.05,0.05,0.1,0.6,0.2,100,236.8251691788228,392.7197456359863,43,1.3160634595294332,3621.806640625,25.465620831791675,0,3,5,0.0,0.23450000000000001,0.1,0.05,0.1,0.55,0.2
399,frozen_mlp_ppo_seed1,0,NOOP,0.1945,-0.072154,0.189233,0,100,236.8251691788228,392.7197456359863,43,1.3160634595294332,3621.806640625,25.465620831791675,0,3,5,0.0,0.23450000000000001,0.1,0.05,0.1,0.55,0.2,79,225.4117009994034,318.3588981628418,44,1.289596904407848,3631.5048828125,27.561921985319476,0,4,6,0.0,0.201,0.1,0.05,0.1,0.55,0.2
400,frozen_mlp_ppo_seed1,0,NOOP,0.194375,-0.063808,0.191751,0,79,225.4117009994034,318.3588981628418,44,1.289596904407848,3631.5048828125,27.561921985319476,0,4,6,0.0,0.201,0.1,0.05,0.1,0.55,0.2,54,155.57721146845077,187.43538856506348,45,1.2635365804036458,3638.9853515625,29.454604538182362,0,5,7,0.0,0.201,0.1,0.05,0.1,0.6,0.15
401,frozen_mlp_ppo_seed1,0,NOOP,0.19425,-0.07222,0.186935,0,54,155.57721146845077,187.43538856506348,45,1.2635365804036458,3638.9853515625,29.454604538182362,0,5,7,0.0,0.201,0.1,0.05,0.1,0.6,0.15,70,206.66831850433607,423.26951026916504,46,1.2390956049380095,3647.8974609375,30.997527894443873,0,6,8,0.0,0.1675,0.1,0.1,0.1,0.55,0.15
402,frozen_mlp_ppo_seed1,0,NOOP,0.194125,-0.063882,0.188771,0,70,206.66831850433607,423.26951026916504,46,1.2390956049380095,3647.8974609375,30.997527894443873,0,6,8,0.0,0.1675,0.1,0.1,0.1,0.55,0.15,70,195.48761162586925,326.44200325012207,47,1.2156972682222407,3656.8173828125,32.33196017635416,0,7,9,0.0,0.16750000000000004,0.1,0.1,0.05,0.55,0.2
403,frozen_mlp_ppo_seed1,0,NOOP,0.194,-0.063911,0.189598,0,70,195.48761162586925,326.44200325012207,47,1.2156972682222407,3656.8173828125,32.33196017635416,0,7,9,0.0,0.16750000000000004,0.1,0.1,0.05,0.55,0.2,55,164.60797570483314,280.1072597503662,48,1.1928539276123047,3664.447265625,33.55156738470931,0,8,10,0.0,0.16750000000000004,0.1,0.1,0.05,0.55,0.2
404,frozen_mlp_ppo_seed1,0,NOOP,0.19375,-0.063964,0.187699,0,55,164.60797570483314,280.1072597503662,48,1.1928539276123047,3664.447265625,33.55156738470931,0,8,10,0.0,0.16750000000000004,0.1,0.1,0.05,0.55,0.2,100,246.85692223393443,365.0481700897217,50,1.14965087890625,3678.8828125,35.59479989464868,0,9,11,0.0,0.16750000000000004,0.05,0.1,0.05,0.55,0.25
405,frozen_mlp_ppo_seed1,0,NOOP,0.193625,-0.072375,0.186821,0,100,246.85692223393443,365.0481700897217,50,1.14965087890625,3678.8828125,35.59479989464868,0,9,11,0.0,0.16750000000000004,0.05,0.1,0.05,0.55,0.25,68,209.47476609567988,403.93948554992676,51,1.1297816856234681,3687.607421875,36.38844539469676,0,10,12,0.0,0.134,0.05,0.15,0.05,0.5,0.25
406,frozen_mlp_ppo_seed1,3,COMPACT_128KB,0.1625,-0.119037,0.189662,0,68,209.47476609567988,403.93948554992676,51,1.1297816856234681,3687.607421875,36.38844539469676,0,10,12,0.0,0.134,0.05,0.15,0.05,0.5,0.25,70,262.0295960067435,316.91551208496094,40,1.4303424835205079,3661.6767578125,7.2395507070499034,0,0,13,0.0,0.134,0.05,0.15,0.05,0.5,0.25
407,frozen_mlp_ppo_seed1,0,NOOP,0.194875,-0.064074,0.191583,0,70,262.0295960067435,316.91551208496094,40,1.4303424835205079,3661.6767578125,7.2395507070499034,0,0,13,0.0,0.134,0.05,0.15,0.05,0.5,0.25,71,212.21878385003933,215.83104133605957,41,1.3989034513147867,3670.72265625,14.734004886541921,0,1,14,0.0,0.134,0.05,0.15,0.05,0.55,0.2
408,frozen_mlp_ppo_seed1,0,NOOP,0.19475,-0.0725,0.188456,0,71,212.21878385003933,215.83104133605957,41,1.3989034513147867,3670.72265625,14.734004886541921,0,1,14,0.0,0.134,0.05,0.15,0.05,0.55,0.2,99,251.0550991436331,367.17677116394043,42,1.3698490687779017,3682.154296875,18.89492106086945,0,2,15,0.0,0.1005,0.05,0.15,0.05,0.5,0.25
409,frozen_mlp_ppo_seed1,0,NOOP,0.194625,-0.064159,0.190419,0,99,251.0550991436331,367.17677116394043,42,1.3698490687779017,3682.154296875,18.89492106086945,0,2,15,0.0,0.1005,0.05,0.15,0.05,0.5,0.25,64,209.46645858043573,264.0571594238281,43,1.3410711953806322,3690.6279296875,22.234676365860746,0,3,16,0.0,0.1005,0.05,0.1,0.05,0.5,0.3
410,frozen_mlp_ppo_seed1,0,NOOP,0.1945,-0.072568,0.191396,0,64,209.46645858043573,264.0571594238281,43,1.3410711953806322,3690.6279296875,22.234676365860746,0,3,16,0.0,0.1005,0.05,0.1,0.05,0.5,0.3,66,207.17154153510646,210.17789840698242,44,1.313686024058949,3699.33984375,24.860453780642114,0,4,17,0.0,0.067,0.05,0.1,0.05,0.5,0.3
411,frozen_mlp_ppo_seed1,1,COMPACT_32KB,0.178932,-0.053375,0.185882,0,66,207.17154153510646,210.17789840698242,44,1.313686024058949,3699.33984375,24.860453780642114,0,4,17,0.0,0.067,0.05,0.1,0.05,0.5,0.3,95,279.78185295788376,435.91976165771484,54,1.081282721625434,3736.9130859375,32.38545722251788,0,0,18,0.0,0.0335,0.05,0.1,0.05,0.5,0.3
412,frozen_mlp_ppo_seed1,0,NOOP,0.193125,-0.008375,0.187601,0,95,279.78185295788376,435.91976165771484,54,1.081282721625434,3736.9130859375,32.38545722251788,0,0,18,0.0,0.0335,0.05,0.1,0.05,0.5,0.3,70,248.6603903341317,344.9583053588867,55,1.0641399036754262,3745.7724609375,33.09984469602726,0,1,19,0.0,0.0,0.05,0.1,0.05,0.45,0.35
413,frozen_mlp_ppo_seed1,0,NOOP,0.193,0.0,0.177653,0,70,248.6603903341317,344.9583053588867,55,1.0641399036754262,3745.7724609375,33.09984469602726,0,1,19,0.0,0.0,0.05,0.1,0.05,0.45,0.35,63,222.66887334625432,837.3301029205322,56,1.0474491119384766,3754.0576171875,33.757663872659634,0,2,20,0.0,0.0,0.05,0.1,0.1,0.4,0.35
414,frozen_mlp_ppo_seed1,6,PARTITION_EVENT_TYPE,0.011057,-0.1,0.186737,0,63,222.66887334625432,837.3301029205322,56,1.0474491119384766,3754.0576171875,33.757663872659634,0,2,20,0.0,0.0,0.05,0.1,0.1,0.4,0.35,69,204.47053088285477,378.1599998474121,57,1.0315035100568806,3762.9248046875,34.330647219083524,3,3,0,0.0,0.0,0.05,0.1,0.05,0.4,0.4
415,frozen_mlp_ppo_seed1,0,NOOP,0.189143,-0.086459,0.181826,0,69,204.47053088285477,378.1599998474121,57,1.0315035100568806,3762.9248046875,34.330647219083524,3,3,0,0.0,0.0,0.05,0.1,0.05,0.4,0.4,52,153.6125130385236,440.8154487609863,60,0.9832130432128906,3775.5380859375,36.10129162978072,3,4,1,0.0,0.0,0.05,0.1,0.05,0.35,0.45
416,frozen_mlp_ppo_seed1,0,NOOP,0.180119,-0.086262,0.172835,0,52,153.6125130385236,440.8154487609863,60,0.9832130432128906,3775.5380859375,36.10129162978072,3,4,1,0.0,0.0,0.05,0.1,0.05,0.35,0.45,72,174.54852148983886,442.93951988220215,63,0.9399695017981151,3789.95703125,37.36306511936379,3,5,2,0.0,0.0,0.05,0.1,0.05,0.3,0.5
417,frozen_mlp_ppo_seed1,0,NOOP,0.171972,-0.086005,0.16776,0,72,174.54852148983886,442.93951988220215,63,0.9399695017981151,3789.95703125,37.36306511936379,3,5,2,0.0,0.0,0.05,0.1,0.05,0.3,0.5,94,313.71184454153615,293.08199882507324,66,0.901109637636127,3806.287109375,38.25811911307097,3,6,3,0.0,0.0,0.05,0.1,0.05,0.25,0.55
418,frozen_mlp_ppo_seed1,0,NOOP,0.164383,-0.083312,0.163446,0,94,313.71184454153615,293.08199882507324,66,0.901109637636127,3806.287109375,38.25811911307097,3,6,3,0.0,0.0,0.05,0.1,0.05,0.25,0.55,64,170.64670372423473,200.2735137939453,69,0.8650413181470789,3820.0224609375,38.96315204903794,3,7,4,0.004478100113765643,0.00022390500568828217,0.0,0.1,0.05,0.3,0.55
419,frozen_mlp_ppo_seed1,1,COMPACT_32KB,0.179682,-0.098125,0.189169,0,64,170.64670372423473,200.2735137939453,69,0.8650413181470789,3820.0224609375,38.96315204903794,3,7,4,0.004478100113765643,0.00022390500568828217,0.0,0.1,0.05,0.3,0.55,54,168.3919671739908,301.56970024108887,48,1.2255872090657551,3765.00390625,25.396460512919006,3,0,5,0.0,0.00022390500568828217,0.0,0.1,0.05,0.25,0.6
420,frozen_mlp_ppo_seed1,0,NOOP,0.193625,0.323738,0.393114,0,54,168.3919671739908,301.56970024108887,48,1.2255872090657551,3765.00390625,25.396460512919006,3,0,5,0.0,0.00022390500568828217,0.0,0.1,0.05,0.25,0.6,86,171.73067179701786,139.28818702697754,51,1.1582883947035845,3780.6533203125,30.155644383602976,3,1,6,0.67,0.03372390500568828,0.0,0.1,0.05,0.25,0.6
421,frozen_mlp_ppo_seed1,0,NOOP,0.19325,-0.053161,0.188361,0,86,171.73067179701786,139.28818702697754,51,1.1582883947035845,3780.6533203125,30.155644383602976,3,1,6,0.67,0.03372390500568828,0.0,0.1,0.05,0.25,0.6,78,234.6169295587787,311.9337558746338,54,1.098249082212095,3795.548828125,33.37624873152778,3,2,7,0.0,0.03372390500568828,0.0,0.05,0.05,0.25,0.65
422,frozen_mlp_ppo_seed1,0,NOOP,0.192875,0.323706,0.392798,0,78,234.6169295587787,311.9337558746338,54,1.098249082212095,3795.548828125,33.37624873152778,3,2,7,0.0,0.03372390500568828,0.0,0.05,0.05,0.25,0.65,98,330.18454877358147,125.10991096496582,57,1.0450029875102795,3812.1708984375,35.60008140094559,3,3,8,0.67,0.06722390500568828,0.0,0.05,0.05,0.3,0.6
423,frozen_mlp_ppo_seed1,0,NOOP,0.191903,-0.053163,0.186874,0,98,330.18454877358147,125.10991096496582,57,1.0450029875102795,3812.1708984375,35.60008140094559,3,3,8,0.67,0.06722390500568828,0.0,0.05,0.05,0.3,0.6,93,281.9791893474442,326.4157772064209,60,0.9970136006673177,3828.5322265625,37.220863547994604,3,4,9,0.0,0.06722390500568828,0.0,0.05,0.05,0.3,0.6
424,frozen_mlp_ppo_seed1,3,COMPACT_128KB,0.16225,0.268718,0.3893,0,93,281.9791893474442,326.4157772064209,60,0.9970136006673177,3828.5322265625,37.220863547994604,3,4,9,0.0,0.06722390500568828,0.0,0.05,0.05,0.3,0.6,92,244.2316338588533,375.02145767211914,42,1.4083985828218006,3785.775390625,13.047040688383106,3,0,10,0.67,0.10072390500568829,0.0,0.05,0.05,0.35,0.55
425,frozen_mlp_ppo_seed1,0,NOOP,0.194375,0.323725,0.393594,0,92,244.2316338588533,375.02145767211914,42,1.4083985828218006,3785.775390625,13.047040688383106,3,0,10,0.67,0.10072390500568829,0.0,0.05,0.05,0.35,0.55,82,229.0594065538418,145.32232284545898,45,1.319813028971354,3801.0615234375,24.880917942965368,3,1,11,0.67,0.1342239050056883,0.0,0.0,0.05,0.4,0.55
426,frozen_mlp_ppo_seed1,0,NOOP,0.194,0.323711,0.393705,0,82,229.0594065538418,145.32232284545898,45,1.319813028971354,3801.0615234375,24.880917942965368,3,1,11,0.67,0.1342239050056883,0.0,0.0,0.05,0.4,0.55,87,305.95745993842354,124.72772598266602,48,1.2424736022949219,3816.87890625,30.906969853705842,3,2,12,0.67,0.1677239050056883,0.0,0.0,0.05,0.45,0.5
427,frozen_mlp_ppo_seed1,0,NOOP,0.193625,-0.053151,0.185942,0,87,305.95745993842354,124.72772598266602,48,1.2424736022949219,3816.87890625,30.906969853705842,3,2,12,0.67,0.1677239050056883,0.0,0.0,0.05,0.45,0.5,72,222.66404179735713,447.8788375854492,51,1.1738125670189952,3831.32421875,34.83060841169998,3,3,13,0.0,0.1677239050056883,0.0,0.0,0.05,0.4,0.55
428,frozen_mlp_ppo_seed1,0,NOOP,0.19325,-0.053141,0.187413,0,72,222.66404179735713,447.8788375854492,51,1.1738125670189952,3831.32421875,34.83060841169998,3,3,13,0.0,0.1677239050056883,0.0,0.0,0.05,0.4,0.55,95,255.81838551347118,359.3721389770508,54,1.1133877789532696,3847.8681640625,37.466664605259034,3,4,14,0.0,0.1677239050056883,0.0,0.0,0.05,0.4,0.55
429,frozen_mlp_ppo_seed1,2,COMPACT_64KB,0.553216,-0.103145,0.185012,0,95,255.81838551347118,359.3721389770508,54,1.1133877789532696,3847.8681640625,37.466664605259034,3,4,14,0.0,0.1677239050056883,0.0,0.0,0.05,0.4,0.55,61,220.41793616429223,514.4062042236328,47,1.274993896484375,3835.181640625,23.343688103285324,3,0,15,0.0,0.1677239050056883,0.05,0.0,0.05,0.4,0.5
430,frozen_mlp_ppo_seed1,0,NOOP,0.19375,-0.053136,0.184726,0,61,220.41793616429223,514.4062042236328,47,1.274993896484375,3835.181640625,23.343688103285324,3,0,15,0.0,0.1677239050056883,0.05,0.0,0.05,0.4,0.5,63,185.70214416731673,513.6842727661133,50,1.2027481079101563,3848.7939453125,29.213424360965956,3,1,16,0.0,0.1677239050056883,0.1,0.0,0.05,0.35,0.5
431,frozen_mlp_ppo_seed1,0,NOOP,0.193375,-0.053112,0.177552,0,63,185.70214416731673,513.6842727661133,50,1.2027481079101563,3848.7939453125,29.213424360965956,3,1,16,0.0,0.1677239050056883,0.1,0.0,0.05,0.35,0.5,82,217.77955018486378,857.398271560669,53,1.1392183123894457,3864.228515625,32.941113367499476,3,2,17,0.0,0.1677239050056883,0.1,0.0,0.1,0.3,0.5
432,frozen_mlp_ppo_seed1,0,NOOP,0.193,-0.053097,0.185783,0,82,217.77955018486378,857.398271560669,53,1.1392183123894457,3864.228515625,32.941113367499476,3,2,17,0.0,0.1677239050056883,0.1,0.0,0.1,0.3,0.5,69,170.53221148548596,430.8497905731201,56,1.0821394239153181,3878.3876953125,35.58160830460982,3,3,18,0.0,0.1677239050056883,0.1,0.0,0.1,0.3,0.5
433,frozen_mlp_ppo_seed1,0,NOOP,0.192625,-0.0531,0.187702,0,69,170.53221148548596,430.8497905731201,56,1.0821394239153181,3878.3876953125,35.58160830460982,3,3,18,0.0,0.1677239050056883,0.1,0.0,0.1,0.3,0.5,55,174.61635932317316,319.92435455322266,59,1.0305072331832628,3891.1953125,37.52336453548869,3,4,19,0.0,0.1677239050056883,0.1,0.0,0.05,0.3,0.55
434,frozen_mlp_ppo_seed1,0,NOOP,0.189028,-0.05311,0.173195,0,55,174.61635932317316,319.92435455322266,59,1.0305072331832628,3891.1953125,37.52336453548869,3,4,19,0.0,0.1677239050056883,0.1,0.0,0.05,0.3,0.55,56,177.15692136885707,869.138240814209,62,0.983887703188004,3904.06640625,38.94656704469829,3,5,20,0.0,0.1677239050056883,0.1,0.0,0.1,0.3,0.5
435,frozen_mlp_ppo_seed1,1,COMPACT_32KB,0.179057,-0.098109,0.186847,0,56,177.15692136885707,869.138240814209,62,0.983887703188004,3904.06640625,38.94656704469829,3,5,20,0.0,0.1677239050056883,0.1,0.0,0.1,0.3,0.5,76,223.23704996950133,392.6506042480469,53,1.1461495453456663,3887.7392578125,29.00621186416513,3,0,21,0.0,0.1677239050056883,0.1,0.0,0.1,0.3,0.5
436,frozen_mlp_ppo_seed1,5,PARTITION_REGION,0.011182,-0.153123,0.186804,0,76,223.23704996950133,392.6506042480469,53,1.1461495453456663,3887.7392578125,29.00621186416513,3,0,21,0.0,0.1677239050056883,0.1,0.0,0.1,0.3,0.5,90,245.6435751805134,379.777193069458,56,1.0892304011753626,3903.8017578125,32.16389602680096,2,1,0,0.0,0.1677239050056883,0.1,0.0,0.1,0.3,0.5
437,frozen_mlp_ppo_seed1,0,NOOP,0.192625,-0.082328,0.188302,0,90,245.6435751805134,379.777193069458,56,1.0892304011753626,3903.8017578125,32.16389602680096,2,1,0,0.0,0.1677239050056883,0.1,0.0,0.1,0.3,0.5,84,190.33645625230275,289.89434242248535,59,1.0379636085639565,3919.3505859375,34.43046618192888,2,2,1,0.0,0.1677239050056883,0.1,0.0,0.1,0.3,0.5
438,frozen_mlp_ppo_seed1,0,NOOP,0.190426,-0.082253,0.189168,0,84,190.33645625230275,289.89434242248535,59,1.0379636085639565,3919.3505859375,34.43046618192888,2,2,1,0.0,0.1677239050056883,0.1,0.0,0.1,0.3,0.5,51,170.94271156317328,140.43164253234863,62,0.9908818890971522,3931.8193359375,36.175911240469176,2,3,2,0.0,0.16750000000000004,0.1,0.0,0.1,0.3,0.5
439,frozen_mlp_ppo_seed1,0,NOOP,0.181624,-0.081999,0.177108,0,51,170.94271156317328,140.43164253234863,62,0.9908818890971522,3931.8193359375,36.175911240469176,2,3,2,0.0,0.16750000000000004,0.1,0.0,0.1,0.3,0.5,77,209.76328210297555,307.0664405822754,65,0.9487464317908654,3946.78515625,37.416580438243585,2,4,3,0.0,0.16750000000000004,0.1,0.0,0.1,0.3,0.5
440,frozen_mlp_ppo_seed1,3,COMPACT_128KB,0.16425,-0.081794,0.185242,0,77,209.76328210297555,307.0664405822754,65,0.9487464317908654,3946.78515625,37.416580438243585,2,4,3,0.0,0.16750000000000004,0.1,0.0,0.1,0.3,0.5,67,215.47117475486965,607.917308807373,26,2.301096402681791,3829.0244140625,56.02212125637477,2,0,4,0.0,0.134,0.1,0.0,0.15,0.25,0.5
441,frozen_mlp_ppo_seed1,0,NOOP,0.196375,0.358456,0.394092,0,67,215.47117475486965,607.917308807373,26,2.301096402681791,3829.0244140625,56.02212125637477,2,0,4,0.0,0.134,0.1,0.0,0.15,0.25,0.5,94,243.3201752951363,200.4244327545166,29,2.07189888789736,3845.4443359375,68.80209640367741,2,1,5,0.67,0.1675,0.1,0.05,0.15,0.25,0.45
442,frozen_mlp_ppo_seed1,0,NOOP,0.196,-0.026804,0.191309,0,94,243.3201752951363,200.4244327545166,29,2.07189888789736,3845.4443359375,68.80209640367741,2,1,5,0.67,0.1675,0.1,0.05,0.15,0.25,0.45,59,135.1366203713058,274.5492458343506,32,1.8841514587402344,3858.7421875,75.60693446088295,2,2,6,0.0,0.134,0.1,0.05,0.15,0.25,0.45
443,frozen_mlp_ppo_seed1,0,NOOP,0.195625,-0.018425,0.187999,0,59,135.1366203713058,274.5492458343506,32,1.8841514587402344,3858.7421875,75.60693446088295,2,2,6,0.0,0.134,0.1,0.05,0.15,0.25,0.45,68,228.95297360735827,425.0636100769043,35,1.7289720807756697,3872.8974609375,79.34174684472548,2,3,7,0.0,0.134,0.15,0.05,0.15,0.25,0.4
444,frozen_mlp_ppo_seed1,0,NOOP,0.19525,-0.026809,0.191786,0,68,228.95297360735827,425.0636100769043,35,1.7289720807756697,3872.8974609375,79.34174684472548,2,3,7,0.0,0.134,0.15,0.05,0.15,0.25,0.4,84,280.3121482389071,220.7176685333252,38,1.5988199334395559,3888.330078125,81.33982260543571,2,4,8,0.0,0.1005,0.15,0.05,0.15,0.2,0.45
445,frozen_mlp_ppo_seed1,1,COMPACT_32KB,0.179557,0.305069,0.393045,0,84,280.3121482389071,220.7176685333252,38,1.5988199334395559,3888.330078125,81.33982260543571,2,4,8,0.0,0.1005,0.15,0.05,0.15,0.2,0.45,61,188.99834752745934,152.74977684020996,49,1.2533507055165816,3930.5078125,22.690912117029075,2,0,9,0.67,0.1005,0.15,0.1,0.15,0.15,0.45
446,frozen_mlp_ppo_seed1,0,NOOP,0.1935,-0.026802,0.189986,0,61,188.99834752745934,152.74977684020996,49,1.2533507055165816,3930.5078125,22.690912117029075,2,0,9,0.67,0.1005,0.15,0.1,0.15,0.15,0.45,90,300.30887901880436,240.71240425109863,52,1.1858708308293269,3946.578125,28.200160594063956,2,1,10,0.0,0.067,0.15,0.1,0.15,0.1,0.5
447,frozen_mlp_ppo_seed1,0,NOOP,0.193125,-0.018416,0.189034,0,90,300.30887901880436,240.71240425109863,52,1.1858708308293269,3946.578125,28.200160594063956,2,1,10,0.0,0.067,0.15,0.1,0.15,0.1,0.5,99,345.42673463683434,273.2870578765869,55,1.1259987571022727,3963.515625,31.785523561630267,2,2,11,0.0,0.067,0.15,0.1,0.15,0.1,0.5
448,frozen_mlp_ppo_seed1,0,NOOP,0.19275,-0.018433,0.187479,0,99,345.42673463683434,273.2870578765869,55,1.1259987571022727,3963.515625,31.785523561630267,2,2,11,0.0,0.067,0.15,0.1,0.15,0.1,0.5,96,342.83849467291174,336.06958389282227,58,1.072246946137527,3980.1806640625,34.32264589021627,2,3,12,0.0,0.067,0.15,0.1,0.15,0.1,0.5
449,frozen_mlp_ppo_seed1,0,NOOP,0.192375,-0.018438,0.18772,0,96,342.83849467291174,336.06958389282227,58,1.072246946137527,3980.1806640625,34.32264589021627,2,3,12,0.0,0.067,0.15,0.1,0.15,0.1,0.5,97,330.7299825224566,308.98523330688477,61,1.0237874515721055,3996.8662109375,36.17017266081422,2,4,13,0.0,0.067,0.1,0.1,0.15,0.1,0.55
450,frozen_mlp_ppo_seed1,3,COMPACT_128KB,0.162,-0.073431,0.19001,0,97,330.7299825224566,308.98523330688477,61,1.0237874515721055,3996.8662109375,36.17017266081422,2,4,13,0.0,0.067,0.1,0.1,0.15,0.1,0.55,60,214.81563932982104,279.5066833496094,44,1.4039639559659092,3953.5625,8.032430097367138,2,0,14,0.0,0.067,0.05,0.1,0.15,0.15,0.55
451,frozen_mlp_ppo_seed1,0,NOOP,0.194125,-0.018446,0.190654,0,60,214.81563932982104,279.5066833496094,44,1.4039639559659092,3953.5625,8.032430097367138,2,0,14,0.0,0.067,0.05,0.1,0.15,0.15,0.55,36,130.08753547373263,232.29002952575684,47,1.3180580950797873,3964.71875,22.656843710072717,2,1,15,0.0,0.067,0.05,0.1,0.1,0.15,0.6
452,frozen_mlp_ppo_seed1,0,NOOP,0.19375,-0.018446,0.185951,0,36,130.08753547373263,232.29002952575684,47,1.3180580950797873,3964.71875,22.656843710072717,2,1,15,0.0,0.067,0.05,0.1,0.1,0.15,0.6,32,117.06480713460239,452.4674415588379,50,1.2423574829101562,3975.5439453125,29.27717613073908,2,2,16,0.0,0.067,0.1,0.1,0.1,0.15,0.55
453,frozen_mlp_ppo_seed1,0,NOOP,0.193375,-0.01845,0.188849,0,32,117.06480713460239,452.4674415588379,50,1.2423574829101562,3975.5439453125,29.27717613073908,2,2,16,0.0,0.067,0.1,0.1,0.1,0.15,0.55,29,103.77830562153602,292.55008697509766,53,1.175136350235849,3986.0625,33.49808455724817,2,3,17,0.0,0.067,0.1,0.1,0.1,0.15,0.55
454,frozen_mlp_ppo_seed1,0,NOOP,0.193,-0.018447,0.180876,0,29,103.77830562153602,292.55008697509766,53,1.175136350235849,3986.0625,33.49808455724817,2,3,17,0.0,0.067,0.1,0.1,0.1,0.15,0.55,21,77.58800315706394,676.1980056762695,56,1.1148948669433594,3995.783203125,36.445901045787615,2,4,18,0.0,0.067,0.1,0.1,0.1,0.15,0.55
455,frozen_mlp_ppo_seed1,1,COMPACT_32KB,0.561557,-0.063452,0.187988,0,21,77.58800315706394,676.1980056762695,56,1.1148948669433594,3995.783203125,36.445901045787615,2,4,18,0.0,0.067,0.1,0.1,0.1,0.15,0.55,37,98.15252263767762,335.6177806854248,53,1.1773215239902712,3993.474609375,27.980512798010363,2,0,19,0.0,0.067,0.1,0.1,0.1,0.2,0.5
456,frozen_mlp_ppo_seed1,0,NOOP,0.193,-0.018455,0.189233,0,37,98.15252263767762,335.6177806854248,53,1.1773215239902712,3993.474609375,27.980512798010363,2,0,19,0.0,0.067,0.1,0.1,0.1,0.2,0.5,32,92.75380779416074,258.3608627319336,56,1.117279052734375,4004.328125,31.714916675818962,2,1,20,0.0,0.067,0.1,0.1,0.1,0.2,0.5
457,frozen_mlp_ppo_seed1,0,NOOP,0.192625,-0.018452,0.188102,0,32,92.75380779416074,258.3608627319336,56,1.117279052734375,4004.328125,31.714916675818962,2,1,20,0.0,0.067,0.1,0.1,0.1,0.2,0.5,49,177.67573282707383,299.9074459075928,59,1.0637486344676907,4016.71484375,34.30301789227857,2,2,21,0.0,0.067,0.1,0.1,0.1,0.2,0.5
458,frozen_mlp_ppo_seed1,5,PARTITION_REGION,-0.262295,-0.268457,0.188093,0,49,177.67573282707383,299.9074459075928,59,1.0637486344676907,4016.71484375,34.30301789227857,2,2,21,0.0,0.067,0.1,0.1,0.1,0.2,0.5,22,77.89305886295587,285.3357791900635,62,1.014773707236013,4026.6220703125,36.265902162092715,2,3,22,0.0,0.067,0.1,0.1,0.1,0.15,0.55
459,frozen_mlp_ppo_seed1,5,PARTITION_REGION,-0.268484,-0.268451,0.180687,0,22,77.89305886295587,285.3357791900635,62,1.014773707236013,4026.6220703125,36.265902162092715,2,3,22,0.0,0.067,0.1,0.1,0.1,0.15,0.55,50,162.42562808543727,349.98106956481934,65,0.9709338848407452,4039.0849609375,37.66706161589852,2,4,23,0.0,0.067,0.1,0.1,0.1,0.15,0.55
460,frozen_mlp_ppo_seed1,0,NOOP,0.177561,-0.018455,0.172854,0,50,162.42562808543727,349.98106956481934,65,0.9709338848407452,4039.0849609375,37.66706161589852,2,4,23,0.0,0.067,0.1,0.1,0.1,0.15,0.55,20,72.67954783913581,320.33371925354004,68,0.9303030126235065,4048.6787109375,38.78119549488901,2,5,24,0.0,0.067,0.1,0.1,0.05,0.15,0.6
461,frozen_mlp_ppo_seed1,2,COMPACT_64KB,0.215591,-0.076827,0.183705,0,20,72.67954783913581,320.33371925354004,68,0.9303030126235065,4048.6787109375,38.78119549488901,2,5,24,0.0,0.067,0.1,0.1,0.05,0.15,0.6,25,81.39904610492846,574.725866317749,48,1.3006833394368489,3995.69921875,15.441168220331091,2,0,25,0.0,0.0335,0.1,0.05,0.1,0.15,0.6
462,frozen_mlp_ppo_seed1,5,PARTITION_REGION,-0.26092,-0.268437,0.189921,0,25,81.39904610492846,574.725866317749,48,1.3006833394368489,3995.69921875,15.441168220331091,2,0,25,0.0,0.0335,0.1,0.05,0.1,0.15,0.6,41,114.56960994764746,248.95167350769043,51,1.227751189587163,4007.3798828125,24.07677502313141,2,1,26,0.0,0.0335,0.1,0.05,0.1,0.1,0.65
463,frozen_mlp_ppo_seed1,5,PARTITION_REGION,-0.261295,-0.268437,0.188722,0,41,114.56960994764746,248.95167350769043,51,1.227751189587163,4007.3798828125,24.07677502313141,2,1,26,0.0,0.0335,0.1,0.05,0.1,0.1,0.65,43,155.55293437808606,293.9026355743408,54,1.1629551075122975,4019.1728515625,29.064762123625687,2,2,27,0.0,0.0335,0.05,0.05,0.1,0.1,0.7
464,frozen_mlp_ppo_seed1,4,PARTITION_HOUR,0.011057,-0.118441,0.187892,0,43,155.55293437808606,293.9026355743408,54,1.1629551075122975,4019.1728515625,29.064762123625687,2,2,27,0.0,0.0335,0.05,0.05,0.1,0.1,0.7,23,85.60821961084991,320.38331031799316,57,1.1044654176946271,4029.08984375,32.49989175164395,1,3,0,0.0,0.0335,0.05,0.05,0.1,0.15,0.65
465,frozen_mlp_ppo_seed1,0,NOOP,0.19275,-0.044188,0.186668,0,23,85.60821961084991,320.38331031799316,57,1.1044654176946271,4029.08984375,32.49989175164395,1,3,0,0.0,0.0335,0.05,0.05,0.1,0.15,0.65,25,86.83089780036055,376.5983581542969,58,1.0867464789028825,4034.0029296875,33.3511532479241,1,4,1,0.0,0.0,0.05,0.0,0.1,0.15,0.7
466,frozen_mlp_ppo_seed1,1,COMPACT_32KB,0.561932,-0.104865,0.190144,0,25,86.83089780036055,376.5983581542969,58,1.0867464789028825,4034.0029296875,33.3511532479241,1,4,1,0.0,0.0,0.05,0.0,0.1,0.15,0.7,35,130.77646853405386,242.79356002807617,50,1.2563101196289062,4020.1923828125,21.08315448705029,1,0,2,0.0,0.0,0.05,0.0,0.1,0.15,0.7
467,frozen_mlp_ppo_seed1,0,NOOP,0.193625,-0.059848,0.187244,0,35,130.77646853405386,242.79356002807617,50,1.2563101196289062,4020.1923828125,21.08315448705029,1,0,2,0.0,0.0,0.05,0.0,0.1,0.15,0.7,38,136.23736810793437,382.77721405029297,51,1.2335354674096202,4026.259765625,23.322962754335013,1,1,3,0.0,0.0,0.05,0.05,0.1,0.15,0.65
468,frozen_mlp_ppo_seed1,0,NOOP,0.1935,0.362038,0.407154,0,38,136.23736810793437,382.77721405029297,51,1.2335354674096202,4026.259765625,23.322962754335013,1,1,3,0.0,0.0,0.05,0.05,0.1,0.15,0.65,24,86.30025779493172,632.2765350341797,52,1.2112684983473558,4031.1015625,25.27647020912743,1,2,4,0.75,0.0375,0.05,0.05,0.15,0.15,0.6
469,frozen_mlp_ppo_seed1,0,NOOP,0.193375,-0.059818,0.189584,0,24,86.30025779493172,632.2765350341797,52,1.2112684983473558,4031.1015625,25.27647020912743,1,2,4,0.75,0.0375,0.05,0.05,0.15,0.15,0.6,43,152.04594212721761,255.77545166015625,53,1.1903352557488207,4037.6171875,26.865247264388064,1,3,5,0.0,0.0375,0.05,0.05,0.15,0.15,0.6
470,frozen_mlp_ppo_seed1,0,NOOP,0.19325,-0.059805,0.18934,0,43,152.04594212721761,255.77545166015625,53,1.1903352557488207,4037.6171875,26.865247264388064,1,3,5,0.0,0.0375,0.05,0.05,0.15,0.15,0.6,28,101.12134680923245,263.02456855773926,54,1.1697958487051505,4042.814453125,28.30961020953153,1,4,6,0.0,0.0375,0.05,0.05,0.15,0.1,0.65
471,frozen_mlp_ppo_seed1,1,COMPACT_32KB,0.561932,-0.104795,0.190066,0,28,101.12134680923245,263.02456855773926,54,1.1697958487051505,4042.814453125,28.30961020953153,1,4,6,0.0,0.0375,0.05,0.05,0.15,0.1,0.65,22,76.48091928262271,246.68359756469727,50,1.2605325317382812,4033.7041015625,20.205043963739676,1,0,7,0.0,0.0375,0.05,0.05,0.15,0.1,0.65
472,frozen_mlp_ppo_seed1,0,NOOP,0.193625,-0.059781,0.19011,0,22,76.48091928262271,246.68359756469727,50,1.2605325317382812,4033.7041015625,20.205043963739676,1,0,7,0.0,0.0375,0.05,0.05,0.15,0.1,0.65,32,115.10263363262926,239.5017147064209,51,1.237525790345435,4039.2841796875,22.59755957042013,1,1,8,0.0,0.0375,0.0,0.05,0.15,0.1,0.7
473,frozen_mlp_ppo_seed1,0,NOOP,0.1935,0.362107,0.407124,0,32,115.10263363262926,239.5017147064209,51,1.237525790345435,4039.2841796875,22.59755957042013,1,1,8,0.0,0.0375,0.0,0.05,0.15,0.1,0.7,30,110.9102495960822,633.821964263916,52,1.2153546259953425,4044.7001953125,24.603565177987754,1,2,9,0.75,0.075,0.0,0.05,0.2,0.1,0.65
474,frozen_mlp_ppo_seed1,0,NOOP,0.193375,-0.059755,0.187757,0,30,110.9102495960822,633.821964263916,52,1.2153546259953425,4044.7001953125,24.603565177987754,1,2,9,0.75,0.075,0.0,0.05,0.2,0.1,0.65,28,106.65453851952086,347.1672534942627,53,1.19395619518352,4049.8994140625,26.326742958838278,1,3,10,0.0,0.075,0.0,0.05,0.15,0.1,0.7
475,frozen_mlp_ppo_seed1,0,NOOP,0.19325,-0.059743,0.189558,0,28,106.65453851952086,347.1672534942627,53,1.19395619518352,4049.8994140625,26.326742958838278,1,3,10,0.0,0.075,0.0,0.05,0.15,0.1,0.7,27,97.3435771717585,252.10022926330566,54,1.1733243023907696,4055.0087890625,27.823957028634332,1,4,11,0.0,0.075,0.0,0.05,0.15,0.05,0.75
476,frozen_mlp_ppo_seed1,1,COMPACT_32KB,0.561807,-0.104722,0.189571,0,27,97.3435771717585,252.10022926330566,54,1.1733243023907696,4055.0087890625,27.823957028634332,1,4,11,0.0,0.075,0.0,0.05,0.15,0.05,0.75,48,181.70335632980624,266.4456367492676,51,1.241068821327359,4050.8486328125,21.891008551398965,1,0,12,0.0,0.075,0.0,0.05,0.15,0.05,0.75
477,frozen_mlp_ppo_seed1,0,NOOP,0.1935,-0.059712,0.189929,0,48,181.70335632980624,266.4456367492676,51,1.241068821327359,4050.8486328125,21.891008551398965,1,0,12,0.0,0.075,0.0,0.05,0.15,0.05,0.75,25,78.5264900042312,243.53885650634766,52,1.2186822157639723,4055.7744140625,24.01172530441093,1,1,13,0.0,0.075,0.0,0.05,0.15,0.05,0.75
478,frozen_mlp_ppo_seed1,0,NOOP,0.193375,-0.059698,0.189435,0,25,78.5264900042312,243.53885650634766,52,1.2186822157639723,4055.7744140625,24.01172530441093,1,1,13,0.0,0.075,0.0,0.05,0.15,0.05,0.75,32,117.43600539329303,263.23866844177246,53,1.197347676978921,4061.4033203125,25.773737207122288,1,2,14,0.0,0.075,0.0,0.05,0.15,0.05,0.75
479,frozen_mlp_ppo_seed1,0,NOOP,0.19325,-0.059683,0.189451,0,32,117.43600539329303,263.23866844177246,53,1.197347676978921,4061.4033203125,25.773737207122288,1,2,14,0.0,0.075,0.0,0.05,0.15,0.05,0.75,36,133.84332360942324,257.4470043182373,54,1.1768776222511574,4067.2890625,27.28430051705106,1,3,15,0.0,0.075,0.0,0.05,0.15,0.05,0.75
480,frozen_mlp_ppo_seed1,0,NOOP,0.193125,-0.059674,0.187946,0,36,133.84332360942324,257.4470043182373,54,1.1768776222511574,4067.2890625,27.28430051705106,1,3,15,0.0,0.075,0.0,0.05,0.15,0.05,0.75,20,75.89845110704363,327.714204788208,55,1.1567441073330966,4071.7392578125,28.66995645129031,1,4,16,0.0,0.075,0.0,0.1,0.15,0.05,0.7
481,frozen_mlp_ppo_seed1,3,COMPACT_128KB,-0.13075,-0.062782,0.190511,0,20,75.89845110704363,327.714204788208,55,1.1567441073330966,4071.7392578125,28.66995645129031,1,4,16,0.0,0.075,0.0,0.1,0.15,0.05,0.7,47,174.29818055783966,244.4472312927246,46,1.3754909349524456,4049.4453125,11.623909139196584,1,0,17,0.0,0.075,0.0,0.1,0.1,0.05,0.75
482,frozen_mlp_ppo_seed1,0,NOOP,0.194125,-0.007723,0.189405,0,47,174.29818055783966,244.4472312927246,46,1.3754909349524456,4049.4453125,11.623909139196584,1,0,17,0.0,0.075,0.0,0.1,0.1,0.05,0.75,47,180.2502315621231,294.74759101867676,47,1.3485282735621675,4056.373046875,16.496403628877037,1,1,18,0.0,0.075,0.0,0.15,0.1,0.05,0.7
483,frozen_mlp_ppo_seed1,0,NOOP,0.194,0.414187,0.407734,0,47,180.2502315621231,294.74759101867676,47,1.3485282735621675,4056.373046875,16.496403628877037,1,1,18,0.0,0.075,0.0,0.15,0.1,0.05,0.7,28,108.07326201486185,623.276948928833,48,1.3221216201782227,4061.5576171875,20.085773394233506,1,2,19,0.75,0.1125,0.0,0.15,0.15,0.05,0.65
484,frozen_mlp_ppo_seed1,0,NOOP,0.193875,-0.007633,0.18819,0,28,108.07326201486185,623.276948928833,48,1.3221216201782227,4061.5576171875,20.085773394233506,1,2,19,0.75,0.1125,0.0,0.15,0.15,0.05,0.65,43,166.92912907743127,345.47972679138184,49,1.2972287547831634,4068.109375,22.790360130279655,1,3,20,0.0,0.1125,0.0,0.15,0.15,0.05,0.65
485,frozen_mlp_ppo_seed1,6,PARTITION_EVENT_TYPE,0.011932,-0.107592,0.19028,0,43,166.92912907743127,345.47972679138184,49,1.2972287547831634,4068.109375,22.790360130279655,1,3,20,0.0,0.1125,0.0,0.15,0.15,0.05,0.65,33,126.99155451124888,235.99934577941895,50,1.2730538940429688,4073.7724609375,25.069713149586917,3,4,0,0.0,0.1125,0.0,0.15,0.15,0.05,0.65
486,frozen_mlp_ppo_seed1,1,COMPACT_32KB,0.561932,-0.084213,0.190153,0,33,126.99155451124888,235.99934577941895,50,1.2730538940429688,4073.7724609375,25.069713149586917,3,4,0,0.0,0.1125,0.0,0.15,0.15,0.05,0.65,43,140.71496327157965,242.3727512359619,50,1.2751898193359374,4080.607421875,22.353467813655282,3,0,1,0.0,0.1125,0.0,0.15,0.15,0.05,0.65
487,frozen_mlp_ppo_seed1,0,NOOP,0.193375,-0.039217,0.185721,0,43,140.71496327157965,242.3727512359619,50,1.2751898193359374,4080.607421875,22.353467813655282,3,0,1,0.0,0.1125,0.0,0.15,0.15,0.05,0.65,22,74.52752338407387,448.93455505371094,53,1.2059392389261498,4090.5458984375,28.3646614604029,3,1,2,0.0,0.1125,0.0,0.1,0.15,0.05,0.7
488,frozen_mlp_ppo_seed1,0,NOOP,0.193,-0.048588,0.188901,0,22,74.52752338407387,448.93455505371094,53,1.2059392389261498,4090.5458984375,28.3646614604029,3,1,2,0.0,0.1125,0.0,0.1,0.15,0.05,0.7,39,133.76728211217366,274.9335765838623,56,1.14453125,4102.0,32.226463450583836,3,2,3,0.0,0.075,0.0,0.1,0.1,0.05,0.75
489,frozen_mlp_ppo_seed1,0,NOOP,0.192625,-0.039215,0.18802,0,39,133.76728211217366,274.9335765838623,56,1.14453125,4102.0,32.226463450583836,3,2,3,0.0,0.075,0.0,0.1,0.1,0.05,0.75,22,70.93273148247796,304.02278900146484,59,1.0889558953753973,4111.8974609375,35.00096878086283,3,3,4,0.0,0.075,0.0,0.15,0.1,0.05,0.7
490,frozen_mlp_ppo_seed1,0,NOOP,0.19225,-0.039212,0.187995,0,22,70.93273148247796,304.02278900146484,59,1.0889558953753973,4111.8974609375,35.00096878086283,3,3,4,0.0,0.075,0.0,0.15,0.1,0.05,0.7,34,101.62727252643724,290.2708053588867,62,1.0390403501449093,4122.912109375,36.997902887513504,3,4,5,0.0,0.075,0.0,0.15,0.1,0.05,0.7
491,frozen_mlp_ppo_seed1,2,COMPACT_64KB,0.215466,-0.089219,0.189602,0,34,101.62727252643724,290.2708053588867,62,1.0390403501449093,4122.912109375,36.997902887513504,3,4,5,0.0,0.075,0.0,0.15,0.1,0.05,0.7,41,147.2174449025436,274.9009132385254,49,1.3047441755022322,4091.677734375,18.37157357095078,3,0,6,0.0,0.075,0.0,0.15,0.1,0.05,0.7
492,frozen_mlp_ppo_seed1,0,NOOP,0.1935,0.337651,0.391462,0,41,147.2174449025436,274.9009132385254,49,1.3047441755022322,4091.677734375,18.37157357095078,3,0,6,0.0,0.075,0.0,0.15,0.1,0.05,0.7,28,104.50824387049008,216.8881893157959,52,1.2325580303485577,4101.953125,25.945189805857346,3,1,7,0.67,0.1085,0.0,0.15,0.1,0.1,0.65
493,frozen_mlp_ppo_seed1,0,NOOP,0.193125,-0.048598,0.181091,0,28,104.50824387049008,216.8881893157959,52,1.2325580303485577,4101.953125,25.945189805857346,3,1,7,0.67,0.1085,0.0,0.15,0.1,0.1,0.65,32,119.76101642436556,670.4578399658203,55,1.1683840664950285,4112.7119140625,30.554736087690564,3,2,8,0.0,0.071,0.0,0.15,0.1,0.1,0.65
494,frozen_mlp_ppo_seed1,0,NOOP,0.19275,0.337644,0.391004,0,32,119.76101642436556,670.4578399658203,55,1.1683840664950285,4112.7119140625,30.554736087690564,3,2,8,0.0,0.071,0.0,0.15,0.1,0.1,0.65,47,167.22409193358618,209.80072021484375,58,1.1112050023572198,4124.79296875,33.680400303192194,3,3,9,0.67,0.1045,0.0,0.15,0.1,0.15,0.6
495,frozen_mlp_ppo_seed1,0,NOOP,0.1925,-0.039245,0.18844,0,47,167.22409193358618,209.80072021484375,58,1.1112050023572198,4124.79296875,33.680400303192194,3,3,9,0.67,0.1045,0.0,0.15,0.1,0.15,0.6,40,142.42578283509994,278.00440788269043,60,1.0764869689941405,4133.7099609375,35.235996073719264,3,4,10,0.0,0.1045,0.0,0.15,0.1,0.15,0.6
496,frozen_mlp_ppo_seed1,0,NOOP,0.192125,-0.039242,0.179183,0,40,142.42578283509994,278.00440788269043,60,1.0764869689941405,4133.7099609375,35.235996073719264,3,4,10,0.0,0.1045,0.0,0.15,0.1,0.15,0.6,21,77.11022126194774,725.8453369140625,63,1.0276646689763145,4143.5439453125,37.14733053502701,3,5,11,0.0,0.1045,0.0,0.15,0.15,0.15,0.55
497,frozen_mlp_ppo_seed1,0,NOOP,0.188426,-0.039244,0.183999,0,21,77.11022126194774,725.8453369140625,63,1.0276646689763145,4143.5439453125,37.14733053502701,3,5,11,0.0,0.1045,0.0,0.15,0.15,0.15,0.55,27,92.45712988763532,303.84349822998047,66,0.9833776300603693,4153.787109375,38.5689569761456,3,6,12,0.0,0.1045,0.0,0.15,0.15,0.15,0.55
498,frozen_mlp_ppo_seed1,0,NOOP,0.17998,-0.039243,0.166941,0,27,92.45712988763532,303.84349822998047,66,0.9833776300603693,4153.787109375,38.5689569761456,3,6,12,0.0,0.1045,0.0,0.15,0.15,0.15,0.55,31,108.82205777242879,738.1980419158936,69,0.9430254507755887,4164.400390625,39.63395555474954,3,7,13,0.0,0.1045,0.0,0.15,0.2,0.15,0.5
499,frozen_mlp_ppo_seed1,3,COMPACT_128KB,-0.13075,-0.094241,0.190407,0,31,108.82205777242879,738.1980419158936,69,0.9430254507755887,4164.400390625,39.63395555474954,3,7,13,0.0,0.1045,0.0,0.15,0.2,0.15,0.5,32,116.25645454254104,249.66025352478027,46,1.3943886134935461,4105.080078125,7.46916983180892,3,0,14,0.0,0.1045,0.0,0.15,0.2,0.15,0.5
500,frozen_mlp_ppo_seed1,0,NOOP,0.193875,-0.039247,0.190004,1,32,116.25645454254104,249.66025352478027,46,1.3943886134935461,4105.080078125,7.46916983180892,3,0,14,0.0,0.1045,0.0,0.15,0.2,0.15,0.5,32,105.10039834210751,254.79793548583984,49,1.3124439473054847,4115.82421875,21.97454980121056,3,1,15,0.0,0.1045,0.0,0.1,0.2,0.15,0.55
