step,policy_name,action,action_name,compact_reward,partition_reward,global_reward,done,rows_ingested,ingestion_rate_rows_per_sec,latency_ms,file_count,block_utilization,total_size_kb,file_size_skew_kb,partition_strategy,steps_since_compact,steps_since_partition_change,partition_pruning_ratio,avg_pruning_ratio,query_hist_time_range,query_hist_region_filter,query_hist_sensor_lookup,query_hist_type_filter,query_hist_full_scan,next_rows_ingested,next_ingestion_rate_rows_per_sec,next_latency_ms,next_file_count,next_block_utilization,next_total_size_kb,next_file_size_skew_kb,next_partition_strategy,next_steps_since_compact,next_steps_since_partition_change,next_partition_pruning_ratio,next_avg_pruning_ratio,next_query_hist_time_range,next_query_hist_region_filter,next_query_hist_sensor_lookup,next_query_hist_type_filter,next_query_hist_full_scan
1,frozen_attentive_ppoclip_seed3,0,NOOP,0.01929,0.0,0.017943,0,0,0.0,0.0,0,0.0,0.0,0.0,0,0,0,0.0,0.0,0.0,0.0,0.0,0.0,0.0,40,272.715563134051,68.59588623046875,1,0.097076416015625,6.212890625,0.0,0,1,1,0.0,0.0,1.0,0.0,0.0,0.0,0.0
2,frozen_attentive_ppoclip_seed3,0,NOOP,0.019705,0.0,0.018343,0,40,272.715563134051,68.59588623046875,1,0.097076416015625,6.212890625,0.0,0,1,1,0.0,0.0,1.0,0.0,0.0,0.0,0.0,43,269.5149196633512,70.61934471130371,2,0.0997772216796875,12.771484375,0.2444490239648807,0,2,2,0.0,0.0,1.0,0.0,0.0,0.0,0.0
3,frozen_attentive_ppoclip_seed3,0,NOOP,0.020221,0.0,0.018653,0,43,269.5149196633512,70.61934471130371,2,0.0997772216796875,12.771484375,0.2444490239648807,0,2,2,0.0,0.0,1.0,0.0,0.0,0.0,0.0,48,299.68188794002987,82.18860626220703,3,0.1029815673828125,19.7724609375,0.3950300934349664,0,3,3,0.0,0.0,0.6666666666666666,0.0,0.3333333333333333,0.0,0.0
4,frozen_attentive_ppoclip_seed3,0,NOOP,0.020558,0.0,0.018441,0,48,299.68188794002987,82.18860626220703,3,0.1029815673828125,19.7724609375,0.3950300934349664,0,3,3,0.0,0.0,0.6666666666666666,0.0,0.3333333333333333,0.0,0.0,50,314.2723556280196,110.82768440246582,4,0.10528945922851562,26.9541015625,0.4373781852071977,0,4,4,0.0,0.0,0.75,0.0,0.25,0.0,0.0
5,frozen_attentive_ppoclip_seed3,0,NOOP,0.019579,0.0,0.018345,0,50,314.2723556280196,110.82768440246582,4,0.10528945922851562,26.9541015625,0.4373781852071977,0,4,4,0.0,0.0,0.75,0.0,0.25,0.0,0.0,30,139.52488246252108,67.96073913574219,5,0.101019287109375,32.326171875,0.7189677696378859,0,5,5,0.0,0.0,0.6,0.0,0.2,0.2,0.0
6,frozen_attentive_ppoclip_seed3,0,NOOP,0.019312,0.0,0.017372,0,30,139.52488246252108,67.96073913574219,5,0.101019287109375,32.326171875,0.7189677696378859,0,5,5,0.0,0.0,0.6,0.0,0.2,0.2,0.0,39,241.98838416862188,104.4919490814209,6,0.100311279296875,38.51953125,0.6525726464999594,0,6,6,0.0,0.0,0.6666666666666666,0.0,0.16666666666666666,0.16666666666666666,0.0
7,frozen_attentive_ppoclip_seed3,0,NOOP,0.019478,0.0,0.017689,0,39,241.98838416862188,104.4919490814209,6,0.100311279296875,38.51953125,0.6525726464999594,0,6,6,0.0,0.0,0.6666666666666666,0.0,0.16666666666666666,0.16666666666666666,0.0,49,250.38881978345702,98.1907844543457,7,0.10176522391183036,45.5908203125,0.6445829648715405,0,7,7,0.0,0.0,0.7142857142857143,0.0,0.14285714285714285,0.14285714285714285,0.0
8,frozen_attentive_ppoclip_seed3,0,NOOP,0.01951,0.0,0.017396,0,49,250.38881978345702,98.1907844543457,7,0.10176522391183036,45.5908203125,0.6445829648715405,0,7,7,0.0,0.0,0.7142857142857143,0.0,0.14285714285714285,0.14285714285714285,0.0,47,264.7830276492435,115.67306518554688,8,0.10254859924316406,52.5048828125,0.6133847483390292,0,8,8,0.0,0.0,0.625,0.0,0.25,0.125,0.0
9,frozen_attentive_ppoclip_seed3,0,NOOP,0.019568,0.0,0.017612,0,47,264.7830276492435,115.67306518554688,8,0.10254859924316406,52.5048828125,0.6133847483390292,0,8,8,0.0,0.0,0.625,0.0,0.25,0.125,0.0,49,290.7420397123149,109.0397834777832,9,0.1034664577907986,59.5966796875,0.6002227484523314,0,9,9,0.0,0.0,0.6666666666666666,0.0,0.2222222222222222,0.1111111111111111,0.0
10,frozen_attentive_ppoclip_seed3,0,NOOP,0.019244,0.0,0.017104,0,49,290.7420397123149,109.0397834777832,9,0.1034664577907986,59.5966796875,0.6002227484523314,0,9,9,0.0,0.0,0.6666666666666666,0.0,0.2222222222222222,0.1111111111111111,0.0,37,219.43467336328146,119.52853202819824,10,0.10247039794921875,65.5810546875,0.600729140772322,0,10,10,0.0,0.0,0.7,0.0,0.2,0.1,0.0
11,frozen_attentive_ppoclip_seed3,0,NOOP,0.019301,0.0,0.017203,0,37,219.43467336328146,119.52853202819824,10,0.10247039794921875,65.5810546875,0.600729140772322,0,10,10,0.0,0.0,0.7,0.0,0.2,0.1,0.0,50,296.7905916983909,118.6373233795166,11,0.10338107022372159,72.7802734375,0.6017922999498596,0,11,11,0.0,0.0,0.7272727272727273,0.0,0.18181818181818182,0.09090909090909091,0.0
12,frozen_attentive_ppoclip_seed3,0,NOOP,0.018996,0.0,0.017607,0,50,296.7905916983909,118.6373233795166,11,0.10338107022372159,72.7802734375,0.6017922999498596,0,11,11,0.0,0.0,0.7272727272727273,0.0,0.18181818181818182,0.09090909090909091,0.0,36,211.54565756476177,84.43880081176758,12,0.10248057047526042,78.705078125,0.6075263210026716,0,12,12,0.0,0.0,0.6666666666666666,0.08333333333333333,0.16666666666666666,0.08333333333333333,0.0
13,frozen_attentive_ppoclip_seed3,0,NOOP,0.018838,0.0,0.016695,0,36,211.54565756476177,84.43880081176758,12,0.10248057047526042,78.705078125,0.6075263210026716,0,12,12,0.0,0.0,0.6666666666666666,0.08333333333333333,0.16666666666666666,0.08333333333333333,0.0,42,250.29342570582978,123.40831756591797,13,0.10231604942908654,85.126953125,0.5828997778921405,0,13,13,0.0,0.0,0.6923076923076923,0.07692307692307693,0.15384615384615385,0.07692307692307693,0.0
14,frozen_attentive_ppoclip_seed3,0,NOOP,0.018634,0.0,0.016459,0,42,250.29342570582978,123.40831756591797,13,0.10231604942908654,85.126953125,0.5828997778921405,0,13,13,0.0,0.0,0.6923076923076923,0.07692307692307693,0.15384615384615385,0.07692307692307693,0.0,39,230.68603977193402,126.24168395996094,14,0.10191890171595983,91.3193359375,0.5680497240977616,0,14,14,0.0,0.0,0.7142857142857143,0.07142857142857142,0.14285714285714285,0.07142857142857142,0.0
15,frozen_attentive_ppoclip_seed3,0,NOOP,0.018311,0.0,0.016179,0,39,230.68603977193402,126.24168395996094,14,0.10191890171595983,91.3193359375,0.5680497240977616,0,14,14,0.0,0.0,0.7142857142857143,0.07142857142857142,0.14285714285714285,0.07142857142857142,0.0,32,193.56018320892508,125.36215782165527,15,0.10093180338541667,96.89453125,0.5995804803536062,0,15,15,0.0,0.0,0.7333333333333333,0.06666666666666667,0.13333333333333333,0.06666666666666667,0.0
16,frozen_attentive_ppoclip_seed3,0,NOOP,0.018061,0.0,0.01482,0,32,193.56018320892508,125.36215782165527,15,0.10093180338541667,96.89453125,0.5995804803536062,0,15,15,0.0,0.0,0.7333333333333333,0.06666666666666667,0.13333333333333333,0.06666666666666667,0.0,35,206.03454010849046,182.0509433746338,16,0.10030555725097656,102.712890625,0.6010261952366439,0,16,16,0.0,0.0,0.75,0.0625,0.125,0.0625,0.0
17,frozen_attentive_ppoclip_seed3,0,NOOP,0.017938,0.0,0.015403,0,35,206.03454010849046,182.0509433746338,16,0.10030555725097656,102.712890625,0.6010261952366439,0,16,16,0.0,0.0,0.75,0.0625,0.125,0.0625,0.0,42,236.53551105465698,147.9787826538086,17,0.10031307444852941,109.140625,0.5819444919265846,0,17,17,0.0,0.0,0.7647058823529411,0.058823529411764705,0.11764705882352941,0.058823529411764705,0.0
18,frozen_attentive_ppoclip_seed3,2,COMPACT_64KB,0.131667,-0.05,0.108839,0,42,236.53551105465698,147.9787826538086,17,0.10031307444852941,109.140625,0.5819444919265846,0,17,17,0.0,0.0,0.7647058823529411,0.058823529411764705,0.11764705882352941,0.058823529411764705,0.0,41,246.06324200031193,64.32294845581055,2,0.5516281127929688,70.6083984375,4.5982656796105665,0,0,18,0.0,0.0,0.7777777777777778,0.05555555555555555,0.1111111111111111,0.05555555555555555,0.0
19,frozen_attentive_ppoclip_seed3,0,NOOP,0.0799,0.0,0.07848,0,41,246.06324200031193,64.32294845581055,2,0.5516281127929688,70.6083984375,4.5982656796105665,0,0,18,0.0,0.0,0.7777777777777778,0.05555555555555555,0.1111111111111111,0.05555555555555555,0.0,42,237.36512919877492,74.77879524230957,3,0.4013773600260417,77.064453125,16.969890137007525,0,1,19,0.0,0.0,0.7894736842105263,0.05263157894736842,0.10526315789473684,0.05263157894736842,0.0
20,frozen_attentive_ppoclip_seed3,0,NOOP,0.064312,0.0,0.062905,0,42,237.36512919877492,74.77879524230957,3,0.4013773600260417,77.064453125,16.969890137007525,0,1,19,0.0,0.0,0.7894736842105263,0.05263157894736842,0.10526315789473684,0.05263157894736842,0.0,36,216.91278808347542,75.35982131958008,4,0.32405853271484375,82.958984375,17.02737874588065,0,2,20,0.0,0.0,0.8,0.05,0.1,0.05,0.0
21,frozen_attentive_ppoclip_seed3,4,PARTITION_HOUR,-0.126557,-0.1,0.053396,0,36,216.91278808347542,75.35982131958008,4,0.32405853271484375,82.958984375,17.02737874588065,0,2,20,0.0,0.0,0.8,0.05,0.1,0.05,0.0,42,245.13314584774147,99.5326042175293,5,0.27943115234375,89.41796875,16.06974645942786,1,3,0,0.0,0.0,0.8,0.05,0.1,0.05,0.0
22,frozen_attentive_ppoclip_seed3,0,NOOP,0.04926,-0.045285,0.047552,0,42,245.13314584774147,99.5326042175293,5,0.27943115234375,89.41796875,16.06974645942786,1,3,0,0.0,0.0,0.8,0.05,0.1,0.05,0.0,43,252.50406991232958,92.91267395019531,6,0.2500508626302083,96.01953125,15.093158688753595,1,4,1,0.0,0.0,0.75,0.05,0.1,0.1,0.0
23,frozen_attentive_ppoclip_seed3,0,NOOP,0.045177,0.009696,0.069986,0,43,252.50406991232958,92.91267395019531,6,0.2500508626302083,96.01953125,15.093158688753595,1,4,1,0.0,0.0,0.75,0.05,0.1,0.1,0.0,50,279.2074119734952,102.40411758422852,7,0.23026166643415177,103.1572265625,14.179721675803094,1,5,2,0.08893970893970894,0.0044469854469854474,0.8,0.05,0.05,0.1,0.0
24,frozen_attentive_ppoclip_seed3,0,NOOP,0.042027,-0.03604,0.040716,0,50,279.2074119734952,102.40411758422852,7,0.23026166643415177,103.1572265625,14.179721675803094,1,5,2,0.08893970893970894,0.0044469854469854474,0.8,0.05,0.05,0.1,0.0,48,264.5302835999748,75.57845115661621,8,0.21513748168945312,110.150390625,13.410309084655161,1,6,3,0.0,0.0044469854469854474,0.75,0.05,0.05,0.1,0.05
25,frozen_attentive_ppoclip_seed3,0,NOOP,0.039271,0.055958,0.084389,0,48,264.5302835999748,75.57845115661621,8,0.21513748168945312,110.150390625,13.410309084655161,1,6,3,0.0,0.0044469854469854474,0.75,0.05,0.05,0.1,0.05,39,193.20576719332996,123.29483032226562,9,0.20197889539930555,116.33984375,12.796084689974984,1,7,4,0.15786463298379408,0.012340217096175152,0.8,0.05,0.05,0.05,0.05
26,frozen_attentive_ppoclip_seed3,0,NOOP,0.037266,-0.029288,0.036179,0,39,193.20576719332996,123.29483032226562,9,0.20197889539930555,116.33984375,12.796084689974984,1,7,4,0.15786463298379408,0.012340217096175152,0.8,0.05,0.05,0.05,0.05,47,247.21045061178015,66.8787956237793,10,0.1925811767578125,123.251953125,12.213269144039472,1,8,5,0.0,0.012340217096175152,0.75,0.05,0.05,0.05,0.1
27,frozen_attentive_ppoclip_seed3,0,NOOP,0.035387,0.094718,0.098036,0,47,247.21045061178015,66.8787956237793,10,0.1925811767578125,123.251953125,12.213269144039472,1,8,5,0.0,0.012340217096175152,0.75,0.05,0.05,0.05,0.1,39,213.60221257080775,115.52309989929199,11,0.18381153453480115,129.4033203125,11.735103482698367,1,9,6,0.21561233480176212,0.023120833836263257,0.75,0.05,0.05,0.05,0.1
28,frozen_attentive_ppoclip_seed3,0,NOOP,0.033885,0.111976,0.104254,0,39,213.60221257080775,115.52309989929199,11,0.18381153453480115,129.4033203125,11.735103482698367,1,9,6,0.21561233480176212,0.023120833836263257,0.75,0.05,0.05,0.05,0.1,43,241.07644187327236,116.43099784851074,12,0.17692693074544272,135.8798828125,11.292608943419866,1,10,7,0.24132427843803056,0.03518704775816479,0.8,0.05,0.0,0.05,0.1
29,frozen_attentive_ppoclip_seed3,0,NOOP,0.032589,-0.02123,0.030782,0,43,241.07644187327236,116.43099784851074,12,0.17692693074544272,135.8798828125,11.292608943419866,1,10,7,0.24132427843803056,0.03518704775816479,0.8,0.05,0.0,0.05,0.1,42,242.05920916127454,106.64081573486328,13,0.17107215294471154,142.33203125,10.895933010054783,1,11,8,0.0,0.03518704775816479,0.75,0.05,0.0,0.1,0.1
30,frozen_attentive_ppoclip_seed3,0,NOOP,0.03124,0.138557,0.113173,0,42,242.05920916127454,106.64081573486328,13,0.17107215294471154,142.33203125,10.895933010054783,1,11,8,0.0,0.03518704775816479,0.75,0.05,0.0,0.1,0.1,31,167.44267602459675,134.74273681640625,14,0.16494968959263392,147.794921875,10.570641352938951,1,12,9,0.2809272581934453,0.049233410667837055,0.75,0.05,0.0,0.1,0.1
31,frozen_attentive_ppoclip_seed3,0,NOOP,0.030384,-0.016846,0.028697,0,31,167.44267602459675,134.74273681640625,14,0.16494968959263392,147.794921875,10.570641352938951,1,12,9,0.2809272581934453,0.049233410667837055,0.75,0.05,0.0,0.1,0.1,49,270.86595277790593,103.11388969421387,15,0.1612945556640625,154.8427734375,10.226337506072415,1,13,10,0.0,0.04923341066783704,0.7,0.05,0.0,0.15,0.1
32,frozen_attentive_ppoclip_seed3,0,NOOP,0.029462,-0.014851,0.027699,0,49,270.86595277790593,103.11388969421387,15,0.1612945556640625,154.8427734375,10.226337506072415,1,13,10,0.0,0.04923341066783704,0.7,0.05,0.0,0.15,0.1,40,178.57030642981064,108.15048217773438,16,0.15731239318847656,161.087890625,9.932036970713973,1,14,11,0.0,0.049233410667837055,0.7,0.0,0.0,0.2,0.1
33,frozen_attentive_ppoclip_seed3,0,NOOP,0.02862,0.178372,0.12829,0,40,178.57030642981064,108.15048217773438,16,0.15731239318847656,161.087890625,9.932036970713973,1,14,11,0.0,0.049233410667837055,0.7,0.0,0.0,0.2,0.1,39,215.2722602041152,141.43991470336914,17,0.15372332404641545,167.2509765625,9.663176617359753,1,15,12,0.3402465554749819,0.06624573844158614,0.7,0.0,0.0,0.2,0.1
34,frozen_attentive_ppoclip_seed3,2,COMPACT_64KB,0.157635,0.4675,0.410766,0,39,215.2722602041152,141.43991470336914,17,0.15372332404641545,167.2509765625,9.663176617359753,1,15,12,0.3402465554749819,0.06624573844158614,0.7,0.0,0.0,0.2,0.1,43,234.68423853710016,67.63887405395508,3,0.6820933024088541,130.9619140625,31.65171066430032,1,0,13,0.92,0.11224573844158614,0.7,0.0,0.0,0.2,0.1
35,frozen_attentive_ppoclip_seed3,0,NOOP,0.106227,0.5175,0.380642,0,43,234.68423853710016,67.63887405395508,3,0.6820933024088541,130.9619140625,31.65171066430032,1,0,13,0.92,0.11224573844158614,0.7,0.0,0.0,0.2,0.1,33,192.29047786420526,84.25498008728027,4,0.5336341857910156,136.6103515625,32.077910512834855,1,1,14,0.92,0.15824573844158613,0.7,0.0,0.0,0.2,0.1
36,frozen_attentive_ppoclip_seed3,0,NOOP,0.089106,0.421875,0.312177,0,33,192.29047786420526,84.25498008728027,4,0.5336341857910156,136.6103515625,32.077910512834855,1,1,14,0.92,0.15824573844158613,0.7,0.0,0.0,0.2,0.1,47,272.6482072616828,102.71239280700684,5,0.4486541748046875,143.5693359375,30.32561081965346,1,2,15,0.75,0.19574573844158613,0.65,0.0,0.05,0.2,0.1
37,frozen_attentive_ppoclip_seed3,0,NOOP,0.077038,0.5175,0.351129,0,47,272.6482072616828,102.71239280700684,5,0.4486541748046875,143.5693359375,30.32561081965346,1,2,15,0.75,0.19574573844158613,0.65,0.0,0.05,0.2,0.1,34,199.13220198872006,102.96392440795898,6,0.38893890380859375,149.3525390625,28.694076560490167,1,3,16,0.92,0.24174573844158614,0.65,0.0,0.05,0.2,0.1
38,frozen_attentive_ppoclip_seed3,0,NOOP,0.068273,0.5175,0.342428,0,34,199.13220198872006,102.96392440795898,6,0.38893890380859375,149.3525390625,28.694076560490167,1,3,16,0.92,0.24174573844158614,0.65,0.0,0.05,0.2,0.1,32,188.02109144294832,100.9681224822998,7,0.34573800223214285,154.890625,27.19625142293263,1,4,17,0.92,0.28774573844158613,0.65,0.0,0.05,0.2,0.1
39,frozen_attentive_ppoclip_seed3,0,NOOP,0.061701,0.0,0.060197,0,32,188.02109144294832,100.9681224822998,7,0.34573800223214285,154.890625,27.19625142293263,1,4,17,0.92,0.28774573844158613,0.65,0.0,0.05,0.2,0.1,33,195.4527741572891,85.22725105285645,8,0.313507080078125,160.515625,25.845971656943938,1,5,18,0.0,0.28774573844158613,0.6,0.05,0.05,0.2,0.1
40,frozen_attentive_ppoclip_seed3,0,NOOP,0.056854,0.5175,0.330825,0,33,195.4527741572891,85.22725105285645,8,0.313507080078125,160.515625,25.845971656943938,1,5,18,0.0,0.28774573844158613,0.6,0.05,0.05,0.2,0.1,42,234.702337287212,112.69426345825195,9,0.2898932562934028,166.978515625,24.598136171968523,1,6,19,0.92,0.33374573844158617,0.6,0.05,0.05,0.2,0.1
41,frozen_attentive_ppoclip_seed3,0,NOOP,0.052676,0.421875,0.273379,0,42,234.702337287212,112.69426345825195,9,0.2898932562934028,166.978515625,24.598136171968523,1,6,19,0.92,0.33374573844158617,0.6,0.05,0.05,0.2,0.1,32,174.44670915048394,227.35261917114258,10,0.2696319580078125,172.564453125,23.551080641955476,1,7,20,0.75,0.37124573844158615,0.55,0.05,0.1,0.2,0.1
42,frozen_attentive_ppoclip_seed3,0,NOOP,0.049335,0.0,0.047815,0,32,174.44670915048394,227.35261917114258,10,0.2696319580078125,172.564453125,23.551080641955476,1,7,20,0.75,0.37124573844158615,0.55,0.05,0.1,0.2,0.1,36,187.66414202301263,89.72978591918945,11,0.2535497492009943,178.4990234375,22.601797007426676,1,8,21,0.0,0.37124573844158615,0.55,0.1,0.1,0.15,0.1
43,frozen_attentive_ppoclip_seed3,0,NOOP,0.046534,0.516388,0.320404,0,36,187.66414202301263,89.72978591918945,11,0.2535497492009943,178.4990234375,22.601797007426676,1,8,21,0.0,0.37124573844158615,0.55,0.1,0.1,0.15,0.1,37,217.45239116118094,121.49429321289062,12,0.2401707967122396,184.451171875,21.7531410581337,1,9,22,0.92,0.4127987529946007,0.55,0.1,0.1,0.15,0.1
44,frozen_attentive_ppoclip_seed3,0,NOOP,0.04424,0.421875,0.266303,0,37,217.45239116118094,121.49429321289062,12,0.2401707967122396,184.451171875,21.7531410581337,1,9,22,0.92,0.4127987529946007,0.55,0.1,0.1,0.15,0.1,41,231.97363618091538,163.11883926391602,13,0.22932551457331732,190.798828125,20.976866334147218,1,10,23,0.75,0.4502987529946007,0.55,0.1,0.15,0.15,0.05
45,frozen_attentive_ppoclip_seed3,0,NOOP,0.042264,0.515527,0.315889,0,41,231.97363618091538,163.11883926391602,13,0.22932551457331732,190.798828125,20.976866334147218,1,10,23,0.75,0.4502987529946007,0.55,0.1,0.15,0.15,0.05,42,237.39071867786237,136.26909255981445,14,0.22007206508091517,197.1845703125,20.27537172954973,1,11,24,0.92,0.48840552134541104,0.55,0.1,0.15,0.15,0.05
46,frozen_attentive_ppoclip_seed3,0,NOOP,0.040571,0.421875,0.262824,0,42,237.39071867786237,136.26909255981445,14,0.22007206508091517,197.1845703125,20.27537172954973,1,11,24,0.92,0.48840552134541104,0.55,0.1,0.15,0.15,0.05,43,244.42761635904574,156.09288215637207,15,0.2122314453125,203.7421875,19.634258860222054,1,12,25,0.75,0.525905521345411,0.55,0.1,0.2,0.15,0.0
47,frozen_attentive_ppoclip_seed3,0,NOOP,0.039015,0.514805,0.312777,0,43,244.42761635904574,156.09288215637207,15,0.2122314453125,203.7421875,19.634258860222054,1,12,25,0.75,0.525905521345411,0.55,0.1,0.2,0.15,0.0,40,219.45574316016388,131.91843032836914,16,0.20507526397705078,209.9970703125,19.056757485248813,1,13,26,0.92,0.5611249046053228,0.55,0.1,0.2,0.15,0.0
48,frozen_attentive_ppoclip_seed3,0,NOOP,0.037502,0.514483,0.311172,0,40,219.45574316016388,131.91843032836914,16,0.20507526397705078,209.9970703125,19.056757485248813,1,13,26,0.92,0.5611249046053228,0.55,0.1,0.2,0.15,0.0,32,181.02280289328482,137.75372505187988,17,0.1981371711282169,215.5732421875,18.54223261335268,1,14,27,0.92,0.5950586906834213,0.55,0.1,0.2,0.15,0.0
49,frozen_attentive_ppoclip_seed3,2,COMPACT_64KB,0.163104,0.371875,0.363757,0,32,181.02280289328482,137.75372505187988,17,0.1981371711282169,215.5732421875,18.54223261335268,1,14,27,0.92,0.5950586906834213,0.55,0.1,0.2,0.15,0.0,32,184.4118738965259,142.7767276763916,4,0.7100639343261719,181.7763671875,25.483641649177013,1,0,28,0.75,0.6325586906834213,0.55,0.1,0.25,0.1,0.0
50,frozen_attentive_ppoclip_seed3,0,NOOP,0.116363,-0.003512,0.114954,0,32,184.4118738965259,142.7767276763916,4,0.7100639343261719,181.7763671875,25.483641649177013,1,0,28,0.75,0.6325586906834213,0.55,0.1,0.25,0.1,0.0,30,169.64526997420856,76.69234275817871,5,0.5849395751953125,187.1806640625,28.420046257086096,1,1,29,0.0,0.6185123277737491,0.5,0.15,0.25,0.1,0.0
51,frozen_attentive_ppoclip_seed3,0,NOOP,0.102253,0.5175,0.376183,0,30,169.64526997420856,76.69234275817871,5,0.5849395751953125,187.1806640625,28.420046257086096,1,1,29,0.0,0.6185123277737491,0.5,0.15,0.25,0.1,0.0,89,496.79539846846296,111.01651191711426,6,0.5150171915690104,197.7666015625,27.68239009654267,1,2,30,0.92,0.664512327773749,0.55,0.15,0.25,0.05,0.0
52,frozen_attentive_ppoclip_seed3,0,NOOP,0.091479,0.0,0.090185,0,89,496.79539846846296,111.01651191711426,6,0.5150171915690104,197.7666015625,27.68239009654267,1,2,30,0.92,0.664512327773749,0.55,0.15,0.25,0.05,0.0,73,415.03275837529736,73.45271110534668,7,0.4617701939174107,206.873046875,26.830722718513474,1,3,31,0.0,0.664512327773749,0.55,0.2,0.25,0.0,0.0
53,frozen_attentive_ppoclip_seed3,0,NOOP,0.083299,0.513247,0.35737,0,73,415.03275837529736,73.45271110534668,7,0.4617701939174107,206.873046875,26.830722718513474,1,3,31,0.0,0.664512327773749,0.55,0.2,0.25,0.0,0.0,70,402.9093883241869,106.4460277557373,8,0.4214954376220703,215.8056640625,25.888184854471888,1,4,32,0.92,0.6935,0.55,0.2,0.25,0.0,0.0
54,frozen_attentive_ppoclip_seed3,0,NOOP,0.076776,0.506,0.349763,0,70,402.9093883241869,106.4460277557373,8,0.4214954376220703,215.8056640625,25.888184854471888,1,4,32,0.92,0.6935,0.55,0.2,0.25,0.0,0.0,65,373.47054069233826,161.90743446350098,9,0.3895043267144097,224.3544921875,24.98301658306576,1,5,33,0.92,0.6935,0.55,0.2,0.25,0.0,0.0
55,frozen_attentive_ppoclip_seed3,0,NOOP,0.066438,0.506,0.339677,0,65,373.47054069233826,161.90743446350098,9,0.3895043267144097,224.3544921875,24.98301658306576,1,5,33,0.92,0.6935,0.55,0.2,0.25,0.0,0.0,100,518.1594688818005,151.8092155456543,11,0.3390655517578125,238.7021484375,23.471316188904417,1,6,34,0.92,0.6935,0.55,0.2,0.25,0.0,0.0
56,frozen_attentive_ppoclip_seed3,0,NOOP,0.062534,0.508125,0.334096,0,100,518.1594688818005,151.8092155456543,11,0.3390655517578125,238.7021484375,23.471316188904417,1,6,34,0.92,0.6935,0.55,0.2,0.25,0.0,0.0,50,259.4891021238949,236.8769645690918,12,0.32016754150390625,245.888671875,22.767839396066453,1,7,35,0.92,0.702,0.6,0.2,0.2,0.0,0.0
57,frozen_attentive_ppoclip_seed3,0,NOOP,0.059906,-0.0115,0.056678,0,50,259.4891021238949,236.8769645690918,12,0.32016754150390625,245.888671875,22.767839396066453,1,7,35,0.92,0.702,0.6,0.2,0.2,0.0,0.0,84,392.4870953942678,177.6902675628662,13,0.30765709510216344,255.970703125,21.98887325282487,1,8,36,0.0,0.6559999999999999,0.55,0.2,0.2,0.05,0.0
58,frozen_attentive_ppoclip_seed3,0,NOOP,0.057655,0.506,0.330731,0,84,392.4870953942678,177.6902675628662,13,0.30765709510216344,255.970703125,21.98887325282487,1,8,36,0.0,0.6559999999999999,0.55,0.2,0.2,0.05,0.0,85,455.26686519591567,163.70320320129395,14,0.2970243181501116,266.1337890625,21.279109663827292,1,9,37,0.92,0.6559999999999999,0.55,0.2,0.2,0.05,0.0
59,frozen_attentive_ppoclip_seed3,0,NOOP,0.055265,0.0,0.053387,0,85,455.26686519591567,163.70320320129395,14,0.2970243181501116,266.1337890625,21.279109663827292,1,9,37,0.92,0.6559999999999999,0.55,0.2,0.2,0.05,0.0,61,339.0823384719778,112.64848709106445,15,0.285699462890625,274.271484375,20.696314619482493,1,10,38,0.0,0.6559999999999999,0.55,0.15,0.2,0.05,0.05
60,frozen_attentive_ppoclip_seed3,0,NOOP,0.053018,-0.0115,0.050663,0,61,339.0823384719778,112.64848709106445,15,0.285699462890625,274.271484375,20.696314619482493,1,10,38,0.0,0.6559999999999999,0.55,0.15,0.2,0.05,0.05,53,259.49852272528295,137.71796226501465,16,0.2750892639160156,281.69140625,20.178191480664438,1,11,39,0.0,0.61,0.5,0.15,0.2,0.05,0.1
61,frozen_attentive_ppoclip_seed3,0,NOOP,0.051033,0.508125,0.324686,0,53,259.49852272528295,137.71796226501465,16,0.2750892639160156,281.69140625,20.178191480664438,1,11,39,0.0,0.61,0.5,0.15,0.2,0.05,0.1,54,313.86964480961404,138.57030868530273,17,0.2657892563763787,289.1787109375,19.69097330405395,1,12,40,0.92,0.6184999999999999,0.55,0.15,0.15,0.05,0.1
62,frozen_attentive_ppoclip_seed3,2,COMPACT_64KB,0.520876,0.4675,0.435908,0,54,313.86964480961404,138.57030868530273,17,0.2657892563763787,289.1787109375,19.69097330405395,1,12,40,0.92,0.6184999999999999,0.55,0.15,0.15,0.05,0.1,62,357.20279282261623,100.09193420410156,5,0.8120513916015625,259.8564453125,14.84572057553593,1,0,41,0.92,0.6645,0.6,0.1,0.15,0.05,0.1
63,frozen_attentive_ppoclip_seed3,0,NOOP,0.13914,0.410375,0.362197,0,62,357.20279282261623,100.09193420410156,5,0.8120513916015625,259.8564453125,14.84572057553593,1,0,41,0.92,0.6645,0.6,0.1,0.15,0.05,0.1,68,419.08157621744255,104.62546348571777,6,0.6994476318359375,268.587890625,22.089145526998436,1,1,42,0.75,0.6559999999999999,0.55,0.1,0.2,0.05,0.1
64,frozen_attentive_ppoclip_seed3,0,NOOP,0.124008,0.508125,0.397979,0,68,419.08157621744255,104.62546348571777,6,0.6994476318359375,268.587890625,22.089145526998436,1,1,42,0.75,0.6559999999999999,0.55,0.1,0.2,0.05,0.1,96,411.69482576341613,110.16297340393066,7,0.6244136265345982,279.7373046875,23.8334829231748,1,2,43,0.92,0.6645,0.6,0.1,0.15,0.05,0.1
65,frozen_attentive_ppoclip_seed3,0,NOOP,0.111215,0.506,0.385282,0,96,411.69482576341613,110.16297340393066,7,0.6244136265345982,279.7373046875,23.8334829231748,1,2,43,0.92,0.6645,0.6,0.1,0.15,0.05,0.1,54,316.42609003007897,106.65440559387207,8,0.5610771179199219,287.271484375,24.86636951382337,1,3,44,0.92,0.6645,0.6,0.1,0.15,0.05,0.1
66,frozen_attentive_ppoclip_seed3,0,NOOP,0.102577,-0.009375,0.101444,0,54,316.42609003007897,106.65440559387207,8,0.5610771179199219,287.271484375,24.86636951382337,1,3,44,0.92,0.6645,0.6,0.1,0.15,0.05,0.1,98,567.0097237108738,67.92521476745605,9,0.5185123019748263,298.6630859375,24.654272306090327,1,4,45,0.0,0.627,0.6,0.1,0.1,0.05,0.15
67,frozen_attentive_ppoclip_seed3,0,NOOP,0.094992,0.506,0.368756,0,98,567.0097237108738,67.92521476745605,9,0.5185123019748263,298.6630859375,24.654272306090327,1,4,45,0.0,0.627,0.6,0.1,0.1,0.05,0.15,73,431.2611335062974,124.30167198181152,10,0.4812103271484375,307.974609375,24.439504903560668,1,5,46,0.92,0.627,0.6,0.1,0.1,0.05,0.15
68,frozen_attentive_ppoclip_seed3,0,NOOP,0.08925,0.506,0.362858,0,73,431.2611335062974,124.30167198181152,10,0.4812103271484375,307.974609375,24.439504903560668,1,5,46,0.92,0.627,0.6,0.1,0.1,0.05,0.15,92,544.1870574414705,133.33582878112793,11,0.453125,319.0,23.939506761382354,1,6,47,0.92,0.627,0.6,0.1,0.1,0.05,0.15
69,frozen_attentive_ppoclip_seed3,0,NOOP,0.083844,0.508125,0.357666,0,92,544.1870574414705,133.33582878112793,11,0.453125,319.0,23.939506761382354,1,6,47,0.92,0.627,0.6,0.1,0.1,0.05,0.15,67,405.75465143477595,123.88300895690918,12,0.42671966552734375,327.720703125,23.564184876916304,1,7,48,0.92,0.6355,0.65,0.1,0.05,0.05,0.15
70,frozen_attentive_ppoclip_seed3,0,NOOP,0.079264,0.5175,0.352846,0,67,405.75465143477595,123.88300895690918,12,0.42671966552734375,327.720703125,23.564184876916304,1,7,48,0.92,0.6355,0.65,0.1,0.05,0.05,0.15,68,400.0755677187588,137.1901035308838,13,0.40444711538461536,336.5,23.138988524914335,1,8,49,0.92,0.6815,0.7,0.05,0.05,0.05,0.15
71,frozen_attentive_ppoclip_seed3,0,NOOP,0.075822,0.410375,0.297915,0,68,400.0755677187588,137.1901035308838,13,0.40444711538461536,336.5,23.138988524914335,1,8,49,0.92,0.6815,0.7,0.05,0.05,0.05,0.15,95,551.4299632434347,162.85419464111328,14,0.38786206926618305,347.5244140625,22.583189470956885,1,9,50,0.75,0.6729999999999999,0.65,0.05,0.1,0.05,0.15
72,frozen_attentive_ppoclip_seed3,0,NOOP,0.072504,0.0,0.070684,0,95,551.4299632434347,162.85419464111328,14,0.38786206926618305,347.5244140625,22.583189470956885,1,9,50,0.75,0.6729999999999999,0.65,0.05,0.1,0.05,0.15,76,436.5494572012758,109.77649688720703,15,0.3718953450520833,357.01953125,22.118660188193676,1,10,51,0.0,0.6729999999999999,0.65,0.0,0.1,0.1,0.15
73,frozen_attentive_ppoclip_seed3,0,NOOP,0.069546,0.506,0.341938,0,76,436.5494572012758,109.77649688720703,15,0.3718953450520833,357.01953125,22.118660188193676,1,10,51,0.0,0.6729999999999999,0.65,0.0,0.1,0.1,0.15,73,416.5074307292793,200.41179656982422,16,0.3577299118041992,366.3154296875,21.674175283481947,1,11,52,0.92,0.673,0.65,0.0,0.1,0.1,0.15
74,frozen_attentive_ppoclip_seed3,0,NOOP,0.06686,-0.0115,0.065501,0,73,416.5074307292793,200.41179656982422,16,0.3577299118041992,366.3154296875,21.674175283481947,1,11,52,0.92,0.673,0.65,0.0,0.1,0.1,0.15,71,353.5379055714506,89.202880859375,17,0.3449258243336397,375.279296875,21.25617678143877,1,12,53,0.0,0.627,0.6,0.0,0.1,0.1,0.2
75,frozen_attentive_ppoclip_seed3,2,COMPACT_64KB,0.515927,0.360375,0.379775,0,71,353.5379055714506,89.202880859375,17,0.3449258243336397,375.279296875,21.25617678143877,1,12,53,0.0,0.627,0.6,0.0,0.1,0.1,0.2,89,503.377337754542,111.81402206420898,7,0.7885567801339286,353.2734375,12.500564885772482,1,0,54,0.75,0.6184999999999999,0.55,0.0,0.15,0.1,0.2
76,frozen_attentive_ppoclip_seed3,0,NOOP,0.140933,-0.0115,0.139389,0,89,503.377337754542,111.81402206420898,7,0.7885567801339286,353.2734375,12.500564885772482,1,0,54,0.75,0.6184999999999999,0.55,0.0,0.15,0.1,0.2,83,471.8488250107754,87.20612525939941,8,0.7096652984619141,363.3486328125,18.38162978536844,1,1,55,0.0,0.5725,0.5,0.0,0.15,0.15,0.2
77,frozen_attentive_ppoclip_seed3,0,NOOP,0.127852,0.5175,0.401805,0,83,471.8488250107754,87.20612525939941,8,0.7096652984619141,363.3486328125,18.38162978536844,1,1,55,0.0,0.5725,0.5,0.0,0.15,0.15,0.2,60,322.9907463261246,113.61408233642578,9,0.6448855929904513,371.4541015625,21.221339295474476,1,2,56,0.92,0.6184999999999999,0.55,0.0,0.15,0.1,0.2
78,frozen_attentive_ppoclip_seed3,0,NOOP,0.118132,0.506,0.392014,0,60,322.9907463261246,113.61408233642578,9,0.6448855929904513,371.4541015625,21.221339295474476,1,2,56,0.92,0.6184999999999999,0.55,0.0,0.15,0.1,0.2,87,482.0746103420852,118.41797828674316,10,0.59691162109375,382.0234375,22.239073775898838,1,3,57,0.92,0.6185,0.55,0.0,0.15,0.1,0.2
79,frozen_attentive_ppoclip_seed3,0,NOOP,0.110111,0.421875,0.332488,0,87,482.0746103420852,118.41797828674316,10,0.59691162109375,382.0234375,22.239073775898838,1,3,57,0.92,0.6185,0.55,0.0,0.15,0.1,0.2,87,478.99980703723395,144.91558074951172,11,0.5574313077059659,392.431640625,22.701262754104874,1,4,58,0.75,0.6559999999999999,0.55,0.0,0.2,0.1,0.15
80,frozen_attentive_ppoclip_seed3,0,NOOP,0.103448,0.5175,0.377244,0,87,478.99980703723395,144.91558074951172,11,0.5574313077059659,392.431640625,22.701262754104874,1,4,58,0.75,0.6559999999999999,0.55,0.0,0.2,0.1,0.15,89,498.7308460011276,125.20456314086914,12,0.5247408548990885,403.0009765625,22.825963945015754,1,5,59,0.92,0.702,0.6,0.0,0.2,0.1,0.1
81,frozen_attentive_ppoclip_seed3,0,NOOP,0.097734,0.410375,0.319943,0,89,498.7308460011276,125.20456314086914,12,0.5247408548990885,403.0009765625,22.825963945015754,1,5,59,0.92,0.702,0.6,0.0,0.2,0.1,0.1,86,481.0597473540457,155.79533576965332,13,0.496795654296875,413.333984375,22.785721342248273,1,6,60,0.75,0.6935,0.55,0.0,0.25,0.1,0.1
82,frozen_attentive_ppoclip_seed3,0,NOOP,0.093085,0.410375,0.315042,0,86,481.0597473540457,155.79533576965332,13,0.496795654296875,413.333984375,22.785721342248273,1,6,60,0.75,0.6935,0.55,0.0,0.25,0.1,0.1,98,392.575811002084,169.6608066558838,14,0.4741755894252232,424.861328125,22.55199605091344,1,7,61,0.75,0.6849999999999999,0.5,0.0,0.3,0.1,0.1
83,frozen_attentive_ppoclip_seed3,0,NOOP,0.088509,0.508125,0.362206,0,98,392.575811002084,169.6608066558838,14,0.4741755894252232,424.861328125,22.55199605091344,1,7,61,0.75,0.6849999999999999,0.5,0.0,0.3,0.1,0.1,69,402.32460724250245,133.89158248901367,15,0.4519195556640625,433.8427734375,22.420919413352436,1,8,62,0.92,0.6935,0.55,0.0,0.25,0.1,0.1
84,frozen_attentive_ppoclip_seed3,0,NOOP,0.08495,-0.0115,0.082354,0,69,402.32460724250245,133.89158248901367,15,0.4519195556640625,433.8427734375,22.420919413352436,1,8,62,0.92,0.6935,0.55,0.0,0.25,0.1,0.1,96,543.4671540038629,149.80578422546387,16,0.4347496032714844,445.18359375,22.102147884624017,1,9,63,0.0,0.6475,0.5,0.05,0.25,0.1,0.1
85,frozen_attentive_ppoclip_seed3,0,NOOP,0.081801,0.506,0.355353,0,96,543.4671540038629,149.80578422546387,16,0.4347496032714844,445.18359375,22.102147884624017,1,9,63,0.0,0.6475,0.5,0.05,0.25,0.1,0.1,98,582.2039234571748,143.6479091644287,17,0.4196319580078125,456.5595703125,21.768952714346923,1,10,64,0.92,0.6475,0.5,0.05,0.25,0.1,0.1
86,frozen_attentive_ppoclip_seed3,2,COMPACT_64KB,0.529223,0.4675,0.444178,0,98,582.2039234571748,143.6479091644287,17,0.4196319580078125,456.5595703125,21.768952714346923,1,10,64,0.92,0.6475,0.5,0.05,0.25,0.1,0.1,94,501.3652092748817,107.73777961730957,8,0.8556613922119141,438.0986328125,9.564990077393537,1,0,65,0.92,0.6935,0.55,0.05,0.25,0.1,0.05
87,frozen_attentive_ppoclip_seed3,0,NOOP,0.153486,0.506,0.4274,0,94,501.3652092748817,107.73777961730957,8,0.8556613922119141,438.0986328125,9.564990077393537,1,0,65,0.92,0.6935,0.55,0.05,0.25,0.1,0.05,50,268.6868609220275,115.54694175720215,9,0.7730526394314237,445.2783203125,18.21044856922122,1,1,66,0.92,0.6935,0.55,0.05,0.25,0.1,0.05
88,frozen_attentive_ppoclip_seed3,0,NOOP,0.140871,0.506,0.41477,0,50,268.6868609220275,115.54694175720215,9,0.7730526394314237,445.2783203125,18.21044856922122,1,1,66,0.92,0.6935,0.55,0.05,0.25,0.1,0.05,75,402.8382962538946,117.55633354187012,10,0.7106048583984375,454.787109375,21.319157404532575,1,2,67,0.92,0.6935,0.55,0.05,0.25,0.1,0.05
89,frozen_attentive_ppoclip_seed3,0,NOOP,0.130539,-0.0115,0.127515,0,75,402.8382962538946,117.55633354187012,10,0.7106048583984375,454.787109375,21.319157404532575,1,2,67,0.92,0.6935,0.55,0.05,0.25,0.1,0.05,77,411.3943195323556,164.92009162902832,11,0.6595680930397727,464.3359375,22.94374653575848,1,3,68,0.0,0.6475,0.5,0.1,0.25,0.1,0.05
90,frozen_attentive_ppoclip_seed3,0,NOOP,0.121468,0.506,0.395268,0,77,411.3943195323556,164.92009162902832,11,0.6595680930397727,464.3359375,22.94374653575848,1,3,68,0.0,0.6475,0.5,0.1,0.25,0.1,0.05,58,324.2790881194797,124.97067451477051,12,0.6148389180501302,472.1962890625,24.018699215782416,1,4,69,0.92,0.6475,0.5,0.1,0.25,0.1,0.05
91,frozen_attentive_ppoclip_seed3,0,NOOP,0.114207,0.508125,0.387691,0,58,324.2790881194797,124.97067451477051,12,0.6148389180501302,472.1962890625,24.018699215782416,1,4,69,0.92,0.6475,0.5,0.1,0.25,0.1,0.05,78,443.0344820114755,142.042875289917,13,0.5791614239032452,481.8623046875,24.425429194643332,1,5,70,0.92,0.6559999999999999,0.55,0.1,0.2,0.1,0.05
92,frozen_attentive_ppoclip_seed3,0,NOOP,0.108303,0.0,0.106489,0,78,443.0344820114755,142.042875289917,13,0.5791614239032452,481.8623046875,24.425429194643332,1,5,70,0.92,0.6559999999999999,0.55,0.1,0.2,0.1,0.05,96,507.76641794526785,108.18243026733398,14,0.5502646309988839,493.037109375,24.466156506579797,1,6,71,0.0,0.6559999999999999,0.55,0.1,0.2,0.1,0.05
93,frozen_attentive_ppoclip_seed3,0,NOOP,0.102893,-0.0115,0.10108,0,96,507.76641794526785,108.18243026733398,14,0.5502646309988839,493.037109375,24.466156506579797,1,6,71,0.0,0.6559999999999999,0.55,0.1,0.2,0.1,0.05,80,450.23249323398665,109.42459106445312,15,0.52384033203125,502.88671875,24.469088048466762,1,7,72,0.0,0.61,0.5,0.15,0.2,0.1,0.05
94,frozen_attentive_ppoclip_seed3,0,NOOP,0.098263,0.5175,0.37194,0,80,450.23249323398665,109.42459106445312,15,0.52384033203125,502.88671875,24.469088048466762,1,7,72,0.0,0.61,0.5,0.15,0.2,0.1,0.05,88,487.67561468343257,136.17205619812012,16,0.5013160705566406,513.34765625,24.332482552569974,1,8,73,0.92,0.6559999999999999,0.55,0.15,0.2,0.1,0.0
95,frozen_attentive_ppoclip_seed3,0,NOOP,0.093888,0.508125,0.366499,0,88,487.67561468343257,136.17205619812012,16,0.5013160705566406,513.34765625,24.332482552569974,1,8,73,0.92,0.6559999999999999,0.55,0.15,0.2,0.1,0.0,70,389.66655518217095,190.70172309875488,17,0.4800630457261029,522.30859375,24.218123434166653,1,9,74,0.92,0.6645,0.6,0.15,0.15,0.1,0.0
96,frozen_attentive_ppoclip_seed3,2,COMPACT_64KB,0.533223,0.4675,0.447884,0,70,389.66655518217095,190.70172309875488,17,0.4800630457261029,522.30859375,24.218123434166653,1,9,74,0.92,0.6645,0.6,0.15,0.15,0.1,0.0,74,318.5931005033791,123.65531921386719,9,0.8762868245442709,504.7412109375,8.657016348397812,1,0,75,0.92,0.7104999999999999,0.65,0.15,0.15,0.05,0.0
97,frozen_attentive_ppoclip_seed3,0,NOOP,0.159104,0.506,0.432899,0,74,318.5931005033791,123.65531921386719,9,0.8762868245442709,504.7412109375,8.657016348397812,1,0,75,0.92,0.7104999999999999,0.65,0.15,0.15,0.05,0.0,64,360.3494229666909,122.74050712585449,10,0.8017715454101563,513.1337890625,17.147837392028766,1,1,76,0.92,0.7104999999999999,0.65,0.15,0.15,0.05,0.0
98,frozen_attentive_ppoclip_seed3,0,NOOP,0.147654,0.410375,0.369788,0,64,360.3494229666909,122.74050712585449,10,0.8017715454101563,513.1337890625,17.147837392028766,1,1,76,0.92,0.7104999999999999,0.65,0.15,0.15,0.05,0.0,97,521.4255350780509,157.06443786621094,11,0.7451463179154829,524.5830078125,20.22651208972881,1,2,77,0.75,0.7020000000000001,0.6,0.15,0.2,0.05,0.0
99,frozen_attentive_ppoclip_seed3,0,NOOP,0.137951,0.508125,0.411809,0,97,521.4255350780509,157.06443786621094,11,0.7451463179154829,524.5830078125,20.22651208972881,1,2,77,0.75,0.7020000000000001,0.6,0.15,0.2,0.05,0.0,91,493.1434189904868,122.08199501037598,12,0.6972541809082031,535.4912109375,22.014941033033573,1,3,78,0.92,0.7104999999999999,0.65,0.15,0.15,0.05,0.0
100,frozen_attentive_ppoclip_seed3,0,NOOP,0.129077,0.410375,0.350984,0,91,493.1434189904868,122.08199501037598,12,0.6972541809082031,535.4912109375,22.014941033033573,1,3,78,0.92,0.7104999999999999,0.65,0.15,0.15,0.05,0.0,62,352.2481547553739,170.90368270874023,13,0.6535081129807693,543.71875,23.370305378294216,1,4,79,0.75,0.702,0.6,0.15,0.2,0.05,0.0
101,frozen_attentive_ppoclip_seed3,0,NOOP,0.122021,-0.009375,0.120116,0,62,352.2481547553739,170.90368270874023,13,0.6535081129807693,543.71875,23.370305378294216,1,4,79,0.75,0.702,0.6,0.15,0.2,0.05,0.0,91,512.9874777732828,112.75482177734375,14,0.6188572474888393,554.49609375,23.93762608070455,1,5,80,0.0,0.6645000000000001,0.6,0.15,0.15,0.1,0.0
102,frozen_attentive_ppoclip_seed3,0,NOOP,0.115576,-0.009375,0.113687,0,91,512.9874777732828,112.75482177734375,14,0.6188572474888393,554.49609375,23.93762608070455,1,5,80,0.0,0.6645000000000001,0.6,0.15,0.15,0.1,0.0,74,414.44031459053826,113.20066452026367,15,0.5872528076171875,563.7626953125,24.360817483191287,1,6,81,0.0,0.627,0.6,0.2,0.1,0.1,0.0
103,frozen_attentive_ppoclip_seed3,0,NOOP,0.109896,0.410375,0.331686,0,74,414.44031459053826,113.20066452026367,15,0.5872528076171875,563.7626953125,24.360817483191287,1,6,81,0.0,0.627,0.6,0.2,0.1,0.1,0.0,71,381.81025877067583,180.50694465637207,16,0.5594797134399414,572.9072265625,24.585300149122407,1,7,82,0.75,0.6185,0.55,0.2,0.15,0.1,0.0
104,frozen_attentive_ppoclip_seed3,0,NOOP,0.104667,0.0,0.101806,0,71,381.81025877067583,180.50694465637207,16,0.5594797134399414,572.9072265625,24.585300149122407,1,7,82,0.75,0.6185,0.55,0.2,0.15,0.1,0.0,60,321.00903107301394,164.2756462097168,17,0.5339588838465074,580.947265625,24.73887388077029,1,8,83,0.0,0.6185,0.55,0.2,0.15,0.1,0.0
105,frozen_attentive_ppoclip_seed3,2,COMPACT_64KB,0.519401,-0.0615,0.158825,0,60,321.00903107301394,164.2756462097168,17,0.5339588838465074,580.947265625,24.73887388077029,1,8,83,0.0,0.6185,0.55,0.2,0.15,0.1,0.0,69,349.51266983080325,87.98384666442871,11,0.8084231289950284,569.1298828125,13.65577875589604,1,0,84,0.0,0.5725,0.5,0.2,0.15,0.1,0.05
106,frozen_attentive_ppoclip_seed3,0,NOOP,0.148962,0.506,0.422487,0,69,349.51266983080325,87.98384666442871,11,0.8084231289950284,569.1298828125,13.65577875589604,1,0,84,0.0,0.5725,0.5,0.2,0.15,0.1,0.05,66,372.4102237092224,138.7653350830078,12,0.7523117065429688,577.775390625,18.007837320866194,1,1,85,0.92,0.5725,0.5,0.2,0.15,0.1,0.05
107,frozen_attentive_ppoclip_seed3,0,NOOP,0.139701,0.506,0.413193,0,66,372.4102237092224,138.7653350830078,12,0.7523117065429688,577.775390625,18.007837320866194,1,1,85,0.92,0.5725,0.5,0.2,0.15,0.1,0.05,84,441.2098856030105,141.64233207702637,13,0.7066286527193509,587.9150390625,20.208516618369888,1,2,86,0.92,0.5725,0.5,0.2,0.15,0.1,0.05
108,frozen_attentive_ppoclip_seed3,0,NOOP,0.131599,-0.0115,0.130196,0,84,441.2098856030105,141.64233207702637,13,0.7066286527193509,587.9150390625,20.208516618369888,1,2,86,0.92,0.5725,0.5,0.2,0.15,0.1,0.05,77,418.3904010032206,87.6615047454834,14,0.6667469569614956,597.4052734375,21.637431883243547,1,3,87,0.0,0.5265,0.45,0.2,0.15,0.1,0.1
109,frozen_attentive_ppoclip_seed3,0,NOOP,0.124944,0.0,0.123097,0,77,418.3904010032206,87.6615047454834,14,0.6667469569614956,597.4052734375,21.637431883243547,1,3,87,0.0,0.5265,0.45,0.2,0.15,0.1,0.1,97,562.403910379758,111.08541488647461,15,0.6340932210286458,608.7294921875,22.366236875640222,1,4,88,0.0,0.5265,0.45,0.2,0.15,0.1,0.1
110,frozen_attentive_ppoclip_seed3,0,NOOP,0.118677,0.506,0.392285,0,97,562.403910379758,111.08541488647461,15,0.6340932210286458,608.7294921875,22.366236875640222,1,4,88,0.0,0.5265,0.45,0.2,0.15,0.1,0.1,74,365.86611720078884,139.59574699401855,16,0.6033849716186523,617.8662109375,22.99345281811045,1,5,89,0.92,0.5265,0.45,0.2,0.15,0.1,0.1
111,frozen_attentive_ppoclip_seed3,0,NOOP,0.113086,-0.0115,0.111105,0,74,365.86611720078884,139.59574699401855,16,0.6033849716186523,617.8662109375,22.99345281811045,1,5,89,0.92,0.5265,0.45,0.2,0.15,0.1,0.1,68,384.12429343529504,120.30267715454102,17,0.5760551901424632,626.748046875,23.40223310744948,1,6,90,0.0,0.4805,0.4,0.25,0.15,0.1,0.1
112,frozen_attentive_ppoclip_seed3,0,NOOP,0.108227,0.0,0.104653,0,68,384.12429343529504,120.30267715454102,17,0.5760551901424632,626.748046875,23.40223310744948,1,6,90,0.0,0.4805,0.4,0.25,0.15,0.1,0.1,79,432.22874793897273,201.20954513549805,18,0.5523859659830729,636.3486328125,23.5956299416607,1,7,91,0.0,0.4805,0.4,0.3,0.15,0.05,0.1
113,frozen_attentive_ppoclip_seed3,0,NOOP,0.104157,0.5175,0.377376,0,79,432.22874793897273,201.20954513549805,18,0.5523859659830729,636.3486328125,23.5956299416607,1,7,91,0.0,0.4805,0.4,0.3,0.15,0.05,0.1,98,538.9234845793087,162.80484199523926,19,0.5326602333470395,647.71484375,23.581871408223048,1,8,92,0.92,0.5265,0.45,0.25,0.15,0.05,0.1
114,frozen_attentive_ppoclip_seed3,2,COMPACT_64KB,0.522516,-0.0615,0.161683,0,98,538.9234845793087,162.80484199523926,19,0.5326602333470395,647.71484375,23.581871408223048,1,8,92,0.92,0.5265,0.45,0.25,0.15,0.05,0.1,68,379.18594574903847,102.08296775817871,12,0.8246231079101562,633.310546875,11.965436457281085,1,0,93,0.0,0.4805,0.4,0.3,0.15,0.05,0.1
115,frozen_attentive_ppoclip_seed3,0,NOOP,0.1532,-0.0115,0.151405,0,68,379.18594574903847,102.08296775817871,12,0.8246231079101562,633.310546875,11.965436457281085,1,0,93,0.0,0.4805,0.4,0.3,0.15,0.05,0.1,91,498.09036265643556,106.00948333740234,13,0.7741253192608173,644.072265625,16.340884818633555,1,1,94,0.0,0.4345,0.35,0.35,0.15,0.05,0.1
116,frozen_attentive_ppoclip_seed3,0,NOOP,0.14458,-0.0115,0.142817,0,91,498.09036265643556,106.00948333740234,13,0.7741253192608173,644.072265625,16.340884818633555,1,1,94,0.0,0.4345,0.35,0.35,0.15,0.05,0.1,99,514.2911412629506,105.64684867858887,14,0.7316480364118304,655.556640625,18.706979178052435,1,2,95,0.0,0.38849999999999996,0.3,0.4,0.15,0.05,0.1
117,frozen_attentive_ppoclip_seed3,0,NOOP,0.137029,-0.0115,0.135247,0,99,514.2911412629506,105.64684867858887,14,0.7316480364118304,655.556640625,18.706979178052435,1,2,95,0.0,0.38849999999999996,0.3,0.4,0.15,0.05,0.1,96,513.3728116644928,107.83672332763672,15,0.6945180257161458,666.7373046875,20.240011484823878,1,3,96,0.0,0.34249999999999997,0.25,0.45,0.15,0.05,0.1
118,frozen_attentive_ppoclip_seed3,0,NOOP,0.130284,-0.009375,0.128436,0,96,513.3728116644928,107.83672332763672,15,0.6945180257161458,666.7373046875,20.240011484823878,1,3,96,0.0,0.34249999999999997,0.25,0.45,0.15,0.05,0.1,87,474.483585070528,112.4267578125,16,0.6614217758178711,677.2958984375,21.310400169253796,1,4,97,0.0,0.305,0.25,0.5,0.1,0.05,0.1
119,frozen_attentive_ppoclip_seed3,0,NOOP,0.123874,0.506,0.397324,0,87,474.483585070528,112.4267578125,16,0.6614217758178711,677.2958984375,21.310400169253796,1,4,97,0.0,0.305,0.25,0.5,0.1,0.05,0.1,60,313.1343391296233,148.71835708618164,17,0.6299932143267464,685.4326171875,22.23801144287162,1,5,98,0.92,0.305,0.25,0.5,0.1,0.05,0.1
120,frozen_attentive_ppoclip_seed3,0,NOOP,0.11843,-0.009375,0.114907,0,60,313.1343391296233,148.71835708618164,17,0.6299932143267464,685.4326171875,22.23801144287162,1,5,98,0.92,0.305,0.25,0.5,0.1,0.05,0.1,80,431.1169014048315,198.64344596862793,18,0.6033986409505209,695.115234375,22.750492381591307,1,6,99,0.0,0.26749999999999996,0.25,0.55,0.05,0.05,0.1
121,frozen_attentive_ppoclip_seed3,0,NOOP,0.113772,0.0,0.111593,0,80,431.1169014048315,198.64344596862793,18,0.6033986409505209,695.115234375,22.750492381591307,1,6,99,0.0,0.26749999999999996,0.25,0.55,0.05,0.05,0.1,95,397.9956131063442,132.69424438476562,19,0.5807334498355263,706.171875,22.995852297911263,1,7,100,0.0,0.26749999999999996,0.25,0.6,0.05,0.0,0.1
122,frozen_attentive_ppoclip_seed3,0,NOOP,0.109467,0.0,0.106838,0,95,397.9956131063442,132.69424438476562,19,0.5807334498355263,706.171875,22.995852297911263,1,7,100,0.0,0.26749999999999996,0.25,0.6,0.05,0.0,0.1,87,451.5881477191302,156.4645767211914,20,0.5598342895507813,716.587890625,23.16803311465109,1,8,101,0.0,0.26749999999999996,0.25,0.6,0.05,0.0,0.1
123,frozen_attentive_ppoclip_seed3,5,PARTITION_REGION,-0.076656,-0.109375,0.101089,0,87,451.5881477191302,156.4645767211914,20,0.5598342895507813,716.587890625,23.16803311465109,1,8,101,0.0,0.26749999999999996,0.25,0.6,0.05,0.0,0.1,57,261.9219981309701,229.88533973693848,21,0.5389346168154762,724.328125,23.39853291940979,2,9,0,0.0,0.23000000000000004,0.25,0.65,0.0,0.0,0.1
124,frozen_attentive_ppoclip_seed3,1,COMPACT_32KB,0.123553,-0.087853,0.135141,0,57,261.9219981309701,229.88533973693848,21,0.5389346168154762,724.328125,23.39853291940979,2,9,0,0.0,0.23000000000000004,0.25,0.65,0.0,0.0,0.1,87,296.696575550191,156.51488304138184,16,0.6993560791015625,716.140625,24.178475369919127,2,0,1,0.0,0.23000000000000004,0.25,0.6,0.0,0.05,0.1
125,frozen_attentive_ppoclip_seed3,0,NOOP,0.117559,0.334507,0.317099,0,87,296.696575550191,156.51488304138184,16,0.6993560791015625,716.140625,24.178475369919127,2,0,1,0.0,0.23000000000000004,0.25,0.6,0.0,0.05,0.1,56,255.41734477167716,96.76241874694824,19,0.59967041015625,729.19921875,26.76487157320074,2,1,2,0.67,0.2635,0.25,0.65,0.0,0.05,0.05
126,frozen_attentive_ppoclip_seed3,0,NOOP,0.102971,0.323641,0.301867,0,56,255.41734477167716,96.76241874694824,19,0.59967041015625,729.19921875,26.76487157320074,2,1,2,0.67,0.2635,0.25,0.65,0.0,0.05,0.05,79,372.829539214892,132.7061653137207,22,0.5286032936789773,744.2734375,27.413524719954886,2,2,3,0.67,0.251,0.2,0.7,0.0,0.05,0.05
127,frozen_attentive_ppoclip_seed3,0,NOOP,0.091925,0.324366,0.2911,0,79,372.829539214892,132.7061653137207,22,0.5286032936789773,744.2734375,27.413524719954886,2,2,3,0.67,0.251,0.2,0.7,0.0,0.05,0.05,90,342.1764601906281,122.47252464294434,25,0.475247802734375,760.396484375,27.327242316532697,2,3,4,0.67,0.23850000000000002,0.15,0.75,0.0,0.05,0.05
128,frozen_attentive_ppoclip_seed3,0,NOOP,0.08292,0.336369,0.282427,0,90,342.1764601906281,122.47252464294434,25,0.475247802734375,760.396484375,27.327242316532697,2,3,4,0.67,0.23850000000000002,0.15,0.75,0.0,0.05,0.05,66,311.4193254442796,109.62677001953125,28,0.43209947858537945,774.322265625,27.01548495587267,2,4,5,0.67,0.272,0.15,0.8,0.0,0.05,0.0
129,frozen_attentive_ppoclip_seed3,1,COMPACT_32KB,0.121627,0.291958,0.335524,0,66,311.4193254442796,109.62677001953125,28,0.43209947858537945,774.322265625,27.01548495587267,2,4,5,0.67,0.272,0.15,0.8,0.0,0.05,0.0,77,356.62148332512527,92.31948852539062,17,0.6903524959788603,751.103515625,22.819187857404877,2,0,6,0.67,0.3055,0.15,0.8,0.0,0.05,0.0
130,frozen_attentive_ppoclip_seed3,0,NOOP,0.117433,0.32617,0.31685,0,77,356.62148332512527,92.31948852539062,17,0.6903524959788603,751.103515625,22.819187857404877,2,0,6,0.67,0.3055,0.15,0.8,0.0,0.05,0.0,94,424.5928162736075,104.14409637451172,20,0.5996635437011719,767.5693359375,25.290563788442228,2,1,7,0.67,0.29300000000000004,0.1,0.85,0.0,0.05,0.0
131,frozen_attentive_ppoclip_seed3,0,NOOP,0.103238,-0.038753,0.100795,0,94,424.5928162736075,104.14409637451172,20,0.5996635437011719,767.5693359375,25.290563788442228,2,1,7,0.67,0.29300000000000004,0.1,0.85,0.0,0.05,0.0,60,271.8874845099973,150.8955955505371,23,0.530564017917799,780.990234375,26.24387376064499,2,2,8,0.0,0.29300000000000004,0.1,0.8,0.0,0.1,0.0
132,frozen_attentive_ppoclip_seed3,0,NOOP,0.092435,0.338713,0.292057,0,60,271.8874845099973,150.8955955505371,23,0.530564017917799,780.990234375,26.24387376064499,2,2,8,0.0,0.29300000000000004,0.1,0.8,0.0,0.1,0.0,79,369.65804930781854,101.40252113342285,26,0.4784234853891226,796.0966796875,26.36136788565869,2,3,9,0.67,0.3265,0.1,0.8,0.0,0.1,0.0
133,frozen_attentive_ppoclip_seed3,0,NOOP,0.083819,-0.049057,0.082061,0,79,369.65804930781854,101.40252113342285,26,0.4784234853891226,796.0966796875,26.36136788565869,2,3,9,0.67,0.3265,0.1,0.8,0.0,0.1,0.0,82,391.333601858742,124.1292953491211,29,0.4372179754849138,811.4765625,26.13321924749839,2,4,10,0.0,0.2805,0.05,0.8,0.0,0.1,0.05
134,frozen_attentive_ppoclip_seed3,2,COMPACT_64KB,0.50142,0.29884,0.341966,0,82,391.333601858742,124.1292953491211,29,0.4372179754849138,811.4765625,26.13321924749839,2,4,10,0.0,0.2805,0.05,0.8,0.0,0.1,0.05,96,453.90393072172014,89.38717842102051,17,0.7222693948184743,785.8291015625,19.638942294212114,2,0,11,0.67,0.314,0.05,0.8,0.0,0.1,0.05
135,frozen_attentive_ppoclip_seed3,0,NOOP,0.122575,0.349197,0.321201,0,96,453.90393072172014,89.38717842102051,17,0.7222693948184743,785.8291015625,19.638942294212114,2,0,11,0.67,0.314,0.05,0.8,0.0,0.1,0.05,74,291.15908481158715,143.7077522277832,20,0.6253738403320312,800.478515625,23.545073136283435,2,1,12,0.67,0.34750000000000003,0.05,0.8,0.0,0.1,0.05
136,frozen_attentive_ppoclip_seed3,0,NOOP,0.107603,0.349464,0.307228,0,74,291.15908481158715,143.7077522277832,20,0.6253738403320312,800.478515625,23.545073136283435,2,1,12,0.67,0.34750000000000003,0.05,0.8,0.0,0.1,0.05,52,247.57318719089363,97.4740982055664,23,0.5523893936820652,813.1171875,25.117406598668286,2,2,13,0.67,0.38100000000000006,0.05,0.8,0.0,0.1,0.05
137,frozen_attentive_ppoclip_seed3,0,NOOP,0.096035,0.349725,0.295659,0,52,247.57318719089363,97.4740982055664,23,0.5523893936820652,813.1171875,25.117406598668286,2,2,13,0.67,0.38100000000000006,0.05,0.8,0.0,0.1,0.05,55,266.5025277030711,101.28903388977051,26,0.4964247483473558,826.05078125,25.64267503839027,2,3,14,0.67,0.41450000000000004,0.05,0.8,0.0,0.1,0.05
138,frozen_attentive_ppoclip_seed3,0,NOOP,0.086881,0.350033,0.285886,0,55,266.5025277030711,101.28903388977051,26,0.4964247483473558,826.05078125,25.64267503839027,2,3,14,0.67,0.41450000000000004,0.05,0.8,0.0,0.1,0.05,65,291.96546487694025,136.0161304473877,29,0.45253201188712283,839.8994140625,25.65158875426035,2,4,15,0.67,0.44800000000000006,0.05,0.8,0.0,0.1,0.05
139,frozen_attentive_ppoclip_seed3,0,NOOP,0.079632,-0.037878,0.076232,0,65,291.96546487694025,136.0161304473877,29,0.45253201188712283,839.8994140625,25.65158875426035,2,4,15,0.67,0.44800000000000006,0.05,0.8,0.0,0.1,0.05,95,432.7241411141217,209.98048782348633,32,0.41815805435180664,856.3876953125,25.351799510134406,2,5,16,0.0,0.402,0.05,0.8,0.0,0.1,0.05
140,frozen_attentive_ppoclip_seed3,0,NOOP,0.073526,-0.025978,0.067603,0,95,432.7241411141217,209.98048782348633,32,0.41815805435180664,856.3876953125,25.351799510134406,2,5,16,0.0,0.402,0.05,0.8,0.0,0.1,0.05,90,427.6042936306916,339.8928642272949,35,0.3895041329520089,872.4892578125,24.96093388648347,2,6,17,0.0,0.402,0.05,0.75,0.05,0.1,0.05
141,frozen_attentive_ppoclip_seed3,2,COMPACT_64KB,0.180552,0.301154,0.358204,0,90,427.6042936306916,339.8928642272949,35,0.3895041329520089,872.4892578125,24.96093388648347,2,6,17,0.0,0.402,0.05,0.75,0.05,0.1,0.05,50,232.74664417426433,107.86843299865723,16,0.8048057556152344,824.12109375,16.970497892782724,2,0,18,0.67,0.43550000000000005,0.05,0.75,0.05,0.1,0.05
142,frozen_attentive_ppoclip_seed3,0,NOOP,0.135943,0.351578,0.335431,0,50,232.74664417426433,107.86843299865723,16,0.8048057556152344,824.12109375,16.970497892782724,2,0,18,0.67,0.43550000000000005,0.05,0.75,0.05,0.1,0.05,99,368.04467205922236,99.36332702636719,19,0.6915917647512335,840.9755859375,23.1474240870034,2,1,19,0.67,0.46900000000000003,0.05,0.75,0.05,0.1,0.05
143,frozen_attentive_ppoclip_seed3,0,NOOP,0.119065,0.351962,0.318726,0,99,368.04467205922236,99.36332702636719,19,0.6915917647512335,840.9755859375,23.1474240870034,2,1,19,0.67,0.46900000000000003,0.05,0.75,0.05,0.1,0.05,96,462.13345698112687,94.44928169250488,22,0.6090753728693182,857.578125,25.388037404178835,2,2,20,0.67,0.5025000000000001,0.05,0.75,0.05,0.1,0.05
144,frozen_attentive_ppoclip_seed3,0,NOOP,0.105698,-0.024659,0.10121,0,96,462.13345698112687,94.44928169250488,22,0.6090753728693182,857.578125,25.388037404178835,2,2,20,0.67,0.5025000000000001,0.05,0.75,0.05,0.1,0.05,56,260.4331633931561,255.68795204162598,25,0.544117431640625,870.587890625,26.382463460640466,2,3,21,0.0,0.5025000000000001,0.05,0.75,0.1,0.05,0.05
145,frozen_attentive_ppoclip_seed3,0,NOOP,0.095456,-0.032648,0.092385,0,56,260.4331633931561,255.68795204162598,25,0.544117431640625,870.587890625,26.382463460640466,2,3,21,0.0,0.5025000000000001,0.05,0.75,0.1,0.05,0.05,90,398.06534817384704,188.52829933166504,28,0.4947787693568638,886.6435546875,26.550777424045144,2,4,22,0.0,0.46900000000000003,0.05,0.7,0.1,0.1,0.05
146,frozen_attentive_ppoclip_seed3,2,COMPACT_64KB,0.515397,0.294497,0.355877,0,90,398.06534817384704,188.52829933166504,28,0.4947787693568638,886.6435546875,26.550777424045144,2,4,22,0.0,0.46900000000000003,0.05,0.7,0.1,0.1,0.05,66,296.57507421767446,92.72575378417969,17,0.7921555463005515,861.865234375,16.536310909498123,2,0,23,0.67,0.46900000000000003,0.05,0.7,0.1,0.1,0.05
147,frozen_attentive_ppoclip_seed3,0,NOOP,0.1342,0.344719,0.333913,0,66,296.57507421767446,92.72575378417969,17,0.7921555463005515,861.865234375,16.536310909498123,2,0,23,0.67,0.46900000000000003,0.05,0.7,0.1,0.1,0.05,56,248.9185359143541,89.35070037841797,20,0.6834991455078125,874.87890625,22.777252709378146,2,1,24,0.67,0.46900000000000003,0.05,0.7,0.1,0.1,0.05
148,frozen_attentive_ppoclip_seed3,0,NOOP,0.118079,-0.031809,0.116484,0,56,248.9185359143541,89.35070037841797,20,0.6834991455078125,874.87890625,22.777252709378146,2,1,24,0.67,0.46900000000000003,0.05,0.7,0.1,0.1,0.05,82,391.4828231871323,108.46781730651855,23,0.6047681725543478,890.21875,25.001171516215134,2,2,25,0.0,0.43550000000000005,0.05,0.65,0.1,0.1,0.1
149,frozen_attentive_ppoclip_seed3,0,NOOP,0.105397,0.345328,0.304934,0,82,391.4828231871323,108.46781730651855,23,0.6047681725543478,890.21875,25.001171516215134,2,2,25,0.0,0.43550000000000005,0.05,0.65,0.1,0.1,0.1,63,303.62355623170157,105.6218147277832,26,0.5432340181790866,903.94140625,25.95639742318485,2,3,26,0.67,0.43550000000000005,0.05,0.65,0.1,0.1,0.1
150,frozen_attentive_ppoclip_seed3,0,NOOP,0.095229,-0.031322,0.087448,0,63,303.62355623170157,105.6218147277832,26,0.5432340181790866,903.94140625,25.95639742318485,2,3,26,0.67,0.43550000000000005,0.05,0.65,0.1,0.1,0.1,61,291.0375256653073,425.2660274505615,29,0.49426795696390086,917.361328125,26.263027389526307,2,4,27,0.0,0.402,0.05,0.6,0.15,0.1,0.1
151,frozen_attentive_ppoclip_seed3,2,COMPACT_64KB,0.243635,-0.072286,0.152986,0,61,291.0375256653073,425.2660274505615,29,0.49426795696390086,917.361328125,26.263027389526307,2,4,27,0.0,0.402,0.05,0.6,0.15,0.1,0.1,186,633.6177147089782,100.37112236022949,18,0.7839694552951388,903.1328125,16.39119041871506,2,0,28,0.0,0.402,0.05,0.6,0.15,0.05,0.15
152,frozen_attentive_ppoclip_seed3,0,NOOP,0.08734,-0.029871,0.083597,0,186,633.6177147089782,100.37112236022949,18,0.7839694552951388,903.1328125,16.39119041871506,2,0,28,0.0,0.402,0.05,0.6,0.15,0.05,0.15,254,758.818043767504,228.36923599243164,33,0.4573239413174716,965.8681640625,26.14849269446772,2,1,29,0.0,0.36850000000000005,0.1,0.55,0.15,0.05,0.15
153,frozen_attentive_ppoclip_seed3,0,NOOP,0.069412,0.355845,0.269078,0,254,758.818043767504,228.36923599243164,33,0.4573239413174716,965.8681640625,26.14849269446772,2,1,29,0.0,0.36850000000000005,0.1,0.55,0.15,0.05,0.15,152,574.5518357635948,119.23503875732422,42,0.3733117239815848,1003.4619140625,25.3437915887327,2,2,30,0.67,0.402,0.1,0.6,0.15,0.05,0.1
154,frozen_attentive_ppoclip_seed3,0,NOOP,0.054273,-0.028818,0.044551,0,152,574.5518357635948,119.23503875732422,42,0.3733117239815848,1003.4619140625,25.3437915887327,2,2,30,0.67,0.402,0.1,0.6,0.15,0.05,0.1,211,681.070617551496,553.6289215087891,54,0.3051164415147569,1054.482421875,23.767388074526412,2,3,31,0.0,0.36850000000000005,0.1,0.55,0.2,0.05,0.1
155,frozen_attentive_ppoclip_seed3,0,NOOP,0.041999,0.348687,0.241622,0,211,681.070617551496,553.6289215087891,54,0.3051164415147569,1054.482421875,23.767388074526412,2,3,31,0.0,0.36850000000000005,0.1,0.55,0.2,0.05,0.1,259,764.4586112405158,155.11655807495117,69,0.2531200906504755,1117.7783203125,21.92826264792403,2,4,32,0.67,0.36850000000000005,0.1,0.55,0.2,0.05,0.1
156,frozen_attentive_ppoclip_seed3,2,COMPACT_64KB,0.242893,0.299172,0.35325,0,259,764.4586112405158,155.11655807495117,69,0.2531200906504755,1117.7783203125,21.92826264792403,2,4,32,0.67,0.36850000000000005,0.1,0.55,0.2,0.05,0.1,189,698.8990536444475,102.59389877319336,20,0.7815101623535157,1000.3330078125,15.140292326316262,2,0,33,0.67,0.3685,0.1,0.55,0.2,0.05,0.1
157,frozen_attentive_ppoclip_seed3,0,NOOP,0.0988,0.349609,0.297894,0,189,698.8990536444475,102.59389877319336,20,0.7815101623535157,1000.3330078125,15.140292326316262,2,0,33,0.67,0.3685,0.1,0.55,0.2,0.05,0.1,226,516.6209789234109,135.30421257019043,32,0.5139999389648438,1052.671875,25.396982005314793,2,1,34,0.67,0.36850000000000005,0.1,0.55,0.2,0.05,0.1
158,frozen_attentive_ppoclip_seed3,0,NOOP,0.072825,-0.026959,0.065082,0,226,516.6209789234109,135.30421257019043,32,0.5139999389648438,1052.671875,25.396982005314793,2,1,34,0.67,0.36850000000000005,0.1,0.55,0.2,0.05,0.1,204,632.2258414894922,442.1401023864746,44,0.39162479747425427,1102.8154296875,25.150807842381766,2,2,35,0.0,0.335,0.1,0.5,0.25,0.05,0.1
159,frozen_attentive_ppoclip_seed3,0,NOOP,0.060844,-0.018192,0.058033,0,204,632.2258414894922,442.1401023864746,44,0.39162479747425427,1102.8154296875,25.150807842381766,2,2,35,0.0,0.335,0.1,0.5,0.25,0.05,0.1,193,631.8093474925112,206.8188190460205,53,0.3373456271189564,1144.2763671875,24.151071950200524,2,3,36,0.0,0.335,0.05,0.5,0.25,0.05,0.15
160,frozen_attentive_ppoclip_seed3,0,NOOP,0.05193,0.358915,0.251789,0,193,631.8093474925112,206.8188190460205,53,0.3373456271189564,1144.2763671875,24.151071950200524,2,3,36,0.0,0.335,0.05,0.5,0.25,0.05,0.15,176,626.8666192821156,134.5512866973877,62,0.29839891003024194,1184.046875,23.119190453755067,2,4,37,0.67,0.36850000000000005,0.05,0.55,0.2,0.05,0.15
161,frozen_attentive_ppoclip_seed3,2,COMPACT_64KB,0.241504,-0.07597,0.147875,0,176,626.8666192821156,134.5512866973877,62,0.29839891003024194,1184.046875,23.119190453755067,2,4,37,0.67,0.36850000000000005,0.05,0.55,0.2,0.05,0.15,206,652.5407704577311,254.42814826965332,22,0.775815790349787,1092.3486328125,15.176798623498488,2,0,38,0.0,0.3350000000000001,0.05,0.5,0.25,0.05,0.15
162,frozen_attentive_ppoclip_seed3,0,NOOP,0.11006,-0.02571,0.104433,0,206,652.5407704577311,254.42814826965332,22,0.775815790349787,1092.3486328125,15.176798623498488,2,0,38,0.0,0.3350000000000001,0.05,0.5,0.25,0.05,0.15,156,498.1449688464982,320.0798034667969,31,0.5696745841733871,1130.234375,24.51458222507436,2,1,39,0.0,0.30150000000000005,0.05,0.45,0.3,0.05,0.15
163,frozen_attentive_ppoclip_seed3,0,NOOP,0.080652,0.351446,0.280364,0,156,498.1449688464982,320.0798034667969,31,0.5696745841733871,1130.234375,24.51458222507436,2,1,39,0.0,0.30150000000000005,0.05,0.45,0.3,0.05,0.15,240,746.9326825402596,118.15357208251953,43,0.4301335534384084,1183.7275390625,25.305368558648105,2,2,40,0.67,0.3015,0.05,0.45,0.3,0.05,0.15
164,frozen_attentive_ppoclip_seed3,0,NOOP,0.063256,0.360001,0.262588,0,240,746.9326825402596,118.15357208251953,43,0.4301335534384084,1183.7275390625,25.305368558648105,2,2,40,0.67,0.3015,0.05,0.45,0.3,0.05,0.15,208,682.8627699918205,152.15301513671875,55,0.35065418590198866,1234.302734375,24.343330305942327,2,3,41,0.67,0.3350000000000001,0.05,0.5,0.25,0.05,0.15
165,frozen_attentive_ppoclip_seed3,0,NOOP,0.049293,0.360279,0.248396,0,208,682.8627699918205,152.15301513671875,55,0.35065418590198866,1234.302734375,24.343330305942327,2,3,41,0.67,0.3350000000000001,0.05,0.5,0.25,0.05,0.15,288,855.3064422025728,182.35445022583008,70,0.2902154105050223,1300.1650390625,22.793088700149152,2,4,42,0.67,0.3685,0.05,0.55,0.25,0.0,0.15
166,frozen_attentive_ppoclip_seed3,2,COMPACT_64KB,0.241775,-0.074818,0.147941,0,288,855.3064422025728,182.35445022583008,70,0.2902154105050223,1300.1650390625,22.793088700149152,2,4,42,0.67,0.3685,0.05,0.55,0.25,0.0,0.15,245,803.8025420261899,267.1473026275635,24,0.7784220377604166,1195.65625,13.747090123479484,2,0,43,0.0,0.335,0.05,0.5,0.3,0.0,0.15
167,frozen_attentive_ppoclip_seed3,0,NOOP,0.112651,0.35209,0.312062,0,245,803.8025420261899,267.1473026275635,24,0.7784220377604166,1195.65625,13.747090123479484,2,0,43,0.0,0.335,0.05,0.5,0.3,0.0,0.15,152,557.8961992462024,120.6965446472168,33,0.5838780258641099,1233.150390625,23.713162962198815,2,1,44,0.67,0.335,0.05,0.5,0.3,0.0,0.15
168,frozen_attentive_ppoclip_seed3,0,NOOP,0.078519,-0.016279,0.073138,0,152,557.8961992462024,120.6965446472168,33,0.5838780258641099,1233.150390625,23.713162962198815,2,1,44,0.67,0.335,0.05,0.5,0.3,0.0,0.15,278,805.4163218138326,329.06603813171387,48,0.4225959777832031,1298.21484375,24.947698018211874,2,2,45,0.0,0.335,0.1,0.5,0.3,0.0,0.1
169,frozen_attentive_ppoclip_seed3,0,NOOP,0.062777,0.352287,0.262374,0,278,805.4163218138326,329.06603813171387,48,0.4225959777832031,1298.21484375,24.947698018211874,2,2,45,0.0,0.335,0.1,0.5,0.3,0.0,0.1,212,557.0191130842345,145.1857089996338,60,0.35138626098632814,1349.3232421875,24.091160491352397,2,3,46,0.67,0.335,0.1,0.5,0.3,0.0,0.1
170,frozen_attentive_ppoclip_seed3,0,NOOP,0.051824,0.36071,0.251245,0,212,557.0191130842345,145.1857089996338,60,0.35138626098632814,1349.3232421875,24.091160491352397,2,3,46,0.67,0.335,0.1,0.5,0.3,0.0,0.1,224,754.2664503340925,168.95389556884766,72,0.30411995781792533,1401.384765625,22.99513162482063,2,4,47,0.67,0.3685,0.1,0.55,0.25,0.0,0.1
171,frozen_attentive_ppoclip_seed3,2,COMPACT_64KB,0.247691,-0.066059,0.155175,0,224,754.2664503340925,168.95389556884766,72,0.30411995781792533,1401.384765625,22.99513162482063,2,4,47,0.67,0.3685,0.1,0.55,0.25,0.0,0.1,244,712.4207208367415,202.467679977417,25,0.8086236572265625,1293.7978515625,13.711950464982102,2,0,48,0.0,0.3685,0.15,0.55,0.25,0.0,0.05
172,frozen_attentive_ppoclip_seed3,0,NOOP,0.118322,0.360833,0.318074,0,244,712.4207208367415,202.467679977417,25,0.8086236572265625,1293.7978515625,13.711950464982102,2,0,48,0.0,0.3685,0.15,0.55,0.25,0.0,0.05,175,638.265317213871,104.89869117736816,34,0.6128593893612132,1333.58203125,24.2105239299818,2,1,49,0.67,0.402,0.1,0.6,0.25,0.0,0.05
173,frozen_attentive_ppoclip_seed3,0,NOOP,0.09443,-0.024482,0.090116,0,175,638.265317213871,104.89869117736816,34,0.6128593893612132,1333.58203125,24.2105239299818,2,1,49,0.67,0.402,0.1,0.6,0.25,0.0,0.05,175,638.7607746898673,269.44756507873535,43,0.49902521177779796,1373.3173828125,25.807215643933805,2,2,50,0.0,0.36850000000000005,0.1,0.55,0.25,0.0,0.1
174,frozen_attentive_ppoclip_seed3,0,NOOP,0.07849,0.360741,0.278037,0,175,638.7607746898673,269.44756507873535,43,0.49902521177779796,1373.3173828125,25.807215643933805,2,2,50,0.0,0.36850000000000005,0.1,0.55,0.25,0.0,0.1,188,646.9420111973851,137.61019706726074,52,0.42494788536658656,1414.2265625,25.653227253851753,2,3,51,0.67,0.402,0.1,0.6,0.2,0.0,0.1
175,frozen_attentive_ppoclip_seed3,0,NOOP,0.06368,0.35235,0.263625,0,188,646.9420111973851,137.61019706726074,52,0.42494788536658656,1414.2265625,25.653227253851753,2,3,51,0.67,0.402,0.1,0.6,0.2,0.0,0.1,244,799.6291582803066,132.7509880065918,64,0.3583991527557373,1468.0029296875,24.7528789830711,2,4,52,0.67,0.402,0.1,0.6,0.2,0.0,0.1
176,frozen_attentive_ppoclip_seed3,1,COMPACT_32KB,-0.219164,0.307361,0.331678,0,244,799.6291582803066,132.7509880065918,64,0.3583991527557373,1468.0029296875,24.7528789830711,2,4,52,0.67,0.402,0.1,0.6,0.2,0.0,0.1,205,664.9747646999683,138.82851600646973,32,0.6832728385925293,1399.3427734375,19.619613978218684,2,0,53,0.67,0.402,0.1,0.6,0.2,0.0,0.1
177,frozen_attentive_ppoclip_seed3,0,NOOP,0.104393,-0.024498,0.102181,0,205,664.9747646999683,138.82851600646973,32,0.6832728385925293,1399.3427734375,19.619613978218684,2,0,53,0.67,0.402,0.1,0.6,0.2,0.0,0.1,151,545.5819553224701,161.84496879577637,41,0.5475914187547637,1436.8798828125,23.941404224408707,2,1,54,0.0,0.36850000000000005,0.1,0.55,0.2,0.0,0.15
178,frozen_attentive_ppoclip_seed3,0,NOOP,0.086161,0.360768,0.285935,0,151,545.5819553224701,161.84496879577637,41,0.5475914187547637,1436.8798828125,23.941404224408707,2,1,54,0.0,0.36850000000000005,0.1,0.55,0.2,0.0,0.15,197,716.9806419591112,123.81601333618164,50,0.4620550537109375,1478.576171875,24.6434224702109,2,2,55,0.67,0.402,0.1,0.6,0.15,0.0,0.15
179,frozen_attentive_ppoclip_seed3,0,NOOP,0.06613,-0.016164,0.061042,0,197,716.9806419591112,123.81601333618164,50,0.4620550537109375,1478.576171875,24.6434224702109,2,2,55,0.67,0.402,0.1,0.6,0.15,0.0,0.15,289,864.388063831092,335.68811416625977,65,0.3712773249699519,1544.513671875,24.06952273449645,2,3,56,0.0,0.402,0.1,0.6,0.15,0.05,0.1
180,frozen_attentive_ppoclip_seed3,0,NOOP,0.057681,0.352316,0.25644,0,289,864.388063831092,335.68811416625977,65,0.3712773249699519,1544.513671875,24.06952273449645,2,3,56,0.0,0.402,0.1,0.6,0.15,0.05,0.1,183,556.518963002062,204.5454978942871,74,0.33465390592008026,1584.9208984375,23.41342938247371,2,4,57,0.67,0.402,0.1,0.6,0.15,0.05,0.1
181,frozen_attentive_ppoclip_seed3,1,COMPACT_32KB,-0.22578,0.315652,0.32496,0,183,556.518963002062,204.5454978942871,74,0.33465390592008026,1584.9208984375,23.41342938247371,2,4,57,0.67,0.402,0.1,0.6,0.15,0.05,0.1,255,741.8027468023099,148.9086151123047,36,0.6526908874511719,1503.7998046875,19.29763202918659,2,0,58,0.67,0.43550000000000005,0.1,0.65,0.1,0.05,0.1
182,frozen_attentive_ppoclip_seed3,0,NOOP,0.101586,0.360584,0.301183,0,255,741.8027468023099,148.9086151123047,36,0.6526908874511719,1503.7998046875,19.29763202918659,2,0,58,0.67,0.43550000000000005,0.1,0.65,0.1,0.05,0.1,179,622.7163149626675,126.41310691833496,45,0.536055162217882,1543.8388671875,22.897423094684775,2,1,59,0.67,0.46900000000000003,0.1,0.7,0.05,0.05,0.1
183,frozen_attentive_ppoclip_seed3,0,NOOP,0.080273,0.352114,0.279983,0,179,622.7163149626675,126.41310691833496,45,0.536055162217882,1543.8388671875,22.897423094684775,2,1,59,0.67,0.46900000000000003,0.1,0.7,0.05,0.05,0.1,205,654.0359759511233,135.7574462890625,57,0.43699110599986296,1594.1435546875,23.779630056577005,2,2,60,0.67,0.46900000000000003,0.1,0.7,0.05,0.05,0.1
184,frozen_attentive_ppoclip_seed3,0,NOOP,0.065884,-0.02496,0.05878,0,205,654.0359759511233,135.7574462890625,57,0.43699110599986296,1594.1435546875,23.779630056577005,2,2,60,0.67,0.46900000000000003,0.1,0.7,0.05,0.05,0.1,213,687.0905597863789,441.4560794830322,69,0.3725448829540308,1645.158203125,23.405858384717,2,3,61,0.0,0.43550000000000005,0.15,0.65,0.05,0.05,0.1
185,frozen_attentive_ppoclip_seed3,0,NOOP,0.053076,0.3518,0.252693,0,213,687.0905597863789,441.4560794830322,69,0.3725448829540308,1645.158203125,23.405858384717,2,3,61,0.0,0.43550000000000005,0.15,0.65,0.05,0.05,0.1,265,734.0340848303617,174.1325855255127,84,0.3178801763625372,1708.923828125,22.492224102172386,2,4,62,0.67,0.43550000000000005,0.15,0.65,0.05,0.05,0.1
186,frozen_attentive_ppoclip_seed3,2,COMPACT_64KB,0.24489,-0.066875,0.152186,0,265,734.0340848303617,174.1325855255127,84,0.3178801763625372,1708.923828125,22.492224102172386,2,4,62,0.67,0.43550000000000005,0.15,0.65,0.05,0.05,0.1,253,753.9311957860066,219.4044589996338,31,0.7983723302041331,1583.970703125,13.009552023087553,2,0,63,0.0,0.43550000000000005,0.2,0.65,0.0,0.05,0.1
187,frozen_attentive_ppoclip_seed3,0,NOOP,0.106216,-0.025365,0.098198,0,253,753.9311957860066,219.4044589996338,31,0.7983723302041331,1583.970703125,13.009552023087553,2,0,63,0.0,0.43550000000000005,0.2,0.65,0.0,0.05,0.1,270,804.6523465727057,458.40954780578613,46,0.5598300436268682,1648.1396484375,24.604333651852492,2,1,64,0.0,0.402,0.2,0.6,0.05,0.05,0.1
188,frozen_attentive_ppoclip_seed3,0,NOOP,0.089046,-0.017108,0.086362,0,270,804.6523465727057,458.40954780578613,46,0.5598300436268682,1648.1396484375,24.604333651852492,2,1,64,0.0,0.402,0.2,0.6,0.05,0.05,0.1,180,645.2620962917126,202.95000076293945,55,0.4796039928089489,1688.2060546875,25.33463872650925,2,2,65,0.0,0.402,0.15,0.6,0.05,0.05,0.15
189,frozen_attentive_ppoclip_seed3,0,NOOP,0.076263,0.351305,0.276142,0,180,645.2620962917126,202.95000076293945,55,0.4796039928089489,1688.2060546875,25.33463872650925,2,2,65,0.0,0.402,0.15,0.6,0.05,0.05,0.15,151,537.8463587046982,136.0781192779541,64,0.42131710052490234,1725.71484375,25.231095123583625,2,3,66,0.67,0.402,0.15,0.6,0.05,0.05,0.15
190,frozen_attentive_ppoclip_seed3,0,NOOP,0.063684,-0.025769,0.059006,0,151,537.8463587046982,136.0781192779541,64,0.42131710052490234,1725.71484375,25.231095123583625,2,3,66,0.67,0.402,0.15,0.6,0.05,0.05,0.15,247,795.5604115439965,328.89747619628906,76,0.36592222514905426,1779.845703125,24.552175442693255,2,4,67,0.0,0.36850000000000005,0.15,0.55,0.05,0.05,0.2
191,frozen_attentive_ppoclip_seed3,2,COMPACT_64KB,0.240229,0.309275,0.350755,0,247,795.5604115439965,328.89747619628906,76,0.36592222514905426,1779.845703125,24.552175442693255,2,4,67,0.0,0.36850000000000005,0.15,0.55,0.05,0.05,0.2,294,681.6519263138983,111.63449287414551,34,0.7769380457261029,1690.6171875,13.512378418812888,2,0,68,0.67,0.402,0.1,0.6,0.05,0.05,0.2
192,frozen_attentive_ppoclip_seed3,0,NOOP,0.120331,0.350851,0.320133,0,294,681.6519263138983,111.63449287414551,34,0.7769380457261029,1690.6171875,13.512378418812888,2,0,68,0.67,0.402,0.1,0.6,0.05,0.05,0.2,168,593.0400509010359,113.64173889160156,43,0.6285308128179505,1729.716796875,22.19094255901487,2,1,69,0.67,0.402,0.1,0.6,0.05,0.05,0.2
193,frozen_attentive_ppoclip_seed3,0,NOOP,0.089311,-0.017721,0.086337,0,168,593.0400509010359,113.64173889160156,43,0.6285308128179505,1729.716796875,22.19094255901487,2,1,69,0.67,0.402,0.1,0.6,0.05,0.05,0.2,250,722.797454227869,221.23956680297852,58,0.48280729096511316,1792.1806640625,24.831931064315697,2,2,70,0.0,0.402,0.1,0.6,0.05,0.05,0.2
194,frozen_attentive_ppoclip_seed3,0,NOOP,0.073655,-0.026221,0.068083,0,250,722.797454227869,221.23956680297852,58,0.48280729096511316,1792.1806640625,24.831931064315697,2,2,70,0.0,0.402,0.1,0.6,0.05,0.05,0.2,242,771.3562875980704,366.09649658203125,70,0.4120234898158482,1845.865234375,24.700300113598257,2,3,71,0.0,0.36850000000000005,0.1,0.55,0.05,0.1,0.2
195,frozen_attentive_ppoclip_seed3,0,NOOP,0.064766,-0.02627,0.05067,0,242,771.3562875980704,366.09649658203125,70,0.4120234898158482,1845.865234375,24.700300113598257,2,3,71,0.0,0.36850000000000005,0.1,0.55,0.05,0.1,0.2,189,669.6487181003388,803.5645484924316,79,0.3732058368151701,1886.9287109375,24.256153186993348,2,4,72,0.0,0.3350000000000001,0.1,0.5,0.1,0.1,0.2
196,frozen_attentive_ppoclip_seed3,0,NOOP,0.053175,0.350309,0.252571,0,189,669.6487181003388,803.5645484924316,79,0.3732058368151701,1886.9287109375,24.256153186993348,2,4,72,0.0,0.3350000000000001,0.1,0.5,0.1,0.1,0.2,292,860.1404388010226,197.70550727844238,94,0.3246268414436503,1952.955078125,23.34731345945554,2,5,73,0.67,0.3350000000000001,0.1,0.5,0.1,0.1,0.2
197,frozen_attentive_ppoclip_seed3,2,COMPACT_64KB,0.246931,0.308493,0.357184,0,292,860.1404388010226,197.70550727844238,94,0.3246268414436503,1952.955078125,23.34731345945554,2,5,73,0.67,0.3350000000000001,0.1,0.5,0.1,0.1,0.2,298,833.0406968761872,126.59502029418945,35,0.8110770089285714,1816.8125,13.10175275545527,2,0,74,0.67,0.36850000000000005,0.1,0.55,0.1,0.1,0.15
198,frozen_attentive_ppoclip_seed3,0,NOOP,0.111316,0.349995,0.31109,0,298,833.0406968761872,126.59502029418945,35,0.8110770089285714,1816.8125,13.10175275545527,2,0,74,0.67,0.36850000000000005,0.1,0.55,0.1,0.1,0.15,269,733.9358088681076,123.80027770996094,50,0.5878277587890625,1881.048828125,24.602934628089688,2,1,75,0.67,0.3685,0.1,0.55,0.1,0.1,0.15
199,frozen_attentive_ppoclip_seed3,0,NOOP,0.094384,0.358284,0.294105,0,269,733.9358088681076,123.80027770996094,50,0.5878277587890625,1881.048828125,24.602934628089688,2,1,75,0.67,0.3685,0.1,0.55,0.1,0.1,0.15,180,642.5048827751014,137.65382766723633,59,0.508792683229608,1921.201171875,25.61338451543502,2,2,76,0.67,0.402,0.1,0.6,0.1,0.05,0.15
200,frozen_attentive_ppoclip_seed3,0,NOOP,0.07467,0.349801,0.274681,0,180,642.5048827751014,137.65382766723633,59,0.508792683229608,1921.201171875,25.61338451543502,2,2,76,0.67,0.402,0.1,0.6,0.1,0.05,0.15,290,825.9077190082982,141.96085929870605,74,0.41960226522909627,1987.236328125,25.519204120430008,2,3,77,0.67,0.402,0.1,0.6,0.1,0.05,0.15
201,frozen_attentive_ppoclip_seed3,0,NOOP,0.060963,-0.027254,0.054459,0,290,825.9077190082982,141.96085929870605,74,0.41960226522909627,1987.236328125,25.519204120430008,2,3,77,0.67,0.402,0.1,0.6,0.1,0.05,0.15,288,602.0532057416268,436.45501136779785,89,0.36044054352835325,2053.0693359375,24.73559194162231,2,4,78,0.0,0.36850000000000005,0.1,0.55,0.1,0.1,0.15
202,frozen_attentive_ppoclip_seed3,0,NOOP,0.054421,-0.027325,0.046874,0,288,602.0532057416268,436.45501136779785,89,0.36044054352835325,2053.0693359375,24.73559194162231,2,4,78,0.0,0.36850000000000005,0.1,0.55,0.1,0.1,0.15,154,503.9751821081476,499.8667240142822,98,0.3333554949079241,2090.8056640625,24.18949591808299,2,5,79,0.0,0.335,0.1,0.5,0.1,0.15,0.15
203,frozen_attentive_ppoclip_seed3,1,COMPACT_32KB,-0.220572,0.304368,0.330499,0,154,503.9751821081476,499.8667240142822,98,0.3333554949079241,2090.8056640625,24.18949591808299,2,5,79,0.0,0.335,0.1,0.5,0.1,0.15,0.15,273,752.9421072739241,143.59593391418457,45,0.684356689453125,1970.947265625,19.36921324801062,2,0,80,0.67,0.335,0.1,0.5,0.1,0.15,0.15
204,frozen_attentive_ppoclip_seed3,0,NOOP,0.098635,0.357565,0.298345,0,273,752.9421072739241,143.59593391418457,45,0.684356689453125,1970.947265625,19.36921324801062,2,0,80,0.67,0.335,0.1,0.5,0.1,0.15,0.15,299,847.3742185705212,139.4801139831543,60,0.5306749979654948,2037.7919921875,23.98156876566222,2,1,81,0.67,0.3685,0.05,0.55,0.1,0.15,0.15
205,frozen_attentive_ppoclip_seed3,0,NOOP,0.085364,-0.027698,0.080891,0,299,847.3742185705212,139.4801139831543,60,0.5306749979654948,2037.7919921875,23.98156876566222,2,1,81,0.67,0.3685,0.05,0.55,0.1,0.15,0.15,150,548.7819685286627,309.9052906036377,69,0.46994416610054346,2075.2734375,24.519500018660995,2,2,82,0.0,0.3350000000000001,0.05,0.5,0.1,0.15,0.2
206,frozen_attentive_ppoclip_seed3,0,NOOP,0.071923,0.357488,0.27121,0,150,548.7819685286627,309.9052906036377,69,0.46994416610054346,2075.2734375,24.519500018660995,2,2,82,0.0,0.3350000000000001,0.05,0.5,0.1,0.15,0.2,216,575.2148169123898,186.89298629760742,81,0.4102378185884452,2126.6728515625,24.414814890828552,2,3,83,0.67,0.3685,0.0,0.55,0.1,0.15,0.2
207,frozen_attentive_ppoclip_seed3,0,NOOP,0.064015,-0.019546,0.057246,0,216,575.2148169123898,186.89298629760742,81,0.4102378185884452,2126.6728515625,24.414814890828552,2,3,83,0.67,0.3685,0.0,0.55,0.1,0.15,0.2,189,631.0934750193255,450.9456157684326,90,0.3763241238064236,2167.626953125,24.057888050836436,2,4,84,0.0,0.36850000000000005,0.05,0.55,0.05,0.15,0.2
208,frozen_attentive_ppoclip_seed3,0,NOOP,0.057259,-0.019681,0.04883,0,189,631.0934750193255,450.9456157684326,90,0.3763241238064236,2167.626953125,24.057888050836436,2,4,84,0.0,0.36850000000000005,0.05,0.55,0.05,0.15,0.2,161,558.451994492249,545.1550483703613,99,0.3481679588857323,2205.9921875,23.632505159713784,2,5,85,0.0,0.36850000000000005,0.05,0.55,0.05,0.2,0.15
209,frozen_attentive_ppoclip_seed3,1,COMPACT_32KB,-0.224363,0.303653,0.327279,0,161,558.451994492249,545.1550483703613,99,0.3481679588857323,2205.9921875,23.632505159713784,2,5,85,0.0,0.36850000000000005,0.05,0.55,0.05,0.2,0.15,292,829.323578843302,120.09191513061523,49,0.6679027323820153,2094.54296875,18.957456481540802,2,0,86,0.67,0.36850000000000005,0.05,0.55,0.05,0.2,0.15
210,frozen_attentive_ppoclip_seed3,0,NOOP,0.102388,-0.019926,0.096344,0,292,829.323578843302,120.09191513061523,49,0.6679027323820153,2094.54296875,18.957456481540802,2,0,86,0.67,0.36850000000000005,0.05,0.55,0.05,0.2,0.15,234,743.6016192344322,378.4463405609131,61,0.5500640869140625,2147.4501953125,22.884442725197047,2,1,87,0.0,0.36850000000000005,0.1,0.55,0.05,0.2,0.1
211,frozen_attentive_ppoclip_seed3,0,NOOP,0.088905,-0.028352,0.083413,0,234,743.6016192344322,378.4463405609131,61,0.5500640869140625,2147.4501953125,22.884442725197047,2,1,87,0.0,0.36850000000000005,0.1,0.55,0.05,0.2,0.1,178,485.76929238116617,362.1220588684082,70,0.4882758004324777,2187.4755859375,23.72710953506109,2,2,88,0.0,0.3350000000000001,0.1,0.5,0.05,0.25,0.1
212,frozen_attentive_ppoclip_seed3,0,NOOP,0.0782,-0.028458,0.07212,0,178,485.76929238116617,362.1220588684082,70,0.4882758004324777,2187.4755859375,23.72710953506109,2,2,88,0.0,0.3350000000000001,0.1,0.5,0.05,0.25,0.1,168,607.4378328053275,402.74786949157715,79,0.44037290162678006,2226.525390625,23.91905783811876,2,3,89,0.0,0.30150000000000005,0.1,0.45,0.05,0.3,0.1
213,frozen_attentive_ppoclip_seed3,0,NOOP,0.066885,-0.020205,0.062849,0,168,607.4378328053275,402.74786949157715,79,0.44037290162678006,2226.525390625,23.91905783811876,2,3,89,0.0,0.30150000000000005,0.1,0.45,0.05,0.3,0.1,229,731.296365581328,315.51337242126465,91,0.39129839886675827,2278.921875,23.697553808413105,2,4,90,0.0,0.30150000000000005,0.1,0.45,0.05,0.3,0.1
214,frozen_attentive_ppoclip_seed3,0,NOOP,0.057911,-0.020291,0.042418,0,229,731.296365581328,315.51337242126465,91,0.39129839886675827,2278.921875,23.697553808413105,2,4,90,0.0,0.30150000000000005,0.1,0.45,0.05,0.3,0.1,248,787.883468789529,903.3892154693604,103,0.3539299826020176,2333.1064453125,23.22420176576983,2,5,91,0.0,0.30150000000000005,0.1,0.45,0.1,0.25,0.1
215,frozen_attentive_ppoclip_seed3,0,NOOP,0.048804,-0.020436,0.031972,0,248,787.883468789529,903.3892154693604,103,0.3539299826020176,2333.1064453125,23.22420176576983,2,5,91,0.0,0.30150000000000005,0.1,0.45,0.1,0.25,0.1,297,868.9232022644726,989.0973567962646,118,0.31777035987983315,2399.8017578125,22.524842113303805,2,6,92,0.0,0.30150000000000005,0.1,0.45,0.1,0.25,0.1
216,frozen_attentive_ppoclip_seed3,0,NOOP,0.044205,-0.028902,0.024188,0,297,868.9232022644726,989.0973567962646,118,0.31777035987983315,2399.8017578125,22.524842113303805,2,6,92,0.0,0.30150000000000005,0.1,0.45,0.1,0.25,0.1,199,696.4526765315982,1159.5842838287354,127,0.3004006213090551,2441.65625,22.07958215634707,2,7,93,0.0,0.26800000000000007,0.1,0.4,0.15,0.25,0.1
217,frozen_attentive_ppoclip_seed3,2,COMPACT_64KB,0.241995,-0.078996,0.148875,0,199,696.4526765315982,1159.5842838287354,127,0.3004006213090551,2441.65625,22.07958215634707,2,7,93,0.0,0.26800000000000007,0.1,0.4,0.15,0.25,0.1,213,662.7365416271335,256.41632080078125,44,0.7920181967995383,2230.3232421875,12.156846386419964,2,0,94,0.0,0.23450000000000001,0.1,0.35,0.15,0.3,0.1
218,frozen_attentive_ppoclip_seed3,0,NOOP,0.120244,-0.029156,0.115696,0,213,662.7365416271335,256.41632080078125,44,0.7920181967995383,2230.3232421875,12.156846386419964,2,0,94,0.0,0.23450000000000001,0.1,0.35,0.15,0.3,0.1,200,606.6914928316799,297.4364757537842,56,0.6362214769635882,2280.2177734375,22.065059799856694,2,1,95,0.0,0.201,0.1,0.3,0.15,0.35,0.1
219,frozen_attentive_ppoclip_seed3,5,PARTITION_REGION,-0.355888,-0.279275,0.095637,0,200,606.6914928316799,297.4364757537842,56,0.6362214769635882,2280.2177734375,22.065059799856694,2,1,95,0.0,0.201,0.1,0.3,0.15,0.35,0.1,217,696.3678853204551,236.04583740234375,68,0.535789265352137,2331.7548828125,24.40152743354402,2,2,96,0.0,0.16750000000000004,0.1,0.25,0.15,0.35,0.15
220,frozen_attentive_ppoclip_seed3,5,PARTITION_REGION,-0.374626,-0.279447,0.072578,0,217,696.3678853204551,236.04583740234375,68,0.535789265352137,2331.7548828125,24.40152743354402,2,2,96,0.0,0.16750000000000004,0.1,0.25,0.15,0.35,0.15,295,868.4096908291697,470.7918167114258,83,0.4514702486704631,2398.2099609375,24.905027750322965,2,3,97,0.0,0.134,0.1,0.2,0.15,0.4,0.15
221,frozen_attentive_ppoclip_seed3,4,PARTITION_HOUR,-0.115482,-0.121154,0.058846,0,295,868.4096908291697,470.7918167114258,83,0.4514702486704631,2398.2099609375,24.905027750322965,2,3,97,0.0,0.134,0.1,0.2,0.15,0.4,0.15,292,527.202282135796,497.00260162353516,98,0.39293001136001277,2464.45703125,24.553300095158445,1,4,0,0.0,0.134,0.15,0.2,0.15,0.35,0.15
222,frozen_attentive_ppoclip_seed3,2,COMPACT_64KB,0.265341,-0.068516,0.173975,0,292,527.202282135796,497.00260162353516,98,0.39293001136001277,2464.45703125,24.553300095158445,1,4,0,0.0,0.134,0.15,0.2,0.15,0.35,0.15,179,597.9864947742518,163.76900672912598,40,0.9062511444091796,2320.0029296875,14.186957590590293,1,0,1,0.0,0.134,0.15,0.2,0.15,0.3,0.2
223,frozen_attentive_ppoclip_seed3,0,NOOP,0.165093,0.39473,0.382252,0,179,597.9864947742518,163.76900672912598,40,0.9062511444091796,2320.0029296875,14.186957590590293,1,0,1,0.0,0.134,0.15,0.2,0.15,0.3,0.2,195,865.2257825640809,445.77598571777344,43,0.8523375045421512,2345.6328125,18.692690543925867,1,1,2,0.75,0.138,0.15,0.15,0.2,0.3,0.2
224,frozen_attentive_ppoclip_seed3,0,NOOP,0.155187,-0.027376,0.153357,0,195,865.2257825640809,445.77598571777344,43,0.8523375045421512,2345.6328125,18.692690543925867,1,1,2,0.75,0.138,0.15,0.15,0.2,0.3,0.2,170,730.9284634270103,149.01232719421387,46,0.8046851780103601,2368.9931640625,21.503462697387768,1,2,3,0.0,0.1045,0.15,0.15,0.2,0.3,0.2
225,frozen_attentive_ppoclip_seed3,0,NOOP,0.143687,-0.019301,0.141215,0,170,730.9284634270103,149.01232719421387,46,0.8046851780103601,2368.9931640625,21.503462697387768,1,2,3,0.0,0.1045,0.15,0.15,0.2,0.3,0.2,214,841.3336920200027,186.06805801391602,50,0.7496829223632813,2398.9853515625,23.875963211634534,1,3,4,0.0,0.1045,0.15,0.2,0.2,0.3,0.15
226,frozen_attentive_ppoclip_seed3,0,NOOP,0.131472,-0.02804,0.126995,0,214,841.3336920200027,186.06805801391602,50,0.7496829223632813,2398.9853515625,23.875963211634534,1,3,4,0.0,0.1045,0.15,0.2,0.2,0.3,0.15,251,986.2386450077755,292.5865650177002,55,0.6917341752485795,2434.904296875,25.639257523579563,1,4,5,0.0,0.071,0.15,0.15,0.2,0.35,0.15
227,frozen_attentive_ppoclip_seed3,2,COMPACT_64KB,0.26388,0.447463,0.446002,0,251,986.2386450077755,292.5865650177002,55,0.6917341752485795,2434.904296875,25.639257523579563,1,4,5,0.0,0.071,0.15,0.15,0.2,0.35,0.15,249,982.5563055837534,291.86391830444336,42,0.9001977103097099,2419.7314453125,13.470814389925273,1,0,6,0.92,0.11699999999999999,0.15,0.15,0.2,0.35,0.15
228,frozen_attentive_ppoclip_seed3,0,NOOP,0.160689,0.497129,0.432431,0,249,982.5563055837534,291.86391830444336,42,0.9001977103097099,2419.7314453125,13.470814389925273,1,0,6,0.92,0.11699999999999999,0.15,0.15,0.2,0.35,0.15,218,902.3872033602232,270.4126834869385,46,0.832195116126019,2449.982421875,19.19992255909939,1,1,7,0.92,0.16299999999999998,0.2,0.15,0.2,0.3,0.15
229,frozen_attentive_ppoclip_seed3,0,NOOP,0.148852,-0.02911,0.146028,0,218,902.3872033602232,270.4126834869385,46,0.832195116126019,2449.982421875,19.19992255909939,1,1,7,0.92,0.16299999999999998,0.2,0.15,0.2,0.3,0.15,233,815.7876639258734,203.70221138000488,50,0.775509033203125,2481.62890625,22.203451029390326,1,2,8,0.0,0.1295,0.2,0.1,0.2,0.3,0.2
230,frozen_attentive_ppoclip_seed3,0,NOOP,0.138702,-0.021107,0.135627,0,233,815.7876639258734,203.70221138000488,50,0.775509033203125,2481.62890625,22.203451029390326,1,2,8,0.0,0.1295,0.2,0.1,0.2,0.3,0.2,234,790.4787699206918,221.27032279968262,54,0.727261296025029,2513.4150390625,24.025424933235247,1,3,9,0.0,0.1295,0.15,0.1,0.2,0.3,0.25
231,frozen_attentive_ppoclip_seed3,0,NOOP,0.129916,0.496006,0.400834,0,234,790.4787699206918,221.27032279968262,54,0.727261296025029,2513.4150390625,24.025424933235247,1,3,9,0.0,0.1295,0.15,0.1,0.2,0.3,0.25,241,802.4897024008942,326.60460472106934,58,0.6858310041756466,2545.8046875,25.165322593635175,1,4,10,0.92,0.1755,0.2,0.1,0.2,0.25,0.25
232,frozen_attentive_ppoclip_seed3,0,NOOP,0.120237,0.399953,0.331702,0,241,802.4897024008942,326.60460472106934,58,0.6858310041756466,2545.8046875,25.165322593635175,1,4,10,0.92,0.1755,0.2,0.1,0.2,0.25,0.25,263,1020.7536703945871,755.511999130249,63,0.6405603317987352,2582.7392578125,26.09919696107733,1,5,11,0.75,0.213,0.2,0.1,0.25,0.2,0.25
233,frozen_attentive_ppoclip_seed3,1,COMPACT_32KB,-0.191085,0.432654,0.432436,0,263,1020.7536703945871,755.511999130249,63,0.6405603317987352,2582.7392578125,26.09919696107733,1,5,11,0.75,0.213,0.2,0.1,0.25,0.2,0.25,229,889.1814827226759,274.8701572418213,48,0.8336645762125651,2561.017578125,21.18816162903432,1,0,12,0.92,0.259,0.25,0.1,0.25,0.2,0.2
234,frozen_attentive_ppoclip_seed3,0,NOOP,0.15194,-0.040106,0.149267,0,229,889.1814827226759,274.8701572418213,48,0.8336645762125651,2561.017578125,21.18816162903432,1,0,12,0.92,0.259,0.25,0.1,0.25,0.2,0.2,164,703.913680078428,197.39341735839844,51,0.7915733187806373,2583.6953125,23.24720455084389,1,1,13,0.0,0.259,0.25,0.1,0.2,0.2,0.25
235,frozen_attentive_ppoclip_seed3,0,NOOP,0.141771,-0.040485,0.138603,0,164,703.913680078428,197.39341735839844,51,0.7915733187806373,2583.6953125,23.24720455084389,1,1,13,0.0,0.259,0.25,0.1,0.2,0.2,0.25,242,941.7951142748981,227.1733283996582,55,0.7432320334694602,2616.1767578125,24.994035349652727,1,2,14,0.0,0.259,0.25,0.15,0.15,0.2,0.25
236,frozen_attentive_ppoclip_seed3,0,NOOP,0.134867,0.381158,0.350374,0,242,941.7951142748981,227.1733283996582,55,0.7432320334694602,2616.1767578125,24.994035349652727,1,2,14,0.0,0.259,0.25,0.15,0.15,0.2,0.25,150,630.3843051596386,547.1837520599365,58,0.7105862847689924,2637.6962890625,25.947199867871515,1,3,15,0.75,0.2965,0.25,0.15,0.15,0.2,0.25
237,frozen_attentive_ppoclip_seed3,0,NOOP,0.126837,-0.041091,0.123874,0,150,630.3843051596386,547.1837520599365,58,0.7105862847689924,2637.6962890625,25.947199867871515,1,3,15,0.75,0.2965,0.25,0.15,0.15,0.2,0.25,245,1009.4822545660306,225.6619930267334,62,0.6729345014018397,2670.2041015625,26.733631233150266,1,4,16,0.0,0.2965,0.25,0.15,0.15,0.15,0.3
238,frozen_attentive_ppoclip_seed3,1,COMPACT_32KB,-0.189161,0.33554,0.378777,0,245,1009.4822545660306,225.6619930267334,62,0.6729345014018397,2670.2041015625,26.733631233150266,1,4,16,0.0,0.2965,0.25,0.15,0.15,0.15,0.3,162,676.8611795410737,505.2626132965088,49,0.8439088159677933,2646.498046875,19.492141400379786,1,0,17,0.75,0.33399999999999996,0.25,0.15,0.2,0.1,0.3
239,frozen_attentive_ppoclip_seed3,0,NOOP,0.15401,0.475894,0.425292,0,162,676.8611795410737,505.2626132965088,49,0.8439088159677933,2646.498046875,19.492141400379786,1,0,17,0.75,0.33399999999999996,0.25,0.15,0.2,0.1,0.3,182,754.0433521672132,300.8909225463867,52,0.8025500957782452,2670.88671875,21.77786986967217,1,1,18,0.92,0.38,0.3,0.15,0.2,0.1,0.25
240,frozen_attentive_ppoclip_seed3,0,NOOP,0.141511,0.475456,0.412279,0,182,754.0433521672132,300.8909225463867,52,0.8025500957782452,2670.88671875,21.77786986967217,1,1,18,0.92,0.38,0.3,0.15,0.2,0.1,0.25,298,1139.9176386361873,332.83329010009766,57,0.7431801243832237,2711.12109375,24.181844713710053,1,2,19,0.92,0.426,0.35,0.15,0.2,0.05,0.25
241,frozen_attentive_ppoclip_seed3,0,NOOP,0.132883,-0.04238,0.127525,0,298,1139.9176386361873,332.83329010009766,57,0.7431801243832237,2711.12109375,24.181844713710053,1,2,19,0.92,0.426,0.35,0.15,0.2,0.05,0.25,233,908.9979927635312,344.1178798675537,61,0.7025376616931353,2742.70703125,25.373165487502703,1,3,20,0.0,0.426,0.3,0.15,0.2,0.1,0.25
242,frozen_attentive_ppoclip_seed3,0,NOOP,0.123308,-0.042735,0.120064,0,233,908.9979927635312,344.1178798675537,61,0.7025376616931353,2742.70703125,25.373165487502703,1,3,20,0.0,0.426,0.3,0.15,0.2,0.1,0.25,250,951.6564519627569,244.69399452209473,66,0.6577883633700284,2778.498046875,26.379565377740555,1,4,21,0.0,0.426,0.3,0.15,0.2,0.1,0.25
243,frozen_attentive_ppoclip_seed3,0,NOOP,0.115099,-0.052495,0.11142,0,250,951.6564519627569,244.69399452209473,66,0.6577883633700284,2778.498046875,26.379565377740555,1,4,21,0.0,0.426,0.3,0.15,0.2,0.1,0.25,275,792.5265290080721,272.686243057251,71,0.6198698231871699,2816.6884765625,26.926287120913237,1,5,22,0.0,0.38849999999999996,0.3,0.15,0.15,0.1,0.3
244,frozen_attentive_ppoclip_seed3,1,COMPACT_32KB,-0.200112,-0.088436,0.146221,0,275,792.5265290080721,272.686243057251,71,0.6198698231871699,2816.6884765625,26.926287120913237,1,5,22,0.0,0.38849999999999996,0.3,0.15,0.15,0.1,0.3,229,927.8716488272345,342.99325942993164,55,0.7929049405184659,2791.025390625,20.681025041302146,1,0,23,0.0,0.38849999999999996,0.3,0.1,0.15,0.15,0.3
245,frozen_attentive_ppoclip_seed3,0,NOOP,0.1398,-0.043795,0.136123,0,229,927.8716488272345,342.99325942993164,55,0.7929049405184659,2791.025390625,20.681025041302146,1,0,23,0.0,0.38849999999999996,0.3,0.1,0.15,0.15,0.3,265,960.246046240797,258.8205337524414,60,0.736499277750651,2828.1572265625,23.17840515066277,1,1,24,0.0,0.38849999999999996,0.3,0.1,0.15,0.15,0.3
246,frozen_attentive_ppoclip_seed3,0,NOOP,0.131608,-0.044097,0.12857,0,265,960.246046240797,258.8205337524414,60,0.736499277750651,2828.1572265625,23.17840515066277,1,1,24,0.0,0.38849999999999996,0.3,0.1,0.15,0.15,0.3,226,901.4252998608748,231.91142082214355,64,0.6980414390563965,2859.177734375,24.401654500216203,1,2,25,0.0,0.38849999999999996,0.3,0.1,0.15,0.1,0.35
247,frozen_attentive_ppoclip_seed3,0,NOOP,0.124335,-0.055902,0.118398,0,226,901.4252998608748,231.91142082214355,64,0.6980414390563965,2859.177734375,24.401654500216203,1,2,25,0.0,0.38849999999999996,0.3,0.1,0.15,0.1,0.35,231,826.3334419322649,381.87360763549805,68,0.6641769409179688,2890.498046875,25.222427565101984,1,3,26,0.0,0.34249999999999997,0.25,0.1,0.15,0.15,0.35
248,frozen_attentive_ppoclip_seed3,0,NOOP,0.117859,-0.056214,0.1142,0,231,826.3334419322649,381.87360763549805,68,0.6641769409179688,2890.498046875,25.222427565101984,1,3,26,0.0,0.34249999999999997,0.25,0.1,0.15,0.15,0.35,240,933.1017433210698,272.9635238647461,72,0.6342972649468316,2922.841796875,25.756028390056365,1,4,27,0.0,0.2965,0.2,0.1,0.15,0.15,0.4
249,frozen_attentive_ppoclip_seed3,1,COMPACT_32KB,-0.205343,-0.089991,0.141318,0,240,933.1017433210698,272.9635238647461,72,0.6342972649468316,2922.841796875,25.756028390056365,1,4,27,0.0,0.2965,0.2,0.1,0.15,0.15,0.4,216,851.9244300801456,331.6202163696289,59,0.7692521951966367,2904.6962890625,20.81342944921633,1,0,28,0.0,0.2965,0.2,0.1,0.15,0.2,0.35
250,frozen_attentive_ppoclip_seed3,0,NOOP,0.135599,0.472188,0.406421,0,216,851.9244300801456,331.6202163696289,59,0.7692521951966367,2904.6962890625,20.81342944921633,1,0,28,0.0,0.2965,0.2,0.1,0.15,0.2,0.35,254,963.6461470552053,338.90676498413086,64,0.7179934978485107,2940.9013671875,22.974464200367613,1,1,29,0.92,0.34249999999999997,0.25,0.1,0.15,0.2,0.3
251,frozen_attentive_ppoclip_seed3,0,NOOP,0.133688,-0.056898,0.130276,0,254,963.6461470552053,338.90676498413086,64,0.7179934978485107,2940.9013671875,22.974464200367613,1,1,29,0.92,0.34249999999999997,0.25,0.1,0.15,0.2,0.3,69,254.18349779329424,251.88469886779785,65,0.7090663029597356,2949.7158203125,23.255035364371572,1,2,30,0.0,0.2965,0.2,0.1,0.15,0.2,0.35
252,frozen_attentive_ppoclip_seed3,0,NOOP,0.131698,-0.054819,0.127852,0,69,254.18349779329424,251.88469886779785,65,0.7090663029597356,2949.7158203125,23.255035364371572,1,2,30,0.0,0.2965,0.2,0.1,0.15,0.2,0.35,37,166.72226036043295,274.83558654785156,66,0.6997424038973722,2955.7119140625,23.579194357087914,1,3,31,0.0,0.259,0.2,0.15,0.1,0.2,0.35
253,frozen_attentive_ppoclip_seed3,0,NOOP,0.129796,-0.057,0.125863,0,37,166.72226036043295,274.83558654785156,66,0.6997424038973722,2955.7119140625,23.579194357087914,1,3,31,0.0,0.259,0.2,0.15,0.1,0.2,0.35,45,216.3375322368044,280.407190322876,67,0.690856250364389,2962.3916015625,23.858429624590418,1,4,32,0.0,0.213,0.15,0.15,0.1,0.2,0.4
254,frozen_attentive_ppoclip_seed3,1,COMPACT_32KB,0.514066,-0.090538,0.14098,0,45,216.3375322368044,280.407190322876,67,0.690856250364389,2962.3916015625,23.858429624590418,1,4,32,0.0,0.213,0.15,0.15,0.1,0.2,0.4,30,138.06059874589232,320.2240467071533,60,0.7669212341308593,2944.9775390625,20.531183987061066,1,0,33,0.0,0.213,0.15,0.15,0.1,0.25,0.35
255,frozen_attentive_ppoclip_seed3,5,PARTITION_REGION,-0.038163,-0.145612,0.136238,0,30,138.06059874589232,320.2240467071533,60,0.7669212341308593,2944.9775390625,20.531183987061066,1,0,33,0.0,0.213,0.15,0.15,0.1,0.25,0.35,60,286.1297177453739,447.096586227417,61,0.7564006867955942,2952.98828125,21.02756678365714,2,1,0,0.0,0.213,0.15,0.1,0.1,0.3,0.35
256,frozen_attentive_ppoclip_seed3,0,NOOP,0.136847,-0.054143,0.133339,0,60,286.1297177453739,447.096586227417,61,0.7564006867955942,2952.98828125,21.02756678365714,2,1,0,0.0,0.213,0.15,0.1,0.1,0.3,0.35,61,257.093534490988,274.369478225708,64,0.7242372035980225,2966.4755859375,22.55351904058831,2,2,1,0.0012630960843094232,0.17556315480421547,0.15,0.15,0.05,0.3,0.35
257,frozen_attentive_ppoclip_seed3,0,NOOP,0.130517,-0.045395,0.127348,0,61,257.093534490988,274.369478225708,64,0.7242372035980225,2966.4755859375,22.55351904058831,2,2,1,0.0012630960843094232,0.17556315480421547,0.15,0.15,0.05,0.3,0.35,38,170.89907336122613,242.1896457672119,67,0.6944598297574627,2977.84375,23.752866656268196,2,3,2,0.0,0.17556315480421547,0.15,0.15,0.05,0.3,0.35
258,frozen_attentive_ppoclip_seed3,0,NOOP,0.12483,-0.054618,0.118675,0,38,170.89907336122613,242.1896457672119,67,0.6944598297574627,2977.84375,23.752866656268196,2,3,2,0.0,0.17556315480421547,0.15,0.15,0.05,0.3,0.35,71,310.2008252005971,395.2474594116211,70,0.6679018293108259,2992.2001953125,24.6005016075595,2,4,3,0.0,0.1380631548042155,0.15,0.15,0.0,0.35,0.35
259,frozen_attentive_ppoclip_seed3,0,NOOP,0.119521,-0.056623,0.113355,0,71,310.2008252005971,395.2474594116211,70,0.6679018293108259,2992.2001953125,24.6005016075595,2,4,3,0.0,0.1380631548042155,0.15,0.15,0.0,0.35,0.35,56,240.4875093044138,399.56092834472656,73,0.6432323717091182,3005.181640625,25.277648990982293,2,5,4,0.0,0.09206315480421548,0.1,0.15,0.0,0.4,0.35
260,frozen_attentive_ppoclip_seed3,1,COMPACT_32KB,0.130547,-0.073569,0.134428,0,56,240.4875093044138,399.56092834472656,73,0.6432323717091182,3005.181640625,25.277648990982293,2,5,4,0.0,0.09206315480421548,0.1,0.15,0.0,0.4,0.35,64,282.191738887277,598.0758666992188,61,0.762449921154585,2976.6044921875,21.92556191038979,2,0,5,0.0,0.046063154804215474,0.05,0.15,0.05,0.4,0.35
261,frozen_attentive_ppoclip_seed3,0,NOOP,0.137922,0.359826,0.335885,0,64,282.191738887277,598.0758666992188,61,0.762449921154585,2976.6044921875,21.92556191038979,2,0,5,0.0,0.046063154804215474,0.05,0.15,0.05,0.4,0.35,44,189.26199979489283,231.8708896636963,64,0.7296104431152344,2988.484375,23.432618992126784,2,1,6,0.67,0.07956315480421547,0.05,0.2,0.05,0.35,0.35
262,frozen_attentive_ppoclip_seed3,0,NOOP,0.131687,-0.017021,0.124049,0,44,189.26199979489283,231.8708896636963,64,0.7296104431152344,2988.484375,23.432618992126784,2,1,6,0.67,0.07956315480421547,0.05,0.2,0.05,0.35,0.35,71,270.8106561663082,465.65723419189453,67,0.7003098672895289,3002.9287109375,24.50110392267015,2,2,7,0.0,0.07956315480421547,0.1,0.2,0.05,0.35,0.3
263,frozen_attentive_ppoclip_seed3,0,NOOP,0.125865,-0.017007,0.121066,0,71,270.8106561663082,465.65723419189453,67,0.7003098672895289,3002.9287109375,24.50110392267015,2,2,7,0.0,0.07956315480421547,0.1,0.2,0.05,0.35,0.3,50,181.56295587655998,327.4698257446289,70,0.6730769566127233,3015.384765625,25.35829131201082,2,3,8,0.0,0.07956315480421547,0.1,0.2,0.05,0.35,0.3
264,frozen_attentive_ppoclip_seed3,0,NOOP,0.120538,-0.016973,0.116742,0,50,181.56295587655998,327.4698257446289,70,0.6730769566127233,3015.384765625,25.35829131201082,2,3,8,0.0,0.07956315480421547,0.1,0.2,0.05,0.35,0.3,61,256.81895372285913,281.04472160339355,73,0.6483131304179153,3028.9189453125,25.993824450904658,2,4,9,0.0,0.07956315480421547,0.1,0.2,0.05,0.3,0.35
265,frozen_attentive_ppoclip_seed3,0,NOOP,0.115524,-0.01697,0.107375,0,61,256.81895372285913,281.04472160339355,73,0.6483131304179153,3028.9189453125,25.993824450904658,2,4,9,0.0,0.07956315480421547,0.1,0.2,0.05,0.3,0.35,40,152.73856159763005,502.43592262268066,76,0.625118657162315,3040.5771484375,26.514207405483393,2,5,10,0.0,0.07956315480421547,0.15,0.15,0.05,0.3,0.35
266,frozen_attentive_ppoclip_seed3,2,COMPACT_64KB,0.208312,0.302826,0.386624,0,40,152.73856159763005,502.43592262268066,76,0.625118657162315,3040.5771484375,26.514207405483393,2,5,10,0.0,0.07956315480421547,0.15,0.15,0.05,0.3,0.35,32,139.71829766060017,114.82906341552734,48,0.9636030197143555,2960.1884765625,19.651249744998672,2,0,11,0.67,0.11306315480421547,0.15,0.2,0.05,0.3,0.3
267,frozen_attentive_ppoclip_seed3,0,NOOP,0.17588,-0.024064,0.173138,0,32,139.71829766060017,114.82906341552734,48,0.9636030197143555,2960.1884765625,19.651249744998672,2,0,11,0.67,0.11306315480421547,0.15,0.2,0.05,0.3,0.3,69,302.08361272436525,200.84166526794434,51,0.9112731335209865,2974.3955078125,23.368409427402252,2,1,12,0.0,0.11306315480421547,0.15,0.2,0.05,0.25,0.35
268,frozen_attentive_ppoclip_seed3,0,NOOP,0.16603,-0.024098,0.16312,0,69,302.08361272436525,200.84166526794434,51,0.9112731335209865,2974.3955078125,23.368409427402252,2,1,12,0.0,0.11306315480421547,0.15,0.2,0.05,0.25,0.35,37,157.16401383382197,212.99099922180176,54,0.8638992309570312,2985.6357421875,25.970004160725214,2,2,13,0.0,0.11306315480421547,0.15,0.2,0.05,0.25,0.35
269,frozen_attentive_ppoclip_seed3,0,NOOP,0.157379,0.352761,0.355897,0,37,157.16401383382197,212.99099922180176,54,0.8638992309570312,2985.6357421875,25.970004160725214,2,2,13,0.0,0.11306315480421547,0.15,0.2,0.05,0.25,0.35,77,312.43878225251746,195.30749320983887,57,0.8225175288685581,3000.5439453125,27.691942412835406,2,3,14,0.67,0.14656315480421547,0.15,0.25,0.05,0.2,0.35
270,frozen_attentive_ppoclip_seed3,0,NOOP,0.149397,-0.035626,0.139373,0,77,312.43878225251746,195.30749320983887,57,0.8225175288685581,3000.5439453125,27.691942412835406,2,3,14,0.67,0.14656315480421547,0.15,0.25,0.05,0.2,0.35,43,178.41234002941965,576.1778354644775,60,0.7844825744628906,3012.4130859375,29.02333981230016,2,4,15,0.0,0.10056315480421547,0.1,0.25,0.1,0.2,0.35
271,frozen_attentive_ppoclip_seed3,1,COMPACT_32KB,0.552476,0.307729,0.383803,0,43,178.41234002941965,576.1778354644775,60,0.7844825744628906,3012.4130859375,29.02333981230016,2,4,15,0.0,0.10056315480421547,0.1,0.25,0.1,0.2,0.35,36,159.74227101871375,135.81371307373047,49,0.9520967444595025,2985.775390625,20.117023150631383,2,0,16,0.67,0.13406315480421546,0.1,0.3,0.1,0.2,0.3
272,frozen_attentive_ppoclip_seed3,0,NOOP,0.173764,-0.024183,0.168964,0,36,159.74227101871375,135.81371307373047,49,0.9520967444595025,2985.775390625,20.117023150631383,2,0,16,0.67,0.13406315480421546,0.1,0.3,0.1,0.2,0.3,65,292.82345081511176,305.04298210144043,52,0.9013219980093149,2999.599609375,23.59703382267434,2,1,17,0.0,0.13406315480421546,0.15,0.25,0.1,0.2,0.3
273,frozen_attentive_ppoclip_seed3,0,NOOP,0.16435,-0.024199,0.159249,0,65,292.82345081511176,305.04298210144043,52,0.9013219980093149,2999.599609375,23.59703382267434,2,1,17,0.0,0.13406315480421546,0.15,0.25,0.1,0.2,0.3,66,282.14043624007166,323.8179683685303,55,0.8561246004971591,3013.55859375,25.95432769589544,2,2,18,0.0,0.1340631548042155,0.2,0.25,0.1,0.2,0.25
274,frozen_attentive_ppoclip_seed3,0,NOOP,0.155729,-0.024191,0.150801,0,66,282.14043624007166,323.8179683685303,55,0.8561246004971591,3013.55859375,25.95432769589544,2,2,18,0.0,0.1340631548042155,0.2,0.25,0.1,0.2,0.25,38,133.20458792577216,318.8962936401367,58,0.814892735974542,3024.8818359375,27.714286488407016,2,3,19,0.0,0.13406315480421546,0.2,0.25,0.1,0.2,0.25
275,frozen_attentive_ppoclip_seed3,0,NOOP,0.14789,0.352676,0.34744,0,38,133.20458792577216,318.8962936401367,58,0.814892735974542,3024.8818359375,27.714286488407016,2,3,19,0.0,0.13406315480421546,0.2,0.25,0.1,0.2,0.25,31,135.40312558251907,148.75125885009766,61,0.7775736324122695,3035.6474609375,29.013993546017474,2,4,20,0.67,0.1675631548042155,0.2,0.3,0.1,0.15,0.25
276,frozen_attentive_ppoclip_seed3,2,COMPACT_64KB,0.548791,0.302646,0.388993,0,31,135.40312558251907,148.75125885009766,61,0.7775736324122695,3035.6474609375,29.013993546017474,2,4,20,0.67,0.1675631548042155,0.2,0.3,0.1,0.15,0.25,73,319.9176153936172,145.3869342803955,48,0.9785029093424479,3005.9609375,18.059609355849844,2,0,21,0.67,0.201,0.2,0.3,0.1,0.15,0.25
277,frozen_attentive_ppoclip_seed3,4,PARTITION_HOUR,-0.003236,-0.124228,0.174167,0,73,319.9176153936172,145.3869342803955,48,0.9785029093424479,3005.9609375,18.059609355849844,2,0,21,0.67,0.201,0.2,0.3,0.1,0.15,0.25,51,228.71343874996927,284.50989723205566,51,0.9247864367915135,3018.5029296875,22.349361673426163,1,1,0,0.0,0.201,0.2,0.3,0.1,0.2,0.2
278,frozen_attentive_ppoclip_seed3,0,NOOP,0.175454,-0.023142,0.164057,0,51,228.71343874996927,284.50989723205566,51,0.9247864367915135,3018.5029296875,22.349361673426163,1,1,0,0.0,0.201,0.2,0.3,0.1,0.2,0.2,73,342.72329317898425,659.3308448791504,52,0.9097680311936599,3027.7080078125,23.189239904747954,1,2,1,0.0016322332528396384,0.20108161166264202,0.2,0.3,0.15,0.15,0.2
279,frozen_attentive_ppoclip_seed3,0,NOOP,0.172438,-0.022046,0.164271,0,73,342.72329317898425,659.3308448791504,52,0.9097680311936599,3027.7080078125,23.189239904747954,1,2,1,0.0016322332528396384,0.20108161166264202,0.2,0.3,0.15,0.15,0.2,74,348.1804471467193,523.7817764282227,53,0.8953126151606722,3036.900390625,23.932450356118576,1,3,2,0.0032795906832852424,0.2012455911968063,0.2,0.3,0.2,0.1,0.2
280,frozen_attentive_ppoclip_seed3,0,NOOP,0.169536,-0.023723,0.164925,0,74,348.1804471467193,523.7817764282227,53,0.8953126151606722,3036.900390625,23.932450356118576,1,3,2,0.0032795906832852424,0.2012455911968063,0.2,0.3,0.2,0.1,0.2,74,360.23711372512605,298.0213165283203,54,0.8814287538881656,3046.2177734375,24.58843486366575,1,4,3,0.0,0.2012455911968063,0.2,0.3,0.15,0.15,0.2
281,frozen_attentive_ppoclip_seed3,1,COMPACT_32KB,0.169586,0.326521,0.400029,0,74,360.23711372512605,298.0213165283203,54,0.8814287538881656,3046.2177734375,24.58843486366575,1,4,3,0.0,0.2012455911968063,0.2,0.3,0.15,0.15,0.2,61,300.34576573615385,506.2720775604248,50,0.9507699584960938,3042.4638671875,21.572406882501877,1,0,4,0.75,0.20524559119680624,0.2,0.25,0.2,0.15,0.2
282,frozen_attentive_ppoclip_seed3,0,NOOP,0.180404,0.379852,0.394241,0,61,300.34576573615385,506.2720775604248,50,0.9507699584960938,3042.4638671875,21.572406882501877,1,0,4,0.75,0.20524559119680624,0.2,0.25,0.2,0.15,0.2,34,162.32140714797114,621.8810081481934,51,0.933894437902114,3048.2314453125,22.70575773453167,1,1,5,0.75,0.24274559119680625,0.15,0.25,0.25,0.15,0.2
283,frozen_attentive_ppoclip_seed3,0,NOOP,0.177108,0.37979,0.393076,0,34,162.32140714797114,621.8810081481934,51,0.933894437902114,3048.2314453125,22.70575773453167,1,1,5,0.75,0.24274559119680625,0.15,0.25,0.25,0.15,0.2,48,225.84373632833095,516.6103839874268,52,0.9180394686185397,3055.2353515625,23.642853517824527,1,2,6,0.75,0.28024559119680625,0.15,0.25,0.3,0.15,0.15
284,frozen_attentive_ppoclip_seed3,0,NOOP,0.174,-0.042163,0.166975,0,48,225.84373632833095,516.6103839874268,52,0.9180394686185397,3055.2353515625,23.642853517824527,1,2,6,0.75,0.28024559119680625,0.15,0.25,0.3,0.15,0.15,61,291.33346390165474,417.48762130737305,53,0.9031245393573113,3063.3984375,24.423905422486175,1,3,7,0.0,0.28024559119680625,0.15,0.25,0.3,0.2,0.1
285,frozen_attentive_ppoclip_seed3,0,NOOP,0.170904,-0.042217,0.166079,0,61,291.33346390165474,417.48762130737305,53,0.9031245393573113,3063.3984375,24.423905422486175,1,3,7,0.0,0.28024559119680625,0.15,0.25,0.3,0.2,0.1,42,186.966695110613,308.76970291137695,54,0.8882706253616898,3069.86328125,25.180819892074368,1,4,8,0.0,0.28024559119680625,0.1,0.25,0.3,0.25,0.1
286,frozen_attentive_ppoclip_seed3,1,COMPACT_32KB,0.553256,-0.095632,0.182485,0,42,186.966695110613,308.76970291137695,54,0.8882706253616898,3069.86328125,25.180819892074368,1,4,8,0.0,0.28024559119680625,0.1,0.25,0.3,0.25,0.1,32,133.68565907687403,191.96581840515137,50,0.956619873046875,3061.18359375,20.797372871451955,1,0,9,0.0,0.24674559119680625,0.1,0.25,0.3,0.25,0.1
287,frozen_attentive_ppoclip_seed3,0,NOOP,0.181647,-0.042324,0.179774,0,32,133.68565907687403,191.96581840515137,50,0.956619873046875,3061.18359375,20.797372871451955,1,0,9,0.0,0.24674559119680625,0.1,0.25,0.3,0.25,0.1,52,195.74977136000186,157.40489959716797,51,0.9401089537377451,3068.515625,21.927775488956144,1,1,10,0.0,0.24674559119680625,0.1,0.3,0.3,0.25,0.05
288,frozen_attentive_ppoclip_seed3,0,NOOP,0.178287,0.475124,0.449696,0,52,195.74977136000186,157.40489959716797,51,0.9401089537377451,3068.515625,21.927775488956144,1,1,10,0.0,0.24674559119680625,0.1,0.3,0.3,0.25,0.05,41,193.83339025481663,294.53563690185547,52,0.9239334693321815,3074.8505859375,22.959266510537866,1,2,11,0.92,0.2927455911968062,0.15,0.3,0.3,0.25,0.0
289,frozen_attentive_ppoclip_seed3,0,NOOP,0.175209,0.371034,0.388506,0,41,193.83339025481663,294.53563690185547,52,0.9239334693321815,3074.8505859375,22.959266510537866,1,2,11,0.92,0.2927455911968062,0.15,0.3,0.3,0.25,0.0,71,343.4223315470033,651.3781547546387,53,0.9091690351378243,3083.9013671875,23.755284349761183,1,3,12,0.75,0.2967455911968062,0.15,0.25,0.35,0.25,0.0
290,frozen_attentive_ppoclip_seed3,0,NOOP,0.172099,-0.042521,0.167193,0,71,343.4223315470033,651.3781547546387,53,0.9091690351378243,3083.9013671875,23.755284349761183,1,3,12,0.75,0.2967455911968062,0.15,0.25,0.35,0.25,0.0,44,210.61798527323938,312.82901763916016,54,0.8942464192708334,3090.515625,24.55443646090913,1,4,13,0.0,0.2967455911968062,0.15,0.25,0.3,0.3,0.0
291,frozen_attentive_ppoclip_seed3,2,COMPACT_64KB,0.215591,-0.104529,0.18949,0,44,210.61798527323938,312.82901763916016,54,0.8942464192708334,3090.515625,24.55443646090913,1,4,13,0.0,0.2967455911968062,0.15,0.25,0.3,0.3,0.0,32,155.03810522716665,285.5045795440674,48,1.0012706120808919,3075.9033203125,19.97329968860832,1,0,14,0.0,0.26324559119680624,0.15,0.2,0.3,0.35,0.0
292,frozen_attentive_ppoclip_seed3,0,NOOP,0.190542,-0.04622,0.188091,0,32,155.03810522716665,285.5045795440674,48,1.0012706120808919,3075.9033203125,19.97329968860832,1,0,14,0.0,0.26324559119680624,0.15,0.2,0.3,0.35,0.0,58,273.4389743578215,183.8364601135254,49,0.98333740234375,3083.74609375,21.33466688814811,1,1,15,0.0,0.26324559119680624,0.1,0.25,0.3,0.35,0.0
293,frozen_attentive_ppoclip_seed3,0,NOOP,0.187063,0.37557,0.402696,0,58,273.4389743578215,183.8364601135254,49,0.98333740234375,3083.74609375,21.33466688814811,1,1,15,0.0,0.26324559119680624,0.1,0.25,0.3,0.35,0.0,74,308.298712882892,530.8794975280762,50,0.9665655517578124,3093.009765625,22.438540024326993,1,2,16,0.75,0.3007455911968062,0.05,0.25,0.35,0.35,0.0
294,frozen_attentive_ppoclip_seed3,0,NOOP,0.18363,-0.046371,0.180374,0,74,308.298712882892,530.8794975280762,50,0.9665655517578124,3093.009765625,22.438540024326993,1,2,16,0.75,0.3007455911968062,0.05,0.25,0.35,0.35,0.0,58,276.32971966013906,226.5758514404297,51,0.9500271666283701,3100.888671875,23.463912102333214,1,3,17,0.0,0.3007455911968062,0.05,0.25,0.35,0.3,0.05
295,frozen_attentive_ppoclip_seed3,0,NOOP,0.180435,-0.054834,0.175916,0,58,276.32971966013906,226.5758514404297,51,0.9500271666283701,3100.888671875,23.463912102333214,1,3,17,0.0,0.3007455911968062,0.05,0.25,0.35,0.3,0.05,78,348.27326119240126,290.9548282623291,52,0.9346750699556791,3110.5986328125,24.289079645090602,1,4,18,0.0,0.26724559119680624,0.05,0.2,0.35,0.35,0.05
296,frozen_attentive_ppoclip_seed3,2,COMPACT_64KB,0.215591,-0.104882,0.191257,0,78,348.27326119240126,290.9548282623291,52,0.9346750699556791,3110.5986328125,24.289079645090602,1,4,18,0.0,0.26724559119680624,0.05,0.2,0.35,0.35,0.05,43,202.90901808747736,197.15642929077148,48,1.0099862416585286,3102.677734375,18.85351467678604,1,0,19,0.0,0.2337455911968062,0.05,0.2,0.35,0.35,0.05
297,frozen_attentive_ppoclip_seed3,0,NOOP,0.1922,0.375314,0.407199,0,43,202.90901808747736,197.15642929077148,48,1.0099862416585286,3102.677734375,18.85351467678604,1,0,19,0.0,0.2337455911968062,0.05,0.2,0.35,0.35,0.05,48,225.24943331461165,561.2728595733643,49,0.9916244818239796,3109.734375,20.389161440813552,1,1,20,0.75,0.27124559119680625,0.05,0.2,0.4,0.3,0.05
298,frozen_attentive_ppoclip_seed3,0,NOOP,0.188659,-0.046659,0.185757,0,48,225.24943331461165,561.2728595733643,49,0.9916244818239796,3109.734375,20.389161440813552,1,1,20,0.75,0.27124559119680625,0.05,0.2,0.4,0.3,0.05,69,226.99601158640033,207.58867263793945,50,0.9745437622070312,3118.5400390625,21.609823382904285,1,2,21,0.0,0.27116397953416427,0.05,0.25,0.35,0.3,0.05
299,frozen_attentive_ppoclip_seed3,0,NOOP,0.185301,0.470733,0.45656,0,69,226.99601158640033,207.58867263793945,50,0.9745437622070312,3118.5400390625,21.609823382904285,1,2,21,0.0,0.27116397953416427,0.05,0.25,0.35,0.3,0.05,78,363.6477652420386,300.8279800415039,51,0.9583806056602329,3128.154296875,22.632241650603362,1,3,22,0.92,0.317,0.1,0.25,0.3,0.3,0.05
300,frozen_attentive_ppoclip_seed3,0,NOOP,0.18193,-0.046784,0.178768,0,78,363.6477652420386,300.8279800415039,51,0.9583806056602329,3128.154296875,22.632241650603362,1,3,22,0.92,0.317,0.1,0.25,0.3,0.3,0.05,52,245.53082928531626,223.10876846313477,52,0.9421489422137921,3135.4716796875,23.628186693528406,1,4,23,0.0,0.317,0.1,0.25,0.3,0.25,0.1
301,frozen_attentive_ppoclip_seed3,2,COMPACT_64KB,0.215591,-0.1062,0.190107,0,52,245.53082928531626,223.10876846313477,52,0.9421489422137921,3135.4716796875,23.628186693528406,1,4,23,0.0,0.317,0.1,0.25,0.3,0.25,0.1,37,157.3132920695227,254.6372413635254,48,1.0179068247477214,3127.009765625,17.884825781450086,1,0,24,0.0,0.27949999999999997,0.1,0.25,0.25,0.25,0.15
302,frozen_attentive_ppoclip_seed3,0,NOOP,0.19383,-0.056269,0.189443,0,37,157.3132920695227,254.6372413635254,48,1.0179068247477214,3127.009765625,17.884825781450086,1,0,24,0.0,0.27949999999999997,0.1,0.25,0.25,0.25,0.15,62,235.29222372621263,280.58505058288574,49,0.9997748550103636,3135.2939453125,19.472755730857898,1,1,25,0.0,0.242,0.1,0.25,0.2,0.25,0.2
303,frozen_attentive_ppoclip_seed3,5,PARTITION_REGION,0.008488,-0.156355,0.182794,0,62,235.29222372621263,280.58505058288574,49,0.9997748550103636,3135.2939453125,19.472755730857898,1,1,25,0.0,0.242,0.1,0.25,0.2,0.25,0.2,78,304.5813599276056,438.1277561187744,50,0.9827813720703125,3144.900390625,20.750699020628716,2,2,0,0.0,0.2045,0.15,0.25,0.15,0.25,0.2
304,frozen_attentive_ppoclip_seed3,0,NOOP,0.179607,-0.04685,0.173684,0,78,304.5813599276056,438.1277561187744,50,0.9827813720703125,3144.900390625,20.750699020628716,2,2,0,0.0,0.2045,0.15,0.25,0.15,0.25,0.2,62,228.39295481971624,362.42032051086426,53,0.9311615566037735,3158.5,24.313899568401308,2,3,1,0.0,0.2045,0.2,0.25,0.15,0.2,0.2
305,frozen_attentive_ppoclip_seed3,0,NOOP,0.169964,-0.046745,0.165229,0,62,228.39295481971624,362.42032051086426,53,0.9311615566037735,3158.5,24.313899568401308,2,3,1,0.0,0.2045,0.2,0.25,0.15,0.2,0.2,52,219.34287590599294,306.75315856933594,56,0.8848187582833427,3171.1904296875,26.78039555568417,2,4,2,0.0,0.2045,0.2,0.25,0.15,0.2,0.2
306,frozen_attentive_ppoclip_seed3,1,COMPACT_32KB,0.551733,-0.066179,0.180694,0,52,219.34287590599294,306.75315856933594,56,0.8848187582833427,3171.1904296875,26.78039555568417,2,4,2,0.0,0.2045,0.2,0.25,0.15,0.2,0.2,39,169.81428564013393,207.8852653503418,52,0.9502572279710036,3162.4560546875,21.388325178622242,2,0,3,0.0,0.2045,0.2,0.2,0.15,0.2,0.25
307,frozen_attentive_ppoclip_seed3,0,NOOP,0.173534,-0.021227,0.168853,0,39,169.81428564013393,207.8852653503418,52,0.9502572279710036,3162.4560546875,21.388325178622242,2,0,3,0.0,0.2045,0.2,0.2,0.15,0.2,0.25,54,230.7095559736422,302.8419017791748,55,0.9020468971946023,3175.205078125,24.49907308947126,2,1,4,0.0,0.2045,0.2,0.15,0.15,0.25,0.25
308,frozen_attentive_ppoclip_seed3,0,NOOP,0.164641,-0.032748,0.159263,0,54,230.7095559736422,302.8419017791748,55,0.9020468971946023,3175.205078125,24.49907308947126,2,1,4,0.0,0.2045,0.2,0.15,0.15,0.25,0.25,79,251.69965893121653,341.4187431335449,58,0.8594549771012931,3190.296875,26.594394745815794,2,2,5,0.0,0.1585,0.2,0.15,0.15,0.25,0.25
309,frozen_attentive_ppoclip_seed3,0,NOOP,0.156468,-0.030642,0.151383,0,79,251.69965893121653,341.4187431335449,58,0.8594549771012931,3190.296875,26.594394745815794,2,2,5,0.0,0.1585,0.2,0.15,0.15,0.25,0.25,54,235.33048779980965,330.4781913757324,61,0.8204633368820441,3203.0888671875,28.18381393200591,2,3,6,0.0,0.121,0.2,0.15,0.1,0.3,0.25
310,frozen_attentive_ppoclip_seed3,0,NOOP,0.148939,-0.021301,0.143735,0,54,235.33048779980965,330.4781913757324,61,0.8204633368820441,3203.0888671875,28.18381393200591,2,3,6,0.0,0.121,0.2,0.15,0.1,0.3,0.25,35,147.78027544593107,340.2106761932373,64,0.7846953868865967,3214.1123046875,29.407176098231258,2,4,7,0.0,0.121,0.25,0.15,0.1,0.25,0.25
311,frozen_attentive_ppoclip_seed3,2,COMPACT_64KB,0.206581,-0.071302,0.180141,0,35,147.78027544593107,340.2106761932373,64,0.7846953868865967,3214.1123046875,29.407176098231258,2,4,7,0.0,0.121,0.25,0.15,0.1,0.25,0.25,49,206.67746308341478,307.43861198425293,52,0.9574491060697116,3186.390625,20.302000846288504,2,0,8,0.0,0.121,0.25,0.15,0.1,0.25,0.25
312,frozen_attentive_ppoclip_seed3,0,NOOP,0.175009,-0.021334,0.170071,0,49,206.67746308341478,307.43861198425293,52,0.9574491060697116,3186.390625,20.302000846288504,2,0,8,0.0,0.121,0.25,0.15,0.1,0.25,0.25,75,261.4681049487076,315.6402111053467,55,0.9094202215021306,3201.1591796875,23.582598427241912,2,1,9,0.0,0.121,0.25,0.1,0.1,0.3,0.25
313,frozen_attentive_ppoclip_seed3,0,NOOP,0.165891,0.346136,0.365555,0,75,261.4681049487076,315.6402111053467,55,0.9094202215021306,3201.1591796875,23.582598427241912,2,1,9,0.0,0.121,0.25,0.1,0.1,0.3,0.25,49,203.89888040636734,139.31846618652344,58,0.8657063451306574,3213.501953125,25.94069563337659,2,2,10,0.67,0.11699999999999999,0.25,0.15,0.05,0.3,0.25
314,frozen_attentive_ppoclip_seed3,0,NOOP,0.157638,-0.021383,0.152558,0,49,203.89888040636734,139.31846618652344,58,0.8657063451306574,3213.501953125,25.94069563337659,2,2,10,0.67,0.11699999999999999,0.25,0.15,0.05,0.3,0.25,49,213.34179278157993,330.24048805236816,61,0.8263139568391393,3225.9296875,27.644579809310883,2,3,11,0.0,0.11699999999999999,0.25,0.15,0.05,0.35,0.2
315,frozen_attentive_ppoclip_seed3,0,NOOP,0.150134,-0.021395,0.144707,0,49,213.34179278157993,330.24048805236816,61,0.8263139568391393,3225.9296875,27.644579809310883,2,3,11,0.0,0.11699999999999999,0.25,0.15,0.05,0.35,0.2,52,221.51784096495183,351.3774871826172,64,0.7906718254089355,3238.591796875,28.90198728415203,2,4,12,0.0,0.11699999999999999,0.25,0.15,0.05,0.35,0.2
316,frozen_attentive_ppoclip_seed3,2,COMPACT_64KB,0.545569,-0.071412,0.182063,0,52,221.51784096495183,351.3774871826172,64,0.7906718254089355,3238.591796875,28.90198728415203,2,4,12,0.0,0.11699999999999999,0.25,0.15,0.05,0.35,0.2,66,274.83098966296416,285.77518463134766,52,0.9648924607496995,3211.162109375,19.33500754801631,2,0,13,0.0,0.11699999999999999,0.25,0.1,0.05,0.4,0.2
317,frozen_attentive_ppoclip_seed3,0,NOOP,0.176318,-0.030787,0.166226,0,66,274.83098966296416,285.77518463134766,52,0.9648924607496995,3211.162109375,19.33500754801631,2,0,13,0.0,0.11699999999999999,0.25,0.1,0.05,0.4,0.2,56,217.3258745089186,573.3475685119629,55,0.9159648548473012,3224.1962890625,22.93898390970075,2,1,14,0.0,0.0795,0.25,0.1,0.05,0.4,0.2
318,frozen_attentive_ppoclip_seed3,0,NOOP,0.167054,-0.02142,0.162126,0,56,217.3258745089186,573.3475685119629,55,0.9159648548473012,3224.1962890625,22.93898390970075,2,1,14,0.0,0.0795,0.25,0.1,0.05,0.4,0.2,33,139.01172859716817,318.90034675598145,58,0.8715194175983297,3235.080078125,25.48429739514482,2,2,15,0.0,0.0795,0.25,0.05,0.05,0.45,0.2
319,frozen_attentive_ppoclip_seed3,0,NOOP,0.158703,-0.032935,0.1526,0,33,139.01172859716817,318.90034675598145,58,0.8715194175983297,3235.080078125,25.48429739514482,2,2,15,0.0,0.0795,0.25,0.05,0.05,0.45,0.2,41,177.76589867848696,381.37364387512207,61,0.8316397745101178,3246.7216796875,27.295270183496424,2,3,16,0.0,0.0335,0.2,0.05,0.05,0.5,0.2
320,frozen_attentive_ppoclip_seed3,0,NOOP,0.151133,-0.021442,0.145852,0,41,177.76589867848696,381.37364387512207,61,0.8316397745101178,3246.7216796875,27.295270183496424,2,3,16,0.0,0.0335,0.2,0.05,0.05,0.5,0.2,48,203.78464235609928,344.0835475921631,64,0.7956662178039551,3259.048828125,28.619127851445924,2,4,17,0.0,0.0335,0.2,0.05,0.05,0.55,0.15
321,frozen_attentive_ppoclip_seed3,2,COMPACT_64KB,0.546784,-0.071453,0.180711,0,48,203.78464235609928,344.0835475921631,64,0.7956662178039551,3259.048828125,28.619127851445924,2,4,17,0.0,0.0335,0.2,0.05,0.05,0.55,0.15,61,251.69653088207517,414.08753395080566,52,0.9709634047288161,3231.3662109375,18.654874933734508,2,0,18,0.0,0.0335,0.2,0.05,0.05,0.6,0.1
322,frozen_attentive_ppoclip_seed3,0,NOOP,0.177454,-0.021459,0.167924,0,61,251.69653088207517,414.08753395080566,52,0.9709634047288161,3231.3662109375,18.654874933734508,2,0,18,0.0,0.0335,0.2,0.05,0.05,0.6,0.1,54,230.34118689177467,545.215368270874,55,0.9216436212713068,3244.185546875,22.462833511023387,2,1,19,0.0,0.0335,0.2,0.05,0.1,0.6,0.05
323,frozen_attentive_ppoclip_seed3,0,NOOP,0.168141,-0.021464,0.162033,0,54,230.34118689177467,545.215368270874,55,0.9216436212713068,3244.185546875,22.462833511023387,2,1,19,0.0,0.0335,0.2,0.05,0.1,0.6,0.05,35,144.0881800112875,377.9184818267822,58,0.8769544404128502,3255.2548828125,25.112294518346953,2,2,20,0.0,0.0335,0.15,0.05,0.1,0.65,0.05
324,frozen_attentive_ppoclip_seed3,4,PARTITION_HOUR,-0.021902,-0.121501,0.154366,0,35,144.0881800112875,377.9184818267822,58,0.8769544404128502,3255.2548828125,25.112294518346953,2,2,20,0.0,0.0335,0.15,0.05,0.1,0.65,0.05,80,325.1404750784401,353.73878479003906,61,0.8377037673700051,3270.3955078125,26.89225505542696,1,3,0,0.0,0.0335,0.1,0.05,0.1,0.7,0.05
325,frozen_attentive_ppoclip_seed3,0,NOOP,0.157382,-0.021438,0.152262,0,80,325.1404750784401,353.73878479003906,61,0.8377037673700051,3270.3955078125,26.89225505542696,1,3,0,0.0,0.0335,0.1,0.05,0.1,0.7,0.05,35,148.58183908697464,333.50086212158203,62,0.8256597211284022,3276.2177734375,27.352802207198636,1,4,1,0.0,0.0335,0.1,0.05,0.1,0.7,0.05
326,frozen_attentive_ppoclip_seed3,2,COMPACT_64KB,0.551956,-0.069154,0.187982,0,35,148.58183908697464,333.50086212158203,62,0.8256597211284022,3276.2177734375,27.352802207198636,1,4,1,0.0,0.0335,0.1,0.05,0.1,0.7,0.05,67,313.06215827209894,307.880163192749,51,0.9961984671798407,3251.591796875,18.45233379791996,1,0,2,0.0,0.0335,0.1,0.05,0.1,0.75,0.0
327,frozen_attentive_ppoclip_seed3,0,NOOP,0.189296,-0.019095,0.18763,0,67,313.06215827209894,307.880163192749,51,0.9961984671798407,3251.591796875,18.45233379791996,1,0,2,0.0,0.0335,0.1,0.05,0.1,0.75,0.0,42,182.87464483585887,148.33354949951172,52,0.9789824852576623,3258.0537109375,19.92338026322004,1,1,3,0.0,0.0335,0.1,0.1,0.1,0.7,0.0
328,frozen_attentive_ppoclip_seed3,0,NOOP,0.185849,-0.019038,0.181063,0,42,182.87464483585887,148.33354949951172,52,0.9789824852576623,3258.0537109375,19.92338026322004,1,1,3,0.0,0.0335,0.1,0.1,0.1,0.7,0.0,41,189.5805858080078,305.56416511535645,53,0.962369810860112,3264.3583984375,21.194804820901183,1,2,4,0.0,0.0335,0.05,0.1,0.1,0.75,0.0
329,frozen_attentive_ppoclip_seed3,0,NOOP,0.182706,-0.018935,0.177813,0,41,189.5805858080078,305.56416511535645,53,0.962369810860112,3264.3583984375,21.194804820901183,1,2,4,0.0,0.0335,0.05,0.1,0.1,0.75,0.0,76,347.41759042998996,312.1685981750488,54,0.947280036078559,3273.7998046875,22.16095196564427,1,3,5,0.0,0.0335,0.05,0.1,0.1,0.75,0.0
330,frozen_attentive_ppoclip_seed3,0,NOOP,0.179499,-0.018879,0.176635,0,76,347.41759042998996,312.1685981750488,54,0.947280036078559,3273.7998046875,22.16095196564427,1,3,5,0.0,0.0335,0.05,0.1,0.1,0.75,0.0,41,190.89589149670473,211.95220947265625,55,0.9318708939985796,3280.185546875,23.140960662131945,1,4,6,0.0,0.0335,0.0,0.1,0.1,0.75,0.05
331,frozen_attentive_ppoclip_seed3,2,COMPACT_64KB,0.552716,-0.068805,0.189216,0,41,190.89589149670473,211.95220947265625,55,0.9318708939985796,3280.185546875,23.140960662131945,1,4,6,0.0,0.0335,0.0,0.1,0.1,0.75,0.05,56,240.31551915005946,284.196138381958,51,1.0029293883080577,3273.5615234375,17.485779723589474,1,0,7,0.0,0.0335,0.0,0.1,0.1,0.75,0.05
332,frozen_attentive_ppoclip_seed3,0,NOOP,0.190561,0.498737,0.458549,0,56,240.31551915005946,284.196138381958,51,1.0029293883080577,3273.5615234375,17.485779723589474,1,0,7,0.0,0.0335,0.0,0.1,0.1,0.75,0.05,32,149.18716848587243,465.5923843383789,52,0.9853046123798077,3279.09375,19.12902588519528,1,1,8,0.92,0.0795,0.05,0.1,0.1,0.7,0.05
333,frozen_attentive_ppoclip_seed3,0,NOOP,0.187066,-0.027091,0.182209,0,32,149.18716848587243,465.5923843383789,52,0.9853046123798077,3279.09375,19.12902588519528,1,1,8,0.92,0.0795,0.05,0.1,0.1,0.7,0.05,36,150.4309782624939,309.10253524780273,53,0.9684572039910082,3285.0068359375,20.50609481565043,1,2,9,0.0,0.046,0.05,0.05,0.1,0.75,0.05
334,frozen_attentive_ppoclip_seed3,0,NOOP,0.183744,0.403217,0.398152,0,36,150.4309782624939,309.10253524780273,53,0.9684572039910082,3285.0068359375,20.50609481565043,1,2,9,0.0,0.046,0.05,0.05,0.1,0.75,0.05,45,206.48937706496292,597.0954895019531,54,0.9524719803421585,3291.7431640625,21.658359371893813,1,3,10,0.75,0.08349999999999999,0.05,0.05,0.15,0.7,0.05
335,frozen_attentive_ppoclip_seed3,0,NOOP,0.180621,-0.01858,0.175677,0,45,206.48937706496292,597.0954895019531,54,0.9524719803421585,3291.7431640625,21.658359371893813,1,3,10,0.75,0.08349999999999999,0.05,0.05,0.15,0.7,0.05,62,258.59612374578614,315.98544120788574,55,0.9374819668856534,3299.9365234375,22.6057140901536,1,4,11,0.0,0.08349999999999999,0.05,0.05,0.15,0.7,0.05
336,frozen_attentive_ppoclip_seed3,2,COMPACT_64KB,0.552716,-0.068504,0.188986,0,62,258.59612374578614,315.98544120788574,55,0.9374819668856534,3299.9365234375,22.6057140901536,1,4,11,0.0,0.08349999999999999,0.05,0.05,0.15,0.7,0.05,61,273.47499949228325,295.6819534301758,51,1.0091471952550553,3293.8564453125,17.043566521281736,1,0,12,0.0,0.08349999999999999,0.05,0.05,0.15,0.7,0.05
337,frozen_attentive_ppoclip_seed3,0,NOOP,0.191776,-0.018465,0.185219,0,61,273.47499949228325,295.6819534301758,51,1.0091471952550553,3293.8564453125,17.043566521281736,1,0,12,0.0,0.08349999999999999,0.05,0.05,0.15,0.7,0.05,31,132.72368742057154,392.81249046325684,52,0.9913784907414362,3299.3076171875,18.762587959006115,1,1,13,0.0,0.08349999999999999,0.05,0.05,0.1,0.75,0.05
338,frozen_attentive_ppoclip_seed3,0,NOOP,0.188259,0.499079,0.459238,0,31,132.72368742057154,392.81249046325684,52,0.9913784907414362,3299.3076171875,18.762587959006115,1,1,13,0.0,0.08349999999999999,0.05,0.05,0.1,0.75,0.05,36,154.6667322229734,317.2628879547119,53,0.9744184961858785,3305.2275390625,20.191788139722238,1,2,14,0.92,0.1295,0.1,0.05,0.1,0.7,0.05
339,frozen_attentive_ppoclip_seed3,0,NOOP,0.184933,-0.018362,0.181951,0,36,154.6667322229734,317.2628879547119,53,0.9744184961858785,3305.2275390625,20.191788139722238,1,2,14,0.92,0.1295,0.1,0.05,0.1,0.7,0.05,49,221.51613292634556,216.61829948425293,54,0.9584144309714988,3312.2802734375,21.36978192393654,1,3,15,0.0,0.1295,0.1,0.05,0.1,0.65,0.1
340,frozen_attentive_ppoclip_seed3,0,NOOP,0.181704,-0.018309,0.176678,0,49,221.51613292634556,216.61829948425293,54,0.9584144309714988,3312.2802734375,21.36978192393654,1,3,15,0.0,0.1295,0.1,0.05,0.1,0.65,0.1,45,196.69815332027179,320.0533390045166,55,0.9428930109197443,3318.9833984375,22.41615458991474,1,4,16,0.0,0.1295,0.1,0.05,0.1,0.65,0.1
341,frozen_attentive_ppoclip_seed3,2,COMPACT_64KB,0.551988,-0.068215,0.190172,0,45,196.69815332027179,320.0533390045166,55,0.9428930109197443,3318.9833984375,22.41615458991474,1,4,16,0.0,0.1295,0.1,0.05,0.1,0.65,0.1,80,352.60993566638155,201.2495994567871,52,0.996983161339393,3317.9599609375,17.784895288403785,1,0,17,0.0,0.1295,0.1,0.05,0.1,0.6,0.15
342,frozen_attentive_ppoclip_seed3,0,NOOP,0.189595,-0.018124,0.184918,0,80,352.60993566638155,201.2495994567871,52,0.996983161339393,3317.9599609375,17.784895288403785,1,0,17,0.0,0.1295,0.1,0.05,0.1,0.6,0.15,80,355.5342322057694,300.08673667907715,53,0.9811009820902122,3327.89453125,19.10441892617352,1,1,18,0.0,0.1295,0.1,0.05,0.05,0.65,0.15
343,frozen_attentive_ppoclip_seed3,0,NOOP,0.186298,-0.018058,0.181533,0,80,355.5342322057694,300.08673667907715,53,0.9811009820902122,3327.89453125,19.10441892617352,1,1,18,0.0,0.1295,0.1,0.05,0.05,0.65,0.15,59,264.0209540493914,305.77540397644043,54,0.9652421739366319,3335.876953125,20.340122981123578,1,2,19,0.0,0.1295,0.1,0.05,0.05,0.65,0.15
344,frozen_attentive_ppoclip_seed3,0,NOOP,0.183004,0.499483,0.451713,0,59,264.0209540493914,305.77540397644043,54,0.9652421739366319,3335.876953125,20.340122981123578,1,2,19,0.0,0.1295,0.1,0.05,0.05,0.65,0.15,37,163.94714028699076,433.32815170288086,55,0.9493974165482955,3341.87890625,21.508535091257986,1,3,20,0.92,0.1755,0.15,0.05,0.05,0.6,0.15
345,frozen_attentive_ppoclip_seed3,7,REMOVE_PARTITION,0.116359,-0.052939,0.175084,0,37,163.94714028699076,433.32815170288086,55,0.9493974165482955,3341.87890625,21.508535091257986,1,3,20,0.92,0.1755,0.15,0.05,0.05,0.6,0.15,72,321.33625879714066,315.5498504638672,56,0.9349752153669085,3350.951171875,22.40348285790923,0,4,0,0.0,0.1755,0.2,0.05,0.05,0.55,0.15
346,frozen_attentive_ppoclip_seed3,0,NOOP,0.177112,-0.031824,0.172218,0,72,321.33625879714066,315.5498504638672,56,0.9349752153669085,3350.951171875,22.40348285790923,0,4,0,0.0,0.1755,0.2,0.05,0.05,0.55,0.15,77,315.9146165629469,315.9499168395996,57,0.9211827328330592,3360.474609375,23.181182827519276,0,5,1,0.0,0.1755,0.25,0.05,0.05,0.5,0.15
347,frozen_attentive_ppoclip_seed3,2,COMPACT_64KB,0.550243,-0.080633,0.186369,0,77,315.9146165629469,315.9499168395996,57,0.9211827328330592,3360.474609375,23.181182827519276,0,5,1,0.0,0.1755,0.25,0.05,0.05,0.5,0.15,59,254.23340898093537,305.3910732269287,53,0.9888852677255306,3354.298828125,18.012648247198467,0,0,2,0.0,0.1755,0.25,0.0,0.05,0.55,0.15
348,frozen_attentive_ppoclip_seed3,0,NOOP,0.18791,-0.030419,0.180243,0,59,254.23340898093537,305.3910732269287,53,0.9888852677255306,3354.298828125,18.012648247198467,0,0,2,0.0,0.1755,0.25,0.0,0.05,0.55,0.15,76,312.22688738984493,450.88911056518555,54,0.9733022054036459,3363.732421875,19.288447600307926,0,1,3,0.0,0.1755,0.25,0.0,0.05,0.55,0.15
349,frozen_attentive_ppoclip_seed3,0,NOOP,0.184576,-0.030321,0.179879,0,76,312.22688738984493,450.88911056518555,54,0.9733022054036459,3363.732421875,19.288447600307926,0,1,3,0.0,0.1755,0.25,0.0,0.05,0.55,0.15,35,145.74283847832433,303.6010265350342,55,0.9572540283203125,3369.5341796875,20.571193761434362,0,2,4,0.0,0.1755,0.25,0.0,0.05,0.55,0.15
350,frozen_attentive_ppoclip_seed3,0,NOOP,0.181433,-0.030181,0.1766,0,35,145.74283847832433,303.6010265350342,55,0.9572540283203125,3369.5341796875,20.571193761434362,0,2,4,0.0,0.1755,0.25,0.0,0.05,0.55,0.15,50,222.1754666988729,311.6278648376465,56,0.9421626499720982,3376.7109375,21.62684108003736,0,3,5,0.0,0.1755,0.25,0.0,0.05,0.6,0.1
351,frozen_attentive_ppoclip_seed3,0,NOOP,0.178477,-0.029995,0.172795,0,50,222.1754666988729,311.6278648376465,56,0.9421626499720982,3376.7109375,21.62684108003736,0,3,5,0.0,0.1755,0.25,0.0,0.05,0.6,0.1,67,275.89256012542967,355.32522201538086,57,0.9280095685992324,3385.37890625,22.497440228829134,0,4,6,0.0,0.1755,0.3,0.0,0.05,0.55,0.1
352,frozen_attentive_ppoclip_seed3,2,COMPACT_64KB,0.551827,-0.091244,0.187752,0,67,275.89256012542967,355.32522201538086,57,0.9280095685992324,3385.37890625,22.497440228829134,0,4,6,0.0,0.1755,0.3,0.0,0.05,0.55,0.1,91,378.86781275467104,315.4618740081787,53,0.9968068824624116,3381.1689453125,17.2009255523931,0,0,7,0.0,0.1295,0.25,0.0,0.05,0.6,0.1
353,frozen_attentive_ppoclip_seed3,0,NOOP,0.189562,-0.02949,0.181875,0,91,378.86781275467104,315.4618740081787,53,0.9968068824624116,3381.1689453125,17.2009255523931,0,0,7,0.0,0.1295,0.25,0.0,0.05,0.6,0.1,93,402.6993255485274,451.8592357635498,54,0.9815622965494791,3392.279296875,18.484911110420455,0,1,8,0.0,0.1295,0.25,0.0,0.05,0.6,0.1
354,frozen_attentive_ppoclip_seed3,0,NOOP,0.186518,-0.038597,0.181749,0,93,402.6993255485274,451.8592357635498,54,0.9815622965494791,3392.279296875,18.484911110420455,0,1,8,0.0,0.1295,0.25,0.0,0.05,0.6,0.1,99,391.9140733245997,307.2028160095215,55,0.9669661088423296,3403.720703125,19.57957916824001,0,2,9,0.0,0.092,0.25,0.0,0.0,0.65,0.1
355,frozen_attentive_ppoclip_seed3,0,NOOP,0.183398,-0.029055,0.178728,0,99,391.9140733245997,307.2028160095215,55,0.9669661088423296,3403.720703125,19.57957916824001,0,2,9,0.0,0.092,0.25,0.0,0.0,0.65,0.1,62,267.6929620757702,303.45845222473145,56,0.9519876752580915,3411.923828125,20.684560478145393,0,3,10,0.0,0.092,0.25,0.0,0.0,0.65,0.1
356,frozen_attentive_ppoclip_seed3,0,NOOP,0.180331,-0.028919,0.175214,0,62,267.6929620757702,303.45845222473145,56,0.9519876752580915,3411.923828125,20.684560478145393,0,3,10,0.0,0.092,0.25,0.0,0.0,0.65,0.1,51,217.54445428667606,327.1181583404541,57,0.9372794168037281,3419.1953125,21.696048305178714,0,4,11,0.0,0.092,0.25,0.0,0.0,0.65,0.1
357,frozen_attentive_ppoclip_seed3,1,COMPACT_32KB,0.17304,-0.083388,0.182815,0,51,217.54445428667606,327.1181583404541,57,0.9372794168037281,3419.1953125,21.696048305178714,0,4,11,0.0,0.092,0.25,0.0,0.0,0.65,0.1,55,220.59536445752602,295.8846092224121,55,0.9711647727272728,3418.5,18.952702570566192,0,0,12,0.0,0.092,0.25,0.0,0.0,0.65,0.1
358,frozen_attentive_ppoclip_seed3,0,NOOP,0.184279,-0.05,0.179737,0,55,220.59536445752602,295.8846092224121,55,0.9711647727272728,3418.5,18.952702570566192,0,0,12,0.0,0.092,0.25,0.0,0.0,0.65,0.1,73,311.3298517903916,297.0871925354004,56,0.9563944680350167,3427.7177734375,20.06776121171826,0,1,13,0.0,0.046,0.2,0.0,0.0,0.7,0.1
359,frozen_attentive_ppoclip_seed3,0,NOOP,0.181319,-0.038619,0.167502,0,73,311.3298517903916,297.0871925354004,56,0.9563944680350167,3427.7177734375,20.06776121171826,0,1,13,0.0,0.046,0.2,0.0,0.0,0.7,0.1,78,325.7659942684508,762.0968818664551,57,0.9422181781969572,3437.2119140625,21.034350778368218,0,2,14,0.0,0.046,0.2,0.0,0.05,0.7,0.05
360,frozen_attentive_ppoclip_seed3,0,NOOP,0.178475,-0.038741,0.17348,0,78,325.7659942684508,762.0968818664551,57,0.9422181781969572,3437.2119140625,21.034350778368218,0,2,14,0.0,0.046,0.2,0.0,0.05,0.7,0.05,80,334.2021641089385,322.2537040710449,58,0.9286272772427263,3447.064453125,21.87609515074869,0,3,15,0.0,0.046,0.2,0.0,0.05,0.7,0.05
361,frozen_attentive_ppoclip_seed3,0,NOOP,0.175791,-0.038887,0.170053,0,80,334.2021641089385,322.2537040710449,58,0.9286272772427263,3447.064453125,21.87609515074869,0,3,15,0.0,0.046,0.2,0.0,0.05,0.7,0.05,96,425.72582057170405,360.6452941894531,59,0.9158291574251853,3458.1708984375,22.580855657488968,0,4,16,0.0,0.046,0.2,0.0,0.05,0.75,0.0
362,frozen_attentive_ppoclip_seed3,1,COMPACT_32KB,0.171561,-0.083999,0.180326,0,96,425.72582057170405,360.6452941894531,59,0.9158291574251853,3458.1708984375,22.580855657488968,0,4,16,0.0,0.046,0.2,0.0,0.05,0.75,0.0,74,309.6977802789469,347.6555347442627,56,0.9643979753766742,3456.40234375,18.90067791249543,0,0,17,0.0,0.046,0.2,0.0,0.05,0.75,0.0
363,frozen_attentive_ppoclip_seed3,0,NOOP,0.182955,-0.039135,0.17619,0,74,309.6977802789469,347.6555347442627,56,0.9643979753766742,3456.40234375,18.90067791249543,0,0,17,0.0,0.046,0.2,0.0,0.05,0.75,0.0,90,371.59241788270873,409.49130058288574,57,0.9504003692091557,3467.060546875,19.91485079759945,0,1,18,0.0,0.046,0.2,0.0,0.05,0.75,0.0
364,frozen_attentive_ppoclip_seed3,0,NOOP,0.180002,-0.05073,0.175081,0,90,371.59241788270873,409.49130058288574,57,0.9504003692091557,3467.060546875,19.91485079759945,0,1,18,0.0,0.046,0.2,0.0,0.05,0.75,0.0,63,248.8910456505481,318.5849189758301,58,0.9362619334253771,3475.404296875,20.907704500141847,0,2,19,0.0,0.0,0.15,0.0,0.05,0.8,0.0
365,frozen_attentive_ppoclip_seed3,0,NOOP,0.177157,-0.039327,0.172358,0,63,248.8910456505481,318.5849189758301,58,0.9362619334253771,3475.404296875,20.907704500141847,0,2,19,0.0,0.0,0.15,0.0,0.05,0.8,0.0,65,269.7974266153916,313.7083053588867,59,0.9226612155720338,3483.96875,21.77838926995031,0,3,20,0.0,0.0,0.1,0.0,0.05,0.85,0.0
366,frozen_attentive_ppoclip_seed3,6,PARTITION_EVENT_TYPE,-0.00749,-0.139402,0.171238,0,65,269.7974266153916,313.7083053588867,59,0.9226612155720338,3483.96875,21.77838926995031,0,3,20,0.0,0.0,0.1,0.0,0.05,0.85,0.0,50,197.93042263623838,229.5207977294922,60,0.9091420491536458,3491.10546875,22.609208642048653,3,4,0,0.0,0.0,0.05,0.0,0.05,0.85,0.05
367,frozen_attentive_ppoclip_seed3,1,COMPACT_32KB,0.163179,0.295975,0.37524,0,50,197.93042263623838,229.5207977294922,60,0.9091420491536458,3491.10546875,22.609208642048653,3,4,0,0.0,0.0,0.05,0.0,0.05,0.85,0.05,97,364.03187859862294,236.59324645996094,59,0.9243614067465572,3490.388671875,21.586241288379096,3,0,1,0.67,0.0335,0.05,0.0,0.05,0.85,0.05
368,frozen_attentive_ppoclip_seed3,0,NOOP,0.16894,0.3409,0.366817,0,97,364.03187859862294,236.59324645996094,59,0.9243614067465572,3490.388671875,21.586241288379096,3,0,1,0.67,0.0335,0.05,0.0,0.05,0.85,0.05,80,294.3962603014114,233.63542556762695,62,0.8834482008411039,3505.5224609375,24.088760008775502,3,1,2,0.67,0.067,0.05,0.0,0.05,0.85,0.05
369,frozen_attentive_ppoclip_seed3,0,NOOP,0.161205,0.340818,0.354745,0,80,294.3962603014114,233.63542556762695,62,0.8834482008411039,3505.5224609375,24.088760008775502,3,1,2,0.67,0.067,0.05,0.0,0.05,0.85,0.05,95,369.96938732874963,454.23412322998047,65,0.8466487004206731,3522.05859375,25.878743178501885,3,2,3,0.67,0.1005,0.05,0.0,0.05,0.85,0.05
370,frozen_attentive_ppoclip_seed3,0,NOOP,0.154092,0.340718,0.350822,0,95,369.96938732874963,454.23412322998047,65,0.8466487004206731,3522.05859375,25.878743178501885,3,2,3,0.67,0.1005,0.05,0.0,0.05,0.85,0.05,89,327.79308170743593,298.4621524810791,68,0.8129584368537454,3537.9951171875,27.243683080051653,3,3,4,0.67,0.134,0.05,0.0,0.05,0.85,0.05
371,frozen_attentive_ppoclip_seed3,0,NOOP,0.147418,0.340671,0.344633,0,89,327.79308170743593,298.4621524810791,68,0.8129584368537454,3537.9951171875,27.243683080051653,3,3,4,0.67,0.134,0.05,0.0,0.05,0.85,0.05,56,218.50901736491628,278.00750732421875,71,0.7814666318221831,3550.984375,28.35249620724477,3,4,5,0.67,0.1675,0.0,0.0,0.05,0.9,0.05
372,frozen_attentive_ppoclip_seed3,1,COMPACT_32KB,0.161923,0.295594,0.373947,0,56,218.50901736491628,278.00750732421875,71,0.7814666318221831,3550.984375,28.35249620724477,3,4,5,0.67,0.1675,0.0,0.0,0.05,0.9,0.05,80,290.639374138158,239.74180221557617,60,0.9187070210774739,3527.8349609375,21.338940178012972,3,0,6,0.67,0.201,0.0,0.0,0.05,0.9,0.05
373,frozen_attentive_ppoclip_seed3,0,NOOP,0.167803,0.340527,0.365262,0,80,290.639374138158,239.74180221557617,60,0.9187070210774739,3527.8349609375,21.338940178012972,3,0,6,0.67,0.201,0.0,0.0,0.05,0.9,0.05,66,240.478608125177,255.8004856109619,63,0.8783915686228919,3541.6748046875,23.84836262852286,3,1,7,0.67,0.23450000000000001,0.0,0.0,0.05,0.9,0.05
374,frozen_attentive_ppoclip_seed3,0,NOOP,0.160204,-0.036407,0.154427,0,66,240.478608125177,255.8004856109619,63,0.8783915686228919,3541.6748046875,23.84836262852286,3,1,7,0.67,0.23450000000000001,0.0,0.0,0.05,0.9,0.05,90,290.70383487777326,371.36006355285645,66,0.8422712846235796,3557.75390625,25.62367399966897,3,2,8,0.0,0.23450000000000001,0.05,0.0,0.05,0.85,0.05
375,frozen_attentive_ppoclip_seed3,0,NOOP,0.153095,0.340397,0.35101,0,90,290.70383487777326,371.36006355285645,66,0.8422712846235796,3557.75390625,25.62367399966897,3,2,8,0.0,0.23450000000000001,0.05,0.0,0.05,0.85,0.05,57,206.1705139703346,240.5238151550293,69,0.8086003842561141,3570.779296875,27.044270598261196,3,3,9,0.67,0.268,0.05,0.0,0.05,0.85,0.05
376,frozen_attentive_ppoclip_seed3,0,NOOP,0.146663,0.340336,0.344375,0,57,206.1705139703346,240.5238151550293,69,0.8086003842561141,3570.779296875,27.044270598261196,3,3,9,0.67,0.268,0.05,0.0,0.05,0.85,0.05,86,327.3326847966547,254.4090747833252,72,0.7783167097303603,3586.4833984375,28.075329607645777,3,4,10,0.67,0.3015,0.05,0.0,0.05,0.85,0.05
377,frozen_attentive_ppoclip_seed3,2,COMPACT_64KB,0.536925,0.292495,0.374986,0,86,327.3326847966547,254.4090747833252,72,0.7783167097303603,3586.4833984375,28.075329607645777,3,4,10,0.67,0.3015,0.05,0.0,0.05,0.85,0.05,74,270.4691500894074,267.43340492248535,60,0.92667236328125,3558.421875,22.193139683657133,3,0,11,0.67,0.335,0.05,0.0,0.05,0.85,0.05
378,frozen_attentive_ppoclip_seed3,0,NOOP,0.169453,0.342438,0.367498,0,74,270.4691500894074,267.43340492248535,60,0.92667236328125,3558.421875,22.193139683657133,3,0,11,0.67,0.335,0.05,0.0,0.05,0.85,0.05,95,379.36469611513314,226.52745246887207,63,0.8866419716486855,3574.9404296875,24.540649540742407,3,1,12,0.67,0.3685,0.05,0.0,0.05,0.85,0.05
379,frozen_attentive_ppoclip_seed3,0,NOOP,0.161687,-0.034499,0.15675,0,95,379.36469611513314,226.52745246887207,63,0.8866419716486855,3574.9404296875,24.540649540742407,3,1,12,0.67,0.3685,0.05,0.0,0.05,0.85,0.05,69,271.77094412302455,329.32519912719727,66,0.8496842817826704,3589.06640625,26.34131910676069,3,2,13,0.0,0.3685,0.05,0.05,0.0,0.85,0.05
380,frozen_attentive_ppoclip_seed3,0,NOOP,0.154627,0.342317,0.352293,0,69,271.77094412302455,329.32519912719727,66,0.8496842817826704,3589.06640625,26.34131910676069,3,2,13,0.0,0.3685,0.05,0.05,0.0,0.85,0.05,84,260.5670266408507,252.9299259185791,69,0.8162600752236187,3604.6044921875,27.668243938007794,3,3,14,0.67,0.402,0.05,0.05,0.0,0.85,0.05
381,frozen_attentive_ppoclip_seed3,0,NOOP,0.148104,-0.034659,0.14255,0,84,260.5670266408507,252.9299259185791,69,0.8162600752236187,3604.6044921875,27.668243938007794,3,3,14,0.67,0.402,0.05,0.05,0.0,0.85,0.05,79,284.9281045639229,367.7334785461426,72,0.7855211893717448,3619.681640625,28.70021095918621,3,4,15,0.0,0.402,0.1,0.05,0.0,0.8,0.05
382,frozen_attentive_ppoclip_seed3,2,COMPACT_64KB,0.548515,0.292155,0.386211,0,79,284.9281045639229,367.7334785461426,72,0.7855211893717448,3619.681640625,28.70021095918621,3,4,15,0.0,0.402,0.1,0.05,0.0,0.8,0.05,85,286.29141806326237,281.91184997558594,57,0.9827455219469572,3585.0556640625,17.652784432042964,3,0,16,0.67,0.43550000000000005,0.1,0.05,0.0,0.8,0.05
383,frozen_attentive_ppoclip_seed3,0,NOOP,0.179878,-0.034756,0.169669,0,85,286.29141806326237,281.91184997558594,57,0.9827455219469572,3585.0556640625,17.652784432042964,3,0,16,0.67,0.43550000000000005,0.1,0.05,0.0,0.8,0.05,52,207.02035237457025,585.456132888794,60,0.9368886311848958,3597.65234375,21.500351485969336,3,1,17,0.0,0.43550000000000005,0.1,0.05,0.05,0.75,0.05
384,frozen_attentive_ppoclip_seed3,0,NOOP,0.171346,0.342032,0.367602,0,52,207.02035237457025,585.456132888794,60,0.9368886311848958,3597.65234375,21.500351485969336,3,1,17,0.0,0.43550000000000005,0.1,0.05,0.05,0.75,0.05,83,313.788140619451,315.95683097839355,63,0.8961050851004464,3613.095703125,24.05380575277802,3,2,18,0.67,0.46900000000000003,0.1,0.05,0.05,0.75,0.05
385,frozen_attentive_ppoclip_seed3,0,NOOP,0.163588,-0.034911,0.158109,0,83,313.788140619451,315.95683097839355,63,0.8961050851004464,3613.095703125,24.05380575277802,3,2,18,0.67,0.46900000000000003,0.1,0.05,0.05,0.75,0.05,91,327.33630811742137,356.4414978027344,66,0.8591877330433239,3629.208984375,25.90524257329445,3,3,19,0.0,0.46900000000000003,0.15,0.05,0.05,0.7,0.05
386,frozen_attentive_ppoclip_seed3,0,NOOP,0.156504,-0.034995,0.149891,0,91,327.33630811742137,356.4414978027344,66,0.8591877330433239,3629.208984375,25.90524257329445,3,3,19,0.0,0.46900000000000003,0.15,0.05,0.05,0.7,0.05,99,386.0980484775,416.8999195098877,69,0.8256437882133152,3646.04296875,27.28691490029862,3,4,20,0.0,0.46900000000000003,0.2,0.05,0.05,0.7,0.0
387,frozen_attentive_ppoclip_seed3,1,COMPACT_32KB,0.164081,0.288446,0.376372,0,99,386.0980484775,416.8999195098877,69,0.8256437882133152,3646.04296875,27.28691490029862,3,4,20,0.0,0.46900000000000003,0.2,0.05,0.05,0.7,0.0,79,301.80895544139617,227.62417793273926,61,0.9301204994076588,3631.1904296875,21.395634917513714,3,0,21,0.67,0.46900000000000003,0.2,0.05,0.05,0.7,0.0
388,frozen_attentive_ppoclip_seed3,0,NOOP,0.169986,-0.0435,0.158767,0,79,301.80895544139617,227.62417793273926,61,0.9301204994076588,3631.1904296875,21.395634917513714,3,0,21,0.67,0.46900000000000003,0.2,0.05,0.05,0.7,0.0,67,184.29331281974603,640.9714221954346,64,0.889930248260498,3645.154296875,23.932962254583884,3,1,22,0.0,0.43550000000000005,0.2,0.05,0.1,0.65,0.0
389,frozen_attentive_ppoclip_seed3,0,NOOP,0.162231,-0.043554,0.158668,0,67,184.29331281974603,640.9714221954346,64,0.889930248260498,3645.154296875,23.932962254583884,3,1,22,0.0,0.43550000000000005,0.2,0.05,0.1,0.65,0.0,52,203.67696146547732,261.9056701660156,67,0.8530298489243237,3657.7919921875,25.8384077750274,3,2,23,0.0,0.402,0.2,0.05,0.1,0.6,0.05
390,frozen_attentive_ppoclip_seed3,0,NOOP,0.155262,0.333256,0.352395,0,52,203.67696146547732,261.9056701660156,67,0.8530298489243237,3657.7919921875,25.8384077750274,3,2,23,0.0,0.402,0.2,0.05,0.1,0.6,0.05,90,343.8367454010865,280.8036804199219,70,0.8200576782226563,3673.8583984375,27.196447655836167,3,3,24,0.67,0.402,0.2,0.05,0.1,0.6,0.05
391,frozen_attentive_ppoclip_seed3,0,NOOP,0.148764,-0.043669,0.144971,0,90,343.8367454010865,280.8036804199219,70,0.8200576782226563,3673.8583984375,27.196447655836167,3,3,24,0.67,0.402,0.2,0.05,0.1,0.6,0.05,71,266.6058937070049,280.8845043182373,73,0.7894431336285317,3688.2783203125,28.279635743069772,3,4,25,0.0,0.36850000000000005,0.2,0.1,0.1,0.55,0.05
392,frozen_attentive_ppoclip_seed3,1,COMPACT_32KB,0.165549,-0.088738,0.174363,0,71,266.6058937070049,280.8845043182373,73,0.7894431336285317,3688.2783203125,28.279635743069772,3,4,25,0.0,0.36850000000000005,0.2,0.1,0.1,0.55,0.05,52,204.56200765523133,351.46045684814453,61,0.9374632288198002,3659.8564453125,20.40820712381934,3,0,26,0.0,0.3350000000000001,0.25,0.1,0.1,0.5,0.05
393,frozen_attentive_ppoclip_seed3,0,NOOP,0.171348,-0.043794,0.163825,0,52,204.56200765523133,351.46045684814453,61,0.9374632288198002,3659.8564453125,20.40820712381934,3,0,26,0.0,0.3350000000000001,0.25,0.1,0.1,0.5,0.05,58,185.00154529415343,456.1781883239746,64,0.8967421054840088,3673.0556640625,23.17459067968689,3,1,27,0.0,0.30150000000000005,0.3,0.1,0.1,0.45,0.05
394,frozen_attentive_ppoclip_seed3,0,NOOP,0.163709,-0.035529,0.156413,0,58,185.00154529415343,456.1781883239746,64,0.8967421054840088,3673.0556640625,23.17459067968689,3,1,27,0.0,0.30150000000000005,0.3,0.1,0.1,0.45,0.05,96,253.4794901366317,448.5766887664795,67,0.8604210241517024,3689.4853515625,25.099559705099075,3,2,28,0.0,0.30150000000000005,0.3,0.1,0.1,0.45,0.05
395,frozen_attentive_ppoclip_seed3,0,NOOP,0.156531,0.332924,0.353631,0,96,253.4794901366317,448.5766887664795,67,0.8604210241517024,3689.4853515625,25.099559705099075,3,2,28,0.0,0.30150000000000005,0.3,0.1,0.1,0.45,0.05,54,213.89850011049433,282.52387046813965,70,0.8264066423688616,3702.3017578125,26.646571453847663,3,3,29,0.67,0.30150000000000005,0.3,0.1,0.1,0.45,0.05
396,frozen_attentive_ppoclip_seed3,0,NOOP,0.150051,0.332842,0.347656,0,54,213.89850011049433,282.52387046813965,70,0.8264066423688616,3702.3017578125,26.646571453847663,3,3,29,0.67,0.30150000000000005,0.3,0.1,0.1,0.45,0.05,90,240.22558414954432,261.0006332397461,73,0.7958796252943066,3718.349609375,27.76604856651882,3,4,30,0.67,0.3015,0.3,0.1,0.1,0.45,0.05
397,frozen_attentive_ppoclip_seed3,1,COMPACT_32KB,0.164145,0.287768,0.376446,0,90,240.22558414954432,261.0006332397461,73,0.7958796252943066,3718.349609375,27.76604856651882,3,4,30,0.67,0.3015,0.3,0.1,0.1,0.45,0.05,70,274.37397495694233,228.36804389953613,62,0.9310649748771421,3694.4658203125,20.39306760414861,3,0,31,0.67,0.3015,0.3,0.1,0.1,0.45,0.05
398,frozen_attentive_ppoclip_seed3,0,NOOP,0.170169,0.332711,0.36688,0,70,274.37397495694233,228.36804389953613,62,0.9310649748771421,3694.4658203125,20.39306760414861,3,0,31,0.67,0.3015,0.3,0.1,0.1,0.45,0.05,68,264.91341654390664,295.69363594055176,65,0.8914679894080528,3708.5068359375,23.049848682155364,3,1,32,0.67,0.3015,0.3,0.1,0.1,0.45,0.05
399,frozen_attentive_ppoclip_seed3,0,NOOP,0.162696,0.340995,0.35799,0,68,264.91341654390664,295.69363594055176,65,0.8914679894080528,3708.5068359375,23.049848682155364,3,1,32,0.67,0.3015,0.3,0.1,0.1,0.45,0.05,97,343.2249151528598,370.32294273376465,68,0.8559814901912913,3725.2314453125,24.92402497716756,3,2,33,0.67,0.335,0.3,0.05,0.1,0.5,0.05
400,frozen_attentive_ppoclip_seed3,0,NOOP,0.149118,0.332539,0.347129,0,97,343.2249151528598,370.32294273376465,68,0.8559814901912913,3725.2314453125,24.92402497716756,3,2,33,0.67,0.335,0.3,0.05,0.1,0.5,0.05,100,350.60754194614043,241.93930625915527,74,0.7918398058092272,3750.1533203125,27.638094178218438,3,3,34,0.67,0.335,0.3,0.05,0.1,0.5,0.05
401,frozen_attentive_ppoclip_seed3,0,NOOP,0.143076,-0.036029,0.137037,0,100,350.60754194614043,241.93930625915527,74,0.7918398058092272,3750.1533203125,27.638094178218438,3,3,34,0.67,0.335,0.3,0.05,0.1,0.5,0.05,51,186.27325830485805,398.193359375,77,0.7635028393237622,3762.5419921875,28.56617647772671,3,4,35,0.0,0.335,0.3,0.05,0.1,0.5,0.05
402,frozen_attentive_ppoclip_seed3,0,NOOP,0.137609,-0.04448,0.133252,0,51,186.27325830485805,398.193359375,77,0.7635028393237622,3762.5419921875,28.56617647772671,3,4,35,0.0,0.335,0.3,0.05,0.1,0.5,0.05,92,352.8821890849366,317.87633895874023,80,0.7380472183227539,3778.8017578125,29.226487691599726,3,5,36,0.0,0.3015,0.3,0.05,0.1,0.45,0.1
403,frozen_attentive_ppoclip_seed3,0,NOOP,0.132519,-0.036169,0.128411,0,92,352.8821890849366,317.87633895874023,80,0.7380472183227539,3778.8017578125,29.226487691599726,3,5,36,0.0,0.3015,0.3,0.05,0.1,0.45,0.1,95,367.70207244801344,309.1456890106201,83,0.7144687147025602,3795.2578125,29.741046058508854,3,6,37,0.0,0.30150000000000005,0.3,0.05,0.05,0.45,0.15
404,frozen_attentive_ppoclip_seed3,1,COMPACT_32KB,0.155227,-0.089605,0.166252,0,95,367.70207244801344,309.1456890106201,83,0.7144687147025602,3795.2578125,29.741046058508854,3,6,37,0.0,0.30150000000000005,0.3,0.05,0.05,0.45,0.15,74,285.8094575966216,247.1444606781006,66,0.8889738140684186,3755.025390625,22.659594612131087,3,0,38,0.0,0.26800000000000007,0.3,0.05,0.05,0.4,0.2
405,frozen_attentive_ppoclip_seed3,0,NOOP,0.162041,-0.036287,0.156733,0,74,285.8094575966216,247.1444606781006,66,0.8889738140684186,3755.025390625,22.659594612131087,3,0,38,0.0,0.26800000000000007,0.3,0.05,0.05,0.4,0.2,60,232.12471325488792,351.670503616333,69,0.8533298658288043,3768.3046875,24.63886639322619,3,1,39,0.0,0.268,0.25,0.05,0.05,0.4,0.25
406,frozen_attentive_ppoclip_seed3,0,NOOP,0.15519,-0.036334,0.15135,0,60,232.12471325488792,351.670503616333,69,0.8533298658288043,3768.3046875,24.63886639322619,3,1,39,0.0,0.268,0.25,0.05,0.05,0.4,0.25,74,268.27698406044254,282.03344345092773,72,0.8209523095024956,3782.9482421875,26.108639344884274,3,2,40,0.0,0.268,0.2,0.1,0.05,0.4,0.25
407,frozen_attentive_ppoclip_seed3,0,NOOP,0.148852,-0.044773,0.145169,0,74,268.27698406044254,282.03344345092773,72,0.8209523095024956,3782.9482421875,26.108639344884274,3,2,40,0.0,0.268,0.2,0.1,0.05,0.4,0.25,73,273.9261059152127,277.9104709625244,75,0.7911370849609375,3797.4580078125,27.25290275833543,3,3,41,0.0,0.23450000000000001,0.2,0.1,0.05,0.35,0.3
408,frozen_attentive_ppoclip_seed3,7,REMOVE_PARTITION,0.07937,-0.071467,0.129962,0,73,273.9261059152127,277.9104709625244,75,0.7911370849609375,3797.4580078125,27.25290275833543,3,3,41,0.0,0.23450000000000001,0.2,0.1,0.05,0.35,0.3,82,328.81500071225275,749.699592590332,78,0.7637820121569511,3812.7998046875,28.1344262099135,0,4,0,0.0,0.23450000000000001,0.2,0.1,0.05,0.35,0.3
409,frozen_attentive_ppoclip_seed3,2,COMPACT_64KB,0.54789,-0.085886,0.185754,0,82,328.81500071225275,749.699592590332,78,0.7637820121569511,3812.7998046875,28.1344262099135,0,4,0,0.0,0.23450000000000001,0.2,0.1,0.05,0.35,0.3,75,284.46759447654705,227.24127769470215,60,0.9814936319986979,3768.935546875,16.9540990585643,0,0,1,0.0,0.23450000000000001,0.2,0.1,0.05,0.35,0.3
410,frozen_attentive_ppoclip_seed3,0,NOOP,0.185936,-0.044137,0.182637,0,75,284.46759447654705,227.24127769470215,60,0.9814936319986979,3768.935546875,16.9540990585643,0,0,1,0.0,0.23450000000000001,0.2,0.1,0.05,0.35,0.3,76,309.71084906256164,241.19043350219727,61,0.967802954501793,3778.302734375,18.151651595127692,0,1,2,0.0,0.201,0.2,0.1,0.05,0.3,0.35
411,frozen_attentive_ppoclip_seed3,0,NOOP,0.183178,-0.035637,0.178191,0,76,309.71084906256164,241.19043350219727,61,0.967802954501793,3778.302734375,18.151651595127692,0,1,2,0.0,0.201,0.2,0.1,0.05,0.3,0.35,77,303.90246858515087,326.87950134277344,62,0.9546412806357106,3788.0166015625,19.185231878992884,0,2,3,0.0,0.201,0.2,0.1,0.05,0.3,0.35
412,frozen_attentive_ppoclip_seed3,0,NOOP,0.180403,-0.035548,0.176774,0,77,303.90246858515087,326.87950134277344,62,0.9546412806357106,3788.0166015625,19.185231878992884,0,2,3,0.0,0.201,0.2,0.1,0.05,0.3,0.35,56,220.15961127300778,260.24746894836426,63,0.9413924444289434,3795.6943359375,20.18494619768512,0,3,4,0.0,0.201,0.15,0.1,0.05,0.3,0.4
413,frozen_attentive_ppoclip_seed3,0,NOOP,0.177821,-0.035422,0.17401,0,56,220.15961127300778,260.24746894836426,63,0.9413924444289434,3795.6943359375,20.18494619768512,0,3,4,0.0,0.201,0.15,0.1,0.05,0.3,0.4,80,320.06104680000306,270.54500579833984,64,0.9291031360626221,3805.6064453125,20.989419374853277,0,4,5,0.0,0.201,0.1,0.1,0.05,0.3,0.45
414,frozen_attentive_ppoclip_seed3,0,NOOP,0.175199,-0.035339,0.171568,0,80,320.06104680000306,270.54500579833984,64,0.9291031360626221,3805.6064453125,20.989419374853277,0,4,5,0.0,0.201,0.1,0.1,0.05,0.3,0.45,54,219.78181775838328,262.7832889556885,65,0.916619638296274,3813.1376953125,21.798217269212273,0,5,6,0.0,0.201,0.05,0.1,0.05,0.3,0.5
415,frozen_attentive_ppoclip_seed3,0,NOOP,0.172699,-0.043614,0.169367,0,54,219.78181775838328,262.7832889556885,65,0.916619638296274,3813.1376953125,21.798217269212273,0,5,6,0.0,0.201,0.05,0.1,0.05,0.3,0.5,65,259.3290332154146,249.07898902893066,66,0.9047426165956439,3821.6328125,22.494147430962194,0,6,7,0.0,0.1675,0.05,0.1,0.05,0.25,0.55
416,frozen_attentive_ppoclip_seed3,2,COMPACT_64KB,0.550186,-0.093482,0.187871,0,65,259.3290332154146,249.07898902893066,66,0.9047426165956439,3821.6328125,22.494147430962194,0,6,7,0.0,0.1675,0.05,0.1,0.05,0.25,0.55,88,344.52579425085224,236.17839813232422,60,0.9929751078287761,3813.0244140625,16.298948639187717,0,0,8,0.0,0.134,0.05,0.15,0.05,0.2,0.55
417,frozen_attentive_ppoclip_seed3,0,NOOP,0.188166,-0.043382,0.183981,0,88,344.52579425085224,236.17839813232422,60,0.9929751078287761,3813.0244140625,16.298948639187717,0,0,8,0.0,0.134,0.05,0.15,0.05,0.2,0.55,68,268.89022846169,285.5041027069092,61,0.9789556284419826,3821.8427734375,17.616363962827812,0,1,9,0.0,0.1005,0.05,0.15,0.05,0.15,0.6
418,frozen_attentive_ppoclip_seed3,0,NOOP,0.185389,-0.043263,0.182187,0,68,268.89022846169,285.5041027069092,61,0.9789556284419826,3821.8427734375,17.616363962827812,0,1,9,0.0,0.1005,0.05,0.15,0.05,0.15,0.6,82,325.821180233197,237.6103401184082,62,0.9656957810924899,3831.880859375,18.705601885322434,0,2,10,0.0,0.067,0.05,0.15,0.05,0.1,0.65
419,frozen_attentive_ppoclip_seed3,0,NOOP,0.182619,-0.043172,0.17211,0,82,325.821180233197,237.6103401184082,62,0.9656957810924899,3831.880859375,18.705601885322434,0,2,10,0.0,0.067,0.05,0.15,0.05,0.1,0.65,64,251.32429284588105,604.2132377624512,63,0.9524715363033234,3840.365234375,19.73280524730401,0,3,11,0.0,0.0335,0.05,0.15,0.1,0.05,0.65
420,frozen_attentive_ppoclip_seed3,0,NOOP,0.17998,-0.043064,0.176296,0,64,251.32429284588105,604.2132377624512,63,0.9524715363033234,3840.365234375,19.73280524730401,0,3,11,0.0,0.0335,0.05,0.15,0.1,0.05,0.65,77,308.84443760166545,264.19973373413086,64,0.9398977756500244,3849.8212890625,20.606982672508682,0,4,12,0.0,0.0,0.05,0.15,0.1,0.0,0.7
421,frozen_attentive_ppoclip_seed3,2,COMPACT_64KB,0.54849,-0.084607,0.186318,0,77,308.84443760166545,264.19973373413086,64,0.9398977756500244,3849.8212890625,20.606982672508682,0,4,12,0.0,0.0,0.05,0.15,0.1,0.0,0.7,59,238.22050400365035,230.28039932250977,61,0.9851194287909836,3845.90625,16.63271379238982,0,0,13,0.0,0.0,0.0,0.15,0.1,0.0,0.75
422,frozen_attentive_ppoclip_seed3,0,NOOP,0.186602,-0.034496,0.183381,0,59,238.22050400365035,230.28039932250977,61,0.9851194287909836,3845.90625,16.63271379238982,0,0,13,0.0,0.0,0.0,0.15,0.1,0.0,0.75,82,332.5192062456191,238.54851722717285,62,0.9717616419638356,3855.9501953125,17.816417795549256,0,1,14,0.0,0.0,0.0,0.15,0.1,0.0,0.75
423,frozen_attentive_ppoclip_seed3,0,NOOP,0.183762,-0.034425,0.171657,0,82,332.5192062456191,238.54851722717285,62,0.9717616419638356,3855.9501953125,17.816417795549256,0,1,14,0.0,0.0,0.0,0.15,0.1,0.0,0.75,53,211.56258041920773,684.0181350708008,63,0.9581851050967262,3863.40234375,18.97021359317122,0,2,15,0.0,0.0,0.0,0.15,0.15,0.0,0.7
424,frozen_attentive_ppoclip_seed3,0,NOOP,0.181061,-0.034337,0.176979,0,53,211.56258041920773,684.0181350708008,63,0.9581851050967262,3863.40234375,18.97021359317122,0,2,15,0.0,0.0,0.0,0.15,0.15,0.0,0.7,67,204.85583611437934,284.0878963470459,64,0.9453041553497314,3871.9658203125,19.941199378949293,0,3,16,0.0,0.0,0.0,0.15,0.15,0.05,0.65
425,frozen_attentive_ppoclip_seed3,0,NOOP,0.178518,-0.034229,0.174681,0,67,204.85583611437934,284.0878963470459,64,0.9453041553497314,3871.9658203125,19.941199378949293,0,3,16,0.0,0.0,0.0,0.15,0.15,0.05,0.65,84,331.2304378687099,273.12564849853516,65,0.9332167405348558,3882.181640625,20.74457237823932,0,4,17,0.0,0.0,0.0,0.15,0.15,0.05,0.65
426,frozen_attentive_ppoclip_seed3,1,COMPACT_32KB,0.170452,-0.101669,0.181713,0,84,331.2304378687099,273.12564849853516,65,0.9332167405348558,3882.181640625,20.74457237823932,0,4,17,0.0,0.0,0.0,0.15,0.15,0.05,0.65,87,329.64407004738183,231.5964698791504,63,0.963226560562376,3883.7294921875,18.19206730469604,0,0,18,0.0,0.0,0.0,0.1,0.15,0.05,0.7
427,frozen_attentive_ppoclip_seed3,0,NOOP,0.182025,-0.056751,0.178682,0,87,329.64407004738183,231.5964698791504,63,0.963226560562376,3883.7294921875,18.19206730469604,0,0,18,0.0,0.0,0.0,0.1,0.15,0.05,0.7,59,247.76621077714813,247.15781211853027,64,0.9501261711120605,3891.716796875,19.253241910619867,0,1,19,0.0,0.0,0.0,0.1,0.15,0.1,0.65
428,frozen_attentive_ppoclip_seed3,0,NOOP,0.179511,-0.056879,0.168773,0,59,247.76621077714813,247.15781211853027,64,0.9501261711120605,3891.716796875,19.253241910619867,0,1,19,0.0,0.0,0.0,0.1,0.15,0.1,0.65,93,364.8312463757272,618.1268692016602,65,0.9381784292367789,3902.822265625,20.072386625241588,0,2,20,0.0,0.0,0.0,0.1,0.15,0.1,0.65
429,frozen_attentive_ppoclip_seed3,0,NOOP,0.177012,-0.056991,0.164822,0,93,364.8312463757272,618.1268692016602,65,0.9381784292367789,3902.822265625,20.072386625241588,0,2,20,0.0,0.0,0.0,0.1,0.15,0.1,0.65,81,324.5990019500478,691.9980049133301,66,0.9263081406102036,3912.7255859375,20.851704706640685,0,3,21,0.0,0.0,0.0,0.1,0.2,0.1,0.6
430,frozen_attentive_ppoclip_seed3,7,REMOVE_PARTITION,0.111016,-0.092126,0.17132,0,81,324.5990019500478,691.9980049133301,66,0.9263081406102036,3912.7255859375,20.851704706640685,0,3,21,0.0,0.0,0.0,0.1,0.2,0.1,0.6,98,379.0443814919736,250.36025047302246,67,0.9151381307573461,3924.1123046875,21.504568042386676,0,4,22,0.0,0.0,0.0,0.1,0.2,0.1,0.6
431,frozen_attentive_ppoclip_seed3,1,COMPACT_32KB,0.169162,-0.102224,0.179949,0,98,379.0443814919736,250.36025047302246,67,0.9151381307573461,3924.1123046875,21.504568042386676,0,4,22,0.0,0.0,0.0,0.1,0.2,0.1,0.6,72,294.54755492959396,256.55531883239746,64,0.9574024677276611,3921.5205078125,18.12956284261078,0,0,23,0.0,0.0,0.0,0.05,0.2,0.1,0.65
432,frozen_attentive_ppoclip_seed3,0,NOOP,0.180806,-0.057309,0.177485,0,72,294.54755492959396,256.55531883239746,64,0.9574024677276611,3921.5205078125,18.12956284261078,0,0,23,0.0,0.0,0.0,0.05,0.2,0.1,0.65,62,258.3215185774214,247.29418754577637,65,0.9446540245643029,3929.7607421875,19.152427485052293,0,1,24,0.0,0.0,0.0,0.05,0.2,0.1,0.65
433,frozen_attentive_ppoclip_seed3,5,PARTITION_REGION,-0.003551,-0.157412,0.172921,0,62,258.3215185774214,247.29418754577637,65,0.9446540245643029,3929.7607421875,19.152427485052293,0,1,24,0.0,0.0,0.0,0.05,0.2,0.1,0.65,75,308.2590383759831,349.8034477233887,66,0.9325834332090436,3939.232421875,20.013992501947534,2,2,0,0.0,0.0,0.0,0.05,0.2,0.1,0.65
434,frozen_attentive_ppoclip_seed3,0,NOOP,0.170377,-0.057323,0.164412,0,75,308.2590383759831,349.8034477233887,66,0.9325834332090436,3939.232421875,20.013992501947534,2,2,0,0.0,0.0,0.0,0.05,0.2,0.1,0.65,57,199.72809447587477,384.51194763183594,69,0.8950098010076992,3952.36328125,22.627162915488384,2,3,1,0.0,0.0,0.05,0.05,0.2,0.1,0.6
435,frozen_attentive_ppoclip_seed3,0,NOOP,0.163207,-0.057197,0.159742,0,57,199.72809447587477,384.51194763183594,69,0.8950098010076992,3952.36328125,22.627162915488384,2,3,1,0.0,0.0,0.05,0.05,0.2,0.1,0.6,81,307.33839565342464,263.20624351501465,72,0.86103269788954,3967.638671875,24.50843207945041,2,4,2,0.0,0.0,0.05,0.05,0.2,0.1,0.6
436,frozen_attentive_ppoclip_seed3,2,COMPACT_64KB,0.538228,-0.103488,0.175802,0,81,307.33839565342464,263.20624351501465,72,0.86103269788954,3967.638671875,24.50843207945041,2,4,2,0.0,0.0,0.05,0.05,0.2,0.1,0.6,84,315.60414927351883,249.23992156982422,66,0.9369345000295928,3957.611328125,20.006055278290212,2,0,3,0.0,0.0,0.05,0.0,0.2,0.1,0.65
437,frozen_attentive_ppoclip_seed3,0,NOOP,0.171234,-0.053402,0.167968,0,84,315.60414927351883,249.23992156982422,66,0.9369345000295928,3957.611328125,20.006055278290212,2,0,3,0.0,0.0,0.05,0.0,0.2,0.1,0.65,63,236.95995265126038,249.53579902648926,69,0.8992950881736866,3971.287109375,22.630721101626087,2,1,4,0.0,0.0,0.05,0.0,0.2,0.1,0.65
438,frozen_attentive_ppoclip_seed3,0,NOOP,0.163971,-0.053311,0.152261,0,63,236.95995265126038,249.53579902648926,69,0.8992950881736866,3971.287109375,22.630721101626087,2,1,4,0.0,0.0,0.05,0.0,0.2,0.1,0.65,66,251.56859010243622,675.5084991455078,72,0.8648546006944444,3985.25,24.573248000749846,2,2,5,0.0,0.0,0.05,0.0,0.25,0.1,0.6
439,frozen_attentive_ppoclip_seed3,0,NOOP,0.157264,-0.053218,0.151448,0,66,251.56859010243622,675.5084991455078,72,0.8648546006944444,3985.25,24.573248000749846,2,2,5,0.0,0.0,0.05,0.0,0.25,0.1,0.6,67,240.59709384556902,384.5360279083252,75,0.83319580078125,3999.33984375,26.06210695052799,2,3,6,0.0,0.0,0.05,0.0,0.2,0.1,0.65
440,frozen_attentive_ppoclip_seed3,0,NOOP,0.151094,0.323767,0.348588,0,67,240.59709384556902,384.5360279083252,75,0.83319580078125,3999.33984375,26.06210695052799,2,3,6,0.0,0.0,0.05,0.0,0.2,0.1,0.65,82,290.18586316755767,272.7954387664795,78,0.8042205419295874,4014.6689453125,27.200982921799557,2,4,7,0.67,0.0335,0.05,0.05,0.2,0.1,0.6
441,frozen_attentive_ppoclip_seed3,1,COMPACT_32KB,0.163362,-0.090034,0.174229,0,82,290.18586316755767,272.7954387664795,78,0.8042205419295874,4014.6689453125,27.200982921799557,2,4,7,0.67,0.0335,0.05,0.05,0.2,0.1,0.6,59,214.60715183912612,256.29305839538574,67,0.9302759882229478,3989.0234375,20.848618627538634,2,0,8,0.0,0.0335,0.05,0.05,0.2,0.1,0.6
442,frozen_attentive_ppoclip_seed3,0,NOOP,0.170079,-0.045076,0.166839,0,59,214.60715183912612,256.29305839538574,67,0.9302759882229478,3989.0234375,20.848618627538634,2,0,8,0.0,0.0335,0.05,0.05,0.2,0.1,0.6,97,345.4089137019982,249.49097633361816,70,0.8941458565848214,4005.7734375,23.17311911266486,2,1,9,0.0,0.0335,0.05,0.05,0.2,0.1,0.6
443,frozen_attentive_ppoclip_seed3,0,NOOP,0.163016,-0.045115,0.159255,0,97,345.4089137019982,249.49097633361816,70,0.8941458565848214,4005.7734375,23.17311911266486,2,1,9,0.0,0.0335,0.05,0.05,0.2,0.1,0.6,83,296.3720732248225,279.3264389038086,73,0.860705650016053,4021.216796875,24.960846493645562,2,2,10,0.0,0.0335,0.05,0.05,0.15,0.1,0.65
444,frozen_attentive_ppoclip_seed3,0,NOOP,0.156516,0.331726,0.355733,0,83,296.3720732248225,279.3264389038086,73,0.860705650016053,4021.216796875,24.960846493645562,2,2,10,0.0,0.0335,0.05,0.05,0.15,0.1,0.65,92,268.94397058229055,184.1585636138916,76,0.830082140470806,4037.51953125,26.32266330443271,2,3,11,0.67,0.067,0.05,0.1,0.15,0.05,0.65
445,frozen_attentive_ppoclip_seed3,0,NOOP,0.150451,-0.045178,0.144141,0,92,268.94397058229055,184.1585636138916,76,0.830082140470806,4037.51953125,26.32266330443271,2,3,11,0.67,0.067,0.05,0.1,0.15,0.05,0.65,83,300.0657076118155,414.2472743988037,79,0.8016293682629549,4053.0380859375,27.410634488752674,2,4,12,0.0,0.067,0.1,0.1,0.15,0.05,0.6
446,frozen_attentive_ppoclip_seed3,2,COMPACT_64KB,0.547159,-0.095196,0.176923,0,83,300.0657076118155,414.2472743988037,79,0.8016293682629549,4053.0380859375,27.410634488752674,2,4,12,0.0,0.067,0.1,0.1,0.15,0.05,0.6,53,194.28715063194116,637.2561454772949,64,0.9803390502929688,4015.46875,17.26987119031744,2,0,13,0.0,0.067,0.1,0.1,0.2,0.05,0.55
447,frozen_attentive_ppoclip_seed3,0,NOOP,0.179703,-0.045236,0.174145,0,53,194.28715063194116,637.2561454772949,64,0.9803390502929688,4015.46875,17.26987119031744,2,0,13,0.0,0.067,0.1,0.1,0.2,0.05,0.55,99,360.0838527010445,361.649751663208,67,0.940390971169543,4032.396484375,20.647663720146593,2,1,14,0.0,0.067,0.1,0.1,0.2,0.05,0.55
448,frozen_attentive_ppoclip_seed3,0,NOOP,0.172014,-0.045269,0.16663,0,99,360.0838527010445,361.649751663208,67,0.940390971169543,4032.396484375,20.647663720146593,2,1,14,0.0,0.067,0.1,0.1,0.2,0.05,0.55,96,313.9373221861061,356.7159175872803,70,0.9038212367466518,4049.119140625,23.064144602201143,2,2,15,0.0,0.067,0.1,0.1,0.15,0.05,0.6
449,frozen_attentive_ppoclip_seed3,0,NOOP,0.164842,-0.045296,0.152467,0,96,313.9373221861061,356.7159175872803,70,0.9038212367466518,4049.119140625,23.064144602201143,2,2,15,0.0,0.067,0.1,0.1,0.15,0.05,0.6,75,228.64319854865158,710.0338935852051,73,0.8698366766106592,4063.876953125,24.934741974666586,2,3,16,0.0,0.067,0.15,0.1,0.1,0.05,0.6
450,frozen_attentive_ppoclip_seed3,0,NOOP,0.158122,-0.045303,0.153211,0,75,228.64319854865158,710.0338935852051,73,0.8698366766106592,4063.876953125,24.934741974666586,2,3,16,0.0,0.067,0.15,0.1,0.1,0.05,0.6,52,184.72477928272815,340.52467346191406,76,0.8381084642912212,4076.5595703125,26.430021156073895,2,4,17,0.0,0.067,0.15,0.1,0.1,0.05,0.6
451,frozen_attentive_ppoclip_seed3,2,COMPACT_64KB,0.211149,-0.095313,0.186071,0,52,184.72477928272815,340.52467346191406,76,0.8381084642912212,4076.5595703125,26.430021156073895,2,4,17,0.0,0.067,0.15,0.1,0.1,0.05,0.6,35,119.18896646241707,254.3771266937256,64,0.9877910614013672,4045.9921875,16.743413931745366,2,0,18,0.0,0.067,0.15,0.1,0.1,0.05,0.6
452,frozen_attentive_ppoclip_seed3,0,NOOP,0.180916,-0.045338,0.177199,0,35,119.18896646241707,254.3771266937256,64,0.9877910614013672,4045.9921875,16.743413931745366,2,0,18,0.0,0.067,0.15,0.1,0.1,0.05,0.6,49,183.1524832238689,269.60086822509766,67,0.9464562259503265,4058.404296875,20.474276980755914,2,1,19,0.0,0.067,0.15,0.1,0.1,0.05,0.6
453,frozen_attentive_ppoclip_seed3,0,NOOP,0.172916,-0.045353,0.169358,0,49,183.1524832238689,269.60086822509766,67,0.9464562259503265,4058.404296875,20.474276980755914,2,1,19,0.0,0.067,0.15,0.1,0.1,0.05,0.6,33,121.54349631976508,265.4109001159668,70,0.908331298828125,4069.32421875,23.14889063378178,2,2,20,0.0,0.067,0.15,0.1,0.1,0.05,0.6
454,frozen_attentive_ppoclip_seed3,7,REMOVE_PARTITION,0.101922,-0.08037,0.161469,0,33,121.54349631976508,265.4109001159668,70,0.908331298828125,4069.32421875,23.14889063378178,2,2,20,0.0,0.067,0.15,0.1,0.1,0.05,0.6,37,131.70046930029278,295.71080207824707,73,0.8734178935011773,4080.6083984375,25.133141868485954,0,3,0,0.0,0.067,0.1,0.1,0.1,0.05,0.65
455,frozen_attentive_ppoclip_seed3,0,NOOP,0.163281,-0.045321,0.156981,0,37,131.70046930029278,295.71080207824707,73,0.8734178935011773,4080.6083984375,25.133141868485954,0,3,0,0.0,0.067,0.1,0.1,0.1,0.05,0.65,25,95.04815514795527,407.4869155883789,74,0.8626550210488809,4085.5341796875,25.654105578845613,0,4,1,0.0,0.067,0.15,0.1,0.1,0.05,0.6
456,frozen_attentive_ppoclip_seed3,2,COMPACT_64KB,0.208926,-0.094391,0.183841,0,25,95.04815514795527,407.4869155883789,74,0.8626550210488809,4085.5341796875,25.654105578845613,0,4,1,0.0,0.067,0.15,0.1,0.1,0.05,0.6,50,194.52981368418514,255.97882270812988,65,0.9773005558894231,4065.5703125,17.471733390891654,0,0,2,0.0,0.067,0.15,0.1,0.1,0.05,0.6
457,frozen_attentive_ppoclip_seed3,0,NOOP,0.184571,-0.044306,0.181247,0,50,194.52981368418514,255.97882270812988,65,0.9773005558894231,4065.5703125,17.471733390891654,0,0,2,0.0,0.067,0.15,0.1,0.1,0.05,0.6,46,181.66221058875593,248.69823455810547,66,0.9641043923117898,4072.376953125,18.645136255334066,0,1,3,0.0,0.067,0.15,0.1,0.1,0.05,0.6
458,frozen_attentive_ppoclip_seed3,0,NOOP,0.181806,-0.044256,0.178315,0,46,181.66221058875593,248.69823455810547,66,0.9641043923117898,4072.376953125,18.645136255334066,0,1,3,0.0,0.067,0.15,0.1,0.1,0.05,0.6,27,102.978621558853,258.2969665527344,67,0.950902682631763,4077.470703125,19.753562605707206,0,2,4,0.0,0.067,0.15,0.1,0.05,0.05,0.65
459,frozen_attentive_ppoclip_seed3,0,NOOP,0.179136,-0.044199,0.175904,0,27,102.978621558853,258.2969665527344,67,0.950902682631763,4077.470703125,19.753562605707206,0,2,4,0.0,0.067,0.15,0.1,0.05,0.05,0.65,31,121.67835722634554,246.58966064453125,68,0.9381783429314109,4082.9521484375,20.72378939215354,0,3,5,0.0,0.067,0.15,0.1,0.05,0.05,0.65
460,frozen_attentive_ppoclip_seed3,0,NOOP,0.17655,-0.052512,0.171794,0,31,121.67835722634554,246.58966064453125,68,0.9381783429314109,4082.9521484375,20.72378939215354,0,3,5,0.0,0.067,0.15,0.1,0.05,0.05,0.65,34,130.92194516028044,324.0792751312256,69,0.9258770044299139,4088.6728515625,21.585345094348554,0,4,6,0.0,0.0335,0.15,0.05,0.05,0.05,0.7
461,frozen_attentive_ppoclip_seed3,3,COMPACT_128KB,-0.13025,-0.055,0.192334,0,34,130.92194516028044,324.0792751312256,69,0.9258770044299139,4088.6728515625,21.585345094348554,0,4,6,0.0,0.0335,0.15,0.05,0.05,0.05,0.7,24,76.427112287082,173.31218719482422,42,1.492723374139695,4012.4404296875,11.117785798958167,0,0,7,0.0,0.0335,0.15,0.05,0.05,0.05,0.7
462,frozen_attentive_ppoclip_seed3,0,NOOP,0.194625,0.0,0.191953,0,24,76.427112287082,173.31218719482422,42,1.492723374139695,4012.4404296875,11.117785798958167,0,0,7,0.0,0.0335,0.15,0.05,0.05,0.05,0.7,48,212.16839709136894,187.34383583068848,43,1.4605539011400799,4019.4443359375,17.404960322447096,0,1,8,0.0,0.0335,0.15,0.1,0.05,0.05,0.65
463,frozen_attentive_ppoclip_seed3,0,NOOP,0.1945,0.0,0.191912,0,48,212.16839709136894,187.34383583068848,43,1.4605539011400799,4019.4443359375,17.404960322447096,0,1,8,0.0,0.0335,0.15,0.1,0.05,0.05,0.65,34,153.09453650702315,184.38029289245605,44,1.4293743480335583,4025.1181640625,21.70472481331856,0,2,9,0.0,0.0335,0.15,0.1,0.05,0.05,0.65
464,frozen_attentive_ppoclip_seed3,0,NOOP,0.194375,-0.008375,0.189819,0,34,153.09453650702315,184.38029289245605,44,1.4293743480335583,4025.1181640625,21.70472481331856,0,2,9,0.0,0.0335,0.15,0.1,0.05,0.05,0.65,39,167.17359280770083,284.055233001709,45,1.3997561984592013,4031.2978515625,24.941537408534636,0,3,10,0.0,0.0,0.2,0.05,0.05,0.05,0.65
465,frozen_attentive_ppoclip_seed3,0,NOOP,0.19425,0.0,0.191599,0,39,167.17359280770083,284.055233001709,45,1.3997561984592013,4031.2978515625,24.941537408534636,0,3,10,0.0,0.0,0.2,0.05,0.05,0.05,0.65,36,139.13366032374077,190.02795219421387,46,1.3713408760402515,4037.2275390625,27.575153962565263,0,4,11,0.0,0.0,0.15,0.05,0.05,0.05,0.7
466,frozen_attentive_ppoclip_seed3,2,COMPACT_64KB,0.216216,-0.05,0.191067,0,36,139.13366032374077,190.02795219421387,46,1.3713408760402515,4037.2275390625,27.575153962565263,0,4,11,0.0,0.0,0.15,0.05,0.05,0.05,0.7,44,197.1559198254809,231.66775703430176,43,1.4653462254723837,4032.6328125,15.895646368588404,0,0,12,0.0,0.0,0.15,0.05,0.0,0.05,0.75
467,frozen_attentive_ppoclip_seed3,0,NOOP,0.1945,0.0,0.190095,0,44,197.1559198254809,231.66775703430176,43,1.4653462254723837,4032.6328125,15.895646368588404,0,0,12,0.0,0.0,0.15,0.05,0.0,0.05,0.75,42,171.01575889368354,275.2695083618164,44,1.4343351884321733,4039.087890625,20.49668517044936,0,1,13,0.0,0.0,0.2,0.05,0.0,0.0,0.75
468,frozen_attentive_ppoclip_seed3,0,NOOP,0.194375,0.0,0.190985,0,42,171.01575889368354,275.2695083618164,44,1.4343351884321733,4039.087890625,20.49668517044936,0,1,13,0.0,0.0,0.2,0.05,0.0,0.0,0.75,38,158.41846670085837,225.73351860046387,45,1.4045691596137153,4045.1591796875,23.95572188916106,0,2,14,0.0,0.0,0.2,0.05,0.0,0.0,0.75
469,frozen_attentive_ppoclip_seed3,0,NOOP,0.19425,0.0,0.191542,0,38,158.41846670085837,225.73351860046387,45,1.4045691596137153,4045.1591796875,23.95572188916106,0,2,14,0.0,0.0,0.2,0.05,0.0,0.0,0.75,38,159.61499374092435,192.89231300354004,46,1.3761049353558084,4051.2529296875,26.716674823705077,0,3,15,0.0,0.0,0.15,0.05,0.0,0.0,0.8
470,frozen_attentive_ppoclip_seed3,0,NOOP,0.194125,0.0,0.190402,0,38,159.61499374092435,192.89231300354004,46,1.3761049353558084,4051.2529296875,26.716674823705077,0,3,15,0.0,0.0,0.15,0.05,0.0,0.0,0.8,48,215.5021049623162,244.88401412963867,47,1.3491496633976063,4058.2421875,28.950654530784753,0,4,16,0.0,0.0,0.15,0.05,0.0,0.05,0.75
471,frozen_attentive_ppoclip_seed3,2,COMPACT_64KB,0.216216,-0.05,0.186705,0,48,215.5021049623162,244.88401412963867,47,1.3491496633976063,4058.2421875,28.950654530784753,0,4,16,0.0,0.0,0.15,0.05,0.0,0.05,0.75,49,193.63463399237787,449.7356414794922,43,1.472050156704215,4051.08203125,13.997717803247328,0,0,17,0.0,0.0,0.15,0.05,0.05,0.05,0.7
472,frozen_attentive_ppoclip_seed3,0,NOOP,0.1945,0.0,0.190743,0,49,193.63463399237787,449.7356414794922,43,1.472050156704215,4051.08203125,13.997717803247328,0,0,17,0.0,0.0,0.15,0.05,0.05,0.05,0.7,43,131.24932012071542,242.83552169799805,44,1.4409210898659446,4057.6337890625,19.13164641991153,0,1,18,0.0,0.0,0.15,0.05,0.05,0.1,0.65
473,frozen_attentive_ppoclip_seed3,0,NOOP,0.194375,0.0,0.191792,0,43,131.24932012071542,242.83552169799805,44,1.4409210898659446,4057.6337890625,19.13164641991153,0,1,18,0.0,0.0,0.15,0.05,0.05,0.1,0.65,21,85.23077816290154,185.4074001312256,45,1.4104817708333333,4062.1875,22.988765773615512,0,2,19,0.0,0.0,0.15,0.05,0.05,0.1,0.65
474,frozen_attentive_ppoclip_seed3,0,NOOP,0.19425,0.0,0.189462,0,21,85.23077816290154,185.4074001312256,45,1.4104817708333333,4062.1875,22.988765773615512,0,2,19,0.0,0.0,0.15,0.05,0.05,0.1,0.65,22,88.29598272253965,296.9248294830322,46,1.381403052288553,4066.8505859375,26.001125882998053,0,3,20,0.0,0.0,0.15,0.1,0.05,0.1,0.6
475,frozen_attentive_ppoclip_seed3,5,PARTITION_REGION,0.012307,-0.1,0.191289,0,22,88.29598272253965,296.9248294830322,46,1.381403052288553,4066.8505859375,26.001125882998053,0,3,20,0.0,0.0,0.15,0.1,0.05,0.1,0.6,22,95.02519218787813,200.531005859375,47,1.353558804126496,4071.5048828125,28.47132927779846,2,4,0,0.0,0.0,0.1,0.1,0.05,0.1,0.65
476,frozen_attentive_ppoclip_seed3,2,COMPACT_64KB,0.215716,-0.133875,0.191584,0,22,95.02519218787813,200.531005859375,47,1.353558804126496,4071.5048828125,28.47132927779846,2,4,0,0.0,0.0,0.1,0.1,0.05,0.1,0.65,44,133.60121910167265,185.821533203125,47,1.355051243558843,4075.994140625,28.297931451624905,2,0,1,0.0,0.0,0.1,0.1,0.05,0.1,0.65
477,frozen_attentive_ppoclip_seed3,0,NOOP,0.19375,-0.083753,0.191007,0,44,133.60121910167265,185.821533203125,47,1.355051243558843,4075.994140625,28.297931451624905,2,0,1,0.0,0.0,0.1,0.1,0.05,0.1,0.65,50,161.3492962926204,199.6455192565918,50,1.2776318359375,4088.421875,33.82698964168325,2,1,2,0.0,0.0,0.1,0.1,0.05,0.1,0.65
478,frozen_attentive_ppoclip_seed3,0,NOOP,0.193375,-0.083684,0.190458,0,50,161.3492962926204,199.6455192565918,50,1.2776318359375,4088.421875,33.82698964168325,2,1,2,0.0,0.0,0.1,0.1,0.05,0.1,0.65,28,103.6851249045393,212.0969295501709,53,1.2083852516030364,4098.8427734375,37.575189298389326,2,2,3,0.0,0.0,0.1,0.1,0.05,0.1,0.65
479,frozen_attentive_ppoclip_seed3,0,NOOP,0.193,-0.083569,0.189334,0,28,103.6851249045393,212.0969295501709,53,1.2083852516030364,4098.8427734375,37.575189298389326,2,2,3,0.0,0.0,0.1,0.1,0.05,0.1,0.65,47,142.99984113731176,253.31759452819824,56,1.1470696585518974,4111.09765625,40.14839551440209,2,3,4,0.0,0.0,0.1,0.1,0.05,0.1,0.65
480,frozen_attentive_ppoclip_seed3,0,NOOP,0.192625,-0.083467,0.189781,0,47,142.99984113731176,253.31759452819824,56,1.1470696585518974,4111.09765625,40.14839551440209,2,3,4,0.0,0.0,0.1,0.1,0.05,0.1,0.65,42,141.88251895141414,215.95287322998047,59,1.0918558411679025,4122.84765625,42.01947340709391,2,4,5,0.0,0.0,0.1,0.1,0.05,0.1,0.65
481,frozen_attentive_ppoclip_seed3,1,COMPACT_32KB,0.561682,0.313117,0.393792,0,42,141.88251895141414,215.95287322998047,59,1.0918558411679025,4122.84765625,42.01947340709391,2,4,5,0.0,0.0,0.1,0.1,0.05,0.1,0.65,24,77.44533842950982,100.39448738098145,52,1.2339814993051381,4106.6904296875,23.185361502653052,2,0,6,0.67,0.0335,0.1,0.15,0.05,0.1,0.6
482,frozen_attentive_ppoclip_seed3,0,NOOP,0.193125,0.358121,0.392984,0,24,77.44533842950982,100.39448738098145,52,1.2339814993051381,4106.6904296875,23.185361502653052,2,0,6,0.67,0.0335,0.1,0.15,0.05,0.1,0.6,34,145.49350919649524,125.81110000610352,55,1.1697978626598011,4117.6884765625,28.383020292336838,2,1,7,0.67,0.067,0.1,0.15,0.05,0.1,0.6
483,frozen_attentive_ppoclip_seed3,0,NOOP,0.19275,-0.018759,0.189572,0,34,145.49350919649524,125.81110000610352,55,1.1697978626598011,4117.6884765625,28.383020292336838,2,1,7,0.67,0.067,0.1,0.15,0.05,0.1,0.6,27,78.89923898874612,231.37807846069336,58,1.1120760687466325,4128.0263671875,31.902877907342152,2,2,8,0.0,0.067,0.1,0.15,0.05,0.1,0.6
484,frozen_attentive_ppoclip_seed3,0,NOOP,0.192375,-0.018761,0.187098,0,27,78.89923898874612,231.37807846069336,58,1.1120760687466325,4128.0263671875,31.902877907342152,2,2,8,0.0,0.067,0.1,0.15,0.05,0.1,0.6,47,191.99245790930988,340.1193618774414,61,1.0604963458952357,4140.177734375,34.36739195377194,2,3,9,0.0,0.067,0.1,0.15,0.05,0.1,0.6
485,frozen_attentive_ppoclip_seed3,0,NOOP,0.192,-0.018761,0.188364,0,47,191.99245790930988,340.1193618774414,61,1.0604963458952357,4140.177734375,34.36739195377194,2,3,9,0.0,0.067,0.1,0.15,0.05,0.1,0.6,40,142.59452917298447,261.7976665496826,64,1.0136075019836426,4151.736328125,36.20632625799602,2,4,10,0.0,0.067,0.1,0.15,0.05,0.1,0.6
486,frozen_attentive_ppoclip_seed3,2,COMPACT_64KB,0.215466,-0.06876,0.183051,0,40,142.59452917298447,261.7976665496826,64,1.0136075019836426,4151.736328125,36.20632625799602,2,4,10,0.0,0.067,0.1,0.15,0.05,0.1,0.6,39,140.66034698622786,602.4599075317383,49,1.3119391616509886,4114.2412109375,13.211548098428269,2,0,11,0.0,0.067,0.1,0.15,0.1,0.1,0.55
487,frozen_attentive_ppoclip_seed3,0,NOOP,0.1935,-0.018768,0.190589,0,39,140.66034698622786,602.4599075317383,49,1.3119391616509886,4114.2412109375,13.211548098428269,2,0,11,0.0,0.067,0.1,0.15,0.1,0.1,0.55,33,111.95205245112432,210.52789688110352,52,1.239517798790565,4125.115234375,22.848785118037956,2,1,12,0.0,0.067,0.05,0.15,0.1,0.1,0.6
488,frozen_attentive_ppoclip_seed3,0,NOOP,0.193125,-0.018774,0.190292,0,33,111.95205245112432,210.52789688110352,52,1.239517798790565,4125.115234375,22.848785118037956,2,1,12,0.0,0.067,0.05,0.15,0.1,0.1,0.6,24,83.78979156452709,210.38389205932617,55,1.1747641823508523,4135.169921875,28.21846958462025,2,2,13,0.0,0.067,0.05,0.15,0.1,0.1,0.6
489,frozen_attentive_ppoclip_seed3,0,NOOP,0.19275,0.358084,0.391074,0,24,83.78979156452709,210.38389205932617,55,1.1747641823508523,4135.169921875,28.21846958462025,2,2,13,0.0,0.067,0.05,0.15,0.1,0.1,0.6,32,109.29025922472793,206.2845230102539,58,1.1169157357051456,4145.9912109375,31.782270285645605,2,3,14,0.67,0.1005,0.05,0.2,0.1,0.1,0.55
490,frozen_attentive_ppoclip_seed3,0,NOOP,0.192375,-0.018783,0.189196,0,32,109.29025922472793,206.2845230102539,58,1.1169157357051456,4145.9912109375,31.782270285645605,2,3,14,0.67,0.1005,0.05,0.2,0.1,0.1,0.55,36,125.13897853338837,235.1846694946289,61,1.0648541059650358,4157.1904296875,34.31943279383558,2,4,15,0.0,0.1005,0.05,0.2,0.1,0.05,0.6
491,frozen_attentive_ppoclip_seed3,2,COMPACT_64KB,0.215341,-0.068782,0.190843,0,36,125.13897853338837,235.1846694946289,61,1.0648541059650358,4157.1904296875,34.31943279383558,2,4,15,0.0,0.1005,0.05,0.2,0.1,0.05,0.6,40,133.40322129207908,207.8404426574707,50,1.2909918212890625,4131.173828125,16.610243361275568,2,0,16,0.0,0.1005,0.05,0.2,0.05,0.05,0.65
492,frozen_attentive_ppoclip_seed3,0,NOOP,0.193375,-0.018792,0.190078,0,40,133.40322129207908,207.8404426574707,50,1.2909918212890625,4131.173828125,16.610243361275568,2,0,16,0.0,0.1005,0.05,0.2,0.05,0.05,0.65,35,129.82509946876297,231.0771942138672,53,1.2211821933962264,4142.25,24.476476787287623,2,1,17,0.0,0.1005,0.05,0.2,0.05,0.0,0.7
493,frozen_attentive_ppoclip_seed3,0,NOOP,0.193,-0.018796,0.189982,0,35,129.82509946876297,231.0771942138672,53,1.2211821933962264,4142.25,24.476476787287623,2,1,17,0.0,0.1005,0.05,0.2,0.05,0.0,0.7,34,140.91465556000216,220.88384628295898,56,1.1588260105678014,4153.232421875,29.204786975790466,2,2,18,0.0,0.1005,0.05,0.2,0.05,0.0,0.7
494,frozen_attentive_ppoclip_seed3,0,NOOP,0.192625,0.358092,0.391913,0,34,140.91465556000216,220.88384628295898,56,1.1588260105678014,4153.232421875,29.204786975790466,2,2,18,0.0,0.1005,0.05,0.2,0.05,0.0,0.7,36,121.32229986573752,159.35564041137695,59,1.1028827731892215,4164.4853515625,32.437995371753004,2,3,19,0.67,0.134,0.05,0.2,0.05,0.0,0.7
495,frozen_attentive_ppoclip_seed3,0,NOOP,0.19225,-0.018774,0.187982,0,36,121.32229986573752,159.35564041137695,59,1.1028827731892215,4164.4853515625,32.437995371753004,2,3,19,0.67,0.134,0.05,0.2,0.05,0.0,0.7,35,133.26165557821963,290.9097671508789,62,1.0523132816437752,4175.5791015625,34.78294985335133,2,4,20,0.0,0.134,0.05,0.2,0.05,0.0,0.7
496,frozen_attentive_ppoclip_seed3,2,COMPACT_64KB,0.215216,-0.068761,0.184441,0,35,133.26165557821963,290.9097671508789,62,1.0523132816437752,4175.5791015625,34.78294985335133,2,4,20,0.0,0.134,0.05,0.2,0.05,0.0,0.7,43,135.35262513668093,522.953987121582,51,1.2714353075214462,4149.96484375,18.80561181713363,2,0,21,0.0,0.134,0.05,0.2,0.1,0.0,0.65
497,frozen_attentive_ppoclip_seed3,7,REMOVE_PARTITION,0.129614,-0.053755,0.182305,0,43,135.35262513668093,522.953987121582,51,1.2714353075214462,4149.96484375,18.80561181713363,2,0,21,0.0,0.134,0.05,0.2,0.1,0.0,0.65,37,120.73085190385984,614.7382259368896,54,1.204071327492043,4161.2705078125,25.604328889060554,0,1,0,0.0,0.134,0.05,0.2,0.15,0.0,0.6
498,frozen_attentive_ppoclip_seed3,0,NOOP,0.193125,-0.036018,0.192003,0,37,120.73085190385984,614.7382259368896,54,1.204071327492043,4161.2705078125,25.604328889060554,0,1,0,0.0,0.134,0.05,0.2,0.15,0.0,0.6,31,106.18655904011577,124.87483024597168,55,1.1837446732954546,4166.78125,27.138917464183688,0,2,1,0.0,0.134,0.05,0.25,0.15,0.0,0.55
499,frozen_attentive_ppoclip_seed3,0,NOOP,0.193,-0.035926,0.188406,0,31,106.18655904011577,124.87483024597168,55,1.1837446732954546,4166.78125,27.138917464183688,0,2,1,0.0,0.134,0.05,0.25,0.15,0.0,0.55,41,156.95211114376514,299.6792793273926,56,1.1643851143973214,4173.15625,28.44464734079682,0,3,2,0.0,0.134,0.05,0.25,0.15,0.0,0.55
500,frozen_attentive_ppoclip_seed3,0,NOOP,0.192875,-0.035863,0.183445,1,41,156.95211114376514,299.6792793273926,56,1.1643851143973214,4173.15625,28.44464734079682,0,3,2,0.0,0.134,0.05,0.25,0.15,0.0,0.55,28,81.68689377620086,542.7451133728027,57,1.1453795851322643,4178.3447265625,29.647634625159057,0,4,3,0.0,0.134,0.05,0.25,0.2,0.0,0.5
