step,policy_name,action,action_name,compact_reward,partition_reward,global_reward,done,rows_ingested,ingestion_rate_rows_per_sec,latency_ms,file_count,block_utilization,total_size_kb,file_size_skew_kb,partition_strategy,steps_since_compact,steps_since_partition_change,partition_pruning_ratio,avg_pruning_ratio,query_hist_time_range,query_hist_region_filter,query_hist_sensor_lookup,query_hist_type_filter,query_hist_full_scan,next_rows_ingested,next_ingestion_rate_rows_per_sec,next_latency_ms,next_file_count,next_block_utilization,next_total_size_kb,next_file_size_skew_kb,next_partition_strategy,next_steps_since_compact,next_steps_since_partition_change,next_partition_pruning_ratio,next_avg_pruning_ratio,next_query_hist_time_range,next_query_hist_region_filter,next_query_hist_sensor_lookup,next_query_hist_type_filter,next_query_hist_full_scan
1,frozen_ddqn_seed4,0,NOOP,0.018628,0.0,0.017691,0,0,0.0,0.0,0,0.0,0.0,0.0,0,0,0,0.0,0.0,0.0,0.0,0.0,0.0,0.0,37,249.27717140759802,48.08831214904785,1,0.0937652587890625,6.0009765625,0.0,0,1,1,0.0,0.0,0.0,0.0,0.0,0.0,1.0
2,frozen_ddqn_seed4,0,NOOP,0.018193,0.0,0.017297,0,37,249.27717140759802,48.08831214904785,1,0.0937652587890625,6.0009765625,0.0,0,1,1,0.0,0.0,0.0,0.0,0.0,0.0,1.0,35,158.8153379463146,47.299861907958984,2,0.09221649169921875,11.8037109375,0.14017839509850502,0,2,2,0.0,0.0,0.0,0.0,0.0,0.0,1.0
3,frozen_ddqn_seed4,0,NOOP,0.017828,0.0,0.016371,0,35,158.8153379463146,47.299861907958984,2,0.09221649169921875,11.8037109375,0.14017839509850502,0,2,2,0.0,0.0,0.0,0.0,0.0,0.0,1.0,33,200.70680937265723,76.60031318664551,3,0.09101359049479167,17.474609375,0.16614865227901823,0,3,3,0.0,0.0,0.3333333333333333,0.0,0.0,0.0,0.6666666666666666
4,frozen_ddqn_seed4,0,NOOP,0.018702,0.0,0.017272,0,33,200.70680937265723,76.60031318664551,3,0.09101359049479167,17.474609375,0.16614865227901823,0,3,3,0.0,0.0,0.3333333333333333,0.0,0.0,0.0,0.6666666666666666,50,293.70601556515055,76.45988464355469,4,0.09600830078125,24.578125,0.6535574763384853,0,4,4,0.0,0.0,0.5,0.0,0.0,0.0,0.5
5,frozen_ddqn_seed4,0,NOOP,0.018928,0.0,0.017104,0,50,293.70601556515055,76.45988464355469,4,0.09600830078125,24.578125,0.6535574763384853,0,4,4,0.0,0.0,0.5,0.0,0.0,0.0,0.5,45,278.8926666873534,97.47052192687988,5,0.09776611328125,31.28515625,0.6193821769783558,0,5,5,0.0,0.0,0.6,0.0,0.0,0.0,0.4
6,frozen_ddqn_seed4,0,NOOP,0.018436,0.0,0.016446,0,45,278.8926666873534,97.47052192687988,5,0.09776611328125,31.28515625,0.6193821769783558,0,5,5,0.0,0.0,0.6,0.0,0.0,0.0,0.4,32,191.92797502691928,107.01751708984375,6,0.0959320068359375,36.837890625,0.62416325824997,0,6,6,0.0,0.0,0.6666666666666666,0.0,0.0,0.0,0.3333333333333333
7,frozen_ddqn_seed4,0,NOOP,0.017983,0.0,0.016023,0,32,191.92797502691928,107.01751708984375,6,0.0959320068359375,36.837890625,0.62416325824997,0,6,6,0.0,0.0,0.6666666666666666,0.0,0.0,0.0,0.3333333333333333,30,179.35336551824406,106.77695274353027,7,0.09429059709821429,42.2421875,0.6339547748638025,0,7,7,0.0,0.0,0.7142857142857143,0.0,0.0,0.0,0.2857142857142857
8,frozen_ddqn_seed4,0,NOOP,0.01765,0.0,0.015785,0,30,179.35336551824406,106.77695274353027,7,0.09429059709821429,42.2421875,0.6339547748638025,0,7,7,0.0,0.0,0.7142857142857143,0.0,0.0,0.0,0.2857142857142857,31,191.18870601797732,103.23262214660645,8,0.09324836730957031,47.7431640625,0.6165051266480602,0,8,8,0.0,0.0,0.75,0.0,0.0,0.0,0.25
9,frozen_ddqn_seed4,0,NOOP,0.017902,0.0,0.01657,0,31,191.18870601797732,103.23262214660645,8,0.09324836730957031,47.7431640625,0.6165051266480602,0,8,8,0.0,0.0,0.75,0.0,0.0,0.0,0.25,49,297.3233435131511,77.87084579467773,9,0.0951351589626736,54.7978515625,0.6810315364170969,0,9,9,0.0,0.0,0.6666666666666666,0.1111111111111111,0.0,0.0,0.2222222222222222
10,frozen_ddqn_seed4,0,NOOP,0.018083,0.0,0.016178,0,49,297.3233435131511,77.87084579467773,9,0.0951351589626736,54.7978515625,0.6810315364170969,0,9,9,0.0,0.0,0.6666666666666666,0.1111111111111111,0.0,0.0,0.2222222222222222,49,308.8213180746535,107.74421691894531,10,0.0966644287109375,61.865234375,0.7127846370508042,0,10,10,0.0,0.0,0.7,0.1,0.0,0.0,0.2
11,frozen_ddqn_seed4,0,NOOP,0.018085,0.0,0.015869,0,49,308.8213180746535,107.74421691894531,10,0.0966644287109375,61.865234375,0.7127846370508042,0,10,10,0.0,0.0,0.7,0.1,0.0,0.0,0.2,44,275.3962720276725,124.55320358276367,11,0.09729974920099432,68.4990234375,0.6895228741397623,0,11,11,0.0,0.0,0.6363636363636364,0.09090909090909091,0.09090909090909091,0.0,0.18181818181818182
12,frozen_ddqn_seed4,0,NOOP,0.018067,0.0,0.016082,0,44,275.3962720276725,124.55320358276367,11,0.09729974920099432,68.4990234375,0.6895228741397623,0,11,11,0.0,0.0,0.6363636363636364,0.09090909090909091,0.09090909090909091,0.0,0.18181818181818182,44,259.20365849890305,114.29309844970703,12,0.09783681233723958,75.138671875,0.6681295225414962,0,12,12,0.0,0.0,0.6666666666666666,0.08333333333333333,0.08333333333333333,0.0,0.16666666666666666
13,frozen_ddqn_seed4,0,NOOP,0.01799,0.0,0.016297,0,44,259.20365849890305,114.29309844970703,12,0.09783681233723958,75.138671875,0.6681295225414962,0,12,12,0.0,0.0,0.6666666666666666,0.08333333333333333,0.08333333333333333,0.0,0.16666666666666666,42,257.12358546884417,100.88920593261719,13,0.09807410606971154,81.59765625,0.6420246172586157,0,13,13,0.0,0.0,0.6153846153846154,0.07692307692307693,0.07692307692307693,0.07692307692307693,0.15384615384615385
14,frozen_ddqn_seed4,0,NOOP,0.017734,0.0,0.01478,0,42,257.12358546884417,100.88920593261719,13,0.09807410606971154,81.59765625,0.6420246172586157,0,13,13,0.0,0.0,0.6153846153846154,0.07692307692307693,0.07692307692307693,0.07692307692307693,0.15384615384615385,33,196.2478406106974,165.1597023010254,14,0.09741755894252233,87.2861328125,0.6365584204597368,0,14,14,0.0,0.0,0.5714285714285714,0.14285714285714285,0.07142857142857142,0.07142857142857142,0.14285714285714285
15,frozen_ddqn_seed4,0,NOOP,0.017452,0.0,0.015148,0,33,196.2478406106974,165.1597023010254,14,0.09741755894252233,87.2861328125,0.6365584204597368,0,14,14,0.0,0.0,0.5714285714285714,0.14285714285714285,0.07142857142857142,0.07142857142857142,0.14285714285714285,31,178.54204662952745,133.94713401794434,15,0.09663492838541667,92.76953125,0.6433474512666487,0,15,15,0.0,0.0,0.6,0.13333333333333333,0.06666666666666667,0.06666666666666667,0.13333333333333333
16,frozen_ddqn_seed4,0,NOOP,0.017203,0.0,0.015045,0,31,178.54204662952745,133.94713401794434,15,0.09663492838541667,92.76953125,0.6433474512666487,0,15,15,0.0,0.0,0.6,0.13333333333333333,0.06666666666666667,0.06666666666666667,0.13333333333333333,32,198.64537603694137,127.9139518737793,16,0.09601688385009766,98.3212890625,0.6413550179480865,0,16,16,0.0,0.0,0.625,0.125,0.0625,0.0625,0.125
17,frozen_ddqn_seed4,0,NOOP,0.017021,0.0,0.014846,0,32,198.64537603694137,127.9139518737793,16,0.09601688385009766,98.3212890625,0.6413550179480865,0,16,16,0.0,0.0,0.625,0.125,0.0625,0.0625,0.125,35,187.4518156442415,130.03206253051758,17,0.09573094985064338,104.1552734375,0.6255563391598418,0,17,17,0.0,0.0,0.5882352941176471,0.11764705882352941,0.058823529411764705,0.058823529411764705,0.17647058823529413
18,frozen_ddqn_seed4,3,COMPACT_128KB,-0.12774,-0.055,0.195861,0,35,187.4518156442415,130.03206253051758,17,0.09573094985064338,104.1552734375,0.6255563391598418,0,17,17,0.0,0.0,0.5882352941176471,0.11764705882352941,0.058823529411764705,0.058823529411764705,0.17647058823529413,49,257.6428092370913,71.17915153503418,1,0.9869232177734375,63.1630859375,0.0,0,0,18,0.0,0.0,0.6111111111111112,0.1111111111111111,0.05555555555555555,0.05555555555555555,0.16666666666666666
19,frozen_ddqn_seed4,0,NOOP,0.109673,0.0,0.108231,0,49,257.6428092370913,71.17915153503418,1,0.9869232177734375,63.1630859375,0.0,0,0,18,0.0,0.0,0.6111111111111112,0.1111111111111111,0.05555555555555555,0.05555555555555555,0.16666666666666666,50,288.0960525321629,74.5854377746582,2,0.5496139526367188,70.3505859375,39.5807163972966,0,1,19,0.0,0.0,0.631578947368421,0.10526315789473684,0.05263157894736842,0.05263157894736842,0.15789473684210525
20,frozen_ddqn_seed4,0,NOOP,0.080017,0.0,0.078545,0,50,288.0960525321629,74.5854377746582,2,0.5496139526367188,70.3505859375,39.5807163972966,0,1,19,0.0,0.0,0.631578947368421,0.10526315789473684,0.05263157894736842,0.05263157894736842,0.15789473684210525,46,268.51951428273196,77.37016677856445,3,0.4019622802734375,77.1767578125,32.422329407230734,0,2,20,0.0,0.0,0.6,0.1,0.1,0.05,0.15
21,frozen_ddqn_seed4,4,PARTITION_HOUR,-0.11775,-0.1,0.062425,0,46,268.51951428273196,77.37016677856445,3,0.4019622802734375,77.1767578125,32.422329407230734,0,2,20,0.0,0.0,0.6,0.1,0.1,0.05,0.15,31,181.96317448944035,87.16535568237305,4,0.3228416442871094,82.6474609375,28.343782955544466,1,3,0,0.0,0.0,0.65,0.1,0.1,0.05,0.1
22,frozen_ddqn_seed4,0,NOOP,0.055049,-0.020866,0.066011,0,31,181.96317448944035,87.16535568237305,4,0.3228416442871094,82.6474609375,28.343782955544466,1,3,0,0.0,0.0,0.65,0.1,0.1,0.05,0.1,41,178.77437081500625,109.25889015197754,5,0.278369140625,89.078125,25.358094201499746,1,4,1,0.04340621403912544,0.0021703107019562717,0.7,0.1,0.1,0.05,0.05
23,frozen_ddqn_seed4,0,NOOP,0.048459,-0.042102,0.047212,0,41,178.77437081500625,109.25889015197754,5,0.278369140625,89.078125,25.358094201499746,1,4,1,0.04340621403912544,0.0021703107019562717,0.7,0.1,0.1,0.05,0.05,30,168.67287314258138,69.84210014343262,6,0.2460454305013021,94.4814453125,23.240135638623048,1,5,2,0.0,0.0021703107019562717,0.65,0.15,0.1,0.05,0.05
24,frozen_ddqn_seed4,0,NOOP,0.044213,-0.037898,0.042826,0,30,168.67287314258138,69.84210014343262,6,0.2460454305013021,94.4814453125,23.240135638623048,1,5,2,0.0,0.0021703107019562717,0.65,0.15,0.1,0.05,0.05,43,235.63166978263965,78.07493209838867,7,0.22543770926339285,100.99609375,21.500301386430632,1,6,3,0.0,0.0021703107019562717,0.6,0.2,0.1,0.05,0.05
25,frozen_ddqn_seed4,0,NOOP,0.040551,0.041481,0.079488,0,43,235.63166978263965,78.07493209838867,7,0.22543770926339285,100.99609375,21.500301386430632,1,6,3,0.0,0.0021703107019562717,0.6,0.2,0.1,0.05,0.05,30,169.90044625677655,107.58733749389648,8,0.20775604248046875,106.37109375,20.161101792096545,1,7,4,0.1362962962962963,0.008985125516771086,0.6,0.2,0.1,0.05,0.05
26,frozen_ddqn_seed4,0,NOOP,0.037865,0.060268,0.085039,0,30,169.90044625677655,107.58733749389648,8,0.20775604248046875,106.37109375,20.161101792096545,1,7,4,0.1362962962962963,0.008985125516771086,0.6,0.2,0.1,0.05,0.05,36,194.68422579484752,116.79911613464355,9,0.19494798448350695,112.2900390625,19.018640249003,1,8,5,0.16428571428571428,0.0171994112310568,0.6,0.2,0.1,0.05,0.05
27,frozen_ddqn_seed4,0,NOOP,0.035572,-0.029615,0.034102,0,36,194.68422579484752,116.79911613464355,9,0.19494798448350695,112.2900390625,19.018640249003,1,8,5,0.16428571428571428,0.0171994112310568,0.6,0.2,0.1,0.05,0.05,32,177.18465165768538,85.96038818359375,10,0.18410797119140626,117.8291015625,18.064657901807543,1,9,6,0.0,0.0171994112310568,0.55,0.25,0.1,0.05,0.05
28,frozen_ddqn_seed4,0,NOOP,0.034037,-0.026243,0.032594,0,32,177.18465165768538,85.96038818359375,10,0.18410797119140626,117.8291015625,18.064657901807543,1,9,6,0.0,0.0171994112310568,0.55,0.25,0.1,0.05,0.05,46,258.41973621999256,85.88647842407227,11,0.1770602139559659,124.650390625,17.202809359521346,1,10,7,0.0,0.0171994112310568,0.5,0.25,0.1,0.1,0.05
29,frozen_ddqn_seed4,0,NOOP,0.032647,0.114229,0.103985,0,46,258.41973621999256,85.88647842407227,11,0.1770602139559659,124.650390625,17.202809359521346,1,10,7,0.0,0.0171994112310568,0.5,0.25,0.1,0.1,0.05,42,240.54472984579587,118.31068992614746,12,0.17073694864908853,131.1259765625,16.46203499259687,1,11,8,0.2446808510638298,0.029433453784248286,0.55,0.2,0.1,0.1,0.05
30,frozen_ddqn_seed4,0,NOOP,0.031188,0.125972,0.107699,0,42,240.54472984579587,118.31068992614746,12,0.17073694864908853,131.1259765625,16.46203499259687,1,11,8,0.2446808510638298,0.029433453784248286,0.55,0.2,0.1,0.1,0.05,30,171.0039058146899,123.32463264465332,13,0.16406367375300482,136.5009765625,15.836244868204773,1,12,9,0.2621761658031088,0.04254226207440374,0.55,0.2,0.1,0.1,0.05
31,frozen_ddqn_seed4,0,NOOP,0.030075,0.14,0.112854,0,30,171.0039058146899,123.32463264465332,13,0.16406367375300482,136.5009765625,15.836244868204773,1,12,9,0.2621761658031088,0.04254226207440374,0.55,0.2,0.1,0.1,0.05,38,212.20723895749427,124.68647956848145,14,0.15912410191127233,142.5751953125,15.260882284824122,1,13,10,0.2830769230769231,0.056696108228249886,0.6,0.2,0.05,0.1,0.05
32,frozen_ddqn_seed4,0,NOOP,0.029175,0.154503,0.118195,0,38,212.20723895749427,124.68647956848145,14,0.15912410191127233,142.5751953125,15.260882284824122,1,13,10,0.2830769230769231,0.056696108228249886,0.6,0.2,0.05,0.1,0.05,42,153.4080526684751,138.03863525390625,15,0.15525004069010417,149.0400390625,14.737072902037196,1,14,11,0.30468497576736675,0.07193035701661823,0.6,0.2,0.05,0.1,0.05
33,frozen_ddqn_seed4,0,NOOP,0.028495,0.136123,0.105871,0,42,153.4080526684751,138.03863525390625,15,0.15525004069010417,149.0400390625,14.737072902037196,1,14,11,0.30468497576736675,0.07193035701661823,0.6,0.2,0.05,0.1,0.05,49,269.85376332226457,163.44261169433594,16,0.15247726440429688,156.13671875,14.255049030759748,1,15,12,0.2674825174825175,0.0853044828907441,0.6,0.2,0.1,0.05,0.05
34,frozen_ddqn_seed4,0,NOOP,0.027615,0.180159,0.12819,0,49,269.85376332226457,163.44261169433594,16,0.15247726440429688,156.13671875,14.255049030759748,1,15,12,0.2674825174825175,0.0853044828907441,0.6,0.2,0.1,0.05,0.05,33,184.80736708444988,136.11364364624023,17,0.1486986945657169,161.7841796875,13.83835967839584,1,16,13,0.34290909090909094,0.10244993743619865,0.65,0.15,0.1,0.05,0.05
35,frozen_ddqn_seed4,3,COMPACT_128KB,-0.131744,0.366875,0.416807,0,33,184.80736708444988,136.11364364624023,17,0.1486986945657169,161.7841796875,13.83835967839584,1,16,13,0.34290909090909094,0.10244993743619865,0.65,0.15,0.1,0.05,0.05,38,210.32375518110956,74.93877410888672,2,0.967529296875,123.84375,17.593424385811385,1,0,14,0.75,0.13994993743619866,0.6,0.15,0.15,0.05,0.05
36,frozen_ddqn_seed4,0,NOOP,0.135277,0.0,0.134166,0,38,210.32375518110956,74.93877410888672,2,0.967529296875,123.84375,17.593424385811385,1,0,14,0.75,0.13994993743619866,0.6,0.15,0.15,0.05,0.05,41,247.6143949615043,59.266090393066406,3,0.6782582600911459,130.2255859375,34.3947128276664,1,1,15,0.0,0.13994993743619866,0.55,0.2,0.15,0.05,0.05
37,frozen_ddqn_seed4,0,NOOP,0.106355,0.5175,0.380899,0,41,247.6143949615043,59.266090393066406,3,0.6782582600911459,130.2255859375,34.3947128276664,1,1,15,0.0,0.13994993743619866,0.55,0.2,0.15,0.05,0.05,43,246.9649863204279,77.80337333679199,4,0.5342750549316406,136.7744140625,33.59052784570585,1,2,16,0.92,0.18594993743619864,0.6,0.2,0.15,0.05,0.0
38,frozen_ddqn_seed4,0,NOOP,0.088295,0.5175,0.362453,0,43,246.9649863204279,77.80337333679199,4,0.5342750549316406,136.7744140625,33.59052784570585,1,2,16,0.92,0.18594993743619864,0.6,0.2,0.15,0.05,0.0,31,183.59263333130946,98.3426570892334,5,0.4446014404296875,142.2724609375,31.795120142844542,1,3,17,0.92,0.23194993743619863,0.6,0.2,0.15,0.05,0.0
39,frozen_ddqn_seed4,0,NOOP,0.076748,0.0,0.075471,0,31,183.59263333130946,98.3426570892334,5,0.4446014404296875,142.2724609375,31.795120142844542,1,3,17,0.92,0.23194993743619863,0.6,0.2,0.15,0.05,0.0,43,258.2126375317656,71.37250900268555,6,0.3874918619791667,148.796875,29.8144000948049,1,4,18,0.0,0.23194993743619863,0.55,0.2,0.15,0.1,0.0
40,frozen_ddqn_seed4,0,NOOP,0.068354,0.5175,0.342149,0,43,258.2126375317656,71.37250900268555,6,0.3874918619791667,148.796875,29.8144000948049,1,4,18,0.0,0.23194993743619863,0.55,0.2,0.15,0.1,0.0,40,215.5861498251124,119.0028190612793,7,0.34614345005580355,155.072265625,28.102828612612925,1,5,19,0.92,0.2779499374361986,0.6,0.2,0.1,0.1,0.0
41,frozen_ddqn_seed4,0,NOOP,0.062062,0.5175,0.336192,0,40,215.5861498251124,119.0028190612793,7,0.34614345005580355,155.072265625,28.102828612612925,1,5,19,0.92,0.2779499374361986,0.6,0.2,0.1,0.1,0.0,41,232.51719745911902,103.49273681640625,8,0.3153114318847656,161.439453125,26.61004574722869,1,6,20,0.92,0.3239499374361986,0.6,0.2,0.1,0.1,0.0
42,frozen_ddqn_seed4,0,NOOP,0.057241,0.516957,0.331178,0,41,232.51719745911902,103.49273681640625,8,0.3153114318847656,161.439453125,26.61004574722869,1,6,20,0.92,0.3239499374361986,0.6,0.2,0.1,0.1,0.0,45,261.6334513899959,114.35532569885254,9,0.2918277316623264,168.0927734375,25.29649443114662,1,7,21,0.92,0.36777962673424236,0.6,0.2,0.1,0.1,0.0
43,frozen_ddqn_seed4,0,NOOP,0.05313,0.421875,0.275813,0,45,261.6334513899959,114.35532569885254,9,0.2918277316623264,168.0927734375,25.29649443114662,1,7,21,0.92,0.36777962673424236,0.6,0.2,0.1,0.1,0.0,36,210.89268415318864,128.35025787353516,10,0.2718994140625,174.015625,24.18838550086862,1,8,22,0.75,0.40527962673424234,0.6,0.15,0.15,0.1,0.0
44,frozen_ddqn_seed4,0,NOOP,0.049815,0.5175,0.322971,0,36,210.89268415318864,128.35025787353516,10,0.2718994140625,174.015625,24.18838550086862,1,8,22,0.75,0.40527962673424234,0.6,0.15,0.15,0.1,0.0,39,224.69331391954725,155.93409538269043,11,0.2559481534090909,180.1875,23.195567784737957,1,9,23,0.92,0.45127962673424243,0.65,0.1,0.15,0.1,0.0
45,frozen_ddqn_seed4,0,NOOP,0.046942,-0.001704,0.045564,0,39,224.69331391954725,155.93409538269043,11,0.2559481534090909,180.1875,23.195567784737957,1,9,23,0.92,0.45127962673424243,0.65,0.1,0.15,0.1,0.0,35,197.65060695167006,83.91928672790527,12,0.24221038818359375,186.017578125,22.32483862712066,1,10,24,0.0,0.44446481191942755,0.6,0.1,0.15,0.1,0.05
46,frozen_ddqn_seed4,0,NOOP,0.044467,0.515446,0.318246,0,35,197.65060695167006,83.91928672790527,12,0.24221038818359375,186.017578125,22.32483862712066,1,10,24,0.0,0.44446481191942755,0.6,0.1,0.15,0.1,0.05,34,196.00224856544,127.27999687194824,13,0.23045818622295672,191.7412109375,21.545754238741416,1,11,25,0.92,0.48225052620514186,0.6,0.1,0.15,0.1,0.05
47,frozen_ddqn_seed4,0,NOOP,0.042502,0.5175,0.315556,0,34,196.00224856544,127.27999687194824,13,0.23045818622295672,191.7412109375,21.545754238741416,1,11,25,0.92,0.48225052620514186,0.6,0.1,0.15,0.1,0.05,43,254.2174410671899,164.8249626159668,14,0.22126225062779017,198.2509765625,20.817291852299626,1,12,26,0.92,0.5282505262051418,0.65,0.05,0.15,0.1,0.05
48,frozen_ddqn_seed4,0,NOOP,0.040752,0.0,0.03907,0,43,254.2174410671899,164.8249626159668,14,0.22126225062779017,198.2509765625,20.817291852299626,1,12,26,0.92,0.5282505262051418,0.65,0.05,0.15,0.1,0.05,41,231.3675330738462,102.8439998626709,15,0.21313374837239582,204.6083984375,20.160974119934227,1,13,27,0.0,0.5282505262051419,0.65,0.1,0.15,0.05,0.05
49,frozen_ddqn_seed4,0,NOOP,0.039166,0.418816,0.261068,0,41,231.3675330738462,102.8439998626709,15,0.21313374837239582,204.6083984375,20.160974119934227,1,13,27,0.0,0.5282505262051419,0.65,0.1,0.15,0.05,0.05,39,226.30009573402543,174.9098300933838,16,0.20582866668701172,210.7685546875,19.566923528905896,1,14,28,0.75,0.5535164836519504,0.6,0.1,0.2,0.05,0.05
50,frozen_ddqn_seed4,0,NOOP,0.037627,0.514223,0.310353,0,39,226.30009573402543,174.9098300933838,16,0.20582866668701172,210.7685546875,19.566923528905896,1,14,28,0.75,0.5535164836519504,0.6,0.1,0.2,0.05,0.05,31,178.58716848861437,184.95559692382812,17,0.19876008875229778,216.2509765625,19.037190283733118,1,15,29,0.92,0.5864076753617949,0.6,0.1,0.2,0.05,0.05
51,frozen_ddqn_seed4,3,COMPACT_128KB,0.16725,0.458962,0.474467,0,31,178.58716848861437,184.95559692382812,17,0.19876008875229778,216.2509765625,19.037190283733118,1,15,29,0.92,0.5864076753617949,0.6,0.1,0.2,0.05,0.05,93,505.1101097056904,66.65563583374023,2,1.4135894775390625,180.939453125,3.4512887620804342,1,0,30,0.92,0.6182538292079488,0.6,0.1,0.2,0.05,0.05
52,frozen_ddqn_seed4,0,NOOP,0.196107,0.513691,0.470305,0,93,505.1101097056904,66.65563583374023,2,1.4135894775390625,180.939453125,3.4512887620804342,1,0,30,0.92,0.6182538292079488,0.6,0.1,0.2,0.05,0.05,56,329.85247985125244,93.88589859008789,3,0.9824117024739584,188.623046875,47.858858034947524,1,1,31,0.92,0.6490195804195804,0.6,0.1,0.2,0.05,0.05
53,frozen_ddqn_seed4,0,NOOP,0.152891,-0.003344,0.151715,0,56,329.85247985125244,93.88589859008789,3,0.9824117024739584,188.623046875,47.858858034947524,1,1,31,0.92,0.6490195804195804,0.6,0.1,0.2,0.05,0.05,56,256.50461996791523,63.831329345703125,4,0.7669563293457031,196.3408203125,47.82825682309418,1,2,32,0.0,0.6356454545454546,0.6,0.1,0.15,0.05,0.1
54,frozen_ddqn_seed4,0,NOOP,0.129026,-0.004286,0.127757,0,56,256.50461996791523,63.831329345703125,4,0.7669563293457031,196.3408203125,47.82825682309418,1,2,32,0.0,0.6356454545454546,0.6,0.1,0.15,0.05,0.1,95,471.9343369141666,69.7023868560791,5,0.6482574462890625,207.4423828125,44.76838207655534,1,3,33,0.0,0.6184999999999999,0.55,0.15,0.15,0.05,0.1
55,frozen_ddqn_seed4,0,NOOP,0.112901,0.508125,0.386989,0,95,471.9343369141666,69.7023868560791,5,0.6482574462890625,207.4423828125,44.76838207655534,1,3,33,0.0,0.6184999999999999,0.55,0.15,0.15,0.05,0.1,91,525.1485800219316,103.12581062316895,6,0.5682551066080729,218.2099609375,41.9602434113112,1,4,34,0.92,0.627,0.6,0.15,0.1,0.05,0.1
56,frozen_ddqn_seed4,0,NOOP,0.101037,0.421875,0.32382,0,91,525.1485800219316,103.12581062316895,6,0.5682551066080729,218.2099609375,41.9602434113112,1,4,34,0.92,0.627,0.6,0.15,0.1,0.05,0.1,83,467.7733686991247,119.57526206970215,7,0.5095585414341518,228.2822265625,39.57273831846882,1,5,35,0.75,0.6645000000000001,0.6,0.1,0.15,0.05,0.1
57,frozen_ddqn_seed4,0,NOOP,0.091394,0.506,0.365428,0,83,467.7733686991247,119.57526206970215,7,0.5095585414341518,228.2822265625,39.57273831846882,1,5,35,0.75,0.6645000000000001,0.6,0.1,0.15,0.05,0.1,62,355.7003682203413,108.28757286071777,8,0.46196937561035156,236.5283203125,37.63638839378734,1,6,36,0.92,0.6645,0.6,0.1,0.15,0.05,0.1
58,frozen_ddqn_seed4,0,NOOP,0.084069,-0.0115,0.08265,0,62,355.7003682203413,108.28757286071777,8,0.46196937561035156,236.5283203125,37.63638839378734,1,6,36,0.92,0.6645,0.6,0.1,0.15,0.05,0.1,68,368.2201786537322,82.22746849060059,9,0.4259711371527778,245.359375,35.87766134416233,1,7,37,0.0,0.6184999999999999,0.55,0.15,0.15,0.05,0.1
59,frozen_ddqn_seed4,0,NOOP,0.077671,0.5175,0.351492,0,68,368.2201786537322,82.22746849060059,9,0.4259711371527778,245.359375,35.87766134416233,1,7,37,0.0,0.6184999999999999,0.55,0.15,0.15,0.05,0.1,50,291.30550134390865,121.43921852111816,10,0.3946044921875,252.546875,34.416315872214994,1,8,38,0.92,0.6645,0.6,0.15,0.15,0.0,0.1
60,frozen_ddqn_seed4,0,NOOP,0.073281,0.506,0.347231,0,50,291.30550134390865,121.43921852111816,10,0.3946044921875,252.546875,34.416315872214994,1,8,38,0.92,0.6645,0.6,0.15,0.15,0.0,0.1,85,489.3263517640358,116.22023582458496,11,0.3732785311612216,262.7880859375,32.96249132910136,1,9,39,0.92,0.6645,0.6,0.15,0.15,0.0,0.1
61,frozen_ddqn_seed4,0,NOOP,0.06883,0.410375,0.291329,0,85,489.3263517640358,116.22023582458496,11,0.3732785311612216,262.7880859375,32.96249132910136,1,9,39,0.92,0.6645,0.6,0.15,0.15,0.0,0.1,51,301.0219430884126,140.0315761566162,12,0.3516489664713542,270.06640625,31.7922307411396,1,10,40,0.75,0.6559999999999999,0.55,0.15,0.2,0.0,0.1
62,frozen_ddqn_seed4,0,NOOP,0.065887,0.410375,0.285683,0,51,301.0219430884126,140.0315761566162,12,0.3516489664713542,270.06640625,31.7922307411396,1,10,40,0.75,0.6559999999999999,0.55,0.15,0.2,0.0,0.1,92,496.7743932190385,276.4248847961426,13,0.3375584528996394,280.8486328125,30.611911120536366,1,11,41,0.75,0.6475,0.5,0.15,0.25,0.0,0.1
63,frozen_ddqn_seed4,0,NOOP,0.063109,0.508125,0.336748,0,92,496.7743932190385,276.4248847961426,13,0.3375584528996394,280.8486328125,30.611911120536366,1,11,41,0.75,0.6475,0.5,0.15,0.25,0.0,0.1,80,421.62972605855293,135.5588436126709,14,0.32429395403180805,290.5673828125,29.5820017258161,1,12,42,0.92,0.656,0.55,0.15,0.2,0.0,0.1
64,frozen_ddqn_seed4,0,NOOP,0.060187,0.506,0.333983,0,80,421.62972605855293,135.5588436126709,14,0.32429395403180805,290.5673828125,29.5820017258161,1,12,42,0.92,0.656,0.55,0.15,0.2,0.0,0.1,51,293.15241192456494,128.93390655517578,15,0.310308837890625,297.896484375,28.715931143245996,1,13,43,0.92,0.6559999999999999,0.55,0.15,0.2,0.0,0.1
65,frozen_ddqn_seed4,0,NOOP,0.057653,0.5175,0.331343,0,51,293.15241192456494,128.93390655517578,15,0.310308837890625,297.896484375,28.715931143245996,1,13,43,0.92,0.6559999999999999,0.55,0.15,0.2,0.0,0.1,54,309.295024075293,135.50519943237305,16,0.2982673645019531,305.42578125,27.912964432083154,1,14,44,0.92,0.702,0.6,0.15,0.2,0.0,0.05
66,frozen_ddqn_seed4,0,NOOP,0.055359,-0.0115,0.053405,0,54,309.295024075293,135.50519943237305,16,0.2982673645019531,305.42578125,27.912964432083154,1,14,44,0.92,0.702,0.6,0.15,0.2,0.0,0.05,51,290.18135053814785,118.95108222961426,17,0.2874208338120404,312.7138671875,27.177743581939737,1,15,45,0.0,0.6559999999999999,0.55,0.2,0.2,0.0,0.05
67,frozen_ddqn_seed4,3,COMPACT_128KB,0.167125,0.451,0.474331,0,51,290.18135053814785,118.95108222961426,17,0.2874208338120404,312.7138671875,27.177743581939737,1,15,45,0.0,0.6559999999999999,0.55,0.2,0.2,0.0,0.05,91,502.39450327421105,68.4666633605957,3,1.4562174479166667,279.59375,11.277890720543116,1,0,46,0.92,0.6559999999999999,0.55,0.2,0.2,0.0,0.05
68,frozen_ddqn_seed4,0,NOOP,0.1995,0.5175,0.474013,0,91,502.39450327421105,68.4666633605957,3,1.4562174479166667,279.59375,11.277890720543116,1,0,46,0.92,0.6559999999999999,0.55,0.2,0.2,0.0,0.05,99,525.0371059719043,79.35190200805664,4,1.1369781494140625,291.06640625,41.887330148220286,1,1,47,0.92,0.702,0.6,0.15,0.2,0.0,0.05
69,frozen_ddqn_seed4,0,NOOP,0.186364,0.508125,0.460518,0,99,525.0371059719043,79.35190200805664,4,1.1369781494140625,291.06640625,41.887330148220286,1,1,47,0.92,0.702,0.6,0.15,0.2,0.0,0.05,60,350.53262778735007,98.53100776672363,5,0.934942626953125,299.181640625,46.38826549949991,1,2,48,0.92,0.7104999999999999,0.65,0.15,0.15,0.0,0.05
70,frozen_ddqn_seed4,0,NOOP,0.158814,-0.0115,0.155819,0,60,350.53262778735007,98.53100776672363,5,0.934942626953125,299.181640625,46.38826549949991,1,2,48,0.92,0.7104999999999999,0.65,0.15,0.15,0.0,0.05,50,289.16143745699776,157.25183486938477,6,0.7978185017903646,306.3623046875,46.729007056489905,1,3,49,0.0,0.6645,0.6,0.15,0.15,0.05,0.05
71,frozen_ddqn_seed4,0,NOOP,0.140516,0.506,0.414522,0,50,289.16143745699776,157.25183486938477,6,0.7978185017903646,306.3623046875,46.729007056489905,1,3,49,0.0,0.6645,0.6,0.15,0.15,0.05,0.05,87,481.54785991601716,108.43253135681152,7,0.7069527762276786,316.71484375,45.3475403359061,1,4,50,0.92,0.6645,0.6,0.15,0.15,0.05,0.05
72,frozen_ddqn_seed4,0,NOOP,0.126701,0.410375,0.349381,0,87,481.54785991601716,108.43253135681152,7,0.7069527762276786,316.71484375,45.3475403359061,1,4,50,0.92,0.6645,0.6,0.15,0.15,0.05,0.05,84,482.51326522227396,125.98037719726562,8,0.6385040283203125,326.9140625,43.77389315500309,1,5,51,0.75,0.656,0.55,0.15,0.2,0.05,0.05
73,frozen_ddqn_seed4,0,NOOP,0.115742,0.421875,0.338298,0,84,482.51326522227396,125.98037719726562,8,0.6385040283203125,326.9140625,43.77389315500309,1,5,51,0.75,0.656,0.55,0.15,0.2,0.05,0.05,78,440.16440051772065,133.41808319091797,9,0.5843336317274306,336.576171875,42.24700466362818,1,6,52,0.75,0.6935,0.55,0.15,0.25,0.05,0.0
74,frozen_ddqn_seed4,0,NOOP,0.10653,0.5175,0.380261,0,78,440.16440051772065,133.41808319091797,9,0.5843336317274306,336.576171875,42.24700466362818,1,6,52,0.75,0.6935,0.55,0.15,0.25,0.05,0.0,63,357.4985922810189,125.91361999511719,10,0.538897705078125,344.89453125,40.87855221099244,1,7,53,0.92,0.7394999999999999,0.6,0.1,0.25,0.05,0.0
75,frozen_ddqn_seed4,0,NOOP,0.098929,0.506,0.372763,0,63,357.4985922810189,125.91361999511719,10,0.538897705078125,344.89453125,40.87855221099244,1,7,53,0.92,0.7394999999999999,0.6,0.1,0.25,0.05,0.0,61,365.6023469193825,122.02692031860352,11,0.5015175559303977,353.068359375,39.584164447096185,1,8,54,0.92,0.7394999999999999,0.6,0.1,0.25,0.05,0.0
76,frozen_ddqn_seed4,0,NOOP,0.092786,0.508125,0.366655,0,61,365.6023469193825,122.02692031860352,11,0.5015175559303977,353.068359375,39.584164447096185,1,8,54,0.92,0.7394999999999999,0.6,0.1,0.25,0.05,0.0,71,413.06225986412295,121.55961990356445,12,0.4714317321777344,362.0595703125,38.3268878823212,1,9,55,0.92,0.748,0.65,0.1,0.2,0.05,0.0
77,frozen_ddqn_seed4,0,NOOP,0.087234,0.506,0.360904,0,71,413.06225986412295,121.55961990356445,12,0.4714317321777344,362.0595703125,38.3268878823212,1,9,55,0.92,0.748,0.65,0.1,0.2,0.05,0.0,55,331.34360600733106,132.79342651367188,13,0.44429720365084135,369.6552734375,37.22557433777176,1,10,56,0.92,0.748,0.65,0.1,0.2,0.05,0.0
78,frozen_ddqn_seed4,0,NOOP,0.082794,0.0,0.080987,0,55,331.34360600733106,132.79342651367188,13,0.44429720365084135,369.6552734375,37.22557433777176,1,10,56,0.92,0.748,0.65,0.1,0.2,0.05,0.0,73,418.9701068141576,107.8636646270752,14,0.42272186279296875,378.7587890625,36.136423511151854,1,11,57,0.0,0.748,0.65,0.05,0.2,0.1,0.0
79,frozen_ddqn_seed4,0,NOOP,0.079244,0.506,0.352285,0,73,418.9701068141576,107.8636646270752,14,0.42272186279296875,378.7587890625,36.136423511151854,1,11,57,0.0,0.748,0.65,0.05,0.2,0.1,0.0,89,406.1316421927817,166.69702529907227,15,0.40559285481770835,389.369140625,35.07981491745214,1,12,58,0.92,0.748,0.65,0.05,0.2,0.1,0.0
80,frozen_ddqn_seed4,0,NOOP,0.076292,0.506,0.350037,0,89,406.1316421927817,166.69702529907227,15,0.40559285481770835,389.369140625,35.07981491745214,1,12,58,0.92,0.748,0.65,0.05,0.2,0.1,0.0,99,549.4932265496493,132.7648162841797,16,0.3914613723754883,400.8564453125,34.08285953323373,1,13,59,0.92,0.748,0.65,0.05,0.2,0.1,0.0
81,frozen_ddqn_seed4,0,NOOP,0.073062,-0.009375,0.070896,0,99,549.4932265496493,132.7648162841797,16,0.3914613723754883,400.8564453125,34.08285953323373,1,13,59,0.92,0.748,0.65,0.05,0.2,0.1,0.0,61,354.0937228394754,129.54139709472656,17,0.37593258128446694,409.0146484375,33.25402270069138,1,14,60,0.0,0.7105,0.65,0.05,0.15,0.15,0.0
82,frozen_ddqn_seed4,2,COMPACT_64KB,0.558466,0.458125,0.473421,0,61,354.0937228394754,129.54139709472656,17,0.37593258128446694,409.0146484375,33.25402270069138,1,14,60,0.0,0.7105,0.65,0.05,0.15,0.15,0.0,54,312.99564969846386,103.9588451385498,5,1.1826873779296876,378.4599609375,25.363609995460042,1,0,61,0.92,0.7190000000000001,0.7,0.05,0.1,0.15,0.0
83,frozen_ddqn_seed4,0,NOOP,0.19925,0.506,0.473317,0,54,312.99564969846386,103.9588451385498,5,1.1826873779296876,378.4599609375,25.363609995460042,1,0,61,0.92,0.7190000000000001,0.7,0.05,0.1,0.15,0.0,68,383.6979629395447,104.1727066040039,6,1.008618672688802,387.3095703125,35.48662930753271,1,1,62,0.92,0.7190000000000001,0.7,0.05,0.1,0.15,0.0
84,frozen_ddqn_seed4,0,NOOP,0.176483,-0.0115,0.175004,0,68,383.6979629395447,104.1727066040039,6,1.008618672688802,387.3095703125,35.48662930753271,1,1,62,0.92,0.7190000000000001,0.7,0.05,0.1,0.15,0.0,82,444.61858506152186,82.70096778869629,7,0.8867906842912946,397.2822265625,38.4053237414913,1,2,63,0.0,0.6729999999999999,0.65,0.05,0.1,0.2,0.0
85,frozen_ddqn_seed4,0,NOOP,0.157319,0.506,0.431334,0,82,444.61858506152186,82.70096778869629,7,0.8867906842912946,397.2822265625,38.4053237414913,1,2,63,0.0,0.6729999999999999,0.65,0.05,0.1,0.2,0.0,60,335.76995741138046,109.2534065246582,8,0.791595458984375,405.296875,39.512111510851554,1,3,64,0.92,0.6729999999999999,0.65,0.05,0.1,0.2,0.0
86,frozen_ddqn_seed4,0,NOOP,0.142925,0.421875,0.365583,0,60,335.76995741138046,109.2534065246582,8,0.791595458984375,405.296875,39.512111510851554,1,3,64,0.92,0.6729999999999999,0.65,0.05,0.1,0.2,0.0,77,420.0659543335046,128.35240364074707,9,0.7202487521701388,414.86328125,39.4170882207199,1,4,65,0.75,0.7105,0.65,0.0,0.15,0.2,0.0
87,frozen_ddqn_seed4,0,NOOP,0.131771,0.506,0.404324,0,77,420.0659543335046,128.35240364074707,9,0.7202487521701388,414.86328125,39.4170882207199,1,4,65,0.75,0.7105,0.65,0.0,0.15,0.2,0.0,91,507.21546197761074,184.8437786102295,10,0.6651031494140625,425.666015625,38.80249536023289,1,5,66,0.92,0.7105,0.65,0.0,0.15,0.2,0.0
88,frozen_ddqn_seed4,0,NOOP,0.122854,-0.0115,0.121151,0,91,507.21546197761074,184.8437786102295,10,0.6651031494140625,425.666015625,38.80249536023289,1,5,66,0.92,0.7105,0.65,0.0,0.15,0.2,0.0,99,533.4900294087795,98.88911247253418,11,0.6211436878551136,437.28515625,37.975492618348845,1,6,67,0.0,0.6645,0.6,0.05,0.15,0.2,0.0
89,frozen_ddqn_seed4,0,NOOP,0.114906,0.506,0.388757,0,99,533.4900294087795,98.88911247253418,11,0.6211436878551136,437.28515625,37.975492618348845,1,6,67,0.0,0.6645,0.6,0.05,0.15,0.2,0.0,80,467.7319044419601,122.44701385498047,12,0.5820299784342448,446.9990234375,37.23212798824182,1,7,68,0.92,0.6645,0.6,0.05,0.15,0.2,0.0
90,frozen_ddqn_seed4,0,NOOP,0.10807,0.0,0.106555,0,80,467.7319044419601,122.44701385498047,12,0.5820299784342448,446.9990234375,37.23212798824182,1,7,68,0.92,0.6645,0.6,0.05,0.15,0.2,0.0,76,442.9584898948351,91.9654369354248,13,0.5484736515925481,456.330078125,36.47836022179056,1,8,69,0.0,0.6645,0.6,0.05,0.15,0.15,0.05
91,frozen_ddqn_seed4,0,NOOP,0.101866,0.506,0.375622,0,76,442.9584898948351,91.9654369354248,13,0.5484736515925481,456.330078125,36.47836022179056,1,8,69,0.0,0.6645,0.6,0.05,0.15,0.15,0.05,57,333.53375511826954,129.66179847717285,14,0.5180783952985492,464.1982421875,35.795110954198236,1,9,70,0.92,0.6645,0.6,0.05,0.15,0.15,0.05
92,frozen_ddqn_seed4,0,NOOP,0.096514,0.508125,0.369988,0,57,333.53375511826954,129.66179847717285,14,0.5180783952985492,464.1982421875,35.795110954198236,1,9,70,0.92,0.6645,0.6,0.05,0.15,0.15,0.05,60,329.36283825169227,145.08414268493652,15,0.49194742838541666,472.26953125,35.09589966959296,1,10,71,0.92,0.6729999999999999,0.65,0.05,0.1,0.15,0.05
93,frozen_ddqn_seed4,0,NOOP,0.092252,0.508125,0.36568,0,60,329.36283825169227,145.08414268493652,15,0.49194742838541666,472.26953125,35.09589966959296,1,10,71,0.92,0.6729999999999999,0.65,0.05,0.1,0.15,0.05,86,486.8730777692743,148.64397048950195,16,0.47126197814941406,482.572265625,34.316897008285544,1,11,72,0.92,0.6815,0.7,0.05,0.05,0.15,0.05
94,frozen_ddqn_seed4,0,NOOP,0.088207,-0.0115,0.086799,0,86,486.8730777692743,148.64397048950195,16,0.47126197814941406,482.572265625,34.316897008285544,1,11,72,0.92,0.6815,0.7,0.05,0.05,0.15,0.05,70,335.9516854151148,91.62616729736328,17,0.45165836109834556,491.404296875,33.62745953162307,1,12,73,0.0,0.6355,0.65,0.05,0.05,0.15,0.1
95,frozen_ddqn_seed4,3,COMPACT_128KB,0.167,-0.0665,0.198307,0,70,335.9516854151148,91.62616729736328,17,0.45165836109834556,491.404296875,33.62745953162307,1,12,73,0.0,0.6355,0.65,0.05,0.05,0.15,0.1,75,431.62525212332434,64.6510124206543,4,1.7957763671875,459.71875,7.668442796825307,1,0,74,0.0,0.5894999999999999,0.6,0.1,0.05,0.15,0.1
96,frozen_ddqn_seed4,0,NOOP,0.199375,0.506,0.473381,0,75,431.62525212332434,64.6510124206543,4,1.7957763671875,459.71875,7.668442796825307,1,0,74,0.0,0.5894999999999999,0.6,0.1,0.05,0.15,0.1,66,367.09733731694797,105.9713363647461,5,1.4636077880859375,468.3544921875,47.99775331424883,1,1,75,0.92,0.5894999999999999,0.6,0.1,0.05,0.15,0.1
97,frozen_ddqn_seed4,0,NOOP,0.19925,0.506,0.473082,0,66,367.09733731694797,105.9713363647461,5,1.4636077880859375,468.3544921875,47.99775331424883,1,1,75,0.92,0.5894999999999999,0.6,0.1,0.05,0.15,0.1,97,506.5426869276692,115.88454246520996,6,1.2491836547851562,479.6865234375,54.52500007818293,1,2,76,0.92,0.5894999999999999,0.6,0.1,0.05,0.15,0.1
98,frozen_ddqn_seed4,0,NOOP,0.199125,0.0,0.197778,0,97,506.5426869276692,115.88454246520996,6,1.2491836547851562,479.6865234375,54.52500007818293,1,2,76,0.92,0.5894999999999999,0.6,0.1,0.05,0.15,0.1,56,314.1258718064967,76.09772682189941,7,1.0879298618861608,487.392578125,56.77174972547836,1,3,77,0.0,0.5894999999999999,0.6,0.15,0.05,0.1,0.1
99,frozen_ddqn_seed4,0,NOOP,0.193197,0.410375,0.415974,0,56,314.1258718064967,76.09772682189941,7,1.0879298618861608,487.392578125,56.77174972547836,1,3,77,0.0,0.5894999999999999,0.6,0.15,0.05,0.1,0.1,80,438.29288204490507,121.14644050598145,8,0.9709835052490234,497.1435546875,56.66346627540645,1,4,78,0.75,0.5810000000000001,0.55,0.15,0.1,0.1,0.1
100,frozen_ddqn_seed4,0,NOOP,0.174819,0.506,0.44861,0,80,438.29288204490507,121.14644050598145,8,0.9709835052490234,497.1435546875,56.66346627540645,1,4,78,0.75,0.5810000000000001,0.55,0.15,0.1,0.1,0.1,77,427.167682688912,121.66714668273926,9,0.8797183566623263,506.7177734375,55.825237862049434,1,5,79,0.92,0.5810000000000001,0.55,0.15,0.1,0.1,0.1
101,frozen_ddqn_seed4,0,NOOP,0.159466,-0.0,0.15828,0,77,427.167682688912,121.66714668273926,9,0.8797183566623263,506.7177734375,55.825237862049434,1,5,79,0.92,0.5810000000000001,0.55,0.15,0.1,0.1,0.1,54,299.9891602936151,71.81644439697266,10,0.8035797119140625,514.291015625,54.84189183965146,1,6,80,0.0,0.581,0.55,0.15,0.1,0.05,0.15
102,frozen_ddqn_seed4,0,NOOP,0.14717,0.506,0.419755,0,54,299.9891602936151,71.81644439697266,10,0.8035797119140625,514.291015625,54.84189183965146,1,6,80,0.0,0.581,0.55,0.15,0.1,0.05,0.15,66,358.38866513121866,184.48734283447266,11,0.7427229447798296,522.876953125,53.607245441732275,1,7,81,0.92,0.581,0.55,0.15,0.1,0.05,0.15
103,frozen_ddqn_seed4,0,NOOP,0.137203,-0.0115,0.135591,0,66,358.38866513121866,184.48734283447266,11,0.7427229447798296,522.876953125,53.607245441732275,1,7,81,0.92,0.581,0.55,0.15,0.1,0.05,0.15,78,321.3262118643568,95.61491012573242,12,0.6935157775878906,532.6201171875,52.26377264867375,1,8,82,0.0,0.5349999999999999,0.5,0.2,0.1,0.05,0.15
104,frozen_ddqn_seed4,0,NOOP,0.12854,0.0,0.12679,0,78,321.3262118643568,95.61491012573242,12,0.6935157775878906,532.6201171875,52.26377264867375,1,8,82,0.0,0.5349999999999999,0.5,0.2,0.1,0.05,0.15,69,369.3304560113017,103.77264022827148,13,0.6508249136117789,541.486328125,50.99923309144643,1,9,83,0.0,0.5349999999999999,0.5,0.2,0.1,0.05,0.15
105,frozen_ddqn_seed4,0,NOOP,0.121669,-0.0115,0.119756,0,69,369.3304560113017,103.77264022827148,13,0.6508249136117789,541.486328125,50.99923309144643,1,9,83,0.0,0.5349999999999999,0.5,0.2,0.1,0.05,0.15,97,509.39349184289273,113.1293773651123,14,0.6170926775251117,552.9150390625,49.65984825829293,1,10,84,0.0,0.489,0.45,0.25,0.1,0.05,0.15
106,frozen_ddqn_seed4,0,NOOP,0.115709,-0.009375,0.113764,0,97,509.39349184289273,113.1293773651123,14,0.6170926775251117,552.9150390625,49.65984825829293,1,10,84,0.0,0.489,0.45,0.25,0.1,0.05,0.15,99,530.7976433201626,116.02354049682617,15,0.5879221598307292,564.4052734375,48.39660071647104,1,11,85,0.0,0.45149999999999996,0.45,0.3,0.05,0.05,0.15
107,frozen_ddqn_seed4,0,NOOP,0.11017,-0.0115,0.108342,0,99,530.7976433201626,116.02354049682617,15,0.5879221598307292,564.4052734375,48.39660071647104,1,11,85,0.0,0.45149999999999996,0.45,0.3,0.05,0.05,0.15,82,472.0074218428348,111.3736629486084,16,0.5608482360839844,574.30859375,47.26647801897382,1,12,86,0.0,0.40549999999999997,0.4,0.3,0.05,0.1,0.15
108,frozen_ddqn_seed4,0,NOOP,0.105061,0.0,0.103086,0,82,472.0074218428348,111.3736629486084,16,0.5608482360839844,574.30859375,47.26647801897382,1,12,86,0.0,0.40549999999999997,0.4,0.3,0.05,0.1,0.15,68,376.05420635914743,120.00560760498047,17,0.5359290627872243,583.0908203125,46.23555446245931,1,13,87,0.0,0.40549999999999997,0.4,0.25,0.05,0.15,0.15
109,frozen_ddqn_seed4,2,COMPACT_64KB,0.558091,-0.0615,0.19749,0,68,376.05420635914743,120.00560760498047,17,0.5359290627872243,583.0908203125,46.23555446245931,1,13,87,0.0,0.40549999999999997,0.4,0.25,0.05,0.15,0.15,83,471.53949054421236,85.4790210723877,8,1.1011104583740234,563.7685546875,31.545042743078625,1,0,88,0.0,0.3595,0.35,0.3,0.05,0.15,0.15
110,frozen_ddqn_seed4,0,NOOP,0.198246,0.0,0.19568,0,83,471.53949054421236,85.4790210723877,8,1.1011104583740234,563.7685546875,31.545042743078625,1,0,88,0.0,0.3595,0.35,0.3,0.05,0.15,0.15,88,490.6622993010265,139.53781127929688,9,0.9968532986111112,574.1875,35.656679532919284,1,1,89,0.0,0.3595,0.35,0.3,0.05,0.2,0.1
111,frozen_ddqn_seed4,0,NOOP,0.180858,-0.0115,0.179218,0,88,490.6622993010265,139.53781127929688,9,0.9968532986111112,574.1875,35.656679532919284,1,1,89,0.0,0.3595,0.35,0.3,0.05,0.2,0.1,65,320.1330180105071,94.51746940612793,10,0.910540771484375,582.74609375,37.88506584798688,1,2,90,0.0,0.3135,0.3,0.35,0.05,0.2,0.1
112,frozen_ddqn_seed4,0,NOOP,0.166292,-0.0115,0.164947,0,65,320.1330180105071,94.51746940612793,10,0.910540771484375,582.74609375,37.88506584798688,1,2,90,0.0,0.3135,0.3,0.35,0.05,0.2,0.1,53,297.6934414484389,81.00080490112305,11,0.8383359042080966,590.1884765625,39.072391530376855,1,3,91,0.0,0.26749999999999996,0.25,0.35,0.05,0.2,0.15
113,frozen_ddqn_seed4,0,NOOP,0.154467,-0.0115,0.15282,0,53,297.6934414484389,81.00080490112305,11,0.8383359042080966,590.1884765625,39.072391530376855,1,3,91,0.0,0.26749999999999996,0.25,0.35,0.05,0.2,0.15,67,374.35423851866653,97.36442565917969,12,0.7798372904459635,598.9150390625,39.44702415388567,1,4,92,0.0,0.22149999999999997,0.2,0.35,0.05,0.25,0.15
114,frozen_ddqn_seed4,0,NOOP,0.144322,0.0,0.142628,0,67,374.35423851866653,97.36442565917969,12,0.7798372904459635,598.9150390625,39.44702415388567,1,4,92,0.0,0.22149999999999997,0.2,0.35,0.05,0.25,0.15,61,336.18317826269197,100.97956657409668,13,0.729736328125,607.140625,39.49751323807336,1,5,93,0.0,0.22149999999999997,0.2,0.4,0.05,0.25,0.1
115,frozen_ddqn_seed4,0,NOOP,0.135864,0.0,0.133223,0,61,336.18317826269197,100.97956657409668,13,0.729736328125,607.140625,39.49751323807336,1,5,93,0.0,0.22149999999999997,0.2,0.4,0.05,0.25,0.1,75,410.7075198876136,149.51825141906738,14,0.6880678449358258,616.5087890625,39.237911118051755,1,6,94,0.0,0.22149999999999997,0.2,0.4,0.05,0.25,0.1
116,frozen_ddqn_seed4,0,NOOP,0.128699,-0.0115,0.126948,0,75,410.7075198876136,149.51825141906738,14,0.6880678449358258,616.5087890625,39.237911118051755,1,6,94,0.0,0.22149999999999997,0.2,0.4,0.05,0.25,0.1,85,460.34891993900163,106.31442070007324,15,0.6528696695963542,626.7548828125,38.804123356259716,1,7,95,0.0,0.1755,0.15,0.45,0.05,0.25,0.1
117,frozen_ddqn_seed4,0,NOOP,0.122336,-0.0115,0.120049,0,85,460.34891993900163,106.31442070007324,15,0.6528696695963542,626.7548828125,38.804123356259716,1,7,95,0.0,0.1755,0.15,0.45,0.05,0.25,0.1,79,426.2268295851701,134.34863090515137,16,0.621678352355957,636.5986328125,38.329307993389065,1,8,96,0.0,0.1295,0.1,0.5,0.05,0.25,0.1
118,frozen_ddqn_seed4,0,NOOP,0.116815,0.5175,0.390118,0,79,426.2268295851701,134.34863090515137,16,0.621678352355957,636.5986328125,38.329307993389065,1,8,96,0.0,0.1295,0.1,0.5,0.05,0.25,0.1,88,377.0045371439077,156.10098838806152,17,0.5947023279526654,647.0361328125,37.7887083301723,1,9,97,0.92,0.1755,0.15,0.45,0.05,0.25,0.1
119,frozen_ddqn_seed4,0,NOOP,0.111422,-0.009375,0.109376,0,88,377.0045371439077,156.10098838806152,17,0.5947023279526654,647.0361328125,37.7887083301723,1,9,97,0.92,0.1755,0.15,0.45,0.05,0.25,0.1,56,303.8383537331543,124.80759620666504,18,0.5683610704210069,654.751953125,37.35163074181698,1,10,98,0.0,0.138,0.15,0.45,0.0,0.3,0.1
120,frozen_ddqn_seed4,0,NOOP,0.106628,-0.0115,0.103757,0,56,303.8383537331543,124.80759620666504,18,0.5683610704210069,654.751953125,37.35163074181698,1,10,98,0.0,0.138,0.15,0.45,0.0,0.3,0.1,59,329.3590683436481,167.27471351623535,19,0.5450142308285362,662.7373046875,36.87893995005337,1,11,99,0.0,0.092,0.1,0.5,0.0,0.3,0.1
121,frozen_ddqn_seed4,0,NOOP,0.102318,0.0,0.100269,0,59,329.3590683436481,167.27471351623535,19,0.5450142308285362,662.7373046875,36.87893995005337,1,11,99,0.0,0.092,0.1,0.5,0.0,0.3,0.1,61,348.3721833330383,127.43759155273438,20,0.5240890502929687,670.833984375,36.39153827053054,1,12,100,0.0,0.092,0.1,0.5,0.0,0.35,0.05
122,frozen_ddqn_seed4,4,PARTITION_HOUR,-0.356063,0.160375,0.319744,0,61,348.3721833330383,127.43759155273438,20,0.5240890502929687,670.833984375,36.39153827053054,1,12,100,0.0,0.092,0.1,0.5,0.0,0.35,0.05,67,378.8591127187229,213.1936550140381,21,0.5055396670386905,679.4453125,35.88486041952,1,13,101,0.75,0.08349999999999999,0.05,0.5,0.05,0.35,0.05
123,frozen_ddqn_seed4,0,NOOP,0.094923,0.5175,0.367958,0,67,378.8591127187229,213.1936550140381,21,0.5055396670386905,679.4453125,35.88486041952,1,13,101,0.75,0.08349999999999999,0.05,0.5,0.05,0.35,0.05,61,345.42086518392114,175.74334144592285,22,0.4883658669211648,687.619140625,35.39746650193184,1,14,102,0.92,0.1295,0.1,0.45,0.05,0.35,0.05
124,frozen_ddqn_seed4,0,NOOP,0.091915,0.0,0.087901,0,61,345.42086518392114,175.74334144592285,22,0.4883658669211648,687.619140625,35.39746650193184,1,14,102,0.92,0.1295,0.1,0.45,0.05,0.35,0.05,82,443.4559797001962,229.41875457763672,23,0.4739479396654212,697.6513671875,34.86560785006614,1,15,103,0.0,0.1295,0.1,0.5,0.05,0.3,0.05
125,frozen_ddqn_seed4,0,NOOP,0.088816,0.0,0.086302,0,82,443.4559797001962,229.41875457763672,23,0.4739479396654212,697.6513671875,34.86560785006614,1,15,103,0.0,0.1295,0.1,0.5,0.05,0.3,0.05,54,287.68211395641566,155.72071075439453,24,0.45908037821451825,705.1474609375,34.416384507667594,1,16,104,0.0,0.1295,0.1,0.5,0.05,0.3,0.05
126,frozen_ddqn_seed4,5,PARTITION_REGION,-0.095591,-0.1,0.083561,0,54,287.68211395641566,155.72071075439453,24,0.45908037821451825,705.1474609375,34.416384507667594,1,16,104,0.0,0.1295,0.1,0.5,0.05,0.3,0.05,80,442.11242534162017,164.60633277893066,25,0.4467633056640625,714.8212890625,33.92151246760234,2,17,0,0.0,0.1295,0.1,0.5,0.05,0.3,0.05
127,frozen_ddqn_seed4,2,COMPACT_64KB,0.535211,0.270709,0.375684,0,80,442.11242534162017,164.60633277893066,25,0.4467633056640625,714.8212890625,33.92151246760234,2,17,0,0.0,0.1295,0.1,0.5,0.05,0.3,0.05,73,306.1471481950684,86.81559562683105,12,0.8881022135416666,682.0625,39.38828505362324,2,0,1,0.67,0.16299999999999998,0.1,0.55,0.05,0.25,0.05
128,frozen_ddqn_seed4,0,NOOP,0.143599,0.321703,0.343067,0,73,306.1471481950684,86.81559562683105,12,0.8881022135416666,682.0625,39.38828505362324,2,0,1,0.67,0.16299999999999998,0.1,0.55,0.05,0.25,0.05,92,439.18263919792673,95.32546997070312,15,0.7273681640625,698.2734375,40.89919455078598,2,1,2,0.67,0.19649999999999998,0.1,0.6,0.05,0.2,0.05
129,frozen_ddqn_seed4,0,NOOP,0.121863,-0.054162,0.120455,0,92,439.18263919792673,95.32546997070312,15,0.7273681640625,698.2734375,40.89919455078598,2,1,2,0.67,0.19649999999999998,0.1,0.6,0.05,0.2,0.05,96,447.4326956092715,92.92030334472656,18,0.6205647786458334,714.890625,40.31304901069267,2,2,3,0.0,0.19649999999999998,0.1,0.55,0.05,0.2,0.1
130,frozen_ddqn_seed4,0,NOOP,0.105708,0.323299,0.305358,0,96,447.4326956092715,92.92030334472656,18,0.6205647786458334,714.890625,40.31304901069267,2,2,3,0.0,0.19649999999999998,0.1,0.55,0.05,0.2,0.1,57,276.74407039817754,93.72901916503906,21,0.5416652134486607,727.998046875,39.26933659341587,2,3,4,0.67,0.22999999999999998,0.1,0.6,0.05,0.15,0.1
131,frozen_ddqn_seed4,0,NOOP,0.09392,-0.052645,0.091577,0,57,276.74407039817754,93.72901916503906,21,0.5416652134486607,727.998046875,39.26933659341587,2,3,4,0.67,0.22999999999999998,0.1,0.6,0.05,0.15,0.1,93,438.36592240298125,147.13311195373535,24,0.48459752400716144,744.341796875,37.928888379968946,2,4,5,0.0,0.22999999999999998,0.1,0.55,0.05,0.2,0.1
132,frozen_ddqn_seed4,2,COMPACT_64KB,0.557716,-0.101675,0.194545,0,93,438.36592240298125,147.13311195373535,24,0.48459752400716144,744.341796875,37.928888379968946,2,4,5,0.0,0.22999999999999998,0.1,0.55,0.05,0.2,0.1,100,421.33906596883884,217.7729606628418,11,1.018586592240767,717.0849609375,32.57247534621488,2,0,6,0.0,0.23000000000000004,0.15,0.55,0.05,0.2,0.05
133,frozen_ddqn_seed4,0,NOOP,0.161111,0.325689,0.360713,0,100,421.33906596883884,217.7729606628418,11,1.018586592240767,717.0849609375,32.57247534621488,2,0,6,0.0,0.23000000000000004,0.15,0.55,0.05,0.2,0.05,51,221.71015406046334,87.40472793579102,14,0.8143038068498883,729.6162109375,38.61588716623042,2,1,7,0.67,0.2635,0.15,0.6,0.05,0.15,0.05
134,frozen_ddqn_seed4,0,NOOP,0.134828,0.326455,0.334377,0,51,221.71015406046334,87.40472793579102,14,0.8143038068498883,729.6162109375,38.61588716623042,2,1,7,0.67,0.2635,0.15,0.6,0.05,0.15,0.05,82,389.78797518923705,93.79839897155762,17,0.6847632913028493,745.0224609375,39.403675042017454,2,2,8,0.67,0.297,0.15,0.6,0.05,0.15,0.05
135,frozen_ddqn_seed4,0,NOOP,0.115993,0.327015,0.315713,0,82,389.78797518923705,93.79839897155762,17,0.6847632913028493,745.0224609375,39.403675042017454,2,2,8,0.67,0.297,0.15,0.6,0.05,0.15,0.05,59,289.6968053784928,88.9739990234375,20,0.5924629211425781,758.3525390625,38.9314009687166,2,3,9,0.67,0.33049999999999996,0.15,0.6,0.05,0.15,0.05
136,frozen_ddqn_seed4,0,NOOP,0.101984,0.32756,0.301593,0,59,289.6968053784928,88.9739990234375,20,0.5924629211425781,758.3525390625,38.9314009687166,2,3,9,0.67,0.33049999999999996,0.15,0.6,0.05,0.15,0.05,60,245.16552149426732,98.30045700073242,23,0.5242939824643342,771.7607421875,37.96991115303525,2,4,10,0.67,0.364,0.15,0.6,0.05,0.15,0.05
137,frozen_ddqn_seed4,2,COMPACT_64KB,0.557716,-0.098435,0.197357,0,60,245.16552149426732,98.30045700073242,23,0.5242939824643342,771.7607421875,37.96991115303525,2,4,10,0.67,0.364,0.15,0.6,0.05,0.15,0.05,99,466.57523545843327,77.13437080383301,11,1.0625083229758523,748.005859375,29.202182663912453,2,0,11,0.0,0.364,0.15,0.55,0.05,0.15,0.1
138,frozen_ddqn_seed4,0,NOOP,0.168599,-0.05924,0.166816,0,99,466.57523545843327,77.13437080383301,11,1.0625083229758523,748.005859375,29.202182663912453,2,0,11,0.0,0.364,0.15,0.55,0.05,0.15,0.1,80,372.2310389698272,106.67252540588379,14,0.85174560546875,763.1640625,37.076432701378316,2,1,12,0.0,0.31799999999999995,0.1,0.55,0.05,0.2,0.1
139,frozen_ddqn_seed4,0,NOOP,0.140998,0.329846,0.340426,0,80,372.2310389698272,106.67252540588379,14,0.85174560546875,763.1640625,37.076432701378316,2,1,12,0.0,0.31799999999999995,0.1,0.55,0.05,0.2,0.1,82,375.7844150168262,99.89047050476074,17,0.7156165627872243,778.5908203125,38.6440475465078,2,2,13,0.67,0.3515,0.1,0.6,0.05,0.15,0.1
140,frozen_ddqn_seed4,0,NOOP,0.121209,-0.046548,0.117643,0,82,375.7844150168262,99.89047050476074,17,0.7156165627872243,778.5908203125,38.6440475465078,2,2,13,0.67,0.3515,0.1,0.6,0.05,0.15,0.1,57,228.9820291376419,203.29833030700684,20,0.6185455322265625,791.73828125,38.57251327633877,2,3,14,0.0,0.35150000000000003,0.1,0.55,0.1,0.15,0.1
141,frozen_ddqn_seed4,0,NOOP,0.106583,0.330891,0.30631,0,57,228.9820291376419,203.29833030700684,20,0.6185455322265625,791.73828125,38.57251327633877,2,3,14,0.0,0.35150000000000003,0.1,0.55,0.1,0.15,0.1,65,317.65367411544975,92.38362312316895,23,0.5472883141559103,805.6083984375,37.81411783830061,2,4,15,0.67,0.385,0.1,0.6,0.1,0.1,0.1
142,frozen_ddqn_seed4,2,COMPACT_64KB,0.557591,-0.104688,0.196551,0,65,317.65367411544975,92.38362312316895,23,0.5472883141559103,805.6083984375,37.81411783830061,2,4,15,0.67,0.385,0.1,0.6,0.1,0.1,0.1,80,385.4704530833563,112.44750022888184,12,1.0185915629069011,782.2783203125,30.73580516020556,2,0,16,0.0,0.34750000000000003,0.1,0.6,0.05,0.15,0.1
143,frozen_ddqn_seed4,0,NOOP,0.164252,-0.056172,0.160329,0,80,385.4704530833563,112.44750022888184,12,1.0185915629069011,782.2783203125,30.73580516020556,2,0,16,0.0,0.34750000000000003,0.1,0.6,0.05,0.15,0.1,80,390.6402160752538,214.92481231689453,15,0.8306355794270833,797.41015625,36.9127761939491,2,1,17,0.0,0.3015,0.05,0.6,0.1,0.15,0.1
144,frozen_ddqn_seed4,0,NOOP,0.139009,0.332906,0.338451,0,80,390.6402160752538,214.92481231689453,15,0.8306355794270833,797.41015625,36.9127761939491,2,1,17,0.0,0.3015,0.05,0.6,0.1,0.15,0.1,92,376.0332964650279,100.4183292388916,18,0.7062971327039931,813.654296875,38.179425228271,2,2,18,0.67,0.335,0.05,0.6,0.1,0.15,0.1
145,frozen_ddqn_seed4,0,NOOP,0.120622,-0.043417,0.115403,0,92,376.0332964650279,100.4183292388916,18,0.7062971327039931,813.654296875,38.179425228271,2,2,18,0.67,0.335,0.05,0.6,0.1,0.15,0.1,73,300.30776956514916,287.19377517700195,21,0.6162334623790923,828.2177734375,38.05877519320993,2,3,19,0.0,0.3350000000000001,0.05,0.55,0.15,0.15,0.1
146,frozen_ddqn_seed4,0,NOOP,0.106657,0.333977,0.306419,0,73,300.30776956514916,287.19377517700195,21,0.6162334623790923,828.2177734375,38.05877519320993,2,3,19,0.0,0.3350000000000001,0.05,0.55,0.15,0.15,0.1,66,316.6490099859305,91.91226959228516,24,0.5482870737711588,842.1689453125,37.38545618293117,2,4,20,0.67,0.3685,0.05,0.55,0.15,0.15,0.1
147,frozen_ddqn_seed4,3,COMPACT_128KB,0.166375,0.29792,0.398075,0,66,316.6490099859305,91.91226959228516,24,0.5482870737711588,842.1689453125,37.38545618293117,2,4,20,0.67,0.3685,0.05,0.55,0.15,0.15,0.1,56,257.3539423037942,101.23491287231445,9,1.3959231906467013,804.0517578125,26.397063034225074,2,0,21,0.67,0.3685,0.05,0.55,0.15,0.15,0.1
148,frozen_ddqn_seed4,0,NOOP,0.1985,0.35297,0.398363,0,56,257.3539423037942,101.23491287231445,9,1.3959231906467013,804.0517578125,26.397063034225074,2,0,21,0.67,0.3685,0.05,0.55,0.15,0.15,0.1,90,373.654782891878,71.8693733215332,12,1.0679575602213542,820.19140625,44.14480386575319,2,1,22,0.67,0.3685,0.05,0.55,0.15,0.15,0.1
149,frozen_ddqn_seed4,0,NOOP,0.172009,-0.015558,0.169487,0,90,373.654782891878,71.8693733215332,12,1.0679575602213542,820.19140625,44.14480386575319,2,1,22,0.67,0.3685,0.05,0.55,0.15,0.15,0.1,72,325.8931746835115,144.84810829162598,15,0.8694203694661459,834.6435546875,47.15156772543976,2,2,23,0.0,0.3685,0.1,0.55,0.15,0.15,0.05
150,frozen_ddqn_seed4,0,NOOP,0.145194,0.352947,0.345076,0,72,325.8931746835115,144.84810829162598,15,0.8694203694661459,834.6435546875,47.15156772543976,2,2,23,0.0,0.3685,0.1,0.55,0.15,0.15,0.05,74,340.24484856191646,78.42683792114258,18,0.7372224595811632,849.2802734375,47.01080208652693,2,3,24,0.67,0.3685,0.1,0.55,0.15,0.15,0.05
151,frozen_ddqn_seed4,0,NOOP,0.090344,-0.015595,0.087122,0,74,340.24484856191646,78.42683792114258,18,0.7372224595811632,849.2802734375,47.01080208652693,2,3,24,0.67,0.3685,0.1,0.55,0.15,0.15,0.05,244,786.773795173313,198.60291481018066,30,0.4704681396484375,903.298828125,41.80903394018204,2,4,25,0.0,0.36850000000000005,0.15,0.55,0.15,0.1,0.05
152,frozen_ddqn_seed4,2,COMPACT_64KB,0.287466,0.310927,0.398286,0,244,786.773795173313,198.60291481018066,30,0.4704681396484375,903.298828125,41.80903394018204,2,4,25,0.0,0.36850000000000005,0.15,0.55,0.15,0.1,0.05,245,842.2138423749082,70.70350646972656,13,1.0548964280348558,877.673828125,32.495590016850905,2,0,26,0.67,0.402,0.1,0.6,0.15,0.1,0.05
153,frozen_ddqn_seed4,0,NOOP,0.112914,-0.024514,0.111181,0,245,842.2138423749082,70.70350646972656,13,1.0548964280348558,877.673828125,32.495590016850905,2,0,26,0.67,0.402,0.1,0.6,0.15,0.1,0.05,208,726.2803606363583,117.91038513183594,25,0.580196533203125,928.314453125,39.620923286138236,2,1,27,0.0,0.36850000000000005,0.1,0.55,0.15,0.1,0.1
154,frozen_ddqn_seed4,0,NOOP,0.072669,-0.024717,0.069022,0,208,726.2803606363583,117.91038513183594,25,0.580196533203125,928.314453125,39.620923286138236,2,1,27,0.0,0.36850000000000005,0.1,0.55,0.15,0.1,0.1,288,889.1051181195091,232.35273361206055,40,0.38834495544433595,994.1630859375,34.985552847262575,2,2,28,0.0,0.3350000000000001,0.1,0.5,0.15,0.15,0.1
155,frozen_ddqn_seed4,0,NOOP,0.053241,0.351948,0.25286,0,288,889.1051181195091,232.35273361206055,40,0.38834495544433595,994.1630859375,34.985552847262575,2,2,28,0.0,0.3350000000000001,0.1,0.5,0.15,0.15,0.1,266,679.5427651193769,137.82024383544922,55,0.30058205344460226,1058.048828125,31.141655072118375,2,3,29,0.67,0.3350000000000001,0.1,0.5,0.15,0.15,0.1
156,frozen_ddqn_seed4,0,NOOP,0.043354,0.35165,0.243341,0,266,679.5427651193769,137.82024383544922,55,0.30058205344460226,1058.048828125,31.141655072118375,2,3,29,0.67,0.3350000000000001,0.1,0.5,0.15,0.15,0.1,213,718.6371849983268,134.39464569091797,67,0.2586433069029851,1109.0625,28.759833121775404,2,4,30,0.67,0.335,0.1,0.5,0.15,0.15,0.1
157,frozen_ddqn_seed4,2,COMPACT_64KB,0.281103,0.309768,0.391814,0,213,718.6371849983268,134.39464569091797,67,0.2586433069029851,1109.0625,28.759833121775404,2,4,30,0.67,0.335,0.1,0.5,0.15,0.15,0.1,269,820.079456143067,79.92053031921387,16,0.9700613021850586,993.3427734375,32.26732730583661,2,0,31,0.67,0.36850000000000005,0.1,0.55,0.15,0.15,0.05
158,frozen_ddqn_seed4,0,NOOP,0.113172,0.35948,0.312876,0,269,820.079456143067,79.92053031921387,16,0.9700613021850586,993.3427734375,32.26732730583661,2,0,31,0.67,0.36850000000000005,0.1,0.55,0.15,0.15,0.05,223,644.8331174306221,99.81107711791992,28,0.583359854561942,1045.380859375,37.758125951912646,2,1,32,0.67,0.402,0.1,0.6,0.15,0.1,0.05
159,frozen_ddqn_seed4,0,NOOP,0.080861,0.351006,0.279886,0,223,644.8331174306221,99.81107711791992,28,0.583359854561942,1045.380859375,37.758125951912646,2,1,32,0.67,0.402,0.1,0.6,0.15,0.1,0.05,241,820.0959165062974,148.73051643371582,40,0.42930450439453127,1099.01953125,34.92528056471426,2,2,33,0.67,0.402,0.1,0.6,0.15,0.1,0.05
160,frozen_ddqn_seed4,0,NOOP,0.062666,0.359126,0.262613,0,241,820.0959165062974,148.73051643371582,40,0.42930450439453127,1099.01953125,34.92528056471426,2,2,33,0.67,0.402,0.1,0.6,0.15,0.1,0.05,221,750.7590550364794,117.69580841064453,52,0.34583223783052885,1150.9296875,32.09202158858948,2,3,34,0.67,0.43550000000000005,0.1,0.65,0.1,0.1,0.05
161,frozen_ddqn_seed4,0,NOOP,0.050827,0.350627,0.250813,0,221,750.7590550364794,117.69580841064453,52,0.34583223783052885,1150.9296875,32.09202158858948,2,3,34,0.67,0.43550000000000005,0.1,0.65,0.1,0.1,0.05,243,820.7542188622359,130.71012496948242,64,0.29413723945617676,1204.7861328125,29.698128897823754,2,4,35,0.67,0.43550000000000005,0.1,0.65,0.1,0.1,0.05
162,frozen_ddqn_seed4,2,COMPACT_64KB,0.268831,0.308647,0.379401,0,243,820.7542188622359,130.71012496948242,64,0.29413723945617676,1204.7861328125,29.698128897823754,2,4,35,0.67,0.43550000000000005,0.1,0.65,0.1,0.1,0.05,296,847.6176062155648,90.6984806060791,19,0.9105770713404605,1107.26171875,30.912751312879312,2,0,36,0.67,0.46900000000000003,0.1,0.7,0.1,0.05,0.05
163,frozen_ddqn_seed4,0,NOOP,0.112786,0.358482,0.312538,0,296,847.6176062155648,90.6984806060791,19,0.9105770713404605,1107.26171875,30.912751312879312,2,0,36,0.67,0.46900000000000003,0.1,0.7,0.1,0.05,0.05,201,668.1686433021066,101.13668441772461,31,0.5833031439012096,1157.2734375,35.93430919208125,2,1,37,0.67,0.5025000000000001,0.1,0.75,0.05,0.05,0.05
164,frozen_ddqn_seed4,0,NOOP,0.088463,-0.027014,0.084988,0,201,668.1686433021066,101.13668441772461,31,0.5833031439012096,1157.2734375,35.93430919208125,2,1,37,0.67,0.5025000000000001,0.1,0.75,0.05,0.05,0.05,169,609.2955443314778,223.7699031829834,40,0.46731719970703123,1196.33203125,34.46980932670442,2,2,38,0.0,0.46900000000000003,0.15,0.7,0.05,0.05,0.05
165,frozen_ddqn_seed4,0,NOOP,0.068589,0.358037,0.268508,0,169,609.2955443314778,223.7699031829834,40,0.46731719970703123,1196.33203125,34.46980932670442,2,2,38,0.0,0.46900000000000003,0.15,0.7,0.05,0.05,0.05,236,795.7007761222825,119.05384063720703,52,0.37544573270357573,1249.4833984375,32.03513797047926,2,3,39,0.67,0.5025000000000001,0.15,0.75,0.0,0.05,0.05
166,frozen_ddqn_seed4,0,NOOP,0.058481,-0.027442,0.052235,0,236,795.7007761222825,119.05384063720703,52,0.37544573270357573,1249.4833984375,32.03513797047926,2,3,39,0.67,0.5025000000000001,0.15,0.75,0.0,0.05,0.05,188,694.6450895649401,388.5066509246826,61,0.33052788406121925,1290.380859375,30.34750487269665,2,4,40,0.0,0.46900000000000003,0.2,0.7,0.0,0.05,0.05
167,frozen_ddqn_seed4,2,COMPACT_64KB,0.283069,0.299247,0.394008,0,188,694.6450895649401,388.5066509246826,61,0.33052788406121925,1290.380859375,30.34750487269665,2,4,40,0.0,0.46900000000000003,0.2,0.7,0.0,0.05,0.05,217,731.2809476979245,72.2196102142334,19,0.9817641408819902,1193.8251953125,28.07145157311006,2,0,41,0.67,0.46900000000000003,0.2,0.7,0.0,0.05,0.05
168,frozen_ddqn_seed4,0,NOOP,0.134394,-0.027858,0.131411,0,217,731.2809476979245,72.2196102142334,19,0.9817641408819902,1193.8251953125,28.07145157311006,2,0,41,0.67,0.46900000000000003,0.2,0.7,0.0,0.05,0.05,197,710.5639670877019,184.17835235595703,28,0.6894721984863281,1235.5341796875,35.94080035020605,2,1,42,0.0,0.43550000000000005,0.2,0.65,0.0,0.1,0.05
169,frozen_ddqn_seed4,0,NOOP,0.1029,-0.019603,0.099354,0,197,710.5639670877019,184.17835235595703,28,0.6894721984863281,1235.5341796875,35.94080035020605,2,1,42,0.0,0.43550000000000005,0.2,0.65,0.0,0.1,0.05,151,573.6608214254659,223.5252857208252,37,0.537624049831081,1273.09375,35.64958154092467,2,2,43,0.0,0.43550000000000005,0.2,0.65,0.0,0.1,0.05
170,frozen_ddqn_seed4,0,NOOP,0.078523,-0.02818,0.074156,0,151,573.6608214254659,223.5252857208252,37,0.537624049831081,1273.09375,35.64958154092467,2,2,43,0.0,0.43550000000000005,0.2,0.65,0.0,0.1,0.05,248,826.7029333129874,279.60920333862305,49,0.42324050591916457,1327.2822265625,33.49613266129673,2,3,44,0.0,0.402,0.25,0.6,0.0,0.1,0.05
171,frozen_ddqn_seed4,0,NOOP,0.063025,-0.020011,0.058695,0,248,826.7029333129874,279.60920333862305,49,0.42324050591916457,1327.2822265625,33.49613266129673,2,3,44,0.0,0.402,0.25,0.6,0.0,0.1,0.05,221,743.5050941752665,292.74606704711914,61,0.35325147284836067,1379.09375,31.320537431804958,2,4,45,0.0,0.402,0.2,0.6,0.0,0.15,0.05
172,frozen_ddqn_seed4,1,COMPACT_32KB,-0.219139,0.304796,0.332526,0,221,743.5050941752665,292.74606704711914,61,0.35325147284836067,1379.09375,31.320537431804958,2,4,45,0.0,0.402,0.2,0.6,0.0,0.15,0.05,161,416.3686679133995,95.14522552490234,30,0.6821446736653646,1309.7177734375,27.533038276877296,2,0,46,0.67,0.402,0.2,0.6,0.0,0.15,0.05
173,frozen_ddqn_seed4,0,NOOP,0.089824,0.358132,0.289982,0,161,416.3686679133995,95.14522552490234,30,0.6821446736653646,1309.7177734375,27.533038276877296,2,0,46,0.67,0.402,0.2,0.6,0.0,0.15,0.05,276,885.4956192888975,98.30999374389648,45,0.4772427029079861,1374.458984375,29.18198360727203,2,1,47,0.67,0.43550000000000005,0.2,0.65,0.0,0.15,0.0
174,frozen_ddqn_seed4,0,NOOP,0.067434,-0.01871,0.062765,0,276,885.4956192888975,98.30999374389648,45,0.4772427029079861,1374.458984375,29.18198360727203,2,1,47,0.67,0.43550000000000005,0.2,0.65,0.0,0.15,0.0,271,861.3330100147919,308.44569206237793,60,0.3746681213378906,1438.7255859375,27.68873772104286,2,2,48,0.0,0.43550000000000005,0.2,0.65,0.0,0.15,0.0
175,frozen_ddqn_seed4,0,NOOP,0.055641,-0.027205,0.052657,0,271,861.3330100147919,308.44569206237793,60,0.3746681213378906,1438.7255859375,27.68873772104286,2,2,48,0.0,0.43550000000000005,0.2,0.65,0.0,0.15,0.0,208,704.9808662935494,239.2270565032959,72,0.32320743136935765,1489.33984375,26.31031963449205,2,3,49,0.0,0.402,0.2,0.6,0.0,0.15,0.05
176,frozen_ddqn_seed4,0,NOOP,0.048827,0.349641,0.248921,0,208,704.9808662935494,239.2270565032959,72,0.32320743136935765,1489.33984375,26.31031963449205,2,3,49,0.0,0.402,0.2,0.6,0.0,0.15,0.05,163,645.5907367991645,146.51823043823242,81,0.2947583610628858,1528.02734375,25.323367946411587,2,4,50,0.67,0.402,0.2,0.6,0.0,0.15,0.05
177,frozen_ddqn_seed4,3,COMPACT_128KB,0.54825,0.294671,0.398315,0,163,645.5907367991645,146.51823043823242,81,0.2947583610628858,1528.02734375,25.323367946411587,2,4,50,0.67,0.402,0.2,0.6,0.0,0.15,0.05,297,920.0215716555182,64.26525115966797,14,1.523465837751116,1365.025390625,19.572421864995334,2,0,51,0.67,0.402,0.2,0.6,0.0,0.15,0.05
178,frozen_ddqn_seed4,0,NOOP,0.150187,-0.027179,0.145349,0,297,920.0215716555182,64.26525115966797,14,1.523465837751116,1365.025390625,19.572421864995334,2,0,51,0.67,0.402,0.2,0.6,0.0,0.15,0.05,250,680.986368270998,278.1193256378174,29,0.7690592798693426,1427.3740234375,49.31039747053807,2,1,52,0.0,0.36850000000000005,0.2,0.55,0.05,0.15,0.05
179,frozen_ddqn_seed4,0,NOOP,0.100512,-0.027264,0.096952,0,250,680.986368270998,278.1193256378174,29,0.7690592798693426,1427.3740234375,49.31039747053807,2,1,52,0.0,0.36850000000000005,0.2,0.55,0.05,0.15,0.05,282,866.4063780974119,233.02578926086426,44,0.5300612016157671,1492.65234375,45.237318617682234,2,2,53,0.0,0.335,0.2,0.5,0.05,0.2,0.05
180,frozen_ddqn_seed4,0,NOOP,0.079311,0.349549,0.279486,0,282,866.4063780974119,233.02578926086426,44,0.5300612016157671,1492.65234375,45.237318617682234,2,2,53,0.0,0.335,0.2,0.5,0.05,0.2,0.05,246,837.6247926839663,111.27829551696777,56,0.4315564291817801,1546.6982421875,41.814695098021375,2,3,54,0.67,0.335,0.2,0.5,0.05,0.2,0.05
181,frozen_ddqn_seed4,0,NOOP,0.064972,-0.027348,0.062261,0,246,837.6247926839663,111.27829551696777,56,0.4315564291817801,1546.6982421875,41.814695098021375,2,3,54,0.67,0.335,0.2,0.5,0.05,0.2,0.05,222,769.670856946364,220.55625915527344,68,0.3673616297104779,1598.7578125,38.92744025313335,2,4,55,0.0,0.30150000000000005,0.2,0.45,0.05,0.2,0.1
182,frozen_ddqn_seed4,3,COMPACT_128KB,0.54825,-0.082419,0.194962,0,222,769.670856946364,220.55625915527344,68,0.3673616297104779,1598.7578125,38.92744025313335,2,4,55,0.0,0.30150000000000005,0.2,0.45,0.05,0.2,0.1,272,876.9136960946483,181.88166618347168,14,1.6449781145368303,1473.900390625,11.386562326449171,2,0,56,0.0,0.268,0.2,0.4,0.1,0.2,0.1
183,frozen_ddqn_seed4,0,NOOP,0.180147,0.349448,0.380064,0,272,876.9136960946483,181.88166618347168,14,1.6449781145368303,1473.900390625,11.386562326449171,2,0,56,0.0,0.268,0.2,0.4,0.1,0.2,0.1,223,768.9036685557764,86.65847778320312,26,0.9169839712289664,1525.861328125,51.97654279864471,2,1,57,0.67,0.268,0.2,0.4,0.1,0.2,0.1
184,frozen_ddqn_seed4,0,NOOP,0.1249,0.357841,0.323538,0,223,768.9036685557764,86.65847778320312,26,0.9169839712289664,1525.861328125,51.97654279864471,2,1,57,0.67,0.268,0.2,0.4,0.1,0.2,0.1,209,740.3790503555318,165.58361053466797,38,0.6482475682308799,1576.5380859375,49.837573473156496,2,2,58,0.67,0.3015,0.15,0.45,0.1,0.2,0.1
185,frozen_ddqn_seed4,0,NOOP,0.090059,0.34945,0.290012,0,209,740.3790503555318,165.58361053466797,38,0.6482475682308799,1576.5380859375,49.837573473156496,2,2,58,0.67,0.3015,0.15,0.45,0.1,0.2,0.1,260,772.2785111325137,118.61968040466309,53,0.4834220454377948,1639.767578125,45.32979317843226,2,3,59,0.67,0.3015,0.15,0.45,0.1,0.2,0.1
186,frozen_ddqn_seed4,0,NOOP,0.069827,0.357794,0.270047,0,260,772.2785111325137,118.61968040466309,53,0.4834220454377948,1639.767578125,45.32979317843226,2,3,59,0.67,0.3015,0.15,0.45,0.1,0.2,0.1,275,857.6619985158285,123.99125099182129,68,0.3916352215935202,1704.396484375,41.456335857425856,2,4,60,0.67,0.335,0.1,0.5,0.1,0.2,0.1
187,frozen_ddqn_seed4,3,COMPACT_128KB,0.547875,-0.082467,0.194056,0,275,857.6619985158285,123.99125099182129,68,0.3916352215935202,1704.396484375,41.456335857425856,2,4,60,0.67,0.335,0.1,0.5,0.1,0.2,0.1,157,616.0033451918013,212.19205856323242,17,1.4512697107651655,1578.9814453125,34.88088957482753,2,0,61,0.0,0.3015,0.1,0.45,0.15,0.2,0.1
188,frozen_ddqn_seed4,0,NOOP,0.171945,0.357727,0.371905,0,157,616.0033451918013,212.19205856323242,17,1.4512697107651655,1578.9814453125,34.88088957482753,2,0,61,0.0,0.3015,0.1,0.45,0.15,0.2,0.1,206,708.070545910486,88.25492858886719,29,0.8778486580684267,1629.287109375,51.687855369296074,2,1,62,0.67,0.335,0.1,0.5,0.15,0.15,0.1
189,frozen_ddqn_seed4,0,NOOP,0.123068,-0.019143,0.12089,0,206,708.070545910486,88.25492858886719,29,0.8778486580684267,1629.287109375,51.687855369296074,2,1,62,0.67,0.335,0.1,0.5,0.15,0.15,0.1,230,813.2093485911782,160.1240634918213,41,0.640964042849657,1681.8896484375,49.39258845843125,2,2,63,0.0,0.335,0.05,0.5,0.15,0.15,0.15
190,frozen_ddqn_seed4,0,NOOP,0.090524,0.357723,0.290464,0,230,813.2093485911782,160.1240634918213,41,0.640964042849657,1681.8896484375,49.39258845843125,2,2,63,0.0,0.335,0.05,0.5,0.15,0.15,0.15,287,708.8327228959932,122.98989295959473,56,0.4876204899379185,1747.6318359375,45.193617368379556,2,3,64,0.67,0.36850000000000005,0.0,0.55,0.15,0.15,0.15
191,frozen_ddqn_seed4,0,NOOP,0.074135,-0.01911,0.071016,0,287,708.8327228959932,122.98989295959473,56,0.4876204899379185,1747.6318359375,45.193617368379556,2,3,64,0.67,0.36850000000000005,0.0,0.55,0.15,0.15,0.15,207,705.8414065758249,240.9689426422119,68,0.41317569508272056,1798.140625,42.23991315293737,2,4,65,0.0,0.3685,0.0,0.55,0.15,0.1,0.2
192,frozen_ddqn_seed4,3,COMPACT_128KB,0.547875,-0.082503,0.196259,0,207,705.8414065758249,240.9689426422119,68,0.41317569508272056,1798.140625,42.23991315293737,2,4,65,0.0,0.3685,0.0,0.55,0.15,0.1,0.2,277,851.2091716071706,102.07295417785645,17,1.5467035630170036,1682.8134765625,22.872498817264038,2,0,66,0.0,0.3350000000000001,0.0,0.5,0.15,0.1,0.25
193,frozen_ddqn_seed4,0,NOOP,0.183569,0.349399,0.38352,0,277,851.2091716071706,102.07295417785645,17,1.5467035630170036,1682.8134765625,22.872498817264038,2,0,66,0.0,0.3350000000000001,0.0,0.5,0.15,0.1,0.25,249,854.2426569342588,88.73319625854492,29,0.9359720164331896,1737.1640625,50.40671560763115,2,1,67,0.67,0.335,0.0,0.5,0.15,0.1,0.25
194,frozen_ddqn_seed4,0,NOOP,0.141315,0.357785,0.341546,0,249,854.2426569342588,88.73319625854492,29,0.9359720164331896,1737.1640625,50.40671560763115,2,1,67,0.67,0.335,0.0,0.5,0.15,0.1,0.25,167,627.2729835571711,85.97493171691895,38,0.730324996145148,1776.150390625,49.96142789643366,2,2,68,0.67,0.36850000000000005,0.0,0.55,0.15,0.05,0.25
195,frozen_ddqn_seed4,0,NOOP,0.114829,0.357735,0.314788,0,167,627.2729835571711,85.97493171691895,38,0.730324996145148,1776.150390625,49.96142789643366,2,2,68,0.67,0.36850000000000005,0.0,0.55,0.15,0.05,0.25,170,651.4227244156641,110.78190803527832,47,0.6035198455161237,1815.3876953125,47.87539265355104,2,3,69,0.67,0.402,0.0,0.6,0.15,0.05,0.2
196,frozen_ddqn_seed4,0,NOOP,0.091494,0.349304,0.29179,0,170,651.4227244156641,110.78190803527832,47,0.6035198455161237,1815.3876953125,47.87539265355104,2,3,69,0.67,0.402,0.0,0.6,0.15,0.05,0.2,216,744.2604703127888,108.9773178100586,59,0.4943457134699417,1866.6494140625,44.860855196059845,2,4,70,0.67,0.402,0.0,0.6,0.15,0.05,0.2
197,frozen_ddqn_seed4,3,COMPACT_128KB,0.54775,0.294268,0.397552,0,216,744.2604703127888,108.9773178100586,59,0.4943457134699417,1866.6494140625,44.860855196059845,2,4,70,0.67,0.402,0.0,0.6,0.15,0.05,0.2,251,625.8904708341557,82.3974609375,18,1.5414852566189237,1775.791015625,21.296515559810928,2,0,71,0.67,0.402,0.0,0.6,0.15,0.05,0.2
198,frozen_ddqn_seed4,0,NOOP,0.16999,0.357691,0.369847,0,251,625.8904708341557,82.3974609375,18,1.5414852566189237,1775.791015625,21.296515559810928,2,0,71,0.67,0.402,0.0,0.6,0.15,0.05,0.2,255,777.4682484298675,98.40989112854004,33,0.8705772631096117,1838.6591796875,50.22607586540579,2,1,72,0.67,0.43550000000000005,0.0,0.65,0.1,0.05,0.2
199,frozen_ddqn_seed4,0,NOOP,0.134625,0.357726,0.334708,0,255,777.4682484298675,98.40989112854004,33,0.8705772631096117,1838.6591796875,50.22607586540579,2,1,72,0.67,0.43550000000000005,0.0,0.65,0.1,0.05,0.2,193,621.1700024631922,98.3884334564209,42,0.6993764241536459,1879.923828125,49.19268944184462,2,2,73,0.67,0.46900000000000003,0.0,0.7,0.1,0.0,0.2
200,frozen_ddqn_seed4,0,NOOP,0.099395,0.349399,0.299479,0,193,621.1700024631922,98.3884334564209,42,0.6993764241536459,1879.923828125,49.19268944184462,2,2,73,0.67,0.46900000000000003,0.0,0.7,0.1,0.0,0.2,258,789.121666144052,117.02704429626465,57,0.5325989304927358,1942.9208984375,45.78771014445949,2,3,74,0.67,0.46900000000000003,0.0,0.7,0.1,0.0,0.2
201,frozen_ddqn_seed4,0,NOOP,0.078045,-0.019071,0.073177,0,258,789.121666144052,117.02704429626465,57,0.5325989304927358,1942.9208984375,45.78771014445949,2,3,74,0.67,0.46900000000000003,0.0,0.7,0.1,0.0,0.2,254,809.8675419965244,333.40930938720703,72,0.43522686428493923,2005.525390625,42.46539524464003,2,4,75,0.0,0.46900000000000003,0.05,0.7,0.1,0.0,0.15
202,frozen_ddqn_seed4,2,COMPACT_64KB,0.285591,-0.069101,0.194673,0,254,809.8675419965244,333.40930938720703,72,0.43522686428493923,2005.525390625,42.46539524464003,2,4,75,0.0,0.46900000000000003,0.05,0.7,0.1,0.0,0.15,198,741.2885123657848,126.35564804077148,28,1.0633457728794642,1905.515625,35.56949182030345,2,0,76,0.0,0.46900000000000003,0.05,0.7,0.05,0.0,0.2
203,frozen_ddqn_seed4,0,NOOP,0.159495,-0.027442,0.153301,0,198,741.2885123657848,126.35564804077148,28,1.0633457728794642,1905.515625,35.56949182030345,2,0,76,0.0,0.46900000000000003,0.05,0.7,0.05,0.0,0.2,153,554.0075159344544,355.94964027404785,37,0.8206015921927787,1943.1845703125,41.48116191607063,2,1,77,0.0,0.43550000000000005,0.05,0.65,0.1,0.0,0.2
204,frozen_ddqn_seed4,0,NOOP,0.128859,-0.027421,0.121669,0,153,554.0075159344544,355.94964027404785,37,0.8206015921927787,1943.1845703125,41.48116191607063,2,1,77,0.0,0.43550000000000005,0.05,0.65,0.1,0.0,0.2,159,600.0510493109566,417.0105457305908,46,0.673045946204144,1981.447265625,41.84962715502141,2,2,78,0.0,0.402,0.05,0.6,0.15,0.0,0.2
205,frozen_ddqn_seed4,0,NOOP,0.102227,-0.02749,0.093173,0,159,600.0510493109566,417.0105457305908,46,0.673045946204144,1981.447265625,41.84962715502141,2,2,78,0.0,0.402,0.05,0.6,0.15,0.0,0.2,207,676.2140155645418,525.214672088623,58,0.5473856432684536,2031.8955078125,40.436511609143956,2,3,79,0.0,0.36850000000000005,0.05,0.55,0.2,0.0,0.2
206,frozen_ddqn_seed4,0,NOOP,0.084186,0.349376,0.284685,0,207,676.2140155645418,525.214672088623,58,0.5473856432684536,2031.8955078125,40.436511609143956,2,3,79,0.0,0.36850000000000005,0.05,0.55,0.2,0.0,0.2,200,691.7041917303308,112.55192756652832,70,0.46468026297433035,2081.767578125,38.57726140531684,2,4,80,0.67,0.36850000000000005,0.05,0.55,0.2,0.0,0.2
207,frozen_ddqn_seed4,1,COMPACT_32KB,-0.212882,-0.064079,0.134316,0,200,691.7041917303308,112.55192756652832,70,0.46468026297433035,2081.767578125,38.57726140531684,2,4,80,0.67,0.36850000000000005,0.05,0.55,0.2,0.0,0.2,227,772.1159665691898,285.98833084106445,44,0.7221790660511364,2033.65625,33.195644467002985,2,0,81,0.0,0.36850000000000005,0.1,0.55,0.15,0.0,0.2
208,frozen_ddqn_seed4,0,NOOP,0.109422,-0.027441,0.101433,0,227,772.1159665691898,285.98833084106445,44,0.7221790660511364,2033.65625,33.195644467002985,2,0,81,0.0,0.36850000000000005,0.1,0.55,0.15,0.0,0.2,230,788.0886995052643,469.4356918334961,56,0.582108633858817,2086.27734375,34.08294608821653,2,1,82,0.0,0.3350000000000001,0.1,0.5,0.2,0.0,0.2
209,frozen_ddqn_seed4,0,NOOP,0.094176,-0.019099,0.084644,0,230,788.0886995052643,469.4356918334961,56,0.582108633858817,2086.27734375,34.08294608821653,2,1,82,0.0,0.3350000000000001,0.1,0.5,0.2,0.0,0.2,195,679.9340590824636,557.854413986206,65,0.5115039532001202,2127.8564453125,33.577441082654346,2,2,83,0.0,0.3350000000000001,0.1,0.5,0.25,0.0,0.15
210,frozen_ddqn_seed4,0,NOOP,0.078872,-0.027486,0.075931,0,195,679.9340590824636,557.854413986206,65,0.5115039532001202,2127.8564453125,33.577441082654346,2,2,83,0.0,0.3350000000000001,0.1,0.5,0.25,0.0,0.15,231,772.7323091745212,243.34239959716797,77,0.44248704786424514,2180.576171875,32.50523158233364,2,3,84,0.0,0.30150000000000005,0.1,0.45,0.25,0.0,0.2
211,frozen_ddqn_seed4,0,NOOP,0.067201,-0.019095,0.061342,0,231,772.7323091745212,243.34239959716797,77,0.44248704786424514,2180.576171875,32.50523158233364,2,3,84,0.0,0.30150000000000005,0.1,0.45,0.25,0.0,0.2,204,691.3732603313531,404.19483184814453,89,0.39162762245435395,2230.7109375,31.325965756847108,2,4,85,0.0,0.30150000000000005,0.15,0.45,0.25,0.0,0.15
212,frozen_ddqn_seed4,3,COMPACT_128KB,0.547625,-0.074132,0.196281,0,204,691.3732603313531,404.19483184814453,89,0.39162762245435395,2230.7109375,31.325965756847108,2,4,85,0.0,0.30150000000000005,0.15,0.45,0.25,0.0,0.15,181,540.1542860842695,90.93904495239258,19,1.6846032393606085,2048.4775390625,23.91000938861525,2,0,86,0.0,0.30150000000000005,0.15,0.45,0.25,0.0,0.15
213,frozen_ddqn_seed4,0,NOOP,0.189824,-0.027466,0.186783,0,181,540.1542860842695,90.93904495239258,19,1.6846032393606085,2048.4775390625,23.91000938861525,2,0,86,0.0,0.30150000000000005,0.15,0.45,0.25,0.0,0.15,258,819.9535607609344,194.5338249206543,34,0.970369675580193,2111.5244140625,55.125856295837686,2,1,87,0.0,0.268,0.15,0.4,0.25,0.05,0.15
214,frozen_ddqn_seed4,0,NOOP,0.132765,-0.027485,0.128456,0,258,819.9535607609344,194.5338249206543,34,0.970369675580193,2111.5244140625,55.125856295837686,2,1,87,0.0,0.268,0.15,0.4,0.25,0.05,0.15,293,874.5788385596323,276.6695022583008,49,0.6944486656967475,2177.791015625,53.01861980160091,2,2,88,0.0,0.23450000000000001,0.2,0.35,0.25,0.05,0.15
215,frozen_ddqn_seed4,0,NOOP,0.101567,-0.027488,0.092644,0,293,874.5788385596323,276.6695022583008,49,0.6944486656967475,2177.791015625,53.01861980160091,2,2,88,0.0,0.23450000000000001,0.2,0.35,0.25,0.05,0.15,292,888.9739674253483,526.1249542236328,64,0.5478348731994629,2243.931640625,49.335652205661795,2,3,89,0.0,0.201,0.2,0.3,0.3,0.05,0.15
216,frozen_ddqn_seed4,0,NOOP,0.084828,-0.027497,0.079741,0,292,888.9739674253483,526.1249542236328,64,0.5478348731994629,2243.931640625,49.335652205661795,2,3,89,0.0,0.201,0.2,0.3,0.3,0.05,0.15,203,708.6600504043333,349.35498237609863,76,0.4716391312448602,2294.052734375,46.61718521081236,2,4,90,0.0,0.16750000000000004,0.2,0.25,0.3,0.1,0.15
217,frozen_ddqn_seed4,0,NOOP,0.0751,-0.027516,0.060716,0,203,708.6600504043333,349.35498237609863,76,0.4716391312448602,2294.052734375,46.61718521081236,2,4,90,0.0,0.16750000000000004,0.2,0.25,0.3,0.1,0.15,154,577.8389425894035,825.4339694976807,85,0.4286251292509191,2331.720703125,44.778713007275705,2,5,91,0.0,0.134,0.2,0.2,0.35,0.1,0.15
218,frozen_ddqn_seed4,3,COMPACT_128KB,0.54725,-0.082526,0.192708,0,154,577.8389425894035,825.4339694976807,85,0.4286251292509191,2331.720703125,44.778713007275705,2,5,91,0.0,0.134,0.2,0.2,0.35,0.1,0.15,224,703.6210624068541,254.58550453186035,22,1.5479909723455256,2179.5712890625,33.56976737519759,2,0,92,0.0,0.1005,0.2,0.15,0.4,0.1,0.15
219,frozen_ddqn_seed4,0,NOOP,0.196125,0.349354,0.395631,0,224,703.6210624068541,254.58550453186035,22,1.5479909723455256,2179.5712890625,33.56976737519759,2,0,92,0.0,0.1005,0.2,0.15,0.4,0.1,0.15,158,605.2508333957429,113.47055435180664,31,1.117799328219506,2217.7138671875,51.99697955379789,2,1,93,0.67,0.1005,0.2,0.15,0.4,0.1,0.15
220,frozen_ddqn_seed4,0,NOOP,0.171296,-0.027544,0.167435,0,158,605.2508333957429,113.47055435180664,31,1.117799328219506,2217.7138671875,51.99697955379789,2,1,93,0.67,0.1005,0.2,0.15,0.4,0.1,0.15,167,617.3274754174646,243.09182167053223,40,0.8814823150634765,2256.5947265625,53.7400929914534,2,2,94,0.0,0.067,0.25,0.1,0.4,0.1,0.15
221,frozen_ddqn_seed4,7,REMOVE_PARTITION,0.061257,-0.054163,0.122474,0,167,617.3274754174646,243.09182167053223,40,0.8814823150634765,2256.5947265625,53.7400929914534,2,2,94,0.0,0.067,0.25,0.1,0.4,0.1,0.15,251,747.7688499462313,189.74685668945312,55,0.6588426069779829,2319.1259765625,51.35497681299959,0,3,0,0.0,0.067,0.2,0.1,0.4,0.1,0.2
222,frozen_ddqn_seed4,0,NOOP,0.115267,-0.035249,0.113228,0,251,747.7688499462313,189.74685668945312,55,0.6588426069779829,2319.1259765625,51.35497681299959,0,3,0,0.0,0.067,0.2,0.1,0.4,0.1,0.2,274,1063.4871376313697,176.94354057312012,60,0.6138364156087239,2357.1318359375,50.06636775556405,0,4,1,0.0,0.067,0.2,0.15,0.4,0.1,0.15
223,frozen_ddqn_seed4,3,COMPACT_128KB,0.547375,-0.07229,0.194946,0,274,1063.4871376313697,176.94354057312012,60,0.6138364156087239,2357.1318359375,50.06636775556405,0,4,1,0.0,0.067,0.2,0.15,0.4,0.1,0.15,291,997.1385561805325,147.7224826812744,21,1.6933949788411458,2275.9228515625,20.769336068211587,0,0,2,0.0,0.067,0.2,0.15,0.35,0.15,0.15
224,frozen_ddqn_seed4,0,NOOP,0.19675,-0.016912,0.193534,0,291,997.1385561805325,147.7224826812744,21,1.6933949788411458,2275.9228515625,20.769336068211587,0,0,2,0.0,0.067,0.2,0.15,0.35,0.15,0.15,298,1125.0704051919295,193.2985782623291,26,1.3919184758112981,2316.15234375,44.3982127253547,0,1,3,0.0,0.067,0.25,0.15,0.3,0.15,0.15
225,frozen_ddqn_seed4,0,NOOP,0.19625,-0.016655,0.194628,0,298,1125.0704051919295,193.2985782623291,26,1.3919184758112981,2316.15234375,44.3982127253547,0,1,3,0.0,0.067,0.25,0.15,0.3,0.15,0.15,239,980.727314707016,118.59011650085449,30,1.2230997721354167,2348.3515625,49.842288541823436,0,2,4,0.0,0.067,0.25,0.2,0.25,0.15,0.15
226,frozen_ddqn_seed4,0,NOOP,0.195875,-0.024868,0.192259,0,239,980.727314707016,118.59011650085449,30,1.2230997721354167,2348.3515625,49.842288541823436,0,2,4,0.0,0.067,0.25,0.2,0.25,0.15,0.15,175,746.0868221718961,222.03445434570312,33,1.123165246212121,2372.125,51.7030176667294,0,3,5,0.0,0.0335,0.3,0.15,0.25,0.15,0.15
227,frozen_ddqn_seed4,0,NOOP,0.1955,-0.016351,0.193571,0,175,746.0868221718961,222.03445434570312,33,1.123165246212121,2372.125,51.7030176667294,0,3,5,0.0,0.0335,0.3,0.15,0.25,0.15,0.15,177,772.8811983955043,141.47377014160156,36,1.0399568345811632,2396.060546875,52.58264797527799,0,4,6,0.0,0.0335,0.25,0.15,0.25,0.15,0.2
228,frozen_ddqn_seed4,3,COMPACT_128KB,0.5475,-0.071231,0.193259,0,177,772.8811983955043,141.47377014160156,36,1.0399568345811632,2396.060546875,52.58264797527799,0,4,6,0.0,0.0335,0.25,0.15,0.25,0.15,0.2,177,769.4790080410614,237.0593547821045,20,1.8473724365234374,2364.63671875,8.744580782853562,0,0,7,0.0,0.0335,0.25,0.15,0.25,0.15,0.2
229,frozen_ddqn_seed4,0,NOOP,0.196875,-0.016092,0.193655,0,177,769.4790080410614,237.0593547821045,20,1.8473724365234374,2364.63671875,8.744580782853562,0,0,7,0.0,0.0335,0.25,0.15,0.25,0.15,0.2,264,1018.3476611860439,192.26598739624023,25,1.5010870361328126,2401.7392578125,45.90275313394064,0,1,8,0.0,0.0335,0.25,0.15,0.2,0.2,0.2
230,frozen_ddqn_seed4,0,NOOP,0.196375,-0.016012,0.193077,0,264,1018.3476611860439,192.26598739624023,25,1.5010870361328126,2401.7392578125,45.90275313394064,0,1,8,0.0,0.0335,0.25,0.15,0.2,0.2,0.2,215,706.458624663428,201.13706588745117,29,1.3102211787782867,2431.7705078125,52.64944011272273,0,2,9,0.0,0.0335,0.25,0.15,0.2,0.25,0.15
231,frozen_ddqn_seed4,0,NOOP,0.196,-0.015971,0.191786,0,215,706.458624663428,201.13706588745117,29,1.3102211787782867,2431.7705078125,52.64944011272273,0,2,9,0.0,0.0335,0.25,0.15,0.2,0.25,0.15,168,683.6482347119946,250.70595741271973,32,1.1987009048461914,2454.939453125,54.88190670470668,0,3,10,0.0,0.0335,0.25,0.15,0.2,0.25,0.15
232,frozen_ddqn_seed4,0,NOOP,0.195375,-0.015941,0.187359,0,168,683.6482347119946,250.70595741271973,32,1.1987009048461914,2454.939453125,54.88190670470668,0,3,10,0.0,0.0335,0.25,0.15,0.2,0.25,0.15,292,1128.2208582401315,447.066068649292,37,1.053414009712838,2494.484375,56.23521288061545,0,4,11,0.0,0.0335,0.25,0.15,0.25,0.25,0.1
233,frozen_ddqn_seed4,3,COMPACT_128KB,0.54725,-0.070955,0.195196,0,292,1128.2208582401315,447.066068649292,37,1.053414009712838,2494.484375,56.23521288061545,0,4,11,0.0,0.0335,0.25,0.15,0.25,0.25,0.1,248,911.1215567561508,130.22112846374512,22,1.7561590021306819,2472.671875,22.435847007956472,0,0,12,0.0,0.0335,0.25,0.2,0.25,0.2,0.1
234,frozen_ddqn_seed4,0,NOOP,0.196875,-0.015981,0.193733,0,248,911.1215567561508,130.22112846374512,22,1.7561590021306819,2472.671875,22.435847007956472,0,0,12,0.0,0.0335,0.25,0.2,0.25,0.2,0.1,156,601.6059315488669,188.35711479187012,25,1.559178466796875,2494.685546875,40.6755077189305,0,1,13,0.0,0.0335,0.25,0.2,0.25,0.2,0.1
235,frozen_ddqn_seed4,0,NOOP,0.19625,-0.016057,0.191689,0,156,601.6059315488669,188.35711479187012,25,1.559178466796875,2494.685546875,40.6755077189305,0,1,13,0.0,0.0335,0.25,0.2,0.25,0.2,0.1,267,1045.9308135511221,265.5656337738037,30,1.3187861124674478,2532.0693359375,50.92698749501623,0,2,14,0.0,0.0335,0.3,0.2,0.2,0.2,0.1
236,frozen_ddqn_seed4,0,NOOP,0.195625,-0.016177,0.19347,0,267,1045.9308135511221,265.5656337738037,30,1.3187861124674478,2532.0693359375,50.92698749501623,0,2,14,0.0,0.0335,0.3,0.2,0.2,0.2,0.1,286,908.5676337283986,151.52454376220703,35,1.1477887834821427,2571.046875,54.33132241143578,0,3,15,0.0,0.0335,0.3,0.25,0.2,0.15,0.1
237,frozen_ddqn_seed4,0,NOOP,0.195,-0.016317,0.18838,0,286,908.5676337283986,151.52454376220703,35,1.1477887834821427,2571.046875,54.33132241143578,0,3,15,0.0,0.0335,0.3,0.25,0.2,0.15,0.1,258,961.2153129258106,381.011962890625,40,1.018698501586914,2607.8681640625,55.34884873326577,0,4,16,0.0,0.0335,0.3,0.25,0.2,0.15,0.1
238,frozen_ddqn_seed4,3,COMPACT_128KB,0.547125,-0.071512,0.195625,0,258,961.2153129258106,381.011962890625,40,1.018698501586914,2607.8681640625,55.34884873326577,0,4,16,0.0,0.0335,0.3,0.25,0.2,0.15,0.1,295,1132.8691448452664,103.76548767089844,23,1.7556994894276494,2584.3896484375,21.87412629375643,0,0,17,0.0,0.0335,0.3,0.3,0.15,0.15,0.1
239,frozen_ddqn_seed4,0,NOOP,0.196625,-0.025071,0.19363,0,295,1132.8691448452664,103.76548767089844,23,1.7556994894276494,2584.3896484375,21.87412629375643,0,0,17,0.0,0.0335,0.3,0.3,0.15,0.15,0.1,242,928.1181528738134,183.5172176361084,27,1.5142782705801505,2616.6728515625,42.78284743652045,0,1,18,0.0,0.0,0.3,0.25,0.15,0.2,0.1
240,frozen_ddqn_seed4,0,NOOP,0.196,-0.01695,0.193172,0,242,928.1181528738134,183.5172176361084,27,1.5142782705801505,2616.6728515625,42.78284743652045,0,1,18,0.0,0.0,0.3,0.25,0.15,0.2,0.1,296,1125.943740630467,181.3826560974121,32,1.2971763610839844,2656.6171875,51.10081287197688,0,2,19,0.0,0.0,0.25,0.25,0.15,0.25,0.1
241,frozen_ddqn_seed4,0,NOOP,0.1955,-0.017144,0.193373,0,296,1125.943740630467,181.3826560974121,32,1.2971763610839844,2656.6171875,51.10081287197688,0,2,19,0.0,0.0,0.25,0.25,0.15,0.25,0.1,208,834.181363390366,151.34239196777344,36,1.1658206515842013,2686.05078125,53.79965819145969,0,3,20,0.0,0.0,0.25,0.25,0.15,0.25,0.1
242,frozen_ddqn_seed4,4,PARTITION_HOUR,0.013182,-0.117365,0.191705,0,208,834.181363390366,151.34239196777344,36,1.1658206515842013,2686.05078125,53.79965819145969,0,3,20,0.0,0.0,0.25,0.25,0.15,0.25,0.1,222,913.8607777187818,214.75481986999512,40,1.0612285614013672,2716.7451171875,54.874003573306155,1,4,0,0.0,0.0,0.25,0.2,0.15,0.3,0.1
243,frozen_ddqn_seed4,3,COMPACT_128KB,0.547,-0.077611,0.193967,0,222,913.8607777187818,214.75481986999512,40,1.0612285614013672,2716.7451171875,54.874003573306155,1,4,0,0.0,0.0,0.25,0.2,0.15,0.3,0.1,203,772.6040992918613,181.64658546447754,24,1.7501767476399739,2688.271484375,32.40415523075655,1,0,1,0.0,0.0,0.25,0.25,0.15,0.25,0.1
244,frozen_ddqn_seed4,0,NOOP,0.196625,-0.022116,0.194741,0,203,772.6040992918613,181.64658546447754,24,1.7501767476399739,2688.271484375,32.40415523075655,1,0,1,0.0,0.0,0.25,0.25,0.15,0.25,0.1,168,661.0637653939356,127.95257568359375,27,1.5690923620153356,2711.3916015625,45.21850482000094,1,1,2,0.0,0.0,0.2,0.25,0.15,0.25,0.15
245,frozen_ddqn_seed4,0,NOOP,0.196125,-0.021465,0.19439,0,168,661.0637653939356,127.95257568359375,27,1.5690923620153356,2711.3916015625,45.21850482000094,1,1,2,0.0,0.0,0.2,0.25,0.15,0.25,0.15,228,885.1953406743137,125.50926208496094,31,1.3823055144279235,2742.494140625,52.61994858957923,1,2,3,0.0,0.0,0.2,0.25,0.15,0.25,0.15
246,frozen_ddqn_seed4,0,NOOP,0.19575,-0.021009,0.193632,0,228,885.1953406743137,125.50926208496094,31,1.3823055144279235,2742.494140625,52.61994858957923,1,2,3,0.0,0.0,0.2,0.25,0.15,0.25,0.15,165,653.9085212369513,148.38218688964844,34,1.2708704331341911,2765.4140625,55.30513567670187,1,3,4,0.0,0.0,0.15,0.25,0.15,0.25,0.2
247,frozen_ddqn_seed4,0,NOOP,0.195125,-0.020221,0.191876,0,165,653.9085212369513,148.38218688964844,34,1.2708704331341911,2765.4140625,55.30513567670187,1,3,4,0.0,0.0,0.15,0.25,0.15,0.25,0.2,297,1088.9572479819851,211.17782592773438,39,1.1239346235226362,2805.3408203125,57.21340721506232,1,4,5,0.0,0.0,0.15,0.25,0.15,0.3,0.15
248,frozen_ddqn_seed4,3,COMPACT_128KB,0.547,-0.074711,0.195338,0,297,1088.9572479819851,211.17782592773438,39,1.1239346235226362,2805.3408203125,57.21340721506232,1,4,5,0.0,0.0,0.15,0.25,0.15,0.3,0.15,201,776.8296034742193,113.10386657714844,24,1.8097801208496094,2779.822265625,22.013904390469293,1,0,6,0.0,0.0,0.15,0.3,0.1,0.3,0.15
249,frozen_ddqn_seed4,0,NOOP,0.196625,-0.019317,0.194652,0,201,776.8296034742193,113.10386657714844,24,1.8097801208496094,2779.822265625,22.013904390469293,1,0,6,0.0,0.0,0.15,0.3,0.1,0.3,0.15,161,643.3753851489242,132.37929344177246,27,1.621776439525463,2802.4296875,40.391078128408836,1,1,7,0.0,0.0,0.15,0.35,0.1,0.25,0.15
250,frozen_ddqn_seed4,0,NOOP,0.19625,0.498643,0.468668,0,161,643.3753851489242,132.37929344177246,27,1.621776439525463,2802.4296875,40.391078128408836,1,1,7,0.0,0.0,0.15,0.35,0.1,0.25,0.15,195,683.730429955794,216.62473678588867,30,1.4728861490885417,2827.94140625,48.042297287526665,1,2,8,0.92,0.046,0.2,0.35,0.1,0.2,0.15
251,frozen_ddqn_seed4,0,NOOP,0.196125,-0.018705,0.194321,0,195,683.730429955794,216.62473678588867,30,1.4728861490885417,2827.94140625,48.042297287526665,1,2,8,0.92,0.046,0.2,0.35,0.1,0.2,0.15,66,289.74798303530685,128.93199920654297,31,1.4296402469758065,2836.40625,49.68499225124816,1,3,9,0.0,0.046,0.15,0.4,0.1,0.2,0.15
252,frozen_ddqn_seed4,0,NOOP,0.196,0.498955,0.468255,0,66,289.74798303530685,128.93199920654297,31,1.4296402469758065,2836.40625,49.68499225124816,1,3,9,0.0,0.046,0.15,0.4,0.1,0.2,0.15,71,315.12226671294457,227.24485397338867,32,1.3893461227416992,2845.380859375,51.00761611588785,1,4,10,0.92,0.092,0.2,0.4,0.05,0.2,0.15
253,frozen_ddqn_seed4,2,COMPACT_64KB,0.555091,0.32,0.41519,0,71,315.12226671294457,227.24485397338867,32,1.3893461227416992,2845.380859375,51.00761611588785,1,4,10,0.92,0.092,0.2,0.4,0.05,0.2,0.15,62,282.048614251952,330.51395416259766,32,1.3928351402282715,2852.5263671875,23.18695363592287,1,0,11,0.75,0.1295,0.2,0.35,0.1,0.2,0.15
254,frozen_ddqn_seed4,0,NOOP,0.195875,-0.051921,0.193809,0,62,282.048614251952,330.51395416259766,32,1.3928351402282715,2852.5263671875,23.18695363592287,1,0,11,0.75,0.1295,0.2,0.35,0.1,0.2,0.15,32,150.52618663903272,144.53792572021484,33,1.3532668604995266,2858.099609375,27.06398607944892,1,1,12,0.0,0.1295,0.15,0.35,0.1,0.2,0.2
255,frozen_ddqn_seed4,0,NOOP,0.19575,-0.052004,0.192692,0,32,150.52618663903272,144.53792572021484,33,1.3532668604995266,2858.099609375,27.06398607944892,1,1,12,0.0,0.1295,0.15,0.35,0.1,0.2,0.2,58,254.146598105729,195.3904628753662,34,1.3171274521771599,2866.0693359375,29.86888521139999,1,2,13,0.0,0.1295,0.1,0.35,0.1,0.25,0.2
256,frozen_ddqn_seed4,0,NOOP,0.195625,-0.052047,0.193176,0,58,254.146598105729,195.3904628753662,34,1.3171274521771599,2866.0693359375,29.86888521139999,1,2,13,0.0,0.1295,0.1,0.35,0.1,0.25,0.2,30,133.21509788726132,166.1849021911621,35,1.2819004603794644,2871.45703125,32.30807768510541,1,3,14,0.0,0.1295,0.1,0.35,0.1,0.25,0.2
257,frozen_ddqn_seed4,0,NOOP,0.1955,-0.0521,0.193494,0,30,133.21509788726132,166.1849021911621,35,1.2819004603794644,2871.45703125,32.30807768510541,1,3,14,0.0,0.1295,0.1,0.35,0.1,0.25,0.2,37,126.07080113309108,145.31922340393066,36,1.2489009433322482,2877.4677734375,34.27190643837901,1,4,15,0.0,0.1295,0.1,0.35,0.05,0.25,0.25
258,frozen_ddqn_seed4,0,NOOP,0.195375,-0.052149,0.193135,0,37,126.07080113309108,145.31922340393066,36,1.2489009433322482,2877.4677734375,34.27190643837901,1,4,15,0.0,0.1295,0.1,0.35,0.05,0.25,0.25,34,152.28512146494768,158.25533866882324,37,1.2175730112436656,2883.212890625,35.92597804155986,1,5,16,0.0,0.1295,0.1,0.35,0.05,0.25,0.25
259,frozen_ddqn_seed4,0,NOOP,0.19525,-0.052248,0.191287,0,34,152.28512146494768,158.25533866882324,37,1.2175730112436656,2883.212890625,35.92597804155986,1,5,16,0.0,0.1295,0.1,0.35,0.05,0.25,0.25,70,307.74944524630854,245.64862251281738,38,1.1891868992855674,2892.1025390625,37.16462653208027,1,6,17,0.0,0.1295,0.1,0.35,0.05,0.25,0.25
260,frozen_ddqn_seed4,2,COMPACT_64KB,0.217591,0.319583,0.415288,0,70,307.74944524630854,245.64862251281738,38,1.1891868992855674,2892.1025390625,37.16462653208027,1,6,17,0.0,0.1295,0.1,0.35,0.05,0.25,0.25,31,133.24201819143224,325.6068229675293,32,1.40510892868042,2877.6630859375,20.672972817501826,1,0,18,0.75,0.16699999999999998,0.1,0.35,0.1,0.2,0.25
261,frozen_ddqn_seed4,0,NOOP,0.195875,0.465105,0.468182,0,31,133.24201819143224,325.6068229675293,32,1.40510892868042,2877.6630859375,20.672972817501826,1,0,18,0.75,0.16699999999999998,0.1,0.35,0.1,0.2,0.25,73,315.28781229212274,225.88777542114258,33,1.3668740012428977,2886.837890625,24.730949098438902,1,1,19,0.92,0.213,0.15,0.35,0.1,0.2,0.2
262,frozen_ddqn_seed4,0,NOOP,0.19575,-0.052462,0.193298,0,73,315.28781229212274,225.88777542114258,33,1.3668740012428977,2886.837890625,24.730949098438902,1,1,19,0.92,0.213,0.15,0.35,0.1,0.2,0.2,47,216.72224518693767,165.0869846343994,34,1.3298277013442095,2893.705078125,28.00385274340115,1,2,20,0.0,0.213,0.15,0.4,0.1,0.15,0.2
263,frozen_ddqn_seed4,4,PARTITION_HOUR,-0.25892,0.214978,0.467628,0,47,216.72224518693767,165.0869846343994,34,1.3298277013442095,2893.705078125,28.00385274340115,1,2,20,0.0,0.213,0.15,0.4,0.1,0.15,0.2,43,142.65437403106907,243.6223030090332,35,1.294740949358259,2900.2197265625,30.620879335129192,1,3,21,0.92,0.259,0.2,0.35,0.1,0.15,0.2
264,frozen_ddqn_seed4,0,NOOP,0.1955,-0.052564,0.192284,0,43,142.65437403106907,243.6223030090332,35,1.294740949358259,2900.2197265625,30.620879335129192,1,3,21,0.92,0.259,0.2,0.35,0.1,0.15,0.2,30,140.11028069018965,205.78241348266602,36,1.2611189948187933,2905.6181640625,32.82587595554739,1,4,22,0.0,0.259,0.2,0.35,0.1,0.2,0.15
265,frozen_ddqn_seed4,3,COMPACT_128KB,0.163875,-0.107645,0.193544,0,30,140.11028069018965,205.78241348266602,36,1.2611189948187933,2905.6181640625,32.82587595554739,1,4,22,0.0,0.259,0.2,0.35,0.1,0.2,0.15,58,257.21587684239466,177.81996726989746,29,1.557244662580819,2890.24609375,12.533766432407747,1,0,23,0.0,0.259,0.2,0.3,0.1,0.25,0.15
266,frozen_ddqn_seed4,0,NOOP,0.19625,-0.052737,0.193232,0,58,257.21587684239466,177.81996726989746,29,1.557244662580819,2890.24609375,12.533766432407747,1,0,23,0.0,0.259,0.2,0.3,0.1,0.25,0.15,66,304.2995771175178,188.3983612060547,30,1.5098464965820313,2898.9052734375,20.681845336601747,1,1,24,0.0,0.259,0.2,0.3,0.1,0.3,0.1
267,frozen_ddqn_seed4,0,NOOP,0.196125,0.369048,0.415332,0,66,304.2995771175178,188.3983612060547,30,1.5098464965820313,2898.9052734375,20.681845336601747,1,1,24,0.0,0.259,0.2,0.3,0.1,0.3,0.1,65,285.1641502230544,328.3987045288086,31,1.465450656029486,2907.4541015625,25.76333205959632,1,2,25,0.75,0.2965,0.2,0.3,0.15,0.25,0.1
268,frozen_ddqn_seed4,0,NOOP,0.196,-0.052887,0.194058,0,65,285.1641502230544,328.3987045288086,31,1.465450656029486,2907.4541015625,25.76333205959632,1,2,25,0.75,0.2965,0.2,0.3,0.15,0.25,0.1,43,198.05418416819032,137.10713386535645,32,1.4228572845458984,2914.01171875,29.666954973069362,1,3,26,0.0,0.2965,0.2,0.25,0.15,0.25,0.15
269,frozen_ddqn_seed4,0,NOOP,0.195875,-0.05293,0.193478,0,43,198.05418416819032,137.10713386535645,32,1.4228572845458984,2914.01171875,29.666954973069362,1,3,26,0.0,0.2965,0.2,0.25,0.15,0.25,0.15,31,142.58517819936395,161.10563278198242,33,1.3823394775390625,2919.5009765625,32.780001942938256,1,4,27,0.0,0.2965,0.2,0.25,0.15,0.25,0.15
270,frozen_ddqn_seed4,0,NOOP,0.19575,-0.06453,0.191912,0,31,142.58517819936395,161.10563278198242,33,1.3823394775390625,2919.5009765625,32.780001942938256,1,4,27,0.0,0.2965,0.2,0.25,0.15,0.25,0.15,73,329.15740384387976,234.40933227539062,34,1.3458664838005514,2928.60546875,35.03180083043046,1,5,28,0.0,0.2505,0.15,0.25,0.15,0.25,0.2
271,frozen_ddqn_seed4,2,COMPACT_64KB,0.555091,-0.103103,0.194087,0,73,329.15740384387976,234.40933227539062,34,1.3458664838005514,2928.60546875,35.03180083043046,1,5,28,0.0,0.2505,0.15,0.25,0.15,0.25,0.2,53,228.98327882530478,135.62583923339844,32,1.429527759552002,2927.6728515625,21.337498682952788,1,0,29,0.0,0.2505,0.15,0.2,0.15,0.25,0.25
272,frozen_ddqn_seed4,0,NOOP,0.195875,0.45279,0.467493,0,53,228.98327882530478,135.62583923339844,32,1.429527759552002,2927.6728515625,21.337498682952788,1,0,29,0.0,0.2505,0.15,0.2,0.15,0.25,0.25,78,340.8685113428099,260.3747844696045,33,1.3907849860913826,2937.337890625,25.37614192075214,1,1,30,0.92,0.2505,0.15,0.2,0.15,0.25,0.25
273,frozen_ddqn_seed4,0,NOOP,0.19575,0.359196,0.414347,0,78,340.8685113428099,260.3747844696045,33,1.3907849860913826,2937.337890625,25.37614192075214,1,1,30,0.92,0.2505,0.15,0.2,0.15,0.25,0.25,69,286.65395145027156,362.62965202331543,34,1.3539787741268383,2946.2578125,28.51483020820472,1,2,31,0.75,0.2505,0.15,0.2,0.15,0.25,0.25
274,frozen_ddqn_seed4,0,NOOP,0.195625,-0.053409,0.192417,0,69,286.65395145027156,362.62965202331543,34,1.3539787741268383,2946.2578125,28.51483020820472,1,2,31,0.75,0.2505,0.15,0.2,0.15,0.25,0.25,78,332.5601469480528,204.13541793823242,35,1.3196175711495535,2955.943359375,30.9587630708602,1,3,32,0.0,0.2505,0.15,0.2,0.15,0.3,0.2
275,frozen_ddqn_seed4,0,NOOP,0.1955,0.368362,0.41417,0,78,332.5601469480528,204.13541793823242,35,1.3196175711495535,2955.943359375,30.9587630708602,1,3,32,0.0,0.2505,0.15,0.2,0.15,0.3,0.2,77,353.77368047461727,361.48810386657715,36,1.2870924207899306,2965.4609375,32.970477978404965,1,4,33,0.75,0.288,0.15,0.2,0.2,0.25,0.2
276,frozen_ddqn_seed4,2,COMPACT_64KB,0.555091,0.413897,0.468463,0,77,353.77368047461727,361.48810386657715,36,1.2870924207899306,2965.4609375,32.970477978404965,1,4,33,0.75,0.288,0.15,0.2,0.2,0.25,0.2,67,287.6151081198366,216.8564796447754,32,1.4450592994689941,2959.4814453125,18.90825120750537,1,0,34,0.92,0.33399999999999996,0.2,0.15,0.2,0.25,0.2
277,frozen_ddqn_seed4,0,NOOP,0.195875,-0.053707,0.193468,0,67,287.6151081198366,216.8564796447754,32,1.4450592994689941,2959.4814453125,18.90825120750537,1,0,34,0.92,0.33399999999999996,0.2,0.15,0.2,0.25,0.2,77,358.8599645541771,161.5917682647705,33,1.4058393998579546,2969.1328125,23.542830989294256,1,1,35,0.0,0.33399999999999996,0.2,0.2,0.2,0.25,0.15
278,frozen_ddqn_seed4,0,NOOP,0.19575,-0.053769,0.192297,0,77,358.8599645541771,161.5917682647705,33,1.4058393998579546,2969.1328125,23.542830989294256,1,1,35,0.0,0.33399999999999996,0.2,0.2,0.2,0.25,0.15,47,220.9980930685677,215.1336669921875,34,1.3676677030675553,2976.044921875,27.21006351507174,1,2,36,0.0,0.33399999999999996,0.2,0.15,0.2,0.3,0.15
279,frozen_ddqn_seed4,0,NOOP,0.195625,0.463627,0.467859,0,47,220.9980930685677,215.1336669921875,34,1.3676677030675553,2976.044921875,27.21006351507174,1,2,36,0.0,0.33399999999999996,0.2,0.15,0.2,0.3,0.15,78,333.54170141529727,232.04898834228516,35,1.3329633440290178,2985.837890625,29.854198463397942,1,3,37,0.92,0.38,0.25,0.15,0.2,0.25,0.15
280,frozen_ddqn_seed4,0,NOOP,0.1955,-0.063341,0.192184,0,78,333.54170141529727,232.04898834228516,35,1.3329633440290178,2985.837890625,29.854198463397942,1,3,37,0.92,0.38,0.25,0.15,0.2,0.25,0.15,70,322.20821407876946,210.80398559570312,36,1.2998237609863281,2994.7939453125,32.05852633566464,1,4,38,0.0,0.34249999999999997,0.25,0.15,0.15,0.3,0.15
281,frozen_ddqn_seed4,2,COMPACT_64KB,0.217466,0.306352,0.414398,0,70,322.20821407876946,210.80398559570312,36,1.2998237609863281,2994.7939453125,32.05852633566464,1,4,38,0.0,0.34249999999999997,0.25,0.15,0.15,0.3,0.15,43,192.14427621121533,365.08822441101074,33,1.415554162227746,2989.650390625,21.99918384288494,1,0,39,0.75,0.33399999999999996,0.2,0.15,0.2,0.3,0.15
282,frozen_ddqn_seed4,0,NOOP,0.19575,-0.054128,0.193737,0,43,192.14427621121533,365.08822441101074,33,1.415554162227746,2989.650390625,21.99918384288494,1,0,39,0.75,0.33399999999999996,0.2,0.15,0.2,0.3,0.15,80,363.22378882760785,143.14794540405273,34,1.3784772087545956,2999.56640625,25.704956696370363,1,1,40,0.0,0.33399999999999996,0.2,0.1,0.2,0.3,0.2
283,frozen_ddqn_seed4,0,NOOP,0.195625,0.356201,0.412687,0,80,363.22378882760785,143.14794540405273,34,1.3784772087545956,2999.56640625,25.704956696370363,1,1,40,0.0,0.33399999999999996,0.2,0.1,0.2,0.3,0.2,35,156.92228425685116,440.63472747802734,35,1.3416826520647323,3005.369140625,28.903244539007666,1,2,41,0.75,0.3255,0.15,0.1,0.25,0.3,0.2
284,frozen_ddqn_seed4,0,NOOP,0.1955,-0.054213,0.192667,0,35,156.92228425685116,440.63472747802734,35,1.3416826520647323,3005.369140625,28.903244539007666,1,2,41,0.75,0.3255,0.15,0.1,0.25,0.3,0.2,30,130.6811815913035,186.63382530212402,36,1.3067601521809895,3010.775390625,31.485926685736914,1,3,42,0.0,0.3255,0.15,0.15,0.25,0.25,0.2
285,frozen_ddqn_seed4,0,NOOP,0.195375,-0.054257,0.191786,0,30,130.6811815913035,186.63382530212402,36,1.3067601521809895,3010.775390625,31.485926685736914,1,3,42,0.0,0.3255,0.15,0.15,0.25,0.25,0.2,34,140.68305791524074,225.68392753601074,37,1.2738688700907939,3016.521484375,33.58243853325016,1,4,43,0.0,0.3255,0.15,0.15,0.25,0.25,0.2
286,frozen_ddqn_seed4,0,NOOP,0.19525,-0.05433,0.192243,0,34,140.68305791524074,225.68392753601074,37,1.2738688700907939,3016.521484375,33.58243853325016,1,4,43,0.0,0.3255,0.15,0.15,0.25,0.25,0.2,56,246.14692249570598,197.83568382263184,38,1.2434764661287006,3024.134765625,35.22884347832604,1,5,44,0.0,0.3255,0.15,0.2,0.25,0.2,0.2
287,frozen_ddqn_seed4,1,COMPACT_32KB,0.563182,-0.054375,0.192451,0,56,246.14692249570598,197.83568382263184,38,1.2434764661287006,3024.134765625,35.22884347832604,1,5,44,0.0,0.3255,0.15,0.2,0.25,0.2,0.2,46,208.18571386951731,177.44708061218262,40,1.1863998413085937,3037.18359375,25.385103191410423,1,0,45,0.0,0.288,0.15,0.25,0.2,0.2,0.2
288,frozen_ddqn_seed4,0,NOOP,0.194875,0.5175,0.466552,0,46,208.18571386951731,177.44708061218262,40,1.1863998413085937,3037.18359375,25.385103191410423,1,0,45,0.0,0.288,0.15,0.25,0.2,0.2,0.2,56,266.3554482538077,267.3771381378174,41,1.1604026236185214,3044.896484375,27.23589208631922,1,1,46,0.92,0.33399999999999996,0.2,0.25,0.2,0.2,0.15
289,frozen_ddqn_seed4,0,NOOP,0.19475,0.0,0.191519,0,56,266.3554482538077,267.3771381378174,41,1.1604026236185214,3044.896484375,27.23589208631922,1,1,46,0.92,0.33399999999999996,0.2,0.25,0.2,0.2,0.15,76,266.680864342645,214.04743194580078,42,1.1362577165876115,3054.2607421875,28.705259186396482,1,2,47,0.0,0.33399999999999996,0.2,0.25,0.2,0.2,0.15
290,frozen_ddqn_seed4,0,NOOP,0.194625,0.0,0.192199,0,76,266.680864342645,214.04743194580078,42,1.1362577165876115,3054.2607421875,28.705259186396482,1,2,47,0.0,0.33399999999999996,0.2,0.25,0.2,0.2,0.15,79,393.6418744171404,175.0473976135254,43,1.1133323492005813,3063.890625,29.948974574173914,1,3,48,0.0,0.33399999999999996,0.2,0.25,0.2,0.2,0.15
291,frozen_ddqn_seed4,0,NOOP,0.1945,0.5175,0.466242,0,79,393.6418744171404,175.0473976135254,43,1.1133323492005813,3063.890625,29.948974574173914,1,3,48,0.0,0.33399999999999996,0.2,0.25,0.2,0.2,0.15,48,240.77894437222164,267.8854465484619,44,1.090513749556108,3070.88671875,31.143579524200955,1,4,49,0.92,0.38,0.25,0.25,0.2,0.2,0.1
292,frozen_ddqn_seed4,1,COMPACT_32KB,0.180807,-0.0565,0.192781,0,48,240.77894437222164,267.8854465484619,44,1.090513749556108,3070.88671875,31.143579524200955,1,4,49,0.92,0.38,0.25,0.25,0.2,0.2,0.1,75,363.0765608390495,165.96341133117676,39,1.2271075126452324,3062.8603515625,20.940663739746054,1,0,50,0.0,0.33399999999999996,0.2,0.25,0.2,0.2,0.15
293,frozen_ddqn_seed4,0,NOOP,0.195,-0.009375,0.191541,0,75,363.0765608390495,165.96341133117676,39,1.2271075126452324,3062.8603515625,20.940663739746054,1,0,50,0.0,0.33399999999999996,0.2,0.25,0.2,0.2,0.15,32,140.09864898859422,222.96953201293945,40,1.1985992431640624,3068.4140625,23.67327173757507,1,1,51,0.0,0.2965,0.2,0.3,0.15,0.2,0.15
294,frozen_ddqn_seed4,0,NOOP,0.194875,0.0,0.192558,0,32,140.09864898859422,222.96953201293945,40,1.1985992431640624,3068.4140625,23.67327173757507,1,1,51,0.0,0.2965,0.2,0.3,0.15,0.2,0.15,41,198.30538527180056,167.10186004638672,41,1.1717927514052973,3074.7841796875,25.828085378698894,1,2,52,0.0,0.2965,0.2,0.3,0.15,0.15,0.2
295,frozen_ddqn_seed4,0,NOOP,0.19475,-0.009375,0.192199,0,41,198.30538527180056,167.10186004638672,41,1.1717927514052973,3074.7841796875,25.828085378698894,1,2,52,0.0,0.2965,0.2,0.3,0.15,0.15,0.2,79,393.7050165157672,180.04727363586426,42,1.1475187029157365,3084.5302734375,27.426006343928407,1,3,53,0.0,0.259,0.2,0.3,0.1,0.15,0.25
296,frozen_ddqn_seed4,0,NOOP,0.194625,-0.0115,0.192201,0,79,393.7050165157672,180.04727363586426,42,1.1475187029157365,3084.5302734375,27.426006343928407,1,3,53,0.0,0.259,0.2,0.3,0.1,0.15,0.25,60,296.68842192628364,174.93367195129395,43,1.1237768128860828,3092.6337890625,28.871369912346367,1,4,54,0.0,0.213,0.15,0.3,0.1,0.15,0.3
297,frozen_ddqn_seed4,1,COMPACT_32KB,0.563182,0.4725,0.46694,0,60,296.68842192628364,174.93367195129395,43,1.1237768128860828,3092.6337890625,28.871369912346367,1,4,54,0.0,0.213,0.15,0.3,0.1,0.15,0.3,36,182.79617785816237,253.00168991088867,40,1.2058879852294921,3087.0732421875,22.38391121551911,1,0,55,0.92,0.259,0.2,0.25,0.1,0.15,0.3
298,frozen_ddqn_seed4,0,NOOP,0.194875,0.421875,0.409181,0,36,182.79617785816237,253.00168991088867,40,1.2058879852294921,3087.0732421875,22.38391121551911,1,0,55,0.92,0.259,0.2,0.25,0.1,0.15,0.3,66,328.0831134846082,585.9503746032715,41,1.179785379549352,3095.7568359375,24.554755548352524,1,1,56,0.75,0.2965,0.2,0.25,0.15,0.1,0.3
299,frozen_ddqn_seed4,0,NOOP,0.19475,0.410375,0.412176,0,66,328.0831134846082,585.9503746032715,41,1.179785379549352,3095.7568359375,24.554755548352524,1,1,56,0.75,0.2965,0.2,0.25,0.15,0.1,0.3,50,243.5863722315401,431.19311332702637,42,1.1543673560732888,3102.939453125,26.44571790820381,1,2,57,0.75,0.288,0.15,0.25,0.2,0.1,0.3
300,frozen_ddqn_seed4,0,NOOP,0.194625,0.0,0.191522,0,50,243.5863722315401,431.19311332702637,42,1.1543673560732888,3102.939453125,26.44571790820381,1,2,57,0.75,0.288,0.15,0.25,0.2,0.1,0.3,57,287.2251832736237,208.91451835632324,43,1.1303600932276525,3110.7509765625,28.004201911369524,1,3,58,0.0,0.288,0.15,0.3,0.2,0.05,0.3
301,frozen_ddqn_seed4,0,NOOP,0.1945,-0.009375,0.189959,0,57,287.2251832736237,208.91451835632324,43,1.1303600932276525,3110.7509765625,28.004201911369524,1,3,58,0.0,0.288,0.15,0.3,0.2,0.05,0.3,64,322.7202250568052,282.0303440093994,44,1.107651103626598,3119.1455078125,29.307652376995993,1,4,59,0.0,0.2505,0.15,0.3,0.15,0.1,0.3
302,frozen_ddqn_seed4,2,COMPACT_64KB,0.216841,-0.05,0.191688,0,64,322.7202250568052,282.0303440093994,44,1.107651103626598,3119.1455078125,29.307652376995993,1,4,59,0.0,0.2505,0.15,0.3,0.15,0.1,0.3,50,249.7977463849251,225.6031036376953,38,1.2770458020662006,3105.775390625,14.733864424990283,1,0,60,0.0,0.2505,0.15,0.3,0.15,0.15,0.25
303,frozen_ddqn_seed4,0,NOOP,0.195125,-0.009375,0.192376,0,50,249.7977463849251,225.6031036376953,38,1.2770458020662006,3105.775390625,14.733864424990283,1,0,60,0.0,0.2505,0.15,0.3,0.15,0.15,0.25,68,324.41423992392754,186.19203567504883,39,1.2478309044471154,3114.5859375,18.647173824405254,1,1,61,0.0,0.213,0.15,0.35,0.1,0.15,0.25
304,frozen_ddqn_seed4,0,NOOP,0.195,0.0,0.192339,0,68,324.41423992392754,186.19203567504883,39,1.2478309044471154,3114.5859375,18.647173824405254,1,1,61,0.0,0.213,0.15,0.35,0.1,0.15,0.25,61,222.28312428704604,183.058500289917,40,1.2198451995849608,3122.8037109375,21.61297535728031,1,2,62,0.0,0.213,0.15,0.3,0.1,0.15,0.3
305,frozen_ddqn_seed4,0,NOOP,0.194875,0.5175,0.466623,0,61,222.28312428704604,183.058500289917,40,1.2198451995849608,3122.8037109375,21.61297535728031,1,2,62,0.0,0.213,0.15,0.3,0.1,0.15,0.3,49,249.3123633015548,263.8733386993408,41,1.1927947998046875,3129.8935546875,24.04839931066382,1,3,63,0.92,0.259,0.2,0.3,0.1,0.1,0.3
306,frozen_ddqn_seed4,0,NOOP,0.19475,0.0,0.19084,0,49,249.3123633015548,263.8733386993408,41,1.1927947998046875,3129.8935546875,24.04839931066382,1,3,63,0.92,0.259,0.2,0.3,0.1,0.1,0.3,58,284.8347061668031,247.9872703552246,42,1.1673224312918526,3137.7626953125,25.99695212947119,1,4,64,0.0,0.259,0.2,0.25,0.1,0.15,0.3
307,frozen_ddqn_seed4,1,COMPACT_32KB,0.563182,-0.045,0.192382,0,58,284.8347061668031,247.9872703552246,42,1.1673224312918526,3137.7626953125,25.99695212947119,1,4,64,0.0,0.259,0.2,0.25,0.1,0.15,0.3,37,190.04106983880902,180.88245391845703,40,1.2246768951416016,3135.1728515625,20.655198560324358,1,0,65,0.0,0.259,0.2,0.2,0.1,0.15,0.35
308,frozen_ddqn_seed4,0,NOOP,0.194875,-0.0115,0.189936,0,37,190.04106983880902,180.88245391845703,40,1.2246768951416016,3135.1728515625,20.655198560324358,1,0,65,0.0,0.259,0.2,0.2,0.1,0.15,0.35,69,336.6477439677645,298.17652702331543,41,1.1981770585222942,3144.0166015625,23.106338928836127,1,1,66,0.0,0.213,0.15,0.25,0.1,0.15,0.35
309,frozen_ddqn_seed4,4,PARTITION_HOUR,-0.259795,-0.25,0.19071,0,69,336.6477439677645,298.17652702331543,41,1.1981770585222942,3144.0166015625,23.106338928836127,1,1,66,0.0,0.213,0.15,0.25,0.1,0.15,0.35,35,171.27477814879373,254.47559356689453,42,1.171826680501302,3149.8701171875,25.304742486151376,1,2,67,0.0,0.213,0.15,0.2,0.1,0.2,0.35
310,frozen_ddqn_seed4,0,NOOP,0.194625,0.0,0.19084,0,35,171.27477814879373,254.47559356689453,42,1.171826680501302,3149.8701171875,25.304742486151376,1,2,67,0.0,0.213,0.15,0.2,0.1,0.2,0.35,77,393.7646176673913,242.98715591430664,43,1.1480265772619913,3159.369140625,26.923054246158397,1,3,68,0.0,0.213,0.15,0.2,0.1,0.25,0.3
311,frozen_ddqn_seed4,0,NOOP,0.1945,-0.0115,0.191873,0,77,393.7646176673913,242.98715591430664,43,1.1480265772619913,3159.369140625,26.923054246158397,1,3,68,0.0,0.213,0.15,0.2,0.1,0.25,0.3,45,169.33485732331616,186.3412857055664,44,1.1243251453746448,3166.099609375,28.447075498667303,1,4,69,0.0,0.16699999999999998,0.1,0.2,0.1,0.25,0.35
312,frozen_ddqn_seed4,1,COMPACT_32KB,0.563182,-0.045,0.191427,0,45,169.33485732331616,186.3412857055664,44,1.1243251453746448,3166.099609375,28.447075498667303,1,4,69,0.0,0.16699999999999998,0.1,0.2,0.1,0.25,0.35,37,173.54977264746603,228.66368293762207,40,1.2334453582763671,3157.6201171875,18.915646843941907,1,0,70,0.0,0.16699999999999998,0.1,0.2,0.1,0.3,0.3
313,frozen_ddqn_seed4,0,NOOP,0.194875,0.421875,0.410411,0,37,173.54977264746603,228.66368293762207,40,1.2334453582763671,3157.6201171875,18.915646843941907,1,0,70,0.0,0.16699999999999998,0.1,0.2,0.1,0.3,0.3,32,163.26681231418993,524.4333744049072,41,1.2054856463176449,3163.1943359375,21.912094017184756,1,1,71,0.75,0.2045,0.1,0.15,0.15,0.3,0.3
314,frozen_ddqn_seed4,0,NOOP,0.19475,0.0,0.190558,0,32,163.26681231418993,524.4333744049072,41,1.2054856463176449,3163.1943359375,21.912094017184756,1,1,71,0.75,0.2045,0.1,0.15,0.15,0.3,0.3,76,372.0911086961343,262.0878219604492,42,1.180309114002046,3172.6708984375,24.030667018098544,1,2,72,0.0,0.2045,0.1,0.15,0.15,0.35,0.25
315,frozen_ddqn_seed4,0,NOOP,0.194625,0.0,0.190767,0,76,372.0911086961343,262.0878219604492,42,1.180309114002046,3172.6708984375,24.030667018098544,1,2,72,0.0,0.2045,0.1,0.15,0.15,0.35,0.25,63,308.8686577527168,246.65069580078125,43,1.155895854151526,3181.025390625,25.85917955553991,1,3,73,0.0,0.2045,0.1,0.15,0.15,0.4,0.2
316,frozen_ddqn_seed4,0,NOOP,0.1945,0.421875,0.411535,0,63,308.8686577527168,246.65069580078125,43,1.155895854151526,3181.025390625,25.85917955553991,1,3,73,0.0,0.2045,0.1,0.15,0.15,0.4,0.2,64,282.8500607984085,453.2740116119385,44,1.1326321688565342,3189.4921875,27.39859720114912,1,4,74,0.75,0.242,0.1,0.15,0.2,0.4,0.15
317,frozen_ddqn_seed4,1,COMPACT_32KB,0.180432,-0.0565,0.190993,0,64,282.8500607984085,453.2740116119385,44,1.1326321688565342,3189.4921875,27.39859720114912,1,4,74,0.75,0.242,0.1,0.15,0.2,0.4,0.15,63,323.5878020764195,240.3712272644043,42,1.186446053641183,3189.1669921875,22.98731190815226,1,0,75,0.0,0.196,0.05,0.15,0.2,0.45,0.15
318,frozen_ddqn_seed4,0,NOOP,0.194625,-0.009375,0.189887,0,63,323.5878020764195,240.3712272644043,42,1.186446053641183,3189.1669921875,22.98731190815226,1,0,75,0.0,0.196,0.05,0.15,0.2,0.45,0.15,63,297.4522957219468,290.6622886657715,43,1.1618964616642442,3197.5390625,24.939615488792967,1,1,76,0.0,0.1585,0.05,0.15,0.15,0.5,0.15
319,frozen_ddqn_seed4,0,NOOP,0.1945,-0.009375,0.188532,0,63,297.4522957219468,290.6622886657715,43,1.1618964616642442,3197.5390625,24.939615488792967,1,1,76,0.0,0.1585,0.05,0.15,0.15,0.5,0.15,79,394.9645932466839,353.40404510498047,44,1.1389340487393467,3207.23828125,26.505599580044912,1,2,77,0.0,0.121,0.05,0.15,0.1,0.55,0.15
320,frozen_ddqn_seed4,0,NOOP,0.194375,0.0,0.190466,0,79,394.9645932466839,353.40404510498047,44,1.1389340487393467,3207.23828125,26.505599580044912,1,2,77,0.0,0.121,0.05,0.15,0.1,0.55,0.15,60,261.1023105734414,251.70588493347168,45,1.116396755642361,3215.22265625,27.932085786330717,1,3,78,0.0,0.121,0.05,0.1,0.1,0.6,0.15
321,frozen_ddqn_seed4,0,NOOP,0.19425,0.0,0.189314,0,60,261.1023105734414,251.70588493347168,45,1.116396755642361,3215.22265625,27.932085786330717,1,3,78,0.0,0.121,0.05,0.1,0.1,0.6,0.15,71,341.40181342309114,304.279088973999,46,1.0952121900475544,3224.3046875,29.110514184361218,1,4,79,0.0,0.121,0.05,0.1,0.1,0.6,0.15
322,frozen_ddqn_seed4,0,NOOP,0.194125,0.0,0.189747,0,71,341.40181342309114,304.279088973999,46,1.0952121900475544,3224.3046875,29.110514184361218,1,4,79,0.0,0.121,0.05,0.1,0.1,0.6,0.15,70,319.93723329599294,277.6329517364502,47,1.07489013671875,3233.26953125,30.14140922627906,1,5,80,0.0,0.121,0.05,0.1,0.1,0.6,0.15
323,frozen_ddqn_seed4,0,NOOP,0.194,0.421875,0.411027,0,70,319.93723329599294,277.6329517364502,47,1.07489013671875,3233.26953125,30.14140922627906,1,5,80,0.0,0.121,0.05,0.1,0.1,0.6,0.15,75,333.96409097858026,458.62841606140137,48,1.0555156071980794,3242.5439453125,31.03185269636473,1,6,81,0.75,0.1585,0.05,0.05,0.15,0.6,0.15
324,frozen_ddqn_seed4,4,PARTITION_HOUR,-0.26067,-0.25,0.189284,0,75,333.96409097858026,458.62841606140137,48,1.0555156071980794,3242.5439453125,31.03185269636473,1,6,81,0.75,0.1585,0.05,0.05,0.15,0.6,0.15,36,170.91335760912503,290.7874584197998,49,1.0358646937779017,3248.4716796875,31.943973130996984,1,7,82,0.0,0.1585,0.05,0.05,0.15,0.65,0.1
325,frozen_ddqn_seed4,4,PARTITION_HOUR,-0.260795,-0.2615,0.189967,0,36,170.91335760912503,290.7874584197998,49,1.0358646937779017,3248.4716796875,31.943973130996984,1,7,82,0.0,0.1585,0.05,0.05,0.15,0.65,0.1,40,150.782175272473,251.67298316955566,50,1.017109375,3254.75,32.73581262330385,1,8,83,0.0,0.1125,0.0,0.1,0.15,0.65,0.1
326,frozen_ddqn_seed4,4,PARTITION_HOUR,-0.2611,-0.25,0.188937,0,40,150.782175272473,251.67298316955566,50,1.017109375,3254.75,32.73581262330385,1,8,83,0.0,0.1125,0.0,0.1,0.15,0.65,0.1,40,187.90884796570037,289.18933868408203,51,0.9991015265969669,3261.0673828125,33.43564113955878,1,9,84,0.0,0.1125,0.0,0.1,0.15,0.65,0.1
327,frozen_ddqn_seed4,4,PARTITION_HOUR,-0.264501,-0.25,0.185243,0,40,187.90884796570037,289.18933868408203,51,0.9991015265969669,3261.0673828125,33.43564113955878,1,9,84,0.0,0.1125,0.0,0.1,0.15,0.65,0.1,77,377.8382588817225,305.07850646972656,52,0.9827235295222356,3270.50390625,33.958126878306274,1,10,85,0.0,0.1125,0.0,0.1,0.15,0.7,0.05
328,frozen_ddqn_seed4,4,PARTITION_HOUR,-0.267982,-0.25,0.181961,0,77,377.8382588817225,305.07850646972656,52,0.9827235295222356,3270.50390625,33.958126878306274,1,10,85,0.0,0.1125,0.0,0.1,0.15,0.7,0.05,37,177.43964747433978,296.4024543762207,53,0.9659429586158609,3276.478515625,34.52691146781278,1,11,86,0.0,0.1125,0.0,0.05,0.15,0.75,0.05
329,frozen_ddqn_seed4,4,PARTITION_HOUR,-0.271135,-0.25,0.178643,0,37,177.43964747433978,296.4024543762207,53,0.9659429586158609,3276.478515625,34.52691146781278,1,11,86,0.0,0.1125,0.0,0.05,0.15,0.75,0.05,76,366.02242979922954,305.8948516845703,54,0.9508034035011574,3285.9765625,34.9329607597133,1,12,87,0.0,0.1125,0.0,0.05,0.15,0.75,0.05
330,frozen_ddqn_seed4,2,COMPACT_64KB,0.216466,-0.05,0.190376,0,76,366.02242979922954,305.8948516845703,54,0.9508034035011574,3285.9765625,34.9329607597133,1,12,87,0.0,0.1125,0.0,0.05,0.15,0.75,0.05,48,232.84952829043013,276.22342109680176,41,1.2394252870141007,3252.251953125,16.673385719685506,1,0,88,0.0,0.1125,0.0,0.05,0.15,0.7,0.1
331,frozen_ddqn_seed4,0,NOOP,0.19475,0.5175,0.466376,0,48,232.84952829043013,276.22342109680176,41,1.2394252870141007,3252.251953125,16.673385719685506,1,0,88,0.0,0.1125,0.0,0.05,0.15,0.7,0.1,42,181.48704994168867,271.21877670288086,42,1.2123057047526042,3258.677734375,19.94356875253734,1,1,89,0.92,0.1585,0.05,0.05,0.15,0.7,0.05
332,frozen_ddqn_seed4,0,NOOP,0.194625,0.421875,0.411101,0,42,181.48704994168867,271.21877670288086,42,1.2123057047526042,3258.677734375,19.94356875253734,1,1,89,0.92,0.1585,0.05,0.05,0.15,0.7,0.05,64,302.2380632296695,479.9365997314453,43,1.1871348536291788,3266.9951171875,22.357672459714543,1,2,90,0.75,0.196,0.05,0.05,0.2,0.65,0.05
333,frozen_ddqn_seed4,5,PARTITION_REGION,0.012682,-0.109375,0.191761,0,64,302.2380632296695,479.9365997314453,43,1.1871348536291788,3266.9951171875,22.357672459714543,1,2,90,0.75,0.196,0.05,0.05,0.2,0.65,0.05,61,294.6927543276269,191.95938110351562,44,1.1630557667125354,3275.1650390625,24.346150638005273,2,3,0,0.0,0.1585,0.05,0.05,0.15,0.65,0.1
334,frozen_ddqn_seed4,0,NOOP,0.194125,-0.086432,0.190168,0,61,294.6927543276269,191.95938110351562,44,1.1630557667125354,3275.1650390625,24.346150638005273,2,3,0,0.0,0.1585,0.05,0.05,0.15,0.65,0.1,54,221.9797888720207,256.61659240722656,47,1.0930773146609043,3287.9765625,29.235576103197193,2,4,1,0.0,0.1585,0.05,0.05,0.15,0.65,0.1
335,frozen_ddqn_seed4,2,COMPACT_64KB,0.215966,-0.132645,0.187759,0,54,221.9797888720207,256.61659240722656,47,1.0930773146609043,3287.9765625,29.235576103197193,2,4,1,0.0,0.1585,0.05,0.05,0.15,0.65,0.1,47,206.98128548869403,387.056827545166,45,1.1411468505859375,3286.5029296875,25.838252022202788,2,0,2,0.0,0.1585,0.05,0.05,0.15,0.65,0.1
336,frozen_ddqn_seed4,0,NOOP,0.194,-0.09179,0.185644,0,47,206.98128548869403,387.056827545166,45,1.1411468505859375,3286.5029296875,25.838252022202788,2,0,2,0.0,0.1585,0.05,0.05,0.15,0.65,0.1,76,250.23460266447285,477.80895233154297,48,1.0746466318766277,3301.314453125,30.042520066622366,2,1,3,0.0,0.121,0.05,0.05,0.15,0.65,0.1
337,frozen_ddqn_seed4,0,NOOP,0.193625,-0.08231,0.188842,0,76,250.23460266447285,477.80895233154297,48,1.0746466318766277,3301.314453125,30.042520066622366,2,1,3,0.0,0.121,0.05,0.05,0.15,0.65,0.1,35,146.53424075031592,302.8895854949951,51,1.0148123946844363,3312.34765625,32.981052532602135,2,2,4,0.0,0.121,0.1,0.05,0.15,0.6,0.1
338,frozen_ddqn_seed4,0,NOOP,0.18569,0.294734,0.384317,0,35,146.53424075031592,302.8895854949951,51,1.0148123946844363,3312.34765625,32.981052532602135,2,2,4,0.0,0.121,0.1,0.05,0.15,0.6,0.1,56,224.28298033044547,186.10858917236328,54,0.962198328088831,3325.357421875,34.96548911793219,2,3,5,0.67,0.1545,0.1,0.1,0.15,0.55,0.1
339,frozen_ddqn_seed4,0,NOOP,0.175818,-0.082021,0.170935,0,56,224.28298033044547,186.10858917236328,54,0.962198328088831,3325.357421875,34.96548911793219,2,3,5,0.67,0.1545,0.1,0.1,0.15,0.55,0.1,40,175.84853134773894,315.4032230377197,57,0.914716218647204,3336.884765625,36.4182252895957,2,4,6,0.0,0.1545,0.1,0.1,0.15,0.55,0.1
340,frozen_ddqn_seed4,1,COMPACT_32KB,0.179932,-0.069532,0.188863,0,40,175.84853134773894,315.4032230377197,57,0.914716218647204,3336.884765625,36.4182252895957,2,4,6,0.0,0.1545,0.1,0.1,0.15,0.55,0.1,54,232.24227012372313,326.8296718597412,46,1.122398044752038,3304.33984375,25.126885939787904,2,0,7,0.0,0.1545,0.1,0.1,0.15,0.55,0.1
341,frozen_ddqn_seed4,0,NOOP,0.193875,-0.024554,0.189526,0,54,232.24227012372313,326.8296718597412,46,1.122398044752038,3304.33984375,25.126885939787904,2,0,7,0.0,0.1545,0.1,0.1,0.15,0.55,0.1,50,182.8917476189604,278.6860466003418,49,1.0576501963089924,3316.791015625,29.33808013456395,2,1,8,0.0,0.1545,0.15,0.1,0.15,0.5,0.1
342,frozen_ddqn_seed4,0,NOOP,0.1935,-0.024567,0.189197,0,50,182.8917476189604,278.6860466003418,49,1.0576501963089924,3316.791015625,29.33808013456395,2,1,8,0.0,0.1545,0.15,0.1,0.15,0.5,0.1,49,215.79670342362624,280.12561798095703,52,1.000350365271935,3329.166015625,32.1570746304351,2,2,9,0.0,0.1545,0.15,0.1,0.15,0.5,0.1
343,frozen_ddqn_seed4,0,NOOP,0.182894,0.342914,0.382081,0,49,215.79670342362624,280.12561798095703,52,1.000350365271935,3329.166015625,32.1570746304351,2,2,9,0.0,0.1545,0.15,0.1,0.15,0.5,0.1,32,137.4635165528458,159.3778133392334,55,0.9488444935191761,3339.9326171875,34.183143701256505,2,3,10,0.67,0.1505,0.15,0.15,0.1,0.5,0.1
344,frozen_ddqn_seed4,0,NOOP,0.173489,-0.024612,0.17037,0,32,137.4635165528458,159.3778133392334,55,0.9488444935191761,3339.9326171875,34.183143701256505,2,3,10,0.67,0.1505,0.15,0.15,0.1,0.5,0.1,74,273.5132818227962,228.41596603393555,58,0.9036936266668911,3354.5107421875,35.5361014811527,2,4,11,0.0,0.1505,0.15,0.15,0.1,0.45,0.15
345,frozen_ddqn_seed4,1,COMPACT_32KB,0.562307,-0.069624,0.190019,0,74,273.5132818227962,228.41596603393555,58,0.9036936266668911,3354.5107421875,35.5361014811527,2,4,11,0.0,0.1505,0.15,0.15,0.1,0.45,0.15,45,195.68197581652657,264.0337944030762,47,1.106717048807347,3329.0048828125,25.80678667694489,2,0,12,0.0,0.1505,0.15,0.1,0.1,0.5,0.15
346,frozen_ddqn_seed4,0,NOOP,0.19375,-0.024641,0.190893,0,45,195.68197581652657,264.0337944030762,47,1.106717048807347,3329.0048828125,25.80678667694489,2,0,12,0.0,0.1505,0.15,0.1,0.1,0.5,0.15,43,193.22522453028895,205.3673267364502,50,1.04401611328125,3340.8515625,29.70975113799945,2,1,13,0.0,0.1505,0.15,0.1,0.1,0.45,0.2
347,frozen_ddqn_seed4,0,NOOP,0.191244,-0.024683,0.18663,0,43,193.22522453028895,205.3673267364502,50,1.04401611328125,3340.8515625,29.70975113799945,2,1,13,0.0,0.1505,0.15,0.1,0.1,0.45,0.2,79,330.95750040452026,296.94128036499023,53,0.9893447588074882,3355.857421875,32.246409026100025,2,2,14,0.0,0.1505,0.15,0.1,0.1,0.45,0.2
348,frozen_ddqn_seed4,0,NOOP,0.181036,-0.024677,0.176515,0,79,330.95750040452026,296.94128036499023,53,0.9893447588074882,3355.857421875,32.246409026100025,2,2,14,0.0,0.1505,0.15,0.1,0.1,0.45,0.2,63,272.14590186558786,296.0636615753174,56,0.9401792798723493,3369.6025390625,34.0765851227213,2,3,15,0.0,0.1505,0.15,0.1,0.1,0.45,0.2
349,frozen_ddqn_seed4,0,NOOP,0.171777,-0.024691,0.166843,0,63,272.14590186558786,296.0636615753174,56,0.9401792798723493,3369.6025390625,34.0765851227213,2,3,15,0.0,0.1505,0.15,0.1,0.1,0.45,0.2,54,228.18118494981357,320.4529285430908,59,0.8957610049490201,3382.3935546875,35.42066778907784,2,4,16,0.0,0.1505,0.15,0.1,0.1,0.4,0.25
350,frozen_ddqn_seed4,1,COMPACT_32KB,0.179682,-0.069714,0.190055,0,54,228.18118494981357,320.4529285430908,59,0.8957610049490201,3382.3935546875,35.42066778907784,2,4,16,0.0,0.1505,0.15,0.1,0.1,0.4,0.25,60,241.89394886030493,257.2591304779053,48,1.0929899215698242,3357.6650390625,26.216233254094472,2,0,17,0.0,0.1505,0.15,0.1,0.1,0.45,0.2
351,frozen_ddqn_seed4,0,NOOP,0.193625,-0.036262,0.189149,0,60,241.89394886030493,257.2591304779053,48,1.0929899215698242,3357.6650390625,26.216233254094472,2,0,17,0.0,0.1505,0.15,0.1,0.1,0.45,0.2,96,381.8887471511505,287.5323295593262,51,1.033810484643076,3374.357421875,29.670409141691852,2,1,18,0.0,0.1045,0.1,0.1,0.1,0.5,0.2
352,frozen_ddqn_seed4,0,NOOP,0.189462,-0.034168,0.184821,0,96,381.8887471511505,287.5323295593262,51,1.033810484643076,3374.357421875,29.670409141691852,2,1,18,0.0,0.1045,0.1,0.1,0.1,0.5,0.2,91,370.6068203863934,299.5607852935791,54,0.9810621473524306,3390.55078125,32.06229762618017,2,2,19,0.0,0.067,0.1,0.1,0.05,0.55,0.2
353,frozen_ddqn_seed4,0,NOOP,0.179607,-0.024805,0.174913,0,91,370.6068203863934,299.5607852935791,54,0.9810621473524306,3390.55078125,32.06229762618017,2,2,19,0.0,0.067,0.1,0.1,0.05,0.55,0.2,83,342.6179355956224,305.9964179992676,57,0.9336622807017544,3406.0,33.78702595458338,2,3,20,0.0,0.067,0.1,0.1,0.05,0.6,0.15
354,frozen_ddqn_seed4,4,PARTITION_HOUR,-0.011195,-0.12481,0.160631,0,83,342.6179355956224,305.9964179992676,57,0.9336622807017544,3406.0,33.78702595458338,2,3,20,0.0,0.067,0.1,0.1,0.05,0.6,0.15,66,285.9159038257552,574.6090412139893,60,0.8906145731608073,3419.9599609375,35.07404385149322,1,4,0,0.0,0.067,0.1,0.1,0.1,0.55,0.15
355,frozen_ddqn_seed4,2,COMPACT_64KB,0.553591,0.44594,0.46611,0,66,285.9159038257552,574.6090412139893,60,0.8906145731608073,3419.9599609375,35.07404385149322,1,4,0,0.0,0.067,0.1,0.1,0.1,0.55,0.15,92,288.13120306562615,274.48582649230957,44,1.2009641473943538,3381.9150390625,20.902751177472283,1,0,1,0.92,0.11300000000000002,0.15,0.1,0.1,0.5,0.15
356,frozen_ddqn_seed4,0,NOOP,0.194375,-0.021434,0.190196,0,92,288.13120306562615,274.48582649230957,44,1.2009641473943538,3381.9150390625,20.902751177472283,1,0,1,0.92,0.11300000000000002,0.15,0.1,0.1,0.5,0.15,87,369.2609891499916,265.18940925598145,45,1.1778588189019097,3392.2333984375,22.92150232107539,1,1,2,0.0,0.11300000000000002,0.15,0.1,0.05,0.55,0.15
357,frozen_ddqn_seed4,0,NOOP,0.19425,0.400575,0.408056,0,87,369.2609891499916,265.18940925598145,45,1.1778588189019097,3392.2333984375,22.92150232107539,1,1,2,0.0,0.11300000000000002,0.15,0.1,0.05,0.55,0.15,95,376.72023862986373,617.1965599060059,46,1.156012493631114,3403.30078125,24.569159563076624,1,2,3,0.75,0.15050000000000002,0.1,0.1,0.1,0.55,0.15
358,frozen_ddqn_seed4,0,NOOP,0.194125,-0.029578,0.188866,0,95,376.72023862986373,617.1965599060059,46,1.156012493631114,3403.30078125,24.569159563076624,1,2,3,0.75,0.15050000000000002,0.1,0.1,0.1,0.55,0.15,70,268.749232246472,321.72274589538574,47,1.1344036345786237,3412.2861328125,26.084727427093444,1,3,4,0.0,0.11699999999999999,0.1,0.05,0.1,0.6,0.15
359,frozen_ddqn_seed4,0,NOOP,0.194,-0.021103,0.191407,0,70,268.749232246472,321.72274589538574,47,1.1344036345786237,3412.2861328125,26.084727427093444,1,3,4,0.0,0.11699999999999999,0.1,0.05,0.1,0.6,0.15,73,338.7746523286704,189.65601921081543,48,1.1137762069702148,3421.5205078125,27.378659970078473,1,4,5,0.0,0.11699999999999999,0.1,0.05,0.1,0.55,0.2
360,frozen_ddqn_seed4,3,COMPACT_128KB,0.164625,-0.055,0.194417,0,73,338.7746523286704,189.65601921081543,48,1.1137762069702148,3421.5205078125,27.378659970078473,1,4,5,0.0,0.11699999999999999,0.1,0.05,0.1,0.55,0.2,89,358.3306033274586,164.1519069671631,23,2.278092094089674,3353.3515625,41.00376232680994,1,0,6,0.0,0.11699999999999999,0.1,0.05,0.1,0.55,0.2
361,frozen_ddqn_seed4,0,NOOP,0.197,0.0,0.195068,0,89,358.3306033274586,164.1519069671631,23,2.278092094089674,3353.3515625,41.00376232680994,1,0,6,0.0,0.11699999999999999,0.1,0.05,0.1,0.55,0.2,59,288.8703185974382,126.59263610839844,24,2.1883532206217446,3361.310546875,48.988332248558045,1,1,7,0.0,0.11699999999999999,0.05,0.05,0.1,0.55,0.25
362,frozen_ddqn_seed4,0,NOOP,0.196875,0.421875,0.416271,0,59,288.8703185974382,126.59263610839844,24,2.1883532206217446,3361.310546875,48.988332248558045,1,1,7,0.0,0.11699999999999999,0.05,0.05,0.1,0.55,0.25,71,326.470464289982,311.4745616912842,25,2.10647216796875,3370.35546875,54.64800236158026,1,2,8,0.75,0.1545,0.05,0.05,0.15,0.5,0.25
363,frozen_ddqn_seed4,0,NOOP,0.19675,-0.008375,0.19372,0,71,326.470464289982,311.4745616912842,25,2.10647216796875,3370.35546875,54.64800236158026,1,2,8,0.75,0.1545,0.05,0.05,0.15,0.5,0.25,75,336.72348073306307,183.99524688720703,26,2.0311038677509012,3379.7568359375,58.92271053067845,1,3,9,0.0,0.121,0.05,0.0,0.15,0.55,0.25
364,frozen_ddqn_seed4,0,NOOP,0.196625,0.0,0.193668,0,75,336.72348073306307,183.99524688720703,26,2.0311038677509012,3379.7568359375,58.92271053067845,1,3,9,0.0,0.121,0.05,0.0,0.15,0.55,0.25,96,441.66259065720715,181.60057067871094,27,1.962373521592882,3390.9814453125,62.135118290393464,1,4,10,0.0,0.121,0.05,0.0,0.15,0.6,0.2
365,frozen_ddqn_seed4,1,COMPACT_32KB,0.180057,-0.045,0.191754,0,96,441.66259065720715,181.60057067871094,27,1.962373521592882,3390.9814453125,62.135118290393464,1,4,10,0.0,0.121,0.05,0.0,0.15,0.6,0.2,96,442.2670430455938,187.3183250427246,45,1.1995215521918403,3454.6220703125,26.379754080498344,1,0,11,0.0,0.121,0.05,0.0,0.15,0.55,0.25
366,frozen_ddqn_seed4,0,NOOP,0.19425,0.0,0.190091,0,96,442.2670430455938,187.3183250427246,45,1.1995215521918403,3454.6220703125,26.379754080498344,1,0,11,0.0,0.121,0.05,0.0,0.15,0.55,0.25,79,277.84394118278414,265.46335220336914,46,1.1767375780188518,3464.3154296875,27.89687622419334,1,1,12,0.0,0.121,0.05,0.0,0.15,0.6,0.2
367,frozen_ddqn_seed4,0,NOOP,0.194125,0.0,0.190067,0,79,277.84394118278414,265.46335220336914,46,1.1767375780188518,3464.3154296875,27.89687622419334,1,1,12,0.0,0.121,0.05,0.0,0.15,0.6,0.2,66,312.23071483113597,261.6579532623291,47,1.1545374444190493,3472.8486328125,29.26083203947038,1,2,13,0.0,0.121,0.05,0.0,0.15,0.6,0.2
368,frozen_ddqn_seed4,0,NOOP,0.194,0.0,0.191482,0,66,312.23071483113597,261.6579532623291,47,1.1545374444190493,3472.8486328125,29.26083203947038,1,2,13,0.0,0.121,0.05,0.0,0.15,0.6,0.2,64,306.82230088616956,185.9138011932373,48,1.1332368850708008,3481.3037109375,30.44968173347544,1,3,14,0.0,0.121,0.05,0.0,0.15,0.55,0.25
369,frozen_ddqn_seed4,0,NOOP,0.193875,0.0,0.188345,0,64,306.82230088616956,185.9138011932373,48,1.1332368850708008,3481.3037109375,30.44968173347544,1,3,14,0.0,0.121,0.05,0.0,0.15,0.55,0.25,75,335.2696670887209,337.74399757385254,49,1.1130710523955676,3490.5908203125,31.456084521504906,1,4,15,0.0,0.121,0.05,0.0,0.15,0.6,0.2
370,frozen_ddqn_seed4,2,COMPACT_64KB,0.553966,-0.05,0.190629,0,75,335.2696670887209,337.74399757385254,49,1.1130710523955676,3490.5908203125,31.456084521504906,1,4,15,0.0,0.121,0.05,0.0,0.15,0.6,0.2,85,362.28228716480214,263.55743408203125,41,1.3240162919207317,3474.21875,12.115220981351301,1,0,16,0.0,0.121,0.05,0.0,0.15,0.6,0.2
371,frozen_ddqn_seed4,0,NOOP,0.19475,0.421875,0.411595,0,85,362.28228716480214,263.55743408203125,41,1.3240162919207317,3474.21875,12.115220981351301,1,0,16,0.0,0.121,0.05,0.0,0.15,0.6,0.2,79,361.65251890667105,460.2699279785156,42,1.2961087908063615,3483.9404296875,16.648785510181863,1,1,17,0.75,0.1585,0.05,0.0,0.2,0.55,0.2
372,frozen_ddqn_seed4,0,NOOP,0.1945,0.0,0.190483,0,79,361.65251890667105,460.2699279785156,42,1.2961087908063615,3483.9404296875,16.648785510181863,1,1,17,0.75,0.1585,0.05,0.0,0.2,0.55,0.2,100,456.2512441572201,255.84936141967773,44,1.2422800931063565,3498.2607421875,22.788590215710787,1,2,18,0.0,0.1585,0.05,0.0,0.2,0.55,0.2
373,frozen_ddqn_seed4,0,NOOP,0.194375,0.0,0.189187,0,100,456.2512441572201,255.84936141967773,44,1.2422800931063565,3498.2607421875,22.788590215710787,1,2,18,0.0,0.1585,0.05,0.0,0.2,0.55,0.2,94,457.04734105078165,315.66739082336426,45,1.2184973822699652,3509.2724609375,24.734019233210486,1,3,19,0.0,0.1585,0.05,0.0,0.2,0.55,0.2
374,frozen_ddqn_seed4,0,NOOP,0.194125,0.0,0.189882,0,94,457.04734105078165,315.66739082336426,45,1.2184973822699652,3509.2724609375,24.734019233210486,1,3,19,0.0,0.1585,0.05,0.0,0.2,0.55,0.2,100,423.6516651919728,270.9076404571533,47,1.171415613052693,3523.6181640625,28.17631028008484,1,4,20,0.0,0.1585,0.05,0.0,0.15,0.6,0.2
375,frozen_ddqn_seed4,5,PARTITION_REGION,0.012182,-0.1115,0.189669,0,100,423.6516651919728,270.9076404571533,47,1.171415613052693,3523.6181640625,28.17631028008484,1,4,20,0.0,0.1585,0.05,0.0,0.15,0.6,0.2,58,269.535308768913,276.5510082244873,48,1.1495628356933594,3531.45703125,29.511045788841457,2,5,0,0.0,0.1125,0.0,0.0,0.15,0.65,0.2
376,frozen_ddqn_seed4,1,COMPACT_32KB,0.179932,-0.075631,0.184432,0,58,269.535308768913,276.5510082244873,48,1.1495628356933594,3531.45703125,29.511045788841457,2,5,0,0.0,0.1125,0.0,0.0,0.15,0.65,0.2,87,333.93345571615,548.3944416046143,46,1.2004444288170857,3534.1083984375,25.185587346967505,2,0,1,0.0,0.1125,0.0,0.0,0.2,0.6,0.2
377,frozen_ddqn_seed4,0,NOOP,0.193875,-0.040035,0.185222,0,87,333.93345571615,548.3944416046143,46,1.2004444288170857,3534.1083984375,25.185587346967505,2,0,1,0.0,0.1125,0.0,0.0,0.2,0.6,0.2,97,391.7834156675815,493.9000606536865,49,1.1322675432477678,3550.791015625,29.880340741224163,2,1,2,0.0,0.075,0.0,0.0,0.2,0.6,0.2
378,frozen_ddqn_seed4,0,NOOP,0.1935,-0.030677,0.188488,0,97,391.7834156675815,493.9000606536865,49,1.1322675432477678,3550.791015625,29.880340741224163,2,1,2,0.0,0.075,0.0,0.0,0.2,0.6,0.2,72,301.3624513762347,315.58752059936523,52,1.0712755643404448,3565.205078125,33.077771944644375,2,2,3,0.0,0.075,0.05,0.0,0.2,0.55,0.2
379,frozen_ddqn_seed4,0,NOOP,0.193125,-0.030674,0.186284,0,72,301.3624513762347,315.58752059936523,52,1.0712755643404448,3565.205078125,33.077771944644375,2,2,3,0.0,0.075,0.05,0.0,0.2,0.55,0.2,94,396.737041241014,410.7849597930908,55,1.0174951726740056,3581.5830078125,35.24942927917505,2,3,4,0.0,0.075,0.05,0.0,0.2,0.6,0.15
380,frozen_ddqn_seed4,0,NOOP,0.186529,-0.030699,0.183283,0,94,396.737041241014,410.7849597930908,55,1.0174951726740056,3581.5830078125,35.24942927917505,2,3,4,0.0,0.075,0.05,0.0,0.2,0.6,0.15,78,303.0137013706928,234.79771614074707,58,0.9688946954135237,3596.537109375,36.84717392753974,2,4,5,0.0,0.075,0.05,0.0,0.2,0.55,0.2
381,frozen_ddqn_seed4,2,COMPACT_64KB,0.553341,-0.083011,0.189099,0,78,303.0137013706928,234.79771614074707,58,0.9688946954135237,3596.537109375,36.84717392753974,2,4,5,0.0,0.075,0.05,0.0,0.2,0.55,0.2,79,320.04228208922353,315.0331974029541,46,1.2126720262610393,3570.1064453125,22.844176499981163,2,0,6,0.0,0.075,0.1,0.0,0.2,0.55,0.15
382,frozen_ddqn_seed4,0,NOOP,0.193875,-0.042419,0.185271,0,79,320.04228208922353,315.0331974029541,46,1.2126720262610393,3570.1064453125,22.844176499981163,2,0,6,0.0,0.075,0.1,0.0,0.2,0.55,0.15,98,382.0215267225235,491.42909049987793,49,1.1437792096819197,3586.8916015625,28.174118473842157,2,1,7,0.0,0.0375,0.1,0.0,0.2,0.55,0.15
383,frozen_ddqn_seed4,0,NOOP,0.1935,-0.033056,0.18935,0,98,382.0215267225235,491.42909049987793,49,1.1437792096819197,3586.8916015625,28.174118473842157,2,1,7,0.0,0.0375,0.1,0.0,0.2,0.55,0.15,71,299.95344911291835,272.4947929382324,52,1.0821057833158052,3601.248046875,31.72704717260041,2,2,8,0.0,0.0375,0.1,0.0,0.2,0.55,0.15
384,frozen_ddqn_seed4,0,NOOP,0.193125,-0.033085,0.18779,0,71,299.95344911291835,272.4947929382324,52,1.0821057833158052,3601.248046875,31.72704717260041,2,2,8,0.0,0.0375,0.1,0.0,0.2,0.55,0.15,91,360.1150914058844,335.49976348876953,55,1.0276450417258522,3617.310546875,34.13694408121329,2,3,9,0.0,0.0375,0.1,0.0,0.2,0.55,0.15
385,frozen_ddqn_seed4,0,NOOP,0.188532,-0.033087,0.183742,0,91,360.1150914058844,335.49976348876953,55,1.0276450417258522,3617.310546875,34.13694408121329,2,3,9,0.0,0.0375,0.1,0.0,0.2,0.55,0.15,93,359.307115394181,311.9702339172363,58,0.9789081441945043,3633.70703125,35.85450137483739,2,4,10,0.0,0.0375,0.1,0.0,0.2,0.6,0.1
386,frozen_ddqn_seed4,1,COMPACT_32KB,0.179682,-0.078095,0.189739,0,93,359.307115394181,311.9702339172363,58,0.9789081441945043,3633.70703125,35.85450137483739,2,4,10,0.0,0.0375,0.1,0.0,0.2,0.6,0.1,94,399.39682520386975,273.0550765991211,48,1.1765289306640625,3614.296875,25.01207462744785,2,0,11,0.0,0.0375,0.1,0.0,0.2,0.6,0.1
387,frozen_ddqn_seed4,0,NOOP,0.193625,-0.033096,0.184468,0,94,399.39682520386975,273.0550765991211,48,1.1765289306640625,3614.296875,25.01207462744785,2,0,11,0.0,0.0375,0.1,0.0,0.2,0.6,0.1,83,348.2721131990908,521.6207504272461,51,1.112080592735141,3629.8310546875,29.423996335377726,2,1,12,0.0,0.0375,0.1,0.0,0.25,0.55,0.1
388,frozen_ddqn_seed4,0,NOOP,0.19325,-0.03311,0.188322,0,83,348.2721131990908,521.6207504272461,51,1.112080592735141,3629.8310546875,29.423996335377726,2,1,12,0.0,0.0375,0.1,0.0,0.25,0.55,0.1,93,380.4461263419282,313.91143798828125,54,1.0550443861219618,3646.2333984375,32.36745276284425,2,2,13,0.0,0.0375,0.1,0.0,0.25,0.6,0.05
389,frozen_ddqn_seed4,0,NOOP,0.192875,-0.03311,0.186364,0,93,380.4461263419282,313.91143798828125,54,1.0550443861219618,3646.2333984375,32.36745276284425,2,2,13,0.0,0.0375,0.1,0.0,0.25,0.6,0.05,57,223.95437641332512,396.8081474304199,57,1.003104762027138,3659.326171875,34.55423836553666,2,3,14,0.0,0.0375,0.1,0.0,0.25,0.6,0.05
390,frozen_ddqn_seed4,0,NOOP,0.183822,-0.033102,0.178703,0,57,223.95437641332512,396.8081474304199,57,1.003104762027138,3659.326171875,34.55423836553666,2,3,14,0.0,0.0375,0.1,0.0,0.25,0.6,0.05,67,272.75180625599336,330.9338092803955,60,0.9566080729166667,3673.375,36.11635869299293,2,4,15,0.0,0.0375,0.1,0.0,0.25,0.6,0.05
391,frozen_ddqn_seed4,2,COMPACT_64KB,0.553466,-0.092481,0.190685,0,67,272.75180625599336,330.9338092803955,60,0.9566080729166667,3673.375,36.11635869299293,2,4,15,0.0,0.0375,0.1,0.0,0.25,0.6,0.05,55,232.21492643084136,240.7670021057129,45,1.2625020345052083,3636.005859375,16.632437947535152,2,0,16,0.0,0.0,0.1,0.0,0.2,0.6,0.1
392,frozen_ddqn_seed4,0,NOOP,0.194,-0.033113,0.181466,0,55,232.21492643084136,240.7670021057129,45,1.2625020345052083,3636.005859375,16.632437947535152,2,0,16,0.0,0.0,0.1,0.0,0.2,0.6,0.1,68,248.95444824823113,686.7234706878662,48,1.1881707509358723,3650.060546875,24.6112508972807,2,1,17,0.0,0.0,0.1,0.0,0.25,0.55,0.1
393,frozen_ddqn_seed4,0,NOOP,0.193625,-0.033114,0.189184,0,68,248.95444824823113,686.7234706878662,48,1.1881707509358723,3650.060546875,24.6112508972807,2,1,17,0.0,0.0,0.1,0.0,0.25,0.55,0.1,65,221.0155553321681,285.82096099853516,51,1.1225032432406556,3663.8505859375,29.285649151973246,2,2,18,0.0,0.0,0.1,0.0,0.25,0.55,0.1
394,frozen_ddqn_seed4,0,NOOP,0.19325,-0.033126,0.187266,0,65,221.0155553321681,285.82096099853516,51,1.1225032432406556,3663.8505859375,29.285649151973246,2,2,18,0.0,0.0,0.1,0.0,0.25,0.55,0.1,83,353.53167064921456,366.67799949645996,54,1.0646051477502894,3679.275390625,32.35738408540712,2,3,19,0.0,0.0,0.1,0.0,0.25,0.55,0.1
395,frozen_ddqn_seed4,0,NOOP,0.192875,0.343759,0.391938,0,83,353.53167064921456,366.67799949645996,54,1.0646051477502894,3679.275390625,32.35738408540712,2,3,19,0.0,0.0,0.1,0.0,0.25,0.55,0.1,93,297.09476301059675,168.07961463928223,57,1.0130481385348136,3695.599609375,34.50246391278062,2,4,20,0.67,0.0335,0.1,0.05,0.25,0.5,0.1
396,frozen_ddqn_seed4,2,COMPACT_64KB,0.553341,-0.083128,0.190072,0,93,297.09476301059675,168.07961463928223,57,1.0130481385348136,3695.599609375,34.50246391278062,2,4,20,0.67,0.0335,0.1,0.05,0.25,0.5,0.1,72,299.55926413084234,266.4179801940918,46,1.2472043244735054,3671.76953125,18.02633709005392,2,0,21,0.0,0.0335,0.1,0.05,0.2,0.55,0.1
397,frozen_ddqn_seed4,4,PARTITION_HOUR,0.012057,-0.133125,0.189347,0,72,299.55926413084234,266.4179801940918,46,1.2472043244735054,3671.76953125,18.02633709005392,2,0,21,0.0,0.0335,0.1,0.05,0.2,0.55,0.1,75,316.1818494317582,287.6455783843994,49,1.1755523681640625,3686.5322265625,25.176061912296046,1,1,0,0.0,0.0335,0.1,0.05,0.15,0.6,0.1
398,frozen_ddqn_seed4,0,NOOP,0.19375,-0.032925,0.188724,0,75,316.1818494317582,287.6455783843994,49,1.1755523681640625,3686.5322265625,25.176061912296046,1,1,0,0.0,0.0335,0.1,0.05,0.15,0.6,0.1,83,332.60235201499603,313.7948513031006,50,1.1551937866210937,3696.6201171875,26.56656803357108,1,2,1,0.0,0.0335,0.05,0.05,0.15,0.65,0.1
399,frozen_ddqn_seed4,0,NOOP,0.193625,-0.032687,0.189101,0,83,332.60235201499603,313.7948513031006,50,1.1551937866210937,3696.6201171875,26.56656803357108,1,2,1,0.0,0.0335,0.05,0.05,0.15,0.65,0.1,99,449.3371943539067,289.9737358093262,51,1.1361021154067095,3708.2373046875,27.709344783331694,1,3,2,0.0,0.0335,0.05,0.05,0.15,0.65,0.1
400,frozen_ddqn_seed4,0,NOOP,0.1935,-0.032563,0.191741,0,99,449.3371943539067,289.9737358093262,51,1.1361021154067095,3708.2373046875,27.709344783331694,1,3,2,0.0,0.0335,0.05,0.05,0.15,0.65,0.1,52,222.59965319559137,152.95743942260742,52,1.116455078125,3715.5625,28.895829099562114,1,4,3,0.0,0.0335,0.05,0.1,0.15,0.65,0.05
401,frozen_ddqn_seed4,2,COMPACT_64KB,0.553341,-0.079666,0.190392,0,52,222.59965319559137,152.95743942260742,52,1.116455078125,3715.5625,28.895829099562114,1,4,3,0.0,0.0335,0.05,0.1,0.15,0.65,0.05,80,355.0399168755535,250.3807544708252,46,1.2585250191066577,3705.09765625,18.081413708442717,1,0,4,0.0,0.0335,0.0,0.1,0.15,0.65,0.1
402,frozen_ddqn_seed4,0,NOOP,0.194125,0.488008,0.465565,0,80,355.0399168755535,250.3807544708252,46,1.2585250191066577,3705.09765625,18.081413708442717,1,0,4,0.0,0.0335,0.0,0.1,0.15,0.65,0.1,78,324.37613291703394,286.7598533630371,47,1.234944445021609,3714.712890625,20.66095897022011,1,1,5,0.92,0.0795,0.05,0.1,0.1,0.65,0.1
403,frozen_ddqn_seed4,0,NOOP,0.194,0.392527,0.410836,0,78,324.37613291703394,286.7598533630371,47,1.234944445021609,3714.712890625,20.66095897022011,1,1,5,0.92,0.0795,0.05,0.1,0.1,0.65,0.1,65,273.66118902142176,468.19519996643066,48,1.2120097478230794,3723.2939453125,22.829994479644498,1,2,6,0.75,0.11699999999999999,0.05,0.1,0.15,0.6,0.1
404,frozen_ddqn_seed4,0,NOOP,0.193875,-0.029229,0.191339,0,65,273.66118902142176,468.19519996643066,48,1.2120097478230794,3723.2939453125,22.829994479644498,1,2,6,0.75,0.11699999999999999,0.05,0.1,0.15,0.6,0.1,54,229.37845572999478,188.0488395690918,49,1.189677958585778,3730.830078125,24.707144463743788,1,3,7,0.0,0.11699999999999999,0.05,0.1,0.15,0.55,0.15
405,frozen_ddqn_seed4,0,NOOP,0.19375,-0.029051,0.18942,0,54,229.37845572999478,188.0488395690918,49,1.189677958585778,3730.830078125,24.707144463743788,1,3,7,0.0,0.11699999999999999,0.05,0.1,0.15,0.55,0.15,81,345.4566220074676,279.01649475097656,50,1.1690203857421875,3740.865234375,26.179770053833742,1,4,8,0.0,0.11699999999999999,0.05,0.1,0.15,0.55,0.15
406,frozen_ddqn_seed4,2,COMPACT_64KB,0.553341,-0.07884,0.191781,0,81,345.4566220074676,279.01649475097656,50,1.1690203857421875,3740.865234375,26.179770053833742,1,4,8,0.0,0.11699999999999999,0.05,0.1,0.15,0.55,0.15,97,435.29627612622977,180.93228340148926,46,1.2694901176120923,3737.37890625,16.05639954384364,1,0,9,0.0,0.11699999999999999,0.05,0.1,0.15,0.5,0.2
407,frozen_ddqn_seed4,0,NOOP,0.194125,-0.028652,0.191508,0,97,435.29627612622977,180.93228340148926,46,1.2694901176120923,3737.37890625,16.05639954384364,1,0,9,0.0,0.11699999999999999,0.05,0.1,0.15,0.5,0.2,87,363.15079282146513,189.5890235900879,47,1.2459353183178192,3747.7734375,18.947680674237013,1,1,10,0.0,0.11699999999999999,0.05,0.1,0.1,0.5,0.25
408,frozen_ddqn_seed4,0,NOOP,0.194,-0.028456,0.191338,0,87,363.15079282146513,189.5890235900879,47,1.2459353183178192,3747.7734375,18.947680674237013,1,1,10,0.0,0.11699999999999999,0.05,0.1,0.1,0.5,0.25,91,294.58110206563987,193.1135654449463,48,1.223512331644694,3758.6298828125,21.218590806755497,1,2,11,0.0,0.11699999999999999,0.05,0.1,0.1,0.45,0.3
409,frozen_ddqn_seed4,0,NOOP,0.193875,-0.028296,0.191048,0,91,294.58110206563987,193.1135654449463,48,1.223512331644694,3758.6298828125,21.218590806755497,1,2,11,0.0,0.11699999999999999,0.05,0.1,0.1,0.45,0.3,75,318.29494104052793,202.5914192199707,49,1.201498537647481,3767.8994140625,23.197228758165835,1,3,12,0.0,0.11699999999999999,0.05,0.1,0.1,0.4,0.35
410,frozen_ddqn_seed4,0,NOOP,0.19375,0.489378,0.465301,0,75,318.29494104052793,202.5914192199707,49,1.201498537647481,3767.8994140625,23.197228758165835,1,3,12,0.0,0.11699999999999999,0.05,0.1,0.1,0.4,0.35,82,327.4126670582423,284.926176071167,50,1.1805966186523438,3777.9091796875,24.831525786449205,1,4,13,0.92,0.16299999999999998,0.1,0.1,0.1,0.35,0.35
411,frozen_ddqn_seed4,3,COMPACT_128KB,0.164625,-0.055,0.195307,0,82,327.4126670582423,284.926176071167,50,1.1805966186523438,3777.9091796875,24.831525786449205,1,4,13,0.92,0.16299999999999998,0.1,0.1,0.1,0.35,0.35,90,378.3939920048436,119.63915824890137,23,2.517106429390285,3705.1806640625,30.77908760634694,1,0,14,0.0,0.16299999999999998,0.1,0.1,0.1,0.35,0.35
412,frozen_ddqn_seed4,0,NOOP,0.197,0.0,0.192579,0,90,378.3939920048436,119.63915824890137,23,2.517106429390285,3705.1806640625,30.77908760634694,1,0,14,0.0,0.16299999999999998,0.1,0.1,0.1,0.35,0.35,52,236.6657385393823,251.07383728027344,24,2.416987737019857,3712.4931640625,43.491815071005874,1,1,15,0.0,0.16299999999999998,0.1,0.1,0.05,0.4,0.35
413,frozen_ddqn_seed4,0,NOOP,0.196875,0.0,0.194921,0,52,236.6657385393823,251.07383728027344,24,2.416987737019857,3712.4931640625,43.491815071005874,1,1,15,0.0,0.16299999999999998,0.1,0.1,0.05,0.4,0.35,92,421.48790235814175,128.93295288085938,25,2.32711181640625,3723.37890625,51.37974738178341,1,2,16,0.0,0.16299999999999998,0.1,0.1,0.05,0.35,0.4
414,frozen_ddqn_seed4,0,NOOP,0.19675,0.0,0.194799,0,92,421.48790235814175,128.93295288085938,25,2.32711181640625,3723.37890625,51.37974738178341,1,2,16,0.0,0.16299999999999998,0.1,0.1,0.05,0.35,0.4,77,368.5583401709265,130.05614280700684,26,2.2432820246769833,3732.8212890625,57.29464994792676,1,3,17,0.0,0.16299999999999998,0.1,0.1,0.05,0.3,0.45
415,frozen_ddqn_seed4,0,NOOP,0.196625,-0.008375,0.194675,0,77,368.5583401709265,130.05614280700684,26,2.2432820246769833,3732.8212890625,57.29464994792676,1,3,17,0.0,0.16299999999999998,0.1,0.1,0.05,0.3,0.45,98,428.79430502222516,131.23655319213867,27,2.166803995768229,3744.2373046875,61.67057994043253,1,4,18,0.0,0.1295,0.1,0.05,0.05,0.3,0.5
416,frozen_ddqn_seed4,2,COMPACT_64KB,0.553466,0.4675,0.46606,0,98,428.79430502222516,131.23655319213867,27,2.166803995768229,3744.2373046875,61.67057994043253,1,4,18,0.0,0.1295,0.1,0.05,0.05,0.3,0.5,96,434.57441292715095,272.0034122467041,45,1.3221089680989584,3807.673828125,14.42212741690651,1,0,19,0.92,0.1755,0.15,0.05,0.05,0.25,0.5
417,frozen_ddqn_seed4,0,NOOP,0.19425,0.421875,0.410868,0,96,434.57441292715095,272.0034122467041,45,1.3221089680989584,3807.673828125,14.42212741690651,1,0,19,0.92,0.1755,0.15,0.05,0.05,0.25,0.5,73,345.04603706224674,476.6223430633545,46,1.2964723006538723,3816.814453125,18.088943502439037,1,1,20,0.75,0.213,0.15,0.05,0.1,0.2,0.5
418,frozen_ddqn_seed4,4,PARTITION_HOUR,-0.26042,0.2675,0.465712,0,73,345.04603706224674,476.6223430633545,46,1.2964723006538723,3816.814453125,18.088943502439037,1,1,20,0.75,0.213,0.15,0.05,0.1,0.2,0.5,84,311.03230812827906,279.38222885131836,47,1.2722567294506317,3826.9482421875,20.808279100860172,1,2,21,0.92,0.259,0.2,0.05,0.1,0.15,0.5
419,frozen_ddqn_seed4,0,NOOP,0.194,0.5175,0.465827,0,84,311.03230812827906,279.38222885131836,47,1.2722567294506317,3826.9482421875,20.808279100860172,1,2,21,0.92,0.259,0.2,0.05,0.1,0.15,0.5,86,364.8537884757187,268.66626739501953,48,1.2490968704223633,3837.2255859375,23.004965977993304,1,3,22,0.92,0.305,0.25,0.05,0.1,0.1,0.5
420,frozen_ddqn_seed4,0,NOOP,0.193875,0.421875,0.410374,0,86,364.8537884757187,268.66626739501953,48,1.2490968704223633,3837.2255859375,23.004965977993304,1,3,22,0.92,0.305,0.25,0.05,0.1,0.1,0.5,52,241.48966739005272,486.30619049072266,49,1.2259667844188458,3844.6318359375,25.011590974262166,1,4,23,0.75,0.34249999999999997,0.25,0.0,0.15,0.1,0.5
421,frozen_ddqn_seed4,2,COMPACT_64KB,0.553466,-0.05,0.19187,0,52,241.48966739005272,486.30619049072266,49,1.2259667844188458,3844.6318359375,25.011590974262166,1,4,23,0.75,0.34249999999999997,0.25,0.0,0.15,0.1,0.5,66,273.37840261345997,181.47540092468262,45,1.332996622721354,3839.0302734375,12.144960757573743,1,0,24,0.0,0.34249999999999997,0.25,0.0,0.15,0.1,0.5
422,frozen_ddqn_seed4,0,NOOP,0.19425,-0.0115,0.191496,0,66,273.37840261345997,181.47540092468262,45,1.332996622721354,3839.0302734375,12.144960757573743,1,0,24,0.0,0.34249999999999997,0.25,0.0,0.15,0.1,0.5,94,385.7084064203768,195.19305229187012,46,1.3078132297681726,3850.2021484375,16.23934536099313,1,1,25,0.0,0.2965,0.2,0.0,0.15,0.1,0.55
423,frozen_ddqn_seed4,0,NOOP,0.194125,-0.009375,0.191277,0,94,385.7084064203768,195.19305229187012,46,1.3078132297681726,3850.2021484375,16.23934536099313,1,1,25,0.0,0.2965,0.2,0.0,0.15,0.1,0.55,74,341.5267612018966,201.15208625793457,47,1.283045991938165,3859.40234375,19.39261014677777,1,2,26,0.0,0.259,0.2,0.0,0.1,0.1,0.6
424,frozen_ddqn_seed4,0,NOOP,0.194,0.0,0.190137,0,74,341.5267612018966,201.15208625793457,47,1.283045991938165,3859.40234375,19.39261014677777,1,2,26,0.0,0.259,0.2,0.0,0.1,0.1,0.6,83,385.65108230862967,253.15213203430176,48,1.2595914204915364,3869.46484375,21.822675268597308,1,3,27,0.0,0.259,0.2,0.05,0.1,0.1,0.55
425,frozen_ddqn_seed4,0,NOOP,0.193875,0.0,0.191037,0,83,385.65108230862967,253.15213203430176,48,1.2595914204915364,3869.46484375,21.822675268597308,1,3,27,0.0,0.259,0.2,0.05,0.1,0.1,0.55,71,293.96521721962824,203.12833786010742,49,1.2367774807676977,3878.5341796875,23.89077854049874,1,4,28,0.0,0.259,0.2,0.05,0.1,0.05,0.6
426,frozen_ddqn_seed4,2,COMPACT_64KB,0.553466,-0.05,0.192628,0,71,293.96521721962824,203.12833786010742,49,1.2367774807676977,3878.5341796875,23.89077854049874,1,4,28,0.0,0.259,0.2,0.05,0.1,0.05,0.6,62,287.3734795432469,143.58973503112793,45,1.3444532606336805,3872.025390625,9.242151126066739,1,0,29,0.0,0.259,0.2,0.1,0.1,0.05,0.55
427,frozen_ddqn_seed4,0,NOOP,0.19425,0.0,0.190263,0,62,287.3734795432469,143.58973503112793,45,1.3444532606336805,3872.025390625,9.242151126066739,1,0,29,0.0,0.259,0.2,0.1,0.1,0.05,0.55,69,298.0617963815305,256.84094429016113,46,1.3182369729746943,3880.8896484375,14.595078999239416,1,1,30,0.0,0.259,0.2,0.1,0.1,0.1,0.5
428,frozen_ddqn_seed4,0,NOOP,0.194125,0.0,0.192418,0,69,298.0617963815305,256.84094429016113,46,1.3182369729746943,3880.8896484375,14.595078999239416,1,1,30,0.0,0.259,0.2,0.1,0.1,0.1,0.5,59,267.2610294991176,144.120454788208,47,1.2928375893450799,3888.85546875,18.23679125617277,1,2,31,0.0,0.259,0.2,0.15,0.1,0.1,0.45
429,frozen_ddqn_seed4,0,NOOP,0.194,0.0,0.191381,0,59,267.2610294991176,144.120454788208,47,1.2928375893450799,3888.85546875,18.23679125617277,1,2,31,0.0,0.259,0.2,0.15,0.1,0.1,0.45,86,396.12620333540525,190.93656539916992,48,1.2693004608154297,3899.291015625,20.84285252365149,1,3,32,0.0,0.259,0.2,0.15,0.1,0.1,0.45
430,frozen_ddqn_seed4,0,NOOP,0.19375,-0.0115,0.190991,0,86,396.12620333540525,190.93656539916992,48,1.2693004608154297,3899.291015625,20.84285252365149,1,3,32,0.0,0.259,0.2,0.15,0.1,0.1,0.45,100,417.00800052495055,200.4375457763672,50,1.2230023193359374,3913.607421875,25.133836177134377,1,4,33,0.0,0.213,0.15,0.15,0.1,0.1,0.5
431,frozen_ddqn_seed4,4,PARTITION_HOUR,-0.26092,-0.25,0.190879,0,100,417.00800052495055,200.4375457763672,50,1.2230023193359374,3913.607421875,25.133836177134377,1,4,33,0.0,0.213,0.15,0.15,0.1,0.1,0.5,51,235.04963293669326,201.04146003723145,51,1.2012394923789829,3920.845703125,26.79576427682703,1,5,34,0.0,0.213,0.15,0.15,0.1,0.1,0.5
432,frozen_ddqn_seed4,4,PARTITION_HOUR,-0.261045,-0.25,0.190511,0,51,235.04963293669326,201.04146003723145,51,1.2012394923789829,3920.845703125,26.79576427682703,1,5,34,0.0,0.213,0.15,0.15,0.1,0.1,0.5,83,348.55560684080734,214.45941925048828,52,1.1811661353478065,3930.9208984375,28.102619483422128,1,6,35,0.0,0.213,0.15,0.15,0.1,0.05,0.55
433,frozen_ddqn_seed4,5,PARTITION_REGION,0.011557,-0.1,0.190506,0,83,348.55560684080734,214.45941925048828,52,1.1811661353478065,3930.9208984375,28.102619483422128,1,6,35,0.0,0.213,0.15,0.15,0.1,0.05,0.55,65,298.1166464554126,209.71345901489258,53,1.1614218657871462,3939.54296875,29.312085215787434,2,7,0,0.0,0.213,0.15,0.15,0.1,0.05,0.55
434,frozen_ddqn_seed4,2,COMPACT_64KB,0.552716,-0.135092,0.188995,0,65,298.1166464554126,209.71345901489258,53,1.1614218657871462,3939.54296875,29.312085215787434,2,7,0,0.0,0.213,0.15,0.15,0.1,0.05,0.55,65,243.02018113099908,295.2449321746826,51,1.2066841873468137,3938.6171875,26.018967153209314,2,0,1,0.0,0.213,0.2,0.15,0.1,0.05,0.5
435,frozen_ddqn_seed4,0,NOOP,0.19325,0.292015,0.389265,0,65,243.02018113099908,295.2449321746826,51,1.2066841873468137,3938.6171875,26.018967153209314,2,0,1,0.0,0.213,0.2,0.15,0.1,0.05,0.5,90,363.0478575612177,316.7412281036377,54,1.1443108452690973,3954.73828125,30.2446218127588,2,1,2,0.67,0.2465,0.2,0.2,0.1,0.05,0.45
436,frozen_ddqn_seed4,0,NOOP,0.192875,-0.096199,0.1898,0,90,363.0478575612177,316.7412281036377,54,1.1443108452690973,3954.73828125,30.2446218127588,2,1,2,0.67,0.2465,0.2,0.2,0.1,0.05,0.45,63,248.40975020940445,225.0227928161621,57,1.0878336053145559,3968.4169921875,33.2434183323007,2,2,3,0.0,0.20049999999999998,0.15,0.2,0.1,0.05,0.5
437,frozen_ddqn_seed4,0,NOOP,0.1925,-0.093862,0.18896,0,63,248.40975020940445,225.0227928161621,57,1.0878336053145559,3968.4169921875,33.2434183323007,2,2,3,0.0,0.20049999999999998,0.15,0.2,0.1,0.05,0.5,83,346.86153426147985,252.00343132019043,60,1.0374720255533854,3983.892578125,35.351789456715814,2,3,4,0.0,0.16299999999999998,0.15,0.2,0.05,0.05,0.55
438,frozen_ddqn_seed4,0,NOOP,0.190494,-0.095781,0.179403,0,83,346.86153426147985,252.00343132019043,60,1.0374720255533854,3983.892578125,35.351789456715814,2,3,4,0.0,0.16299999999999998,0.15,0.2,0.05,0.05,0.55,81,340.78654261855206,633.2941055297852,63,0.9918459937686012,3999.123046875,36.913616691871695,2,4,5,0.0,0.11699999999999999,0.1,0.2,0.1,0.05,0.55
439,frozen_ddqn_seed4,2,COMPACT_64KB,0.553091,-0.145543,0.18964,0,81,340.78654261855206,633.2941055297852,63,0.9918459937686012,3999.123046875,36.913616691871695,2,4,5,0.0,0.11699999999999999,0.1,0.2,0.1,0.05,0.55,94,372.39212456374827,278.02300453186035,48,1.2908830642700195,3965.5927734375,16.373089081617223,2,0,6,0.0,0.071,0.05,0.2,0.1,0.1,0.55
440,frozen_ddqn_seed4,0,NOOP,0.193625,-0.093218,0.184453,0,94,372.39212456374827,278.02300453186035,48,1.2908830642700195,3965.5927734375,16.373089081617223,2,0,6,0.0,0.071,0.05,0.2,0.1,0.1,0.55,79,328.8801262518486,522.3386287689209,51,1.2195676915785845,3980.6689453125,24.332395435930053,2,1,7,0.0,0.0335,0.05,0.2,0.1,0.1,0.55
441,frozen_ddqn_seed4,0,NOOP,0.19325,-0.083687,0.185404,0,79,328.8801262518486,522.3386287689209,51,1.2195676915785845,3980.6689453125,24.332395435930053,2,1,7,0.0,0.0335,0.05,0.2,0.1,0.1,0.55,62,264.21403170810015,459.7816467285156,54,1.1557235717773438,3994.1806640625,29.11672002719126,2,2,8,0.0,0.0335,0.1,0.2,0.1,0.1,0.5
442,frozen_ddqn_seed4,0,NOOP,0.192875,-0.083469,0.189684,0,62,264.21403170810015,459.7816467285156,54,1.1557235717773438,3994.1806640625,29.11672002719126,2,2,8,0.0,0.0335,0.1,0.2,0.1,0.1,0.5,87,344.02586243470046,230.79204559326172,57,1.0992311176500822,4009.9951171875,32.27924514352969,2,3,9,0.0,0.0335,0.1,0.2,0.1,0.1,0.5
443,frozen_ddqn_seed4,0,NOOP,0.1925,-0.083326,0.18925,0,87,344.02586243470046,230.79204559326172,57,1.0992311176500822,4009.9951171875,32.27924514352969,2,3,9,0.0,0.0335,0.1,0.2,0.1,0.1,0.5,57,230.21770191867884,237.47730255126953,60,1.0477010091145833,4023.171875,34.628586311957875,2,4,10,0.0,0.0335,0.1,0.2,0.1,0.1,0.5
444,frozen_ddqn_seed4,2,COMPACT_64KB,0.552966,0.24375,0.391532,0,57,230.21770191867884,237.47730255126953,60,1.0477010091145833,4023.171875,34.628586311957875,2,4,10,0.0,0.0335,0.1,0.2,0.1,0.1,0.5,81,338.7285355071178,228.4088134765625,49,1.275447923309949,3999.8046875,17.63282783487421,2,0,11,0.67,0.067,0.1,0.2,0.1,0.1,0.5
445,frozen_ddqn_seed4,0,NOOP,0.1935,-0.082956,0.189211,0,81,338.7285355071178,228.4088134765625,49,1.275447923309949,3999.8046875,17.63282783487421,2,0,11,0.67,0.067,0.1,0.2,0.1,0.1,0.5,68,266.7007090819152,279.4456481933594,52,1.2061107342059796,4013.9365234375,24.91180558026598,2,1,12,0.0,0.067,0.1,0.2,0.1,0.15,0.45
446,frozen_ddqn_seed4,0,NOOP,0.193125,-0.082733,0.187974,0,68,266.7007090819152,279.4456481933594,52,1.2061107342059796,4013.9365234375,24.91180558026598,2,1,12,0.0,0.067,0.1,0.2,0.1,0.15,0.45,90,365.9688562193521,326.279878616333,55,1.1448891379616477,4030.009765625,29.277741222341593,2,2,13,0.0,0.067,0.1,0.15,0.1,0.2,0.45
447,frozen_ddqn_seed4,0,NOOP,0.19275,-0.08257,0.189846,0,90,365.9688562193521,326.279878616333,55,1.1448891379616477,4030.009765625,29.277741222341593,2,2,13,0.0,0.067,0.1,0.15,0.1,0.2,0.45,66,271.7310096854653,217.7119255065918,58,1.0894330781081627,4043.9755859375,32.35877518342628,2,3,14,0.0,0.067,0.1,0.15,0.1,0.15,0.5
448,frozen_ddqn_seed4,0,NOOP,0.192375,-0.08243,0.186853,0,66,271.7310096854653,217.7119255065918,58,1.0894330781081627,4043.9755859375,32.35877518342628,2,3,14,0.0,0.067,0.1,0.15,0.1,0.15,0.5,57,229.25606162455853,352.3268699645996,61,1.0392085841444672,4057.0703125,34.60983837748464,2,4,15,0.0,0.067,0.15,0.1,0.1,0.15,0.5
449,frozen_ddqn_seed4,3,COMPACT_128KB,0.16425,-0.073955,0.194034,0,57,229.25606162455853,352.3268699645996,61,1.0392085841444672,4057.0703125,34.60983837748464,2,4,15,0.0,0.067,0.15,0.1,0.1,0.15,0.5,76,291.1460757898198,168.31493377685547,26,2.3792618971604567,3959.091796875,46.085422877137844,2,0,16,0.0,0.067,0.15,0.1,0.1,0.2,0.45
450,frozen_ddqn_seed4,0,NOOP,0.196375,-0.018945,0.19433,0,76,291.1460757898198,168.31493377685547,26,2.3792618971604567,3959.091796875,46.085422877137844,2,0,16,0.0,0.067,0.15,0.1,0.1,0.2,0.45,82,351.31762446628125,138.52453231811523,29,2.1413805731411637,3974.40234375,63.062643966510855,2,1,17,0.0,0.067,0.15,0.1,0.1,0.2,0.45
451,frozen_ddqn_seed4,0,NOOP,0.196,-0.018949,0.193607,0,82,351.31762446628125,138.52453231811523,29,2.1413805731411637,3974.40234375,63.062643966510855,2,1,17,0.0,0.067,0.15,0.1,0.1,0.2,0.45,50,151.91931836127375,159.6689224243164,32,1.94673490524292,3986.9130859375,71.69791201958944,2,2,18,0.0,0.067,0.15,0.1,0.1,0.2,0.45
452,frozen_ddqn_seed4,0,NOOP,0.195625,-0.018953,0.193405,0,50,151.91931836127375,159.6689224243164,32,1.94673490524292,3986.9130859375,71.69791201958944,2,2,18,0.0,0.067,0.15,0.1,0.1,0.2,0.45,27,109.14623868985431,154.77252006530762,35,1.784504917689732,3997.291015625,76.62064931392221,2,3,19,0.0,0.067,0.15,0.1,0.1,0.2,0.45
453,frozen_ddqn_seed4,0,NOOP,0.19525,-0.01895,0.192679,0,27,109.14623868985431,154.77252006530762,35,1.784504917689732,3997.291015625,76.62064931392221,2,3,19,0.0,0.067,0.15,0.1,0.1,0.2,0.45,30,132.36573720015528,176.03206634521484,38,1.6479805394222862,4007.888671875,79.43229592247958,2,4,20,0.0,0.067,0.15,0.1,0.1,0.2,0.45
454,frozen_ddqn_seed4,1,COMPACT_32KB,0.561807,-0.063951,0.191006,0,30,132.36573720015528,176.03206634521484,38,1.6479805394222862,4007.888671875,79.43229592247958,2,4,20,0.0,0.067,0.15,0.1,0.1,0.2,0.45,43,184.0705357644045,194.7016716003418,51,1.2419957179649204,4053.8740234375,23.224264452514088,2,0,21,0.0,0.067,0.1,0.1,0.1,0.2,0.5
455,frozen_ddqn_seed4,4,PARTITION_HOUR,0.011432,-0.127319,0.190411,0,43,184.0705357644045,194.7016716003418,51,1.2419957179649204,4053.8740234375,23.224264452514088,2,0,21,0.0,0.067,0.1,0.1,0.1,0.2,0.5,35,142.37878216238286,209.4557285308838,54,1.1762175383391205,4065.0078125,28.56229823975437,1,1,0,0.0,0.0335,0.1,0.05,0.1,0.2,0.55
456,frozen_ddqn_seed4,0,NOOP,0.193125,-0.036106,0.190286,0,35,142.37878216238286,209.4557285308838,54,1.1762175383391205,4065.0078125,28.56229823975437,1,1,0,0.0,0.0335,0.1,0.05,0.1,0.2,0.55,49,217.1155158953599,210.68215370178223,55,1.1568464799360796,4072.099609375,29.752831426276607,1,2,1,0.0,0.0335,0.1,0.05,0.1,0.2,0.55
457,frozen_ddqn_seed4,0,NOOP,0.193,-0.03603,0.191376,0,49,217.1155158953599,210.68215370178223,55,1.1568464799360796,4072.099609375,29.752831426276607,1,2,1,0.0,0.0335,0.1,0.05,0.1,0.2,0.55,33,104.77068795203978,151.22389793395996,56,1.1377691541399275,4077.7646484375,30.864477487944477,1,3,2,0.0,0.0335,0.1,0.1,0.1,0.2,0.5
458,frozen_ddqn_seed4,0,NOOP,0.192875,-0.035973,0.190068,0,33,104.77068795203978,151.22389793395996,56,1.1377691541399275,4077.7646484375,30.864477487944477,1,3,2,0.0,0.0335,0.1,0.1,0.1,0.2,0.5,25,103.49784530833904,211.59100532531738,57,1.1191668594092654,4082.720703125,31.880979840297613,1,4,3,0.0,0.0335,0.1,0.1,0.05,0.2,0.55
459,frozen_ddqn_seed4,1,COMPACT_32KB,0.562182,-0.113766,0.189833,0,25,103.49784530833904,211.59100532531738,57,1.1191668594092654,4082.720703125,31.880979840297613,1,4,3,0.0,0.0335,0.1,0.1,0.05,0.2,0.55,23,98.00014628556568,268.3379650115967,48,1.3210608164469402,4058.298828125,14.862608581464078,1,0,4,0.0,0.0335,0.1,0.1,0.05,0.2,0.55
460,frozen_ddqn_seed4,0,NOOP,0.193875,-0.068768,0.191226,0,23,98.00014628556568,268.3379650115967,48,1.3210608164469402,4058.298828125,14.862608581464078,1,0,4,0.0,0.0335,0.1,0.1,0.05,0.2,0.55,46,197.42586885071444,193.6779022216797,49,1.2962783502072703,4065.12890625,18.427197641900722,1,1,5,0.0,0.0335,0.1,0.1,0.0,0.2,0.6
461,frozen_ddqn_seed4,0,NOOP,0.19375,-0.06877,0.188748,0,46,197.42586885071444,193.6779022216797,49,1.2962783502072703,4065.12890625,18.427197641900722,1,1,5,0.0,0.0335,0.1,0.1,0.0,0.2,0.6,45,173.8704536535666,312.5767707824707,50,1.272449951171875,4071.83984375,21.18763103084272,1,2,6,0.0,0.0335,0.05,0.1,0.0,0.2,0.65
462,frozen_ddqn_seed4,0,NOOP,0.193625,-0.068772,0.190846,0,45,173.8704536535666,312.5767707824707,50,1.272449951171875,4071.83984375,21.18763103084272,1,2,6,0.0,0.0335,0.05,0.1,0.0,0.2,0.65,32,126.79178664006469,202.7125358581543,51,1.249208038928462,4077.4150390625,23.51127794143507,1,3,7,0.0,0.0335,0.05,0.1,0.0,0.2,0.65
463,frozen_ddqn_seed4,0,NOOP,0.1935,-0.068773,0.190636,0,32,126.79178664006469,202.7125358581543,51,1.249208038928462,4077.4150390625,23.51127794143507,1,3,7,0.0,0.0335,0.05,0.1,0.0,0.2,0.65,37,160.82054002967925,208.22477340698242,52,1.226991213285006,4083.4267578125,25.43760048143766,1,4,8,0.0,0.0335,0.05,0.1,0.0,0.2,0.65
464,frozen_ddqn_seed4,1,COMPACT_32KB,0.562057,0.395351,0.464266,0,37,160.82054002967925,208.22477340698242,52,1.226991213285006,4083.4267578125,25.43760048143766,1,4,8,0.0,0.0335,0.05,0.1,0.0,0.2,0.65,28,119.71741756466231,341.71223640441895,49,1.3002060870735013,4077.4462890625,17.487453775074485,1,0,9,0.92,0.046,0.1,0.05,0.0,0.2,0.65
465,frozen_ddqn_seed4,0,NOOP,0.19375,-0.068776,0.191396,0,28,119.71741756466231,341.71223640441895,49,1.3002060870735013,4077.4462890625,17.487453775074485,1,0,9,0.92,0.046,0.1,0.05,0.0,0.2,0.65,39,155.1983848074748,180.2210807800293,50,1.2761380004882812,4083.6416015625,20.45006273065976,1,1,10,0.0,0.046,0.1,0.1,0.0,0.15,0.65
466,frozen_ddqn_seed4,0,NOOP,0.193625,0.448723,0.464826,0,39,155.1983848074748,180.2210807800293,50,1.2761380004882812,4083.6416015625,20.45006273065976,1,1,10,0.0,0.046,0.1,0.1,0.0,0.15,0.65,35,151.09179815952876,303.7080764770508,51,1.2529024610332413,4089.4736328125,22.860924897756256,1,2,11,0.92,0.092,0.15,0.1,0.0,0.1,0.65
467,frozen_ddqn_seed4,0,NOOP,0.1935,-0.068779,0.190131,0,35,151.09179815952876,303.7080764770508,51,1.2529024610332413,4089.4736328125,22.860924897756256,1,2,11,0.92,0.092,0.15,0.1,0.0,0.1,0.65,32,113.00347300861895,233.45255851745605,52,1.2304804875300481,4095.0390625,24.88885373090615,1,3,12,0.0,0.092,0.15,0.1,0.0,0.1,0.65
468,frozen_ddqn_seed4,0,NOOP,0.193375,0.353095,0.40867,0,32,113.00347300861895,233.45255851745605,52,1.2304804875300481,4095.0390625,24.88885373090615,1,3,12,0.0,0.092,0.15,0.1,0.0,0.1,0.65,21,92.3063534747825,551.5029430389404,53,1.2086098149137676,4099.6044921875,26.67173311617102,1,4,13,0.75,0.1295,0.1,0.1,0.05,0.1,0.65
469,frozen_ddqn_seed4,1,COMPACT_32KB,0.562057,-0.113781,0.191029,0,21,92.3063534747825,551.5029430389404,53,1.2086098149137676,4099.6044921875,26.67173311617102,1,4,13,0.75,0.1295,0.1,0.1,0.05,0.1,0.65,25,109.4453293141923,203.57298851013184,49,1.3043658198142538,4090.4912109375,16.397409860733703,1,0,14,0.0,0.1295,0.1,0.1,0.05,0.05,0.7
470,frozen_ddqn_seed4,0,NOOP,0.19375,-0.068783,0.190948,0,25,109.4453293141923,203.57298851013184,49,1.3043658198142538,4090.4912109375,16.397409860733703,1,0,14,0.0,0.1295,0.1,0.1,0.05,0.05,0.7,48,203.78753021487483,202.61621475219727,50,1.2804751586914063,4097.5205078125,19.5007745411214,1,1,15,0.0,0.1295,0.1,0.1,0.05,0.05,0.7
471,frozen_ddqn_seed4,0,NOOP,0.193625,-0.068785,0.186943,0,48,203.78753021487483,202.61621475219727,50,1.2804751586914063,4097.5205078125,19.5007745411214,1,1,15,0.0,0.1295,0.1,0.1,0.05,0.05,0.7,44,175.33449621682837,397.8416919708252,51,1.2574032054227942,4104.1640625,21.997115346362303,1,2,16,0.0,0.1295,0.1,0.1,0.05,0.1,0.65
472,frozen_ddqn_seed4,0,NOOP,0.1935,-0.068786,0.190583,0,44,175.33449621682837,397.8416919708252,51,1.2574032054227942,4104.1640625,21.997115346362303,1,2,16,0.0,0.1295,0.1,0.1,0.05,0.1,0.65,34,138.27970239186106,210.86740493774414,52,1.2349480849045973,4109.9072265625,24.12017519350837,1,3,17,0.0,0.1295,0.1,0.1,0.05,0.1,0.65
473,frozen_ddqn_seed4,0,NOOP,0.193375,0.353088,0.408997,0,34,138.27970239186106,210.86740493774414,52,1.2349480849045973,4109.9072265625,24.12017519350837,1,3,17,0.0,0.1295,0.1,0.1,0.05,0.1,0.65,25,113.95979689782291,535.1486206054688,53,1.2131045359485555,4114.8505859375,25.964903714628907,1,4,18,0.75,0.16699999999999998,0.1,0.1,0.1,0.1,0.6
474,frozen_ddqn_seed4,2,COMPACT_64KB,0.215591,-0.05,0.191084,0,25,113.95979689782291,535.1486206054688,53,1.2131045359485555,4114.8505859375,25.964903714628907,1,4,18,0.75,0.16699999999999998,0.1,0.1,0.1,0.1,0.6,48,209.17765700018805,205.80029487609863,48,1.3362951278686523,4105.0986328125,12.103972898211634,1,0,19,0.0,0.16699999999999998,0.1,0.1,0.1,0.1,0.6
475,frozen_ddqn_seed4,0,NOOP,0.193875,0.421875,0.41022,0,48,209.17765700018805,205.80029487609863,48,1.3362951278686523,4105.0986328125,12.103972898211634,1,0,19,0.0,0.16699999999999998,0.1,0.1,0.1,0.1,0.6,29,130.81347423303515,493.97850036621094,49,1.310715033083546,4110.40234375,16.57657547076843,1,1,20,0.75,0.2045,0.1,0.1,0.15,0.1,0.55
476,frozen_ddqn_seed4,4,PARTITION_HOUR,-0.260795,-0.25,0.191071,0,29,130.81347423303515,493.97850036621094,49,1.310715033083546,4110.40234375,16.57657547076843,1,1,20,0.75,0.2045,0.1,0.1,0.15,0.1,0.55,22,102.90371569818079,196.46739959716797,50,1.2859585571289063,4115.0673828125,19.8668945789446,1,2,21,0.0,0.2045,0.1,0.15,0.15,0.1,0.5
477,frozen_ddqn_seed4,5,PARTITION_REGION,0.011807,-0.1,0.188721,0,22,102.90371569818079,196.46739959716797,50,1.2859585571289063,4115.0673828125,19.8668945789446,1,2,21,0.0,0.2045,0.1,0.15,0.15,0.1,0.5,46,201.00344836926513,308.96902084350586,51,1.2628206739238663,4121.8466796875,22.330126179471222,2,3,0,0.0,0.2045,0.1,0.1,0.15,0.1,0.55
478,frozen_ddqn_seed4,0,NOOP,0.19325,-0.08652,0.190262,0,46,201.00344836926513,308.96902084350586,51,1.2628206739238663,4121.8466796875,22.330126179471222,2,3,0,0.0,0.2045,0.1,0.1,0.15,0.1,0.55,33,114.14785150193639,216.89105033874512,54,1.1958154748987269,4132.73828125,28.088055908121987,2,4,1,0.0,0.2045,0.1,0.1,0.15,0.1,0.55
479,frozen_ddqn_seed4,1,COMPACT_32KB,0.561682,-0.080208,0.188861,0,33,114.14785150193639,216.89105033874512,54,1.1958154748987269,4132.73828125,28.088055908121987,2,4,1,0.0,0.2045,0.1,0.1,0.15,0.1,0.55,40,156.2099668813436,296.95868492126465,52,1.2417799142690806,4132.6435546875,25.17134747419837,2,0,2,0.0,0.2045,0.1,0.1,0.15,0.1,0.55
480,frozen_ddqn_seed4,0,NOOP,0.193125,0.341662,0.393107,0,40,156.2099668813436,296.95868492126465,52,1.2417799142690806,4132.6435546875,25.17134747419837,2,0,2,0.0,0.2045,0.1,0.1,0.15,0.1,0.55,40,164.2065783575443,119.63343620300293,55,1.1773207231001421,4144.1689453125,29.981250061493167,2,1,3,0.67,0.238,0.1,0.15,0.15,0.1,0.5
481,frozen_ddqn_seed4,0,NOOP,0.19275,-0.035212,0.184201,0,40,164.2065783575443,119.63343620300293,55,1.1773207231001421,4144.1689453125,29.981250061493167,2,1,3,0.67,0.238,0.1,0.15,0.15,0.1,0.5,27,95.4744908067422,499.95970726013184,58,1.1192087633856411,4154.5029296875,33.3107898920061,2,2,4,0.0,0.238,0.1,0.15,0.15,0.15,0.45
482,frozen_ddqn_seed4,0,NOOP,0.192375,-0.035214,0.188319,0,27,95.4744908067422,499.95970726013184,58,1.1192087633856411,4154.5029296875,33.3107898920061,2,2,4,0.0,0.238,0.1,0.15,0.15,0.15,0.45,25,77.70343522848786,279.04462814331055,61,1.0667667076235912,4164.6572265625,35.71488301290885,2,3,5,0.0,0.238,0.1,0.15,0.15,0.15,0.45
483,frozen_ddqn_seed4,0,NOOP,0.192,-0.035218,0.188674,0,25,77.70343522848786,279.04462814331055,61,1.0667667076235912,4164.6572265625,35.71488301290885,2,3,5,0.0,0.238,0.1,0.15,0.15,0.15,0.45,33,135.9748193381824,246.29545211791992,64,1.0194146633148193,4175.5224609375,37.4771648576548,2,4,6,0.0,0.238,0.1,0.15,0.15,0.15,0.45
484,frozen_ddqn_seed4,1,COMPACT_32KB,0.561932,-0.09171,0.191053,0,33,135.9748193381824,246.29545211791992,64,1.0194146633148193,4175.5224609375,37.4771648576548,2,4,6,0.0,0.238,0.1,0.15,0.15,0.15,0.45,37,128.93798915915306,197.373628616333,50,1.2942831420898437,4141.7060546875,19.181723982768407,2,0,7,0.0,0.192,0.05,0.15,0.15,0.15,0.5
485,frozen_ddqn_seed4,0,NOOP,0.193375,-0.035215,0.190546,0,37,128.93798915915306,197.373628616333,50,1.2942831420898437,4141.7060546875,19.181723982768407,2,0,7,0.0,0.192,0.05,0.15,0.15,0.15,0.5,34,136.57151394193383,207.6878547668457,53,1.2242543922280364,4152.6708984375,26.22879785362899,2,1,8,0.0,0.192,0.05,0.1,0.15,0.15,0.55
486,frozen_ddqn_seed4,0,NOOP,0.193,-0.046718,0.189853,0,34,136.57151394193383,207.6878547668457,53,1.2242543922280364,4152.6708984375,26.22879785362899,2,1,8,0.0,0.192,0.05,0.1,0.15,0.15,0.55,47,183.61081999400173,227.34785079956055,56,1.1620753152029855,4164.8779296875,30.582812450895347,2,2,9,0.0,0.146,0.0,0.1,0.15,0.15,0.6
487,frozen_ddqn_seed4,0,NOOP,0.192625,-0.035215,0.188706,0,47,183.61081999400173,227.34785079956055,56,1.1620753152029855,4164.8779296875,30.582812450895347,2,2,9,0.0,0.146,0.0,0.1,0.15,0.15,0.6,41,137.0335877448957,269.6845531463623,59,1.1060651358911546,4176.501953125,33.62935734806607,2,3,10,0.0,0.146,0.0,0.1,0.15,0.15,0.6
488,frozen_ddqn_seed4,0,NOOP,0.19225,-0.044588,0.187196,0,41,137.0335877448957,269.6845531463623,59,1.1060651358911546,4176.501953125,33.62935734806607,2,3,10,0.0,0.146,0.0,0.1,0.15,0.15,0.6,48,182.63400190502108,330.20520210266113,62,1.055634529359879,4188.7578125,35.82671044246594,2,4,11,0.0,0.1085,0.0,0.1,0.1,0.2,0.6
489,frozen_ddqn_seed4,1,COMPACT_32KB,0.561807,-0.080219,0.188921,0,48,182.63400190502108,330.20520210266113,62,1.055634529359879,4188.7578125,35.82671044246594,2,4,11,0.0,0.1085,0.0,0.1,0.1,0.2,0.6,41,168.3600239274501,298.94185066223145,51,1.2752682554955577,4162.4755859375,20.857256503869028,2,0,12,0.0,0.1085,0.05,0.1,0.1,0.2,0.55
490,frozen_ddqn_seed4,0,NOOP,0.19325,-0.035213,0.190387,0,41,168.3600239274501,298.94185066223145,51,1.2752682554955577,4162.4755859375,20.857256503869028,2,0,12,0.0,0.1085,0.05,0.1,0.1,0.2,0.55,48,194.29955431851653,210.64996719360352,54,1.207982098614728,4174.7861328125,27.048241660411477,2,1,13,0.0,0.1085,0.05,0.1,0.1,0.2,0.55
491,frozen_ddqn_seed4,0,NOOP,0.192875,0.341664,0.391918,0,48,194.29955431851653,210.64996719360352,54,1.207982098614728,4174.7861328125,27.048241660411477,2,1,13,0.0,0.1085,0.05,0.1,0.1,0.2,0.55,26,88.16649553798814,169.0990924835205,57,1.147214922988624,4185.0400390625,31.137282332087167,2,2,14,0.67,0.142,0.05,0.15,0.1,0.15,0.55
492,frozen_ddqn_seed4,0,NOOP,0.1925,-0.035211,0.189397,0,26,88.16649553798814,169.0990924835205,57,1.147214922988624,4185.0400390625,31.137282332087167,2,2,14,0.67,0.142,0.05,0.15,0.1,0.15,0.55,30,115.09501373411521,230.17191886901855,60,1.0926503499348958,4195.77734375,33.99808946704438,2,3,15,0.0,0.142,0.05,0.15,0.1,0.15,0.55
493,frozen_ddqn_seed4,0,NOOP,0.192125,-0.044588,0.186667,0,30,115.09501373411521,230.17191886901855,60,1.0926503499348958,4195.77734375,33.99808946704438,2,3,15,0.0,0.142,0.05,0.15,0.1,0.15,0.55,38,151.63558038466516,351.6569137573242,63,1.0434330531529017,4207.1220703125,36.07760718433014,2,4,16,0.0,0.1045,0.1,0.15,0.05,0.15,0.55
494,frozen_ddqn_seed4,1,COMPACT_32KB,0.561807,-0.080216,0.188929,0,38,151.63558038466516,351.6569137573242,63,1.0434330531529017,4207.1220703125,36.07760718433014,2,4,16,0.0,0.1045,0.1,0.15,0.05,0.15,0.55,42,164.95009944155422,298.55990409851074,51,1.2800957174862133,4178.232421875,19.861018435231085,2,0,17,0.0,0.1045,0.1,0.15,0.05,0.2,0.5
495,frozen_ddqn_seed4,0,NOOP,0.19325,-0.044588,0.190389,0,42,164.95009944155422,298.55990409851074,51,1.2800957174862133,4178.232421875,19.861018435231085,2,0,17,0.0,0.1045,0.1,0.15,0.05,0.2,0.5,45,174.14332914145157,210.56151390075684,54,1.212463096336082,4190.2724609375,26.39430086117551,2,1,18,0.0,0.067,0.1,0.15,0.0,0.2,0.55
496,frozen_ddqn_seed4,0,NOOP,0.192875,-0.035212,0.187703,0,45,174.14332914145157,210.56151390075684,54,1.212463096336082,4190.2724609375,26.39430086117551,2,1,18,0.0,0.067,0.1,0.15,0.0,0.2,0.55,31,122.38535405351983,329.8380374908447,57,1.1515912507709705,4201.0048828125,30.61718560671416,2,2,19,0.0,0.067,0.1,0.1,0.0,0.2,0.6
497,frozen_ddqn_seed4,0,NOOP,0.1925,-0.035215,0.189224,0,31,122.38535405351983,329.8380374908447,57,1.1515912507709705,4201.0048828125,30.61718560671416,2,2,19,0.0,0.067,0.1,0.1,0.0,0.2,0.6,39,143.60297006930045,238.80314826965332,60,1.0969927469889322,4212.4521484375,33.55126431181725,2,3,20,0.0,0.067,0.1,0.1,0.0,0.2,0.6
498,frozen_ddqn_seed4,4,PARTITION_HOUR,0.010307,-0.135216,0.188728,0,39,143.60297006930045,238.80314826965332,60,1.0969927469889322,4212.4521484375,33.55126431181725,2,3,20,0.0,0.067,0.1,0.1,0.0,0.2,0.6,50,191.56254196121344,248.59952926635742,63,1.047853257921007,4224.9443359375,35.66843482659368,1,4,0,0.0,0.067,0.1,0.1,0.0,0.2,0.6
499,frozen_ddqn_seed4,1,COMPACT_32KB,0.562057,-0.045,0.191901,0,50,191.56254196121344,248.59952926635742,63,1.047853257921007,4224.9443359375,35.66843482659368,1,4,0,0.0,0.067,0.1,0.1,0.0,0.2,0.6,25,104.44140101694747,159.93142127990723,49,1.3369031633649553,4192.5283203125,14.048325119725927,1,0,1,0.0,0.067,0.1,0.15,0.0,0.15,0.6
500,frozen_ddqn_seed4,0,NOOP,0.19375,-0.008375,0.188729,1,25,104.44140101694747,159.93142127990723,49,1.3369031633649553,4192.5283203125,14.048325119725927,1,0,1,0.0,0.067,0.1,0.15,0.0,0.15,0.6,30,137.1753006420019,313.53020668029785,50,1.3118536376953125,4197.931640625,17.939772067804928,1,1,2,0.0,0.0335,0.1,0.1,0.0,0.15,0.65
