step,policy_name,action,action_name,compact_reward,partition_reward,global_reward,done,rows_ingested,ingestion_rate_rows_per_sec,latency_ms,file_count,block_utilization,total_size_kb,file_size_skew_kb,partition_strategy,steps_since_compact,steps_since_partition_change,partition_pruning_ratio,avg_pruning_ratio,query_hist_time_range,query_hist_region_filter,query_hist_sensor_lookup,query_hist_type_filter,query_hist_full_scan,next_rows_ingested,next_ingestion_rate_rows_per_sec,next_latency_ms,next_file_count,next_block_utilization,next_total_size_kb,next_file_size_skew_kb,next_partition_strategy,next_steps_since_compact,next_steps_since_partition_change,next_partition_pruning_ratio,next_avg_pruning_ratio,next_query_hist_time_range,next_query_hist_region_filter,next_query_hist_sensor_lookup,next_query_hist_type_filter,next_query_hist_full_scan
1,PartitionExploration,0,NOOP,0.033013,0.0,0.016133,0,0,0.0,0.0,0,0.0,0.0,0.0,0,0,0,0.0,0.0,0.0,0.0,0.0,0.0,0.0,38,157.5957854103055,116.62459373474121,1,0.0948944091796875,6.0732421875,0.0,0,1,1,0.0,0.0,1.0,0.0,0.0,0.0,0.0
2,PartitionExploration,0,NOOP,0.033304,0.0,0.016286,0,38,157.5957854103055,116.62459373474121,1,0.0948944091796875,6.0732421875,0.0,0,1,1,0.0,0.0,1.0,0.0,0.0,0.0,0.0,40,165.50556133748316,116.73164367675781,2,0.0962982177734375,12.326171875,0.12705824974445776,0,2,2,0.0,0.0,1.0,0.0,0.0,0.0,0.0
3,PartitionExploration,0,NOOP,0.033745,0.0,0.017699,0,40,165.50556133748316,116.73164367675781,2,0.0962982177734375,12.326171875,0.12705824974445776,0,2,2,0.0,0.0,1.0,0.0,0.0,0.0,0.0,43,147.9854701801458,66.48993492126465,3,0.0981292724609375,18.8408203125,0.22196988508086518,0,3,3,0.0,0.0,0.6666666666666666,0.0,0.0,0.0,0.3333333333333333
4,PartitionExploration,0,NOOP,0.033807,0.0,0.015297,0,43,147.9854701801458,66.48993492126465,3,0.0981292724609375,18.8408203125,0.22196988508086518,0,3,3,0.0,0.0,0.6666666666666666,0.0,0.0,0.0,0.3333333333333333,42,194.77330502852593,170.5167293548584,4,0.098876953125,25.3125,0.2049540795478521,0,4,4,0.0,0.0,0.75,0.0,0.0,0.0,0.25
5,PartitionExploration,0,NOOP,0.033041,0.0,0.017004,0,42,194.77330502852593,170.5167293548584,4,0.098876953125,25.3125,0.2049540795478521,0,4,4,0.0,0.0,0.75,0.0,0.0,0.0,0.25,35,155.56765520932132,78.12881469726562,5,0.097259521484375,31.123046875,0.2916882824835163,0,5,5,0.0,0.0,0.6,0.0,0.0,0.0,0.4
6,PartitionExploration,0,NOOP,0.033711,0.0,0.017022,0,35,155.56765520932132,78.12881469726562,5,0.097259521484375,31.123046875,0.2916882824835163,0,5,5,0.0,0.0,0.6,0.0,0.0,0.0,0.4,50,238.19281884233277,93.31107139587402,6,0.0997467041015625,38.302734375,0.46914249518257545,0,6,6,0.0,0.0,0.5,0.16666666666666666,0.0,0.0,0.3333333333333333
7,PartitionExploration,0,NOOP,0.032797,0.0,0.016494,0,50,238.19281884233277,93.31107139587402,6,0.0997467041015625,38.302734375,0.46914249518257545,0,6,6,0.0,0.0,0.5,0.16666666666666666,0.0,0.0,0.3333333333333333,31,136.52372827432546,93.08052062988281,7,0.09770638602120536,43.7724609375,0.5502461646293747,0,7,7,0.0,0.0,0.42857142857142855,0.14285714285714285,0.0,0.0,0.42857142857142855
8,PartitionExploration,0,NOOP,0.032723,0.0,0.015239,0,31,136.52372827432546,93.08052062988281,7,0.09770638602120536,43.7724609375,0.5502461646293747,0,7,7,0.0,0.0,0.42857142857142855,0.14285714285714285,0.0,0.0,0.42857142857142855,42,200.83174258626744,144.6080207824707,8,0.09806632995605469,50.2099609375,0.5135788882589396,0,8,8,0.0,0.0,0.5,0.125,0.0,0.0,0.375
9,PartitionExploration,0,NOOP,0.032458,0.0,0.014621,0,42,200.83174258626744,144.6080207824707,8,0.09806632995605469,50.2099609375,0.5135788882589396,0,8,8,0.0,0.0,0.5,0.125,0.0,0.0,0.375,38,183.09573081001227,164.15953636169434,9,0.09788004557291667,56.37890625,0.48173863758728963,0,9,9,0.0,0.0,0.5555555555555556,0.1111111111111111,0.0,0.0,0.3333333333333333
10,PartitionExploration,0,NOOP,0.032591,0.0,0.014328,0,38,183.09573081001227,164.15953636169434,9,0.09788004557291667,56.37890625,0.48173863758728963,0,9,9,0.0,0.0,0.5555555555555556,0.1111111111111111,0.0,0.0,0.3333333333333333,47,213.96304939121148,179.4905662536621,10,0.09883270263671876,63.2529296875,0.4934164538252829,0,10,10,0.0,0.0,0.6,0.1,0.0,0.0,0.3
11,PartitionExploration,0,NOOP,0.032551,0.0,0.013862,0,47,213.96304939121148,179.4905662536621,10,0.09883270263671876,63.2529296875,0.4934164538252829,0,10,10,0.0,0.0,0.6,0.1,0.0,0.0,0.3,44,183.82327406743363,198.04024696350098,11,0.09928755326704546,69.8984375,0.47794917336493403,0,11,11,0.0,0.0,0.5454545454545454,0.09090909090909091,0.09090909090909091,0.0,0.2727272727272727
12,PartitionExploration,0,NOOP,0.032427,0.0,0.013362,0,44,183.82327406743363,198.04024696350098,11,0.09928755326704546,69.8984375,0.47794917336493403,0,11,11,0.0,0.0,0.5454545454545454,0.09090909090909091,0.09090909090909091,0.0,0.2727272727272727,42,203.29260574839188,215.9435749053955,12,0.09950510660807292,76.419921875,0.45825199845228,0,12,12,0.0,0.0,0.5833333333333334,0.08333333333333333,0.08333333333333333,0.0,0.25
13,PartitionExploration,0,NOOP,0.032264,0.0,0.013506,0,42,203.29260574839188,215.9435749053955,12,0.09950510660807292,76.419921875,0.45825199845228,0,12,12,0.0,0.0,0.5833333333333334,0.08333333333333333,0.08333333333333333,0.0,0.25,42,190.6165557374619,205.3511142730713,13,0.0996105487530048,82.8759765625,0.43941703800370346,0,13,13,0.0,0.0,0.5384615384615384,0.07692307692307693,0.07692307692307693,0.07692307692307693,0.23076923076923078
14,PartitionExploration,0,NOOP,0.031993,0.0,0.012514,0,42,190.6165557374619,205.3511142730713,13,0.0996105487530048,82.8759765625,0.43941703800370346,0,13,13,0.0,0.0,0.5384615384615384,0.07692307692307693,0.07692307692307693,0.07692307692307693,0.23076923076923078,39,170.03475581741034,240.7371997833252,14,0.09940774100167411,89.0693359375,0.4249624414498921,0,14,14,0.0,0.0,0.5714285714285714,0.07142857142857142,0.07142857142857142,0.07142857142857142,0.21428571428571427
15,PartitionExploration,0,NOOP,0.031992,0.0,0.014291,0,39,170.03475581741034,240.7371997833252,14,0.09940774100167411,89.0693359375,0.4249624414498921,0,14,14,0.0,0.0,0.5714285714285714,0.07142857142857142,0.07142857142857142,0.07142857142857142,0.21428571428571427,47,201.43823163952652,164.13640975952148,15,0.09997762044270833,95.978515625,0.4331823910533409,0,15,15,0.0,0.0,0.5333333333333333,0.06666666666666667,0.06666666666666667,0.13333333333333333,0.2
16,PartitionExploration,2,COMPACT_64KB,-0.01765,-0.075,0.095574,0,47,201.43823163952652,164.13640975952148,15,0.09997762044270833,95.978515625,0.4331823910533409,0,15,15,0.0,0.0,0.5333333333333333,0.06666666666666667,0.06666666666666667,0.13333333333333333,0.2,37,94.86910152369599,62.64925003051758,2,0.48642730712890625,62.2626953125,9.738600522533085,0,0,16,0.0,0.0,0.5,0.125,0.0625,0.125,0.1875
17,PartitionExploration,0,NOOP,0.124275,0.0,0.067983,0,37,94.86910152369599,62.64925003051758,2,0.48642730712890625,62.2626953125,9.738600522533085,0,0,16,0.0,0.0,0.5,0.125,0.0625,0.125,0.1875,40,179.50957293599282,128.5269260406494,3,0.3567860921223958,68.5029296875,15.93557896224925,0,1,17,0.0,0.0,0.5294117647058824,0.11764705882352941,0.058823529411764705,0.11764705882352941,0.17647058823529413
18,PartitionExploration,0,NOOP,0.100321,0.0,0.055652,0,40,179.50957293599282,128.5269260406494,3,0.3567860921223958,68.5029296875,15.93557896224925,0,1,17,0.0,0.0,0.5294117647058824,0.11764705882352941,0.058823529411764705,0.11764705882352941,0.17647058823529413,31,125.41577388330138,69.9300765991211,4,0.28891754150390625,73.962890625,15.644875146179293,0,2,18,0.0,0.0,0.5,0.1111111111111111,0.05555555555555555,0.1111111111111111,0.2222222222222222
19,PartitionExploration,0,NOOP,0.085894,0.0,0.045642,0,31,125.41577388330138,69.9300765991211,4,0.28891754150390625,73.962890625,15.644875146179293,0,2,18,0.0,0.0,0.5,0.1111111111111111,0.05555555555555555,0.1111111111111111,0.2222222222222222,31,125.8158890387656,145.1735496520996,5,0.2482696533203125,79.4462890625,14.74481893483233,0,3,19,0.0,0.0,0.47368421052631576,0.10526315789473684,0.10526315789473684,0.10526315789473684,0.21052631578947367
20,PartitionExploration,0,NOOP,0.076301,0.0,0.040057,0,31,125.8158890387656,145.1735496520996,5,0.2482696533203125,79.4462890625,14.74481893483233,0,3,19,0.0,0.0,0.47368421052631576,0.10526315789473684,0.10526315789473684,0.10526315789473684,0.21052631578947367,32,164.5660028494849,149.11985397338867,6,0.22143046061197916,85.029296875,13.843080576490502,0,4,20,0.0,0.0,0.5,0.1,0.1,0.1,0.2
21,PartitionExploration,0,NOOP,0.070279,0.0,0.037522,0,32,164.5660028494849,149.11985397338867,6,0.22143046061197916,85.029296875,13.843080576490502,0,4,20,0.0,0.0,0.5,0.1,0.1,0.1,0.2,45,203.50468912067936,109.8334789276123,7,0.20479692731584823,91.7490234375,12.947015452495362,0,5,21,0.0,0.0,0.45,0.15,0.1,0.1,0.2
22,PartitionExploration,0,NOOP,0.065524,0.0,0.034316,0,45,203.50468912067936,109.8334789276123,7,0.20479692731584823,91.7490234375,12.947015452495362,0,5,21,0.0,0.0,0.45,0.15,0.1,0.1,0.2,42,228.03244943529336,130.3386688232422,8,0.19178390502929688,98.193359375,12.215876669672207,0,6,22,0.0,0.0,0.45,0.15,0.1,0.1,0.2
23,PartitionExploration,0,NOOP,0.061906,0.0,0.03145,0,42,228.03244943529336,130.3386688232422,8,0.19178390502929688,98.193359375,12.215876669672207,0,6,22,0.0,0.0,0.45,0.15,0.1,0.1,0.2,44,189.64611535003212,164.0927791595459,9,0.18201700846354166,104.841796875,11.579755094323449,0,7,23,0.0,0.0,0.5,0.15,0.1,0.1,0.15
24,PartitionExploration,0,NOOP,0.059137,0.0,0.028945,0,44,189.64611535003212,164.0927791595459,9,0.18201700846354166,104.841796875,11.579755094323449,0,7,23,0.0,0.0,0.5,0.15,0.1,0.1,0.15,48,237.77598626207177,203.1412124633789,10,0.174676513671875,111.79296875,11.018112377466524,0,8,24,0.0,0.0,0.45,0.15,0.15,0.1,0.15
25,PartitionExploration,0,NOOP,0.056364,0.0,0.027254,0,48,237.77598626207177,203.1412124633789,10,0.174676513671875,111.79296875,11.018112377466524,0,8,24,0.0,0.0,0.45,0.15,0.15,0.1,0.15,37,175.26636007986917,207.2446346282959,11,0.1673251065340909,117.796875,10.56853301813669,0,9,25,0.0,0.0,0.5,0.15,0.15,0.1,0.1
26,PartitionExploration,0,NOOP,0.054187,0.0,0.025647,0,37,175.26636007986917,207.2446346282959,11,0.1673251065340909,117.796875,10.56853301813669,0,9,25,0.0,0.0,0.5,0.15,0.15,0.1,0.1,41,219.04323635807816,222.37420082092285,12,0.16167704264322916,124.16796875,10.15420502533164,0,10,26,0.0,0.0,0.5,0.1,0.2,0.1,0.1
27,PartitionExploration,0,NOOP,0.052167,0.0,0.027121,0,41,219.04323635807816,222.37420082092285,12,0.16167704264322916,124.16796875,10.15420502533164,0,10,26,0.0,0.0,0.5,0.1,0.2,0.1,0.1,37,155.46192822210156,109.2519760131836,13,0.1564765343299279,130.1884765625,9.795696188404518,0,11,27,0.0,0.0,0.5,0.1,0.2,0.15,0.05
28,PartitionExploration,0,NOOP,0.050157,0.0,0.02351,0,37,155.46192822210156,109.2519760131836,13,0.1564765343299279,130.1884765625,9.795696188404518,0,11,27,0.0,0.0,0.5,0.1,0.2,0.15,0.05,30,149.70318515592655,214.32018280029297,14,0.15130615234375,135.5703125,9.492493215711391,0,12,28,0.0,0.0,0.5,0.1,0.2,0.15,0.05
29,PartitionExploration,0,NOOP,0.048716,0.0,0.020472,0,30,149.70318515592655,214.32018280029297,14,0.15130615234375,135.5703125,9.492493215711391,0,12,28,0.0,0.0,0.5,0.1,0.2,0.15,0.05,40,216.44752985678292,308.7947368621826,15,0.147760009765625,141.849609375,9.189330685455566,0,13,29,0.0,0.0,0.45,0.1,0.2,0.15,0.1
30,PartitionExploration,0,NOOP,0.047647,0.0,0.021954,0,40,216.44752985678292,308.7947368621826,15,0.147760009765625,141.849609375,9.189330685455566,0,13,29,0.0,0.0,0.45,0.1,0.2,0.15,0.1,47,128.36907977505555,218.60909461975098,16,0.14527606964111328,148.7626953125,8.900481239043419,0,14,30,0.0,0.0,0.45,0.1,0.2,0.15,0.1
31,PartitionExploration,0,NOOP,0.04636,0.0,0.02093,0,47,128.36907977505555,218.60909461975098,16,0.14527606964111328,148.7626953125,8.900481239043419,0,14,30,0.0,0.0,0.45,0.1,0.2,0.15,0.1,36,184.03895418495438,230.5600643157959,17,0.14217152315027573,154.6826171875,8.656704549465541,0,15,31,0.0,0.0,0.5,0.1,0.15,0.15,0.1
32,PartitionExploration,2,COMPACT_64KB,0.027661,-0.075,0.119833,0,36,184.03895418495438,230.5600643157959,17,0.14217152315027573,154.6826171875,8.656704549465541,0,15,31,0.0,0.0,0.5,0.1,0.15,0.15,0.1,38,183.57359538461716,132.1544647216797,3,0.6164601643880209,118.3603515625,18.548458872661136,0,0,32,0.0,0.0,0.5,0.1,0.15,0.15,0.1
33,PartitionExploration,0,NOOP,0.170587,0.0,0.094354,0,38,183.57359538461716,132.1544647216797,3,0.6164601643880209,118.3603515625,18.548458872661136,0,0,32,0.0,0.0,0.5,0.1,0.15,0.15,0.1,48,231.92223740262972,132.0633888244629,4,0.48967742919921875,125.357421875,22.197245439262066,0,1,33,0.0,0.0,0.55,0.1,0.15,0.1,0.1
34,PartitionExploration,0,NOOP,0.142657,0.0,0.076833,0,48,231.92223740262972,132.0633888244629,4,0.48967742919921875,125.357421875,22.197245439262066,0,1,33,0.0,0.0,0.55,0.1,0.15,0.1,0.1,37,200.9606480911948,198.4875202178955,5,0.41044921875,131.34375,22.31800792895095,0,2,34,0.0,0.0,0.55,0.1,0.15,0.1,0.1
35,PartitionExploration,0,NOOP,0.123946,0.0,0.066705,0,37,200.9606480911948,198.4875202178955,5,0.41044921875,131.34375,22.31800792895095,0,2,34,0.0,0.0,0.55,0.1,0.15,0.1,0.1,37,202.3496719413354,173.85315895080566,6,0.3575592041015625,137.302734375,21.61533126333666,0,3,35,0.0,0.0,0.6,0.1,0.15,0.05,0.1
36,PartitionExploration,0,NOOP,0.110817,0.0,0.058944,0,37,202.3496719413354,173.85315895080566,6,0.3575592041015625,137.302734375,21.61533126333666,0,3,35,0.0,0.0,0.6,0.1,0.15,0.05,0.1,41,245.92037776160234,184.4949722290039,7,0.32061985560825895,143.6376953125,20.699649968685932,0,4,36,0.0,0.0,0.65,0.05,0.15,0.05,0.1
37,PartitionExploration,0,NOOP,0.10031,0.0,0.052823,0,41,245.92037776160234,184.4949722290039,7,0.32061985560825895,143.6376953125,20.699649968685932,0,4,36,0.0,0.0,0.65,0.05,0.15,0.05,0.1,31,163.84516145291875,189.04590606689453,8,0.2911720275878906,149.080078125,19.891714313462266,0,5,37,0.0,0.0,0.6,0.05,0.15,0.1,0.1
38,PartitionExploration,0,NOOP,0.093145,0.0,0.049019,0,31,163.84516145291875,189.04590606689453,8,0.2911720275878906,149.080078125,19.891714313462266,0,5,37,0.0,0.0,0.6,0.05,0.15,0.1,0.1,50,186.7925755110148,176.15985870361328,9,0.2712724473741319,156.2529296875,18.995214075625626,0,6,38,0.0,0.0,0.65,0.05,0.15,0.1,0.05
39,PartitionExploration,0,NOOP,0.087117,0.0,0.045454,0,50,186.7925755110148,176.15985870361328,9,0.2712724473741319,156.2529296875,18.995214075625626,0,6,38,0.0,0.0,0.65,0.05,0.15,0.1,0.05,45,260.68992950432033,180.83620071411133,10,0.25461883544921876,162.9560546875,18.223260192494052,0,7,39,0.0,0.0,0.7,0.05,0.1,0.1,0.05
40,PartitionExploration,0,NOOP,0.082052,0.0,0.042746,0,45,260.68992950432033,180.83620071411133,10,0.25461883544921876,162.9560546875,18.223260192494052,0,7,39,0.0,0.0,0.7,0.05,0.1,0.1,0.05,42,239.1834560066476,172.40452766418457,11,0.24072126908735794,169.4677734375,17.53797914800485,0,8,40,0.0,0.0,0.7,0.05,0.1,0.1,0.05
41,PartitionExploration,0,NOOP,0.077437,0.0,0.040217,0,42,239.1834560066476,172.40452766418457,11,0.24072126908735794,169.4677734375,17.53797914800485,0,8,40,0.0,0.0,0.7,0.05,0.1,0.1,0.05,33,191.94781248439867,167.33980178833008,12,0.2281061808268229,175.185546875,16.954082137364548,0,9,41,0.0,0.0,0.75,0.0,0.1,0.1,0.05
42,PartitionExploration,0,NOOP,0.073577,0.0,0.037228,0,33,191.94781248439867,167.33980178833008,12,0.2281061808268229,175.185546875,16.954082137364548,0,9,41,0.0,0.0,0.75,0.0,0.1,0.1,0.05,36,180.9852929542823,200.42967796325684,13,0.2176490196814904,181.083984375,16.410675783245264,0,10,42,0.0,0.0,0.75,0.0,0.1,0.1,0.05
43,PartitionExploration,0,NOOP,0.070221,0.0,0.02935,0,36,180.9852929542823,200.42967796325684,13,0.2176490196814904,181.083984375,16.410675783245264,0,10,42,0.0,0.0,0.75,0.0,0.1,0.1,0.05,35,212.24393488130005,455.4328918457031,14,0.20863233293805802,186.9345703125,15.914025518217606,0,11,43,0.0,0.0,0.7,0.0,0.15,0.1,0.05
44,PartitionExploration,0,NOOP,0.067463,0.0,0.033519,0,35,212.24393488130005,455.4328918457031,14,0.20863233293805802,186.9345703125,15.914025518217606,0,11,43,0.0,0.0,0.7,0.0,0.15,0.1,0.05,41,177.15205907319043,208.71543884277344,15,0.20132242838541667,193.26953125,15.44181036298643,0,12,44,0.0,0.0,0.75,0.0,0.1,0.1,0.05
45,PartitionExploration,0,NOOP,0.064766,0.0,0.032941,0,41,177.15205907319043,208.71543884277344,15,0.20132242838541667,193.26953125,15.44181036298643,0,12,44,0.0,0.0,0.75,0.0,0.1,0.1,0.05,32,152.9100661231595,166.98408126831055,16,0.19418811798095703,198.8486328125,15.02958915018098,0,13,45,0.0,0.0,0.75,0.0,0.1,0.1,0.05
46,PartitionExploration,0,NOOP,0.062804,0.0,0.030965,0,32,152.9100661231595,166.98408126831055,16,0.19418811798095703,198.8486328125,15.02958915018098,0,13,45,0.0,0.0,0.75,0.0,0.1,0.1,0.05,48,260.84554619388126,203.1869888305664,17,0.18915512982536764,205.80078125,14.612814983229953,0,14,46,0.0,0.0,0.8,0.0,0.05,0.1,0.05
47,PartitionExploration,0,NOOP,0.060644,0.0,0.029636,0,48,260.84554619388126,203.1869888305664,17,0.18915512982536764,205.80078125,14.612814983229953,0,14,46,0.0,0.0,0.8,0.0,0.05,0.1,0.05,33,191.69499877431122,206.80737495422363,18,0.18355560302734375,211.4560546875,14.257813165927475,0,15,47,0.0,0.0,0.85,0.0,0.05,0.05,0.05
48,PartitionExploration,2,COMPACT_64KB,0.050762,-0.075,0.134086,0,33,191.69499877431122,206.80737495422363,18,0.18355560302734375,211.4560546875,14.257813165927475,0,15,47,0.0,0.0,0.85,0.0,0.05,0.05,0.05,34,175.27754445349882,86.60244941711426,4,0.6830329895019531,174.8564453125,17.145117151066497,0,0,48,0.0,0.0,0.8,0.0,0.05,0.1,0.05
49,PartitionExploration,0,NOOP,0.197503,0.0,0.109023,0,34,175.27754445349882,86.60244941711426,4,0.6830329895019531,174.8564453125,17.145117151066497,0,0,48,0.0,0.0,0.8,0.0,0.05,0.1,0.05,44,232.50842349810767,162.10532188415527,5,0.56715087890625,181.48828125,22.259499347965498,0,1,49,0.0,0.0,0.85,0.0,0.05,0.1,0.0
50,PartitionExploration,4,PARTITION_HOUR,-0.205778,-0.15,0.093892,0,44,232.50842349810767,162.10532188415527,5,0.56715087890625,181.48828125,22.259499347965498,0,1,49,0.0,0.0,0.85,0.0,0.05,0.1,0.0,31,121.24617117621169,117.52891540527344,6,0.48692067464192706,186.9775390625,23.54954673360586,1,2,0,0.0,0.0,0.85,0.0,0.05,0.1,0.0
51,PartitionExploration,2,COMPACT_64KB,0.065328,-0.094659,0.142458,0,31,121.24617117621169,117.52891540527344,6,0.48692067464192706,186.9775390625,23.54954673360586,1,2,0,0.0,0.0,0.85,0.0,0.05,0.1,0.0,48,240.69776633760904,84.52606201171875,4,0.7246513366699219,185.5107421875,26.43117202016038,1,0,1,0.0,0.0,0.8,0.0,0.05,0.15,0.0
52,PartitionExploration,0,NOOP,0.209359,-0.017553,0.117047,0,48,240.69776633760904,84.52606201171875,4,0.7246513366699219,185.5107421875,26.43117202016038,1,0,1,0.0,0.0,0.8,0.0,0.05,0.15,0.0,46,254.37652971624604,108.55889320373535,5,0.601025390625,192.328125,28.930237663326608,1,1,2,0.0,0.0,0.75,0.0,0.05,0.2,0.0
53,PartitionExploration,0,NOOP,0.179897,-0.015754,0.100808,0,46,254.37652971624604,108.55889320373535,5,0.601025390625,192.328125,28.930237663326608,1,1,2,0.0,0.0,0.75,0.0,0.05,0.2,0.0,41,194.53814087081847,82.56745338439941,6,0.5174204508463541,198.689453125,29.00599766677468,1,2,3,0.0,0.0,0.7,0.0,0.05,0.25,0.0
54,PartitionExploration,0,NOOP,0.158277,0.368186,0.236313,0,41,194.53814087081847,82.56745338439941,6,0.5174204508463541,198.689453125,29.00599766677468,1,2,3,0.0,0.0,0.7,0.0,0.05,0.25,0.0,34,157.3226073353647,173.83694648742676,7,0.45622035435267855,204.38671875,28.4343602857127,1,3,4,0.75,0.0375,0.65,0.0,0.1,0.25,0.0
55,PartitionExploration,0,NOOP,0.143006,0.456922,0.262743,0,34,157.3226073353647,173.83694648742676,7,0.45622035435267855,204.38671875,28.4343602857127,1,3,4,0.75,0.0375,0.65,0.0,0.1,0.25,0.0,50,200.86258336342382,123.83365631103516,8,0.4131603240966797,211.5380859375,27.454841614999353,1,4,5,0.92,0.08349999999999999,0.65,0.0,0.1,0.25,0.0
56,PartitionExploration,0,NOOP,0.130429,0.371709,0.220327,0,50,200.86258336342382,123.83365631103516,8,0.4131603240966797,211.5380859375,27.454841614999353,1,4,5,0.92,0.08349999999999999,0.65,0.0,0.1,0.25,0.0,38,175.2070239543931,176.03230476379395,9,0.3777957492404514,217.6103515625,26.564099175179102,1,5,6,0.75,0.121,0.6,0.0,0.15,0.25,0.0
57,PartitionExploration,0,NOOP,0.120203,0.459734,0.248232,0,38,175.2070239543931,176.03230476379395,9,0.3777957492404514,217.6103515625,26.564099175179102,1,5,6,0.75,0.121,0.6,0.0,0.15,0.25,0.0,35,164.44731715677653,186.36059761047363,10,0.34915008544921877,223.4560546875,25.70712685270897,1,6,7,0.92,0.16699999999999998,0.65,0.0,0.15,0.2,0.0
58,PartitionExploration,0,NOOP,0.11224,0.461379,0.244235,0,35,164.44731715677653,186.36059761047363,10,0.34915008544921877,223.4560546875,25.70712685270897,1,6,7,0.92,0.16699999999999998,0.65,0.0,0.15,0.2,0.0,45,193.53502665489523,162.18876838684082,11,0.3269708806818182,230.1875,24.838167240423292,1,7,8,0.92,0.213,0.65,0.0,0.15,0.2,0.0
59,PartitionExploration,0,NOOP,0.105516,-0.006274,0.056957,0,45,193.53502665489523,162.18876838684082,11,0.3269708806818182,230.1875,24.838167240423292,1,7,8,0.92,0.213,0.65,0.0,0.15,0.2,0.0,44,193.7597455024594,137.53485679626465,12,0.30833180745442706,236.798828125,24.04008604765563,1,8,9,0.0,0.213,0.6,0.0,0.15,0.25,0.0
60,PartitionExploration,0,NOOP,0.09975,0.464383,0.236561,0,44,193.7597455024594,137.53485679626465,12,0.30833180745442706,236.798828125,24.04008604765563,1,8,9,0.0,0.213,0.6,0.0,0.15,0.25,0.0,43,195.5634552222703,184.29136276245117,13,0.2924299973707933,243.3017578125,23.307293946851164,1,9,10,0.92,0.259,0.6,0.0,0.15,0.25,0.0
61,PartitionExploration,0,NOOP,0.09435,0.46537,0.232336,0,43,195.5634552222703,184.29136276245117,13,0.2924299973707933,243.3017578125,23.307293946851164,1,9,10,0.92,0.259,0.6,0.0,0.15,0.25,0.0,30,126.67620377464102,232.65790939331055,14,0.27757154192243305,248.7041015625,22.673841288223826,1,10,11,0.92,0.305,0.6,0.0,0.15,0.25,0.0
62,PartitionExploration,0,NOOP,0.090271,-0.00224,0.046819,0,30,126.67620377464102,232.65790939331055,14,0.27757154192243305,248.7041015625,22.673841288223826,1,10,11,0.92,0.305,0.6,0.0,0.15,0.25,0.0,50,195.41675169521295,197.3099708557129,15,0.2664876302083333,255.828125,22.02111542760732,1,11,12,0.0,0.305,0.55,0.05,0.15,0.25,0.0
63,PartitionExploration,0,NOOP,0.086402,0.468217,0.229172,0,50,195.41675169521295,197.3099708557129,15,0.2664876302083333,255.828125,22.02111542760732,1,11,12,0.0,0.305,0.55,0.05,0.15,0.25,0.0,41,192.41368954710188,172.6706027984619,16,0.25600624084472656,262.150390625,21.442962561091637,1,12,13,0.92,0.351,0.6,0.05,0.1,0.25,0.0
64,PartitionExploration,0,NOOP,0.08277,0.4692,0.226453,0,41,192.41368954710188,172.6706027984619,16,0.25600624084472656,262.150390625,21.442962561091637,1,12,13,0.92,0.351,0.6,0.05,0.1,0.25,0.0,33,161.48124227080757,199.7988224029541,17,0.2462005615234375,267.8662109375,20.922674632442735,1,13,14,0.92,0.39699999999999996,0.6,0.05,0.1,0.25,0.0
65,PartitionExploration,0,NOOP,0.079423,0.468329,0.224438,0,33,161.48124227080757,199.7988224029541,17,0.2462005615234375,267.8662109375,20.922674632442735,1,13,14,0.92,0.39699999999999996,0.6,0.05,0.1,0.25,0.0,30,134.0881452164628,203.71699333190918,18,0.23720889621310765,273.2646484375,20.44428372066719,1,14,15,0.92,0.44299999999999995,0.6,0.05,0.1,0.25,0.0
66,PartitionExploration,0,NOOP,0.076623,0.467226,0.223214,0,30,134.0881452164628,203.71699333190918,18,0.23720889621310765,273.2646484375,20.44428372066719,1,14,15,0.92,0.44299999999999995,0.6,0.05,0.1,0.25,0.0,39,165.84495655612218,187.17384338378906,19,0.22978130139802633,279.4140625,19.976029048512437,1,15,16,0.92,0.489,0.6,0.05,0.1,0.25,0.0
67,PartitionExploration,2,COMPACT_64KB,0.077855,0.391101,0.332624,0,39,165.84495655612218,187.17384338378906,19,0.22978130139802633,279.4140625,19.976029048512437,1,15,16,0.92,0.489,0.6,0.05,0.1,0.25,0.0,41,190.34419613703028,126.58023834228516,5,0.7610137939453125,243.5244140625,15.379821213723556,1,0,17,0.92,0.5349999999999999,0.6,0.05,0.1,0.25,0.0
68,PartitionExploration,0,NOOP,0.226973,0.378179,0.275945,0,41,190.34419613703028,126.58023834228516,5,0.7610137939453125,243.5244140625,15.379821213723556,1,0,17,0.92,0.5349999999999999,0.6,0.05,0.1,0.25,0.0,46,229.53477974828715,158.10585021972656,6,0.6519215901692709,250.337890625,21.947956018423163,1,1,18,0.75,0.5725,0.6,0.05,0.15,0.2,0.0
69,PartitionExploration,0,NOOP,0.1994,0.463749,0.294221,0,46,229.53477974828715,158.10585021972656,6,0.6519215901692709,250.337890625,21.947956018423163,1,1,18,0.75,0.5725,0.6,0.05,0.15,0.2,0.0,44,233.0368971073274,156.30435943603516,7,0.5737130301339286,257.0234375,24.01669961318129,1,2,19,0.92,0.6184999999999999,0.6,0.05,0.15,0.2,0.0
70,PartitionExploration,0,NOOP,0.178736,0.462606,0.282294,0,44,233.0368971073274,156.30435943603516,7,0.5737130301339286,257.0234375,24.01669961318129,1,2,19,0.92,0.6184999999999999,0.6,0.05,0.15,0.2,0.0,46,181.09984906623814,160.93087196350098,8,0.5152454376220703,263.8056640625,24.625549157791845,1,3,20,0.92,0.6645,0.6,0.05,0.15,0.2,0.0
71,PartitionExploration,0,NOOP,0.162296,0.374942,0.238603,0,46,181.09984906623814,160.93087196350098,8,0.5152454376220703,263.8056640625,24.625549157791845,1,3,20,0.92,0.6645,0.6,0.05,0.15,0.2,0.0,40,207.67556634404357,173.2027530670166,9,0.4688466389973958,270.0556640625,24.697734107012238,1,4,21,0.75,0.702,0.6,0.05,0.2,0.15,0.0
72,PartitionExploration,0,NOOP,0.148906,0.460797,0.265425,0,40,207.67556634404357,173.2027530670166,9,0.4688466389973958,270.0556640625,24.697734107012238,1,4,21,0.75,0.702,0.6,0.05,0.2,0.15,0.0,36,183.31125107440985,152.42910385131836,10,0.43115997314453125,275.9423828125,24.502603813131113,1,5,22,0.92,0.748,0.65,0.05,0.2,0.1,0.0
73,PartitionExploration,0,NOOP,0.138203,0.459838,0.259209,0,36,183.31125107440985,152.42910385131836,10,0.43115997314453125,275.9423828125,24.502603813131113,1,5,22,0.92,0.748,0.65,0.05,0.2,0.1,0.0,42,160.80193224367738,156.27050399780273,11,0.40115217729048297,282.4111328125,24.10210181704563,1,6,23,0.92,0.7939999999999999,0.7,0.05,0.2,0.05,0.0
74,PartitionExploration,0,NOOP,0.129315,-0.017838,0.071005,0,42,160.80193224367738,156.27050399780273,11,0.40115217729048297,282.4111328125,24.10210181704563,1,6,23,0.92,0.7939999999999999,0.7,0.05,0.2,0.05,0.0,44,208.16390580198927,118.30902099609375,12,0.3763275146484375,289.01953125,23.630315163469525,1,7,24,0.0,0.7565,0.7,0.1,0.15,0.05,0.0
75,PartitionExploration,0,NOOP,0.121946,0.44863,0.249922,0,44,208.16390580198927,118.30902099609375,12,0.3763275146484375,289.01953125,23.630315163469525,1,7,24,0.0,0.7565,0.7,0.1,0.15,0.05,0.0,48,262.19179537936606,155.26247024536133,13,0.3558466984675481,296.064453125,23.112653574627927,1,8,25,0.92,0.7565,0.7,0.1,0.15,0.05,0.0
76,PartitionExploration,0,NOOP,0.115441,0.449413,0.245315,0,48,262.19179537936606,155.26247024536133,13,0.3558466984675481,296.064453125,23.112653574627927,1,8,25,0.92,0.7565,0.7,0.1,0.15,0.05,0.0,44,167.18443073305028,192.92092323303223,14,0.33783067975725445,302.6962890625,22.621127082742397,1,9,26,0.92,0.7649999999999999,0.75,0.1,0.1,0.05,0.0
77,PartitionExploration,0,NOOP,0.109932,0.446722,0.24188,0,44,167.18443073305028,192.92092323303223,14,0.33783067975725445,302.6962890625,22.621127082742397,1,9,26,0.92,0.7649999999999999,0.75,0.1,0.1,0.05,0.0,49,201.3175861194128,204.75292205810547,15,0.322662353515625,309.755859375,22.12013315794374,1,10,27,0.92,0.7649999999999999,0.75,0.1,0.1,0.05,0.0
78,PartitionExploration,0,NOOP,0.104518,0.446131,0.238611,0,49,201.3175861194128,204.75292205810547,15,0.322662353515625,309.755859375,22.12013315794374,1,10,27,0.92,0.7649999999999999,0.75,0.1,0.1,0.05,0.0,30,111.01142588437898,211.8055820465088,16,0.3077669143676758,315.1533203125,21.707625688531444,1,11,28,0.92,0.7649999999999999,0.75,0.1,0.1,0.05,0.0
79,PartitionExploration,0,NOOP,0.100212,-0.014773,0.051944,0,30,111.01142588437898,211.8055820465088,16,0.3077669143676758,315.1533203125,21.707625688531444,1,11,28,0.92,0.7649999999999999,0.75,0.1,0.1,0.05,0.0,47,165.98866477212925,220.20745277404785,17,0.29603397144990806,322.0849609375,21.245125948960496,1,12,29,0.0,0.7649999999999999,0.75,0.1,0.1,0.05,0.0
80,PartitionExploration,0,NOOP,0.096286,0.444386,0.23327,0,47,165.98866477212925,220.20745277404785,17,0.29603397144990806,322.0849609375,21.245125948960496,1,12,29,0.0,0.7649999999999999,0.75,0.1,0.1,0.05,0.0,45,172.98460912417823,238.17205429077148,18,0.28538767496744794,328.7666015625,20.812536111223178,1,13,30,0.92,0.7649999999999999,0.75,0.1,0.1,0.05,0.0
81,PartitionExploration,0,NOOP,0.092862,0.443514,0.232308,0,45,172.98460912417823,238.17205429077148,18,0.28538767496744794,328.7666015625,20.812536111223178,1,13,30,0.92,0.7649999999999999,0.75,0.1,0.1,0.05,0.0,48,202.99705476365008,195.09410858154297,19,0.27617685418379934,335.8310546875,20.38871379385472,1,14,31,0.92,0.7649999999999999,0.75,0.1,0.1,0.05,0.0
82,PartitionExploration,0,NOOP,0.089354,0.452147,0.227528,0,48,202.99705476365008,195.09410858154297,19,0.27617685418379934,335.8310546875,20.38871379385472,1,14,31,0.92,0.7649999999999999,0.75,0.1,0.1,0.05,0.0,32,163.23841701541804,313.58885765075684,20,0.2667259216308594,341.4091796875,20.0284254484294,1,15,32,0.92,0.8109999999999999,0.8,0.05,0.1,0.05,0.0
83,PartitionExploration,2,COMPACT_64KB,0.051454,0.280588,0.28202,0,32,163.23841701541804,313.58885765075684,20,0.2667259216308594,341.4091796875,20.0284254484294,1,15,32,0.92,0.8109999999999999,0.8,0.05,0.1,0.05,0.0,38,162.3938467369631,190.70839881896973,7,0.6867261614118304,307.6533203125,15.176857051040832,1,0,33,0.75,0.8024999999999999,0.75,0.05,0.15,0.05,0.0
84,PartitionExploration,0,NOOP,0.212639,-0.027489,0.118438,0,38,162.3938467369631,190.70839881896973,7,0.6867261614118304,307.6533203125,15.176857051040832,1,0,33,0.75,0.8024999999999999,0.75,0.05,0.15,0.05,0.0,34,147.6384447508893,127.90441513061523,8,0.6121101379394531,313.400390625,19.490233848993036,1,1,34,0.0,0.7565,0.7,0.1,0.15,0.05,0.0
85,PartitionExploration,0,NOOP,0.192788,-0.028251,0.107122,0,34,147.6384447508893,127.90441513061523,8,0.6121101379394531,313.400390625,19.490233848993036,1,1,34,0.0,0.7565,0.7,0.1,0.15,0.05,0.0,46,197.76726279007073,126.26338005065918,9,0.5559658474392362,320.236328125,21.179886143499132,1,2,35,0.0,0.7104999999999999,0.65,0.1,0.15,0.1,0.0
86,PartitionExploration,0,NOOP,0.176729,0.440254,0.28071,0,46,197.76726279007073,126.26338005065918,9,0.5559658474392362,320.236328125,21.179886143499132,1,2,35,0.0,0.7104999999999999,0.65,0.1,0.15,0.1,0.0,43,184.56745502605978,178.7741184234619,10,0.5106552124023438,326.8193359375,21.973565717337515,1,3,36,0.92,0.7104999999999999,0.65,0.1,0.15,0.1,0.0
87,PartitionExploration,0,NOOP,0.163496,0.439592,0.27407,0,43,184.56745502605978,178.7741184234619,10,0.5106552124023438,326.8193359375,21.973565717337515,1,3,36,0.92,0.7104999999999999,0.65,0.1,0.15,0.1,0.0,42,191.41584519897773,138.80395889282227,11,0.4734164151278409,333.28515625,22.29426493698124,1,4,37,0.92,0.7104999999999999,0.65,0.1,0.15,0.1,0.0
88,PartitionExploration,0,NOOP,0.151949,0.440829,0.266659,0,42,191.41584519897773,138.80395889282227,11,0.4734164151278409,333.28515625,22.29426493698124,1,4,37,0.92,0.7104999999999999,0.65,0.1,0.15,0.1,0.0,30,128.41501311918094,173.17700386047363,12,0.44099680582682294,338.685546875,22.439019505367398,1,5,38,0.92,0.719,0.7,0.1,0.1,0.1,0.0
89,PartitionExploration,0,NOOP,0.142217,0.438643,0.260331,0,30,128.41501311918094,173.17700386047363,12,0.44099680582682294,338.685546875,22.439019505367398,1,5,38,0.92,0.719,0.7,0.1,0.1,0.1,0.0,32,136.53986142322478,205.56139945983887,13,0.4137620192307692,344.25,22.384063395963846,1,6,39,0.92,0.719,0.7,0.1,0.1,0.1,0.0
90,PartitionExploration,0,NOOP,0.134116,-0.031151,0.073813,0,32,136.53986142322478,205.56139945983887,13,0.4137620192307692,344.25,22.384063395963846,1,6,39,0.92,0.719,0.7,0.1,0.1,0.1,0.0,40,186.39694249400054,114.6240234375,14,0.39118848528180805,350.5048828125,22.174867179936268,1,7,40,0.0,0.6729999999999999,0.65,0.1,0.1,0.1,0.05
91,PartitionExploration,0,NOOP,0.126761,-0.029889,0.068251,0,40,186.39694249400054,114.6240234375,14,0.39118848528180805,350.5048828125,22.174867179936268,1,7,40,0.0,0.6729999999999999,0.65,0.1,0.1,0.1,0.05,30,131.71148670785973,172.41859436035156,15,0.37074483235677086,355.9150390625,21.960873244613026,1,8,41,0.0,0.6355000000000001,0.65,0.15,0.05,0.1,0.05
92,PartitionExploration,0,NOOP,0.120653,0.437011,0.247139,0,30,131.71148670785973,172.41859436035156,15,0.37074483235677086,355.9150390625,21.960873244613026,1,8,41,0.0,0.6355000000000001,0.65,0.15,0.05,0.1,0.05,42,203.52089615349956,241.48178100585938,16,0.3538665771484375,362.359375,21.65173335900248,1,9,42,0.92,0.6355000000000001,0.65,0.15,0.05,0.1,0.05
93,PartitionExploration,0,NOOP,0.115096,0.436493,0.244775,0,42,203.52089615349956,241.48178100585938,16,0.3538665771484375,362.359375,21.65173335900248,1,9,42,0.92,0.6355000000000001,0.65,0.15,0.05,0.1,0.05,37,147.84124256217478,206.21848106384277,17,0.3385611141429228,368.3544921875,21.349695719304393,1,10,43,0.92,0.6355000000000001,0.65,0.15,0.05,0.1,0.05
94,PartitionExploration,0,NOOP,0.110429,0.445037,0.242664,0,37,147.84124256217478,206.21848106384277,17,0.3385611141429228,368.3544921875,21.349695719304393,1,10,43,0.92,0.6355000000000001,0.65,0.15,0.05,0.1,0.05,48,215.66046479242877,181.95772171020508,18,0.3257971869574653,375.318359375,21.0002092763005,1,11,44,0.92,0.6815,0.7,0.1,0.05,0.1,0.05
95,PartitionExploration,0,NOOP,0.105958,0.435342,0.239446,0,48,215.66046479242877,181.95772171020508,18,0.3257971869574653,375.318359375,21.0002092763005,1,11,44,0.92,0.6815,0.7,0.1,0.05,0.1,0.05,37,168.7907437096076,209.92231369018555,19,0.3135946173416941,381.3310546875,20.690493118006163,1,12,45,0.92,0.6815,0.7,0.1,0.05,0.1,0.05
96,PartitionExploration,0,NOOP,0.102038,0.434792,0.237256,0,37,168.7907437096076,209.92231369018555,19,0.3135946173416941,381.3310546875,20.690493118006163,1,12,45,0.92,0.6815,0.7,0.1,0.05,0.1,0.05,42,184.5484971976324,207.31091499328613,20,0.3029655456542969,387.7958984375,20.36713528686014,1,13,46,0.92,0.6815,0.7,0.1,0.05,0.1,0.05
97,PartitionExploration,0,NOOP,0.098306,0.434343,0.235605,0,42,184.5484971976324,207.31091499328613,20,0.3029655456542969,387.7958984375,20.36713528686014,1,13,46,0.92,0.6815,0.7,0.1,0.05,0.1,0.05,35,165.05748315420328,186.2180233001709,21,0.2928742908296131,393.623046875,20.070836893287233,1,14,47,0.92,0.6815,0.7,0.1,0.05,0.1,0.05
98,PartitionExploration,0,NOOP,0.094896,0.433901,0.232669,0,35,165.05748315420328,186.2180233001709,21,0.2928742908296131,393.623046875,20.070836893287233,1,14,47,0.92,0.6815,0.7,0.1,0.05,0.1,0.05,35,150.8466488145026,228.07002067565918,22,0.2837038907137784,399.455078125,19.779630643969433,1,15,48,0.92,0.6815,0.7,0.1,0.05,0.1,0.05
99,PartitionExploration,2,COMPACT_64KB,0.092132,0.367693,0.340316,0,35,150.8466488145026,228.07002067565918,22,0.2837038907137784,399.455078125,19.779630643969433,1,15,48,0.92,0.6815,0.7,0.1,0.05,0.1,0.05,33,158.13782844451148,145.63655853271484,7,0.802947998046875,359.720703125,9.936396171635856,1,0,49,0.92,0.7275,0.75,0.1,0.05,0.05,0.05
100,PartitionExploration,5,PARTITION_REGION,-0.126064,-0.186254,0.139353,0,33,158.13782844451148,145.63655853271484,7,0.802947998046875,359.720703125,9.936396171635856,1,0,49,0.92,0.7275,0.75,0.1,0.05,0.05,0.05,45,197.25400687250746,120.42617797851562,8,0.7158164978027344,366.498046875,18.25920936216674,2,1,0,0.0,0.6815,0.7,0.15,0.05,0.05,0.05
101,PartitionExploration,2,COMPACT_64KB,-0.001089,0.197727,0.238195,0,45,197.25400687250746,120.42617797851562,8,0.7158164978027344,366.498046875,18.25920936216674,2,1,0,0.0,0.6815,0.7,0.15,0.05,0.05,0.05,56,215.98672158266965,94.5887565612793,11,0.5388877175071023,379.376953125,23.657523009799437,2,0,1,0.67,0.669,0.65,0.2,0.05,0.05,0.05
102,PartitionExploration,0,NOOP,0.15118,-0.066877,0.08213,0,56,215.98672158266965,94.5887565612793,11,0.5388877175071023,379.376953125,23.657523009799437,2,0,1,0.67,0.669,0.65,0.2,0.05,0.05,0.05,76,270.10979554103375,176.07951164245605,14,0.43994358607700895,394.189453125,24.269364855293198,2,1,2,0.0,0.623,0.65,0.2,0.05,0.05,0.05
103,PartitionExploration,0,NOOP,0.128028,-0.063307,0.068145,0,76,270.10979554103375,176.07951164245605,14,0.43994358607700895,394.189453125,24.269364855293198,2,1,2,0.0,0.623,0.65,0.2,0.05,0.05,0.05,71,260.46154680418215,207.04984664916992,17,0.37550802791819854,408.552734375,23.727756822550617,2,2,3,0.0,0.5855,0.7,0.2,0.0,0.05,0.05
104,PartitionExploration,0,NOOP,0.111123,-0.054583,0.058436,0,71,260.46154680418215,207.04984664916992,17,0.37550802791819854,408.552734375,23.727756822550617,2,2,3,0.0,0.5855,0.7,0.2,0.0,0.05,0.05,50,218.7436243514831,207.79967308044434,20,0.3289222717285156,421.0205078125,22.962851128608023,2,3,4,0.0,0.5855,0.75,0.15,0.0,0.05,0.05
105,PartitionExploration,0,NOOP,0.099299,-0.052414,0.050613,0,50,218.7436243514831,207.79967308044434,20,0.3289222717285156,421.0205078125,22.962851128608023,2,3,4,0.0,0.5855,0.75,0.15,0.0,0.05,0.05,88,343.2237964344032,252.1193027496338,23,0.29685310695482336,436.9677734375,22.019865073710648,2,4,5,0.0,0.5855,0.8,0.15,0.0,0.0,0.05
106,PartitionExploration,0,NOOP,0.089761,-0.059874,0.045349,0,88,343.2237964344032,252.1193027496338,23,0.29685310695482336,436.9677734375,22.019865073710648,2,4,5,0.0,0.5855,0.8,0.15,0.0,0.0,0.05,73,274.46754580895464,242.74206161499023,26,0.2713171151968149,451.4716796875,21.1667535777727,2,5,6,0.0,0.5395000000000001,0.8,0.15,0.0,0.0,0.05
107,PartitionExploration,2,COMPACT_64KB,0.059892,0.208276,0.272436,0,73,274.46754580895464,242.74206161499023,26,0.2713171151968149,451.4716796875,21.1667535777727,2,5,6,0.0,0.5395000000000001,0.8,0.15,0.0,0.0,0.05,62,219.99537077769583,121.45304679870605,9,0.7119767930772569,410.0986328125,16.70986548000111,2,0,7,0.67,0.527,0.75,0.2,0.0,0.0,0.05
108,PartitionExploration,0,NOOP,0.190669,0.284589,0.240065,0,62,219.99537077769583,121.45304679870605,9,0.7119767930772569,410.0986328125,16.70986548000111,2,0,7,0.67,0.527,0.75,0.2,0.0,0.0,0.05,61,211.59457608728013,118.29376220703125,12,0.5516268412272135,423.6494140625,23.407702817793258,2,1,8,0.67,0.5145000000000001,0.7,0.25,0.0,0.0,0.05
109,PartitionExploration,0,NOOP,0.156518,-0.055724,0.085382,0,61,211.59457608728013,118.29376220703125,12,0.5516268412272135,423.6494140625,23.407702817793258,2,1,8,0.67,0.5145000000000001,0.7,0.25,0.0,0.0,0.05,66,263.68164352350163,166.9919490814209,15,0.45576578776041665,437.53515625,24.32991531121549,2,2,9,0.0,0.4685,0.65,0.25,0.0,0.05,0.05
110,PartitionExploration,0,NOOP,0.133415,-0.045227,0.073651,0,66,263.68164352350163,166.9919490814209,15,0.45576578776041665,437.53515625,24.32991531121549,2,2,9,0.0,0.4685,0.65,0.25,0.0,0.05,0.05,61,238.61633188277932,102.56242752075195,18,0.39147186279296875,450.9755859375,24.023891070119117,2,3,10,0.0,0.4685,0.65,0.25,0.0,0.05,0.05
111,PartitionExploration,0,NOOP,0.116762,-0.043953,0.062768,0,61,238.61633188277932,102.56242752075195,18,0.39147186279296875,450.9755859375,24.023891070119117,2,3,10,0.0,0.4685,0.65,0.25,0.0,0.05,0.05,61,284.53289027382056,159.78240966796875,21,0.3456064860026042,464.4951171875,23.342815862210475,2,4,11,0.0,0.4685,0.7,0.2,0.0,0.05,0.05
112,PartitionExploration,0,NOOP,0.104267,-0.051834,0.054939,0,61,284.53289027382056,159.78240966796875,21,0.3456064860026042,464.4951171875,23.342815862210475,2,4,11,0.0,0.4685,0.7,0.2,0.0,0.05,0.05,68,260.5652809448635,187.9403591156006,24,0.31162134806315106,478.650390625,22.548103205813714,2,5,12,0.0,0.42250000000000004,0.7,0.2,0.0,0.05,0.05
113,PartitionExploration,2,COMPACT_64KB,0.08163,-0.125143,0.150869,0,68,260.5652809448635,187.9403591156006,24,0.31162134806315106,478.650390625,22.548103205813714,2,5,12,0.0,0.42250000000000004,0.7,0.2,0.0,0.05,0.05,99,395.8455993174354,120.9867000579834,9,0.7740851508246528,445.873046875,10.890404490873603,2,0,13,0.0,0.37650000000000006,0.7,0.2,0.0,0.05,0.05
114,PartitionExploration,0,NOOP,0.168694,-0.048578,0.093008,0,99,395.8455993174354,120.9867000579834,9,0.7740851508246528,445.873046875,10.890404490873603,2,0,13,0.0,0.37650000000000006,0.7,0.2,0.0,0.05,0.05,100,395.4309073699057,138.33856582641602,15,0.49055379231770835,470.931640625,24.44016649228156,2,1,14,0.0,0.3305,0.7,0.2,0.0,0.05,0.05
115,PartitionExploration,0,NOOP,0.144398,-0.047146,0.077329,0,100,395.4309073699057,138.33856582641602,15,0.49055379231770835,470.931640625,24.44016649228156,2,1,14,0.0,0.3305,0.7,0.2,0.0,0.05,0.05,91,369.8254305228674,213.92273902893066,18,0.42285241021050346,487.1259765625,24.32187209590949,2,2,15,0.0,0.28450000000000003,0.65,0.2,0.05,0.05,0.05
116,PartitionExploration,0,NOOP,0.126636,-0.045917,0.068277,0,91,369.8254305228674,213.92273902893066,18,0.42285241021050346,487.1259765625,24.32187209590949,2,2,15,0.0,0.28450000000000003,0.65,0.2,0.05,0.05,0.05,81,389.71398681294477,165.47036170959473,21,0.37381708054315477,502.41015625,23.769281203385475,2,3,16,0.0,0.23850000000000002,0.65,0.2,0.05,0.05,0.05
117,PartitionExploration,0,NOOP,0.112701,-0.044975,0.060792,0,81,389.71398681294477,165.47036170959473,21,0.37381708054315477,502.41015625,23.769281203385475,2,3,16,0.0,0.23850000000000002,0.65,0.2,0.05,0.05,0.05,58,266.93648795892636,143.63646507263184,24,0.33571624755859375,515.66015625,23.124368225504558,2,4,17,0.0,0.19250000000000003,0.6,0.2,0.05,0.1,0.05
118,PartitionExploration,2,COMPACT_64KB,0.074077,-0.119198,0.145831,0,58,266.93648795892636,143.63646507263184,24,0.33571624755859375,515.66015625,23.124368225504558,2,4,17,0.0,0.19250000000000003,0.6,0.2,0.05,0.1,0.05,50,222.8426368969632,151.47709846496582,10,0.753076171875,481.96875,15.648101304983385,2,0,18,0.0,0.14650000000000002,0.55,0.2,0.05,0.15,0.05
119,PartitionExploration,0,NOOP,0.205943,-0.043486,0.114431,0,50,222.8426368969632,151.47709846496582,10,0.753076171875,481.96875,15.648101304983385,2,0,18,0.0,0.14650000000000002,0.55,0.2,0.05,0.15,0.05,65,278.8988483123654,133.34894180297852,13,0.5958381065955529,495.7373046875,23.44970300958855,2,1,19,0.0,0.1005,0.55,0.2,0.05,0.15,0.05
120,PartitionExploration,0,NOOP,0.171522,-0.033221,0.094103,0,65,278.8988483123654,133.34894180297852,13,0.5958381065955529,495.7373046875,23.44970300958855,2,1,19,0.0,0.1005,0.55,0.2,0.05,0.15,0.05,83,335.7316825486223,160.21108627319336,16,0.49920654296875,511.1875,24.83686226299784,2,2,20,0.0,0.1005,0.6,0.15,0.05,0.15,0.05
121,PartitionExploration,0,NOOP,0.147866,-0.038898,0.079199,0,83,335.7316825486223,160.21108627319336,16,0.49920654296875,511.1875,24.83686226299784,2,2,20,0.0,0.1005,0.6,0.15,0.05,0.15,0.05,86,382.8682617823943,218.2309627532959,19,0.4333319413034539,526.931640625,24.785337569364266,2,3,21,0.0,0.067,0.65,0.1,0.05,0.15,0.05
122,PartitionExploration,0,NOOP,0.130629,0.310546,0.206262,0,86,382.8682617823943,218.2309627532959,19,0.4333319413034539,526.931640625,24.785337569364266,2,3,21,0.0,0.067,0.65,0.1,0.05,0.15,0.05,91,411.7514614804562,92.05031394958496,22,0.3857969804243608,543.2021484375,24.251356712706922,2,4,22,0.67,0.1005,0.6,0.15,0.05,0.15,0.05
123,PartitionExploration,0,NOOP,0.116867,-0.030469,0.062557,0,91,411.7514614804562,92.05031394958496,22,0.3857969804243608,543.2021484375,24.251356712706922,2,4,22,0.67,0.1005,0.6,0.15,0.05,0.15,0.05,66,265.74846521522505,169.57545280456543,25,0.348192138671875,557.107421875,23.641933757612055,2,5,23,0.0,0.1005,0.6,0.15,0.05,0.15,0.05
124,PartitionExploration,2,COMPACT_64KB,0.07138,-0.104688,0.144152,0,66,265.74846521522505,169.57545280456543,25,0.348192138671875,557.107421875,23.641933757612055,2,5,23,0.0,0.1005,0.6,0.15,0.05,0.15,0.05,76,318.0387951590857,156.9373607635498,11,0.7459425492720171,525.1435546875,14.161072313138932,2,0,24,0.0,0.1005,0.6,0.15,0.05,0.15,0.05
125,PartitionExploration,0,NOOP,0.208841,-0.028779,0.115796,0,76,318.0387951590857,156.9373607635498,11,0.7459425492720171,525.1435546875,14.161072313138932,2,0,24,0.0,0.1005,0.6,0.15,0.05,0.15,0.05,96,385.15077723032243,145.35880088806152,14,0.6046883719308036,541.80078125,21.846245914056215,2,1,25,0.0,0.1005,0.6,0.15,0.05,0.15,0.05
126,PartitionExploration,0,NOOP,0.175685,-0.028125,0.09784,0,96,385.15077723032243,145.35880088806152,14,0.6046883719308036,541.80078125,21.846245914056215,2,1,25,0.0,0.1005,0.6,0.15,0.05,0.15,0.05,76,343.0174055178989,101.55749320983887,17,0.5116720760569853,556.69921875,23.741258102735028,2,2,26,0.0,0.1005,0.55,0.15,0.05,0.15,0.1
127,PartitionExploration,0,NOOP,0.152056,-0.034237,0.083077,0,76,343.0174055178989,101.55749320983887,17,0.5116720760569853,556.69921875,23.741258102735028,2,2,26,0.0,0.1005,0.55,0.15,0.05,0.15,0.1,67,259.07617079102494,154.21342849731445,20,0.44587554931640627,570.720703125,24.093269386370157,2,3,27,0.0,0.067,0.6,0.1,0.05,0.15,0.1
128,PartitionExploration,0,NOOP,0.134157,-0.033838,0.069442,0,67,259.07617079102494,154.21342849731445,20,0.44587554931640627,570.720703125,24.093269386370157,2,3,27,0.0,0.067,0.6,0.1,0.05,0.15,0.1,54,216.28175437591315,298.83813858032227,23,0.3964485500169837,583.572265625,23.898356816079186,2,4,28,0.0,0.0335,0.6,0.05,0.1,0.15,0.1
129,PartitionExploration,0,NOOP,0.120627,-0.026525,0.064438,0,54,216.28175437591315,298.83813858032227,23,0.3964485500169837,583.572265625,23.898356816079186,2,4,28,0.0,0.0335,0.6,0.05,0.1,0.15,0.1,74,319.9395701132648,180.56631088256836,26,0.35950528658353365,598.216796875,23.392793656301354,2,5,29,0.0,0.0335,0.65,0.05,0.1,0.1,0.1
130,PartitionExploration,2,COMPACT_64KB,0.069075,-0.100925,0.144737,0,74,319.9395701132648,180.56631088256836,26,0.35950528658353365,598.216796875,23.392793656301354,2,5,29,0.0,0.0335,0.65,0.05,0.1,0.1,0.1,99,421.64638600645617,74.94735717773438,12,0.7399279276529948,568.2646484375,14.825831624763165,2,0,30,0.0,0.0335,0.65,0.05,0.1,0.1,0.1
131,PartitionExploration,0,NOOP,0.210159,-0.025421,0.114897,0,99,421.64638600645617,74.94735717773438,12,0.7399279276529948,568.2646484375,14.825831624763165,2,0,30,0.0,0.0335,0.65,0.05,0.1,0.1,0.1,94,421.7770959701317,215.70158004760742,15,0.6090260823567708,584.6650390625,21.767311403657896,2,1,31,0.0,0.0335,0.65,0.05,0.1,0.1,0.1
132,PartitionExploration,0,NOOP,0.178828,-0.025091,0.098474,0,94,421.7770959701317,215.70158004760742,15,0.6090260823567708,584.6650390625,21.767311403657896,2,1,31,0.0,0.0335,0.65,0.05,0.1,0.1,0.1,87,377.41929438242687,150.86936950683594,18,0.5212224324544271,600.4482421875,23.615987460809496,2,2,32,0.0,0.0335,0.65,0.05,0.1,0.1,0.1
133,PartitionExploration,0,NOOP,0.155961,0.316995,0.220907,0,87,377.41929438242687,150.86936950683594,18,0.5212224324544271,600.4482421875,23.615987460809496,2,2,32,0.0,0.0335,0.65,0.05,0.1,0.1,0.1,73,293.68862219161343,85.24322509765625,21,0.45760381789434523,615.01953125,24.05376058750834,2,3,33,0.67,0.067,0.6,0.1,0.1,0.1,0.1
134,PartitionExploration,0,NOOP,0.138452,-0.024269,0.075032,0,73,293.68862219161343,85.24322509765625,21,0.45760381789434523,615.01953125,24.05376058750834,2,3,33,0.67,0.067,0.6,0.1,0.1,0.1,0.1,62,272.61122683353057,163.97714614868164,24,0.4092915852864583,628.671875,23.936561990767576,2,4,34,0.0,0.067,0.6,0.1,0.1,0.1,0.1
135,PartitionExploration,0,NOOP,0.124692,0.317671,0.201692,0,62,272.61122683353057,163.97714614868164,24,0.4092915852864583,628.671875,23.936561990767576,2,4,34,0.0,0.067,0.6,0.1,0.1,0.1,0.1,62,245.01031967144382,140.19370079040527,27,0.3716905381944444,642.28125,23.55890972558927,2,5,35,0.67,0.1005,0.6,0.15,0.05,0.1,0.1
136,PartitionExploration,2,COMPACT_64KB,0.067209,-0.098607,0.141308,0,62,245.01031967144382,140.19370079040527,27,0.3716905381944444,642.28125,23.55890972558927,2,5,35,0.67,0.1005,0.6,0.15,0.05,0.1,0.1,96,419.0144408727586,175.75764656066895,13,0.73516845703125,611.66015625,13.435666111441364,2,0,36,0.0,0.1005,0.55,0.15,0.1,0.1,0.1
137,PartitionExploration,0,NOOP,0.210651,-0.023347,0.116235,0,96,419.0144408727586,175.75764656066895,13,0.73516845703125,611.66015625,13.435666111441364,2,0,36,0.0,0.1005,0.55,0.15,0.1,0.1,0.1,67,262.291783803561,169.95644569396973,16,0.6110019683837891,625.666015625,20.89034857898743,2,1,37,0.0,0.1005,0.55,0.15,0.15,0.05,0.1
138,PartitionExploration,0,NOOP,0.180347,-0.023194,0.097689,0,67,262.291783803561,169.95644569396973,16,0.6110019683837891,625.666015625,20.89034857898743,2,1,37,0.0,0.1005,0.55,0.15,0.15,0.05,0.1,68,277.0569466611361,221.24910354614258,19,0.5261334870990954,639.7783203125,23.019172010248692,2,2,38,0.0,0.1005,0.55,0.15,0.2,0.0,0.1
139,PartitionExploration,0,NOOP,0.158668,-0.022848,0.086643,0,68,277.0569466611361,221.24910354614258,19,0.5261334870990954,639.7783203125,23.019172010248692,2,2,38,0.0,0.1005,0.55,0.15,0.2,0.0,0.1,92,354.97470958151035,162.36448287963867,22,0.4659097844904119,656.0009765625,23.512278058290416,2,3,39,0.0,0.1005,0.55,0.15,0.2,0.0,0.1
140,PartitionExploration,0,NOOP,0.142072,-0.022821,0.07803,0,92,354.97470958151035,162.36448287963867,22,0.4659097844904119,656.0009765625,23.512278058290416,2,3,39,0.0,0.1005,0.55,0.15,0.2,0.0,0.1,93,382.4724566486741,123.69108200073242,25,0.420206298828125,672.330078125,23.437625328373137,2,4,40,0.0,0.1005,0.5,0.15,0.2,0.0,0.15
141,PartitionExploration,0,NOOP,0.128263,-0.022591,0.068776,0,93,382.4724566486741,123.69108200073242,25,0.420206298828125,672.330078125,23.437625328373137,2,4,40,0.0,0.1005,0.5,0.15,0.2,0.0,0.15,56,253.16948096602363,180.74297904968262,28,0.3824653625488281,685.3779296875,23.210226328566527,2,5,41,0.0,0.1005,0.5,0.15,0.2,0.0,0.15
142,PartitionExploration,2,COMPACT_64KB,0.082645,-0.104193,0.149448,0,56,253.16948096602363,180.74297904968262,28,0.3824653625488281,685.3779296875,23.210226328566527,2,5,41,0.0,0.1005,0.5,0.15,0.2,0.0,0.15,53,222.5391218689841,204.92243766784668,13,0.7792710524338943,648.353515625,10.779232012350343,2,0,42,0.0,0.067,0.55,0.1,0.2,0.0,0.15
143,PartitionExploration,0,NOOP,0.22271,-0.022439,0.123716,0,53,222.5391218689841,204.92243766784668,13,0.7792710524338943,648.353515625,10.779232012350343,2,0,42,0.0,0.067,0.55,0.1,0.2,0.0,0.15,51,218.66212529324875,144.67453956604004,16,0.6454563140869141,660.947265625,20.785885893502368,2,1,43,0.0,0.067,0.55,0.1,0.2,0.0,0.15
144,PartitionExploration,0,NOOP,0.190587,-0.022501,0.105188,0,51,218.66212529324875,144.67453956604004,16,0.6454563140869141,660.947265625,20.785885893502368,2,1,43,0.0,0.067,0.55,0.1,0.2,0.0,0.15,72,291.1088224350237,150.67076683044434,19,0.5553926166735197,675.357421875,23.394448054654806,2,2,44,0.0,0.067,0.55,0.1,0.2,0.0,0.15
145,PartitionExploration,0,NOOP,0.167447,-0.022444,0.092036,0,72,291.1088224350237,150.67076683044434,19,0.5553926166735197,675.357421875,23.394448054654806,2,2,44,0.0,0.067,0.55,0.1,0.2,0.0,0.15,88,372.2551030184938,146.23093605041504,22,0.4909917658025568,691.31640625,24.12362349888624,2,3,45,0.0,0.067,0.5,0.1,0.2,0.05,0.15
146,PartitionExploration,0,NOOP,0.149722,-0.022487,0.079699,0,88,372.2551030184938,146.23093605041504,22,0.4909917658025568,691.31640625,24.12362349888624,2,3,45,0.0,0.067,0.5,0.1,0.2,0.05,0.15,89,420.21842759061656,239.4883632659912,25,0.4420623779296875,707.2998046875,24.171723182627233,2,4,46,0.0,0.067,0.5,0.1,0.25,0.05,0.1
147,PartitionExploration,0,NOOP,0.135588,-0.022572,0.072773,0,89,420.21842759061656,239.4883632659912,25,0.4420623779296875,707.2998046875,24.171723182627233,2,4,46,0.0,0.067,0.5,0.1,0.25,0.05,0.1,84,274.2469846740879,188.82489204406738,28,0.4033938816615513,722.8818359375,23.925116251230566,2,5,47,0.0,0.067,0.5,0.1,0.25,0.05,0.1
148,PartitionExploration,2,COMPACT_64KB,0.079956,-0.097835,0.149439,0,84,274.2469846740879,188.82489204406738,28,0.4033938816615513,722.8818359375,23.925116251230566,2,5,47,0.0,0.067,0.5,0.1,0.25,0.05,0.1,78,338.5121164837985,139.01138305664062,14,0.7721612112862724,691.8564453125,11.778777913992867,2,0,48,0.0,0.067,0.55,0.1,0.2,0.05,0.1
149,PartitionExploration,0,NOOP,0.224513,-0.023015,0.124719,0,78,338.5121164837985,139.01138305664062,14,0.7721612112862724,691.8564453125,11.778777913992867,2,0,48,0.0,0.067,0.55,0.1,0.2,0.05,0.1,96,384.975862352498,145.3864574432373,17,0.651179594152114,708.4833984375,20.25634544278483,2,1,49,0.0,0.067,0.55,0.1,0.2,0.05,0.1
150,PartitionExploration,6,PARTITION_EVENT_TYPE,-0.181682,-0.173094,0.106686,0,96,384.975862352498,145.3864574432373,17,0.651179594152114,708.4833984375,20.25634544278483,2,1,49,0.0,0.067,0.55,0.1,0.2,0.05,0.1,57,251.66698211622088,152.88829803466797,20,0.5637657165527343,721.6201171875,23.071699307510258,3,2,0,0.0,0.067,0.6,0.1,0.2,0.05,0.05
151,PartitionExploration,2,COMPACT_64KB,0.027872,-0.131731,0.119212,0,57,251.66698211622088,152.88829803466797,20,0.5637657165527343,721.6201171875,23.071699307510258,3,2,0,0.0,0.067,0.6,0.1,0.2,0.05,0.05,64,203.88504346795767,157.0608615875244,18,0.6256332397460938,720.7294921875,21.46554417440556,3,0,1,0.0,0.067,0.6,0.1,0.2,0.05,0.05
152,PartitionExploration,0,NOOP,0.187422,-0.055506,0.104308,0,64,203.88504346795767,157.0608615875244,18,0.6256332397460938,720.7294921875,21.46554417440556,3,0,1,0.0,0.067,0.6,0.1,0.2,0.05,0.05,79,320.97140559992636,109.92980003356934,21,0.5474911644345238,735.828125,23.43963132089096,3,1,2,0.0,0.067,0.55,0.1,0.2,0.05,0.1
153,PartitionExploration,0,NOOP,0.166196,-0.061184,0.091158,0,79,320.97140559992636,109.92980003356934,21,0.5474911644345238,735.828125,23.43963132089096,3,1,2,0.0,0.067,0.55,0.1,0.2,0.05,0.1,74,296.2822742385524,152.329683303833,24,0.4885609944661458,750.4296875,24.128372588560673,3,2,3,0.0,0.0335,0.55,0.1,0.2,0.05,0.1
154,PartitionExploration,0,NOOP,0.14964,-0.053428,0.079961,0,74,296.2822742385524,152.329683303833,24,0.4885609944661458,750.4296875,24.128372588560673,3,2,3,0.0,0.0335,0.55,0.1,0.2,0.05,0.1,79,323.63298741508726,225.3551483154297,27,0.4429728190104167,765.45703125,24.211427779127373,3,3,4,0.0,0.0335,0.55,0.1,0.2,0.05,0.1
155,PartitionExploration,0,NOOP,0.136584,-0.058879,0.068399,0,79,323.63298741508726,225.3551483154297,27,0.4429728190104167,765.45703125,24.211427779127373,3,3,4,0.0,0.0335,0.55,0.1,0.2,0.05,0.1,97,364.4567898580325,399.7678756713867,30,0.4073842366536458,782.177734375,23.965752588433663,3,4,5,0.0,0.0,0.55,0.05,0.25,0.05,0.1
156,PartitionExploration,0,NOOP,0.125591,-0.0512,0.066388,0,97,364.4567898580325,399.7678756713867,30,0.4073842366536458,782.177734375,23.965752588433663,3,4,5,0.0,0.0,0.55,0.05,0.25,0.05,0.1,84,323.66994848973974,215.3635025024414,33,0.3776892459753788,797.6796875,23.62732033338832,3,5,6,0.0,0.0,0.6,0.05,0.2,0.05,0.1
157,PartitionExploration,2,COMPACT_64KB,0.067508,-0.125557,0.141381,0,84,323.66994848973974,215.3635025024414,33,0.3776892459753788,797.6796875,23.62732033338832,3,5,6,0.0,0.0,0.6,0.05,0.2,0.05,0.1,54,204.4125860998397,178.56907844543457,16,0.7377357482910156,755.44140625,13.140657544785583,3,0,7,0.0,0.0,0.6,0.05,0.2,0.05,0.1
158,PartitionExploration,0,NOOP,0.217977,-0.049637,0.122154,0,54,204.4125860998397,178.56907844543457,16,0.7377357482910156,755.44140625,13.140657544785583,3,0,7,0.0,0.0,0.6,0.05,0.2,0.05,0.1,79,307.66960918951094,94.32530403137207,19,0.633649324115954,770.517578125,19.85211104088568,3,1,8,0.0,0.0,0.6,0.05,0.15,0.05,0.15
159,PartitionExploration,0,NOOP,0.19069,-0.048954,0.102671,0,79,307.66960918951094,94.32530403137207,19,0.633649324115954,770.517578125,19.85211104088568,3,1,8,0.0,0.0,0.6,0.05,0.15,0.05,0.15,71,284.4598230362381,259.6735954284668,22,0.5573987093838778,784.8173828125,22.281552115221455,3,2,9,0.0,0.0,0.6,0.05,0.15,0.05,0.15
160,PartitionExploration,0,NOOP,0.17035,-0.047998,0.092849,0,71,284.4598230362381,259.6735954284668,22,0.5573987093838778,784.8173828125,22.281552115221455,3,2,9,0.0,0.0,0.6,0.05,0.15,0.05,0.15,98,386.8752430666017,181.11038208007812,25,0.5010009765625,801.6015625,23.122220028638797,3,3,10,0.0,0.0,0.65,0.05,0.15,0.05,0.1
161,PartitionExploration,0,NOOP,0.15358,-0.047464,0.081447,0,98,386.8752430666017,181.11038208007812,25,0.5010009765625,801.6015625,23.122220028638797,3,3,10,0.0,0.0,0.65,0.05,0.15,0.05,0.1,62,261.531562681342,257.7216625213623,28,0.4548007420131138,815.0029296875,23.47563242729181,3,4,11,0.0,0.0,0.6,0.05,0.2,0.05,0.1
162,PartitionExploration,0,NOOP,0.140212,-0.046772,0.076771,0,62,261.531562681342,257.7216625213623,28,0.4548007420131138,815.0029296875,23.47563242729181,3,4,11,0.0,0.0,0.6,0.05,0.2,0.05,0.1,77,324.1754450416811,129.32825088500977,31,0.41831871771043344,829.9443359375,23.42792007573832,3,5,12,0.0,0.0,0.55,0.05,0.2,0.05,0.15
163,PartitionExploration,2,COMPACT_64KB,0.080311,0.220348,0.282576,0,77,324.1754450416811,129.32825088500977,31,0.41831871771043344,829.9443359375,23.42792007573832,3,5,12,0.0,0.0,0.55,0.05,0.2,0.05,0.15,50,227.70330574743593,183.73656272888184,16,0.7743167877197266,792.900390625,10.997586389375606,3,0,13,0.67,0.0335,0.5,0.05,0.2,0.1,0.15
164,PartitionExploration,0,NOOP,0.229255,-0.045564,0.127019,0,50,227.70330574743593,183.73656272888184,16,0.7743167877197266,792.900390625,10.997586389375606,3,0,13,0.67,0.0335,0.5,0.05,0.2,0.1,0.15,98,411.4808420584764,162.02473640441895,19,0.665871871145148,809.7001953125,19.306430699188404,3,1,14,0.0,0.0335,0.5,0.05,0.2,0.1,0.15
165,PartitionExploration,0,NOOP,0.201059,-0.044896,0.112163,0,98,411.4808420584764,162.02473640441895,19,0.665871871145148,809.7001953125,19.306430699188404,3,1,14,0.0,0.0335,0.5,0.05,0.2,0.1,0.15,98,394.5522690208131,106.81557655334473,22,0.5870243419300426,826.5302734375,22.12057166916424,3,2,15,0.0,0.0335,0.5,0.05,0.2,0.05,0.2
166,PartitionExploration,0,NOOP,0.178652,-0.044528,0.09772,0,98,394.5522690208131,106.81557655334473,22,0.5870243419300426,826.5302734375,22.12057166916424,3,2,15,0.0,0.0335,0.5,0.05,0.2,0.05,0.2,57,248.49993659531387,175.65345764160156,25,0.52471923828125,839.55078125,23.449010814715173,3,3,16,0.0,0.0335,0.55,0.05,0.15,0.05,0.2
167,PartitionExploration,0,NOOP,0.161025,-0.04413,0.087497,0,57,248.49993659531387,175.65345764160156,25,0.52471923828125,839.55078125,23.449010814715173,3,3,16,0.0,0.0335,0.55,0.05,0.15,0.05,0.2,63,257.1917824352327,180.71937561035156,28,0.4760704040527344,853.1181640625,23.932526624114487,3,4,17,0.0,0.0335,0.55,0.05,0.15,0.05,0.2
168,PartitionExploration,0,NOOP,0.146659,0.297915,0.212887,0,63,257.1917824352327,180.71937561035156,28,0.4760704040527344,853.1181640625,23.932526624114487,3,4,17,0.0,0.0335,0.55,0.05,0.15,0.05,0.2,60,237.36036376772364,196.52104377746582,31,0.43673902942288306,866.490234375,24.016701384986654,3,5,18,0.67,0.067,0.5,0.05,0.15,0.1,0.2
169,PartitionExploration,2,COMPACT_64KB,0.078136,-0.118439,0.147942,0,60,237.36036376772364,196.52104377746582,31,0.43673902942288306,866.490234375,24.016701384986654,3,5,18,0.67,0.067,0.5,0.05,0.15,0.1,0.2,93,381.58832667467533,157.19890594482422,17,0.7686749626608456,836.318359375,10.19481958758612,3,0,19,0.0,0.067,0.5,0.05,0.15,0.1,0.2
170,PartitionExploration,0,NOOP,0.229072,0.298759,0.26204,0,93,381.58832667467533,157.19890594482422,17,0.7686749626608456,836.318359375,10.19481958758612,3,0,19,0.0,0.067,0.5,0.05,0.15,0.1,0.2,90,382.4973097632794,113.3108139038086,20,0.6659187316894531,852.3759765625,18.6013265372963,3,1,20,0.67,0.1005,0.45,0.05,0.15,0.15,0.2
171,PartitionExploration,0,NOOP,0.201054,-0.042731,0.110457,0,90,382.4973097632794,113.3108139038086,20,0.6659187316894531,852.3759765625,18.6013265372963,3,1,20,0.67,0.1005,0.45,0.05,0.15,0.15,0.2,51,214.90235287026061,179.3224811553955,23,0.5875827955163043,864.921875,21.777036723138927,3,2,21,0.0,0.1005,0.45,0.05,0.15,0.15,0.2
172,PartitionExploration,0,NOOP,0.179583,-0.042523,0.096893,0,51,214.90235287026061,179.3224811553955,23,0.5875827955163043,864.921875,21.777036723138927,3,2,21,0.0,0.1005,0.45,0.05,0.15,0.15,0.2,62,252.96287563083413,233.473539352417,26,0.527951167179988,878.5107421875,23.10365137086574,3,3,22,0.0,0.1005,0.45,0.05,0.2,0.15,0.15
173,PartitionExploration,0,NOOP,0.162266,0.299378,0.223057,0,62,252.96287563083413,233.473539352417,26,0.527951167179988,878.5107421875,23.10365137086574,3,3,22,0.0,0.1005,0.45,0.05,0.2,0.15,0.15,53,210.44580430172675,143.83816719055176,29,0.4801893563106142,891.2314453125,23.677369771056128,3,4,23,0.67,0.134,0.45,0.0,0.2,0.2,0.15
174,PartitionExploration,0,NOOP,0.148317,-0.042125,0.079846,0,53,210.44580430172675,143.83816719055176,29,0.4801893563106142,891.2314453125,23.677369771056128,3,4,23,0.67,0.134,0.45,0.0,0.2,0.2,0.15,68,260.0300607651947,195.59574127197266,32,0.4420499801635742,905.318359375,23.792676027231614,3,5,24,0.0,0.134,0.45,0.0,0.2,0.2,0.15
175,PartitionExploration,2,COMPACT_64KB,0.074664,-0.116936,0.146039,0,68,260.0300607651947,195.59574127197266,32,0.4420499801635742,905.318359375,23.792676027231614,3,5,24,0.0,0.134,0.45,0.0,0.2,0.2,0.15,87,388.1446063023534,153.24878692626953,18,0.7593256632486979,874.7431640625,12.132301756466964,3,0,25,0.0,0.134,0.5,0.0,0.15,0.2,0.15
176,PartitionExploration,0,NOOP,0.200174,-0.04176,0.109958,0,87,388.1446063023534,153.24878692626953,18,0.7593256632486979,874.7431640625,12.132301756466964,3,0,25,0.0,0.134,0.5,0.0,0.15,0.2,0.15,100,369.24485480414893,178.70426177978516,24,0.5856405893961588,899.5439453125,22.271994004737696,3,1,26,0.0,0.134,0.5,0.0,0.15,0.2,0.15
177,PartitionExploration,0,NOOP,0.179635,0.300146,0.233638,0,100,369.24485480414893,178.70426177978516,24,0.5856405893961588,899.5439453125,22.271994004737696,3,1,26,0.0,0.134,0.5,0.0,0.15,0.2,0.15,67,273.17151619723444,116.64128303527832,27,0.5286718297887731,913.544921875,23.44000832694216,3,2,27,0.67,0.1675,0.5,0.0,0.1,0.25,0.15
178,PartitionExploration,0,NOOP,0.163465,-0.0415,0.088338,0,67,273.17151619723444,116.64128303527832,27,0.5286718297887731,913.544921875,23.44000832694216,3,2,27,0.67,0.1675,0.5,0.0,0.1,0.25,0.15,91,321.4727173035086,203.50956916809082,30,0.4841847737630208,929.634765625,23.84732245674996,3,3,28,0.0,0.1675,0.55,0.0,0.1,0.25,0.1
179,PartitionExploration,0,NOOP,0.149832,-0.041433,0.080507,0,91,321.4727173035086,203.50956916809082,30,0.4841847737630208,929.634765625,23.84732245674996,3,3,28,0.0,0.1675,0.55,0.0,0.1,0.25,0.1,71,303.64654935961033,203.8893699645996,33,0.4469484271425189,943.955078125,23.962894957701703,3,4,29,0.0,0.1675,0.55,0.0,0.1,0.25,0.1
180,PartitionExploration,2,COMPACT_64KB,0.085154,-0.116269,0.151975,0,71,303.64654935961033,203.8893699645996,33,0.4469484271425189,943.955078125,23.962894957701703,3,4,29,0.0,0.1675,0.55,0.0,0.1,0.25,0.1,75,303.71029749962827,155.78889846801758,18,0.7892981635199653,909.271484375,8.101781704420585,3,0,30,0.0,0.1675,0.55,0.0,0.1,0.25,0.1
181,PartitionExploration,0,NOOP,0.235831,-0.041269,0.130584,0,75,303.71029749962827,155.78889846801758,18,0.7892981635199653,909.271484375,8.101781704420585,3,0,30,0.0,0.1675,0.55,0.0,0.1,0.25,0.1,51,221.38936508889336,169.35420036315918,21,0.6858026413690477,921.71875,18.233351254016448,3,1,31,0.0,0.16750000000000004,0.6,0.0,0.05,0.25,0.1
182,PartitionExploration,0,NOOP,0.209092,-0.041263,0.113397,0,51,221.38936508889336,169.35420036315918,21,0.6858026413690477,921.71875,18.233351254016448,3,1,31,0.0,0.16750000000000004,0.6,0.0,0.05,0.25,0.1,99,381.0907462286584,249.7239112854004,24,0.6111202239990234,938.6806640625,21.371110049212703,3,2,32,0.0,0.16750000000000004,0.65,0.0,0.05,0.25,0.05
183,PartitionExploration,0,NOOP,0.18725,-0.048077,0.100549,0,99,381.0907462286584,249.7239112854004,24,0.6111202239990234,938.6806640625,21.371110049212703,3,2,32,0.0,0.16750000000000004,0.65,0.0,0.05,0.25,0.05,51,229.49176537735718,264.04523849487305,27,0.5504274721498843,951.138671875,23.014535784088743,3,3,33,0.0,0.134,0.65,0.0,0.1,0.2,0.05
184,PartitionExploration,0,NOOP,0.170289,-0.041499,0.0921,0,51,229.49176537735718,264.04523849487305,27,0.5504274721498843,951.138671875,23.014535784088743,3,3,33,0.0,0.134,0.65,0.0,0.1,0.2,0.05,89,369.2475795187921,209.43379402160645,30,0.5036824544270834,967.0703125,23.638618552003244,3,4,34,0.0,0.134,0.65,0.0,0.1,0.2,0.05
185,PartitionExploration,0,NOOP,0.156004,-0.041538,0.084061,0,89,369.2475795187921,209.43379402160645,30,0.5036824544270834,967.0703125,23.638618552003244,3,4,34,0.0,0.134,0.65,0.0,0.1,0.2,0.05,69,313.08225621497655,202.73566246032715,33,0.46458203864820075,981.197265625,23.90039229978978,3,5,35,0.0,0.134,0.7,0.0,0.1,0.2,0.0
186,PartitionExploration,2,COMPACT_64KB,0.069432,-0.116686,0.142493,0,69,313.08225621497655,202.73566246032715,33,0.46458203864820075,981.197265625,23.90039229978978,3,5,35,0.0,0.134,0.7,0.0,0.1,0.2,0.0,99,432.2737329088702,176.17225646972656,20,0.7455192565917969,954.2646484375,13.452840357565757,3,0,36,0.0,0.134,0.7,0.0,0.1,0.2,0.0
187,PartitionExploration,0,NOOP,0.225619,-0.041909,0.124591,0,99,432.2737329088702,176.17225646972656,20,0.7455192565917969,954.2646484375,13.452840357565757,3,0,36,0.0,0.134,0.7,0.0,0.1,0.2,0.0,68,245.5028340889469,175.1997470855713,23,0.6577679177989131,968.234375,19.408576529609288,3,1,37,0.0,0.134,0.7,0.0,0.1,0.2,0.0
188,PartitionExploration,0,NOOP,0.201962,-0.048651,0.112366,0,68,245.5028340889469,175.1997470855713,23,0.6577679177989131,968.234375,19.408576529609288,3,1,37,0.0,0.134,0.7,0.0,0.1,0.2,0.0,97,366.6019283101155,118.39532852172852,26,0.591891362116887,984.9072265625,21.763970182466107,3,2,38,0.0,0.1005,0.7,0.0,0.1,0.15,0.05
189,PartitionExploration,0,NOOP,0.182737,-0.042103,0.098979,0,97,366.6019283101155,118.39532852172852,26,0.591891362116887,984.9072265625,21.763970182466107,3,2,38,0.0,0.1005,0.7,0.0,0.1,0.15,0.05,77,297.82909944346335,219.92874145507812,29,0.538677873282597,999.7861328125,22.965257598800637,3,3,39,0.0,0.1005,0.7,0.0,0.1,0.15,0.05
190,PartitionExploration,0,NOOP,0.167172,-0.049022,0.090558,0,77,297.82909944346335,219.92874145507812,29,0.538677873282597,999.7861328125,22.965257598800637,3,3,39,0.0,0.1005,0.7,0.0,0.1,0.15,0.05,88,345.6103793955216,198.25148582458496,32,0.49591970443725586,1015.6435546875,23.485982004833218,3,4,40,0.0,0.067,0.75,0.0,0.1,0.1,0.05
191,PartitionExploration,0,NOOP,0.153814,-0.042419,0.082001,0,88,345.6103793955216,198.25148582458496,32,0.49591970443725586,1015.6435546875,23.485982004833218,3,4,40,0.0,0.067,0.75,0.0,0.1,0.1,0.05,62,267.0151421650821,236.48834228515625,35,0.4594691685267857,1029.2109375,23.724294819056343,3,5,41,0.0,0.067,0.7,0.05,0.1,0.1,0.05
192,PartitionExploration,2,COMPACT_64KB,0.08014,-0.117388,0.148773,0,62,267.0151421650821,236.48834228515625,35,0.4594691685267857,1029.2109375,23.724294819056343,3,5,41,0.0,0.067,0.7,0.05,0.1,0.1,0.05,59,245.7173768851007,169.26264762878418,20,0.7761146545410156,993.4267578125,9.352442383987258,3,0,42,0.0,0.067,0.75,0.05,0.05,0.1,0.05
193,PartitionExploration,0,NOOP,0.23466,-0.049362,0.12966,0,59,245.7173768851007,169.26264762878418,20,0.7761146545410156,993.4267578125,9.352442383987258,3,0,42,0.0,0.067,0.75,0.05,0.05,0.1,0.05,54,217.01348403100954,179.37231063842773,23,0.6835997208305027,1006.2587890625,17.896856473434507,3,1,43,0.0,0.0335,0.8,0.05,0.05,0.05,0.05
194,PartitionExploration,0,NOOP,0.209942,0.298909,0.250517,0,54,217.01348403100954,179.37231063842773,23,0.6835997208305027,1006.2587890625,17.896856473434507,3,1,43,0.0,0.0335,0.8,0.05,0.05,0.05,0.05,96,345.2744414898862,135.91837882995605,26,0.6146926879882812,1022.8486328125,20.912839797155723,3,2,44,0.67,0.067,0.75,0.05,0.05,0.1,0.05
195,PartitionExploration,0,NOOP,0.190139,-0.043086,0.102326,0,96,345.2744414898862,135.91837882995605,26,0.6146926879882812,1022.8486328125,20.912839797155723,3,2,44,0.67,0.067,0.75,0.05,0.05,0.1,0.05,91,411.94477494668314,257.7180862426758,29,0.5598244502626616,1039.0341796875,22.39930116513943,3,3,45,0.0,0.067,0.7,0.05,0.1,0.1,0.05
196,PartitionExploration,0,NOOP,0.173902,-0.043392,0.095891,0,91,411.94477494668314,257.7180862426758,29,0.5598244502626616,1039.0341796875,22.39930116513943,3,3,45,0.0,0.067,0.7,0.05,0.1,0.1,0.05,90,365.39356382453553,134.51194763183594,32,0.5151476860046387,1055.0224609375,23.134914837208267,3,4,46,0.0,0.067,0.65,0.05,0.1,0.1,0.1
197,PartitionExploration,0,NOOP,0.16048,-0.050313,0.083406,0,90,365.39356382453553,134.51194763183594,32,0.5151476860046387,1055.0224609375,23.134914837208267,3,4,46,0.0,0.067,0.65,0.05,0.1,0.1,0.1,99,378.2662445854418,339.51330184936523,35,0.47851300920758927,1071.869140625,23.42477530466287,3,5,47,0.0,0.0335,0.7,0.05,0.1,0.05,0.1
198,PartitionExploration,2,COMPACT_64KB,0.078549,-0.118824,0.147228,0,99,378.2662445854418,339.51330184936523,35,0.47851300920758927,1071.869140625,23.42477530466287,3,5,47,0.0,0.0335,0.7,0.05,0.1,0.05,0.1,59,230.44467497443787,196.07186317443848,21,0.7721405029296875,1037.7568359375,9.69092531252477,3,0,48,0.0,0.0335,0.7,0.05,0.1,0.05,0.1
199,PartitionExploration,0,NOOP,0.234978,-0.044086,0.131242,0,59,230.44467497443787,196.07186317443848,21,0.7721405029296875,1037.7568359375,9.69092531252477,3,0,48,0.0,0.0335,0.7,0.05,0.1,0.05,0.1,73,279.6179684367891,118.88599395751953,24,0.6850789388020834,1052.28125,17.574256937949812,3,1,49,0.0,0.0335,0.65,0.05,0.1,0.05,0.15
200,PartitionExploration,7,REMOVE_PARTITION,0.085409,-0.094234,0.117071,0,73,279.6179684367891,118.88599395751953,24,0.6850789388020834,1052.28125,17.574256937949812,3,1,49,0.0,0.0335,0.65,0.05,0.1,0.05,0.15,58,232.80749593995438,123.15011024475098,27,0.6165974934895834,1065.48046875,20.807805457798082,0,2,0,0.0,0.0335,0.6,0.05,0.1,0.1,0.15
201,PartitionExploration,2,COMPACT_64KB,0.096642,-0.112564,0.156959,0,58,232.80749593995438,123.15011024475098,27,0.6165974934895834,1065.48046875,20.807805457798082,0,2,0,0.0,0.0335,0.6,0.05,0.1,0.1,0.15,90,231.70404234279965,222.58687019348145,20,0.8232620239257813,1053.775390625,5.1444120331016245,0,0,1,0.0,0.0335,0.55,0.05,0.15,0.1,0.15
202,PartitionExploration,0,NOOP,0.272194,-0.037717,0.151972,0,90,231.70404234279965,222.58687019348145,20,0.8232620239257813,1053.775390625,5.1444120331016245,0,0,1,0.0,0.0335,0.55,0.05,0.15,0.1,0.15,55,226.34830209376872,143.2483196258545,21,0.7896982828776041,1061.3544921875,11.047211237875224,0,1,2,0.0,0.0335,0.5,0.05,0.15,0.1,0.2
203,PartitionExploration,0,NOOP,0.262168,-0.038013,0.14407,0,55,226.34830209376872,143.2483196258545,21,0.7896982828776041,1061.3544921875,11.047211237875224,0,1,2,0.0,0.0335,0.5,0.05,0.15,0.1,0.2,94,367.8681937569687,235.8999252319336,22,0.7616230357776989,1072.365234375,13.684204083576274,0,2,3,0.0,0.0335,0.5,0.05,0.15,0.1,0.2
204,PartitionExploration,0,NOOP,0.252603,-0.038275,0.141254,0,94,367.8681937569687,235.8999252319336,22,0.7616230357776989,1072.365234375,13.684204083576274,0,2,3,0.0,0.0335,0.5,0.05,0.15,0.1,0.2,74,287.1330644974777,121.90747261047363,23,0.734866598378057,1081.7236328125,15.690439788013451,0,3,4,0.0,0.0335,0.45,0.05,0.15,0.15,0.2
205,PartitionExploration,0,NOOP,0.243845,-0.03857,0.136023,0,74,287.1330644974777,121.90747261047363,23,0.734866598378057,1081.7236328125,15.690439788013451,0,3,4,0.0,0.0335,0.45,0.05,0.15,0.15,0.2,76,346.71021367079794,131.1357021331787,24,0.7104155222574869,1091.1982421875,17.153936634761347,0,4,5,0.0,0.0335,0.4,0.1,0.15,0.15,0.2
206,PartitionExploration,0,NOOP,0.235593,-0.03885,0.13177,0,76,346.71021367079794,131.1357021331787,24,0.7104155222574869,1091.1982421875,17.153936634761347,0,4,5,0.0,0.0335,0.4,0.1,0.15,0.15,0.2,67,294.30074942295687,110.86845397949219,25,0.6874090576171875,1099.8544921875,18.33567196671485,0,5,6,0.0,0.0335,0.35,0.1,0.15,0.15,0.25
207,PartitionExploration,0,NOOP,0.227726,-0.039088,0.126908,0,67,294.30074942295687,110.86845397949219,25,0.6874090576171875,1099.8544921875,18.33567196671485,0,5,6,0.0,0.0335,0.35,0.1,0.15,0.15,0.25,54,224.96512774772071,126.0983943939209,26,0.6655021080603967,1107.3955078125,19.335406897593355,0,6,7,0.0,0.0335,0.3,0.15,0.15,0.15,0.25
208,PartitionExploration,0,NOOP,0.220876,-0.039456,0.122305,0,54,224.96512774772071,126.0983943939209,26,0.6655021080603967,1107.3955078125,19.335406897593355,0,6,7,0.0,0.0335,0.3,0.15,0.15,0.15,0.25,79,336.71147278109333,155.17163276672363,27,0.6465024594907407,1117.15625,19.985020458355073,0,7,8,0.0,0.0335,0.3,0.2,0.15,0.15,0.2
209,PartitionExploration,0,NOOP,0.214799,-0.039927,0.117947,0,79,336.71147278109333,155.17163276672363,27,0.6465024594907407,1117.15625,19.985020458355073,0,7,8,0.0,0.0335,0.3,0.2,0.15,0.15,0.2,95,393.4281146973648,192.63339042663574,28,0.6297100612095424,1128.4404296875,20.419320897259315,0,8,9,0.0,0.0335,0.25,0.25,0.15,0.15,0.2
210,PartitionExploration,0,NOOP,0.208504,-0.040233,0.115254,0,95,393.4281146973648,192.63339042663574,28,0.6297100612095424,1128.4404296875,20.419320897259315,0,8,9,0.0,0.0335,0.25,0.25,0.15,0.15,0.2,59,261.70984997345505,153.4433364868164,29,0.6122962688577587,1136.421875,20.930306299047217,0,9,10,0.0,0.0335,0.2,0.25,0.15,0.2,0.2
211,PartitionExploration,0,NOOP,0.202632,-0.040555,0.111801,0,59,261.70984997345505,153.4433364868164,29,0.6122962688577587,1136.421875,20.930306299047217,0,9,10,0.0,0.0335,0.2,0.25,0.15,0.2,0.2,60,256.81036963563,157.17697143554688,30,0.5960927327473958,1144.498046875,21.336220389986927,0,10,11,0.0,0.0335,0.2,0.25,0.15,0.2,0.2
212,PartitionExploration,0,NOOP,0.197221,-0.040915,0.109429,0,60,256.81036963563,157.17697143554688,30,0.5960927327473958,1144.498046875,21.336220389986927,0,10,11,0.0,0.0335,0.2,0.25,0.15,0.2,0.2,65,262.1104801020639,125.84066390991211,31,0.5812023532006049,1153.10546875,21.63823871462545,0,11,12,0.0,0.0335,0.15,0.25,0.15,0.2,0.25
213,PartitionExploration,0,NOOP,0.192399,-0.041396,0.105785,0,65,262.1104801020639,125.84066390991211,31,0.5812023532006049,1153.10546875,21.63823871462545,0,11,12,0.0,0.0335,0.15,0.25,0.15,0.2,0.25,84,346.2656952556735,163.49172592163086,32,0.5679984092712402,1163.2607421875,21.81653849547094,0,12,13,0.0,0.0335,0.1,0.3,0.15,0.2,0.25
214,PartitionExploration,0,NOOP,0.188074,-0.048684,0.10381,0,84,346.2656952556735,163.49172592163086,32,0.5679984092712402,1163.2607421875,21.81653849547094,0,12,13,0.0,0.0335,0.1,0.3,0.15,0.2,0.25,99,426.6515858304803,141.7250633239746,33,0.5562110669685133,1174.7177734375,21.905889528714216,0,13,14,0.0,0.0,0.1,0.3,0.15,0.15,0.3
215,PartitionExploration,0,NOOP,0.183594,-0.042411,0.099933,0,99,426.6515858304803,141.7250633239746,33,0.5562110669685133,1174.7177734375,21.905889528714216,0,13,14,0.0,0.0,0.1,0.3,0.15,0.15,0.3,70,292.29268564636124,197.73125648498535,34,0.5439830106847426,1183.70703125,22.048810430959865,0,14,15,0.0,0.0,0.1,0.3,0.1,0.2,0.3
216,PartitionExploration,0,NOOP,0.179244,-0.042804,0.097932,0,70,292.29268564636124,197.73125648498535,34,0.5439830106847426,1183.70703125,22.048810430959865,0,14,15,0.0,0.0,0.1,0.3,0.1,0.2,0.3,63,261.0364080187538,176.46312713623047,35,0.5321245465959822,1191.958984375,22.18132657258445,0,15,16,0.0,0.0,0.1,0.35,0.1,0.2,0.25
217,PartitionExploration,2,COMPACT_64KB,0.096667,-0.118358,0.159275,0,63,261.0364080187538,176.46312713623047,35,0.5321245465959822,1191.958984375,22.18132657258445,0,15,16,0.0,0.0,0.1,0.35,0.1,0.2,0.25,87,375.9510167244134,123.02660942077637,22,0.8244767622514204,1160.86328125,4.509133942949662,0,0,17,0.0,0.0,0.05,0.4,0.1,0.2,0.25
218,PartitionExploration,0,NOOP,0.273298,-0.043733,0.152981,0,87,375.9510167244134,123.02660942077637,22,0.8244767622514204,1160.86328125,4.509133942949662,0,0,17,0.0,0.0,0.05,0.4,0.1,0.2,0.25,58,231.95796965195288,126.13892555236816,23,0.7939937425696332,1168.7587890625,10.341544011266171,0,1,18,0.0,0.0,0.0,0.45,0.1,0.2,0.25
219,PartitionExploration,0,NOOP,0.263318,-0.044114,0.14466,0,58,231.95796965195288,126.13892555236816,23,0.7939937425696332,1168.7587890625,10.341544011266171,0,1,18,0.0,0.0,0.0,0.45,0.1,0.2,0.25,58,261.3694676336288,237.85948753356934,24,0.76605224609375,1176.65625,13.38081645397647,0,2,19,0.0,0.0,0.0,0.45,0.15,0.2,0.2
220,PartitionExploration,0,NOOP,0.254082,-0.044485,0.142069,0,58,261.3694676336288,237.85948753356934,24,0.76605224609375,1176.65625,13.38081645397647,0,2,19,0.0,0.0,0.0,0.45,0.15,0.2,0.2,56,239.73909706288225,122.26104736328125,25,0.740233154296875,1184.373046875,15.487041031956739,0,3,20,0.0,0.0,0.0,0.5,0.15,0.15,0.2
221,PartitionExploration,0,NOOP,0.245889,-0.044982,0.134074,0,56,239.73909706288225,122.26104736328125,25,0.740233154296875,1184.373046875,15.487041031956739,0,3,20,0.0,0.0,0.0,0.5,0.15,0.15,0.2,74,317.4727418902802,263.7903690338135,26,0.7173960759089544,1193.7470703125,16.905489939659294,0,4,21,0.0,0.0,0.0,0.5,0.15,0.15,0.2
222,PartitionExploration,0,NOOP,0.237927,-0.045355,0.132359,0,74,317.4727418902802,263.7903690338135,26,0.7173960759089544,1193.7470703125,16.905489939659294,0,4,21,0.0,0.0,0.0,0.5,0.15,0.15,0.2,55,213.6722151776212,141.8435573577881,27,0.6952186867042824,1201.337890625,18.143777015673614,0,5,22,0.0,0.0,0.0,0.55,0.15,0.15,0.15
223,PartitionExploration,0,NOOP,0.231149,-0.045985,0.128491,0,55,213.6722151776212,141.8435573577881,27,0.6952186867042824,1201.337890625,18.143777015673614,0,5,22,0.0,0.0,0.0,0.55,0.15,0.15,0.15,92,398.7862748623952,141.1590576171875,28,0.6764259338378906,1212.1552734375,18.90788875678491,0,6,23,0.0,0.0,0.0,0.6,0.1,0.15,0.15
224,PartitionExploration,0,NOOP,0.224546,-0.046491,0.12304,0,92,398.7862748623952,141.1590576171875,28,0.6764259338378906,1212.1552734375,18.90788875678491,0,6,23,0.0,0.0,0.0,0.6,0.1,0.15,0.15,73,321.8996550596681,212.61072158813477,29,0.6581305142106681,1221.490234375,19.608665643071465,0,7,24,0.0,0.0,0.05,0.6,0.1,0.1,0.15
225,PartitionExploration,0,NOOP,0.218718,-0.047154,0.118053,0,73,321.8996550596681,212.61072158813477,29,0.6581305142106681,1221.490234375,19.608665643071465,0,7,24,0.0,0.0,0.05,0.6,0.1,0.1,0.15,95,359.40324786139763,283.1606864929199,30,0.6420522054036458,1232.740234375,20.07503703342978,0,8,25,0.0,0.0,0.05,0.55,0.15,0.1,0.15
226,PartitionExploration,0,NOOP,0.212837,-0.047654,0.116634,0,95,359.40324786139763,283.1606864929199,30,0.6420522054036458,1232.740234375,20.07503703342978,0,8,25,0.0,0.0,0.05,0.55,0.15,0.1,0.15,71,313.79769758852694,199.51272010803223,31,0.6258210212953629,1241.62890625,20.56758465485822,0,9,26,0.0,0.0,0.1,0.55,0.15,0.1,0.1
227,PartitionExploration,0,NOOP,0.207466,-0.04822,0.114266,0,71,313.79769758852694,199.51272010803223,31,0.6258210212953629,1241.62890625,20.56758465485822,0,9,26,0.0,0.0,0.1,0.55,0.15,0.1,0.1,80,353.72060711733116,168.99943351745605,32,0.611046314239502,1251.4228515625,20.92824690047653,0,10,27,0.0,0.0,0.1,0.55,0.15,0.1,0.1
228,PartitionExploration,0,NOOP,0.202206,-0.048682,0.110482,0,80,353.72060711733116,168.99943351745605,32,0.611046314239502,1251.4228515625,20.92824690047653,0,10,27,0.0,0.0,0.1,0.55,0.15,0.1,0.1,65,288.96984908644197,201.89881324768066,33,0.5965890595407197,1259.99609375,21.27336471374169,0,11,28,0.0,0.0,0.1,0.55,0.15,0.1,0.1
229,PartitionExploration,0,NOOP,0.197024,-0.049045,0.108809,0,65,288.96984908644197,201.89881324768066,33,0.5965890595407197,1259.99609375,21.27336471374169,0,11,28,0.0,0.0,0.1,0.55,0.15,0.1,0.1,51,185.47538550113413,146.20471000671387,34,0.5823543772977942,1267.203125,21.611588530029273,0,12,29,0.0,0.0,0.1,0.5,0.15,0.1,0.15
230,PartitionExploration,0,NOOP,0.192596,-0.049653,0.105158,0,51,185.47538550113413,146.20471000671387,34,0.5823543772977942,1267.203125,21.611588530029273,0,12,29,0.0,0.0,0.1,0.5,0.15,0.1,0.15,85,342.74338265478286,193.77803802490234,35,0.5702745710100446,1277.4150390625,21.7771213759381,0,13,30,0.0,0.0,0.1,0.55,0.15,0.05,0.15
231,PartitionExploration,0,NOOP,0.188084,-0.05009,0.102442,0,85,342.74338265478286,193.77803802490234,35,0.5702745710100446,1277.4150390625,21.7771213759381,0,13,30,0.0,0.0,0.1,0.55,0.15,0.05,0.15,61,281.87092125760444,199.23162460327148,36,0.5579537285698785,1285.525390625,21.979024125560084,0,14,31,0.0,0.0,0.1,0.55,0.15,0.05,0.15
232,PartitionExploration,0,NOOP,0.183951,-0.0506,0.100324,0,61,281.87092125760444,199.23162460327148,36,0.5579537285698785,1285.525390625,21.979024125560084,0,14,31,0.0,0.0,0.1,0.55,0.15,0.05,0.15,71,276.62929360018205,188.30394744873047,37,0.5467158137141047,1294.623046875,22.108783204527253,0,15,32,0.0,0.0,0.1,0.6,0.15,0.05,0.1
233,PartitionExploration,2,COMPACT_64KB,0.095167,-0.126017,0.158187,0,71,276.62929360018205,188.30394744873047,37,0.5467158137141047,1294.623046875,22.108783204527253,0,15,32,0.0,0.0,0.1,0.6,0.15,0.05,0.1,58,248.70152194070698,132.00879096984863,24,0.8213335673014323,1261.568359375,5.219235890293921,0,0,33,0.0,0.0,0.1,0.55,0.15,0.05,0.15
234,PartitionExploration,0,NOOP,0.273143,-0.051607,0.151962,0,58,248.70152194070698,132.00879096984863,24,0.8213335673014323,1261.568359375,5.219235890293921,0,0,33,0.0,0.0,0.1,0.55,0.15,0.05,0.15,82,344.5258569998968,165.07840156555176,25,0.79469482421875,1271.51171875,9.93834811544164,0,1,34,0.0,0.0,0.1,0.6,0.15,0.05,0.1
235,PartitionExploration,0,NOOP,0.263741,-0.051967,0.147489,0,82,344.5258569998968,165.07840156555176,25,0.79469482421875,1271.51171875,9.93834811544164,0,1,34,0.0,0.0,0.1,0.6,0.15,0.05,0.1,50,198.4231376589659,126.0371208190918,26,0.7684015127328726,1278.6201171875,12.978624301418964,0,2,35,0.0,0.0,0.1,0.65,0.15,0.0,0.1
236,PartitionExploration,0,NOOP,0.255495,-0.052521,0.141968,0,50,198.4231376589659,126.0371208190918,26,0.7684015127328726,1278.6201171875,12.978624301418964,0,2,35,0.0,0.0,0.1,0.65,0.15,0.0,0.1,77,353.65939734931817,160.2632999420166,27,0.7454144513165509,1288.076171875,14.845989755453997,0,3,36,0.0,0.0,0.1,0.6,0.15,0.0,0.15
237,PartitionExploration,0,NOOP,0.248149,-0.053197,0.138234,0,77,353.65939734931817,160.2632999420166,27,0.7454144513165509,1288.076171875,14.845989755453997,0,3,36,0.0,0.0,0.1,0.6,0.15,0.0,0.15,94,360.47903858743155,139.9383544921875,28,0.7249962942940849,1299.193359375,16.12618615793085,0,4,37,0.0,0.0,0.1,0.6,0.15,0.0,0.15
238,PartitionExploration,0,NOOP,0.24126,-0.053865,0.133972,0,94,360.47903858743155,139.9383544921875,28,0.7249962942940849,1299.193359375,16.12618615793085,0,4,37,0.0,0.0,0.1,0.6,0.15,0.0,0.15,93,365.958372698044,153.43475341796875,29,0.7058852623248922,1310.123046875,17.150798961678248,0,5,38,0.0,0.0,0.1,0.6,0.15,0.0,0.15
239,PartitionExploration,0,NOOP,0.234232,-0.054267,0.129984,0,93,365.958372698044,153.43475341796875,29,0.7058852623248922,1310.123046875,17.150798961678248,0,5,38,0.0,0.0,0.1,0.6,0.15,0.0,0.15,56,220.5068443381303,151.7810821533203,30,0.6863759358723959,1317.841796875,18.187265624164873,0,6,39,0.0,0.0,0.1,0.65,0.1,0.0,0.15
240,PartitionExploration,0,NOOP,0.22806,-0.054868,0.127062,0,56,220.5068443381303,151.7810821533203,30,0.6863759358723959,1317.841796875,18.187265624164873,0,6,39,0.0,0.0,0.1,0.65,0.1,0.0,0.15,84,330.8111993825485,125.38695335388184,31,0.6693134923135081,1327.91796875,18.88695006150286,0,7,40,0.0,0.0,0.1,0.6,0.1,0.0,0.2
241,PartitionExploration,0,NOOP,0.222225,-0.055432,0.122985,0,84,330.8111993825485,125.38695335388184,31,0.6693134923135081,1327.91796875,18.88695006150286,0,7,40,0.0,0.0,0.1,0.6,0.1,0.0,0.2,79,343.8221650367065,156.75592422485352,32,0.6532135009765625,1337.78125,19.47267374988344,0,8,41,0.0,0.0,0.1,0.65,0.05,0.0,0.2
242,PartitionExploration,0,NOOP,0.216468,-0.055881,0.119763,0,79,343.8221650367065,156.75592422485352,32,0.6532135009765625,1337.78125,19.47267374988344,0,8,41,0.0,0.0,0.1,0.65,0.05,0.0,0.2,63,237.50391164289002,153.3973217010498,33,0.6373360373757102,1346.0537109375,20.03523178233746,0,9,42,0.0,0.0,0.1,0.65,0.05,0.0,0.2
243,PartitionExploration,0,NOOP,0.211032,-0.056329,0.112033,0,63,237.50391164289002,153.3973217010498,33,0.6373360373757102,1346.0537109375,20.03523178233746,0,9,42,0.0,0.0,0.1,0.65,0.05,0.0,0.2,63,257.19253342884895,351.1343002319336,34,0.6223781810087317,1354.294921875,20.50378336461596,0,10,43,0.0,0.0,0.1,0.6,0.1,0.0,0.2
244,PartitionExploration,0,NOOP,0.206294,-0.056973,0.11203,0,63,257.19253342884895,351.1343002319336,34,0.6223781810087317,1354.294921875,20.50378336461596,0,10,43,0.0,0.0,0.1,0.6,0.1,0.0,0.2,91,402.1918390228071,234.74764823913574,35,0.6094111851283482,1365.0810546875,20.788103649793584,0,11,44,0.0,0.0,0.1,0.6,0.1,0.0,0.2
245,PartitionExploration,0,NOOP,0.201763,-0.057594,0.110446,0,91,402.1918390228071,234.74764823913574,35,0.6094111851283482,1365.0810546875,20.788103649793584,0,11,44,0.0,0.0,0.1,0.6,0.1,0.0,0.2,88,342.8339037962644,191.20121002197266,36,0.5970382690429688,1375.576171875,21.032644756064045,0,12,45,0.0,0.0,0.1,0.65,0.05,0.0,0.2
246,PartitionExploration,0,NOOP,0.197422,-0.058177,0.107841,0,88,342.8339037962644,191.20121002197266,36,0.5970382690429688,1375.576171875,21.032644756064045,0,12,45,0.0,0.0,0.1,0.65,0.05,0.0,0.2,83,372.32620111528695,196.06256484985352,37,0.5852054905247044,1385.7666015625,21.243905717547047,0,13,46,0.0,0.0,0.05,0.65,0.05,0.05,0.2
247,PartitionExploration,0,NOOP,0.193429,-0.058841,0.105695,0,83,372.32620111528695,196.06256484985352,37,0.5852054905247044,1385.7666015625,21.243905717547047,0,13,46,0.0,0.0,0.05,0.65,0.05,0.05,0.2,95,386.98327787781136,189.8019313812256,38,0.5743689286081415,1396.865234375,21.386538973435954,0,14,47,0.0,0.0,0.05,0.65,0.05,0.05,0.2
248,PartitionExploration,0,NOOP,0.189094,-0.059196,0.103141,0,95,386.98327787781136,189.8019313812256,38,0.5743689286081415,1396.865234375,21.386538973435954,0,14,47,0.0,0.0,0.05,0.65,0.05,0.05,0.2,51,228.39768259791623,192.63648986816406,39,0.562553210136218,1404.1328125,21.625209338329142,0,15,48,0.0,0.0,0.05,0.6,0.05,0.1,0.2
249,PartitionExploration,2,COMPACT_64KB,0.096032,-0.134633,0.15816,0,51,228.39768259791623,192.63648986816406,39,0.562553210136218,1404.1328125,21.625209338329142,0,15,48,0.0,0.0,0.05,0.6,0.05,0.1,0.2,63,268.54703516178404,153.42330932617188,26,0.8249499981219952,1372.716796875,4.932023978935948,0,0,49,0.0,0.0,0.05,0.6,0.05,0.15,0.15
250,PartitionExploration,0,NOOP,0.274201,-0.060021,0.153653,0,63,268.54703516178404,153.42330932617188,26,0.8249499981219952,1372.716796875,4.932023978935948,0,0,49,0.0,0.0,0.05,0.6,0.05,0.15,0.15,56,212.92388693181715,117.60330200195312,27,0.7988609031394676,1380.431640625,9.932911196622857,0,1,50,0.0,0.0,0.05,0.55,0.05,0.15,0.2
251,PartitionExploration,0,NOOP,0.265574,-0.060427,0.148718,0,56,212.92388693181715,117.60330200195312,27,0.7988609031394676,1380.431640625,9.932911196622857,0,1,50,0.0,0.0,0.05,0.55,0.05,0.15,0.2,59,269.91109196311226,117.3396110534668,28,0.7747819083077567,1388.4091796875,12.708439005815162,0,2,51,0.0,0.0,0.05,0.5,0.05,0.15,0.25
252,PartitionExploration,0,NOOP,0.257796,-0.060942,0.144046,0,59,269.91109196311226,117.3396110534668,28,0.7747819083077567,1388.4091796875,12.708439005815162,0,2,51,0.0,0.0,0.05,0.5,0.05,0.15,0.25,75,286.7902785552397,126.63078308105469,29,0.7531306825835129,1397.810546875,14.540269764972757,0,3,52,0.0,0.0,0.05,0.45,0.05,0.15,0.3
253,PartitionExploration,0,NOOP,0.250167,-0.061304,0.139589,0,75,286.7902785552397,126.63078308105469,29,0.7531306825835129,1397.810546875,14.540269764972757,0,3,52,0.0,0.0,0.05,0.45,0.05,0.15,0.3,53,230.8923884841573,130.39517402648926,30,0.7319056193033854,1405.2587890625,16.108599133380363,0,4,53,0.0,0.0,0.05,0.45,0.05,0.15,0.3
254,PartitionExploration,0,NOOP,0.243134,-0.061719,0.135125,0,53,230.8923884841573,130.39517402648926,30,0.7319056193033854,1405.2587890625,16.108599133380363,0,4,53,0.0,0.0,0.05,0.45,0.05,0.15,0.3,61,237.0840243002917,148.99516105651855,31,0.7123816705519154,1413.365234375,17.298517077525325,0,5,54,0.0,0.0,0.05,0.45,0.05,0.15,0.3
255,PartitionExploration,0,NOOP,0.236378,-0.062058,0.127507,0,61,237.0840243002917,148.99516105651855,31,0.7123816705519154,1413.365234375,17.298517077525325,0,5,54,0.0,0.0,0.05,0.45,0.05,0.15,0.3,50,228.3563887243458,309.584379196167,32,0.6936507225036621,1420.5966796875,18.318630828671942,0,6,55,0.0,0.0,0.05,0.4,0.1,0.15,0.3
256,PartitionExploration,0,NOOP,0.230592,-0.062672,0.124395,0,50,228.3563887243458,309.584379196167,32,0.6936507225036621,1420.5966796875,18.318630828671942,0,6,55,0.0,0.0,0.05,0.4,0.1,0.15,0.3,91,400.2471269852089,300.7936477661133,33,0.6776909105705492,1431.283203125,18.96088080461953,0,7,56,0.0,0.0,0.05,0.4,0.15,0.15,0.25
257,PartitionExploration,0,NOOP,0.22523,-0.063322,0.123291,0,91,400.2471269852089,300.7936477661133,33,0.6776909105705492,1431.283203125,18.96088080461953,0,7,56,0.0,0.0,0.05,0.4,0.15,0.15,0.25,97,402.5665948305717,216.3403034210205,34,0.6629423253676471,1442.5625,19.465698518304848,0,8,57,0.0,0.0,0.05,0.35,0.15,0.15,0.3
258,PartitionExploration,0,NOOP,0.214124,-0.063988,0.117564,0,97,402.5665948305717,216.3403034210205,34,0.6629423253676471,1442.5625,19.465698518304848,0,8,57,0.0,0.0,0.05,0.35,0.15,0.15,0.3,100,404.92047953629634,188.8718605041504,36,0.6323543124728732,1456.9443359375,20.597868517159657,0,9,58,0.0,0.0,0.05,0.35,0.15,0.15,0.3
259,PartitionExploration,0,NOOP,0.209553,-0.064609,0.115714,0,100,404.92047953629634,188.8718605041504,36,0.6323543124728732,1456.9443359375,20.597868517159657,0,9,58,0.0,0.0,0.05,0.35,0.15,0.15,0.3,94,400.04807096189614,155.7316780090332,37,0.6198643864812078,1467.8388671875,20.883694498040526,0,10,59,0.0,0.0,0.05,0.3,0.15,0.15,0.35
260,PartitionExploration,0,NOOP,0.205158,-0.065192,0.111985,0,94,400.04807096189614,155.7316780090332,37,0.6198643864812078,1467.8388671875,20.883694498040526,0,10,59,0.0,0.0,0.05,0.3,0.15,0.15,0.35,89,355.4359536867764,207.4875831604004,38,0.607879638671875,1478.36328125,21.135226677123956,0,11,60,0.0,0.0,0.05,0.35,0.15,0.15,0.3
261,PartitionExploration,0,NOOP,0.200977,-0.065766,0.109914,0,89,355.4359536867764,207.4875831604004,38,0.607879638671875,1478.36328125,21.135226677123956,0,11,60,0.0,0.0,0.05,0.35,0.15,0.15,0.3,88,386.379578655361,193.37177276611328,39,0.5965055808042868,1488.8779296875,21.34498895574563,0,12,61,0.0,0.0,0.05,0.3,0.15,0.2,0.3
262,PartitionExploration,0,NOOP,0.196831,-0.066245,0.107632,0,88,386.379578655361,193.37177276611328,39,0.5965055808042868,1488.8779296875,21.34498895574563,0,12,61,0.0,0.0,0.05,0.3,0.15,0.2,0.3,74,286.67002492835064,189.19134140014648,40,0.5852306365966797,1498.1904296875,21.55816177664934,0,13,62,0.0,0.0,0.05,0.3,0.15,0.2,0.3
263,PartitionExploration,0,NOOP,0.192999,-0.066791,0.10518,0,74,286.67002492835064,189.19134140014648,40,0.5852306365966797,1498.1904296875,21.55816177664934,0,13,62,0.0,0.0,0.05,0.3,0.15,0.2,0.3,85,285.06284296973513,199.95522499084473,41,0.5748547809879955,1508.4189453125,21.7074917562358,0,14,63,0.0,0.0,0.05,0.35,0.1,0.2,0.3
264,PartitionExploration,2,COMPACT_64KB,0.095032,-0.142252,0.156329,0,85,285.06284296973513,199.95522499084473,41,0.5748547809879955,1508.4189453125,21.7074917562358,0,14,63,0.0,0.0,0.05,0.35,0.1,0.2,0.3,72,268.1646692761798,206.4650058746338,28,0.8232340131487165,1475.2353515625,5.199583052646269,0,0,64,0.0,0.0,0.0,0.4,0.1,0.2,0.3
265,PartitionExploration,0,NOOP,0.273949,-0.067646,0.153351,0,72,268.1646692761798,206.4650058746338,28,0.8232340131487165,1475.2353515625,5.199583052646269,0,0,64,0.0,0.0,0.0,0.4,0.1,0.2,0.3,62,211.13354063994413,123.44765663146973,29,0.7992822055158944,1483.4677734375,9.70645090798338,0,1,65,0.0,0.0,0.0,0.35,0.1,0.2,0.35
266,PartitionExploration,0,NOOP,0.266433,-0.068239,0.14902,0,62,211.13354063994413,123.44765663146973,29,0.7992822055158944,1483.4677734375,9.70645090798338,0,1,65,0.0,0.0,0.0,0.35,0.1,0.2,0.35,94,349.77743355805205,124.53627586364746,30,0.7783788045247396,1494.4873046875,12.027430008874502,0,2,66,0.0,0.0,0.0,0.35,0.1,0.15,0.4
267,PartitionExploration,0,NOOP,0.259359,-0.068822,0.14412,0,94,349.77743355805205,124.53627586364746,30,0.7783788045247396,1494.4873046875,12.027430008874502,0,2,66,0.0,0.0,0.0,0.35,0.1,0.15,0.4,93,359.5671149384283,160.87031364440918,31,0.7587408250378024,1505.341796875,13.74064875445134,0,3,67,0.0,0.0,0.0,0.35,0.1,0.15,0.4
268,PartitionExploration,0,NOOP,0.252415,-0.069276,0.14002,0,93,359.5671149384283,160.87031364440918,31,0.7587408250378024,1505.341796875,13.74064875445134,0,3,67,0.0,0.0,0.0,0.35,0.1,0.15,0.4,73,275.5635682914537,166.0444736480713,32,0.739471435546875,1514.4375,15.211285035510384,0,4,68,0.0,0.0,0.0,0.35,0.1,0.15,0.4
269,PartitionExploration,0,NOOP,0.24578,-0.069678,0.136365,0,73,275.5635682914537,166.0444736480713,32,0.739471435546875,1514.4375,15.211285035510384,0,4,68,0.0,0.0,0.0,0.35,0.1,0.15,0.4,65,221.6988769892578,159.74831581115723,33,0.7210850571141099,1522.931640625,16.42702695767211,0,5,69,0.0,0.0,0.0,0.4,0.1,0.1,0.4
270,PartitionExploration,0,NOOP,0.240003,-0.07028,0.133625,0,65,221.6988769892578,159.74831581115723,33,0.7210850571141099,1522.931640625,16.42702695767211,0,5,69,0.0,0.0,0.0,0.4,0.1,0.1,0.4,98,396.8013839333982,135.21623611450195,34,0.7051508286420036,1534.408203125,17.234532352000645,0,6,70,0.0,0.0,0.0,0.4,0.1,0.1,0.4
271,PartitionExploration,0,NOOP,0.234055,-0.070664,0.129356,0,98,396.8013839333982,135.21623611450195,34,0.7051508286420036,1534.408203125,17.234532352000645,0,6,70,0.0,0.0,0.0,0.4,0.1,0.1,0.4,63,257.0356710339065,172.0585823059082,35,0.6887285505022321,1542.751953125,18.081921591258343,0,7,71,0.0,0.0,0.0,0.45,0.1,0.1,0.35
272,PartitionExploration,0,NOOP,0.228385,-0.071028,0.125915,0,63,257.0356710339065,172.0585823059082,35,0.6887285505022321,1542.751953125,18.081921591258343,0,7,71,0.0,0.0,0.0,0.45,0.1,0.1,0.35,60,208.25946633035085,180.20033836364746,36,0.6730986701117622,1550.8193359375,18.80523288798849,0,8,72,0.0,0.0,0.0,0.5,0.1,0.1,0.3
273,PartitionExploration,0,NOOP,0.222959,-0.071366,0.118534,0,60,208.25946633035085,180.20033836364746,36,0.6730986701117622,1550.8193359375,18.80523288798849,0,8,72,0.0,0.0,0.0,0.5,0.1,0.1,0.3,56,204.83018301908677,363.2161617279053,37,0.6581697206239443,1558.5458984375,19.431687256043144,0,9,73,0.0,0.0,0.0,0.5,0.15,0.1,0.25
274,PartitionExploration,0,NOOP,0.218171,-0.071876,0.116173,0,56,204.83018301908677,363.2161617279053,37,0.6581697206239443,1558.5458984375,19.431687256043144,0,9,73,0.0,0.0,0.0,0.5,0.15,0.1,0.25,85,242.82230760166922,346.6789722442627,38,0.6450604890522204,1568.787109375,19.852801678264843,0,10,74,0.0,0.0,0.0,0.45,0.2,0.1,0.25
275,PartitionExploration,0,NOOP,0.21321,-0.072186,0.116742,0,85,242.82230760166922,346.6789722442627,38,0.6450604890522204,1568.787109375,19.852801678264843,0,10,74,0.0,0.0,0.0,0.45,0.2,0.1,0.25,52,176.20193148199314,200.35696029663086,39,0.6314575977814503,1576.1181640625,20.330287955383728,0,11,75,0.0,0.0,0.0,0.5,0.15,0.1,0.25
276,PartitionExploration,0,NOOP,0.208892,-0.072684,0.114357,0,52,176.20193148199314,200.35696029663086,39,0.6314575977814503,1576.1181640625,20.330287955383728,0,11,75,0.0,0.0,0.0,0.5,0.15,0.1,0.25,84,292.08341982829234,196.33197784423828,40,0.6196903228759766,1586.4072265625,20.625454309123835,0,12,76,0.0,0.0,0.0,0.55,0.1,0.1,0.25
277,PartitionExploration,0,NOOP,0.204846,-0.073225,0.110368,0,84,292.08341982829234,196.33197784423828,40,0.6196903228759766,1586.4072265625,20.625454309123835,0,12,76,0.0,0.0,0.0,0.55,0.1,0.1,0.25,92,307.5721077932419,267.76814460754395,41,0.6087039854468369,1597.2392578125,20.85770699392016,0,13,77,0.0,0.0,0.05,0.55,0.1,0.1,0.2
278,PartitionExploration,0,NOOP,0.200953,-0.073744,0.107754,0,92,307.5721077932419,267.76814460754395,41,0.6087039854468369,1597.2392578125,20.85770699392016,0,13,77,0.0,0.0,0.05,0.55,0.1,0.1,0.2,89,219.95756089455392,283.9674949645996,42,0.5981507074265253,1607.8291015625,21.06163824461594,0,14,78,0.0,0.0,0.1,0.5,0.1,0.1,0.2
279,PartitionExploration,0,NOOP,0.197344,-0.074317,0.107235,0,89,219.95756089455392,283.9674949645996,42,0.5981507074265253,1607.8291015625,21.06163824461594,0,14,78,0.0,0.0,0.1,0.5,0.1,0.1,0.2,99,308.77140632703276,217.38624572753906,43,0.5884101335392442,1619.3046875,21.207114055108804,0,15,79,0.0,0.0,0.1,0.5,0.1,0.15,0.15
280,PartitionExploration,2,COMPACT_64KB,0.095642,-0.14961,0.156625,0,99,308.77140632703276,217.38624572753906,43,0.5884101335392442,1619.3046875,21.207114055108804,0,15,79,0.0,0.0,0.1,0.5,0.1,0.15,0.15,51,161.5032986281512,207.8113555908203,30,0.8261205037434896,1586.1513671875,4.6663169983133725,0,0,80,0.0,0.0,0.15,0.45,0.1,0.15,0.15
281,PartitionExploration,0,NOOP,0.274994,-0.074936,0.152721,0,51,161.5032986281512,207.8113555908203,30,0.8261205037434896,1586.1513671875,4.6663169983133725,0,0,80,0.0,0.0,0.15,0.45,0.1,0.15,0.15,57,247.29747442984345,175.1399040222168,31,0.8034106839087701,1593.966796875,9.302407267582856,0,1,81,0.0,0.0,0.15,0.45,0.1,0.15,0.15
282,PartitionExploration,0,NOOP,0.267864,-0.075459,0.145703,0,57,247.29747442984345,175.1399040222168,31,0.8034106839087701,1593.966796875,9.302407267582856,0,1,81,0.0,0.0,0.15,0.45,0.1,0.15,0.15,92,323.8004982760053,300.8391857147217,32,0.7836108207702637,1604.8349609375,11.624460973913889,0,2,82,0.0,0.0,0.15,0.4,0.15,0.15,0.15
283,PartitionExploration,0,NOOP,0.261025,-0.075927,0.14494,0,92,323.8004982760053,300.8391857147217,32,0.7836108207702637,1604.8349609375,11.624460973913889,0,2,82,0.0,0.0,0.15,0.4,0.15,0.15,0.15,83,130.15474229432786,165.59982299804688,33,0.7646428888494318,1614.92578125,13.399119861494729,0,3,83,0.0,0.0,0.15,0.4,0.15,0.15,0.15
284,PartitionExploration,0,NOOP,0.254685,-0.076436,0.141421,0,83,130.15474229432786,165.59982299804688,33,0.7646428888494318,1614.92578125,13.399119861494729,0,3,83,0.0,0.0,0.15,0.4,0.15,0.15,0.15,91,296.028715466828,160.67194938659668,34,0.7471003812902114,1625.6904296875,14.729323113358278,0,4,84,0.0,0.0,0.15,0.4,0.15,0.15,0.15
285,PartitionExploration,0,NOOP,0.248639,-0.076913,0.137405,0,91,296.028715466828,160.67194938659668,34,0.7471003812902114,1625.6904296875,14.729323113358278,0,4,84,0.0,0.0,0.15,0.4,0.15,0.15,0.15,86,269.2962018134241,184.26823616027832,35,0.7303963797433036,1636.087890625,15.829492189666855,0,5,85,0.0,0.0,0.15,0.45,0.15,0.15,0.1
286,PartitionExploration,0,NOOP,0.242826,-0.077342,0.134254,0,86,269.2962018134241,184.26823616027832,35,0.7303963797433036,1636.087890625,15.829492189666855,0,5,85,0.0,0.0,0.15,0.45,0.15,0.15,0.1,78,309.0675345409886,176.49006843566895,36,0.7143597073025174,1645.884765625,16.773061022469605,0,6,86,0.0,0.0,0.15,0.5,0.15,0.15,0.05
287,PartitionExploration,0,NOOP,0.236929,-0.077616,0.129352,0,78,309.0675345409886,176.49006843566895,36,0.7143597073025174,1645.884765625,16.773061022469605,0,6,86,0.0,0.0,0.15,0.5,0.15,0.15,0.05,50,180.54585119003548,241.72377586364746,37,0.6980842384132179,1653.0634765625,17.710602551666643,0,7,87,0.0,0.0,0.2,0.45,0.15,0.15,0.05
288,PartitionExploration,0,NOOP,0.231919,-0.078144,0.12734,0,50,180.54585119003548,241.72377586364746,37,0.6980842384132179,1653.0634765625,17.710602551666643,0,7,87,0.0,0.0,0.2,0.45,0.15,0.15,0.05,97,308.12675648861324,204.76078987121582,38,0.6843398244757402,1664.314453125,18.291836787659093,0,8,88,0.0,0.0,0.2,0.45,0.15,0.15,0.05
289,PartitionExploration,0,NOOP,0.226667,-0.078446,0.12462,0,97,308.12675648861324,204.76078987121582,38,0.6843398244757402,1664.314453125,18.291836787659093,0,8,88,0.0,0.0,0.2,0.45,0.15,0.15,0.05,56,164.36786667002568,192.2917366027832,39,0.6699066162109375,1672.0869140625,18.94897701430118,0,9,89,0.0,0.0,0.2,0.45,0.15,0.15,0.05
290,PartitionExploration,0,NOOP,0.221785,-0.078806,0.121618,0,56,164.36786667002568,192.2917366027832,39,0.6699066162109375,1672.0869140625,18.94897701430118,0,9,89,0.0,0.0,0.2,0.45,0.15,0.15,0.05,67,195.10503601917318,200.89149475097656,40,0.656528091430664,1680.7119140625,19.472592476202067,0,10,90,0.0,0.0,0.2,0.45,0.15,0.2,0.0
291,PartitionExploration,0,NOOP,0.217064,-0.079132,0.118533,0,67,195.10503601917318,200.89149475097656,40,0.656528091430664,1680.7119140625,19.472592476202067,0,10,90,0.0,0.0,0.2,0.45,0.15,0.2,0.0,61,222.89447530369452,217.01598167419434,41,0.6436108845036205,1688.8349609375,19.94299736938626,0,11,91,0.0,0.0,0.2,0.45,0.15,0.2,0.0
292,PartitionExploration,0,NOOP,0.212627,-0.079493,0.116077,0,61,222.89447530369452,217.01598167419434,41,0.6436108845036205,1688.8349609375,19.94299736938626,0,11,91,0.0,0.0,0.2,0.45,0.15,0.2,0.0,68,215.9050060181225,213.17291259765625,42,0.6315060570126488,1697.48828125,20.328056631210046,0,12,92,0.0,0.0,0.2,0.4,0.15,0.25,0.0
293,PartitionExploration,0,NOOP,0.203967,-0.08002,0.110755,0,68,215.9050060181225,213.17291259765625,42,0.6315060570126488,1697.48828125,20.328056631210046,0,12,92,0.0,0.0,0.2,0.4,0.15,0.25,0.0,100,297.78769858174155,228.28245162963867,44,0.6079066883433949,1711.865234375,21.04825094722347,0,13,93,0.0,0.0,0.2,0.45,0.1,0.25,0.0
294,PartitionExploration,0,NOOP,0.200312,-0.080469,0.108506,0,100,297.78769858174155,228.28245162963867,44,0.6079066883433949,1711.865234375,21.04825094722347,0,13,93,0.0,0.0,0.2,0.45,0.1,0.25,0.0,86,278.32486936768714,234.6663475036621,45,0.5980339898003473,1722.337890625,21.235011960583957,0,14,94,0.0,0.0,0.2,0.5,0.05,0.25,0.0
295,PartitionExploration,2,COMPACT_64KB,0.095331,-0.155987,0.156643,0,86,278.32486936768714,234.6663475036621,45,0.5980339898003473,1722.337890625,21.235011960583957,0,14,94,0.0,0.0,0.2,0.5,0.05,0.25,0.0,100,279.61020069944146,198.48942756652832,32,0.8263740539550781,1692.4140625,4.704722919494869,0,0,95,0.0,0.0,0.2,0.5,0.05,0.25,0.0
296,PartitionExploration,0,NOOP,0.267721,-0.081501,0.147791,0,100,279.61020069944146,198.48942756652832,32,0.8263740539550781,1692.4140625,4.704722919494869,0,0,95,0.0,0.0,0.2,0.5,0.05,0.25,0.0,100,280.1261745378821,206.92753791809082,34,0.7843448414522058,1706.734375,11.835007850193671,0,1,96,0.0,0.0,0.2,0.5,0.05,0.25,0.0
297,PartitionExploration,0,NOOP,0.261326,-0.081943,0.144877,0,100,280.1261745378821,206.92753791809082,34,0.7843448414522058,1706.734375,11.835007850193671,0,1,96,0.0,0.0,0.2,0.5,0.05,0.25,0.0,87,303.1669283723898,174.71742630004883,35,0.7666455950055804,1717.2861328125,13.4483163007325,0,2,97,0.0,0.0,0.15,0.55,0.05,0.25,0.0
298,PartitionExploration,0,NOOP,0.255199,-0.082358,0.140796,0,87,303.1669283723898,174.71742630004883,35,0.7666455950055804,1717.2861328125,13.4483163007325,0,2,97,0.0,0.0,0.15,0.55,0.05,0.25,0.0,82,231.36364205100813,199.11503791809082,36,0.7497122022840712,1727.3369140625,14.763853316980585,0,3,98,0.0,0.0,0.1,0.6,0.05,0.25,0.0
299,PartitionExploration,0,NOOP,0.249284,-0.082729,0.138025,0,82,231.36364205100813,199.11503791809082,36,0.7497122022840712,1727.3369140625,14.763853316980585,0,3,98,0.0,0.0,0.1,0.6,0.05,0.25,0.0,74,301.56261452692,172.5597381591797,37,0.7333827663112331,1736.650390625,15.88483610413736,0,4,99,0.0,0.0,0.1,0.65,0.05,0.2,0.0
300,PartitionExploration,4,PARTITION_HOUR,-0.131173,-0.233162,0.134896,0,74,301.56261452692,172.5597381591797,37,0.7333827663112331,1736.650390625,15.88483610413736,0,4,99,0.0,0.0,0.1,0.65,0.05,0.2,0.0,87,381.819830113697,172.57070541381836,38,0.7183633101613898,1747.0595703125,16.751717826397453,1,5,0,0.0,0.0,0.05,0.7,0.05,0.2,0.0
301,PartitionExploration,2,COMPACT_64KB,0.105855,-0.140986,0.163747,0,87,381.819830113697,172.57070541381836,38,0.7183633101613898,1747.0595703125,16.751717826397453,1,5,0,0.0,0.0,0.05,0.7,0.05,0.2,0.0,296,955.3098423891172,151.80015563964844,32,0.8564434051513672,1753.99609375,9.570007091920385,1,0,1,0.0,0.0,0.05,0.75,0.05,0.15,0.0
302,PartitionExploration,0,NOOP,0.263967,-0.065703,0.144003,0,296,955.3098423891172,151.80015563964844,32,0.8564434051513672,1753.99609375,9.570007091920385,1,0,1,0.0,0.0,0.05,0.75,0.05,0.15,0.0,226,781.6779454160427,276.3979434967041,36,0.7747628953721788,1785.0537109375,17.492373143017733,1,1,2,0.0,0.0,0.05,0.8,0.0,0.15,0.0
303,PartitionExploration,0,NOOP,0.235184,-0.065441,0.12956,0,226,781.6779454160427,276.3979434967041,36,0.7747628953721788,1785.0537109375,17.492373143017733,1,1,2,0.0,0.0,0.05,0.8,0.0,0.15,0.0,292,986.1639783560938,188.22240829467773,41,0.6953828392959223,1824.6845703125,21.40586122466404,1,2,3,0.0,0.0,0.05,0.8,0.0,0.15,0.0
304,PartitionExploration,0,NOOP,0.221067,0.317169,0.266833,0,292,986.1639783560938,188.22240829467773,41,0.6953828392959223,1824.6845703125,21.40586122466404,1,2,3,0.0,0.0,0.05,0.8,0.0,0.15,0.0,186,684.3206043392145,386.5487575531006,44,0.6567622098055753,1849.4423828125,22.620339372859736,1,3,4,0.75,0.0375,0.05,0.75,0.05,0.15,0.0
305,PartitionExploration,0,NOOP,0.20469,0.317246,0.25691,0,186,684.3206043392145,386.5487575531006,44,0.6567622098055753,1849.4423828125,22.620339372859736,1,3,4,0.75,0.0375,0.05,0.75,0.05,0.15,0.0,229,833.8424521070136,408.9045524597168,48,0.6122570037841797,1880.853515625,23.64898321680962,1,4,5,0.75,0.075,0.05,0.7,0.1,0.15,0.0
306,PartitionExploration,2,COMPACT_64KB,0.104245,-0.140235,0.162571,0,229,833.8424521070136,408.9045524597168,48,0.6122570037841797,1880.853515625,23.64898321680962,1,4,5,0.75,0.075,0.05,0.7,0.1,0.15,0.0,183,671.1021353872034,161.85307502746582,34,0.8529860552619485,1856.09765625,8.844702811864728,1,0,6,0.0,0.075,0.05,0.65,0.1,0.2,0.0
307,PartitionExploration,0,NOOP,0.270333,-0.06525,0.150105,0,183,671.1021353872034,161.85307502746582,34,0.8529860552619485,1856.09765625,8.844702811864728,1,0,6,0.0,0.075,0.05,0.65,0.1,0.2,0.0,167,600.6166679242954,170.3484058380127,37,0.793522190403294,1879.060546875,15.505257209986373,1,1,7,0.0,0.075,0.0,0.7,0.1,0.2,0.0
308,PartitionExploration,0,NOOP,0.241234,-0.065336,0.133608,0,167,600.6166679242954,170.3484058380127,37,0.793522190403294,1879.060546875,15.505257209986373,1,1,7,0.0,0.075,0.0,0.7,0.1,0.2,0.0,276,977.7444378189459,162.40906715393066,42,0.7132393973214286,1917.1875,20.278552752773813,1,2,8,0.0,0.075,0.0,0.7,0.1,0.15,0.05
309,PartitionExploration,0,NOOP,0.226836,-0.065426,0.124422,0,276,977.7444378189459,162.40906715393066,42,0.7132393973214286,1917.1875,20.278552752773813,1,2,8,0.0,0.075,0.0,0.7,0.1,0.15,0.05,172,653.3882016661203,202.12888717651367,45,0.6738179524739584,1940.595703125,21.778958042930118,1,3,9,0.0,0.075,0.0,0.7,0.1,0.15,0.05
310,PartitionExploration,0,NOOP,0.210455,-0.065601,0.113059,0,172,653.3882016661203,202.12888717651367,45,0.6738179524739584,1940.595703125,21.778958042930118,1,3,9,0.0,0.075,0.0,0.7,0.1,0.15,0.05,245,934.3175447449413,286.12613677978516,49,0.6293007986886161,1973.4873046875,22.978669093449447,1,4,10,0.0,0.075,0.0,0.75,0.1,0.1,0.05
311,PartitionExploration,2,COMPACT_64KB,0.103228,-0.140875,0.161639,0,245,934.3175447449413,286.12613677978516,49,0.6293007986886161,1973.4873046875,22.978669093449447,1,4,10,0.0,0.075,0.0,0.75,0.1,0.1,0.05,294,1015.2723057264428,175.94337463378906,36,0.8512229919433594,1961.2177734375,8.689757346895403,1,0,11,0.0,0.075,0.0,0.75,0.1,0.1,0.05
312,PartitionExploration,0,NOOP,0.264623,-0.066154,0.14647,0,294,1015.2723057264428,175.94337463378906,36,0.8512229919433594,1961.2177734375,8.689757346895403,1,0,11,0.0,0.075,0.0,0.75,0.1,0.1,0.05,246,880.5186378655889,184.8907470703125,40,0.7789215087890625,1994.0390625,16.291569329130542,1,1,12,0.0,0.075,0.0,0.8,0.1,0.05,0.05
313,PartitionExploration,0,NOOP,0.248082,0.402815,0.319249,0,246,880.5186378655889,184.8907470703125,40,0.7789215087890625,1994.0390625,16.291569329130542,1,1,12,0.0,0.075,0.0,0.8,0.1,0.05,0.05,180,648.3447076554469,259.3419551849365,43,0.733377501021984,2018.2548828125,19.037758876507883,1,2,13,0.92,0.121,0.05,0.75,0.1,0.05,0.05
314,PartitionExploration,0,NOOP,0.233304,-0.066594,0.127818,0,180,648.3447076554469,259.3419551849365,43,0.733377501021984,2018.2548828125,19.037758876507883,1,2,13,0.92,0.121,0.05,0.75,0.1,0.05,0.05,151,536.5609432304643,214.53046798706055,46,0.6928684400475543,2039.8046875,20.8987107484168,1,3,14,0.0,0.121,0.05,0.75,0.1,0.05,0.05
315,PartitionExploration,0,NOOP,0.220699,-0.066882,0.120369,0,151,536.5609432304643,214.53046798706055,46,0.6928684400475543,2039.8046875,20.8987107484168,1,3,14,0.0,0.121,0.05,0.75,0.1,0.05,0.05,193,718.7588097825701,223.69098663330078,49,0.6585674675143495,2065.267578125,22.020271372864546,1,4,15,0.0,0.121,0.05,0.7,0.1,0.1,0.05
316,PartitionExploration,0,NOOP,0.202125,0.315189,0.254185,0,193,718.7588097825701,223.69098663330078,49,0.6585674675143495,2065.267578125,22.020271372864546,1,4,15,0.0,0.121,0.05,0.7,0.1,0.1,0.05,265,911.5943317460603,460.127592086792,54,0.608358312536169,2102.486328125,23.286272727526715,1,5,16,0.75,0.1585,0.05,0.65,0.15,0.1,0.05
317,PartitionExploration,2,COMPACT_64KB,0.103805,-0.142733,0.161,0,265,911.5943317460603,460.127592086792,54,0.608358312536169,2102.486328125,23.286272727526715,1,5,16,0.75,0.1585,0.05,0.65,0.15,0.1,0.05,241,837.2883655011377,216.57228469848633,38,0.8540147480211759,2076.9638671875,8.325315141306591,1,0,17,0.0,0.1585,0.05,0.65,0.15,0.1,0.05
318,PartitionExploration,0,NOOP,0.260246,-0.068223,0.143671,0,241,837.2883655011377,216.57228469848633,38,0.8540147480211759,2076.9638671875,8.325315141306591,1,0,17,0.0,0.1585,0.05,0.65,0.15,0.1,0.05,263,878.605855450437,196.2909698486328,43,0.7681309899618459,2113.896484375,17.208703553576687,1,1,18,0.0,0.1585,0.05,0.65,0.15,0.1,0.05
319,PartitionExploration,0,NOOP,0.240283,0.313809,0.277107,0,263,878.605855450437,196.2909698486328,43,0.7681309899618459,2113.896484375,17.208703553576687,1,1,18,0.0,0.1585,0.05,0.65,0.15,0.1,0.05,238,828.0412923904379,415.4677391052246,47,0.7133808541805187,2145.849609375,20.130748662875273,1,2,19,0.75,0.196,0.05,0.6,0.2,0.1,0.05
320,PartitionExploration,0,NOOP,0.21927,-0.069253,0.120365,0,238,828.0412923904379,415.4677391052246,47,0.7133808541805187,2145.849609375,20.130748662875273,1,2,19,0.75,0.196,0.05,0.6,0.2,0.1,0.05,273,922.509798360978,187.48760223388672,52,0.6561989417442908,2183.830078125,22.223406439184405,1,3,20,0.0,0.196,0.05,0.55,0.2,0.1,0.1
321,PartitionExploration,0,NOOP,0.205203,-0.069765,0.110297,0,273,922.509798360978,187.48760223388672,52,0.6561989417442908,2183.830078125,22.223406439184405,1,3,20,0.0,0.196,0.05,0.55,0.2,0.1,0.1,239,838.7632367448473,272.6554870605469,56,0.618295397077288,2215.970703125,23.148487374265176,1,4,21,0.0,0.196,0.05,0.55,0.2,0.1,0.1
322,PartitionExploration,2,COMPACT_64KB,0.104735,-0.145409,0.16169,0,239,838.7632367448473,272.6554870605469,56,0.618295397077288,2215.970703125,23.148487374265176,1,4,21,0.0,0.196,0.05,0.55,0.2,0.1,0.1,290,906.5338656701623,208.85515213012695,40,0.8578144073486328,2196.0048828125,7.765866375247816,1,0,22,0.0,0.196,0.05,0.55,0.2,0.1,0.1
323,PartitionExploration,0,NOOP,0.273542,-0.070774,0.151053,0,290,906.5338656701623,208.85515213012695,40,0.8578144073486328,2196.0048828125,7.765866375247816,1,0,22,0.0,0.196,0.05,0.55,0.2,0.1,0.1,160,582.4168408189904,205.54208755493164,43,0.8061211164607558,2218.4453125,14.332250621189583,1,1,23,0.0,0.196,0.05,0.55,0.2,0.1,0.1
324,PartitionExploration,0,NOOP,0.252546,-0.078846,0.138839,0,160,582.4168408189904,205.54208755493164,43,0.8061211164607558,2218.4453125,14.332250621189583,1,1,23,0.0,0.196,0.05,0.55,0.2,0.1,0.1,246,886.540840384655,212.95523643493652,47,0.7484166571434508,2251.2373046875,18.367276007945314,1,2,24,0.0,0.1585,0.05,0.6,0.15,0.1,0.1
325,PartitionExploration,0,NOOP,0.239074,-0.079318,0.130889,0,246,886.540840384655,212.95523643493652,47,0.7484166571434508,2251.2373046875,18.367276007945314,1,2,24,0.0,0.1585,0.05,0.6,0.15,0.1,0.1,199,639.304110185005,222.395658493042,50,0.7116409301757812,2277.2509765625,20.131109599904928,1,3,25,0.0,0.121,0.05,0.65,0.1,0.1,0.1
326,PartitionExploration,0,NOOP,0.222989,-0.07237,0.121175,0,199,639.304110185005,222.395658493042,50,0.7116409301757812,2277.2509765625,20.131109599904928,1,3,25,0.0,0.121,0.05,0.65,0.1,0.1,0.1,229,813.102838296345,242.93160438537598,54,0.6679679022894965,2308.4970703125,21.775544870066486,1,4,26,0.0,0.121,0.05,0.7,0.1,0.05,0.1
327,PartitionExploration,0,NOOP,0.212299,-0.072778,0.114458,0,229,813.102838296345,242.93160438537598,54,0.6679679022894965,2308.4970703125,21.775544870066486,1,4,26,0.0,0.121,0.05,0.7,0.1,0.05,0.1,167,589.452007691628,267.6427364349365,57,0.6391392758018092,2331.580078125,22.60842677467337,1,5,27,0.0,0.121,0.05,0.65,0.1,0.1,0.1
328,PartitionExploration,2,COMPACT_64KB,0.104585,-0.148341,0.161737,0,167,589.452007691628,267.6427364349365,57,0.6391392758018092,2331.580078125,22.60842677467337,1,5,27,0.0,0.121,0.05,0.65,0.1,0.1,0.1,228,785.6857277832322,202.2256851196289,42,0.8585292271205357,2307.7265625,7.681951311649374,1,0,28,0.0,0.121,0.05,0.7,0.1,0.1,0.05
329,PartitionExploration,0,NOOP,0.263701,-0.074064,0.144825,0,228,785.6857277832322,202.2256851196289,42,0.8585292271205357,2307.7265625,7.681951311649374,1,0,28,0.0,0.121,0.05,0.7,0.1,0.1,0.05,289,1023.9411798495031,229.6128273010254,47,0.7802877223238032,2347.10546875,16.364714997891593,1,1,29,0.0,0.121,0.05,0.7,0.1,0.1,0.05
330,PartitionExploration,0,NOOP,0.244807,-0.074638,0.130474,0,289,1023.9411798495031,229.6128273010254,47,0.7802877223238032,2347.10546875,16.364714997891593,1,1,29,0.0,0.121,0.05,0.7,0.1,0.1,0.05,227,794.7776024788932,380.10406494140625,51,0.7285913205614277,2378.1220703125,19.431291575086586,1,2,30,0.0,0.121,0.05,0.7,0.1,0.1,0.05
331,PartitionExploration,0,NOOP,0.228459,-0.075188,0.122507,0,227,794.7776024788932,380.10406494140625,51,0.7285913205614277,2378.1220703125,19.431291575086586,1,2,30,0.0,0.121,0.05,0.7,0.1,0.1,0.05,216,797.6650909465502,319.3683624267578,55,0.68416748046875,2408.26953125,21.320837862065105,1,3,31,0.0,0.121,0.05,0.7,0.1,0.1,0.05
332,PartitionExploration,0,NOOP,0.211095,-0.075932,0.112245,0,216,797.6650909465502,319.3683624267578,55,0.68416748046875,2408.26953125,21.320837862065105,1,3,31,0.0,0.121,0.05,0.7,0.1,0.1,0.05,290,897.3474300494358,331.59494400024414,60,0.6374130249023438,2447.666015625,22.72037671195365,1,4,32,0.0,0.121,0.05,0.7,0.1,0.1,0.05
333,PartitionExploration,2,COMPACT_64KB,0.097484,-0.160564,0.155878,0,290,897.3474300494358,331.59494400024414,60,0.6374130249023438,2447.666015625,22.72037671195365,1,4,32,0.0,0.121,0.05,0.7,0.1,0.1,0.05,168,612.0651567202748,278.0649662017822,45,0.83995361328125,2419.06640625,8.83982509739334,1,0,33,0.0,0.075,0.0,0.75,0.1,0.1,0.05
334,PartitionExploration,0,NOOP,0.263809,-0.07699,0.1449,0,168,612.0651567202748,278.0649662017822,45,0.83995361328125,2419.06640625,8.83982509739334,1,0,33,0.0,0.075,0.0,0.75,0.1,0.1,0.05,242,830.4281793064968,228.1482219696045,49,0.7817413952885842,2451.541015625,15.199783973481004,1,1,34,0.0,0.075,0.0,0.75,0.1,0.1,0.05
335,PartitionExploration,0,NOOP,0.250136,-0.0775,0.136869,0,242,830.4281793064968,228.1482219696045,49,0.7817413952885842,2451.541015625,15.199783973481004,1,1,34,0.0,0.075,0.0,0.75,0.1,0.1,0.05,197,723.0286707834522,236.07492446899414,52,0.744389167198768,2477.3271484375,17.68088022244962,1,2,35,0.0,0.075,0.0,0.8,0.1,0.05,0.05
336,PartitionExploration,0,NOOP,0.233861,0.29688,0.267777,0,197,723.0286707834522,236.07492446899414,52,0.744389167198768,2477.3271484375,17.68088022244962,1,2,35,0.0,0.075,0.0,0.8,0.1,0.05,0.05,239,905.2492825291097,653.8877487182617,56,0.7001743316650391,2509.4248046875,19.89643597477085,1,3,36,0.75,0.075,0.0,0.8,0.1,0.05,0.05
337,PartitionExploration,0,NOOP,0.216382,0.303603,0.26057,0,239,905.2492825291097,653.8877487182617,56,0.7001743316650391,2509.4248046875,19.89643597477085,1,3,36,0.75,0.075,0.0,0.8,0.1,0.05,0.05,299,985.9368593183095,532.4206352233887,61,0.6530911805199795,2549.66796875,21.593317883767423,1,4,37,0.75,0.1125,0.0,0.75,0.15,0.05,0.05
338,PartitionExploration,2,COMPACT_64KB,0.097088,0.228068,0.302206,0,299,985.9368593183095,532.4206352233887,61,0.6530911805199795,2549.66796875,21.593317883767423,1,4,37,0.75,0.1125,0.0,0.75,0.15,0.05,0.05,206,673.7081218313692,424.8042106628418,47,0.8399651710023271,2526.615234375,8.722510724063643,1,0,38,0.75,0.15,0.0,0.7,0.2,0.05,0.05
339,PartitionExploration,0,NOOP,0.268948,-0.087388,0.147795,0,206,673.7081218313692,424.8042106628418,47,0.8399651710023271,2526.615234375,8.722510724063643,1,0,38,0.75,0.15,0.0,0.7,0.2,0.05,0.05,176,660.4275383647788,229.45499420166016,50,0.7969955444335938,2550.3857421875,13.868171072187899,1,1,39,0.0,0.1125,0.0,0.75,0.15,0.05,0.05
340,PartitionExploration,0,NOOP,0.246303,0.388623,0.317406,0,176,660.4275383647788,229.45499420166016,50,0.7969955444335938,2550.3857421875,13.868171072187899,1,1,39,0.0,0.1125,0.0,0.75,0.15,0.05,0.05,266,916.7983065666559,289.23654556274414,55,0.735151533647017,2587.7333984375,18.277812937444764,1,2,40,0.92,0.1585,0.05,0.75,0.15,0.05,0.0
341,PartitionExploration,0,NOOP,0.22722,-0.081251,0.120515,0,266,916.7983065666559,289.23654556274414,55,0.735151533647017,2587.7333984375,18.277812937444764,1,2,40,0.92,0.1585,0.05,0.75,0.15,0.05,0.0,261,916.6073665966122,372.11155891418457,60,0.6834861755371093,2624.5869140625,20.689942952378424,1,3,41,0.0,0.1585,0.05,0.75,0.15,0.05,0.0
342,PartitionExploration,0,NOOP,0.217322,-0.081713,0.117633,0,261,916.6073665966122,372.11155891418457,60,0.6834861755371093,2624.5869140625,20.689942952378424,1,3,41,0.0,0.1585,0.05,0.75,0.15,0.05,0.0,179,618.6375742314414,251.85704231262207,63,0.656920902312748,2648.705078125,21.589466531127584,1,4,42,0.0,0.1585,0.05,0.7,0.15,0.05,0.05
343,PartitionExploration,2,COMPACT_64KB,0.090578,0.311809,0.335282,0,179,618.6375742314414,251.85704231262207,63,0.656920902312748,2648.705078125,21.589466531127584,1,4,42,0.0,0.1585,0.05,0.7,0.15,0.05,0.05,264,554.7095647521533,303.6160469055176,50,0.8230807495117187,2633.8583984375,9.656681465278362,1,0,43,0.92,0.2045,0.1,0.65,0.15,0.05,0.05
344,PartitionExploration,0,NOOP,0.263663,-0.082849,0.144125,0,264,554.7095647521533,303.6160469055176,50,0.8230807495117187,2633.8583984375,9.656681465278362,1,0,43,0.92,0.2045,0.1,0.65,0.15,0.05,0.05,179,628.1125478542554,255.94663619995117,53,0.7836084905660378,2658.0,14.010034424144399,1,1,44,0.0,0.2045,0.1,0.65,0.15,0.05,0.05
345,PartitionExploration,0,NOOP,0.250877,-0.083349,0.138267,0,179,628.1125478542554,255.94663619995117,53,0.7836084905660378,2658.0,14.010034424144399,1,1,44,0.0,0.2045,0.1,0.65,0.15,0.05,0.05,196,693.1933011618661,192.49844551086426,56,0.7487912859235492,2683.66796875,16.579830144639306,1,2,45,0.0,0.2045,0.1,0.6,0.15,0.05,0.1
346,PartitionExploration,0,NOOP,0.235448,0.298572,0.272134,0,196,693.1933011618661,192.49844551086426,56,0.7487912859235492,2683.66796875,16.579830144639306,1,2,45,0.0,0.2045,0.1,0.6,0.15,0.05,0.1,228,812.5353668639304,504.2157173156738,60,0.70699462890625,2714.859375,18.924316464181885,1,3,46,0.75,0.242,0.1,0.55,0.2,0.05,0.1
347,PartitionExploration,0,NOOP,0.221652,-0.084441,0.118882,0,228,812.5353668639304,504.2157173156738,60,0.70699462890625,2714.859375,18.924316464181885,1,3,46,0.75,0.242,0.1,0.55,0.2,0.05,0.1,203,697.229169771582,303.8766384124756,64,0.6698622703552246,2743.755859375,20.529257690913614,1,4,47,0.0,0.242,0.1,0.6,0.2,0.0,0.1
348,PartitionExploration,0,NOOP,0.206744,-0.085154,0.109806,0,203,697.229169771582,303.8766384124756,64,0.6698622703552246,2743.755859375,20.529257690913614,1,4,47,0.0,0.242,0.1,0.6,0.2,0.0,0.1,284,908.8596328189258,325.47760009765625,69,0.6301258474156477,2782.6357421875,21.782174126346852,1,5,48,0.0,0.242,0.1,0.55,0.2,0.05,0.1
349,PartitionExploration,2,COMPACT_64KB,0.097747,-0.160873,0.156786,0,284,908.8596328189258,325.47760009765625,69,0.6301258474156477,2782.6357421875,21.782174126346852,1,5,48,0.0,0.242,0.1,0.55,0.2,0.05,0.1,288,939.3051335366489,242.8264617919922,51,0.8441344616459865,2755.2548828125,8.427928288930962,1,0,49,0.0,0.242,0.1,0.55,0.2,0.05,0.1
350,PartitionExploration,5,PARTITION_REGION,-0.104171,-0.236362,0.148286,0,288,939.3051335366489,242.8264617919922,51,0.8441344616459865,2755.2548828125,8.427928288930962,1,0,49,0.0,0.242,0.1,0.55,0.2,0.05,0.1,197,702.6017179892282,252.62713432312012,54,0.8046533090096933,2780.8818359375,13.326562361595453,2,1,0,0.0,0.242,0.1,0.5,0.2,0.1,0.1
351,PartitionExploration,2,COMPACT_64KB,0.090371,0.196428,0.286616,0,197,702.6017179892282,252.62713432312012,54,0.8046533090096933,2780.8818359375,13.326562361595453,2,1,0,0.0,0.242,0.1,0.5,0.2,0.1,0.1,219,592.3443796926176,240.0047779083252,53,0.8242032033092571,2795.697265625,14.848864048598454,2,0,1,0.67,0.27549999999999997,0.1,0.5,0.2,0.1,0.1
352,PartitionExploration,0,NOOP,0.21648,-0.069323,0.115266,0,219,592.3443796926176,240.0047779083252,53,0.8242032033092571,2795.697265625,14.848864048598454,2,0,1,0.67,0.27549999999999997,0.1,0.5,0.2,0.1,0.1,281,737.7848066083917,330.36112785339355,68,0.6573721941779641,2860.8837890625,24.083827515198536,2,1,2,0.0,0.27549999999999997,0.15,0.45,0.2,0.1,0.1
353,PartitionExploration,2,COMPACT_64KB,0.095478,0.198338,0.289871,0,281,737.7848066083917,330.36112785339355,68,0.6573721941779641,2860.8837890625,24.083827515198536,2,1,2,0.0,0.27549999999999997,0.15,0.45,0.2,0.1,0.1,295,731.1722621068749,225.52728652954102,53,0.8387929088664505,2845.185546875,12.98922844725132,2,0,3,0.67,0.309,0.15,0.45,0.2,0.1,0.1
354,PartitionExploration,0,NOOP,0.230708,-0.067686,0.126031,0,295,731.1722621068749,225.52728652954102,53,0.8387929088664505,2845.185546875,12.98922844725132,2,0,3,0.67,0.309,0.15,0.45,0.2,0.1,0.1,217,592.3664669037441,218.83559226989746,65,0.6963092510516827,2896.646484375,22.58766262541854,2,1,4,0.0,0.309,0.15,0.4,0.2,0.1,0.15
355,PartitionExploration,0,NOOP,0.193909,-0.067066,0.103955,0,217,592.3664669037441,218.83559226989746,65,0.6963092510516827,2896.646484375,22.58766262541854,2,1,4,0.0,0.309,0.15,0.4,0.2,0.1,0.15,205,637.7291229069506,258.2051753997803,77,0.5980248389306007,2947.06640625,25.433928672258386,2,2,5,0.0,0.309,0.15,0.35,0.2,0.1,0.2
356,PartitionExploration,2,COMPACT_64KB,0.096348,-0.148707,0.154065,0,205,637.7291229069506,258.2051753997803,77,0.5980248389306007,2947.06640625,25.433928672258386,2,2,5,0.0,0.309,0.15,0.35,0.2,0.1,0.2,278,776.0168352005835,323.78697395324707,54,0.8418508459020544,2909.4365234375,12.118380175773916,2,0,6,0.0,0.27149999999999996,0.15,0.35,0.15,0.1,0.25
357,PartitionExploration,0,NOOP,0.232141,0.26863,0.260505,0,278,776.0168352005835,323.78697395324707,54,0.8418508459020544,2909.4365234375,12.118380175773916,2,0,6,0.0,0.27149999999999996,0.15,0.35,0.15,0.1,0.25,217,584.1109174408485,233.14380645751953,66,0.7009746667110559,2960.9169921875,22.164280468831766,2,1,7,0.67,0.26749999999999996,0.15,0.4,0.1,0.1,0.25
358,PartitionExploration,0,NOOP,0.188069,-0.072274,0.100489,0,217,584.1109174408485,233.14380645751953,66,0.7009746667110559,2960.9169921875,22.164280468831766,2,1,7,0.67,0.26749999999999996,0.15,0.4,0.1,0.1,0.25,274,720.8226681318461,261.91186904907227,81,0.5836268295476466,3025.521484375,25.50484813339214,2,2,8,0.0,0.22999999999999998,0.15,0.4,0.05,0.1,0.3
359,PartitionExploration,2,COMPACT_64KB,0.09239,-0.139044,0.147663,0,274,720.8226681318461,261.91186904907227,81,0.5836268295476466,3025.521484375,25.50484813339214,2,2,8,0.0,0.22999999999999998,0.15,0.4,0.05,0.1,0.3,273,707.8788406327508,500.3087520599365,56,0.8316857474190849,2980.76171875,12.908734354489166,2,0,9,0.0,0.23000000000000004,0.15,0.35,0.1,0.1,0.3
360,PartitionExploration,0,NOOP,0.220211,0.269143,0.253305,0,273,707.8788406327508,500.3087520599365,56,0.8316857474190849,2980.76171875,12.908734354489166,2,0,9,0.0,0.23000000000000004,0.15,0.35,0.1,0.1,0.3,252,681.1673214340954,247.25675582885742,71,0.6697456467319542,3043.32421875,23.18950820986331,2,1,10,0.67,0.21749999999999997,0.1,0.4,0.1,0.1,0.3
361,PartitionExploration,2,COMPACT_64KB,0.101724,0.203941,0.292441,0,252,681.1673214340954,247.25675582885742,71,0.6697456467319542,3043.32421875,23.18950820986331,2,1,10,0.67,0.21749999999999997,0.1,0.4,0.1,0.1,0.3,235,602.5797806002925,267.44604110717773,55,0.8577842018821022,3019.400390625,9.396391261059684,2,0,11,0.67,0.251,0.1,0.4,0.1,0.1,0.3
362,PartitionExploration,0,NOOP,0.237279,-0.0622,0.129423,0,235,602.5797806002925,267.44604110717773,55,0.8577842018821022,3019.400390625,9.396391261059684,2,0,11,0.67,0.251,0.1,0.4,0.1,0.1,0.3,221,624.6697423663479,233.4270477294922,67,0.7162250120248368,3071.1728515625,21.313190364179196,2,1,12,0.0,0.251,0.1,0.4,0.1,0.1,0.3
363,PartitionExploration,0,NOOP,0.200509,-0.070798,0.10457,0,221,624.6697423663479,233.4270477294922,67,0.7162250120248368,3071.1728515625,21.313190364179196,2,1,12,0.0,0.251,0.1,0.4,0.1,0.1,0.3,239,583.9256863221382,392.5459384918213,79,0.6180244156076938,3124.7314453125,24.65372000506591,2,2,13,0.0,0.205,0.05,0.4,0.1,0.15,0.3
364,PartitionExploration,2,COMPACT_64KB,0.09694,0.205617,0.290734,0,239,583.9256863221382,392.5459384918213,79,0.6180244156076938,3124.7314453125,24.65372000506591,2,2,13,0.0,0.205,0.05,0.4,0.1,0.15,0.3,219,606.1056958797069,222.5172519683838,57,0.8452563369483278,3083.4951171875,11.3133003968677,2,0,14,0.67,0.23850000000000002,0.05,0.4,0.1,0.15,0.3
365,PartitionExploration,0,NOOP,0.245439,0.280975,0.267922,0,219,606.1056958797069,222.5172519683838,57,0.8452563369483278,3083.4951171875,11.3133003968677,2,0,14,0.67,0.23850000000000002,0.05,0.4,0.1,0.15,0.3,155,470.9103157138366,240.92459678649902,66,0.738969745058002,3121.408203125,20.19703361589797,2,1,15,0.67,0.27199999999999996,0.05,0.45,0.1,0.15,0.25
366,PartitionExploration,0,NOOP,0.198874,0.274094,0.238071,0,155,470.9103157138366,240.92459678649902,66,0.738969745058002,3121.408203125,20.19703361589797,2,1,15,0.67,0.27199999999999996,0.05,0.45,0.1,0.15,0.25,269,702.9053228080384,372.99561500549316,81,0.6144983739028742,3185.5595703125,24.78406227927078,2,2,16,0.67,0.268,0.05,0.5,0.05,0.15,0.25
367,PartitionExploration,2,COMPACT_64KB,0.091749,0.206942,0.287669,0,269,702.9053228080384,372.99561500549316,81,0.6144983739028742,3185.5595703125,24.78406227927078,2,2,16,0.67,0.268,0.05,0.5,0.05,0.15,0.25,161,273.9155638917193,225.82745552062988,59,0.8315685724807997,3140.0029296875,11.959930572663334,2,0,17,0.67,0.3015,0.05,0.5,0.05,0.15,0.25
368,PartitionExploration,0,NOOP,0.222138,0.282568,0.254227,0,161,273.9155638917193,225.82745552062988,59,0.8315685724807997,3140.0029296875,11.959930572663334,2,0,17,0.67,0.3015,0.05,0.5,0.05,0.15,0.25,292,713.2821104176713,253.54409217834473,74,0.6769646309517525,3206.1044921875,22.45357125148067,2,1,18,0.67,0.335,0.05,0.55,0.05,0.1,0.25
369,PartitionExploration,2,COMPACT_64KB,0.095697,-0.133689,0.149157,0,292,713.2821104176713,253.54409217834473,74,0.6769646309517525,3206.1044921875,22.45357125148067,2,1,18,0.67,0.335,0.05,0.55,0.05,0.1,0.25,204,546.344308048898,515.923023223877,59,0.842849472821769,3182.599609375,10.882583082769004,2,0,19,0.0,0.335,0.05,0.5,0.1,0.1,0.25
370,PartitionExploration,0,NOOP,0.235018,0.283494,0.261417,0,204,546.344308048898,515.923023223877,59,0.842849472821769,3182.599609375,10.882583082769004,2,0,19,0.0,0.335,0.05,0.5,0.1,0.1,0.25,234,671.1955723544332,262.2087001800537,71,0.7120501021264305,3235.5556640625,21.158717559849645,2,1,20,0.67,0.3685,0.05,0.55,0.1,0.05,0.25
371,PartitionExploration,0,NOOP,0.207748,0.277108,0.24608,0,234,671.1955723544332,262.2087001800537,71,0.7120501021264305,3235.5556640625,21.158717559849645,2,1,20,0.67,0.3685,0.05,0.55,0.1,0.05,0.25,151,489.7319008566095,247.55072593688965,80,0.6392786026000976,3273.1064453125,23.87503643653449,2,2,21,0.67,0.36850000000000005,0.05,0.55,0.1,0.05,0.25
372,PartitionExploration,2,COMPACT_64KB,0.090391,0.209141,0.2861,0,151,489.7319008566095,247.55072593688965,80,0.6392786026000976,3273.1064453125,23.87503643653449,2,2,21,0.67,0.36850000000000005,0.05,0.55,0.1,0.05,0.25,165,496.69223117434535,258.90612602233887,61,0.8288319071785348,3235.759765625,11.842434635070962,2,0,22,0.67,0.402,0.0,0.6,0.1,0.05,0.25
373,PartitionExploration,0,NOOP,0.222175,-0.063785,0.111824,0,165,496.69223117434535,258.90612602233887,61,0.8288319071785348,3235.759765625,11.842434635070962,2,0,22,0.67,0.402,0.0,0.6,0.1,0.05,0.25,257,716.3399161207961,613.6684417724609,76,0.6782146253083882,3298.8359375,22.254151664884734,2,1,23,0.0,0.36850000000000005,0.0,0.55,0.15,0.05,0.25
374,PartitionExploration,2,COMPACT_64KB,0.094229,-0.131614,0.147864,0,257,716.3399161207961,613.6684417724609,76,0.6782146253083882,3298.8359375,22.254151664884734,2,1,23,0.0,0.36850000000000005,0.0,0.55,0.15,0.05,0.25,245,697.4384925186541,534.4512462615967,61,0.8397974733446465,3278.5693359375,10.349264241244827,2,0,24,0.0,0.36850000000000005,0.0,0.55,0.2,0.05,0.2
375,PartitionExploration,0,NOOP,0.245116,0.285372,0.267208,0,245,697.4384925186541,534.4512462615967,61,0.8397974733446465,3278.5693359375,10.349264241244827,2,0,24,0.0,0.36850000000000005,0.0,0.55,0.2,0.05,0.2,157,384.1188664012954,261.8064880371094,70,0.7403326851981027,3316.6904296875,19.283265074646096,2,1,25,0.67,0.402,0.0,0.6,0.2,0.05,0.15
376,PartitionExploration,0,NOOP,0.216453,0.285661,0.250304,0,157,384.1188664012954,261.8064880371094,70,0.7403326851981027,3316.6904296875,19.283265074646096,2,1,25,0.67,0.402,0.0,0.6,0.2,0.05,0.15,162,505.9116192319863,280.1628112792969,79,0.6635792406299447,3355.056640625,22.78334642698019,2,2,26,0.67,0.43550000000000005,0.0,0.65,0.2,0.05,0.1
377,PartitionExploration,2,COMPACT_64KB,0.093983,-0.137263,0.152348,0,162,505.9116192319863,280.1628112792969,79,0.6635792406299447,3355.056640625,22.78334642698019,2,2,26,0.67,0.43550000000000005,0.0,0.65,0.2,0.05,0.1,272,700.5130735549029,335.79301834106445,62,0.8396645822832661,3331.7890625,10.74247898021014,2,0,27,0.0,0.402,0.05,0.6,0.2,0.05,0.1
378,PartitionExploration,0,NOOP,0.235121,0.286483,0.261922,0,272,700.5130735549029,335.79301834106445,62,0.8396645822832661,3331.7890625,10.74247898021014,2,0,27,0.0,0.402,0.05,0.6,0.2,0.05,0.1,202,563.149122789526,241.7283058166504,74,0.7140601905616554,3381.7890625,20.855278553779712,2,1,28,0.67,0.43550000000000005,0.05,0.65,0.2,0.05,0.05
379,PartitionExploration,0,NOOP,0.194021,0.286937,0.236931,0,202,563.149122789526,241.7283058166504,74,0.7140601905616554,3381.7890625,20.855278553779712,2,1,28,0.67,0.43550000000000005,0.05,0.65,0.2,0.05,0.05,285,794.393706396875,299.32379722595215,89,0.6052016354678722,3447.228515625,24.558293247351614,2,2,29,0.67,0.46900000000000003,0.05,0.7,0.15,0.05,0.05
380,PartitionExploration,2,COMPACT_64KB,0.094775,0.205605,0.289184,0,285,794.393706396875,299.32379722595215,89,0.6052016354678722,3447.228515625,24.558293247351614,2,2,29,0.67,0.46900000000000003,0.05,0.7,0.15,0.05,0.05,237,674.2677698597132,233.17480087280273,63,0.842499263702877,3396.95703125,10.03395981629927,2,0,30,0.67,0.46900000000000003,0.05,0.7,0.15,0.05,0.05
381,PartitionExploration,0,NOOP,0.236484,-0.060763,0.124431,0,237,674.2677698597132,233.17480087280273,63,0.842499263702877,3396.95703125,10.03395981629927,2,0,30,0.67,0.46900000000000003,0.05,0.7,0.15,0.05,0.05,222,665.4366251335504,424.2587089538574,75,0.718526611328125,3448.927734375,20.479554667886703,2,1,31,0.0,0.43550000000000005,0.1,0.65,0.15,0.05,0.05
382,PartitionExploration,0,NOOP,0.202577,0.28795,0.2425,0,222,665.4366251335504,424.2587089538574,75,0.718526611328125,3448.927734375,20.479554667886703,2,1,31,0.0,0.43550000000000005,0.1,0.65,0.15,0.05,0.05,207,544.8792364092558,271.1067199707031,87,0.6285053121632543,3499.517578125,23.891850772264746,2,2,32,0.67,0.46900000000000003,0.1,0.7,0.15,0.05,0.0
383,PartitionExploration,2,COMPACT_64KB,0.095264,0.213321,0.289479,0,207,544.8792364092558,271.1067199707031,87,0.6285053121632543,3499.517578125,23.891850772264746,2,2,32,0.67,0.46900000000000003,0.1,0.7,0.15,0.05,0.0,253,546.763660346249,232.04994201660156,64,0.8444674015045166,3458.9384765625,9.934716005203054,2,0,33,0.67,0.5025000000000001,0.1,0.75,0.15,0.0,0.0
384,PartitionExploration,0,NOOP,0.228177,-0.059718,0.119773,0,253,546.763660346249,232.04994201660156,64,0.8444674015045166,3458.9384765625,9.934716005203054,2,0,33,0.67,0.5025000000000001,0.1,0.75,0.15,0.0,0.0,284,755.1440424388117,418.60222816467285,79,0.6970763387559336,3524.41796875,21.55017955246064,2,1,34,0.0,0.46900000000000003,0.15,0.7,0.15,0.0,0.0
385,PartitionExploration,2,COMPACT_64KB,0.094575,0.207329,0.288331,0,284,755.1440424388117,418.60222816467285,79,0.6970763387559336,3524.41796875,21.55017955246064,2,1,34,0.0,0.46900000000000003,0.15,0.7,0.15,0.0,0.0,250,654.5896298293945,263.9272212982178,65,0.8430727445162259,3507.1826171875,10.251078939483289,2,0,35,0.67,0.46900000000000003,0.15,0.7,0.15,0.0,0.0
386,PartitionExploration,0,NOOP,0.237423,0.282634,0.262987,0,250,654.5896298293945,263.9272212982178,65,0.8430727445162259,3507.1826171875,10.251078939483289,2,0,35,0.67,0.46900000000000003,0.15,0.7,0.15,0.0,0.0,228,527.5912301801851,251.06453895568848,77,0.7223508760526582,3559.7451171875,20.400236478620293,2,1,36,0.67,0.46900000000000003,0.15,0.7,0.15,0.0,0.0
387,PartitionExploration,0,NOOP,0.197154,-0.058674,0.100536,0,228,527.5912301801851,251.06453895568848,77,0.7223508760526582,3559.7451171875,20.400236478620293,2,1,36,0.67,0.46900000000000003,0.15,0.7,0.15,0.0,0.0,295,764.1653233924868,477.3130416870117,92,0.615868444028108,3626.2333984375,24.26281694408764,2,2,37,0.0,0.43550000000000005,0.2,0.65,0.15,0.0,0.0
388,PartitionExploration,2,COMPACT_64KB,0.091469,-0.13331,0.150694,0,295,764.1653233924868,477.3130416870117,92,0.615868444028108,3626.2333984375,24.26281694408764,2,2,37,0.0,0.43550000000000005,0.2,0.65,0.15,0.0,0.0,275,587.398345208443,342.8182601928711,67,0.8353396743091185,3581.9365234375,10.688789146512136,2,0,38,0.0,0.402,0.25,0.6,0.15,0.0,0.0
389,PartitionExploration,0,NOOP,0.235814,-0.051342,0.122057,0,275,587.398345208443,342.8182601928711,67,0.8353396743091185,3581.9365234375,10.688789146512136,2,0,38,0.0,0.402,0.25,0.6,0.15,0.0,0.0,232,650.1237193162026,507.7362060546875,79,0.7188983386075949,3634.75,20.268746044284725,2,1,39,0.0,0.402,0.3,0.6,0.1,0.0,0.0
390,PartitionExploration,0,NOOP,0.210826,-0.057848,0.094063,0,232,650.1237193162026,507.7362060546875,79,0.7188983386075949,3634.75,20.268746044284725,2,1,39,0.0,0.402,0.3,0.6,0.1,0.0,0.0,189,556.2382203710343,1091.3922786712646,88,0.6526449376886542,3675.6962890625,22.97928159323006,2,2,40,0.0,0.36850000000000005,0.3,0.55,0.15,0.0,0.0
391,PartitionExploration,2,COMPACT_64KB,0.091606,0.209077,0.286572,0,189,556.2382203710343,1091.3922786712646,88,0.6526449376886542,3675.6962890625,22.97928159323006,2,2,40,0.0,0.36850000000000005,0.3,0.55,0.15,0.0,0.0,222,641.5054154882758,265.2478218078613,68,0.8363032621495864,3639.591796875,11.155376664689278,2,0,41,0.67,0.36850000000000005,0.3,0.55,0.15,0.0,0.0
392,PartitionExploration,0,NOOP,0.236337,-0.057398,0.116957,0,222,641.5054154882758,265.2478218078613,68,0.8363032621495864,3639.591796875,11.155376664689278,2,0,41,0.67,0.36850000000000005,0.3,0.55,0.15,0.0,0.0,221,558.488805716107,738.6484146118164,80,0.7209625244140625,3691.328125,20.453115673944517,2,1,42,0.0,0.3350000000000001,0.3,0.5,0.2,0.0,0.0
393,PartitionExploration,0,NOOP,0.211398,0.291173,0.24759,0,221,558.488805716107,738.6484146118164,80,0.7209625244140625,3691.328125,20.453115673944517,2,1,42,0.0,0.3350000000000001,0.3,0.5,0.2,0.0,0.0,164,346.1784142842548,268.10169219970703,89,0.6548516777124298,3730.03515625,23.16307137857331,2,2,43,0.67,0.36850000000000005,0.3,0.55,0.15,0.0,0.0
394,PartitionExploration,2,COMPACT_64KB,0.091751,0.216413,0.287337,0,164,346.1784142842548,268.10169219970703,89,0.6548516777124298,3730.03515625,23.16307137857331,2,2,43,0.67,0.36850000000000005,0.3,0.55,0.15,0.0,0.0,251,625.4338618303486,235.53109169006348,69,0.8372895613960598,3697.470703125,9.991032808605263,2,0,44,0.67,0.402,0.3,0.6,0.1,0.0,0.0
395,PartitionExploration,0,NOOP,0.246364,-0.056827,0.131442,0,251,625.4338618303486,235.53109169006348,69,0.8372895613960598,3697.470703125,9.991032808605263,2,0,44,0.67,0.402,0.3,0.6,0.1,0.0,0.0,165,499.1706409313195,364.37487602233887,78,0.7484694260817307,3736.359375,18.416150462226724,2,1,45,0.0,0.36850000000000005,0.3,0.55,0.1,0.05,0.0
396,PartitionExploration,0,NOOP,0.204989,0.285171,0.243078,0,165,499.1706409313195,364.37487602233887,78,0.7484694260817307,3736.359375,18.416150462226724,2,1,45,0.0,0.36850000000000005,0.3,0.55,0.1,0.05,0.0,289,747.8797991346179,302.66785621643066,93,0.6388251191826277,3802.287109375,23.296818961120497,2,2,46,0.67,0.36850000000000005,0.3,0.55,0.1,0.05,0.0
397,PartitionExploration,2,COMPACT_64KB,0.092495,0.21713,0.287616,0,289,747.8797991346179,302.66785621643066,93,0.6388251191826277,3802.287109375,23.296818961120497,2,2,46,0.67,0.36850000000000005,0.3,0.55,0.1,0.05,0.0,281,741.736129099658,241.34373664855957,70,0.839986310686384,3763.138671875,9.752512067596294,2,0,47,0.67,0.402,0.25,0.6,0.1,0.05,0.0
398,PartitionExploration,0,NOOP,0.238088,0.28564,0.262384,0,281,741.736129099658,241.34373664855957,70,0.839986310686384,3763.138671875,9.752512067596294,2,0,47,0.67,0.402,0.25,0.6,0.1,0.05,0.0,231,680.5706687458513,290.91382026672363,82,0.7271099555783156,3815.873046875,19.729951267792146,2,1,48,0.67,0.402,0.25,0.6,0.1,0.05,0.0
399,PartitionExploration,0,NOOP,0.21337,0.285747,0.247818,0,231,680.5706687458513,290.91382026672363,82,0.7271099555783156,3815.873046875,19.729951267792146,2,1,48,0.67,0.402,0.25,0.6,0.1,0.05,0.0,150,422.7430142597393,305.65881729125977,91,0.6616274655520261,3853.318359375,22.631815338759814,2,2,49,0.67,0.402,0.25,0.6,0.1,0.05,0.0
400,PartitionExploration,6,PARTITION_EVENT_TYPE,-0.188208,-0.205763,0.092178,0,150,422.7430142597393,305.65881729125977,91,0.6616274655520261,3853.318359375,22.631815338759814,2,2,49,0.67,0.402,0.25,0.6,0.1,0.05,0.0,231,627.5034966937171,576.7161846160889,103,0.5925498888330553,3906.0888671875,24.52878844638419,3,3,0,0.0,0.3685,0.25,0.55,0.1,0.1,0.0
401,PartitionExploration,2,COMPACT_64KB,0.090003,0.211843,0.284871,0,231,627.5034966937171,576.7161846160889,103,0.5925498888330553,3906.0888671875,24.52878844638419,3,3,0,0.0,0.3685,0.25,0.55,0.1,0.1,0.0,248,692.2095153676102,297.0402240753174,72,0.8340074751112196,3843.1064453125,13.145035644666788,3,0,1,0.67,0.402,0.2,0.55,0.1,0.15,0.0
402,PartitionExploration,0,NOOP,0.246069,-0.061132,0.123943,0,248,692.2095153676102,297.0402240753174,72,0.8340074751112196,3843.1064453125,13.145035644666788,3,0,1,0.67,0.402,0.2,0.55,0.1,0.15,0.0,196,594.441154862931,677.1407127380371,81,0.7493385974271798,3884.5712890625,19.784249842201007,3,1,2,0.0,0.36850000000000005,0.2,0.5,0.15,0.15,0.0
403,PartitionExploration,0,NOOP,0.220381,-0.060786,0.115073,0,196,594.441154862931,677.1407127380371,81,0.7493385974271798,3884.5712890625,19.784249842201007,3,1,2,0.0,0.36850000000000005,0.2,0.5,0.15,0.15,0.0,161,509.8660739094193,424.04961585998535,90,0.6810882568359375,3923.068359375,22.926140753635757,3,2,3,0.0,0.3350000000000001,0.25,0.45,0.15,0.15,0.0
404,PartitionExploration,2,COMPACT_64KB,0.094255,-0.128499,0.144616,0,161,509.8660739094193,424.04961585998535,90,0.6810882568359375,3923.068359375,22.926140753635757,3,2,3,0.0,0.3350000000000001,0.25,0.45,0.15,0.15,0.0,292,784.3249660426368,669.2564487457275,72,0.8461574978298612,3899.09375,11.077848767851332,3,0,4,0.0,0.335,0.2,0.45,0.2,0.15,0.0
405,PartitionExploration,0,NOOP,0.240466,0.281954,0.263194,0,292,784.3249660426368,669.2564487457275,72,0.8461574978298612,3899.09375,11.077848767851332,3,0,4,0.0,0.335,0.2,0.45,0.2,0.15,0.0,230,632.0108072553267,313.50183486938477,84,0.735047113327753,3951.61328125,20.304682994961034,3,1,5,0.67,0.3350000000000001,0.2,0.4,0.2,0.2,0.0
406,PartitionExploration,0,NOOP,0.216127,0.28228,0.247573,0,230,632.0108072553267,313.50183486938477,84,0.735047113327753,3951.61328125,20.304682994961034,3,1,5,0.67,0.3350000000000001,0.2,0.4,0.2,0.2,0.0,182,570.407993567844,382.7672004699707,93,0.6706478980279738,3991.6962890625,23.075435273302823,3,2,6,0.67,0.3350000000000001,0.2,0.35,0.2,0.25,0.0
407,PartitionExploration,2,COMPACT_64KB,0.098425,0.214363,0.289411,0,182,570.407993567844,382.7672004699707,93,0.6706478980279738,3991.6962890625,23.075435273302823,3,2,6,0.67,0.3350000000000001,0.2,0.35,0.2,0.25,0.0,222,625.1795118669468,308.7191581726074,72,0.8580727047390408,3953.9990234375,10.26441959926538,3,0,7,0.67,0.36850000000000005,0.15,0.35,0.2,0.3,0.0
408,PartitionExploration,0,NOOP,0.238265,-0.051831,0.118688,0,222,625.1795118669468,308.7191581726074,72,0.8580727047390408,3953.9990234375,10.26441959926538,3,0,7,0.67,0.36850000000000005,0.15,0.35,0.2,0.3,0.0,293,776.8000439937473,708.9271545410156,86,0.7299004488213118,4017.3720703125,20.939718494821705,3,1,8,0.0,0.3685,0.1,0.35,0.25,0.3,0.0
409,PartitionExploration,0,NOOP,0.214572,0.290178,0.247429,0,293,776.8000439937473,708.9271545410156,86,0.7299004488213118,4017.3720703125,20.939718494821705,3,1,8,0.0,0.3685,0.1,0.35,0.25,0.3,0.0,181,523.2595492560893,349.9603271484375,95,0.6673490825452303,4057.482421875,23.482797422802424,3,2,9,0.67,0.402,0.05,0.35,0.25,0.35,0.0
410,PartitionExploration,2,COMPACT_64KB,0.094993,-0.126119,0.144923,0,181,523.2595492560893,349.9603271484375,95,0.6673490825452303,4057.482421875,23.482797422802424,3,2,9,0.67,0.402,0.05,0.35,0.25,0.35,0.0,257,656.8271589140627,673.2094287872314,74,0.8494075053447002,4022.7939453125,10.967711860784709,3,0,10,0.0,0.402,0.05,0.35,0.25,0.35,0.0
411,PartitionExploration,0,NOOP,0.250932,-0.057583,0.12635,0,257,656.8271589140627,673.2094287872314,74,0.8494075053447002,4022.7939453125,10.967711860784709,3,0,10,0.0,0.402,0.05,0.35,0.25,0.35,0.0,153,475.3815676894164,692.1699047088623,83,0.7643758015460279,4060.3642578125,18.80794076082269,3,1,11,0.0,0.36850000000000005,0.05,0.3,0.3,0.35,0.0
412,PartitionExploration,0,NOOP,0.217817,-0.050514,0.115794,0,153,475.3815676894164,692.1699047088623,83,0.7643758015460279,4060.3642578125,18.80794076082269,3,1,11,0.0,0.36850000000000005,0.05,0.3,0.3,0.35,0.0,241,663.9569162174394,328.078031539917,95,0.676620162160773,4113.8505859375,23.007262523511905,3,2,12,0.0,0.36850000000000005,0.05,0.3,0.25,0.35,0.05
413,PartitionExploration,2,COMPACT_64KB,0.094472,-0.131995,0.149139,0,241,663.9569162174394,328.078031539917,95,0.676620162160773,4113.8505859375,23.007262523511905,3,2,12,0.0,0.36850000000000005,0.05,0.3,0.25,0.35,0.05,150,413.4673735388231,479.33125495910645,75,0.848492431640625,4072.763671875,10.58579448672969,3,0,13,0.0,0.3350000000000001,0.05,0.25,0.25,0.35,0.1
414,PartitionExploration,0,NOOP,0.250923,-0.056751,0.124811,0,150,413.4673735388231,479.33125495910645,75,0.848492431640625,4072.763671875,10.58579448672969,3,0,13,0.0,0.3350000000000001,0.05,0.25,0.25,0.35,0.1,173,516.892405054274,757.4427127838135,84,0.7649240039643788,4112.2314453125,18.476457388671033,3,1,14,0.0,0.3015,0.05,0.2,0.3,0.35,0.1
415,PartitionExploration,0,NOOP,0.211023,-0.049631,0.111515,0,173,516.892405054274,757.4427127838135,84,0.7649240039643788,4112.2314453125,18.476457388671033,3,1,14,0.0,0.3015,0.05,0.2,0.3,0.35,0.1,295,716.9455464964211,343.2202339172363,99,0.659494111032197,4178.5546875,23.387419939969064,3,2,15,0.0,0.3015,0.05,0.2,0.3,0.3,0.15
416,PartitionExploration,2,COMPACT_64KB,0.090768,-0.131072,0.152321,0,295,716.9455464964211,343.2202339172363,99,0.659494111032197,4178.5546875,23.387419939969064,3,2,15,0.0,0.3015,0.05,0.2,0.3,0.3,0.15,187,559.5609093834116,251.31869316101074,77,0.8390526709618507,4134.8515625,11.204639207389079,3,0,16,0.0,0.268,0.05,0.15,0.3,0.3,0.2
417,PartitionExploration,0,NOOP,0.239376,-0.055817,0.127205,0,187,559.5609093834116,251.31869316101074,77,0.8390526709618507,4134.8515625,11.204639207389079,3,0,16,0.0,0.268,0.05,0.15,0.3,0.3,0.2,210,587.0006317826668,369.7788715362549,89,0.7347897304577774,4185.3623046875,19.94103752901232,3,1,17,0.0,0.23450000000000001,0.05,0.1,0.3,0.3,0.25
418,PartitionExploration,0,NOOP,0.216099,0.286094,0.248538,0,210,587.0006317826668,369.7788715362549,89,0.7347897304577774,4185.3623046875,19.94103752901232,3,1,17,0.0,0.23450000000000001,0.05,0.1,0.3,0.3,0.25,162,474.0897263165239,338.4687900543213,98,0.6734265697245695,4223.7314453125,22.693038148602906,3,2,18,0.67,0.23450000000000001,0.05,0.05,0.3,0.35,0.25
419,PartitionExploration,2,COMPACT_64KB,0.090419,0.211318,0.283657,0,162,474.0897263165239,338.4687900543213,98,0.6734265697245695,4223.7314453125,22.693038148602906,3,2,18,0.67,0.23450000000000001,0.05,0.05,0.3,0.35,0.25,185,552.665113019299,356.49681091308594,78,0.8386248075045072,4186.4150390625,10.934955659077254,3,0,19,0.67,0.23450000000000001,0.05,0.0,0.3,0.4,0.25
420,PartitionExploration,0,NOOP,0.231277,-0.048405,0.123522,0,185,552.665113019299,356.49681091308594,78,0.8386248075045072,4186.4150390625,10.934955659077254,3,0,19,0.67,0.23450000000000001,0.05,0.0,0.3,0.4,0.25,260,665.0946027951172,327.40306854248047,93,0.7139333089192709,4249.3310546875,20.85958702742873,3,1,20,0.0,0.23450000000000001,0.05,0.05,0.3,0.35,0.25
421,PartitionExploration,2,COMPACT_64KB,0.092867,-0.129935,0.153146,0,260,665.0946027951172,327.40306854248047,93,0.7139333089192709,4249.3310546875,20.85958702742873,3,1,20,0.0,0.23450000000000001,0.05,0.05,0.3,0.35,0.25,158,483.5052501940733,266.9086456298828,78,0.8456188104091547,4221.3291015625,11.57457371022689,3,0,21,0.0,0.201,0.05,0.05,0.3,0.3,0.3
422,PartitionExploration,0,NOOP,0.250327,-0.04808,0.133651,0,158,483.5052501940733,266.9086456298828,78,0.8456188104091547,4221.3291015625,11.57457371022689,3,0,21,0.0,0.201,0.05,0.05,0.3,0.3,0.3,156,447.70222129774584,362.5781536102295,87,0.7649329174524067,4259.146484375,18.812976872068155,3,1,22,0.0,0.201,0.05,0.1,0.25,0.3,0.3
423,PartitionExploration,0,NOOP,0.22563,-0.047906,0.108524,0,156,447.70222129774584,362.5781536102295,87,0.7649329174524067,4259.146484375,18.812976872068155,3,1,22,0.0,0.201,0.05,0.1,0.25,0.3,0.3,165,519.8874676694915,830.5439949035645,96,0.6995150248209635,4297.8203125,22.175963911724985,3,2,23,0.0,0.201,0.0,0.1,0.3,0.3,0.3
424,PartitionExploration,2,COMPACT_64KB,0.092703,-0.122622,0.151939,0,165,519.8874676694915,830.5439949035645,96,0.6995150248209635,4297.8203125,22.175963911724985,3,2,23,0.0,0.201,0.0,0.1,0.3,0.3,0.3,276,696.036191085468,314.18561935424805,79,0.8457226330720926,4275.9736328125,10.87704351765591,3,0,24,0.0,0.201,0.0,0.15,0.25,0.3,0.3
425,PartitionExploration,0,NOOP,0.233757,0.28761,0.258965,0,276,696.036191085468,314.18561935424805,79,0.8457226330720926,4275.9736328125,10.87704351765591,3,0,24,0.0,0.201,0.0,0.15,0.25,0.3,0.3,285,723.8534413382043,325.8686065673828,94,0.7215907320063165,4341.08984375,20.870236300648877,3,1,25,0.67,0.201,0.0,0.15,0.25,0.3,0.3
426,PartitionExploration,2,COMPACT_64KB,0.095655,-0.128918,0.142712,0,285,723.8534413382043,325.8686065673828,94,0.7215907320063165,4341.08984375,20.870236300648877,3,1,25,0.67,0.201,0.0,0.15,0.25,0.3,0.3,210,596.3602682797032,781.914472579956,79,0.8541570735883109,4318.6181640625,9.95225824540482,3,0,26,0.0,0.1675,0.0,0.15,0.3,0.25,0.3
427,PartitionExploration,0,NOOP,0.253254,-0.053748,0.133812,0,210,596.3602682797032,781.914472579956,79,0.8541570735883109,4318.6181640625,9.95225824540482,3,0,26,0.0,0.1675,0.0,0.15,0.3,0.25,0.3,178,560.3654617509308,426.9261360168457,88,0.7738682140003551,4358.42578125,17.983432134119713,3,1,27,0.0,0.134,0.05,0.15,0.3,0.2,0.3
428,PartitionExploration,0,NOOP,0.221286,-0.046874,0.11487,0,178,560.3654617509308,426.9261360168457,88,0.7738682140003551,4358.42578125,17.983432134119713,3,1,27,0.0,0.134,0.05,0.15,0.3,0.2,0.3,243,651.8476010181762,450.3166675567627,100,0.6893879699707032,4412.0830078125,22.383740062739236,3,2,28,0.0,0.134,0.1,0.15,0.25,0.2,0.3
429,PartitionExploration,2,COMPACT_64KB,0.092393,-0.128361,0.152888,0,243,651.8476010181762,450.3166675567627,100,0.6893879699707032,4412.0830078125,22.383740062739236,3,2,28,0.0,0.134,0.1,0.15,0.25,0.2,0.3,294,758.9075648559976,265.00844955444336,81,0.8459802321445795,4385.5615234375,10.880026144144422,3,0,29,0.0,0.1005,0.1,0.15,0.25,0.15,0.35
430,PartitionExploration,0,NOOP,0.234335,-0.046488,0.124184,0,294,758.9075648559976,265.00844955444336,81,0.8459802321445795,4385.5615234375,10.880026144144422,3,0,29,0.0,0.1005,0.1,0.15,0.25,0.15,0.35,284,749.0389031875499,372.53880500793457,96,0.7243843078613281,4450.6171875,20.747940311033396,3,1,30,0.0,0.1005,0.1,0.2,0.2,0.15,0.35
431,PartitionExploration,2,COMPACT_64KB,0.091776,-0.121351,0.142124,0,284,749.0389031875499,372.53880500793457,96,0.7243843078613281,4450.6171875,20.747940311033396,3,1,30,0.0,0.1005,0.1,0.2,0.2,0.15,0.35,240,675.5880564559969,710.7300758361816,82,0.8447894584841844,4433.455078125,10.985507442545076,3,0,31,0.0,0.1005,0.1,0.2,0.2,0.15,0.35
432,PartitionExploration,0,NOOP,0.234218,-0.046247,0.125463,0,240,675.5880564559969,710.7300758361816,82,0.8447894584841844,4433.455078125,10.985507442545076,3,0,31,0.0,0.1005,0.1,0.2,0.2,0.15,0.35,283,738.5909459161793,314.4247531890869,97,0.7246241618677512,4498.466796875,20.710108763799276,3,1,32,0.0,0.1005,0.1,0.2,0.2,0.15,0.35
433,PartitionExploration,2,COMPACT_64KB,0.090946,0.220522,0.284879,0,283,738.5909459161793,314.4247531890869,97,0.7246241618677512,4498.466796875,20.710108763799276,3,1,32,0.0,0.1005,0.1,0.2,0.2,0.15,0.35,197,618.6705960750841,314.746618270874,83,0.8429879797510353,4477.9521484375,10.692723695759938,3,0,33,0.67,0.134,0.1,0.2,0.2,0.2,0.3
434,PartitionExploration,0,NOOP,0.241773,-0.04609,0.130176,0,197,618.6705960750841,314.746618270874,83,0.8429879797510353,4477.9521484375,10.692723695759938,3,0,33,0.67,0.134,0.1,0.2,0.2,0.2,0.3,229,632.580456632312,298.3970642089844,95,0.7450659500925164,4530.0009765625,19.353727519739287,3,1,34,0.0,0.134,0.1,0.2,0.15,0.2,0.35
435,PartitionExploration,0,NOOP,0.20649,-0.045966,0.104342,0,229,632.580456632312,298.3970642089844,95,0.7450659500925164,4530.0009765625,19.353727519739287,3,1,34,0.0,0.134,0.1,0.2,0.15,0.2,0.35,291,776.503067414408,534.6107482910156,110,0.6528295343572443,4595.919921875,23.366855561199984,3,2,35,0.0,0.134,0.15,0.2,0.15,0.2,0.3
436,PartitionExploration,2,COMPACT_64KB,0.08845,-0.120862,0.149746,0,291,776.503067414408,534.6107482910156,110,0.6528295343572443,4595.919921875,23.366855561199984,3,2,35,0.0,0.134,0.15,0.2,0.15,0.2,0.3,289,738.1374722244043,301.2659549713135,85,0.8370013068704044,4553.287109375,11.376550151224656,3,0,36,0.0,0.134,0.15,0.2,0.15,0.2,0.3
437,PartitionExploration,0,NOOP,0.232597,0.295954,0.256494,0,289,738.1374722244043,301.2659549713135,85,0.8370013068704044,4553.287109375,11.376550151224656,3,0,36,0.0,0.134,0.15,0.2,0.15,0.2,0.3,287,781.6809730059676,400.59757232666016,100,0.7217060852050782,4618.9189453125,20.53588096950588,3,1,37,0.67,0.1675,0.15,0.2,0.15,0.25,0.25
438,PartitionExploration,2,COMPACT_64KB,0.09445,-0.127402,0.15066,0,287,781.6809730059676,400.59757232666016,100,0.7217060852050782,4618.9189453125,20.53588096950588,3,1,37,0.67,0.1675,0.15,0.2,0.15,0.25,0.25,160,451.70743724552744,409.48987007141113,84,0.8535721188499814,4588.8037109375,9.299890806577558,3,0,38,0.0,0.134,0.2,0.2,0.15,0.2,0.25
439,PartitionExploration,0,NOOP,0.253544,0.289332,0.267807,0,160,451.70743724552744,409.48987007141113,84,0.8535721188499814,4588.8037109375,9.299890806577558,3,0,38,0.0,0.134,0.2,0.2,0.15,0.2,0.25,171,479.5310660956005,431.957483291626,93,0.7775534352948589,4627.998046875,17.365294252824583,3,1,39,0.67,0.134,0.2,0.2,0.15,0.2,0.25
440,PartitionExploration,0,NOOP,0.215984,0.296058,0.24742,0,171,479.5310660956005,431.957483291626,93,0.7775534352948589,4627.998046875,17.365294252824583,3,1,39,0.67,0.134,0.2,0.2,0.15,0.2,0.25,271,698.3553177985757,378.9634704589844,108,0.6788116737648293,4691.9462890625,22.571937068977537,3,2,40,0.67,0.1675,0.2,0.15,0.15,0.25,0.25
441,PartitionExploration,2,COMPACT_64KB,0.091375,-0.12059,0.151878,0,271,698.3553177985757,378.9634704589844,108,0.6788116737648293,4691.9462890625,22.571937068977537,3,2,40,0.67,0.1675,0.2,0.15,0.15,0.25,0.25,273,740.8839219624306,281.04114532470703,86,0.845927216285883,4655.9833984375,10.258270747286558,3,0,41,0.0,0.1675,0.2,0.15,0.15,0.25,0.25
442,PartitionExploration,0,NOOP,0.25121,-0.045584,0.133666,0,273,740.8839219624306,281.04114532470703,86,0.845927216285883,4655.9833984375,10.258270747286558,3,0,41,0.0,0.1675,0.2,0.15,0.15,0.25,0.25,158,413.65932874460924,379.93717193603516,95,0.7720295153166118,4693.939453125,17.645133972873086,3,1,42,0.0,0.1675,0.2,0.15,0.15,0.25,0.25
443,PartitionExploration,0,NOOP,0.214625,-0.045579,0.100978,0,158,413.65932874460924,379.93717193603516,95,0.7720295153166118,4693.939453125,17.645133972873086,3,1,42,0.0,0.1675,0.2,0.15,0.15,0.25,0.25,290,728.7095647506172,877.9964447021484,110,0.6760713057084518,4759.5419921875,22.58050090691186,3,2,43,0.0,0.1675,0.2,0.15,0.15,0.25,0.25
444,PartitionExploration,2,COMPACT_64KB,0.088508,0.221142,0.283687,0,290,728.7095647506172,877.9964447021484,110,0.6760713057084518,4759.5419921875,22.58050090691186,3,2,43,0.0,0.1675,0.2,0.15,0.15,0.25,0.25,284,717.145976770676,303.7986755371094,88,0.838880018754439,4724.572265625,11.274374492392397,3,0,44,0.67,0.201,0.2,0.1,0.15,0.3,0.25
445,PartitionExploration,0,NOOP,0.249076,-0.052234,0.134086,0,284,717.145976770676,303.7986755371094,88,0.838880018754439,4724.572265625,11.274374492392397,3,0,44,0.67,0.201,0.2,0.1,0.15,0.3,0.25,152,465.263100741024,308.75635147094727,97,0.7670741130396262,4761.99609375,17.998990357003052,3,1,45,0.0,0.1675,0.2,0.1,0.15,0.25,0.3
446,PartitionExploration,0,NOOP,0.213288,-0.045543,0.11272,0,152,465.263100741024,308.75635147094727,97,0.7670741130396262,4761.99609375,17.998990357003052,3,1,45,0.0,0.1675,0.2,0.1,0.15,0.25,0.3,281,620.9917136081343,341.1085605621338,112,0.6733939307076591,4826.8876953125,22.693601542741526,3,2,46,0.0,0.1675,0.2,0.1,0.1,0.25,0.35
447,PartitionExploration,2,COMPACT_64KB,0.088842,0.22121,0.283388,0,281,620.9917136081343,341.1085605621338,112,0.6733939307076591,4826.8876953125,22.693601542741526,3,2,46,0.0,0.1675,0.2,0.1,0.1,0.25,0.35,243,706.304089944263,324.34558868408203,89,0.8404059249363588,4786.9521484375,10.893780699922159,3,0,47,0.67,0.201,0.15,0.1,0.1,0.3,0.35
448,PartitionExploration,0,NOOP,0.249856,0.296209,0.268088,0,243,706.304089944263,324.34558868408203,89,0.8404059249363588,4786.9521484375,10.893780699922159,3,0,47,0.67,0.201,0.15,0.1,0.1,0.3,0.35,199,572.2761598707716,327.27956771850586,98,0.7698741056481186,4828.650390625,17.648313186535923,3,1,48,0.67,0.23450000000000001,0.1,0.1,0.1,0.35,0.35
449,PartitionExploration,0,NOOP,0.214209,-0.045503,0.112072,0,199,572.2761598707716,327.27956771850586,98,0.7698741056481186,4828.650390625,17.648313186535923,3,1,48,0.67,0.23450000000000001,0.1,0.1,0.1,0.35,0.35,278,720.8748502320244,390.9578323364258,113,0.6765968525304203,4893.1484375,22.469889224807545,3,2,49,0.0,0.23450000000000001,0.1,0.1,0.1,0.35,0.35
450,PartitionExploration,7,REMOVE_PARTITION,0.071629,-0.095507,0.097953,0,278,720.8748502320244,390.9578323364258,113,0.6765968525304203,4893.1484375,22.469889224807545,3,2,49,0.0,0.23450000000000001,0.1,0.1,0.1,0.35,0.35,154,457.8983188303057,561.3820552825928,122,0.6315113755523182,4930.8408203125,23.934200139027226,0,3,0,0.0,0.23450000000000001,0.15,0.05,0.1,0.35,0.35
451,PartitionExploration,2,COMPACT_64KB,0.093219,-0.120358,0.152312,0,154,457.8983188303057,561.3820552825928,122,0.6315113755523182,4930.8408203125,23.934200139027226,0,3,0,0.0,0.23450000000000001,0.15,0.05,0.1,0.35,0.35,201,555.6013902966572,306.22005462646484,89,0.8529107597436798,4858.1796875,8.751225233679834,0,0,1,0.0,0.23450000000000001,0.15,0.05,0.05,0.35,0.4
452,PartitionExploration,0,NOOP,0.271923,-0.0454,0.144099,0,201,555.6013902966572,306.22005462646484,89,0.8529107597436798,4858.1796875,8.751225233679834,0,0,1,0.0,0.23450000000000001,0.15,0.05,0.05,0.35,0.4,197,645.9898677807938,441.4060115814209,92,0.8294933153235394,4884.056640625,11.892324179546387,0,1,2,0.0,0.23450000000000001,0.2,0.05,0.05,0.35,0.35
453,PartitionExploration,0,NOOP,0.263386,-0.052139,0.142467,0,197,645.9898677807938,441.4060115814209,92,0.8294933153235394,4884.056640625,11.892324179546387,0,1,2,0.0,0.23450000000000001,0.2,0.05,0.05,0.35,0.35,150,517.6487237440462,300.9016513824463,95,0.8068158601459704,4905.4404296875,14.219647291134901,0,2,3,0.0,0.201,0.2,0.05,0.05,0.3,0.4
454,PartitionExploration,0,NOOP,0.247745,-0.045535,0.130808,0,150,517.6487237440462,300.9016513824463,95,0.8068158601459704,4905.4404296875,14.219647291134901,0,2,3,0.0,0.201,0.2,0.05,0.05,0.3,0.4,300,933.1818438016358,414.792537689209,101,0.765556259910659,4948.5556640625,17.36588477125173,0,3,4,0.0,0.201,0.2,0.05,0.05,0.35,0.35
455,PartitionExploration,0,NOOP,0.236058,-0.045641,0.125763,0,300,933.1818438016358,414.792537689209,101,0.765556259910659,4948.5556640625,17.36588477125173,0,3,4,0.0,0.201,0.2,0.05,0.05,0.35,0.35,272,877.5153512212981,342.5016403198242,106,0.7350217711250737,4986.3876953125,19.10734033541083,0,4,5,0.0,0.201,0.15,0.05,0.05,0.35,0.4
456,PartitionExploration,2,COMPACT_64KB,0.095576,-0.120716,0.150738,0,272,877.5153512212981,342.5016403198242,106,0.7350217711250737,4986.3876953125,19.10734033541083,0,4,5,0.0,0.201,0.15,0.05,0.05,0.35,0.4,168,425.24204123014533,430.938720703125,90,0.86021728515625,4954.8515625,7.939120456496353,0,0,6,0.0,0.201,0.2,0.05,0.05,0.35,0.35
457,PartitionExploration,0,NOOP,0.271168,-0.052517,0.147134,0,168,425.24204123014533,430.938720703125,90,0.86021728515625,4954.8515625,7.939120456496353,0,0,6,0.0,0.201,0.2,0.05,0.05,0.35,0.35,207,665.1591478629539,291.95094108581543,94,0.8284813089573637,4984.1435546875,12.415234652976773,0,1,7,0.0,0.1675,0.2,0.05,0.05,0.3,0.4
458,PartitionExploration,0,NOOP,0.257752,-0.04598,0.137694,0,207,665.1591478629539,291.95094108581543,94,0.8284813089573637,4984.1435546875,12.415234652976773,0,1,7,0.0,0.1675,0.2,0.05,0.05,0.3,0.4,299,933.7998218918186,365.63730239868164,99,0.7930043538411459,5024.4755859375,15.626335502381584,0,2,8,0.0,0.1675,0.15,0.05,0.05,0.35,0.4
459,PartitionExploration,0,NOOP,0.247722,-0.052803,0.120357,0,299,933.7998218918186,365.63730239868164,99,0.7930043538411459,5024.4755859375,15.626335502381584,0,2,8,0.0,0.1675,0.15,0.05,0.05,0.35,0.4,206,673.382061623471,861.1822128295898,103,0.7666331170832069,5053.6455078125,17.487109275029447,0,3,9,0.0,0.134,0.15,0.05,0.1,0.3,0.4
460,PartitionExploration,0,NOOP,0.240684,-0.052905,0.126869,0,206,673.382061623471,861.1822128295898,103,0.7666331170832069,5053.6455078125,17.487109275029447,0,3,9,0.0,0.134,0.15,0.05,0.1,0.3,0.4,160,547.2150271002821,408.3998203277588,106,0.7482391933225235,5076.0546875,18.576734429124382,0,4,10,0.0,0.1005,0.15,0.1,0.1,0.25,0.4
461,PartitionExploration,2,COMPACT_64KB,0.094751,-0.121379,0.149838,0,160,547.2150271002821,408.3998203277588,106,0.7482391933225235,5076.0546875,18.576734429124382,0,4,10,0.0,0.1005,0.15,0.1,0.1,0.25,0.4,255,864.449173536018,448.4119415283203,92,0.8590023206627887,5057.8056640625,7.9564200633010325,0,0,11,0.0,0.1005,0.2,0.1,0.1,0.25,0.35
462,PartitionExploration,0,NOOP,0.273641,-0.046522,0.146112,0,255,864.449173536018,448.4119415283203,92,0.8590023206627887,5057.8056640625,7.9564200633010325,0,0,11,0.0,0.1005,0.2,0.1,0.1,0.25,0.35,196,702.298798610239,395.83444595336914,95,0.8361167506167763,5083.58984375,11.303657052059627,0,1,12,0.0,0.1005,0.2,0.1,0.1,0.25,0.35
463,PartitionExploration,0,NOOP,0.262803,-0.046707,0.129021,0,196,702.298798610239,395.83444595336914,95,0.8361167506167763,5083.58984375,11.303657052059627,0,1,12,0.0,0.1005,0.2,0.1,0.1,0.25,0.35,242,760.0265726599915,861.0527515411377,99,0.8074360857106219,5115.9150390625,14.261650505836526,0,2,13,0.0,0.1005,0.2,0.1,0.1,0.25,0.35
464,PartitionExploration,0,NOOP,0.255196,-0.053554,0.133517,0,242,760.0265726599915,861.0527515411377,99,0.8074360857106219,5115.9150390625,14.261650505836526,0,2,13,0.0,0.1005,0.2,0.1,0.1,0.25,0.35,182,637.9841340416071,480.68857192993164,102,0.7874161963369332,5140.2529296875,15.876541818747704,0,3,14,0.0,0.067,0.2,0.1,0.1,0.25,0.35
465,PartitionExploration,0,NOOP,0.248026,-0.047014,0.131079,0,182,637.9841340416071,480.68857192993164,102,0.7874161963369332,5140.2529296875,15.876541818747704,0,3,14,0.0,0.067,0.2,0.1,0.1,0.25,0.35,190,621.6740593966721,408.2190990447998,105,0.768645513625372,5165.2978515625,17.156148387955422,0,4,15,0.0,0.067,0.2,0.1,0.1,0.3,0.3
466,PartitionExploration,0,NOOP,0.238868,-0.047204,0.121242,0,190,621.6740593966721,408.2190990447998,105,0.768645513625372,5165.2978515625,17.156148387955422,0,4,15,0.0,0.067,0.2,0.1,0.1,0.3,0.3,217,754.1968198515245,603.6982536315918,109,0.7447651154404387,5195.4814453125,18.582672867067682,0,5,16,0.0,0.067,0.25,0.1,0.1,0.3,0.25
467,PartitionExploration,2,COMPACT_64KB,0.094401,-0.129076,0.149023,0,217,754.1968198515245,603.6982536315918,109,0.7447651154404387,5195.4814453125,18.582672867067682,0,5,16,0.0,0.067,0.25,0.1,0.1,0.3,0.25,190,650.1608518720365,473.80566596984863,94,0.8591443325610871,5168.6123046875,7.906324192887408,0,0,17,0.0,0.0335,0.3,0.1,0.1,0.25,0.25
468,PartitionExploration,0,NOOP,0.267841,-0.054343,0.13275,0,190,650.1608518720365,473.80566596984863,94,0.8591443325610871,5168.6123046875,7.906324192887408,0,0,17,0.0,0.0335,0.3,0.1,0.1,0.25,0.25,282,956.659509745798,824.6405124664307,99,0.8218320596097696,5207.1279296875,12.946859543122473,0,1,18,0.0,0.0,0.3,0.1,0.15,0.2,0.25
469,PartitionExploration,0,NOOP,0.254981,-0.047906,0.134559,0,282,956.659509745798,824.6405124664307,99,0.8218320596097696,5207.1279296875,12.946859543122473,0,1,18,0.0,0.0,0.3,0.1,0.15,0.2,0.25,267,792.1444518087246,429.87608909606934,104,0.7879453805776743,5244.564453125,15.92222408274361,0,2,19,0.0,0.0,0.3,0.1,0.15,0.25,0.2
470,PartitionExploration,0,NOOP,0.243179,-0.048174,0.130019,0,267,792.1444518087246,429.87608909606934,104,0.7879453805776743,5244.564453125,15.92222408274361,0,2,19,0.0,0.0,0.3,0.1,0.15,0.25,0.2,261,627.231462605497,333.10651779174805,109,0.7570823179472477,5281.40625,17.99122813499812,0,3,20,0.0,0.0,0.25,0.1,0.15,0.25,0.25
471,PartitionExploration,2,COMPACT_64KB,0.09307,-0.123386,0.151366,0,261,627.231462605497,333.10651779174805,109,0.7570823179472477,5281.40625,17.99122813499812,0,3,20,0.0,0.0,0.25,0.1,0.15,0.25,0.25,201,690.1807565949706,339.89429473876953,96,0.8564848899841309,5262.2431640625,7.966361535529848,0,0,21,0.0,0.0,0.25,0.1,0.15,0.25,0.25
472,PartitionExploration,0,NOOP,0.266755,-0.048677,0.140093,0,201,690.1807565949706,339.89429473876953,96,0.8564848899841309,5262.2431640625,7.966361535529848,0,0,21,0.0,0.0,0.25,0.1,0.15,0.25,0.25,268,869.9713655722823,482.4061393737793,101,0.8198727145053373,5299.6572265625,12.913612462852706,0,1,22,0.0,0.0,0.25,0.1,0.15,0.25,0.25
473,PartitionExploration,0,NOOP,0.259107,-0.048868,0.135874,0,268,869.9713655722823,482.4061393737793,101,0.8198727145053373,5299.6572265625,12.913612462852706,0,1,22,0.0,0.0,0.25,0.1,0.15,0.25,0.25,171,601.7152996428598,474.5678901672363,104,0.7997347024770883,5323.0341796875,14.777369194559517,0,2,23,0.0,0.0,0.3,0.1,0.15,0.25,0.2
474,PartitionExploration,0,NOOP,0.247249,-0.0492,0.117019,0,171,601.7152996428598,474.5678901672363,104,0.7997347024770883,5323.0341796875,14.777369194559517,0,2,23,0.0,0.0,0.3,0.1,0.15,0.25,0.2,291,920.9750632323025,989.9132251739502,109,0.768710775112887,5362.5263671875,17.059331720419998,0,3,24,0.0,0.0,0.3,0.1,0.2,0.2,0.2
475,PartitionExploration,0,NOOP,0.23837,-0.04945,0.126915,0,291,920.9750632323025,989.9132251739502,109,0.768710775112887,5362.5263671875,17.059331720419998,0,3,24,0.0,0.0,0.3,0.1,0.2,0.2,0.2,214,714.6977607097442,346.53687477111816,113,0.7456276142491703,5392.37890625,18.45619148679126,0,4,25,0.0,0.0,0.3,0.1,0.2,0.2,0.2
476,PartitionExploration,2,COMPACT_64KB,0.092338,-0.124675,0.151418,0,214,714.6977607097442,346.53687477111816,113,0.7456276142491703,5392.37890625,18.45619148679126,0,4,25,0.0,0.0,0.3,0.1,0.2,0.2,0.2,189,657.2018603725719,318.82405281066895,98,0.8555366360411352,5365.92578125,7.840532081400289,0,0,26,0.0,0.0,0.25,0.1,0.2,0.2,0.25
477,PartitionExploration,0,NOOP,0.266291,-0.050001,0.141725,0,189,657.2018603725719,318.82405281066895,98,0.8555366360411352,5365.92578125,7.840532081400289,0,0,26,0.0,0.0,0.25,0.1,0.2,0.2,0.25,268,893.8755017780916,400.1636505126953,103,0.8196873340791869,5403.37890625,12.753356105768345,0,1,27,0.0,0.0,0.25,0.1,0.2,0.25,0.2
478,PartitionExploration,0,NOOP,0.25401,-0.050362,0.135091,0,268,893.8755017780916,400.1636505126953,103,0.8196873340791869,5403.37890625,12.753356105768345,0,1,27,0.0,0.0,0.25,0.1,0.2,0.25,0.2,291,910.9810741962859,381.44826889038086,108,0.7874559473108362,5442.8955078125,15.605246713641101,0,2,28,0.0,0.0,0.25,0.15,0.2,0.2,0.2
479,PartitionExploration,0,NOOP,0.247157,-0.050591,0.130203,0,291,910.9810741962859,381.44826889038086,108,0.7874559473108362,5442.8955078125,15.605246713641101,0,2,28,0.0,0.0,0.25,0.15,0.2,0.2,0.2,181,613.585941907399,421.7410087585449,111,0.76959228515625,5467.18359375,16.86311743072666,0,3,29,0.0,0.0,0.25,0.15,0.15,0.2,0.25
480,PartitionExploration,0,NOOP,0.240522,-0.050789,0.128114,0,181,613.585941907399,421.7410087585449,111,0.76959228515625,5467.18359375,16.86311743072666,0,3,29,0.0,0.0,0.25,0.15,0.15,0.2,0.25,155,535.035746293899,347.37157821655273,114,0.7523485150253564,5489.134765625,17.952093892684562,0,4,30,0.0,0.0,0.25,0.1,0.15,0.2,0.3
481,PartitionExploration,2,COMPACT_64KB,0.094295,-0.126002,0.152364,0,155,535.035746293899,347.37157821655273,114,0.7523485150253564,5489.134765625,17.952093892684562,0,4,30,0.0,0.0,0.25,0.1,0.15,0.2,0.3,165,565.5555610035941,325.77061653137207,99,0.8617009634923454,5459.7373046875,7.537151611750268,0,0,31,0.0,0.0,0.2,0.1,0.15,0.2,0.35
482,PartitionExploration,0,NOOP,0.270833,-0.05127,0.144275,0,165,565.5555610035941,325.77061653137207,99,0.8617009634923454,5459.7373046875,7.537151611750268,0,0,31,0.0,0.0,0.2,0.1,0.15,0.2,0.35,205,661.5478930976327,402.13847160339355,103,0.8326666378280492,5488.9384765625,11.869206339995541,0,1,32,0.0,0.0,0.2,0.1,0.15,0.2,0.35
483,PartitionExploration,0,NOOP,0.263159,-0.051486,0.141624,0,205,661.5478930976327,402.13847160339355,103,0.8326666378280492,5488.9384765625,11.869206339995541,0,1,32,0.0,0.0,0.2,0.1,0.15,0.2,0.35,164,572.9355563347962,326.4179229736328,106,0.8124545115344929,5511.69140625,13.958923406310081,0,2,33,0.0,0.0,0.2,0.1,0.1,0.2,0.4
484,PartitionExploration,0,NOOP,0.255977,-0.051737,0.135288,0,164,572.9355563347962,326.4179229736328,106,0.8124545115344929,5511.69140625,13.958923406310081,0,2,33,0.0,0.0,0.2,0.1,0.1,0.2,0.4,188,643.0935464665824,420.72582244873047,109,0.7936482560743979,5536.490234375,15.527357205633711,0,3,34,0.0,0.0,0.2,0.1,0.1,0.15,0.45
485,PartitionExploration,0,NOOP,0.24459,-0.052098,0.126494,0,188,643.0935464665824,420.72582244873047,109,0.7936482560743979,5536.490234375,15.527357205633711,0,3,34,0.0,0.0,0.2,0.1,0.1,0.15,0.45,268,858.8718737082426,516.4315700531006,114,0.7639718306692023,5573.9384765625,17.600173225872375,0,4,35,0.0,0.0,0.25,0.1,0.1,0.1,0.45
486,PartitionExploration,2,COMPACT_64KB,0.093442,-0.127497,0.147488,0,268,858.8718737082426,516.4315700531006,114,0.7639718306692023,5573.9384765625,17.600173225872375,0,4,35,0.0,0.0,0.25,0.1,0.1,0.1,0.45,292,966.8804007929334,512.9468441009521,101,0.8604067056485922,5561.6689453125,7.511533662934898,0,0,36,0.0,0.0,0.25,0.1,0.1,0.1,0.45
487,PartitionExploration,0,NOOP,0.270217,-0.05279,0.132886,0,292,966.8804007929334,512.9468441009521,101,0.8604067056485922,5561.6689453125,7.511533662934898,0,0,36,0.0,0.0,0.25,0.1,0.1,0.1,0.45,212,676.9925257624035,874.2389678955078,105,0.8320494152250744,5591.3720703125,11.756686042539513,0,1,37,0.0,0.0,0.2,0.1,0.15,0.1,0.45
488,PartitionExploration,0,NOOP,0.260247,-0.053094,0.12169,0,212,676.9925257624035,874.2389678955078,105,0.8320494152250744,5591.3720703125,11.756686042539513,0,1,37,0.0,0.0,0.2,0.1,0.15,0.1,0.45,218,718.4967707816838,1108.0524921417236,109,0.8058494077909977,5621.60546875,14.407984933872546,0,2,38,0.0,0.0,0.2,0.1,0.15,0.1,0.45
489,PartitionExploration,0,NOOP,0.250911,-0.053394,0.131991,0,218,718.4967707816838,1108.0524921417236,109,0.8058494077909977,5621.60546875,14.407984933872546,0,2,38,0.0,0.0,0.2,0.1,0.15,0.1,0.45,213,526.4376202828215,436.1093044281006,113,0.7814588968732715,5651.5107421875,16.345306579771123,0,3,39,0.0,0.0,0.2,0.15,0.15,0.05,0.45
490,PartitionExploration,0,NOOP,0.244317,-0.053629,0.127669,0,213,526.4376202828215,436.1093044281006,113,0.7814588968732715,5651.5107421875,16.345306579771123,0,3,39,0.0,0.0,0.2,0.15,0.15,0.05,0.45,166,547.8656110993517,458.4980010986328,116,0.7643341853700835,5674.4169921875,17.488202261590505,0,4,40,0.0,0.0,0.2,0.15,0.15,0.05,0.45
491,PartitionExploration,2,COMPACT_64KB,0.091925,-0.128852,0.148948,0,166,547.8656110993517,458.4980010986328,116,0.7643341853700835,5674.4169921875,17.488202261590505,0,4,40,0.0,0.0,0.2,0.15,0.15,0.05,0.45,157,494.3484326625968,412.2607707977295,103,0.8572141776964503,5650.755859375,7.877788823078642,0,0,41,0.0,0.0,0.2,0.2,0.15,0.05,0.4
492,PartitionExploration,0,NOOP,0.269039,-0.05419,0.140866,0,157,494.3484326625968,412.2607707977295,103,0.8572141776964503,5650.755859375,7.877788823078642,0,0,41,0.0,0.0,0.2,0.2,0.15,0.05,0.4,236,689.3083447016148,502.47883796691895,107,0.8298262836777162,5682.650390625,11.814324714250025,0,1,42,0.0,0.0,0.2,0.2,0.15,0.05,0.4
493,PartitionExploration,0,NOOP,0.259382,-0.054542,0.124688,0,236,689.3083447016148,502.47883796691895,107,0.8298262836777162,5682.650390625,11.814324714250025,0,1,42,0.0,0.0,0.2,0.2,0.15,0.05,0.4,244,782.9582245370884,957.484245300293,111,0.8045196533203125,5715.3076171875,14.32867015029583,0,2,43,0.0,0.0,0.15,0.2,0.2,0.05,0.4
494,PartitionExploration,0,NOOP,0.250204,-0.054851,0.131608,0,244,782.9582245370884,957.484245300293,111,0.8045196533203125,5715.3076171875,14.32867015029583,0,2,43,0.0,0.0,0.15,0.2,0.2,0.05,0.4,213,699.0446498504316,434.2916011810303,115,0.7805836553158967,5745.095703125,16.24191987531069,0,3,44,0.0,0.0,0.15,0.25,0.15,0.05,0.4
495,PartitionExploration,0,NOOP,0.24167,-0.055192,0.123484,0,213,699.0446498504316,434.2916011810303,115,0.7805836553158967,5745.095703125,16.24191987531069,0,3,44,0.0,0.0,0.15,0.25,0.15,0.05,0.4,234,740.2935597960749,571.6185569763184,119,0.7584859383206407,5776.62890625,17.68751667614988,0,4,45,0.0,0.0,0.2,0.25,0.15,0.05,0.35
496,PartitionExploration,2,COMPACT_64KB,0.088555,-0.130575,0.144863,0,234,740.2935597960749,571.6185569763184,119,0.7584859383206407,5776.62890625,17.68751667614988,0,4,45,0.0,0.0,0.2,0.25,0.15,0.05,0.35,261,808.1075101335166,503.4177303314209,106,0.8492990169885024,5761.64453125,8.380425192077565,0,0,46,0.0,0.0,0.25,0.25,0.15,0.05,0.3
497,PartitionExploration,0,NOOP,0.265886,-0.055875,0.140128,0,261,808.1075101335166,503.4177303314209,106,0.8492990169885024,5761.64453125,8.380425192077565,0,0,46,0.0,0.0,0.25,0.25,0.15,0.05,0.3,203,645.5554281797697,455.5187225341797,110,0.822532098943537,5790.6259765625,12.088676022290894,0,1,47,0.0,0.0,0.25,0.3,0.15,0.0,0.3
498,PartitionExploration,0,NOOP,0.258716,-0.056107,0.124666,0,203,645.5554281797697,455.5187225341797,110,0.822532098943537,5790.6259765625,12.088676022290894,0,1,47,0.0,0.0,0.25,0.3,0.15,0.0,0.3,157,496.6784515835118,941.1947727203369,113,0.8037586043366288,5812.7822265625,13.986669138284363,0,2,48,0.0,0.0,0.25,0.25,0.2,0.0,0.3
499,PartitionExploration,0,NOOP,0.24973,-0.056435,0.116483,0,157,496.6784515835118,941.1947727203369,113,0.8037586043366288,5812.7822265625,13.986669138284363,0,2,48,0.0,0.0,0.25,0.25,0.2,0.0,0.3,221,732.2521729994304,1069.9822902679443,117,0.7803703373313969,5843.4130859375,15.89725542351675,0,3,49,0.0,0.0,0.25,0.25,0.25,0.0,0.25
500,PartitionExploration,0,NOOP,0.243338,-0.056681,0.127023,0,221,732.2521729994304,1069.9822902679443,117,0.7803703373313969,5843.4130859375,15.89725542351675,0,3,49,0.0,0.0,0.25,0.25,0.25,0.0,0.25,165,543.6454859744588,460.3233337402344,120,0.763821792602539,5866.1513671875,17.043056562219952,0,4,50,0.0,0.0,0.25,0.3,0.25,0.0,0.2
501,PartitionExploration,0,NOOP,0.241323,-0.056781,0.111743,0,165,543.6454859744588,460.3233337402344,120,0.763821792602539,5866.1513671875,17.043056562219952,0,4,50,0.0,0.0,0.25,0.3,0.25,0.0,0.2,67,266.9800243591473,1065.4277801513672,121,0.7586376095606275,5874.8896484375,17.359875645948986,0,5,51,0.0,0.0,0.25,0.3,0.3,0.0,0.15
502,PartitionExploration,2,COMPACT_64KB,0.089621,-0.131884,0.14741,0,67,266.9800243591473,1065.4277801513672,121,0.7586376095606275,5874.8896484375,17.359875645948986,0,5,51,0.0,0.0,0.25,0.3,0.3,0.0,0.15,69,237.65576876174802,419.933557510376,107,0.8529182505384784,5840.7841796875,7.807788671226789,0,0,52,0.0,0.0,0.25,0.3,0.3,0.0,0.15
503,PartitionExploration,0,NOOP,0.274595,-0.056983,0.141468,0,69,237.65576876174802,419.933557510376,107,0.8529182505384784,5840.7841796875,7.807788671226789,0,0,52,0.0,0.0,0.25,0.3,0.3,0.0,0.15,66,245.22639746078093,612.2913360595703,108,0.8462726451732494,5849.4365234375,8.940279710750909,0,1,53,0.0,0.0,0.3,0.3,0.3,0.0,0.1
504,PartitionExploration,0,NOOP,0.272129,-0.057087,0.144849,0,66,245.22639746078093,612.2913360595703,108,0.8462726451732494,5849.4365234375,8.940279710750909,0,1,53,0.0,0.0,0.3,0.3,0.3,0.0,0.1,70,244.01986060343123,406.5086841583252,109,0.8397983935994839,5858.43359375,9.89456805385029,0,2,54,0.0,0.0,0.3,0.3,0.3,0.05,0.05
505,PartitionExploration,0,NOOP,0.269665,-0.057179,0.139658,0,70,244.01986060343123,406.5086841583252,109,0.8397983935994839,5858.43359375,9.89456805385029,0,2,54,0.0,0.0,0.3,0.3,0.3,0.05,0.05,61,203.75097474580159,568.166971206665,110,0.8333274147727273,5866.625,10.76433200189405,0,3,55,0.0,0.0,0.3,0.3,0.3,0.05,0.05
506,PartitionExploration,0,NOOP,0.267294,-0.057288,0.128764,0,61,203.75097474580159,568.166971206665,110,0.8333274147727273,5866.625,10.76433200189405,0,3,55,0.0,0.0,0.3,0.3,0.3,0.05,0.05,73,272.2949118597582,976.5594005584717,111,0.8271261679159628,5875.904296875,11.502237996887443,0,4,56,0.0,0.0,0.25,0.3,0.35,0.05,0.05
507,PartitionExploration,0,NOOP,0.264915,-0.057381,0.14159,0,73,272.2949118597582,976.5594005584717,111,0.8271261679159628,5875.904296875,11.502237996887443,0,4,56,0.0,0.0,0.25,0.3,0.35,0.05,0.05,62,195.25631258808414,368.15524101257324,112,0.8209005083356585,5884.21484375,12.202059982194754,0,5,57,0.0,0.0,0.25,0.3,0.3,0.05,0.1
508,PartitionExploration,0,NOOP,0.262502,-0.05745,0.138511,0,62,195.25631258808414,368.15524101257324,112,0.8209005083356585,5884.21484375,12.202059982194754,0,5,57,0.0,0.0,0.25,0.3,0.3,0.05,0.1,46,183.34239316872828,440.5786991119385,113,0.8145784361172567,5891.03125,12.886437663858946,0,6,58,0.0,0.0,0.25,0.35,0.25,0.05,0.1
509,PartitionExploration,0,NOOP,0.26009,-0.057506,0.136874,0,46,183.34239316872828,440.5786991119385,113,0.8145784361172567,5891.03125,12.886437663858946,0,6,58,0.0,0.0,0.25,0.35,0.25,0.05,0.1,37,126.91946107833404,451.1854648590088,114,0.808258056640625,5897.05078125,13.536758087967042,0,7,59,0.0,0.0,0.25,0.35,0.25,0.05,0.1
510,PartitionExploration,0,NOOP,0.2578,-0.057592,0.135502,0,37,126.91946107833404,451.1854648590088,114,0.808258056640625,5897.05078125,13.536758087967042,0,7,59,0.0,0.0,0.25,0.35,0.25,0.05,0.1,57,206.79915057414095,453.458309173584,115,0.8022868280825408,5904.8310546875,14.086575791560815,0,8,60,0.0,0.0,0.25,0.35,0.25,0.1,0.05
511,PartitionExploration,0,NOOP,0.255487,-0.057655,0.133141,0,57,206.79915057414095,453.458309173584,115,0.8022868280825408,5904.8310546875,14.086575791560815,0,8,60,0.0,0.0,0.25,0.35,0.25,0.1,0.05,42,131.52666733365487,497.49755859375,116,0.7962480742355873,5911.345703125,14.629856286614846,0,9,61,0.0,0.0,0.25,0.3,0.25,0.15,0.05
512,PartitionExploration,0,NOOP,0.253321,-0.057759,0.129267,0,42,131.52666733365487,497.49755859375,116,0.7962480742355873,5911.345703125,14.629856286614846,0,9,61,0.0,0.0,0.25,0.3,0.25,0.15,0.05,69,236.14206368828042,610.0280284881592,117,0.7906310252654247,5920.2451171875,15.076735354841155,0,10,62,0.0,0.0,0.25,0.3,0.25,0.15,0.05
513,PartitionExploration,0,NOOP,0.251043,-0.05781,0.130855,0,69,236.14206368828042,610.0280284881592,117,0.7906310252654247,5920.2451171875,15.076735354841155,0,10,62,0.0,0.0,0.25,0.3,0.25,0.15,0.05,34,121.79716804273131,485.73923110961914,118,0.7846946069749735,5926.013671875,15.5691405687438,0,11,63,0.0,0.0,0.25,0.35,0.2,0.15,0.05
514,PartitionExploration,0,NOOP,0.248932,-0.057909,0.128634,0,34,121.79716804273131,485.73923110961914,118,0.7846946069749735,5926.013671875,15.5691405687438,0,11,63,0.0,0.0,0.25,0.35,0.2,0.15,0.05,66,241.86279673234023,528.7930965423584,119,0.7792355833935136,5934.658203125,15.9646362053687,0,12,64,0.0,0.0,0.25,0.3,0.2,0.15,0.1
515,PartitionExploration,0,NOOP,0.246752,-0.057972,0.129249,0,66,241.86279673234023,528.7930965423584,119,0.7792355833935136,5934.658203125,15.9646362053687,0,12,64,0.0,0.0,0.25,0.3,0.2,0.15,0.1,42,131.79747449128462,448.5743045806885,120,0.773578389485677,5941.08203125,16.384699466750128,0,13,65,0.0,0.0,0.2,0.3,0.2,0.2,0.1
516,PartitionExploration,0,NOOP,0.24462,-0.05804,0.110724,0,42,131.79747449128462,448.5743045806885,120,0.773578389485677,5941.08203125,16.384699466750128,0,13,65,0.0,0.0,0.2,0.3,0.2,0.2,0.1,45,118.21615710404247,1189.8021697998047,121,0.7680570744285898,5947.833984375,16.772895920739614,0,14,66,0.0,0.0,0.15,0.3,0.25,0.2,0.1
517,PartitionExploration,0,NOOP,0.24256,-0.058125,0.122871,0,45,118.21615710404247,1189.8021697998047,121,0.7680570744285898,5947.833984375,16.772895920739614,0,14,66,0.0,0.0,0.15,0.3,0.25,0.2,0.1,56,188.6844634027803,618.3085441589355,122,0.7627415891553535,5955.486328125,17.120865939480524,0,15,67,0.0,0.0,0.2,0.25,0.25,0.2,0.1
518,PartitionExploration,2,COMPACT_64KB,0.090524,-0.13317,0.145709,0,56,188.6844634027803,618.3085441589355,122,0.7627415891553535,5955.486328125,17.120865939480524,0,15,67,0.0,0.0,0.2,0.25,0.25,0.2,0.1,30,81.97187282577256,514.4619941711426,108,0.8560677987557871,5917.140625,7.612550238103313,0,0,68,0.0,0.0,0.25,0.25,0.2,0.2,0.1
519,PartitionExploration,0,NOOP,0.275495,-0.058267,0.145016,0,30,81.97187282577256,514.4619941711426,108,0.8560677987557871,5917.140625,7.612550238103313,0,0,68,0.0,0.0,0.25,0.25,0.2,0.2,0.1,64,209.80699055836928,481.80413246154785,109,0.8494150704200115,5925.51953125,8.784890259261536,0,1,69,0.0,0.0,0.25,0.25,0.15,0.25,0.1
520,PartitionExploration,0,NOOP,0.272869,-0.058315,0.144519,0,64,209.80699055836928,481.80413246154785,109,0.8494150704200115,5925.51953125,8.784890259261536,0,1,69,0.0,0.0,0.25,0.25,0.15,0.25,0.1,32,110.69494210726424,438.3106231689453,110,0.8424832430752841,5931.08203125,9.905341365938872,0,2,70,0.0,0.0,0.25,0.2,0.15,0.25,0.15
521,PartitionExploration,0,NOOP,0.270388,-0.058398,0.143265,0,32,110.69494210726424,438.3106231689453,110,0.8424832430752841,5931.08203125,9.905341365938872,0,2,70,0.0,0.0,0.25,0.2,0.15,0.25,0.15,55,216.88543239497798,430.8440685272217,111,0.8359665054458756,5938.7060546875,10.795003356594918,0,3,71,0.0,0.0,0.25,0.2,0.1,0.3,0.15
522,PartitionExploration,0,NOOP,0.267961,-0.058486,0.138397,0,55,216.88543239497798,430.8440685272217,111,0.8359665054458756,5938.7060546875,10.795003356594918,0,3,71,0.0,0.0,0.25,0.2,0.1,0.3,0.15,58,209.75896005890885,579.5853137969971,112,0.8296034676688058,5946.59765625,11.578269486558874,0,4,72,0.0,0.0,0.3,0.15,0.1,0.3,0.15
523,PartitionExploration,0,NOOP,0.265495,-0.058546,0.128433,0,58,209.75896005890885,579.5853137969971,112,0.8296034676688058,5946.59765625,11.578269486558874,0,4,72,0.0,0.0,0.3,0.15,0.1,0.3,0.15,40,138.3708459177126,945.7840919494629,113,0.8231294345011754,5952.8720703125,12.339318857631076,0,5,73,0.0,0.0,0.25,0.15,0.15,0.3,0.15
524,PartitionExploration,0,NOOP,0.263206,-0.058655,0.139203,0,40,138.3708459177126,945.7840919494629,113,0.8231294345011754,5952.8720703125,12.339318857631076,0,5,73,0.0,0.0,0.25,0.15,0.15,0.3,0.15,72,269.2890424224698,427.6590347290039,114,0.8171604892663789,5962.0029296875,12.944025310379748,0,6,74,0.0,0.0,0.25,0.15,0.15,0.25,0.2
525,PartitionExploration,0,NOOP,0.260926,-0.058754,0.124943,0,72,269.2890424224698,427.6590347290039,114,0.8171604892663789,5962.0029296875,12.944025310379748,0,6,74,0.0,0.0,0.25,0.15,0.15,0.25,0.2,65,234.52607419884023,982.5141429901123,115,0.811217332922894,5970.5595703125,13.517238185452163,0,7,75,0.0,0.0,0.2,0.15,0.2,0.25,0.2
526,PartitionExploration,0,NOOP,0.258653,-0.058842,0.136269,0,65,234.52607419884023,982.5141429901123,115,0.811217332922894,5970.5595703125,13.517238185452163,0,7,75,0.0,0.0,0.2,0.15,0.2,0.25,0.2,58,230.13425890450742,440.9937858581543,116,0.8052950891955145,5978.5107421875,14.0638304448521,0,8,76,0.0,0.0,0.2,0.15,0.15,0.3,0.2
527,PartitionExploration,0,NOOP,0.256303,-0.05889,0.121852,0,58,230.13425890450742,440.9937858581543,116,0.8052950891955145,5978.5107421875,14.0638304448521,0,8,76,0.0,0.0,0.2,0.15,0.15,0.3,0.2,32,114.66298745622751,1000.8847713470459,117,0.7991526024973291,5984.0546875,14.634470299574437,0,9,77,0.0,0.0,0.2,0.15,0.2,0.3,0.15
528,PartitionExploration,0,NOOP,0.254182,-0.059011,0.134958,0,32,114.66298745622751,1000.8847713470459,117,0.7991526024973291,5984.0546875,14.634470299574437,0,9,77,0.0,0.0,0.2,0.15,0.2,0.3,0.15,80,315.570001203804,386.7676258087158,118,0.793663800772974,5993.7490234375,15.063147857463173,0,10,78,0.0,0.0,0.2,0.1,0.2,0.3,0.2
529,PartitionExploration,0,NOOP,0.252039,-0.059108,0.130228,0,80,315.570001203804,386.7676258087158,118,0.793663800772974,5993.7490234375,15.063147857463173,0,10,78,0.0,0.0,0.2,0.1,0.2,0.3,0.2,64,238.99700046742493,536.555290222168,119,0.7881124800994617,6002.2646484375,15.491822984131511,0,11,79,0.0,0.0,0.2,0.1,0.2,0.3,0.2
530,PartitionExploration,0,NOOP,0.249979,-0.059227,0.13082,0,64,238.99700046742493,536.555290222168,119,0.7881124800994617,6002.2646484375,15.491822984131511,0,11,79,0.0,0.0,0.2,0.1,0.2,0.3,0.2,78,301.486266786958,460.24441719055176,120,0.7827962239583334,6011.875,15.870457598942698,0,12,80,0.0,0.0,0.2,0.15,0.2,0.25,0.2
531,PartitionExploration,0,NOOP,0.247772,-0.059278,0.129463,0,78,301.486266786958,460.24441719055176,120,0.7827962239583334,6011.875,15.870457598942698,0,12,80,0.0,0.0,0.2,0.15,0.2,0.25,0.2,34,135.14536579078796,463.9303684234619,121,0.7770637953576963,6017.58203125,16.31130905905366,0,13,81,0.0,0.0,0.2,0.15,0.2,0.2,0.25
532,PartitionExploration,0,NOOP,0.245717,-0.059374,0.129861,0,34,135.14536579078796,463.9303684234619,121,0.7770637953576963,6017.58203125,16.31130905905366,0,13,81,0.0,0.0,0.2,0.15,0.2,0.2,0.25,63,224.7858418883834,396.0437774658203,122,0.7717624101482454,6025.9208984375,16.670459458445524,0,14,82,0.0,0.0,0.15,0.15,0.2,0.2,0.3
533,PartitionExploration,0,NOOP,0.243648,-0.059453,0.1076,0,63,224.7858418883834,396.0437774658203,122,0.7717624101482454,6025.9208984375,16.670459458445524,0,14,82,0.0,0.0,0.15,0.15,0.2,0.2,0.3,52,178.34791710278418,1298.9649772644043,123,0.7664226749079014,6033.279296875,17.0291302766999,0,15,83,0.0,0.0,0.15,0.1,0.25,0.2,0.3
534,PartitionExploration,2,COMPACT_64KB,0.091562,-0.134517,0.133947,0,52,178.34791710278418,1298.9649772644043,123,0.7664226749079014,6033.279296875,17.0291302766999,0,15,83,0.0,0.0,0.15,0.1,0.25,0.2,0.3,42,145.8832773244249,1043.5187816619873,109,0.8596045817803899,5996.6015625,7.302377120647742,0,0,84,0.0,0.0,0.15,0.1,0.3,0.2,0.25
535,PartitionExploration,0,NOOP,0.276408,-0.059567,0.134245,0,42,145.8832773244249,1043.5187816619873,109,0.8596045817803899,5996.6015625,7.302377120647742,0,0,84,0.0,0.0,0.15,0.1,0.3,0.2,0.25,33,108.24645199131913,965.3022289276123,110,0.8525937167080966,6002.259765625,8.65918716742883,0,1,85,0.0,0.0,0.15,0.1,0.35,0.15,0.25
536,PartitionExploration,0,NOOP,0.273993,-0.059685,0.127219,0,33,108.24645199131913,965.3022289276123,110,0.8525937167080966,6002.259765625,8.65918716742883,0,1,85,0.0,0.0,0.15,0.1,0.35,0.15,0.25,78,312.0714274812656,1206.8021297454834,111,0.8462649508639499,6011.8662109375,9.618229304537506,0,2,86,0.0,0.0,0.15,0.1,0.35,0.15,0.25
537,PartitionExploration,0,NOOP,0.271473,-0.059752,0.14423,0,78,312.0714274812656,1206.8021297454834,111,0.8462649508639499,6011.8662109375,9.618229304537506,0,2,86,0.0,0.0,0.15,0.1,0.35,0.15,0.25,44,156.99328639823602,415.5995845794678,112,0.8396378925868443,6018.5244140625,10.574702531060828,0,3,87,0.0,0.0,0.1,0.15,0.35,0.15,0.25
538,PartitionExploration,0,NOOP,0.26911,-0.05986,0.143568,0,44,156.99328639823602,415.5995845794678,112,0.8396378925868443,6018.5244140625,10.574702531060828,0,3,87,0.0,0.0,0.1,0.15,0.35,0.15,0.25,71,240.23793750494116,385.67185401916504,113,0.8334582843611725,6027.5703125,11.335825370629372,0,4,88,0.0,0.0,0.05,0.15,0.35,0.15,0.3
539,PartitionExploration,0,NOOP,0.266719,-0.059945,0.123354,0,71,240.23793750494116,385.67185401916504,113,0.8334582843611725,6027.5703125,11.335825370629372,0,4,88,0.0,0.0,0.05,0.15,0.35,0.15,0.3,56,189.74136380857595,1192.9352283477783,114,0.8271958200555098,6035.220703125,12.069655529651872,0,5,89,0.0,0.0,0.05,0.15,0.4,0.1,0.3
540,PartitionExploration,0,NOOP,0.264375,-0.060034,0.12724,0,56,189.74136380857595,1192.9352283477783,114,0.8271958200555098,6035.220703125,12.069655529651872,0,5,89,0.0,0.0,0.05,0.15,0.4,0.1,0.3,58,197.95657919577118,968.5237407684326,115,0.821071193529212,6043.083984375,12.730590122222582,0,6,90,0.0,0.0,0.05,0.15,0.45,0.1,0.25
541,PartitionExploration,0,NOOP,0.262114,-0.060139,0.137437,0,58,197.95657919577118,968.5237407684326,115,0.821071193529212,6043.083984375,12.730590122222582,0,6,90,0.0,0.0,0.05,0.15,0.45,0.1,0.25,69,225.511812201656,475.6937026977539,116,0.8151833106731546,6051.9208984375,13.30902913218829,0,7,91,0.0,0.0,0.05,0.2,0.45,0.05,0.25
542,PartitionExploration,0,NOOP,0.259759,-0.060196,0.133615,0,69,225.511812201656,475.6937026977539,116,0.8151833106731546,6051.9208984375,13.30902913218829,0,7,91,0.0,0.0,0.05,0.2,0.45,0.05,0.25,38,140.79918585997075,581.3698768615723,117,0.8090259519397703,6057.986328125,13.920216456339585,0,8,92,0.0,0.0,0.05,0.2,0.45,0.05,0.25
543,PartitionExploration,0,NOOP,0.257497,-0.060274,0.137065,0,38,140.79918585997075,581.3698768615723,117,0.8090259519397703,6057.986328125,13.920216456339585,0,8,92,0.0,0.0,0.05,0.2,0.45,0.05,0.25,51,191.47238677314886,377.66480445861816,118,0.8031345949334613,6065.2724609375,14.453084171334472,0,9,93,0.0,0.0,0.05,0.2,0.4,0.05,0.3
544,PartitionExploration,0,NOOP,0.255294,-0.060361,0.131762,0,51,191.47238677314886,377.66480445861816,118,0.8031345949334613,6065.2724609375,14.453084171334472,0,9,93,0.0,0.0,0.05,0.2,0.4,0.05,0.3,57,207.23977541939828,550.5106449127197,119,0.7974105963186056,6073.0791015625,14.936244906403873,0,10,94,0.0,0.0,0.1,0.2,0.4,0.05,0.25
545,PartitionExploration,0,NOOP,0.253178,-0.060469,0.129951,0,57,207.23977541939828,550.5106449127197,119,0.7974105963186056,6073.0791015625,14.936244906403873,0,10,94,0.0,0.0,0.1,0.2,0.4,0.05,0.25,71,268.481438173073,575.8509635925293,120,0.7919373830159505,6082.0791015625,15.36036128037556,0,11,95,0.0,0.0,0.15,0.2,0.35,0.05,0.25
546,PartitionExploration,0,NOOP,0.251023,-0.060548,0.130359,0,71,268.481438173073,575.8509635925293,120,0.7919373830159505,6082.0791015625,15.36036128037556,0,11,95,0.0,0.0,0.15,0.2,0.35,0.05,0.25,52,201.21484037326962,505.1231384277344,121,0.7863518580917485,6089.5087890625,15.793568250825082,0,12,96,0.0,0.0,0.15,0.2,0.35,0.05,0.25
547,PartitionExploration,0,NOOP,0.248895,-0.060627,0.123198,0,52,201.21484037326962,505.1231384277344,121,0.7863518580917485,6089.5087890625,15.793568250825082,0,12,96,0.0,0.0,0.15,0.2,0.35,0.05,0.25,52,193.89900714062188,759.4749927520752,122,0.7808441412253458,6096.8310546875,16.202903228379984,0,13,97,0.0,0.0,0.2,0.2,0.3,0.05,0.25
548,PartitionExploration,0,NOOP,0.246799,-0.060706,0.130376,0,52,193.89900714062188,759.4749927520752,122,0.7808441412253458,6096.8310546875,16.202903228379984,0,13,97,0.0,0.0,0.2,0.2,0.3,0.05,0.25,52,175.92010253357628,400.0427722930908,123,0.7754262288411459,6104.1552734375,16.588273595283773,0,14,98,0.0,0.0,0.2,0.2,0.3,0.05,0.25
549,PartitionExploration,0,NOOP,0.24481,-0.060814,0.114297,0,52,175.92010253357628,400.0427722930908,123,0.7754262288411459,6104.1552734375,16.588273595283773,0,14,98,0.0,0.0,0.2,0.2,0.3,0.05,0.25,71,251.9489393959904,1039.961338043213,124,0.7703151087607106,6113.220703125,16.917503199117807,0,15,99,0.0,0.0,0.2,0.15,0.35,0.05,0.25
550,PartitionExploration,4,PARTITION_HOUR,-0.132243,-0.210888,0.110739,0,71,251.9489393959904,1039.961338043213,124,0.7703151087607106,6113.220703125,16.917503199117807,0,15,99,0.0,0.0,0.2,0.15,0.35,0.05,0.25,48,169.74144364873138,1141.7052745819092,125,0.7650205078125,6120.1640625,17.269818404586236,1,16,0,0.0,0.0,0.2,0.1,0.4,0.05,0.25
551,PartitionExploration,2,COMPACT_64KB,0.092749,0.335953,0.330923,0,48,169.74144364873138,1141.7052745819092,125,0.7650205078125,6120.1640625,17.269818404586236,1,16,0,0.0,0.0,0.2,0.1,0.4,0.05,0.25,37,66.97346898702084,516.0312652587891,110,0.8635689475319602,6079.525390625,9.350983670323744,1,0,1,0.92,0.046,0.25,0.1,0.4,0.05,0.2
552,PartitionExploration,0,NOOP,0.277805,0.410934,0.329631,0,37,66.97346898702084,516.0312652587891,110,0.8635689475319602,6079.525390625,9.350983670323744,1,0,1,0.92,0.046,0.25,0.1,0.4,0.05,0.2,80,280.24685191975055,511.0955238342285,111,0.8571565645235079,6089.240234375,10.26356770147319,1,1,2,0.92,0.092,0.3,0.1,0.4,0.05,0.15
553,PartitionExploration,0,NOOP,0.275315,0.41092,0.326078,0,80,280.24685191975055,511.0955238342285,111,0.8571565645235079,6089.240234375,10.26356770147319,1,1,2,0.92,0.092,0.3,0.1,0.4,0.05,0.15,59,203.04599928779956,601.9291877746582,112,0.8506138665335519,6097.2001953125,11.136855712254713,1,2,3,0.92,0.138,0.35,0.1,0.35,0.05,0.15
554,PartitionExploration,0,NOOP,0.272819,0.410909,0.324557,0,59,203.04599928779956,601.9291877746582,112,0.8506138665335519,6097.2001953125,11.136855712254713,1,2,3,0.92,0.138,0.35,0.1,0.35,0.05,0.15,48,163.74618708031858,605.5045127868652,113,0.8440538254459348,6104.197265625,11.951586238401932,1,3,4,0.92,0.184,0.4,0.1,0.3,0.05,0.15
555,PartitionExploration,0,NOOP,0.270415,0.410894,0.324808,0,48,163.74618708031858,605.5045127868652,113,0.8440538254459348,6104.197265625,11.951586238401932,1,3,4,0.92,0.184,0.4,0.1,0.3,0.05,0.15,60,223.79328988930308,535.4266166687012,114,0.837756642124109,6112.2724609375,12.652777493954225,1,4,5,0.92,0.23000000000000004,0.45,0.1,0.25,0.05,0.15
556,PartitionExploration,0,NOOP,0.267943,-0.058315,0.14196,0,60,223.79328988930308,535.4266166687012,114,0.837756642124109,6112.2724609375,12.652777493954225,1,4,5,0.92,0.23000000000000004,0.45,0.1,0.25,0.05,0.15,35,120.34999725360537,425.0462055206299,115,0.8312644626783288,6118.1064453125,13.36196225050352,1,5,6,0.0,0.23000000000000004,0.45,0.1,0.2,0.1,0.15
557,PartitionExploration,0,NOOP,0.265567,0.410872,0.321883,0,35,120.34999725360537,425.0462055206299,115,0.8312644626783288,6118.1064453125,13.36196225050352,1,5,6,0.0,0.23000000000000004,0.45,0.1,0.2,0.1,0.15,49,160.5748667676636,541.1210060119629,116,0.8250482493433459,6125.158203125,13.976743983230765,1,6,7,0.92,0.276,0.5,0.05,0.2,0.1,0.15
558,PartitionExploration,0,NOOP,0.263213,0.41086,0.31838,0,49,160.5748667676636,541.1210060119629,116,0.8250482493433459,6125.158203125,13.976743983230765,1,6,7,0.92,0.276,0.5,0.05,0.2,0.1,0.15,45,171.0631101266408,633.169412612915,117,0.8188949976211939,6131.8857421875,14.553702308931227,1,7,8,0.92,0.322,0.55,0.05,0.2,0.1,0.1
559,PartitionExploration,0,NOOP,0.261016,0.32414,0.271566,0,45,171.0631101266408,633.169412612915,117,0.8188949976211939,6131.8857421875,14.553702308931227,1,7,8,0.92,0.322,0.55,0.05,0.2,0.1,0.1,74,248.02837820235692,1128.051996231079,118,0.8131880679373014,6141.1962890625,15.024694304338238,1,8,9,0.75,0.35950000000000004,0.55,0.05,0.2,0.1,0.1
560,PartitionExploration,0,NOOP,0.258766,-0.058375,0.133528,0,74,248.02837820235692,1128.051996231079,118,0.8131880679373014,6141.1962890625,15.024694304338238,1,8,9,0.75,0.35950000000000004,0.55,0.05,0.2,0.1,0.1,53,168.5610255998071,559.8487854003906,119,0.8073303479106486,6148.6279296875,15.509780753583323,1,9,10,0.0,0.35950000000000004,0.55,0.1,0.15,0.1,0.1
561,PartitionExploration,0,NOOP,0.256479,0.410814,0.31336,0,53,168.5610255998071,559.8487854003906,119,0.8073303479106486,6148.6279296875,15.509780753583323,1,9,10,0.0,0.35950000000000004,0.55,0.1,0.15,0.1,0.1,36,132.50552110199143,682.0390224456787,120,0.8013699849446615,6154.521484375,15.99979831794008,1,10,11,0.92,0.4055000000000001,0.6,0.05,0.15,0.1,0.1
562,PartitionExploration,0,NOOP,0.254222,-0.058395,0.132064,0,36,132.50552110199143,682.0390224456787,120,0.8013699849446615,6154.521484375,15.99979831794008,1,10,11,0.92,0.4055000000000001,0.6,0.05,0.15,0.1,0.1,34,117.56121278870671,510.406494140625,121,0.7954907377889334,6160.2802734375,16.46181960973546,1,11,12,0.0,0.4055000000000001,0.55,0.05,0.15,0.15,0.1
563,PartitionExploration,0,NOOP,0.252105,0.410787,0.313282,0,34,117.56121278870671,510.406494140625,121,0.7954907377889334,6160.2802734375,16.46181960973546,1,11,12,0.0,0.4055000000000001,0.55,0.05,0.15,0.15,0.1,61,178.1189434243888,577.3344039916992,122,0.7900155489561987,6168.44140625,16.844349748543603,1,12,13,0.92,0.45149999999999996,0.6,0.05,0.15,0.15,0.05
564,PartitionExploration,0,NOOP,0.250022,-0.058432,0.129055,0,61,178.1189434243888,577.3344039916992,122,0.7900155489561987,6168.44140625,16.844349748543603,1,12,13,0.92,0.45149999999999996,0.6,0.05,0.15,0.15,0.05,62,224.75823223195712,535.5949401855469,123,0.7846344738471799,6176.642578125,17.20449634092371,1,13,14,0.0,0.45149999999999996,0.55,0.05,0.15,0.2,0.05
565,PartitionExploration,0,NOOP,0.247912,-0.058447,0.129016,0,62,224.75823223195712,535.5949401855469,123,0.7846344738471799,6176.642578125,17.20449634092371,1,13,14,0.0,0.45149999999999996,0.55,0.05,0.15,0.2,0.05,47,154.13652179216322,485.1038455963135,124,0.7791777580015121,6183.5546875,17.570186533903883,1,14,15,0.0,0.45149999999999996,0.5,0.05,0.15,0.25,0.05
566,PartitionExploration,0,NOOP,0.245958,-0.058472,0.126938,0,47,154.13652179216322,485.1038455963135,124,0.7791777580015121,6183.5546875,17.570186533903883,1,14,15,0.0,0.45149999999999996,0.5,0.05,0.15,0.25,0.05,79,296.9213872998122,525.8708000183105,125,0.774164794921875,6193.318359375,17.863042947224585,1,15,16,0.0,0.45149999999999996,0.5,0.05,0.15,0.25,0.05
567,PartitionExploration,2,COMPACT_64KB,0.093601,0.249017,0.287754,0,79,296.9213872998122,525.8708000183105,125,0.774164794921875,6193.318359375,17.863042947224585,1,15,16,0.0,0.45149999999999996,0.5,0.05,0.15,0.25,0.05,35,127.75671329012135,929.3801784515381,111,0.8665735743067287,6156.138671875,8.259045955270564,1,0,17,0.75,0.48900000000000005,0.45,0.05,0.2,0.25,0.05
568,PartitionExploration,0,NOOP,0.27859,0.323997,0.285154,0,35,127.75671329012135,929.3801784515381,111,0.8665735743067287,6156.138671875,8.259045955270564,1,0,17,0.75,0.48900000000000005,0.45,0.05,0.2,0.25,0.05,60,204.409080940584,978.8508415222168,112,0.8599706377301898,6164.26953125,9.359398623958912,1,1,18,0.75,0.5265000000000001,0.45,0.05,0.25,0.25,0.0
569,PartitionExploration,0,NOOP,0.276066,0.410681,0.328184,0,60,204.409080940584,978.8508415222168,112,0.8599706377301898,6164.26953125,9.359398623958912,1,1,18,0.75,0.5265000000000001,0.45,0.05,0.25,0.25,0.0,48,157.94569990201285,529.6013355255127,113,0.8533326545647816,6171.3017578125,10.354255303398883,1,2,19,0.92,0.5725,0.5,0.05,0.2,0.25,0.0
570,PartitionExploration,0,NOOP,0.273669,-0.058542,0.145098,0,48,157.94569990201285,529.6013355255127,113,0.8533326545647816,6171.3017578125,10.354255303398883,1,2,19,0.92,0.5725,0.5,0.05,0.2,0.25,0.0,68,228.95738467145432,431.2715530395508,114,0.8470544647752193,6180.109375,11.165426356308068,1,3,20,0.0,0.5725,0.5,0.05,0.15,0.3,0.0
571,PartitionExploration,0,NOOP,0.271326,0.401433,0.322921,0,68,228.95738467145432,431.2715530395508,114,0.8470544647752193,6180.109375,11.165426356308068,1,3,20,0.0,0.5725,0.5,0.05,0.15,0.3,0.0,72,272.2363595551401,638.1645202636719,115,0.8409312372622283,6189.25390625,11.884204288789192,1,4,21,0.92,0.5725,0.5,0.05,0.15,0.3,0.0
572,PartitionExploration,0,NOOP,0.269013,-0.067793,0.143468,0,72,272.2363595551401,638.1645202636719,115,0.8409312372622283,6189.25390625,11.884204288789192,1,4,21,0.92,0.5725,0.5,0.05,0.15,0.3,0.0,72,238.29523874905013,386.20924949645996,116,0.8348952983987743,6198.2626953125,12.542591717410337,1,5,22,0.0,0.5265000000000001,0.45,0.05,0.15,0.3,0.05
573,PartitionExploration,0,NOOP,0.266681,-0.067814,0.140729,0,72,238.29523874905013,386.20924949645996,116,0.8348952983987743,6198.2626953125,12.542591717410337,1,5,22,0.0,0.5265000000000001,0.45,0.05,0.15,0.3,0.05,57,198.9860137764801,446.0113048553467,117,0.8288027771517762,6206.0751953125,13.181386625192948,1,6,23,0.0,0.4805,0.4,0.1,0.15,0.3,0.05
574,PartitionExploration,0,NOOP,0.264435,-0.067839,0.138122,0,57,198.9860137764801,446.0113048553467,117,0.8288027771517762,6206.0751953125,13.181386625192948,1,6,23,0.0,0.4805,0.4,0.1,0.15,0.3,0.05,70,244.57540611752395,502.2704601287842,118,0.8229571843551378,6214.97265625,13.7397124781155,1,7,24,0.0,0.4345,0.35,0.1,0.15,0.35,0.05
575,PartitionExploration,0,NOOP,0.262128,0.401343,0.317337,0,70,244.57540611752395,502.2704601287842,118,0.8229571843551378,6214.97265625,13.7397124781155,1,7,24,0.0,0.4345,0.35,0.1,0.15,0.35,0.05,46,167.52669697009165,650.3925323486328,119,0.8169372302143514,6221.7939453125,14.312373759294712,1,8,25,0.92,0.4345,0.35,0.1,0.15,0.35,0.05
576,PartitionExploration,0,NOOP,0.259981,-0.058686,0.13392,0,46,167.52669697009165,650.3925323486328,119,0.8169372302143514,6221.7939453125,14.312373759294712,1,8,25,0.92,0.4345,0.35,0.1,0.15,0.35,0.05,77,298.83054283549126,572.3509788513184,120,0.8113741556803385,6231.353515625,14.776133659467243,1,9,26,0.0,0.4345,0.35,0.1,0.15,0.35,0.05
577,PartitionExploration,0,NOOP,0.257854,-0.067915,0.13365,0,77,298.83054283549126,572.3509788513184,120,0.8113741556803385,6231.353515625,14.776133659467243,1,9,26,0.0,0.4345,0.35,0.1,0.15,0.35,0.05,73,210.09783708823124,531.3692092895508,121,0.8058679754083807,6240.6416015625,15.216463822513138,1,10,27,0.0,0.38849999999999996,0.3,0.15,0.15,0.35,0.05
578,PartitionExploration,0,NOOP,0.255723,-0.067941,0.135389,0,73,210.09783708823124,531.3692092895508,121,0.8058679754083807,6240.6416015625,15.216463822513138,1,10,27,0.0,0.38849999999999996,0.3,0.15,0.15,0.35,0.05,65,222.046103337088,404.1879177093506,122,0.8003503768170466,6249.1357421875,15.647376471306291,1,11,28,0.0,0.34249999999999997,0.25,0.15,0.15,0.35,0.1
579,PartitionExploration,0,NOOP,0.253492,0.316246,0.265801,0,65,222.046103337088,404.1879177093506,122,0.8003503768170466,6249.1357421875,15.647376471306291,1,11,28,0.0,0.34249999999999997,0.25,0.15,0.15,0.35,0.1,32,115.18956393377904,1188.61722946167,123,0.7945497094131098,6254.6953125,16.117862878091113,1,12,29,0.75,0.34249999999999997,0.25,0.15,0.15,0.35,0.1
580,PartitionExploration,0,NOOP,0.251378,-0.058775,0.130907,0,32,115.18956393377904,1188.61722946167,123,0.7945497094131098,6254.6953125,16.117862878091113,1,12,29,0.75,0.34249999999999997,0.25,0.15,0.15,0.35,0.1,53,192.66707228500061,488.9650344848633,124,0.7890797276650706,6262.13671875,16.518785362971812,1,13,30,0.0,0.34249999999999997,0.25,0.1,0.15,0.4,0.1
581,PartitionExploration,0,NOOP,0.249283,0.314504,0.265844,0,53,192.66707228500061,488.9650344848633,124,0.7890797276650706,6262.13671875,16.518785362971812,1,13,30,0.0,0.34249999999999997,0.25,0.1,0.15,0.4,0.1,50,190.81758087777004,1082.7505588531494,125,0.7836650390625,6269.3203125,16.902099151845196,1,14,31,0.75,0.33399999999999996,0.2,0.1,0.2,0.4,0.1
582,PartitionExploration,0,NOOP,0.24717,-0.058812,0.125747,0,50,190.81758087777004,1082.7505588531494,125,0.7836650390625,6269.3203125,16.902099151845196,1,14,31,0.75,0.33399999999999996,0.2,0.1,0.2,0.4,0.1,38,135.349075302274,606.1186790466309,126,0.7782004220145089,6275.408203125,17.28604024121725,1,15,32,0.0,0.33399999999999996,0.2,0.15,0.2,0.35,0.1
583,PartitionExploration,2,COMPACT_64KB,0.094835,-0.143043,0.149615,0,38,135.349075302274,606.1186790466309,126,0.7782004220145089,6275.408203125,17.28604024121725,1,15,32,0.0,0.33399999999999996,0.2,0.15,0.2,0.35,0.1,73,278.3452167968466,450.81615447998047,112,0.8706700461251395,6240.962890625,8.009018282565762,1,0,33,0.0,0.288,0.15,0.15,0.2,0.35,0.15
584,PartitionExploration,0,NOOP,0.279861,-0.058872,0.147885,0,73,278.3452167968466,450.81615447998047,112,0.8706700461251395,6240.962890625,8.009018282565762,1,0,33,0.0,0.288,0.15,0.15,0.2,0.35,0.15,67,231.15480848718656,463.91963958740234,113,0.864174226743985,6249.7080078125,9.116020921012593,1,1,34,0.0,0.288,0.15,0.15,0.2,0.3,0.2
585,PartitionExploration,0,NOOP,0.277461,-0.058905,0.145817,0,67,231.15480848718656,463.91963958740234,113,0.864174226743985,6249.7080078125,9.116020921012593,1,1,34,0.0,0.288,0.15,0.15,0.2,0.3,0.2,77,271.2520812476063,493.32404136657715,114,0.857889409650836,6259.1611328125,10.040428745556301,1,2,35,0.0,0.288,0.15,0.15,0.2,0.3,0.2
586,PartitionExploration,0,NOOP,0.274994,-0.058928,0.143339,0,77,271.2520812476063,493.32404136657715,114,0.857889409650836,6259.1611328125,10.040428745556301,1,2,35,0.0,0.288,0.15,0.15,0.2,0.3,0.2,51,170.24681428163254,538.644552230835,115,0.8514126984969429,6266.3974609375,10.940063760115995,1,3,36,0.0,0.288,0.15,0.2,0.2,0.25,0.2
587,PartitionExploration,0,NOOP,0.272551,-0.066449,0.146095,0,51,170.24681428163254,538.644552230835,115,0.8514126984969429,6266.3974609375,10.940063760115995,1,3,36,0.0,0.288,0.15,0.2,0.2,0.25,0.2,47,164.83073794616578,360.24999618530273,116,0.8450034569049704,6273.3056640625,11.754236346726168,1,4,37,0.0,0.2505,0.15,0.2,0.15,0.25,0.25
588,PartitionExploration,0,NOOP,0.270218,0.402722,0.324665,0,47,164.83073794616578,360.24999618530273,116,0.8450034569049704,6273.3056640625,11.754236346726168,1,4,37,0.0,0.2505,0.15,0.2,0.15,0.25,0.25,64,229.81503873977996,535.353422164917,117,0.8389097034421742,6281.755859375,12.440528122793117,1,5,38,0.92,0.259,0.2,0.2,0.1,0.25,0.25
589,PartitionExploration,0,NOOP,0.267862,-0.068201,0.141199,0,64,229.81503873977996,535.353422164917,117,0.8389097034421742,6281.755859375,12.440528122793117,1,5,38,0.92,0.259,0.2,0.2,0.1,0.25,0.25,50,176.1186333781506,454.3261528015137,118,0.832748671709481,6288.91796875,13.10687843662368,1,6,39,0.0,0.213,0.15,0.25,0.1,0.25,0.25
590,PartitionExploration,0,NOOP,0.265664,0.323462,0.276609,0,50,176.1186333781506,454.3261528015137,118,0.832748671709481,6288.91796875,13.10687843662368,1,6,39,0.0,0.213,0.15,0.25,0.1,0.25,0.25,79,308.5663988109927,1025.3102779388428,119,0.8270407284007353,6298.7421875,13.646061235474829,1,7,40,0.75,0.2505,0.15,0.25,0.15,0.2,0.25
591,PartitionExploration,0,NOOP,0.263306,-0.068253,0.140316,0,79,308.5663988109927,1025.3102779388428,119,0.8270407284007353,6298.7421875,13.646061235474829,1,7,40,0.75,0.2505,0.15,0.25,0.15,0.2,0.25,32,119.92570234833904,379.6660900115967,120,0.8208747863769531,6304.318359375,14.259634503207293,1,8,41,0.0,0.2045,0.1,0.25,0.15,0.2,0.3
592,PartitionExploration,0,NOOP,0.261162,-0.05909,0.138781,0,32,119.92570234833904,379.6660900115967,120,0.8208747863769531,6304.318359375,14.259634503207293,1,8,41,0.0,0.2045,0.1,0.25,0.15,0.2,0.3,77,229.50542280234734,392.49205589294434,121,0.8153206060740573,6313.8427734375,14.728608809231568,1,9,42,0.0,0.2045,0.1,0.25,0.15,0.2,0.3
593,PartitionExploration,0,NOOP,0.258983,-0.059119,0.13502,0,77,229.50542280234734,392.49205589294434,121,0.8153206060740573,6313.8427734375,14.728608809231568,1,9,42,0.0,0.2045,0.1,0.25,0.15,0.2,0.3,60,205.82678891278923,499.8619556427002,122,0.8096662427558273,6321.8740234375,15.202493087421097,1,10,43,0.0,0.2045,0.1,0.2,0.15,0.25,0.3
594,PartitionExploration,0,NOOP,0.256742,0.323364,0.270467,0,60,205.82678891278923,499.8619556427002,122,0.8096662427558273,6321.8740234375,15.202493087421097,1,10,43,0.0,0.2045,0.1,0.2,0.15,0.25,0.3,36,130.28531195317166,1068.2027339935303,123,0.8038342483644563,6327.783203125,15.69576381997268,1,11,44,0.75,0.242,0.1,0.2,0.2,0.2,0.3
595,PartitionExploration,0,NOOP,0.254613,0.314136,0.269747,0,36,130.28531195317166,1068.2027339935303,123,0.8038342483644563,6327.783203125,15.69576381997268,1,11,44,0.75,0.242,0.1,0.2,0.2,0.2,0.3,56,207.23065249843836,1046.4849472045898,124,0.7983240927419355,6335.5,16.117536620581618,1,12,45,0.75,0.23349999999999999,0.05,0.2,0.25,0.2,0.3
596,PartitionExploration,0,NOOP,0.252519,-0.059192,0.130071,0,56,207.23065249843836,1046.4849472045898,124,0.7983240927419355,6335.5,16.117536620581618,1,12,45,0.75,0.23349999999999999,0.05,0.2,0.25,0.2,0.3,57,155.59066646014554,552.243709564209,125,0.79291064453125,6343.28515625,16.51315847948978,1,13,46,0.0,0.23349999999999999,0.05,0.2,0.25,0.2,0.3
597,PartitionExploration,0,NOOP,0.250463,-0.059222,0.132459,0,57,155.59066646014554,552.243709564209,125,0.79291064453125,6343.28515625,16.51315847948978,1,13,46,0.0,0.23349999999999999,0.05,0.2,0.25,0.2,0.3,59,196.52379038854644,399.12867546081543,126,0.7876086764865451,6351.2763671875,16.882263853048208,1,14,47,0.0,0.23349999999999999,0.05,0.15,0.25,0.2,0.35
598,PartitionExploration,0,NOOP,0.24836,0.409958,0.310988,0,59,196.52379038854644,399.12867546081543,126,0.7876086764865451,6351.2763671875,16.882263853048208,1,14,47,0.0,0.23349999999999999,0.05,0.15,0.25,0.2,0.35,40,154.06075298438935,581.6202163696289,127,0.782172255628691,6357.49609375,17.266237165957847,1,15,48,0.92,0.27949999999999997,0.1,0.15,0.25,0.2,0.3
599,PartitionExploration,2,COMPACT_64KB,0.093192,-0.141781,0.148445,0,40,154.06075298438935,581.6202163696289,127,0.782172255628691,6357.49609375,17.266237165957847,1,15,48,0.92,0.27949999999999997,0.1,0.15,0.25,0.2,0.3,76,254.53515710464328,459.8219394683838,114,0.867120575486568,6326.51171875,8.123488962566467,1,0,49,0.0,0.242,0.1,0.2,0.2,0.2,0.3
600,PartitionExploration,5,PARTITION_REGION,-0.096733,-0.209316,0.141786,0,76,254.53515710464328,459.8219394683838,114,0.867120575486568,6326.51171875,8.123488962566467,1,0,49,0.0,0.242,0.1,0.2,0.2,0.2,0.3,68,239.52717488066165,685.3652000427246,115,0.8607623556385869,6335.2109375,9.189935741385083,2,1,0,0.0,0.242,0.1,0.25,0.2,0.15,0.3
601,PartitionExploration,2,COMPACT_64KB,0.083013,-0.140056,0.129911,0,68,239.52717488066165,685.3652000427246,115,0.8607623556385869,6335.2109375,9.189935741385083,2,1,0,0.0,0.242,0.1,0.25,0.2,0.15,0.3,30,105.00635900859551,1003.0086040496826,118,0.8403229794259799,6346.119140625,12.032628317796837,2,0,1,0.0,0.2045,0.1,0.25,0.2,0.15,0.3
602,PartitionExploration,0,NOOP,0.263196,-0.057493,0.136073,0,30,105.00635900859551,1003.0086040496826,118,0.8403229794259799,6346.119140625,12.032628317796837,2,0,1,0.0,0.2045,0.1,0.25,0.2,0.15,0.3,53,171.7079657569852,558.3357810974121,121,0.8211310520645015,6358.8388671875,14.177919357015568,2,1,2,0.0,0.2045,0.15,0.2,0.2,0.15,0.3
603,PartitionExploration,0,NOOP,0.256113,-0.057453,0.134155,0,53,171.7079657569852,558.3357810974121,121,0.8211310520645015,6358.8388671875,14.177919357015568,2,1,2,0.0,0.2045,0.15,0.2,0.2,0.15,0.3,30,93.41593805981839,465.73948860168457,124,0.8026094744282384,6369.5087890625,15.913687394746288,2,2,3,0.0,0.2045,0.15,0.2,0.2,0.2,0.25
604,PartitionExploration,0,NOOP,0.249407,-0.057395,0.112625,0,30,93.41593805981839,465.73948860168457,124,0.8026094744282384,6369.5087890625,15.913687394746288,2,2,3,0.0,0.2045,0.15,0.2,0.2,0.2,0.25,48,156.3449104921302,1222.825288772583,127,0.7851635790246678,6381.8095703125,17.296234515387205,2,3,4,0.0,0.2045,0.15,0.2,0.25,0.2,0.2
605,PartitionExploration,0,NOOP,0.24306,-0.057311,0.125892,0,48,156.3449104921302,1222.825288772583,127,0.7851635790246678,6381.8095703125,17.296234515387205,2,3,4,0.0,0.2045,0.15,0.2,0.25,0.2,0.2,68,216.14978848272924,497.42817878723145,130,0.7687442486102765,6395.9521484375,18.42094793417729,2,4,5,0.0,0.2045,0.15,0.2,0.25,0.2,0.2
606,PartitionExploration,0,NOOP,0.236859,-0.057267,0.120475,0,68,216.14978848272924,497.42817878723145,130,0.7687442486102765,6395.9521484375,18.42094793417729,2,4,5,0.0,0.2045,0.15,0.2,0.25,0.2,0.2,38,139.90782335736182,576.3373374938965,133,0.7527409603721217,6407.3310546875,19.42752461009903,2,5,6,0.0,0.2045,0.15,0.15,0.25,0.25,0.2
607,PartitionExploration,2,COMPACT_64KB,0.089329,-0.132231,0.141953,0,38,139.90782335736182,576.3373374938965,133,0.7527409603721217,6407.3310546875,19.42752461009903,2,5,6,0.0,0.2045,0.15,0.15,0.25,0.25,0.2,32,116.65365394075612,642.5173282623291,116,0.8572252207788927,6364.0400390625,9.323373632115885,2,0,7,0.0,0.2045,0.15,0.15,0.25,0.3,0.15
608,PartitionExploration,0,NOOP,0.269188,-0.06638,0.139839,0,32,116.65365394075612,642.5173282623291,116,0.8572252207788927,6364.0400390625,9.323373632115885,2,0,7,0.0,0.2045,0.15,0.15,0.25,0.3,0.15,38,117.68130032797633,544.6064472198486,119,0.837107554203322,6375.4111328125,12.221291116835518,2,1,8,0.0,0.1585,0.1,0.15,0.25,0.35,0.15
609,PartitionExploration,0,NOOP,0.261983,-0.057112,0.134217,0,38,117.68130032797633,544.6064472198486,119,0.837107554203322,6375.4111328125,12.221291116835518,2,1,8,0.0,0.1585,0.1,0.15,0.25,0.35,0.15,59,188.04564817952883,607.7065467834473,122,0.818236053967085,6388.787109375,14.283648962714595,2,2,9,0.0,0.1585,0.1,0.1,0.25,0.4,0.15
610,PartitionExploration,0,NOOP,0.255094,-0.064543,0.13192,0,59,188.04564817952883,607.7065467834473,122,0.818236053967085,6388.787109375,14.283648962714595,2,2,9,0.0,0.1585,0.1,0.1,0.25,0.4,0.15,60,183.8985956497148,536.104679107666,125,0.80026904296875,6402.15234375,15.915699950491287,2,3,10,0.0,0.121,0.1,0.1,0.2,0.45,0.15
611,PartitionExploration,0,NOOP,0.248442,-0.056991,0.128075,0,60,183.8985956497148,536.104679107666,125,0.80026904296875,6402.15234375,15.915699950491287,2,3,10,0.0,0.121,0.1,0.1,0.2,0.45,0.15,45,156.31076033755974,536.602258682251,128,0.7829768657684326,6414.146484375,17.284932596716466,2,4,11,0.0,0.121,0.1,0.1,0.2,0.5,0.1
612,PartitionExploration,0,NOOP,0.242135,-0.056914,0.125395,0,45,156.31076033755974,536.602258682251,128,0.7829768657684326,6414.146484375,17.284932596716466,2,4,11,0.0,0.121,0.1,0.1,0.2,0.5,0.1,63,212.9834822454087,495.6233501434326,131,0.7666707512076575,6427.767578125,18.40395340609968,2,5,12,0.0,0.121,0.1,0.1,0.2,0.55,0.05
613,PartitionExploration,2,COMPACT_64KB,0.090547,-0.131877,0.145233,0,63,212.9834822454087,495.6233501434326,131,0.7666707512076575,6427.767578125,18.40395340609968,2,5,12,0.0,0.121,0.1,0.1,0.2,0.55,0.05,32,107.51507014792183,531.7862033843994,116,0.860705408556708,6389.876953125,8.677341621412417,2,0,13,0.0,0.121,0.1,0.1,0.2,0.55,0.05
614,PartitionExploration,0,NOOP,0.270366,0.277366,0.276663,0,32,107.51507014792183,531.7862033843994,116,0.860705408556708,6389.876953125,8.677341621412417,2,0,13,0.0,0.121,0.1,0.1,0.2,0.55,0.05,36,118.68805533721113,452.4517059326172,119,0.8404735917804622,6401.046875,11.779832842916875,2,1,14,0.67,0.11699999999999999,0.1,0.15,0.15,0.55,0.05
615,PartitionExploration,0,NOOP,0.263155,-0.064255,0.137335,0,36,118.68805533721113,452.4517059326172,119,0.8404735917804622,6401.046875,11.779832842916875,2,1,14,0.67,0.11699999999999999,0.1,0.15,0.15,0.55,0.05,66,206.55552637234067,502.78449058532715,122,0.8215854832383452,6414.939453125,13.920427597058335,2,2,15,0.0,0.0795,0.1,0.15,0.1,0.6,0.05
616,PartitionExploration,0,NOOP,0.256317,-0.056666,0.132922,0,66,206.55552637234067,502.78449058532715,122,0.8215854832383452,6414.939453125,13.920427597058335,2,2,15,0.0,0.0795,0.1,0.15,0.1,0.6,0.05,80,277.28437686191904,523.1029987335205,125,0.803762939453125,6430.103515625,15.571356013819132,2,3,16,0.0,0.0795,0.1,0.15,0.1,0.6,0.05
617,PartitionExploration,0,NOOP,0.249594,-0.056623,0.128606,0,80,277.28437686191904,523.1029987335205,125,0.803762939453125,6430.103515625,15.571356013819132,2,3,16,0.0,0.0795,0.1,0.15,0.1,0.6,0.05,34,92.97783561649194,542.0348644256592,128,0.786268949508667,6441.115234375,17.011237957028793,2,4,17,0.0,0.0795,0.1,0.15,0.1,0.65,0.0
618,PartitionExploration,0,NOOP,0.243136,-0.06579,0.124806,0,34,92.97783561649194,542.0348644256592,128,0.786268949508667,6441.115234375,17.011237957028793,2,4,17,0.0,0.0795,0.1,0.15,0.1,0.65,0.0,30,97.83584021770824,545.3624725341797,131,0.7695303181655534,6451.7421875,18.222293860210446,2,5,18,0.0,0.0335,0.05,0.15,0.1,0.7,0.0
619,PartitionExploration,2,COMPACT_64KB,0.091736,-0.131533,0.147973,0,30,97.83584021770824,545.3624725341797,131,0.7695303181655534,6451.7421875,18.222293860210446,2,5,18,0.0,0.0335,0.05,0.15,0.1,0.7,0.0,50,165.147763855027,443.4676170349121,116,0.8641039091965248,6415.107421875,8.231439038130233,2,0,19,0.0,0.0335,0.05,0.1,0.1,0.75,0.0
620,PartitionExploration,0,NOOP,0.271683,0.285252,0.275926,0,50,165.147763855027,443.4676170349121,116,0.8641039091965248,6415.107421875,8.231439038130233,2,0,19,0.0,0.0335,0.05,0.1,0.1,0.75,0.0,74,262.69379325988007,516.2951946258545,119,0.844237511899291,6429.712890625,11.361866791752071,2,1,20,0.67,0.067,0.05,0.1,0.1,0.75,0.0
621,PartitionExploration,0,NOOP,0.264487,-0.056356,0.138548,0,74,262.69379325988007,516.2951946258545,119,0.844237511899291,6429.712890625,11.361866791752071,2,1,20,0.67,0.067,0.05,0.1,0.1,0.75,0.0,77,280.70395405291947,483.4280014038086,122,0.8253919257492316,6444.66015625,13.567642112418321,2,2,21,0.0,0.067,0.05,0.1,0.05,0.8,0.0
622,PartitionExploration,0,NOOP,0.257496,-0.056301,0.132423,0,77,280.70395405291947,483.4280014038086,122,0.8253919257492316,6444.66015625,13.567642112418321,2,2,21,0.0,0.067,0.05,0.1,0.05,0.8,0.0,49,160.01676774078518,573.3585357666016,125,0.807131103515625,6457.048828125,15.350213749014507,2,3,22,0.0,0.067,0.0,0.1,0.05,0.85,0.0
623,PartitionExploration,0,NOOP,0.25073,-0.056264,0.130172,0,49,160.01676774078518,573.3585357666016,125,0.807131103515625,6457.048828125,15.350213749014507,2,3,22,0.0,0.067,0.0,0.1,0.05,0.85,0.0,30,95.90078623494371,502.7318000793457,128,0.7895132303237915,6467.6923828125,16.83608247391312,2,4,23,0.0,0.067,0.0,0.1,0.05,0.85,0.0
624,PartitionExploration,0,NOOP,0.2443,-0.056211,0.108696,0,30,95.90078623494371,502.7318000793457,128,0.7895132303237915,6467.6923828125,16.83608247391312,2,4,23,0.0,0.067,0.0,0.1,0.05,0.85,0.0,44,146.6222939733306,1264.298677444458,131,0.7728566177018726,6479.6298828125,18.049193254211666,2,5,24,0.0,0.067,0.0,0.1,0.05,0.85,0.0
625,PartitionExploration,2,COMPACT_64KB,0.087699,0.210527,0.280449,0,44,146.6222939733306,1264.298677444458,131,0.7728566177018726,6479.6298828125,18.049193254211666,2,5,24,0.0,0.067,0.0,0.1,0.05,0.85,0.0,31,100.53173563061088,408.9829921722412,118,0.8537121788930084,6447.234375,9.747045689420997,2,0,25,0.67,0.1005,0.0,0.15,0.05,0.8,0.0
626,PartitionExploration,0,NOOP,0.267877,-0.056087,0.140568,0,31,100.53173563061088,408.9829921722412,118,0.8537121788930084,6447.234375,9.747045689420997,2,0,25,0.67,0.1005,0.0,0.15,0.05,0.8,0.0,80,242.10018521284326,480.3192615509033,121,0.8345046870964618,6462.404296875,12.353310287456939,2,1,26,0.0,0.1005,0.0,0.15,0.05,0.8,0.0
627,PartitionExploration,0,NOOP,0.260696,-0.056049,0.137067,0,80,242.10018521284326,480.3192615509033,121,0.8345046870964618,6462.404296875,12.353310287456939,2,1,26,0.0,0.1005,0.0,0.15,0.05,0.8,0.0,36,115.54300065272503,453.167200088501,124,0.8157034843198715,6473.4228515625,14.414157796292159,2,2,27,0.0,0.1005,0.0,0.15,0.05,0.8,0.0
628,PartitionExploration,0,NOOP,0.253921,-0.055984,0.130996,0,36,115.54300065272503,453.167200088501,124,0.8157034843198715,6473.4228515625,14.414157796292159,2,2,27,0.0,0.1005,0.0,0.15,0.05,0.8,0.0,58,194.67582149367726,546.0531711578369,127,0.7980591781496063,6486.625,15.998664733141238,2,3,28,0.0,0.1005,0.0,0.15,0.05,0.8,0.0
629,PartitionExploration,0,NOOP,0.247326,-0.055948,0.128832,0,58,194.67582149367726,546.0531711578369,127,0.7980591781496063,6486.625,15.998664733141238,2,3,28,0.0,0.1005,0.0,0.15,0.05,0.8,0.0,31,97.54495374576412,475.89707374572754,130,0.7809316781850961,6497.3515625,17.35703892001671,2,4,29,0.0,0.1005,0.0,0.15,0.05,0.8,0.0
630,PartitionExploration,0,NOOP,0.241059,-0.055897,0.124416,0,31,97.54495374576412,475.89707374572754,130,0.7809316781850961,6497.3515625,17.35703892001671,2,4,29,0.0,0.1005,0.0,0.15,0.05,0.8,0.0,46,148.8224085971409,510.32376289367676,133,0.7647403344175869,6509.4697265625,18.474550751055084,2,5,30,0.0,0.1005,0.0,0.15,0.05,0.8,0.0
631,PartitionExploration,2,COMPACT_64KB,0.091434,-0.13086,0.14689,0,46,148.8224085971409,510.32376289367676,133,0.7647403344175869,6509.4697265625,18.474550751055084,2,5,30,0.0,0.1005,0.0,0.15,0.05,0.8,0.0,36,119.63985138806683,482.0215702056885,117,0.8638107430221688,6468.21484375,8.601749955413945,2,0,31,0.0,0.1005,0.0,0.15,0.05,0.8,0.0
632,PartitionExploration,0,NOOP,0.271413,-0.055791,0.139866,0,36,119.63985138806683,482.0215702056885,117,0.8638107430221688,6468.21484375,8.601749955413945,2,0,31,0.0,0.1005,0.0,0.15,0.05,0.8,0.0,67,209.18085219621815,597.4831581115723,120,0.8440381368001302,6482.212890625,11.624737507937079,2,1,32,0.0,0.1005,0.0,0.15,0.05,0.8,0.0
633,PartitionExploration,0,NOOP,0.264168,-0.055736,0.138304,0,67,209.18085219621815,597.4831581115723,120,0.8440381368001302,6482.212890625,11.624737507937079,2,1,32,0.0,0.1005,0.0,0.15,0.05,0.8,0.0,51,175.77206359066898,485.64696311950684,123,0.8250527730802211,6494.8154296875,13.833435935190744,2,2,33,0.0,0.1005,0.0,0.15,0.05,0.8,0.0
634,PartitionExploration,0,NOOP,0.25722,-0.062384,0.130186,0,51,175.77206359066898,485.64696311950684,123,0.8250527730802211,6494.8154296875,13.833435935190744,2,2,33,0.0,0.1005,0.0,0.15,0.05,0.8,0.0,46,165.946888527836,661.998987197876,126,0.8069156465076265,6506.9677734375,15.571145497027631,2,3,34,0.0,0.067,0.0,0.1,0.05,0.85,0.0
635,PartitionExploration,0,NOOP,0.250611,-0.055619,0.127906,0,46,165.946888527836,661.998987197876,126,0.8069156465076265,6506.9677734375,15.571145497027631,2,3,34,0.0,0.067,0.0,0.1,0.05,0.85,0.0,58,203.763206475671,596.4751243591309,129,0.7897442958151647,6520.12890625,16.967801291017572,2,4,35,0.0,0.067,0.05,0.1,0.05,0.8,0.0
636,PartitionExploration,0,NOOP,0.24423,-0.055567,0.124203,0,58,203.763206475671,596.4751243591309,129,0.7897442958151647,6520.12890625,16.967801291017572,2,4,35,0.0,0.067,0.05,0.1,0.05,0.8,0.0,46,123.13741638483812,597.5561141967773,132,0.7732274604566169,6532.2255859375,18.158529801893504,2,5,36,0.0,0.067,0.1,0.1,0.05,0.75,0.0
637,PartitionExploration,2,COMPACT_64KB,0.09012,-0.130497,0.144456,0,46,123.13741638483812,597.5561141967773,132,0.7732274604566169,6532.2255859375,18.158529801893504,2,5,36,0.0,0.067,0.1,0.1,0.05,0.75,0.0,62,219.00397083729504,553.6942481994629,118,0.8606288069385594,6499.46875,8.975955968317312,2,0,37,0.0,0.067,0.1,0.1,0.05,0.75,0.0
638,PartitionExploration,0,NOOP,0.270044,-0.055465,0.142518,0,62,219.00397083729504,553.6942481994629,118,0.8606288069385594,6499.46875,8.975955968317312,2,0,37,0.0,0.067,0.1,0.1,0.05,0.75,0.0,33,117.41604676552849,449.8434066772461,121,0.8406984943988894,6510.369140625,11.9623570439195,2,1,38,0.0,0.067,0.1,0.1,0.05,0.75,0.0
639,PartitionExploration,0,NOOP,0.262995,-0.05538,0.12391,0,33,117.41604676552849,449.8434066772461,121,0.8406984943988894,6510.369140625,11.9623570439195,2,1,38,0.0,0.067,0.1,0.1,0.05,0.75,0.0,80,248.11723488237618,1073.3294486999512,124,0.8222711624637726,6525.5439453125,14.006612950073652,2,2,39,0.0,0.067,0.1,0.1,0.1,0.7,0.0
640,PartitionExploration,0,NOOP,0.256065,-0.062046,0.134119,0,80,248.11723488237618,1073.3294486999512,124,0.8222711624637726,6525.5439453125,14.006612950073652,2,2,39,0.0,0.067,0.1,0.1,0.1,0.7,0.0,33,105.391664274494,464.70046043395996,127,0.8041864830677904,6536.427734375,15.726814573797796,2,3,40,0.0,0.0335,0.1,0.05,0.1,0.75,0.0
641,PartitionExploration,0,NOOP,0.249421,-0.055313,0.1314,0,33,105.391664274494,464.70046043395996,127,0.8041864830677904,6536.427734375,15.726814573797796,2,3,40,0.0,0.0335,0.1,0.05,0.1,0.75,0.0,31,90.61238336628475,417.1154499053955,130,0.7869158231295073,6547.1396484375,17.13784486089749,2,4,41,0.0,0.0335,0.1,0.05,0.1,0.7,0.05
642,PartitionExploration,0,NOOP,0.243099,-0.055263,0.122027,0,31,90.61238336628475,417.1154499053955,130,0.7869158231295073,6547.1396484375,17.13784486089749,2,4,41,0.0,0.0335,0.1,0.05,0.1,0.7,0.05,45,148.9557986981419,662.6729965209961,133,0.7705694212949366,6559.0869140625,18.29833645564263,2,5,42,0.0,0.0335,0.1,0.05,0.1,0.7,0.05
643,PartitionExploration,2,COMPACT_64KB,0.088546,-0.13022,0.147514,0,45,148.9557986981419,662.6729965209961,133,0.7705694212949366,6559.0869140625,18.29833645564263,2,5,42,0.0,0.0335,0.1,0.05,0.1,0.7,0.05,39,128.09111047944353,383.62956047058105,119,0.8567031732126444,6524.6513671875,9.512405814034578,2,0,43,0.0,0.0335,0.1,0.05,0.1,0.65,0.1
644,PartitionExploration,0,NOOP,0.268717,0.286561,0.275374,0,39,128.09111047944353,383.62956047058105,119,0.8567031732126444,6524.6513671875,9.512405814034578,2,0,43,0.0,0.0335,0.1,0.05,0.1,0.65,0.1,71,226.10562888363816,465.9240245819092,122,0.8374768866867316,6539.01953125,12.198459251526081,2,1,44,0.67,0.067,0.1,0.1,0.05,0.65,0.1
645,PartitionExploration,0,NOOP,0.261655,-0.061778,0.133511,0,71,226.10562888363816,465.9240245819092,122,0.8374768866867316,6539.01953125,12.198459251526081,2,1,44,0.67,0.067,0.1,0.1,0.05,0.65,0.1,57,192.28753935022465,628.5946369171143,125,0.8190155029296875,6552.1240234375,14.22810369504185,2,2,45,0.0,0.0335,0.15,0.05,0.05,0.65,0.1
646,PartitionExploration,0,NOOP,0.254972,-0.054992,0.13347,0,57,192.28753935022465,628.5946369171143,125,0.8190155029296875,6552.1240234375,14.22810369504185,2,2,45,0.0,0.0335,0.15,0.05,0.05,0.65,0.1,76,249.22137958425458,465.29483795166016,128,0.8016335964202881,6566.982421875,15.799756238039658,2,3,46,0.0,0.0335,0.15,0.05,0.05,0.65,0.1
647,PartitionExploration,0,NOOP,0.248475,-0.054938,0.12812,0,76,249.22137958425458,465.29483795166016,128,0.8016335964202881,6566.982421875,15.799756238039658,2,3,46,0.0,0.0335,0.15,0.05,0.05,0.65,0.1,52,161.05659552534843,534.1057777404785,131,0.7847870106005487,6579.654296875,17.142344451603183,2,4,47,0.0,0.0335,0.15,0.05,0.05,0.65,0.1
648,PartitionExploration,0,NOOP,0.242282,-0.054875,0.123693,0,52,161.05659552534843,534.1057777404785,131,0.7847870106005487,6579.654296875,17.142344451603183,2,4,47,0.0,0.0335,0.15,0.05,0.05,0.65,0.1,62,206.15797735207659,570.76096534729,134,0.7688057742901703,6593.2783203125,18.255758898654268,2,5,48,0.0,0.0335,0.15,0.05,0.05,0.65,0.1
649,PartitionExploration,2,COMPACT_64KB,0.090009,-0.129815,0.14672,0,62,206.15797735207659,570.76096534729,134,0.7688057742901703,6593.2783203125,18.255758898654268,2,5,48,0.0,0.0335,0.15,0.05,0.05,0.65,0.1,54,171.89457386932844,453.49788665771484,119,0.8608842096408876,6556.494140625,8.814436631751786,2,0,49,0.0,0.0335,0.15,0.05,0.05,0.65,0.1
650,PartitionExploration,6,PARTITION_EVENT_TYPE,-0.104868,-0.204741,0.142046,0,54,171.89457386932844,453.49788665771484,119,0.8608842096408876,6556.494140625,8.814436631751786,2,0,49,0.0,0.0335,0.15,0.05,0.05,0.65,0.1,68,213.43301479447135,471.7998504638672,122,0.8415210911485015,6570.5966796875,11.713029166360903,3,1,0,0.0,0.0335,0.15,0.05,0.05,0.65,0.1
651,PartitionExploration,2,COMPACT_64KB,0.082939,-0.130071,0.141679,0,68,213.43301479447135,471.7998504638672,122,0.8415210911485015,6570.5966796875,11.713029166360903,3,1,0,0.0,0.0335,0.15,0.05,0.05,0.65,0.1,80,277.44463829470567,495.0118064880371,122,0.8423972207991803,6577.4375,12.16528644590343,3,0,1,0.0,0.0335,0.15,0.05,0.05,0.6,0.15
652,PartitionExploration,0,NOOP,0.263352,-0.055032,0.135621,0,80,277.44463829470567,495.0118064880371,122,0.8423972207991803,6577.4375,12.16528644590343,3,0,1,0.0,0.0335,0.15,0.05,0.05,0.6,0.15,62,202.94121852051288,579.7064304351807,125,0.8238638916015625,6590.9111328125,14.218352134303155,3,1,2,0.0,0.0335,0.2,0.05,0.05,0.55,0.15
653,PartitionExploration,0,NOOP,0.256439,0.286684,0.267567,0,62,202.94121852051288,579.7064304351807,125,0.8238638916015625,6590.9111328125,14.218352134303155,3,1,2,0.0,0.0335,0.2,0.05,0.05,0.55,0.15,30,99.51780624302035,497.0533847808838,128,0.8058249950408936,6601.318359375,15.918043839539353,3,2,3,0.67,0.067,0.2,0.05,0.05,0.55,0.15
654,PartitionExploration,0,NOOP,0.249965,0.286736,0.264668,0,30,99.51780624302035,497.0533847808838,128,0.8058249950408936,6601.318359375,15.918043839539353,3,2,3,0.67,0.067,0.2,0.05,0.05,0.55,0.15,67,192.8170848099572,461.3661766052246,131,0.7890435138731512,6615.3408203125,17.23880945452377,3,3,4,0.67,0.1005,0.2,0.05,0.05,0.55,0.15
655,PartitionExploration,0,NOOP,0.243739,-0.054913,0.123529,0,67,192.8170848099572,461.3661766052246,131,0.7890435138731512,6615.3408203125,17.23880945452377,3,3,4,0.67,0.1005,0.2,0.05,0.05,0.55,0.15,63,215.95351429631532,613.5056018829346,134,0.7729697156308303,6628.98828125,18.359367800019523,3,4,5,0.0,0.1005,0.2,0.05,0.05,0.55,0.15
656,PartitionExploration,0,NOOP,0.237796,0.286841,0.257658,0,63,215.95351429631532,613.5056018829346,134,0.7729697156308303,6628.98828125,18.359367800019523,3,4,5,0.0,0.1005,0.2,0.05,0.05,0.55,0.15,73,254.48969936748315,461.04907989501953,137,0.7577039064282048,6643.5478515625,19.303818986334285,3,5,6,0.67,0.134,0.15,0.05,0.05,0.6,0.15
657,PartitionExploration,2,COMPACT_64KB,0.08932,-0.129825,0.141869,0,73,254.48969936748315,461.04907989501953,137,0.7577039064282048,6643.5478515625,19.303818986334285,3,5,6,0.67,0.134,0.15,0.05,0.05,0.6,0.15,35,108.32508600295458,644.0634727478027,120,0.859485117594401,6600.845703125,9.425989218056579,3,0,7,0.0,0.134,0.2,0.05,0.05,0.55,0.15
658,PartitionExploration,0,NOOP,0.269411,0.286901,0.272988,0,35,108.32508600295458,644.0634727478027,120,0.859485117594401,6600.845703125,9.425989218056579,3,0,7,0.0,0.134,0.2,0.05,0.05,0.55,0.15,44,135.19516445809302,584.7296714782715,123,0.8400328101181402,6612.73828125,12.215062592120107,3,1,8,0.67,0.1675,0.2,0.05,0.05,0.55,0.15
659,PartitionExploration,0,NOOP,0.262399,-0.054759,0.134276,0,44,135.19516445809302,584.7296714782715,123,0.8400328101181402,6612.73828125,12.215062592120107,3,1,8,0.67,0.1675,0.2,0.05,0.05,0.55,0.15,62,201.3372953504109,613.5337352752686,126,0.8217113434322296,6626.2802734375,14.230576247508091,3,2,9,0.0,0.1675,0.25,0.05,0.0,0.55,0.15
660,PartitionExploration,0,NOOP,0.255701,-0.054727,0.135255,0,62,201.3372953504109,613.5337352752686,126,0.8217113434322296,6626.2802734375,14.230576247508091,3,2,9,0.0,0.1675,0.25,0.05,0.0,0.55,0.15,66,215.27383126113992,406.1858654022217,129,0.8042878143547117,6640.2001953125,15.827323229591814,3,3,10,0.0,0.1675,0.25,0.05,0.0,0.5,0.2
661,PartitionExploration,0,NOOP,0.249283,0.287024,0.259299,0,66,215.27383126113992,406.1858654022217,129,0.8042878143547117,6640.2001953125,15.827323229591814,3,3,10,0.0,0.1675,0.25,0.05,0.0,0.5,0.2,67,232.59855864535507,674.3407249450684,132,0.7876662052038944,6654.2041015625,17.14172936216342,3,4,11,0.67,0.201,0.25,0.05,0.0,0.55,0.15
662,PartitionExploration,0,NOOP,0.243068,0.287062,0.260608,0,67,232.59855864535507,674.3407249450684,132,0.7876662052038944,6654.2041015625,17.14172936216342,3,4,11,0.67,0.201,0.25,0.05,0.0,0.55,0.15,52,169.79560111731496,464.6317958831787,135,0.7716220431857639,6666.814453125,18.27647606986468,3,5,12,0.67,0.23450000000000001,0.25,0.05,0.0,0.55,0.15
663,PartitionExploration,2,COMPACT_64KB,0.090587,0.212093,0.281012,0,52,169.79560111731496,464.6317958831787,135,0.7716220431857639,6666.814453125,18.27647606986468,3,5,12,0.67,0.23450000000000001,0.25,0.05,0.0,0.55,0.15,39,125.75946860200504,454.67376708984375,120,0.8631065368652344,6628.658203125,8.881065314142628,3,0,13,0.67,0.268,0.25,0.05,0.0,0.6,0.1
664,PartitionExploration,0,NOOP,0.270723,0.280422,0.275117,0,39,125.75946860200504,454.67376708984375,120,0.8631065368652344,6628.658203125,8.881065314142628,3,0,13,0.67,0.268,0.25,0.05,0.0,0.6,0.1,63,222.73325145803497,525.6097316741943,123,0.8437796491917556,6642.2333984375,11.778563880375682,3,1,14,0.67,0.268,0.25,0.0,0.0,0.65,0.1
665,PartitionExploration,0,NOOP,0.263672,0.28716,0.271191,0,63,222.73325145803497,525.6097316741943,123,0.8437796491917556,6642.2333984375,11.778563880375682,3,1,14,0.67,0.268,0.25,0.0,0.0,0.65,0.1,61,195.32294115177172,519.79660987854,126,0.825348142593626,6655.607421875,13.891458837955371,3,2,15,0.67,0.3015,0.2,0.0,0.0,0.7,0.1
666,PartitionExploration,0,NOOP,0.256893,0.287196,0.268166,0,61,195.32294115177172,519.79660987854,126,0.825348142593626,6655.607421875,13.891458837955371,3,2,15,0.67,0.3015,0.2,0.0,0.0,0.7,0.1,53,176.10700552171053,482.03539848327637,129,0.8076938363008721,6668.3203125,15.57300774103164,3,3,16,0.67,0.335,0.2,0.0,0.0,0.7,0.1
667,PartitionExploration,0,NOOP,0.250339,-0.054483,0.132113,0,53,176.10700552171053,482.03539848327637,129,0.8076938363008721,6668.3203125,15.57300774103164,3,3,16,0.67,0.335,0.2,0.0,0.0,0.7,0.1,39,126.75482020230824,408.13541412353516,132,0.7906823591752485,6679.6845703125,16.980974299994738,3,4,17,0.0,0.335,0.2,0.0,0.0,0.65,0.15
668,PartitionExploration,0,NOOP,0.244183,0.28728,0.257664,0,39,126.75482020230824,408.13541412353516,132,0.7906823591752485,6679.6845703125,16.980974299994738,3,4,17,0.0,0.335,0.2,0.0,0.0,0.65,0.15,75,200.79982177953644,618.0849075317383,135,0.7748074001736112,6694.3359375,18.10226361113061,3,5,18,0.67,0.3685,0.2,0.0,0.0,0.65,0.15
669,PartitionExploration,2,COMPACT_64KB,0.089352,-0.129381,0.143564,0,75,200.79982177953644,618.0849075317383,135,0.7748074001736112,6694.3359375,18.10226361113061,3,5,18,0.67,0.3685,0.2,0.0,0.0,0.65,0.15,54,166.3972258853694,571.7344284057617,121,0.8601476495916193,6660.9833984375,9.12173979884344,3,0,19,0.0,0.36850000000000005,0.25,0.0,0.0,0.6,0.15
670,PartitionExploration,0,NOOP,0.269551,-0.054336,0.14369,0,54,166.3972258853694,571.7344284057617,121,0.8601476495916193,6660.9833984375,9.12173979884344,3,0,19,0.0,0.36850000000000005,0.25,0.0,0.0,0.6,0.15,58,191.33770798677065,386.17873191833496,124,0.841001695202243,6674.189453125,11.927119563599062,3,1,20,0.0,0.36850000000000005,0.25,0.0,0.0,0.55,0.2
671,PartitionExploration,0,NOOP,0.262626,-0.054293,0.135248,0,58,191.33770798677065,386.17873191833496,124,0.841001695202243,6674.189453125,11.927119563599062,3,1,20,0.0,0.36850000000000005,0.25,0.0,0.0,0.55,0.2,74,239.90923629527884,577.0261287689209,127,0.8229324460968258,6688.794921875,13.952359912803502,3,2,21,0.0,0.36850000000000005,0.25,0.05,0.0,0.55,0.15
672,PartitionExploration,0,NOOP,0.255976,0.287441,0.266827,0,74,239.90923629527884,577.0261287689209,127,0.8229324460968258,6688.794921875,13.952359912803502,3,2,21,0.0,0.36850000000000005,0.25,0.05,0.0,0.55,0.15,69,211.3048864719944,516.5016651153564,130,0.805645751953125,6702.97265625,15.570837192804085,3,3,22,0.67,0.402,0.2,0.05,0.0,0.6,0.15
673,PartitionExploration,0,NOOP,0.249508,-0.060924,0.115314,0,69,211.3048864719944,516.5016651153564,130,0.805645751953125,6702.97265625,15.570837192804085,3,3,22,0.67,0.402,0.2,0.05,0.0,0.6,0.15,45,137.51185191499405,1107.3105335235596,133,0.788881230175047,6714.95703125,16.947533397353727,3,4,23,0.0,0.36850000000000005,0.2,0.05,0.05,0.55,0.15
674,PartitionExploration,0,NOOP,0.243302,0.280805,0.259566,0,45,137.51185191499405,1107.3105335235596,133,0.788881230175047,6714.95703125,16.947533397353727,3,4,23,0.0,0.36850000000000005,0.2,0.05,0.05,0.55,0.15,46,145.78378227258543,514.5795345306396,136,0.7728619295008042,6726.990234375,18.10543868238905,3,5,24,0.67,0.36850000000000005,0.2,0.05,0.05,0.55,0.15
675,PartitionExploration,2,COMPACT_64KB,0.090742,0.212549,0.281527,0,46,145.78378227258543,514.5795345306396,136,0.7728619295008042,6726.990234375,18.10543868238905,3,5,24,0.67,0.36850000000000005,0.2,0.05,0.05,0.55,0.15,66,185.85831415381392,435.92357635498047,121,0.8641197267642691,6691.7431640625,8.543839739748176,3,0,25,0.67,0.402,0.15,0.05,0.05,0.6,0.15
676,PartitionExploration,0,NOOP,0.270864,0.280879,0.276209,0,66,185.85831415381392,435.92357635498047,121,0.8641197267642691,6691.7431640625,8.543839739748176,3,0,25,0.67,0.402,0.15,0.05,0.05,0.6,0.15,47,154.30325838862083,481.81629180908203,124,0.8447551112021169,6703.9765625,11.562874555440285,3,1,26,0.67,0.402,0.15,0.05,0.05,0.6,0.15
677,PartitionExploration,0,NOOP,0.26391,0.287628,0.27316,0,47,154.30325838862083,481.81629180908203,124,0.8447551112021169,6703.9765625,11.562874555440285,3,1,26,0.67,0.402,0.15,0.05,0.05,0.6,0.15,74,256.5539833922688,440.77301025390625,127,0.8265997218334769,6718.6025390625,13.668407602001354,3,2,27,0.67,0.43550000000000005,0.1,0.05,0.05,0.65,0.15
678,PartitionExploration,0,NOOP,0.25711,-0.060749,0.131308,0,74,256.5539833922688,440.77301025390625,127,0.8265997218334769,6718.6025390625,13.668407602001354,3,2,27,0.67,0.43550000000000005,0.1,0.05,0.05,0.65,0.15,37,125.99127417503284,609.3988418579102,130,0.8088850754957932,6729.923828125,15.405658668981829,3,3,28,0.0,0.402,0.15,0.05,0.05,0.6,0.15
679,PartitionExploration,0,NOOP,0.250598,0.287674,0.263615,0,37,125.99127417503284,609.3988418579102,130,0.8088850754957932,6729.923828125,15.405658668981829,3,3,28,0.0,0.402,0.15,0.05,0.05,0.6,0.15,40,124.60046595533098,521.0647583007812,133,0.7919931053218985,6741.4453125,16.822366522034233,3,4,29,0.67,0.43550000000000005,0.1,0.05,0.05,0.65,0.15
680,PartitionExploration,0,NOOP,0.244418,-0.053996,0.112298,0,40,124.60046595533098,521.0647583007812,133,0.7919931053218985,6741.4453125,16.822366522034233,3,4,29,0.67,0.43550000000000005,0.1,0.05,0.05,0.65,0.15,60,170.67349564361095,1110.5222702026367,136,0.7760518017937156,6754.7548828125,17.97925960970274,3,5,30,0.0,0.43550000000000005,0.1,0.05,0.1,0.65,0.1
681,PartitionExploration,2,COMPACT_64KB,0.091918,0.206026,0.280944,0,60,170.67349564361095,1110.5222702026367,136,0.7760518017937156,6754.7548828125,17.97925960970274,3,5,30,0.0,0.43550000000000005,0.1,0.05,0.1,0.65,0.1,46,157.50810978496907,489.72034454345703,121,0.867479056366219,6717.7578125,8.357464923100041,3,0,31,0.67,0.43550000000000005,0.1,0.05,0.1,0.65,0.1
682,PartitionExploration,0,NOOP,0.271998,0.281051,0.276463,0,46,157.50810978496907,489.72034454345703,121,0.867479056366219,6717.7578125,8.357464923100041,3,0,31,0.67,0.43550000000000005,0.1,0.05,0.1,0.65,0.1,44,144.8599284920937,498.7046718597412,124,0.8479956350018901,6729.693359375,11.46289550544473,3,1,32,0.67,0.43550000000000005,0.1,0.05,0.1,0.65,0.1
683,PartitionExploration,0,NOOP,0.264943,-0.060618,0.135911,0,44,144.8599284920937,498.7046718597412,124,0.8479956350018901,6729.693359375,11.46289550544473,3,1,32,0.67,0.43550000000000005,0.1,0.05,0.1,0.65,0.1,56,175.99489281352325,605.3135395050049,127,0.8295522374430979,6742.6005859375,13.65144768219642,3,2,33,0.0,0.402,0.15,0.05,0.1,0.6,0.1
684,PartitionExploration,0,NOOP,0.25813,-0.060588,0.117605,0,56,175.99489281352325,605.3135395050049,127,0.8295522374430979,6742.6005859375,13.65144768219642,3,2,33,0.0,0.402,0.15,0.05,0.1,0.6,0.1,41,139.98847637600096,1221.6198444366455,130,0.8117990347055288,6754.16796875,15.398712919104417,3,3,34,0.0,0.36850000000000005,0.15,0.05,0.15,0.55,0.1
685,PartitionExploration,0,NOOP,0.251594,-0.060563,0.116578,0,41,139.98847637600096,1221.6198444366455,130,0.8117990347055288,6754.16796875,15.398712919104417,3,3,34,0.0,0.36850000000000005,0.15,0.05,0.15,0.55,0.1,40,135.38234105065413,1104.2325496673584,133,0.7948408772174577,6765.685546875,16.827920990192062,3,4,35,0.0,0.3350000000000001,0.15,0.05,0.2,0.5,0.1
686,PartitionExploration,0,NOOP,0.245384,0.281167,0.260036,0,40,135.38234105065413,1104.2325496673584,133,0.7948408772174577,6765.685546875,16.827920990192062,3,4,35,0.0,0.3350000000000001,0.15,0.05,0.2,0.5,0.1,57,162.21462986346376,545.4330444335938,136,0.7788124084472656,6778.783203125,17.998039854232335,3,5,36,0.67,0.3350000000000001,0.15,0.05,0.2,0.5,0.1
687,PartitionExploration,2,COMPACT_64KB,0.087935,0.212895,0.278914,0,57,162.21462986346376,545.4330444335938,136,0.7788124084472656,6778.783203125,17.998039854232335,3,5,36,0.67,0.3350000000000001,0.15,0.05,0.2,0.5,0.1,46,157.79356911289875,478.2845973968506,123,0.8572441039046621,6748.2255859375,9.802970192382325,3,0,37,0.67,0.36850000000000005,0.15,0.05,0.2,0.55,0.05
688,PartitionExploration,0,NOOP,0.268175,0.281213,0.273418,0,46,157.79356911289875,478.2845973968506,123,0.8572441039046621,6748.2255859375,9.802970192382325,3,0,37,0.67,0.36850000000000005,0.15,0.05,0.2,0.55,0.05,37,127.98384916652165,534.6410274505615,126,0.8382154192243304,6759.369140625,12.454421852722204,3,1,38,0.67,0.36850000000000005,0.15,0.05,0.2,0.55,0.05
689,PartitionExploration,0,NOOP,0.261277,0.287946,0.270756,0,37,127.98384916652165,534.6410274505615,126,0.8382154192243304,6759.369140625,12.454421852722204,3,1,38,0.67,0.36850000000000005,0.15,0.05,0.2,0.55,0.05,49,154.0321178649347,478.41954231262207,129,0.820218936417454,6771.7275390625,14.410086799065327,3,2,39,0.67,0.402,0.1,0.05,0.2,0.6,0.05
690,PartitionExploration,0,NOOP,0.254745,0.287982,0.265031,0,49,154.0321178649347,478.41954231262207,129,0.820218936417454,6771.7275390625,14.410086799065327,3,2,39,0.67,0.402,0.1,0.05,0.2,0.6,0.05,71,224.83843480532462,562.4074935913086,132,0.803270282167377,6786.02734375,15.93574975254909,3,3,40,0.67,0.43550000000000005,0.1,0.05,0.2,0.65,0.0
691,PartitionExploration,0,NOOP,0.248473,0.288027,0.263494,0,71,224.83843480532462,562.4074935913086,132,0.803270282167377,6786.02734375,15.93574975254909,3,3,40,0.67,0.43550000000000005,0.1,0.05,0.2,0.65,0.0,70,244.145262471644,473.3257293701172,135,0.7870650679976852,6800.2421875,17.204329090501997,3,4,41,0.67,0.46900000000000003,0.1,0.0,0.2,0.7,0.0
692,PartitionExploration,0,NOOP,0.242479,-0.060344,0.12066,0,70,244.145262471644,473.3257293701172,135,0.7870650679976852,6800.2421875,17.204329090501997,3,4,41,0.67,0.46900000000000003,0.1,0.0,0.2,0.7,0.0,79,251.89253193983467,703.7363052368164,138,0.7716531062471694,6815.240234375,18.268407934706513,3,5,42,0.0,0.43550000000000005,0.15,0.0,0.2,0.65,0.0
693,PartitionExploration,2,COMPACT_64KB,0.089218,-0.12863,0.143807,0,79,251.89253193983467,703.7363052368164,138,0.7716531062471694,6815.240234375,18.268407934706513,3,5,42,0.0,0.43550000000000005,0.15,0.0,0.2,0.65,0.0,35,109.32777859285038,557.1153163909912,123,0.8609074538316184,6777.0634765625,9.085017898933902,3,0,43,0.0,0.43550000000000005,0.15,0.05,0.15,0.65,0.0
694,PartitionExploration,0,NOOP,0.269422,0.281387,0.276192,0,35,109.32777859285038,557.1153163909912,123,0.8609074538316184,6777.0634765625,9.085017898933902,3,0,43,0.0,0.43550000000000005,0.15,0.05,0.15,0.65,0.0,34,109.21470457815971,446.31052017211914,126,0.8417782253689237,6788.099609375,11.938210963551763,3,1,44,0.67,0.43550000000000005,0.15,0.05,0.15,0.65,0.0
695,PartitionExploration,0,NOOP,0.262613,-0.060267,0.137244,0,34,109.21470457815971,446.31052017211914,126,0.8417782253689237,6788.099609375,11.938210963551763,3,1,44,0.67,0.43550000000000005,0.15,0.05,0.15,0.65,0.0,80,258.39007666741617,490.22626876831055,129,0.8240368273831153,6803.248046875,13.922003249131258,3,2,45,0.0,0.402,0.15,0.1,0.15,0.6,0.0
696,PartitionExploration,0,NOOP,0.256002,-0.060237,0.133668,0,80,258.39007666741617,490.22626876831055,129,0.8240368273831153,6803.248046875,13.922003249131258,3,2,45,0.0,0.402,0.15,0.1,0.15,0.6,0.0,58,189.47457818535,480.18932342529297,132,0.8068630334102747,6816.37890625,15.548987312606991,3,3,46,0.0,0.36850000000000005,0.15,0.15,0.15,0.55,0.0
697,PartitionExploration,0,NOOP,0.249657,0.281511,0.264169,0,58,189.47457818535,480.18932342529297,132,0.8068630334102747,6816.37890625,15.548987312606991,3,3,46,0.0,0.36850000000000005,0.15,0.15,0.15,0.55,0.0,57,170.76906725181286,473.3879566192627,135,0.7904489022714121,6829.478515625,16.89042058705657,3,4,47,0.67,0.36850000000000005,0.15,0.15,0.15,0.55,0.0
698,PartitionExploration,0,NOOP,0.243589,0.288247,0.26089,0,57,170.76906725181286,473.3879566192627,135,0.7904489022714121,6829.478515625,16.89042058705657,3,4,47,0.67,0.36850000000000005,0.15,0.15,0.15,0.55,0.0,66,217.5089408203963,463.92345428466797,138,0.7748243912406589,6843.2490234375,18.011664141279056,3,5,48,0.67,0.402,0.1,0.15,0.15,0.6,0.0
699,PartitionExploration,2,COMPACT_64KB,0.088038,0.206572,0.278902,0,66,217.5089408203963,463.92345428466797,138,0.7748243912406589,6843.2490234375,18.011664141279056,3,5,48,0.67,0.402,0.1,0.15,0.15,0.6,0.0,52,185.4312012093202,480.82590103149414,124,0.8581087666173135,6809.951171875,9.224312861545537,3,0,49,0.67,0.402,0.1,0.15,0.15,0.6,0.0
700,PartitionExploration,7,REMOVE_PARTITION,0.143464,-0.103389,0.141934,0,52,185.4312012093202,480.82590103149414,124,0.8581087666173135,6809.951171875,9.224312861545537,3,0,49,0.67,0.402,0.1,0.15,0.15,0.6,0.0,72,204.54961205392976,433.4220886230469,127,0.8396123450572096,6824.369140625,11.89546492271602,0,1,0,0.0,0.402,0.1,0.15,0.1,0.65,0.0
701,PartitionExploration,2,COMPACT_64KB,0.091174,-0.137789,0.147583,0,72,204.54961205392976,433.4220886230469,127,0.8396123450572096,6824.369140625,11.89546492271602,0,1,0,0.0,0.402,0.1,0.15,0.1,0.65,0.0,92,330.410035363525,443.2055950164795,123,0.866498001222688,6821.072265625,8.529603124539712,0,0,1,0.0,0.36850000000000005,0.1,0.15,0.1,0.65,0.0
702,PartitionExploration,0,NOOP,0.27649,-0.062889,0.144155,0,92,330.410035363525,443.2055950164795,123,0.866498001222688,6821.072265625,8.529603124539712,0,0,1,0.0,0.36850000000000005,0.1,0.15,0.1,0.65,0.0,88,290.52599630052345,536.2033843994141,124,0.8608298763152091,6831.5458984375,9.406401507715305,0,1,2,0.0,0.3350000000000001,0.1,0.15,0.1,0.65,0.0
703,PartitionExploration,0,NOOP,0.274265,-0.056267,0.141809,0,88,290.52599630052345,536.2033843994141,124,0.8608298763152091,6831.5458984375,9.406401507715305,0,1,2,0.0,0.3350000000000001,0.1,0.15,0.1,0.65,0.0,69,232.02657257550504,581.7539691925049,125,0.8550433349609375,6840.3466796875,10.242591320072474,0,2,3,0.0,0.3350000000000001,0.05,0.15,0.1,0.7,0.0
704,PartitionExploration,0,NOOP,0.272094,-0.056352,0.142871,0,69,232.02657257550504,581.7539691925049,125,0.8550433349609375,6840.3466796875,10.242591320072474,0,2,3,0.0,0.3350000000000001,0.05,0.15,0.1,0.7,0.0,74,255.11225305864124,482.6333522796631,126,0.8494123428586929,6849.6611328125,10.97432461202055,0,3,4,0.0,0.3350000000000001,0.05,0.2,0.05,0.7,0.0
705,PartitionExploration,0,NOOP,0.269888,-0.056417,0.127579,0,74,255.11225305864124,482.6333522796631,126,0.8494123428586929,6849.6611328125,10.97432461202055,0,3,4,0.0,0.3350000000000001,0.05,0.2,0.05,0.7,0.0,57,202.99379068679437,1083.524465560913,127,0.8436805544875738,6857.435546875,11.686318315819621,0,4,5,0.0,0.3350000000000001,0.05,0.2,0.05,0.7,0.0
706,PartitionExploration,0,NOOP,0.267708,-0.063182,0.139491,0,57,202.99379068679437,1083.524465560913,127,0.8436805544875738,6857.435546875,11.686318315819621,0,4,5,0.0,0.3350000000000001,0.05,0.2,0.05,0.7,0.0,56,182.31249286874692,519.1473960876465,128,0.8380223512649536,6865.0791015625,12.34017421860068,0,5,6,0.0,0.30150000000000005,0.05,0.2,0.05,0.7,0.0
707,PartitionExploration,0,NOOP,0.265694,-0.063287,0.139986,0,56,182.31249286874692,519.1473960876465,128,0.8380223512649536,6865.0791015625,12.34017421860068,0,5,6,0.0,0.30150000000000005,0.05,0.2,0.05,0.7,0.0,92,314.1634484415008,448.1618404388428,129,0.8328407938166182,6875.93359375,12.85599279382272,0,6,7,0.0,0.268,0.05,0.2,0.05,0.7,0.0
708,PartitionExploration,0,NOOP,0.263612,-0.063362,0.13033,0,92,314.1634484415008,448.1618404388428,129,0.8328407938166182,6875.93359375,12.85599279382272,0,6,7,0.0,0.268,0.05,0.2,0.05,0.7,0.0,65,215.46956330683594,810.5206489562988,130,0.827462885929988,6884.4912109375,13.393866762599561,0,7,8,0.0,0.23450000000000001,0.1,0.2,0.05,0.65,0.0
709,PartitionExploration,0,NOOP,0.261567,-0.063442,0.135123,0,65,215.46956330683594,810.5206489562988,130,0.827462885929988,6884.4912109375,13.393866762599561,0,7,8,0.0,0.23450000000000001,0.1,0.2,0.05,0.65,0.0,69,221.20740560694517,554.5997619628906,131,0.8221924759959447,6893.26171875,13.88957487662011,0,8,9,0.0,0.201,0.1,0.2,0.05,0.65,0.0
710,PartitionExploration,0,NOOP,0.259634,-0.063547,0.134041,0,69,221.20740560694517,554.5997619628906,131,0.8221924759959447,6893.26171875,13.88957487662011,0,8,9,0.0,0.201,0.1,0.2,0.05,0.65,0.0,91,308.15720405556624,553.145170211792,132,0.8172400503447561,6904.0439453125,14.30763498317108,0,9,10,0.0,0.16750000000000004,0.1,0.2,0.05,0.65,0.0
711,PartitionExploration,0,NOOP,0.257616,-0.063616,0.136396,0,91,308.15720405556624,553.145170211792,132,0.8172400503447561,6904.0439453125,14.30763498317108,0,9,10,0.0,0.16750000000000004,0.1,0.2,0.05,0.65,0.0,60,208.16764701746433,402.3282527923584,133,0.8120452192492951,6912.12890625,14.760042474617494,0,10,11,0.0,0.134,0.1,0.2,0.05,0.6,0.05
712,PartitionExploration,0,NOOP,0.255702,-0.05701,0.133217,0,60,208.16764701746433,402.3282527923584,133,0.8120452192492951,6912.12890625,14.760042474617494,0,10,11,0.0,0.134,0.1,0.2,0.05,0.6,0.05,81,242.60667481690527,491.2679195404053,134,0.8071490615161497,6922.1103515625,15.145242918392238,0,11,12,0.0,0.134,0.05,0.2,0.05,0.65,0.05
713,PartitionExploration,0,NOOP,0.253725,-0.057076,0.129142,0,81,242.60667481690527,491.2679195404053,134,0.8071490615161497,6922.1103515625,15.145242918392238,0,11,12,0.0,0.134,0.05,0.2,0.05,0.65,0.05,57,206.26033931644946,617.0332431793213,135,0.8020724826388889,6929.90625,15.553690795937062,0,12,13,0.0,0.134,0.05,0.15,0.05,0.7,0.05
714,PartitionExploration,0,NOOP,0.25183,-0.06386,0.130222,0,57,206.26033931644946,617.0332431793213,135,0.8020724826388889,6929.90625,15.553690795937062,0,12,13,0.0,0.134,0.05,0.15,0.05,0.7,0.05,72,235.6085833052466,523.8919258117676,136,0.7972286448759192,6939.078125,15.912114598960722,0,13,14,0.0,0.1005,0.05,0.2,0.05,0.65,0.05
715,PartitionExploration,0,NOOP,0.250017,-0.057265,0.130367,0,72,235.6085833052466,523.8919258117676,136,0.7972286448759192,6939.078125,15.912114598960722,0,13,14,0.0,0.1005,0.05,0.2,0.05,0.65,0.05,90,295.4387118284316,472.78642654418945,137,0.7926188002537636,6949.681640625,16.225243133146865,0,14,15,0.0,0.1005,0.05,0.15,0.05,0.65,0.1
716,PartitionExploration,0,NOOP,0.248236,-0.057372,0.12818,0,90,295.4387118284316,472.78642654418945,137,0.7926188002537636,6949.681640625,16.225243133146865,0,14,15,0.0,0.1005,0.05,0.15,0.05,0.65,0.1,92,325.28127160106686,522.4587917327881,138,0.7881038499915082,6960.533203125,16.51845554290807,0,15,16,0.0,0.1005,0.05,0.15,0.05,0.65,0.1
717,PartitionExploration,2,COMPACT_64KB,0.090569,-0.139142,0.132649,0,92,325.28127160106686,522.4587917327881,138,0.7881038499915082,6960.533203125,16.51845554290807,0,15,16,0.0,0.1005,0.05,0.15,0.05,0.65,0.1,60,188.87518434710168,1067.5172805786133,125,0.865911376953125,6927.291015625,8.123966195321469,0,0,17,0.0,0.067,0.05,0.15,0.1,0.6,0.1
718,PartitionExploration,0,NOOP,0.275875,-0.064231,0.145913,0,60,188.87518434710168,1067.5172805786133,125,0.865911376953125,6927.291015625,8.123966195321469,0,0,17,0.0,0.067,0.05,0.15,0.1,0.6,0.1,76,273.6188922956488,444.87953186035156,126,0.8602155655149429,6936.7783203125,9.067202481647701,0,1,18,0.0,0.0335,0.05,0.15,0.1,0.6,0.1
719,PartitionExploration,0,NOOP,0.273707,-0.064319,0.144003,0,76,273.6188922956488,444.87953186035156,126,0.8602155655149429,6936.7783203125,9.067202481647701,0,1,18,0.0,0.0335,0.05,0.15,0.1,0.6,0.1,75,272.9432261971799,473.13952445983887,127,0.8545911894069882,6946.1171875,9.900364467512379,0,2,19,0.0,0.0,0.05,0.15,0.1,0.6,0.1
720,PartitionExploration,0,NOOP,0.271555,-0.057702,0.12891,0,75,272.9432261971799,473.13952445983887,127,0.8545911894069882,6946.1171875,9.900364467512379,0,2,19,0.0,0.0,0.05,0.15,0.1,0.6,0.1,71,239.00165489832247,1066.8377876281738,128,0.8490155935287476,6955.1357421875,10.655707849806571,0,3,20,0.0,0.0,0.05,0.15,0.15,0.55,0.1
721,PartitionExploration,0,NOOP,0.269452,-0.057791,0.140072,0,71,239.00165489832247,1066.8377876281738,128,0.8490155935287476,6955.1357421875,10.655707849806571,0,3,20,0.0,0.0,0.05,0.15,0.15,0.55,0.1,76,261.01408376894756,536.5040302276611,129,0.8435775401980378,6964.576171875,11.32619274602866,0,4,21,0.0,0.0,0.05,0.15,0.15,0.55,0.1
722,PartitionExploration,0,NOOP,0.26746,-0.057906,0.139824,0,76,261.01408376894756,536.5040302276611,129,0.8435775401980378,6964.576171875,11.32619274602866,0,4,21,0.0,0.0,0.05,0.15,0.15,0.55,0.1,98,360.5519058625393,497.87425994873047,130,0.8384563739483173,6975.95703125,11.884999224142321,0,5,22,0.0,0.0,0.05,0.15,0.15,0.55,0.1
723,PartitionExploration,0,NOOP,0.26532,-0.057965,0.135825,0,98,360.5519058625393,497.87425994873047,130,0.8384563739483173,6975.95703125,11.884999224142321,0,5,22,0.0,0.0,0.05,0.15,0.15,0.55,0.1,50,167.1534248824551,616.4190769195557,131,0.8329134642622853,6983.146484375,12.516082565280758,0,6,23,0.0,0.0,0.05,0.15,0.15,0.55,0.1
724,PartitionExploration,0,NOOP,0.26327,-0.058044,0.137786,0,50,167.1534248824551,616.4190769195557,131,0.8329134642622853,6983.146484375,12.516082565280758,0,6,23,0.0,0.0,0.05,0.15,0.15,0.55,0.1,67,210.8099960916431,481.6896915435791,132,0.8276279333866003,6991.80078125,13.059906923929358,0,7,24,0.0,0.0,0.05,0.1,0.15,0.6,0.1
725,PartitionExploration,0,NOOP,0.261209,-0.05811,0.121295,0,67,210.8099960916431,481.6896915435791,132,0.8276279333866003,6991.80078125,13.059906923929358,0,7,24,0.0,0.0,0.05,0.1,0.15,0.6,0.1,56,187.03190389812667,1137.507438659668,133,0.8223112866394502,6999.513671875,13.589254953753478,0,8,25,0.0,0.0,0.05,0.1,0.15,0.6,0.1
726,PartitionExploration,0,NOOP,0.259282,-0.058213,0.136966,0,56,187.03190389812667,1137.507438659668,133,0.8223112866394502,6999.513671875,13.589254953753478,0,8,25,0.0,0.0,0.05,0.1,0.15,0.6,0.1,87,306.95553951678437,418.26891899108887,134,0.8173776882797924,7009.8310546875,14.022800556991951,0,9,26,0.0,0.0,0.05,0.1,0.15,0.55,0.15
727,PartitionExploration,0,NOOP,0.257289,-0.058284,0.131381,0,87,306.95553951678437,418.26891899108887,134,0.8173776882797924,7009.8310546875,14.022800556991951,0,9,26,0.0,0.0,0.05,0.1,0.15,0.55,0.15,60,210.04514591671082,608.344316482544,135,0.8122539378978588,7017.8740234375,14.480615972642086,0,10,27,0.0,0.0,0.05,0.1,0.15,0.55,0.15
728,PartitionExploration,0,NOOP,0.255307,-0.058349,0.132653,0,60,210.04514591671082,608.344316482544,135,0.8122539378978588,7017.8740234375,14.480615972642086,0,10,27,0.0,0.0,0.05,0.1,0.15,0.55,0.15,55,178.09121852440578,504.8480033874512,136,0.8071626775404986,7025.5439453125,14.918927690810333,0,11,28,0.0,0.0,0.0,0.15,0.15,0.55,0.15
729,PartitionExploration,0,NOOP,0.253356,-0.058417,0.129753,0,55,178.09121852440578,504.8480033874512,136,0.8071626775404986,7025.5439453125,14.918927690810333,0,11,28,0.0,0.0,0.0,0.15,0.15,0.55,0.15,57,191.05545095657456,580.8768272399902,137,0.8021587733804745,7033.328125,15.329336051281448,0,12,29,0.0,0.0,0.0,0.15,0.15,0.55,0.15
730,PartitionExploration,0,NOOP,0.24948,-0.058535,0.10912,0,57,191.05545095657456,580.8768272399902,137,0.8021587733804745,7033.328125,15.329336051281448,0,12,29,0.0,0.0,0.0,0.15,0.15,0.55,0.15,100,325.5987119832446,1369.3084716796875,139,0.7922299611482689,7047.677734375,16.107231146190884,0,13,30,0.0,0.0,0.0,0.15,0.2,0.5,0.15
731,PartitionExploration,0,NOOP,0.247686,-0.058632,0.125042,0,100,325.5987119832446,1369.3084716796875,139,0.7922299611482689,7047.677734375,16.107231146190884,0,13,30,0.0,0.0,0.0,0.15,0.2,0.5,0.15,81,268.5682945203909,642.5716876983643,140,0.7876747131347657,7057.5654296875,16.415707193759918,0,14,31,0.0,0.0,0.0,0.2,0.2,0.5,0.1
732,PartitionExploration,2,COMPACT_64KB,0.092081,-0.133699,0.148436,0,81,268.5682945203909,642.5716876983643,140,0.7876747131347657,7057.5654296875,16.415707193759918,0,14,31,0.0,0.0,0.0,0.2,0.2,0.5,0.1,57,192.1895372505137,427.4559020996094,126,0.8708020164853051,7022.1474609375,7.860984255490835,0,0,32,0.0,0.0,0.0,0.2,0.2,0.45,0.15
733,PartitionExploration,0,NOOP,0.277471,-0.058816,0.14282,0,57,192.1895372505137,427.4559020996094,126,0.8708020164853051,7022.1474609375,7.860984255490835,0,0,32,0.0,0.0,0.0,0.2,0.2,0.45,0.15,98,293.4935259483304,616.0025596618652,127,0.8653444305179626,7033.51953125,8.76348574075002,0,1,33,0.0,0.0,0.0,0.2,0.2,0.45,0.15
734,PartitionExploration,0,NOOP,0.275305,-0.058905,0.142423,0,98,293.4935259483304,616.0025596618652,127,0.8653444305179626,7033.51953125,8.76348574075002,0,1,33,0.0,0.0,0.0,0.2,0.2,0.45,0.15,75,239.535811644305,579.5450210571289,128,0.8597278594970703,7042.890625,9.629802147602305,0,2,34,0.0,0.0,0.0,0.15,0.2,0.5,0.15
735,PartitionExploration,0,NOOP,0.273154,-0.058989,0.143688,0,75,239.535811644305,579.5450210571289,128,0.8597278594970703,7042.890625,9.629802147602305,0,2,34,0.0,0.0,0.0,0.15,0.2,0.5,0.15,70,223.4024285016428,472.18847274780273,129,0.854154246722081,7051.8974609375,10.41263392745595,0,3,35,0.0,0.0,0.0,0.15,0.2,0.55,0.1
736,PartitionExploration,0,NOOP,0.26879,-0.059108,0.140647,0,70,223.4024285016428,472.18847274780273,129,0.854154246722081,7051.8974609375,10.41263392745595,0,3,35,0.0,0.0,0.0,0.15,0.2,0.55,0.1,100,185.57208603478804,494.7381019592285,131,0.8428276003772066,7066.2666015625,11.870534330053841,0,4,36,0.0,0.0,0.0,0.1,0.2,0.6,0.1
737,PartitionExploration,0,NOOP,0.266726,-0.059192,0.140042,0,100,185.57208603478804,494.7381019592285,131,0.8428276003772066,7066.2666015625,11.870534330053841,0,4,36,0.0,0.0,0.0,0.1,0.2,0.6,0.1,70,225.01372225181348,469.6519374847412,132,0.8375017570726799,7075.21484375,12.456720609214099,0,5,37,0.0,0.0,0.0,0.1,0.15,0.65,0.1
738,PartitionExploration,0,NOOP,0.264709,-0.059284,0.140126,0,70,225.01372225181348,469.6519374847412,132,0.8375017570726799,7075.21484375,12.456720609214099,0,5,37,0.0,0.0,0.0,0.1,0.15,0.65,0.1,77,260.7932518344516,416.18824005126953,133,0.8323123329564145,7084.642578125,12.987110068808287,0,6,38,0.0,0.0,0.0,0.1,0.15,0.6,0.15
739,PartitionExploration,0,NOOP,0.262634,-0.059346,0.13648,0,77,260.7932518344516,416.18824005126953,133,0.8323123329564145,7084.642578125,12.987110068808287,0,6,38,0.0,0.0,0.0,0.1,0.15,0.6,0.15,52,152.04953619078293,521.1830139160156,134,0.8269536032605527,7091.9541015625,13.533589311453357,0,7,39,0.0,0.0,0.0,0.1,0.15,0.6,0.15
740,PartitionExploration,0,NOOP,0.260609,-0.059415,0.135829,0,52,152.04953619078293,521.1830139160156,134,0.8269536032605527,7091.9541015625,13.533589311453357,0,7,39,0.0,0.0,0.0,0.1,0.15,0.6,0.15,57,199.39044778658766,499.01485443115234,135,0.8217403835720486,7099.8369140625,14.029231882659397,0,8,40,0.0,0.0,0.0,0.1,0.1,0.6,0.2
741,PartitionExploration,0,NOOP,0.258684,-0.059509,0.134767,0,57,199.39044778658766,499.01485443115234,135,0.8217403835720486,7099.8369140625,14.029231882659397,0,8,40,0.0,0.0,0.0,0.1,0.1,0.6,0.2,79,262.69432799091766,496.93822860717773,136,0.8168119542738971,7109.53125,14.453096231686771,0,9,41,0.0,0.0,0.0,0.1,0.1,0.6,0.2
742,PartitionExploration,0,NOOP,0.25681,-0.059614,0.132025,0,79,262.69432799091766,496.93822860717773,136,0.8168119542738971,7109.53125,14.453096231686771,0,9,41,0.0,0.0,0.0,0.1,0.1,0.6,0.2,87,286.65078912452776,568.1068897247314,137,0.8120283140753307,7119.8642578125,14.839035723803407,0,10,42,0.0,0.0,0.0,0.1,0.1,0.6,0.2
743,PartitionExploration,0,NOOP,0.254938,-0.05971,0.130671,0,87,286.65078912452776,568.1068897247314,137,0.8120283140753307,7119.8642578125,14.839035723803407,0,10,42,0.0,0.0,0.0,0.1,0.1,0.6,0.2,80,266.4845757180831,579.8449516296387,138,0.807252856268399,7129.6572265625,15.214472816094485,0,11,43,0.0,0.0,0.0,0.1,0.1,0.6,0.2
744,PartitionExploration,0,NOOP,0.253149,-0.059826,0.130898,0,80,266.4845757180831,579.8449516296387,138,0.807252856268399,7129.6572265625,15.214472816094485,0,11,43,0.0,0.0,0.0,0.1,0.1,0.6,0.2,97,316.4293759649075,525.8204936981201,139,0.802711322153215,7140.919921875,15.541744219993474,0,12,44,0.0,0.0,0.0,0.1,0.1,0.6,0.2
745,PartitionExploration,0,NOOP,0.2513,-0.059912,0.129361,0,97,316.4293759649075,525.8204936981201,139,0.802711322153215,7140.919921875,15.541744219993474,0,12,44,0.0,0.0,0.0,0.1,0.1,0.6,0.2,71,226.79908030009818,545.9284782409668,140,0.7979989188058035,7150.0703125,15.891579838542546,0,13,45,0.0,0.0,0.0,0.1,0.05,0.65,0.2
746,PartitionExploration,0,NOOP,0.249425,-0.059983,0.130158,0,71,226.79908030009818,545.9284782409668,140,0.7979989188058035,7150.0703125,15.891579838542546,0,13,45,0.0,0.0,0.0,0.1,0.05,0.65,0.2,59,203.09932552989974,465.44671058654785,141,0.7932152714289672,7157.974609375,16.24667213330841,0,14,46,0.0,0.0,0.0,0.1,0.05,0.65,0.2
747,PartitionExploration,2,COMPACT_64KB,0.089058,-0.135102,0.145199,0,59,203.09932552989974,465.44671058654785,141,0.7932152714289672,7157.974609375,16.24667213330841,0,14,46,0.0,0.0,0.0,0.1,0.05,0.65,0.2,99,340.3836820214016,490.7867908477783,129,0.8638785901919815,7132.181640625,8.430413566747387,0,0,47,0.0,0.0,0.0,0.1,0.05,0.65,0.2
748,PartitionExploration,0,NOOP,0.274341,-0.060165,0.142701,0,99,340.3836820214016,490.7867908477783,129,0.8638785901919815,7132.181640625,8.430413566747387,0,0,47,0.0,0.0,0.0,0.1,0.05,0.65,0.2,52,164.6027964628752,543.0963039398193,130,0.85811767578125,7139.5390625,9.39110995564045,0,1,48,0.0,0.0,0.0,0.05,0.05,0.7,0.2
749,PartitionExploration,0,NOOP,0.272148,-0.060225,0.144315,0,52,164.6027964628752,543.0963039398193,130,0.85811767578125,7139.5390625,9.39110995564045,0,1,48,0.0,0.0,0.0,0.05,0.05,0.7,0.2,50,161.5169322479032,419.75975036621094,131,0.8524222337562619,7146.7080078125,10.243047560561036,0,2,49,0.0,0.0,0.0,0.05,0.05,0.65,0.25
750,PartitionExploration,0,NOOP,0.27001,-0.060294,0.139124,0,50,161.5169322479032,419.75975036621094,131,0.8524222337562619,7146.7080078125,10.243047560561036,0,2,49,0.0,0.0,0.0,0.05,0.05,0.65,0.25,57,190.36342224511878,589.4100666046143,132,0.8468868371212122,7154.5,10.985701170300793,0,3,50,0.0,0.0,0.0,0.05,0.0,0.7,0.25
751,PartitionExploration,0,NOOP,0.267939,-0.060375,0.13937,0,57,190.36342224511878,589.4100666046143,132,0.8468868371212122,7154.5,10.985701170300793,0,3,50,0.0,0.0,0.0,0.05,0.0,0.7,0.25,67,244.0217434344206,527.6985168457031,133,0.8415411468735314,7163.1982421875,11.633522927395305,0,4,51,0.0,0.0,0.0,0.05,0.0,0.7,0.25
752,PartitionExploration,0,NOOP,0.263757,-0.060496,0.134703,0,67,244.0217434344206,527.6985168457031,133,0.8415411468735314,7163.1982421875,11.633522927395305,0,4,51,0.0,0.0,0.0,0.05,0.0,0.7,0.25,100,317.2290380427918,624.3891716003418,135,0.8307335747612847,7177.5380859375,12.859694470575679,0,5,52,0.0,0.0,0.0,0.05,0.0,0.75,0.2
753,PartitionExploration,0,NOOP,0.261851,-0.060603,0.136293,0,100,317.2290380427918,624.3891716003418,135,0.8307335747612847,7177.5380859375,12.859694470575679,0,5,52,0.0,0.0,0.0,0.05,0.0,0.75,0.2,89,288.4213301315111,509.13214683532715,136,0.8258613137637868,7188.296875,13.318058336581135,0,6,53,0.0,0.0,0.0,0.05,0.0,0.75,0.2
754,PartitionExploration,0,NOOP,0.259839,-0.060668,0.133983,0,89,288.4213301315111,509.13214683532715,136,0.8258613137637868,7188.296875,13.318058336581135,0,6,53,0.0,0.0,0.0,0.05,0.0,0.75,0.2,53,169.06920792342765,558.3527088165283,137,0.8206817181441035,7195.7373046875,13.8246586154385,0,7,54,0.0,0.0,0.0,0.05,0.0,0.75,0.2
755,PartitionExploration,0,NOOP,0.257873,-0.060738,0.132622,0,53,169.06920792342765,558.3527088165283,137,0.8206817181441035,7195.7373046875,13.8246586154385,0,7,54,0.0,0.0,0.0,0.05,0.0,0.75,0.2,58,205.4800090209636,568.0818557739258,138,0.815636786861696,7203.7041015625,14.28679302679847,0,8,55,0.0,0.0,0.0,0.05,0.0,0.75,0.2
756,PartitionExploration,0,NOOP,0.25595,-0.060815,0.132436,0,58,205.4800090209636,568.0818557739258,138,0.815636786861696,7203.7041015625,14.28679302679847,0,8,55,0.0,0.0,0.0,0.05,0.0,0.75,0.2,64,230.3577762941325,528.5253524780273,139,0.810715160781531,7212.1220703125,14.711364967222343,0,9,56,0.0,0.0,0.0,0.05,0.0,0.75,0.2
757,PartitionExploration,0,NOOP,0.254178,-0.060935,0.128023,0,64,230.3577762941325,528.5253524780273,139,0.810715160781531,7212.1220703125,14.711364967222343,0,9,56,0.0,0.0,0.0,0.05,0.0,0.75,0.2,99,325.18516871038327,673.7945079803467,140,0.8062218802315848,7223.748046875,15.048081512879893,0,10,57,0.0,0.0,0.05,0.05,0.0,0.7,0.2
758,PartitionExploration,0,NOOP,0.252389,-0.061042,0.129869,0,99,325.18516871038327,673.7945079803467,140,0.8062218802315848,7223.748046875,15.048081512879893,0,10,57,0.0,0.0,0.05,0.05,0.0,0.7,0.2,88,275.577009139392,550.4190921783447,141,0.8016836829219304,7234.3935546875,15.385765635954042,0,11,58,0.0,0.0,0.05,0.1,0.0,0.7,0.15
759,PartitionExploration,0,NOOP,0.250587,-0.061135,0.12921,0,88,275.577009139392,550.4190921783447,141,0.8016836829219304,7234.3935546875,15.385765635954042,0,11,58,0.0,0.0,0.05,0.1,0.0,0.7,0.15,77,216.67962069155223,534.041166305542,142,0.7971047414860255,7244.087890625,15.723797654350898,0,12,59,0.0,0.0,0.05,0.1,0.0,0.7,0.15
760,PartitionExploration,0,NOOP,0.24872,-0.061201,0.12662,0,77,216.67962069155223,534.041166305542,142,0.7971047414860255,7244.087890625,15.723797654350898,0,12,59,0.0,0.0,0.05,0.1,0.0,0.7,0.15,54,135.65506881805442,598.8776683807373,143,0.7923438865821678,7251.53125,16.086412264222158,0,13,60,0.0,0.0,0.05,0.15,0.0,0.7,0.1
761,PartitionExploration,0,NOOP,0.246993,-0.061305,0.124852,0,54,135.65506881805442,598.8776683807373,143,0.7923438865821678,7251.53125,16.086412264222158,0,13,60,0.0,0.0,0.05,0.15,0.0,0.7,0.1,86,217.1237919931909,631.8778991699219,144,0.787979867723253,7262.0224609375,16.376692535768512,0,14,61,0.0,0.0,0.05,0.15,0.0,0.7,0.1
762,PartitionExploration,2,COMPACT_64KB,0.090514,-0.136402,0.143108,0,86,217.1237919931909,631.8778991699219,144,0.787979867723253,7262.0224609375,16.376692535768512,0,14,61,0.0,0.0,0.05,0.15,0.0,0.7,0.1,80,250.38285234586326,615.6034469604492,130,0.8686100886418269,7226.8359375,7.810287080360131,0,0,62,0.0,0.0,0.1,0.15,0.0,0.65,0.1
763,PartitionExploration,0,NOOP,0.275862,-0.061485,0.145096,0,80,250.38285234586326,615.6034469604492,130,0.8686100886418269,7226.8359375,7.810287080360131,0,0,62,0.0,0.0,0.1,0.15,0.0,0.65,0.1,68,193.22330662742755,477.2303104400635,131,0.863033847954437,7235.67578125,8.787257256517993,0,1,63,0.0,0.0,0.1,0.15,0.0,0.65,0.1
764,PartitionExploration,0,NOOP,0.273816,-0.061596,0.142891,0,68,193.22330662742755,477.2303104400635,131,0.863033847954437,7235.67578125,8.787257256517993,0,1,63,0.0,0.0,0.1,0.15,0.0,0.65,0.1,91,223.27563727577768,521.1794376373291,132,0.8577599958939985,7246.3564453125,9.574155048832205,0,2,64,0.0,0.0,0.1,0.15,0.0,0.65,0.1
765,PartitionExploration,0,NOOP,0.271821,-0.061712,0.127774,0,91,223.27563727577768,521.1794376373291,132,0.8577599958939985,7246.3564453125,9.574155048832205,0,2,64,0.0,0.0,0.1,0.15,0.0,0.65,0.1,96,251.25121303488348,1119.7400093078613,133,0.8526318772394854,7257.6025390625,10.261389221359739,0,3,65,0.0,0.0,0.1,0.15,0.05,0.6,0.1
766,PartitionExploration,0,NOOP,0.269708,-0.061779,0.141746,0,96,251.25121303488348,1119.7400093078613,133,0.8526318772394854,7257.6025390625,10.261389221359739,0,3,65,0.0,0.0,0.1,0.15,0.05,0.6,0.1,55,143.37130270923348,468.7378406524658,134,0.8471643248600746,7265.28125,10.996009272356195,0,4,66,0.0,0.0,0.1,0.15,0.05,0.6,0.1
767,PartitionExploration,0,NOOP,0.267761,-0.061895,0.140125,0,55,143.37130270923348,468.7378406524658,134,0.8471643248600746,7265.28125,10.996009272356195,0,4,66,0.0,0.0,0.1,0.15,0.05,0.6,0.1,95,238.82651853299234,490.05818367004395,135,0.8421729193793402,7276.3740234375,11.566607389785363,0,5,67,0.0,0.0,0.1,0.15,0.05,0.6,0.1
768,PartitionExploration,0,NOOP,0.265797,-0.061995,0.138337,0,95,238.82651853299234,490.05818367004395,135,0.8421729193793402,7276.3740234375,11.566607389785363,0,5,67,0.0,0.0,0.1,0.15,0.05,0.6,0.1,82,202.79422867149773,518.1388854980469,136,0.8371336319867302,7286.4111328125,12.121943271774834,0,6,68,0.0,0.0,0.1,0.15,0.05,0.6,0.1
769,PartitionExploration,0,NOOP,0.263887,-0.062105,0.135008,0,82,202.79422867149773,518.1388854980469,136,0.8371336319867302,7286.4111328125,12.121943271774834,0,6,68,0.0,0.0,0.1,0.15,0.05,0.6,0.1,91,250.59149129781377,613.5818958282471,137,0.8322493281677692,7297.162109375,12.619355623022825,0,7,69,0.0,0.0,0.1,0.15,0.05,0.65,0.05
770,PartitionExploration,0,NOOP,0.261977,-0.062208,0.134591,0,91,250.59149129781377,613.5818958282471,137,0.8322493281677692,7297.162109375,12.619355623022825,0,7,69,0.0,0.0,0.1,0.15,0.05,0.65,0.05,84,219.19458287139173,584.1901302337646,138,0.8273618394050045,7307.259765625,13.099165203001787,0,8,70,0.0,0.0,0.1,0.15,0.05,0.65,0.05
771,PartitionExploration,0,NOOP,0.260058,-0.062299,0.132975,0,84,219.19458287139173,584.1901302337646,138,0.8273618394050045,7307.259765625,13.099165203001787,0,8,70,0.0,0.0,0.1,0.15,0.05,0.65,0.05,75,264.1559881094335,606.0175895690918,139,0.8224521335080374,7316.5341796875,13.567199217016332,0,9,71,0.0,0.0,0.1,0.1,0.05,0.7,0.05
772,PartitionExploration,0,NOOP,0.258236,-0.062415,0.133281,0,75,264.1559881094335,606.0175895690918,139,0.8224521335080374,7316.5341796875,13.567199217016332,0,9,71,0.0,0.0,0.1,0.1,0.05,0.7,0.05,95,314.929499095818,547.8184223175049,140,0.8178160531180245,7327.6318359375,13.966736994764554,0,10,72,0.0,0.0,0.1,0.15,0.05,0.65,0.05
773,PartitionExploration,0,NOOP,0.256398,-0.062517,0.127413,0,95,314.929499095818,547.8184223175049,140,0.8178160531180245,7327.6318359375,13.966736994764554,0,10,72,0.0,0.0,0.1,0.15,0.05,0.65,0.05,84,295.14340428740167,753.8473606109619,141,0.8131374061530363,7337.751953125,14.36379122555198,0,11,73,0.0,0.0,0.15,0.15,0.05,0.6,0.05
774,PartitionExploration,0,NOOP,0.254513,-0.062593,0.128927,0,84,295.14340428740167,753.8473606109619,141,0.8131374061530363,7337.751953125,14.36379122555198,0,11,73,0.0,0.0,0.15,0.15,0.05,0.6,0.05,62,206.3369319417092,642.3118114471436,142,0.8083217782034001,7346.0283203125,14.776449208559908,0,12,74,0.0,0.0,0.2,0.15,0.05,0.55,0.05
775,PartitionExploration,0,NOOP,0.252717,-0.062694,0.129133,0,62,206.3369319417092,642.3118114471436,142,0.8083217782034001,7346.0283203125,14.776449208559908,0,12,74,0.0,0.0,0.2,0.15,0.05,0.55,0.05,83,268.6863507823016,589.0605449676514,143,0.8037636496803977,7356.044921875,15.131927171970256,0,13,75,0.0,0.0,0.2,0.15,0.05,0.55,0.05
776,PartitionExploration,0,NOOP,0.250839,-0.062756,0.108722,0,83,268.6863507823016,589.0605449676514,143,0.8037636496803977,7356.044921875,15.131927171970256,0,13,75,0.0,0.0,0.2,0.15,0.05,0.55,0.05,51,176.45295333154607,1417.3753261566162,144,0.798969480726454,7363.302734375,15.521937457852927,0,14,76,0.0,0.0,0.2,0.15,0.1,0.5,0.05
777,PartitionExploration,0,NOOP,0.249139,-0.062876,0.124746,0,51,176.45295333154607,1417.3753261566162,144,0.798969480726454,7363.302734375,15.521937457852927,0,14,76,0.0,0.0,0.2,0.15,0.1,0.5,0.05,98,322.36574518127895,688.51637840271,145,0.7946827855603448,7374.65625,15.81679937135458,0,15,77,0.0,0.0,0.2,0.15,0.1,0.5,0.05
778,PartitionExploration,2,COMPACT_64KB,0.08798,-0.137978,0.146214,0,98,322.36574518127895,688.51637840271,145,0.7946827855603448,7374.65625,15.81679937135458,0,15,77,0.0,0.0,0.2,0.15,0.1,0.5,0.05,84,265.0602544513182,419.0526008605957,133,0.8630857539356203,7346.5859375,8.644249560630247,0,0,78,0.0,0.0,0.2,0.1,0.1,0.5,0.1
779,PartitionExploration,0,NOOP,0.273463,-0.063088,0.129221,0,84,265.0602544513182,419.0526008605957,133,0.8630857539356203,7346.5859375,8.644249560630247,0,0,78,0.0,0.0,0.2,0.1,0.1,0.5,0.1,90,286.52118240435374,1097.496509552002,134,0.8578948974609375,7357.306640625,9.431349772277947,0,1,79,0.0,0.0,0.2,0.1,0.15,0.45,0.1
780,PartitionExploration,0,NOOP,0.27138,-0.063166,0.141979,0,90,286.52118240435374,1097.496509552002,134,0.8578948974609375,7357.306640625,9.431349772277947,0,1,79,0.0,0.0,0.2,0.1,0.15,0.45,0.1,64,214.86249975987243,499.2549419403076,135,0.8525153266059028,7365.732421875,10.212203095275727,0,2,80,0.0,0.0,0.2,0.05,0.15,0.45,0.15
781,PartitionExploration,0,NOOP,0.269368,-0.063259,0.137976,0,64,214.86249975987243,499.2549419403076,135,0.8525153266059028,7365.732421875,10.212203095275727,0,2,80,0.0,0.0,0.2,0.05,0.15,0.45,0.15,76,272.1611414871709,621.0393905639648,136,0.8473367130055147,7375.21875,10.883736936375557,0,3,81,0.0,0.0,0.25,0.05,0.15,0.4,0.15
782,PartitionExploration,0,NOOP,0.267464,-0.063378,0.139817,0,76,272.1611414871709,621.0393905639648,136,0.8473367130055147,7375.21875,10.883736936375557,0,3,81,0.0,0.0,0.25,0.05,0.15,0.4,0.15,98,307.2688164326503,495.06688117980957,137,0.8424699323890853,7386.7763671875,11.44010172348867,0,4,82,0.0,0.0,0.2,0.05,0.15,0.45,0.15
783,PartitionExploration,0,NOOP,0.265529,-0.063478,0.138219,0,98,307.2688164326503,495.06688117980957,137,0.8424699323890853,7386.7763671875,11.44010172348867,0,4,82,0.0,0.0,0.2,0.05,0.15,0.45,0.15,82,254.898434292304,515.7287120819092,138,0.8375111455502717,7396.8984375,11.992490659642979,0,5,83,0.0,0.0,0.2,0.05,0.15,0.45,0.15
784,PartitionExploration,0,NOOP,0.263672,-0.063599,0.135465,0,82,254.898434292304,515.7287120819092,138,0.8375111455502717,7396.8984375,11.992490659642979,0,5,83,0.0,0.0,0.2,0.05,0.15,0.45,0.15,99,338.63817307864826,587.7830982208252,139,0.8327757471756969,7408.373046875,12.471753209088494,0,6,84,0.0,0.0,0.2,0.1,0.15,0.4,0.15
785,PartitionExploration,0,NOOP,0.261743,-0.063686,0.138139,0,99,338.63817307864826,587.7830982208252,139,0.8327757471756969,7408.373046875,12.471753209088494,0,6,84,0.0,0.0,0.2,0.1,0.15,0.4,0.15,71,222.80315969193154,425.4908561706543,140,0.8278367178780692,7417.4169921875,12.977445947963176,0,7,85,0.0,0.0,0.2,0.1,0.1,0.4,0.2
786,PartitionExploration,0,NOOP,0.259865,-0.063781,0.133352,0,71,222.80315969193154,425.4908561706543,140,0.8278367178780692,7417.4169921875,12.977445947963176,0,7,85,0.0,0.0,0.2,0.1,0.1,0.4,0.2,78,283.27941348374344,584.2134952545166,141,0.8230432821503768,7427.142578125,13.434329353671188,0,8,86,0.0,0.0,0.2,0.1,0.1,0.45,0.15
787,PartitionExploration,0,NOOP,0.25799,-0.063871,0.127421,0,78,283.27941348374344,584.2134952545166,141,0.8230432821503768,7427.142578125,13.434329353671188,0,8,86,0.0,0.0,0.2,0.1,0.1,0.45,0.15,74,241.82724360173032,792.0229434967041,142,0.8182580437458736,7436.3291015625,13.875146875592577,0,9,87,0.0,0.0,0.25,0.1,0.1,0.4,0.15
788,PartitionExploration,0,NOOP,0.256147,-0.063963,0.131868,0,74,241.82724360173032,792.0229434967041,142,0.8182580437458736,7436.3291015625,13.875146875592577,0,9,87,0.0,0.0,0.25,0.1,0.1,0.4,0.15,75,228.94205940490295,555.8152198791504,143,0.8135624598789882,7445.7236328125,14.285599626365356,0,10,88,0.0,0.0,0.25,0.1,0.1,0.4,0.15
789,PartitionExploration,0,NOOP,0.254358,-0.064068,0.115881,0,75,228.94205940490295,555.8152198791504,143,0.8135624598789882,7445.7236328125,14.285599626365356,0,10,88,0.0,0.0,0.25,0.1,0.1,0.4,0.15,86,267.8659356441783,1196.7365741729736,144,0.8090237511528863,7455.962890625,14.656109207504203,0,11,89,0.0,0.0,0.25,0.1,0.15,0.35,0.15
790,PartitionExploration,0,NOOP,0.252535,-0.06415,0.131836,0,86,267.8659356441783,1196.7365741729736,144,0.8090237511528863,7455.962890625,14.656109207504203,0,11,89,0.0,0.0,0.25,0.1,0.15,0.35,0.15,67,208.93372549835988,467.84329414367676,145,0.8043862178407867,7464.7041015625,15.036060922504241,0,12,90,0.0,0.0,0.25,0.1,0.15,0.3,0.2
791,PartitionExploration,0,NOOP,0.25071,-0.064223,0.128489,0,67,208.93372549835988,467.84329414367676,145,0.8043862178407867,7464.7041015625,15.036060922504241,0,12,90,0.0,0.0,0.25,0.1,0.15,0.3,0.2,60,164.29201696856063,566.1065578460693,146,0.7997417711231807,7472.787109375,15.408558291733538,0,13,91,0.0,0.0,0.25,0.1,0.15,0.3,0.2
792,PartitionExploration,0,NOOP,0.248971,-0.064322,0.120326,0,60,164.29201696856063,566.1065578460693,146,0.7997417711231807,7472.787109375,15.408558291733538,0,13,91,0.0,0.0,0.25,0.1,0.15,0.3,0.2,81,253.32190817621506,872.9352951049805,147,0.795346837465455,7482.623046875,15.72982957457815,0,14,92,0.0,0.0,0.25,0.05,0.15,0.35,0.2
793,PartitionExploration,0,NOOP,0.247236,-0.064414,0.121283,0,81,253.32190817621506,872.9352951049805,147,0.795346837465455,7482.623046875,15.72982957457815,0,14,92,0.0,0.0,0.25,0.05,0.15,0.35,0.2,76,256.51811061513564,788.9499664306641,148,0.7909606727393897,7491.9794921875,16.043903974902523,0,15,93,0.0,0.0,0.25,0.05,0.15,0.35,0.2
794,PartitionExploration,2,COMPACT_64KB,0.087656,-0.139479,0.144384,0,76,256.51811061513564,788.9499664306641,148,0.7909606727393897,7491.9794921875,16.043903974902523,0,15,93,0.0,0.0,0.25,0.05,0.15,0.35,0.2,53,149.6690904781911,488.6176586151123,135,0.8633028383608218,7458.9365234375,8.114994678384878,0,0,94,0.0,0.0,0.2,0.05,0.15,0.4,0.2
795,PartitionExploration,0,NOOP,0.273129,-0.064578,0.14149,0,53,149.6690904781911,488.6176586151123,135,0.8633028383608218,7458.9365234375,8.114994678384878,0,0,94,0.0,0.0,0.2,0.05,0.15,0.4,0.2,81,245.32114063888892,562.56103515625,136,0.858082603005802,7468.7509765625,8.974719554974824,0,1,95,0.0,0.0,0.2,0.05,0.15,0.4,0.2
796,PartitionExploration,0,NOOP,0.271073,-0.064656,0.138562,0,81,245.32114063888892,562.56103515625,136,0.858082603005802,7468.7509765625,8.974719554974824,0,1,95,0.0,0.0,0.2,0.05,0.15,0.4,0.2,64,204.03815708862933,637.2599601745605,137,0.8527814210766423,7477.1875,9.783820057896866,0,2,96,0.0,0.0,0.25,0.05,0.1,0.4,0.2
797,PartitionExploration,0,NOOP,0.269126,-0.064763,0.139018,0,64,204.03815708862933,637.2599601745605,137,0.8527814210766423,7477.1875,9.783820057896866,0,2,96,0.0,0.0,0.25,0.05,0.1,0.4,0.2,88,279.2608241362065,569.5829391479492,138,0.8477889351222826,7487.671875,10.445725672874602,0,3,97,0.0,0.0,0.2,0.05,0.1,0.45,0.2
798,PartitionExploration,0,NOOP,0.267211,-0.064871,0.137825,0,88,279.2608241362065,569.5829391479492,138,0.8477889351222826,7487.671875,10.445725672874602,0,3,97,0.0,0.0,0.2,0.05,0.1,0.45,0.2,88,301.8180712034658,573.3215808868408,139,0.8428872746529339,7498.3251953125,11.04543911744875,0,4,98,0.0,0.0,0.2,0.05,0.1,0.5,0.15
799,PartitionExploration,0,NOOP,0.265206,-0.06494,0.139966,0,88,301.8180712034658,573.3215808868408,139,0.8428872746529339,7498.3251953125,11.04543911744875,0,4,98,0.0,0.0,0.2,0.05,0.1,0.5,0.15,57,181.23671229512112,432.0070743560791,140,0.8377325875418526,7506.083984375,11.677361608861688,0,5,99,0.0,0.0,0.2,0.05,0.05,0.5,0.2
800,PartitionExploration,4,PARTITION_HOUR,-0.111683,-0.215041,0.135047,0,57,181.23671229512112,432.0070743560791,140,0.8377325875418526,7506.083984375,11.677361608861688,0,5,99,0.0,0.0,0.2,0.05,0.05,0.5,0.2,83,244.88857562110732,596.1039066314697,141,0.832905113274324,7516.1357421875,12.200244294005161,1,6,0,0.0,0.0,0.2,0.05,0.05,0.55,0.15
801,PartitionExploration,2,COMPACT_64KB,0.08947,-0.137947,0.146538,0,83,244.88857562110732,596.1039066314697,141,0.832905113274324,7516.1357421875,12.200244294005161,1,6,0,0.0,0.0,0.2,0.05,0.05,0.55,0.15,72,239.84088010254732,440.7522678375244,135,0.8684856273509838,7503.7158203125,9.11435948839306,1,0,1,0.0,0.0,0.15,0.05,0.05,0.55,0.2
802,PartitionExploration,0,NOOP,0.274845,-0.062951,0.145469,0,72,239.84088010254732,440.7522678375244,135,0.8684856273509838,7503.7158203125,9.11435948839306,1,0,1,0.0,0.0,0.15,0.05,0.05,0.55,0.2,56,188.3345232482432,434.07201766967773,136,0.8629849377800437,7511.4208984375,9.965509207658458,1,1,2,0.0,0.0,0.15,0.05,0.05,0.5,0.25
803,PartitionExploration,0,NOOP,0.272857,-0.062958,0.144085,0,56,188.3345232482432,434.07201766967773,136,0.8629849377800437,7511.4208984375,9.965509207658458,1,1,2,0.0,0.0,0.15,0.05,0.05,0.5,0.25,87,292.2653920024861,444.2291259765625,137,0.8578757404410926,7521.8544921875,10.64093028543035,1,2,3,0.0,0.0,0.15,0.05,0.05,0.45,0.3
804,PartitionExploration,0,NOOP,0.270782,-0.062963,0.142988,0,87,292.2653920024861,444.2291259765625,137,0.8578757404410926,7521.8544921875,10.64093028543035,1,2,3,0.0,0.0,0.15,0.05,0.05,0.45,0.3,55,174.7234862485382,439.9902820587158,138,0.8525203760119452,7529.4599609375,11.340819080898195,1,3,4,0.0,0.0,0.15,0.0,0.05,0.45,0.35
805,PartitionExploration,0,NOOP,0.268778,-0.062969,0.142132,0,55,174.7234862485382,439.9902820587158,138,0.8525203760119452,7529.4599609375,11.340819080898195,1,3,4,0.0,0.0,0.15,0.0,0.05,0.45,0.35,67,216.37852833718966,427.13260650634766,139,0.8473664427832733,7538.171875,11.950133517669721,1,4,5,0.0,0.0,0.15,0.0,0.05,0.45,0.35
806,PartitionExploration,0,NOOP,0.266866,-0.062978,0.137427,0,67,216.37852833718966,427.13260650634766,139,0.8473664427832733,7538.171875,11.950133517669721,1,4,5,0.0,0.0,0.15,0.0,0.05,0.45,0.35,87,292.8249908518383,581.4826488494873,140,0.8424736022949219,7548.5634765625,12.470220584165817,1,5,6,0.0,0.0,0.15,0.0,0.05,0.45,0.35
807,PartitionExploration,0,NOOP,0.264863,-0.062983,0.139945,0,87,292.8249908518383,581.4826488494873,140,0.8424736022949219,7548.5634765625,12.470220584165817,1,5,6,0.0,0.0,0.15,0.0,0.05,0.45,0.35,53,169.07422292127447,424.0567684173584,141,0.8373230196905475,7556.0029296875,13.02754028418864,1,6,7,0.0,0.0,0.1,0.0,0.05,0.45,0.4
808,PartitionExploration,0,NOOP,0.263003,-0.062992,0.138655,0,53,169.07422292127447,424.0567684173584,141,0.8373230196905475,7556.0029296875,13.02754028418864,1,6,7,0.0,0.0,0.1,0.0,0.05,0.45,0.4,87,279.6822039516797,433.305025100708,142,0.832579599299901,7566.4833984375,13.47590004742459,1,7,8,0.0,0.0,0.1,0.0,0.05,0.4,0.45
809,PartitionExploration,0,NOOP,0.261086,-0.063,0.137683,0,87,279.6822039516797,433.305025100708,142,0.832579599299901,7566.4833984375,13.47590004742459,1,7,8,0.0,0.0,0.1,0.0,0.05,0.4,0.45,64,165.02419768812211,427.58822441101074,143,0.8276754525991586,7574.8857421875,13.943032369264275,1,8,9,0.0,0.0,0.1,0.0,0.0,0.4,0.5
810,PartitionExploration,0,NOOP,0.25928,-0.06301,0.135042,0,64,165.02419768812211,427.58822441101074,143,0.8276754525991586,7574.8857421875,13.943032369264275,1,8,9,0.0,0.0,0.1,0.0,0.0,0.4,0.5,91,307.55877015706636,496.1087703704834,144,0.8230870564778646,7585.5703125,14.33410067920376,1,9,10,0.0,0.0,0.1,0.0,0.0,0.4,0.5
811,PartitionExploration,0,NOOP,0.257459,-0.06302,0.134404,0,91,307.55877015706636,496.1087703704834,144,0.8230870564778646,7585.5703125,14.33410067920376,1,9,10,0.0,0.0,0.1,0.0,0.0,0.4,0.5,79,254.26285721301525,478.3487319946289,145,0.8184533480940194,7595.2470703125,14.723851357550716,1,10,11,0.0,0.0,0.1,0.0,0.0,0.35,0.55
812,PartitionExploration,0,NOOP,0.255665,-0.063031,0.13155,0,79,254.26285721301525,478.3487319946289,145,0.8184533480940194,7595.2470703125,14.723851357550716,1,10,11,0.0,0.0,0.1,0.0,0.0,0.35,0.55,79,252.25112593752,556.2763214111328,146,0.8138990010300727,7605.072265625,15.089757352975056,1,11,12,0.0,0.0,0.1,0.05,0.0,0.3,0.55
813,PartitionExploration,0,NOOP,0.25381,0.406162,0.3125,0,79,252.25112593752,556.2763214111328,146,0.8138990010300727,7605.072265625,15.089757352975056,1,11,12,0.0,0.0,0.1,0.05,0.0,0.3,0.55,54,144.43775863355393,641.1206722259521,147,0.8091700547406463,7612.671875,15.479217452065434,1,12,13,0.92,0.046,0.1,0.05,0.0,0.3,0.55
814,PartitionExploration,0,NOOP,0.252006,-0.063047,0.128139,0,54,144.43775863355393,641.1206722259521,147,0.8091700547406463,7612.671875,15.479217452065434,1,12,13,0.92,0.046,0.1,0.05,0.0,0.3,0.55,63,201.7853558108492,611.9613647460938,148,0.8045895550702069,7621.072265625,15.83335198901403,1,13,14,0.0,0.046,0.1,0.05,0.0,0.3,0.55
815,PartitionExploration,0,NOOP,0.250285,-0.063059,0.13014,0,63,201.7853558108492,611.9613647460938,148,0.8045895550702069,7621.072265625,15.83335198901403,1,13,14,0.0,0.046,0.1,0.05,0.0,0.3,0.55,82,278.1285479424582,483.5827350616455,149,0.8002429936556208,7631.1171875,16.14098438212429,1,14,15,0.0,0.046,0.1,0.05,0.0,0.25,0.6
816,PartitionExploration,0,NOOP,0.248553,-0.06307,0.12694,0,82,278.1285479424582,483.5827350616455,149,0.8002429936556208,7631.1171875,16.14098438212429,1,14,15,0.0,0.046,0.1,0.05,0.0,0.25,0.6,74,242.3362836280505,577.8515338897705,150,0.7958671061197916,7640.32421875,16.448331707811903,1,15,16,0.0,0.046,0.05,0.05,0.0,0.25,0.65
817,PartitionExploration,2,COMPACT_64KB,0.088877,-0.138085,0.145281,0,74,242.3362836280505,577.8515338897705,150,0.7958671061197916,7640.32421875,16.448331707811903,1,15,16,0.0,0.046,0.05,0.05,0.0,0.25,0.65,94,286.92400888430893,479.1593551635742,137,0.8679331758596601,7610.0380859375,8.589729295313044,1,0,17,0.0,0.046,0.05,0.05,0.0,0.2,0.7
818,PartitionExploration,0,NOOP,0.272059,-0.071982,0.143609,0,94,286.92400888430893,479.1593551635742,137,0.8679331758596601,7610.0380859375,8.589729295313044,1,0,17,0.0,0.046,0.05,0.05,0.0,0.2,0.7,71,217.58630807989292,444.1826343536377,139,0.856739400959701,7621.5537109375,10.405092795085402,1,1,18,0.0,0.046,0.05,0.05,0.0,0.15,0.75
819,PartitionExploration,0,NOOP,0.267823,-0.071988,0.141084,0,71,217.58630807989292,444.1826343536377,139,0.856739400959701,7621.5537109375,10.405092795085402,1,1,18,0.0,0.046,0.05,0.05,0.0,0.15,0.75,63,197.24405336852618,447.7372169494629,141,0.8457811504391068,7632.3291015625,11.884956781698726,1,2,19,0.0,0.046,0.05,0.05,0.0,0.15,0.75
820,PartitionExploration,0,NOOP,0.26382,-0.071999,0.137205,0,63,197.24405336852618,447.7372169494629,141,0.8457811504391068,7632.3291015625,11.884956781698726,1,2,19,0.0,0.046,0.05,0.05,0.0,0.15,0.75,99,291.26375596575843,515.0232315063477,143,0.8354852849786932,7646.361328125,13.051143661992803,1,3,20,0.0,0.046,0.05,0.05,0.0,0.15,0.75
821,PartitionExploration,0,NOOP,0.259767,-0.072005,0.131547,0,99,291.26375596575843,515.0232315063477,143,0.8354852849786932,7646.361328125,13.051143661992803,1,3,20,0.0,0.046,0.05,0.05,0.0,0.15,0.75,54,173.9454184775388,657.3421955108643,145,0.8250480914938039,7656.4462890625,14.147974460649772,1,4,21,0.0,0.046,0.05,0.05,0.0,0.2,0.7
822,PartitionExploration,0,NOOP,0.255879,-0.072015,0.131259,0,54,173.9454184775388,657.3421955108643,145,0.8250480914938039,7656.4462890625,14.147974460649772,1,4,21,0.0,0.046,0.05,0.05,0.0,0.2,0.7,76,242.66550345727453,573.5552310943604,147,0.8150834064094388,7668.3046875,15.075009482400846,1,5,22,0.0,0.046,0.05,0.1,0.0,0.2,0.65
823,PartitionExploration,0,NOOP,0.252021,-0.072023,0.130157,0,76,242.66550345727453,573.5552310943604,147,0.8150834064094388,7668.3046875,15.075009482400846,1,5,22,0.0,0.046,0.05,0.1,0.0,0.2,0.65,54,173.40632414517006,525.3639221191406,149,0.8052035338126573,7678.4208984375,15.932479931815697,1,6,23,0.0,0.046,0.05,0.1,0.0,0.2,0.65
824,PartitionExploration,0,NOOP,0.248364,-0.072034,0.129634,0,54,173.40632414517006,525.3639221191406,149,0.8052035338126573,7678.4208984375,15.932479931815697,1,6,23,0.0,0.046,0.05,0.1,0.0,0.2,0.65,89,282.85605518712947,457.3049545288086,151,0.7958966185715025,7691.544921875,16.651027457933512,1,7,24,0.0,0.046,0.05,0.1,0.0,0.2,0.65
825,PartitionExploration,0,NOOP,0.246604,-0.072044,0.124509,0,89,282.85605518712947,457.3049545288086,151,0.7958966185715025,7691.544921875,16.651027457933512,1,7,24,0.0,0.046,0.05,0.1,0.0,0.2,0.65,54,183.33306297883706,633.4099769592285,152,0.7914406625848067,7699.134765625,16.964152820417745,1,8,25,0.0,0.046,0.05,0.1,0.0,0.25,0.6
826,PartitionExploration,2,COMPACT_64KB,0.086406,0.322147,0.321839,0,54,183.33306297883706,633.4099769592285,152,0.7914406625848067,7699.134765625,16.964152820417745,1,8,25,0.0,0.046,0.05,0.1,0.0,0.25,0.6,57,187.63691844996382,736.6943359375,139,0.862016197588804,7668.49609375,9.486357305222443,1,0,26,0.92,0.092,0.1,0.1,0.0,0.2,0.6
827,PartitionExploration,0,NOOP,0.269705,-0.072064,0.140565,0,57,187.63691844996382,736.6943359375,139,0.862016197588804,7668.49609375,9.486357305222443,1,0,26,0.92,0.092,0.1,0.1,0.0,0.2,0.6,80,276.5384758025768,516.0355567932129,141,0.8511564647052305,7680.8359375,11.075981526932713,1,1,27,0.0,0.092,0.1,0.1,0.0,0.25,0.55
828,PartitionExploration,0,NOOP,0.265588,0.397125,0.318867,0,80,276.5384758025768,516.0355567932129,141,0.8511564647052305,7680.8359375,11.075981526932713,1,1,27,0.0,0.092,0.1,0.1,0.0,0.25,0.55,73,211.79382584280933,658.5144996643066,143,0.8405360508631993,7692.5859375,12.405499037558535,1,2,28,0.92,0.138,0.15,0.1,0.0,0.25,0.5
829,PartitionExploration,0,NOOP,0.261655,-0.072079,0.134903,0,73,211.79382584280933,658.5144996643066,143,0.8405360508631993,7692.5859375,12.405499037558535,1,2,28,0.92,0.138,0.15,0.1,0.0,0.25,0.5,95,293.3863667656503,559.7450733184814,145,0.8304431783741918,7706.5126953125,13.489899512103337,1,3,29,0.0,0.138,0.15,0.1,0.0,0.25,0.5
830,PartitionExploration,0,NOOP,0.257718,-0.072086,0.135499,0,95,293.3863667656503,559.7450733184814,145,0.8304431783741918,7706.5126953125,13.489899512103337,1,3,29,0.0,0.138,0.15,0.1,0.0,0.25,0.5,66,211.36399931892956,436.8765354156494,147,0.8203365818983843,7717.7265625,14.49559164851929,1,4,30,0.0,0.138,0.15,0.1,0.0,0.25,0.5
831,PartitionExploration,0,NOOP,0.253965,-0.072092,0.133059,0,66,211.36399931892956,436.8765354156494,147,0.8203365818983843,7717.7265625,14.49559164851929,1,4,30,0.0,0.138,0.15,0.1,0.0,0.25,0.5,92,280.4443258996544,448.6043453216553,149,0.8107564017276636,7731.373046875,15.33857725514112,1,5,31,0.0,0.138,0.15,0.1,0.0,0.25,0.5
832,PartitionExploration,0,NOOP,0.250298,-0.0721,0.130624,0,92,280.4443258996544,448.6043453216553,149,0.8107564017276636,7731.373046875,15.33857725514112,1,5,31,0.0,0.138,0.15,0.1,0.0,0.25,0.5,93,252.91498270762202,462.2540473937988,151,0.801422624398541,7744.9482421875,16.09527289984784,1,6,32,0.0,0.138,0.15,0.05,0.0,0.25,0.55
833,PartitionExploration,0,NOOP,0.246689,-0.081304,0.125943,0,93,252.91498270762202,462.2540473937988,151,0.801422624398541,7744.9482421875,16.09527289984784,1,6,32,0.0,0.138,0.15,0.05,0.0,0.25,0.55,85,271.1571850799441,573.5511779785156,153,0.7922556758706086,7757.767578125,16.790711834255614,1,7,33,0.0,0.092,0.1,0.05,0.0,0.25,0.6
834,PartitionExploration,0,NOOP,0.243105,0.310403,0.257915,0,85,271.1571850799441,573.5511779785156,153,0.7922556758706086,7757.767578125,16.790711834255614,1,7,33,0.0,0.092,0.1,0.05,0.0,0.25,0.6,65,193.29699897689977,1257.4903964996338,155,0.783156265751008,7768.91015625,17.44788029973921,1,8,34,0.75,0.1295,0.1,0.05,0.05,0.2,0.6
835,PartitionExploration,2,COMPACT_64KB,0.088867,-0.147102,0.146158,0,65,193.29699897689977,1257.4903964996338,155,0.783156265751008,7768.91015625,17.44788029973921,1,8,34,0.75,0.1295,0.1,0.05,0.05,0.2,0.6,79,239.8577256841392,440.4435157775879,139,0.8690491820410858,7731.0615234375,9.037978402889529,1,0,35,0.0,0.1295,0.1,0.05,0.05,0.2,0.6
836,PartitionExploration,0,NOOP,0.272119,0.397087,0.321865,0,79,239.8577256841392,440.4435157775879,139,0.8690491820410858,7731.0615234375,9.037978402889529,1,0,35,0.0,0.1295,0.1,0.05,0.05,0.2,0.6,76,236.608741026979,690.8869743347168,141,0.8580545195451019,7743.083984375,10.738341965594497,1,1,36,0.92,0.1755,0.15,0.05,0.05,0.2,0.55
837,PartitionExploration,0,NOOP,0.268009,-0.072108,0.141255,0,76,236.608741026979,690.8869743347168,141,0.8580545195451019,7743.083984375,10.738341965594497,1,1,36,0.92,0.1755,0.15,0.05,0.05,0.2,0.55,83,241.79397791866467,444.02170181274414,143,0.8474550047120848,7755.908203125,12.10167922424168,1,2,37,0.0,0.1755,0.15,0.05,0.05,0.2,0.55
838,PartitionExploration,0,NOOP,0.263909,-0.072115,0.138454,0,83,241.79397791866467,444.02170181274414,143,0.8474550047120848,7755.908203125,12.10167922424168,1,2,37,0.0,0.1755,0.15,0.05,0.05,0.2,0.55,57,159.73987842213364,462.7676010131836,145,0.8368832292227909,7766.2763671875,13.32076500140839,1,3,38,0.0,0.1755,0.15,0.05,0.05,0.2,0.55
839,PartitionExploration,0,NOOP,0.260052,0.310375,0.264925,0,57,159.73987842213364,462.7676010131836,145,0.8368832292227909,7766.2763671875,13.32076500140839,1,3,38,0.0,0.1755,0.15,0.05,0.05,0.2,0.55,99,303.0708037976901,1375.7870197296143,147,0.8270067487444196,7780.4794921875,14.295588516205967,1,4,39,0.75,0.213,0.15,0.05,0.1,0.2,0.5
840,PartitionExploration,0,NOOP,0.256208,-0.072128,0.134001,0,99,303.0708037976901,1375.7870197296143,147,0.8270067487444196,7780.4794921875,14.295588516205967,1,4,39,0.75,0.213,0.15,0.05,0.1,0.2,0.5,75,186.99449608472426,463.1493091583252,149,0.8171649907259333,7792.4853515625,15.200389415090273,1,5,40,0.0,0.213,0.15,0.05,0.1,0.15,0.55
841,PartitionExploration,0,NOOP,0.252404,-0.07213,0.129876,0,75,186.99449608472426,463.1493091583252,149,0.8171649907259333,7792.4853515625,15.200389415090273,1,5,40,0.0,0.213,0.15,0.05,0.1,0.15,0.55,59,192.86470848634863,545.8676815032959,151,0.8074395388167426,7803.095703125,16.033784250385292,1,6,41,0.0,0.213,0.15,0.05,0.1,0.1,0.6
842,PartitionExploration,0,NOOP,0.248749,0.31036,0.258857,0,59,192.86470848634863,545.8676815032959,151,0.8074395388167426,7803.095703125,16.033784250385292,1,6,41,0.0,0.213,0.15,0.05,0.1,0.1,0.6,79,249.128045117474,1356.278657913208,153,0.7981406816470078,7815.3935546875,16.754977951450076,1,7,42,0.75,0.2505,0.15,0.0,0.15,0.1,0.6
843,PartitionExploration,0,NOOP,0.241518,-0.072142,0.122768,0,79,249.128045117474,1356.278657913208,153,0.7981406816470078,7815.3935546875,16.754977951450076,1,7,42,0.75,0.2505,0.15,0.0,0.15,0.1,0.6,100,285.65520904986005,581.1731815338135,157,0.779766204250846,7835.0908203125,18.078757713961206,1,8,43,0.0,0.2505,0.15,0.05,0.15,0.1,0.55
844,PartitionExploration,2,COMPACT_64KB,0.086796,-0.147144,0.141006,0,100,285.65520904986005,581.1731815338135,157,0.779766204250846,7835.0908203125,18.078757713961206,1,8,43,0.0,0.2505,0.15,0.05,0.15,0.1,0.55,95,305.9077222608645,609.5962524414062,141,0.8642755603113919,7799.22265625,9.301679722781124,1,0,44,0.0,0.2505,0.15,0.05,0.15,0.1,0.55
845,PartitionExploration,0,NOOP,0.270146,-0.072131,0.137986,0,95,305.9077222608645,609.5962524414062,141,0.8642755603113919,7799.22265625,9.301679722781124,1,0,44,0.0,0.2505,0.15,0.05,0.15,0.1,0.55,80,227.3184571756076,636.4831924438477,143,0.8535603343190014,7811.7841796875,10.897058980631947,1,1,45,0.0,0.2505,0.15,0.05,0.15,0.1,0.55
846,PartitionExploration,0,NOOP,0.26604,-0.081325,0.13998,0,80,227.3184571756076,636.4831924438477,143,0.8535603343190014,7811.7841796875,10.897058980631947,1,1,45,0.0,0.2505,0.15,0.05,0.15,0.1,0.55,63,205.23425216114828,449.5365619659424,145,0.8429725383890087,7822.78515625,12.255502153547821,1,2,46,0.0,0.2045,0.1,0.05,0.15,0.1,0.6
847,PartitionExploration,0,NOOP,0.262121,-0.072121,0.137874,0,63,205.23425216114828,449.5365619659424,145,0.8429725383890087,7822.78515625,12.255502153547821,1,2,46,0.0,0.2045,0.1,0.05,0.15,0.1,0.6,89,280.09128159339116,442.88182258605957,147,0.832916259765625,7836.076171875,13.359273942746839,1,3,47,0.0,0.2045,0.1,0.05,0.15,0.05,0.65
848,PartitionExploration,0,NOOP,0.258243,-0.081327,0.134539,0,89,280.09128159339116,442.88182258605957,147,0.832916259765625,7836.076171875,13.359273942746839,1,3,47,0.0,0.2045,0.1,0.05,0.15,0.05,0.65,72,228.64649462587033,489.95161056518555,149,0.8229795110305683,7847.9326171875,14.355212918313663,1,4,48,0.0,0.1585,0.05,0.05,0.15,0.05,0.7
849,PartitionExploration,0,NOOP,0.254477,-0.072132,0.133046,0,72,228.64649462587033,489.95161056518555,149,0.8229795110305683,7847.9326171875,14.355212918313663,1,4,48,0.0,0.1585,0.05,0.05,0.15,0.05,0.7,78,267.69086356718543,460.7844352722168,151,0.8133628794689052,7860.3388671875,15.226096971238848,1,5,49,0.0,0.1585,0.05,0.05,0.15,0.05,0.7
850,PartitionExploration,5,PARTITION_REGION,-0.124283,-0.222133,0.130134,0,78,267.69086356718543,460.7844352722168,151,0.8133628794689052,7860.3388671875,15.226096971238848,1,5,49,0.0,0.1585,0.05,0.05,0.15,0.05,0.7,53,168.90349472884415,492.598295211792,153,0.8037634955512153,7870.4521484375,16.04694598292307,2,6,0,0.0,0.1585,0.05,0.05,0.15,0.05,0.7
851,PartitionExploration,2,COMPACT_64KB,0.081915,-0.136915,0.142197,0,53,168.90349472884415,492.598295211792,153,0.8037634955512153,7870.4521484375,16.04694598292307,2,6,0,0.0,0.1585,0.05,0.05,0.15,0.05,0.7,78,221.9718901578914,437.6330375671387,144,0.8520430458916558,7852.4287109375,11.2170354839806,2,0,1,0.0,0.1585,0.05,0.05,0.15,0.05,0.7
852,PartitionExploration,0,NOOP,0.263312,-0.061824,0.138715,0,78,221.9718901578914,437.6330375671387,144,0.8520430458916558,7852.4287109375,11.2170354839806,2,0,1,0.0,0.1585,0.05,0.05,0.15,0.05,0.7,85,228.3613034143142,436.04564666748047,147,0.8363196963355655,7868.095703125,13.122136149013896,2,1,2,0.0,0.1585,0.05,0.05,0.15,0.05,0.7
853,PartitionExploration,0,NOOP,0.257385,-0.061747,0.134597,0,85,228.3613034143142,436.04564666748047,147,0.8363196963355655,7868.095703125,13.122136149013896,2,1,2,0.0,0.1585,0.05,0.05,0.15,0.05,0.7,72,210.58562056500202,465.97790718078613,150,0.8210995483398438,7882.5556640625,14.681194643673878,2,2,3,0.0,0.1585,0.05,0.05,0.15,0.05,0.7
854,PartitionExploration,0,NOOP,0.251619,0.272512,0.262494,0,72,210.58562056500202,465.97790718078613,150,0.8210995483398438,7882.5556640625,14.681194643673878,2,2,3,0.0,0.1585,0.05,0.05,0.15,0.05,0.7,57,178.11203218416495,584.9583148956299,153,0.8063389397914114,7895.6708984375,16.00656340291385,2,3,4,0.67,0.1545,0.05,0.1,0.1,0.05,0.7
855,PartitionExploration,0,NOOP,0.246069,-0.061621,0.128108,0,57,178.11203218416495,584.9583148956299,153,0.8063389397914114,7895.6708984375,16.00656340291385,2,3,4,0.67,0.1545,0.05,0.1,0.1,0.05,0.7,63,186.2247245649384,464.22457695007324,156,0.7921974964630909,7909.2998046875,17.126118374279645,2,4,5,0.0,0.1545,0.05,0.1,0.1,0.05,0.7
856,PartitionExploration,0,NOOP,0.240728,-0.070749,0.124731,0,63,186.2247245649384,464.22457695007324,156,0.7921974964630909,7909.2998046875,17.126118374279645,2,4,5,0.0,0.1545,0.05,0.1,0.1,0.05,0.7,70,183.02972723951729,476.773738861084,159,0.7786519752358491,7923.5625,18.08528264883414,2,5,6,0.0,0.1085,0.0,0.1,0.1,0.05,0.75
857,PartitionExploration,2,COMPACT_64KB,0.087713,0.205229,0.276523,0,70,183.02972723951729,476.773738861084,159,0.7786519752358491,7923.5625,18.08528264883414,2,5,6,0.0,0.1085,0.0,0.1,0.1,0.05,0.75,77,231.88373697652094,566.5700435638428,142,0.8674649520659111,7883.521484375,8.683689647292118,2,0,7,0.67,0.142,0.0,0.15,0.1,0.05,0.7
858,PartitionExploration,0,NOOP,0.268842,-0.061404,0.123629,0,77,231.88373697652094,566.5700435638428,142,0.8674649520659111,7883.521484375,8.683689647292118,2,0,7,0.67,0.142,0.0,0.15,0.1,0.05,0.7,62,177.96508132907755,1218.907117843628,145,0.8509774043642241,7897.0703125,11.265437574104242,2,1,8,0.0,0.142,0.0,0.15,0.15,0.05,0.65
859,PartitionExploration,0,NOOP,0.262815,-0.068803,0.138234,0,62,177.96508132907755,1218.907117843628,145,0.8509774043642241,7897.0703125,11.265437574104242,2,1,8,0.0,0.142,0.0,0.15,0.15,0.05,0.65,95,226.4697928596396,444.00715827941895,148,0.8354705604347022,7913.5771484375,13.124789238564958,2,2,9,0.0,0.1045,0.0,0.15,0.1,0.05,0.7
860,PartitionExploration,0,NOOP,0.256882,0.280453,0.266097,0,95,226.4697928596396,444.00715827941895,148,0.8354705604347022,7913.5771484375,13.124789238564958,2,2,9,0.0,0.1045,0.0,0.15,0.1,0.05,0.7,58,175.55696102047915,560.3525638580322,151,0.8202330734556085,7926.732421875,14.699386999673553,2,3,10,0.67,0.13799999999999998,0.0,0.2,0.1,0.05,0.65
861,PartitionExploration,0,NOOP,0.251222,-0.061164,0.130727,0,58,175.55696102047915,560.3525638580322,151,0.8202330734556085,7926.732421875,14.699386999673553,2,3,10,0.67,0.13799999999999998,0.0,0.2,0.1,0.05,0.65,78,242.09797711302,479.07042503356934,154,0.8057771162553267,7941.7392578125,15.97528515873641,2,4,11,0.0,0.13799999999999998,0.0,0.2,0.1,0.05,0.65
862,PartitionExploration,0,NOOP,0.245749,-0.068586,0.124606,0,78,242.09797711302,479.07042503356934,154,0.8057771162553267,7941.7392578125,15.97528515873641,2,4,11,0.0,0.13799999999999998,0.0,0.2,0.1,0.05,0.65,76,240.92078118386843,605.9830188751221,157,0.7918549555881768,7956.55859375,17.068457731071508,2,5,12,0.0,0.1005,0.0,0.2,0.05,0.05,0.7
863,PartitionExploration,2,COMPACT_64KB,0.087024,-0.135988,0.144522,0,76,240.92078118386843,605.9830188751221,157,0.7918549555881768,7956.55859375,17.068457731071508,2,5,12,0.0,0.1005,0.0,0.2,0.05,0.05,0.7,96,235.46116105731838,463.5813236236572,143,0.8660682731575066,7926.2568359375,8.828292058297624,2,0,13,0.0,0.1005,0.0,0.15,0.05,0.05,0.75
864,PartitionExploration,0,NOOP,0.268283,-0.060903,0.140486,0,96,235.46116105731838,463.5813236236572,143,0.8660682731575066,7926.2568359375,8.828292058297624,2,0,13,0.0,0.1005,0.0,0.15,0.05,0.05,0.75,85,247.28198882182477,482.32507705688477,146,0.8499505029965754,7941.9375,11.288010284826099,2,1,14,0.0,0.1005,0.0,0.15,0.05,0.05,0.75
865,PartitionExploration,0,NOOP,0.256238,-0.0608,0.133862,0,85,247.28198882182477,482.32507705688477,146,0.8499505029965754,7941.9375,11.288010284826099,2,1,14,0.0,0.1005,0.0,0.15,0.05,0.05,0.75,100,280.0459364901317,468.46461296081543,152,0.8189662130255448,7966.9033203125,14.78798063280775,2,2,15,0.0,0.1005,0.0,0.15,0.05,0.0,0.8
866,PartitionExploration,0,NOOP,0.25057,-0.060736,0.127702,0,100,280.0459364901317,468.46461296081543,152,0.8189662130255448,7966.9033203125,14.78798063280775,2,2,15,0.0,0.1005,0.0,0.15,0.05,0.0,0.8,62,191.36020674953033,592.2989845275879,155,0.8044868715347783,7980.509765625,16.069271889819273,2,3,16,0.0,0.1005,0.0,0.15,0.05,0.05,0.75
867,PartitionExploration,0,NOOP,0.245078,0.281023,0.259917,0,62,191.36020674953033,592.2989845275879,155,0.8044868715347783,7980.509765625,16.069271889819273,2,3,16,0.0,0.1005,0.0,0.15,0.05,0.05,0.75,57,175.72246069173144,532.9217910766602,158,0.7905096705955795,7993.6337890625,17.172579721523284,2,4,17,0.67,0.134,0.0,0.2,0.05,0.05,0.7
868,PartitionExploration,2,COMPACT_64KB,0.086091,-0.135594,0.144465,0,57,175.72246069173144,532.9217910766602,158,0.7905096705955795,7993.6337890625,17.172579721523284,2,4,17,0.67,0.134,0.0,0.2,0.05,0.05,0.7,83,246.1797615191943,442.71087646484375,144,0.8639753129747179,7962.396484375,9.204088503124161,2,0,18,0.0,0.134,0.0,0.2,0.05,0.05,0.7
869,PartitionExploration,0,NOOP,0.267365,0.28118,0.271228,0,83,246.1797615191943,442.71087646484375,144,0.8639753129747179,7962.396484375,9.204088503124161,2,0,18,0.0,0.134,0.0,0.2,0.05,0.05,0.7,74,227.29875526268958,598.9978313446045,147,0.8478993526121386,7977.037109375,11.58209310679781,2,1,19,0.67,0.1675,0.0,0.25,0.05,0.05,0.65
870,PartitionExploration,0,NOOP,0.261329,0.281242,0.269629,0,74,227.29875526268958,598.9978313446045,147,0.8478993526121386,7977.037109375,11.58209310679781,2,1,19,0.67,0.1675,0.0,0.25,0.05,0.05,0.65,63,182.31348343910284,518.3384418487549,150,0.832367655436198,7990.7294921875,13.423909046203699,2,2,20,0.67,0.201,0.0,0.3,0.05,0.05,0.6
871,PartitionExploration,0,NOOP,0.255577,-0.060376,0.128383,0,63,182.31348343910284,518.3384418487549,150,0.832367655436198,7990.7294921875,13.423909046203699,2,2,20,0.67,0.201,0.0,0.3,0.05,0.05,0.6,86,271.5959741377428,686.6445541381836,153,0.8176492927900327,8006.421875,14.87743353225135,2,3,21,0.0,0.201,0.05,0.3,0.05,0.05,0.55
872,PartitionExploration,0,NOOP,0.249928,-0.060323,0.129291,0,86,271.5959741377428,686.6445541381836,153,0.8176492927900327,8006.421875,14.87743353225135,2,3,21,0.0,0.201,0.05,0.3,0.05,0.05,0.55,55,164.41100127573748,508.0077648162842,156,0.8032222649989984,8019.37109375,16.150152653667767,2,4,22,0.0,0.201,0.05,0.3,0.05,0.05,0.55
873,PartitionExploration,0,NOOP,0.244549,-0.060243,0.127056,0,55,164.41100127573748,508.0077648162842,156,0.8032222649989984,8019.37109375,16.150152653667767,2,4,22,0.0,0.201,0.05,0.3,0.05,0.05,0.55,81,250.6865048297968,470.6921577453613,159,0.7895673835802378,8034.6376953125,17.200493996280418,2,5,23,0.0,0.201,0.05,0.3,0.05,0.05,0.55
874,PartitionExploration,2,COMPACT_64KB,0.085363,-0.141858,0.125625,0,81,250.6865048297968,470.6921577453613,159,0.7895673835802378,8034.6376953125,17.200493996280418,2,5,23,0.0,0.201,0.05,0.3,0.05,0.05,0.55,91,271.12193472587455,1231.858730316162,145,0.8624656940328663,8003.681640625,9.210813358777145,2,0,24,0.0,0.1675,0.05,0.25,0.1,0.05,0.55
875,PartitionExploration,0,NOOP,0.266732,-0.060074,0.139951,0,91,271.12193472587455,1231.858730316162,145,0.8624656940328663,8003.681640625,9.210813358777145,2,0,24,0.0,0.1675,0.05,0.25,0.1,0.05,0.55,87,263.018839963384,466.33386611938477,148,0.8466620574126372,8019.5830078125,11.529058715265572,2,1,25,0.0,0.16750000000000004,0.05,0.25,0.1,0.05,0.55
876,PartitionExploration,0,NOOP,0.260843,-0.059981,0.118231,0,87,263.018839963384,466.33386611938477,148,0.8466620574126372,8019.5830078125,11.529058715265572,2,1,25,0.0,0.16750000000000004,0.05,0.25,0.1,0.05,0.55,95,241.16794223477112,1251.6067028045654,151,0.8315527707535699,8036.1259765625,13.293448484412604,2,2,26,0.0,0.16750000000000004,0.05,0.25,0.15,0.05,0.5
877,PartitionExploration,0,NOOP,0.255019,-0.066629,0.126849,0,95,241.16794223477112,1251.6067028045654,151,0.8315527707535699,8036.1259765625,13.293448484412604,2,2,26,0.0,0.16750000000000004,0.05,0.25,0.15,0.05,0.5,51,152.67799436137182,738.2469177246094,154,0.8166259171126725,8048.6650390625,14.815160212240329,2,3,27,0.0,0.134,0.1,0.2,0.15,0.05,0.5
878,PartitionExploration,0,NOOP,0.249471,-0.059857,0.127132,0,51,152.67799436137182,738.2469177246094,154,0.8166259171126725,8048.6650390625,14.815160212240329,2,3,27,0.0,0.134,0.1,0.2,0.15,0.05,0.5,75,232.7253788032916,588.9027118682861,157,0.8024879990109972,8063.3994140625,16.049299795007403,2,4,28,0.0,0.134,0.1,0.2,0.1,0.05,0.55
879,PartitionExploration,0,NOOP,0.244034,-0.059807,0.105429,0,75,232.7253788032916,588.9027118682861,157,0.8024879990109972,8063.3994140625,16.049299795007403,2,4,28,0.0,0.134,0.1,0.2,0.1,0.05,0.55,51,160.14127141579107,1384.4914436340332,160,0.7886691093444824,8075.9716796875,17.143963725341024,2,5,29,0.0,0.134,0.1,0.2,0.15,0.05,0.5
880,PartitionExploration,2,COMPACT_64KB,0.086831,-0.141427,0.144973,0,51,160.14127141579107,1384.4914436340332,160,0.7886691093444824,8075.9716796875,17.143963725341024,2,5,29,0.0,0.134,0.1,0.2,0.15,0.05,0.5,81,250.14366642271168,438.61985206604004,145,0.8666608086947737,8042.6123046875,8.765808618898731,2,0,30,0.0,0.1005,0.1,0.15,0.15,0.05,0.55
881,PartitionExploration,0,NOOP,0.268064,-0.059673,0.135489,0,81,250.14366642271168,438.61985206604004,145,0.8666608086947737,8042.6123046875,8.765808618898731,2,0,30,0.0,0.1005,0.1,0.15,0.15,0.05,0.55,55,181.6975958929411,690.1829242706299,148,0.8504672694850612,8055.6259765625,11.293524870965308,2,1,31,0.0,0.1005,0.15,0.15,0.15,0.05,0.5
882,PartitionExploration,0,NOOP,0.262035,-0.059617,0.137343,0,55,181.6975958929411,690.1829242706299,148,0.8504672694850612,8055.6259765625,11.293524870965308,2,1,31,0.0,0.1005,0.15,0.15,0.15,0.05,0.5,60,181.54042812273218,461.7037773132324,151,0.8349561880755898,8069.0166015625,13.188986819460057,2,2,32,0.0,0.1005,0.15,0.15,0.15,0.05,0.5
883,PartitionExploration,0,NOOP,0.256256,0.282151,0.266413,0,60,181.54042812273218,461.7037773132324,151,0.8349561880755898,8069.0166015625,13.188986819460057,2,2,32,0.0,0.1005,0.15,0.15,0.15,0.05,0.5,73,234.06340525561396,530.0993919372559,154,0.8201601102754668,8083.498046875,14.696519565152146,2,3,33,0.67,0.134,0.15,0.2,0.15,0.05,0.45
884,PartitionExploration,0,NOOP,0.250751,-0.059455,0.12754,0,73,234.06340525561396,530.0993919372559,154,0.8201601102754668,8083.498046875,14.696519565152146,2,3,33,0.67,0.134,0.15,0.2,0.15,0.05,0.45,97,286.48467577423867,602.7400493621826,157,0.8061466095553842,8100.1611328125,15.91868551776188,2,4,34,0.0,0.134,0.15,0.2,0.15,0.05,0.45
885,PartitionExploration,0,NOOP,0.245303,0.282295,0.259824,0,97,286.48467577423867,602.7400493621826,157,0.8061466095553842,8100.1611328125,15.91868551776188,2,4,34,0.0,0.134,0.15,0.2,0.15,0.05,0.45,55,162.70820725718968,541.4717197418213,160,0.7922933578491211,8113.083984375,17.03027671359926,2,5,35,0.67,0.1675,0.15,0.25,0.15,0.05,0.4
886,PartitionExploration,2,COMPACT_64KB,0.083791,-0.13435,0.137738,0,55,162.70820725718968,541.4717197418213,160,0.7922933578491211,8113.083984375,17.03027671359926,2,5,35,0.67,0.1675,0.15,0.25,0.15,0.05,0.4,55,178.45865353820255,673.2974052429199,147,0.8591159119897959,8082.5625,9.80120580429946,2,0,36,0.0,0.1675,0.15,0.25,0.15,0.0,0.45
887,PartitionExploration,0,NOOP,0.265148,-0.066,0.137683,0,55,178.45865353820255,673.2974052429199,147,0.8591159119897959,8082.5625,9.80120580429946,2,0,36,0.0,0.1675,0.15,0.25,0.15,0.0,0.45,55,163.05091694031864,523.8587856292725,150,0.8432810465494792,8095.498046875,12.03359229930596,2,1,37,0.0,0.134,0.15,0.2,0.15,0.0,0.5
888,PartitionExploration,0,NOOP,0.259275,0.282468,0.267463,0,55,163.05091694031864,523.8587856292725,150,0.8432810465494792,8095.498046875,12.03359229930596,2,1,37,0.0,0.134,0.15,0.2,0.15,0.0,0.5,71,202.8647986206624,559.4992637634277,153,0.8282154556972529,8109.8857421875,13.738554331316978,2,2,38,0.67,0.1675,0.15,0.25,0.15,0.0,0.45
889,PartitionExploration,0,NOOP,0.253633,-0.065858,0.131546,0,71,202.8647986206624,559.4992637634277,153,0.8282154556972529,8109.8857421875,13.738554331316978,2,2,38,0.67,0.1675,0.15,0.25,0.15,0.0,0.45,80,203.47068468695727,502.117395401001,156,0.8138096149151142,8125.0751953125,15.124181496230051,2,3,39,0.0,0.134,0.15,0.2,0.15,0.0,0.5
890,PartitionExploration,0,NOOP,0.24812,-0.065798,0.129031,0,80,203.47068468695727,502.117395401001,156,0.8138096149151142,8125.0751953125,15.124181496230051,2,3,39,0.0,0.134,0.15,0.2,0.15,0.0,0.5,60,179.15265313793412,473.5107421875,159,0.7997705231672563,8138.46484375,16.32928123849411,2,4,40,0.0,0.1005,0.15,0.15,0.15,0.0,0.55
891,PartitionExploration,0,NOOP,0.242772,-0.059048,0.106186,0,60,179.15265313793412,473.5107421875,159,0.7997705231672563,8138.46484375,16.32928123849411,2,4,40,0.0,0.1005,0.15,0.15,0.15,0.0,0.55,55,177.80556647474583,1320.2121257781982,162,0.786205056272907,8151.3740234375,17.374794711786546,2,5,41,0.0,0.1005,0.1,0.15,0.2,0.0,0.55
892,PartitionExploration,2,COMPACT_64KB,0.085008,-0.13399,0.143341,0,55,177.80556647474583,1320.2121257781982,162,0.786205056272907,8151.3740234375,17.374794711786546,2,5,41,0.0,0.1005,0.1,0.15,0.2,0.0,0.55,64,192.65347695748187,463.010311126709,147,0.8625955387037627,8115.298828125,9.005750048199273,2,0,42,0.0,0.1005,0.1,0.15,0.2,0.0,0.55
893,PartitionExploration,0,NOOP,0.266459,-0.058902,0.137819,0,64,192.65347695748187,463.010311126709,147,0.8625955387037627,8115.298828125,9.005750048199273,2,0,42,0.0,0.1005,0.1,0.15,0.2,0.0,0.55,91,271.6421467663993,550.1129627227783,150,0.847027079264323,8131.4599609375,11.333636116538752,2,1,43,0.0,0.1005,0.1,0.15,0.2,0.0,0.55
894,PartitionExploration,0,NOOP,0.260569,-0.058834,0.133754,0,91,271.6421467663993,550.1129627227783,150,0.847027079264323,8131.4599609375,11.333636116538752,2,1,43,0.0,0.1005,0.1,0.15,0.2,0.0,0.55,74,225.98982684077245,578.6936283111572,153,0.8319108751085069,8146.0712890625,13.154286269409619,2,2,44,0.0,0.1005,0.1,0.15,0.15,0.05,0.55
895,PartitionExploration,0,NOOP,0.254951,-0.058744,0.132649,0,74,225.98982684077245,578.6936283111572,153,0.8319108751085069,8146.0712890625,13.154286269409619,2,2,44,0.0,0.1005,0.1,0.15,0.15,0.05,0.55,96,249.47594913494208,487.079381942749,156,0.8175728626740284,8162.6474609375,14.591794978529993,2,3,45,0.0,0.1005,0.1,0.15,0.15,0.05,0.55
896,PartitionExploration,0,NOOP,0.249394,-0.058692,0.129758,0,96,249.47594913494208,487.079381942749,156,0.8175728626740284,8162.6474609375,14.591794978529993,2,3,45,0.0,0.1005,0.1,0.15,0.15,0.05,0.55,54,167.3114956818892,473.53506088256836,159,0.8034101762111832,8175.501953125,15.870517350040334,2,4,46,0.0,0.1005,0.1,0.15,0.1,0.05,0.6
897,PartitionExploration,0,NOOP,0.244081,-0.058625,0.126484,0,54,167.3114956818892,473.53506088256836,159,0.8034101762111832,8175.501953125,15.870517350040334,2,4,46,0.0,0.1005,0.1,0.15,0.1,0.05,0.6,74,219.80717099760702,482.38325119018555,162,0.789945908534674,8190.1591796875,16.93495504196428,2,5,47,0.0,0.1005,0.05,0.15,0.1,0.05,0.65
898,PartitionExploration,2,COMPACT_64KB,0.084394,-0.133544,0.142203,0,74,219.80717099760702,482.38325119018555,162,0.789945908534674,8190.1591796875,16.93495504196428,2,5,47,0.0,0.1005,0.05,0.15,0.1,0.05,0.65,91,280.03159512690803,496.25158309936523,148,0.8614122545396959,8159.296875,9.220327238909967,2,0,48,0.0,0.1005,0.05,0.15,0.1,0.05,0.65
899,PartitionExploration,0,NOOP,0.265822,-0.058478,0.134554,0,91,280.03159512690803,496.25158309936523,148,0.8614122545396959,8159.296875,9.220327238909967,2,0,48,0.0,0.1005,0.05,0.15,0.1,0.05,0.65,70,212.884441086518,674.0193367004395,151,0.8457785094810637,8173.603515625,11.534486201754884,2,1,49,0.0,0.1005,0.1,0.15,0.05,0.05,0.65
900,PartitionExploration,6,PARTITION_EVENT_TYPE,-0.115008,-0.208407,0.134854,0,70,212.884441086518,674.0193367004395,151,0.8457785094810637,8173.603515625,11.534486201754884,2,1,49,0.0,0.1005,0.1,0.15,0.05,0.05,0.65,79,237.3650765678738,516.9985294342041,154,0.8308344258890523,8188.7041015625,13.29635313991185,3,2,0,0.0,0.1005,0.1,0.15,0.05,0.05,0.65
901,PartitionExploration,2,COMPACT_64KB,0.078643,-0.133753,0.139475,0,79,237.3650765678738,516.9985294342041,154,0.8308344258890523,8188.7041015625,13.29635313991185,3,2,0,0.0,0.1005,0.1,0.15,0.05,0.05,0.65,27,86.87183271568524,470.9336757659912,151,0.846693127360565,8182.4423828125,11.69072774392536,3,0,1,0.0,0.1005,0.05,0.15,0.05,0.05,0.7
902,PartitionExploration,0,NOOP,0.260158,-0.058726,0.134419,0,27,86.87183271568524,470.9336757659912,151,0.846693127360565,8182.4423828125,11.69072774392536,3,0,1,0.0,0.1005,0.05,0.15,0.05,0.05,0.7,33,101.90460526073605,539.6664142608643,154,0.8313085382634943,8193.376953125,13.532095252710825,3,1,2,0.0,0.1005,0.05,0.15,0.05,0.05,0.7
903,PartitionExploration,0,NOOP,0.254435,-0.065391,0.130378,0,33,101.90460526073605,539.6664142608643,154,0.8313085382634943,8193.376953125,13.532095252710825,3,1,2,0.0,0.1005,0.05,0.15,0.05,0.05,0.7,50,152.53012924482329,571.3329315185547,157,0.8166705089010251,8205.9052734375,14.99881379948939,3,2,3,0.0,0.067,0.05,0.1,0.05,0.05,0.75
904,PartitionExploration,0,NOOP,0.248834,-0.058667,0.127254,0,50,152.53012924482329,571.3329315185547,157,0.8166705089010251,8205.9052734375,14.99881379948939,3,2,3,0.0,0.067,0.05,0.1,0.05,0.05,0.75,29,87.43968927538566,566.6990280151367,160,0.8023839950561523,8216.412109375,16.271213325404418,3,3,4,0.0,0.067,0.05,0.1,0.05,0.05,0.75
905,PartitionExploration,0,NOOP,0.243432,-0.065348,0.122819,0,29,87.43968927538566,566.6990280151367,160,0.8023839950561523,8216.412109375,16.271213325404418,3,3,4,0.0,0.067,0.05,0.1,0.05,0.05,0.75,35,102.18914934169035,623.0869293212891,163,0.788662869506087,8227.3310546875,17.356741412959657,3,4,5,0.0,0.0335,0.05,0.05,0.05,0.05,0.8
906,PartitionExploration,0,NOOP,0.239998,0.283083,0.238263,0,35,102.18914934169035,623.0869293212891,163,0.788662869506087,8227.3310546875,17.356741412959657,3,4,5,0.0,0.0335,0.05,0.05,0.05,0.05,0.8,45,141.08111744471304,1333.294153213501,165,0.7799931381687973,8236.7275390625,17.967597797373703,3,5,6,0.67,0.067,0.05,0.05,0.05,0.1,0.75
907,PartitionExploration,0,NOOP,0.234842,-0.058605,0.118152,0,45,141.08111744471304,1333.294153213501,165,0.7799931381687973,8236.7275390625,17.967597797373703,3,5,6,0.67,0.067,0.05,0.05,0.05,0.1,0.75,22,69.9024718021831,610.4300022125244,168,0.7669781276157924,8246.548828125,18.85296690267075,3,6,7,0.0,0.067,0.05,0.05,0.05,0.1,0.75
908,PartitionExploration,2,COMPACT_64KB,0.083656,-0.140267,0.142607,0,22,69.9024718021831,610.4300022125244,168,0.7669781276157924,8246.548828125,18.85296690267075,3,6,7,0.0,0.067,0.05,0.05,0.05,0.1,0.75,48,124.3212585355371,460.40821075439453,149,0.8598734196400483,8199.7529296875,9.474351863793585,3,0,8,0.0,0.0335,0.05,0.0,0.05,0.1,0.8
909,PartitionExploration,0,NOOP,0.265036,-0.058535,0.138535,0,48,124.3212585355371,460.40821075439453,149,0.8598734196400483,8199.7529296875,9.474351863793585,3,0,8,0.0,0.0335,0.05,0.0,0.05,0.1,0.8,42,128.89705402443005,483.66570472717285,152,0.8441023575632196,8211.427734375,11.786865125139386,3,1,9,0.0,0.0335,0.05,0.0,0.05,0.1,0.8
910,PartitionExploration,0,NOOP,0.259102,-0.058514,0.13289,0,42,128.89705402443005,483.66570472717285,152,0.8441023575632196,8211.427734375,11.786865125139386,3,1,9,0.0,0.0335,0.05,0.0,0.05,0.1,0.8,33,97.10460638519535,578.9089202880859,155,0.8288628362840221,8222.3193359375,13.592326219940142,3,2,10,0.0,0.0335,0.05,0.0,0.05,0.1,0.8
911,PartitionExploration,0,NOOP,0.253387,0.283209,0.264127,0,33,97.10460638519535,578.9089202880859,155,0.8288628362840221,8222.3193359375,13.592326219940142,3,2,10,0.0,0.0335,0.05,0.0,0.05,0.1,0.8,38,116.92975054124106,555.99045753479,158,0.8142485799668711,8233.681640625,15.057571031350985,3,3,11,0.67,0.067,0.05,0.0,0.0,0.15,0.8
912,PartitionExploration,0,NOOP,0.247844,-0.058472,0.128529,0,38,116.92975054124106,555.99045753479,158,0.8142485799668711,8233.681640625,15.057571031350985,3,3,11,0.67,0.067,0.05,0.0,0.0,0.15,0.8,32,97.64499166271385,487.3340129852295,161,0.8001249325201378,8244.4873046875,16.30331984314049,3,4,12,0.0,0.067,0.05,0.0,0.0,0.15,0.8
913,PartitionExploration,0,NOOP,0.242492,0.283254,0.257423,0,32,97.64499166271385,487.3340129852295,161,0.8001249325201378,8244.4873046875,16.30331984314049,3,4,12,0.0,0.067,0.05,0.0,0.0,0.15,0.8,36,107.06606055320262,573.6997127532959,164,0.7865478701707793,8255.6064453125,17.369160208726598,3,5,13,0.67,0.1005,0.05,0.0,0.0,0.2,0.75
914,PartitionExploration,2,COMPACT_64KB,0.084309,-0.133434,0.142814,0,36,107.06606055320262,573.6997127532959,164,0.7865478701707793,8255.6064453125,17.369160208726598,3,5,13,0.67,0.1005,0.05,0.0,0.0,0.2,0.75,25,68.6874668378543,467.53764152526855,149,0.8617400098967072,8217.552734375,9.090294162610745,3,0,14,0.0,0.1005,0.05,0.0,0.0,0.15,0.8
915,PartitionExploration,0,NOOP,0.265658,-0.058412,0.120546,0,25,68.6874668378543,467.53764152526855,149,0.8617400098967072,8217.552734375,9.090294162610745,3,0,14,0.0,0.1005,0.05,0.0,0.0,0.15,0.8,37,111.61088828141126,1269.8438167572021,152,0.845880809583162,8228.728515625,11.511738987131398,3,1,15,0.0,0.1005,0.05,0.0,0.05,0.15,0.75
916,PartitionExploration,0,NOOP,0.25969,-0.058396,0.135577,0,37,111.61088828141126,1269.8438167572021,152,0.845880809583162,8228.728515625,11.511738987131398,3,1,15,0.0,0.1005,0.05,0.0,0.05,0.15,0.75,26,85.50635974300711,478.151798248291,155,0.8305427797379032,8238.984375,13.382446800104564,3,2,16,0.0,0.1005,0.05,0.0,0.05,0.15,0.75
917,PartitionExploration,0,NOOP,0.253946,-0.058376,0.127203,0,26,85.50635974300711,478.151798248291,155,0.8305427797379032,8238.984375,13.382446800104564,3,2,16,0.0,0.1005,0.05,0.0,0.05,0.15,0.75,33,102.46208307146331,694.9646472930908,158,0.8158460206623319,8249.8349609375,14.88914282904854,3,3,17,0.0,0.1005,0.1,0.0,0.05,0.15,0.7
918,PartitionExploration,0,NOOP,0.24835,-0.058364,0.128784,0,33,102.46208307146331,694.9646472930908,158,0.8158460206623319,8249.8349609375,14.88914282904854,3,3,17,0.0,0.1005,0.1,0.0,0.05,0.15,0.7,20,60.412022186918016,488.77596855163574,161,0.8015706317024942,8259.3837890625,16.179394607713967,3,4,18,0.0,0.1005,0.1,0.0,0.05,0.15,0.7
919,PartitionExploration,0,NOOP,0.243029,0.283366,0.256398,0,20,60.412022186918016,488.77596855163574,161,0.8015706317024942,8259.3837890625,16.179394607713967,3,4,18,0.0,0.1005,0.1,0.0,0.05,0.15,0.7,49,140.78027221601923,630.7854652404785,164,0.7880824949683213,8271.7138671875,17.240222687654505,3,5,19,0.67,0.134,0.05,0.0,0.05,0.2,0.7
920,PartitionExploration,2,COMPACT_64KB,0.084987,-0.133297,0.143749,0,49,140.78027221601923,630.7854652404785,164,0.7880824949683213,8271.7138671875,17.240222687654505,3,5,19,0.67,0.134,0.05,0.0,0.05,0.2,0.7,44,136.62329155531208,444.0734386444092,149,0.8636775688837038,8236.029296875,8.82273239539407,3,0,20,0.0,0.134,0.05,0.0,0.05,0.2,0.7
921,PartitionExploration,0,NOOP,0.266328,-0.05827,0.139431,0,44,136.62329155531208,444.0734386444092,149,0.8636775688837038,8236.029296875,8.82273239539407,3,0,20,0.0,0.134,0.05,0.0,0.05,0.2,0.7,38,115.86837332077116,476.9244194030762,152,0.8477951852898848,8247.3515625,11.312211370752632,3,1,21,0.0,0.134,0.05,0.0,0.05,0.2,0.7
922,PartitionExploration,0,NOOP,0.260329,0.283445,0.266465,0,38,115.86837332077116,476.9244194030762,152,0.8477951852898848,8247.3515625,11.312211370752632,3,1,21,0.0,0.134,0.05,0.0,0.05,0.2,0.7,21,66.25340009793545,627.1500587463379,155,0.8323681246849799,8257.091796875,13.23589853840489,3,2,22,0.67,0.1675,0.05,0.0,0.05,0.25,0.65
923,PartitionExploration,0,NOOP,0.25454,-0.05824,0.130088,0,21,66.25340009793545,627.1500587463379,155,0.8323681246849799,8257.091796875,13.23589853840489,3,2,22,0.67,0.1675,0.05,0.0,0.05,0.25,0.65,22,68.68880645956112,585.8747959136963,158,0.8175417743151701,8266.982421875,14.787259736080435,3,3,23,0.0,0.1675,0.05,0.0,0.05,0.25,0.65
924,PartitionExploration,0,NOOP,0.248997,-0.058209,0.128929,0,22,68.68880645956112,585.8747959136963,158,0.8175417743151701,8266.982421875,14.787259736080435,3,3,23,0.0,0.1675,0.05,0.0,0.05,0.25,0.65,39,114.99119945167924,498.4586238861084,161,0.8034213996081618,8278.4541015625,16.05775955655835,3,4,24,0.0,0.1675,0.05,0.0,0.05,0.25,0.65
925,PartitionExploration,0,NOOP,0.243663,-0.058176,0.124367,0,39,114.99119945167924,498.4586238861084,161,0.8034213996081618,8278.4541015625,16.05775955655835,3,4,24,0.0,0.1675,0.05,0.0,0.05,0.25,0.65,48,142.29757398072417,561.9466304779053,164,0.789893545755526,8290.72265625,17.134817944938078,3,5,25,0.0,0.1675,0.05,0.0,0.05,0.25,0.65
926,PartitionExploration,2,COMPACT_64KB,0.083467,-0.139862,0.120151,0,48,142.29757398072417,561.9466304779053,164,0.789893545755526,8290.72265625,17.134817944938078,3,5,25,0.0,0.1675,0.05,0.0,0.05,0.25,0.65,30,95.67153784157783,1417.7219867706299,150,0.8599053955078125,8255.091796875,9.470771920394533,3,0,26,0.0,0.134,0.05,0.0,0.1,0.2,0.65
927,PartitionExploration,0,NOOP,0.264866,-0.058139,0.138836,0,30,95.67153784157783,1417.7219867706299,150,0.8599053955078125,8255.091796875,9.470771920394533,3,0,26,0.0,0.134,0.05,0.0,0.1,0.2,0.65,36,118.87755674034698,466.1686420440674,153,0.8441896126940359,8266.3046875,11.783922633203863,3,1,27,0.0,0.134,0.05,0.0,0.1,0.2,0.65
928,PartitionExploration,0,NOOP,0.258997,-0.058112,0.131272,0,36,118.87755674034698,466.1686420440674,153,0.8441896126940359,8266.3046875,11.783922633203863,3,1,27,0.0,0.134,0.05,0.0,0.1,0.2,0.65,42,122.44993900468153,645.2188491821289,156,0.829133058205629,8278.064453125,13.559375488284639,3,2,28,0.0,0.134,0.05,0.0,0.1,0.2,0.65
929,PartitionExploration,0,NOOP,0.253283,-0.058089,0.131921,0,42,122.44993900468153,645.2188491821289,156,0.829133058205629,8278.064453125,13.559375488284639,3,2,28,0.0,0.134,0.05,0.0,0.1,0.2,0.65,29,61.25017108379254,476.0565757751465,159,0.8145224133377555,8288.580078125,15.037456031794578,3,3,29,0.0,0.134,0.05,0.0,0.1,0.2,0.65
930,PartitionExploration,0,NOOP,0.247775,0.283633,0.260741,0,29,61.25017108379254,476.0565757751465,159,0.8145224133377555,8288.580078125,15.037456031794578,3,3,29,0.0,0.134,0.05,0.0,0.1,0.2,0.65,35,95.4643821211859,561.8340969085693,162,0.8005012229636863,8299.5966796875,16.274854899565124,3,4,30,0.67,0.1675,0.05,0.0,0.1,0.25,0.6
931,PartitionExploration,0,NOOP,0.24241,-0.064751,0.123744,0,35,95.4643821211859,561.8340969085693,162,0.8005012229636863,8299.5966796875,16.274854899565124,3,4,30,0.67,0.1675,0.05,0.0,0.1,0.25,0.6,24,73.3167389176339,557.481050491333,165,0.7868863192471591,8309.51953125,17.357480167573705,3,5,31,0.0,0.134,0.05,0.0,0.1,0.2,0.65
932,PartitionExploration,2,COMPACT_64KB,0.084146,-0.133019,0.138142,0,24,73.3167389176339,557.481050491333,165,0.7868863192471591,8309.51953125,17.357480167573705,3,5,31,0.0,0.134,0.05,0.0,0.1,0.2,0.65,49,153.6871412461825,663.3250713348389,150,0.861846211751302,8273.7236328125,8.985614821363175,3,0,32,0.0,0.134,0.1,0.0,0.1,0.2,0.6
933,PartitionExploration,0,NOOP,0.267561,0.276995,0.270844,0,49,153.6871412461825,663.3250713348389,150,0.861846211751302,8273.7236328125,8.985614821363175,3,0,32,0.0,0.134,0.1,0.0,0.1,0.2,0.6,29,86.04266522926,617.9802417755127,152,0.8513182589882299,8281.6240234375,10.675152003322328,3,1,33,0.67,0.134,0.1,0.0,0.1,0.2,0.6
934,PartitionExploration,0,NOOP,0.261561,-0.057989,0.136823,0,29,86.04266522926,617.9802417755127,152,0.8513182589882299,8281.6240234375,10.675152003322328,3,1,33,0.67,0.134,0.1,0.0,0.1,0.2,0.6,29,85.73759821581504,470.55649757385254,155,0.8358889672064012,8292.0185546875,12.707544869301968,3,2,34,0.0,0.134,0.1,0.0,0.1,0.2,0.6
935,PartitionExploration,0,NOOP,0.255817,-0.05796,0.128164,0,29,85.73759821581504,470.55649757385254,155,0.8358889672064012,8292.0185546875,12.707544869301968,3,2,34,0.0,0.134,0.1,0.0,0.1,0.2,0.6,43,128.24483515295796,699.6159553527832,158,0.8211900735203224,8303.8740234375,14.29781585567933,3,3,35,0.0,0.134,0.15,0.0,0.05,0.2,0.6
936,PartitionExploration,0,NOOP,0.250219,-0.057939,0.129753,0,43,128.24483515295796,699.6159553527832,158,0.8211900735203224,8303.8740234375,14.29781585567933,3,3,35,0.0,0.134,0.15,0.0,0.05,0.2,0.6,30,98.77883293676557,493.02148818969727,161,0.8069103548985831,8314.404296875,15.648235901226736,3,4,36,0.0,0.134,0.15,0.0,0.05,0.2,0.6
937,PartitionExploration,0,NOOP,0.244821,-0.057911,0.102386,0,30,98.77883293676557,493.02148818969727,161,0.8069103548985831,8314.404296875,15.648235901226736,3,4,36,0.0,0.134,0.15,0.0,0.05,0.2,0.6,34,109.6630172907671,1532.329797744751,164,0.7932037725681211,8325.466796875,16.79035325287632,3,5,37,0.0,0.134,0.1,0.0,0.1,0.2,0.6
938,PartitionExploration,0,NOOP,0.239561,-0.057891,0.102024,0,34,109.6630172907671,1532.329797744751,164,0.7932037725681211,8325.466796875,16.79035325287632,3,5,37,0.0,0.134,0.1,0.0,0.1,0.2,0.6,24,71.05888531700148,1417.663335800171,167,0.7798873992737182,8335.4365234375,17.798028099022442,3,6,38,0.0,0.134,0.1,0.0,0.15,0.2,0.55
939,PartitionExploration,2,COMPACT_64KB,0.08489,-0.139559,0.14309,0,24,71.05888531700148,1417.663335800171,167,0.7798873992737182,8335.4365234375,17.798028099022442,3,6,38,0.0,0.134,0.1,0.0,0.15,0.2,0.55,49,153.2856065651778,469.49028968811035,150,0.8639722696940104,8294.1337890625,8.593521407702783,3,0,39,0.0,0.1005,0.1,0.0,0.15,0.15,0.6
940,PartitionExploration,0,NOOP,0.266256,-0.057837,0.139433,0,49,153.2856065651778,469.49028968811035,150,0.8639722696940104,8294.1337890625,8.593521407702783,3,0,39,0.0,0.1005,0.1,0.0,0.15,0.15,0.6,35,94.064745481644,474.6215343475342,153,0.8481608870761846,8305.19140625,11.132949961315516,3,1,40,0.0,0.1005,0.1,0.0,0.15,0.15,0.6
941,PartitionExploration,0,NOOP,0.260316,-0.057819,0.114714,0,35,94.064745481644,474.6215343475342,153,0.8481608870761846,8305.19140625,11.132949961315516,3,1,40,0.0,0.1005,0.1,0.0,0.15,0.15,0.6,30,96.42573220234296,1387.1283531188965,156,0.8329036419208233,8315.7099609375,13.057529313595948,3,2,41,0.0,0.1005,0.1,0.0,0.2,0.15,0.55
942,PartitionExploration,0,NOOP,0.254603,-0.064497,0.113528,0,30,96.42573220234296,1387.1283531188965,156,0.8329036419208233,8315.7099609375,13.057529313595948,3,2,41,0.0,0.1005,0.1,0.0,0.2,0.15,0.55,37,115.39804151791657,1296.6830730438232,159,0.818295364859719,8326.9736328125,14.595207118855285,3,3,42,0.0,0.067,0.1,0.0,0.25,0.1,0.55
943,PartitionExploration,0,NOOP,0.249091,-0.057772,0.126133,0,37,115.39804151791657,1296.6830730438232,159,0.818295364859719,8326.9736328125,14.595207118855285,3,3,42,0.0,0.067,0.1,0.0,0.25,0.1,0.55,41,131.5920493719463,620.1016902923584,162,0.8042610074266975,8338.578125,15.877472434198582,3,4,43,0.0,0.067,0.1,0.0,0.25,0.1,0.55
944,PartitionExploration,0,NOOP,0.24373,-0.057753,0.106805,0,41,131.5920493719463,620.1016902923584,162,0.8042610074266975,8338.578125,15.877472434198582,3,4,43,0.0,0.067,0.1,0.0,0.25,0.1,0.55,33,101.4424477752395,1315.7813549041748,165,0.7906565348307292,8349.3330078125,16.990772845203875,3,5,44,0.0,0.067,0.1,0.0,0.3,0.1,0.5
945,PartitionExploration,2,COMPACT_64KB,0.085513,-0.13274,0.136898,0,33,101.4424477752395,1315.7813549041748,165,0.7906565348307292,8349.3330078125,16.990772845203875,3,5,44,0.0,0.067,0.1,0.0,0.3,0.1,0.5,23,70.41686460287451,750.0889301300049,150,0.8657522583007813,8311.2216796875,8.378731281855789,3,0,45,0.0,0.067,0.1,0.0,0.3,0.1,0.5
946,PartitionExploration,0,NOOP,0.266866,-0.057718,0.139622,0,23,70.41686460287451,750.0889301300049,150,0.8657522583007813,8311.2216796875,8.378731281855789,3,0,45,0.0,0.067,0.1,0.0,0.3,0.1,0.5,34,90.28991906558518,481.4116954803467,153,0.8499016855277267,8322.2373046875,10.982873969926525,3,1,46,0.0,0.067,0.1,0.0,0.25,0.1,0.55
947,PartitionExploration,0,NOOP,0.260906,-0.0577,0.134022,0,34,90.28991906558518,481.4116954803467,153,0.8499016855277267,8322.2373046875,10.982873969926525,3,1,46,0.0,0.067,0.1,0.0,0.25,0.1,0.55,26,69.7476872697503,574.1012096405029,156,0.8345896402994791,8332.54296875,12.945598703837822,3,2,47,0.0,0.067,0.1,0.05,0.25,0.1,0.5
948,PartitionExploration,0,NOOP,0.255186,-0.057677,0.1325,0,26,69.7476872697503,574.1012096405029,156,0.8345896402994791,8332.54296875,12.945598703837822,3,2,47,0.0,0.067,0.1,0.05,0.25,0.1,0.5,38,113.37988885632417,497.8468418121338,159,0.8199593406053459,8343.90625,14.501793494813322,3,3,48,0.0,0.067,0.1,0.05,0.25,0.1,0.5
949,PartitionExploration,0,NOOP,0.249665,-0.057644,0.125859,0,38,113.37988885632417,497.8468418121338,159,0.8199593406053459,8343.90625,14.501793494813322,3,3,48,0.0,0.067,0.1,0.05,0.25,0.1,0.5,41,122.9016623547405,645.881175994873,162,0.8058991608796297,8355.5625,15.797851013965403,3,4,49,0.0,0.067,0.1,0.05,0.25,0.1,0.5
950,PartitionExploration,7,REMOVE_PARTITION,0.119336,-0.11432,0.120814,0,41,122.9016623547405,645.881175994873,162,0.8058991608796297,8355.5625,15.797851013965403,3,4,49,0.0,0.067,0.1,0.05,0.25,0.1,0.5,46,140.0379486918937,730.2279472351074,165,0.7923890084931344,8367.6279296875,16.901345130647112,0,5,0,0.0,0.0335,0.15,0.05,0.25,0.05,0.5
951,PartitionExploration,2,COMPACT_64KB,0.084099,-0.135361,0.14225,0,46,140.0379486918937,730.2279472351074,165,0.7923890084931344,8367.6279296875,16.901345130647112,0,5,0,0.0,0.0335,0.15,0.05,0.25,0.05,0.5,34,111.39048833107594,485.63361167907715,151,0.8622821529969474,8333.0947265625,8.785375203696018,0,0,1,0.0,0.0335,0.15,0.05,0.25,0.05,0.5
952,PartitionExploration,0,NOOP,0.269621,-0.060394,0.138987,0,34,111.39048833107594,485.63361167907715,151,0.8622821529969474,8333.0947265625,8.785375203696018,0,0,1,0.0,0.0335,0.15,0.05,0.25,0.05,0.5,34,116.96454884939392,576.5867233276367,152,0.8572016264262953,8338.857421875,9.630257638585569,0,1,2,0.0,0.0335,0.1,0.05,0.25,0.05,0.55
953,PartitionExploration,0,NOOP,0.267656,-0.067125,0.137396,0,34,116.96454884939392,576.5867233276367,152,0.8572016264262953,8338.857421875,9.630257638585569,0,1,2,0.0,0.0335,0.1,0.05,0.25,0.05,0.55,31,101.50340365471328,596.1740016937256,153,0.8521592881944444,8344.34375,10.395449501019428,0,2,3,0.0,0.0,0.1,0.1,0.25,0.0,0.55
954,PartitionExploration,0,NOOP,0.265695,-0.060449,0.134938,0,31,101.50340365471328,596.1740016937256,153,0.8521592881944444,8344.34375,10.395449501019428,0,2,3,0.0,0.0,0.1,0.1,0.25,0.0,0.55,25,80.0451304255558,653.0261039733887,154,0.8471283355316559,8349.296875,11.105156887511587,0,3,4,0.0,0.0,0.1,0.15,0.25,0.0,0.5
955,PartitionExploration,0,NOOP,0.263793,-0.060485,0.118334,0,25,80.0451304255558,653.0261039733887,154,0.8471283355316559,8349.296875,11.105156887511587,0,3,4,0.0,0.0,0.1,0.15,0.25,0.0,0.5,37,111.3931409515155,1317.6181316375732,155,0.8422669441469254,8355.2880859375,11.727229005696215,0,4,5,0.0,0.0,0.05,0.15,0.3,0.0,0.5
956,PartitionExploration,0,NOOP,0.261884,-0.060511,0.135825,0,37,111.3931409515155,1317.6181316375732,155,0.8422669441469254,8355.2880859375,11.727229005696215,0,4,5,0.0,0.0,0.05,0.15,0.3,0.0,0.5,27,71.90134994939753,520.7929611206055,156,0.8373820965106671,8360.4228515625,12.324272809120133,0,5,6,0.0,0.0,0.05,0.15,0.3,0.0,0.5
957,PartitionExploration,0,NOOP,0.260045,-0.060553,0.129291,0,27,71.90134994939753,520.7929611206055,156,0.8373820965106671,8360.4228515625,12.324272809120133,0,5,6,0.0,0.0,0.05,0.15,0.3,0.0,0.5,43,125.265541588935,755.3048133850098,157,0.8327013732521398,8366.9833984375,12.845358503478703,0,6,7,0.0,0.0,0.1,0.15,0.25,0.0,0.5
958,PartitionExploration,0,NOOP,0.258186,-0.060582,0.134481,0,43,125.265541588935,755.3048133850098,157,0.8327013732521398,8366.9833984375,12.845358503478703,0,6,7,0.0,0.0,0.1,0.15,0.25,0.0,0.5,30,97.74828572249795,486.91248893737793,158,0.8279614026033426,8372.345703125,13.36010444369745,0,7,8,0.0,0.0,0.1,0.15,0.2,0.0,0.55
959,PartitionExploration,0,NOOP,0.256358,-0.060614,0.131335,0,30,97.74828572249795,486.91248893737793,158,0.8279614026033426,8372.345703125,13.36010444369745,0,7,8,0.0,0.0,0.1,0.15,0.2,0.0,0.55,33,102.34563493882717,576.5130519866943,159,0.823309268591539,8377.9951171875,13.836819579073891,0,8,9,0.0,0.0,0.1,0.15,0.2,0.0,0.55
960,PartitionExploration,0,NOOP,0.254572,-0.060653,0.129491,0,33,102.34563493882717,576.5130519866943,159,0.823309268591539,8377.9951171875,13.836819579073891,0,8,9,0.0,0.0,0.1,0.15,0.2,0.0,0.55,40,124.77709313351802,611.3152503967285,160,0.8187768936157227,8384.275390625,14.27291570251503,0,9,10,0.0,0.0,0.1,0.2,0.2,0.0,0.5
961,PartitionExploration,0,NOOP,0.252781,-0.060684,0.106452,0,40,124.77709313351802,611.3152503967285,160,0.8187768936157227,8384.275390625,14.27291570251503,0,9,10,0.0,0.0,0.1,0.2,0.2,0.0,0.5,32,86.38398078435563,1554.4166564941406,161,0.8142327729219235,8389.8544921875,14.698980424210415,0,10,11,0.0,0.0,0.1,0.2,0.2,0.0,0.5
962,PartitionExploration,0,NOOP,0.250982,-0.060707,0.129493,0,32,86.38398078435563,1554.4166564941406,161,0.8142327729219235,8389.8544921875,14.698980424210415,0,10,11,0.0,0.0,0.1,0.2,0.2,0.0,0.5,23,73.84914621319179,522.3987102508545,162,0.8096629955150463,8394.5859375,15.118693891193162,0,11,12,0.0,0.0,0.1,0.2,0.15,0.0,0.55
963,PartitionExploration,0,NOOP,0.249266,-0.06075,0.129001,0,23,73.84914621319179,522.3987102508545,162,0.8096629955150463,8394.5859375,15.118693891193162,0,11,12,0.0,0.0,0.1,0.2,0.15,0.0,0.55,44,143.79242085546457,501.0251998901367,163,0.8053322072409413,8401.2255859375,15.481801330668903,0,12,13,0.0,0.0,0.1,0.2,0.15,0.0,0.55
964,PartitionExploration,0,NOOP,0.247581,-0.060797,0.127272,0,44,143.79242085546457,501.0251998901367,163,0.8053322072409413,8401.2255859375,15.481801330668903,0,12,13,0.0,0.0,0.1,0.2,0.15,0.0,0.55,48,152.62386030507093,533.3986282348633,164,0.8010878214022008,8408.2177734375,15.821411012503733,0,13,14,0.0,0.0,0.1,0.2,0.1,0.0,0.6
965,PartitionExploration,0,NOOP,0.245845,-0.060821,0.102065,0,48,152.62386030507093,533.3986282348633,164,0.8010878214022008,8408.2177734375,15.821411012503733,0,13,14,0.0,0.0,0.1,0.2,0.1,0.0,0.6,25,85.71145981744006,1570.708990097046,165,0.796699385209517,8413.1455078125,16.18042957563441,0,14,15,0.0,0.0,0.1,0.2,0.15,0.0,0.55
966,PartitionExploration,0,NOOP,0.24413,-0.060846,0.123592,0,25,85.71145981744006,1570.708990097046,165,0.796699385209517,8413.1455078125,16.18042957563441,0,14,15,0.0,0.0,0.1,0.2,0.15,0.0,0.55,26,81.11066038023537,605.6833267211914,166,0.7923720945794899,8418.1611328125,16.521249953358055,0,15,16,0.0,0.0,0.1,0.2,0.15,0.0,0.55
967,PartitionExploration,2,COMPACT_64KB,0.085741,-0.135876,0.14217,0,26,81.11066038023537,605.6833267211914,166,0.7923720945794899,8418.1611328125,16.521249953358055,0,15,16,0.0,0.0,0.1,0.2,0.15,0.0,0.55,30,72.4259316924809,529.2716026306152,151,0.8669742811594577,8378.439453125,8.080967051660874,0,0,17,0.0,0.0,0.1,0.15,0.15,0.0,0.6
968,PartitionExploration,0,NOOP,0.271253,-0.06091,0.140169,0,30,72.4259316924809,529.2716026306152,151,0.8669742811594577,8378.439453125,8.080967051660874,0,0,17,0.0,0.0,0.1,0.15,0.15,0.0,0.6,35,98.13257465864318,565.920352935791,152,0.8618671015689248,8384.2431640625,9.00604287603953,0,1,18,0.0,0.0,0.1,0.15,0.15,0.0,0.6
969,PartitionExploration,0,NOOP,0.269255,-0.060933,0.119838,0,35,98.13257465864318,565.920352935791,152,0.8618671015689248,8384.2431640625,9.00604287603953,0,1,18,0.0,0.0,0.1,0.15,0.15,0.0,0.6,24,79.88649600540919,1387.8095149993896,153,0.8567282483468648,8389.0830078125,9.855184263386823,0,2,19,0.0,0.0,0.1,0.15,0.2,0.0,0.55
970,PartitionExploration,0,NOOP,0.267329,-0.060971,0.139543,0,24,79.88649600540919,1387.8095149993896,153,0.8567282483468648,8389.0830078125,9.855184263386823,0,2,19,0.0,0.0,0.1,0.15,0.2,0.0,0.55,39,123.14271432443013,495.6796169281006,154,0.8517963359882306,8395.3046875,10.575107257482289,0,3,20,0.0,0.0,0.05,0.15,0.2,0.0,0.6
971,PartitionExploration,0,NOOP,0.265452,-0.061018,0.136328,0,39,123.14271432443013,495.6796169281006,154,0.8517963359882306,8395.3046875,10.575107257482289,0,3,20,0.0,0.0,0.05,0.15,0.2,0.0,0.6,48,158.82915222627284,587.0542526245117,155,0.8470058318107359,8402.2978515625,11.210554078180593,0,4,21,0.0,0.0,0.05,0.15,0.2,0.0,0.6
972,PartitionExploration,0,NOOP,0.263527,-0.061044,0.134941,0,48,158.82915222627284,587.0542526245117,155,0.8470058318107359,8402.2978515625,11.210554078180593,0,4,21,0.0,0.0,0.05,0.15,0.2,0.0,0.6,26,79.64981280247045,598.8953113555908,156,0.8420767172788962,8407.2939453125,11.848644480675272,0,5,22,0.0,0.0,0.05,0.2,0.2,0.0,0.55
973,PartitionExploration,0,NOOP,0.261646,-0.061076,0.136267,0,26,79.64981280247045,598.8953113555908,156,0.8420767172788962,8407.2939453125,11.848644480675272,0,5,22,0.0,0.0,0.05,0.2,0.2,0.0,0.55,33,100.88215525026294,495.5613613128662,157,0.8372757055197552,8412.9462890625,12.422280923646603,0,6,23,0.0,0.0,0.05,0.15,0.2,0.0,0.6
974,PartitionExploration,0,NOOP,0.259769,-0.061102,0.135323,0,33,100.88215525026294,495.5613613128662,157,0.8372757055197552,8412.9462890625,12.422280923646603,0,6,23,0.0,0.0,0.05,0.15,0.2,0.0,0.6,27,83.91585458840581,489.6090030670166,158,0.8324836054934731,8418.07421875,12.968881510903318,0,7,24,0.0,0.0,0.05,0.1,0.2,0.0,0.65
975,PartitionExploration,0,NOOP,0.257894,-0.061123,0.115043,0,27,83.91585458840581,489.6090030670166,158,0.8324836054934731,8418.07421875,12.968881510903318,0,7,24,0.0,0.0,0.05,0.1,0.2,0.0,0.65,21,63.89048719185559,1312.370777130127,159,0.8276978498734768,8422.6533203125,13.492352609927844,0,8,25,0.0,0.0,0.05,0.1,0.2,0.0,0.65
976,PartitionExploration,0,NOOP,0.256124,-0.061171,0.126373,0,21,63.89048719185559,1312.370777130127,159,0.8276978498734768,8422.6533203125,13.492352609927844,0,8,25,0.0,0.0,0.05,0.1,0.2,0.0,0.65,49,151.129974005346,782.9642295837402,160,0.823212718963623,8429.6982421875,13.93133641156872,0,9,26,0.0,0.0,0.1,0.1,0.2,0.0,0.6
977,PartitionExploration,0,NOOP,0.254339,-0.061207,0.132186,0,49,151.129974005346,782.9642295837402,160,0.823212718963623,8429.6982421875,13.93133641156872,0,9,26,0.0,0.0,0.1,0.1,0.2,0.0,0.6,37,112.01934488685046,489.67862129211426,161,0.8186823684976708,8435.703125,14.366761830828812,0,10,27,0.0,0.0,0.05,0.1,0.2,0.0,0.65
978,PartitionExploration,0,NOOP,0.252528,-0.061229,0.130523,0,37,112.01934488685046,489.67862129211426,161,0.8186823684976708,8435.703125,14.366761830828812,0,10,27,0.0,0.0,0.05,0.1,0.2,0.0,0.65,22,67.16914525472315,516.1275863647461,162,0.8140801323784722,8440.3828125,14.80460227319487,0,11,28,0.0,0.0,0.05,0.1,0.2,0.0,0.65
979,PartitionExploration,0,NOOP,0.250742,-0.061252,0.129374,0,22,67.16914525472315,516.1275863647461,162,0.8140801323784722,8440.3828125,14.80460227319487,0,11,28,0.0,0.0,0.05,0.1,0.2,0.0,0.65,24,77.42318004568634,521.1760997772217,163,0.8095499050397814,8445.224609375,15.215959440231538,0,12,29,0.0,0.0,0.05,0.1,0.2,0.0,0.65
980,PartitionExploration,0,NOOP,0.249033,-0.061295,0.125695,0,24,77.42318004568634,521.1760997772217,163,0.8095499050397814,8445.224609375,15.215959440231538,0,12,29,0.0,0.0,0.05,0.1,0.2,0.0,0.65,43,113.89841948678632,636.530876159668,164,0.8052358859922828,8451.755859375,15.575836636342459,0,13,30,0.0,0.0,0.05,0.1,0.2,0.0,0.65
981,PartitionExploration,0,NOOP,0.247276,-0.061315,0.121454,0,43,113.89841948678632,636.530876159668,164,0.8052358859922828,8451.755859375,15.575836636342459,0,13,30,0.0,0.0,0.05,0.1,0.2,0.0,0.65,21,67.33886791991236,774.7802734375,165,0.8007881858132102,8456.3232421875,15.952958022335048,0,14,31,0.0,0.0,0.1,0.1,0.15,0.0,0.65
982,PartitionExploration,0,NOOP,0.245618,-0.061362,0.126745,0,21,67.33886791991236,774.7802734375,165,0.8007881858132102,8456.3232421875,15.952958022335048,0,14,31,0.0,0.0,0.1,0.1,0.15,0.0,0.65,48,152.54106206987473,506.96301460266113,166,0.7966226784579725,8463.3193359375,16.271212030357546,0,15,32,0.0,0.0,0.1,0.1,0.15,0.0,0.65
983,PartitionExploration,2,COMPACT_64KB,0.085282,-0.136394,0.124364,0,48,152.54106206987473,506.96301460266113,166,0.7966226784579725,8463.3193359375,16.271212030357546,0,15,32,0.0,0.0,0.1,0.1,0.15,0.0,0.65,32,99.31364834737131,1280.6830406188965,152,0.8662348295512953,8426.732421875,8.353464119047102,0,0,33,0.0,0.0,0.1,0.1,0.2,0.0,0.6
984,PartitionExploration,0,NOOP,0.270796,-0.061424,0.140591,0,32,99.31364834737131,1280.6830406188965,152,0.8662348295512953,8426.732421875,8.353464119047102,0,0,33,0.0,0.0,0.1,0.1,0.2,0.0,0.6,31,99.07467513170748,536.1473560333252,153,0.8611327526616115,8432.2119140625,9.253902688491179,0,1,34,0.0,0.0,0.1,0.1,0.2,0.0,0.6
985,PartitionExploration,0,NOOP,0.268831,-0.061454,0.13825,0,31,99.07467513170748,536.1473560333252,153,0.8611327526616115,8432.2119140625,9.253902688491179,0,1,34,0.0,0.0,0.1,0.1,0.2,0.0,0.6,30,90.82833159249894,587.8875255584717,154,0.8560878208705357,8437.6015625,10.056306825368875,0,2,35,0.0,0.0,0.1,0.1,0.15,0.0,0.65
986,PartitionExploration,0,NOOP,0.266937,-0.061499,0.139582,0,30,90.82833159249894,587.8875255584717,154,0.8560878208705357,8437.6015625,10.056306825368875,0,2,35,0.0,0.0,0.1,0.1,0.15,0.0,0.65,46,155.56541531981387,483.98685455322266,155,0.8512483658329133,8444.3837890625,10.739726212959447,0,3,36,0.0,0.0,0.1,0.1,0.15,0.0,0.65
987,PartitionExploration,0,NOOP,0.264996,-0.061522,0.13545,0,46,155.56541531981387,483.98685455322266,155,0.8512483658329133,8444.3837890625,10.739726212959447,0,3,36,0.0,0.0,0.1,0.1,0.15,0.0,0.65,24,77.27323014708762,613.0454540252686,156,0.8462744492750901,8449.2041015625,11.41953356294235,0,4,37,0.0,0.0,0.1,0.15,0.15,0.0,0.6
988,PartitionExploration,0,NOOP,0.263075,-0.061545,0.134625,0,24,77.27323014708762,613.0454540252686,156,0.8462744492750901,8449.2041015625,11.41953356294235,0,4,37,0.0,0.0,0.1,0.15,0.15,0.0,0.6,23,61.12007460946607,600.907564163208,157,0.8413573829991043,8453.958984375,12.04648131256679,0,5,38,0.0,0.0,0.1,0.15,0.15,0.0,0.6
989,PartitionExploration,0,NOOP,0.261197,-0.061575,0.134148,0,23,61.12007460946607,600.907564163208,157,0.8413573829991043,8453.958984375,12.04648131256679,0,5,38,0.0,0.0,0.1,0.15,0.15,0.0,0.6,30,93.77768801317056,574.8989582061768,158,0.8365637863738627,8459.3330078125,12.612073170747575,0,6,39,0.0,0.0,0.1,0.15,0.1,0.0,0.65
990,PartitionExploration,0,NOOP,0.259375,-0.061615,0.135011,0,30,93.77768801317056,574.8989582061768,158,0.8365637863738627,8459.3330078125,12.612073170747575,0,6,39,0.0,0.0,0.1,0.15,0.1,0.0,0.65,41,121.36210646661539,492.83480644226074,159,0.8319289489362225,8465.708984375,13.116703955650186,0,7,40,0.0,0.0,0.1,0.15,0.1,0.0,0.65
991,PartitionExploration,0,NOOP,0.257554,-0.061649,0.128599,0,41,121.36210646661539,492.83480644226074,159,0.8319289489362225,8465.708984375,13.116703955650186,0,7,40,0.0,0.0,0.1,0.15,0.1,0.0,0.65,35,111.33794559633041,722.5756645202637,160,0.827296257019043,8471.513671875,13.602613280011973,0,8,41,0.0,0.0,0.15,0.15,0.1,0.0,0.6
992,PartitionExploration,0,NOOP,0.255765,-0.061688,0.128963,0,35,111.33794559633041,722.5756645202637,160,0.827296257019043,8471.513671875,13.602613280011973,0,8,41,0.0,0.0,0.15,0.15,0.1,0.0,0.6,39,118.32512275361606,662.7116203308105,161,0.8227558017517469,8477.67578125,14.052395285096688,0,9,42,0.0,0.0,0.15,0.15,0.1,0.0,0.6
993,PartitionExploration,0,NOOP,0.254005,-0.061729,0.132085,0,39,118.32512275361606,662.7116203308105,161,0.8227558017517469,8477.67578125,14.052395285096688,0,9,42,0.0,0.0,0.15,0.15,0.1,0.0,0.6,42,125.75582232070451,485.37158966064453,162,0.8183009771653164,8484.14453125,14.471067297682636,0,10,43,0.0,0.0,0.15,0.15,0.1,0.0,0.6
994,PartitionExploration,0,NOOP,0.252214,-0.061754,0.127279,0,42,125.75582232070451,485.37158966064453,162,0.8183009771653164,8484.14453125,14.471067297682636,0,10,43,0.0,0.0,0.15,0.15,0.1,0.0,0.6,25,76.51443453108479,647.0077037811279,163,0.8137532801715874,8489.07421875,14.897218448256364,0,11,44,0.0,0.0,0.15,0.2,0.1,0.0,0.55
995,PartitionExploration,0,NOOP,0.250491,-0.061795,0.12587,0,25,76.51443453108479,647.0077037811279,163,0.8137532801715874,8489.07421875,14.897218448256364,0,11,44,0.0,0.0,0.15,0.2,0.1,0.0,0.55,42,122.88248576456974,664.7295951843262,164,0.8094039544826601,8495.50390625,15.27326870030863,0,12,45,0.0,0.0,0.15,0.2,0.05,0.05,0.55
996,PartitionExploration,0,NOOP,0.248726,-0.061816,0.128451,0,42,122.88248576456974,664.7295951843262,164,0.8094039544826601,8495.50390625,15.27326870030863,0,12,45,0.0,0.0,0.15,0.2,0.05,0.05,0.55,21,67.4647695729701,510.44225692749023,165,0.8049307158499053,8500.068359375,15.664412164208342,0,13,46,0.0,0.0,0.1,0.2,0.05,0.05,0.6
997,PartitionExploration,0,NOOP,0.247036,-0.061855,0.127193,0,21,67.4647695729701,510.44225692749023,165,0.8049307158499053,8500.068359375,15.664412164208342,0,13,46,0.0,0.0,0.1,0.2,0.05,0.05,0.6,40,104.8620566374071,522.5136280059814,166,0.8006730596703219,8506.3505859375,16.00663383939572,0,14,47,0.0,0.0,0.1,0.2,0.05,0.05,0.6
998,PartitionExploration,0,NOOP,0.245307,-0.061876,0.124209,0,40,104.8620566374071,522.5136280059814,166,0.8006730596703219,8506.3505859375,16.00663383939572,0,14,47,0.0,0.0,0.1,0.2,0.05,0.05,0.6,21,68.82086494511076,607.5844764709473,167,0.796304394385058,8510.9013671875,16.36226731000648,0,15,48,0.0,0.0,0.1,0.2,0.05,0.05,0.6
999,PartitionExploration,2,COMPACT_64KB,0.084799,-0.136905,0.13921,0,21,68.82086494511076,607.5844764709473,167,0.796304394385058,8510.9013671875,16.36226731000648,0,15,48,0.0,0.0,0.1,0.2,0.05,0.05,0.6,29,97.64288506724273,632.1570873260498,153,0.8654246610753676,8474.23828125,8.248182376436212,0,0,49,0.0,0.0,0.1,0.25,0.05,0.05,0.55
1000,PartitionExploration,0,NOOP,0.270319,-0.061933,0.141463,1,29,97.64288506724273,632.1570873260498,153,0.8654246610753676,8474.23828125,8.248182376436212,0,0,49,0.0,0.0,0.1,0.25,0.05,0.05,0.55,29,91.74100840969943,486.6635799407959,154,0.8603411587801847,8479.5224609375,9.159070526728234,0,1,50,0.0,0.0,0.1,0.2,0.05,0.05,0.6
