step,policy_name,action,action_name,compact_reward,partition_reward,global_reward,done,rows_ingested,ingestion_rate_rows_per_sec,latency_ms,file_count,block_utilization,total_size_kb,file_size_skew_kb,partition_strategy,steps_since_compact,steps_since_partition_change,partition_pruning_ratio,avg_pruning_ratio,query_hist_time_range,query_hist_region_filter,query_hist_sensor_lookup,query_hist_type_filter,query_hist_full_scan,next_rows_ingested,next_ingestion_rate_rows_per_sec,next_latency_ms,next_file_count,next_block_utilization,next_total_size_kb,next_file_size_skew_kb,next_partition_strategy,next_steps_since_compact,next_steps_since_partition_change,next_partition_pruning_ratio,next_avg_pruning_ratio,next_query_hist_time_range,next_query_hist_region_filter,next_query_hist_sensor_lookup,next_query_hist_type_filter,next_query_hist_full_scan
1,AlwaysCompact_C128,3,COMPACT_128KB,-0.305511,-0.055,0.017321,0,0,0.0,0.0,0,0.0,0.0,0.0,0,0,0,0.0,0.0,0.0,0.0,0.0,0.0,0.0,40,273.57115253225754,109.61079597473145,1,0.0980682373046875,6.2763671875,0.0,0,0,1,0.0,0.0,1.0,0.0,0.0,0.0,0.0
2,AlwaysCompact_C128,3,COMPACT_128KB,-0.293252,-0.055,0.030515,0,40,273.57115253225754,109.61079597473145,1,0.0980682373046875,6.2763671875,0.0,0,0,1,0.0,0.0,1.0,0.0,0.0,0.0,0.0,45,284.7701771141216,62.8817081451416,1,0.15936279296875,10.19921875,0.0,0,0,2,0.0,0.0,1.0,0.0,0.0,0.0,0.0
3,AlwaysCompact_C128,3,COMPACT_128KB,-0.279697,-0.055,0.044514,0,45,284.7701771141216,62.8817081451416,1,0.15936279296875,10.19921875,0.0,0,0,2,0.0,0.0,1.0,0.0,0.0,0.0,0.0,50,315.43235316236746,40.715932846069336,1,0.227142333984375,14.537109375,0.0,0,0,3,0.0,0.0,0.6666666666666666,0.3333333333333333,0.0,0.0,0.0
4,AlwaysCompact_C128,3,COMPACT_128KB,-0.271036,-0.055,0.052761,0,50,315.43235316236746,40.715932846069336,1,0.227142333984375,14.537109375,0.0,0,0,3,0.0,0.0,0.6666666666666666,0.3333333333333333,0.0,0.0,0.0,32,212.01021052897616,61.39683723449707,1,0.27044677734375,17.30859375,0.0,0,0,4,0.0,0.0,0.75,0.25,0.0,0.0,0.0
5,AlwaysCompact_C128,3,COMPACT_128KB,-0.259515,-0.055,0.064149,0,32,212.01021052897616,61.39683723449707,1,0.27044677734375,17.30859375,0.0,0,0,4,0.0,0.0,0.75,0.25,0.0,0.0,0.0,43,284.20903076966715,68.05634498596191,1,0.3280487060546875,20.9951171875,0.0,0,0,5,0.0,0.0,0.8,0.2,0.0,0.0,0.0
6,AlwaysCompact_C128,3,COMPACT_128KB,-0.250134,-0.055,0.074206,0,43,284.20903076966715,68.05634498596191,1,0.3280487060546875,20.9951171875,0.0,0,0,5,0.0,0.0,0.8,0.2,0.0,0.0,0.0,35,209.040298464956,34.2557430267334,1,0.3749542236328125,23.9970703125,0.0,0,0,6,0.0,0.0,0.6666666666666666,0.16666666666666666,0.0,0.0,0.16666666666666666
7,AlwaysCompact_C128,3,COMPACT_128KB,-0.237933,-0.055,0.085877,0,35,209.040298464956,34.2557430267334,1,0.3749542236328125,23.9970703125,0.0,0,0,6,0.0,0.0,0.6666666666666666,0.16666666666666666,0.0,0.0,0.16666666666666666,44,286.1279432672495,60.751914978027344,1,0.4359588623046875,27.9013671875,0.0,0,0,7,0.0,0.0,0.7142857142857143,0.14285714285714285,0.0,0.0,0.14285714285714285
8,AlwaysCompact_C128,3,COMPACT_128KB,-0.226169,-0.055,0.097607,0,44,286.1279432672495,60.751914978027344,1,0.4359588623046875,27.9013671875,0.0,0,0,7,0.0,0.0,0.7142857142857143,0.14285714285714285,0.0,0.0,0.14285714285714285,46,292.70192153067075,62.44802474975586,1,0.494781494140625,31.666015625,0.0,0,0,8,0.0,0.0,0.75,0.125,0.0,0.0,0.125
9,AlwaysCompact_C128,3,COMPACT_128KB,-0.214041,-0.055,0.109771,0,46,292.70192153067075,62.44802474975586,1,0.494781494140625,31.666015625,0.0,0,0,8,0.0,0.0,0.75,0.125,0.0,0.0,0.125,45,292.6975600224551,60.659170150756836,1,0.555419921875,35.546875,0.0,0,0,9,0.0,0.0,0.7777777777777778,0.1111111111111111,0.0,0.0,0.1111111111111111
10,AlwaysCompact_C128,3,COMPACT_128KB,-0.202634,-0.055,0.12111,0,45,292.6975600224551,60.659170150756836,1,0.555419921875,35.546875,0.0,0,0,9,0.0,0.0,0.7777777777777778,0.1111111111111111,0.0,0.0,0.1111111111111111,43,284.5139058472392,64.0716552734375,1,0.612457275390625,39.197265625,0.0,0,0,10,0.0,0.0,0.8,0.1,0.0,0.0,0.1
11,AlwaysCompact_C128,3,COMPACT_128KB,-0.190341,-0.055,0.133442,0,43,284.5139058472392,64.0716552734375,1,0.612457275390625,39.197265625,0.0,0,0,10,0.0,0.0,0.8,0.1,0.0,0.0,0.1,46,279.8315597719437,62.079668045043945,1,0.673919677734375,43.130859375,0.0,0,0,11,0.0,0.0,0.8181818181818182,0.09090909090909091,0.0,0.0,0.09090909090909091
12,AlwaysCompact_C128,3,COMPACT_128KB,-0.178805,-0.055,0.145357,0,46,279.8315597719437,62.079668045043945,1,0.673919677734375,43.130859375,0.0,0,0,11,0.0,0.0,0.8181818181818182,0.09090909090909091,0.0,0.0,0.09090909090909091,43,269.14811012153484,43.135643005371094,1,0.731597900390625,46.822265625,0.0,0,0,12,0.0,0.0,0.75,0.08333333333333333,0.0,0.08333333333333333,0.08333333333333333
13,AlwaysCompact_C128,3,COMPACT_128KB,-0.165311,-0.055,0.158462,0,43,269.14811012153484,43.135643005371094,1,0.731597900390625,46.822265625,0.0,0,0,12,0.0,0.0,0.75,0.08333333333333333,0.0,0.08333333333333333,0.08333333333333333,50,314.7964628868811,62.61873245239258,1,0.799072265625,51.140625,0.0,0,0,13,0.0,0.0,0.7692307692307693,0.07692307692307693,0.0,0.07692307692307693,0.07692307692307693
14,AlwaysCompact_C128,3,COMPACT_128KB,-0.155121,-0.055,0.168644,0,50,314.7964628868811,62.61873245239258,1,0.799072265625,51.140625,0.0,0,0,13,0.0,0.0,0.7692307692307693,0.07692307692307693,0.0,0.07692307692307693,0.07692307692307693,38,241.6117683440761,63.02785873413086,1,0.8500213623046875,54.4013671875,0.0,0,0,14,0.0,0.0,0.7857142857142857,0.07142857142857142,0.0,0.07142857142857142,0.07142857142857142
15,AlwaysCompact_C128,3,COMPACT_128KB,-0.14487,-0.055,0.178928,0,38,241.6117683440761,63.02785873413086,1,0.8500213623046875,54.4013671875,0.0,0,0,14,0.0,0.0,0.7857142857142857,0.07142857142857142,0.0,0.07142857142857142,0.07142857142857142,36,228.27835168440294,61.33556365966797,1,0.901275634765625,57.681640625,0.0,0,0,15,0.0,0.0,0.8,0.06666666666666667,0.0,0.06666666666666667,0.06666666666666667
16,AlwaysCompact_C128,3,COMPACT_128KB,-0.131479,-0.055,0.192265,0,36,228.27835168440294,61.33556365966797,1,0.901275634765625,57.681640625,0.0,0,0,15,0.0,0.0,0.8,0.06666666666666667,0.0,0.06666666666666667,0.06666666666666667,50,328.2616385908782,64.04256820678711,1,0.968231201171875,61.966796875,0.0,0,0,16,0.0,0.0,0.75,0.0625,0.0625,0.0625,0.0625
17,AlwaysCompact_C128,3,COMPACT_128KB,-0.125125,-0.055,0.19862,0,50,328.2616385908782,64.04256820678711,1,0.968231201171875,61.966796875,0.0,0,0,16,0.0,0.0,0.75,0.0625,0.0625,0.0625,0.0625,45,269.3014336590266,64.01491165161133,1,1.0284271240234375,65.8193359375,0.0,0,0,17,0.0,0.0,0.7647058823529411,0.058823529411764705,0.058823529411764705,0.058823529411764705,0.058823529411764705
18,AlwaysCompact_C128,3,COMPACT_128KB,-0.125125,-0.055,0.199079,0,45,269.3014336590266,64.01491165161133,1,1.0284271240234375,65.8193359375,0.0,0,0,17,0.0,0.0,0.7647058823529411,0.058823529411764705,0.058823529411764705,0.058823529411764705,0.058823529411764705,46,274.30939818783867,41.0456657409668,1,1.087554931640625,69.603515625,0.0,0,0,18,0.0,0.0,0.7222222222222222,0.1111111111111111,0.05555555555555555,0.05555555555555555,0.05555555555555555
19,AlwaysCompact_C128,3,COMPACT_128KB,-0.125125,-0.055,0.198631,0,46,274.30939818783867,41.0456657409668,1,1.087554931640625,69.603515625,0.0,0,0,18,0.0,0.0,0.7222222222222222,0.1111111111111111,0.05555555555555555,0.05555555555555555,0.05555555555555555,44,252.35657947994267,63.47346305847168,1,1.1470489501953125,73.4111328125,0.0,0,0,19,0.0,0.0,0.7368421052631579,0.10526315789473684,0.05263157894736842,0.05263157894736842,0.05263157894736842
20,AlwaysCompact_C128,3,COMPACT_128KB,-0.125125,-0.055,0.198632,0,44,252.35657947994267,63.47346305847168,1,1.1470489501953125,73.4111328125,0.0,0,0,19,0.0,0.0,0.7368421052631579,0.10526315789473684,0.05263157894736842,0.05263157894736842,0.05263157894736842,50,289.1961288863515,63.37785720825195,1,1.2137908935546875,77.6826171875,0.0,0,0,20,0.0,0.0,0.75,0.1,0.05,0.05,0.05
21,AlwaysCompact_C128,3,COMPACT_128KB,-0.125125,-0.055,0.199027,0,50,289.1961288863515,63.37785720825195,1,1.2137908935546875,77.6826171875,0.0,0,0,20,0.0,0.0,0.75,0.1,0.05,0.05,0.05,39,238.29988185368796,43.64728927612305,1,1.2658233642578125,81.0126953125,0.0,0,0,21,0.0,0.0,0.7,0.1,0.05,0.1,0.05
22,AlwaysCompact_C128,3,COMPACT_128KB,-0.125125,-0.055,0.198674,0,39,238.29988185368796,43.64728927612305,1,1.2658233642578125,81.0126953125,0.0,0,0,21,0.0,0.0,0.7,0.1,0.05,0.1,0.05,39,223.95101982700317,61.309814453125,1,1.318878173828125,84.408203125,0.0,0,0,22,0.0,0.0,0.7,0.1,0.05,0.1,0.05
23,AlwaysCompact_C128,3,COMPACT_128KB,-0.125125,-0.055,0.198624,0,39,223.95101982700317,61.309814453125,1,1.318878173828125,84.408203125,0.0,0,0,22,0.0,0.0,0.7,0.1,0.05,0.1,0.05,34,198.64567003717823,63.796043395996094,1,1.3643646240234375,87.3193359375,0.0,0,0,23,0.0,0.0,0.75,0.05,0.05,0.1,0.05
24,AlwaysCompact_C128,3,COMPACT_128KB,-0.125125,-0.055,0.199052,0,34,198.64567003717823,63.796043395996094,1,1.3643646240234375,87.3193359375,0.0,0,0,23,0.0,0.0,0.75,0.05,0.05,0.1,0.05,33,189.64527085813876,42.40727424621582,1,1.4088897705078125,90.1689453125,0.0,0,0,24,0.0,0.0,0.7,0.1,0.05,0.1,0.05
25,AlwaysCompact_C128,3,COMPACT_128KB,-0.125125,-0.055,0.19877,0,33,189.64527085813876,42.40727424621582,1,1.4088897705078125,90.1689453125,0.0,0,0,24,0.0,0.0,0.7,0.1,0.05,0.1,0.05,33,195.3391280785466,56.47683143615723,1,1.453033447265625,92.994140625,0.0,0,0,25,0.0,0.0,0.65,0.1,0.1,0.1,0.05
26,AlwaysCompact_C128,3,COMPACT_128KB,-0.125125,-0.055,0.199036,0,33,195.3391280785466,56.47683143615723,1,1.453033447265625,92.994140625,0.0,0,0,25,0.0,0.0,0.65,0.1,0.1,0.1,0.05,43,244.80916281285758,43.18952560424805,1,1.53582763671875,98.29296875,0.0,0,0,26,0.0,0.0,0.65,0.1,0.1,0.15,0.0
27,AlwaysCompact_C128,3,COMPACT_128KB,-0.161439,-0.055,0.16163,0,43,244.80916281285758,43.18952560424805,1,1.53582763671875,98.29296875,0.0,0,0,26,0.0,0.0,0.65,0.1,0.1,0.15,0.0,43,260.2687785822208,99.04766082763672,2,0.8190536499023438,104.8388671875,64.87497557196772,0,0,27,0.0,0.0,0.6,0.1,0.1,0.2,0.0
28,AlwaysCompact_C128,3,COMPACT_128KB,-0.157254,-0.055,0.166287,0,43,260.2687785822208,99.04766082763672,2,0.8190536499023438,104.8388671875,64.87497557196772,0,0,27,0.0,0.0,0.6,0.1,0.1,0.2,0.0,30,174.70297648303497,75.44541358947754,2,0.8399810791015625,107.517578125,62.980840903222905,0,0,28,0.0,0.0,0.6,0.1,0.1,0.2,0.0
29,AlwaysCompact_C128,3,COMPACT_128KB,-0.153091,-0.055,0.170333,0,30,174.70297648303497,75.44541358947754,2,0.8399810791015625,107.517578125,62.980840903222905,0,0,28,0.0,0.0,0.6,0.1,0.1,0.2,0.0,30,184.1782690663825,81.27331733703613,2,0.8607940673828125,110.181640625,61.09706424396812,0,0,29,0.0,0.0,0.6,0.1,0.1,0.2,0.0
30,AlwaysCompact_C128,3,COMPACT_128KB,-0.147827,-0.055,0.175733,0,30,184.1782690663825,81.27331733703613,2,0.8607940673828125,110.181640625,61.09706424396812,0,0,29,0.0,0.0,0.6,0.1,0.1,0.2,0.0,39,233.7470988429667,74.51343536376953,2,0.887115478515625,113.55078125,58.714722061259536,0,0,30,0.0,0.0,0.6,0.1,0.1,0.2,0.0
31,AlwaysCompact_C128,3,COMPACT_128KB,-0.143498,-0.055,0.179969,0,39,233.7470988429667,74.51343536376953,2,0.887115478515625,113.55078125,58.714722061259536,0,0,30,0.0,0.0,0.6,0.1,0.1,0.2,0.0,32,200.117979463033,79.1468620300293,2,0.9087600708007812,116.3212890625,56.755677199710476,0,0,31,0.0,0.0,0.6,0.1,0.1,0.2,0.0
32,AlwaysCompact_C128,3,COMPACT_128KB,-0.137617,-0.055,0.186306,0,32,200.117979463033,79.1468620300293,2,0.9087600708007812,116.3212890625,56.755677199710476,0,0,31,0.0,0.0,0.6,0.1,0.1,0.2,0.0,45,293.75716713669385,56.32376670837402,2,0.9381637573242188,120.0849609375,54.09435929473689,0,0,32,0.0,0.0,0.6,0.1,0.1,0.2,0.0
33,AlwaysCompact_C128,3,COMPACT_128KB,-0.131749,-0.055,0.192211,0,45,293.75716713669385,56.32376670837402,2,0.9381637573242188,120.0849609375,54.09435929473689,0,0,32,0.0,0.0,0.6,0.1,0.1,0.2,0.0,44,271.3813748369574,54.518699645996094,2,0.9675064086914062,123.8408203125,51.43856566149132,0,0,33,0.0,0.0,0.55,0.15,0.1,0.2,0.0
34,AlwaysCompact_C128,3,COMPACT_128KB,-0.127586,-0.055,0.195993,0,44,271.3813748369574,54.518699645996094,2,0.9675064086914062,123.8408203125,51.43856566149132,0,0,33,0.0,0.0,0.55,0.15,0.1,0.2,0.0,31,198.41937689227464,73.5623836517334,2,0.9883193969726562,126.5048828125,49.55478900223653,0,0,34,0.0,0.0,0.5,0.15,0.15,0.2,0.0
35,AlwaysCompact_C128,3,COMPACT_128KB,-0.12525,-0.055,0.198293,0,31,198.41937689227464,73.5623836517334,2,0.9883193969726562,126.5048828125,49.55478900223653,0,0,34,0.0,0.0,0.5,0.15,0.15,0.2,0.0,50,300.25284124261594,75.36888122558594,2,1.0216751098632812,130.7744140625,46.53577450287366,0,0,35,0.0,0.0,0.5,0.15,0.15,0.2,0.0
36,AlwaysCompact_C128,3,COMPACT_128KB,-0.12525,-0.055,0.198291,0,50,300.25284124261594,75.36888122558594,2,1.0216751098632812,130.7744140625,46.53577450287366,0,0,35,0.0,0.0,0.5,0.15,0.15,0.2,0.0,47,269.6519419693542,75.4551887512207,2,1.0555496215820312,135.1103515625,43.46980369382261,0,0,36,0.0,0.0,0.55,0.15,0.1,0.2,0.0
37,AlwaysCompact_C128,3,COMPACT_128KB,-0.12525,-0.055,0.198302,0,47,269.6519419693542,75.4551887512207,2,1.0555496215820312,135.1103515625,43.46980369382261,0,0,36,0.0,0.0,0.55,0.15,0.1,0.2,0.0,44,257.40719570963313,74.89252090454102,2,1.083038330078125,138.62890625,40.981809814315646,0,0,37,0.0,0.0,0.55,0.15,0.1,0.2,0.0
38,AlwaysCompact_C128,3,COMPACT_128KB,-0.12525,-0.055,0.198206,0,44,257.40719570963313,74.89252090454102,2,1.083038330078125,138.62890625,40.981809814315646,0,0,37,0.0,0.0,0.55,0.15,0.1,0.2,0.0,35,205.27653481295866,79.71072196960449,2,1.106170654296875,141.58984375,38.888110829396105,0,0,38,0.0,0.0,0.6,0.1,0.1,0.2,0.0
39,AlwaysCompact_C128,3,COMPACT_128KB,-0.12525,-0.055,0.198066,0,35,205.27653481295866,79.71072196960449,2,1.106170654296875,141.58984375,38.888110829396105,0,0,38,0.0,0.0,0.6,0.1,0.1,0.2,0.0,45,253.42988384130663,86.69281005859375,2,1.136383056640625,145.45703125,36.15359632402625,0,0,39,0.0,0.0,0.6,0.1,0.1,0.2,0.0
40,AlwaysCompact_C128,3,COMPACT_128KB,-0.12525,-0.055,0.198263,0,45,253.42988384130663,86.69281005859375,2,1.136383056640625,145.45703125,36.15359632402625,0,0,39,0.0,0.0,0.6,0.1,0.1,0.2,0.0,46,267.73961238825564,76.82657241821289,2,1.1674728393554688,149.4365234375,33.339670412566115,0,0,40,0.0,0.0,0.6,0.1,0.1,0.2,0.0
41,AlwaysCompact_C128,3,COMPACT_128KB,-0.12525,-0.055,0.19815,0,46,267.73961238825564,76.82657241821289,2,1.1674728393554688,149.4365234375,33.339670412566115,0,0,40,0.0,0.0,0.6,0.1,0.1,0.2,0.0,31,195.07366304845206,82.48186111450195,2,1.1881332397460938,152.0810546875,31.469704432631378,0,0,41,0.0,0.0,0.6,0.1,0.15,0.15,0.0
42,AlwaysCompact_C128,3,COMPACT_128KB,-0.12525,-0.055,0.198622,0,31,195.07366304845206,82.48186111450195,2,1.1881332397460938,152.0810546875,31.469704432631378,0,0,41,0.0,0.0,0.6,0.1,0.15,0.15,0.0,43,248.95276035088446,58.92038345336914,2,1.21722412109375,155.8046875,28.83669842026389,0,0,42,0.0,0.0,0.55,0.1,0.15,0.2,0.0
43,AlwaysCompact_C128,3,COMPACT_128KB,-0.12525,-0.055,0.198089,0,43,248.95276035088446,58.92038345336914,2,1.21722412109375,155.8046875,28.83669842026389,0,0,42,0.0,0.0,0.55,0.1,0.15,0.2,0.0,32,198.995853070907,85.57295799255371,2,1.2385940551757812,158.5400390625,26.902512781490923,0,0,43,0.0,0.0,0.5,0.1,0.2,0.2,0.0
44,AlwaysCompact_C128,3,COMPACT_128KB,-0.12525,-0.055,0.198288,0,32,198.995853070907,85.57295799255371,2,1.2385940551757812,158.5400390625,26.902512781490923,0,0,43,0.0,0.0,0.5,0.1,0.2,0.2,0.0,34,187.0963516520425,75.58298110961914,2,1.2613677978515625,161.455078125,24.841268892973495,0,0,44,0.0,0.0,0.55,0.05,0.2,0.2,0.0
45,AlwaysCompact_C128,3,COMPACT_128KB,-0.12525,-0.055,0.198235,0,34,187.0963516520425,75.58298110961914,2,1.2613677978515625,161.455078125,24.841268892973495,0,0,44,0.0,0.0,0.55,0.05,0.2,0.2,0.0,35,210.5429345082381,78.2613754272461,2,1.2848052978515625,164.455078125,22.719948549413854,0,0,45,0.0,0.0,0.6,0.05,0.15,0.2,0.0
46,AlwaysCompact_C128,3,COMPACT_128KB,-0.12525,-0.055,0.198289,0,35,210.5429345082381,78.2613754272461,2,1.2848052978515625,164.455078125,22.719948549413854,0,0,45,0.0,0.0,0.6,0.05,0.15,0.2,0.0,40,225.42355892418303,75.54459571838379,2,1.313507080078125,168.12890625,20.122159769312496,0,0,46,0.0,0.0,0.65,0.05,0.15,0.15,0.0
47,AlwaysCompact_C128,3,COMPACT_128KB,-0.12525,-0.055,0.198265,0,40,225.42355892418303,75.54459571838379,2,1.313507080078125,168.12890625,20.122159769312496,0,0,46,0.0,0.0,0.65,0.05,0.15,0.15,0.0,31,186.36381409401938,76.7366886138916,2,1.3319320678710938,170.4873046875,18.454520241416486,0,0,47,0.0,0.0,0.7,0.05,0.15,0.1,0.0
48,AlwaysCompact_C128,3,COMPACT_128KB,-0.12525,-0.055,0.198366,0,31,186.36381409401938,76.7366886138916,2,1.3319320678710938,170.4873046875,18.454520241416486,0,0,47,0.0,0.0,0.7,0.05,0.15,0.1,0.0,39,222.57973814765728,71.68245315551758,2,1.3715057373046875,175.552734375,14.872720559761582,0,0,48,0.0,0.0,0.65,0.1,0.15,0.1,0.0
49,AlwaysCompact_C128,3,COMPACT_128KB,-0.12525,-0.055,0.198244,0,39,222.57973814765728,71.68245315551758,2,1.3715057373046875,175.552734375,14.872720559761582,0,0,48,0.0,0.0,0.65,0.1,0.15,0.1,0.0,49,204.37699794251574,77.80694961547852,2,1.4055709838867188,179.9130859375,11.789486401560474,0,0,49,0.0,0.0,0.6,0.1,0.2,0.1,0.0
50,AlwaysCompact_C128,3,COMPACT_128KB,-0.12525,-0.055,0.198574,0,49,204.37699794251574,77.80694961547852,2,1.4055709838867188,179.9130859375,11.789486401560474,0,0,49,0.0,0.0,0.6,0.1,0.2,0.1,0.0,41,226.9585112841494,61.27667427062988,2,1.4334182739257812,183.4775390625,9.269037425651394,0,0,50,0.0,0.0,0.55,0.1,0.2,0.1,0.05
51,AlwaysCompact_C128,3,COMPACT_128KB,-0.12525,-0.055,0.198257,0,41,226.9585112841494,61.27667427062988,2,1.4334182739257812,183.4775390625,9.269037425651394,0,0,50,0.0,0.0,0.55,0.1,0.2,0.1,0.05,37,211.3713228784449,77.14128494262695,2,1.458648681640625,186.70703125,6.985441600081167,0,0,51,0.0,0.0,0.55,0.1,0.2,0.1,0.05
52,AlwaysCompact_C128,3,COMPACT_128KB,-0.12525,-0.055,0.198291,0,37,211.3713228784449,77.14128494262695,2,1.458648681640625,186.70703125,6.985441600081167,0,0,51,0.0,0.0,0.55,0.1,0.2,0.1,0.05,30,176.23644392902312,75.43158531188965,2,1.4794769287109375,189.373046875,5.100283872894375,0,0,52,0.0,0.0,0.55,0.1,0.25,0.05,0.05
53,AlwaysCompact_C128,3,COMPACT_128KB,-0.12525,-0.055,0.198256,0,30,176.23644392902312,75.43158531188965,2,1.4794769287109375,189.373046875,5.100283872894375,0,0,52,0.0,0.0,0.55,0.1,0.25,0.05,0.05,46,281.1134271164956,77.22187042236328,2,1.4944839477539062,191.2939453125,3.7420035617674814,0,0,53,0.0,0.0,0.6,0.05,0.25,0.05,0.05
54,AlwaysCompact_C128,3,COMPACT_128KB,-0.12525,-0.055,0.198226,0,46,281.1134271164956,77.22187042236328,2,1.4944839477539062,191.2939453125,3.7420035617674814,0,0,53,0.0,0.0,0.6,0.05,0.25,0.05,0.05,32,170.35517026920684,78.6890983581543,2,1.51617431640625,194.0703125,1.7788154964224085,0,0,54,0.0,0.0,0.65,0.05,0.2,0.05,0.05
55,AlwaysCompact_C128,3,COMPACT_128KB,-0.12525,-0.055,0.198271,0,32,170.35517026920684,78.6890983581543,2,1.51617431640625,194.0703125,1.7788154964224085,0,0,54,0.0,0.0,0.65,0.05,0.2,0.05,0.05,46,285.4661162649622,76.45225524902344,2,1.5468215942382812,197.9931640625,0.995059445009585,0,0,55,0.0,0.0,0.65,0.05,0.2,0.05,0.05
56,AlwaysCompact_C128,3,COMPACT_128KB,-0.125375,-0.055,0.198093,0,46,285.4661162649622,76.45225524902344,2,1.5468215942382812,197.9931640625,0.995059445009585,0,0,55,0.0,0.0,0.65,0.05,0.2,0.05,0.05,31,184.3642267384896,80.36494255065918,3,1.0597788492838542,203.4775390625,53.993882612767706,0,0,56,0.0,0.0,0.65,0.05,0.2,0.05,0.05
57,AlwaysCompact_C128,3,COMPACT_128KB,-0.125375,-0.055,0.198088,0,31,184.3642267384896,80.36494255065918,3,1.0597788492838542,203.4775390625,53.993882612767706,0,0,56,0.0,0.0,0.65,0.05,0.2,0.05,0.05,45,278.7419199057193,80.60288429260254,3,1.0799814860026042,207.3564453125,51.754593431857764,0,0,57,0.0,0.0,0.65,0.05,0.2,0.05,0.05
58,AlwaysCompact_C128,3,COMPACT_128KB,-0.125375,-0.055,0.198463,0,45,278.7419199057193,80.60288429260254,3,1.0799814860026042,207.3564453125,51.754593431857764,0,0,57,0.0,0.0,0.65,0.05,0.2,0.05,0.05,33,181.21312162218777,61.85483932495117,3,1.0950826009114583,210.255859375,50.08077582030059,0,0,58,0.0,0.0,0.6,0.05,0.2,0.1,0.05
59,AlwaysCompact_C128,3,COMPACT_128KB,-0.125375,-0.055,0.198426,0,33,181.21312162218777,61.85483932495117,3,1.0950826009114583,210.255859375,50.08077582030059,0,0,58,0.0,0.0,0.6,0.05,0.2,0.1,0.05,32,172.03916129809602,63.70186805725098,3,1.10955810546875,213.03515625,48.47631164043233,0,0,59,0.0,0.0,0.55,0.05,0.2,0.15,0.05
60,AlwaysCompact_C128,3,COMPACT_128KB,-0.125375,-0.055,0.198052,0,32,172.03916129809602,63.70186805725098,3,1.10955810546875,213.03515625,48.47631164043233,0,0,59,0.0,0.0,0.55,0.05,0.2,0.15,0.05,46,249.89118338842204,82.40556716918945,3,1.1303761800130208,217.0322265625,46.168857268866425,0,0,60,0.0,0.0,0.55,0.05,0.2,0.15,0.05
61,AlwaysCompact_C128,3,COMPACT_128KB,-0.125375,-0.055,0.198011,0,46,249.89118338842204,82.40556716918945,3,1.1303761800130208,217.0322265625,46.168857268866425,0,0,60,0.0,0.0,0.55,0.05,0.2,0.15,0.05,48,280.74637155702317,84.46526527404785,3,1.15185546875,221.15625,43.78814278146331,0,0,61,0.0,0.0,0.6,0.05,0.15,0.15,0.05
62,AlwaysCompact_C128,3,COMPACT_128KB,-0.125375,-0.055,0.198056,0,48,280.74637155702317,84.46526527404785,3,1.15185546875,221.15625,43.78814278146331,0,0,61,0.0,0.0,0.6,0.05,0.15,0.15,0.05,50,197.596228135965,82.21006393432617,3,1.1740773518880208,225.4228515625,41.32515621182702,0,0,62,0.0,0.0,0.65,0.05,0.15,0.1,0.05
63,AlwaysCompact_C128,3,COMPACT_128KB,-0.125375,-0.055,0.197564,0,50,197.596228135965,82.21006393432617,3,1.1740773518880208,225.4228515625,41.32515621182702,0,0,62,0.0,0.0,0.65,0.05,0.15,0.1,0.05,33,187.2994311139017,106.82106018066406,3,1.1892801920572917,228.341796875,39.64015702495275,0,0,63,0.0,0.0,0.65,0.05,0.1,0.15,0.05
64,AlwaysCompact_C128,3,COMPACT_128KB,-0.125375,-0.055,0.19808,0,33,187.2994311139017,106.82106018066406,3,1.1892801920572917,228.341796875,39.64015702495275,0,0,63,0.0,0.0,0.65,0.05,0.1,0.15,0.05,39,239.56570056091738,81.00175857543945,3,1.2075042724609375,231.8408203125,37.620330254617535,0,0,64,0.0,0.0,0.65,0.05,0.1,0.15,0.05
65,AlwaysCompact_C128,3,COMPACT_128KB,-0.125375,-0.055,0.198109,0,39,239.56570056091738,81.00175857543945,3,1.2075042724609375,231.8408203125,37.620330254617535,0,0,64,0.0,0.0,0.65,0.05,0.1,0.15,0.05,33,201.2554573438043,79.53572273254395,3,1.2249247233072917,235.185546875,35.68960752571908,0,0,65,0.0,0.0,0.65,0.05,0.1,0.15,0.05
66,AlwaysCompact_C128,3,COMPACT_128KB,-0.125375,-0.055,0.196967,0,33,201.2554573438043,79.53572273254395,3,1.2249247233072917,235.185546875,35.68960752571908,0,0,65,0.0,0.0,0.65,0.05,0.1,0.15,0.05,46,246.8560315565501,136.65032386779785,3,1.2459971110026042,239.2314453125,33.35419276036122,0,0,66,0.0,0.0,0.65,0.05,0.1,0.15,0.05
67,AlwaysCompact_C128,3,COMPACT_128KB,-0.125375,-0.055,0.198074,0,46,246.8560315565501,136.65032386779785,3,1.2459971110026042,239.2314453125,33.35419276036122,0,0,66,0.0,0.0,0.65,0.05,0.1,0.15,0.05,39,217.36621198732303,81.31051063537598,3,1.2586669921875,241.6640625,31.950046844328686,0,0,67,0.0,0.0,0.65,0.05,0.1,0.15,0.05
68,AlwaysCompact_C128,3,COMPACT_128KB,-0.125375,-0.055,0.198106,0,39,217.36621198732303,81.31051063537598,3,1.2586669921875,241.6640625,31.950046844328686,0,0,67,0.0,0.0,0.65,0.05,0.1,0.15,0.05,33,199.77921120051963,79.70905303955078,3,1.27362060546875,244.53515625,30.292844097931198,0,0,68,0.0,0.0,0.7,0.0,0.1,0.15,0.05
69,AlwaysCompact_C128,3,COMPACT_128KB,-0.125375,-0.055,0.198468,0,33,199.77921120051963,79.70905303955078,3,1.27362060546875,244.53515625,30.292844097931198,0,0,68,0.0,0.0,0.7,0.0,0.1,0.15,0.05,35,198.99100613372192,61.6152286529541,3,1.289825439453125,247.646484375,28.497033132086536,0,0,69,0.0,0.0,0.7,0.0,0.05,0.2,0.05
70,AlwaysCompact_C128,3,COMPACT_128KB,-0.125375,-0.055,0.198059,0,35,198.99100613372192,61.6152286529541,3,1.289825439453125,247.646484375,28.497033132086536,0,0,69,0.0,0.0,0.7,0.0,0.05,0.2,0.05,43,263.06472654290013,82.0462703704834,3,1.308685302734375,251.267578125,26.407081491595157,0,0,70,0.0,0.0,0.7,0.0,0.1,0.2,0.0
71,AlwaysCompact_C128,3,COMPACT_128KB,-0.125375,-0.055,0.198079,0,43,263.06472654290013,82.0462703704834,3,1.308685302734375,251.267578125,26.407081491595157,0,0,70,0.0,0.0,0.7,0.0,0.1,0.2,0.0,30,182.0526094196933,81.0694694519043,3,1.3227793375651042,253.9736328125,24.84532965350488,0,0,71,0.0,0.0,0.7,0.0,0.1,0.2,0.0
72,AlwaysCompact_C128,3,COMPACT_128KB,-0.125375,-0.055,0.198087,0,30,182.0526094196933,81.0694694519043,3,1.3227793375651042,253.9736328125,24.84532965350488,0,0,71,0.0,0.0,0.7,0.0,0.1,0.2,0.0,30,162.09390253171242,80.6586742401123,3,1.3361612955729167,256.54296875,23.362555599673755,0,0,72,0.0,0.0,0.75,0.0,0.05,0.2,0.0
73,AlwaysCompact_C128,3,COMPACT_128KB,-0.125375,-0.055,0.198574,0,30,162.09390253171242,80.6586742401123,3,1.3361612955729167,256.54296875,23.362555599673755,0,0,72,0.0,0.0,0.75,0.0,0.05,0.2,0.0,39,220.62927779988266,56.318044662475586,3,1.3537241617838542,259.9150390625,21.416653305326616,0,0,73,0.0,0.0,0.7,0.0,0.05,0.2,0.05
74,AlwaysCompact_C128,3,COMPACT_128KB,-0.125375,-0.055,0.198068,0,39,220.62927779988266,56.318044662475586,3,1.3537241617838542,259.9150390625,21.416653305326616,0,0,73,0.0,0.0,0.7,0.0,0.05,0.2,0.05,48,259.159281452542,81.59899711608887,3,1.3750762939453125,264.0146484375,19.05117914450335,0,0,74,0.0,0.0,0.7,0.0,0.05,0.2,0.05
75,AlwaysCompact_C128,3,COMPACT_128KB,-0.125375,-0.055,0.197976,0,48,259.159281452542,81.59899711608887,3,1.3750762939453125,264.0146484375,19.05117914450335,0,0,74,0.0,0.0,0.7,0.0,0.05,0.2,0.05,48,267.155248051338,86.18855476379395,3,1.3963826497395833,268.10546875,16.691182229142466,0,0,75,0.0,0.0,0.65,0.0,0.1,0.2,0.05
76,AlwaysCompact_C128,3,COMPACT_128KB,-0.125375,-0.055,0.197897,0,48,267.155248051338,86.18855476379395,3,1.3963826497395833,268.10546875,16.691182229142466,0,0,75,0.0,0.0,0.65,0.0,0.1,0.2,0.05,31,168.01735694284176,90.17086029052734,3,1.409576416015625,270.638671875,15.230061582614882,0,0,76,0.0,0.0,0.65,0.0,0.1,0.2,0.05
77,AlwaysCompact_C128,3,COMPACT_128KB,-0.125375,-0.055,0.198069,0,31,168.01735694284176,90.17086029052734,3,1.409576416015625,270.638671875,15.230061582614882,0,0,76,0.0,0.0,0.65,0.0,0.1,0.2,0.05,33,185.07894856482682,81.53128623962402,3,1.424163818359375,273.439453125,13.614961303196445,0,0,77,0.0,0.0,0.65,0.0,0.1,0.2,0.05
78,AlwaysCompact_C128,3,COMPACT_128KB,-0.125375,-0.055,0.198029,0,33,185.07894856482682,81.53128623962402,3,1.424163818359375,273.439453125,13.614961303196445,0,0,77,0.0,0.0,0.65,0.0,0.1,0.2,0.05,42,241.94949793225828,83.5716724395752,3,1.4525858561197917,278.896484375,10.469819077899395,0,0,78,0.0,0.0,0.65,0.0,0.15,0.15,0.05
79,AlwaysCompact_C128,3,COMPACT_128KB,-0.125375,-0.055,0.197803,0,42,241.94949793225828,83.5716724395752,3,1.4525858561197917,278.896484375,10.469819077899395,0,0,78,0.0,0.0,0.65,0.0,0.15,0.15,0.05,37,210.5802865827182,94.86961364746094,3,1.4596455891927083,280.251953125,9.689150778291342,0,0,79,0.0,0.0,0.7,0.0,0.15,0.1,0.05
80,AlwaysCompact_C128,3,COMPACT_128KB,-0.125375,-0.055,0.198037,0,37,210.5802865827182,94.86961364746094,3,1.4596455891927083,280.251953125,9.689150778291342,0,0,79,0.0,0.0,0.7,0.0,0.15,0.1,0.05,38,210.97661809556084,83.13632011413574,3,1.4764963785807292,283.4873046875,7.8273268931751465,0,0,80,0.0,0.0,0.7,0.0,0.15,0.1,0.05
81,AlwaysCompact_C128,3,COMPACT_128KB,-0.125375,-0.055,0.198044,0,38,210.97661809556084,83.13632011413574,3,1.4764963785807292,283.4873046875,7.8273268931751465,0,0,80,0.0,0.0,0.7,0.0,0.15,0.1,0.05,37,201.83202302501095,82.80563354492188,3,1.4932607014973958,286.7060546875,5.978838345577238,0,0,81,0.0,0.0,0.7,0.0,0.15,0.1,0.05
82,AlwaysCompact_C128,3,COMPACT_128KB,-0.125375,-0.055,0.198057,0,37,201.83202302501095,82.80563354492188,3,1.4932607014973958,286.7060546875,5.978838345577238,0,0,81,0.0,0.0,0.7,0.0,0.15,0.1,0.05,40,212.36471527899963,82.13663101196289,3,1.5112813313802083,290.166015625,4.002020841974767,0,0,82,0.0,0.0,0.7,0.0,0.15,0.1,0.05
83,AlwaysCompact_C128,3,COMPACT_128KB,-0.125375,-0.055,0.19807,0,40,212.36471527899963,82.13663101196289,3,1.5112813313802083,290.166015625,4.002020841974767,0,0,82,0.0,0.0,0.7,0.0,0.15,0.1,0.05,37,195.6059326146334,81.48360252380371,3,1.5279897054036458,293.3740234375,2.2029272401037767,0,0,83,0.0,0.0,0.75,0.0,0.15,0.05,0.05
84,AlwaysCompact_C128,3,COMPACT_128KB,-0.125375,-0.055,0.198,0,37,195.6059326146334,81.48360252380371,3,1.5279897054036458,293.3740234375,2.2029272401037767,0,0,83,0.0,0.0,0.75,0.0,0.15,0.05,0.05,31,174.02935747890274,84.98716354370117,3,1.5414326985677083,295.955078125,0.9229938161965886,0,0,84,0.0,0.0,0.7,0.05,0.15,0.05,0.05
85,AlwaysCompact_C128,3,COMPACT_128KB,-0.1255,-0.055,0.197776,0,31,174.02935747890274,84.98716354370117,3,1.5414326985677083,295.955078125,0.9229938161965886,0,0,84,0.0,0.0,0.7,0.05,0.15,0.05,0.05,39,212.38967615278546,91.1860466003418,4,1.1802597045898438,302.146484375,46.236285404925816,0,0,85,0.0,0.0,0.7,0.05,0.15,0.05,0.05
86,AlwaysCompact_C128,3,COMPACT_128KB,-0.1255,-0.055,0.197939,0,39,212.38967615278546,91.1860466003418,4,1.1802597045898438,302.146484375,46.236285404925816,0,0,85,0.0,0.0,0.7,0.05,0.15,0.05,0.05,37,188.13805343636383,83.06169509887695,4,1.1931648254394531,305.4501953125,44.584657503529236,0,0,86,0.0,0.0,0.7,0.05,0.15,0.05,0.05
87,AlwaysCompact_C128,3,COMPACT_128KB,-0.1255,-0.055,0.198301,0,37,188.13805343636383,83.06169509887695,4,1.1931648254394531,305.4501953125,44.584657503529236,0,0,86,0.0,0.0,0.7,0.05,0.15,0.05,0.05,31,171.8774813645671,64.96930122375488,4,1.2039337158203125,308.20703125,43.206442749588234,0,0,87,0.0,0.0,0.65,0.1,0.15,0.05,0.05
88,AlwaysCompact_C128,3,COMPACT_128KB,-0.1255,-0.055,0.197835,0,31,171.8774813645671,64.96930122375488,4,1.2039337158203125,308.20703125,43.206442749588234,0,0,87,0.0,0.0,0.65,0.1,0.15,0.05,0.05,46,248.94902517386873,88.23299407958984,4,1.2193069458007812,312.142578125,41.23898295079275,0,0,88,0.0,0.0,0.65,0.1,0.15,0.05,0.05
89,AlwaysCompact_C128,3,COMPACT_128KB,-0.1255,-0.055,0.197899,0,46,248.94902517386873,88.23299407958984,4,1.2193069458007812,312.142578125,41.23898295079275,0,0,88,0.0,0.0,0.65,0.1,0.15,0.05,0.05,41,205.00190617426415,85.03341674804688,4,1.2331695556640625,315.69140625,39.46487852365185,0,0,89,0.0,0.0,0.7,0.1,0.15,0.0,0.05
90,AlwaysCompact_C128,3,COMPACT_128KB,-0.1255,-0.055,0.197823,0,41,205.00190617426415,85.03341674804688,4,1.2331695556640625,315.69140625,39.46487852365185,0,0,89,0.0,0.0,0.7,0.1,0.15,0.0,0.05,42,222.4985355022299,88.83452415466309,4,1.246795654296875,319.1796875,37.72107063830366,0,0,90,0.0,0.0,0.75,0.1,0.1,0.0,0.05
91,AlwaysCompact_C128,3,COMPACT_128KB,-0.1255,-0.055,0.197922,0,42,222.4985355022299,88.83452415466309,4,1.246795654296875,319.1796875,37.72107063830366,0,0,90,0.0,0.0,0.75,0.1,0.1,0.0,0.05,47,254.3005854018478,83.88257026672363,4,1.26251220703125,323.203125,35.70977603723547,0,0,91,0.0,0.0,0.75,0.1,0.1,0.0,0.05
92,AlwaysCompact_C128,3,COMPACT_128KB,-0.1255,-0.055,0.197911,0,47,254.3005854018478,83.88257026672363,4,1.26251220703125,323.203125,35.70977603723547,0,0,91,0.0,0.0,0.75,0.1,0.1,0.0,0.05,38,203.09277226032196,84.43403244018555,4,1.2762603759765625,326.72265625,33.950422651968175,0,0,92,0.0,0.0,0.75,0.1,0.1,0.0,0.05
93,AlwaysCompact_C128,3,COMPACT_128KB,-0.1255,-0.055,0.197721,0,38,203.09277226032196,84.43403244018555,4,1.2762603759765625,326.72265625,33.950422651968175,0,0,92,0.0,0.0,0.75,0.1,0.1,0.0,0.05,46,270.83386651880653,93.97363662719727,4,1.2917938232421875,330.69921875,31.96266178492464,0,0,93,0.0,0.0,0.8,0.1,0.1,0.0,0.0
94,AlwaysCompact_C128,3,COMPACT_128KB,-0.1255,-0.055,0.197656,0,46,270.83386651880653,93.97363662719727,4,1.2917938232421875,330.69921875,31.96266178492464,0,0,93,0.0,0.0,0.8,0.1,0.1,0.0,0.0,33,188.32722003387963,97.19133377075195,4,1.3020553588867188,333.326171875,30.64956602024754,0,0,94,0.0,0.0,0.75,0.1,0.15,0.0,0.0
95,AlwaysCompact_C128,3,COMPACT_128KB,-0.1255,-0.055,0.197845,0,33,188.32722003387963,97.19133377075195,4,1.3020553588867188,333.326171875,30.64956602024754,0,0,94,0.0,0.0,0.75,0.1,0.15,0.0,0.0,40,229.65719549972417,87.74662017822266,4,1.31494140625,336.625,29.00067899720259,0,0,95,0.0,0.0,0.8,0.1,0.1,0.0,0.0
96,AlwaysCompact_C128,3,COMPACT_128KB,-0.1255,-0.055,0.197788,0,40,229.65719549972417,87.74662017822266,4,1.31494140625,336.625,29.00067899720259,0,0,95,0.0,0.0,0.8,0.1,0.1,0.0,0.0,47,270.35384083690366,90.5764102935791,4,1.3306694030761719,340.6513671875,26.988225964347723,0,0,96,0.0,0.0,0.8,0.1,0.1,0.0,0.0
97,AlwaysCompact_C128,3,COMPACT_128KB,-0.1255,-0.055,0.197717,0,47,270.35384083690366,90.5764102935791,4,1.3306694030761719,340.6513671875,26.988225964347723,0,0,96,0.0,0.0,0.8,0.1,0.1,0.0,0.0,44,247.3374790925076,94.15268898010254,4,1.3455467224121094,344.4599609375,25.084728037965718,0,0,97,0.0,0.0,0.8,0.1,0.1,0.0,0.0
98,AlwaysCompact_C128,3,COMPACT_128KB,-0.1255,-0.055,0.19773,0,44,247.3374790925076,94.15268898010254,4,1.3455467224121094,344.4599609375,25.084728037965718,0,0,97,0.0,0.0,0.8,0.1,0.1,0.0,0.0,32,178.14108449965823,93.47724914550781,4,1.3563003540039062,347.212890625,23.708920586078015,0,0,98,0.0,0.0,0.8,0.1,0.1,0.0,0.0
99,AlwaysCompact_C128,3,COMPACT_128KB,-0.1255,-0.055,0.19789,0,32,178.14108449965823,93.47724914550781,4,1.3563003540039062,347.212890625,23.708920586078015,0,0,98,0.0,0.0,0.8,0.1,0.1,0.0,0.0,34,187.16879223743393,85.48521995544434,4,1.367706298828125,350.1328125,22.249745785407498,0,0,99,0.0,0.0,0.8,0.1,0.1,0.0,0.0
100,AlwaysCompact_C128,3,COMPACT_128KB,-0.1255,-0.055,0.198402,0,34,187.16879223743393,85.48521995544434,4,1.367706298828125,350.1328125,22.249745785407498,0,0,99,0.0,0.0,0.8,0.1,0.1,0.0,0.0,45,254.88542938323087,59.89360809326172,4,1.3827629089355469,353.9873046875,20.323710353909703,0,0,100,0.0,0.0,0.75,0.1,0.1,0.0,0.05
101,AlwaysCompact_C128,3,COMPACT_128KB,0.167,-0.055,0.198443,0,45,254.88542938323087,59.89360809326172,4,1.3827629089355469,353.9873046875,20.323710353909703,0,0,100,0.0,0.0,0.75,0.1,0.1,0.0,0.05,85,466.11908061606044,57.860612869262695,4,1.4112739562988281,361.2861328125,16.677355143587437,0,0,101,0.0,0.0,0.7,0.1,0.1,0.0,0.1
102,AlwaysCompact_C128,3,COMPACT_128KB,0.167,-0.055,0.198147,0,85,466.11908061606044,57.860612869262695,4,1.4112739562988281,361.2861328125,16.677355143587437,0,0,101,0.0,0.0,0.7,0.1,0.1,0.0,0.1,91,505.23348017621146,72.65591621398926,4,1.4418411254882812,369.111328125,12.769978260747678,0,0,102,0.0,0.0,0.65,0.15,0.1,0.0,0.1
103,AlwaysCompact_C128,3,COMPACT_128KB,0.167,-0.055,0.198296,0,91,505.23348017621146,72.65591621398926,4,1.4418411254882812,369.111328125,12.769978260747678,0,0,102,0.0,0.0,0.65,0.15,0.1,0.0,0.1,77,431.2229475407341,65.17744064331055,4,1.4675788879394531,375.7001953125,9.483279735288576,0,0,103,0.0,0.0,0.6,0.2,0.1,0.0,0.1
104,AlwaysCompact_C128,3,COMPACT_128KB,0.167,-0.055,0.197776,0,77,431.2229475407341,65.17744064331055,4,1.4675788879394531,375.7001953125,9.483279735288576,0,0,103,0.0,0.0,0.6,0.2,0.1,0.0,0.1,80,447.2767310855592,91.20631217956543,4,1.4942588806152344,382.5302734375,6.085095923186729,0,0,104,0.0,0.0,0.65,0.15,0.1,0.0,0.1
105,AlwaysCompact_C128,3,COMPACT_128KB,0.167,-0.055,0.197703,0,80,447.2767310855592,91.20631217956543,4,1.4942588806152344,382.5302734375,6.085095923186729,0,0,104,0.0,0.0,0.65,0.15,0.1,0.0,0.1,57,312.35058994757037,94.84648704528809,4,1.5134658813476562,387.447265625,3.6582200266700005,0,0,105,0.0,0.0,0.65,0.15,0.1,0.0,0.1
106,AlwaysCompact_C128,3,COMPACT_128KB,0.167,-0.055,0.197723,0,57,312.35058994757037,94.84648704528809,4,1.5134658813476562,387.447265625,3.6582200266700005,0,0,105,0.0,0.0,0.65,0.15,0.1,0.0,0.1,97,498.6071610651398,93.86944770812988,4,1.5460319519042969,395.7841796875,0.9563043234028296,0,0,106,0.0,0.0,0.65,0.15,0.1,0.0,0.1
107,AlwaysCompact_C128,3,COMPACT_128KB,0.166875,-0.055,0.197189,0,97,498.6071610651398,93.86944770812988,4,1.5460319519042969,395.7841796875,0.9563043234028296,0,0,106,0.0,0.0,0.65,0.15,0.1,0.0,0.1,83,435.08126922312636,115.53359031677246,5,1.268719482421875,405.990234375,39.694370656663814,0,0,107,0.0,0.0,0.7,0.1,0.1,0.0,0.1
108,AlwaysCompact_C128,3,COMPACT_128KB,0.166875,-0.055,0.197986,0,83,435.08126922312636,115.53359031677246,5,1.268719482421875,405.990234375,39.694370656663814,0,0,107,0.0,0.0,0.7,0.1,0.1,0.0,0.1,74,409.836352520655,75.71911811828613,5,1.2884521484375,412.3046875,36.871123145667944,0,0,108,0.0,0.0,0.65,0.15,0.1,0.0,0.1
109,AlwaysCompact_C128,3,COMPACT_128KB,0.166875,-0.055,0.196068,0,74,409.836352520655,75.71911811828613,5,1.2884521484375,412.3046875,36.871123145667944,0,0,108,0.0,0.0,0.65,0.15,0.1,0.0,0.1,92,499.0371281398684,171.61917686462402,5,1.3127410888671875,420.0771484375,33.3961411671165,0,0,109,0.0,0.0,0.65,0.15,0.1,0.0,0.1
110,AlwaysCompact_C128,3,COMPACT_128KB,0.166875,-0.055,0.198215,0,92,499.0371281398684,171.61917686462402,5,1.3127410888671875,420.0771484375,33.3961411671165,0,0,109,0.0,0.0,0.65,0.15,0.1,0.0,0.1,85,401.61386401834835,64.26763534545898,5,1.3353302001953125,427.3056640625,30.16455140487028,0,0,110,0.0,0.0,0.6,0.15,0.1,0.0,0.15
111,AlwaysCompact_C128,3,COMPACT_128KB,0.166875,-0.055,0.197251,0,85,401.61386401834835,64.26763534545898,5,1.3353302001953125,427.3056640625,30.16455140487028,0,0,110,0.0,0.0,0.6,0.15,0.1,0.0,0.15,64,353.94737112756377,112.43319511413574,5,1.352520751953125,432.806640625,27.705449629327585,0,0,111,0.0,0.0,0.55,0.15,0.15,0.0,0.15
112,AlwaysCompact_C128,3,COMPACT_128KB,0.166875,-0.055,0.19719,0,64,353.94737112756377,112.43319511413574,5,1.352520751953125,432.806640625,27.705449629327585,0,0,111,0.0,0.0,0.55,0.15,0.15,0.0,0.15,93,505.95725042317645,115.48876762390137,5,1.37738037109375,440.76171875,24.149654519431493,0,0,112,0.0,0.0,0.55,0.15,0.15,0.0,0.15
113,AlwaysCompact_C128,3,COMPACT_128KB,0.166875,-0.055,0.197228,0,93,505.95725042317645,115.48876762390137,5,1.37738037109375,440.76171875,24.149654519431493,0,0,112,0.0,0.0,0.55,0.15,0.15,0.0,0.15,58,315.5063997561751,113.60883712768555,5,1.3938568115234375,446.0341796875,21.7932752627014,0,0,113,0.0,0.0,0.5,0.15,0.15,0.05,0.15
114,AlwaysCompact_C128,3,COMPACT_128KB,0.166875,-0.055,0.197417,0,58,315.5063997561751,113.60883712768555,5,1.3938568115234375,446.0341796875,21.7932752627014,0,0,113,0.0,0.0,0.5,0.15,0.15,0.05,0.15,58,293.81135511891,104.1264533996582,5,1.4089691162109375,450.8701171875,19.63231247410508,0,0,114,0.0,0.0,0.5,0.15,0.15,0.05,0.15
115,AlwaysCompact_C128,3,COMPACT_128KB,0.166875,-0.055,0.197289,0,58,293.81135511891,104.1264533996582,5,1.4089691162109375,450.8701171875,19.63231247410508,0,0,114,0.0,0.0,0.5,0.15,0.15,0.05,0.15,84,449.65526324857666,110.55231094360352,5,1.4315155029296875,458.0849609375,16.409172995171556,0,0,115,0.0,0.0,0.5,0.15,0.15,0.05,0.15
116,AlwaysCompact_C128,3,COMPACT_128KB,0.166875,-0.055,0.197289,0,84,449.65526324857666,110.55231094360352,5,1.4315155029296875,458.0849609375,16.409172995171556,0,0,115,0.0,0.0,0.5,0.15,0.15,0.05,0.15,69,362.0710062428845,110.53991317749023,5,1.4503326416015625,464.1064453125,13.720388484075848,0,0,116,0.0,0.0,0.5,0.15,0.15,0.05,0.15
117,AlwaysCompact_C128,3,COMPACT_128KB,0.166875,-0.055,0.197272,0,69,362.0710062428845,110.53991317749023,5,1.4503326416015625,464.1064453125,13.720388484075848,0,0,116,0.0,0.0,0.5,0.15,0.15,0.05,0.15,70,385.1574402883946,111.40227317810059,5,1.469036865234375,470.091796875,11.04972002874385,0,0,117,0.0,0.0,0.5,0.15,0.15,0.05,0.15
118,AlwaysCompact_C128,3,COMPACT_128KB,0.166875,-0.055,0.196989,0,70,385.1574402883946,111.40227317810059,5,1.469036865234375,470.091796875,11.04972002874385,0,0,117,0.0,0.0,0.5,0.15,0.15,0.05,0.15,82,334.64192947018967,125.55956840515137,5,1.490130615234375,476.841796875,8.042702147338948,0,0,118,0.0,0.0,0.55,0.15,0.1,0.05,0.15
119,AlwaysCompact_C128,3,COMPACT_128KB,0.166875,-0.055,0.197279,0,82,334.64192947018967,125.55956840515137,5,1.490130615234375,476.841796875,8.042702147338948,0,0,118,0.0,0.0,0.55,0.15,0.1,0.05,0.15,74,372.7025641887754,111.0692024230957,5,1.5100250244140625,483.2080078125,5.2190214075108825,0,0,119,0.0,0.0,0.55,0.15,0.1,0.05,0.15
120,AlwaysCompact_C128,3,COMPACT_128KB,0.166875,-0.055,0.196459,0,74,372.7025641887754,111.0692024230957,5,1.5100250244140625,483.2080078125,5.2190214075108825,0,0,119,0.0,0.0,0.55,0.15,0.1,0.05,0.15,94,505.0122466546177,152.0402431488037,5,1.535302734375,491.296875,1.7445533460626241,0,0,120,0.0,0.0,0.55,0.15,0.15,0.05,0.1
121,AlwaysCompact_C128,3,COMPACT_128KB,0.166875,-0.055,0.197761,0,94,505.0122466546177,152.0402431488037,5,1.535302734375,491.296875,1.7445533460626241,0,0,120,0.0,0.0,0.55,0.15,0.15,0.05,0.1,75,390.18378426651884,86.96913719177246,5,1.5553070068359376,497.6982421875,1.564517222030813,0,0,121,0.0,0.0,0.55,0.15,0.15,0.1,0.05
122,AlwaysCompact_C128,3,COMPACT_128KB,-0.12575,-0.055,0.196999,0,75,390.18378426651884,86.96913719177246,5,1.5553070068359376,497.6982421875,1.564517222030813,0,0,121,0.0,0.0,0.55,0.15,0.15,0.1,0.05,50,260.30268388983427,120.04923820495605,6,1.3147913614908855,504.8798828125,37.730956863377585,0,0,122,0.0,0.0,0.6,0.1,0.15,0.1,0.05
123,AlwaysCompact_C128,3,COMPACT_128KB,0.16675,-0.055,0.197089,0,50,260.30268388983427,120.04923820495605,6,1.3147913614908855,504.8798828125,37.730956863377585,0,0,122,0.0,0.0,0.6,0.1,0.15,0.1,0.05,52,280.98339637420514,115.53549766540527,6,1.3266754150390625,509.443359375,35.86927363187462,0,0,123,0.0,0.0,0.65,0.05,0.15,0.1,0.05
124,AlwaysCompact_C128,3,COMPACT_128KB,0.16675,-0.055,0.197107,0,52,280.98339637420514,115.53549766540527,6,1.3266754150390625,509.443359375,35.86927363187462,0,0,123,0.0,0.0,0.65,0.05,0.15,0.1,0.05,58,294.69153706938533,114.62831497192383,6,1.3402430216471355,514.6533203125,33.74403720551432,0,0,124,0.0,0.0,0.65,0.05,0.15,0.1,0.05
125,AlwaysCompact_C128,3,COMPACT_128KB,0.16675,-0.055,0.196941,0,58,294.69153706938533,114.62831497192383,6,1.3402430216471355,514.6533203125,33.74403720551432,0,0,124,0.0,0.0,0.65,0.05,0.15,0.1,0.05,51,217.23515701880083,122.94840812683105,6,1.3519515991210938,519.1494140625,31.910184371437126,0,0,125,0.0,0.0,0.65,0.05,0.15,0.1,0.05
126,AlwaysCompact_C128,3,COMPACT_128KB,0.16675,-0.055,0.198067,0,51,217.23515701880083,122.94840812683105,6,1.3519515991210938,519.1494140625,31.910184371437126,0,0,125,0.0,0.0,0.65,0.05,0.15,0.1,0.05,53,274.9886960501738,66.64013862609863,6,1.3627471923828125,523.294921875,30.21950709786099,0,0,126,0.0,0.0,0.6,0.05,0.15,0.1,0.1
127,AlwaysCompact_C128,3,COMPACT_128KB,0.16675,-0.055,0.197066,0,53,274.9886960501738,66.64013862609863,6,1.3627471923828125,523.294921875,30.21950709786099,0,0,126,0.0,0.0,0.6,0.05,0.15,0.1,0.1,91,477.72431592148774,116.69349670410156,6,1.3830337524414062,531.0849609375,27.043049427723776,0,0,127,0.0,0.0,0.55,0.05,0.2,0.1,0.1
128,AlwaysCompact_C128,3,COMPACT_128KB,0.16675,-0.055,0.197084,0,91,477.72431592148774,116.69349670410156,6,1.3830337524414062,531.0849609375,27.043049427723776,0,0,127,0.0,0.0,0.55,0.05,0.2,0.1,0.1,66,346.27896800825596,115.7989501953125,6,1.3977559407552083,536.73828125,24.738471262354835,0,0,128,0.0,0.0,0.6,0.0,0.2,0.1,0.1
129,AlwaysCompact_C128,3,COMPACT_128KB,0.16675,-0.055,0.197067,0,66,346.27896800825596,115.7989501953125,6,1.3977559407552083,536.73828125,24.738471262354835,0,0,128,0.0,0.0,0.6,0.0,0.2,0.1,0.1,100,487.19424794693987,116.64915084838867,6,1.4201151529947917,545.32421875,21.239814639051957,0,0,129,0.0,0.0,0.6,0.0,0.2,0.1,0.1
130,AlwaysCompact_C128,3,COMPACT_128KB,0.16675,-0.055,0.197707,0,100,487.19424794693987,116.64915084838867,6,1.4201151529947917,545.32421875,21.239814639051957,0,0,129,0.0,0.0,0.6,0.0,0.2,0.1,0.1,82,447.1731300552444,84.64646339416504,6,1.4385223388671875,552.392578125,18.361422789302964,0,0,130,0.0,0.0,0.6,0.0,0.2,0.15,0.05
131,AlwaysCompact_C128,3,COMPACT_128KB,0.16675,-0.055,0.19775,0,82,447.1731300552444,84.64646339416504,6,1.4385223388671875,552.392578125,18.361422789302964,0,0,130,0.0,0.0,0.6,0.0,0.2,0.15,0.05,73,388.45953253040784,82.4894905090332,6,1.4571329752604167,559.5390625,15.453967504931324,0,0,131,0.0,0.0,0.6,0.0,0.15,0.2,0.05
132,AlwaysCompact_C128,3,COMPACT_128KB,0.16675,-0.055,0.197089,0,73,388.45953253040784,82.4894905090332,6,1.4571329752604167,559.5390625,15.453967504931324,0,0,131,0.0,0.0,0.6,0.0,0.15,0.2,0.05,66,365.93995828012595,115.56768417358398,6,1.4699198404947917,564.44921875,13.458863443774174,0,0,132,0.0,0.0,0.6,0.0,0.15,0.2,0.05
133,AlwaysCompact_C128,3,COMPACT_128KB,0.16675,-0.055,0.196792,0,66,365.93995828012595,115.56768417358398,6,1.4699198404947917,564.44921875,13.458863443774174,0,0,132,0.0,0.0,0.6,0.0,0.15,0.2,0.05,59,233.94606450100304,130.4037570953369,6,1.4830271402994792,569.482421875,11.417202469627249,0,0,133,0.0,0.0,0.65,0.0,0.15,0.15,0.05
134,AlwaysCompact_C128,3,COMPACT_128KB,0.16675,-0.055,0.197116,0,59,233.94606450100304,130.4037570953369,6,1.4830271402994792,569.482421875,11.417202469627249,0,0,133,0.0,0.0,0.65,0.0,0.15,0.15,0.05,91,472.5748132886943,114.18032646179199,6,1.5029881795247395,577.1474609375,8.32040056017868,0,0,134,0.0,0.0,0.65,0.0,0.15,0.15,0.05
135,AlwaysCompact_C128,3,COMPACT_128KB,0.16675,-0.055,0.197675,0,91,472.5748132886943,114.18032646179199,6,1.5029881795247395,577.1474609375,8.32040056017868,0,0,134,0.0,0.0,0.65,0.0,0.15,0.15,0.05,80,427.0342791328086,86.24601364135742,6,1.5207926432291667,583.984375,5.588749178553104,0,0,135,0.0,0.0,0.6,0.0,0.15,0.2,0.05
136,AlwaysCompact_C128,3,COMPACT_128KB,0.16675,-0.055,0.197363,0,80,427.0342791328086,86.24601364135742,6,1.5207926432291667,583.984375,5.588749178553104,0,0,135,0.0,0.0,0.6,0.0,0.15,0.2,0.05,82,430.456921507644,101.86600685119629,6,1.5391591389973958,591.037109375,2.892482093661094,0,0,136,0.0,0.0,0.55,0.05,0.15,0.2,0.05
137,AlwaysCompact_C128,3,COMPACT_128KB,0.16675,-0.055,0.197145,0,82,430.456921507644,101.86600685119629,6,1.5391591389973958,591.037109375,2.892482093661094,0,0,136,0.0,0.0,0.55,0.05,0.15,0.2,0.05,93,506.11874520733505,112.7617359161377,6,1.5600306193033855,599.0517578125,1.5832004524821441,0,0,137,0.0,0.0,0.5,0.05,0.2,0.2,0.05
138,AlwaysCompact_C128,3,COMPACT_128KB,0.166625,-0.055,0.196921,0,93,506.11874520733505,112.7617359161377,6,1.5600306193033855,599.0517578125,1.5832004524821441,0,0,137,0.0,0.0,0.5,0.05,0.2,0.2,0.05,96,492.50476905727027,118.96753311157227,7,1.3621324811662947,610.2353515625,33.54086469105026,0,0,138,0.0,0.0,0.5,0.05,0.2,0.2,0.05
139,AlwaysCompact_C128,3,COMPACT_128KB,0.166625,-0.055,0.195545,0,96,492.50476905727027,118.96753311157227,7,1.3621324811662947,610.2353515625,33.54086469105026,0,0,138,0.0,0.0,0.5,0.05,0.2,0.2,0.05,82,442.0316962547216,187.75153160095215,7,1.3777967180524553,617.2529296875,30.891144395007405,0,0,139,0.0,0.0,0.5,0.05,0.2,0.2,0.05
140,AlwaysCompact_C128,3,COMPACT_128KB,0.166625,-0.055,0.197918,0,82,442.0316962547216,187.75153160095215,7,1.3777967180524553,617.2529296875,30.891144395007405,0,0,139,0.0,0.0,0.5,0.05,0.2,0.2,0.05,78,383.1015661045053,69.11468505859375,7,1.3926740373883928,623.91796875,28.374999763131864,0,0,140,0.0,0.0,0.5,0.05,0.15,0.2,0.1
141,AlwaysCompact_C128,3,COMPACT_128KB,0.166625,-0.055,0.196899,0,78,383.1015661045053,69.11468505859375,7,1.3926740373883928,623.91796875,28.374999763131864,0,0,140,0.0,0.0,0.5,0.05,0.15,0.2,0.1,74,390.6475910703655,120.03803253173828,7,1.4071088518415178,630.384765625,25.93425167051067,0,0,141,0.0,0.0,0.55,0.05,0.15,0.15,0.1
142,AlwaysCompact_C128,3,COMPACT_128KB,0.166625,-0.055,0.19687,0,74,390.6475910703655,120.03803253173828,7,1.4071088518415178,630.384765625,25.93425167051067,0,0,141,0.0,0.0,0.55,0.05,0.15,0.15,0.1,53,260.8223565259528,121.50192260742188,7,1.4172908238002233,634.9462890625,24.213027736557073,0,0,142,0.0,0.0,0.55,0.05,0.15,0.15,0.1
143,AlwaysCompact_C128,3,COMPACT_128KB,0.166625,-0.055,0.197626,0,53,260.8223565259528,121.50192260742188,7,1.4172908238002233,634.9462890625,24.213027736557073,0,0,142,0.0,0.0,0.55,0.05,0.15,0.15,0.1,75,365.57658248148715,83.68563652038574,7,1.431368146623884,641.2529296875,21.83405531906646,0,0,143,0.0,0.0,0.5,0.1,0.15,0.15,0.1
144,AlwaysCompact_C128,3,COMPACT_128KB,0.166625,-0.055,0.196901,0,75,365.57658248148715,83.68563652038574,7,1.431368146623884,641.2529296875,21.83405531906646,0,0,143,0.0,0.0,0.5,0.1,0.15,0.15,0.1,75,379.23868424383807,119.97485160827637,7,1.4458269391741072,647.73046875,19.391822302255783,0,0,144,0.0,0.0,0.45,0.1,0.2,0.15,0.1
145,AlwaysCompact_C128,3,COMPACT_128KB,0.166625,-0.055,0.196906,0,75,379.23868424383807,119.97485160827637,7,1.4458269391741072,647.73046875,19.391822302255783,0,0,144,0.0,0.0,0.45,0.1,0.2,0.15,0.1,95,470.6828026531058,119.68326568603516,7,1.464052472795759,655.8955078125,16.315931828134033,0,0,145,0.0,0.0,0.4,0.1,0.25,0.15,0.1
146,AlwaysCompact_C128,3,COMPACT_128KB,0.166625,-0.055,0.196897,0,95,470.6828026531058,119.68326568603516,7,1.464052472795759,655.8955078125,16.315931828134033,0,0,145,0.0,0.0,0.4,0.1,0.25,0.15,0.1,82,433.61489505481757,120.17202377319336,7,1.4796905517578125,662.9013671875,13.680385674176511,0,0,146,0.0,0.0,0.45,0.1,0.25,0.15,0.05
147,AlwaysCompact_C128,3,COMPACT_128KB,0.166625,-0.055,0.196403,0,82,433.61489505481757,120.17202377319336,7,1.4796905517578125,662.9013671875,13.680385674176511,0,0,146,0.0,0.0,0.45,0.1,0.25,0.15,0.05,84,447.5384804945868,144.84763145446777,7,1.495790754045759,670.1142578125,10.97320558059207,0,0,147,0.0,0.0,0.5,0.1,0.2,0.15,0.05
148,AlwaysCompact_C128,3,COMPACT_128KB,0.166625,-0.055,0.196818,0,84,447.5384804945868,144.84763145446777,7,1.495790754045759,670.1142578125,10.97320558059207,0,0,147,0.0,0.0,0.5,0.1,0.2,0.15,0.05,96,468.66731925344385,124.07660484313965,7,1.51446533203125,678.48046875,7.849677977871612,0,0,148,0.0,0.0,0.5,0.1,0.2,0.15,0.05
149,AlwaysCompact_C128,3,COMPACT_128KB,0.166625,-0.055,0.196751,0,96,468.66731925344385,124.07660484313965,7,1.51446533203125,678.48046875,7.849677977871612,0,0,148,0.0,0.0,0.5,0.1,0.2,0.15,0.05,80,404.45738751422346,127.43496894836426,7,1.5293840680803572,685.1640625,5.386820067533004,0,0,149,0.0,0.0,0.45,0.1,0.25,0.15,0.05
150,AlwaysCompact_C128,3,COMPACT_128KB,0.166625,-0.055,0.196922,0,80,404.45738751422346,127.43496894836426,7,1.5293840680803572,685.1640625,5.386820067533004,0,0,149,0.0,0.0,0.45,0.1,0.25,0.15,0.05,79,419.5291752235336,118.92485618591309,7,1.5445447649274553,691.9560546875,2.9941026003093283,0,0,150,0.0,0.0,0.5,0.1,0.25,0.1,0.05
151,AlwaysCompact_C128,3,COMPACT_128KB,0.166625,-0.055,0.196773,0,79,419.5291752235336,118.92485618591309,7,1.5445447649274553,691.9560546875,2.9941026003093283,0,0,150,0.0,0.0,0.5,0.1,0.25,0.1,0.05,79,386.89588432006275,126.37162208557129,7,1.559722900390625,698.755859375,1.446196634488926,0,0,151,0.0,0.0,0.55,0.1,0.25,0.05,0.05
152,AlwaysCompact_C128,3,COMPACT_128KB,0.1665,-0.055,0.197412,0,79,386.89588432006275,126.37162208557129,7,1.559722900390625,698.755859375,1.446196634488926,0,0,151,0.0,0.0,0.55,0.1,0.25,0.05,0.05,70,376.74662231957365,89.37883377075195,8,1.3823127746582031,707.744140625,32.142561983388205,0,0,152,0.0,0.0,0.5,0.15,0.25,0.05,0.05
153,AlwaysCompact_C128,3,COMPACT_128KB,0.1665,-0.055,0.196788,0,70,376.74662231957365,89.37883377075195,8,1.3823127746582031,707.744140625,32.142561983388205,0,0,152,0.0,0.0,0.5,0.15,0.25,0.05,0.05,63,331.0338523984315,120.60284614562988,8,1.393178939819336,713.3076171875,30.177394503194567,0,0,153,0.0,0.0,0.5,0.15,0.25,0.05,0.05
154,AlwaysCompact_C128,3,COMPACT_128KB,0.1665,-0.055,0.196684,0,63,331.0338523984315,120.60284614562988,8,1.393178939819336,713.3076171875,30.177394503194567,0,0,153,0.0,0.0,0.5,0.15,0.25,0.05,0.05,93,484.6195452851286,125.81205368041992,8,1.4087028503417969,721.255859375,27.370317797736963,0,0,154,0.0,0.0,0.55,0.15,0.2,0.05,0.05
155,AlwaysCompact_C128,3,COMPACT_128KB,0.1665,-0.055,0.197708,0,93,484.6195452851286,125.81205368041992,8,1.4087028503417969,721.255859375,27.370317797736963,0,0,154,0.0,0.0,0.55,0.15,0.2,0.05,0.05,54,168.1476898406441,74.58996772766113,8,1.4177227020263672,725.8740234375,25.739628963478165,0,0,155,0.0,0.0,0.55,0.15,0.2,0.0,0.1
156,AlwaysCompact_C128,3,COMPACT_128KB,0.1665,-0.055,0.196576,0,54,168.1476898406441,74.58996772766113,8,1.4177227020263672,725.8740234375,25.739628963478165,0,0,155,0.0,0.0,0.55,0.15,0.2,0.0,0.1,55,279.14386114364817,131.18243217468262,8,1.4264984130859375,730.3671875,24.15334760452157,0,0,156,0.0,0.0,0.6,0.1,0.2,0.0,0.1
157,AlwaysCompact_C128,3,COMPACT_128KB,0.1665,-0.055,0.197721,0,55,279.14386114364817,131.18243217468262,8,1.4264984130859375,730.3671875,24.15334760452157,0,0,156,0.0,0.0,0.6,0.1,0.2,0.0,0.1,75,382.88947096799325,73.9278793334961,8,1.4396381378173828,737.0947265625,21.778859855471815,0,0,157,0.0,0.0,0.6,0.1,0.15,0.0,0.15
158,AlwaysCompact_C128,3,COMPACT_128KB,-0.126,-0.055,0.196753,0,75,382.88947096799325,73.9278793334961,8,1.4396381378173828,737.0947265625,21.778859855471815,0,0,157,0.0,0.0,0.6,0.1,0.15,0.0,0.15,50,255.7044042104647,122.3599910736084,8,1.4474067687988281,741.072265625,20.37543089074177,0,0,158,0.0,0.0,0.6,0.1,0.15,0.0,0.15
159,AlwaysCompact_C128,3,COMPACT_128KB,0.1665,-0.055,0.196641,0,50,255.7044042104647,122.3599910736084,8,1.4474067687988281,741.072265625,20.37543089074177,0,0,158,0.0,0.0,0.6,0.1,0.15,0.0,0.15,95,470.70393152175325,127.96378135681152,8,1.463308334350586,749.2138671875,17.50418363845071,0,0,159,0.0,0.0,0.55,0.1,0.2,0.0,0.15
160,AlwaysCompact_C128,3,COMPACT_128KB,0.1665,-0.055,0.197252,0,95,470.70393152175325,127.96378135681152,8,1.463308334350586,749.2138671875,17.50418363845071,0,0,159,0.0,0.0,0.55,0.1,0.2,0.0,0.15,56,297.45066339769545,97.39875793457031,8,1.4727096557617188,754.02734375,15.807884580942625,0,0,160,0.0,0.0,0.55,0.1,0.2,0.05,0.1
161,AlwaysCompact_C128,3,COMPACT_128KB,0.1665,-0.055,0.196553,0,56,297.45066339769545,97.39875793457031,8,1.4727096557617188,754.02734375,15.807884580942625,0,0,160,0.0,0.0,0.55,0.1,0.2,0.05,0.1,72,378.0364579551799,132.34210014343262,8,1.4848041534423828,760.2197265625,13.627675609306415,0,0,161,0.0,0.0,0.55,0.1,0.2,0.05,0.1
162,AlwaysCompact_C128,3,COMPACT_128KB,0.1665,-0.055,0.196485,0,72,378.0364579551799,132.34210014343262,8,1.4848041534423828,760.2197265625,13.627675609306415,0,0,161,0.0,0.0,0.55,0.1,0.2,0.05,0.1,51,255.46954505988757,135.7288360595703,8,1.493316650390625,764.578125,12.095151969952036,0,0,162,0.0,0.0,0.5,0.1,0.25,0.05,0.1
163,AlwaysCompact_C128,3,COMPACT_128KB,0.1665,-0.055,0.19656,0,51,255.46954505988757,135.7288360595703,8,1.493316650390625,764.578125,12.095151969952036,0,0,162,0.0,0.0,0.5,0.1,0.25,0.05,0.1,79,390.34155443930297,132.00020790100098,8,1.5065498352050781,771.353515625,9.718030697054928,0,0,163,0.0,0.0,0.5,0.05,0.3,0.05,0.1
164,AlwaysCompact_C128,3,COMPACT_128KB,0.1665,-0.055,0.196694,0,79,390.34155443930297,132.00020790100098,8,1.5065498352050781,771.353515625,9.718030697054928,0,0,163,0.0,0.0,0.5,0.05,0.3,0.05,0.1,66,329.1120738440468,125.31065940856934,8,1.5176048278808594,777.013671875,7.740859512920703,0,0,164,0.0,0.0,0.55,0.05,0.25,0.05,0.1
165,AlwaysCompact_C128,3,COMPACT_128KB,0.1665,-0.055,0.196565,0,66,329.1120738440468,125.31065940856934,8,1.5176048278808594,777.013671875,7.740859512920703,0,0,164,0.0,0.0,0.55,0.05,0.25,0.05,0.1,57,283.62013993845363,131.77084922790527,8,1.5271778106689453,781.9150390625,6.0415234251220475,0,0,165,0.0,0.0,0.55,0.05,0.25,0.05,0.1
166,AlwaysCompact_C128,3,COMPACT_128KB,0.1665,-0.055,0.196759,0,57,283.62013993845363,131.77084922790527,8,1.5271778106689453,781.9150390625,6.0415234251220475,0,0,165,0.0,0.0,0.55,0.05,0.25,0.05,0.1,100,478.2155211532892,122.05910682678223,8,1.5448970794677734,790.9873046875,2.999211613627401,0,0,166,0.0,0.0,0.55,0.05,0.25,0.05,0.1
167,AlwaysCompact_C128,3,COMPACT_128KB,0.1665,-0.055,0.196734,0,100,478.2155211532892,122.05910682678223,8,1.5448970794677734,790.9873046875,2.999211613627401,0,0,166,0.0,0.0,0.55,0.05,0.25,0.05,0.1,96,495.2226842542201,123.28028678894043,8,1.5600967407226562,798.76953125,1.3406269877568617,0,0,167,0.0,0.0,0.55,0.05,0.25,0.05,0.1
168,AlwaysCompact_C128,3,COMPACT_128KB,0.166375,-0.055,0.197478,0,96,495.2226842542201,123.28028678894043,8,1.5600967407226562,798.76953125,1.3406269877568617,0,0,167,0.0,0.0,0.55,0.05,0.25,0.05,0.1,63,328.73624455560963,81.1014175415039,9,1.4012366400824652,807.1123046875,30.526908140626322,0,0,168,0.0,0.0,0.5,0.05,0.25,0.05,0.15
169,AlwaysCompact_C128,3,COMPACT_128KB,0.166375,-0.055,0.195928,0,63,328.73624455560963,81.1014175415039,9,1.4012366400824652,807.1123046875,30.526908140626322,0,0,168,0.0,0.0,0.5,0.05,0.25,0.05,0.15,81,259.4087984331871,158.59031677246094,9,1.4132775200737848,814.0478515625,28.217170515291837,0,0,169,0.0,0.0,0.5,0.05,0.25,0.05,0.15
170,AlwaysCompact_C128,3,COMPACT_128KB,0.166375,-0.055,0.196944,0,81,259.4087984331871,158.59031677246094,9,1.4132775200737848,814.0478515625,28.217170515291837,0,0,169,0.0,0.0,0.5,0.05,0.25,0.05,0.15,81,400.6819475386867,107.79476165771484,9,1.4253624810112848,821.0087890625,25.899355906828394,0,0,170,0.0,0.0,0.45,0.1,0.25,0.05,0.15
171,AlwaysCompact_C128,3,COMPACT_128KB,0.166375,-0.055,0.196344,0,81,400.6819475386867,107.79476165771484,9,1.4253624810112848,821.0087890625,25.899355906828394,0,0,170,0.0,0.0,0.45,0.1,0.25,0.05,0.15,78,372.9630315328667,137.81356811523438,9,1.4369608561197917,827.689453125,23.67532540030255,0,0,171,0.0,0.0,0.45,0.1,0.25,0.05,0.15
172,AlwaysCompact_C128,3,COMPACT_128KB,0.166375,-0.055,0.195999,0,78,372.9630315328667,137.81356811523438,9,1.4369608561197917,827.689453125,23.67532540030255,0,0,171,0.0,0.0,0.45,0.1,0.25,0.05,0.15,60,270.3447386824711,155.06625175476074,9,1.445829603407118,832.7978515625,21.975101418008595,0,0,172,0.0,0.0,0.45,0.05,0.3,0.05,0.15
173,AlwaysCompact_C128,3,COMPACT_128KB,0.166375,-0.055,0.196427,0,60,270.3447386824711,155.06625175476074,9,1.445829603407118,832.7978515625,21.975101418008595,0,0,172,0.0,0.0,0.45,0.05,0.3,0.05,0.15,95,479.89285903544226,133.63957405090332,9,1.4599202473958333,840.9140625,19.274724873262702,0,0,173,0.0,0.0,0.45,0.05,0.3,0.05,0.15
174,AlwaysCompact_C128,3,COMPACT_128KB,0.166375,-0.055,0.197504,0,95,479.89285903544226,133.63957405090332,9,1.4599202473958333,840.9140625,19.274724873262702,0,0,173,0.0,0.0,0.45,0.05,0.3,0.05,0.15,84,408.64082284537204,79.78510856628418,9,1.4725833468967013,848.2080078125,16.849303650105718,0,0,174,0.0,0.0,0.4,0.05,0.3,0.05,0.2
175,AlwaysCompact_C128,3,COMPACT_128KB,0.166375,-0.055,0.195932,0,84,408.64082284537204,79.78510856628418,9,1.4725833468967013,848.2080078125,16.849303650105718,0,0,174,0.0,0.0,0.4,0.05,0.3,0.05,0.2,64,303.4355307272674,158.4188938140869,9,1.4820946587456598,853.6865234375,15.028811323256939,0,0,175,0.0,0.0,0.4,0.05,0.35,0.05,0.15
176,AlwaysCompact_C128,3,COMPACT_128KB,0.166375,-0.055,0.196445,0,64,303.4355307272674,158.4188938140869,9,1.4820946587456598,853.6865234375,15.028811323256939,0,0,175,0.0,0.0,0.4,0.05,0.35,0.05,0.15,78,394.25708511538284,132.7362060546875,9,1.4937693277994792,860.4111328125,12.796459018900261,0,0,176,0.0,0.0,0.4,0.05,0.35,0.05,0.15
177,AlwaysCompact_C128,3,COMPACT_128KB,0.166375,-0.055,0.196378,0,78,394.25708511538284,132.7362060546875,9,1.4937693277994792,860.4111328125,12.796459018900261,0,0,176,0.0,0.0,0.4,0.05,0.35,0.05,0.15,58,249.09598713918555,136.10601425170898,9,1.5024176703559027,865.392578125,11.145157983111895,0,0,177,0.0,0.0,0.45,0.05,0.35,0.05,0.1
178,AlwaysCompact_C128,3,COMPACT_128KB,0.166375,-0.055,0.197145,0,58,249.09598713918555,136.10601425170898,9,1.5024176703559027,865.392578125,11.145157983111895,0,0,177,0.0,0.0,0.45,0.05,0.35,0.05,0.1,84,448.58466502081086,97.74088859558105,9,1.5149298773871527,872.599609375,8.762240555266489,0,0,178,0.0,0.0,0.4,0.05,0.35,0.1,0.1
179,AlwaysCompact_C128,3,COMPACT_128KB,0.166375,-0.055,0.196343,0,84,448.58466502081086,97.74088859558105,9,1.5149298773871527,872.599609375,8.762240555266489,0,0,178,0.0,0.0,0.4,0.05,0.35,0.1,0.1,98,416.0775789378852,137.82620429992676,9,1.529325697157118,880.8916015625,6.039665684440675,0,0,179,0.0,0.0,0.45,0.05,0.3,0.1,0.1
180,AlwaysCompact_C128,3,COMPACT_128KB,-0.126125,-0.055,0.197546,0,98,416.0775789378852,137.82620429992676,9,1.529325697157118,880.8916015625,6.039665684440675,0,0,179,0.0,0.0,0.45,0.05,0.3,0.1,0.1,50,253.21653455364313,77.71635055541992,9,1.5367668999565973,885.177734375,4.651560248626151,0,0,180,0.0,0.0,0.45,0.05,0.3,0.05,0.15
181,AlwaysCompact_C128,3,COMPACT_128KB,0.166375,-0.055,0.196441,0,50,253.21653455364313,77.71635055541992,9,1.5367668999565973,885.177734375,4.651560248626151,0,0,180,0.0,0.0,0.45,0.05,0.3,0.05,0.15,75,379.5763966566395,132.96175003051758,9,1.5479871961805556,891.640625,2.641665572798991,0,0,181,0.0,0.0,0.45,0.05,0.3,0.05,0.15
182,AlwaysCompact_C128,3,COMPACT_128KB,0.166375,-0.055,0.194368,0,75,379.5763966566395,132.96175003051758,9,1.5479871961805556,891.640625,2.641665572798991,0,0,181,0.0,0.0,0.45,0.05,0.3,0.05,0.15,97,468.9668349586186,236.59586906433105,9,1.5624508327907987,899.9716796875,1.333008508057156,0,0,182,0.0,0.0,0.45,0.05,0.3,0.05,0.15
183,AlwaysCompact_C128,3,COMPACT_128KB,0.16625,-0.055,0.196172,0,97,468.9668349586186,236.59586906433105,9,1.5624508327907987,899.9716796875,1.333008508057156,0,0,182,0.0,0.0,0.45,0.05,0.3,0.05,0.15,85,366.92400636453647,141.39056205749512,10,1.4220703125,910.125,28.43880305135576,0,0,183,0.0,0.0,0.5,0.05,0.25,0.05,0.15
184,AlwaysCompact_C128,3,COMPACT_128KB,0.16625,-0.055,0.195843,0,85,366.92400636453647,141.39056205749512,10,1.4220703125,910.125,28.43880305135576,0,0,183,0.0,0.0,0.5,0.05,0.25,0.05,0.15,99,493.55838209651364,157.8352451324463,10,1.4354690551757812,918.7001953125,25.73001647637183,0,0,184,0.0,0.0,0.45,0.05,0.3,0.05,0.15
185,AlwaysCompact_C128,3,COMPACT_128KB,0.16625,-0.055,0.196259,0,99,493.55838209651364,157.8352451324463,10,1.4354690551757812,918.7001953125,25.73001647637183,0,0,184,0.0,0.0,0.45,0.05,0.3,0.05,0.15,55,271.6774071980403,137.0561122894287,10,1.4427902221679687,923.3857421875,24.25019302400584,0,0,185,0.0,0.0,0.5,0.05,0.25,0.05,0.15
186,AlwaysCompact_C128,3,COMPACT_128KB,0.16625,-0.055,0.196198,0,55,271.6774071980403,137.0561122894287,10,1.4427902221679687,923.3857421875,24.25019302400584,0,0,185,0.0,0.0,0.5,0.05,0.25,0.05,0.15,100,440.99691303506694,140.1047706604004,10,1.4561538696289062,931.9384765625,21.54967133742715,0,0,186,0.0,0.0,0.5,0.05,0.25,0.05,0.15
187,AlwaysCompact_C128,3,COMPACT_128KB,0.16625,-0.055,0.196166,0,100,440.99691303506694,140.1047706604004,10,1.4561538696289062,931.9384765625,21.54967133742715,0,0,186,0.0,0.0,0.5,0.05,0.25,0.05,0.15,80,388.66422572211917,141.7226791381836,10,1.4668899536132813,938.8095703125,19.38095324235559,0,0,187,0.0,0.0,0.5,0.05,0.25,0.05,0.15
188,AlwaysCompact_C128,3,COMPACT_128KB,0.16625,-0.055,0.196025,0,80,388.66422572211917,141.7226791381836,10,1.4668899536132813,938.8095703125,19.38095324235559,0,0,187,0.0,0.0,0.5,0.05,0.25,0.05,0.15,99,470.1990766690786,148.74815940856934,10,1.480120849609375,947.27734375,16.709746238729213,0,0,188,0.0,0.0,0.55,0.05,0.25,0.05,0.1
189,AlwaysCompact_C128,3,COMPACT_128KB,0.16625,-0.055,0.196772,0,99,470.1990766690786,148.74815940856934,10,1.480120849609375,947.27734375,16.709746238729213,0,0,188,0.0,0.0,0.55,0.05,0.25,0.05,0.1,57,287.8743481218806,111.41729354858398,10,1.4878631591796876,952.232421875,15.147709643784191,0,0,189,0.0,0.0,0.55,0.05,0.2,0.1,0.1
190,AlwaysCompact_C128,3,COMPACT_128KB,0.16625,-0.055,0.196937,0,57,287.8743481218806,111.41729354858398,10,1.4878631591796876,952.232421875,15.147709643784191,0,0,189,0.0,0.0,0.55,0.05,0.2,0.1,0.1,71,326.0194103756285,103.16920280456543,10,1.4973587036132812,958.3095703125,13.233532943068923,0,0,190,0.0,0.0,0.55,0.05,0.2,0.1,0.1
191,AlwaysCompact_C128,3,COMPACT_128KB,0.16625,-0.055,0.1963,0,71,326.0194103756285,103.16920280456543,10,1.4973587036132812,958.3095703125,13.233532943068923,0,0,190,0.0,0.0,0.55,0.05,0.2,0.1,0.1,90,438.0280997182602,134.97614860534668,10,1.5094161987304688,966.0263671875,10.806782081692894,0,0,191,0.0,0.0,0.55,0.05,0.2,0.1,0.1
192,AlwaysCompact_C128,3,COMPACT_128KB,0.16625,-0.055,0.196199,0,90,438.0280997182602,134.97614860534668,10,1.5094161987304688,966.0263671875,10.806782081692894,0,0,191,0.0,0.0,0.55,0.05,0.2,0.1,0.1,100,454.4404957961342,140.05255699157715,10,1.522802734375,974.59375,8.122034117779942,0,0,192,0.0,0.0,0.6,0.05,0.15,0.1,0.1
193,AlwaysCompact_C128,3,COMPACT_128KB,0.16625,-0.055,0.196145,0,100,454.4404957961342,140.05255699157715,10,1.522802734375,974.59375,8.122034117779942,0,0,192,0.0,0.0,0.6,0.05,0.15,0.1,0.1,99,448.62307377328136,142.77243614196777,10,1.5361007690429687,983.1044921875,5.478965619246028,0,0,193,0.0,0.0,0.6,0.05,0.15,0.1,0.1
194,AlwaysCompact_C128,3,COMPACT_128KB,0.16625,-0.055,0.195255,0,99,448.62307377328136,142.77243614196777,10,1.5361007690429687,983.1044921875,5.478965619246028,0,0,193,0.0,0.0,0.6,0.05,0.15,0.1,0.1,96,447.4237463289097,187.24966049194336,10,1.5488845825195312,991.2861328125,3.0195834693927956,0,0,194,0.0,0.0,0.6,0.05,0.15,0.15,0.05
195,AlwaysCompact_C128,3,COMPACT_128KB,0.16625,-0.055,0.196184,0,96,447.4237463289097,187.24966049194336,10,1.5488845825195312,991.2861328125,3.0195834693927956,0,0,194,0.0,0.0,0.6,0.05,0.15,0.15,0.05,72,296.5473544046122,140.78569412231445,10,1.5585479736328125,997.470703125,1.4843828524554714,0,0,195,0.0,0.0,0.65,0.05,0.1,0.15,0.05
196,AlwaysCompact_C128,3,COMPACT_128KB,0.166125,-0.055,0.196683,0,72,296.5473544046122,140.78569412231445,10,1.5585479736328125,997.470703125,1.4843828524554714,0,0,195,0.0,0.0,0.65,0.05,0.1,0.15,0.05,63,309.5702915037243,110.83459854125977,11,1.4286332563920454,1005.7578125,27.612148248667648,0,0,196,0.0,0.0,0.6,0.05,0.1,0.2,0.05
197,AlwaysCompact_C128,3,COMPACT_128KB,0.166125,-0.055,0.196531,0,63,309.5702915037243,110.83459854125977,11,1.4286332563920454,1005.7578125,27.612148248667648,0,0,196,0.0,0.0,0.6,0.05,0.1,0.2,0.05,76,339.90222430743637,118.44491958618164,11,1.437925858931108,1012.2998046875,25.642427558296546,0,0,197,0.0,0.0,0.55,0.1,0.1,0.2,0.05
198,AlwaysCompact_C128,3,COMPACT_128KB,0.166125,-0.055,0.196103,0,76,339.90222430743637,118.44491958618164,11,1.437925858931108,1012.2998046875,25.642427558296546,0,0,197,0.0,0.0,0.55,0.1,0.1,0.2,0.05,73,350.02559822943294,139.8303508758545,11,1.4468480890447444,1018.5810546875,23.751645150767928,0,0,198,0.0,0.0,0.6,0.1,0.1,0.15,0.05
199,AlwaysCompact_C128,3,COMPACT_128KB,0.166125,-0.055,0.197136,0,73,350.02559822943294,139.8303508758545,11,1.4468480890447444,1018.5810546875,23.751645150767928,0,0,198,0.0,0.0,0.6,0.1,0.1,0.15,0.05,93,441.95489246568667,88.18221092224121,11,1.458131269975142,1026.5244140625,21.361317300638795,0,0,199,0.0,0.0,0.55,0.1,0.1,0.15,0.1
200,AlwaysCompact_C128,3,COMPACT_128KB,0.166125,-0.055,0.195737,0,93,441.95489246568667,88.18221092224121,11,1.458131269975142,1026.5244140625,21.361317300638795,0,0,199,0.0,0.0,0.55,0.1,0.1,0.15,0.1,92,453.09219515059004,158.16974639892578,11,1.4692785089666194,1034.3720703125,19.00094731264496,0,0,200,0.0,0.0,0.6,0.1,0.1,0.15,0.05
201,AlwaysCompact_C128,3,COMPACT_128KB,0.166125,-0.055,0.197201,0,92,453.09219515059004,158.16974639892578,11,1.4692785089666194,1034.3720703125,19.00094731264496,0,0,200,0.0,0.0,0.6,0.1,0.1,0.15,0.05,86,380.0625489289112,84.93280410766602,11,1.4799000133167615,1041.849609375,16.7534180418458,0,0,201,0.0,0.0,0.55,0.1,0.1,0.15,0.1
202,AlwaysCompact_C128,3,COMPACT_128KB,0.166125,-0.055,0.196744,0,86,380.0625489289112,84.93280410766602,11,1.4799000133167615,1041.849609375,16.7534180418458,0,0,201,0.0,0.0,0.55,0.1,0.1,0.15,0.1,70,327.6240552673483,107.81717300415039,11,1.4884366122159092,1047.859375,14.948593979478698,0,0,202,0.0,0.0,0.55,0.15,0.05,0.15,0.1
203,AlwaysCompact_C128,3,COMPACT_128KB,0.166125,-0.055,0.196659,0,70,327.6240552673483,107.81717300415039,11,1.4884366122159092,1047.859375,14.948593979478698,0,0,202,0.0,0.0,0.55,0.15,0.05,0.15,0.1,69,337.55044589642324,112.04409599304199,11,1.496883045543324,1053.8056640625,13.164776784588124,0,0,203,0.0,0.0,0.5,0.2,0.05,0.15,0.1
204,AlwaysCompact_C128,3,COMPACT_128KB,0.166125,-0.055,0.19566,0,69,337.55044589642324,112.04409599304199,11,1.496883045543324,1053.8056640625,13.164776784588124,0,0,203,0.0,0.0,0.5,0.2,0.05,0.15,0.1,73,362.6228054384386,161.9882583618164,11,1.5056554620916194,1059.9814453125,11.315145592258347,0,0,204,0.0,0.0,0.5,0.2,0.05,0.15,0.1
205,AlwaysCompact_C128,3,COMPACT_128KB,0.166125,-0.055,0.196798,0,73,362.6228054384386,161.9882583618164,11,1.5056554620916194,1059.9814453125,11.315145592258347,0,0,204,0.0,0.0,0.5,0.2,0.05,0.15,0.1,65,308.2659164765185,105.07917404174805,11,1.5135664506392046,1065.55078125,9.651245701436954,0,0,205,0.0,0.0,0.45,0.25,0.05,0.15,0.1
206,AlwaysCompact_C128,3,COMPACT_128KB,0.166125,-0.055,0.19615,0,65,308.2659164765185,105.07917404174805,11,1.5135664506392046,1065.55078125,9.651245701436954,0,0,205,0.0,0.0,0.45,0.25,0.05,0.15,0.1,58,287.8453652649265,137.50886917114258,11,1.520661787553267,1070.5458984375,8.164237431945592,0,0,206,0.0,0.0,0.45,0.25,0.05,0.15,0.1
207,AlwaysCompact_C128,3,COMPACT_128KB,0.166125,-0.055,0.197033,0,58,287.8453652649265,137.50886917114258,11,1.520661787553267,1070.5458984375,8.164237431945592,0,0,206,0.0,0.0,0.45,0.25,0.05,0.15,0.1,100,445.2991643548673,93.36423873901367,11,1.5327661687677556,1079.0673828125,5.650826690296658,0,0,207,0.0,0.0,0.4,0.25,0.05,0.15,0.15
208,AlwaysCompact_C128,3,COMPACT_128KB,0.166125,-0.055,0.196724,0,100,445.2991643548673,93.36423873901367,11,1.5327661687677556,1079.0673828125,5.650826690296658,0,0,207,0.0,0.0,0.4,0.25,0.05,0.15,0.15,84,393.3134504307987,108.78372192382812,11,1.5432309237393467,1086.4345703125,3.543124647133603,0,0,208,0.0,0.0,0.35,0.3,0.05,0.15,0.15
209,AlwaysCompact_C128,3,COMPACT_128KB,0.166125,-0.055,0.196622,0,84,393.3134504307987,108.78372192382812,11,1.5432309237393467,1086.4345703125,3.543124647133603,0,0,208,0.0,0.0,0.35,0.3,0.05,0.15,0.15,97,446.8798815489149,113.90566825866699,11,1.5550259676846592,1094.73828125,1.5943498757471823,0,0,209,0.0,0.0,0.35,0.35,0.05,0.1,0.15
210,AlwaysCompact_C128,3,COMPACT_128KB,0.166,-0.055,0.195317,0,97,446.8798815489149,113.90566825866699,11,1.5550259676846592,1094.73828125,1.5943498757471823,0,0,209,0.0,0.0,0.35,0.35,0.05,0.1,0.15,88,417.6402420533803,174.15308952331543,12,1.4391059875488281,1105.2333984375,25.744669431099297,0,0,210,0.0,0.0,0.35,0.3,0.1,0.1,0.15
211,AlwaysCompact_C128,3,COMPACT_128KB,0.166,-0.055,0.195396,0,88,417.6402420533803,174.15308952331543,12,1.4391059875488281,1105.2333984375,25.744669431099297,0,0,210,0.0,0.0,0.35,0.3,0.1,0.1,0.15,73,341.0481836185944,170.20797729492188,12,1.4474220275878906,1111.6201171875,23.90444732097991,0,0,211,0.0,0.0,0.3,0.3,0.15,0.1,0.15
212,AlwaysCompact_C128,3,COMPACT_128KB,0.166,-0.055,0.195354,0,73,341.0481836185944,170.20797729492188,12,1.4474220275878906,1111.6201171875,23.90444732097991,0,0,211,0.0,0.0,0.3,0.3,0.15,0.1,0.15,59,266.0333283523203,172.28436470031738,12,1.453875223795573,1116.576171875,22.476837530994885,0,0,212,0.0,0.0,0.25,0.35,0.15,0.1,0.15
213,AlwaysCompact_C128,3,COMPACT_128KB,0.166,-0.055,0.196663,0,59,266.0333283523203,172.28436470031738,12,1.453875223795573,1116.576171875,22.476837530994885,0,0,212,0.0,0.0,0.25,0.35,0.15,0.1,0.15,78,318.28820267351585,106.85038566589355,12,1.4624989827473958,1123.19921875,20.569712639909955,0,0,213,0.0,0.0,0.2,0.4,0.15,0.1,0.15
214,AlwaysCompact_C128,3,COMPACT_128KB,0.166,-0.055,0.19663,0,78,318.28820267351585,106.85038566589355,12,1.4624989827473958,1123.19921875,20.569712639909955,0,0,213,0.0,0.0,0.2,0.4,0.15,0.1,0.15,52,259.8828319465611,108.50906372070312,12,1.4682807922363281,1127.6396484375,19.291608823757812,0,0,214,0.0,0.0,0.2,0.45,0.15,0.05,0.15
215,AlwaysCompact_C128,3,COMPACT_128KB,0.166,-0.055,0.196462,0,52,259.8828319465611,108.50906372070312,12,1.4682807922363281,1127.6396484375,19.291608823757812,0,0,214,0.0,0.0,0.2,0.45,0.15,0.05,0.15,76,373.91947936779036,116.88351631164551,12,1.4767506917317708,1134.14453125,17.42027825078923,0,0,215,0.0,0.0,0.15,0.5,0.15,0.05,0.15
216,AlwaysCompact_C128,3,COMPACT_128KB,0.166,-0.055,0.196605,0,76,373.91947936779036,116.88351631164551,12,1.4767506917317708,1134.14453125,17.42027825078923,0,0,215,0.0,0.0,0.15,0.5,0.15,0.05,0.15,64,295.7383127735686,109.7724437713623,12,1.4839134216308594,1139.6455078125,15.838947068845538,0,0,216,0.0,0.0,0.15,0.5,0.15,0.05,0.15
217,AlwaysCompact_C128,3,COMPACT_128KB,0.166,-0.055,0.196607,0,64,295.7383127735686,109.7724437713623,12,1.4839134216308594,1139.6455078125,15.838947068845538,0,0,216,0.0,0.0,0.15,0.5,0.15,0.05,0.15,68,319.7343945831418,109.64703559875488,12,1.4924227396647136,1146.1806640625,13.96229285408907,0,0,217,0.0,0.0,0.15,0.5,0.15,0.05,0.15
218,AlwaysCompact_C128,3,COMPACT_128KB,0.166,-0.055,0.195431,0,68,319.7343945831418,109.64703559875488,12,1.4924227396647136,1146.1806640625,13.96229285408907,0,0,217,0.0,0.0,0.15,0.5,0.15,0.05,0.15,51,250.32738183703347,168.43581199645996,12,1.4980926513671875,1150.53515625,12.713468489885551,0,0,218,0.0,0.0,0.1,0.5,0.2,0.05,0.15
219,AlwaysCompact_C128,3,COMPACT_128KB,0.166,-0.055,0.195761,0,51,250.32738183703347,168.43581199645996,12,1.4980926513671875,1150.53515625,12.713468489885551,0,0,218,0.0,0.0,0.1,0.5,0.2,0.05,0.15,94,454.99136327337015,151.95417404174805,12,1.5079180399576824,1158.0810546875,10.55399747714566,0,0,219,0.0,0.0,0.1,0.55,0.2,0.05,0.1
220,AlwaysCompact_C128,3,COMPACT_128KB,0.166,-0.055,0.196345,0,94,454.99136327337015,151.95417404174805,12,1.5079180399576824,1158.0810546875,10.55399747714566,0,0,219,0.0,0.0,0.1,0.55,0.2,0.05,0.1,92,419.77397587373144,122.75433540344238,12,1.5181350708007812,1165.927734375,8.318876307130274,0,0,220,0.0,0.0,0.05,0.6,0.2,0.05,0.1
221,AlwaysCompact_C128,3,COMPACT_128KB,0.166,-0.055,0.196584,0,92,419.77397587373144,122.75433540344238,12,1.5181350708007812,1165.927734375,8.318876307130274,0,0,220,0.0,0.0,0.05,0.6,0.2,0.05,0.1,98,458.3100581582046,110.80241203308105,12,1.5291061401367188,1174.353515625,5.94415846554207,0,0,221,0.0,0.0,0.05,0.65,0.2,0.05,0.05
222,AlwaysCompact_C128,3,COMPACT_128KB,0.166,-0.055,0.196614,0,98,458.3100581582046,110.80241203308105,12,1.5291061401367188,1174.353515625,5.94415846554207,0,0,221,0.0,0.0,0.05,0.65,0.2,0.05,0.05,99,469.38426478567555,109.29679870605469,12,1.5402971903483074,1182.9482421875,3.6019087494423707,0,0,222,0.0,0.0,0.05,0.6,0.2,0.1,0.05
223,AlwaysCompact_C128,3,COMPACT_128KB,0.166,-0.055,0.19655,0,99,469.38426478567555,109.29679870605469,12,1.5402971903483074,1182.9482421875,3.6019087494423707,0,0,222,0.0,0.0,0.05,0.6,0.2,0.1,0.05,61,303.330789102726,112.51425743103027,12,1.547101338704427,1188.173828125,2.3232731359672307,0,0,223,0.0,0.0,0.05,0.6,0.2,0.1,0.05
224,AlwaysCompact_C128,3,COMPACT_128KB,0.166,-0.055,0.1966,0,61,303.330789102726,112.51425743103027,12,1.547101338704427,1188.173828125,2.3232731359672307,0,0,223,0.0,0.0,0.05,0.6,0.2,0.1,0.05,62,286.08077025472005,110.0015640258789,12,1.5540262858072917,1193.4921875,1.536224513588949,0,0,224,0.0,0.0,0.05,0.65,0.15,0.1,0.05
225,AlwaysCompact_C128,3,COMPACT_128KB,0.165875,-0.055,0.194036,0,62,286.08077025472005,110.0015640258789,12,1.5540262858072917,1193.4921875,1.536224513588949,0,0,224,0.0,0.0,0.05,0.65,0.15,0.1,0.05,53,243.06298260384662,233.22248458862305,13,1.4434427114633412,1200.9443359375,25.56009724217741,0,0,225,0.0,0.0,0.05,0.65,0.15,0.1,0.05
226,AlwaysCompact_C128,3,COMPACT_128KB,0.165875,-0.055,0.195614,0,53,243.06298260384662,233.22248458862305,13,1.4434427114633412,1200.9443359375,25.56009724217741,0,0,225,0.0,0.0,0.05,0.65,0.15,0.1,0.05,90,373.7339499407451,154.30045127868652,13,1.4527869591346154,1208.71875,23.407764499039203,0,0,226,0.0,0.0,0.05,0.65,0.15,0.1,0.05
227,AlwaysCompact_C128,3,COMPACT_128KB,0.165875,-0.055,0.196141,0,90,373.7339499407451,154.30045127868652,13,1.4527869591346154,1208.71875,23.407764499039203,0,0,226,0.0,0.0,0.05,0.65,0.15,0.1,0.05,55,256.3501943017417,127.94947624206543,13,1.4584773137019231,1213.453125,22.09743388524406,0,0,227,0.0,0.0,0.05,0.7,0.15,0.1,0.0
228,AlwaysCompact_C128,3,COMPACT_128KB,0.165875,-0.055,0.196235,0,55,256.3501943017417,127.94947624206543,13,1.4584773137019231,1213.453125,22.09743388524406,0,0,227,0.0,0.0,0.05,0.7,0.15,0.1,0.0,94,453.2521736331374,123.26598167419434,13,1.4683814415564904,1221.693359375,19.817656153337037,0,0,228,0.0,0.0,0.05,0.7,0.15,0.1,0.0
229,AlwaysCompact_C128,3,COMPACT_128KB,0.165875,-0.055,0.195087,0,94,453.2521736331374,123.26598167419434,13,1.4683814415564904,1221.693359375,19.817656153337037,0,0,228,0.0,0.0,0.05,0.7,0.15,0.1,0.0,74,341.441475692611,180.65118789672852,13,1.4757103553185096,1227.791015625,18.13156923903099,0,0,229,0.0,0.0,0.05,0.65,0.2,0.1,0.0
230,AlwaysCompact_C128,3,COMPACT_128KB,0.165875,-0.055,0.196311,0,74,341.441475692611,180.65118789672852,13,1.4757103553185096,1227.791015625,18.13156923903099,0,0,229,0.0,0.0,0.05,0.65,0.2,0.1,0.0,69,320.9705809937648,119.45962905883789,13,1.4828256460336537,1233.7109375,16.495627072397113,0,0,230,0.0,0.0,0.05,0.7,0.15,0.1,0.0
231,AlwaysCompact_C128,3,COMPACT_128KB,0.165875,-0.055,0.194959,0,69,320.9705809937648,119.45962905883789,13,1.4828256460336537,1233.7109375,16.495627072397113,0,0,230,0.0,0.0,0.05,0.7,0.15,0.1,0.0,94,433.46688787228123,187.05058097839355,13,1.4925126295823317,1241.7705078125,14.270599836966344,0,0,231,0.0,0.0,0.05,0.7,0.15,0.1,0.0
232,AlwaysCompact_C128,3,COMPACT_128KB,0.165875,-0.055,0.196069,0,94,433.46688787228123,187.05058097839355,13,1.4925126295823317,1241.7705078125,14.270599836966344,0,0,231,0.0,0.0,0.05,0.7,0.15,0.1,0.0,51,245.40503109587578,131.5593719482422,13,1.4977675217848558,1246.142578125,13.065061207906735,0,0,232,0.0,0.0,0.05,0.65,0.15,0.15,0.0
233,AlwaysCompact_C128,3,COMPACT_128KB,0.165875,-0.055,0.196266,0,51,245.40503109587578,131.5593719482422,13,1.4977675217848558,1246.142578125,13.065061207906735,0,0,232,0.0,0.0,0.05,0.65,0.15,0.15,0.0,78,361.36425963869726,121.68622016906738,13,1.5058394211989183,1252.8583984375,11.216228760616008,0,0,233,0.0,0.0,0.05,0.6,0.15,0.2,0.0
234,AlwaysCompact_C128,3,COMPACT_128KB,0.165875,-0.055,0.194465,0,78,361.36425963869726,121.68622016906738,13,1.5058394211989183,1252.8583984375,11.216228760616008,0,0,233,0.0,0.0,0.05,0.6,0.15,0.2,0.0,59,281.73182280299693,211.7452621459961,13,1.5119135929987981,1257.912109375,9.828403965469258,0,0,234,0.0,0.0,0.05,0.55,0.2,0.2,0.0
235,AlwaysCompact_C128,3,COMPACT_128KB,0.165875,-0.055,0.196137,0,59,281.73182280299693,211.7452621459961,13,1.5119135929987981,1257.912109375,9.828403965469258,0,0,234,0.0,0.0,0.05,0.55,0.2,0.2,0.0,67,301.09121610400575,128.16262245178223,13,1.5187953068659856,1263.6376953125,8.261713066406664,0,0,235,0.0,0.0,0.05,0.5,0.2,0.25,0.0
236,AlwaysCompact_C128,3,COMPACT_128KB,0.165875,-0.055,0.196308,0,67,301.09121610400575,128.16262245178223,13,1.5187953068659856,1263.6376953125,8.261713066406664,0,0,235,0.0,0.0,0.05,0.5,0.2,0.25,0.0,51,241.38816742724822,119.58575248718262,13,1.5241124079777644,1268.0615234375,7.057745051954795,0,0,236,0.0,0.0,0.05,0.55,0.2,0.2,0.0
237,AlwaysCompact_C128,3,COMPACT_128KB,0.165875,-0.055,0.195298,0,51,241.38816742724822,119.58575248718262,13,1.5241124079777644,1268.0615234375,7.057745051954795,0,0,236,0.0,0.0,0.05,0.55,0.2,0.2,0.0,78,363.85483874555405,170.10927200317383,13,1.532098623422476,1274.7060546875,5.269359566611777,0,0,237,0.0,0.0,0.1,0.5,0.2,0.2,0.0
238,AlwaysCompact_C128,3,COMPACT_128KB,0.165875,-0.055,0.196372,0,78,363.85483874555405,170.10927200317383,13,1.532098623422476,1274.7060546875,5.269359566611777,0,0,237,0.0,0.0,0.1,0.5,0.2,0.2,0.0,66,298.71187816031926,116.38140678405762,13,1.5389286921574519,1280.388671875,3.781603818241581,0,0,238,0.0,0.0,0.1,0.55,0.15,0.2,0.0
239,AlwaysCompact_C128,3,COMPACT_128KB,0.165875,-0.055,0.196371,0,66,298.71187816031926,116.38140678405762,13,1.5389286921574519,1280.388671875,3.781603818241581,0,0,238,0.0,0.0,0.1,0.55,0.15,0.2,0.0,70,313.0841964616095,116.43505096435547,13,1.5461437518780048,1286.3916015625,2.3391985109933717,0,0,239,0.0,0.0,0.1,0.55,0.15,0.2,0.0
240,AlwaysCompact_C128,3,COMPACT_128KB,0.165875,-0.055,0.196293,0,70,313.0841964616095,116.43505096435547,13,1.5461437518780048,1286.3916015625,2.3391985109933717,0,0,239,0.0,0.0,0.1,0.55,0.15,0.2,0.0,99,392.0339582168915,120.33295631408691,13,1.5563882681039662,1294.9150390625,1.5685626408414999,0,0,240,0.0,0.0,0.1,0.55,0.15,0.2,0.0
241,AlwaysCompact_C128,3,COMPACT_128KB,0.16575,-0.055,0.196188,0,99,392.0339582168915,120.33295631408691,13,1.5563882681039662,1294.9150390625,1.5685626408414999,0,0,240,0.0,0.0,0.1,0.55,0.15,0.2,0.0,77,357.78973408504004,120.59831619262695,14,1.4558465140206474,1304.4384765625,24.12345803642555,0,0,241,0.0,0.0,0.1,0.55,0.15,0.2,0.0
242,AlwaysCompact_C128,3,COMPACT_128KB,0.16575,-0.055,0.196169,0,77,357.78973408504004,120.59831619262695,14,1.4558465140206474,1304.4384765625,24.12345803642555,0,0,241,0.0,0.0,0.1,0.55,0.15,0.2,0.0,52,238.7590961686457,121.57464027404785,14,1.4611107962472099,1309.1552734375,22.865438959366692,0,0,242,0.0,0.0,0.1,0.6,0.15,0.15,0.0
243,AlwaysCompact_C128,3,COMPACT_128KB,0.16575,-0.055,0.194679,0,52,238.7590961686457,121.57464027404785,14,1.4611107962472099,1309.1552734375,22.865438959366692,0,0,242,0.0,0.0,0.1,0.6,0.15,0.15,0.0,84,395.09357639317204,196.06947898864746,14,1.469376700265067,1316.5615234375,20.89074661156904,0,0,243,0.0,0.0,0.1,0.6,0.15,0.15,0.0
244,AlwaysCompact_C128,3,COMPACT_128KB,0.16575,-0.055,0.196127,0,84,395.09357639317204,196.06947898864746,14,1.469376700265067,1316.5615234375,20.89074661156904,0,0,243,0.0,0.0,0.1,0.6,0.15,0.15,0.0,78,310.64729352736856,123.63910675048828,14,1.4768785749162947,1323.283203125,19.099422216677528,0,0,244,0.0,0.0,0.1,0.6,0.15,0.15,0.0
245,AlwaysCompact_C128,3,COMPACT_128KB,0.16575,-0.055,0.195362,0,78,310.64729352736856,123.63910675048828,14,1.4768785749162947,1323.283203125,19.099422216677528,0,0,244,0.0,0.0,0.1,0.6,0.15,0.15,0.0,89,406.5071273470152,161.91434860229492,14,1.4848087855747767,1330.388671875,17.206979001372453,0,0,245,0.0,0.0,0.1,0.6,0.15,0.15,0.0
246,AlwaysCompact_C128,3,COMPACT_128KB,0.16575,-0.055,0.195924,0,89,406.5071273470152,161.91434860229492,14,1.4848087855747767,1330.388671875,17.206979001372453,0,0,245,0.0,0.0,0.1,0.6,0.15,0.15,0.0,82,356.60081536502724,133.79383087158203,14,1.4926180158342635,1337.3857421875,15.344993425839046,0,0,246,0.0,0.0,0.05,0.65,0.15,0.15,0.0
247,AlwaysCompact_C128,3,COMPACT_128KB,0.16575,-0.055,0.196009,0,82,356.60081536502724,133.79383087158203,14,1.4926180158342635,1337.3857421875,15.344993425839046,0,0,246,0.0,0.0,0.05,0.65,0.15,0.15,0.0,63,286.69946813704746,129.5630931854248,14,1.4986626761300224,1342.8017578125,13.905226579530783,0,0,247,0.0,0.0,0.05,0.65,0.15,0.15,0.0
248,AlwaysCompact_C128,3,COMPACT_128KB,0.16575,-0.055,0.194946,0,63,286.69946813704746,129.5630931854248,14,1.4986626761300224,1342.8017578125,13.905226579530783,0,0,247,0.0,0.0,0.05,0.65,0.15,0.15,0.0,54,256.15692483776184,182.72018432617188,14,1.5038397652762276,1347.4404296875,12.673504027451914,0,0,248,0.0,0.0,0.05,0.65,0.15,0.15,0.0
249,AlwaysCompact_C128,3,COMPACT_128KB,0.16575,-0.055,0.196594,0,54,256.15692483776184,182.72018432617188,14,1.5038397652762276,1347.4404296875,12.673504027451914,0,0,248,0.0,0.0,0.05,0.65,0.15,0.15,0.0,63,266.7846771115818,100.30007362365723,14,1.5106909615652901,1353.5791015625,11.046238363307646,0,0,249,0.0,0.0,0.05,0.65,0.1,0.15,0.05
250,AlwaysCompact_C128,3,COMPACT_128KB,0.16575,-0.055,0.19619,0,63,266.7846771115818,100.30007362365723,14,1.5106909615652901,1353.5791015625,11.046238363307646,0,0,249,0.0,0.0,0.05,0.65,0.1,0.15,0.05,60,269.0941985981683,120.50032615661621,14,1.515657697405134,1358.029296875,9.86932835573433,0,0,250,0.0,0.0,0.05,0.65,0.1,0.15,0.05
251,AlwaysCompact_C128,3,COMPACT_128KB,0.16575,-0.055,0.194393,0,60,269.0941985981683,120.50032615661621,14,1.515657697405134,1358.029296875,9.86932835573433,0,0,250,0.0,0.0,0.05,0.65,0.1,0.15,0.05,84,395.19949568313285,210.3738784790039,14,1.5237252371651786,1365.2578125,7.9655462609727925,0,0,251,0.0,0.0,0.05,0.65,0.1,0.15,0.05
252,AlwaysCompact_C128,3,COMPACT_128KB,0.16575,-0.055,0.19623,0,84,395.19949568313285,210.3738784790039,14,1.5237252371651786,1365.2578125,7.9655462609727925,0,0,251,0.0,0.0,0.05,0.65,0.1,0.15,0.05,60,252.3873871615096,118.50976943969727,14,1.5294701712472099,1370.4052734375,6.619793761708368,0,0,252,0.0,0.0,0.05,0.7,0.1,0.1,0.05
253,AlwaysCompact_C128,3,COMPACT_128KB,0.16575,-0.055,0.196225,0,60,252.3873871615096,118.50976943969727,14,1.5294701712472099,1370.4052734375,6.619793761708368,0,0,252,0.0,0.0,0.05,0.7,0.1,0.1,0.05,91,406.2426908458492,118.74222755432129,14,1.538179670061384,1378.208984375,4.613426683471239,0,0,253,0.0,0.0,0.05,0.75,0.1,0.05,0.05
254,AlwaysCompact_C128,3,COMPACT_128KB,0.16575,-0.055,0.196209,0,91,406.2426908458492,118.74222755432129,14,1.538179670061384,1378.208984375,4.613426683471239,0,0,253,0.0,0.0,0.05,0.75,0.1,0.05,0.05,67,319.45158862781204,119.54474449157715,14,1.5448957170758928,1384.2265625,3.137682381619924,0,0,254,0.0,0.0,0.05,0.8,0.05,0.05,0.05
255,AlwaysCompact_C128,3,COMPACT_128KB,0.16575,-0.055,0.195971,0,67,319.45158862781204,119.54474449157715,14,1.5448957170758928,1384.2265625,3.137682381619924,0,0,254,0.0,0.0,0.05,0.8,0.05,0.05,0.05,91,372.18499175049436,131.44755363464355,14,1.5532150268554688,1391.6806640625,1.6877651495354393,0,0,255,0.0,0.0,0.05,0.85,0.05,0.0,0.05
256,AlwaysCompact_C128,3,COMPACT_128KB,0.165625,-0.055,0.196046,0,91,372.18499175049436,131.44755363464355,14,1.5532150268554688,1391.6806640625,1.6877651495354393,0,0,255,0.0,0.0,0.05,0.85,0.05,0.0,0.05,72,335.49660492729924,122.69258499145508,15,1.4590362548828124,1400.6748046875,23.400765625162457,0,0,256,0.0,0.0,0.05,0.85,0.05,0.0,0.05
257,AlwaysCompact_C128,3,COMPACT_128KB,0.165625,-0.055,0.196013,0,72,335.49660492729924,122.69258499145508,15,1.4590362548828124,1400.6748046875,23.400765625162457,0,0,256,0.0,0.0,0.05,0.85,0.05,0.0,0.05,93,401.9523864972451,124.37224388122559,15,1.467448933919271,1408.7509765625,21.321041949070427,0,0,257,0.0,0.0,0.0,0.9,0.05,0.0,0.05
258,AlwaysCompact_C128,3,COMPACT_128KB,0.165625,-0.055,0.195938,0,93,401.9523864972451,124.37224388122559,15,1.467448933919271,1408.7509765625,21.321041949070427,0,0,257,0.0,0.0,0.0,0.9,0.05,0.0,0.05,57,265.0399685156341,128.10826301574707,15,1.4725341796875,1413.6328125,20.064460220629545,0,0,258,0.0,0.0,0.0,0.9,0.05,0.0,0.05
259,AlwaysCompact_C128,3,COMPACT_128KB,0.165625,-0.055,0.196469,0,57,265.0399685156341,128.10826301574707,15,1.4725341796875,1413.6328125,20.064460220629545,0,0,258,0.0,0.0,0.0,0.9,0.05,0.0,0.05,93,419.90312965241515,101.57346725463867,15,1.4808186848958333,1421.5859375,18.018498124962434,0,0,259,0.0,0.0,0.0,0.85,0.05,0.0,0.1
260,AlwaysCompact_C128,3,COMPACT_128KB,0.165625,-0.055,0.196072,0,93,419.90312965241515,101.57346725463867,15,1.4808186848958333,1421.5859375,18.018498124962434,0,0,259,0.0,0.0,0.0,0.85,0.05,0.0,0.1,79,345.7689259823917,121.42014503479004,15,1.4879557291666667,1428.4375,16.257437580794672,0,0,260,0.0,0.0,0.0,0.85,0.05,0.0,0.1
261,AlwaysCompact_C128,3,COMPACT_128KB,0.165625,-0.055,0.195793,0,79,345.7689259823917,121.42014503479004,15,1.4879557291666667,1428.4375,16.257437580794672,0,0,260,0.0,0.0,0.0,0.85,0.05,0.0,0.1,52,243.7537738706328,135.36906242370605,15,1.4926005045572917,1432.896484375,15.112347114682441,0,0,261,0.0,0.0,0.0,0.85,0.05,0.0,0.1
262,AlwaysCompact_C128,3,COMPACT_128KB,0.165625,-0.055,0.195836,0,52,243.7537738706328,135.36906242370605,15,1.4926005045572917,1432.896484375,15.112347114682441,0,0,261,0.0,0.0,0.0,0.85,0.05,0.0,0.1,78,345.8930863824222,133.1937313079834,15,1.49949951171875,1439.51953125,13.413477949321507,0,0,262,0.0,0.0,0.0,0.85,0.05,0.0,0.1
263,AlwaysCompact_C128,3,COMPACT_128KB,0.165625,-0.055,0.195914,0,78,345.8930863824222,133.1937313079834,15,1.49949951171875,1439.51953125,13.413477949321507,0,0,262,0.0,0.0,0.0,0.85,0.05,0.0,0.1,85,398.4677166075977,129.29391860961914,15,1.5070709228515624,1446.7880859375,11.552832731324159,0,0,263,0.0,0.0,0.0,0.85,0.05,0.0,0.1
264,AlwaysCompact_C128,3,COMPACT_128KB,0.165625,-0.055,0.195923,0,85,398.4677166075977,129.29391860961914,15,1.5070709228515624,1446.7880859375,11.552832731324159,0,0,263,0.0,0.0,0.0,0.85,0.05,0.0,0.1,93,433.2044378796797,128.8435459136963,15,1.5154144287109375,1454.7978515625,9.509773455719754,0,0,264,0.0,0.0,0.0,0.85,0.05,0.0,0.1
265,AlwaysCompact_C128,3,COMPACT_128KB,0.165625,-0.055,0.195721,0,93,433.2044378796797,128.8435459136963,15,1.5154144287109375,1454.7978515625,9.509773455719754,0,0,264,0.0,0.0,0.0,0.85,0.05,0.0,0.1,65,295.03341759878106,138.95535469055176,15,1.5213338216145833,1460.48046875,8.068047490587686,0,0,265,0.0,0.0,0.0,0.85,0.05,0.0,0.1
266,AlwaysCompact_C128,3,COMPACT_128KB,0.165625,-0.055,0.196082,0,65,295.03341759878106,138.95535469055176,15,1.5213338216145833,1460.48046875,8.068047490587686,0,0,265,0.0,0.0,0.0,0.85,0.05,0.0,0.1,74,344.19114577904145,120.88561058044434,15,1.5277364095052084,1466.626953125,6.521462266898913,0,0,266,0.0,0.0,0.0,0.85,0.05,0.0,0.1
267,AlwaysCompact_C128,3,COMPACT_128KB,0.165625,-0.055,0.195997,0,74,344.19114577904145,120.88561058044434,15,1.5277364095052084,1466.626953125,6.521462266898913,0,0,266,0.0,0.0,0.0,0.85,0.05,0.0,0.1,57,190.97105583304642,125.15139579772949,15,1.5328358968098958,1471.5224609375,5.306756506344461,0,0,267,0.0,0.0,0.0,0.85,0.05,0.0,0.1
268,AlwaysCompact_C128,3,COMPACT_128KB,0.165625,-0.055,0.196029,0,57,190.97105583304642,125.15139579772949,15,1.5328358968098958,1471.5224609375,5.306756506344461,0,0,267,0.0,0.0,0.0,0.85,0.05,0.0,0.1,56,275.3726436385422,123.57497215270996,15,1.537926228841146,1476.4091796875,4.123896230131992,0,0,268,0.0,0.0,0.0,0.85,0.05,0.0,0.1
269,AlwaysCompact_C128,3,COMPACT_128KB,0.165625,-0.055,0.196533,0,56,275.3726436385422,123.57497215270996,15,1.537926228841146,1476.4091796875,4.123896230131992,0,0,268,0.0,0.0,0.0,0.85,0.05,0.0,0.1,98,457.3681550576325,98.32763671875,15,1.546684773763021,1484.8173828125,2.2945899938912393,0,0,269,0.0,0.0,0.0,0.85,0.05,0.0,0.1
270,AlwaysCompact_C128,3,COMPACT_128KB,0.165625,-0.055,0.195913,0,98,457.3681550576325,98.32763671875,15,1.546684773763021,1484.8173828125,2.2945899938912393,0,0,269,0.0,0.0,0.0,0.85,0.05,0.0,0.1,77,275.18865712338106,129.35924530029297,15,1.5535664876302084,1491.423828125,1.6287027393710447,0,0,270,0.0,0.0,0.0,0.85,0.05,0.0,0.1
271,AlwaysCompact_C128,3,COMPACT_128KB,0.1655,-0.055,0.194554,0,77,275.18865712338106,129.35924530029297,15,1.5535664876302084,1491.423828125,1.6287027393710447,0,0,270,0.0,0.0,0.0,0.85,0.05,0.0,0.1,63,283.5470178010179,192.2760009765625,16,1.4646081924438477,1499.7587890625,22.827616916618613,0,0,271,0.0,0.0,0.0,0.9,0.0,0.0,0.1
272,AlwaysCompact_C128,3,COMPACT_128KB,0.1655,-0.055,0.195899,0,63,283.5470178010179,192.2760009765625,16,1.4646081924438477,1499.7587890625,22.827616916618613,0,0,271,0.0,0.0,0.0,0.9,0.0,0.0,0.1,81,353.93569249745804,125.02741813659668,16,1.4715251922607422,1506.841796875,21.061430203052545,0,0,272,0.0,0.0,0.0,0.9,0.0,0.0,0.1
273,AlwaysCompact_C128,3,COMPACT_128KB,0.1655,-0.055,0.195645,0,81,353.93569249745804,125.02741813659668,16,1.4715251922607422,1506.841796875,21.061430203052545,0,0,272,0.0,0.0,0.0,0.9,0.0,0.0,0.1,59,279.80079350631877,137.77399063110352,16,1.4767532348632812,1512.1953125,19.72704495465102,0,0,273,0.0,0.0,0.0,0.9,0.0,0.0,0.1
274,AlwaysCompact_C128,3,COMPACT_128KB,0.1655,-0.055,0.195616,0,59,279.80079350631877,137.77399063110352,16,1.4767532348632812,1512.1953125,19.72704495465102,0,0,273,0.0,0.0,0.0,0.9,0.0,0.0,0.1,66,322.0378570988168,139.17851448059082,16,1.481856346130371,1517.4208984375,18.425105426366798,0,0,274,0.0,0.0,0.0,0.9,0.0,0.0,0.1
275,AlwaysCompact_C128,3,COMPACT_128KB,0.1655,-0.055,0.195815,0,66,322.0378570988168,139.17851448059082,16,1.481856346130371,1517.4208984375,18.425105426366798,0,0,274,0.0,0.0,0.0,0.9,0.0,0.0,0.1,80,343.91486387177514,129.22954559326172,16,1.488692283630371,1524.4208984375,16.68216782042661,0,0,275,0.0,0.0,0.0,0.85,0.0,0.05,0.1
276,AlwaysCompact_C128,3,COMPACT_128KB,0.1655,-0.055,0.194131,0,80,343.91486387177514,129.22954559326172,16,1.488692283630371,1524.4208984375,16.68216782042661,0,0,275,0.0,0.0,0.0,0.85,0.0,0.05,0.1,86,379.4348756799288,213.4397029876709,16,1.4958820343017578,1531.783203125,14.850811958913376,0,0,276,0.0,0.0,0.0,0.8,0.05,0.05,0.1
277,AlwaysCompact_C128,3,COMPACT_128KB,0.1655,-0.055,0.193153,0,86,379.4348756799288,213.4397029876709,16,1.4958820343017578,1531.783203125,14.850811958913376,0,0,276,0.0,0.0,0.0,0.8,0.05,0.05,0.1,61,266.5972114115184,262.3584270477295,16,1.5009880065917969,1537.01171875,13.55174827933626,0,0,277,0.0,0.0,0.0,0.8,0.05,0.05,0.1
278,AlwaysCompact_C128,3,COMPACT_128KB,0.1655,-0.055,0.195393,0,61,266.5972114115184,262.3584270477295,16,1.5009880065917969,1537.01171875,13.55174827933626,0,0,277,0.0,0.0,0.0,0.8,0.05,0.05,0.1,74,310.7713109370244,150.37107467651367,16,1.5072269439697266,1543.400390625,11.966819714432624,0,0,278,0.0,0.0,0.0,0.8,0.05,0.05,0.1
279,AlwaysCompact_C128,3,COMPACT_128KB,0.1655,-0.055,0.195256,0,74,310.7713109370244,150.37107467651367,16,1.5072269439697266,1543.400390625,11.966819714432624,0,0,278,0.0,0.0,0.0,0.8,0.05,0.05,0.1,73,301.1703087007499,157.17577934265137,16,1.5133399963378906,1549.66015625,10.417497603780289,0,0,279,0.0,0.0,0.05,0.8,0.05,0.05,0.05
280,AlwaysCompact_C128,3,COMPACT_128KB,-0.127,-0.055,0.195718,0,73,301.1703087007499,157.17577934265137,16,1.5133399963378906,1549.66015625,10.417497603780289,0,0,279,0.0,0.0,0.05,0.8,0.05,0.05,0.05,50,196.12381932105114,134.08422470092773,16,1.517507553100586,1553.927734375,9.364229781308799,0,0,280,0.0,0.0,0.05,0.75,0.05,0.1,0.05
281,AlwaysCompact_C128,3,COMPACT_128KB,0.1655,-0.055,0.195764,0,50,196.12381932105114,134.08422470092773,16,1.517507553100586,1553.927734375,9.364229781308799,0,0,280,0.0,0.0,0.05,0.75,0.05,0.1,0.05,95,413.241349556329,131.78706169128418,16,1.5253181457519531,1561.92578125,7.40077781627501,0,0,281,0.0,0.0,0.05,0.7,0.05,0.15,0.05
282,AlwaysCompact_C128,3,COMPACT_128KB,0.1655,-0.055,0.193475,0,95,413.241349556329,131.78706169128418,16,1.5253181457519531,1561.92578125,7.40077781627501,0,0,281,0.0,0.0,0.05,0.7,0.05,0.15,0.05,73,336.04037082685346,246.24872207641602,16,1.5314273834228516,1568.181640625,5.881975736038142,0,0,282,0.0,0.0,0.1,0.65,0.05,0.15,0.05
283,AlwaysCompact_C128,3,COMPACT_128KB,0.1655,-0.055,0.195804,0,73,336.04037082685346,246.24872207641602,16,1.5314273834228516,1568.181640625,5.881975736038142,0,0,282,0.0,0.0,0.1,0.65,0.05,0.15,0.05,67,279.3462016370009,129.78100776672363,16,1.5372228622436523,1574.1162109375,4.470057810079577,0,0,283,0.0,0.0,0.1,0.65,0.05,0.15,0.05
284,AlwaysCompact_C128,3,COMPACT_128KB,0.1655,-0.055,0.196431,0,67,279.3462016370009,129.78100776672363,16,1.5372228622436523,1574.1162109375,4.470057810079577,0,0,283,0.0,0.0,0.1,0.65,0.05,0.15,0.05,81,364.12010631912887,98.44851493835449,16,1.543868064880371,1580.9208984375,2.939405528683341,0,0,284,0.0,0.0,0.1,0.6,0.05,0.15,0.1
285,AlwaysCompact_C128,3,COMPACT_128KB,0.1655,-0.055,0.195853,0,81,364.12010631912887,98.44851493835449,16,1.543868064880371,1580.9208984375,2.939405528683341,0,0,284,0.0,0.0,0.1,0.6,0.05,0.15,0.1,65,315.2926373443369,127.3343563079834,16,1.5493097305297852,1586.4931640625,1.9139850699404808,0,0,285,0.0,0.0,0.1,0.6,0.05,0.15,0.1
286,AlwaysCompact_C128,3,COMPACT_128KB,0.1655,-0.055,0.195904,0,65,315.2926373443369,127.3343563079834,16,1.5493097305297852,1586.4931640625,1.9139850699404808,0,0,285,0.0,0.0,0.1,0.6,0.05,0.15,0.1,100,450.8346393046858,124.8013973236084,16,1.557673454284668,1595.0576171875,1.8924151129604996,0,0,286,0.0,0.0,0.1,0.6,0.05,0.15,0.1
287,AlwaysCompact_C128,3,COMPACT_128KB,0.165375,-0.055,0.195327,0,100,450.8346393046858,124.8013973236084,16,1.557673454284668,1595.0576171875,1.8924151129604996,0,0,286,0.0,0.0,0.1,0.6,0.05,0.15,0.1,94,441.10409671821736,148.63967895507812,17,1.4761469223920036,1606.0478515625,21.59101077295523,0,0,287,0.0,0.0,0.1,0.6,0.05,0.15,0.1
288,AlwaysCompact_C128,3,COMPACT_128KB,0.165375,-0.055,0.194073,0,94,441.10409671821736,148.63967895507812,17,1.4761469223920036,1606.0478515625,21.59101077295523,0,0,287,0.0,0.0,0.1,0.6,0.05,0.15,0.1,74,339.57739815801506,211.34066581726074,17,1.4819703943589155,1612.3837890625,20.060287802409537,0,0,288,0.0,0.0,0.1,0.55,0.05,0.2,0.1
289,AlwaysCompact_C128,3,COMPACT_128KB,0.165375,-0.055,0.195634,0,74,339.57739815801506,211.34066581726074,17,1.4819703943589155,1612.3837890625,20.060287802409537,0,0,288,0.0,0.0,0.1,0.55,0.05,0.2,0.1,90,315.6256746463411,133.30960273742676,17,1.489187801585478,1620.236328125,18.16456183966264,0,0,289,0.0,0.0,0.1,0.55,0.05,0.2,0.1
290,AlwaysCompact_C128,3,COMPACT_128KB,0.165375,-0.055,0.195363,0,90,315.6256746463411,133.30960273742676,17,1.489187801585478,1620.236328125,18.16456183966264,0,0,289,0.0,0.0,0.1,0.55,0.05,0.2,0.1,87,393.5675813846637,146.82698249816895,17,1.4959124396829044,1627.552734375,16.400100757716597,0,0,290,0.0,0.0,0.1,0.55,0.05,0.2,0.1
291,AlwaysCompact_C128,3,COMPACT_128KB,0.165375,-0.055,0.195206,0,87,393.5675813846637,146.82698249816895,17,1.4959124396829044,1627.552734375,16.400100757716597,0,0,290,0.0,0.0,0.1,0.55,0.05,0.2,0.1,98,378.5643756487206,154.68072891235352,17,1.5036190257352942,1635.9375,14.381023700775874,0,0,291,0.0,0.0,0.1,0.55,0.05,0.2,0.1
292,AlwaysCompact_C128,3,COMPACT_128KB,0.165375,-0.055,0.195289,0,98,378.5643756487206,154.68072891235352,17,1.5036190257352942,1635.9375,14.381023700775874,0,0,291,0.0,0.0,0.1,0.55,0.05,0.2,0.1,75,313.8822590301337,150.53987503051758,17,1.5095286649816178,1642.3671875,12.835842961644742,0,0,292,0.0,0.0,0.1,0.55,0.05,0.2,0.1
293,AlwaysCompact_C128,3,COMPACT_128KB,0.165375,-0.055,0.194427,0,75,313.8822590301337,150.53987503051758,17,1.5095286649816178,1642.3671875,12.835842961644742,0,0,292,0.0,0.0,0.1,0.55,0.05,0.2,0.1,54,243.56301718547863,193.62854957580566,17,1.5137993307674633,1647.013671875,11.721550253105669,0,0,293,0.0,0.0,0.1,0.5,0.05,0.25,0.1
294,AlwaysCompact_C128,3,COMPACT_128KB,0.165375,-0.055,0.195431,0,54,243.56301718547863,193.62854957580566,17,1.5137993307674633,1647.013671875,11.721550253105669,0,0,293,0.0,0.0,0.1,0.5,0.05,0.25,0.1,76,309.89150150538427,143.42808723449707,17,1.5197978300206803,1653.5400390625,10.16114622273121,0,0,294,0.0,0.0,0.1,0.5,0.05,0.25,0.1
295,AlwaysCompact_C128,3,COMPACT_128KB,0.165375,-0.055,0.195852,0,76,309.89150150538427,143.42808723449707,17,1.5197978300206803,1653.5400390625,10.16114622273121,0,0,294,0.0,0.0,0.1,0.5,0.05,0.25,0.1,87,392.2775773472942,122.40266799926758,17,1.5280438591452206,1662.51171875,8.030456985347394,0,0,295,0.0,0.0,0.1,0.5,0.05,0.2,0.15
296,AlwaysCompact_C128,3,COMPACT_128KB,0.165375,-0.055,0.195475,0,87,392.2775773472942,122.40266799926758,17,1.5280438591452206,1662.51171875,8.030456985347394,0,0,295,0.0,0.0,0.1,0.5,0.05,0.2,0.15,51,237.74749425941445,141.25967025756836,17,1.530656702378217,1665.3544921875,7.360852167232513,0,0,296,0.0,0.0,0.1,0.55,0.0,0.2,0.15
297,AlwaysCompact_C128,3,COMPACT_128KB,0.165375,-0.055,0.195397,0,51,237.74749425941445,141.25967025756836,17,1.530656702378217,1665.3544921875,7.360852167232513,0,0,296,0.0,0.0,0.1,0.55,0.0,0.2,0.15,90,412.3134123763701,145.17498016357422,17,1.5377619126263786,1673.0849609375,5.564563899057706,0,0,297,0.0,0.0,0.1,0.55,0.0,0.2,0.15
298,AlwaysCompact_C128,3,COMPACT_128KB,0.165375,-0.055,0.195358,0,90,412.3134123763701,145.17498016357422,17,1.5377619126263786,1673.0849609375,5.564563899057706,0,0,297,0.0,0.0,0.1,0.55,0.0,0.2,0.15,53,253.0523195521289,147.0959186553955,17,1.541935640222886,1677.6259765625,4.539138396276391,0,0,298,0.0,0.0,0.1,0.55,0.0,0.2,0.15
299,AlwaysCompact_C128,3,COMPACT_128KB,0.165375,-0.055,0.195261,0,53,253.0523195521289,147.0959186553955,17,1.541935640222886,1677.6259765625,4.539138396276391,0,0,298,0.0,0.0,0.1,0.55,0.0,0.2,0.15,92,387.82244887088297,151.95345878601074,17,1.5492401123046875,1685.5732421875,2.8826590396384395,0,0,299,0.0,0.0,0.05,0.55,0.0,0.25,0.15
300,AlwaysCompact_C128,3,COMPACT_128KB,0.165375,-0.055,0.193732,0,92,387.82244887088297,151.95345878601074,17,1.5492401123046875,1685.5732421875,2.8826590396384395,0,0,299,0.0,0.0,0.05,0.55,0.0,0.25,0.15,55,248.18313462477758,228.38616371154785,17,1.5535700180951286,1690.2841796875,2.128352536752076,0,0,300,0.0,0.0,0.1,0.55,0.0,0.2,0.15
301,AlwaysCompact_C128,3,COMPACT_128KB,0.547875,-0.055,0.194707,0,55,248.18313462477758,228.38616371154785,17,1.5535700180951286,1690.2841796875,2.128352536752076,0,0,300,0.0,0.0,0.1,0.55,0.0,0.2,0.15,164,659.0899871605695,179.6257495880127,17,1.566458309397978,1704.306640625,2.9548545507521093,0,0,301,0.0,0.0,0.15,0.55,0.0,0.15,0.15
302,AlwaysCompact_C128,3,COMPACT_128KB,0.54775,-0.055,0.191568,0,164,659.0899871605695,179.6257495880127,17,1.566458309397978,1704.306640625,2.9548545507521093,0,0,301,0.0,0.0,0.15,0.55,0.0,0.15,0.15,173,687.5764856603008,331.59852027893066,18,1.4948688083224826,1722.0888671875,19.6488611677983,0,0,302,0.0,0.0,0.1,0.55,0.05,0.15,0.15
303,AlwaysCompact_C128,3,COMPACT_128KB,0.54775,-0.055,0.1952,0,173,687.5764856603008,331.59852027893066,18,1.4948688083224826,1722.0888671875,19.6488611677983,0,0,302,0.0,0.0,0.1,0.55,0.05,0.15,0.15,169,664.6544701000961,150.00462532043457,18,1.5074522230360243,1736.5849609375,16.27629223583549,0,0,303,0.0,0.0,0.1,0.55,0.05,0.15,0.15
304,AlwaysCompact_C128,3,COMPACT_128KB,0.54775,-0.055,0.195266,0,169,664.6544701000961,150.00462532043457,18,1.5074522230360243,1736.5849609375,16.27629223583549,0,0,303,0.0,0.0,0.1,0.55,0.05,0.15,0.15,184,728.1956418767821,146.72231674194336,18,1.5212504069010417,1752.48046875,12.605534316533724,0,0,304,0.0,0.0,0.1,0.6,0.05,0.15,0.1
305,AlwaysCompact_C128,3,COMPACT_128KB,0.54775,-0.055,0.193594,0,184,728.1956418767821,146.72231674194336,18,1.5212504069010417,1752.48046875,12.605534316533724,0,0,304,0.0,0.0,0.1,0.6,0.05,0.15,0.1,290,872.4651490405272,230.30328750610352,18,1.5429636637369792,1777.494140625,6.9939476422815074,0,0,305,0.0,0.0,0.1,0.55,0.1,0.15,0.1
306,AlwaysCompact_C128,3,COMPACT_128KB,0.54775,-0.055,0.195218,0,290,872.4651490405272,230.30328750610352,18,1.5429636637369792,1777.494140625,6.9939476422815074,0,0,305,0.0,0.0,0.1,0.55,0.1,0.15,0.1,211,781.7362566502928,149.10197257995605,18,1.5588014390733507,1795.7392578125,3.541195815047424,0,0,306,0.0,0.0,0.1,0.55,0.1,0.15,0.1
307,AlwaysCompact_C128,3,COMPACT_128KB,0.54775,-0.055,0.195332,0,211,781.7362566502928,149.10197257995605,18,1.5588014390733507,1795.7392578125,3.541195815047424,0,0,306,0.0,0.0,0.1,0.55,0.1,0.15,0.1,179,571.3227867703516,143.418550491333,18,1.5720816718207464,1811.0380859375,3.2479238562660346,0,0,307,0.0,0.0,0.1,0.55,0.1,0.15,0.1
308,AlwaysCompact_C128,3,COMPACT_128KB,0.547625,-0.055,0.19505,0,179,571.3227867703516,143.418550491333,18,1.5720816718207464,1811.0380859375,3.2479238562660346,0,0,307,0.0,0.0,0.1,0.55,0.1,0.15,0.1,173,682.9178830347823,152.48465538024902,19,1.5040516100431744,1828.9267578125,19.239006611771654,0,0,308,0.0,0.0,0.1,0.6,0.1,0.1,0.1
309,AlwaysCompact_C128,3,COMPACT_128KB,0.547625,-0.055,0.194856,0,173,682.9178830347823,152.48465538024902,19,1.5040516100431744,1828.9267578125,19.239006611771654,0,0,308,0.0,0.0,0.1,0.6,0.1,0.1,0.1,208,791.0422933660238,162.18805313110352,19,1.5193497507195723,1847.529296875,15.045420803909604,0,0,309,0.0,0.0,0.1,0.65,0.1,0.1,0.05
310,AlwaysCompact_C128,3,COMPACT_128KB,0.547625,-0.055,0.195055,0,208,791.0422933660238,162.18805313110352,19,1.5193497507195723,1847.529296875,15.045420803909604,0,0,309,0.0,0.0,0.1,0.65,0.1,0.1,0.05,258,947.734147947816,152.26078033447266,19,1.5369238602487665,1868.8994140625,10.303348893020235,0,0,310,0.0,0.0,0.1,0.65,0.1,0.1,0.05
311,AlwaysCompact_C128,3,COMPACT_128KB,0.547625,-0.055,0.19428,0,258,947.734147947816,152.26078033447266,19,1.5369238602487665,1868.8994140625,10.303348893020235,0,0,310,0.0,0.0,0.1,0.65,0.1,0.1,0.05,218,836.9902419912928,190.98615646362305,19,1.5524508827611019,1887.7802734375,6.320903663485299,0,0,311,0.0,0.0,0.15,0.6,0.1,0.1,0.05
312,AlwaysCompact_C128,3,COMPACT_128KB,0.547625,-0.055,0.192894,0,218,836.9902419912928,190.98615646362305,19,1.5524508827611019,1887.7802734375,6.320903663485299,0,0,311,0.0,0.0,0.15,0.6,0.1,0.1,0.05,247,936.4723033756617,260.2808475494385,19,1.569872404399671,1908.96484375,3.216022628309017,0,0,312,0.0,0.0,0.15,0.55,0.15,0.1,0.05
313,AlwaysCompact_C128,3,COMPACT_128KB,0.5475,-0.055,0.194597,0,247,936.4723033756617,260.2808475494385,19,1.569872404399671,1908.96484375,3.216022628309017,0,0,312,0.0,0.0,0.15,0.55,0.15,0.1,0.05,248,927.2303377897741,170.15480995178223,20,1.5106857299804688,1933.677734375,17.226993868269027,0,0,313,0.0,0.0,0.15,0.6,0.15,0.05,0.05
314,AlwaysCompact_C128,3,COMPACT_128KB,0.5475,-0.055,0.194716,0,248,927.2303377897741,170.15480995178223,20,1.5106857299804688,1933.677734375,17.226993868269027,0,0,313,0.0,0.0,0.15,0.6,0.15,0.05,0.05,160,618.8422630958682,164.19005393981934,20,1.521087646484375,1946.9921875,14.309582836663834,0,0,314,0.0,0.0,0.15,0.6,0.15,0.05,0.05
315,AlwaysCompact_C128,3,COMPACT_128KB,0.5475,-0.055,0.194639,0,160,618.8422630958682,164.19005393981934,20,1.521087646484375,1946.9921875,14.309582836663834,0,0,314,0.0,0.0,0.15,0.6,0.15,0.05,0.05,214,704.2712694255391,168.04027557373047,20,1.5354522705078124,1965.37890625,10.336963022342442,0,0,315,0.0,0.0,0.15,0.65,0.15,0.05,0.0
316,AlwaysCompact_C128,3,COMPACT_128KB,0.5475,-0.055,0.193821,0,214,704.2712694255391,168.04027557373047,20,1.5354522705078124,1965.37890625,10.336963022342442,0,0,315,0.0,0.0,0.15,0.65,0.15,0.05,0.0,282,1060.3793000814026,208.92930030822754,20,1.5543670654296875,1989.58984375,5.430771982494813,0,0,316,0.0,0.0,0.2,0.6,0.15,0.05,0.0
317,AlwaysCompact_C128,3,COMPACT_128KB,0.5475,-0.055,0.194796,0,282,1060.3793000814026,208.92930030822754,20,1.5543670654296875,1989.58984375,5.430771982494813,0,0,316,0.0,0.0,0.2,0.6,0.15,0.05,0.0,252,956.2988529458067,160.17818450927734,20,1.5713653564453125,2011.34765625,3.1592776917682075,0,0,317,0.0,0.0,0.2,0.6,0.15,0.05,0.0
318,AlwaysCompact_C128,3,COMPACT_128KB,0.547375,-0.055,0.193276,0,252,956.2988529458067,160.17818450927734,20,1.5713653564453125,2011.34765625,3.1592776917682075,0,0,317,0.0,0.0,0.2,0.6,0.15,0.05,0.0,166,673.5973437457674,231.19735717773438,21,1.5096028645833333,2028.90625,18.373869541539822,0,0,318,0.0,0.0,0.25,0.55,0.15,0.05,0.0
319,AlwaysCompact_C128,3,COMPACT_128KB,0.547375,-0.055,0.194395,0,166,673.5973437457674,231.19735717773438,21,1.5096028645833333,2028.90625,18.373869541539822,0,0,318,0.0,0.0,0.25,0.55,0.15,0.05,0.0,202,655.4254005852997,175.22525787353516,21,1.5225335984002977,2046.28515625,14.64891215996842,0,0,319,0.0,0.0,0.25,0.55,0.15,0.05,0.0
320,AlwaysCompact_C128,3,COMPACT_128KB,0.547375,-0.055,0.194558,0,202,655.4254005852997,175.22525787353516,21,1.5225335984002977,2046.28515625,14.64891215996842,0,0,319,0.0,0.0,0.25,0.55,0.15,0.05,0.0,267,997.4732416746532,167.097806930542,21,1.5395413353329612,2069.1435546875,9.828339816542842,0,0,320,0.0,0.0,0.2,0.6,0.15,0.05,0.0
321,AlwaysCompact_C128,3,COMPACT_128KB,0.547375,-0.055,0.194632,0,267,997.4732416746532,167.097806930542,21,1.5395413353329612,2069.1435546875,9.828339816542842,0,0,320,0.0,0.0,0.2,0.6,0.15,0.05,0.0,299,969.9267785064127,163.3918285369873,21,1.558534168061756,2094.669921875,4.8624691244362275,0,0,321,0.0,0.0,0.15,0.65,0.15,0.05,0.0
322,AlwaysCompact_C128,3,COMPACT_128KB,0.547375,-0.055,0.193092,0,299,969.9267785064127,163.3918285369873,21,1.558534168061756,2094.669921875,4.8624691244362275,0,0,321,0.0,0.0,0.15,0.65,0.15,0.05,0.0,299,1120.9664379618937,240.3881549835205,21,1.5776272728329612,2120.3310546875,3.5853602986752087,0,0,322,0.0,0.0,0.15,0.7,0.1,0.05,0.0
323,AlwaysCompact_C128,3,COMPACT_128KB,0.54725,-0.055,0.194177,0,299,1120.9664379618937,240.3881549835205,21,1.5776272728329612,2120.3310546875,3.5853602986752087,0,0,322,0.0,0.0,0.15,0.7,0.1,0.05,0.0,189,747.9990941618732,181.14376068115234,22,1.5197518088600852,2139.810546875,17.72227598832516,0,0,323,0.0,0.0,0.15,0.7,0.1,0.05,0.0
324,AlwaysCompact_C128,3,COMPACT_128KB,0.54725,-0.055,0.194493,0,189,747.9990941618732,181.14376068115234,22,1.5197518088600852,2139.810546875,17.72227598832516,0,0,323,0.0,0.0,0.15,0.7,0.1,0.05,0.0,248,924.6118369882995,165.35162925720215,22,1.534880898215554,2161.1123046875,13.300378035351127,0,0,324,0.0,0.0,0.15,0.7,0.1,0.05,0.0
325,AlwaysCompact_C128,3,COMPACT_128KB,0.54725,-0.055,0.194314,0,248,924.6118369882995,165.35162925720215,22,1.534880898215554,2161.1123046875,13.300378035351127,0,0,324,0.0,0.0,0.15,0.7,0.1,0.05,0.0,158,527.8551986605685,174.299955368042,22,1.5443704778497869,2174.4736328125,10.578650456393447,0,0,325,0.0,0.0,0.15,0.75,0.05,0.05,0.0
326,AlwaysCompact_C128,3,COMPACT_128KB,0.54725,-0.055,0.193697,0,158,527.8551986605685,174.299955368042,22,1.5443704778497869,2174.4736328125,10.578650456393447,0,0,325,0.0,0.0,0.15,0.75,0.05,0.05,0.0,218,806.2441556975776,205.1413059234619,22,1.5577455000443892,2193.3056640625,6.918279169826542,0,0,326,0.0,0.0,0.15,0.75,0.05,0.05,0.0
327,AlwaysCompact_C128,3,COMPACT_128KB,0.54725,-0.055,0.19423,0,218,806.2441556975776,205.1413059234619,22,1.5577455000443892,2193.3056640625,6.918279169826542,0,0,326,0.0,0.0,0.15,0.75,0.05,0.05,0.0,263,936.6522844816241,178.4985065460205,22,1.5737845680930398,2215.888671875,3.6841963497830688,0,0,327,0.0,0.0,0.15,0.75,0.05,0.05,0.0
328,AlwaysCompact_C128,3,COMPACT_128KB,0.54725,-0.055,0.194475,0,263,936.6522844816241,178.4985065460205,22,1.5737845680930398,2215.888671875,3.6841963497830688,0,0,327,0.0,0.0,0.15,0.75,0.05,0.05,0.0,241,864.313949213092,166.23377799987793,22,1.588505831631747,2236.6162109375,4.786105190414966,0,0,328,0.0,0.0,0.15,0.75,0.05,0.05,0.0
329,AlwaysCompact_C128,3,COMPACT_128KB,0.547125,-0.055,0.194917,0,241,864.313949213092,166.23377799987793,22,1.588505831631747,2236.6162109375,4.786105190414966,0,0,328,0.0,0.0,0.15,0.75,0.05,0.05,0.0,159,609.8624400557468,139.1305923461914,23,1.5308008608610735,2253.3388671875,18.318443696844827,0,0,329,0.0,0.0,0.15,0.7,0.05,0.05,0.05
330,AlwaysCompact_C128,3,COMPACT_128KB,0.547125,-0.055,0.192311,0,159,609.8624400557468,139.1305923461914,23,1.5308008608610735,2253.3388671875,18.318443696844827,0,0,329,0.0,0.0,0.15,0.7,0.05,0.05,0.05,181,709.2200727185761,269.46282386779785,23,1.5412856392238452,2268.7724609375,15.229102059702528,0,0,330,0.0,0.0,0.15,0.65,0.1,0.05,0.05
331,AlwaysCompact_C128,3,COMPACT_128KB,0.547125,-0.055,0.195021,0,181,709.2200727185761,269.46282386779785,23,1.5412856392238452,2268.7724609375,15.229102059702528,0,0,330,0.0,0.0,0.15,0.65,0.1,0.05,0.05,233,860.7095233775487,133.95977020263672,23,1.5549276600713315,2288.853515625,11.317442385641,0,0,331,0.0,0.0,0.1,0.65,0.1,0.05,0.1
332,AlwaysCompact_C128,3,COMPACT_128KB,0.547125,-0.055,0.193464,0,233,860.7095233775487,133.95977020263672,23,1.5549276600713315,2288.853515625,11.317442385641,0,0,331,0.0,0.0,0.1,0.65,0.1,0.05,0.1,188,745.9764191239145,211.8232250213623,23,1.5660068677819294,2305.162109375,8.33990360063426,0,0,332,0.0,0.0,0.15,0.65,0.05,0.05,0.1
333,AlwaysCompact_C128,3,COMPACT_128KB,0.547125,-0.055,0.194421,0,188,745.9764191239145,211.8232250213623,23,1.5660068677819294,2305.162109375,8.33990360063426,0,0,332,0.0,0.0,0.15,0.65,0.05,0.05,0.1,190,730.3466617788572,163.96713256835938,23,1.577088729194973,2321.474609375,5.8434252681685,0,0,333,0.0,0.0,0.15,0.65,0.05,0.05,0.1
334,AlwaysCompact_C128,3,COMPACT_128KB,0.547125,-0.055,0.194265,0,190,730.3466617788572,163.96713256835938,23,1.577088729194973,2321.474609375,5.8434252681685,0,0,333,0.0,0.0,0.15,0.65,0.05,0.05,0.1,177,680.3238245177703,171.77248001098633,23,1.5889925749405571,2338.9970703125,4.678451052442837,0,0,334,0.0,0.0,0.15,0.6,0.05,0.1,0.1
335,AlwaysCompact_C128,3,COMPACT_128KB,0.547,-0.055,0.193073,0,177,680.3238245177703,171.77248001098633,23,1.5889925749405571,2338.9970703125,4.678451052442837,0,0,334,0.0,0.0,0.15,0.6,0.05,0.1,0.1,217,827.2307739849163,226.35269165039062,24,1.5368239084879558,2360.5615234375,16.98462392493551,0,0,335,0.0,0.0,0.15,0.6,0.05,0.1,0.1
336,AlwaysCompact_C128,3,COMPACT_128KB,0.547,-0.055,0.19497,0,217,827.2307739849163,226.35269165039062,24,1.5368239084879558,2360.5615234375,16.98462392493551,0,0,335,0.0,0.0,0.15,0.6,0.05,0.1,0.1,277,996.1581235750915,131.5162181854248,24,1.5522308349609375,2384.2265625,12.401080242442234,0,0,336,0.0,0.0,0.1,0.6,0.05,0.1,0.15
337,AlwaysCompact_C128,3,COMPACT_128KB,0.547,-0.055,0.194221,0,277,996.1581235750915,131.5162181854248,24,1.5522308349609375,2384.2265625,12.401080242442234,0,0,336,0.0,0.0,0.1,0.6,0.05,0.1,0.15,266,981.6745128955963,168.92576217651367,24,1.5672671000162761,2407.322265625,8.205813588527532,0,0,337,0.0,0.0,0.1,0.6,0.05,0.1,0.15
338,AlwaysCompact_C128,3,COMPACT_128KB,0.547,-0.055,0.194144,0,266,981.6745128955963,168.92576217651367,24,1.5672671000162761,2407.322265625,8.205813588527532,0,0,337,0.0,0.0,0.1,0.6,0.05,0.1,0.15,179,688.9821610634168,172.81460762023926,24,1.5773544311523438,2422.81640625,5.85245061866274,0,0,338,0.0,0.0,0.05,0.65,0.05,0.1,0.15
339,AlwaysCompact_C128,3,COMPACT_128KB,0.547,-0.055,0.193624,0,179,688.9821610634168,172.81460762023926,24,1.5773544311523438,2422.81640625,5.85245061866274,0,0,338,0.0,0.0,0.05,0.65,0.05,0.1,0.15,179,729.3733093699908,198.8213062286377,24,1.587399164835612,2438.2451171875,4.6028084629398025,0,0,339,0.0,0.0,0.05,0.7,0.05,0.05,0.15
340,AlwaysCompact_C128,3,COMPACT_128KB,0.546875,-0.055,0.193969,0,179,729.3733093699908,198.8213062286377,24,1.587399164835612,2438.2451171875,4.6028084629398025,0,0,339,0.0,0.0,0.05,0.7,0.05,0.05,0.15,197,650.9497739773835,176.53369903564453,25,1.5364080810546874,2458.2529296875,16.927858168989744,0,0,340,0.0,0.0,0.05,0.7,0.05,0.05,0.15
341,AlwaysCompact_C128,3,COMPACT_128KB,0.546875,-0.055,0.194521,0,197,650.9497739773835,176.53369903564453,25,1.5364080810546874,2458.2529296875,16.927858168989744,0,0,340,0.0,0.0,0.05,0.7,0.05,0.05,0.15,290,1055.1854634286835,148.96583557128906,25,1.5519097900390626,2483.0556640625,12.217833861000692,0,0,341,0.0,0.0,0.05,0.65,0.05,0.05,0.2
342,AlwaysCompact_C128,3,COMPACT_128KB,0.546875,-0.055,0.194504,0,290,1055.1854634286835,148.96583557128906,25,1.5519097900390626,2483.0556640625,12.217833861000692,0,0,341,0.0,0.0,0.05,0.65,0.05,0.05,0.2,157,644.3128055200053,149.78885650634766,25,1.5603668212890625,2496.5869140625,9.753545825487844,0,0,342,0.0,0.0,0.05,0.6,0.05,0.05,0.25
343,AlwaysCompact_C128,3,COMPACT_128KB,0.546875,-0.055,0.193839,0,157,644.3128055200053,149.78885650634766,25,1.5603668212890625,2496.5869140625,9.753545825487844,0,0,342,0.0,0.0,0.05,0.6,0.05,0.05,0.25,211,803.2374111558565,183.06231498718262,25,1.57165771484375,2514.65234375,6.758485832877013,0,0,343,0.0,0.0,0.05,0.6,0.05,0.05,0.25
344,AlwaysCompact_C128,3,COMPACT_128KB,0.546875,-0.055,0.194703,0,211,803.2374111558565,183.06231498718262,25,1.57165771484375,2514.65234375,6.758485832877013,0,0,343,0.0,0.0,0.05,0.6,0.05,0.05,0.25,239,779.2564824114353,139.8332118988037,25,1.584461669921875,2535.138671875,4.602901162728332,0,0,344,0.0,0.0,0.05,0.55,0.05,0.05,0.3
345,AlwaysCompact_C128,3,COMPACT_128KB,0.54675,-0.055,0.193741,0,239,779.2564824114353,139.8332118988037,25,1.584461669921875,2535.138671875,4.602901162728332,0,0,344,0.0,0.0,0.05,0.55,0.05,0.05,0.3,266,983.3704087604623,182.9533576965332,26,1.5389762291541467,2560.8564453125,15.513590887456767,0,0,345,0.0,0.0,0.05,0.5,0.05,0.1,0.3
346,AlwaysCompact_C128,3,COMPACT_128KB,0.54675,-0.055,0.19354,0,266,983.3704087604623,182.9533576965332,26,1.5389762291541467,2560.8564453125,15.513590887456767,0,0,345,0.0,0.0,0.05,0.5,0.05,0.1,0.3,261,923.7502639073476,192.99554824829102,26,1.5524110060471754,2583.2119140625,11.390202829898506,0,0,346,0.0,0.0,0.05,0.5,0.05,0.1,0.3
347,AlwaysCompact_C128,3,COMPACT_128KB,0.54675,-0.055,0.193698,0,261,923.7502639073476,192.99554824829102,26,1.5524110060471754,2583.2119140625,11.390202829898506,0,0,346,0.0,0.0,0.05,0.5,0.05,0.1,0.3,228,866.8863222876413,185.07790565490723,26,1.5641555786132812,2602.7548828125,8.015703896771878,0,0,347,0.0,0.0,0.05,0.45,0.05,0.15,0.3
348,AlwaysCompact_C128,3,COMPACT_128KB,0.54675,-0.055,0.193549,0,228,866.8863222876413,185.07790565490723,26,1.5641555786132812,2602.7548828125,8.015703896771878,0,0,347,0.0,0.0,0.05,0.45,0.05,0.15,0.3,268,941.6148745321552,192.56138801574707,26,1.5780592698317308,2625.890625,4.970370167578571,0,0,348,0.0,0.0,0.05,0.4,0.05,0.2,0.3
349,AlwaysCompact_C128,3,COMPACT_128KB,0.54675,-0.055,0.19132,0,268,941.6148745321552,192.56138801574707,26,1.5780592698317308,2625.890625,4.970370167578571,0,0,348,0.0,0.0,0.05,0.4,0.05,0.2,0.3,229,842.511191283807,303.9970397949219,26,1.5897381122295673,2645.32421875,4.827439239475775,0,0,349,0.0,0.0,0.05,0.4,0.1,0.2,0.25
350,AlwaysCompact_C128,3,COMPACT_128KB,0.546625,-0.055,0.194303,0,229,842.511191283807,303.9970397949219,26,1.5897381122295673,2645.32421875,4.827439239475775,0,0,349,0.0,0.0,0.05,0.4,0.1,0.2,0.25,184,705.7863230979713,149.84583854675293,27,1.541736744068287,2664.12109375,16.6501155894037,0,0,350,0.0,0.0,0.05,0.4,0.05,0.2,0.3
351,AlwaysCompact_C128,3,COMPACT_128KB,0.546625,-0.055,0.193439,0,184,705.7863230979713,149.84583854675293,27,1.541736744068287,2664.12109375,16.6501155894037,0,0,350,0.0,0.0,0.05,0.4,0.05,0.2,0.3,284,995.9402092575654,193.04895401000977,27,1.5558081732855902,2688.4365234375,12.236252415042832,0,0,351,0.0,0.0,0.05,0.4,0.05,0.25,0.25
352,AlwaysCompact_C128,3,COMPACT_128KB,0.546625,-0.055,0.194362,0,284,995.9402092575654,193.04895401000977,27,1.5558081732855902,2688.4365234375,12.236252415042832,0,0,351,0.0,0.0,0.05,0.4,0.05,0.25,0.25,189,542.8883903256823,146.89326286315918,27,1.565209847909433,2704.6826171875,9.431010355247292,0,0,352,0.0,0.0,0.0,0.4,0.05,0.25,0.3
353,AlwaysCompact_C128,3,COMPACT_128KB,0.546625,-0.055,0.192819,0,189,542.8883903256823,146.89326286315918,27,1.565209847909433,2704.6826171875,9.431010355247292,0,0,352,0.0,0.0,0.0,0.4,0.05,0.25,0.3,199,765.3074473537747,224.04742240905762,27,1.5751365379050926,2721.8359375,6.781351659790745,0,0,353,0.0,0.0,0.0,0.4,0.05,0.25,0.3
354,AlwaysCompact_C128,3,COMPACT_128KB,0.546625,-0.055,0.193674,0,199,765.3074473537747,224.04742240905762,27,1.5751365379050926,2721.8359375,6.781351659790745,0,0,353,0.0,0.0,0.0,0.4,0.05,0.25,0.3,195,739.3342740481138,181.2880039215088,27,1.584856386537905,2738.6318359375,5.004338170292897,0,0,354,0.0,0.0,0.0,0.45,0.05,0.2,0.3
355,AlwaysCompact_C128,3,COMPACT_128KB,0.546625,-0.055,0.189387,0,195,739.3342740481138,181.2880039215088,27,1.584856386537905,2738.6318359375,5.004338170292897,0,0,354,0.0,0.0,0.0,0.45,0.05,0.2,0.3,268,981.0355462500971,395.6630229949951,27,1.5982027407045718,2761.6943359375,5.507428168470614,0,0,355,0.0,0.0,0.0,0.4,0.1,0.2,0.3
356,AlwaysCompact_C128,3,COMPACT_128KB,0.5465,-0.055,0.193518,0,268,981.0355462500971,395.6630229949951,27,1.5982027407045718,2761.6943359375,5.507428168470614,0,0,355,0.0,0.0,0.0,0.4,0.1,0.2,0.3,189,724.9553544238161,184.07869338989258,28,1.5518477303641183,2780.9111328125,16.602663879884506,0,0,356,0.0,0.0,0.0,0.45,0.1,0.2,0.25
357,AlwaysCompact_C128,3,COMPACT_128KB,0.5465,-0.055,0.193299,0,189,724.9553544238161,184.07869338989258,28,1.5518477303641183,2780.9111328125,16.602663879884506,0,0,356,0.0,0.0,0.0,0.45,0.1,0.2,0.25,212,803.2379544900227,195.03331184387207,28,1.5619970049176897,2799.0986328125,13.399542507720298,0,0,357,0.0,0.0,0.0,0.4,0.1,0.2,0.3
358,AlwaysCompact_C128,3,COMPACT_128KB,0.5465,-0.055,0.193466,0,212,803.2379544900227,195.03331184387207,28,1.5619970049176897,2799.0986328125,13.399542507720298,0,0,357,0.0,0.0,0.0,0.4,0.1,0.2,0.3,284,1024.0017605664073,186.71584129333496,28,1.5756846836635046,2823.626953125,9.346785296960553,0,0,358,0.0,0.0,0.0,0.4,0.1,0.2,0.3
359,AlwaysCompact_C128,3,COMPACT_128KB,0.5465,-0.055,0.193345,0,284,1024.0017605664073,186.71584129333496,28,1.5756846836635046,2823.626953125,9.346785296960553,0,0,358,0.0,0.0,0.0,0.4,0.1,0.2,0.3,266,957.5683116718149,192.74210929870605,28,1.5884268624441964,2846.4609375,6.337889687138161,0,0,359,0.0,0.0,0.0,0.35,0.1,0.25,0.3
360,AlwaysCompact_C128,3,COMPACT_128KB,0.5465,-0.055,0.192558,0,266,957.5683116718149,192.74210929870605,28,1.5884268624441964,2846.4609375,6.337889687138161,0,0,359,0.0,0.0,0.0,0.35,0.1,0.25,0.3,228,863.9830004372761,232.09524154663086,28,1.6001875741141183,2867.5361328125,5.446116690218244,0,0,360,0.0,0.0,0.0,0.35,0.1,0.25,0.3
361,AlwaysCompact_C128,3,COMPACT_128KB,0.546375,-0.055,0.193244,0,228,863.9830004372761,232.09524154663086,28,1.6001875741141183,2867.5361328125,5.446116690218244,0,0,360,0.0,0.0,0.0,0.35,0.1,0.25,0.3,246,913.8273308912617,192.80362129211426,29,1.5579418313914333,2891.5400390625,15.51112598798579,0,0,361,0.0,0.0,0.0,0.4,0.1,0.25,0.25
362,AlwaysCompact_C128,3,COMPACT_128KB,0.546375,-0.055,0.193203,0,246,913.8273308912617,192.80362129211426,29,1.5579418313914333,2891.5400390625,15.51112598798579,0,0,361,0.0,0.0,0.0,0.4,0.1,0.25,0.25,199,799.4277220136388,194.86021995544434,29,1.5671376195447198,2908.607421875,12.583663936501527,0,0,362,0.0,0.0,0.0,0.45,0.1,0.25,0.2
363,AlwaysCompact_C128,3,COMPACT_128KB,0.546375,-0.055,0.190525,0,199,799.4277220136388,194.86021995544434,29,1.5671376195447198,2908.607421875,12.583663936501527,0,0,362,0.0,0.0,0.0,0.45,0.1,0.25,0.2,172,692.4037250925467,328.75990867614746,29,1.5751269110317887,2923.435546875,10.15881990761325,0,0,363,0.0,0.0,0.0,0.4,0.15,0.25,0.2
364,AlwaysCompact_C128,3,COMPACT_128KB,0.546375,-0.055,0.192996,0,172,692.4037250925467,328.75990867614746,29,1.5751269110317887,2923.435546875,10.15881990761325,0,0,363,0.0,0.0,0.0,0.4,0.15,0.25,0.2,195,747.3758621571932,205.22022247314453,29,1.5841811607623923,2940.240234375,7.683357417854029,0,0,364,0.0,0.0,0.0,0.4,0.15,0.3,0.15
365,AlwaysCompact_C128,3,COMPACT_128KB,0.546375,-0.055,0.193188,0,195,747.3758621571932,205.22022247314453,29,1.5841811607623923,2940.240234375,7.683357417854029,0,0,364,0.0,0.0,0.0,0.4,0.15,0.3,0.15,167,656.2915065638635,195.62411308288574,29,1.5918963202114762,2954.5595703125,6.063554054848324,0,0,365,0.0,0.0,0.0,0.45,0.15,0.25,0.15
366,AlwaysCompact_C128,3,COMPACT_128KB,0.546375,-0.055,0.192995,0,167,656.2915065638635,195.62411308288574,29,1.5918963202114762,2954.5595703125,6.063554054848324,0,0,365,0.0,0.0,0.0,0.45,0.15,0.25,0.15,199,770.1879049715885,205.23905754089355,29,1.6011299922548492,2971.697265625,5.357834716744856,0,0,366,0.0,0.0,0.0,0.4,0.15,0.3,0.15
367,AlwaysCompact_C128,3,COMPACT_128KB,0.54625,-0.055,0.192886,0,199,770.1879049715885,205.23905754089355,29,1.6011299922548492,2971.697265625,5.357834716744856,0,0,366,0.0,0.0,0.0,0.4,0.15,0.3,0.15,165,649.1025530398244,205.69872856140137,30,1.5566919962565104,2988.8486328125,16.44299285545728,0,0,367,0.0,0.0,0.0,0.45,0.15,0.25,0.15
368,AlwaysCompact_C128,3,COMPACT_128KB,0.54625,-0.055,0.192989,0,165,649.1025530398244,205.69872856140137,30,1.5566919962565104,2988.8486328125,16.44299285545728,0,0,367,0.0,0.0,0.0,0.45,0.15,0.25,0.15,195,778.2387917967475,200.52599906921387,30,1.5654261271158854,3005.6181640625,13.577914478262457,0,0,368,0.0,0.0,0.0,0.45,0.15,0.2,0.2
369,AlwaysCompact_C128,3,COMPACT_128KB,0.54625,-0.055,0.192898,0,195,778.2387917967475,200.52599906921387,30,1.5654261271158854,3005.6181640625,13.577914478262457,0,0,368,0.0,0.0,0.0,0.45,0.15,0.2,0.2,224,845.7628287993086,205.1234245300293,30,1.5754872639973958,3024.935546875,10.417110987725987,0,0,369,0.0,0.0,0.0,0.5,0.1,0.2,0.2
370,AlwaysCompact_C128,3,COMPACT_128KB,0.54625,-0.055,0.192975,0,224,845.7628287993086,205.1234245300293,30,1.5754872639973958,3024.935546875,10.417110987725987,0,0,369,0.0,0.0,0.0,0.5,0.1,0.2,0.2,276,944.6044800720676,201.263427734375,30,1.5878290812174478,3048.6318359375,7.0324773986482665,0,0,370,0.0,0.0,0.0,0.55,0.1,0.2,0.15
371,AlwaysCompact_C128,3,COMPACT_128KB,0.54625,-0.055,0.193119,0,276,944.6044800720676,201.263427734375,30,1.5878290812174478,3048.6318359375,7.0324773986482665,0,0,370,0.0,0.0,0.0,0.55,0.1,0.2,0.15,291,1020.3105916341622,194.0476894378662,30,1.6007268269856771,3073.3955078125,5.266544448318874,0,0,371,0.0,0.0,0.0,0.6,0.1,0.15,0.15
372,AlwaysCompact_C128,3,COMPACT_128KB,0.546125,-0.055,0.189326,0,291,1020.3105916341622,194.0476894378662,30,1.6007268269856771,3073.3955078125,5.266544448318874,0,0,371,0.0,0.0,0.0,0.6,0.1,0.15,0.15,264,890.40084336274,378.71742248535156,31,1.5619762789818548,3098.9609375,14.74719408876526,0,0,372,0.0,0.0,0.0,0.6,0.15,0.15,0.1
373,AlwaysCompact_C128,3,COMPACT_128KB,0.546125,-0.055,0.193759,0,264,890.40084336274,378.71742248535156,31,1.5619762789818548,3098.9609375,14.74719408876526,0,0,372,0.0,0.0,0.0,0.6,0.15,0.15,0.1,237,907.9392716026605,157.03654289245605,31,1.572203113186744,3119.2509765625,11.407010997604608,0,0,373,0.0,0.0,0.0,0.55,0.15,0.15,0.15
374,AlwaysCompact_C128,3,COMPACT_128KB,0.546125,-0.055,0.191843,0,237,907.9392716026605,157.03654289245605,31,1.572203113186744,3119.2509765625,11.407010997604608,0,0,373,0.0,0.0,0.0,0.55,0.15,0.15,0.15,215,790.4998571135535,252.87246704101562,31,1.5814745503087198,3137.6455078125,8.59509250163897,0,0,374,0.0,0.0,0.05,0.5,0.15,0.15,0.15
375,AlwaysCompact_C128,3,COMPACT_128KB,0.546125,-0.055,0.192913,0,215,790.4998571135535,252.87246704101562,31,1.5814745503087198,3137.6455078125,8.59509250163897,0,0,374,0.0,0.0,0.05,0.5,0.15,0.15,0.15,157,626.6499764473015,199.3701457977295,31,1.5883429742628528,3151.2724609375,6.803304767460142,0,0,375,0.0,0.0,0.05,0.55,0.1,0.15,0.15
376,AlwaysCompact_C128,3,COMPACT_128KB,0.546125,-0.055,0.192799,0,157,626.6499764473015,199.3701457977295,31,1.5883429742628528,3151.2724609375,6.803304767460142,0,0,375,0.0,0.0,0.05,0.55,0.1,0.15,0.15,198,781.3870220489302,205.05738258361816,31,1.5969376102570565,3168.32421875,5.351175843047575,0,0,376,0.0,0.0,0.05,0.55,0.1,0.15,0.15
377,AlwaysCompact_C128,3,COMPACT_128KB,0.546125,-0.055,0.193672,0,198,781.3870220489302,205.05738258361816,31,1.5969376102570565,3168.32421875,5.351175843047575,0,0,376,0.0,0.0,0.05,0.55,0.1,0.15,0.15,262,962.7607605660703,161.4072322845459,31,1.608242896295363,3190.75390625,5.829663779613285,0,0,377,0.0,0.0,0.05,0.55,0.1,0.15,0.15
378,AlwaysCompact_C128,3,COMPACT_128KB,0.546,-0.055,0.191708,0,262,962.7607605660703,161.4072322845459,31,1.608242896295363,3190.75390625,5.829663779613285,0,0,377,0.0,0.0,0.05,0.55,0.1,0.15,0.15,214,762.1558665417891,254.61769104003906,32,1.5684127807617188,3212.109375,15.518579355238101,0,0,378,0.0,0.0,0.1,0.5,0.1,0.15,0.15
379,AlwaysCompact_C128,3,COMPACT_128KB,0.546,-0.055,0.19334,0,214,762.1558665417891,254.61769104003906,32,1.5684127807617188,3212.109375,15.518579355238101,0,0,378,0.0,0.0,0.1,0.5,0.1,0.15,0.15,164,636.0800359529283,173.01106452941895,32,1.5753002166748047,3226.21484375,13.233694283130692,0,0,379,0.0,0.0,0.1,0.5,0.1,0.1,0.2
380,AlwaysCompact_C128,3,COMPACT_128KB,0.546,-0.055,0.19267,0,164,636.0800359529283,173.01106452941895,32,1.5753002166748047,3226.21484375,13.233694283130692,0,0,379,0.0,0.0,0.1,0.5,0.1,0.1,0.2,219,807.0618269744426,206.50339126586914,32,1.584449291229248,3244.9521484375,10.348585458248206,0,0,380,0.0,0.0,0.1,0.5,0.1,0.1,0.2
381,AlwaysCompact_C128,3,COMPACT_128KB,0.546,-0.055,0.192647,0,219,807.0618269744426,206.50339126586914,32,1.584449291229248,3244.9521484375,10.348585458248206,0,0,380,0.0,0.0,0.1,0.5,0.1,0.1,0.2,189,706.2659141226729,207.63015747070312,32,1.5924043655395508,3261.244140625,8.10982665454945,0,0,381,0.0,0.0,0.1,0.5,0.1,0.1,0.2
382,AlwaysCompact_C128,3,COMPACT_128KB,0.546,-0.055,0.193313,0,189,706.2659141226729,207.63015747070312,32,1.5924043655395508,3261.244140625,8.10982665454945,0,0,381,0.0,0.0,0.1,0.5,0.1,0.1,0.2,269,910.9519821017811,174.35550689697266,32,1.6036972999572754,3284.3720703125,5.966318650896812,0,0,382,0.0,0.0,0.1,0.45,0.1,0.1,0.25
383,AlwaysCompact_C128,3,COMPACT_128KB,0.546,-0.055,0.192675,0,269,910.9519821017811,174.35550689697266,32,1.6036972999572754,3284.3720703125,5.966318650896812,0,0,382,0.0,0.0,0.1,0.45,0.1,0.1,0.25,224,834.4405004560662,206.2382698059082,32,1.613095760345459,3303.6201171875,5.997955789831209,0,0,383,0.0,0.0,0.1,0.5,0.05,0.1,0.25
384,AlwaysCompact_C128,3,COMPACT_128KB,0.545875,-0.055,0.1919,0,224,834.4405004560662,206.2382698059082,32,1.613095760345459,3303.6201171875,5.997955789831209,0,0,383,0.0,0.0,0.1,0.5,0.05,0.1,0.25,213,780.309728337437,239.98284339904785,33,1.5742682254675664,3324.8544921875,15.447571681424584,0,0,384,0.0,0.0,0.1,0.55,0.05,0.05,0.25
385,AlwaysCompact_C128,3,COMPACT_128KB,0.545875,-0.055,0.19216,0,213,780.309728337437,239.98284339904785,33,1.5742682254675664,3324.8544921875,15.447571681424584,0,0,384,0.0,0.0,0.1,0.55,0.05,0.05,0.25,292,1046.2273628891307,227.0052433013916,33,1.5860706676136365,3349.78125,11.5573332074976,0,0,385,0.0,0.0,0.1,0.55,0.05,0.05,0.25
386,AlwaysCompact_C128,3,COMPACT_128KB,0.545875,-0.055,0.192233,0,292,1046.2273628891307,227.0052433013916,33,1.5860706676136365,3349.78125,11.5573332074976,0,0,385,0.0,0.0,0.1,0.55,0.05,0.05,0.25,272,923.6199045494841,223.3717441558838,33,1.597125429095644,3373.12890625,8.326225950847398,0,0,386,0.0,0.0,0.1,0.6,0.05,0.0,0.25
387,AlwaysCompact_C128,3,COMPACT_128KB,0.545875,-0.055,0.191878,0,272,923.6199045494841,223.3717441558838,33,1.597125429095644,3373.12890625,8.326225950847398,0,0,386,0.0,0.0,0.1,0.6,0.05,0.0,0.25,254,835.7737020187637,241.09816551208496,33,1.6074209502249053,3394.873046875,6.26131924797205,0,0,387,0.0,0.0,0.1,0.6,0.05,0.0,0.25
388,AlwaysCompact_C128,3,COMPACT_128KB,0.545875,-0.055,0.191491,0,254,835.7737020187637,241.09816551208496,33,1.6074209502249053,3394.873046875,6.26131924797205,0,0,387,0.0,0.0,0.1,0.6,0.05,0.0,0.25,201,718.1011885799561,260.47492027282715,33,1.6156375769412878,3412.2265625,5.977000735454851,0,0,388,0.0,0.0,0.1,0.65,0.05,0.0,0.2
389,AlwaysCompact_C128,3,COMPACT_128KB,0.54575,-0.055,0.192037,0,201,718.1011885799561,260.47492027282715,33,1.6156375769412878,3412.2265625,5.977000735454851,0,0,388,0.0,0.0,0.1,0.65,0.05,0.0,0.2,296,940.8117367120838,228.13701629638672,34,1.5810878978056067,3440.447265625,14.17316736977567,0,0,389,0.0,0.0,0.1,0.65,0.05,0.0,0.2
390,AlwaysCompact_C128,3,COMPACT_128KB,0.54575,-0.055,0.190735,0,296,940.8117367120838,228.13701629638672,34,1.5810878978056067,3440.447265625,14.17316736977567,0,0,389,0.0,0.0,0.1,0.65,0.05,0.0,0.2,222,817.8803275261447,293.2696342468262,34,1.589830286362592,3459.470703125,11.286897831752514,0,0,390,0.0,0.0,0.1,0.65,0.05,0.0,0.2
391,AlwaysCompact_C128,3,COMPACT_128KB,0.54575,-0.055,0.189924,0,222,817.8803275261447,293.2696342468262,34,1.589830286362592,3459.470703125,11.286897831752514,0,0,390,0.0,0.0,0.1,0.65,0.05,0.0,0.2,281,855.2753914087814,333.7864875793457,34,1.6009184893439798,3483.5986328125,8.050697861972049,0,0,391,0.0,0.0,0.15,0.6,0.05,0.0,0.2
392,AlwaysCompact_C128,3,COMPACT_128KB,0.54575,-0.055,0.19182,0,281,855.2753914087814,333.7864875793457,34,1.6009184893439798,3483.5986328125,8.050697861972049,0,0,391,0.0,0.0,0.15,0.6,0.05,0.0,0.2,161,622.5481364570004,238.99412155151367,34,1.607267043169807,3497.4130859375,6.6633043283404625,0,0,392,0.0,0.0,0.15,0.6,0.0,0.05,0.2
393,AlwaysCompact_C128,3,COMPACT_128KB,0.54575,-0.055,0.192065,0,161,622.5481364570004,238.99412155151367,34,1.607267043169807,3497.4130859375,6.6633043283404625,0,0,392,0.0,0.0,0.15,0.6,0.0,0.05,0.2,215,800.1293302704348,226.75633430480957,34,1.6157459932215072,3515.86328125,5.885882513432507,0,0,393,0.0,0.0,0.15,0.65,0.0,0.05,0.15
394,AlwaysCompact_C128,3,COMPACT_128KB,0.545625,-0.055,0.19284,0,215,800.1293302704348,226.75633430480957,34,1.6157459932215072,3515.86328125,5.885882513432507,0,0,393,0.0,0.0,0.15,0.65,0.0,0.05,0.15,211,773.3543849285585,182.98792839050293,35,1.5790287562779017,3537.0244140625,15.063075849221889,0,0,394,0.0,0.0,0.1,0.65,0.0,0.05,0.2
395,AlwaysCompact_C128,3,COMPACT_128KB,0.545625,-0.055,0.191718,0,211,773.3543849285585,182.98792839050293,35,1.5790287562779017,3537.0244140625,15.063075849221889,0,0,394,0.0,0.0,0.1,0.65,0.0,0.05,0.2,224,760.1561342500821,239.08281326293945,35,1.5875932965959823,3556.208984375,12.134584406936373,0,0,395,0.0,0.0,0.1,0.65,0.0,0.05,0.2
396,AlwaysCompact_C128,3,COMPACT_128KB,0.545625,-0.055,0.191707,0,224,760.1561342500821,239.08281326293945,35,1.5875932965959823,3556.208984375,12.134584406936373,0,0,395,0.0,0.0,0.1,0.65,0.0,0.05,0.2,196,747.4078258916842,239.64238166809082,35,1.595103236607143,3573.03125,9.732098123460693,0,0,396,0.0,0.0,0.1,0.65,0.0,0.05,0.2
397,AlwaysCompact_C128,3,COMPACT_128KB,0.545625,-0.055,0.191868,0,196,747.4078258916842,239.64238166809082,35,1.595103236607143,3573.03125,9.732098123460693,0,0,396,0.0,0.0,0.1,0.65,0.0,0.05,0.2,278,941.2004349156201,231.6110134124756,35,1.605755615234375,3596.892578125,6.9233740478437475,0,0,397,0.0,0.0,0.1,0.7,0.0,0.05,0.15
398,AlwaysCompact_C128,3,COMPACT_128KB,0.545625,-0.055,0.191296,0,278,941.2004349156201,231.6110134124756,35,1.605755615234375,3596.892578125,6.9233740478437475,0,0,397,0.0,0.0,0.1,0.7,0.0,0.05,0.15,183,670.063406372763,260.2076530456543,35,1.612815202985491,3612.7060546875,5.903903657032006,0,0,398,0.0,0.0,0.05,0.75,0.0,0.05,0.15
399,AlwaysCompact_C128,3,COMPACT_128KB,0.5455,-0.055,0.189571,0,183,670.063406372763,260.2076530456543,35,1.612815202985491,3612.7060546875,5.903903657032006,0,0,398,0.0,0.0,0.05,0.75,0.0,0.05,0.15,272,806.252054233024,341.4449691772461,36,1.5793919033474393,3638.9189453125,14.092047001724126,0,0,399,0.0,0.0,0.05,0.8,0.0,0.05,0.1
400,AlwaysCompact_C128,3,COMPACT_128KB,0.5455,-0.055,0.189608,0,272,806.252054233024,341.4449691772461,36,1.5793919033474393,3638.9189453125,14.092047001724126,0,0,399,0.0,0.0,0.05,0.8,0.0,0.05,0.1,206,576.4462410391725,339.6153450012207,36,1.5870759752061632,3656.623046875,11.469566141617873,0,0,400,0.0,0.0,0.05,0.8,0.0,0.05,0.1
401,AlwaysCompact_C128,3,COMPACT_128KB,0.5455,-0.055,0.189634,0,206,576.4462410391725,339.6153450012207,36,1.5870759752061632,3656.623046875,11.469566141617873,0,0,400,0.0,0.0,0.05,0.8,0.0,0.05,0.1,259,704.244583767412,338.3066654205322,36,1.5967076619466145,3678.814453125,8.492236104989802,0,0,401,0.0,0.0,0.05,0.75,0.0,0.1,0.1
402,AlwaysCompact_C128,3,COMPACT_128KB,0.5455,-0.055,0.189471,0,259,704.244583767412,338.3066654205322,36,1.5967076619466145,3678.814453125,8.492236104989802,0,0,401,0.0,0.0,0.05,0.75,0.0,0.1,0.1,196,617.9221166566446,346.4314937591553,36,1.6040916442871094,3695.8271484375,6.714287920563054,0,0,402,0.0,0.0,0.05,0.75,0.0,0.15,0.05
403,AlwaysCompact_C128,3,COMPACT_128KB,0.5455,-0.055,0.183032,0,196,617.9221166566446,346.4314937591553,36,1.6040916442871094,3695.8271484375,6.714287920563054,0,0,402,0.0,0.0,0.05,0.75,0.0,0.15,0.05,285,805.1854037254529,668.3804988861084,36,1.6145977444118924,3720.033203125,5.859072032769591,0,0,403,0.0,0.0,0.05,0.7,0.05,0.15,0.05
404,AlwaysCompact_C128,3,COMPACT_128KB,0.545375,-0.055,0.183443,0,285,805.1854037254529,668.3804988861084,36,1.6145977444118924,3720.033203125,5.859072032769591,0,0,403,0.0,0.0,0.05,0.7,0.05,0.15,0.05,196,555.5365782290997,642.8554058074951,37,1.5793419915276605,3739.8818359375,14.891254232347976,0,0,404,0.0,0.0,0.05,0.65,0.1,0.15,0.05
405,AlwaysCompact_C128,3,COMPACT_128KB,0.545375,-0.055,0.190968,0,196,555.5365782290997,642.8554058074951,37,1.5793419915276605,3739.8818359375,14.891254232347976,0,0,404,0.0,0.0,0.05,0.65,0.1,0.15,0.05,247,626.9846605605861,266.6130065917969,37,1.5882910651129645,3761.0732421875,11.758205813984171,0,0,405,0.0,0.0,0.05,0.6,0.1,0.15,0.1
406,AlwaysCompact_C128,3,COMPACT_128KB,0.545375,-0.055,0.187325,0,247,626.9846605605861,266.6130065917969,37,1.5882910651129645,3761.0732421875,11.758205813984171,0,0,405,0.0,0.0,0.05,0.6,0.1,0.15,0.1,166,448.78296898083573,448.7617015838623,37,1.5945261362436656,3775.837890625,9.71755220981687,0,0,406,0.0,0.0,0.05,0.55,0.15,0.15,0.1
407,AlwaysCompact_C128,3,COMPACT_128KB,0.545375,-0.055,0.192605,0,166,448.78296898083573,448.7617015838623,37,1.5945261362436656,3775.837890625,9.71755220981687,0,0,406,0.0,0.0,0.05,0.55,0.15,0.15,0.1,279,960.9133239886977,184.74245071411133,37,1.6044414623363599,3799.3173828125,7.000553415969877,0,0,407,0.0,0.0,0.05,0.5,0.15,0.15,0.15
408,AlwaysCompact_C128,3,COMPACT_128KB,0.545375,-0.055,0.192493,0,279,960.9133239886977,184.74245071411133,37,1.6044414623363599,3799.3173828125,7.000553415969877,0,0,407,0.0,0.0,0.05,0.5,0.15,0.15,0.15,161,497.2196407086866,190.34194946289062,37,1.610313621727196,3813.22265625,6.013043357447316,0,0,408,0.0,0.0,0.05,0.45,0.15,0.15,0.2
409,AlwaysCompact_C128,3,COMPACT_128KB,0.545375,-0.055,0.190205,0,161,497.2196407086866,190.34194946289062,37,1.610313621727196,3813.22265625,6.013043357447316,0,0,408,0.0,0.0,0.05,0.45,0.15,0.15,0.2,258,878.8334137344618,304.7447204589844,37,1.6196911786053632,3835.4287109375,6.107935315507,0,0,409,0.0,0.0,0.1,0.4,0.15,0.15,0.2
410,AlwaysCompact_C128,3,COMPACT_128KB,0.54525,-0.055,0.190933,0,258,878.8334137344618,304.7447204589844,37,1.6196911786053632,3835.4287109375,6.107935315507,0,0,409,0.0,0.0,0.1,0.4,0.15,0.15,0.2,160,572.3404523877346,263.3676528930664,38,1.5839847765470807,3852.2509765625,15.3212778062145,0,0,410,0.0,0.0,0.1,0.35,0.15,0.2,0.2
411,AlwaysCompact_C128,3,COMPACT_128KB,0.54525,-0.055,0.190556,0,160,572.3404523877346,263.3676528930664,38,1.5839847765470807,3852.2509765625,15.3212778062145,0,0,410,0.0,0.0,0.1,0.35,0.15,0.2,0.2,217,768.5423614318657,282.207727432251,38,1.5916519165039062,3870.8974609375,12.596391215287495,0,0,411,0.0,0.0,0.1,0.35,0.15,0.2,0.2
412,AlwaysCompact_C128,3,COMPACT_128KB,0.54525,-0.055,0.190724,0,217,768.5423614318657,282.207727432251,38,1.5916519165039062,3870.8974609375,12.596391215287495,0,0,411,0.0,0.0,0.1,0.35,0.15,0.2,0.2,184,671.0647150840709,273.79703521728516,38,1.5981561761153371,3886.7158203125,10.415436886313,0,0,412,0.0,0.0,0.1,0.4,0.15,0.15,0.2
413,AlwaysCompact_C128,3,COMPACT_128KB,0.54525,-0.055,0.189485,0,184,671.0647150840709,273.79703521728516,38,1.5981561761153371,3886.7158203125,10.415436886313,0,0,412,0.0,0.0,0.1,0.4,0.15,0.15,0.2,202,680.2538824077271,335.73246002197266,38,1.6053506951583059,3904.212890625,8.264835626729026,0,0,413,0.0,0.0,0.15,0.35,0.15,0.15,0.2
414,AlwaysCompact_C128,3,COMPACT_128KB,0.54525,-0.055,0.190483,0,202,680.2538824077271,335.73246002197266,38,1.6053506951583059,3904.212890625,8.264835626729026,0,0,413,0.0,0.0,0.15,0.35,0.15,0.15,0.2,219,746.7470001755995,285.86411476135254,38,1.6131427162571956,3923.1630859375,6.555389642468125,0,0,414,0.0,0.0,0.2,0.35,0.15,0.15,0.15
415,AlwaysCompact_C128,3,COMPACT_128KB,0.54525,-0.055,0.18731,0,219,746.7470001755995,285.86411476135254,38,1.6131427162571956,3923.1630859375,6.555389642468125,0,0,414,0.0,0.0,0.2,0.35,0.15,0.15,0.15,247,845.5002015829567,444.4901943206787,38,1.6218574925472862,3944.357421875,6.085147733275111,0,0,415,0.0,0.0,0.25,0.3,0.15,0.15,0.15
416,AlwaysCompact_C128,3,COMPACT_128KB,0.545125,-0.055,0.190118,0,247,845.5002015829567,444.4901943206787,38,1.6218574925472862,3944.357421875,6.085147733275111,0,0,415,0.0,0.0,0.25,0.3,0.15,0.15,0.15,240,826.7197318053289,299.0882396697998,39,1.5896805983323317,3967.8427734375,14.193164838385764,0,0,416,0.0,0.0,0.3,0.25,0.15,0.15,0.15
417,AlwaysCompact_C128,3,COMPACT_128KB,0.545125,-0.055,0.192258,0,240,826.7197318053289,299.0882396697998,39,1.5896805983323317,3967.8427734375,14.193164838385764,0,0,416,0.0,0.0,0.3,0.25,0.15,0.15,0.15,162,590.0488536864309,192.0790672302246,39,1.5952606201171875,3981.7705078125,12.208868165655476,0,0,417,0.0,0.0,0.3,0.2,0.15,0.15,0.2
418,AlwaysCompact_C128,3,COMPACT_128KB,0.545125,-0.055,0.187142,0,162,590.0488536864309,192.0790672302246,39,1.5952606201171875,3981.7705078125,12.208868165655476,0,0,417,0.0,0.0,0.3,0.2,0.15,0.15,0.2,171,649.2213464066014,447.9043483734131,39,1.6011857252854567,3996.5595703125,10.213554445830589,0,0,418,0.0,0.0,0.3,0.15,0.2,0.15,0.2
419,AlwaysCompact_C128,3,COMPACT_128KB,0.545125,-0.055,0.190049,0,171,649.2213464066014,447.9043483734131,39,1.6011857252854567,3996.5595703125,10.213554445830589,0,0,418,0.0,0.0,0.3,0.15,0.2,0.15,0.2,235,816.1347465759833,302.5696277618408,39,1.6093022273137019,4016.818359375,7.825328753356687,0,0,419,0.0,0.0,0.35,0.1,0.2,0.15,0.2
420,AlwaysCompact_C128,3,COMPACT_128KB,0.545125,-0.055,0.19026,0,235,816.1347465759833,302.5696277618408,39,1.6093022273137019,4016.818359375,7.825328753356687,0,0,419,0.0,0.0,0.35,0.1,0.2,0.15,0.2,188,662.1054190716256,291.98455810546875,39,1.6157801701472356,4032.9873046875,6.4772320868932995,0,0,420,0.0,0.0,0.4,0.05,0.2,0.15,0.2
421,AlwaysCompact_C128,3,COMPACT_128KB,0.545125,-0.055,0.19037,0,188,662.1054190716256,291.98455810546875,39,1.6157801701472356,4032.9873046875,6.4772320868932995,0,0,420,0.0,0.0,0.4,0.05,0.2,0.15,0.2,218,754.8925128979074,286.52477264404297,39,1.624167026617588,4053.9208984375,6.075083628453138,0,0,421,0.0,0.0,0.45,0.05,0.2,0.1,0.2
422,AlwaysCompact_C128,3,COMPACT_128KB,0.545,-0.055,0.190594,0,218,754.8925128979074,286.52477264404297,39,1.624167026617588,4053.9208984375,6.075083628453138,0,0,421,0.0,0.0,0.45,0.05,0.2,0.1,0.2,166,596.893741164529,270.2779769897461,40,1.590276336669922,4071.107421875,14.971422050855013,0,0,422,0.0,0.0,0.45,0.05,0.2,0.1,0.2
423,AlwaysCompact_C128,3,COMPACT_128KB,0.545,-0.055,0.186747,0,166,596.893741164529,270.2779769897461,40,1.590276336669922,4071.107421875,14.971422050855013,0,0,422,0.0,0.0,0.45,0.05,0.2,0.1,0.2,244,640.3004739953251,462.660551071167,40,1.5984397888183595,4092.005859375,12.01684234162018,0,0,423,0.0,0.0,0.5,0.05,0.15,0.1,0.2
424,AlwaysCompact_C128,3,COMPACT_128KB,0.545,-0.055,0.191034,0,244,640.3004739953251,462.660551071167,40,1.5984397888183595,4092.005859375,12.01684234162018,0,0,423,0.0,0.0,0.5,0.05,0.15,0.1,0.2,269,643.2849554938776,248.31342697143555,40,1.6074199676513672,4114.9951171875,9.050499218476284,0,0,424,0.0,0.0,0.5,0.05,0.1,0.1,0.25
425,AlwaysCompact_C128,3,COMPACT_128KB,0.545,-0.055,0.191018,0,269,643.2849554938776,248.31342697143555,40,1.6074199676513672,4114.9951171875,9.050499218476284,0,0,424,0.0,0.0,0.5,0.05,0.1,0.1,0.25,190,704.0861176466431,249.07922744750977,40,1.613823699951172,4131.388671875,7.313592969785591,0,0,425,0.0,0.0,0.5,0.1,0.1,0.1,0.2
426,AlwaysCompact_C128,3,COMPACT_128KB,0.545,-0.055,0.186827,0,190,704.0861176466431,249.07922744750977,40,1.613823699951172,4131.388671875,7.313592969785591,0,0,425,0.0,0.0,0.5,0.1,0.1,0.1,0.2,235,806.8722632846069,458.6670398712158,40,1.6217117309570312,4151.58203125,6.078488512605361,0,0,426,0.0,0.0,0.5,0.1,0.1,0.1,0.2
427,AlwaysCompact_C128,3,COMPACT_128KB,0.544875,-0.055,0.190552,0,235,806.8722632846069,458.6670398712158,40,1.6217117309570312,4151.58203125,6.078488512605361,0,0,426,0.0,0.0,0.5,0.1,0.1,0.1,0.2,194,698.7883208795323,267.41576194763184,41,1.5896349651057546,4171.2021484375,14.450496450955988,0,0,427,0.0,0.0,0.5,0.1,0.1,0.1,0.2
428,AlwaysCompact_C128,3,COMPACT_128KB,0.544875,-0.055,0.190768,0,194,698.7883208795323,267.41576194763184,41,1.5896349651057546,4171.2021484375,14.450496450955988,0,0,427,0.0,0.0,0.5,0.1,0.1,0.1,0.2,168,603.8636616444895,256.60133361816406,41,1.5951467374475992,4185.6650390625,12.431273835405428,0,0,428,0.0,0.0,0.5,0.15,0.1,0.1,0.15
429,AlwaysCompact_C128,3,COMPACT_128KB,0.544875,-0.055,0.186487,0,168,603.8636616444895,256.60133361816406,41,1.5951467374475992,4185.6650390625,12.431273835405428,0,0,428,0.0,0.0,0.5,0.15,0.1,0.1,0.15,200,694.8514477507596,470.6406593322754,41,1.601738906488186,4202.962890625,10.149694382357469,0,0,429,0.0,0.0,0.45,0.15,0.15,0.1,0.15
430,AlwaysCompact_C128,3,COMPACT_128KB,0.544875,-0.055,0.189959,0,200,694.8514477507596,470.6406593322754,41,1.601738906488186,4202.962890625,10.149694382357469,0,0,429,0.0,0.0,0.45,0.15,0.15,0.1,0.15,223,788.0582536214728,297.06811904907227,41,1.6090113942216082,4222.0458984375,7.944315946761613,0,0,430,0.0,0.0,0.5,0.15,0.15,0.05,0.15
431,AlwaysCompact_C128,3,COMPACT_128KB,0.544875,-0.055,0.190444,0,223,788.0582536214728,297.06811904907227,41,1.6090113942216082,4222.0458984375,7.944315946761613,0,0,430,0.0,0.0,0.5,0.15,0.15,0.05,0.15,229,821.8095087344932,272.7832794189453,41,1.6165071813071645,4241.71484375,6.369714363226067,0,0,431,0.0,0.0,0.45,0.2,0.15,0.05,0.15
432,AlwaysCompact_C128,3,COMPACT_128KB,0.544875,-0.055,0.190563,0,229,821.8095087344932,272.7832794189453,41,1.6165071813071645,4241.71484375,6.369714363226067,0,0,431,0.0,0.0,0.45,0.2,0.15,0.05,0.15,242,839.2499067749593,266.86954498291016,41,1.6243874154439786,4262.392578125,6.101362481783082,0,0,432,0.0,0.0,0.45,0.15,0.15,0.1,0.15
433,AlwaysCompact_C128,3,COMPACT_128KB,0.54475,-0.055,0.189697,0,242,839.2499067749593,266.86954498291016,41,1.6243874154439786,4262.392578125,6.101362481783082,0,0,432,0.0,0.0,0.45,0.15,0.15,0.1,0.15,292,982.4317628694135,305.13763427734375,42,1.596088591076079,4290.2861328125,13.194162317731859,0,0,433,0.0,0.0,0.45,0.15,0.15,0.1,0.15
434,AlwaysCompact_C128,3,COMPACT_128KB,0.54475,-0.055,0.189264,0,292,982.4317628694135,305.13763427734375,42,1.596088591076079,4290.2861328125,13.194162317731859,0,0,433,0.0,0.0,0.45,0.15,0.15,0.1,0.15,282,929.5112165910931,326.8170356750488,42,1.6050709315708704,4314.4306640625,10.025385987942702,0,0,434,0.0,0.0,0.4,0.15,0.15,0.15,0.15
435,AlwaysCompact_C128,3,COMPACT_128KB,0.54475,-0.055,0.190661,0,282,929.5112165910931,326.8170356750488,42,1.6050709315708704,4314.4306640625,10.025385987942702,0,0,434,0.0,0.0,0.4,0.15,0.15,0.15,0.15,184,634.0871722864136,256.929874420166,42,1.6109880719866072,4330.3359375,8.197908069990646,0,0,435,0.0,0.0,0.35,0.2,0.15,0.15,0.15
436,AlwaysCompact_C128,3,COMPACT_128KB,0.54475,-0.055,0.189473,0,184,634.0871722864136,256.929874420166,42,1.6109880719866072,4330.3359375,8.197908069990646,0,0,435,0.0,0.0,0.35,0.2,0.15,0.15,0.15,218,770.2700212794277,316.3321018218994,42,1.6179373604910714,4349.015625,6.593613646895719,0,0,436,0.0,0.0,0.35,0.2,0.15,0.15,0.15
437,AlwaysCompact_C128,3,COMPACT_128KB,0.54475,-0.055,0.18958,0,218,770.2700212794277,316.3321018218994,42,1.6179373604910714,4349.015625,6.593613646895719,0,0,436,0.0,0.0,0.35,0.2,0.15,0.15,0.15,300,984.3065256623171,311.01536750793457,42,1.6275053478422619,4374.734375,6.163689414597272,0,0,437,0.0,0.0,0.4,0.2,0.15,0.15,0.1
438,AlwaysCompact_C128,3,COMPACT_128KB,0.544625,-0.055,0.191502,0,300,984.3065256623171,311.01536750793457,42,1.6275053478422619,4374.734375,6.163689414597272,0,0,437,0.0,0.0,0.4,0.2,0.15,0.15,0.1,179,654.3900677940692,209.92016792297363,43,1.5963297999182413,4393.099609375,14.431490769333635,0,0,438,0.0,0.0,0.4,0.2,0.1,0.15,0.15
439,AlwaysCompact_C128,3,COMPACT_128KB,0.544625,-0.055,0.191607,0,179,654.3900677940692,209.92016792297363,43,1.5963297999182413,4393.099609375,14.431490769333635,0,0,438,0.0,0.0,0.4,0.2,0.1,0.15,0.15,152,575.8648420634275,204.62656021118164,43,1.6011547709620275,4406.3779296875,12.624638841968748,0,0,439,0.0,0.0,0.35,0.2,0.1,0.15,0.2
440,AlwaysCompact_C128,3,COMPACT_128KB,0.544625,-0.055,0.189371,0,152,575.8648420634275,204.62656021118164,43,1.6011547709620275,4406.3779296875,12.624638841968748,0,0,439,0.0,0.0,0.35,0.2,0.1,0.15,0.2,222,765.8478972679411,316.47396087646484,43,1.6080865194631178,4425.4541015625,10.173631762753278,0,0,440,0.0,0.0,0.35,0.2,0.1,0.15,0.2
441,AlwaysCompact_C128,3,COMPACT_128KB,0.544625,-0.055,0.186011,0,222,765.8478972679411,316.47396087646484,43,1.6080865194631178,4425.4541015625,10.173631762753278,0,0,440,0.0,0.0,0.35,0.2,0.1,0.15,0.2,152,369.8088628712102,484.47179794311523,43,1.6127723871275437,4438.349609375,8.678530106393248,0,0,441,0.0,0.0,0.3,0.2,0.15,0.15,0.2
442,AlwaysCompact_C128,3,COMPACT_128KB,0.544625,-0.055,0.189497,0,152,369.8088628712102,484.47179794311523,43,1.6127723871275437,4438.349609375,8.678530106393248,0,0,441,0.0,0.0,0.3,0.2,0.15,0.15,0.2,265,882.858468205705,310.15634536743164,43,1.6210281017214754,4461.0693359375,6.669026797878578,0,0,442,0.0,0.0,0.35,0.2,0.15,0.1,0.2
443,AlwaysCompact_C128,3,COMPACT_128KB,0.544625,-0.055,0.186024,0,265,882.858468205705,310.15634536743164,43,1.6210281017214754,4461.0693359375,6.669026797878578,0,0,442,0.0,0.0,0.35,0.2,0.15,0.1,0.2,288,932.8348410034797,483.81733894348145,43,1.6299850109011629,4485.71875,6.178145458125481,0,0,443,0.0,0.0,0.3,0.2,0.2,0.1,0.2
444,AlwaysCompact_C128,3,COMPACT_128KB,0.5445,-0.055,0.18922,0,288,932.8348410034797,483.81733894348145,43,1.6299850109011629,4485.71875,6.178145458125481,0,0,443,0.0,0.0,0.3,0.2,0.2,0.1,0.2,160,575.2847454808393,318.99452209472656,44,1.5988703641024502,4502.4189453125,14.551993068938247,0,0,444,0.0,0.0,0.35,0.2,0.2,0.1,0.15
445,AlwaysCompact_C128,3,COMPACT_128KB,0.5445,-0.055,0.190132,0,160,575.2847454808393,318.99452209472656,44,1.5988703641024502,4502.4189453125,14.551993068938247,0,0,444,0.0,0.0,0.35,0.2,0.2,0.1,0.15,172,630.4605868344585,273.3752727508545,44,1.6041332591663708,4517.2392578125,12.558975804953112,0,0,445,0.0,0.0,0.35,0.2,0.2,0.1,0.15
446,AlwaysCompact_C128,3,COMPACT_128KB,0.5445,-0.055,0.190229,0,172,630.4605868344585,273.3752727508545,44,1.6041332591663708,4517.2392578125,12.558975804953112,0,0,445,0.0,0.0,0.35,0.2,0.2,0.1,0.15,259,844.2542481816267,268.54443550109863,44,1.6120092218572444,4539.41796875,9.773301302800235,0,0,446,0.0,0.0,0.35,0.2,0.15,0.15,0.15
447,AlwaysCompact_C128,3,COMPACT_128KB,0.5445,-0.055,0.191593,0,259,844.2542481816267,268.54443550109863,44,1.6120092218572444,4539.41796875,9.773301302800235,0,0,446,0.0,0.0,0.35,0.2,0.15,0.15,0.15,293,973.9700596382081,200.3459930419922,44,1.620941855690696,4564.572265625,7.21250965155599,0,0,447,0.0,0.0,0.35,0.2,0.15,0.15,0.15
448,AlwaysCompact_C128,3,COMPACT_128KB,0.5445,-0.055,0.189266,0,293,973.9700596382081,200.3459930419922,44,1.620941855690696,4564.572265625,7.21250965155599,0,0,447,0.0,0.0,0.35,0.2,0.15,0.15,0.15,276,926.5960135560226,316.70522689819336,44,1.62933349609375,4588.203125,6.112145196696301,0,0,448,0.0,0.0,0.4,0.15,0.15,0.15,0.15
449,AlwaysCompact_C128,3,COMPACT_128KB,0.544375,-0.055,0.191229,0,276,926.5960135560226,316.70522689819336,44,1.62933349609375,4588.203125,6.112145196696301,0,0,448,0.0,0.0,0.4,0.15,0.15,0.15,0.15,239,819.7788187266113,213.53626251220703,45,1.601255628797743,4611.6162109375,13.484101890502975,0,0,449,0.0,0.0,0.4,0.15,0.1,0.15,0.2
450,AlwaysCompact_C128,3,COMPACT_128KB,0.544375,-0.055,0.191271,0,239,819.7788187266113,213.53626251220703,45,1.601255628797743,4611.6162109375,13.484101890502975,0,0,449,0.0,0.0,0.4,0.15,0.1,0.15,0.2,268,876.4233908663003,211.46726608276367,45,1.609205796983507,4634.5126953125,10.54427673768606,0,0,450,0.0,0.0,0.35,0.15,0.1,0.15,0.25
451,AlwaysCompact_C128,3,COMPACT_128KB,0.544375,-0.055,0.18969,0,268,876.4233908663003,211.46726608276367,45,1.609205796983507,4634.5126953125,10.54427673768606,0,0,450,0.0,0.0,0.35,0.15,0.1,0.15,0.25,267,865.9752304361274,290.5094623565674,45,1.617405531141493,4658.1279296875,7.920457224709089,0,0,451,0.0,0.0,0.35,0.1,0.1,0.2,0.25
452,AlwaysCompact_C128,3,COMPACT_128KB,0.544375,-0.055,0.188854,0,267,865.9752304361274,290.5094623565674,45,1.617405531141493,4658.1279296875,7.920457224709089,0,0,451,0.0,0.0,0.35,0.1,0.1,0.2,0.25,156,555.756368408312,332.3061466217041,45,1.6220770941840277,4671.58203125,6.798139727701507,0,0,452,0.0,0.0,0.35,0.1,0.1,0.2,0.25
453,AlwaysCompact_C128,3,COMPACT_128KB,0.544375,-0.055,0.18984,0,156,555.756368408312,332.3061466217041,45,1.6220770941840277,4671.58203125,6.798139727701507,0,0,452,0.0,0.0,0.35,0.1,0.1,0.2,0.25,203,717.2830839735814,282.98306465148926,45,1.6279117160373264,4688.3857421875,6.0730438364247465,0,0,453,0.0,0.0,0.3,0.1,0.1,0.25,0.25
454,AlwaysCompact_C128,3,COMPACT_128KB,0.54425,-0.055,0.18899,0,203,717.2830839735814,282.98306465148926,45,1.6279117160373264,4688.3857421875,6.0730438364247465,0,0,453,0.0,0.0,0.3,0.1,0.1,0.25,0.25,244,853.3474216806792,320.5132484436035,46,1.6006801439368206,4712.40234375,13.258346595500731,0,0,454,0.0,0.0,0.35,0.1,0.1,0.2,0.25
455,AlwaysCompact_C128,3,COMPACT_128KB,0.54425,-0.055,0.189722,0,244,853.3474216806792,320.5132484436035,46,1.6006801439368206,4712.40234375,13.258346595500731,0,0,454,0.0,0.0,0.35,0.1,0.1,0.2,0.25,158,563.6824461452356,283.8766574859619,46,1.6052445121433423,4725.83984375,11.52696001082526,0,0,455,0.0,0.0,0.35,0.1,0.1,0.2,0.25
456,AlwaysCompact_C128,3,COMPACT_128KB,0.54425,-0.055,0.189764,0,158,563.6824461452356,283.8766574859619,46,1.6052445121433423,4725.83984375,11.52696001082526,0,0,455,0.0,0.0,0.35,0.1,0.1,0.2,0.25,233,785.2387656632291,281.82244300842285,46,1.6120406441066577,4745.84765625,9.139066959908808,0,0,456,0.0,0.0,0.3,0.15,0.1,0.2,0.25
457,AlwaysCompact_C128,3,COMPACT_128KB,0.54425,-0.055,0.189737,0,233,785.2387656632291,281.82244300842285,46,1.6120406441066577,4745.84765625,9.139066959908808,0,0,456,0.0,0.0,0.3,0.15,0.1,0.2,0.25,179,667.3989306048794,283.16497802734375,46,1.6173042629076086,4761.34375,7.5671968171218165,0,0,457,0.0,0.0,0.25,0.15,0.1,0.25,0.25
458,AlwaysCompact_C128,3,COMPACT_128KB,0.54425,-0.055,0.183625,0,179,667.3989306048794,283.16497802734375,46,1.6173042629076086,4761.34375,7.5671968171218165,0,0,457,0.0,0.0,0.25,0.15,0.1,0.25,0.25,168,524.0287149587443,588.770866394043,46,1.6221903925356658,4775.728515625,6.498445020371861,0,0,458,0.0,0.0,0.25,0.15,0.15,0.25,0.2
459,AlwaysCompact_C128,3,COMPACT_128KB,0.54425,-0.055,0.189742,0,168,524.0287149587443,588.770866394043,46,1.6221903925356658,4775.728515625,6.498445020371861,0,0,458,0.0,0.0,0.25,0.15,0.15,0.25,0.2,161,588.5993318056501,282.9110622406006,46,1.6269080120584238,4789.6171875,6.0209699285920975,0,0,459,0.0,0.0,0.25,0.2,0.15,0.25,0.15
460,AlwaysCompact_C128,3,COMPACT_128KB,0.544125,-0.055,0.185111,0,161,588.5993318056501,282.9110622406006,46,1.6269080120584238,4789.6171875,6.0209699285920975,0,0,459,0.0,0.0,0.25,0.2,0.15,0.25,0.15,211,705.187356322755,509.43541526794434,47,1.5992843952584774,4810.6474609375,13.50418477598243,0,0,460,0.0,0.0,0.2,0.2,0.2,0.25,0.15
461,AlwaysCompact_C128,3,COMPACT_128KB,0.544125,-0.055,0.190948,0,211,705.187356322755,509.43541526794434,47,1.5992843952584774,4810.6474609375,13.50418477598243,0,0,460,0.0,0.0,0.2,0.2,0.2,0.25,0.15,278,914.574401064217,217.6196575164795,47,1.6071998109208776,4834.45703125,10.499437634606911,0,0,461,0.0,0.0,0.2,0.2,0.15,0.25,0.2
462,AlwaysCompact_C128,3,COMPACT_128KB,0.544125,-0.055,0.188579,0,278,914.574401064217,217.6196575164795,47,1.6071998109208776,4834.45703125,10.499437634606911,0,0,461,0.0,0.0,0.2,0.2,0.15,0.25,0.2,237,792.8475416582919,336.0614776611328,47,1.613954259994182,4854.7744140625,8.232098433589096,0,0,462,0.0,0.0,0.2,0.2,0.15,0.25,0.2
463,AlwaysCompact_C128,3,COMPACT_128KB,0.544125,-0.055,0.189568,0,237,792.8475416582919,336.0614776611328,47,1.613954259994182,4854.7744140625,8.232098433589096,0,0,462,0.0,0.0,0.2,0.2,0.15,0.25,0.2,190,567.3345056134181,286.5774631500244,47,1.6194126859624336,4871.193359375,6.8028889213371055,0,0,463,0.0,0.0,0.2,0.2,0.1,0.3,0.2
464,AlwaysCompact_C128,3,COMPACT_128KB,0.544125,-0.055,0.190854,0,190,567.3345056134181,286.5774631500244,47,1.6194126859624336,4871.193359375,6.8028889213371055,0,0,463,0.0,0.0,0.2,0.2,0.1,0.3,0.2,231,799.1008620433694,222.31769561767578,47,1.6260096773188164,4891.037109375,5.968194736672212,0,0,464,0.0,0.0,0.15,0.2,0.1,0.3,0.25
465,AlwaysCompact_C128,3,COMPACT_128KB,0.544,-0.055,0.189461,0,231,799.1008620433694,222.31769561767578,47,1.6260096773188164,4891.037109375,5.968194736672212,0,0,464,0.0,0.0,0.15,0.2,0.1,0.3,0.25,202,660.409105506518,286.956787109375,48,1.5987545649210613,4911.3740234375,13.450278923272602,0,0,465,0.0,0.0,0.15,0.15,0.1,0.35,0.25
466,AlwaysCompact_C128,3,COMPACT_128KB,0.544,-0.055,0.18814,0,202,660.409105506518,286.956787109375,48,1.5987545649210613,4911.3740234375,13.450278923272602,0,0,465,0.0,0.0,0.15,0.15,0.1,0.35,0.25,181,626.5874959660546,353.00469398498535,48,1.6037877400716145,4926.8359375,11.486921701419543,0,0,466,0.0,0.0,0.2,0.15,0.1,0.3,0.25
467,AlwaysCompact_C128,3,COMPACT_128KB,0.544,-0.055,0.187381,0,181,626.5874959660546,353.00469398498535,48,1.6037877400716145,4926.8359375,11.486921701419543,0,0,466,0.0,0.0,0.2,0.15,0.1,0.3,0.25,228,803.0483650602642,390.9456729888916,48,1.6101744969685872,4946.4560546875,9.17395897753085,0,0,467,0.0,0.0,0.25,0.15,0.1,0.3,0.2
468,AlwaysCompact_C128,3,COMPACT_128KB,0.544,-0.055,0.189487,0,228,803.0483650602642,390.9456729888916,48,1.6101744969685872,4946.4560546875,9.17395897753085,0,0,467,0.0,0.0,0.25,0.15,0.1,0.3,0.2,279,867.4634644993376,285.6602668762207,48,1.6179780960083008,4970.4287109375,6.895211689529259,0,0,468,0.0,0.0,0.2,0.2,0.1,0.3,0.2
469,AlwaysCompact_C128,3,COMPACT_128KB,0.544,-0.055,0.184423,0,279,867.4634644993376,285.6602668762207,48,1.6179780960083008,4970.4287109375,6.895211689529259,0,0,468,0.0,0.0,0.2,0.2,0.1,0.3,0.2,166,519.6844100901353,538.8593673706055,48,1.6226294835408528,4984.7177734375,6.091623422783663,0,0,469,0.0,0.0,0.2,0.2,0.15,0.3,0.15
470,AlwaysCompact_C128,3,COMPACT_128KB,0.544,-0.055,0.184616,0,166,519.6844100901353,538.8593673706055,48,1.6226294835408528,4984.7177734375,6.091623422783663,0,0,469,0.0,0.0,0.2,0.2,0.15,0.3,0.15,283,938.9160765093801,529.2007923126221,48,1.6306320826212566,5009.3017578125,6.249987238573344,0,0,470,0.0,0.0,0.2,0.2,0.2,0.3,0.1
471,AlwaysCompact_C128,3,COMPACT_128KB,0.543875,-0.055,0.188043,0,283,938.9160765093801,529.2007923126221,48,1.6306320826212566,5009.3017578125,6.249987238573344,0,0,470,0.0,0.0,0.2,0.2,0.2,0.3,0.1,154,526.0411859655638,352.85282135009766,49,1.6025617949816646,5025.6337890625,14.013973806671622,0,0,471,0.0,0.0,0.25,0.2,0.2,0.25,0.1
472,AlwaysCompact_C128,3,COMPACT_128KB,0.543875,-0.055,0.183902,0,154,526.0411859655638,352.85282135009766,49,1.6025617949816646,5025.6337890625,14.013973806671622,0,0,471,0.0,0.0,0.25,0.2,0.2,0.25,0.1,193,688.8822178329715,559.906005859375,49,1.6078179807079083,5042.1171875,11.94619651395679,0,0,472,0.0,0.0,0.25,0.2,0.25,0.2,0.1
473,AlwaysCompact_C128,3,COMPACT_128KB,0.543875,-0.055,0.184124,0,193,688.8822178329715,559.906005859375,49,1.6078179807079083,5042.1171875,11.94619651395679,0,0,472,0.0,0.0,0.25,0.2,0.25,0.2,0.1,179,629.6707946907673,548.80690574646,49,1.612711069535236,5057.4619140625,10.134455203710047,0,0,473,0.0,0.0,0.25,0.2,0.3,0.15,0.1
474,AlwaysCompact_C128,3,COMPACT_128KB,0.543875,-0.055,0.183985,0,179,629.6707946907673,548.80690574646,49,1.612711069535236,5057.4619140625,10.134455203710047,0,0,473,0.0,0.0,0.25,0.2,0.3,0.15,0.1,261,867.3703666728468,555.7613372802734,49,1.6199692706672513,5080.2236328125,7.814582212053828,0,0,474,0.0,0.0,0.2,0.2,0.35,0.15,0.1
475,AlwaysCompact_C128,3,COMPACT_128KB,0.543875,-0.055,0.187788,0,261,867.3703666728468,555.7613372802734,49,1.6199692706672513,5080.2236328125,7.814582212053828,0,0,474,0.0,0.0,0.2,0.2,0.35,0.15,0.1,254,813.1672752586007,365.602970123291,49,1.626916690748565,5102.0107421875,6.404614522990272,0,0,475,0.0,0.0,0.25,0.15,0.35,0.15,0.1
476,AlwaysCompact_C128,3,COMPACT_128KB,0.543875,-0.055,0.190143,0,254,813.1672752586007,365.602970123291,49,1.626916690748565,5102.0107421875,6.404614522990272,0,0,475,0.0,0.0,0.25,0.15,0.35,0.15,0.1,289,940.3196650032155,247.87092208862305,49,1.6348089101363201,5126.7607421875,6.461424088048661,0,0,476,0.0,0.0,0.25,0.1,0.35,0.15,0.15
477,AlwaysCompact_C128,3,COMPACT_128KB,0.54375,-0.055,0.188594,0,289,940.3196650032155,247.87092208862305,49,1.6348089101363201,5126.7607421875,6.461424088048661,0,0,476,0.0,0.0,0.25,0.1,0.35,0.15,0.15,296,1000.8738776069589,320.32060623168945,50,1.6111212158203125,5155.587890625,12.482493570726717,0,0,477,0.0,0.0,0.25,0.1,0.35,0.15,0.15
478,AlwaysCompact_C128,3,COMPACT_128KB,0.54375,-0.055,0.182999,0,296,1000.8738776069589,320.32060623168945,50,1.6111212158203125,5155.587890625,12.482493570726717,0,0,477,0.0,0.0,0.25,0.1,0.35,0.15,0.15,270,903.1792015389253,600.0261306762695,50,1.6181689453125,5178.140625,9.879509640274907,0,0,478,0.0,0.0,0.25,0.1,0.35,0.15,0.15
479,AlwaysCompact_C128,3,COMPACT_128KB,0.54375,-0.055,0.182537,0,270,903.1792015389253,600.0261306762695,50,1.6181689453125,5178.140625,9.879509640274907,0,0,478,0.0,0.0,0.25,0.1,0.35,0.15,0.15,259,853.6114698630072,623.1362819671631,50,1.625107421875,5200.34375,7.757158364910469,0,0,479,0.0,0.0,0.25,0.05,0.4,0.15,0.15
480,AlwaysCompact_C128,3,COMPACT_128KB,0.54375,-0.055,0.188939,0,259,853.6114698630072,623.1362819671631,50,1.625107421875,5200.34375,7.757158364910469,0,0,479,0.0,0.0,0.25,0.05,0.4,0.15,0.15,177,617.1668106239655,303.0257225036621,50,1.629866943359375,5215.57421875,6.7749389738765435,0,0,480,0.0,0.0,0.25,0.1,0.35,0.15,0.15
481,AlwaysCompact_C128,3,COMPACT_128KB,0.54375,-0.055,0.190162,0,177,617.1668106239655,303.0257225036621,50,1.629866943359375,5215.57421875,6.7749389738765435,0,0,480,0.0,0.0,0.25,0.1,0.35,0.15,0.15,153,556.0881555972461,241.88709259033203,50,1.6339791870117188,5228.7333984375,6.4061652344278945,0,0,481,0.0,0.0,0.25,0.1,0.35,0.15,0.15
482,AlwaysCompact_C128,3,COMPACT_128KB,0.543625,-0.055,0.187697,0,153,556.0881555972461,241.88709259033203,50,1.6339791870117188,5228.7333984375,6.4061652344278945,0,0,481,0.0,0.0,0.25,0.1,0.35,0.15,0.15,245,532.0320522544735,360.1372241973877,51,1.60942855535769,5253.1748046875,12.889018357459326,0,0,482,0.0,0.0,0.25,0.1,0.35,0.15,0.15
483,AlwaysCompact_C128,3,COMPACT_128KB,0.543625,-0.055,0.187775,0,245,532.0320522544735,360.1372241973877,51,1.60942855535769,5253.1748046875,12.889018357459326,0,0,482,0.0,0.0,0.25,0.1,0.35,0.15,0.15,231,746.1461635495234,356.2474250793457,51,1.6154779172411151,5272.919921875,10.569893307757813,0,0,483,0.0,0.0,0.3,0.1,0.35,0.1,0.15
484,AlwaysCompact_C128,3,COMPACT_128KB,0.543625,-0.055,0.190097,0,231,746.1461635495234,356.2474250793457,51,1.6154779172411151,5272.919921875,10.569893307757813,0,0,483,0.0,0.0,0.3,0.1,0.35,0.1,0.15,170,596.7096897833278,240.1425838470459,51,1.6197982488893996,5287.021484375,9.067907802465827,0,0,484,0.0,0.0,0.3,0.1,0.35,0.1,0.15
485,AlwaysCompact_C128,3,COMPACT_128KB,0.543625,-0.055,0.183352,0,170,596.7096897833278,240.1425838470459,51,1.6197982488893996,5287.021484375,9.067907802465827,0,0,484,0.0,0.0,0.3,0.1,0.35,0.1,0.15,206,693.6195581843783,577.3782730102539,51,1.6252504236557905,5304.8173828125,7.492278277442653,0,0,485,0.0,0.0,0.3,0.1,0.4,0.05,0.15
486,AlwaysCompact_C128,3,COMPACT_128KB,0.543625,-0.055,0.181627,0,206,693.6195581843783,577.3782730102539,51,1.6252504236557905,5304.8173828125,7.492278277442653,0,0,485,0.0,0.0,0.3,0.1,0.4,0.05,0.15,225,749.2885192848511,663.6390686035156,51,1.631173526539522,5324.150390625,6.470127278794604,0,0,486,0.0,0.0,0.25,0.1,0.45,0.05,0.15
487,AlwaysCompact_C128,3,COMPACT_128KB,0.543625,-0.055,0.180607,0,225,749.2885192848511,663.6390686035156,51,1.631173526539522,5324.150390625,6.470127278794604,0,0,486,0.0,0.0,0.25,0.1,0.45,0.05,0.15,191,650.8106081100293,714.6527767181396,51,1.6362050374348958,5340.5732421875,6.422859986342097,0,0,487,0.0,0.0,0.2,0.1,0.5,0.05,0.15
488,AlwaysCompact_C128,3,COMPACT_128KB,0.5435,-0.055,0.188138,0,191,650.8106081100293,714.6527767181396,51,1.6362050374348958,5340.5732421875,6.422859986342097,0,0,487,0.0,0.0,0.2,0.1,0.5,0.05,0.15,280,861.7684521035967,333.07528495788574,52,1.6128047062800481,5367.4140625,12.532894557827674,0,0,488,0.0,0.0,0.2,0.1,0.5,0.05,0.15
489,AlwaysCompact_C128,3,COMPACT_128KB,0.5435,-0.055,0.187457,0,280,861.7684521035967,333.07528495788574,52,1.6128047062800481,5367.4140625,12.532894557827674,0,0,488,0.0,0.0,0.2,0.1,0.5,0.05,0.15,188,636.3457848593232,367.16580390930176,52,1.6176681518554688,5383.599609375,10.659818554413093,0,0,489,0.0,0.0,0.25,0.1,0.45,0.05,0.15
490,AlwaysCompact_C128,3,COMPACT_128KB,0.5435,-0.055,0.187632,0,188,636.3457848593232,367.16580390930176,52,1.6176681518554688,5383.599609375,10.659818554413093,0,0,489,0.0,0.0,0.25,0.1,0.45,0.05,0.15,266,865.3032976902441,358.3974838256836,52,1.6245249234713042,5406.4189453125,8.336767499630898,0,0,490,0.0,0.0,0.3,0.1,0.4,0.05,0.15
491,AlwaysCompact_C128,3,COMPACT_128KB,0.5435,-0.055,0.188373,0,266,865.3032976902441,358.3974838256836,52,1.6245249234713042,5406.4189453125,8.336767499630898,0,0,490,0.0,0.0,0.3,0.1,0.4,0.05,0.15,284,624.6158157251147,321.3658332824707,52,1.631875258225661,5430.880859375,6.66612360840382,0,0,491,0.0,0.0,0.25,0.15,0.4,0.05,0.15
492,AlwaysCompact_C128,3,COMPACT_128KB,0.5435,-0.055,0.183108,0,284,624.6158157251147,321.3658332824707,52,1.631875258225661,5430.880859375,6.66612360840382,0,0,491,0.0,0.0,0.25,0.15,0.4,0.05,0.15,225,745.4537842673376,584.6049785614014,52,1.637659219595102,5450.1298828125,6.394892346469274,0,0,492,0.0,0.0,0.25,0.15,0.4,0.05,0.15
493,AlwaysCompact_C128,3,COMPACT_128KB,0.543375,-0.055,0.187208,0,225,745.4537842673376,584.6049785614014,52,1.637659219595102,5450.1298828125,6.394892346469274,0,0,492,0.0,0.0,0.25,0.15,0.4,0.05,0.15,242,778.0441137805932,374.6011257171631,53,1.6137496660340507,5473.8388671875,12.814452946938616,0,0,493,0.0,0.0,0.3,0.15,0.35,0.05,0.15
494,AlwaysCompact_C128,3,COMPACT_128KB,0.543375,-0.055,0.186288,0,242,778.0441137805932,374.6011257171631,53,1.6137496660340507,5473.8388671875,12.814452946938616,0,0,493,0.0,0.0,0.3,0.15,0.35,0.05,0.15,151,504.0171639938118,420.60089111328125,53,1.6175649391030364,5486.7802734375,11.303275134880582,0,0,494,0.0,0.0,0.35,0.15,0.3,0.05,0.15
495,AlwaysCompact_C128,3,COMPACT_128KB,0.543375,-0.055,0.187772,0,151,504.0171639938118,420.60089111328125,53,1.6175649391030364,5486.7802734375,11.303275134880582,0,0,494,0.0,0.0,0.35,0.15,0.3,0.05,0.15,224,756.3619688897261,346.41289710998535,53,1.623241496535967,5506.03515625,9.232250830573248,0,0,495,0.0,0.0,0.3,0.2,0.3,0.05,0.15
496,AlwaysCompact_C128,3,COMPACT_128KB,0.543375,-0.055,0.18715,0,224,756.3619688897261,346.41289710998535,53,1.623241496535967,5506.03515625,9.232250830573248,0,0,495,0.0,0.0,0.3,0.2,0.3,0.05,0.15,188,529.958627790581,377.4909973144531,53,1.6280278619730248,5522.2705078125,7.761826943658176,0,0,496,0.0,0.0,0.35,0.2,0.3,0.05,0.1
497,AlwaysCompact_C128,3,COMPACT_128KB,0.543375,-0.055,0.182858,0,188,529.958627790581,377.4909973144531,53,1.6280278619730248,5522.2705078125,7.761826943658176,0,0,496,0.0,0.0,0.35,0.2,0.3,0.05,0.1,166,584.5302707081901,592.106819152832,53,1.632266638413915,5536.6484375,6.813304397703739,0,0,497,0.0,0.0,0.35,0.2,0.35,0.0,0.1
498,AlwaysCompact_C128,3,COMPACT_128KB,0.543375,-0.055,0.188041,0,166,584.5302707081901,592.106819152832,53,1.632266638413915,5536.6484375,6.813304397703739,0,0,497,0.0,0.0,0.35,0.2,0.35,0.0,0.1,253,831.0892938678554,332.94677734375,53,1.6386681322781544,5558.3623046875,6.350526552953503,0,0,498,0.0,0.0,0.35,0.2,0.3,0.05,0.1
499,AlwaysCompact_C128,3,COMPACT_128KB,0.54325,-0.055,0.182694,0,253,831.0892938678554,332.94677734375,53,1.6386681322781544,5558.3623046875,6.350526552953503,0,0,498,0.0,0.0,0.35,0.2,0.3,0.05,0.1,291,604.55366570658,595.3028202056885,54,1.6163838704427083,5586.22265625,12.223160460058804,0,0,499,0.0,0.0,0.35,0.2,0.3,0.05,0.1
500,AlwaysCompact_C128,3,COMPACT_128KB,0.54325,-0.055,0.186783,0,291,604.55366570658,595.3028202056885,54,1.6163838704427083,5586.22265625,12.223160460058804,0,0,499,0.0,0.0,0.35,0.2,0.3,0.05,0.1,180,544.9983144189727,390.8426761627197,54,1.6208603470413774,5601.693359375,10.474230927612767,0,0,500,0.0,0.0,0.4,0.15,0.3,0.05,0.1
501,AlwaysCompact_C128,3,COMPACT_128KB,-0.13175,-0.055,0.187048,0,180,544.9983144189727,390.8426761627197,54,1.6208603470413774,5601.693359375,10.474230927612767,0,0,500,0.0,0.0,0.4,0.15,0.3,0.05,0.1,30,116.70143403814085,377.59876251220703,54,1.6216193305121527,5604.31640625,10.191072759129352,0,0,501,0.0,0.0,0.45,0.15,0.3,0.05,0.05
502,AlwaysCompact_C128,3,COMPACT_128KB,-0.13175,-0.055,0.187655,0,30,116.70143403814085,377.59876251220703,54,1.6216193305121527,5604.31640625,10.191072759129352,0,0,501,0.0,0.0,0.45,0.15,0.3,0.05,0.05,33,129.33334828386575,347.23758697509766,54,1.62244952166522,5607.185546875,9.886821298262964,0,0,502,0.0,0.0,0.4,0.15,0.3,0.1,0.05
503,AlwaysCompact_C128,3,COMPACT_128KB,-0.13175,-0.055,0.18798,0,33,129.33334828386575,347.23758697509766,54,1.62244952166522,5607.185546875,9.886821298262964,0,0,502,0.0,0.0,0.4,0.15,0.3,0.1,0.05,40,159.45407853893778,330.9972286224365,54,1.623462818287037,5610.6875,9.523988045031503,0,0,503,0.0,0.0,0.35,0.15,0.3,0.15,0.05
504,AlwaysCompact_C128,3,COMPACT_128KB,-0.13175,-0.055,0.17915,0,40,159.45407853893778,330.9972286224365,54,1.623462818287037,5610.6875,9.523988045031503,0,0,503,0.0,0.0,0.35,0.15,0.3,0.15,0.05,49,190.18935195981535,772.5238800048828,54,1.624688607675058,5614.923828125,9.099099346531323,0,0,504,0.0,0.0,0.35,0.15,0.35,0.15,0.0
505,AlwaysCompact_C128,3,COMPACT_128KB,-0.13175,-0.055,0.18965,0,49,190.18935195981535,772.5238800048828,54,1.624688607675058,5614.923828125,9.099099346531323,0,0,504,0.0,0.0,0.35,0.15,0.35,0.15,0.0,49,188.41161414291057,247.5123405456543,54,1.6259474577727142,5619.2744140625,8.680971848172499,0,0,505,0.0,0.0,0.35,0.15,0.3,0.15,0.05
506,AlwaysCompact_C128,3,COMPACT_128KB,0.16075,-0.055,0.186876,0,49,188.41161414291057,247.5123405456543,54,1.6259474577727142,5619.2744140625,8.680971848172499,0,0,505,0.0,0.0,0.35,0.15,0.3,0.15,0.05,68,231.26276834857177,386.21044158935547,54,1.6276988276728876,5625.3271484375,8.13525454861452,0,0,506,0.0,0.0,0.4,0.15,0.25,0.15,0.05
507,AlwaysCompact_C128,3,COMPACT_128KB,0.16075,-0.055,0.182559,0,68,231.26276834857177,386.21044158935547,54,1.6276988276728876,5625.3271484375,8.13525454861452,0,0,506,0.0,0.0,0.4,0.15,0.25,0.15,0.05,62,241.04748521532787,602.0331382751465,54,1.6292148166232638,5630.56640625,7.7028830131820945,0,0,507,0.0,0.0,0.4,0.15,0.25,0.15,0.05
508,AlwaysCompact_C128,3,COMPACT_128KB,-0.13175,-0.055,0.186992,0,62,241.04748521532787,602.0331382751465,54,1.6292148166232638,5630.56640625,7.7028830131820945,0,0,507,0.0,0.0,0.4,0.15,0.25,0.15,0.05,44,169.5537070418084,380.4130554199219,54,1.63031005859375,5634.3515625,7.417519642530449,0,0,508,0.0,0.0,0.45,0.1,0.25,0.15,0.05
509,AlwaysCompact_C128,3,COMPACT_128KB,-0.13175,-0.055,0.187979,0,44,169.5537070418084,380.4130554199219,54,1.63031005859375,5634.3515625,7.417519642530449,0,0,508,0.0,0.0,0.45,0.1,0.25,0.15,0.05,35,108.2143312597258,331.0527801513672,54,1.6312676888925057,5637.6611328125,7.1890017909598845,0,0,509,0.0,0.0,0.4,0.1,0.25,0.2,0.05
510,AlwaysCompact_C128,3,COMPACT_128KB,0.16075,-0.055,0.189333,0,35,108.2143312597258,331.0527801513672,54,1.6312676888925057,5637.6611328125,7.1890017909598845,0,0,509,0.0,0.0,0.4,0.1,0.25,0.2,0.05,64,249.19371416688946,263.3326053619385,54,1.6327958283600983,5642.9423828125,6.8699023400461945,0,0,510,0.0,0.0,0.35,0.1,0.25,0.2,0.1
511,AlwaysCompact_C128,3,COMPACT_128KB,0.16075,-0.055,0.186983,0,64,249.19371416688946,263.3326053619385,54,1.6327958283600983,5642.9423828125,6.8699023400461945,0,0,510,0.0,0.0,0.35,0.1,0.25,0.2,0.1,61,224.96269182308095,380.86509704589844,54,1.634327358669705,5648.2353515625,6.613310679959648,0,0,511,0.0,0.0,0.4,0.05,0.25,0.2,0.1
512,AlwaysCompact_C128,3,COMPACT_128KB,-0.13175,-0.055,0.18745,0,61,224.96269182308095,380.86509704589844,54,1.634327358669705,5648.2353515625,6.613310679959648,0,0,511,0.0,0.0,0.4,0.05,0.25,0.2,0.1,45,169.61409367324987,357.4812412261963,54,1.635457921911169,5652.142578125,6.468976752107795,0,0,512,0.0,0.0,0.4,0.1,0.2,0.2,0.1
513,AlwaysCompact_C128,3,COMPACT_128KB,-0.13175,-0.055,0.186829,0,45,169.61409367324987,357.4812412261963,54,1.635457921911169,5652.142578125,6.468976752107795,0,0,512,0.0,0.0,0.4,0.1,0.2,0.2,0.1,32,121.0158652302965,388.5529041290283,54,1.636305914984809,5655.0732421875,6.387682033122054,0,0,513,0.0,0.0,0.4,0.1,0.2,0.2,0.1
514,AlwaysCompact_C128,3,COMPACT_128KB,0.160625,-0.055,0.187989,0,32,121.0158652302965,388.5529041290283,54,1.636305914984809,5655.0732421875,6.387682033122054,0,0,513,0.0,0.0,0.4,0.1,0.2,0.2,0.1,79,284.4142671494027,325.5319595336914,55,1.6092914928089488,5664.7060546875,14.298653593968742,0,0,514,0.0,0.0,0.35,0.1,0.2,0.25,0.1
515,AlwaysCompact_C128,3,COMPACT_128KB,0.160625,-0.055,0.189336,0,79,284.4142671494027,325.5319595336914,55,1.6092914928089488,5664.7060546875,14.298653593968742,0,0,514,0.0,0.0,0.35,0.1,0.2,0.25,0.1,67,241.0238366428346,258.2204341888428,55,1.6109519264914773,5670.55078125,13.596412614523386,0,0,515,0.0,0.0,0.35,0.05,0.2,0.25,0.15
516,AlwaysCompact_C128,3,COMPACT_128KB,0.160625,-0.055,0.189345,0,67,241.0238366428346,258.2204341888428,55,1.6109519264914773,5670.55078125,13.596412614523386,0,0,515,0.0,0.0,0.35,0.05,0.2,0.25,0.15,66,239.32557552451664,257.72905349731445,55,1.612565196644176,5676.2294921875,12.923605474843376,0,0,516,0.0,0.0,0.3,0.05,0.2,0.25,0.2
517,AlwaysCompact_C128,3,COMPACT_128KB,0.160625,-0.055,0.189173,0,66,239.32557552451664,257.72905349731445,55,1.612565196644176,5676.2294921875,12.923605474843376,0,0,516,0.0,0.0,0.3,0.05,0.2,0.25,0.2,80,251.35140277506235,266.3431167602539,55,1.6145025079900568,5683.048828125,12.130227296647806,0,0,517,0.0,0.0,0.3,0.05,0.15,0.25,0.25
518,AlwaysCompact_C128,3,COMPACT_128KB,0.160625,-0.055,0.187693,0,80,251.35140277506235,266.3431167602539,55,1.6145025079900568,5683.048828125,12.130227296647806,0,0,517,0.0,0.0,0.3,0.05,0.15,0.25,0.25,70,272.0769967130351,340.3482437133789,55,1.6162084406072443,5689.0537109375,11.447243414723957,0,0,518,0.0,0.0,0.3,0.05,0.15,0.25,0.25
519,AlwaysCompact_C128,3,COMPACT_128KB,-0.131875,-0.055,0.186843,0,70,272.0769967130351,340.3482437133789,55,1.6162084406072443,5689.0537109375,11.447243414723957,0,0,518,0.0,0.0,0.3,0.05,0.15,0.25,0.25,46,173.73379749274676,382.83848762512207,55,1.6173226096413351,5692.9755859375,11.010454399613138,0,0,519,0.0,0.0,0.35,0.05,0.1,0.25,0.25
520,AlwaysCompact_C128,3,COMPACT_128KB,-0.131875,-0.055,0.187487,0,46,173.73379749274676,382.83848762512207,55,1.6173226096413351,5692.9755859375,11.010454399613138,0,0,519,0.0,0.0,0.35,0.05,0.1,0.25,0.25,37,146.4607718413433,350.62527656555176,55,1.6182303688742898,5696.1708984375,10.660749080792527,0,0,520,0.0,0.0,0.3,0.05,0.1,0.3,0.25
521,AlwaysCompact_C128,3,COMPACT_128KB,-0.131875,-0.055,0.186557,0,37,146.4607718413433,350.62527656555176,55,1.6182303688742898,5696.1708984375,10.660749080792527,0,0,520,0.0,0.0,0.3,0.05,0.1,0.3,0.25,44,171.25978773180006,397.1703052520752,55,1.6192882191051137,5699.89453125,10.261014215555193,0,0,521,0.0,0.0,0.3,0.05,0.1,0.3,0.25
522,AlwaysCompact_C128,3,COMPACT_128KB,-0.131875,-0.055,0.182524,0,44,171.25978773180006,397.1703052520752,55,1.6192882191051137,5699.89453125,10.261014215555193,0,0,521,0.0,0.0,0.3,0.05,0.1,0.3,0.25,47,178.52611750727436,598.7949371337891,55,1.6204778497869319,5704.08203125,9.82271595654869,0,0,522,0.0,0.0,0.3,0.05,0.15,0.25,0.25
523,AlwaysCompact_C128,3,COMPACT_128KB,-0.131875,-0.055,0.18683,0,47,178.52611750727436,598.7949371337891,55,1.6204778497869319,5704.08203125,9.82271595654869,0,0,522,0.0,0.0,0.3,0.05,0.15,0.25,0.25,47,149.91048517110266,383.49151611328125,55,1.6216255881569601,5708.1220703125,9.412620392318201,0,0,523,0.0,0.0,0.35,0.05,0.15,0.2,0.25
524,AlwaysCompact_C128,3,COMPACT_128KB,-0.131875,-0.055,0.182385,0,47,149.91048517110266,383.49151611328125,55,1.6216255881569601,5708.1220703125,9.412620392318201,0,0,523,0.0,0.0,0.35,0.05,0.15,0.2,0.25,47,186.6650455696802,605.7555675506592,55,1.6227808172052556,5712.1884765625,9.014264301417395,0,0,524,0.0,0.0,0.35,0.05,0.15,0.2,0.25
525,AlwaysCompact_C128,3,COMPACT_128KB,-0.131875,-0.055,0.188061,0,47,186.6650455696802,605.7555675506592,55,1.6227808172052556,5712.1884765625,9.014264301417395,0,0,524,0.0,0.0,0.35,0.05,0.15,0.2,0.25,42,162.7707572004217,321.9311237335205,55,1.6237964976917614,5715.763671875,8.677553711487963,0,0,525,0.0,0.0,0.35,0.1,0.15,0.2,0.2
526,AlwaysCompact_C128,3,COMPACT_128KB,0.160625,-0.055,0.182521,0,42,162.7707572004217,321.9311237335205,55,1.6237964976917614,5715.763671875,8.677553711487963,0,0,525,0.0,0.0,0.35,0.1,0.15,0.2,0.2,61,239.86348401879138,598.9670753479004,55,1.6252829811789773,5720.99609375,8.210940405429898,0,0,526,0.0,0.0,0.3,0.1,0.2,0.2,0.2
527,AlwaysCompact_C128,3,COMPACT_128KB,-0.131875,-0.055,0.186946,0,61,239.86348401879138,598.9670753479004,55,1.6252829811789773,5720.99609375,8.210940405429898,0,0,526,0.0,0.0,0.3,0.1,0.2,0.2,0.2,37,146.15221790997265,377.70676612854004,55,1.6261774236505682,5724.14453125,7.947171205894376,0,0,527,0.0,0.0,0.35,0.1,0.15,0.2,0.2
528,AlwaysCompact_C128,3,COMPACT_128KB,-0.131875,-0.055,0.187598,0,37,146.15221790997265,377.70676612854004,55,1.6261774236505682,5724.14453125,7.947171205894376,0,0,527,0.0,0.0,0.35,0.1,0.15,0.2,0.2,30,115.35933726821165,345.1037406921387,55,1.626917891068892,5726.7509765625,7.739633807592562,0,0,528,0.0,0.0,0.3,0.15,0.15,0.2,0.2
529,AlwaysCompact_C128,3,COMPACT_128KB,-0.131875,-0.055,0.18667,0,30,115.35933726821165,345.1037406921387,55,1.626917891068892,5726.7509765625,7.739633807592562,0,0,528,0.0,0.0,0.3,0.15,0.15,0.2,0.2,44,155.98665889055118,391.48402214050293,55,1.627986006303267,5730.5107421875,7.459286842209927,0,0,529,0.0,0.0,0.35,0.15,0.15,0.15,0.2
530,AlwaysCompact_C128,3,COMPACT_128KB,0.160625,-0.055,0.184679,0,44,155.98665889055118,391.48402214050293,55,1.627986006303267,5730.5107421875,7.459286842209927,0,0,529,0.0,0.0,0.35,0.15,0.15,0.15,0.2,78,293.34216109103625,491.06574058532715,55,1.6298880837180398,5737.2060546875,7.023235623736025,0,0,530,0.0,0.0,0.35,0.2,0.15,0.15,0.15
531,AlwaysCompact_C128,3,COMPACT_128KB,-0.131875,-0.055,0.184141,0,78,293.34216109103625,491.06574058532715,55,1.6298880837180398,5737.2060546875,7.023235623736025,0,0,530,0.0,0.0,0.35,0.2,0.15,0.15,0.15,47,141.19646228644936,517.9500579833984,55,1.6310263893821022,5741.212890625,6.806335113282221,0,0,531,0.0,0.0,0.3,0.2,0.15,0.2,0.15
532,AlwaysCompact_C128,3,COMPACT_128KB,-0.131875,-0.055,0.187765,0,47,141.19646228644936,517.9500579833984,55,1.6310263893821022,5741.212890625,6.806335113282221,0,0,531,0.0,0.0,0.3,0.2,0.15,0.2,0.15,50,147.60983712713093,336.7283344268799,55,1.632226007634943,5745.435546875,6.617915904487287,0,0,532,0.0,0.0,0.3,0.15,0.15,0.25,0.15
533,AlwaysCompact_C128,3,COMPACT_128KB,-0.131875,-0.055,0.189334,0,50,147.60983712713093,336.7283344268799,55,1.632226007634943,5745.435546875,6.617915904487287,0,0,532,0.0,0.0,0.3,0.15,0.15,0.25,0.15,47,176.93752372917106,258.32390785217285,55,1.633370694247159,5749.46484375,6.479798203902465,0,0,533,0.0,0.0,0.25,0.15,0.15,0.25,0.2
534,AlwaysCompact_C128,3,COMPACT_128KB,-0.131875,-0.055,0.18684,0,47,176.93752372917106,258.32390785217285,55,1.633370694247159,5749.46484375,6.479798203902465,0,0,533,0.0,0.0,0.25,0.15,0.15,0.25,0.2,34,134.06719419983023,383.00538063049316,55,1.6341985529119318,5752.37890625,6.40682004344857,0,0,534,0.0,0.0,0.3,0.15,0.15,0.2,0.2
535,AlwaysCompact_C128,3,COMPACT_128KB,0.1605,-0.055,0.181834,0,34,134.06719419983023,383.00538063049316,55,1.6341985529119318,5752.37890625,6.40682004344857,0,0,534,0.0,0.0,0.3,0.15,0.15,0.2,0.2,77,292.14136989969217,628.291130065918,56,1.6076763698032923,5761.912109375,14.200356159929818,0,0,535,0.0,0.0,0.3,0.15,0.2,0.2,0.15
536,AlwaysCompact_C128,3,COMPACT_128KB,0.1605,-0.055,0.187632,0,77,292.14136989969217,628.291130065918,56,1.6076763698032923,5761.912109375,14.200356159929818,0,0,535,0.0,0.0,0.3,0.15,0.2,0.2,0.15,56,220.21224587760122,338.41490745544434,56,1.6090218680245536,5766.734375,13.626978826342466,0,0,536,0.0,0.0,0.3,0.15,0.2,0.25,0.1
537,AlwaysCompact_C128,3,COMPACT_128KB,-0.132,-0.055,0.186628,0,56,220.21224587760122,338.41490745544434,56,1.6090218680245536,5766.734375,13.626978826342466,0,0,536,0.0,0.0,0.3,0.15,0.2,0.25,0.1,30,111.93855301750482,388.5765075683594,56,1.6097379411969865,5769.30078125,13.324474697587675,0,0,537,0.0,0.0,0.35,0.15,0.2,0.25,0.05
538,AlwaysCompact_C128,3,COMPACT_128KB,0.1605,-0.055,0.187679,0,30,111.93855301750482,388.5765075683594,56,1.6097379411969865,5769.30078125,13.324474697587675,0,0,537,0.0,0.0,0.35,0.15,0.2,0.25,0.05,64,228.72881917728148,336.0748291015625,56,1.6112711770193917,5774.7958984375,12.683684917047835,0,0,538,0.0,0.0,0.35,0.2,0.2,0.2,0.05
539,AlwaysCompact_C128,3,COMPACT_128KB,0.1605,-0.055,0.189295,0,64,228.72881917728148,336.0748291015625,56,1.6112711770193917,5774.7958984375,12.683684917047835,0,0,538,0.0,0.0,0.35,0.2,0.2,0.2,0.05,73,273.2938265610328,255.23662567138672,56,1.613006591796875,5781.015625,11.971366233114757,0,0,539,0.0,0.0,0.3,0.2,0.2,0.2,0.1
540,AlwaysCompact_C128,3,COMPACT_128KB,0.1605,-0.055,0.184229,0,73,273.2938265610328,255.23662567138672,56,1.613006591796875,5781.015625,11.971366233114757,0,0,539,0.0,0.0,0.3,0.2,0.2,0.2,0.1,72,288.78131923931306,508.55350494384766,56,1.6147373744419642,5787.21875,11.277158909588243,0,0,540,0.0,0.0,0.3,0.2,0.2,0.2,0.1
541,AlwaysCompact_C128,3,COMPACT_128KB,0.1605,-0.055,0.1877,0,72,288.78131923931306,508.55350494384766,56,1.6147373744419642,5787.21875,11.277158909588243,0,0,540,0.0,0.0,0.3,0.2,0.2,0.2,0.1,80,291.06822241094096,334.99741554260254,56,1.616640363420759,5794.0390625,10.536382631485424,0,0,541,0.0,0.0,0.25,0.25,0.2,0.2,0.1
542,AlwaysCompact_C128,3,COMPACT_128KB,0.1605,-0.055,0.186817,0,80,291.06822241094096,334.99741554260254,56,1.616640363420759,5794.0390625,10.536382631485424,0,0,541,0.0,0.0,0.25,0.25,0.2,0.2,0.1,59,226.7667114768009,379.1372776031494,56,1.6180507114955358,5799.09375,10.005571345928683,0,0,542,0.0,0.0,0.3,0.25,0.15,0.2,0.1
543,AlwaysCompact_C128,3,COMPACT_128KB,0.1605,-0.055,0.182541,0,59,226.7667114768009,379.1372776031494,56,1.6180507114955358,5799.09375,10.005571345928683,0,0,542,0.0,0.0,0.3,0.25,0.15,0.2,0.1,52,192.63598264274995,592.9691791534424,56,1.6192888532366072,5803.53125,9.55463846979154,0,0,543,0.0,0.0,0.3,0.25,0.15,0.2,0.1
544,AlwaysCompact_C128,3,COMPACT_128KB,-0.132,-0.055,0.183849,0,52,192.63598264274995,592.9691791534424,56,1.6192888532366072,5803.53125,9.55463846979154,0,0,543,0.0,0.0,0.3,0.25,0.15,0.2,0.1,46,141.4097025044159,527.5561809539795,56,1.6203910282679967,5807.4814453125,9.166844768796272,0,0,544,0.0,0.0,0.3,0.25,0.1,0.25,0.1
545,AlwaysCompact_C128,3,COMPACT_128KB,-0.132,-0.055,0.171895,0,46,141.4097025044159,527.5561809539795,56,1.6203910282679967,5807.4814453125,9.166844768796272,0,0,544,0.0,0.0,0.3,0.25,0.1,0.25,0.1,49,129.13968162607716,1125.2362728118896,56,1.6215621403285436,5811.6787109375,8.77083464543243,0,0,545,0.0,0.0,0.3,0.2,0.15,0.25,0.1
546,AlwaysCompact_C128,3,COMPACT_128KB,0.1605,-0.055,0.186614,0,49,129.13968162607716,1125.2362728118896,56,1.6215621403285436,5811.6787109375,8.77083464543243,0,0,545,0.0,0.0,0.3,0.2,0.15,0.25,0.1,57,166.91404610402938,389.2793655395508,56,1.6229278019496374,5816.5732421875,8.332983943152216,0,0,546,0.0,0.0,0.35,0.2,0.1,0.25,0.1
547,AlwaysCompact_C128,3,COMPACT_128KB,0.1605,-0.055,0.188952,0,57,166.91404610402938,389.2793655395508,56,1.6229278019496374,5816.5732421875,8.332983943152216,0,0,546,0.0,0.0,0.35,0.2,0.1,0.25,0.1,67,252.10224096169372,272.39155769348145,56,1.6245430537632533,5822.3623046875,7.854008258890305,0,0,547,0.0,0.0,0.3,0.2,0.1,0.25,0.15
548,AlwaysCompact_C128,3,COMPACT_128KB,-0.132,-0.055,0.179333,0,67,252.10224096169372,272.39155769348145,56,1.6245430537632533,5822.3623046875,7.854008258890305,0,0,547,0.0,0.0,0.3,0.2,0.1,0.25,0.15,38,140.75007219263378,753.3516883850098,56,1.6254659380231584,5825.669921875,7.602164944304621,0,0,548,0.0,0.0,0.3,0.15,0.15,0.25,0.15
549,AlwaysCompact_C128,3,COMPACT_128KB,0.1605,-0.055,0.187898,0,38,140.75007219263378,753.3516883850098,56,1.6254659380231584,5825.669921875,7.602164944304621,0,0,548,0.0,0.0,0.3,0.15,0.15,0.25,0.15,65,234.04207318381802,325.12354850769043,56,1.6270089830671037,5831.2001953125,7.222011740593133,0,0,549,0.0,0.0,0.25,0.2,0.15,0.25,0.15
550,AlwaysCompact_C128,3,COMPACT_128KB,0.1605,-0.055,0.189338,0,65,234.04207318381802,325.12354850769043,56,1.6270089830671037,5831.2001953125,7.222011740593133,0,0,549,0.0,0.0,0.25,0.2,0.15,0.25,0.15,79,287.8028539688303,253.08728218078613,56,1.6288863590785436,5837.9287109375,6.839143337972464,0,0,550,0.0,0.0,0.25,0.15,0.15,0.25,0.2
551,AlwaysCompact_C128,3,COMPACT_128KB,0.1605,-0.055,0.185069,0,79,287.8028539688303,253.08728218078613,56,1.6288863590785436,5837.9287109375,6.839143337972464,0,0,550,0.0,0.0,0.25,0.15,0.15,0.25,0.2,60,229.59025434282228,466.56298637390137,56,1.6303332192557198,5843.1142578125,6.612721804349705,0,0,551,0.0,0.0,0.25,0.2,0.15,0.2,0.2
552,AlwaysCompact_C128,3,COMPACT_128KB,-0.132,-0.055,0.18754,0,60,229.59025434282228,466.56298637390137,56,1.6303332192557198,5843.1142578125,6.612721804349705,0,0,551,0.0,0.0,0.25,0.2,0.15,0.2,0.2,46,133.35258282613114,343.001127243042,56,1.6314465659005302,5847.1044921875,6.483686559067322,0,0,552,0.0,0.0,0.25,0.25,0.15,0.15,0.2
553,AlwaysCompact_C128,3,COMPACT_128KB,-0.132,-0.055,0.186257,0,46,133.35258282613114,343.001127243042,56,1.6314465659005302,5847.1044921875,6.483686559067322,0,0,552,0.0,0.0,0.25,0.25,0.15,0.15,0.2,36,114.20677261275272,407.1316719055176,56,1.6324479239327567,5850.693359375,6.403436326371541,0,0,553,0.0,0.0,0.3,0.25,0.15,0.15,0.15
554,AlwaysCompact_C128,3,COMPACT_128KB,-0.132125,-0.055,0.184027,0,36,114.20677261275272,407.1316719055176,56,1.6324479239327567,5850.693359375,6.403436326371541,0,0,553,0.0,0.0,0.3,0.25,0.15,0.15,0.15,44,161.24313239980043,513.6346817016602,57,1.6056288334361293,5857.333984375,14.429126698949275,0,0,554,0.0,0.0,0.25,0.3,0.15,0.15,0.15
555,AlwaysCompact_C128,3,COMPACT_128KB,-0.132125,-0.055,0.186562,0,44,161.24313239980043,513.6346817016602,57,1.6056288334361293,5857.333984375,14.429126698949275,0,0,554,0.0,0.0,0.25,0.3,0.15,0.15,0.15,43,150.39252052777243,386.89279556274414,57,1.6066420705694902,5861.0302734375,13.991090343946562,0,0,555,0.0,0.0,0.25,0.35,0.1,0.15,0.15
556,AlwaysCompact_C128,3,COMPACT_128KB,0.160375,-0.055,0.186199,0,43,150.39252052777243,386.89279556274414,57,1.6066420705694902,5861.0302734375,13.991090343946562,0,0,555,0.0,0.0,0.25,0.35,0.1,0.15,0.15,80,291.54114096997824,405.059814453125,57,1.6085371050918311,5867.943359375,13.181581424629309,0,0,556,0.0,0.0,0.3,0.35,0.1,0.1,0.15
557,AlwaysCompact_C128,3,COMPACT_128KB,-0.132125,-0.055,0.180759,0,80,291.54114096997824,405.059814453125,57,1.6085371050918311,5867.943359375,13.181581424629309,0,0,556,0.0,0.0,0.3,0.35,0.1,0.1,0.15,49,180.32103180522046,677.0319938659668,57,1.6096866005345394,5872.13671875,12.697576645986528,0,0,557,0.0,0.0,0.25,0.35,0.15,0.1,0.15
558,AlwaysCompact_C128,3,COMPACT_128KB,0.160375,-0.055,0.181701,0,49,180.32103180522046,677.0319938659668,57,1.6096866005345394,5872.13671875,12.697576645986528,0,0,557,0.0,0.0,0.25,0.35,0.15,0.1,0.15,52,183.26680441546807,629.967212677002,57,1.6109099806400768,5876.599609375,12.189153975240242,0,0,558,0.0,0.0,0.25,0.3,0.2,0.1,0.15
559,AlwaysCompact_C128,3,COMPACT_128KB,-0.132125,-0.055,0.18453,0,52,183.26680441546807,629.967212677002,57,1.6109099806400768,5876.599609375,12.189153975240242,0,0,558,0.0,0.0,0.25,0.3,0.2,0.1,0.15,34,127.17935326910437,488.5127544403076,57,1.6117141455934758,5879.533203125,11.859129769747627,0,0,559,0.0,0.0,0.25,0.3,0.2,0.15,0.1
560,AlwaysCompact_C128,3,COMPACT_128KB,0.160375,-0.055,0.173483,0,34,127.17935326910437,488.5127544403076,57,1.6117141455934758,5879.533203125,11.859129769747627,0,0,559,0.0,0.0,0.25,0.3,0.2,0.15,0.1,71,188.63975543614248,1040.8711433410645,57,1.6133797628837718,5885.609375,11.18753680289377,0,0,560,0.0,0.0,0.25,0.3,0.25,0.1,0.1
561,AlwaysCompact_C128,3,COMPACT_128KB,0.160375,-0.055,0.18208,0,71,188.63975543614248,1040.8711433410645,57,1.6133797628837718,5885.609375,11.18753680289377,0,0,560,0.0,0.0,0.25,0.3,0.25,0.1,0.1,64,165.09940697532815,610.9848022460938,57,1.6148844936437774,5891.0986328125,10.596784596479447,0,0,561,0.0,0.0,0.25,0.25,0.25,0.15,0.1
562,AlwaysCompact_C128,3,COMPACT_128KB,-0.132125,-0.055,0.186486,0,64,165.09940697532815,610.9848022460938,57,1.6148844936437774,5891.0986328125,10.596784596479447,0,0,561,0.0,0.0,0.25,0.25,0.25,0.15,0.1,33,86.46434186927902,390.67840576171875,57,1.6156551963404606,5893.91015625,10.300965130774012,0,0,562,0.0,0.0,0.2,0.25,0.25,0.2,0.1
563,AlwaysCompact_C128,3,COMPACT_128KB,0.160375,-0.055,0.175827,0,33,86.46434186927902,390.67840576171875,57,1.6156551963404606,5893.91015625,10.300965130774012,0,0,562,0.0,0.0,0.2,0.25,0.25,0.2,0.1,77,265.11383443920084,923.6423969268799,57,1.6174693860505756,5900.5283203125,9.625630680266557,0,0,563,0.0,0.0,0.15,0.25,0.3,0.2,0.1
564,AlwaysCompact_C128,3,COMPACT_128KB,-0.132125,-0.055,0.183721,0,77,265.11383443920084,923.6423969268799,57,1.6174693860505756,5900.5283203125,9.625630680266557,0,0,563,0.0,0.0,0.15,0.25,0.3,0.2,0.1,42,156.3071080560453,528.9452075958252,57,1.6184579949629934,5904.134765625,9.27181113578272,0,0,564,0.0,0.0,0.15,0.25,0.3,0.2,0.1
565,AlwaysCompact_C128,3,COMPACT_128KB,0.160375,-0.055,0.176683,0,42,156.3071080560453,528.9452075958252,57,1.6184579949629934,5904.134765625,9.27181113578272,0,0,564,0.0,0.0,0.15,0.25,0.3,0.2,0.1,62,164.48812799425156,880.8369636535645,57,1.6199126661869518,5909.44140625,8.772563205776837,0,0,565,0.0,0.0,0.15,0.25,0.3,0.2,0.1
566,AlwaysCompact_C128,3,COMPACT_128KB,0.160375,-0.055,0.177027,0,62,164.48812799425156,880.8369636535645,57,1.6199126661869518,5909.44140625,8.772563205776837,0,0,565,0.0,0.0,0.15,0.25,0.3,0.2,0.1,74,224.12394681886585,863.6257648468018,57,1.6216591282894737,5915.8125,8.212641623128881,0,0,566,0.0,0.0,0.1,0.25,0.35,0.2,0.1
567,AlwaysCompact_C128,3,COMPACT_128KB,0.160375,-0.055,0.187556,0,74,224.12394681886585,863.6257648468018,57,1.6216591282894737,5915.8125,8.212641623128881,0,0,566,0.0,0.0,0.1,0.25,0.35,0.2,0.1,72,221.09757977899753,337.1918201446533,57,1.6233504445929277,5921.982421875,7.719772638879501,0,0,567,0.0,0.0,0.1,0.25,0.35,0.2,0.1
568,AlwaysCompact_C128,3,COMPACT_128KB,0.160375,-0.055,0.185391,0,72,221.09757977899753,337.1918201446533,57,1.6233504445929277,5921.982421875,7.719772638879501,0,0,567,0.0,0.0,0.1,0.25,0.35,0.2,0.1,63,204.56202288229608,445.45912742614746,57,1.6248305471319902,5927.3818359375,7.336134003745298,0,0,568,0.0,0.0,0.1,0.3,0.3,0.2,0.1
569,AlwaysCompact_C128,3,COMPACT_128KB,-0.132125,-0.055,0.177629,0,63,204.56202288229608,445.45912742614746,57,1.6248305471319902,5927.3818359375,7.336134003745298,0,0,568,0.0,0.0,0.1,0.3,0.3,0.2,0.1,41,120.46704373666373,833.5671424865723,57,1.6257910477487665,5930.8857421875,7.114623032113247,0,0,569,0.0,0.0,0.1,0.25,0.35,0.2,0.1
570,AlwaysCompact_C128,3,COMPACT_128KB,-0.132125,-0.055,0.187367,0,41,120.46704373666373,833.5671424865723,57,1.6257910477487665,5930.8857421875,7.114623032113247,0,0,569,0.0,0.0,0.1,0.25,0.35,0.2,0.1,45,151.74566012979412,346.6382026672363,57,1.6269009238795231,5934.9345703125,6.8887975336124985,0,0,570,0.0,0.0,0.1,0.25,0.35,0.2,0.1
571,AlwaysCompact_C128,3,COMPACT_128KB,0.160375,-0.055,0.187317,0,45,151.74566012979412,346.6382026672363,57,1.6269009238795231,5934.9345703125,6.8887975336124985,0,0,570,0.0,0.0,0.1,0.25,0.35,0.2,0.1,75,254.157728767794,349.14636611938477,57,1.628620616176672,5941.2080078125,6.609973288422911,0,0,571,0.0,0.0,0.1,0.25,0.35,0.2,0.1
572,AlwaysCompact_C128,3,COMPACT_128KB,0.160375,-0.055,0.187624,0,75,254.157728767794,349.14636611938477,57,1.628620616176672,5941.2080078125,6.609973288422911,0,0,571,0.0,0.0,0.1,0.25,0.35,0.2,0.1,55,202.77584200329804,333.8027000427246,57,1.6299186840391995,5945.943359375,6.462609043690854,0,0,572,0.0,0.0,0.1,0.2,0.35,0.2,0.15
573,AlwaysCompact_C128,3,COMPACT_128KB,0.160375,-0.055,0.186226,0,55,202.77584200329804,333.8027000427246,57,1.6299186840391995,5945.943359375,6.462609043690854,0,0,572,0.0,0.0,0.1,0.2,0.35,0.2,0.15,66,246.58926147235198,403.72419357299805,57,1.631474545127467,5951.619140625,6.363410202810972,0,0,573,0.0,0.0,0.05,0.2,0.35,0.25,0.15
574,AlwaysCompact_C128,3,COMPACT_128KB,0.16025,-0.055,0.185983,0,66,246.58926147235198,403.72419357299805,57,1.631474545127467,5951.619140625,6.363410202810972,0,0,573,0.0,0.0,0.05,0.2,0.35,0.25,0.15,66,207.30729436574575,410.85219383239746,58,1.6056655357623923,5960.23046875,14.072235439701764,0,0,574,0.0,0.0,0.1,0.15,0.35,0.25,0.15
575,AlwaysCompact_C128,3,COMPACT_128KB,0.16025,-0.055,0.186273,0,66,207.30729436574575,410.85219383239746,58,1.6056655357623923,5960.23046875,14.072235439701764,0,0,574,0.0,0.0,0.1,0.15,0.35,0.25,0.15,70,266.8656152061837,396.36754989624023,58,1.6073108541554417,5966.337890625,13.360192028041148,0,0,575,0.0,0.0,0.15,0.1,0.35,0.25,0.15
576,AlwaysCompact_C128,3,COMPACT_128KB,-0.13225,-0.055,0.186068,0,70,266.8656152061837,396.36754989624023,58,1.6073108541554417,5966.337890625,13.360192028041148,0,0,575,0.0,0.0,0.15,0.1,0.35,0.25,0.15,41,156.75281913851174,406.5890312194824,58,1.6082679485452587,5969.890625,12.950826687647796,0,0,576,0.0,0.0,0.15,0.1,0.35,0.25,0.15
577,AlwaysCompact_C128,3,COMPACT_128KB,-0.13225,-0.055,0.187122,0,41,156.75281913851174,406.5890312194824,58,1.6082679485452587,5969.890625,12.950826687647796,0,0,576,0.0,0.0,0.15,0.1,0.35,0.25,0.15,39,147.21346051562284,353.88875007629395,58,1.6091274393015895,5973.0810546875,12.586596652115272,0,0,577,0.0,0.0,0.15,0.1,0.3,0.3,0.15
578,AlwaysCompact_C128,3,COMPACT_128KB,-0.13225,-0.055,0.186327,0,39,147.21346051562284,353.88875007629395,58,1.6091274393015895,5973.0810546875,12.586596652115272,0,0,577,0.0,0.0,0.15,0.1,0.3,0.3,0.15,39,144.24804145311657,393.6352729797363,58,1.6100253401131466,5976.4140625,12.209836801814324,0,0,578,0.0,0.0,0.2,0.1,0.25,0.3,0.15
579,AlwaysCompact_C128,3,COMPACT_128KB,-0.13225,-0.055,0.186741,0,39,144.24804145311657,393.6352729797363,58,1.6100253401131466,5976.4140625,12.209836801814324,0,0,578,0.0,0.0,0.2,0.1,0.25,0.3,0.15,47,148.3944915592344,372.941255569458,58,1.6111102926320042,5980.44140625,11.760216666957836,0,0,579,0.0,0.0,0.2,0.1,0.25,0.3,0.15
580,AlwaysCompact_C128,3,COMPACT_128KB,0.16025,-0.055,0.187252,0,47,148.3944915592344,372.941255569458,58,1.6111102926320042,5980.44140625,11.760216666957836,0,0,579,0.0,0.0,0.2,0.1,0.25,0.3,0.15,76,293.52133405769746,347.3777770996094,58,1.6128647902916218,5986.9541015625,11.047979119414189,0,0,580,0.0,0.0,0.2,0.1,0.2,0.35,0.15
581,AlwaysCompact_C128,3,COMPACT_128KB,-0.13225,-0.055,0.185985,0,76,293.52133405769746,347.3777770996094,58,1.6128647902916218,5986.9541015625,11.047979119414189,0,0,580,0.0,0.0,0.2,0.1,0.2,0.35,0.15,48,171.76483355600945,410.7480049133301,58,1.613971052498653,5991.060546875,10.609751635816277,0,0,581,0.0,0.0,0.2,0.15,0.2,0.3,0.15
582,AlwaysCompact_C128,3,COMPACT_128KB,-0.13225,-0.055,0.185557,0,48,171.76483355600945,410.7480049133301,58,1.613971052498653,5991.060546875,10.609751635816277,0,0,581,0.0,0.0,0.2,0.15,0.2,0.3,0.15,30,108.16417895051731,432.1441650390625,58,1.6146713783001077,5993.66015625,10.337265562356675,0,0,582,0.0,0.0,0.25,0.15,0.2,0.25,0.15
583,AlwaysCompact_C128,3,COMPACT_128KB,0.16025,-0.055,0.187211,0,30,108.16417895051731,432.1441650390625,58,1.6146713783001077,5993.66015625,10.337265562356675,0,0,582,0.0,0.0,0.25,0.15,0.2,0.25,0.15,60,215.05428094834423,349.45058822631836,58,1.616058612691945,5998.8095703125,9.810242219530666,0,0,583,0.0,0.0,0.25,0.15,0.15,0.3,0.15
584,AlwaysCompact_C128,3,COMPACT_128KB,0.16025,-0.055,0.182591,0,60,215.05428094834423,349.45058822631836,58,1.616058612691945,5998.8095703125,9.810242219530666,0,0,583,0.0,0.0,0.25,0.15,0.15,0.3,0.15,53,188.26091507607566,580.4357528686523,58,1.6172906283674569,6003.3828125,9.358276900393822,0,0,584,0.0,0.0,0.3,0.15,0.15,0.25,0.15
585,AlwaysCompact_C128,3,COMPACT_128KB,-0.13225,-0.055,0.179554,0,53,188.26091507607566,580.4357528686523,58,1.6172906283674569,6003.3828125,9.358276900393822,0,0,584,0.0,0.0,0.3,0.15,0.15,0.25,0.15,37,134.1721239829403,732.3207855224609,58,1.6181440682246768,6006.55078125,9.055319057289577,0,0,585,0.0,0.0,0.3,0.15,0.15,0.25,0.15
586,AlwaysCompact_C128,3,COMPACT_128KB,0.16025,-0.055,0.188605,0,37,134.1721239829403,732.3207855224609,58,1.6181440682246768,6006.55078125,9.055319057289577,0,0,585,0.0,0.0,0.3,0.15,0.15,0.25,0.15,68,250.89654759873113,279.7703742980957,58,1.619720195901805,6012.4013671875,8.52092152562382,0,0,586,0.0,0.0,0.3,0.15,0.1,0.25,0.2
587,AlwaysCompact_C128,3,COMPACT_128KB,0.16025,-0.055,0.187322,0,68,250.89654759873113,279.7703742980957,58,1.619720195901805,6012.4013671875,8.52092152562382,0,0,586,0.0,0.0,0.3,0.15,0.1,0.25,0.2,57,202.26185079809036,343.9028263092041,58,1.621038502660291,6017.294921875,8.102860627428967,0,0,587,0.0,0.0,0.3,0.2,0.1,0.25,0.15
588,AlwaysCompact_C128,3,COMPACT_128KB,-0.13225,-0.055,0.186159,0,57,202.26185079809036,343.9028263092041,58,1.621038502660291,6017.294921875,8.102860627428967,0,0,587,0.0,0.0,0.3,0.2,0.1,0.25,0.15,30,112.65148700465632,402.07386016845703,58,1.6217351453057651,6019.880859375,7.894131658943193,0,0,588,0.0,0.0,0.35,0.15,0.1,0.25,0.15
589,AlwaysCompact_C128,3,COMPACT_128KB,-0.13225,-0.055,0.188719,0,30,112.65148700465632,402.07386016845703,58,1.6217351453057651,6019.880859375,7.894131658943193,0,0,588,0.0,0.0,0.35,0.15,0.1,0.25,0.15,36,109.1132438285723,274.0345001220703,58,1.6225606984105603,6022.9453125,7.6589128909620445,0,0,589,0.0,0.0,0.35,0.15,0.05,0.25,0.2
590,AlwaysCompact_C128,3,COMPACT_128KB,0.16025,-0.055,0.188989,0,36,109.1132438285723,274.0345001220703,58,1.6225606984105603,6022.9453125,7.6589128909620445,0,0,589,0.0,0.0,0.35,0.15,0.05,0.25,0.2,57,215.5365782854464,260.5464458465576,58,1.6238619048019935,6027.775390625,7.317799967501759,0,0,590,0.0,0.0,0.35,0.15,0.05,0.25,0.2
591,AlwaysCompact_C128,3,COMPACT_128KB,-0.13225,-0.055,0.188704,0,57,215.5365782854464,260.5464458465576,58,1.6238619048019935,6027.775390625,7.317799967501759,0,0,590,0.0,0.0,0.35,0.15,0.05,0.25,0.2,33,107.92832435568337,274.78909492492676,58,1.6246319474845097,6030.6337890625,7.134829449154261,0,0,591,0.0,0.0,0.35,0.1,0.05,0.25,0.25
592,AlwaysCompact_C128,3,COMPACT_128KB,0.16025,-0.055,0.187141,0,33,107.92832435568337,274.78909492492676,58,1.6246319474845097,6030.6337890625,7.134829449154261,0,0,591,0.0,0.0,0.35,0.1,0.05,0.25,0.25,51,144.96491516981285,352.9326915740967,58,1.625806084994612,6034.9921875,6.8859268141752885,0,0,592,0.0,0.0,0.35,0.1,0.05,0.3,0.2
593,AlwaysCompact_C128,3,COMPACT_128KB,0.16025,-0.055,0.186205,0,51,144.96491516981285,352.9326915740967,58,1.625806084994612,6034.9921875,6.8859268141752885,0,0,592,0.0,0.0,0.35,0.1,0.05,0.3,0.2,67,194.7783193323907,399.7313976287842,58,1.6273593244881466,6040.7578125,6.618595763849415,0,0,593,0.0,0.0,0.4,0.1,0.05,0.25,0.2
594,AlwaysCompact_C128,3,COMPACT_128KB,0.16025,-0.055,0.187329,0,67,194.7783193323907,399.7313976287842,58,1.6273593244881466,6040.7578125,6.618595763849415,0,0,593,0.0,0.0,0.4,0.1,0.05,0.25,0.2,68,175.58572475143905,343.53137016296387,58,1.6289378199084052,6046.6171875,6.427389064647636,0,0,594,0.0,0.0,0.35,0.1,0.05,0.3,0.2
595,AlwaysCompact_C128,3,COMPACT_128KB,0.16025,-0.055,0.185799,0,68,175.58572475143905,343.53137016296387,58,1.6289378199084052,6046.6171875,6.427389064647636,0,0,594,0.0,0.0,0.35,0.1,0.05,0.3,0.2,80,205.33049559806312,420.0623035430908,58,1.6307757147427262,6053.439453125,6.316534312646577,0,0,595,0.0,0.0,0.35,0.1,0.05,0.3,0.2
596,AlwaysCompact_C128,3,COMPACT_128KB,0.160125,-0.055,0.180778,0,80,205.33049559806312,420.0623035430908,58,1.6307757147427262,6053.439453125,6.316534312646577,0,0,595,0.0,0.0,0.35,0.1,0.05,0.3,0.2,58,165.81214608012868,666.0897731781006,59,1.6052028849973516,6061.24609375,14.044629338714973,0,0,596,0.0,0.0,0.3,0.1,0.1,0.3,0.2
597,AlwaysCompact_C128,3,COMPACT_128KB,0.160125,-0.055,0.187268,0,58,165.81214608012868,666.0897731781006,59,1.6052028849973516,6061.24609375,14.044629338714973,0,0,596,0.0,0.0,0.3,0.1,0.1,0.3,0.2,66,196.11728891417286,341.59183502197266,59,1.606727212162341,6067.001953125,13.37805497695355,0,0,597,0.0,0.0,0.3,0.15,0.1,0.25,0.2
598,AlwaysCompact_C128,3,COMPACT_128KB,0.160125,-0.055,0.185626,0,66,196.11728891417286,341.59183502197266,59,1.606727212162341,6067.001953125,13.37805497695355,0,0,597,0.0,0.0,0.3,0.15,0.1,0.25,0.2,68,171.63960413914708,423.7074851989746,59,1.6082794706700212,6072.86328125,12.70874725841029,0,0,598,0.0,0.0,0.3,0.15,0.1,0.25,0.2
599,AlwaysCompact_C128,3,COMPACT_128KB,0.160125,-0.055,0.186996,0,68,171.63960413914708,423.7074851989746,59,1.6082794706700212,6072.86328125,12.70874725841029,0,0,598,0.0,0.0,0.3,0.15,0.1,0.25,0.2,78,251.26915937091258,355.1907539367676,59,1.610048197083554,6079.5419921875,11.959799338738163,0,0,599,0.0,0.0,0.3,0.2,0.1,0.2,0.2
600,AlwaysCompact_C128,3,COMPACT_128KB,0.160125,-0.055,0.184068,0,78,251.26915937091258,355.1907539367676,59,1.610048197083554,6079.5419921875,11.959799338738163,0,0,599,0.0,0.0,0.3,0.2,0.1,0.2,0.2,77,230.31147680101208,501.62315368652344,59,1.6118254580740201,6086.2529296875,11.22475817775412,0,0,600,0.0,0.0,0.3,0.25,0.1,0.15,0.2
601,AlwaysCompact_C128,3,COMPACT_128KB,0.160125,-0.055,0.185805,0,77,230.31147680101208,501.62315368652344,59,1.6118254580740201,6086.2529296875,11.22475817775412,0,0,600,0.0,0.0,0.3,0.25,0.1,0.15,0.2,61,169.25091355555026,414.7627353668213,59,1.6132101285255562,6091.4814453125,10.666587187257768,0,0,601,0.0,0.0,0.35,0.2,0.1,0.15,0.2
602,AlwaysCompact_C128,3,COMPACT_128KB,-0.132375,-0.055,0.186798,0,61,169.25091355555026,414.7627353668213,59,1.6132101285255562,6091.4814453125,10.666587187257768,0,0,601,0.0,0.0,0.35,0.2,0.1,0.15,0.2,30,94.23566945763372,365.0796413421631,59,1.613893411927304,6094.0615234375,10.396531851866023,0,0,602,0.0,0.0,0.3,0.2,0.1,0.2,0.2
603,AlwaysCompact_C128,3,COMPACT_128KB,-0.132375,-0.055,0.183121,0,30,94.23566945763372,365.0796413421631,59,1.613893411927304,6094.0615234375,10.396531851866023,0,0,602,0.0,0.0,0.3,0.2,0.1,0.2,0.2,47,140.51379853293693,548.9380359649658,59,1.6149589409262448,6098.0849609375,9.983379303329585,0,0,603,0.0,0.0,0.35,0.2,0.1,0.15,0.2
604,AlwaysCompact_C128,3,COMPACT_128KB,0.160125,-0.055,0.186359,0,47,140.51379853293693,548.9380359649658,59,1.6149589409262448,6098.0849609375,9.983379303329585,0,0,603,0.0,0.0,0.35,0.2,0.1,0.15,0.2,56,168.7490967350267,387.0565891265869,59,1.6162347308659957,6102.90234375,9.50306193525861,0,0,604,0.0,0.0,0.3,0.2,0.1,0.2,0.2
605,AlwaysCompact_C128,3,COMPACT_128KB,-0.132375,-0.055,0.186946,0,56,168.7490967350267,387.0565891265869,59,1.6162347308659957,6102.90234375,9.50306193525861,0,0,604,0.0,0.0,0.3,0.2,0.1,0.2,0.2,46,132.0725030444625,357.70392417907715,59,1.6172433626853813,6106.7109375,9.135935119703412,0,0,605,0.0,0.0,0.3,0.2,0.05,0.25,0.2
606,AlwaysCompact_C128,3,COMPACT_128KB,0.160125,-0.055,0.183023,0,46,132.0725030444625,357.70392417907715,59,1.6172433626853813,6106.7109375,9.135935119703412,0,0,605,0.0,0.0,0.3,0.2,0.05,0.25,0.2,76,188.27334346066525,553.8568496704102,59,1.6189771749205508,6113.2578125,8.535318788065926,0,0,606,0.0,0.0,0.35,0.2,0.05,0.25,0.15
607,AlwaysCompact_C128,3,COMPACT_128KB,0.160125,-0.055,0.18697,0,76,188.27334346066525,553.8568496704102,59,1.6189771749205508,6113.2578125,8.535318788065926,0,0,606,0.0,0.0,0.35,0.2,0.05,0.25,0.15,70,189.16523472558598,356.4882278442383,59,1.6205708131951801,6119.275390625,8.023564759905483,0,0,607,0.0,0.0,0.35,0.15,0.05,0.3,0.15
608,AlwaysCompact_C128,3,COMPACT_128KB,-0.132375,-0.055,0.18653,0,70,189.16523472558598,356.4882278442383,59,1.6205708131951801,6119.275390625,8.023564759905483,0,0,607,0.0,0.0,0.35,0.15,0.05,0.3,0.15,46,122.24394428699685,378.48567962646484,59,1.6216089280985169,6123.1953125,7.714772788701584,0,0,608,0.0,0.0,0.3,0.15,0.05,0.35,0.15
609,AlwaysCompact_C128,3,COMPACT_128KB,0.160125,-0.055,0.18875,0,46,122.24394428699685,378.48567962646484,59,1.6216089280985169,6123.1953125,7.714772788701584,0,0,608,0.0,0.0,0.3,0.15,0.05,0.35,0.15,74,233.67211813907616,267.50683784484863,59,1.623283256918697,6129.517578125,7.264776141652914,0,0,609,0.0,0.0,0.3,0.15,0.05,0.35,0.15
610,AlwaysCompact_C128,3,COMPACT_128KB,-0.132375,-0.055,0.181202,0,74,233.67211813907616,267.50683784484863,59,1.623283256918697,6129.517578125,7.264776141652914,0,0,609,0.0,0.0,0.3,0.15,0.05,0.35,0.15,49,149.53999915596708,644.8860168457031,59,1.6243932691671081,6133.708984375,7.0039295792700536,0,0,610,0.0,0.0,0.3,0.15,0.1,0.35,0.1
611,AlwaysCompact_C128,3,COMPACT_128KB,0.160125,-0.055,0.187291,0,49,149.53999915596708,644.8860168457031,59,1.6243932691671081,6133.708984375,7.0039295792700536,0,0,610,0.0,0.0,0.3,0.15,0.1,0.35,0.1,63,178.72414889285392,340.4548168182373,59,1.6261547541214247,6140.3603515625,6.661157337574505,0,0,611,0.0,0.0,0.3,0.2,0.1,0.35,0.05
612,AlwaysCompact_C128,3,COMPACT_128KB,0.160125,-0.055,0.184982,0,63,178.72414889285392,340.4548168182373,59,1.6261547541214247,6140.3603515625,6.661157337574505,0,0,611,0.0,0.0,0.3,0.2,0.1,0.35,0.05,57,153.20696224798508,455.89256286621094,59,1.6274729583222987,6145.337890625,6.468911652342831,0,0,612,0.0,0.0,0.35,0.2,0.1,0.3,0.05
613,AlwaysCompact_C128,3,COMPACT_128KB,0.160125,-0.055,0.181219,0,57,153.20696224798508,455.89256286621094,59,1.6274729583222987,6145.337890625,6.468911652342831,0,0,612,0.0,0.0,0.35,0.2,0.1,0.3,0.05,61,174.4792570537747,644.0255641937256,59,1.6288565942796611,6150.5625,6.332515525673738,0,0,613,0.0,0.0,0.3,0.2,0.15,0.3,0.05
614,AlwaysCompact_C128,3,COMPACT_128KB,-0.1325,-0.055,0.186869,0,61,174.4792570537747,644.0255641937256,59,1.6288565942796611,6150.5625,6.332515525673738,0,0,613,0.0,0.0,0.3,0.2,0.15,0.3,0.05,44,109.49723422875536,356.5394878387451,60,1.6034393310546875,6157.20703125,14.078039584507733,0,0,614,0.0,0.0,0.3,0.2,0.15,0.3,0.05
615,AlwaysCompact_C128,3,COMPACT_128KB,0.16,-0.055,0.186946,0,44,109.49723422875536,356.5394878387451,60,1.6034393310546875,6157.20703125,14.078039584507733,0,0,614,0.0,0.0,0.3,0.2,0.15,0.3,0.05,76,202.44091201802595,352.7224063873291,60,1.6051506042480468,6163.7783203125,13.324105986716066,0,0,615,0.0,0.0,0.25,0.2,0.15,0.35,0.05
616,AlwaysCompact_C128,3,COMPACT_128KB,-0.1325,-0.055,0.186156,0,76,202.44091201802595,352.7224063873291,60,1.6051506042480468,6163.7783203125,13.324105986716066,0,0,615,0.0,0.0,0.25,0.2,0.15,0.35,0.05,41,117.12645312802239,392.2162055969238,60,1.6060740152994792,6167.32421875,12.922143812662378,0,0,616,0.0,0.0,0.25,0.2,0.1,0.4,0.05
617,AlwaysCompact_C128,3,COMPACT_128KB,0.16,-0.055,0.188493,0,41,117.12645312802239,392.2162055969238,60,1.6060740152994792,6167.32421875,12.922143812662378,0,0,616,0.0,0.0,0.25,0.2,0.1,0.4,0.05,71,182.5832068781794,275.36559104919434,60,1.607696533203125,6173.5546875,12.225370055442589,0,0,617,0.0,0.0,0.25,0.15,0.1,0.4,0.1
618,AlwaysCompact_C128,3,COMPACT_128KB,-0.1325,-0.055,0.186708,0,71,182.5832068781794,275.36559104919434,60,1.607696533203125,6173.5546875,12.225370055442589,0,0,617,0.0,0.0,0.25,0.15,0.1,0.4,0.1,40,101.77823586258022,364.6078109741211,60,1.6085734049479166,6176.921875,11.854478163526556,0,0,618,0.0,0.0,0.2,0.15,0.1,0.45,0.1
619,AlwaysCompact_C128,3,COMPACT_128KB,0.16,-0.055,0.186457,0,40,101.77823586258022,364.6078109741211,60,1.6085734049479166,6176.921875,11.854478163526556,0,0,618,0.0,0.0,0.2,0.15,0.1,0.45,0.1,62,225.95204076135596,377.14266777038574,60,1.6099591573079428,6182.2431640625,11.27764161888712,0,0,619,0.0,0.0,0.2,0.1,0.1,0.5,0.1
620,AlwaysCompact_C128,3,COMPACT_128KB,0.16,-0.055,0.186937,0,62,225.95204076135596,377.14266777038574,60,1.6099591573079428,6182.2431640625,11.27764161888712,0,0,619,0.0,0.0,0.2,0.1,0.1,0.5,0.1,80,295.57048138592353,353.1668186187744,60,1.611717732747396,6188.99609375,10.564599506103608,0,0,620,0.0,0.0,0.2,0.05,0.1,0.55,0.1
621,AlwaysCompact_C128,3,COMPACT_128KB,0.16,-0.055,0.186676,0,80,295.57048138592353,353.1668186187744,60,1.611717732747396,6188.99609375,10.564599506103608,0,0,620,0.0,0.0,0.2,0.05,0.1,0.55,0.1,75,285.63847899340504,366.1806583404541,60,1.6133903503417968,6195.4189453125,9.90999629450231,0,0,621,0.0,0.0,0.15,0.05,0.1,0.6,0.1
622,AlwaysCompact_C128,3,COMPACT_128KB,0.16,-0.055,0.186434,0,75,285.63847899340504,366.1806583404541,60,1.6133903503417968,6195.4189453125,9.90999629450231,0,0,621,0.0,0.0,0.15,0.05,0.1,0.6,0.1,73,268.33900099471094,378.30471992492676,60,1.615044148763021,6201.76953125,9.29021362573996,0,0,622,0.0,0.0,0.15,0.05,0.1,0.6,0.1
623,AlwaysCompact_C128,3,COMPACT_128KB,-0.1325,-0.055,0.188664,0,73,268.33900099471094,378.30471992492676,60,1.615044148763021,6201.76953125,9.29021362573996,0,0,622,0.0,0.0,0.15,0.05,0.1,0.6,0.1,30,112.29799739935903,266.7806148529053,60,1.6159886678059896,6205.396484375,8.950692032666153,0,0,623,0.0,0.0,0.1,0.05,0.1,0.6,0.15
624,AlwaysCompact_C128,3,COMPACT_128KB,-0.1325,-0.055,0.186744,0,30,112.29799739935903,266.7806148529053,60,1.6159886678059896,6205.396484375,8.950692032666153,0,0,623,0.0,0.0,0.1,0.05,0.1,0.6,0.15,41,152.52528599633513,362.81585693359375,60,1.6166063944498699,6207.7685546875,8.735081128082836,0,0,624,0.0,0.0,0.1,0.05,0.1,0.6,0.15
625,AlwaysCompact_C128,3,COMPACT_128KB,0.16,-0.055,0.186563,0,41,152.52528599633513,362.81585693359375,60,1.6166063944498699,6207.7685546875,8.735081128082836,0,0,624,0.0,0.0,0.1,0.05,0.1,0.6,0.15,60,216.6699440886729,371.8678951263428,60,1.6179466247558594,6212.9150390625,8.28693318021506,0,0,625,0.0,0.0,0.1,0.05,0.1,0.6,0.15
626,AlwaysCompact_C128,3,COMPACT_128KB,0.16,-0.055,0.186865,0,60,216.6699440886729,371.8678951263428,60,1.6179466247558594,6212.9150390625,8.28693318021506,0,0,625,0.0,0.0,0.1,0.05,0.1,0.6,0.15,56,196.19967038465427,356.77385330200195,60,1.6192105611165364,6217.7685546875,7.892278074087534,0,0,626,0.0,0.0,0.05,0.05,0.1,0.65,0.15
627,AlwaysCompact_C128,3,COMPACT_128KB,0.16,-0.055,0.18674,0,56,196.19967038465427,356.77385330200195,60,1.6192105611165364,6217.7685546875,7.892278074087534,0,0,626,0.0,0.0,0.05,0.05,0.1,0.65,0.15,70,257.1581173935702,362.9937171936035,60,1.620765177408854,6223.73828125,7.450586466522877,0,0,627,0.0,0.0,0.05,0.1,0.1,0.6,0.15
628,AlwaysCompact_C128,3,COMPACT_128KB,0.16,-0.055,0.187027,0,70,257.1581173935702,362.9937171936035,60,1.620765177408854,6223.73828125,7.450586466522877,0,0,627,0.0,0.0,0.05,0.1,0.1,0.6,0.15,64,219.38296149128018,348.6359119415283,60,1.6222633361816405,6229.4912109375,7.078454981848003,0,0,628,0.0,0.0,0.05,0.1,0.1,0.6,0.15
629,AlwaysCompact_C128,3,COMPACT_128KB,0.16,-0.055,0.186869,0,64,219.38296149128018,348.6359119415283,60,1.6222633361816405,6229.4912109375,7.078454981848003,0,0,628,0.0,0.0,0.05,0.1,0.1,0.6,0.15,61,206.24504263107534,356.5714359283447,60,1.6236228942871094,6234.7119140625,6.793588341814392,0,0,629,0.0,0.0,0.05,0.1,0.1,0.65,0.1
630,AlwaysCompact_C128,3,COMPACT_128KB,-0.1325,-0.055,0.185648,0,61,206.24504263107534,356.5714359283447,60,1.6236228942871094,6234.7119140625,6.793588341814392,0,0,629,0.0,0.0,0.05,0.1,0.1,0.65,0.1,47,167.31790967501,417.59443283081055,60,1.6246719360351562,6238.740234375,6.612463389316066,0,0,630,0.0,0.0,0.1,0.1,0.05,0.65,0.1
631,AlwaysCompact_C128,3,COMPACT_128KB,-0.1325,-0.055,0.186095,0,47,167.31790967501,417.59443283081055,60,1.6246719360351562,6238.740234375,6.612463389316066,0,0,630,0.0,0.0,0.1,0.1,0.05,0.65,0.1,34,104.90156609755559,395.2455520629883,60,1.6253545125325521,6241.361328125,6.514232221946968,0,0,631,0.0,0.0,0.15,0.05,0.05,0.65,0.1
632,AlwaysCompact_C128,3,COMPACT_128KB,0.16,-0.055,0.187103,0,34,104.90156609755559,395.2455520629883,60,1.6253545125325521,6241.361328125,6.514232221946968,0,0,631,0.0,0.0,0.15,0.05,0.05,0.65,0.1,59,170.0780727449172,344.87366676330566,60,1.6267138163248698,6246.5810546875,6.367847791623647,0,0,632,0.0,0.0,0.1,0.1,0.05,0.65,0.1
633,AlwaysCompact_C128,3,COMPACT_128KB,0.159875,-0.055,0.186483,0,59,170.0780727449172,344.87366676330566,60,1.6267138163248698,6246.5810546875,6.367847791623647,0,0,632,0.0,0.0,0.1,0.1,0.05,0.65,0.1,57,155.98047400513855,370.8479404449463,61,1.6020382740458503,6254.357421875,13.856643834862114,0,0,633,0.0,0.0,0.1,0.1,0.0,0.7,0.1
634,AlwaysCompact_C128,3,COMPACT_128KB,-0.132625,-0.055,0.180385,0,57,155.98047400513855,370.8479404449463,61,1.6020382740458503,6254.357421875,13.856643834862114,0,0,633,0.0,0.0,0.1,0.1,0.0,0.7,0.1,41,121.52763455450022,675.7693290710449,61,1.6029795662301485,6258.0322265625,13.43953869455061,0,0,634,0.0,0.0,0.1,0.1,0.05,0.65,0.1
635,AlwaysCompact_C128,3,COMPACT_128KB,0.159875,-0.055,0.180281,0,41,121.52763455450022,675.7693290710449,61,1.6029795662301485,6258.0322265625,13.43953869455061,0,0,634,0.0,0.0,0.1,0.1,0.05,0.65,0.1,63,193.0720802213042,680.9730529785156,61,1.6043668653144212,6263.4482421875,12.83153552733435,0,0,635,0.0,0.0,0.1,0.1,0.1,0.6,0.1
636,AlwaysCompact_C128,3,COMPACT_128KB,0.159875,-0.055,0.180813,0,63,193.0720802213042,680.9730529785156,61,1.6043668653144212,6263.4482421875,12.83153552733435,0,0,635,0.0,0.0,0.1,0.1,0.1,0.6,0.1,74,173.61209551564238,654.3319225311279,61,1.6059925517097848,6269.794921875,12.130726818902781,0,0,636,0.0,0.0,0.1,0.1,0.15,0.55,0.1
637,AlwaysCompact_C128,3,COMPACT_128KB,-0.132625,-0.055,0.182636,0,74,173.61209551564238,654.3319225311279,61,1.6059925517097848,6269.794921875,12.130726818902781,0,0,636,0.0,0.0,0.1,0.1,0.15,0.55,0.1,50,123.42446581737327,563.1899833679199,61,1.607086681928791,6274.06640625,11.667231444313185,0,0,637,0.0,0.0,0.15,0.1,0.15,0.55,0.05
638,AlwaysCompact_C128,3,COMPACT_128KB,-0.132625,-0.055,0.186089,0,50,123.42446581737327,563.1899833679199,61,1.607086681928791,6274.06640625,11.667231444313185,0,0,637,0.0,0.0,0.15,0.1,0.15,0.55,0.05,40,113.53408787155932,390.57087898254395,61,1.6079614357870133,6277.4814453125,11.302033748065966,0,0,638,0.0,0.0,0.15,0.1,0.15,0.55,0.05
639,AlwaysCompact_C128,3,COMPACT_128KB,-0.132625,-0.055,0.188507,0,40,113.53408787155932,390.57087898254395,61,1.6079614357870133,6277.4814453125,11.302033748065966,0,0,638,0.0,0.0,0.15,0.1,0.15,0.55,0.05,47,102.39537254954922,269.64473724365234,61,1.608978521628458,6281.4521484375,10.884095569844732,0,0,639,0.0,0.0,0.15,0.1,0.15,0.5,0.1
640,AlwaysCompact_C128,3,COMPACT_128KB,-0.132625,-0.055,0.185213,0,47,102.39537254954922,269.64473724365234,61,1.608978521628458,6281.4521484375,10.884095569844732,0,0,639,0.0,0.0,0.15,0.1,0.15,0.5,0.1,30,106.27935203180547,434.3297481536865,61,1.609832263383709,6284.78515625,10.53941791854863,0,0,640,0.0,0.0,0.2,0.1,0.15,0.45,0.1
641,AlwaysCompact_C128,3,COMPACT_128KB,0.159875,-0.055,0.186237,0,30,106.27935203180547,434.3297481536865,61,1.609832263383709,6284.78515625,10.53941791854863,0,0,640,0.0,0.0,0.2,0.1,0.15,0.45,0.1,71,241.13432304057238,383.14104080200195,61,1.6114279324891136,6291.0146484375,9.912344581975896,0,0,641,0.0,0.0,0.2,0.15,0.15,0.4,0.1
642,AlwaysCompact_C128,3,COMPACT_128KB,0.159875,-0.055,0.186787,0,71,241.13432304057238,383.14104080200195,61,1.6114279324891136,6291.0146484375,9.912344581975896,0,0,641,0.0,0.0,0.2,0.15,0.15,0.4,0.1,75,258.5025605963987,355.6509017944336,61,1.6129120373335042,6296.80859375,9.352459897788648,0,0,642,0.0,0.0,0.2,0.15,0.15,0.4,0.1
643,AlwaysCompact_C128,3,COMPACT_128KB,0.159875,-0.055,0.18573,0,75,258.5025605963987,355.6509017944336,61,1.6129120373335042,6296.80859375,9.352459897788648,0,0,642,0.0,0.0,0.2,0.15,0.15,0.4,0.1,79,285.1004506884227,408.5044860839844,61,1.614652289718878,6303.6025390625,8.730567998400442,0,0,643,0.0,0.0,0.25,0.15,0.15,0.4,0.05
644,AlwaysCompact_C128,3,COMPACT_128KB,0.159875,-0.055,0.186742,0,79,285.1004506884227,408.5044860839844,61,1.614652289718878,6303.6025390625,8.730567998400442,0,0,643,0.0,0.0,0.25,0.15,0.15,0.4,0.05,71,254.63082173098513,357.90205001831055,61,1.6161421478771774,6309.4189453125,8.2339304536752,0,0,644,0.0,0.0,0.25,0.15,0.15,0.4,0.05
645,AlwaysCompact_C128,3,COMPACT_128KB,0.159875,-0.055,0.184847,0,71,254.63082173098513,357.90205001831055,61,1.6161421478771774,6309.4189453125,8.2339304536752,0,0,644,0.0,0.0,0.25,0.15,0.15,0.4,0.05,51,179.38144578879044,452.6705741882324,61,1.6172597916399847,6313.7822265625,7.887042278870299,0,0,645,0.0,0.0,0.25,0.15,0.15,0.4,0.05
646,AlwaysCompact_C128,3,COMPACT_128KB,0.159875,-0.055,0.180199,0,51,179.38144578879044,452.6705741882324,61,1.6172597916399847,6313.7822265625,7.887042278870299,0,0,645,0.0,0.0,0.25,0.15,0.15,0.4,0.05,53,151.28969057150286,685.0368976593018,61,1.6184212106173155,6318.31640625,7.5535147846338075,0,0,646,0.0,0.0,0.25,0.15,0.2,0.35,0.05
647,AlwaysCompact_C128,3,COMPACT_128KB,0.159875,-0.055,0.186228,0,53,151.28969057150286,685.0368976593018,61,1.6184212106173155,6318.31640625,7.5535147846338075,0,0,646,0.0,0.0,0.25,0.15,0.2,0.35,0.05,63,216.23963017488788,383.58068466186523,61,1.6198000048027663,6323.69921875,7.198400854777715,0,0,647,0.0,0.0,0.25,0.1,0.2,0.4,0.05
648,AlwaysCompact_C128,3,COMPACT_128KB,0.159875,-0.055,0.185672,0,63,216.23963017488788,383.58068466186523,61,1.6198000048027663,6323.69921875,7.198400854777715,0,0,647,0.0,0.0,0.25,0.1,0.2,0.4,0.05,55,196.92660711008293,411.419153213501,61,1.6211275194512038,6328.8818359375,6.904407661960783,0,0,648,0.0,0.0,0.3,0.1,0.2,0.35,0.05
649,AlwaysCompact_C128,3,COMPACT_128KB,-0.132625,-0.055,0.186718,0,55,196.92660711008293,411.419153213501,61,1.6211275194512038,6328.8818359375,6.904407661960783,0,0,648,0.0,0.0,0.3,0.1,0.2,0.35,0.05,37,124.7396706869597,359.10773277282715,61,1.621947241611168,6332.08203125,6.749107174327212,0,0,649,0.0,0.0,0.3,0.1,0.2,0.35,0.05
650,AlwaysCompact_C128,3,COMPACT_128KB,0.159875,-0.055,0.186466,0,37,124.7396706869597,359.10773277282715,61,1.621947241611168,6332.08203125,6.749107174327212,0,0,649,0.0,0.0,0.3,0.1,0.2,0.35,0.05,73,201.2226398329674,371.7057704925537,61,1.6234215908363216,6337.837890625,6.525472176482808,0,0,650,0.0,0.0,0.25,0.15,0.2,0.35,0.05
651,AlwaysCompact_C128,3,COMPACT_128KB,-0.132625,-0.055,0.186765,0,73,201.2226398329674,371.7057704925537,61,1.6234215908363216,6337.837890625,6.525472176482808,0,0,650,0.0,0.0,0.25,0.15,0.2,0.35,0.05,39,139.13562286079792,356.7681312561035,61,1.6242845879226435,6341.20703125,6.430248722316508,0,0,651,0.0,0.0,0.2,0.2,0.2,0.35,0.05
652,AlwaysCompact_C128,3,COMPACT_128KB,-0.132625,-0.055,0.186474,0,39,139.13562286079792,356.7681312561035,61,1.6242845879226435,6341.20703125,6.430248722316508,0,0,651,0.0,0.0,0.2,0.2,0.2,0.35,0.05,35,122.93769564846002,371.2961673736572,61,1.6250480276639345,6344.1875,6.369220841363168,0,0,652,0.0,0.0,0.2,0.15,0.2,0.4,0.05
653,AlwaysCompact_C128,3,COMPACT_128KB,0.15975,-0.055,0.186184,0,35,122.93769564846002,371.2961673736572,61,1.6250480276639345,6344.1875,6.369220841363168,0,0,652,0.0,0.0,0.2,0.15,0.2,0.4,0.05,63,228.13708886463786,380.7947635650635,62,1.6009388585244455,6352.525390625,13.6935042615498,0,0,653,0.0,0.0,0.2,0.15,0.2,0.4,0.05
654,AlwaysCompact_C128,3,COMPACT_128KB,-0.13275,-0.055,0.186566,0,63,228.13708886463786,380.7947635650635,62,1.6009388585244455,6352.525390625,13.6935042615498,0,0,653,0.0,0.0,0.2,0.15,0.2,0.4,0.05,36,132.2401210694468,361.7126941680908,62,1.6017515120967742,6355.75,13.331493193927972,0,0,654,0.0,0.0,0.2,0.15,0.15,0.45,0.05
655,AlwaysCompact_C128,3,COMPACT_128KB,0.15975,-0.055,0.186507,0,36,132.2401210694468,361.7126941680908,62,1.6017515120967742,6355.75,13.331493193927972,0,0,654,0.0,0.0,0.2,0.15,0.15,0.45,0.05,69,249.19231948199555,364.6504878997803,62,1.6032921575730847,6361.86328125,12.653140514949298,0,0,655,0.0,0.0,0.2,0.15,0.1,0.5,0.05
656,AlwaysCompact_C128,3,COMPACT_128KB,0.15975,-0.055,0.180514,0,69,249.19231948199555,364.6504878997803,62,1.6032921575730847,6361.86328125,12.653140514949298,0,0,655,0.0,0.0,0.2,0.15,0.1,0.5,0.05,60,207.95125349225196,664.3154621124268,62,1.604614503922001,6367.1103515625,12.08032446065005,0,0,656,0.0,0.0,0.2,0.15,0.1,0.5,0.05
657,AlwaysCompact_C128,3,COMPACT_128KB,0.15975,-0.055,0.186648,0,60,207.95125349225196,664.3154621124268,62,1.604614503922001,6367.1103515625,12.08032446065005,0,0,656,0.0,0.0,0.2,0.15,0.1,0.5,0.05,75,259.9577552781111,357.5913906097412,62,1.6061211862871725,6373.0888671875,11.440016580890044,0,0,657,0.0,0.0,0.15,0.15,0.1,0.55,0.05
658,AlwaysCompact_C128,3,COMPACT_128KB,-0.13275,-0.055,0.175154,0,75,259.9577552781111,357.5913906097412,62,1.6061211862871725,6373.0888671875,11.440016580890044,0,0,657,0.0,0.0,0.15,0.15,0.1,0.55,0.05,46,169.2762159781432,932.3091506958008,62,1.607115714780746,6377.03515625,11.025640082247394,0,0,658,0.0,0.0,0.15,0.15,0.15,0.5,0.05
659,AlwaysCompact_C128,3,COMPACT_128KB,0.15975,-0.055,0.185695,0,46,169.2762159781432,932.3091506958008,62,1.607115714780746,6377.03515625,11.025640082247394,0,0,658,0.0,0.0,0.15,0.15,0.15,0.5,0.05,77,271.4463245305855,405.2388668060303,62,1.6087764616935485,6383.625,10.350809307332701,0,0,659,0.0,0.0,0.15,0.15,0.15,0.55,0.0
660,AlwaysCompact_C128,3,COMPACT_128KB,0.15975,-0.055,0.186468,0,77,271.4463245305855,405.2388668060303,62,1.6087764616935485,6383.625,10.350809307332701,0,0,659,0.0,0.0,0.15,0.15,0.15,0.55,0.0,59,207.86432671122472,366.58596992492676,62,1.610049832251764,6388.677734375,9.85024843492189,0,0,660,0.0,0.0,0.1,0.15,0.15,0.6,0.0
661,AlwaysCompact_C128,3,COMPACT_128KB,0.15975,-0.055,0.185143,0,59,207.86432671122472,366.58596992492676,62,1.610049832251764,6388.677734375,9.85024843492189,0,0,660,0.0,0.0,0.1,0.15,0.15,0.6,0.0,55,197.12534201976666,432.86991119384766,62,1.6112437094411542,6393.4150390625,9.396532984403587,0,0,661,0.0,0.0,0.1,0.1,0.15,0.65,0.0
662,AlwaysCompact_C128,3,COMPACT_128KB,-0.13275,-0.055,0.186072,0,55,197.12534201976666,432.86991119384766,62,1.6112437094411542,6393.4150390625,9.396532984403587,0,0,661,0.0,0.0,0.1,0.1,0.15,0.65,0.0,50,175.48713606003452,386.41929626464844,62,1.6123278217930948,6397.716796875,8.999572161356328,0,0,662,0.0,0.0,0.1,0.1,0.15,0.65,0.0
663,AlwaysCompact_C128,3,COMPACT_128KB,0.15975,-0.055,0.186452,0,50,175.48713606003452,386.41929626464844,62,1.6123278217930948,6397.716796875,8.999572161356328,0,0,662,0.0,0.0,0.1,0.1,0.15,0.65,0.0,60,214.2570932824321,367.4180507659912,62,1.6136292488344255,6402.880859375,8.544844331173893,0,0,663,0.0,0.0,0.05,0.1,0.15,0.7,0.0
664,AlwaysCompact_C128,3,COMPACT_128KB,0.15975,-0.055,0.186041,0,60,214.2570932824321,367.4180507659912,62,1.6136292488344255,6402.880859375,8.544844331173893,0,0,663,0.0,0.0,0.05,0.1,0.15,0.7,0.0,58,204.93647018783554,387.9404067993164,62,1.6148792389900453,6407.8408203125,8.133981877569846,0,0,664,0.0,0.0,0.05,0.1,0.15,0.7,0.0
665,AlwaysCompact_C128,3,COMPACT_128KB,-0.13275,-0.055,0.186182,0,58,204.93647018783554,387.9404067993164,62,1.6148792389900453,6407.8408203125,8.133981877569846,0,0,664,0.0,0.0,0.05,0.1,0.15,0.7,0.0,48,173.116258912633,380.9020519256592,62,1.6159195438508065,6411.96875,7.814317821119823,0,0,665,0.0,0.0,0.05,0.1,0.15,0.7,0.0
666,AlwaysCompact_C128,3,COMPACT_128KB,-0.13275,-0.055,0.186495,0,48,173.116258912633,380.9020519256592,62,1.6159195438508065,6411.96875,7.814317821119823,0,0,665,0.0,0.0,0.05,0.1,0.15,0.7,0.0,40,138.2421220638244,365.2336597442627,62,1.6167782198998235,6415.3759765625,7.567671243679211,0,0,666,0.0,0.0,0.05,0.1,0.1,0.75,0.0
667,AlwaysCompact_C128,3,COMPACT_128KB,-0.13275,-0.055,0.186307,0,40,138.2421220638244,365.2336597442627,62,1.6167782198998235,6415.3759765625,7.567671243679211,0,0,666,0.0,0.0,0.05,0.1,0.1,0.75,0.0,42,149.5279043691055,374.6364116668701,62,1.6176858717395413,6418.9775390625,7.3257409469765635,0,0,667,0.0,0.0,0.05,0.1,0.1,0.75,0.0
668,AlwaysCompact_C128,3,COMPACT_128KB,-0.13275,-0.055,0.186209,0,42,149.5279043691055,374.6364116668701,62,1.6176858717395413,6418.9775390625,7.3257409469765635,0,0,667,0.0,0.0,0.05,0.1,0.1,0.75,0.0,35,122.82239273376521,379.5280456542969,62,1.6184507800686745,6422.0126953125,7.138267737239648,0,0,668,0.0,0.0,0.0,0.1,0.1,0.8,0.0
669,AlwaysCompact_C128,3,COMPACT_128KB,0.15975,-0.055,0.186408,0,35,122.82239273376521,379.5280456542969,62,1.6184507800686745,6422.0126953125,7.138267737239648,0,0,668,0.0,0.0,0.0,0.1,0.1,0.8,0.0,51,166.12988465397746,369.5859909057617,62,1.619627675702495,6426.6826171875,6.882085891719741,0,0,669,0.0,0.0,0.0,0.1,0.1,0.8,0.0
670,AlwaysCompact_C128,3,COMPACT_128KB,0.15975,-0.055,0.185527,0,51,166.12988465397746,369.5859909057617,62,1.619627675702495,6426.6826171875,6.882085891719741,0,0,669,0.0,0.0,0.0,0.1,0.1,0.8,0.0,73,251.1713804064724,413.6490821838379,62,1.6212069603704637,6432.94921875,6.606716148063688,0,0,670,0.0,0.0,0.05,0.05,0.1,0.8,0.0
671,AlwaysCompact_C128,3,COMPACT_128KB,0.15975,-0.055,0.188041,0,73,251.1713804064724,413.6490821838379,62,1.6212069603704637,6432.94921875,6.606716148063688,0,0,670,0.0,0.0,0.05,0.05,0.1,0.8,0.0,62,208.97015399129396,287.9307270050049,62,1.622555640435988,6438.30078125,6.440457288694655,0,0,671,0.0,0.0,0.05,0.0,0.1,0.8,0.05
672,AlwaysCompact_C128,3,COMPACT_128KB,-0.13275,-0.055,0.186446,0,62,208.97015399129396,287.9307270050049,62,1.622555640435988,6438.30078125,6.440457288694655,0,0,671,0.0,0.0,0.05,0.0,0.1,0.8,0.05,50,176.8972265335043,367.69700050354004,62,1.6235893003402218,6442.40234375,6.359427845151601,0,0,672,0.0,0.0,0.05,0.0,0.1,0.8,0.05
673,AlwaysCompact_C128,3,COMPACT_128KB,0.159625,-0.055,0.184951,0,50,176.8972265335043,367.69700050354004,62,1.6235893003402218,6442.40234375,6.359427845151601,0,0,672,0.0,0.0,0.05,0.0,0.1,0.8,0.05,57,200.88996295210157,437.4709129333496,63,1.5997556656125993,6450.21484375,13.651819155453625,0,0,673,0.0,0.0,0.1,0.0,0.1,0.75,0.05
674,AlwaysCompact_C128,3,COMPACT_128KB,0.159625,-0.055,0.187856,0,57,200.88996295210157,437.4709129333496,63,1.5997556656125993,6450.21484375,13.651819155453625,0,0,673,0.0,0.0,0.1,0.0,0.1,0.75,0.05,75,265.25074940237533,292.2179698944092,63,1.6013842385912698,6456.78125,12.923792170215755,0,0,674,0.0,0.0,0.1,0.0,0.1,0.7,0.1
675,AlwaysCompact_C128,3,COMPACT_128KB,0.159625,-0.055,0.179182,0,75,265.25074940237533,292.2179698944092,63,1.6013842385912698,6456.78125,12.923792170215755,0,0,674,0.0,0.0,0.1,0.0,0.1,0.7,0.1,80,283.6909960508327,725.9039878845215,63,1.603089347718254,6463.65625,12.175146723375674,0,0,675,0.0,0.0,0.1,0.0,0.15,0.65,0.1
676,AlwaysCompact_C128,3,COMPACT_128KB,-0.132875,-0.055,0.186109,0,80,283.6909960508327,725.9039878845215,63,1.603089347718254,6463.65625,12.175146723375674,0,0,675,0.0,0.0,0.1,0.0,0.15,0.65,0.1,31,109.99889513325657,379.52542304992676,63,1.6037488664899553,6466.3154296875,11.889859890384832,0,0,676,0.0,0.0,0.1,0.0,0.1,0.7,0.1
677,AlwaysCompact_C128,3,COMPACT_128KB,0.159625,-0.055,0.186287,0,31,109.99889513325657,379.52542304992676,63,1.6037488664899553,6466.3154296875,11.889859890384832,0,0,676,0.0,0.0,0.1,0.0,0.1,0.7,0.1,59,186.74818073217466,370.67294120788574,63,1.6049693274119543,6471.236328125,11.369087204044462,0,0,677,0.0,0.0,0.1,0.0,0.1,0.7,0.1
678,AlwaysCompact_C128,3,COMPACT_128KB,0.159625,-0.055,0.17893,0,59,186.74818073217466,370.67294120788574,63,1.6049693274119543,6471.236328125,11.369087204044462,0,0,677,0.0,0.0,0.1,0.0,0.1,0.7,0.1,78,276.37393589655863,738.506555557251,63,1.6066315666077629,6477.9384765625,10.676868984041262,0,0,678,0.0,0.0,0.1,0.0,0.1,0.7,0.1
679,AlwaysCompact_C128,3,COMPACT_128KB,0.159625,-0.055,0.184996,0,78,276.37393589655863,738.506555557251,63,1.6066315666077629,6477.9384765625,10.676868984041262,0,0,678,0.0,0.0,0.1,0.0,0.1,0.7,0.1,51,181.0371418560603,435.18567085266113,63,1.6077522398933533,6482.45703125,10.223095752297736,0,0,679,0.0,0.0,0.15,0.0,0.1,0.65,0.1
680,AlwaysCompact_C128,3,COMPACT_128KB,0.159625,-0.055,0.185511,0,51,181.0371418560603,435.18567085266113,63,1.6077522398933533,6482.45703125,10.223095752297736,0,0,679,0.0,0.0,0.15,0.0,0.1,0.65,0.1,55,183.76740892155698,409.42978858947754,63,1.6088804214719743,6487.005859375,9.778496826073768,0,0,680,0.0,0.0,0.2,0.0,0.1,0.6,0.1
681,AlwaysCompact_C128,3,COMPACT_128KB,-0.132875,-0.055,0.184757,0,55,183.76740892155698,409.42978858947754,63,1.6088804214719743,6487.005859375,9.778496826073768,0,0,680,0.0,0.0,0.2,0.0,0.1,0.6,0.1,32,111.58764251110533,447.13568687438965,63,1.6095774817088293,6489.81640625,9.510671096972446,0,0,681,0.0,0.0,0.25,0.0,0.1,0.55,0.1
682,AlwaysCompact_C128,3,COMPACT_128KB,0.159625,-0.055,0.185852,0,32,111.58764251110533,447.13568687438965,63,1.6095774817088293,6489.81640625,9.510671096972446,0,0,681,0.0,0.0,0.25,0.0,0.1,0.55,0.1,72,228.34670542137428,392.3954963684082,63,1.6111716618613592,6496.244140625,8.920787341712385,0,0,682,0.0,0.0,0.25,0.0,0.1,0.55,0.1
683,AlwaysCompact_C128,3,COMPACT_128KB,-0.132875,-0.055,0.183471,0,72,228.34670542137428,392.3954963684082,63,1.6111716618613592,6496.244140625,8.920787341712385,0,0,682,0.0,0.0,0.25,0.0,0.1,0.55,0.1,35,116.0404147715326,511.44933700561523,63,1.6119256398034474,6499.2841796875,8.654197193057595,0,0,683,0.0,0.0,0.25,0.0,0.1,0.55,0.1
684,AlwaysCompact_C128,3,COMPACT_128KB,-0.132875,-0.055,0.180149,0,35,116.0404147715326,511.44933700561523,63,1.6119256398034474,6499.2841796875,8.654197193057595,0,0,683,0.0,0.0,0.25,0.0,0.1,0.55,0.1,34,91.10636674880357,677.5493621826172,63,1.6125851585751487,6501.943359375,8.428365941989014,0,0,684,0.0,0.0,0.25,0.0,0.15,0.5,0.1
685,AlwaysCompact_C128,3,COMPACT_128KB,-0.132875,-0.055,0.180065,0,34,91.10636674880357,677.5493621826172,63,1.6125851585751487,6501.943359375,8.428365941989014,0,0,684,0.0,0.0,0.25,0.0,0.15,0.5,0.1,31,106.30332522303326,681.7686557769775,63,1.6133015950520833,6504.83203125,8.191521362245105,0,0,685,0.0,0.0,0.25,0.0,0.2,0.45,0.1
686,AlwaysCompact_C128,3,COMPACT_128KB,-0.132875,-0.055,0.186283,0,31,106.30332522303326,681.7686557769775,63,1.6133015950520833,6504.83203125,8.191521362245105,0,0,685,0.0,0.0,0.25,0.0,0.2,0.45,0.1,33,112.19871063760453,370.851993560791,63,1.6140030149429563,6507.66015625,7.96892903181223,0,0,686,0.0,0.0,0.25,0.0,0.2,0.45,0.1
687,AlwaysCompact_C128,3,COMPACT_128KB,0.159625,-0.055,0.18647,0,33,112.19871063760453,370.851993560791,63,1.6140030149429563,6507.66015625,7.96892903181223,0,0,686,0.0,0.0,0.25,0.0,0.2,0.45,0.1,73,255.73208718057938,361.51742935180664,63,1.6155572316003224,6513.9267578125,7.512507488044398,0,0,687,0.0,0.0,0.25,0.05,0.2,0.4,0.1
688,AlwaysCompact_C128,3,COMPACT_128KB,0.159625,-0.055,0.186099,0,73,255.73208718057938,361.51742935180664,63,1.6155572316003224,6513.9267578125,7.512507488044398,0,0,687,0.0,0.0,0.25,0.05,0.2,0.4,0.1,53,187.10576320945924,380.0351619720459,63,1.6166849287729415,6518.4736328125,7.217427840202757,0,0,688,0.0,0.0,0.25,0.05,0.2,0.4,0.1
689,AlwaysCompact_C128,3,COMPACT_128KB,0.159625,-0.055,0.185948,0,53,187.10576320945924,380.0351619720459,63,1.6166849287729415,6518.4736328125,7.217427840202757,0,0,688,0.0,0.0,0.25,0.05,0.2,0.4,0.1,61,157.16501579005887,387.5904083251953,63,1.617950923859127,6523.578125,6.9277489580296105,0,0,689,0.0,0.0,0.25,0.1,0.2,0.35,0.1
690,AlwaysCompact_C128,3,COMPACT_128KB,-0.132875,-0.055,0.186316,0,61,157.16501579005887,387.5904083251953,63,1.617950923859127,6523.578125,6.9277489580296105,0,0,689,0.0,0.0,0.25,0.1,0.2,0.35,0.1,44,139.93405978476392,369.21238899230957,63,1.6189006018260168,6527.4072265625,6.742620173897141,0,0,690,0.0,0.0,0.2,0.1,0.2,0.4,0.1
691,AlwaysCompact_C128,3,COMPACT_128KB,0.159625,-0.055,0.1831,0,44,139.93405978476392,369.21238899230957,63,1.6189006018260168,6527.4072265625,6.742620173897141,0,0,690,0.0,0.0,0.2,0.1,0.2,0.4,0.1,59,211.0100506583194,529.996395111084,63,1.6201632060701885,6532.498046875,6.5436248276799995,0,0,691,0.0,0.0,0.2,0.1,0.2,0.45,0.05
692,AlwaysCompact_C128,3,COMPACT_128KB,0.159625,-0.055,0.185954,0,59,211.0100506583194,529.996395111084,63,1.6201632060701885,6532.498046875,6.5436248276799995,0,0,691,0.0,0.0,0.2,0.1,0.2,0.45,0.05,78,265.16879403192183,387.2964382171631,63,1.6218116396949405,6539.14453125,6.3722428263781765,0,0,692,0.0,0.0,0.2,0.15,0.2,0.4,0.05
693,AlwaysCompact_C128,3,COMPACT_128KB,-0.133,-0.055,0.185924,0,78,265.16879403192183,387.2964382171631,63,1.6218116396949405,6539.14453125,6.3722428263781765,0,0,692,0.0,0.0,0.2,0.15,0.2,0.4,0.05,31,109.02746074670357,383.78095626831055,64,1.5978114604949951,6544.6357421875,13.818760657053566,0,0,693,0.0,0.0,0.15,0.15,0.2,0.45,0.05
694,AlwaysCompact_C128,3,COMPACT_128KB,0.1595,-0.055,0.182739,0,31,109.02746074670357,383.78095626831055,64,1.5978114604949951,6544.6357421875,13.818760657053566,0,0,693,0.0,0.0,0.15,0.15,0.2,0.45,0.05,55,185.1061753755296,543.0338382720947,64,1.59897780418396,6549.4130859375,13.29054724603415,0,0,694,0.0,0.0,0.15,0.15,0.2,0.5,0.0
695,AlwaysCompact_C128,3,COMPACT_128KB,-0.133,-0.055,0.185913,0,55,185.1061753755296,543.0338382720947,64,1.59897780418396,6549.4130859375,13.29054724603415,0,0,694,0.0,0.0,0.15,0.15,0.2,0.5,0.0,40,140.97588643423913,384.3410015106201,64,1.5998344421386719,6552.921875,12.906423535817419,0,0,695,0.0,0.0,0.15,0.15,0.15,0.55,0.0
696,AlwaysCompact_C128,3,COMPACT_128KB,0.1595,-0.055,0.185841,0,40,140.97588643423913,384.3410015106201,64,1.5998344421386719,6552.921875,12.906423535817419,0,0,695,0.0,0.0,0.15,0.15,0.15,0.55,0.0,67,224.48532952452163,387.93468475341797,64,1.6012458801269531,6558.703125,12.281485022175742,0,0,696,0.0,0.0,0.15,0.15,0.15,0.55,0.0
697,AlwaysCompact_C128,3,COMPACT_128KB,-0.133,-0.055,0.176551,0,67,224.48532952452163,387.93468475341797,64,1.6012458801269531,6558.703125,12.281485022175742,0,0,696,0.0,0.0,0.15,0.15,0.15,0.55,0.0,36,128.0974047954148,852.4644374847412,64,1.6020331382751465,6561.927734375,11.93770612339631,0,0,697,0.0,0.0,0.15,0.15,0.2,0.5,0.0
698,AlwaysCompact_C128,3,COMPACT_128KB,-0.133,-0.055,0.185718,0,36,128.0974047954148,852.4644374847412,64,1.6020331382751465,6561.927734375,11.93770612339631,0,0,697,0.0,0.0,0.15,0.15,0.2,0.5,0.0,47,161.98442213243734,394.0925598144531,64,1.603011131286621,6565.93359375,11.515994696242752,0,0,698,0.0,0.0,0.15,0.15,0.15,0.55,0.0
699,AlwaysCompact_C128,3,COMPACT_128KB,0.1595,-0.055,0.185158,0,47,161.98442213243734,394.0925598144531,64,1.603011131286621,6565.93359375,11.515994696242752,0,0,698,0.0,0.0,0.15,0.15,0.15,0.55,0.0,61,188.74737759206923,422.08361625671387,64,1.6042909622192383,6571.17578125,10.974168578065585,0,0,699,0.0,0.0,0.15,0.15,0.15,0.55,0.0
700,AlwaysCompact_C128,3,COMPACT_128KB,0.1595,-0.055,0.185861,0,61,188.74737759206923,422.08361625671387,64,1.6042909622192383,6571.17578125,10.974168578065585,0,0,699,0.0,0.0,0.15,0.15,0.15,0.55,0.0,60,205.27459727446023,386.9352340698242,64,1.6055474281311035,6576.322265625,10.454878198831576,0,0,700,0.0,0.0,0.1,0.15,0.15,0.6,0.0
701,AlwaysCompact_C128,3,COMPACT_128KB,0.1595,-0.055,0.185826,0,60,205.27459727446023,386.9352340698242,64,1.6055474281311035,6576.322265625,10.454878198831576,0,0,700,0.0,0.0,0.1,0.15,0.15,0.6,0.0,85,283.6363347062366,388.690710067749,64,1.6072907447814941,6583.462890625,9.75887721473558,0,0,701,0.0,0.0,0.05,0.15,0.15,0.65,0.0
702,AlwaysCompact_C128,3,COMPACT_128KB,-0.133,-0.055,0.18619,0,85,283.6363347062366,388.690710067749,64,1.6072907447814941,6583.462890625,9.75887721473558,0,0,701,0.0,0.0,0.05,0.15,0.15,0.65,0.0,50,173.8663854496736,370.4977035522461,64,1.6083433628082275,6587.7744140625,9.354807448508968,0,0,702,0.0,0.0,0.05,0.2,0.15,0.6,0.0
703,AlwaysCompact_C128,3,COMPACT_128KB,0.1595,-0.055,0.187808,0,50,173.8663854496736,370.4977035522461,64,1.6083433628082275,6587.7744140625,9.354807448508968,0,0,702,0.0,0.0,0.05,0.2,0.15,0.6,0.0,89,314.0587493448224,289.6115779876709,64,1.6102101802825928,6595.4208984375,8.674325345369862,0,0,703,0.0,0.0,0.05,0.2,0.15,0.55,0.05
704,AlwaysCompact_C128,3,COMPACT_128KB,0.1595,-0.055,0.18002,0,89,314.0587493448224,289.6115779876709,64,1.6102101802825928,6595.4208984375,8.674325345369862,0,0,703,0.0,0.0,0.05,0.2,0.15,0.55,0.05,80,265.94135162789297,678.9770126342773,64,1.611896276473999,6602.3271484375,8.107618922557485,0,0,704,0.0,0.0,0.05,0.2,0.15,0.55,0.05
705,AlwaysCompact_C128,3,COMPACT_128KB,0.1595,-0.055,0.187898,0,80,265.94135162789297,678.9770126342773,64,1.611896276473999,6602.3271484375,8.107618922557485,0,0,704,0.0,0.0,0.05,0.2,0.15,0.55,0.05,66,235.09734205133475,285.11548042297363,64,1.613290786743164,6608.0390625,7.680748356688497,0,0,705,0.0,0.0,0.05,0.2,0.1,0.55,0.1
706,AlwaysCompact_C128,3,COMPACT_128KB,0.1595,-0.055,0.18565,0,66,235.09734205133475,285.11548042297363,64,1.613290786743164,6608.0390625,7.680748356688497,0,0,705,0.0,0.0,0.05,0.2,0.1,0.55,0.1,53,187.06136304349656,397.51553535461426,64,1.6144013404846191,6612.587890625,7.372648007709466,0,0,706,0.0,0.0,0.05,0.2,0.1,0.55,0.1
707,AlwaysCompact_C128,3,COMPACT_128KB,0.1595,-0.055,0.185817,0,53,187.06136304349656,397.51553535461426,64,1.6144013404846191,6612.587890625,7.372648007709466,0,0,706,0.0,0.0,0.05,0.2,0.1,0.55,0.1,70,250.84114289424647,389.1410827636719,64,1.6158607006072998,6618.5654296875,7.017437560763776,0,0,707,0.0,0.0,0.05,0.15,0.1,0.6,0.1
708,AlwaysCompact_C128,3,COMPACT_128KB,0.1595,-0.055,0.185854,0,70,250.84114289424647,389.1410827636719,64,1.6158607006072998,6618.5654296875,7.017437560763776,0,0,707,0.0,0.0,0.05,0.15,0.1,0.6,0.1,58,200.59305777273508,387.30788230895996,64,1.6170799732208252,6623.5595703125,6.769785972727793,0,0,708,0.0,0.0,0.05,0.15,0.1,0.6,0.1
709,AlwaysCompact_C128,3,COMPACT_128KB,-0.133,-0.055,0.185312,0,58,200.59305777273508,387.30788230895996,64,1.6170799732208252,6623.5595703125,6.769785972727793,0,0,708,0.0,0.0,0.05,0.15,0.1,0.6,0.1,50,172.43905046169533,414.3843650817871,64,1.6181328296661377,6627.8720703125,6.596113295095575,0,0,709,0.0,0.0,0.1,0.1,0.1,0.6,0.1
710,AlwaysCompact_C128,3,COMPACT_128KB,0.1595,-0.055,0.187853,0,50,172.43905046169533,414.3843650817871,64,1.6181328296661377,6627.8720703125,6.596113295095575,0,0,709,0.0,0.0,0.1,0.1,0.1,0.6,0.1,60,189.50396992734852,287.33277320861816,64,1.6193907260894775,6633.0244140625,6.441841874288557,0,0,710,0.0,0.0,0.1,0.1,0.1,0.55,0.15
711,AlwaysCompact_C128,3,COMPACT_128KB,0.1595,-0.055,0.184823,0,60,189.50396992734852,287.33277320861816,64,1.6193907260894775,6633.0244140625,6.441841874288557,0,0,710,0.0,0.0,0.1,0.1,0.1,0.55,0.15,84,286.41372750818215,438.86852264404297,64,1.6211588382720947,6640.2666015625,6.330296977055375,0,0,711,0.0,0.0,0.15,0.1,0.1,0.5,0.15
712,AlwaysCompact_C128,3,COMPACT_128KB,0.159375,-0.055,0.185568,0,84,286.41372750818215,438.86852264404297,64,1.6211588382720947,6640.2666015625,6.330296977055375,0,0,711,0.0,0.0,0.15,0.1,0.1,0.5,0.15,88,298.91016225102544,396.58665657043457,65,1.5987309382512018,6650.720703125,13.166931802901289,0,0,712,0.0,0.0,0.15,0.05,0.1,0.55,0.15
713,AlwaysCompact_C128,3,COMPACT_128KB,0.159375,-0.055,0.179333,0,88,298.91016225102544,396.58665657043457,65,1.5987309382512018,6650.720703125,13.166931802901289,0,0,712,0.0,0.0,0.15,0.05,0.1,0.55,0.15,79,271.8106980288701,708.3334922790527,65,1.6003793569711537,6657.578125,12.42599909965527,0,0,713,0.0,0.0,0.15,0.05,0.15,0.5,0.15
714,AlwaysCompact_C128,3,COMPACT_128KB,0.159375,-0.055,0.185352,0,79,271.8106980288701,708.3334922790527,65,1.6003793569711537,6657.578125,12.42599909965527,0,0,713,0.0,0.0,0.15,0.05,0.15,0.5,0.15,89,232.07511589983469,407.390832901001,65,1.602221210186298,6665.240234375,11.615901863786222,0,0,714,0.0,0.0,0.15,0.05,0.15,0.5,0.15
715,AlwaysCompact_C128,3,COMPACT_128KB,0.159375,-0.055,0.184663,0,89,232.07511589983469,407.390832901001,65,1.602221210186298,6665.240234375,11.615901863786222,0,0,714,0.0,0.0,0.15,0.05,0.15,0.5,0.15,100,304.69349431374474,441.8609142303467,65,1.6042898324819712,6673.845703125,10.733530290726772,0,0,715,0.0,0.0,0.2,0.05,0.15,0.45,0.15
716,AlwaysCompact_C128,3,COMPACT_128KB,0.159375,-0.055,0.183429,0,100,304.69349431374474,441.8609142303467,65,1.6042898324819712,6673.845703125,10.733530290726772,0,0,715,0.0,0.0,0.2,0.05,0.15,0.45,0.15,59,197.04189920335696,503.54814529418945,65,1.605504666841947,6678.8994140625,10.231786616704225,0,0,716,0.0,0.0,0.2,0.05,0.15,0.45,0.15
717,AlwaysCompact_C128,3,COMPACT_128KB,0.159375,-0.055,0.185395,0,59,197.04189920335696,503.54814529418945,65,1.605504666841947,6678.8994140625,10.231786616704225,0,0,716,0.0,0.0,0.2,0.05,0.15,0.45,0.15,93,311.7661503736923,405.23767471313477,65,1.6074261005108172,6686.892578125,9.468696670425627,0,0,717,0.0,0.0,0.2,0.05,0.1,0.5,0.15
718,AlwaysCompact_C128,3,COMPACT_128KB,0.159375,-0.055,0.185614,0,93,311.7661503736923,405.23767471313477,65,1.6074261005108172,6686.892578125,9.468696670425627,0,0,717,0.0,0.0,0.2,0.05,0.1,0.5,0.15,55,193.88697260043705,394.3026065826416,65,1.6085698054387019,6691.650390625,9.035554077667413,0,0,718,0.0,0.0,0.2,0.05,0.1,0.5,0.15
719,AlwaysCompact_C128,3,COMPACT_128KB,0.159375,-0.055,0.185727,0,55,193.88697260043705,394.3026065826416,65,1.6085698054387019,6691.650390625,9.035554077667413,0,0,718,0.0,0.0,0.2,0.05,0.1,0.5,0.15,99,268.490998380271,388.6678218841553,65,1.6106191781850963,6700.17578125,8.307926601491113,0,0,719,0.0,0.0,0.15,0.05,0.1,0.55,0.15
720,AlwaysCompact_C128,3,COMPACT_128KB,0.159375,-0.055,0.185375,0,99,268.490998380271,388.6678218841553,65,1.6106191781850963,6700.17578125,8.307926601491113,0,0,719,0.0,0.0,0.15,0.05,0.1,0.55,0.15,66,224.87464734385853,406.27288818359375,65,1.6120128925030048,6705.9736328125,7.856020257916144,0,0,720,0.0,0.0,0.15,0.05,0.1,0.55,0.15
721,AlwaysCompact_C128,3,COMPACT_128KB,0.159375,-0.055,0.182506,0,66,224.87464734385853,406.27288818359375,65,1.6120128925030048,6705.9736328125,7.856020257916144,0,0,720,0.0,0.0,0.15,0.05,0.1,0.55,0.15,98,312.69606522283226,549.6835708618164,65,1.6140404334435097,6714.408203125,7.275806109001352,0,0,721,0.0,0.0,0.15,0.05,0.1,0.55,0.15
722,AlwaysCompact_C128,3,COMPACT_128KB,0.159375,-0.055,0.185212,0,98,312.69606522283226,549.6835708618164,65,1.6140404334435097,6714.408203125,7.275806109001352,0,0,721,0.0,0.0,0.15,0.05,0.1,0.55,0.15,87,297.1191018628139,414.39223289489746,65,1.6157944899338943,6721.705078125,6.8635201468992975,0,0,722,0.0,0.0,0.15,0.0,0.1,0.6,0.15
723,AlwaysCompact_C128,3,COMPACT_128KB,0.159375,-0.055,0.185589,0,87,297.1191018628139,414.39223289489746,65,1.6157944899338943,6721.705078125,6.8635201468992975,0,0,722,0.0,0.0,0.15,0.0,0.1,0.6,0.15,57,194.04598658339117,395.5352306365967,65,1.6170539269080528,6726.9443359375,6.628178306517135,0,0,723,0.0,0.0,0.15,0.0,0.1,0.65,0.1
724,AlwaysCompact_C128,3,COMPACT_128KB,0.159375,-0.055,0.181491,0,57,194.04598658339117,395.5352306365967,65,1.6170539269080528,6726.9443359375,6.628178306517135,0,0,723,0.0,0.0,0.15,0.0,0.1,0.65,0.1,85,273.35916264569244,600.4278659820557,65,1.6187516432542068,6734.0068359375,6.402286746026932,0,0,724,0.0,0.0,0.15,0.0,0.05,0.7,0.1
725,AlwaysCompact_C128,3,COMPACT_128KB,0.159375,-0.055,0.18182,0,85,273.35916264569244,600.4278659820557,65,1.6187516432542068,6734.0068359375,6.402286746026932,0,0,724,0.0,0.0,0.15,0.0,0.05,0.7,0.1,73,171.44704521351355,583.9889049530029,65,1.6202617938701922,6740.2890625,6.2976793199267185,0,0,725,0.0,0.0,0.15,0.0,0.05,0.75,0.05
726,AlwaysCompact_C128,3,COMPACT_128KB,0.15925,-0.055,0.184268,0,73,171.44704521351355,583.9889049530029,65,1.6202617938701922,6740.2890625,6.2976793199267185,0,0,725,0.0,0.0,0.15,0.0,0.05,0.75,0.05,87,233.81343722067194,456.6159248352051,66,1.5981852213541667,6750.734375,13.069262481761282,0,0,726,0.0,0.0,0.15,0.0,0.05,0.7,0.1
727,AlwaysCompact_C128,3,COMPACT_128KB,0.15925,-0.055,0.180757,0,87,233.81343722067194,456.6159248352051,66,1.5981852213541667,6750.734375,13.069262481761282,0,0,726,0.0,0.0,0.15,0.0,0.05,0.7,0.1,89,228.90629200474868,632.134199142456,66,1.6000340779622395,6758.5439453125,12.233618011825586,0,0,727,0.0,0.0,0.15,0.0,0.05,0.7,0.1
728,AlwaysCompact_C128,3,COMPACT_128KB,0.15925,-0.055,0.186872,0,89,228.90629200474868,632.134199142456,66,1.6000340779622395,6758.5439453125,12.233618011825586,0,0,727,0.0,0.0,0.15,0.0,0.05,0.7,0.1,93,230.80753409419037,326.399564743042,66,1.6020646528764204,6767.12109375,11.338807907966912,0,0,728,0.0,0.0,0.15,0.0,0.05,0.65,0.15
729,AlwaysCompact_C128,3,COMPACT_128KB,0.15925,-0.055,0.182688,0,93,230.80753409419037,326.399564743042,66,1.6020646528764204,6767.12109375,11.338807907966912,0,0,728,0.0,0.0,0.15,0.0,0.05,0.65,0.15,59,195.01826030969474,535.607099533081,66,1.60308837890625,6771.4453125,10.898612912314832,0,0,729,0.0,0.0,0.1,0.0,0.05,0.7,0.15
730,AlwaysCompact_C128,3,COMPACT_128KB,0.15925,-0.055,0.183687,0,59,195.01826030969474,535.607099533081,66,1.60308837890625,6771.4453125,10.898612912314832,0,0,729,0.0,0.0,0.1,0.0,0.05,0.7,0.15,60,164.02998003547077,485.6607913970947,66,1.6043074636748342,6776.5947265625,10.385668052581579,0,0,730,0.0,0.0,0.1,0.0,0.05,0.75,0.1
731,AlwaysCompact_C128,3,COMPACT_128KB,0.15925,-0.055,0.184393,0,60,164.02998003547077,485.6607913970947,66,1.6043074636748342,6776.5947265625,10.385668052581579,0,0,730,0.0,0.0,0.1,0.0,0.05,0.75,0.1,82,266.67751780264496,450.35505294799805,66,1.6059750643643467,6783.638671875,9.707165042990914,0,0,731,0.0,0.0,0.1,0.0,0.05,0.75,0.1
732,AlwaysCompact_C128,3,COMPACT_128KB,0.15925,-0.055,0.185292,0,82,266.67751780264496,450.35505294799805,66,1.6059750643643467,6783.638671875,9.707165042990914,0,0,731,0.0,0.0,0.1,0.0,0.05,0.75,0.1,61,215.42411564164763,405.3943157196045,66,1.6074711192737927,6789.9580078125,9.125674525768648,0,0,732,0.0,0.0,0.1,0.0,0.05,0.75,0.1
733,AlwaysCompact_C128,3,COMPACT_128KB,0.15925,-0.055,0.184691,0,61,215.42411564164763,405.3943157196045,66,1.6074711192737927,6789.9580078125,9.125674525768648,0,0,732,0.0,0.0,0.1,0.0,0.05,0.75,0.1,96,261.80668526683394,435.46104431152344,66,1.6094464388760654,6798.3017578125,8.406682802920642,0,0,733,0.0,0.0,0.1,0.0,0.0,0.8,0.1
734,AlwaysCompact_C128,3,COMPACT_128KB,0.15925,-0.055,0.185382,0,96,261.80668526683394,435.46104431152344,66,1.6094464388760654,6798.3017578125,8.406682802920642,0,0,733,0.0,0.0,0.1,0.0,0.0,0.8,0.1,98,334.57555307204365,400.9237289428711,66,1.61116767652107,6805.572265625,7.836337754283147,0,0,734,0.0,0.0,0.1,0.0,0.0,0.8,0.1
735,AlwaysCompact_C128,3,COMPACT_128KB,0.15925,-0.055,0.185449,0,98,334.57555307204365,400.9237289428711,66,1.61116767652107,6805.572265625,7.836337754283147,0,0,734,0.0,0.0,0.1,0.0,0.0,0.8,0.1,62,207.4716616842547,397.54486083984375,66,1.6124258330374053,6810.88671875,7.459882476123978,0,0,735,0.0,0.0,0.05,0.0,0.0,0.85,0.1
736,AlwaysCompact_C128,3,COMPACT_128KB,0.15925,-0.055,0.185279,0,62,207.4716616842547,397.54486083984375,66,1.6124258330374053,6810.88671875,7.459882476123978,0,0,735,0.0,0.0,0.05,0.0,0.0,0.85,0.1,93,317.16562901721574,406.04448318481445,66,1.6143211595939868,6818.892578125,6.970729060766279,0,0,736,0.0,0.0,0.05,0.0,0.0,0.85,0.1
737,AlwaysCompact_C128,3,COMPACT_128KB,0.15925,-0.055,0.185107,0,93,317.16562901721574,406.04448318481445,66,1.6143211595939868,6818.892578125,6.970729060766279,0,0,736,0.0,0.0,0.05,0.0,0.0,0.85,0.1,58,191.40274260159262,414.6435260772705,66,1.6155023285836885,6823.8818359375,6.721189485276688,0,0,737,0.0,0.0,0.05,0.0,0.0,0.85,0.1
738,AlwaysCompact_C128,3,COMPACT_128KB,0.15925,-0.055,0.187068,0,58,191.40274260159262,414.6435260772705,66,1.6155023285836885,6823.8818359375,6.721189485276688,0,0,737,0.0,0.0,0.05,0.0,0.0,0.85,0.1,66,215.35287729375997,316.59412384033203,66,1.6168492635091145,6829.5712890625,6.496057279751941,0,0,738,0.0,0.0,0.05,0.0,0.0,0.8,0.15
739,AlwaysCompact_C128,3,COMPACT_128KB,0.15925,-0.055,0.185382,0,66,215.35287729375997,316.59412384033203,66,1.6168492635091145,6829.5712890625,6.496057279751941,0,0,738,0.0,0.0,0.05,0.0,0.0,0.8,0.15,59,199.6274175579952,400.9134769439697,66,1.6182137691613399,6835.3349609375,6.339124381994549,0,0,739,0.0,0.0,0.05,0.0,0.0,0.8,0.15
740,AlwaysCompact_C128,3,COMPACT_128KB,0.15925,-0.055,0.183166,0,59,199.6274175579952,400.9134769439697,66,1.6182137691613399,6835.3349609375,6.339124381994549,0,0,739,0.0,0.0,0.05,0.0,0.0,0.8,0.15,71,243.52644607215785,511.72351837158203,66,1.6196554935339726,6841.4248046875,6.256994066169548,0,0,740,0.0,0.0,0.05,0.0,0.0,0.8,0.15
741,AlwaysCompact_C128,3,COMPACT_128KB,0.159125,-0.055,0.180672,0,71,243.52644607215785,511.72351837158203,66,1.6196554935339726,6841.4248046875,6.256994066169548,0,0,740,0.0,0.0,0.05,0.0,0.0,0.8,0.15,86,283.3724251111029,631.4036846160889,67,1.5979042622580457,6851.8134765625,12.976709152960302,0,0,741,0.0,0.0,0.05,0.0,0.0,0.8,0.15
742,AlwaysCompact_C128,3,COMPACT_128KB,0.159125,-0.055,0.182892,0,86,283.3724251111029,631.4036846160889,67,1.5979042622580457,6851.8134765625,12.976709152960302,0,0,741,0.0,0.0,0.05,0.0,0.0,0.8,0.15,83,207.83715343283583,520.4100608825684,67,1.5996216731284982,6859.177734375,12.194308642556708,0,0,742,0.0,0.0,0.1,0.0,0.0,0.75,0.15
743,AlwaysCompact_C128,3,COMPACT_128KB,0.159125,-0.055,0.181103,0,83,207.83715343283583,520.4100608825684,67,1.5996216731284982,6859.177734375,12.194308642556708,0,0,742,0.0,0.0,0.1,0.0,0.0,0.75,0.15,95,252.31819816716396,609.8403930664062,67,1.6015356263118004,6867.384765625,11.342880535539107,0,0,743,0.0,0.0,0.1,0.0,0.0,0.75,0.15
744,AlwaysCompact_C128,3,COMPACT_128KB,0.159125,-0.055,0.177138,0,95,252.31819816716396,609.8403930664062,67,1.6015356263118004,6867.384765625,11.342880535539107,0,0,743,0.0,0.0,0.1,0.0,0.0,0.75,0.15,90,269.6737017544737,808.1049919128418,67,1.6032555423565764,6874.759765625,10.600357756175763,0,0,744,0.0,0.0,0.1,0.0,0.05,0.7,0.15
745,AlwaysCompact_C128,3,COMPACT_128KB,0.159125,-0.055,0.184152,0,90,269.6737017544737,808.1049919128418,67,1.6032555423565764,6874.759765625,10.600357756175763,0,0,744,0.0,0.0,0.1,0.0,0.05,0.7,0.15,61,201.96902567195377,457.39245414733887,67,1.6044785229127798,6880.00390625,10.088091007731064,0,0,745,0.0,0.0,0.15,0.0,0.05,0.65,0.15
746,AlwaysCompact_C128,3,COMPACT_128KB,0.159125,-0.055,0.184824,0,61,201.96902567195377,457.39245414733887,67,1.6044785229127798,6880.00390625,10.088091007731064,0,0,745,0.0,0.0,0.15,0.0,0.05,0.65,0.15,80,256.89491438222444,423.7842559814453,67,1.6060813789937034,6886.876953125,9.440481798873737,0,0,746,0.0,0.0,0.15,0.0,0.05,0.7,0.1
747,AlwaysCompact_C128,3,COMPACT_128KB,0.159125,-0.055,0.179034,0,80,256.89491438222444,423.7842559814453,67,1.6060813789937034,6886.876953125,9.440481798873737,0,0,746,0.0,0.0,0.15,0.0,0.05,0.7,0.1,86,290.0823450411146,713.2911682128906,67,1.6078078995889693,6894.2802734375,8.779383426140365,0,0,747,0.0,0.0,0.15,0.0,0.1,0.65,0.1
748,AlwaysCompact_C128,3,COMPACT_128KB,0.159125,-0.055,0.187141,0,86,290.0823450411146,713.2911682128906,67,1.6078078995889693,6894.2802734375,8.779383426140365,0,0,747,0.0,0.0,0.15,0.0,0.1,0.65,0.1,74,250.52930080208833,307.9266548156738,67,1.6092932402197995,6900.6494140625,8.247683575051017,0,0,748,0.0,0.0,0.15,0.0,0.1,0.65,0.1
749,AlwaysCompact_C128,3,COMPACT_128KB,0.159125,-0.055,0.183874,0,74,250.52930080208833,307.9266548156738,67,1.6092932402197995,6900.6494140625,8.247683575051017,0,0,748,0.0,0.0,0.15,0.0,0.1,0.65,0.1,56,176.9944561370194,471.2858200073242,67,1.6104367384270055,6905.552734375,7.866353611998849,0,0,749,0.0,0.0,0.15,0.0,0.1,0.65,0.1
750,AlwaysCompact_C128,3,COMPACT_128KB,0.159125,-0.055,0.181672,0,56,176.9944561370194,471.2858200073242,67,1.6104367384270055,6905.552734375,7.866353611998849,0,0,749,0.0,0.0,0.15,0.0,0.1,0.65,0.1,82,219.6165589973826,581.376314163208,67,1.6120733004897387,6912.5703125,7.371145997102439,0,0,750,0.0,0.0,0.15,0.0,0.1,0.65,0.1
751,AlwaysCompact_C128,3,COMPACT_128KB,-0.133375,-0.055,0.180744,0,82,219.6165589973826,581.376314163208,67,1.6120733004897387,6912.5703125,7.371145997102439,0,0,750,0.0,0.0,0.15,0.0,0.1,0.65,0.1,50,135.09643846664738,627.7837753295898,67,1.6130721818155318,6916.853515625,7.102863810994209,0,0,751,0.0,0.0,0.1,0.0,0.1,0.7,0.1
752,AlwaysCompact_C128,3,COMPACT_128KB,0.159125,-0.055,0.182142,0,50,135.09643846664738,627.7837753295898,67,1.6130721818155318,6916.853515625,7.102863810994209,0,0,751,0.0,0.0,0.1,0.0,0.1,0.7,0.1,57,142.83770802775794,557.915210723877,67,1.6142168187383394,6921.76171875,6.831856834257996,0,0,752,0.0,0.0,0.1,0.0,0.1,0.7,0.1
753,AlwaysCompact_C128,3,COMPACT_128KB,0.159125,-0.055,0.183688,0,57,142.83770802775794,557.915210723877,67,1.6142168187383394,6921.76171875,6.831856834257996,0,0,752,0.0,0.0,0.1,0.0,0.1,0.7,0.1,72,209.66918926124544,480.59821128845215,67,1.6156597991487873,6927.94921875,6.552729019896496,0,0,753,0.0,0.0,0.1,0.0,0.1,0.7,0.1
754,AlwaysCompact_C128,3,COMPACT_128KB,0.159125,-0.055,0.182397,0,72,209.66918926124544,480.59821128845215,67,1.6156597991487873,6927.94921875,6.552729019896496,0,0,753,0.0,0.0,0.1,0.0,0.1,0.7,0.1,53,178.1738841194665,545.1560020446777,67,1.616715616254664,6932.4765625,6.3975523224438495,0,0,754,0.0,0.0,0.1,0.0,0.1,0.7,0.1
755,AlwaysCompact_C128,3,COMPACT_128KB,0.159125,-0.055,0.175358,0,53,178.1738841194665,545.1560020446777,67,1.616715616254664,6932.4765625,6.3975523224438495,0,0,754,0.0,0.0,0.1,0.0,0.1,0.7,0.1,69,179.734898036751,897.0804214477539,67,1.6180977892519823,6938.4033203125,6.26280183403855,0,0,755,0.0,0.0,0.1,0.0,0.15,0.65,0.1
756,AlwaysCompact_C128,3,COMPACT_128KB,0.159,-0.055,0.185404,0,69,179.734898036751,897.0804214477539,67,1.6180977892519823,6938.4033203125,6.26280183403855,0,0,755,0.0,0.0,0.1,0.0,0.15,0.65,0.1,76,204.28406618512687,389.8031711578369,68,1.5964840159696692,6947.8984375,12.990499446458584,0,0,756,0.0,0.0,0.1,0.0,0.15,0.6,0.15
757,AlwaysCompact_C128,3,COMPACT_128KB,0.159,-0.055,0.182309,0,76,204.28406618512687,389.8031711578369,68,1.5964840159696692,6947.8984375,12.990499446458584,0,0,756,0.0,0.0,0.1,0.0,0.15,0.6,0.15,56,173.8152185334997,544.5623397827148,68,1.5975772633272058,6952.65625,12.48692042738649,0,0,757,0.0,0.0,0.1,0.0,0.15,0.6,0.15
758,AlwaysCompact_C128,3,COMPACT_128KB,0.159,-0.055,0.175443,0,56,173.8152185334997,544.5623397827148,68,1.5975772633272058,6952.65625,12.48692042738649,0,0,757,0.0,0.0,0.1,0.0,0.15,0.6,0.15,73,223.80560215367365,887.8540992736816,68,1.5990647708668428,6959.1298828125,11.81252106592746,0,0,758,0.0,0.0,0.1,0.0,0.2,0.6,0.1
759,AlwaysCompact_C128,3,COMPACT_128KB,0.159,-0.055,0.182505,0,73,223.80560215367365,887.8540992736816,68,1.5990647708668428,6959.1298828125,11.81252106592746,0,0,758,0.0,0.0,0.1,0.0,0.2,0.6,0.1,68,201.68958579806338,534.7371101379395,68,1.600405075970818,6964.962890625,11.217195693679548,0,0,759,0.0,0.0,0.1,0.0,0.2,0.6,0.1
760,AlwaysCompact_C128,3,COMPACT_128KB,0.159,-0.055,0.182801,0,68,201.68958579806338,534.7371101379395,68,1.600405075970818,6964.962890625,11.217195693679548,0,0,759,0.0,0.0,0.1,0.0,0.2,0.6,0.1,62,190.17140717577595,519.9530124664307,68,1.6015963834874771,6970.1474609375,10.69950667575201,0,0,760,0.0,0.0,0.15,0.0,0.2,0.55,0.1
761,AlwaysCompact_C128,3,COMPACT_128KB,0.159,-0.055,0.176012,0,62,190.17140717577595,519.9530124664307,68,1.6015963834874771,6970.1474609375,10.69950667575201,0,0,760,0.0,0.0,0.15,0.0,0.2,0.55,0.1,75,195.85896188265005,859.3802452087402,68,1.6030776079963236,6976.59375,10.0734710184452,0,0,761,0.0,0.0,0.15,0.0,0.25,0.5,0.1
762,AlwaysCompact_C128,3,COMPACT_128KB,0.159,-0.055,0.182608,0,75,195.85896188265005,859.3802452087402,68,1.6030776079963236,6976.59375,10.0734710184452,0,0,761,0.0,0.0,0.15,0.0,0.25,0.5,0.1,96,256.92619037592027,529.5979976654053,68,1.6049710442038143,6984.833984375,9.3075685922788,0,0,762,0.0,0.0,0.1,0.0,0.25,0.55,0.1
763,AlwaysCompact_C128,3,COMPACT_128KB,0.159,-0.055,0.176063,0,96,256.92619037592027,529.5979976654053,68,1.6049710442038143,6984.833984375,9.3075685922788,0,0,762,0.0,0.0,0.1,0.0,0.25,0.55,0.1,75,213.5637613554664,856.8682670593262,68,1.6064592249253218,6991.310546875,8.738742035562575,0,0,763,0.0,0.0,0.1,0.0,0.3,0.5,0.1
764,AlwaysCompact_C128,3,COMPACT_128KB,0.159,-0.055,0.182694,0,75,213.5637613554664,856.8682670593262,68,1.6064592249253218,6991.310546875,8.738742035562575,0,0,763,0.0,0.0,0.1,0.0,0.3,0.5,0.1,91,272.5106339228851,525.2959728240967,68,1.608255049761604,6999.1259765625,8.10067483060042,0,0,764,0.0,0.0,0.1,0.0,0.25,0.55,0.1
765,AlwaysCompact_C128,3,COMPACT_128KB,0.159,-0.055,0.182618,0,91,272.5106339228851,525.2959728240967,68,1.608255049761604,6999.1259765625,8.10067483060042,0,0,764,0.0,0.0,0.1,0.0,0.25,0.55,0.1,95,252.39379522258236,529.0961265563965,68,1.6101466908174402,7007.3583984375,7.499720285079351,0,0,765,0.0,0.0,0.1,0.0,0.25,0.55,0.1
766,AlwaysCompact_C128,3,COMPACT_128KB,0.159,-0.055,0.183351,0,95,252.39379522258236,529.0961265563965,68,1.6101466908174402,7007.3583984375,7.499720285079351,0,0,765,0.0,0.0,0.1,0.0,0.25,0.55,0.1,82,243.09134524995935,492.47288703918457,68,1.6117580638212317,7014.37109375,7.059171620550747,0,0,766,0.0,0.0,0.1,0.0,0.25,0.55,0.1
767,AlwaysCompact_C128,3,COMPACT_128KB,0.159,-0.055,0.181483,0,82,243.09134524995935,492.47288703918457,68,1.6117580638212317,7014.37109375,7.059171620550747,0,0,766,0.0,0.0,0.1,0.0,0.25,0.55,0.1,98,245.73301520819123,585.8659744262695,68,1.6136885250315947,7022.7724609375,6.637191167605665,0,0,767,0.0,0.0,0.15,0.0,0.2,0.55,0.1
768,AlwaysCompact_C128,3,COMPACT_128KB,0.159,-0.055,0.185829,0,98,245.73301520819123,585.8659744262695,68,1.6136885250315947,7022.7724609375,6.637191167605665,0,0,767,0.0,0.0,0.15,0.0,0.2,0.55,0.1,98,313.189970406176,368.57080459594727,68,1.6156284107881433,7031.21484375,6.351038495397547,0,0,768,0.0,0.0,0.15,0.0,0.2,0.55,0.1
769,AlwaysCompact_C128,3,COMPACT_128KB,0.159,-0.055,0.184929,0,98,313.189970406176,368.57080459594727,68,1.6156284107881433,7031.21484375,6.351038495397547,0,0,768,0.0,0.0,0.15,0.0,0.2,0.55,0.1,95,260.05144132966893,413.5599136352539,68,1.6174969392664291,7039.3466796875,6.223972039734041,0,0,769,0.0,0.0,0.15,0.0,0.2,0.55,0.1
770,AlwaysCompact_C128,3,COMPACT_128KB,0.158875,-0.055,0.184716,0,95,260.05144132966893,413.5599136352539,68,1.6174969392664291,7039.3466796875,6.223972039734041,0,0,769,0.0,0.0,0.15,0.0,0.2,0.55,0.1,65,213.87205006852415,419.205904006958,69,1.5959932631340579,7047.90625,12.994451787182618,0,0,770,0.0,0.0,0.15,0.0,0.2,0.55,0.1
771,AlwaysCompact_C128,3,COMPACT_128KB,0.158875,-0.055,0.184632,0,65,213.87205006852415,419.205904006958,69,1.5959932631340579,7047.90625,12.994451787182618,0,0,770,0.0,0.0,0.15,0.0,0.2,0.55,0.1,59,189.20881298704475,423.40612411499023,69,1.5971290477807971,7052.921875,12.466555420164557,0,0,771,0.0,0.0,0.15,0.0,0.2,0.55,0.1
772,AlwaysCompact_C128,3,COMPACT_128KB,0.158875,-0.055,0.184734,0,59,189.20881298704475,423.40612411499023,69,1.5971290477807971,7052.921875,12.466555420164557,0,0,771,0.0,0.0,0.15,0.0,0.2,0.55,0.1,61,193.26166243411342,418.3230400085449,69,1.5983588177224863,7058.3525390625,11.903117045145896,0,0,772,0.0,0.0,0.15,0.0,0.2,0.55,0.1
773,AlwaysCompact_C128,3,COMPACT_128KB,0.158875,-0.055,0.183158,0,61,193.26166243411342,418.3230400085449,69,1.5983588177224863,7058.3525390625,11.903117045145896,0,0,772,0.0,0.0,0.15,0.0,0.2,0.55,0.1,68,221.25563354495975,497.07770347595215,69,1.5996836786684783,7064.203125,11.306998374444358,0,0,773,0.0,0.0,0.15,0.05,0.2,0.5,0.1
774,AlwaysCompact_C128,3,COMPACT_128KB,0.158875,-0.055,0.184783,0,68,221.25563354495975,497.07770347595215,69,1.5996836786684783,7064.203125,11.306998374444358,0,0,773,0.0,0.0,0.15,0.05,0.2,0.5,0.1,95,316.1112636076738,415.87185859680176,69,1.6015260115913723,7072.3388671875,10.500343218594601,0,0,774,0.0,0.0,0.15,0.1,0.2,0.45,0.1
775,AlwaysCompact_C128,3,COMPACT_128KB,0.158875,-0.055,0.182286,0,95,316.1112636076738,415.87185859680176,69,1.6015260115913723,7072.3388671875,10.500343218594601,0,0,774,0.0,0.0,0.15,0.1,0.2,0.45,0.1,71,184.5186575418008,540.7009124755859,69,1.6029037254444067,7078.4228515625,9.91747423051153,0,0,775,0.0,0.0,0.15,0.1,0.15,0.5,0.1
776,AlwaysCompact_C128,3,COMPACT_128KB,0.158875,-0.055,0.184418,0,71,184.5186575418008,540.7009124755859,69,1.6029037254444067,7078.4228515625,9.91747423051153,0,0,775,0.0,0.0,0.15,0.1,0.15,0.5,0.1,95,312.1913550503044,434.10348892211914,69,1.6047223961871604,7086.4541015625,9.18091869398681,0,0,776,0.0,0.0,0.15,0.1,0.15,0.55,0.05
777,AlwaysCompact_C128,3,COMPACT_128KB,0.158875,-0.055,0.184742,0,95,312.1913550503044,434.10348892211914,69,1.6047223961871604,7086.4541015625,9.18091869398681,0,0,776,0.0,0.0,0.15,0.1,0.15,0.55,0.05,86,277.0467387054977,417.8881645202637,69,1.6063937864441802,7093.8349609375,8.544591357350972,0,0,777,0.0,0.0,0.15,0.1,0.15,0.55,0.05
778,AlwaysCompact_C128,3,COMPACT_128KB,0.158875,-0.055,0.184767,0,86,277.0467387054977,417.8881645202637,69,1.6063937864441802,7093.8349609375,8.544591357350972,0,0,777,0.0,0.0,0.15,0.1,0.15,0.55,0.05,73,238.5353330201519,416.6574478149414,69,1.6078166132387908,7100.1181640625,8.040676901331503,0,0,778,0.0,0.0,0.15,0.1,0.1,0.6,0.05
779,AlwaysCompact_C128,3,COMPACT_128KB,0.158875,-0.055,0.178325,0,73,238.5353330201519,416.6574478149414,69,1.6078166132387908,7100.1181640625,8.040676901331503,0,0,778,0.0,0.0,0.15,0.1,0.1,0.6,0.05,62,166.80736770870416,738.7723922729492,69,1.6090293552564539,7105.4736328125,7.644101573514958,0,0,779,0.0,0.0,0.15,0.1,0.15,0.55,0.05
780,AlwaysCompact_C128,3,COMPACT_128KB,0.158875,-0.055,0.184619,0,62,166.80736770870416,738.7723922729492,69,1.6090293552564539,7105.4736328125,7.644101573514958,0,0,779,0.0,0.0,0.15,0.1,0.15,0.55,0.05,98,308.7844310342626,424.0405559539795,69,1.6109229930932971,7113.8359375,7.098045500793999,0,0,780,0.0,0.0,0.1,0.1,0.15,0.6,0.05
781,AlwaysCompact_C128,3,COMPACT_128KB,0.158875,-0.055,0.184452,0,98,308.7844310342626,424.0405559539795,69,1.6109229930932971,7113.8359375,7.098045500793999,0,0,780,0.0,0.0,0.1,0.1,0.15,0.6,0.05,77,249.56121278060638,432.39784240722656,69,1.6124227772588315,7120.458984375,6.74128385963943,0,0,781,0.0,0.0,0.1,0.1,0.1,0.65,0.05
782,AlwaysCompact_C128,3,COMPACT_128KB,0.158875,-0.055,0.1867,0,77,249.56121278060638,432.39784240722656,69,1.6124227772588315,7120.458984375,6.74128385963943,0,0,781,0.0,0.0,0.1,0.1,0.1,0.65,0.05,70,235.13176851794753,319.9787139892578,69,1.6137914242951765,7126.5029296875,6.484506093362358,0,0,782,0.0,0.0,0.1,0.1,0.1,0.6,0.1
783,AlwaysCompact_C128,3,COMPACT_128KB,0.158875,-0.055,0.18489,0,70,235.13176851794753,319.9787139892578,69,1.6137914242951765,7126.5029296875,6.484506093362358,0,0,782,0.0,0.0,0.1,0.1,0.1,0.6,0.1,81,265.84386558922284,410.4924201965332,69,1.6153732520946558,7133.48828125,6.280350435428502,0,0,783,0.0,0.0,0.1,0.1,0.05,0.65,0.1
784,AlwaysCompact_C128,3,COMPACT_128KB,0.158875,-0.055,0.18156,0,81,265.84386558922284,410.4924201965332,69,1.6153732520946558,7133.48828125,6.280350435428502,0,0,783,0.0,0.0,0.1,0.1,0.05,0.65,0.1,82,271.70288867015,577.012300491333,69,1.6170738330785779,7140.998046875,6.182131431255515,0,0,784,0.0,0.0,0.15,0.1,0.05,0.6,0.1
785,AlwaysCompact_C128,3,COMPACT_128KB,0.15875,-0.055,0.183644,0,82,271.70288867015,577.012300491333,69,1.6170738330785779,7140.998046875,6.182131431255515,0,0,784,0.0,0.0,0.15,0.1,0.05,0.6,0.1,65,189.3204374310785,467.8018093109131,70,1.5958877563476563,7149.5771484375,12.898026295634569,0,0,785,0.0,0.0,0.1,0.15,0.05,0.6,0.1
786,AlwaysCompact_C128,3,COMPACT_128KB,0.15875,-0.055,0.186624,0,65,189.3204374310785,467.8018093109131,70,1.5958877563476563,7149.5771484375,12.898026295634569,0,0,785,0.0,0.0,0.1,0.15,0.05,0.6,0.1,80,245.23719453547758,318.79615783691406,70,1.5974397931780133,7156.5302734375,12.17350115709813,0,0,786,0.0,0.0,0.1,0.15,0.05,0.55,0.15
787,AlwaysCompact_C128,3,COMPACT_128KB,0.15875,-0.055,0.174797,0,80,245.23719453547758,318.79615783691406,70,1.5974397931780133,7156.5302734375,12.17350115709813,0,0,786,0.0,0.0,0.1,0.15,0.05,0.55,0.15,69,213.59457273258664,910.1357460021973,70,1.5987810407366072,7162.5390625,11.55893130862882,0,0,787,0.0,0.0,0.05,0.15,0.1,0.55,0.15
788,AlwaysCompact_C128,3,COMPACT_128KB,0.15875,-0.055,0.184174,0,69,213.59457273258664,910.1357460021973,70,1.5987810407366072,7162.5390625,11.55893130862882,0,0,787,0.0,0.0,0.05,0.15,0.1,0.55,0.15,67,196.6015811050945,441.3037300109863,70,1.6000287737165177,7168.12890625,10.998489739527082,0,0,788,0.0,0.0,0.05,0.2,0.1,0.55,0.1
789,AlwaysCompact_C128,3,COMPACT_128KB,0.15875,-0.055,0.183265,0,67,196.6015811050945,441.3037300109863,70,1.6000287737165177,7168.12890625,10.998489739527082,0,0,788,0.0,0.0,0.05,0.2,0.1,0.55,0.1,64,198.14229668554086,486.74583435058594,70,1.60125732421875,7173.6328125,10.459029072735312,0,0,789,0.0,0.0,0.05,0.2,0.1,0.55,0.1
790,AlwaysCompact_C128,3,COMPACT_128KB,0.15875,-0.055,0.183459,0,64,198.14229668554086,486.74583435058594,70,1.60125732421875,7173.6328125,10.459029072735312,0,0,789,0.0,0.0,0.05,0.2,0.1,0.55,0.1,98,300.0865796820428,477.04005241394043,70,1.6031393868582589,7182.064453125,9.661103974660366,0,0,790,0.0,0.0,0.05,0.2,0.1,0.55,0.1
791,AlwaysCompact_C128,3,COMPACT_128KB,0.15875,-0.055,0.176262,0,98,300.0865796820428,477.04005241394043,70,1.6031393868582589,7182.064453125,9.661103974660366,0,0,790,0.0,0.0,0.05,0.2,0.1,0.55,0.1,74,234.4723070833069,836.8985652923584,70,1.6045545305524553,7188.404296875,9.088636941551226,0,0,791,0.0,0.0,0.05,0.2,0.15,0.5,0.1
792,AlwaysCompact_C128,3,COMPACT_128KB,0.15875,-0.055,0.184066,0,74,234.4723070833069,836.8985652923584,70,1.6045545305524553,7188.404296875,9.088636941551226,0,0,791,0.0,0.0,0.05,0.2,0.15,0.5,0.1,53,167.6546119739443,446.7041492462158,70,1.6056076049804688,7193.1220703125,8.681082323217288,0,0,792,0.0,0.0,0.05,0.2,0.15,0.5,0.1
793,AlwaysCompact_C128,3,COMPACT_128KB,0.15875,-0.055,0.184827,0,53,167.6546119739443,446.7041492462158,70,1.6056076049804688,7193.1220703125,8.681082323217288,0,0,792,0.0,0.0,0.05,0.2,0.15,0.5,0.1,55,166.30780466106796,408.66827964782715,70,1.6066650390625,7197.859375,8.290292940254318,0,0,793,0.0,0.0,0.05,0.15,0.15,0.5,0.15
794,AlwaysCompact_C128,3,COMPACT_128KB,0.15875,-0.055,0.183531,0,55,166.30780466106796,408.66827964782715,70,1.6066650390625,7197.859375,8.290292940254318,0,0,793,0.0,0.0,0.05,0.15,0.15,0.5,0.15,65,151.40638736366722,473.44326972961426,70,1.6079217093331473,7203.4892578125,7.853719746355037,0,0,794,0.0,0.0,0.05,0.1,0.15,0.55,0.15
795,AlwaysCompact_C128,3,COMPACT_128KB,0.15875,-0.055,0.184118,0,65,151.40638736366722,473.44326972961426,70,1.6079217093331473,7203.4892578125,7.853719746355037,0,0,794,0.0,0.0,0.05,0.1,0.15,0.55,0.15,75,235.55865400959837,444.08655166625977,70,1.6093643188476563,7209.9521484375,7.396385525803692,0,0,795,0.0,0.0,0.05,0.1,0.15,0.55,0.15
796,AlwaysCompact_C128,3,COMPACT_128KB,0.15875,-0.055,0.183925,0,75,235.55865400959837,444.08655166625977,70,1.6093643188476563,7209.9521484375,7.396385525803692,0,0,795,0.0,0.0,0.05,0.1,0.15,0.55,0.15,72,226.7831520008651,453.7465572357178,70,1.6107062203543527,7215.9638671875,7.020708244210524,0,0,796,0.0,0.0,0.05,0.15,0.15,0.5,0.15
797,AlwaysCompact_C128,3,COMPACT_128KB,0.15875,-0.055,0.186034,0,72,226.7831520008651,453.7465572357178,70,1.6107062203543527,7215.9638671875,7.020708244210524,0,0,796,0.0,0.0,0.05,0.15,0.15,0.5,0.15,66,193.81380509263116,348.30617904663086,70,1.6119722638811385,7221.6357421875,6.717665607393783,0,0,797,0.0,0.0,0.05,0.15,0.15,0.45,0.2
798,AlwaysCompact_C128,3,COMPACT_128KB,0.15875,-0.055,0.183166,0,66,193.81380509263116,348.30617904663086,70,1.6119722638811385,7221.6357421875,6.717665607393783,0,0,797,0.0,0.0,0.05,0.15,0.15,0.45,0.2,98,305.52573105022526,491.72472953796387,70,1.6138630458286831,7230.1064453125,6.373436668999711,0,0,798,0.0,0.0,0.05,0.15,0.15,0.45,0.2
799,AlwaysCompact_C128,3,COMPACT_128KB,0.15875,-0.055,0.186172,0,98,305.52573105022526,491.72472953796387,70,1.6138630458286831,7230.1064453125,6.373436668999711,0,0,798,0.0,0.0,0.05,0.15,0.15,0.45,0.2,87,263.9638716061814,341.3989543914795,70,1.6155262538364956,7237.5576171875,6.192862742939527,0,0,799,0.0,0.0,0.05,0.15,0.1,0.45,0.25
800,AlwaysCompact_C128,3,COMPACT_128KB,0.158625,-0.055,0.184032,0,87,263.9638716061814,341.3989543914795,70,1.6155262538364956,7237.5576171875,6.192862742939527,0,0,799,0.0,0.0,0.05,0.15,0.1,0.45,0.25,82,251.3282643787437,443.39513778686523,71,1.594997567190251,7247.6689453125,12.663387262726724,0,0,800,0.0,0.0,0.05,0.2,0.1,0.4,0.25
801,AlwaysCompact_C128,3,COMPACT_128KB,0.158625,-0.055,0.18596,0,82,251.3282643787437,443.39513778686523,71,1.594997567190251,7247.6689453125,12.663387262726724,0,0,800,0.0,0.0,0.05,0.2,0.1,0.4,0.25,92,287.0505066284603,347.02324867248535,71,1.5967598498707087,7255.6767578125,11.841564213697586,0,0,801,0.0,0.0,0.05,0.2,0.1,0.35,0.3
802,AlwaysCompact_C128,3,COMPACT_128KB,0.158625,-0.055,0.186172,0,92,287.0505066284603,347.02324867248535,71,1.5967598498707087,7255.6767578125,11.841564213697586,0,0,801,0.0,0.0,0.05,0.2,0.1,0.35,0.3,91,265.9111352937529,336.3990783691406,71,1.5984761412714568,7263.4755859375,11.06100014527054,0,0,802,0.0,0.0,0.05,0.2,0.1,0.35,0.3
803,AlwaysCompact_C128,3,COMPACT_128KB,0.158625,-0.055,0.183719,0,91,265.9111352937529,336.3990783691406,71,1.5984761412714568,7263.4755859375,11.06100014527054,0,0,802,0.0,0.0,0.05,0.2,0.1,0.35,0.3,85,266.63324114390673,459.0604305267334,71,1.6000318930182658,7270.544921875,10.37407268324897,0,0,803,0.0,0.0,0.05,0.25,0.1,0.3,0.3
804,AlwaysCompact_C128,3,COMPACT_128KB,0.158625,-0.055,0.186044,0,85,266.63324114390673,459.0604305267334,71,1.6000318930182658,7270.544921875,10.37407268324897,0,0,803,0.0,0.0,0.05,0.25,0.1,0.3,0.3,62,159.5844482287783,342.8165912628174,71,1.601198008362676,7275.84375,9.874603418798213,0,0,804,0.0,0.0,0.0,0.25,0.1,0.3,0.35
805,AlwaysCompact_C128,3,COMPACT_128KB,0.158625,-0.055,0.185483,0,62,159.5844482287783,342.8165912628174,71,1.601198008362676,7275.84375,9.874603418798213,0,0,804,0.0,0.0,0.0,0.25,0.1,0.3,0.35,62,198.3341771186473,370.8467483520508,71,1.6023705710827465,7281.171875,9.388065463818437,0,0,805,0.0,0.0,0.0,0.2,0.1,0.3,0.4
806,AlwaysCompact_C128,3,COMPACT_128KB,0.158625,-0.055,0.175344,0,62,198.3341771186473,370.8467483520508,71,1.6023705710827465,7281.171875,9.388065463818437,0,0,805,0.0,0.0,0.0,0.2,0.1,0.3,0.4,68,187.04960201259578,877.8023719787598,71,1.6036630549900968,7287.044921875,8.87309421968937,0,0,806,0.0,0.0,0.0,0.2,0.15,0.3,0.35
807,AlwaysCompact_C128,3,COMPACT_128KB,0.158625,-0.055,0.186233,0,68,187.04960201259578,877.8023719787598,71,1.6036630549900968,7287.044921875,8.87309421968937,0,0,806,0.0,0.0,0.0,0.2,0.15,0.3,0.35,77,242.46515779761273,333.3454132080078,71,1.6051167232889525,7293.650390625,8.325623380876419,0,0,807,0.0,0.0,0.0,0.2,0.1,0.3,0.4
808,AlwaysCompact_C128,3,COMPACT_128KB,0.158625,-0.055,0.186123,0,77,242.46515779761273,333.3454132080078,71,1.6051167232889525,7293.650390625,8.325623380876419,0,0,807,0.0,0.0,0.0,0.2,0.1,0.3,0.4,91,272.88432208903447,338.8550281524658,71,1.606872128768706,7301.626953125,7.719067851014702,0,0,808,0.0,0.0,0.0,0.15,0.1,0.3,0.45
809,AlwaysCompact_C128,3,COMPACT_128KB,0.158625,-0.055,0.186075,0,91,272.88432208903447,338.8550281524658,71,1.606872128768706,7301.626953125,7.719067851014702,0,0,808,0.0,0.0,0.0,0.15,0.1,0.3,0.45,69,211.9301775000604,341.2466049194336,71,1.6081340950979313,7307.361328125,7.327688744183729,0,0,809,0.0,0.0,0.0,0.15,0.1,0.25,0.5
810,AlwaysCompact_C128,3,COMPACT_128KB,0.158625,-0.055,0.183762,0,69,211.9301775000604,341.2466049194336,71,1.6081340950979313,7307.361328125,7.327688744183729,0,0,809,0.0,0.0,0.0,0.15,0.1,0.25,0.5,94,270.3173246944687,456.88772201538086,71,1.6099174392055458,7315.46484375,6.852181588215008,0,0,810,0.0,0.0,0.0,0.2,0.1,0.2,0.5
811,AlwaysCompact_C128,3,COMPACT_128KB,0.158625,-0.055,0.185974,0,94,270.3173246944687,456.88772201538086,71,1.6099174392055458,7315.46484375,6.852181588215008,0,0,810,0.0,0.0,0.0,0.2,0.1,0.2,0.5,69,216.39506475619504,346.29297256469727,71,1.611233348577795,7321.4443359375,6.5698651498795755,0,0,811,0.0,0.0,0.0,0.2,0.05,0.2,0.55
812,AlwaysCompact_C128,3,COMPACT_128KB,0.158625,-0.055,0.186072,0,69,216.39506475619504,346.29297256469727,71,1.611233348577795,7321.4443359375,6.5698651498795755,0,0,811,0.0,0.0,0.0,0.2,0.05,0.2,0.55,57,179.5672725715921,341.42303466796875,71,1.6123085559253962,7326.330078125,6.388634937053865,0,0,812,0.0,0.0,0.0,0.2,0.05,0.15,0.6
813,AlwaysCompact_C128,3,COMPACT_128KB,0.158625,-0.055,0.185668,0,57,179.5672725715921,341.42303466796875,71,1.6123085559253962,7326.330078125,6.388634937053865,0,0,812,0.0,0.0,0.0,0.2,0.05,0.15,0.6,79,243.3941758755138,361.57989501953125,71,1.6137957505776848,7333.087890625,6.2188873082698,0,0,813,0.0,0.0,0.0,0.2,0.05,0.15,0.6
814,AlwaysCompact_C128,3,COMPACT_128KB,0.158625,-0.055,0.18616,0,79,243.3941758755138,361.57989501953125,71,1.6137957505776848,7333.087890625,6.2188873082698,0,0,813,0.0,0.0,0.0,0.2,0.05,0.15,0.6,98,295.88530319401264,336.9882106781006,71,1.6156487263424295,7341.5078125,6.148823609520995,0,0,814,0.0,0.0,0.0,0.2,0.05,0.1,0.65
815,AlwaysCompact_C128,3,COMPACT_128KB,0.1585,-0.055,0.17867,0,98,295.88530319401264,336.9882106781006,71,1.6156487263424295,7341.5078125,6.148823609520995,0,0,814,0.0,0.0,0.0,0.2,0.05,0.1,0.65,51,161.62276248554036,706.4874172210693,72,1.5947767893473308,7348.7314453125,12.874405833954429,0,0,815,0.0,0.0,0.0,0.25,0.05,0.05,0.65
816,AlwaysCompact_C128,3,COMPACT_128KB,0.1585,-0.055,0.18206,0,51,161.62276248554036,706.4874172210693,72,1.5947767893473308,7348.7314453125,12.874405833954429,0,0,815,0.0,0.0,0.0,0.25,0.05,0.05,0.65,88,191.77916276759416,537.0185375213623,72,1.5964669121636286,7356.51953125,12.074188750248151,0,0,816,0.0,0.0,0.0,0.2,0.05,0.05,0.7
817,AlwaysCompact_C128,3,COMPACT_128KB,0.1585,-0.055,0.177606,0,88,191.77916276759416,537.0185375213623,72,1.5964669121636286,7356.51953125,12.074188750248151,0,0,816,0.0,0.0,0.0,0.2,0.05,0.05,0.7,59,159.02891213512808,759.697675704956,72,1.5975477430555556,7361.5,11.571609321284358,0,0,817,0.0,0.0,0.0,0.2,0.05,0.1,0.65
818,AlwaysCompact_C128,3,COMPACT_128KB,0.1585,-0.055,0.186005,0,59,159.02891213512808,759.697675704956,72,1.5975477430555556,7361.5,11.571609321284358,0,0,817,0.0,0.0,0.0,0.2,0.05,0.1,0.65,73,186.17457290734328,339.73217010498047,72,1.598950915866428,7367.9658203125,10.931695497059689,0,0,818,0.0,0.0,0.0,0.2,0.05,0.05,0.7
819,AlwaysCompact_C128,3,COMPACT_128KB,0.1585,-0.055,0.185863,0,73,186.17457290734328,339.73217010498047,72,1.598950915866428,7367.9658203125,10.931695497059689,0,0,818,0.0,0.0,0.0,0.2,0.05,0.05,0.7,72,223.3618323975737,346.87352180480957,72,1.600240495469835,7373.908203125,10.358167675320145,0,0,819,0.0,0.0,0.0,0.2,0.05,0.05,0.7
820,AlwaysCompact_C128,3,COMPACT_128KB,0.1585,-0.055,0.176362,0,72,223.3618323975737,346.87352180480957,72,1.600240495469835,7373.908203125,10.358167675320145,0,0,819,0.0,0.0,0.0,0.2,0.05,0.05,0.7,87,267.38489766368974,821.9027519226074,72,1.6018587748209636,7381.365234375,9.66213253078645,0,0,820,0.0,0.0,0.0,0.15,0.1,0.05,0.7
821,AlwaysCompact_C128,3,COMPACT_128KB,0.1585,-0.055,0.183908,0,87,267.38489766368974,821.9027519226074,72,1.6018587748209636,7381.365234375,9.66213253078645,0,0,820,0.0,0.0,0.0,0.15,0.1,0.05,0.7,91,283.32381749120555,444.5924758911133,72,1.6035546196831598,7389.1796875,8.967248209168808,0,0,821,0.0,0.0,0.0,0.15,0.1,0.1,0.65
822,AlwaysCompact_C128,3,COMPACT_128KB,0.1585,-0.055,0.184343,0,91,283.32381749120555,444.5924758911133,72,1.6035546196831598,7389.1796875,8.967248209168808,0,0,821,0.0,0.0,0.0,0.15,0.1,0.1,0.65,82,257.60450596201093,422.85656929016113,72,1.6050834655761719,7396.224609375,8.37824552975481,0,0,822,0.0,0.0,0.0,0.15,0.1,0.1,0.65
823,AlwaysCompact_C128,3,COMPACT_128KB,0.1585,-0.055,0.184647,0,82,257.60450596201093,422.85656929016113,72,1.6050834655761719,7396.224609375,8.37824552975481,0,0,822,0.0,0.0,0.0,0.15,0.1,0.1,0.65,88,263.191156861319,407.6519012451172,72,1.606728023952908,7403.802734375,7.79386335691764,0,0,823,0.0,0.0,0.0,0.1,0.1,0.1,0.7
824,AlwaysCompact_C128,3,COMPACT_128KB,0.1585,-0.055,0.183493,0,88,263.191156861319,407.6519012451172,72,1.606728023952908,7403.802734375,7.79386335691764,0,0,823,0.0,0.0,0.0,0.1,0.1,0.1,0.7,79,243.61213215562356,465.3453826904297,72,1.6081971062554254,7410.572265625,7.324684110140772,0,0,824,0.0,0.0,0.0,0.1,0.1,0.15,0.65
825,AlwaysCompact_C128,3,COMPACT_128KB,0.1585,-0.055,0.183283,0,79,243.61213215562356,465.3453826904297,72,1.6081971062554254,7410.572265625,7.324684110140772,0,0,824,0.0,0.0,0.0,0.1,0.1,0.15,0.65,99,300.2868792115696,475.85034370422363,72,1.610033671061198,7419.03515625,6.824496997363831,0,0,825,0.0,0.0,0.0,0.1,0.1,0.2,0.6
826,AlwaysCompact_C128,3,COMPACT_128KB,0.1585,-0.055,0.186111,0,99,300.2868792115696,475.85034370422363,72,1.610033671061198,7419.03515625,6.824496997363831,0,0,825,0.0,0.0,0.0,0.1,0.1,0.2,0.6,68,209.82597577250343,334.46645736694336,72,1.6113003624810114,7424.8720703125,6.546128588986911,0,0,826,0.0,0.0,0.0,0.1,0.05,0.2,0.65
827,AlwaysCompact_C128,3,COMPACT_128KB,0.1585,-0.055,0.185899,0,68,209.82597577250343,334.46645736694336,72,1.6113003624810114,7424.8720703125,6.546128588986911,0,0,826,0.0,0.0,0.0,0.1,0.05,0.2,0.65,77,235.3515559471263,345.0310230255127,72,1.6127459208170574,7431.533203125,6.305595559052736,0,0,827,0.0,0.0,0.0,0.1,0.05,0.2,0.65
828,AlwaysCompact_C128,3,COMPACT_128KB,0.1585,-0.055,0.186153,0,77,235.3515559471263,345.0310230255127,72,1.6127459208170574,7431.533203125,6.305595559052736,0,0,827,0.0,0.0,0.0,0.1,0.05,0.2,0.65,66,194.50860562522266,332.3664665222168,72,1.6139876047770183,7437.2548828125,6.171651505293321,0,0,828,0.0,0.0,0.0,0.1,0.05,0.2,0.65
829,AlwaysCompact_C128,3,COMPACT_128KB,0.1585,-0.055,0.181819,0,66,194.50860562522266,332.3664665222168,72,1.6139876047770183,7437.2548828125,6.171651505293321,0,0,828,0.0,0.0,0.0,0.1,0.05,0.2,0.65,77,241.7891601127486,549.0438938140869,72,1.6154087914360895,7443.8037109375,6.106758715477996,0,0,829,0.0,0.0,0.0,0.1,0.05,0.25,0.6
830,AlwaysCompact_C128,3,COMPACT_128KB,0.158375,-0.055,0.181953,0,77,241.7891601127486,549.0438938140869,72,1.6154087914360895,7443.8037109375,6.106758715477996,0,0,829,0.0,0.0,0.0,0.1,0.05,0.25,0.6,51,118.81993219954863,537.3618602752686,73,1.5948294025577912,7451.04296875,12.783106094252325,0,0,830,0.0,0.0,0.0,0.05,0.05,0.25,0.65
831,AlwaysCompact_C128,3,COMPACT_128KB,0.158375,-0.055,0.178028,0,51,118.81993219954863,537.3618602752686,73,1.5948294025577912,7451.04296875,12.783106094252325,0,0,830,0.0,0.0,0.0,0.05,0.05,0.25,0.65,56,113.39245794750312,733.6218357086182,73,1.5958728529002568,7455.91796875,12.28380312703285,0,0,831,0.0,0.0,0.05,0.05,0.05,0.25,0.6
832,AlwaysCompact_C128,3,COMPACT_128KB,0.158375,-0.055,0.182048,0,56,113.39245794750312,733.6218357086182,73,1.5958728529002568,7455.91796875,12.28380312703285,0,0,831,0.0,0.0,0.05,0.05,0.05,0.25,0.6,73,158.81795990858419,532.5849056243896,73,1.5972223151220035,7462.22265625,11.647781972193677,0,0,832,0.0,0.0,0.05,0.05,0.05,0.25,0.6
833,AlwaysCompact_C128,3,COMPACT_128KB,0.158375,-0.055,0.183902,0,73,158.81795990858419,532.5849056243896,73,1.5972223151220035,7462.22265625,11.647781972193677,0,0,832,0.0,0.0,0.05,0.05,0.05,0.25,0.6,94,210.3327728223294,439.91804122924805,73,1.5989398695018193,7470.2470703125,10.856938422448504,0,0,833,0.0,0.0,0.05,0.05,0.05,0.25,0.6
834,AlwaysCompact_C128,3,COMPACT_128KB,0.158375,-0.055,0.183837,0,94,210.3327728223294,439.91804122924805,73,1.5989398695018193,7470.2470703125,10.856938422448504,0,0,833,0.0,0.0,0.05,0.05,0.05,0.25,0.6,81,204.00090790198982,443.14050674438477,73,1.6004214352124357,7477.1689453125,10.19499782662451,0,0,834,0.0,0.0,0.05,0.05,0.05,0.25,0.6
835,AlwaysCompact_C128,3,COMPACT_128KB,0.158375,-0.055,0.184272,0,81,204.00090790198982,443.14050674438477,73,1.6004214352124357,7477.1689453125,10.19499782662451,0,0,834,0.0,0.0,0.05,0.05,0.05,0.25,0.6,67,162.6766419715352,421.40746116638184,73,1.6016550978569135,7482.9326171875,9.66106236077895,0,0,835,0.0,0.0,0.05,0.0,0.05,0.25,0.65
836,AlwaysCompact_C128,3,COMPACT_128KB,0.158375,-0.055,0.179309,0,67,162.6766419715352,421.40746116638184,73,1.6016550978569135,7482.9326171875,9.66106236077895,0,0,835,0.0,0.0,0.05,0.0,0.05,0.25,0.65,59,158.5886412195738,669.5501804351807,73,1.6027855023945847,7488.2138671875,9.188074107943931,0,0,836,0.0,0.0,0.05,0.05,0.05,0.25,0.6
837,AlwaysCompact_C128,3,COMPACT_128KB,0.158375,-0.055,0.18216,0,59,158.5886412195738,669.5501804351807,73,1.6027855023945847,7488.2138671875,9.188074107943931,0,0,836,0.0,0.0,0.05,0.05,0.05,0.25,0.6,75,160.68439285571992,526.9873142242432,73,1.6041679904885489,7494.6728515625,8.634575126423307,0,0,837,0.0,0.0,0.05,0.05,0.05,0.2,0.65
838,AlwaysCompact_C128,3,COMPACT_128KB,0.158375,-0.055,0.18376,0,75,160.68439285571992,526.9873142242432,73,1.6041679904885489,7494.6728515625,8.634575126423307,0,0,837,0.0,0.0,0.05,0.05,0.05,0.2,0.65,65,146.9344181363894,446.99668884277344,73,1.605303411614405,7499.9775390625,8.204197659899238,0,0,838,0.0,0.0,0.05,0.05,0.05,0.2,0.65
839,AlwaysCompact_C128,3,COMPACT_128KB,0.158375,-0.055,0.184944,0,65,146.9344181363894,446.99668884277344,73,1.605303411614405,7499.9775390625,8.204197659899238,0,0,838,0.0,0.0,0.05,0.05,0.05,0.2,0.65,65,158.11727587756818,387.81070709228516,73,1.6064904617936644,7505.5234375,7.781814143551545,0,0,839,0.0,0.0,0.05,0.05,0.05,0.2,0.65
840,AlwaysCompact_C128,3,COMPACT_128KB,0.158375,-0.055,0.183537,0,65,158.11727587756818,387.81070709228516,73,1.6064904617936644,7505.5234375,7.781814143551545,0,0,839,0.0,0.0,0.05,0.05,0.05,0.2,0.65,73,186.77865342840707,458.14013481140137,73,1.607834280353703,7511.8017578125,7.34367767545938,0,0,840,0.0,0.0,0.05,0.05,0.0,0.2,0.7
841,AlwaysCompact_C128,3,COMPACT_128KB,0.158375,-0.055,0.183979,0,73,186.77865342840707,458.14013481140137,73,1.607834280353703,7511.8017578125,7.34367767545938,0,0,840,0.0,0.0,0.05,0.05,0.0,0.2,0.7,54,145.931133661931,436.0697269439697,73,1.6088394792112586,7516.498046875,7.048297589366173,0,0,841,0.0,0.0,0.05,0.05,0.0,0.15,0.75
842,AlwaysCompact_C128,3,COMPACT_128KB,0.158375,-0.055,0.184581,0,54,145.931133661931,436.0697269439697,73,1.6088394792112586,7516.498046875,7.048297589366173,0,0,841,0.0,0.0,0.05,0.05,0.0,0.15,0.75,72,185.74071695857228,405.9336185455322,73,1.6101582148303724,7522.6591796875,6.709528224381326,0,0,842,0.0,0.0,0.05,0.05,0.0,0.15,0.75
843,AlwaysCompact_C128,3,COMPACT_128KB,0.158375,-0.055,0.184318,0,72,185.74071695857228,405.9336185455322,73,1.6101582148303724,7522.6591796875,6.709528224381326,0,0,842,0.0,0.0,0.05,0.05,0.0,0.15,0.75,69,181.78898664190945,419.10576820373535,73,1.6114286657882064,7528.5947265625,6.442922937237671,0,0,843,0.0,0.0,0.05,0.05,0.0,0.15,0.75
844,AlwaysCompact_C128,3,COMPACT_128KB,0.158375,-0.055,0.173006,0,69,181.78898664190945,419.10576820373535,73,1.6114286657882064,7528.5947265625,6.442922937237671,0,0,843,0.0,0.0,0.05,0.05,0.0,0.15,0.75,60,150.51456172479914,984.6763610839844,73,1.6129685493364727,7535.7890625,6.209273540475069,0,0,844,0.0,0.0,0.05,0.05,0.05,0.1,0.75
845,AlwaysCompact_C128,3,COMPACT_128KB,0.158375,-0.055,0.18303,0,60,150.51456172479914,984.6763610839844,73,1.6129685493364727,7535.7890625,6.209273540475069,0,0,844,0.0,0.0,0.05,0.05,0.05,0.1,0.75,68,173.4804843126354,483.49738121032715,73,1.61377956442637,7539.578125,6.129292915290457,0,0,845,0.0,0.0,0.05,0.05,0.05,0.1,0.75
846,AlwaysCompact_C128,3,COMPACT_128KB,0.158375,-0.055,0.184516,0,68,173.4804843126354,483.49738121032715,73,1.61377956442637,7539.578125,6.129292915290457,0,0,845,0.0,0.0,0.05,0.05,0.05,0.1,0.75,66,197.4558822900038,409.2071056365967,73,1.614990234375,7545.234375,6.068519902562479,0,0,846,0.0,0.0,0.05,0.05,0.05,0.1,0.75
847,AlwaysCompact_C128,3,COMPACT_128KB,0.15825,-0.055,0.184357,0,66,197.4558822900038,409.2071056365967,73,1.614990234375,7545.234375,6.068519902562479,0,0,846,0.0,0.0,0.05,0.05,0.05,0.1,0.75,82,243.13018201560294,412.14871406555176,74,1.5952888694969383,7555.2880859375,12.408480445531382,0,0,847,0.0,0.0,0.05,0.05,0.05,0.1,0.75
848,AlwaysCompact_C128,3,COMPACT_128KB,0.15825,-0.055,0.185446,0,82,243.13018201560294,412.14871406555176,74,1.5952888694969383,7555.2880859375,12.408480445531382,0,0,847,0.0,0.0,0.05,0.05,0.05,0.1,0.75,73,181.9411376364852,357.6798439025879,74,1.5966567993164062,7561.7666015625,11.755858456250609,0,0,848,0.0,0.0,0.05,0.05,0.05,0.1,0.75
849,AlwaysCompact_C128,3,COMPACT_128KB,0.15825,-0.055,0.18554,0,73,181.9411376364852,357.6798439025879,74,1.5966567993164062,7561.7666015625,11.755858456250609,0,0,848,0.0,0.0,0.05,0.05,0.05,0.1,0.75,80,245.91621923888172,352.9796600341797,74,1.5980418437236064,7568.326171875,11.108035676370726,0,0,849,0.0,0.0,0.05,0.05,0.05,0.05,0.8
850,AlwaysCompact_C128,3,COMPACT_128KB,0.15825,-0.055,0.18379,0,80,245.91621923888172,352.9796600341797,74,1.5980418437236064,7568.326171875,11.108035676370726,0,0,849,0.0,0.0,0.05,0.05,0.05,0.05,0.8,100,295.9990797452927,440.4783248901367,74,1.5998421746331293,7576.8525390625,10.289500707689875,0,0,850,0.0,0.0,0.05,0.05,0.05,0.05,0.8
851,AlwaysCompact_C128,3,COMPACT_128KB,0.15825,-0.055,0.166896,0,100,295.9990797452927,440.4783248901367,74,1.5998421746331293,7576.8525390625,10.289500707689875,0,0,850,0.0,0.0,0.05,0.05,0.05,0.05,0.8,76,167.53197205690367,1285.224437713623,74,1.6012167028478674,7583.3623046875,9.686297891924546,0,0,851,0.0,0.0,0.0,0.05,0.1,0.05,0.8
852,AlwaysCompact_C128,3,COMPACT_128KB,0.15825,-0.055,0.185408,0,76,167.53197205690367,1285.224437713623,74,1.6012167028478674,7583.3623046875,9.686297891924546,0,0,851,0.0,0.0,0.0,0.05,0.1,0.05,0.8,86,165.73013350388308,359.59577560424805,74,1.6027730993322424,7590.7333984375,9.031238558290676,0,0,852,0.0,0.0,0.0,0.05,0.1,0.05,0.8
853,AlwaysCompact_C128,3,COMPACT_128KB,0.15825,-0.055,0.184224,0,86,165.73013350388308,359.59577560424805,74,1.6027730993322424,7590.7333984375,9.031238558290676,0,0,852,0.0,0.0,0.0,0.05,0.1,0.05,0.8,80,238.20766551116304,418.81561279296875,74,1.6042315508868243,7597.640625,8.450237991762451,0,0,853,0.0,0.0,0.0,0.05,0.1,0.05,0.8
854,AlwaysCompact_C128,3,COMPACT_128KB,0.15825,-0.055,0.183106,0,80,238.20766551116304,418.81561279296875,74,1.6042315508868243,7597.640625,8.450237991762451,0,0,853,0.0,0.0,0.0,0.05,0.1,0.05,0.8,64,178.20778513794673,474.7028350830078,74,1.6053945180532094,7603.1484375,8.01446169024548,0,0,854,0.0,0.0,0.0,0.05,0.1,0.05,0.8
855,AlwaysCompact_C128,3,COMPACT_128KB,0.15825,-0.055,0.182313,0,64,178.20778513794673,474.7028350830078,74,1.6053945180532094,7603.1484375,8.01446169024548,0,0,854,0.0,0.0,0.0,0.05,0.1,0.05,0.8,51,145.36902588051728,514.3423080444336,74,1.606322211188239,7607.5419921875,7.6873962387372465,0,0,855,0.0,0.0,0.05,0.05,0.1,0.05,0.75
856,AlwaysCompact_C128,3,COMPACT_128KB,0.15825,-0.055,0.178738,0,51,145.36902588051728,514.3423080444336,74,1.606322211188239,7607.5419921875,7.6873962387372465,0,0,855,0.0,0.0,0.05,0.05,0.1,0.05,0.75,78,188.21328049761308,693.1052207946777,74,1.6077864363386825,7614.4765625,7.21470361655862,0,0,856,0.0,0.0,0.1,0.0,0.1,0.05,0.75
857,AlwaysCompact_C128,3,COMPACT_128KB,0.15825,-0.055,0.182965,0,78,188.21328049761308,693.1052207946777,74,1.6077864363386825,7614.4765625,7.21470361655862,0,0,856,0.0,0.0,0.1,0.0,0.1,0.05,0.75,78,225.07018021811098,481.7521572113037,74,1.609203441722973,7621.1875,6.817073387762528,0,0,857,0.0,0.0,0.1,0.0,0.1,0.1,0.7
858,AlwaysCompact_C128,3,COMPACT_128KB,-0.13425,-0.055,0.183957,0,78,225.07018021811098,481.7521572113037,74,1.609203441722973,7621.1875,6.817073387762528,0,0,857,0.0,0.0,0.1,0.0,0.1,0.1,0.7,50,153.91771833704584,432.1732521057129,74,1.6101098962732263,7625.48046875,6.59861314213322,0,0,858,0.0,0.0,0.1,0.0,0.1,0.1,0.7
859,AlwaysCompact_C128,3,COMPACT_128KB,0.15825,-0.055,0.185547,0,50,153.91771833704584,432.1732521057129,74,1.6101098962732263,7625.48046875,6.59861314213322,0,0,858,0.0,0.0,0.1,0.0,0.1,0.1,0.7,56,125.42694745206263,352.6721000671387,74,1.6110936757680532,7630.1396484375,6.397228658739791,0,0,859,0.0,0.0,0.1,0.0,0.1,0.1,0.7
860,AlwaysCompact_C128,3,COMPACT_128KB,0.15825,-0.055,0.185536,0,56,125.42694745206263,352.6721000671387,74,1.6110936757680532,7630.1396484375,6.397228658739791,0,0,859,0.0,0.0,0.1,0.0,0.1,0.1,0.7,70,211.73973434567947,353.2097339630127,74,1.6123255136850718,7635.9736328125,6.2027991144910555,0,0,860,0.0,0.0,0.1,0.0,0.1,0.1,0.7
861,AlwaysCompact_C128,3,COMPACT_128KB,0.15825,-0.055,0.183189,0,70,211.73973434567947,353.2097339630127,74,1.6123255136850718,7635.9736328125,6.2027991144910555,0,0,860,0.0,0.0,0.1,0.0,0.1,0.1,0.7,64,195.7428319750789,470.5510139465332,74,1.6134963164458405,7641.5185546875,6.082673752124323,0,0,861,0.0,0.0,0.1,0.0,0.1,0.15,0.65
862,AlwaysCompact_C128,3,COMPACT_128KB,0.158125,-0.055,0.182214,0,64,195.7428319750789,470.5510139465332,74,1.6134963164458405,7641.5185546875,6.082673752124323,0,0,861,0.0,0.0,0.1,0.0,0.1,0.15,0.65,58,164.654066204206,514.3091678619385,75,1.5936281331380209,7649.4150390625,12.560434262115132,0,0,862,0.0,0.0,0.1,0.05,0.1,0.15,0.6
863,AlwaysCompact_C128,3,COMPACT_128KB,0.158125,-0.055,0.177328,0,58,164.654066204206,514.3091678619385,75,1.5936281331380209,7649.4150390625,12.560434262115132,0,0,862,0.0,0.0,0.1,0.05,0.1,0.15,0.6,77,233.20180142840536,758.5906982421875,75,1.59503173828125,7656.15234375,11.884271170986082,0,0,863,0.0,0.0,0.1,0.05,0.1,0.2,0.55
864,AlwaysCompact_C128,3,COMPACT_128KB,0.158125,-0.055,0.185507,0,77,233.20180142840536,758.5906982421875,75,1.59503173828125,7656.15234375,11.884271170986082,0,0,863,0.0,0.0,0.1,0.05,0.1,0.2,0.55,68,152.76170500625855,349.6263027191162,75,1.5962514241536458,7662.0068359375,11.307343147430984,0,0,864,0.0,0.0,0.1,0.05,0.05,0.2,0.6
865,AlwaysCompact_C128,3,COMPACT_128KB,0.158125,-0.055,0.182761,0,68,152.76170500625855,349.6263027191162,75,1.5962514241536458,7662.0068359375,11.307343147430984,0,0,864,0.0,0.0,0.1,0.05,0.05,0.2,0.6,66,200.54744693706343,486.9568347930908,75,1.5974249267578124,7667.6396484375,10.763154249562913,0,0,865,0.0,0.0,0.1,0.05,0.05,0.2,0.6
866,AlwaysCompact_C128,3,COMPACT_128KB,0.158125,-0.055,0.185133,0,66,200.54744693706343,486.9568347930908,75,1.5974249267578124,7667.6396484375,10.763154249562913,0,0,865,0.0,0.0,0.1,0.05,0.05,0.2,0.6,89,227.97399594610357,368.3333396911621,75,1.59899658203125,7675.18359375,10.054121967834329,0,0,866,0.0,0.0,0.1,0.05,0.05,0.2,0.6
867,AlwaysCompact_C128,3,COMPACT_128KB,0.158125,-0.055,0.183514,0,89,227.97399594610357,368.3333396911621,75,1.59899658203125,7675.18359375,10.054121967834329,0,0,866,0.0,0.0,0.1,0.05,0.05,0.2,0.6,66,180.74906662453037,449.28693771362305,75,1.6001680501302082,7680.806640625,9.543100480519948,0,0,867,0.0,0.0,0.1,0.05,0.05,0.2,0.6
868,AlwaysCompact_C128,3,COMPACT_128KB,0.158125,-0.055,0.185151,0,66,180.74906662453037,449.28693771362305,75,1.6001680501302082,7680.806640625,9.543100480519948,0,0,867,0.0,0.0,0.1,0.05,0.05,0.2,0.6,54,153.3154240481095,367.46835708618164,75,1.6011295572916666,7685.421875,9.136799145934871,0,0,868,0.0,0.0,0.1,0.05,0.05,0.2,0.6
869,AlwaysCompact_C128,3,COMPACT_128KB,0.158125,-0.055,0.17511,0,54,153.3154240481095,367.46835708618164,75,1.6011295572916666,7685.421875,9.136799145934871,0,0,868,0.0,0.0,0.1,0.05,0.05,0.2,0.6,53,152.5397165879945,869.5166110992432,75,1.6020782470703125,7689.9755859375,8.749246120011211,0,0,869,0.0,0.0,0.1,0.05,0.1,0.2,0.55
870,AlwaysCompact_C128,3,COMPACT_128KB,0.158125,-0.055,0.179003,0,53,152.5397165879945,869.5166110992432,75,1.6020782470703125,7689.9755859375,8.749246120011211,0,0,869,0.0,0.0,0.1,0.05,0.1,0.2,0.55,71,217.2242760846239,674.8256683349609,75,1.6033418782552082,7696.041015625,8.256823232193637,0,0,870,0.0,0.0,0.1,0.1,0.1,0.2,0.5
871,AlwaysCompact_C128,3,COMPACT_128KB,-0.134375,-0.055,0.185015,0,71,217.2242760846239,674.8256683349609,75,1.6033418782552082,7696.041015625,8.256823232193637,0,0,870,0.0,0.0,0.1,0.1,0.1,0.2,0.5,50,146.65788321647707,374.24159049987793,75,1.604240926106771,7700.3564453125,7.925552212347451,0,0,871,0.0,0.0,0.1,0.1,0.05,0.2,0.55
872,AlwaysCompact_C128,3,COMPACT_128KB,0.158125,-0.055,0.180747,0,50,146.65788321647707,374.24159049987793,75,1.604240926106771,7700.3564453125,7.925552212347451,0,0,871,0.0,0.0,0.1,0.1,0.05,0.2,0.55,83,248.21056534250522,587.6674652099609,75,1.6057232666015624,7707.4716796875,7.420246082317876,0,0,872,0.0,0.0,0.15,0.1,0.05,0.2,0.5
873,AlwaysCompact_C128,3,COMPACT_128KB,0.158125,-0.055,0.183345,0,83,248.21056534250522,587.6674652099609,75,1.6057232666015624,7707.4716796875,7.420246082317876,0,0,872,0.0,0.0,0.15,0.1,0.05,0.2,0.5,95,208.6601483970262,457.77416229248047,75,1.6074261474609375,7715.6455078125,6.915079035856249,0,0,873,0.0,0.0,0.15,0.15,0.05,0.2,0.45
874,AlwaysCompact_C128,3,COMPACT_128KB,0.158125,-0.055,0.170764,0,95,208.6601483970262,457.77416229248047,75,1.6074261474609375,7715.6455078125,6.915079035856249,0,0,873,0.0,0.0,0.15,0.15,0.05,0.2,0.45,71,209.31308303484573,1086.806058883667,75,1.6087113444010417,7721.814453125,6.597921847396313,0,0,874,0.0,0.0,0.15,0.15,0.1,0.2,0.4
875,AlwaysCompact_C128,3,COMPACT_128KB,0.158125,-0.055,0.182929,0,71,209.31308303484573,1086.806058883667,75,1.6087113444010417,7721.814453125,6.597921847396313,0,0,874,0.0,0.0,0.15,0.15,0.1,0.2,0.4,71,207.62563803300725,478.53875160217285,75,1.609977010091146,7727.8896484375,6.348524667916679,0,0,875,0.0,0.0,0.1,0.15,0.1,0.25,0.4
876,AlwaysCompact_C128,3,COMPACT_128KB,0.158125,-0.055,0.185612,0,71,207.62563803300725,478.53875160217285,75,1.609977010091146,7727.8896484375,6.348524667916679,0,0,875,0.0,0.0,0.1,0.15,0.1,0.25,0.4,90,267.11209955725127,344.40016746520996,75,1.6115716552734376,7735.5439453125,6.134892164236443,0,0,876,0.0,0.0,0.05,0.15,0.1,0.25,0.45
877,AlwaysCompact_C128,3,COMPACT_128KB,0.158125,-0.055,0.1851,0,90,267.11209955725127,344.40016746520996,75,1.6115716552734376,7735.5439453125,6.134892164236443,0,0,876,0.0,0.0,0.05,0.15,0.1,0.25,0.45,87,210.27738989528325,369.9760437011719,75,1.6131184895833333,7742.96875,6.045063137281609,0,0,877,0.0,0.0,0.05,0.15,0.1,0.2,0.5
878,AlwaysCompact_C128,3,COMPACT_128KB,0.158,-0.055,0.185171,0,87,210.27738989528325,369.9760437011719,75,1.6131184895833333,7742.96875,6.045063137281609,0,0,877,0.0,0.0,0.05,0.15,0.1,0.2,0.5,80,231.69638042075476,361.4473342895508,76,1.59390600104081,7752.7587890625,12.286620457506297,0,0,878,0.0,0.0,0.05,0.15,0.1,0.2,0.5
879,AlwaysCompact_C128,3,COMPACT_128KB,0.158,-0.055,0.182646,0,80,231.69638042075476,361.4473342895508,76,1.59390600104081,7752.7587890625,12.286620457506297,0,0,878,0.0,0.0,0.05,0.15,0.1,0.2,0.5,74,226.70489362976468,487.70833015441895,76,1.5952377319335938,7759.236328125,11.644035958044453,0,0,879,0.0,0.0,0.05,0.15,0.1,0.25,0.45
880,AlwaysCompact_C128,3,COMPACT_128KB,0.158,-0.055,0.181589,0,74,226.70489362976468,487.70833015441895,76,1.5952377319335938,7759.236328125,11.644035958044453,0,0,879,0.0,0.0,0.05,0.15,0.1,0.25,0.45,63,192.69713704816752,540.5731201171875,76,1.5963265268426192,7764.5322265625,11.127968737595053,0,0,880,0.0,0.0,0.1,0.15,0.1,0.25,0.4
881,AlwaysCompact_C128,3,COMPACT_128KB,0.158,-0.055,0.181275,0,63,192.69713704816752,540.5731201171875,76,1.5963265268426192,7764.5322265625,11.127968737595053,0,0,880,0.0,0.0,0.1,0.15,0.1,0.25,0.4,90,249.43576731323904,556.2262535095215,76,1.5979096262078536,7772.232421875,10.395252815805208,0,0,881,0.0,0.0,0.1,0.15,0.1,0.2,0.45
882,AlwaysCompact_C128,3,COMPACT_128KB,0.158,-0.055,0.184752,0,90,249.43576731323904,556.2262535095215,76,1.5979096262078536,7772.232421875,10.395252815805208,0,0,881,0.0,0.0,0.1,0.15,0.1,0.2,0.45,92,262.236994368927,382.39407539367676,76,1.5995262547543174,7780.095703125,9.673010308745344,0,0,882,0.0,0.0,0.1,0.1,0.1,0.2,0.5
883,AlwaysCompact_C128,3,COMPACT_128KB,0.158,-0.055,0.185234,0,92,262.236994368927,382.39407539367676,76,1.5995262547543174,7780.095703125,9.673010308745344,0,0,882,0.0,0.0,0.1,0.1,0.1,0.2,0.5,94,272.22914874313153,358.2766056060791,76,1.6011866519325657,7788.171875,8.96517559616685,0,0,883,0.0,0.0,0.1,0.1,0.1,0.15,0.55
884,AlwaysCompact_C128,3,COMPACT_128KB,0.158,-0.055,0.174504,0,94,272.22914874313153,358.2766056060791,76,1.6011866519325657,7788.171875,8.96517559616685,0,0,883,0.0,0.0,0.1,0.1,0.1,0.15,0.55,57,173.33845306110612,894.7796821594238,76,1.6022029675935443,7793.115234375,8.55254582354427,0,0,884,0.0,0.0,0.1,0.1,0.15,0.15,0.5
885,AlwaysCompact_C128,3,COMPACT_128KB,0.158,-0.055,0.185459,0,57,173.33845306110612,894.7796821594238,76,1.6022029675935443,7793.115234375,8.55254582354427,0,0,884,0.0,0.0,0.1,0.1,0.15,0.15,0.5,91,258.1778841113201,347.06974029541016,76,1.6038089551423724,7800.9267578125,7.939444307662638,0,0,885,0.0,0.0,0.1,0.1,0.15,0.1,0.55
886,AlwaysCompact_C128,3,COMPACT_128KB,0.158,-0.055,0.184995,0,91,258.1778841113201,347.06974029541016,76,1.6038089551423724,7800.9267578125,7.939444307662638,0,0,885,0.0,0.0,0.1,0.1,0.15,0.1,0.55,65,200.00848072505798,370.2728748321533,76,1.6049483449835527,7806.46875,7.538895957281385,0,0,886,0.0,0.0,0.1,0.1,0.15,0.1,0.55
887,AlwaysCompact_C128,3,COMPACT_128KB,0.158,-0.055,0.182323,0,65,200.00848072505798,370.2728748321533,76,1.6049483449835527,7806.46875,7.538895957281385,0,0,886,0.0,0.0,0.1,0.1,0.15,0.1,0.55,79,239.4403563386836,503.847599029541,76,1.6063427172209088,7813.2509765625,7.095596533999547,0,0,887,0.0,0.0,0.1,0.15,0.15,0.1,0.5
888,AlwaysCompact_C128,3,COMPACT_128KB,0.158,-0.055,0.182916,0,79,239.4403563386836,503.847599029541,76,1.6063427172209088,7813.2509765625,7.095596533999547,0,0,887,0.0,0.0,0.1,0.15,0.15,0.1,0.5,84,251.92474038607983,474.1995334625244,76,1.6078236228541325,7820.4541015625,6.6920045989275145,0,0,888,0.0,0.0,0.1,0.15,0.15,0.15,0.45
889,AlwaysCompact_C128,3,COMPACT_128KB,0.158,-0.055,0.184801,0,84,251.92474038607983,474.1995334625244,76,1.6078236228541325,7820.4541015625,6.6920045989275145,0,0,888,0.0,0.0,0.1,0.15,0.15,0.15,0.45,82,193.17928848977354,379.9436092376709,76,1.6092647753263776,7827.4638671875,6.3779811388206875,0,0,889,0.0,0.0,0.1,0.15,0.1,0.15,0.5
890,AlwaysCompact_C128,3,COMPACT_128KB,0.158,-0.055,0.174862,0,82,193.17928848977354,379.9436092376709,76,1.6092647753263776,7827.4638671875,6.3779811388206875,0,0,889,0.0,0.0,0.1,0.15,0.1,0.15,0.5,65,194.3093115031242,876.917839050293,76,1.6104136015239514,7833.0517578125,6.1913749081906,0,0,890,0.0,0.0,0.1,0.1,0.15,0.15,0.5
891,AlwaysCompact_C128,3,COMPACT_128KB,0.158,-0.055,0.182481,0,65,194.3093115031242,876.917839050293,76,1.6104136015239514,7833.0517578125,6.1913749081906,0,0,890,0.0,0.0,0.1,0.1,0.15,0.15,0.5,53,155.43311669469335,495.95141410827637,76,1.611345190750925,7837.5830078125,6.085593566378964,0,0,891,0.0,0.0,0.1,0.15,0.15,0.15,0.45
892,AlwaysCompact_C128,3,COMPACT_128KB,0.158,-0.055,0.185259,0,53,155.43311669469335,495.95141410827637,76,1.611345190750925,7837.5830078125,6.085593566378964,0,0,891,0.0,0.0,0.1,0.15,0.15,0.15,0.45,72,214.7951042146771,357.05113410949707,76,1.6126203035053455,7843.78515625,6.011057437217904,0,0,892,0.0,0.0,0.05,0.15,0.15,0.15,0.5
893,AlwaysCompact_C128,3,COMPACT_128KB,0.157875,-0.055,0.185398,0,72,214.7951042146771,357.05113410949707,76,1.6126203035053455,7843.78515625,6.011057437217904,0,0,892,0.0,0.0,0.05,0.15,0.15,0.15,0.5,65,196.3556169510007,345.08705139160156,77,1.5934133158101664,7852.3408203125,12.329157733125108,0,0,893,0.0,0.0,0.05,0.1,0.15,0.15,0.55
894,AlwaysCompact_C128,3,COMPACT_128KB,0.157875,-0.055,0.185013,0,65,196.3556169510007,345.08705139160156,77,1.5934133158101664,7852.3408203125,12.329157733125108,0,0,893,0.0,0.0,0.05,0.1,0.15,0.15,0.55,51,102.02096702422497,364.3519878387451,77,1.5943242853338069,7856.830078125,11.884151128086401,0,0,894,0.0,0.0,0.05,0.1,0.1,0.15,0.6
895,AlwaysCompact_C128,3,COMPACT_128KB,0.157875,-0.055,0.184766,0,51,102.02096702422497,364.3519878387451,77,1.5943242853338069,7856.830078125,11.884151128086401,0,0,894,0.0,0.0,0.05,0.1,0.1,0.15,0.6,94,280.2672666332562,376.69992446899414,77,1.5959314123376624,7864.75,11.113058630002781,0,0,895,0.0,0.0,0.05,0.1,0.1,0.1,0.65
896,AlwaysCompact_C128,3,COMPACT_128KB,0.157875,-0.055,0.172732,0,94,280.2672666332562,376.69992446899414,77,1.5959314123376624,7864.75,11.113058630002781,0,0,895,0.0,0.0,0.05,0.1,0.1,0.1,0.65,93,263.3492475644583,978.3947467803955,77,1.5975430971616273,7872.6923828125,10.361127722049144,0,0,896,0.0,0.0,0.05,0.1,0.15,0.1,0.6
897,AlwaysCompact_C128,3,COMPACT_128KB,0.157875,-0.055,0.181501,0,93,263.3492475644583,978.3947467803955,77,1.5975430971616273,7872.6923828125,10.361127722049144,0,0,896,0.0,0.0,0.05,0.1,0.15,0.1,0.6,53,156.94031698965725,539.9706363677979,77,1.5984647676542207,7877.234375,9.942604031432206,0,0,897,0.0,0.0,0.1,0.1,0.15,0.1,0.55
898,AlwaysCompact_C128,3,COMPACT_128KB,0.157875,-0.055,0.184192,0,53,156.94031698965725,539.9706363677979,77,1.5984647676542207,7877.234375,9.942604031432206,0,0,897,0.0,0.0,0.1,0.1,0.15,0.1,0.55,87,264.03186577591066,405.3916931152344,77,1.5999789547610592,7884.6962890625,9.276755236948755,0,0,898,0.0,0.0,0.1,0.1,0.15,0.1,0.55
899,AlwaysCompact_C128,3,COMPACT_128KB,0.157875,-0.055,0.179697,0,87,264.03186577591066,405.3916931152344,77,1.5999789547610592,7884.6962890625,9.276755236948755,0,0,898,0.0,0.0,0.1,0.1,0.15,0.1,0.55,87,263.0749678820308,630.1577091217041,77,1.601500077681108,7892.1923828125,8.640519216285957,0,0,899,0.0,0.0,0.15,0.1,0.15,0.05,0.55
900,AlwaysCompact_C128,3,COMPACT_128KB,0.157875,-0.055,0.184984,0,87,263.0749678820308,630.1577091217041,77,1.601500077681108,7892.1923828125,8.640519216285957,0,0,899,0.0,0.0,0.15,0.1,0.15,0.05,0.55,97,273.53629311492426,365.82207679748535,77,1.6032185740285105,7900.6611328125,7.970926706087928,0,0,900,0.0,0.0,0.1,0.1,0.15,0.05,0.6
901,AlwaysCompact_C128,3,COMPACT_128KB,-0.134625,-0.055,0.18207,0,97,273.53629311492426,365.82207679748535,77,1.6032185740285105,7900.6611328125,7.970926706087928,0,0,900,0.0,0.0,0.1,0.1,0.15,0.05,0.6,40,118.25967310365439,511.49797439575195,77,1.6038913479099026,7903.9765625,7.725837677239399,0,0,901,0.0,0.0,0.1,0.15,0.15,0.05,0.55
902,AlwaysCompact_C128,3,COMPACT_128KB,-0.134625,-0.055,0.183318,0,40,118.25967310365439,511.49797439575195,77,1.6038913479099026,7903.9765625,7.725837677239399,0,0,901,0.0,0.0,0.1,0.15,0.15,0.05,0.55,50,151.60861930487752,449.08809661865234,77,1.6047585227272727,7908.25,7.426372022521859,0,0,902,0.0,0.0,0.1,0.15,0.15,0.05,0.55
903,AlwaysCompact_C128,3,COMPACT_128KB,-0.134625,-0.055,0.182731,0,50,151.60861930487752,449.08809661865234,77,1.6047585227272727,7908.25,7.426372022521859,0,0,902,0.0,0.0,0.1,0.15,0.15,0.05,0.55,29,84.92331580894931,478.4696102142334,77,1.6052670169186283,7910.755859375,7.260226235336417,0,0,903,0.0,0.0,0.1,0.2,0.15,0.05,0.5
904,AlwaysCompact_C128,3,COMPACT_128KB,-0.134625,-0.055,0.18504,0,29,84.92331580894931,478.4696102142334,77,1.6052670169186283,7910.755859375,7.260226235336417,0,0,903,0.0,0.0,0.1,0.2,0.15,0.05,0.5,24,69.5080981947544,363.01326751708984,77,1.6056795987215908,7912.7890625,7.13098025247473,0,0,904,0.0,0.0,0.1,0.2,0.1,0.05,0.55
905,AlwaysCompact_C128,3,COMPACT_128KB,-0.134625,-0.055,0.184497,0,24,69.5080981947544,363.01326751708984,77,1.6056795987215908,7912.7890625,7.13098025247473,0,0,904,0.0,0.0,0.1,0.2,0.1,0.05,0.55,47,138.6267914455049,390.1257514953613,77,1.6066068178647523,7917.3583984375,6.8602178025893945,0,0,905,0.0,0.0,0.1,0.2,0.1,0.05,0.55
906,AlwaysCompact_C128,3,COMPACT_128KB,-0.134625,-0.055,0.181305,0,47,138.6267914455049,390.1257514953613,77,1.6066068178647523,7917.3583984375,6.8602178025893945,0,0,905,0.0,0.0,0.1,0.2,0.1,0.05,0.55,36,93.20928716582425,549.7307777404785,77,1.607154945274452,7920.0595703125,6.714028832577448,0,0,906,0.0,0.0,0.15,0.2,0.1,0.05,0.5
907,AlwaysCompact_C128,3,COMPACT_128KB,-0.134625,-0.055,0.185048,0,36,93.20928716582425,549.7307777404785,77,1.607154945274452,7920.0595703125,6.714028832577448,0,0,906,0.0,0.0,0.15,0.2,0.1,0.05,0.5,47,130.98160179344308,362.61606216430664,77,1.607969804243608,7924.0751953125,6.517546147828585,0,0,907,0.0,0.0,0.15,0.15,0.1,0.05,0.55
908,AlwaysCompact_C128,3,COMPACT_128KB,-0.134625,-0.055,0.184866,0,47,130.98160179344308,362.61606216430664,77,1.607969804243608,7924.0751953125,6.517546147828585,0,0,907,0.0,0.0,0.15,0.15,0.1,0.05,0.55,30,90.00085831507029,371.71435356140137,77,1.6084965297154017,7926.6708984375,6.40474680829498,0,0,908,0.0,0.0,0.15,0.15,0.1,0.0,0.6
909,AlwaysCompact_C128,3,COMPACT_128KB,-0.134625,-0.055,0.184854,0,30,90.00085831507029,371.71435356140137,77,1.6084965297154017,7926.6708984375,6.40474680829498,0,0,908,0.0,0.0,0.15,0.15,0.1,0.0,0.6,40,118.22358959036973,372.28941917419434,77,1.6091645476105925,7929.962890625,6.278843007905213,0,0,909,0.0,0.0,0.15,0.15,0.1,0.0,0.6
910,AlwaysCompact_C128,3,COMPACT_128KB,-0.134625,-0.055,0.18156,0,40,118.22358959036973,372.28941917419434,77,1.6091645476105925,7929.962890625,6.278843007905213,0,0,909,0.0,0.0,0.15,0.15,0.1,0.0,0.6,20,59.55952716514217,536.980152130127,77,1.609520453911323,7931.716796875,6.219968070802707,0,0,910,0.0,0.0,0.15,0.15,0.05,0.0,0.65
911,AlwaysCompact_C128,3,COMPACT_128KB,-0.134625,-0.055,0.184715,0,20,59.55952716514217,536.980152130127,77,1.609520453911323,7931.716796875,6.219968070802707,0,0,910,0.0,0.0,0.15,0.15,0.05,0.0,0.65,21,56.119241399610836,379.2681694030762,77,1.6098868630149148,7933.5224609375,6.165540788643004,0,0,911,0.0,0.0,0.15,0.1,0.05,0.0,0.7
912,AlwaysCompact_C128,3,COMPACT_128KB,-0.134625,-0.055,0.185239,0,21,56.119241399610836,379.2681694030762,77,1.6098868630149148,7933.5224609375,6.165540788643004,0,0,911,0.0,0.0,0.15,0.1,0.05,0.0,0.7,23,69.7719942833668,353.0712127685547,77,1.6102808172052556,7935.4638671875,6.114211483314794,0,0,912,0.0,0.0,0.15,0.1,0.05,0.0,0.7
913,AlwaysCompact_C128,3,COMPACT_128KB,-0.134625,-0.055,0.18479,0,23,69.7719942833668,353.0712127685547,77,1.6102808172052556,7935.4638671875,6.114211483314794,0,0,912,0.0,0.0,0.15,0.1,0.05,0.0,0.7,32,97.61530685122396,375.5030632019043,77,1.6108416272448254,7938.2275390625,6.054352323724695,0,0,913,0.0,0.0,0.15,0.1,0.05,0.0,0.7
914,AlwaysCompact_C128,3,COMPACT_128KB,-0.134625,-0.055,0.174704,0,32,97.61530685122396,375.5030632019043,77,1.6108416272448254,7938.2275390625,6.054352323724695,0,0,913,0.0,0.0,0.15,0.1,0.05,0.0,0.7,25,74.90786321965452,879.8108100891113,77,1.6112730348265016,7940.353515625,6.019124369580552,0,0,914,0.0,0.0,0.15,0.1,0.1,0.0,0.65
915,AlwaysCompact_C128,3,COMPACT_128KB,-0.13475,-0.055,0.184754,0,25,74.90786321965452,879.8108100891113,77,1.6112730348265016,7940.353515625,6.019124369580552,0,0,914,0.0,0.0,0.15,0.1,0.1,0.0,0.65,40,118.78305750747828,372.3034858703613,78,1.591873560196314,7946.6328125,12.489809115883267,0,0,915,0.0,0.0,0.15,0.1,0.1,0.0,0.65
916,AlwaysCompact_C128,3,COMPACT_128KB,-0.13475,-0.055,0.182305,0,40,118.78305750747828,372.3034858703613,78,1.591873560196314,7946.6328125,12.489809115883267,0,0,915,0.0,0.0,0.15,0.1,0.1,0.0,0.65,26,61.37904514897315,494.7347640991211,78,1.5923381707607172,7948.9521484375,12.25989715907182,0,0,916,0.0,0.0,0.15,0.15,0.05,0.0,0.65
917,AlwaysCompact_C128,3,COMPACT_128KB,-0.13475,-0.055,0.184726,0,26,61.37904514897315,494.7347640991211,78,1.5923381707607172,7948.9521484375,12.25989715907182,0,0,916,0.0,0.0,0.15,0.15,0.05,0.0,0.65,32,96.4651333946642,373.70944023132324,78,1.5928857265374599,7951.685546875,11.990664319573579,0,0,917,0.0,0.0,0.1,0.15,0.05,0.0,0.7
918,AlwaysCompact_C128,3,COMPACT_128KB,-0.13475,-0.055,0.176475,0,32,96.4651333946642,373.70944023132324,78,1.5928857265374599,7951.685546875,11.990664319573579,0,0,917,0.0,0.0,0.1,0.15,0.05,0.0,0.7,44,110.24277147262261,786.2746715545654,78,1.5936500353690906,7955.5009765625,11.61820828707499,0,0,918,0.0,0.0,0.1,0.15,0.05,0.05,0.65
919,AlwaysCompact_C128,3,COMPACT_128KB,-0.13475,-0.055,0.176901,0,44,110.24277147262261,786.2746715545654,78,1.5936500353690906,7955.5009765625,11.61820828707499,0,0,918,0.0,0.0,0.1,0.15,0.05,0.05,0.65,28,55.268906246102745,764.9433612823486,78,1.5941858536157854,7958.17578125,11.359613318627224,0,0,919,0.0,0.0,0.05,0.15,0.05,0.1,0.65
920,AlwaysCompact_C128,3,COMPACT_128KB,-0.13475,-0.055,0.185129,0,28,55.268906246102745,764.9433612823486,78,1.5941858536157854,7958.17578125,11.359613318627224,0,0,919,0.0,0.0,0.05,0.15,0.05,0.1,0.65,37,77.16734839195375,353.5652160644531,78,1.594820267114884,7961.3427734375,11.056341454185345,0,0,920,0.0,0.0,0.05,0.15,0.05,0.1,0.65
921,AlwaysCompact_C128,3,COMPACT_128KB,-0.13475,-0.055,0.18495,0,37,77.16734839195375,353.5652160644531,78,1.594820267114884,7961.3427734375,11.056341454185345,0,0,920,0.0,0.0,0.05,0.15,0.05,0.1,0.65,31,92.5881736356386,362.49780654907227,78,1.5952981802133412,7963.728515625,10.830115131789817,0,0,921,0.0,0.0,0.05,0.1,0.05,0.1,0.7
922,AlwaysCompact_C128,3,COMPACT_128KB,-0.13475,-0.055,0.184847,0,31,92.5881736356386,362.49780654907227,78,1.5952981802133412,7963.728515625,10.830115131789817,0,0,921,0.0,0.0,0.05,0.1,0.05,0.1,0.7,50,139.59980296353493,367.6581382751465,78,1.5961563892853565,7968.0126953125,10.429117559470894,0,0,922,0.0,0.0,0.05,0.1,0.05,0.1,0.7
923,AlwaysCompact_C128,3,COMPACT_128KB,-0.13475,-0.055,0.185028,0,50,139.59980296353493,367.6581382751465,78,1.5961563892853565,7968.0126953125,10.429117559470894,0,0,922,0.0,0.0,0.05,0.1,0.05,0.1,0.7,35,98.36851042044984,358.6244583129883,78,1.5967567639473157,7971.009765625,10.152956677165003,0,0,923,0.0,0.0,0.05,0.05,0.05,0.1,0.75
924,AlwaysCompact_C128,3,COMPACT_128KB,-0.13475,-0.055,0.181328,0,35,98.36851042044984,358.6244583129883,78,1.5967567639473157,7971.009765625,10.152956677165003,0,0,923,0.0,0.0,0.05,0.05,0.05,0.1,0.75,34,98.7648268783529,543.6108112335205,78,1.5973655505058093,7974.048828125,9.876948359792772,0,0,924,0.0,0.0,0.1,0.05,0.05,0.1,0.7
925,AlwaysCompact_C128,3,COMPACT_128KB,-0.13475,-0.055,0.184667,0,34,98.7648268783529,543.6108112335205,78,1.5973655505058093,7974.048828125,9.876948359792772,0,0,924,0.0,0.0,0.1,0.05,0.05,0.1,0.7,25,73.34812547391276,376.66916847229004,78,1.5977837978265224,7976.13671875,9.689851496051851,0,0,925,0.0,0.0,0.1,0.05,0.05,0.1,0.7
926,AlwaysCompact_C128,3,COMPACT_128KB,-0.13475,-0.055,0.181519,0,25,73.34812547391276,376.66916847229004,78,1.5977837978265224,7976.13671875,9.689851496051851,0,0,925,0.0,0.0,0.1,0.05,0.05,0.1,0.7,48,140.04568239079896,534.0251922607422,78,1.5986294868664863,7980.3583984375,9.318394184577077,0,0,926,0.0,0.0,0.05,0.1,0.05,0.1,0.7
927,AlwaysCompact_C128,3,COMPACT_128KB,-0.13475,-0.055,0.184648,0,48,140.04568239079896,534.0251922607422,78,1.5986294868664863,7980.3583984375,9.318394184577077,0,0,926,0.0,0.0,0.05,0.1,0.05,0.1,0.7,47,137.97023662464315,377.5932788848877,78,1.5994366376827924,7984.3876953125,8.973277234964765,0,0,927,0.0,0.0,0.05,0.1,0.05,0.1,0.7
928,AlwaysCompact_C128,3,COMPACT_128KB,-0.13475,-0.055,0.184228,0,47,137.97023662464315,377.5932788848877,78,1.5994366376827924,7984.3876953125,8.973277234964765,0,0,927,0.0,0.0,0.05,0.1,0.05,0.1,0.7,26,76.50021921963422,398.58222007751465,78,1.5999078995142229,7986.740234375,8.776469882881857,0,0,928,0.0,0.0,0.05,0.1,0.05,0.1,0.7
929,AlwaysCompact_C128,3,COMPACT_128KB,-0.13475,-0.055,0.181275,0,26,76.50021921963422,398.58222007751465,78,1.5999078995142229,7986.740234375,8.776469882881857,0,0,928,0.0,0.0,0.05,0.1,0.05,0.1,0.7,32,94.47953929358067,546.2398529052734,78,1.600459954677484,7989.49609375,8.550715809401341,0,0,929,0.0,0.0,0.05,0.1,0.05,0.15,0.65
930,AlwaysCompact_C128,3,COMPACT_128KB,-0.13475,-0.055,0.180002,0,32,94.47953929358067,546.2398529052734,78,1.600459954677484,7989.49609375,8.550715809401341,0,0,929,0.0,0.0,0.05,0.1,0.05,0.15,0.65,37,107.33812607293689,609.9185943603516,78,1.6010986719376001,7992.6845703125,8.296504731404712,0,0,930,0.0,0.0,0.1,0.1,0.05,0.15,0.6
931,AlwaysCompact_C128,3,COMPACT_128KB,-0.13475,-0.055,0.18373,0,37,107.33812607293689,609.9185943603516,78,1.6010986719376001,7992.6845703125,8.296504731404712,0,0,930,0.0,0.0,0.1,0.1,0.05,0.15,0.6,27,61.63666080849325,423.51627349853516,78,1.601510267991286,7994.7392578125,8.13696861241945,0,0,931,0.0,0.0,0.1,0.1,0.05,0.15,0.6
932,AlwaysCompact_C128,3,COMPACT_128KB,-0.13475,-0.055,0.18492,0,27,61.63666080849325,423.51627349853516,78,1.601510267991286,7994.7392578125,8.13696861241945,0,0,931,0.0,0.0,0.1,0.1,0.05,0.15,0.6,41,115.03296738580751,363.9853000640869,78,1.602446531638121,7999.4130859375,7.787794476210262,0,0,932,0.0,0.0,0.1,0.1,0.05,0.15,0.6
933,AlwaysCompact_C128,3,COMPACT_128KB,-0.13475,-0.055,0.181831,0,41,115.03296738580751,363.9853000640869,78,1.602446531638121,7999.4130859375,7.787794476210262,0,0,932,0.0,0.0,0.1,0.1,0.05,0.15,0.6,21,63.77460611677479,518.4335708618164,78,1.6028133294521234,8001.244140625,7.656632108031756,0,0,933,0.0,0.0,0.1,0.15,0.05,0.15,0.55
934,AlwaysCompact_C128,3,COMPACT_128KB,-0.13475,-0.055,0.184621,0,21,63.77460611677479,518.4335708618164,78,1.6028133294521234,8001.244140625,7.656632108031756,0,0,933,0.0,0.0,0.1,0.15,0.05,0.15,0.55,39,114.5459877567655,378.9708614349365,78,1.6034903893103967,8004.6240234375,7.423650834376919,0,0,934,0.0,0.0,0.1,0.15,0.0,0.15,0.6
935,AlwaysCompact_C128,3,COMPACT_128KB,-0.13475,-0.055,0.184588,0,39,114.5459877567655,378.9708614349365,78,1.6034903893103967,8004.6240234375,7.423650834376919,0,0,934,0.0,0.0,0.1,0.15,0.0,0.15,0.6,35,102.21960407484002,380.6116580963135,78,1.6038456452198517,8006.3974609375,7.306452814075547,0,0,935,0.0,0.0,0.1,0.15,0.0,0.15,0.6
936,AlwaysCompact_C128,3,COMPACT_128KB,-0.13475,-0.055,0.181496,0,35,102.21960407484002,380.6116580963135,78,1.6038456452198517,8006.3974609375,7.306452814075547,0,0,935,0.0,0.0,0.1,0.15,0.0,0.15,0.6,48,141.6555908924601,535.1874828338623,78,1.6046770535982573,8010.5478515625,7.0469351385048045,0,0,936,0.0,0.0,0.15,0.1,0.0,0.15,0.6
937,AlwaysCompact_C128,3,COMPACT_128KB,-0.13475,-0.055,0.182775,0,48,141.6555908924601,535.1874828338623,78,1.6046770535982573,8010.5478515625,7.0469351385048045,0,0,936,0.0,0.0,0.15,0.1,0.0,0.15,0.6,49,143.6051183905564,471.24171257019043,78,1.6058494372245593,8016.400390625,6.719911558250734,0,0,937,0.0,0.0,0.15,0.1,0.0,0.15,0.6
938,AlwaysCompact_C128,3,COMPACT_128KB,-0.13475,-0.055,0.181422,0,49,143.6051183905564,471.24171257019043,78,1.6058494372245593,8016.400390625,6.719911558250734,0,0,937,0.0,0.0,0.15,0.1,0.0,0.15,0.6,27,77.11797777293528,538.9008522033691,78,1.6063246115660057,8018.7724609375,6.601712575804324,0,0,938,0.0,0.0,0.2,0.1,0.0,0.1,0.6
939,AlwaysCompact_C128,3,COMPACT_128KB,-0.13475,-0.055,0.18337,0,27,77.11797777293528,538.9008522033691,78,1.6063246115660057,8018.7724609375,6.601712575804324,0,0,938,0.0,0.0,0.2,0.1,0.0,0.1,0.6,20,57.522803793432125,441.48874282836914,78,1.6063496516301081,8018.8974609375,6.595728502741591,0,0,939,0.0,0.0,0.2,0.1,0.0,0.05,0.65
940,AlwaysCompact_C128,3,COMPACT_128KB,-0.13475,-0.055,0.179906,0,20,57.522803793432125,441.48874282836914,78,1.6063496516301081,8018.8974609375,6.595728502741591,0,0,939,0.0,0.0,0.2,0.1,0.0,0.05,0.65,25,54.175023533557145,614.687442779541,78,1.6067426632612178,8020.859375,6.505120859723882,0,0,940,0.0,0.0,0.2,0.1,0.0,0.05,0.65
941,AlwaysCompact_C128,3,COMPACT_128KB,-0.13475,-0.055,0.181395,0,25,54.175023533557145,614.687442779541,78,1.6067426632612178,8020.859375,6.505120859723882,0,0,940,0.0,0.0,0.2,0.1,0.0,0.05,0.65,27,52.92635675942448,540.2722358703613,78,1.6072127513396435,8023.2060546875,6.405184493359357,0,0,941,0.0,0.0,0.25,0.1,0.0,0.05,0.6
942,AlwaysCompact_C128,3,COMPACT_128KB,-0.13475,-0.055,0.174082,0,27,52.92635675942448,540.2722358703613,78,1.6072127513396435,8023.2060546875,6.405184493359357,0,0,941,0.0,0.0,0.25,0.1,0.0,0.05,0.6,48,135.32477487499403,905.9116840362549,78,1.6080404428335338,8027.337890625,6.252829650188358,0,0,942,0.0,0.0,0.25,0.1,0.05,0.05,0.55
943,AlwaysCompact_C128,3,COMPACT_128KB,-0.13475,-0.055,0.181885,0,48,135.32477487499403,905.9116840362549,78,1.6080404428335338,8027.337890625,6.252829650188358,0,0,942,0.0,0.0,0.25,0.1,0.05,0.05,0.55,42,118.33711285842399,515.7666206359863,78,1.6087728647085338,8030.994140625,6.144624667163622,0,0,943,0.0,0.0,0.25,0.15,0.05,0.05,0.5
944,AlwaysCompact_C128,3,COMPACT_128KB,-0.13475,-0.055,0.184951,0,42,118.33711285842399,515.7666206359863,78,1.6087728647085338,8030.994140625,6.144624667163622,0,0,943,0.0,0.0,0.25,0.15,0.05,0.05,0.5,25,72.5912828930289,362.43510246276855,78,1.6091946332882612,8033.099609375,6.094214450578647,0,0,944,0.0,0.0,0.2,0.15,0.05,0.05,0.55
945,AlwaysCompact_C128,3,COMPACT_128KB,-0.13475,-0.055,0.182583,0,25,72.5912828930289,362.43510246276855,78,1.6091946332882612,8033.099609375,6.094214450578647,0,0,944,0.0,0.0,0.2,0.15,0.05,0.05,0.55,36,105.39173114855706,480.82733154296875,78,1.6098182873848157,8036.212890625,6.036180069828206,0,0,945,0.0,0.0,0.2,0.2,0.05,0.05,0.5
946,AlwaysCompact_C128,3,COMPACT_128KB,-0.13475,-0.055,0.184857,0,36,105.39173114855706,480.82733154296875,78,1.6098182873848157,8036.212890625,6.036180069828206,0,0,945,0.0,0.0,0.2,0.2,0.05,0.05,0.5,37,107.13405386896707,367.14768409729004,78,1.6104438977363782,8039.3359375,5.998247945408381,0,0,946,0.0,0.0,0.2,0.15,0.05,0.05,0.55
947,AlwaysCompact_C128,3,COMPACT_128KB,-0.134875,-0.055,0.18463,0,37,107.13405386896707,367.14768409729004,78,1.6104438977363782,8039.3359375,5.998247945408381,0,0,946,0.0,0.0,0.2,0.15,0.05,0.05,0.55,30,84.83109843658355,373.5039234161377,79,1.5911220115951346,8044.712890625,12.50292101935687,0,0,947,0.0,0.0,0.2,0.15,0.05,0.05,0.55
948,AlwaysCompact_C128,3,COMPACT_128KB,-0.134875,-0.055,0.18103,0,30,84.83109843658355,373.5039234161377,79,1.5911220115951346,8044.712890625,12.50292101935687,0,0,947,0.0,0.0,0.2,0.15,0.05,0.05,0.55,26,56.7832568078838,553.5204410552979,79,1.591573015044007,8046.9931640625,12.277999707388014,0,0,948,0.0,0.0,0.25,0.15,0.05,0.05,0.5
949,AlwaysCompact_C128,3,COMPACT_128KB,-0.134875,-0.055,0.1849,0,26,56.7832568078838,553.5204410552979,79,1.591573015044007,8046.9931640625,12.277999707388014,0,0,948,0.0,0.0,0.25,0.15,0.05,0.05,0.5,28,75.4699416434305,360.0146770477295,79,1.5920489347433742,8049.3994140625,12.042023774228,0,0,949,0.0,0.0,0.25,0.15,0.05,0.0,0.55
950,AlwaysCompact_C128,3,COMPACT_128KB,-0.134875,-0.055,0.18071,0,28,75.4699416434305,360.0146770477295,79,1.5920489347433742,8049.3994140625,12.042023774228,0,0,949,0.0,0.0,0.25,0.15,0.05,0.0,0.55,43,112.5054173874151,569.4854259490967,79,1.5927888894382911,8053.140625,11.67812577334487,0,0,950,0.0,0.0,0.25,0.15,0.05,0.0,0.55
951,AlwaysCompact_C128,3,COMPACT_128KB,-0.134875,-0.055,0.184499,0,43,112.5054173874151,569.4854259490967,79,1.5927888894382911,8053.140625,11.67812577334487,0,0,950,0.0,0.0,0.25,0.15,0.05,0.0,0.55,49,140.8839179707101,380.0520896911621,79,1.5936505281472508,8057.4970703125,11.259395330939528,0,0,951,0.0,0.0,0.25,0.15,0.05,0.0,0.55
952,AlwaysCompact_C128,3,COMPACT_128KB,-0.134875,-0.055,0.180657,0,49,140.8839179707101,380.0520896911621,79,1.5936505281472508,8057.4970703125,11.259395330939528,0,0,951,0.0,0.0,0.25,0.15,0.05,0.0,0.55,21,62.47021826182056,572.152853012085,79,1.5940088199663767,8059.30859375,11.086999598750051,0,0,952,0.0,0.0,0.3,0.15,0.05,0.0,0.5
953,AlwaysCompact_C128,3,COMPACT_128KB,-0.134875,-0.055,0.175105,0,21,62.47021826182056,572.152853012085,79,1.5940088199663767,8059.30859375,11.086999598750051,0,0,952,0.0,0.0,0.3,0.15,0.05,0.0,0.5,36,105.11359540213562,849.7340679168701,79,1.5946205235734772,8062.4013671875,10.795202766655885,0,0,953,0.0,0.0,0.3,0.1,0.05,0.05,0.5
954,AlwaysCompact_C128,3,COMPACT_128KB,-0.134875,-0.055,0.176807,0,36,105.11359540213562,849.7340679168701,79,1.5946205235734772,8062.4013671875,10.795202766655885,0,0,953,0.0,0.0,0.3,0.1,0.05,0.05,0.5,46,130.75913744424008,764.6551132202148,79,1.595395245129549,8066.318359375,10.43058826540373,0,0,954,0.0,0.0,0.3,0.15,0.05,0.05,0.45
955,AlwaysCompact_C128,3,COMPACT_128KB,-0.134875,-0.055,0.18066,0,46,130.75913744424008,764.6551132202148,79,1.595395245129549,8066.318359375,10.43058826540373,0,0,954,0.0,0.0,0.3,0.15,0.05,0.05,0.45,44,81.85764749507211,572.0076560974121,79,1.5961361655706092,8070.064453125,10.087565529559038,0,0,955,0.0,0.0,0.3,0.15,0.05,0.05,0.45
956,AlwaysCompact_C128,3,COMPACT_128KB,-0.134875,-0.055,0.180402,0,44,81.85764749507211,572.0076560974121,79,1.5961361655706092,8070.064453125,10.087565529559038,0,0,955,0.0,0.0,0.3,0.15,0.05,0.05,0.45,20,40.44318428904849,584.9196910858154,79,1.5964770739591574,8071.7880859375,9.931764262238937,0,0,956,0.0,0.0,0.25,0.15,0.05,0.05,0.5
957,AlwaysCompact_C128,3,COMPACT_128KB,-0.134875,-0.055,0.180383,0,20,40.44318428904849,584.9196910858154,79,1.5964770739591574,8071.7880859375,9.931764262238937,0,0,956,0.0,0.0,0.25,0.15,0.05,0.05,0.5,44,96.99989225117774,585.8478546142578,79,1.5972042808049842,8075.46484375,9.604057776869142,0,0,957,0.0,0.0,0.25,0.15,0.05,0.05,0.5
958,AlwaysCompact_C128,3,COMPACT_128KB,-0.134875,-0.055,0.182408,0,44,96.99989225117774,585.8478546142578,79,1.5972042808049842,8075.46484375,9.604057776869142,0,0,957,0.0,0.0,0.25,0.15,0.05,0.05,0.5,49,108.48761783302312,484.5912456512451,79,1.5980902563167523,8079.9443359375,9.21415533448035,0,0,958,0.0,0.0,0.2,0.2,0.05,0.05,0.5
959,AlwaysCompact_C128,3,COMPACT_128KB,-0.134875,-0.055,0.173411,0,49,108.48761783302312,484.5912456512451,79,1.5980902563167523,8079.9443359375,9.21415533448035,0,0,958,0.0,0.0,0.2,0.2,0.05,0.05,0.5,30,73.97557254601092,934.4677925109863,79,1.5985982387880735,8082.5126953125,8.995715565198472,0,0,959,0.0,0.0,0.2,0.2,0.1,0.05,0.45
960,AlwaysCompact_C128,3,COMPACT_128KB,-0.134875,-0.055,0.184539,0,30,73.97557254601092,934.4677925109863,79,1.5985982387880735,8082.5126953125,8.995715565198472,0,0,959,0.0,0.0,0.2,0.2,0.1,0.05,0.45,22,51.164456509926296,378.05867195129395,79,1.5989206048506726,8084.142578125,8.859188718035583,0,0,960,0.0,0.0,0.2,0.2,0.1,0.05,0.45
961,AlwaysCompact_C128,3,COMPACT_128KB,-0.134875,-0.055,0.184578,0,22,51.164456509926296,378.05867195129395,79,1.5989206048506726,8084.142578125,8.859188718035583,0,0,960,0.0,0.0,0.2,0.2,0.1,0.05,0.45,44,110.02830518276505,376.10626220703125,79,1.5996688649624209,8087.92578125,8.549049224412208,0,0,961,0.0,0.0,0.15,0.2,0.1,0.05,0.5
962,AlwaysCompact_C128,3,COMPACT_128KB,-0.134875,-0.055,0.179428,0,44,110.02830518276505,376.10626220703125,79,1.5996688649624209,8087.92578125,8.549049224412208,0,0,961,0.0,0.0,0.15,0.2,0.1,0.05,0.5,39,112.26924106425882,633.6243152618408,79,1.600336388696598,8091.30078125,8.281039403942943,0,0,962,0.0,0.0,0.2,0.2,0.05,0.05,0.5
963,AlwaysCompact_C128,3,COMPACT_128KB,-0.134875,-0.055,0.184796,0,39,112.26924106425882,633.6243152618408,79,1.600336388696598,8091.30078125,8.281039403942943,0,0,962,0.0,0.0,0.2,0.2,0.05,0.05,0.5,47,105.31426055961809,365.2060031890869,79,1.6011916534810127,8095.625,7.950962324475205,0,0,963,0.0,0.0,0.2,0.15,0.05,0.05,0.55
964,AlwaysCompact_C128,3,COMPACT_128KB,-0.134875,-0.055,0.179921,0,47,105.31426055961809,365.2060031890869,79,1.6011916534810127,8095.625,7.950962324475205,0,0,963,0.0,0.0,0.2,0.15,0.05,0.05,0.55,30,86.31741129645776,608.94775390625,79,1.6016980907585048,8098.185546875,7.763270653492452,0,0,964,0.0,0.0,0.2,0.15,0.05,0.05,0.55
965,AlwaysCompact_C128,3,COMPACT_128KB,-0.134875,-0.055,0.181297,0,30,86.31741129645776,608.94775390625,79,1.6016980907585048,8098.185546875,7.763270653492452,0,0,964,0.0,0.0,0.2,0.15,0.05,0.05,0.55,41,80.80147388076357,540.1692390441895,79,1.6026190262806566,8102.841796875,7.438434584384389,0,0,965,0.0,0.0,0.2,0.1,0.05,0.05,0.6
966,AlwaysCompact_C128,3,COMPACT_128KB,-0.134875,-0.055,0.178604,0,41,80.80147388076357,540.1692390441895,79,1.6026190262806566,8102.841796875,7.438434584384389,0,0,965,0.0,0.0,0.2,0.1,0.05,0.05,0.6,20,41.68223426023372,674.8208999633789,79,1.6026690519308742,8103.0947265625,7.421441143268584,0,0,966,0.0,0.0,0.25,0.1,0.05,0.05,0.55
967,AlwaysCompact_C128,3,COMPACT_128KB,-0.134875,-0.055,0.176102,0,20,41.68223426023372,674.8208999633789,79,1.6026690519308742,8103.0947265625,7.421441143268584,0,0,966,0.0,0.0,0.25,0.1,0.05,0.05,0.55,37,85.08009870413812,799.9100685119629,79,1.6033052854900118,8106.3115234375,7.211621209310073,0,0,967,0.0,0.0,0.3,0.1,0.05,0.05,0.5
968,AlwaysCompact_C128,3,COMPACT_128KB,-0.134875,-0.055,0.181273,0,37,85.08009870413812,799.9100685119629,79,1.6033052854900118,8106.3115234375,7.211621209310073,0,0,967,0.0,0.0,0.3,0.1,0.05,0.05,0.5,23,51.85989135489212,541.3687229156494,79,1.6036906182011472,8108.259765625,7.0905102221245615,0,0,968,0.0,0.0,0.25,0.1,0.05,0.05,0.55
969,AlwaysCompact_C128,3,COMPACT_128KB,-0.134875,-0.055,0.184306,0,23,51.85989135489212,541.3687229156494,79,1.6036906182011472,8108.259765625,7.0905102221245615,0,0,968,0.0,0.0,0.25,0.1,0.05,0.05,0.55,37,74.87038998983004,389.71877098083496,79,1.6043241476710839,8111.462890625,6.901910180663414,0,0,969,0.0,0.0,0.25,0.1,0.05,0.05,0.55
970,AlwaysCompact_C128,3,COMPACT_128KB,-0.134875,-0.055,0.18458,0,37,74.87038998983004,389.71877098083496,79,1.6043241476710839,8111.462890625,6.901910180663414,0,0,969,0.0,0.0,0.25,0.1,0.05,0.05,0.55,39,108.90945043882601,375.9903907775879,79,1.6049910919575752,8114.8349609375,6.718546117564501,0,0,970,0.0,0.0,0.2,0.1,0.05,0.05,0.6
971,AlwaysCompact_C128,3,COMPACT_128KB,-0.134875,-0.055,0.184352,0,39,108.90945043882601,375.9903907775879,79,1.6049910919575752,8114.8349609375,6.718546117564501,0,0,970,0.0,0.0,0.2,0.1,0.05,0.05,0.6,36,99.55458971916094,387.3920440673828,79,1.6056082037430774,8117.955078125,6.5638690675240525,0,0,971,0.0,0.0,0.2,0.1,0.05,0.05,0.6
972,AlwaysCompact_C128,3,COMPACT_128KB,-0.134875,-0.055,0.180901,0,36,99.55458971916094,387.3920440673828,79,1.6056082037430774,8117.955078125,6.5638690675240525,0,0,971,0.0,0.0,0.2,0.1,0.05,0.05,0.6,32,88.65798523266675,559.9551200866699,79,1.6061488284340388,8120.6884765625,6.4410452747646465,0,0,972,0.0,0.0,0.2,0.1,0.05,0.05,0.6
973,AlwaysCompact_C128,3,COMPACT_128KB,-0.134875,-0.055,0.184559,0,32,88.65798523266675,559.9551200866699,79,1.6061488284340388,8120.6884765625,6.4410452747646465,0,0,972,0.0,0.0,0.2,0.1,0.05,0.05,0.6,34,97.18101442658252,377.05183029174805,79,1.6070400189749803,8125.1943359375,6.266329075598223,0,0,973,0.0,0.0,0.2,0.1,0.05,0.0,0.65
974,AlwaysCompact_C128,3,COMPACT_128KB,-0.134875,-0.055,0.172601,0,34,97.18101442658252,377.05183029174805,79,1.6070400189749803,8125.1943359375,6.266329075598223,0,0,973,0.0,0.0,0.2,0.1,0.05,0.0,0.65,40,112.08430566012778,974.931001663208,79,1.6073998559879352,8127.013671875,6.206134089698923,0,0,974,0.0,0.0,0.2,0.05,0.1,0.0,0.65
975,AlwaysCompact_C128,3,COMPACT_128KB,-0.134875,-0.055,0.18462,0,40,112.08430566012778,974.931001663208,79,1.6073998559879352,8127.013671875,6.206134089698923,0,0,974,0.0,0.0,0.2,0.05,0.1,0.0,0.65,24,55.08100790676042,374.01318550109863,79,1.607809525501879,8129.0849609375,6.145189629759956,0,0,975,0.0,0.0,0.2,0.05,0.1,0.0,0.65
976,AlwaysCompact_C128,3,COMPACT_128KB,-0.134875,-0.055,0.184424,0,24,55.08100790676042,374.01318550109863,79,1.607809525501879,8129.0849609375,6.145189629759956,0,0,975,0.0,0.0,0.2,0.05,0.1,0.0,0.65,32,91.53721839996072,383.7883472442627,79,1.6083524679835839,8131.830078125,6.077260176186852,0,0,976,0.0,0.0,0.2,0.05,0.1,0.0,0.65
977,AlwaysCompact_C128,3,COMPACT_128KB,-0.134875,-0.055,0.184693,0,32,91.53721839996072,383.7883472442627,79,1.6083524679835839,8131.830078125,6.077260176186852,0,0,976,0.0,0.0,0.2,0.05,0.1,0.0,0.65,26,75.77800801474814,370.37110328674316,79,1.608797870104826,8134.08203125,6.032779641553943,0,0,977,0.0,0.0,0.2,0.05,0.1,0.0,0.65
978,AlwaysCompact_C128,3,COMPACT_128KB,-0.134875,-0.055,0.184471,0,26,75.77800801474814,370.37110328674316,79,1.608797870104826,8134.08203125,6.032779641553943,0,0,977,0.0,0.0,0.2,0.05,0.1,0.0,0.65,42,124.24525918522943,381.44803047180176,79,1.6095150331907635,8137.7080078125,5.983050583747713,0,0,978,0.0,0.0,0.2,0.0,0.1,0.0,0.7
979,AlwaysCompact_C128,3,COMPACT_128KB,-0.135,-0.055,0.173507,0,42,124.24525918522943,381.44803047180176,79,1.6095150331907635,8137.7080078125,5.983050583747713,0,0,978,0.0,0.0,0.2,0.0,0.1,0.0,0.7,45,130.58818889738365,924.6604442596436,80,1.5907022476196289,8144.3955078125,12.301080028410249,0,0,979,0.0,0.0,0.2,0.0,0.1,0.0,0.7
980,AlwaysCompact_C128,3,COMPACT_128KB,-0.135,-0.055,0.184217,0,45,130.58818889738365,924.6604442596436,80,1.5907022476196289,8144.3955078125,12.301080028410249,0,0,979,0.0,0.0,0.2,0.0,0.1,0.0,0.7,37,106.67914642521046,389.1444206237793,80,1.5913461685180663,8147.6923828125,11.979709581784736,0,0,980,0.0,0.0,0.2,0.0,0.1,0.0,0.7
981,AlwaysCompact_C128,3,COMPACT_128KB,-0.135,-0.055,0.17372,0,37,106.67914642521046,389.1444206237793,80,1.5913461685180663,8147.6923828125,11.979709581784736,0,0,980,0.0,0.0,0.2,0.0,0.1,0.0,0.7,22,63.09345863407243,914.0005111694336,80,1.5917133331298827,8149.572265625,11.797700330759232,0,0,981,0.0,0.0,0.2,0.0,0.15,0.0,0.65
982,AlwaysCompact_C128,3,COMPACT_128KB,-0.135,-0.055,0.184641,0,22,63.09345863407243,914.0005111694336,80,1.5917133331298827,8149.572265625,11.797700330759232,0,0,981,0.0,0.0,0.2,0.0,0.15,0.0,0.65,32,90.4977921320473,367.9513931274414,80,1.5922512054443358,8152.326171875,11.532798178168141,0,0,982,0.0,0.0,0.15,0.0,0.15,0.0,0.7
983,AlwaysCompact_C128,3,COMPACT_128KB,-0.135,-0.055,0.18474,0,32,90.4977921320473,367.9513931274414,80,1.5922512054443358,8152.326171875,11.532798178168141,0,0,982,0.0,0.0,0.15,0.0,0.15,0.0,0.7,28,81.60147193294034,362.98298835754395,80,1.5927242279052733,8154.748046875,11.301635532010893,0,0,983,0.0,0.0,0.15,0.0,0.15,0.0,0.7
984,AlwaysCompact_C128,3,COMPACT_128KB,-0.135,-0.055,0.182397,0,28,81.60147193294034,362.98298835754395,80,1.5927242279052733,8154.748046875,11.301635532010893,0,0,983,0.0,0.0,0.15,0.0,0.15,0.0,0.7,27,77.6726159366911,480.1609516143799,80,1.5931713104248046,8157.037109375,11.084798479849509,0,0,984,0.0,0.0,0.15,0.0,0.15,0.0,0.7
985,AlwaysCompact_C128,3,COMPACT_128KB,-0.135,-0.055,0.184222,0,27,77.6726159366911,480.1609516143799,80,1.5931713104248046,8157.037109375,11.084798479849509,0,0,984,0.0,0.0,0.15,0.0,0.15,0.0,0.7,33,89.35965684742777,388.8981342315674,80,1.593724822998047,8159.87109375,10.818709037981112,0,0,985,0.0,0.0,0.15,0.0,0.15,0.0,0.7
986,AlwaysCompact_C128,3,COMPACT_128KB,-0.135,-0.055,0.184413,0,33,89.35965684742777,388.8981342315674,80,1.593724822998047,8159.87109375,10.818709037981112,0,0,985,0.0,0.0,0.15,0.0,0.15,0.0,0.7,49,141.40551459837693,379.32682037353516,80,1.5945466995239257,8164.0791015625,10.42884484999743,0,0,986,0.0,0.0,0.1,0.0,0.15,0.0,0.75
987,AlwaysCompact_C128,3,COMPACT_128KB,-0.135,-0.055,0.170634,0,49,141.40551459837693,379.32682037353516,80,1.5945466995239257,8164.0791015625,10.42884484999743,0,0,986,0.0,0.0,0.1,0.0,0.15,0.0,0.75,33,93.66733392073347,1068.2933330535889,80,1.5951644897460937,8167.2421875,10.140294114080582,0,0,987,0.0,0.0,0.05,0.0,0.2,0.0,0.75
988,AlwaysCompact_C128,3,COMPACT_128KB,-0.135,-0.055,0.183912,0,33,93.66733392073347,1068.2933330535889,80,1.5951644897460937,8167.2421875,10.140294114080582,0,0,987,0.0,0.0,0.05,0.0,0.2,0.0,0.75,36,97.33872431718788,404.386043548584,80,1.5957292556762694,8170.1337890625,9.880211881460436,0,0,988,0.0,0.0,0.05,0.0,0.2,0.0,0.75
989,AlwaysCompact_C128,3,COMPACT_128KB,-0.135,-0.055,0.182009,0,36,97.33872431718788,404.386043548584,80,1.5957292556762694,8170.1337890625,9.880211881460436,0,0,988,0.0,0.0,0.05,0.0,0.2,0.0,0.75,35,99.76766739725096,499.53651428222656,80,1.596320343017578,8173.16015625,9.612117742063644,0,0,989,0.0,0.0,0.05,0.0,0.2,0.05,0.7
990,AlwaysCompact_C128,3,COMPACT_128KB,-0.135,-0.055,0.181639,0,35,99.76766739725096,499.53651428222656,80,1.596320343017578,8173.16015625,9.612117742063644,0,0,989,0.0,0.0,0.05,0.0,0.2,0.05,0.7,27,65.9729178657731,518.0404186248779,80,1.596769142150879,8175.4580078125,9.411584391729567,0,0,990,0.0,0.0,0.05,0.0,0.2,0.1,0.65
991,AlwaysCompact_C128,3,COMPACT_128KB,-0.135,-0.055,0.184238,0,27,65.9729178657731,518.0404186248779,80,1.596769142150879,8175.4580078125,9.411584391729567,0,0,990,0.0,0.0,0.05,0.0,0.2,0.1,0.65,44,117.52341943043456,388.1185054779053,80,1.597504234313965,8179.2216796875,9.089260315282342,0,0,991,0.0,0.0,0.05,0.0,0.2,0.1,0.65
992,AlwaysCompact_C128,3,COMPACT_128KB,-0.135,-0.055,0.184597,0,44,117.52341943043456,388.1185054779053,80,1.597504234313965,8179.2216796875,9.089260315282342,0,0,991,0.0,0.0,0.05,0.0,0.2,0.1,0.65,44,125.71851627806537,370.1655864715576,80,1.5982458114624023,8183.0185546875,8.772548550558879,0,0,992,0.0,0.0,0.0,0.0,0.2,0.1,0.7
993,AlwaysCompact_C128,3,COMPACT_128KB,-0.135,-0.055,0.184646,0,44,125.71851627806537,370.1655864715576,80,1.5982458114624023,8183.0185546875,8.772548550558879,0,0,992,0.0,0.0,0.0,0.0,0.2,0.1,0.7,37,107.12089071117461,367.6776885986328,80,1.598839569091797,8186.05859375,8.525725490281355,0,0,993,0.0,0.0,0.0,0.0,0.2,0.1,0.7
994,AlwaysCompact_C128,3,COMPACT_128KB,-0.135,-0.055,0.173571,0,37,107.12089071117461,367.6776885986328,80,1.598839569091797,8186.05859375,8.525725490281355,0,0,993,0.0,0.0,0.0,0.0,0.2,0.1,0.7,39,110.54178619432714,921.4391708374023,80,1.5994972229003905,8189.42578125,8.260060199824855,0,0,994,0.0,0.0,0.0,0.0,0.2,0.1,0.7
995,AlwaysCompact_C128,3,COMPACT_128KB,-0.135,-0.055,0.184229,0,39,110.54178619432714,921.4391708374023,80,1.5994972229003905,8189.42578125,8.260060199824855,0,0,994,0.0,0.0,0.0,0.0,0.2,0.1,0.7,27,74.93282816218853,388.552188873291,80,1.5999496459960938,8191.7421875,8.08241210763056,0,0,995,0.0,0.0,0.0,0.0,0.2,0.1,0.7
996,AlwaysCompact_C128,3,COMPACT_128KB,-0.135,-0.055,0.173967,0,27,74.93282816218853,388.552188873291,80,1.5999496459960938,8191.7421875,8.08241210763056,0,0,995,0.0,0.0,0.0,0.0,0.2,0.1,0.7,30,83.02631483445099,901.665210723877,80,1.600455093383789,8194.330078125,7.889269021457296,0,0,996,0.0,0.0,0.0,0.0,0.25,0.1,0.65
997,AlwaysCompact_C128,3,COMPACT_128KB,-0.135,-0.055,0.184356,0,30,83.02631483445099,901.665210723877,80,1.600455093383789,8194.330078125,7.889269021457296,0,0,996,0.0,0.0,0.0,0.0,0.25,0.1,0.65,42,95.26173772961596,382.19642639160156,80,1.6011558532714845,8197.91796875,7.631559495003945,0,0,997,0.0,0.0,0.0,0.0,0.25,0.1,0.65
998,AlwaysCompact_C128,3,COMPACT_128KB,-0.135,-0.055,0.184672,0,42,95.26173772961596,382.19642639160156,80,1.6011558532714845,8197.91796875,7.631559495003945,0,0,997,0.0,0.0,0.0,0.0,0.25,0.1,0.65,31,87.19773755929216,366.4202690124512,80,1.6016805648803711,8200.6044921875,7.446905728777269,0,0,998,0.0,0.0,0.0,0.0,0.25,0.1,0.65
999,AlwaysCompact_C128,3,COMPACT_128KB,-0.135,-0.055,0.184696,0,31,87.19773755929216,366.4202690124512,80,1.6016805648803711,8200.6044921875,7.446905728777269,0,0,998,0.0,0.0,0.0,0.0,0.25,0.1,0.65,44,122.3568549242585,365.2174472808838,80,1.6024188995361328,8204.384765625,7.200286967918909,0,0,999,0.0,0.0,0.0,0.0,0.2,0.1,0.7
1000,AlwaysCompact_C128,3,COMPACT_128KB,-0.135,-0.055,0.181591,1,44,122.3568549242585,365.2174472808838,80,1.6024188995361328,8204.384765625,7.200286967918909,0,0,999,0.0,0.0,0.0,0.0,0.2,0.1,0.7,44,128.70557254123057,520.4262733459473,80,1.6031471252441407,8208.11328125,6.973612800642417,0,0,1000,0.0,0.0,0.05,0.0,0.2,0.1,0.65
