step,policy_name,action,action_name,compact_reward,partition_reward,global_reward,done,rows_ingested,ingestion_rate_rows_per_sec,latency_ms,file_count,block_utilization,total_size_kb,file_size_skew_kb,partition_strategy,steps_since_compact,steps_since_partition_change,partition_pruning_ratio,avg_pruning_ratio,query_hist_time_range,query_hist_region_filter,query_hist_sensor_lookup,query_hist_type_filter,query_hist_full_scan,next_rows_ingested,next_ingestion_rate_rows_per_sec,next_latency_ms,next_file_count,next_block_utilization,next_total_size_kb,next_file_size_skew_kb,next_partition_strategy,next_steps_since_compact,next_steps_since_partition_change,next_partition_pruning_ratio,next_avg_pruning_ratio,next_query_hist_time_range,next_query_hist_region_filter,next_query_hist_sensor_lookup,next_query_hist_type_filter,next_query_hist_full_scan
1,adaptive_mlp_ppo_seed4,0,NOOP,0.018936,0.0,0.017472,0,0,0.0,0.0,0,0.0,0.0,0.0,0,0,0,0.0,0.0,0.0,0.0,0.0,0.0,0.0,38,233.2777916822177,74.47004318237305,1,0.095306396484375,6.099609375,0.0,0,1,1,0.0,0.0,1.0,0.0,0.0,0.0,0.0
2,adaptive_mlp_ppo_seed4,0,NOOP,0.019966,0.0,0.01846,0,38,233.2777916822177,74.47004318237305,1,0.095306396484375,6.099609375,0.0,0,1,1,0.0,0.0,1.0,0.0,0.0,0.0,0.0,47,280.2435601451171,77.84008979797363,2,0.10108184814453125,12.9384765625,0.5227342122638833,0,2,2,0.0,0.0,1.0,0.0,0.0,0.0,0.0
3,adaptive_mlp_ppo_seed4,0,NOOP,0.019833,0.0,0.018546,0,47,280.2435601451171,77.84008979797363,2,0.10108184814453125,12.9384765625,0.5227342122638833,0,2,2,0.0,0.0,1.0,0.0,0.0,0.0,0.0,42,248.9324298926752,68.07827949523926,3,0.10103861490885417,19.3994140625,0.36965997347836393,0,3,3,0.0,0.0,0.6666666666666666,0.3333333333333333,0.0,0.0,0.0
4,adaptive_mlp_ppo_seed4,0,NOOP,0.019088,0.0,0.017522,0,42,248.9324298926752,68.07827949523926,3,0.10103861490885417,19.3994140625,0.36965997347836393,0,3,3,0.0,0.0,0.6666666666666666,0.3333333333333333,0.0,0.0,0.0,33,197.8776210429703,83.28723907470703,4,0.09793853759765625,25.072265625,0.4985550027422023,0,4,4,0.0,0.0,0.75,0.25,0.0,0.0,0.0
5,adaptive_mlp_ppo_seed4,0,NOOP,0.018964,0.0,0.017776,0,33,197.8776210429703,83.28723907470703,4,0.09793853759765625,25.072265625,0.4985550027422023,0,4,4,0.0,0.0,0.75,0.25,0.0,0.0,0.0,40,243.44795762896322,65.68598747253418,5,0.0979461669921875,31.3427734375,0.4317626780563062,0,5,5,0.0,0.0,0.6,0.2,0.0,0.0,0.2
6,adaptive_mlp_ppo_seed4,0,NOOP,0.019084,0.0,0.017027,0,40,243.44795762896322,65.68598747253418,5,0.0979461669921875,31.3427734375,0.4317626780563062,0,5,5,0.0,0.0,0.6,0.2,0.0,0.0,0.2,45,255.47953252786343,110.32247543334961,6,0.09916941324869792,38.0810546875,0.4311717160438834,0,6,6,0.0,0.0,0.5,0.16666666666666666,0.0,0.0,0.3333333333333333
7,adaptive_mlp_ppo_seed4,0,NOOP,0.019323,0.0,0.017937,0,45,255.47953252786343,110.32247543334961,6,0.09916941324869792,38.0810546875,0.4311717160438834,0,6,6,0.0,0.0,0.5,0.16666666666666666,0.0,0.0,0.3333333333333333,50,250.49623805092935,78.01938056945801,7,0.10098920549665179,45.2431640625,0.49987564356984393,0,7,7,0.0,0.0,0.42857142857142855,0.14285714285714285,0.0,0.14285714285714285,0.2857142857142857
8,adaptive_mlp_ppo_seed4,0,NOOP,0.019428,0.0,0.017285,0,50,250.49623805092935,78.01938056945801,7,0.10098920549665179,45.2431640625,0.49987564356984393,0,7,7,0.0,0.0,0.42857142857142855,0.14285714285714285,0.0,0.14285714285714285,0.2857142857142857,49,303.6768438550478,117.12932586669922,8,0.10214042663574219,52.2958984375,0.5075498970892635,0,8,8,0.0,0.0,0.5,0.125,0.0,0.125,0.25
9,adaptive_mlp_ppo_seed4,0,NOOP,0.019485,0.0,0.017947,0,49,303.6768438550478,117.12932586669922,8,0.10214042663574219,52.2958984375,0.5075498970892635,0,8,8,0.0,0.0,0.5,0.125,0.0,0.125,0.25,49,296.6435717162153,88.15550804138184,9,0.10304938422309028,59.3564453125,0.5058292361936179,0,9,9,0.0,0.0,0.4444444444444444,0.1111111111111111,0.0,0.2222222222222222,0.2222222222222222
10,adaptive_mlp_ppo_seed4,0,NOOP,0.019201,0.0,0.016743,0,49,296.6435717162153,88.15550804138184,9,0.10304938422309028,59.3564453125,0.5058292361936179,0,9,9,0.0,0.0,0.4444444444444444,0.1111111111111111,0.0,0.2222222222222222,0.2222222222222222,38,230.24386410454207,135.41364669799805,10,0.1022552490234375,65.443359375,0.5032548293309267,0,10,10,0.0,0.0,0.5,0.1,0.0,0.2,0.2
11,adaptive_mlp_ppo_seed4,0,NOOP,0.018801,0.0,0.016584,0,38,230.24386410454207,135.41364669799805,10,0.1022552490234375,65.443359375,0.5032548293309267,0,10,10,0.0,0.0,0.5,0.1,0.0,0.2,0.2,32,189.9930326215434,124.59373474121094,11,0.10088140314275568,71.0205078125,0.5594461019031366,0,11,11,0.0,0.0,0.5454545454545454,0.09090909090909091,0.0,0.18181818181818182,0.18181818181818182
12,adaptive_mlp_ppo_seed4,0,NOOP,0.018443,0.0,0.015969,0,32,189.9930326215434,124.59373474121094,11,0.10088140314275568,71.0205078125,0.5594461019031366,0,11,11,0.0,0.0,0.5454545454545454,0.09090909090909091,0.0,0.18181818181818182,0.18181818181818182,32,185.40306441007618,138.7038230895996,12,0.0997149149576823,76.5810546875,0.5927968321723742,0,12,12,0.0,0.0,0.5833333333333334,0.08333333333333333,0.0,0.16666666666666666,0.16666666666666666
13,adaptive_mlp_ppo_seed4,0,NOOP,0.018123,0.0,0.01633,0,32,185.40306441007618,138.7038230895996,12,0.0997149149576823,76.5810546875,0.5927968321723742,0,12,12,0.0,0.0,0.5833333333333334,0.08333333333333333,0.0,0.16666666666666666,0.16666666666666666,32,197.25398754612885,105.90529441833496,13,0.09874197152944711,82.1533203125,0.6103520633010766,0,13,13,0.0,0.0,0.5384615384615384,0.07692307692307693,0.0,0.23076923076923078,0.15384615384615385
14,adaptive_mlp_ppo_seed4,0,NOOP,0.018018,0.0,0.015608,0,32,197.25398754612885,105.90529441833496,13,0.09874197152944711,82.1533203125,0.6103520633010766,0,13,13,0.0,0.0,0.5384615384615384,0.07692307692307693,0.0,0.23076923076923078,0.15384615384615385,41,254.47747805073672,137.97283172607422,14,0.09883771623883929,88.55859375,0.5868553401060896,0,14,14,0.0,0.0,0.5714285714285714,0.07142857142857142,0.0,0.21428571428571427,0.14285714285714285
15,adaptive_mlp_ppo_seed4,0,NOOP,0.017757,0.0,0.015152,0,41,254.47747805073672,137.97283172607422,14,0.09883771623883929,88.55859375,0.5868553401060896,0,14,14,0.0,0.0,0.5714285714285714,0.07142857142857142,0.0,0.21428571428571427,0.14285714285714285,33,203.95892294294214,148.9558219909668,15,0.09815775553385417,94.2314453125,0.5900896717613359,0,15,15,0.0,0.0,0.6,0.06666666666666667,0.0,0.2,0.13333333333333333
16,adaptive_mlp_ppo_seed4,0,NOOP,0.017807,0.0,0.01536,0,33,203.95892294294214,148.9558219909668,15,0.09815775553385417,94.2314453125,0.5900896717613359,0,15,15,0.0,0.0,0.6,0.06666666666666667,0.0,0.2,0.13333333333333333,50,307.0644598282789,142.3332691192627,16,0.09903335571289062,101.41015625,0.6125658791334065,0,16,16,0.0,0.0,0.625,0.0625,0.0,0.1875,0.125
17,adaptive_mlp_ppo_seed4,0,NOOP,0.017735,0.0,0.016049,0,50,307.0644598282789,142.3332691192627,16,0.09903335571289062,101.41015625,0.6125658791334065,0,16,16,0.0,0.0,0.625,0.0625,0.0,0.1875,0.125,44,262.8593957418201,105.5138111114502,17,0.09929881376378677,108.037109375,0.5972365299197724,0,17,17,0.0,0.0,0.5882352941176471,0.058823529411764705,0.0,0.17647058823529413,0.17647058823529413
18,adaptive_mlp_ppo_seed4,1,COMPACT_32KB,0.42681,-0.045,0.057449,0,44,262.8593957418201,105.5138111114502,17,0.09929881376378677,108.037109375,0.5972365299197724,0,17,17,0.0,0.0,0.5882352941176471,0.058823529411764705,0.0,0.17647058823529413,0.17647058823529413,49,283.70092818057833,63.97104263305664,4,0.2956428527832031,75.6845703125,2.9401498705969473,0,0,18,0.0,0.0,0.5555555555555556,0.1111111111111111,0.0,0.16666666666666666,0.16666666666666666
19,adaptive_mlp_ppo_seed4,0,NOOP,0.050471,0.0,0.048335,0,49,283.70092818057833,63.97104263305664,4,0.2956428527832031,75.6845703125,2.9401498705969473,0,0,18,0.0,0.0,0.5555555555555556,0.1111111111111111,0.0,0.16666666666666666,0.16666666666666666,38,223.35702414018292,113.05785179138184,5,0.25548095703125,81.75390625,6.286266597256357,0,1,19,0.0,0.0,0.5789473684210527,0.10526315789473684,0.0,0.15789473684210525,0.15789473684210525
20,adaptive_mlp_ppo_seed4,0,NOOP,0.04547,0.0,0.043377,0,38,223.35702414018292,113.05785179138184,5,0.25548095703125,81.75390625,6.286266597256357,0,1,19,0.0,0.0,0.5789473684210527,0.10526315789473684,0.0,0.15789473684210525,0.15789473684210525,48,281.70330611353955,112.13922500610352,6,0.23109944661458334,88.7421875,6.798758653393388,0,2,20,0.0,0.0,0.6,0.1,0.0,0.15,0.15
21,adaptive_mlp_ppo_seed4,4,PARTITION_HOUR,-0.140685,-0.1,0.039719,0,48,281.70330611353955,112.13922500610352,6,0.23109944661458334,88.7421875,6.798758653393388,0,2,20,0.0,0.0,0.6,0.1,0.0,0.15,0.15,30,177.10188742980196,79.46467399597168,7,0.21004159109933035,94.0986328125,7.157749995301138,1,3,0,0.0,0.0,0.55,0.1,0.0,0.2,0.15
22,adaptive_mlp_ppo_seed4,0,NOOP,0.038275,-0.021247,0.048931,0,30,177.10188742980196,79.46467399597168,7,0.21004159109933035,94.0986328125,7.157749995301138,1,3,0,0.0,0.0,0.55,0.1,0.0,0.2,0.15,42,241.6945546245697,119.80700492858887,8,0.19637680053710938,100.544921875,7.073399747240786,1,4,1,0.042838137472283815,0.002141906873614191,0.55,0.1,0.0,0.2,0.15
23,adaptive_mlp_ppo_seed4,0,NOOP,0.035789,-0.007626,0.051406,0,42,241.6945546245697,119.80700492858887,8,0.19637680053710938,100.544921875,7.073399747240786,1,4,1,0.042838137472283815,0.002141906873614191,0.55,0.1,0.0,0.2,0.15,34,194.1841780968345,143.89944076538086,9,0.18457200792100695,106.3134765625,6.993995619312912,1,5,2,0.0608974358974359,0.005186778668485987,0.55,0.05,0.05,0.2,0.15
24,adaptive_mlp_ppo_seed4,0,NOOP,0.034178,0.027815,0.06618,0,34,194.1841780968345,143.89944076538086,9,0.18457200792100695,106.3134765625,6.993995619312912,1,5,2,0.0608974358974359,0.005186778668485987,0.55,0.05,0.05,0.2,0.15,48,247.96266641048473,151.4441967010498,10,0.17714080810546876,113.3701171875,6.7633415905027965,1,6,3,0.1159349593495935,0.01098352663596566,0.55,0.05,0.05,0.2,0.15
25,adaptive_mlp_ppo_seed4,0,NOOP,0.032858,-0.033172,0.031185,0,48,247.96266641048473,151.4441967010498,10,0.17714080810546876,113.3701171875,6.7633415905027965,1,6,3,0.1159349593495935,0.01098352663596566,0.55,0.05,0.05,0.2,0.15,50,278.22063141025217,97.42140769958496,11,0.17116615988991477,120.5009765625,6.540401247700189,1,7,4,0.0,0.01098352663596566,0.55,0.1,0.05,0.2,0.1
26,adaptive_mlp_ppo_seed4,0,NOOP,0.031461,0.072118,0.083733,0,50,278.22063141025217,97.42140769958496,11,0.17116615988991477,120.5009765625,6.540401247700189,1,7,4,0.0,0.01098352663596566,0.55,0.1,0.05,0.2,0.1,38,210.45289277150434,130.50150871276855,12,0.16480255126953125,126.568359375,6.393628047579082,1,8,5,0.18194029850746268,0.020080541561338795,0.6,0.1,0.05,0.2,0.05
27,adaptive_mlp_ppo_seed4,0,NOOP,0.030234,-0.027547,0.028389,0,38,210.45289277150434,130.50150871276855,12,0.16480255126953125,126.568359375,6.393628047579082,1,8,5,0.18194029850746268,0.020080541561338795,0.6,0.1,0.05,0.2,0.05,37,205.892281157959,108.5042953491211,13,0.15929706280048078,132.53515625,6.25187235931998,1,9,6,0.0,0.020080541561338795,0.6,0.15,0.05,0.15,0.05
28,adaptive_mlp_ppo_seed4,0,NOOP,0.029132,-0.025175,0.027704,0,37,205.892281157959,108.5042953491211,13,0.15929706280048078,132.53515625,6.25187235931998,1,9,6,0.0,0.020080541561338795,0.6,0.15,0.05,0.15,0.05,35,194.52398809539585,88.8662338256836,14,0.15440804617745535,138.349609375,6.119637546936935,1,10,7,0.0,0.020080541561338795,0.55,0.15,0.05,0.15,0.1
29,adaptive_mlp_ppo_seed4,0,NOOP,0.028233,-0.022697,0.026304,0,35,194.52398809539585,88.8662338256836,14,0.15440804617745535,138.349609375,6.119637546936935,1,10,7,0.0,0.020080541561338795,0.55,0.15,0.05,0.15,0.1,39,216.60146027155648,115.20576477050781,15,0.15053914388020834,144.517578125,5.974497895274158,1,11,8,0.0,0.020080541561338795,0.55,0.2,0.05,0.1,0.1
30,adaptive_mlp_ppo_seed4,0,NOOP,0.027585,-0.019862,0.025116,0,39,216.60146027155648,115.20576477050781,15,0.15053914388020834,144.517578125,5.974497895274158,1,11,8,0.0,0.020080541561338795,0.55,0.2,0.05,0.1,0.1,48,273.6877055275439,143.43881607055664,16,0.14792537689208984,151.4755859375,5.810568889672385,1,12,9,0.0,0.020080541561338795,0.5,0.2,0.05,0.15,0.1
31,adaptive_mlp_ppo_seed4,0,NOOP,0.026908,0.150336,0.1137,0,48,273.6877055275439,143.43881607055664,16,0.14792537689208984,151.4755859375,5.810568889672385,1,12,9,0.0,0.020080541561338795,0.5,0.2,0.05,0.15,0.1,42,220.99876554361245,158.79011154174805,17,0.14516404095818014,157.9384765625,5.673048892249243,1,13,10,0.29847604084838963,0.03500434360375827,0.5,0.2,0.05,0.15,0.1
32,adaptive_mlp_ppo_seed4,1,COMPACT_32KB,0.494691,-0.045,0.125541,0,42,220.99876554361245,158.79011154174805,17,0.14516404095818014,157.9384765625,5.673048892249243,1,13,10,0.29847604084838963,0.03500434360375827,0.5,0.2,0.05,0.15,0.1,39,215.140887694669,52.126407623291016,3,0.6344197591145834,121.80859375,31.402916959461358,1,0,11,0.0,0.03500434360375827,0.45,0.2,0.05,0.15,0.15
33,adaptive_mlp_ppo_seed4,0,NOOP,0.099503,0.5175,0.37357,0,39,215.140887694669,52.126407623291016,3,0.6344197591145834,121.80859375,31.402916959461358,1,0,11,0.0,0.03500434360375827,0.45,0.2,0.05,0.15,0.15,39,234.80299715786754,101.63140296936035,4,0.5000152587890625,128.00390625,30.8771550794495,1,1,12,0.92,0.08100434360375827,0.5,0.2,0.05,0.1,0.15
34,adaptive_mlp_ppo_seed4,0,NOOP,0.083703,0.5175,0.357485,0,39,234.80299715786754,101.63140296936035,4,0.5000152587890625,128.00390625,30.8771550794495,1,1,12,0.92,0.08100434360375827,0.5,0.2,0.05,0.1,0.15,47,288.9540988556595,117.16222763061523,5,0.4216400146484375,134.9248046875,28.99743252602722,1,2,13,0.92,0.12700434360375829,0.5,0.2,0.05,0.1,0.15
35,adaptive_mlp_ppo_seed4,0,NOOP,0.072383,0.5175,0.346263,0,47,288.9540988556595,117.16222763061523,5,0.4216400146484375,134.9248046875,28.99743252602722,1,2,13,0.92,0.12700434360375829,0.5,0.2,0.05,0.1,0.15,31,182.485942692895,113.5246753692627,6,0.3656667073567708,140.416015625,27.38024389941802,1,3,14,0.92,0.17300434360375827,0.5,0.2,0.05,0.1,0.15
36,adaptive_mlp_ppo_seed4,0,NOOP,0.064739,0.0,0.063178,0,31,182.485942692895,113.5246753692627,6,0.3656667073567708,140.416015625,27.38024389941802,1,3,14,0.92,0.17300434360375827,0.5,0.2,0.05,0.1,0.15,43,248.18264407880523,86.80200576782227,7,0.32806832449776785,146.974609375,25.79269864415114,1,4,15,0.0,0.17300434360375827,0.45,0.2,0.05,0.15,0.15
37,adaptive_mlp_ppo_seed4,0,NOOP,0.058831,0.0,0.057379,0,43,248.18264407880523,86.80200576782227,7,0.32806832449776785,146.974609375,25.79269864415114,1,4,15,0.0,0.17300434360375827,0.45,0.2,0.05,0.15,0.15,39,230.2557874378183,82.57460594177246,8,0.29915428161621094,153.1669921875,24.446276882355445,1,5,16,0.0,0.17300434360375827,0.45,0.25,0.05,0.15,0.1
38,adaptive_mlp_ppo_seed4,0,NOOP,0.054105,0.0,0.052773,0,39,230.2557874378183,82.57460594177246,8,0.29915428161621094,153.1669921875,24.446276882355445,1,5,16,0.0,0.17300434360375827,0.45,0.25,0.05,0.15,0.1,36,212.2763734108613,77.87775993347168,9,0.2761518690321181,159.0634765625,23.289977330866108,1,6,17,0.0,0.17300434360375827,0.45,0.2,0.05,0.15,0.15
39,adaptive_mlp_ppo_seed4,0,NOOP,0.050258,0.0,0.049011,0,36,212.2763734108613,77.87775993347168,9,0.2761518690321181,159.0634765625,23.289977330866108,1,6,17,0.0,0.17300434360375827,0.45,0.2,0.05,0.15,0.15,34,203.09721743539203,74.87344741821289,10,0.25754241943359374,164.8271484375,22.278661106029322,1,7,18,0.0,0.17300434360375827,0.4,0.2,0.05,0.15,0.2
40,adaptive_mlp_ppo_seed4,0,NOOP,0.047274,0.5175,0.319795,0,34,203.09721743539203,74.87344741821289,10,0.25754241943359374,164.8271484375,22.278661106029322,1,7,18,0.0,0.17300434360375827,0.4,0.2,0.05,0.15,0.2,41,236.10577954128883,187.68882751464844,11,0.2432431307705966,171.2431640625,21.35222357138412,1,8,19,0.92,0.21900434360375826,0.4,0.2,0.05,0.15,0.2
41,adaptive_mlp_ppo_seed4,0,NOOP,0.044557,0.5175,0.318184,0,41,236.10577954128883,187.68882751464844,11,0.2432431307705966,171.2431640625,21.35222357138412,1,8,19,0.92,0.21900434360375826,0.4,0.2,0.05,0.15,0.2,32,185.95301912070525,133.65936279296875,12,0.23028691609700522,176.8603515625,20.560185726026276,1,9,20,0.92,0.26500434360375824,0.45,0.2,0.05,0.1,0.2
42,adaptive_mlp_ppo_seed4,0,NOOP,0.042442,0.516965,0.315958,0,32,185.95301912070525,133.65936279296875,12,0.23028691609700522,176.8603515625,20.560185726026276,1,9,20,0.92,0.26500434360375824,0.45,0.2,0.05,0.1,0.2,42,250.1381149414842,140.46955108642578,13,0.2203345665564904,183.318359375,19.818391519017986,1,10,21,0.92,0.3088624367301441,0.45,0.2,0.05,0.1,0.2
43,adaptive_mlp_ppo_seed4,0,NOOP,0.040504,0.516739,0.314001,0,42,250.1381149414842,140.46955108642578,13,0.2203345665564904,183.318359375,19.818391519017986,1,10,21,0.92,0.3088624367301441,0.45,0.2,0.05,0.1,0.2,37,215.76867772743137,142.6548957824707,14,0.2112699236188616,189.2978515625,19.16422441570962,1,11,22,0.92,0.3518175649352723,0.5,0.2,0.0,0.1,0.2
44,adaptive_mlp_ppo_seed4,0,NOOP,0.039002,0.516051,0.31247,0,37,215.76867772743137,142.6548957824707,14,0.2112699236188616,189.2978515625,19.16422441570962,1,11,22,0.92,0.3518175649352723,0.5,0.2,0.0,0.1,0.2,47,273.5129741294388,145.3263759613037,15,0.20438435872395833,196.208984375,18.54580914549802,1,12,23,0.92,0.3920208169677926,0.5,0.2,0.0,0.1,0.2
45,adaptive_mlp_ppo_seed4,0,NOOP,0.0375,0.0,0.035238,0,47,273.5129741294388,145.3263759613037,15,0.20438435872395833,196.208984375,18.54580914549802,1,12,23,0.92,0.3920208169677926,0.5,0.2,0.0,0.1,0.2,37,221.255466543485,133.1460475921631,16,0.19750213623046875,202.2421875,18.00337041100367,1,13,24,0.0,0.3920208169677926,0.5,0.2,0.0,0.1,0.2
46,adaptive_mlp_ppo_seed4,0,NOOP,0.036348,0.515226,0.309645,0,37,221.255466543485,133.1460475921631,16,0.19750213623046875,202.2421875,18.00337041100367,1,13,24,0.0,0.3920208169677926,0.5,0.2,0.0,0.1,0.2,48,284.2194906747945,156.41450881958008,17,0.19236665613511028,209.294921875,17.484283731580607,1,14,25,0.92,0.4289238020424195,0.5,0.2,0.0,0.1,0.2
47,adaptive_mlp_ppo_seed4,1,COMPACT_32KB,0.4624,0.4725,0.368053,0,48,284.2194906747945,156.41450881958008,17,0.19236665613511028,209.294921875,17.484283731580607,1,14,25,0.92,0.4289238020424195,0.5,0.2,0.0,0.1,0.2,50,287.99872559157683,115.77486991882324,6,0.4748433430989583,182.33984375,24.242158795297858,1,0,26,0.92,0.47492380204241946,0.55,0.15,0.0,0.1,0.2
48,adaptive_mlp_ppo_seed4,0,NOOP,0.082989,0.5175,0.356838,0,50,287.99872559157683,115.77486991882324,6,0.4748433430989583,182.33984375,24.242158795297858,1,0,26,0.92,0.47492380204241946,0.55,0.15,0.0,0.1,0.2,31,178.1399023147165,116.32561683654785,7,0.41932242257254465,187.8564453125,24.04409992622986,1,1,27,0.92,0.5209238020424195,0.6,0.15,0.0,0.1,0.15
49,adaptive_mlp_ppo_seed4,0,NOOP,0.074621,0.5175,0.348458,0,31,178.1399023147165,116.32561683654785,7,0.41932242257254465,187.8564453125,24.04409992622986,1,1,27,0.92,0.5209238020424195,0.6,0.15,0.0,0.1,0.15,34,204.4092762713735,118.13902854919434,8,0.37810325622558594,193.5888671875,23.477730434228736,1,2,28,0.92,0.5669238020424194,0.65,0.1,0.0,0.1,0.15
50,adaptive_mlp_ppo_seed4,0,NOOP,0.068387,0.0,0.067149,0,34,204.4092762713735,118.13902854919434,8,0.37810325622558594,193.5888671875,23.477730434228736,1,2,28,0.92,0.5669238020424194,0.65,0.1,0.0,0.1,0.15,44,264.28304086197664,73.11010360717773,9,0.3475579155815972,200.193359375,22.730994644341326,1,3,29,0.0,0.5669238020424194,0.65,0.1,0.0,0.05,0.2
51,adaptive_mlp_ppo_seed4,0,NOOP,0.063695,0.513769,0.336778,0,44,264.28304086197664,73.11010360717773,9,0.3475579155815972,200.193359375,22.730994644341326,1,3,29,0.0,0.5669238020424194,0.65,0.1,0.0,0.05,0.2,55,326.5093896314916,158.36238861083984,10,0.32472381591796873,207.8232421875,21.923585476271423,1,4,30,0.92,0.5980000000000001,0.65,0.1,0.0,0.05,0.2
52,adaptive_mlp_ppo_seed4,0,NOOP,0.060273,0.5175,0.333945,0,55,326.5093896314916,158.36238861083984,10,0.32472381591796873,207.8232421875,21.923585476271423,1,4,30,0.92,0.5980000000000001,0.65,0.1,0.0,0.05,0.2,74,425.17310977322074,130.12242317199707,11,0.30823863636363635,217.0,21.090844228436993,1,5,31,0.92,0.644,0.7,0.1,0.0,0.05,0.15
53,adaptive_mlp_ppo_seed4,0,NOOP,0.057552,0.410375,0.278977,0,74,425.17310977322074,130.12242317199707,11,0.30823863636363635,217.0,21.090844228436993,1,5,31,0.92,0.644,0.7,0.1,0.0,0.05,0.15,80,445.449080810119,193.75991821289062,12,0.29526011149088544,226.759765625,20.314144275333344,1,6,32,0.75,0.6355000000000001,0.65,0.1,0.05,0.05,0.15
54,adaptive_mlp_ppo_seed4,0,NOOP,0.055488,0.506,0.328507,0,80,445.449080810119,193.75991821289062,12,0.29526011149088544,226.759765625,20.314144275333344,1,6,32,0.75,0.6355000000000001,0.65,0.1,0.05,0.05,0.15,90,518.2190787884113,165.29226303100586,13,0.2855635422926683,237.5888671875,19.577597240874255,1,7,33,0.92,0.6355000000000001,0.65,0.1,0.05,0.05,0.15
55,adaptive_mlp_ppo_seed4,0,NOOP,0.052977,-0.0115,0.050402,0,90,518.2190787884113,165.29226303100586,13,0.2855635422926683,237.5888671875,19.577597240874255,1,7,33,0.92,0.6355000000000001,0.65,0.1,0.05,0.05,0.15,54,303.9330331922089,146.21448516845703,14,0.2736325945172991,245.1748046875,19.025294602545657,1,8,34,0.0,0.5895,0.6,0.1,0.05,0.1,0.15
56,adaptive_mlp_ppo_seed4,0,NOOP,0.051229,0.5175,0.324634,0,54,303.9330331922089,146.21448516845703,14,0.2736325945172991,245.1748046875,19.025294602545657,1,8,34,0.0,0.5895,0.6,0.1,0.05,0.1,0.15,79,456.3603504340485,148.48852157592773,15,0.265521240234375,254.900390625,18.443150639327737,1,9,35,0.92,0.6355000000000001,0.65,0.1,0.05,0.05,0.15
57,adaptive_mlp_ppo_seed4,0,NOOP,0.050008,0.0,0.048447,0,79,456.3603504340485,148.48852157592773,15,0.265521240234375,254.900390625,18.443150639327737,1,9,35,0.92,0.6355000000000001,0.65,0.1,0.05,0.05,0.15,96,559.6182756694102,98.05893898010254,16,0.2600412368774414,266.2822265625,17.872918802204826,1,10,36,0.0,0.6355000000000001,0.65,0.05,0.05,0.05,0.2
58,adaptive_mlp_ppo_seed4,0,NOOP,0.048884,0.421875,0.268525,0,96,559.6182756694102,98.05893898010254,16,0.2600412368774414,266.2822265625,17.872918802204826,1,10,36,0.0,0.6355000000000001,0.65,0.05,0.05,0.05,0.2,97,559.5935965096879,289.19482231140137,17,0.25504258099724264,277.486328125,17.355575877556472,1,11,37,0.75,0.6729999999999999,0.65,0.05,0.1,0.05,0.15
59,adaptive_mlp_ppo_seed4,1,COMPACT_32KB,0.08626,0.376875,0.322821,0,97,559.5935965096879,289.19482231140137,17,0.25504258099724264,277.486328125,17.355575877556472,1,11,37,0.75,0.6729999999999999,0.65,0.05,0.1,0.05,0.15,98,499.51000984335695,147.83978462219238,8,0.5078907012939453,260.0400390625,18.424736895644934,1,0,38,0.75,0.7104999999999999,0.65,0.05,0.15,0.05,0.1
60,adaptive_mlp_ppo_seed4,0,NOOP,0.093088,0.506,0.366787,0,98,499.51000984335695,147.83978462219238,8,0.5078907012939453,260.0400390625,18.424736895644934,1,0,38,0.75,0.7104999999999999,0.65,0.05,0.15,0.05,0.1,97,551.1568988173456,126.30891799926758,9,0.4710659450954861,271.333984375,18.628659578652954,1,1,39,0.92,0.7104999999999999,0.65,0.05,0.15,0.05,0.1
61,adaptive_mlp_ppo_seed4,0,NOOP,0.087034,-0.0115,0.085286,0,97,551.1568988173456,126.30891799926758,9,0.4710659450954861,271.333984375,18.628659578652954,1,1,39,0.92,0.7104999999999999,0.65,0.05,0.15,0.05,0.1,94,526.5538620980709,99.91168975830078,10,0.4414215087890625,282.509765625,18.559734693655283,1,2,40,0.0,0.6645000000000001,0.6,0.05,0.15,0.1,0.1
62,adaptive_mlp_ppo_seed4,0,NOOP,0.081515,-0.0115,0.079594,0,94,526.5538620980709,99.91168975830078,10,0.4414215087890625,282.509765625,18.559734693655283,1,2,40,0.0,0.6645000000000001,0.6,0.05,0.15,0.1,0.1,74,431.48216328783275,109.82704162597656,11,0.4144522927024148,291.7744140625,18.514544158749146,1,3,41,0.0,0.6184999999999999,0.55,0.05,0.15,0.15,0.1
63,adaptive_mlp_ppo_seed4,0,NOOP,0.077213,0.506,0.350821,0,74,431.48216328783275,109.82704162597656,11,0.4144522927024148,291.7744140625,18.514544158749146,1,3,41,0.0,0.6184999999999999,0.55,0.05,0.15,0.15,0.1,86,508.41768290964035,134.60588455200195,12,0.3935648600260417,302.2578125,18.250206606888224,1,4,42,0.92,0.6184999999999999,0.55,0.05,0.15,0.15,0.1
64,adaptive_mlp_ppo_seed4,0,NOOP,0.073237,0.506,0.346443,0,86,508.41768290964035,134.60588455200195,12,0.3935648600260417,302.2578125,18.250206606888224,1,4,42,0.92,0.6184999999999999,0.55,0.05,0.15,0.15,0.1,72,383.03125868032436,155.98106384277344,13,0.37431100698617786,311.4267578125,18.029248906571592,1,5,43,0.92,0.6184999999999999,0.55,0.05,0.15,0.15,0.1
65,adaptive_mlp_ppo_seed4,0,NOOP,0.070232,0.5175,0.343661,0,72,383.03125868032436,155.98106384277344,13,0.37431100698617786,311.4267578125,18.029248906571592,1,5,43,0.92,0.6184999999999999,0.55,0.05,0.15,0.15,0.1,95,542.9593726366566,146.06738090515137,14,0.35991123744419645,322.48046875,17.66182741599466,1,6,44,0.92,0.6645000000000001,0.6,0.0,0.15,0.15,0.1
66,adaptive_mlp_ppo_seed4,0,NOOP,0.066899,0.506,0.340042,0,95,542.9593726366566,146.06738090515137,14,0.35991123744419645,322.48046875,17.66182741599466,1,6,44,0.92,0.6645000000000001,0.6,0.0,0.15,0.15,0.1,55,316.3107839803429,161.61489486694336,15,0.3438720703125,330.1171875,17.47754126071844,1,7,45,0.92,0.6645,0.6,0.0,0.15,0.15,0.1
67,adaptive_mlp_ppo_seed4,0,NOOP,0.064086,0.410375,0.285069,0,55,316.3107839803429,161.61489486694336,15,0.3438720703125,330.1171875,17.47754126071844,1,7,45,0.92,0.6645,0.6,0.0,0.15,0.15,0.1,62,364.95037288402,220.87430953979492,16,0.3304319381713867,338.3623046875,17.23190031144714,1,8,46,0.75,0.6559999999999999,0.55,0.0,0.2,0.15,0.1
68,adaptive_mlp_ppo_seed4,0,NOOP,0.062148,-0.0115,0.059928,0,62,364.95037288402,220.87430953979492,16,0.3304319381713867,338.3623046875,17.23190031144714,1,8,46,0.75,0.6559999999999999,0.55,0.0,0.2,0.15,0.1,95,529.5880615741221,132.25984573364258,17,0.3213653564453125,349.6455078125,16.855375750695107,1,9,47,0.0,0.61,0.5,0.05,0.2,0.15,0.1
69,adaptive_mlp_ppo_seed4,1,COMPACT_32KB,0.080919,0.461,0.368785,0,95,529.5880615741221,132.25984573364258,17,0.3213653564453125,349.6455078125,16.855375750695107,1,9,47,0.0,0.61,0.5,0.05,0.2,0.15,0.1,98,548.0981089204232,136.40117645263672,11,0.483062744140625,340.076171875,16.217034145136974,1,0,48,0.92,0.61,0.5,0.05,0.2,0.15,0.1
70,adaptive_mlp_ppo_seed4,0,NOOP,0.089052,0.421875,0.310851,0,98,548.0981089204232,136.40117645263672,11,0.483062744140625,340.076171875,16.217034145136974,1,0,48,0.92,0.61,0.5,0.05,0.2,0.15,0.1,56,328.87980565259704,175.04429817199707,12,0.4527600606282552,347.7197265625,16.85875938916377,1,1,49,0.75,0.6475,0.5,0.05,0.25,0.15,0.05
71,adaptive_mlp_ppo_seed4,0,NOOP,0.084594,0.506,0.357774,0,56,328.87980565259704,175.04429817199707,12,0.4527600606282552,347.7197265625,16.85875938916377,1,1,49,0.75,0.6475,0.5,0.05,0.25,0.15,0.05,93,508.8806798464762,157.2117805480957,13,0.43109365609975964,358.669921875,16.89761305777338,1,2,50,0.92,0.6475,0.5,0.05,0.25,0.15,0.05
72,adaptive_mlp_ppo_seed4,0,NOOP,0.080164,0.410375,0.301319,0,93,508.8806798464762,157.2117805480957,13,0.43109365609975964,358.669921875,16.89761305777338,1,2,50,0.92,0.6475,0.5,0.05,0.25,0.15,0.05,63,366.48749947989626,209.70821380615234,14,0.4095676967075893,366.97265625,17.03340382210329,1,3,51,0.75,0.639,0.45,0.05,0.3,0.15,0.05
73,adaptive_mlp_ppo_seed4,0,NOOP,0.076074,0.508125,0.34944,0,63,366.48749947989626,209.70821380615234,14,0.4095676967075893,366.97265625,17.03340382210329,1,3,51,0.75,0.639,0.45,0.05,0.3,0.15,0.05,50,266.83665614411444,150.468111038208,15,0.38974609375,374.15625,17.13336838285188,1,4,52,0.92,0.6475,0.5,0.05,0.25,0.15,0.05
74,adaptive_mlp_ppo_seed4,0,NOOP,0.072549,0.506,0.3459,0,50,266.83665614411444,150.468111038208,15,0.38974609375,374.15625,17.13336838285188,1,4,52,0.92,0.6475,0.5,0.05,0.25,0.15,0.05,54,312.1518886855278,152.49085426330566,16,0.37274742126464844,381.693359375,17.114879611471657,1,5,53,0.92,0.6475,0.5,0.05,0.25,0.15,0.05
75,adaptive_mlp_ppo_seed4,0,NOOP,0.069502,0.5175,0.342375,0,54,312.1518886855278,152.49085426330566,16,0.37274742126464844,381.693359375,17.114879611471657,1,5,53,0.92,0.6475,0.5,0.05,0.25,0.15,0.05,58,335.91127410909576,177.57511138916016,17,0.3581327550551471,389.6484375,17.014236754572725,1,6,54,0.92,0.6935,0.55,0.05,0.25,0.1,0.05
76,adaptive_mlp_ppo_seed4,1,COMPACT_32KB,0.076585,0.461,0.363075,0,58,335.91127410909576,177.57511138916016,17,0.3581327550551471,389.6484375,17.014236754572725,1,6,54,0.92,0.6935,0.55,0.05,0.25,0.1,0.05,78,448.9623366767624,207.68094062805176,13,0.46264061560997594,384.9169921875,15.178045359920672,1,0,55,0.92,0.6935,0.55,0.05,0.25,0.1,0.05
77,adaptive_mlp_ppo_seed4,0,NOOP,0.086735,0.5175,0.360161,0,78,448.9623366767624,207.68094062805176,13,0.46264061560997594,384.9169921875,15.178045359920672,1,0,55,0.92,0.6935,0.55,0.05,0.25,0.1,0.05,99,537.7027326961402,146.1772918701172,14,0.4424231392996652,396.4111328125,15.365259739417237,1,1,56,0.92,0.7394999999999999,0.6,0.05,0.25,0.1,0.0
78,adaptive_mlp_ppo_seed4,0,NOOP,0.083004,-0.009375,0.080845,0,99,537.7027326961402,146.1772918701172,14,0.4424231392996652,396.4111328125,15.365259739417237,1,1,56,0.92,0.7394999999999999,0.6,0.05,0.25,0.1,0.0,94,500.16691827378065,126.73377990722656,15,0.42439676920572916,407.4208984375,15.46584877657056,1,2,57,0.0,0.702,0.6,0.05,0.2,0.15,0.0
79,adaptive_mlp_ppo_seed4,0,NOOP,0.079663,-0.009375,0.077575,0,94,500.16691827378065,126.73377990722656,15,0.42439676920572916,407.4208984375,15.46584877657056,1,2,57,0.0,0.702,0.6,0.05,0.2,0.15,0.0,90,501.9037881376552,124.44067001342773,16,0.40831661224365234,418.1162109375,15.498130582933127,1,3,58,0.0,0.6645,0.6,0.05,0.15,0.2,0.0
80,adaptive_mlp_ppo_seed4,0,NOOP,0.076517,0.506,0.349282,0,90,501.9037881376552,124.44067001342773,16,0.40831661224365234,418.1162109375,15.498130582933127,1,3,58,0.0,0.6645,0.6,0.05,0.15,0.2,0.0,77,437.61589805989684,183.00390243530273,17,0.39320912080652576,427.8115234375,15.52651275115908,1,4,59,0.92,0.6645,0.6,0.05,0.15,0.2,0.0
81,adaptive_mlp_ppo_seed4,1,COMPACT_32KB,0.078803,0.4725,0.366183,0,77,437.61589805989684,183.00390243530273,17,0.39320912080652576,427.8115234375,15.52651275115908,1,4,59,0.92,0.6645,0.6,0.05,0.15,0.2,0.0,73,395.1049262914482,164.39318656921387,14,0.47435433523995535,425.021484375,13.835271292924165,1,0,60,0.92,0.7104999999999999,0.65,0.05,0.15,0.15,0.0
82,adaptive_mlp_ppo_seed4,0,NOOP,0.088982,0.421875,0.310413,0,73,395.1049262914482,164.39318656921387,14,0.47435433523995535,425.021484375,13.835271292924165,1,0,60,0.92,0.7104999999999999,0.65,0.05,0.15,0.15,0.0,93,518.3733875179571,197.1583366394043,15,0.45428263346354164,436.111328125,14.230066094971512,1,1,61,0.75,0.748,0.65,0.05,0.2,0.1,0.0
83,adaptive_mlp_ppo_seed4,0,NOOP,0.085038,0.506,0.356925,0,93,518.3733875179571,197.1583366394043,15,0.45428263346354164,436.111328125,14.230066094971512,1,1,61,0.75,0.748,0.65,0.05,0.2,0.1,0.0,78,452.83449094900493,225.68178176879883,16,0.4351921081542969,445.63671875,14.590394216261782,1,2,62,0.92,0.748,0.65,0.05,0.2,0.1,0.0
84,adaptive_mlp_ppo_seed4,0,NOOP,0.0818,0.410375,0.302958,0,78,452.83449094900493,225.68178176879883,16,0.4351921081542969,445.63671875,14.590394216261782,1,2,62,0.92,0.748,0.65,0.05,0.2,0.1,0.0,93,509.5527481499383,213.3188247680664,17,0.4196229822495404,456.5498046875,14.712350713880051,1,3,63,0.75,0.7394999999999999,0.6,0.05,0.25,0.1,0.0
85,adaptive_mlp_ppo_seed4,0,NOOP,0.078273,0.506,0.351213,0,93,509.5527481499383,213.3188247680664,17,0.4196229822495404,456.5498046875,14.712350713880051,1,3,63,0.75,0.7394999999999999,0.6,0.05,0.25,0.1,0.0,51,282.062596917624,175.49467086791992,18,0.4026167127821181,463.814453125,15.00146091261621,1,4,64,0.92,0.7394999999999999,0.6,0.05,0.25,0.1,0.0
86,adaptive_mlp_ppo_seed4,2,COMPACT_64KB,0.530133,-0.0615,0.169277,0,51,282.062596917624,175.49467086791992,18,0.4026167127821181,463.814453125,15.00146091261621,1,4,64,0.92,0.7394999999999999,0.6,0.05,0.25,0.1,0.0,82,471.90574314265444,98.27017784118652,8,0.8602123260498047,440.4287109375,13.163463720244264,1,0,65,0.0,0.6935,0.55,0.05,0.25,0.1,0.05
87,adaptive_mlp_ppo_seed4,0,NOOP,0.154608,0.508125,0.428238,0,82,471.90574314265444,98.27017784118652,8,0.8602123260498047,440.4287109375,13.163463720244264,1,0,65,0.0,0.6935,0.55,0.05,0.25,0.1,0.05,60,343.0890775411823,129.76861000061035,9,0.7786644829644097,448.5107421875,19.91895201604907,1,1,66,0.92,0.702,0.6,0.05,0.2,0.1,0.05
88,adaptive_mlp_ppo_seed4,0,NOOP,0.141914,0.5175,0.415371,0,60,343.0890775411823,129.76861000061035,9,0.7786644829644097,448.5107421875,19.91895201604907,1,1,66,0.92,0.702,0.6,0.05,0.2,0.1,0.05,78,418.528417602577,139.65868949890137,10,0.7158187866210938,458.1240234375,22.68159052212235,1,2,67,0.92,0.748,0.65,0.0,0.2,0.1,0.05
89,adaptive_mlp_ppo_seed4,0,NOOP,0.131623,0.506,0.405163,0,78,418.528417602577,139.65868949890137,10,0.7158187866210938,458.1240234375,22.68159052212235,1,2,67,0.92,0.748,0.65,0.0,0.2,0.1,0.05,81,464.8076801523553,136.77978515625,11,0.6649905118075284,468.1533203125,24.070975861659743,1,3,68,0.92,0.748,0.65,0.0,0.2,0.1,0.05
90,adaptive_mlp_ppo_seed4,0,NOOP,0.122966,0.508125,0.396518,0,81,464.8076801523553,136.77978515625,11,0.6649905118075284,468.1533203125,24.070975861659743,1,3,68,0.92,0.748,0.65,0.0,0.2,0.1,0.05,80,460.393320170522,137.39418983459473,12,0.6223297119140625,477.94921875,24.823213969019182,1,4,69,0.92,0.7565,0.7,0.0,0.15,0.1,0.05
91,adaptive_mlp_ppo_seed4,0,NOOP,0.108137,0.506,0.381557,0,80,460.393320170522,137.39418983459473,12,0.6223297119140625,477.94921875,24.823213969019182,1,4,69,0.92,0.7565,0.7,0.0,0.15,0.1,0.05,100,529.6206175933935,146.4674472808838,14,0.5494341169084821,492.29296875,25.729940198774397,1,5,70,0.92,0.7565,0.7,0.0,0.15,0.1,0.05
92,adaptive_mlp_ppo_seed4,0,NOOP,0.10235,0.4125,0.323568,0,100,529.6206175933935,146.4674472808838,14,0.5494341169084821,492.29296875,25.729940198774397,1,5,70,0.92,0.7565,0.7,0.0,0.15,0.1,0.05,59,277.80839092382786,207.82089233398438,15,0.521124267578125,500.279296875,25.767865973043293,1,6,71,0.75,0.7565000000000001,0.7,0.0,0.15,0.1,0.05
93,adaptive_mlp_ppo_seed4,0,NOOP,0.097506,0.410375,0.318546,0,59,277.80839092382786,207.82089233398438,15,0.521124267578125,500.279296875,25.767865973043293,1,6,71,0.75,0.7565000000000001,0.7,0.0,0.15,0.1,0.05,74,407.4176359476464,217.99921989440918,16,0.4975299835205078,509.470703125,25.61641349992096,1,7,72,0.75,0.748,0.65,0.0,0.2,0.1,0.05
94,adaptive_mlp_ppo_seed4,0,NOOP,0.093583,0.506,0.366722,0,74,407.4176359476464,217.99921989440918,16,0.4975299835205078,509.470703125,25.61641349992096,1,7,72,0.75,0.748,0.65,0.0,0.2,0.1,0.05,96,456.98556928954144,164.26706314086914,17,0.47853896197150736,520.650390625,25.304179517417968,1,8,73,0.92,0.748,0.65,0.0,0.2,0.1,0.05
95,adaptive_mlp_ppo_seed4,1,COMPACT_32KB,0.128964,0.461,0.416812,0,96,456.98556928954144,164.26706314086914,17,0.47853896197150736,520.650390625,25.304179517417968,1,8,73,0.92,0.748,0.65,0.0,0.2,0.1,0.05,67,356.21093407359524,137.2380256652832,11,0.7232860218394886,509.193359375,18.845137669173077,1,0,74,0.92,0.748,0.65,0.0,0.2,0.1,0.05
96,adaptive_mlp_ppo_seed4,0,NOOP,0.133404,0.506,0.406616,0,67,356.21093407359524,137.2380256652832,11,0.7232860218394886,509.193359375,18.845137669173077,1,0,74,0.92,0.748,0.65,0.0,0.2,0.1,0.05,68,376.145957138147,154.39319610595703,12,0.6745185852050781,518.0302734375,20.97022192481245,1,1,75,0.92,0.748,0.65,0.0,0.2,0.1,0.05
97,adaptive_mlp_ppo_seed4,0,NOOP,0.124622,-0.0115,0.1226,0,68,376.145957138147,154.39319610595703,12,0.6745185852050781,518.0302734375,20.97022192481245,1,1,75,0.92,0.748,0.65,0.0,0.2,0.1,0.05,50,276.9000010562897,117.31648445129395,13,0.6312326284555289,525.185546875,22.424846774298206,1,2,76,0.0,0.7020000000000001,0.6,0.0,0.2,0.15,0.05
98,adaptive_mlp_ppo_seed4,0,NOOP,0.117076,0.421875,0.338712,0,50,276.9000010562897,117.31648445129395,13,0.6312326284555289,525.185546875,22.424846774298206,1,2,76,0.0,0.7020000000000001,0.6,0.0,0.2,0.15,0.05,50,275.28146375592166,185.69493293762207,14,0.5941292898995536,532.33984375,23.30524012880766,1,3,77,0.75,0.7394999999999999,0.6,0.0,0.25,0.1,0.05
99,adaptive_mlp_ppo_seed4,0,NOOP,0.110985,0.5175,0.38435,0,50,275.28146375592166,185.69493293762207,14,0.5941292898995536,532.33984375,23.30524012880766,1,3,77,0.75,0.7394999999999999,0.6,0.0,0.25,0.1,0.05,75,428.407537138219,150.50339698791504,15,0.5643015543619792,541.7294921875,23.643216865194653,1,4,78,0.92,0.7855,0.65,0.0,0.25,0.05,0.05
100,adaptive_mlp_ppo_seed4,0,NOOP,0.105681,0.506,0.379013,0,75,428.407537138219,150.50339698791504,15,0.5643015543619792,541.7294921875,23.643216865194653,1,4,78,0.92,0.7855,0.65,0.0,0.25,0.05,0.05,78,443.11909218720797,153.43832969665527,16,0.5384063720703125,551.328125,23.784044529475942,1,5,79,0.92,0.7855,0.65,0.0,0.25,0.05,0.05
101,adaptive_mlp_ppo_seed4,0,NOOP,0.100841,-0.0115,0.097958,0,78,443.11909218720797,153.43832969665527,16,0.5384063720703125,551.328125,23.784044529475942,1,5,79,0.92,0.7855,0.65,0.0,0.25,0.05,0.05,67,364.7334478945483,165.4207706451416,17,0.5148306453929228,560.1357421875,23.854312568183733,1,6,80,0.0,0.7394999999999999,0.6,0.05,0.25,0.05,0.05
102,adaptive_mlp_ppo_seed4,3,COMPACT_128KB,0.166875,-0.064375,0.197954,0,67,364.7334478945483,165.4207706451416,17,0.5148306453929228,560.1357421875,23.854312568183733,1,6,80,0.0,0.7394999999999999,0.6,0.05,0.25,0.05,0.05,75,414.4301619526539,77.31938362121582,5,1.6593475341796875,530.9912109375,2.664392087354996,1,0,81,0.0,0.702,0.6,0.05,0.2,0.1,0.05
103,adaptive_mlp_ppo_seed4,0,NOOP,0.19925,0.410375,0.421795,0,75,414.4301619526539,77.31938362121582,5,1.6593475341796875,530.9912109375,2.664392087354996,1,0,81,0.0,0.702,0.6,0.05,0.2,0.1,0.05,64,355.5478886503283,130.23948669433594,6,1.4046961466471355,539.4033203125,39.99208859128819,1,1,82,0.75,0.6935,0.55,0.05,0.25,0.1,0.05
104,adaptive_mlp_ppo_seed4,0,NOOP,0.199125,-0.009375,0.197591,0,64,355.5478886503283,130.23948669433594,6,1.4046961466471355,539.4033203125,39.99208859128819,1,1,82,0.75,0.6935,0.55,0.05,0.25,0.1,0.05,73,403.8314424464322,85.45398712158203,7,1.2247314453125,548.6796875,47.554331495350944,1,2,83,0.0,0.6559999999999999,0.55,0.05,0.2,0.1,0.1
105,adaptive_mlp_ppo_seed4,0,NOOP,0.199,-0.0115,0.197416,0,73,403.8314424464322,85.45398712158203,7,1.2247314453125,548.6796875,47.554331495350944,1,2,83,0.0,0.6559999999999999,0.55,0.05,0.2,0.1,0.1,50,278.886238088019,89.18595314025879,8,1.0857830047607422,555.9208984375,50.704991586608365,1,3,84,0.0,0.61,0.5,0.1,0.2,0.1,0.1
106,adaptive_mlp_ppo_seed4,0,NOOP,0.195833,0.0,0.193892,0,50,278.886238088019,89.18595314025879,8,1.0857830047607422,555.9208984375,50.704991586608365,1,3,84,0.0,0.61,0.5,0.1,0.2,0.1,0.1,97,550.3874286054421,108.34288597106934,9,0.9847920735677084,567.240234375,51.24064584126636,1,4,85,0.0,0.61,0.5,0.15,0.2,0.1,0.05
107,adaptive_mlp_ppo_seed4,0,NOOP,0.179159,0.410375,0.401216,0,97,550.3874286054421,108.34288597106934,9,0.9847920735677084,567.240234375,51.24064584126636,1,4,85,0.0,0.61,0.5,0.15,0.2,0.1,0.05,83,444.19734548730287,159.63482856750488,10,0.9020431518554688,577.3076171875,51.130606124598344,1,5,86,0.75,0.6014999999999999,0.45,0.15,0.25,0.1,0.05
108,adaptive_mlp_ppo_seed4,0,NOOP,0.165318,-0.0115,0.16338,0,83,444.19734548730287,159.63482856750488,10,0.9020431518554688,577.3076171875,51.130606124598344,1,5,86,0.75,0.6014999999999999,0.45,0.15,0.25,0.1,0.05,77,430.72432749629905,110.64696311950684,11,0.8334628018465909,586.7578125,50.64400532678129,1,6,87,0.0,0.5555,0.4,0.2,0.25,0.1,0.05
109,adaptive_mlp_ppo_seed4,0,NOOP,0.154215,-0.0115,0.15239,0,77,430.72432749629905,110.64696311950684,11,0.8334628018465909,586.7578125,50.64400532678129,1,6,87,0.0,0.5555,0.4,0.2,0.25,0.1,0.05,96,527.4243895666025,106.22763633728027,12,0.7785746256510416,597.9453125,49.796898147518576,1,7,88,0.0,0.5095,0.35,0.25,0.25,0.1,0.05
110,adaptive_mlp_ppo_seed4,0,NOOP,0.14455,0.506,0.417698,0,96,527.4243895666025,106.22763633728027,12,0.7785746256510416,597.9453125,49.796898147518576,1,7,88,0.0,0.5095,0.35,0.25,0.25,0.1,0.05,83,470.7354608749505,158.84757041931152,13,0.7308748685396634,608.087890625,48.93097401208448,1,8,89,0.92,0.5095,0.35,0.25,0.25,0.1,0.05
111,adaptive_mlp_ppo_seed4,0,NOOP,0.136412,0.410375,0.357968,0,83,470.7354608749505,158.84757041931152,13,0.7308748685396634,608.087890625,48.93097401208448,1,8,89,0.92,0.5095,0.35,0.25,0.25,0.1,0.05,92,519.3995749245888,189.70537185668945,14,0.6908089773995536,618.96484375,47.98042120717112,1,9,90,0.75,0.501,0.3,0.25,0.3,0.1,0.05
112,adaptive_mlp_ppo_seed4,0,NOOP,0.128991,-0.009375,0.126208,0,92,519.3995749245888,189.70537185668945,14,0.6908089773995536,618.96484375,47.98042120717112,1,9,90,0.75,0.501,0.3,0.25,0.3,0.1,0.05,74,403.22877673167187,157.92107582092285,15,0.6543314615885417,628.158203125,47.11089305690841,1,10,91,0.0,0.46349999999999997,0.3,0.25,0.25,0.15,0.05
113,adaptive_mlp_ppo_seed4,0,NOOP,0.122273,-0.009375,0.119965,0,74,403.22877673167187,157.92107582092285,15,0.6543314615885417,628.158203125,47.11089305690841,1,10,91,0.0,0.46349999999999997,0.3,0.25,0.25,0.15,0.05,61,315.7905348945997,135.3623867034912,16,0.621363639831543,636.2763671875,46.28934453165272,1,11,92,0.0,0.426,0.3,0.3,0.2,0.15,0.05
114,adaptive_mlp_ppo_seed4,0,NOOP,0.116272,-0.0115,0.113947,0,61,315.7905348945997,135.3623867034912,16,0.621363639831543,636.2763671875,46.28934453165272,1,11,92,0.0,0.426,0.3,0.3,0.2,0.15,0.05,57,321.24799518414204,137.52007484436035,17,0.5919853659237132,644.080078125,45.48497166655522,1,12,93,0.0,0.38,0.25,0.3,0.2,0.2,0.05
115,adaptive_mlp_ppo_seed4,0,NOOP,0.110949,-0.0115,0.108455,0,57,321.24799518414204,137.52007484436035,17,0.5919853659237132,644.080078125,45.48497166655522,1,12,93,0.0,0.38,0.25,0.3,0.2,0.2,0.05,59,335.76512825383475,147.202730178833,18,0.5659968058268229,652.0283203125,44.68758157419019,1,13,94,0.0,0.33399999999999996,0.2,0.3,0.2,0.25,0.05
116,adaptive_mlp_ppo_seed4,0,NOOP,0.106354,-0.0115,0.104006,0,59,335.76512825383475,147.202730178833,18,0.5659968058268229,652.0283203125,44.68758157419019,1,13,94,0.0,0.33399999999999996,0.2,0.3,0.2,0.25,0.05,71,344.5898521527928,141.1299705505371,19,0.5436425460012335,661.0693359375,43.8739817638085,1,14,95,0.0,0.288,0.15,0.35,0.2,0.25,0.05
117,adaptive_mlp_ppo_seed4,0,NOOP,0.102132,0.0,0.099684,0,71,344.5898521527928,141.1299705505371,19,0.5436425460012335,661.0693359375,43.8739817638085,1,14,95,0.0,0.288,0.15,0.35,0.2,0.25,0.05,66,360.8873615664904,147.42279052734375,20,0.5231620788574218,669.6474609375,43.10424193067537,1,15,96,0.0,0.288,0.15,0.4,0.2,0.2,0.05
118,adaptive_mlp_ppo_seed4,3,COMPACT_128KB,0.166625,-0.064375,0.197521,0,66,360.8873615664904,147.42279052734375,20,0.5231620788574218,669.6474609375,43.10424193067537,1,15,96,0.0,0.288,0.15,0.4,0.2,0.2,0.05,98,542.8107235816054,88.96970748901367,7,1.428499494280134,639.9677734375,32.85855097843441,1,0,97,0.0,0.2505,0.15,0.4,0.15,0.25,0.05
119,adaptive_mlp_ppo_seed4,0,NOOP,0.199,-0.0115,0.197125,0,98,542.8107235816054,88.96970748901367,7,1.428499494280134,639.9677734375,32.85855097843441,1,0,97,0.0,0.2505,0.15,0.4,0.15,0.25,0.05,75,416.1544323088646,103.77216339111328,8,1.2682781219482422,649.3583984375,42.03126706078943,1,1,98,0.0,0.2045,0.1,0.45,0.15,0.25,0.05
120,adaptive_mlp_ppo_seed4,6,PARTITION_EVENT_TYPE,0.017057,-0.1115,0.197114,0,75,416.1544323088646,103.77216339111328,8,1.2682781219482422,649.3583984375,42.03126706078943,1,1,98,0.0,0.2045,0.1,0.45,0.15,0.25,0.05,51,286.0173340999345,99.31707382202148,9,1.1399349636501737,656.6025390625,46.400663243215504,3,2,0,0.0,0.1585,0.05,0.5,0.15,0.25,0.05
121,adaptive_mlp_ppo_seed4,0,NOOP,0.1737,-0.080576,0.1742,0,51,286.0173340999345,99.31707382202148,9,1.1399349636501737,656.6025390625,46.400663243215504,3,2,0,0.0,0.1585,0.05,0.5,0.15,0.25,0.05,91,435.71364122046776,113.03925514221191,12,0.876000722249349,672.7685546875,50.00438672235454,3,3,1,0.008202609982510427,0.15891013049912553,0.05,0.45,0.15,0.3,0.05
122,adaptive_mlp_ppo_seed4,0,NOOP,0.141398,-0.084025,0.139329,0,91,435.71364122046776,113.03925514221191,12,0.876000722249349,672.7685546875,50.00438672235454,3,3,1,0.008202609982510427,0.15891013049912553,0.05,0.45,0.15,0.3,0.05,77,361.2454816548139,122.20907211303711,15,0.716363525390625,687.708984375,49.120652494590004,3,4,2,0.0,0.15891013049912553,0.05,0.5,0.15,0.25,0.05
123,adaptive_mlp_ppo_seed4,0,NOOP,0.119309,-0.081727,0.12343,0,77,361.2454816548139,122.20907211303711,15,0.716363525390625,687.708984375,49.120652494590004,3,4,2,0.0,0.15891013049912553,0.05,0.5,0.15,0.25,0.05,51,237.47458169029096,107.58352279663086,18,0.6077974107530382,700.1826171875,47.35932048343255,3,5,3,0.019406163205925142,0.12238043865942179,0.05,0.5,0.1,0.3,0.05
124,adaptive_mlp_ppo_seed4,0,NOOP,0.103916,-0.082001,0.100803,0,51,237.47458169029096,107.58352279663086,18,0.6077974107530382,700.1826171875,47.35932048343255,3,5,3,0.019406163205925142,0.12238043865942179,0.05,0.5,0.1,0.3,0.05,87,406.76277848252244,181.89764022827148,21,0.5327032180059523,715.953125,45.305597399798586,3,6,4,0.0,0.12238043865942179,0.1,0.5,0.1,0.3,0.0
125,adaptive_mlp_ppo_seed4,1,COMPACT_32KB,0.152073,-0.083502,0.165007,0,87,406.76277848252244,181.89764022827148,21,0.5327032180059523,715.953125,45.305597399798586,3,6,4,0.0,0.12238043865942179,0.1,0.5,0.1,0.3,0.0,57,276.36721444887314,85.41297912597656,13,0.8400785006009616,698.9453125,37.80941817183128,3,0,5,0.0,0.12238043865942179,0.1,0.45,0.1,0.3,0.05
126,adaptive_mlp_ppo_seed4,0,NOOP,0.137125,0.338441,0.337199,0,57,276.36721444887314,85.41297912597656,13,0.8400785006009616,698.9453125,37.80941817183128,3,0,5,0.0,0.12238043865942179,0.1,0.45,0.1,0.3,0.05,60,295.90872693451416,66.32161140441895,16,0.6956272125244141,712.322265625,39.22911807438938,3,1,6,0.67,0.15588043865942178,0.1,0.4,0.1,0.35,0.05
127,adaptive_mlp_ppo_seed4,0,NOOP,0.117057,-0.047845,0.1141,0,60,295.90872693451416,66.32161140441895,16,0.6956272125244141,712.322265625,39.22911807438938,3,1,6,0.67,0.15588043865942178,0.1,0.4,0.1,0.35,0.05,66,327.973887586296,171.6022491455078,19,0.5971623470908717,726.1494140625,38.813597671582265,3,2,7,0.0,0.11838043865942179,0.15,0.4,0.05,0.35,0.05
128,adaptive_mlp_ppo_seed4,0,NOOP,0.102679,-0.03848,0.099181,0,66,327.973887586296,171.6022491455078,19,0.5971623470908717,726.1494140625,38.813597671582265,3,2,7,0.0,0.11838043865942179,0.15,0.4,0.05,0.35,0.05,90,441.28426789365335,202.38327980041504,22,0.5271453857421875,742.220703125,37.75105883732309,3,3,8,0.0,0.11838043865942179,0.2,0.35,0.05,0.35,0.05
129,adaptive_mlp_ppo_seed4,0,NOOP,0.091407,-0.038455,0.088409,0,90,441.28426789365335,202.38327980041504,22,0.5271453857421875,742.220703125,37.75105883732309,3,3,8,0.0,0.11838043865942179,0.2,0.35,0.05,0.35,0.05,67,332.80203126239786,181.11205101013184,25,0.4726580810546875,756.2529296875,36.60822736577299,3,4,9,0.0,0.11838043865942176,0.2,0.35,0.05,0.35,0.05
130,adaptive_mlp_ppo_seed4,0,NOOP,0.082741,-0.049891,0.079823,0,67,332.80203126239786,181.11205101013184,25,0.4726580810546875,756.2529296875,36.60822736577299,3,4,9,0.0,0.11838043865942176,0.2,0.35,0.05,0.35,0.05,94,461.39204293449706,180.8950901031494,28,0.431206294468471,772.7216796875,35.390048720317715,3,5,10,0.0,0.07238043865942179,0.15,0.4,0.05,0.35,0.05
131,adaptive_mlp_ppo_seed4,1,COMPACT_32KB,0.161823,-0.09284,0.174155,0,94,461.39204293449706,180.8950901031494,28,0.431206294468471,772.7216796875,35.390048720317715,3,5,10,0.0,0.07238043865942179,0.15,0.4,0.05,0.35,0.05,92,463.48349900787457,115.56434631347656,13,0.8888303316556491,739.5068359375,34.223884885956465,3,0,11,0.0,0.03488043865942178,0.15,0.45,0.0,0.35,0.05
132,adaptive_mlp_ppo_seed4,0,NOOP,0.145154,-0.038439,0.142894,0,92,463.48349900787457,115.56434631347656,13,0.8888303316556491,739.5068359375,34.223884885956465,3,0,11,0.0,0.03488043865942178,0.15,0.45,0.0,0.35,0.05,66,309.7862504014673,133.00132751464844,16,0.7357711791992188,753.4296875,37.16102888230289,3,1,12,0.0,0.03488043865942178,0.15,0.5,0.0,0.3,0.05
133,adaptive_mlp_ppo_seed4,0,NOOP,0.123714,-0.038394,0.121397,0,66,309.7862504014673,133.00132751464844,16,0.7357711791992188,753.4296875,37.16102888230289,3,1,12,0.0,0.03488043865942178,0.15,0.5,0.0,0.3,0.05,58,292.9007926044455,139.6012306213379,19,0.6304473876953125,766.6240234375,37.507287426451775,3,2,13,0.0,0.03488043865942178,0.15,0.5,0.0,0.3,0.05
134,adaptive_mlp_ppo_seed4,0,NOOP,0.10809,-0.038441,0.103624,0,58,292.9007926044455,139.6012306213379,19,0.6304473876953125,766.6240234375,37.507287426451775,3,2,13,0.0,0.03488043865942178,0.15,0.5,0.0,0.3,0.05,64,320.8141388162518,250.80204010009766,22,0.554199912331321,780.3134765625,36.935746645301066,3,3,14,0.0,0.03488043865942178,0.15,0.5,0.05,0.25,0.05
135,adaptive_mlp_ppo_seed4,0,NOOP,0.096042,-0.038505,0.092751,0,64,320.8141388162518,250.80204010009766,22,0.554199912331321,780.3134765625,36.935746645301066,3,3,14,0.0,0.03488043865942178,0.15,0.5,0.05,0.25,0.05,58,287.79394551698766,195.7859992980957,25,0.4958355712890625,793.3369140625,36.06474151666252,3,4,15,0.0,0.03488043865942178,0.15,0.55,0.05,0.2,0.05
136,adaptive_mlp_ppo_seed4,1,COMPACT_32KB,0.15606,-0.083546,0.166805,0,58,287.79394551698766,195.7859992980957,25,0.4958355712890625,793.3369140625,36.06474151666252,3,4,15,0.0,0.03488043865942178,0.15,0.55,0.05,0.2,0.05,83,300.843637494923,196.17152214050293,14,0.860640389578683,771.1337890625,33.45328638097662,3,0,16,0.0,0.03488043865942178,0.15,0.5,0.1,0.2,0.05
137,adaptive_mlp_ppo_seed4,0,NOOP,0.142432,-0.038562,0.140003,0,83,300.843637494923,196.17152214050293,14,0.860640389578683,771.1337890625,33.45328638097662,3,0,16,0.0,0.03488043865942178,0.15,0.5,0.1,0.2,0.05,81,410.4085063408576,142.68922805786133,17,0.722782808191636,786.3876953125,35.99975560649181,3,1,17,0.0,0.03488043865942178,0.15,0.5,0.1,0.2,0.05
138,adaptive_mlp_ppo_seed4,0,NOOP,0.122633,-0.038596,0.120292,0,81,410.4085063408576,142.68922805786133,17,0.722782808191636,786.3876953125,35.99975560649181,3,1,17,0.0,0.03488043865942178,0.15,0.5,0.1,0.2,0.05,72,357.6180984501118,142.0578956604004,20,0.6256668090820312,800.853515625,36.363896174370815,3,2,18,0.0,0.03488043865942178,0.15,0.55,0.1,0.15,0.05
139,adaptive_mlp_ppo_seed4,0,NOOP,0.108176,-0.038619,0.10561,0,72,357.6180984501118,142.0578956604004,20,0.6256668090820312,800.853515625,36.363896174370815,3,2,18,0.0,0.03488043865942178,0.15,0.55,0.1,0.15,0.05,95,477.28143105775763,157.0422649383545,23,0.5552540654721467,817.333984375,35.83693026443425,3,3,19,0.0,0.03488043865942178,0.15,0.55,0.1,0.15,0.05
140,adaptive_mlp_ppo_seed4,0,NOOP,0.096877,0.338291,0.296851,0,95,477.28143105775763,157.0422649383545,23,0.5552540654721467,817.333984375,35.83693026443425,3,3,19,0.0,0.03488043865942178,0.15,0.55,0.1,0.15,0.05,86,408.1705871969076,83.79101753234863,26,0.5006350003756009,833.056640625,35.04279002921987,3,4,20,0.67,0.06838043865942178,0.15,0.5,0.1,0.2,0.05
141,adaptive_mlp_ppo_seed4,6,PARTITION_EVENT_TYPE,-0.367037,0.088275,0.287597,0,86,408.1705871969076,83.79101753234863,26,0.5006350003756009,833.056640625,35.04279002921987,3,4,20,0.67,0.06838043865942178,0.15,0.5,0.1,0.2,0.05,52,263.20345718523237,81.81452751159668,29,0.4556647991311961,845.7138671875,34.21753538140795,3,5,21,0.67,0.10147030816029626,0.15,0.5,0.1,0.2,0.05
142,adaptive_mlp_ppo_seed4,5,PARTITION_REGION,-0.101797,-0.13843,0.076743,0,52,263.20345718523237,81.81452751159668,29,0.4556647991311961,845.7138671875,34.21753538140795,3,5,21,0.67,0.10147030816029626,0.15,0.5,0.1,0.2,0.05,75,374.7506310912667,203.9504051208496,32,0.4201078414916992,860.380859375,33.30738582826597,2,6,0,0.0,0.10147030816029626,0.15,0.5,0.1,0.2,0.05
143,adaptive_mlp_ppo_seed4,3,COMPACT_128KB,0.166375,-0.07411,0.196033,0,75,374.7506310912667,203.9504051208496,32,0.4201078414916992,860.380859375,33.30738582826597,2,6,0,0.0,0.10147030816029626,0.15,0.5,0.1,0.2,0.05,75,334.9405338642873,153.36179733276367,9,1.387968275282118,799.4697265625,78.66980156151283,2,0,1,0.0,0.1005,0.15,0.5,0.15,0.15,0.05
144,adaptive_mlp_ppo_seed4,0,NOOP,0.1985,0.357979,0.396955,0,75,334.9405338642873,153.36179733276367,9,1.387968275282118,799.4697265625,78.66980156151283,2,0,1,0.0,0.1005,0.15,0.5,0.15,0.15,0.05,91,456.81656922294366,142.24958419799805,12,1.0621070861816406,815.6982421875,76.97325479135216,2,1,2,0.67,0.134,0.1,0.55,0.15,0.15,0.05
145,adaptive_mlp_ppo_seed4,0,NOOP,0.170976,0.358085,0.370801,0,91,456.81656922294366,142.24958419799805,12,1.0621070861816406,815.6982421875,76.97325479135216,2,1,2,0.67,0.134,0.1,0.55,0.15,0.15,0.05,67,300.78602560260305,77.46267318725586,15,0.8642527262369791,829.6826171875,73.09233074891324,2,2,3,0.67,0.1675,0.1,0.6,0.15,0.15,0.0
146,adaptive_mlp_ppo_seed4,0,NOOP,0.144377,0.349691,0.344175,0,67,300.78602560260305,77.46267318725586,15,0.8642527262369791,829.6826171875,73.09233074891324,2,2,3,0.67,0.1675,0.1,0.6,0.15,0.15,0.0,77,386.9200692945233,82.62419700622559,18,0.7331356472439237,844.572265625,69.08439996223865,2,3,4,0.67,0.1675,0.1,0.65,0.15,0.1,0.0
147,adaptive_mlp_ppo_seed4,0,NOOP,0.124927,0.358044,0.324791,0,77,386.9200692945233,82.62419700622559,18,0.7331356472439237,844.572265625,69.08439996223865,2,3,4,0.67,0.1675,0.1,0.65,0.15,0.1,0.0,51,259.1033460275008,83.05931091308594,21,0.6377607073102679,857.150390625,65.51002106859033,2,4,5,0.67,0.201,0.05,0.7,0.15,0.1,0.0
148,adaptive_mlp_ppo_seed4,0,NOOP,0.110499,-0.01872,0.10828,0,51,259.1033460275008,83.05931091308594,21,0.6377607073102679,857.150390625,65.51002106859033,2,4,5,0.67,0.201,0.05,0.7,0.15,0.1,0.0,72,345.10684728624943,140.9127712249756,24,0.5674928029378256,871.6689453125,62.285819336880934,2,5,6,0.0,0.201,0.0,0.7,0.15,0.1,0.05
149,adaptive_mlp_ppo_seed4,3,COMPACT_128KB,0.166625,-0.073714,0.196561,0,72,345.10684728624943,140.9127712249756,24,0.5674928029378256,871.6689453125,62.285819336880934,2,5,6,0.0,0.201,0.0,0.7,0.15,0.1,0.05,81,405.6871226595338,136.94500923156738,7,1.8560943603515625,831.5302734375,65.84271791744897,2,0,7,0.0,0.201,0.0,0.65,0.2,0.1,0.05
150,adaptive_mlp_ppo_seed4,0,NOOP,0.19875,0.358292,0.398683,0,81,405.6871226595338,136.94500923156738,7,1.8560943603515625,831.5302734375,65.84271791744897,2,0,7,0.0,0.201,0.0,0.65,0.2,0.1,0.05,75,366.0683697028376,65.85907936096191,10,1.3222686767578125,846.251953125,76.9185391020116,2,1,8,0.67,0.23450000000000001,0.0,0.65,0.2,0.1,0.05
151,adaptive_mlp_ppo_seed4,0,NOOP,0.143236,0.358286,0.343077,0,75,366.0683697028376,65.85907936096191,10,1.3222686767578125,846.251953125,76.9185391020116,2,1,8,0.67,0.23450000000000001,0.0,0.65,0.2,0.1,0.05,168,619.9258632991307,81.70771598815918,19,0.7280546489514803,885.314453125,68.22529544055705,2,2,9,0.67,0.268,0.0,0.65,0.2,0.1,0.05
152,adaptive_mlp_ppo_seed4,0,NOOP,0.083153,-0.018661,0.079659,0,168,619.9258632991307,81.70771598815918,19,0.7280546489514803,885.314453125,68.22529544055705,2,2,9,0.67,0.268,0.0,0.65,0.2,0.1,0.05,286,865.561245930407,217.21339225769043,34,0.43701620662913604,950.947265625,54.69909946334215,2,3,10,0.0,0.268,0.0,0.6,0.2,0.15,0.05
153,adaptive_mlp_ppo_seed4,0,NOOP,0.058719,0.358246,0.256512,0,286,865.561245930407,217.21339225769043,34,0.43701620662913604,950.947265625,54.69909946334215,2,3,10,0.0,0.268,0.0,0.6,0.2,0.15,0.05,288,854.0733891374913,221.6055393218994,49,0.32421875,1016.75,46.66603816523118,2,4,11,0.67,0.3015,0.0,0.6,0.2,0.15,0.05
154,adaptive_mlp_ppo_seed4,3,COMPACT_128KB,0.548875,0.303178,0.398726,0,288,854.0733891374913,221.6055393218994,49,0.32421875,1016.75,46.66603816523118,2,4,11,0.67,0.3015,0.0,0.6,0.2,0.15,0.05,151,543.8429352100873,68.68958473205566,9,1.5987040201822917,920.853515625,65.23471441306256,2,0,12,0.67,0.335,0.0,0.65,0.15,0.15,0.05
155,adaptive_mlp_ppo_seed4,0,NOOP,0.142457,0.358062,0.342437,0,151,543.8429352100873,68.68958473205566,9,1.5987040201822917,920.853515625,65.23471441306256,2,0,12,0.67,0.335,0.0,0.65,0.15,0.15,0.05,247,847.4512798153918,77.20756530761719,21,0.7254079182942709,974.9482421875,64.51911825262006,2,1,13,0.67,0.3685,0.0,0.65,0.15,0.15,0.05
156,adaptive_mlp_ppo_seed4,0,NOOP,0.093062,-0.018863,0.08972,0,247,847.4512798153918,77.20756530761719,21,0.7254079182942709,974.9482421875,64.51911825262006,2,1,13,0.67,0.3685,0.0,0.65,0.15,0.15,0.05,216,700.6238266477972,208.33516120910645,33,0.4859350955847538,1026.294921875,55.00749493110564,2,2,14,0.0,0.3685,0.0,0.65,0.1,0.2,0.05
157,adaptive_mlp_ppo_seed4,0,NOOP,0.065013,0.358057,0.264667,0,216,700.6238266477972,208.33516120910645,33,0.4859350955847538,1026.294921875,55.00749493110564,2,2,14,0.0,0.3685,0.0,0.65,0.1,0.2,0.05,274,819.9452028210516,127.31170654296875,48,0.35506566365559894,1090.76171875,47.09426369583219,2,3,15,0.67,0.402,0.0,0.65,0.1,0.2,0.05
158,adaptive_mlp_ppo_seed4,0,NOOP,0.049346,-0.018825,0.043741,0,274,819.9452028210516,127.31170654296875,48,0.35506566365559894,1090.76171875,47.09426369583219,2,3,15,0.67,0.402,0.0,0.65,0.1,0.2,0.05,254,791.4169139179309,358.9792251586914,63,0.28610423254588296,1153.572265625,41.76987400591195,2,4,16,0.0,0.402,0.05,0.6,0.1,0.2,0.05
159,adaptive_mlp_ppo_seed4,0,NOOP,0.039099,0.358119,0.238972,0,254,791.4169139179309,358.9792251586914,63,0.28610423254588296,1153.572265625,41.76987400591195,2,4,16,0.0,0.402,0.05,0.6,0.1,0.2,0.05,286,855.4279874920221,153.8693904876709,78,0.2442456758939303,1219.2744140625,37.88736412481234,2,5,17,0.67,0.43550000000000005,0.05,0.6,0.1,0.2,0.05
160,adaptive_mlp_ppo_seed4,3,COMPACT_128KB,0.548875,0.294777,0.398781,0,286,855.4279874920221,153.8693904876709,78,0.2442456758939303,1219.2744140625,37.88736412481234,2,5,17,0.67,0.43550000000000005,0.05,0.6,0.1,0.2,0.05,177,629.1562636654859,65.95540046691895,9,1.8139733208550348,1044.8486328125,52.89720790159297,2,0,18,0.67,0.43550000000000005,0.05,0.65,0.1,0.15,0.05
161,adaptive_mlp_ppo_seed4,0,NOOP,0.14162,-0.02705,0.136313,0,177,629.1562636654859,65.95540046691895,9,1.8139733208550348,1044.8486328125,52.89720790159297,2,0,18,0.67,0.43550000000000005,0.05,0.65,0.1,0.15,0.05,287,610.8619898193496,295.3667640686035,24,0.7231000264485677,1110.681640625,63.44477832415781,2,1,19,0.0,0.402,0.05,0.65,0.15,0.1,0.05
162,adaptive_mlp_ppo_seed4,0,NOOP,0.089165,-0.01867,0.081373,0,287,610.8619898193496,295.3667640686035,24,0.7231000264485677,1110.681640625,63.44477832415781,2,1,19,0.0,0.402,0.05,0.65,0.15,0.1,0.05,256,740.5366277894908,438.3537769317627,39,0.4701984112079327,1173.615234375,53.54134219045902,2,2,20,0.0,0.402,0.05,0.6,0.2,0.1,0.05
163,adaptive_mlp_ppo_seed4,0,NOOP,0.068795,0.358202,0.267893,0,256,740.5366277894908,438.3537769317627,39,0.4701984112079327,1173.615234375,53.54134219045902,2,2,20,0.0,0.402,0.05,0.6,0.2,0.1,0.05,236,800.5529828988285,158.87737274169922,51,0.3758520986519608,1226.78125,47.9548262570342,2,3,21,0.67,0.43550000000000005,0.05,0.65,0.15,0.1,0.05
164,adaptive_mlp_ppo_seed4,0,NOOP,0.05563,0.349834,0.255352,0,236,800.5529828988285,158.87737274169922,51,0.3758520986519608,1226.78125,47.9548262570342,2,3,21,0.67,0.43550000000000005,0.05,0.65,0.15,0.1,0.05,240,771.4921745848173,142.64726638793945,63,0.31752401684957837,1280.2568359375,43.75902801041823,2,4,22,0.67,0.43550000000000005,0.05,0.65,0.15,0.1,0.05
165,adaptive_mlp_ppo_seed4,3,COMPACT_128KB,0.548625,0.294864,0.398633,0,240,771.4921745848173,142.64726638793945,63,0.31752401684957837,1280.2568359375,43.75902801041823,2,4,22,0.67,0.43550000000000005,0.05,0.65,0.15,0.1,0.05,230,791.4742068766348,63.363075256347656,11,1.6453066739169033,1158.2958984375,53.88689444392276,2,0,23,0.67,0.43550000000000005,0.05,0.65,0.15,0.1,0.05
166,adaptive_mlp_ppo_seed4,0,NOOP,0.143787,0.349884,0.343631,0,230,791.4742068766348,63.363075256347656,11,1.6453066739169033,1158.2958984375,53.88689444392276,2,0,23,0.67,0.43550000000000005,0.05,0.65,0.15,0.1,0.05,279,855.4160125496893,90.27361869812012,26,0.7351837158203125,1223.345703125,61.23206803944588,2,1,24,0.67,0.43550000000000005,0.05,0.65,0.15,0.1,0.05
167,adaptive_mlp_ppo_seed4,0,NOOP,0.100148,-0.026973,0.09511,0,279,855.4160125496893,90.27361869812012,26,0.7351837158203125,1223.345703125,61.23206803944588,2,1,24,0.67,0.43550000000000005,0.05,0.65,0.15,0.1,0.05,225,790.5818961364697,299.39770698547363,38,0.5244887502569902,1275.556640625,54.204209812589056,2,2,25,0.0,0.402,0.05,0.6,0.15,0.15,0.05
168,adaptive_mlp_ppo_seed4,0,NOOP,0.081449,-0.018633,0.07667,0,225,790.5818961364697,299.39770698547363,38,0.5244887502569902,1275.556640625,54.204209812589056,2,2,25,0.0,0.402,0.05,0.6,0.15,0.15,0.05,154,561.6749443910143,297.73712158203125,47,0.436622457301363,1313.3603515625,49.9977640327358,2,3,26,0.0,0.402,0.1,0.6,0.15,0.15,0.0
169,adaptive_mlp_ppo_seed4,0,NOOP,0.06169,0.358314,0.261518,0,154,561.6749443910143,297.73712158203125,47,0.436622457301363,1313.3603515625,49.9977640327358,2,3,26,0.0,0.402,0.1,0.6,0.15,0.15,0.0,272,824.355775219845,136.1227035522461,62,0.34720045520413306,1377.69140625,44.60347260978656,2,4,27,0.67,0.43550000000000005,0.1,0.65,0.1,0.15,0.0
170,adaptive_mlp_ppo_seed4,3,COMPACT_128KB,0.548625,0.294828,0.398425,0,272,824.355775219845,136.1227035522461,62,0.34720045520413306,1377.69140625,44.60347260978656,2,4,27,0.67,0.43550000000000005,0.1,0.65,0.1,0.15,0.0,261,804.7475217210081,73.77433776855469,11,1.7907506769353694,1260.6884765625,53.34308101951516,2,0,28,0.67,0.43550000000000005,0.1,0.65,0.1,0.15,0.0
171,adaptive_mlp_ppo_seed4,0,NOOP,0.17543,0.349801,0.3754,0,261,804.7475217210081,73.77433776855469,11,1.7907506769353694,1260.6884765625,53.34308101951516,2,0,28,0.67,0.43550000000000005,0.1,0.65,0.1,0.15,0.0,218,741.4066384220876,80.27911186218262,23,0.891525931980299,1312.326171875,66.84129497242178,2,1,29,0.67,0.43550000000000005,0.1,0.65,0.1,0.15,0.0
172,adaptive_mlp_ppo_seed4,0,NOOP,0.117455,0.358136,0.317127,0,218,741.4066384220876,80.27911186218262,23,0.891525931980299,1312.326171875,66.84129497242178,2,1,29,0.67,0.43550000000000005,0.1,0.65,0.1,0.15,0.0,224,775.5425943153649,110.18729209899902,35,0.6091522216796875,1364.5009765625,59.460186135577416,2,2,30,0.67,0.46900000000000003,0.1,0.7,0.1,0.1,0.0
173,adaptive_mlp_ppo_seed4,0,NOOP,0.088383,-0.027168,0.083789,0,224,775.5425943153649,110.18729209899902,35,0.6091522216796875,1364.5009765625,59.460186135577416,2,2,30,0.67,0.46900000000000003,0.1,0.7,0.1,0.1,0.0,236,804.0423589004621,288.4173393249512,47,0.471288153465758,1417.634765625,53.34216643835442,2,3,31,0.0,0.43550000000000005,0.15,0.65,0.1,0.1,0.0
174,adaptive_mlp_ppo_seed4,0,NOOP,0.074443,0.349852,0.274311,0,236,804.0423589004621,288.4173393249512,47,0.471288153465758,1417.634765625,53.34216643835442,2,3,31,0.0,0.43550000000000005,0.15,0.65,0.1,0.1,0.0,198,746.8201231822347,126.56521797180176,56,0.40721375601632254,1459.4541015625,49.69119929167297,2,4,32,0.67,0.43550000000000005,0.15,0.65,0.1,0.1,0.0
175,adaptive_mlp_ppo_seed4,0,NOOP,0.060909,-0.026983,0.057377,0,198,746.8201231822347,126.56521797180176,56,0.40721375601632254,1459.4541015625,49.69119929167297,2,4,32,0.67,0.43550000000000005,0.15,0.65,0.1,0.1,0.0,211,511.4174290269584,261.6429328918457,68,0.3470467960133272,1510.34765625,45.79573380172166,2,5,33,0.0,0.402,0.15,0.6,0.1,0.1,0.05
176,adaptive_mlp_ppo_seed4,0,NOOP,0.050967,-0.018653,0.043875,0,211,511.4174290269584,261.6429328918457,68,0.3470467960133272,1510.34765625,45.79573380172166,2,5,33,0.0,0.402,0.15,0.6,0.1,0.1,0.05,206,694.1918851147832,454.60963249206543,80,0.30483379364013674,1560.7490234375,42.66909078212257,2,6,34,0.0,0.402,0.15,0.6,0.1,0.1,0.05
177,adaptive_mlp_ppo_seed4,3,COMPACT_128KB,0.548375,-0.081983,0.194223,0,206,694.1918851147832,454.60963249206543,80,0.30483379364013674,1560.7490234375,42.66909078212257,2,6,34,0.0,0.402,0.15,0.6,0.1,0.1,0.05,159,598.0809375664204,223.87361526489258,13,1.6728809063251202,1391.8369140625,53.183959677943406,2,0,35,0.0,0.36850000000000005,0.15,0.55,0.15,0.1,0.05
178,adaptive_mlp_ppo_seed4,0,NOOP,0.177472,-0.018583,0.174631,0,159,598.0809375664204,223.87361526489258,13,1.6728809063251202,1391.8369140625,53.183959677943406,2,0,35,0.0,0.36850000000000005,0.15,0.55,0.15,0.1,0.05,232,784.3700702732418,173.28977584838867,25,0.902984619140625,1444.775390625,64.45348496153528,2,1,36,0.0,0.36850000000000005,0.1,0.55,0.15,0.15,0.05
179,adaptive_mlp_ppo_seed4,0,NOOP,0.132074,0.349977,0.332081,0,232,784.3700702732418,173.28977584838867,25,0.902984619140625,1444.775390625,64.45348496153528,2,1,36,0.0,0.36850000000000005,0.1,0.55,0.15,0.15,0.05,161,617.5844949726821,92.14949607849121,34,0.6816213271197151,1483.2080078125,59.964625231257344,2,2,37,0.67,0.36850000000000005,0.1,0.55,0.15,0.15,0.05
180,adaptive_mlp_ppo_seed4,0,NOOP,0.105384,0.350035,0.304345,0,161,617.5844949726821,92.14949607849121,34,0.6816213271197151,1483.2080078125,59.964625231257344,2,2,37,0.67,0.36850000000000005,0.1,0.55,0.15,0.15,0.05,186,706.9115740447087,155.73620796203613,43,0.553796457689862,1524.0478515625,55.53525427027634,2,3,38,0.67,0.36850000000000005,0.1,0.55,0.15,0.15,0.05
181,adaptive_mlp_ppo_seed4,0,NOOP,0.087602,0.358394,0.287224,0,186,706.9115740447087,155.73620796203613,43,0.553796457689862,1524.0478515625,55.53525427027634,2,3,38,0.67,0.36850000000000005,0.1,0.55,0.15,0.15,0.05,198,695.6514606656866,133.8975429534912,52,0.4705103360689603,1565.8583984375,51.75354584542517,2,4,39,0.67,0.402,0.1,0.6,0.1,0.15,0.05
182,adaptive_mlp_ppo_seed4,0,NOOP,0.067576,-0.018472,0.061811,0,198,695.6514606656866,133.8975429534912,52,0.4705103360689603,1565.8583984375,51.75354584542517,2,4,39,0.67,0.402,0.1,0.6,0.1,0.15,0.05,252,752.4095409009143,372.0402717590332,67,0.37975732604069495,1628.3994140625,46.78143693263279,2,5,40,0.0,0.402,0.1,0.6,0.05,0.2,0.05
183,adaptive_mlp_ppo_seed4,3,COMPACT_128KB,0.548375,0.295044,0.398334,0,252,752.4095409009143,372.0402717590332,67,0.37975732604069495,1628.3994140625,46.78143693263279,2,5,40,0.0,0.402,0.1,0.6,0.05,0.2,0.05,287,859.8740853127152,68.30406188964844,13,1.8073742206280048,1503.7353515625,41.53010092966504,2,0,41,0.67,0.402,0.1,0.6,0.05,0.2,0.05
184,adaptive_mlp_ppo_seed4,0,NOOP,0.19725,-0.026879,0.194462,0,287,859.8740853127152,68.30406188964844,13,1.8073742206280048,1503.7353515625,41.53010092966504,2,0,41,0.67,0.402,0.1,0.6,0.05,0.2,0.05,184,696.1412502458024,166.90921783447266,22,1.09686279296875,1544.3828125,64.14759464217806,2,1,42,0.0,0.36850000000000005,0.1,0.55,0.05,0.25,0.05
185,adaptive_mlp_ppo_seed4,0,NOOP,0.155652,0.349941,0.355471,0,184,696.1412502458024,166.90921783447266,22,1.09686279296875,1544.3828125,64.14759464217806,2,1,42,0.0,0.36850000000000005,0.1,0.55,0.05,0.25,0.05,157,584.3629283737903,97.81074523925781,31,0.797636462796119,1582.5107421875,61.70091537719573,2,2,43,0.67,0.36850000000000005,0.1,0.55,0.05,0.25,0.05
186,adaptive_mlp_ppo_seed4,0,NOOP,0.113382,0.349881,0.313196,0,157,584.3629283737903,97.81074523925781,31,0.797636462796119,1582.5107421875,61.70091537719573,2,2,43,0.67,0.36850000000000005,0.1,0.55,0.05,0.25,0.05,218,750.2525341871154,113.03877830505371,43,0.5937847758448401,1634.095703125,56.29973325573643,2,3,44,0.67,0.3685,0.1,0.55,0.05,0.25,0.05
187,adaptive_mlp_ppo_seed4,0,NOOP,0.088946,-0.018666,0.081846,0,218,750.2525341871154,113.03877830505371,43,0.5937847758448401,1634.095703125,56.29973325573643,2,3,44,0.67,0.3685,0.1,0.55,0.05,0.25,0.05,227,752.7424242064876,423.7635135650635,55,0.47910627885298296,1686.4541015625,51.59502534463876,2,4,45,0.0,0.36850000000000005,0.1,0.55,0.05,0.25,0.05
188,adaptive_mlp_ppo_seed4,3,COMPACT_128KB,0.548375,-0.073668,0.194436,0,227,752.7424242064876,423.7635135650635,55,0.47910627885298296,1686.4541015625,51.59502534463876,2,4,45,0.0,0.36850000000000005,0.1,0.55,0.05,0.25,0.05,175,624.3371337776825,213.17744255065918,13,1.9063403789813702,1586.0751953125,35.620530289697655,2,0,46,0.0,0.36850000000000005,0.05,0.55,0.1,0.25,0.05
189,adaptive_mlp_ppo_seed4,0,NOOP,0.180792,0.349754,0.380559,0,175,624.3371337776825,213.17744255065918,13,1.9063403789813702,1586.0751953125,35.620530289697655,2,0,46,0.0,0.36850000000000005,0.05,0.55,0.1,0.25,0.05,281,840.3357237685503,96.67468070983887,28,0.9214613778250558,1651.2587890625,64.30523735226144,2,1,47,0.67,0.36850000000000005,0.05,0.55,0.1,0.25,0.05
190,adaptive_mlp_ppo_seed4,0,NOOP,0.119251,0.349698,0.319075,0,281,840.3357237685503,96.67468070983887,28,0.9214613778250558,1651.2587890625,64.30523735226144,2,1,47,0.67,0.36850000000000005,0.05,0.55,0.1,0.25,0.05,262,710.0776485731344,112.55264282226562,43,0.6231295563453851,1714.8525390625,57.92430298169177,2,2,48,0.67,0.36850000000000005,0.05,0.55,0.1,0.25,0.05
191,adaptive_mlp_ppo_seed4,0,NOOP,0.099008,-0.027271,0.089466,0,262,710.0776485731344,112.55264282226562,43,0.6231295563453851,1714.8525390625,57.92430298169177,2,2,48,0.67,0.36850000000000005,0.05,0.55,0.1,0.25,0.05,188,693.8919979654801,542.0815944671631,52,0.5275406470665565,1755.6552734375,54.27390505579366,2,3,49,0.0,0.3350000000000001,0.05,0.5,0.15,0.25,0.05
192,adaptive_mlp_ppo_seed4,0,NOOP,0.076552,-0.02727,0.070623,0,188,693.8919979654801,542.0815944671631,52,0.5275406470665565,1755.6552734375,54.27390505579366,2,3,49,0.0,0.3350000000000001,0.05,0.5,0.15,0.25,0.05,279,841.6500100332499,380.2144527435303,67,0.42463661307719214,1820.841796875,49.2842012532036,2,4,50,0.0,0.3015,0.1,0.45,0.15,0.25,0.05
193,adaptive_mlp_ppo_seed4,0,NOOP,0.061542,-0.018881,0.047466,0,279,841.6500100332499,380.2144527435303,67,0.42463661307719214,1820.841796875,49.2842012532036,2,4,50,0.0,0.3015,0.1,0.45,0.15,0.25,0.05,257,797.2092532043721,806.3197135925293,82,0.358959477122237,1883.8193359375,45.37725072358556,2,5,51,0.0,0.30150000000000005,0.05,0.45,0.2,0.25,0.05
194,adaptive_mlp_ppo_seed4,3,COMPACT_128KB,0.547875,0.294588,0.397586,0,257,797.2092532043721,806.3197135925293,82,0.358959477122237,1883.8193359375,45.37725072358556,2,5,51,0.0,0.30150000000000005,0.05,0.45,0.2,0.25,0.05,272,824.2116499972547,85.71195602416992,17,1.5898886287913603,1729.798828125,51.58457998658117,2,0,52,0.67,0.30150000000000005,0.05,0.45,0.2,0.25,0.05
195,adaptive_mlp_ppo_seed4,0,NOOP,0.188308,0.357926,0.387945,0,272,824.2116499972547,85.71195602416992,17,1.5898886287913603,1729.798828125,51.58457998658117,2,0,52,0.67,0.30150000000000005,0.05,0.45,0.2,0.25,0.05,216,737.6251615135664,104.35843467712402,29,0.9596626018655712,1781.1337890625,62.512766464773385,2,1,53,0.67,0.3350000000000001,0.05,0.5,0.2,0.25,0.0
196,adaptive_mlp_ppo_seed4,0,NOOP,0.125649,-0.01893,0.121095,0,216,737.6251615135664,104.35843467712402,29,0.9596626018655712,1781.1337890625,62.512766464773385,2,1,53,0.67,0.3350000000000001,0.05,0.5,0.2,0.25,0.0,283,826.2193519646399,282.6714515686035,44,0.6557426452636719,1846.5712890625,57.38709624459062,2,2,54,0.0,0.335,0.1,0.5,0.2,0.2,0.0
197,adaptive_mlp_ppo_seed4,0,NOOP,0.093888,0.357957,0.293842,0,283,826.2193519646399,282.6714515686035,44,0.6557426452636719,1846.5712890625,57.38709624459062,2,2,54,0.0,0.335,0.1,0.5,0.2,0.2,0.0,282,866.5606254977365,126.03950500488281,59,0.5063153283070709,1911.8466796875,52.1017200845516,2,3,55,0.67,0.36850000000000005,0.1,0.55,0.15,0.2,0.0
198,adaptive_mlp_ppo_seed4,0,NOOP,0.077511,0.357902,0.277564,0,282,866.5606254977365,126.03950500488281,59,0.5063153283070709,1911.8466796875,52.1017200845516,2,3,55,0.67,0.36850000000000005,0.1,0.55,0.15,0.2,0.0,212,716.5965789717574,136.11340522766113,71,0.43192903760453344,1962.685546875,48.60429839164954,2,4,56,0.67,0.402,0.1,0.6,0.15,0.15,0.0
199,adaptive_mlp_ppo_seed4,3,COMPACT_128KB,0.547875,0.294554,0.397502,0,212,716.5965789717574,136.11340522766113,71,0.43192903760453344,1962.685546875,48.60429839164954,2,4,56,0.67,0.402,0.1,0.6,0.15,0.15,0.0,298,906.976566252908,89.88833427429199,17,1.6916144875919117,1840.4765625,44.4896852976168,2,0,57,0.67,0.402,0.1,0.6,0.15,0.15,0.0
200,adaptive_mlp_ppo_seed4,0,NOOP,0.196375,0.349564,0.396195,0,298,906.976566252908,89.88833427429199,17,1.6916144875919117,1840.4765625,44.4896852976168,2,0,57,0.67,0.402,0.1,0.6,0.15,0.15,0.0,226,726.0955853459192,95.25060653686523,29,1.0198369519463901,1892.8173828125,61.99577743487226,2,1,58,0.67,0.402,0.1,0.6,0.15,0.15,0.0
201,adaptive_mlp_ppo_seed4,0,NOOP,0.133368,-0.02725,0.124529,0,226,726.0955853459192,95.25060653686523,29,1.0198369519463901,1892.8173828125,61.99577743487226,2,1,58,0.67,0.402,0.1,0.6,0.15,0.15,0.0,250,779.42670760869,496.9468116760254,44,0.6943404457785867,1955.2626953125,57.97690253701821,2,2,59,0.0,0.36850000000000005,0.1,0.55,0.2,0.15,0.0
202,adaptive_mlp_ppo_seed4,0,NOOP,0.105039,-0.018821,0.10009,0,250,779.42670760869,496.9468116760254,44,0.6943404457785867,1955.2626953125,57.97690253701821,2,2,59,0.0,0.36850000000000005,0.1,0.55,0.2,0.15,0.0,228,738.1995243355403,317.45123863220215,56,0.5601926531110492,2007.73046875,53.88123040990483,2,3,60,0.0,0.3685,0.1,0.55,0.2,0.15,0.0
203,adaptive_mlp_ppo_seed4,0,NOOP,0.090204,-0.027188,0.084338,0,228,738.1995243355403,317.45123863220215,56,0.5601926531110492,2007.73046875,53.88123040990483,2,3,60,0.0,0.3685,0.1,0.55,0.2,0.15,0.0,151,569.006340162237,374.55153465270996,65,0.4916454608623798,2045.2451171875,51.1528283002254,2,4,61,0.0,0.3350000000000001,0.15,0.5,0.2,0.15,0.0
204,adaptive_mlp_ppo_seed4,3,COMPACT_128KB,0.54775,-0.073845,0.195057,0,151,569.006340162237,374.55153465270996,65,0.4916454608623798,2045.2451171875,51.1528283002254,2,4,61,0.0,0.3350000000000001,0.15,0.5,0.2,0.15,0.0,236,793.3653322561229,157.1340560913086,18,1.6823942396375868,1938.1181640625,43.65175143575111,2,0,62,0.0,0.3350000000000001,0.15,0.5,0.2,0.15,0.0
205,adaptive_mlp_ppo_seed4,0,NOOP,0.1857,-0.027153,0.181321,0,236,793.3653322561229,157.1340560913086,18,1.6823942396375868,1938.1181640625,43.65175143575111,2,0,62,0.0,0.3350000000000001,0.15,0.5,0.2,0.15,0.0,294,830.3091802793002,260.2083683013916,33,0.949127197265625,2004.556640625,61.13796315344344,2,1,63,0.0,0.30150000000000005,0.2,0.45,0.2,0.15,0.0
206,adaptive_mlp_ppo_seed4,0,NOOP,0.128738,-0.027133,0.124086,0,294,830.3091802793002,260.2083683013916,33,0.949127197265625,2004.556640625,61.13796315344344,2,1,63,0.0,0.30150000000000005,0.2,0.45,0.2,0.15,0.0,279,831.5172213853282,292.5679683685303,48,0.6736892064412435,2069.5732421875,56.94953919655861,2,2,64,0.0,0.268,0.25,0.4,0.2,0.15,0.0
207,adaptive_mlp_ppo_seed4,0,NOOP,0.102905,-0.01872,0.097526,0,279,831.5172213853282,292.5679683685303,48,0.6736892064412435,2069.5732421875,56.94953919655861,2,2,64,0.0,0.268,0.25,0.4,0.2,0.15,0.0,204,685.8574368058868,343.9366817474365,60,0.5520240783691406,2119.7724609375,53.20043712435683,2,3,65,0.0,0.26800000000000007,0.3,0.4,0.2,0.1,0.0
208,adaptive_mlp_ppo_seed4,0,NOOP,0.089141,-0.018736,0.08193,0,204,685.8574368058868,343.9366817474365,60,0.5520240783691406,2119.7724609375,53.20043712435683,2,3,65,0.0,0.26800000000000007,0.3,0.4,0.2,0.1,0.0,166,627.7052810749311,446.7580318450928,69,0.4888276915619339,2158.6630859375,50.659868326532745,2,4,66,0.0,0.268,0.3,0.4,0.15,0.15,0.0
209,adaptive_mlp_ppo_seed4,0,NOOP,0.075228,-0.027117,0.068458,0,166,627.7052810749311,446.7580318450928,69,0.4888276915619339,2158.6630859375,50.659868326532745,2,4,66,0.0,0.268,0.3,0.4,0.15,0.15,0.0,241,765.8008562374191,439.72253799438477,81,0.4267645941840278,2212.34765625,47.68026248460803,2,5,67,0.0,0.23450000000000001,0.35,0.35,0.15,0.15,0.0
210,adaptive_mlp_ppo_seed4,0,NOOP,0.066955,0.34978,0.266658,0,241,765.8008562374191,439.72253799438477,81,0.4267645941840278,2212.34765625,47.68026248460803,2,5,67,0.0,0.23450000000000001,0.35,0.35,0.15,0.15,0.0,178,549.3764483395513,177.33168601989746,90,0.3910246107313368,2252.3017578125,45.72927173870959,2,6,68,0.67,0.23450000000000001,0.35,0.35,0.15,0.15,0.0
211,adaptive_mlp_ppo_seed4,0,NOOP,0.057851,-0.018694,0.049784,0,178,549.3764483395513,177.33168601989746,90,0.3910246107313368,2252.3017578125,45.72927173870959,2,6,68,0.67,0.23450000000000001,0.35,0.35,0.15,0.15,0.0,223,747.678251993039,530.8144092559814,102,0.3530038571825214,2304.4091796875,43.44654398099893,2,7,69,0.0,0.23450000000000001,0.4,0.35,0.1,0.15,0.0
212,adaptive_mlp_ppo_seed4,3,COMPACT_128KB,0.5475,0.303222,0.397173,0,223,747.678251993039,530.8144092559814,102,0.3530038571825214,2304.4091796875,43.44654398099893,2,7,69,0.0,0.23450000000000001,0.4,0.35,0.1,0.15,0.0,241,806.3562773318528,91.32790565490723,20,1.6394981384277343,2098.5576171875,41.29290506190211,2,0,70,0.67,0.268,0.35,0.4,0.1,0.15,0.0
213,adaptive_mlp_ppo_seed4,0,NOOP,0.196375,-0.018648,0.194103,0,241,806.3562773318528,91.32790565490723,20,1.6394981384277343,2098.5576171875,41.29290506190211,2,0,70,0.67,0.268,0.35,0.4,0.1,0.15,0.0,151,573.0939731650024,149.83487129211426,29,1.1508894295528018,2136.05078125,58.37643315687876,2,1,71,0.0,0.268,0.35,0.4,0.05,0.15,0.05
214,adaptive_mlp_ppo_seed4,0,NOOP,0.161591,0.349868,0.361498,0,151,573.0939731650024,149.83487129211426,29,1.1508894295528018,2136.05078125,58.37643315687876,2,1,71,0.0,0.268,0.35,0.4,0.05,0.15,0.05,215,712.025538238269,105.86428642272949,41,0.8335779701791158,2187.30859375,58.37092324659651,2,2,72,0.67,0.268,0.35,0.4,0.05,0.15,0.05
215,adaptive_mlp_ppo_seed4,0,NOOP,0.132946,-0.027001,0.128157,0,215,712.025538238269,105.86428642272949,41,0.8335779701791158,2187.30859375,58.37092324659651,2,2,72,0.67,0.268,0.35,0.4,0.05,0.15,0.05,176,661.7976032840763,301.9592761993408,50,0.695980224609375,2227.13671875,56.052970469321004,2,3,73,0.0,0.23450000000000001,0.35,0.35,0.05,0.2,0.05
216,adaptive_mlp_ppo_seed4,5,PARTITION_REGION,-0.352411,-0.268689,0.089568,0,176,661.7976032840763,301.9592761993408,50,0.695980224609375,2227.13671875,56.052970469321004,2,3,73,0.0,0.23450000000000001,0.35,0.35,0.05,0.2,0.05,292,873.5877063714994,709.5420360565186,65,0.5512951190655048,2293.3876953125,51.92317192867104,2,4,74,0.0,0.23450000000000001,0.3,0.35,0.1,0.2,0.05
217,adaptive_mlp_ppo_seed4,0,NOOP,0.089198,-0.027106,0.082808,0,292,873.5877063714994,709.5420360565186,65,0.5512951190655048,2293.3876953125,51.92317192867104,2,4,74,0.0,0.23450000000000001,0.3,0.35,0.1,0.2,0.05,155,541.0356719617581,411.9906425476074,74,0.4922384313634924,2331.2412109375,49.68198268643364,2,5,75,0.0,0.201,0.35,0.3,0.1,0.2,0.05
218,adaptive_mlp_ppo_seed4,0,NOOP,0.075936,-0.027114,0.068328,0,155,541.0356719617581,411.9906425476074,74,0.4922384313634924,2331.2412109375,49.68198268643364,2,5,75,0.0,0.201,0.35,0.3,0.1,0.2,0.05,248,828.2307258054884,487.90907859802246,86,0.43342874216478927,2385.591796875,46.992564973605404,2,6,76,0.0,0.16750000000000004,0.35,0.25,0.1,0.25,0.05
219,adaptive_mlp_ppo_seed4,3,COMPACT_128KB,0.547375,-0.082073,0.192259,0,248,828.2307258054884,487.90907859802246,86,0.43342874216478927,2385.591796875,46.992564973605404,2,6,76,0.0,0.16750000000000004,0.35,0.25,0.1,0.25,0.05,184,674.3931665159281,282.05394744873047,21,1.6544618152436756,2223.5966796875,41.35969815258785,2,0,77,0.0,0.134,0.35,0.2,0.15,0.25,0.05
220,adaptive_mlp_ppo_seed4,7,REMOVE_PARTITION,0.132239,-0.062039,0.192272,0,184,674.3931665159281,282.05394744873047,21,1.6544618152436756,2223.5966796875,41.35969815258785,2,0,77,0.0,0.134,0.35,0.2,0.15,0.25,0.05,207,698.1479085819785,221.39859199523926,33,1.0767762155243845,2274.1513671875,59.46511762470594,0,1,0,0.0,0.1005,0.35,0.15,0.15,0.3,0.05
221,adaptive_mlp_ppo_seed4,0,NOOP,0.185342,-0.034938,0.174358,0,207,698.1479085819785,221.39859199523926,33,1.0767762155243845,2274.1513671875,59.46511762470594,0,1,0,0.0,0.1005,0.35,0.15,0.15,0.3,0.05,266,1005.2383240935208,596.6892242431641,38,0.9504599320261102,2311.5185546875,59.17135954289325,0,2,1,0.0,0.1005,0.35,0.15,0.15,0.3,0.05
222,adaptive_mlp_ppo_seed4,0,NOOP,0.172851,-0.034252,0.170343,0,266,1005.2383240935208,596.6892242431641,38,0.9504599320261102,2311.5185546875,59.17135954289325,0,2,1,0.0,0.1005,0.35,0.15,0.15,0.3,0.05,172,733.9054881646572,176.64122581481934,41,0.8898806688262195,2335.046875,58.59878579943425,0,3,2,0.0,0.1005,0.35,0.15,0.15,0.25,0.1
223,adaptive_mlp_ppo_seed4,0,NOOP,0.161904,-0.033645,0.153259,0,172,733.9054881646572,176.64122581481934,41,0.8898806688262195,2335.046875,58.59878579943425,0,3,2,0.0,0.1005,0.35,0.15,0.15,0.25,0.1,155,661.0401473955643,487.2615337371826,44,0.8370198336514559,2357.0478515625,57.91637262973493,0,4,3,0.0,0.1005,0.3,0.15,0.2,0.25,0.1
224,adaptive_mlp_ppo_seed4,0,NOOP,0.146724,-0.032528,0.141407,0,155,661.0401473955643,487.2615337371826,44,0.8370198336514559,2357.0478515625,57.91637262973493,0,4,3,0.0,0.1005,0.3,0.15,0.2,0.25,0.1,292,1099.6938763965748,327.11338996887207,49,0.7642467265226403,2396.677734375,56.56648247659263,0,5,4,0.0,0.1005,0.35,0.15,0.2,0.2,0.1
225,adaptive_mlp_ppo_seed4,3,COMPACT_128KB,0.547375,-0.077057,0.195906,0,292,1099.6938763965748,327.11338996887207,49,0.7642467265226403,2396.677734375,56.56648247659263,0,5,4,0.0,0.1005,0.35,0.15,0.2,0.2,0.1,231,903.6050820569591,99.69019889831543,21,1.7391706194196428,2337.4453125,31.647458193986434,0,0,5,0.0,0.1005,0.3,0.2,0.2,0.2,0.1
226,adaptive_mlp_ppo_seed4,0,NOOP,0.197,-0.021635,0.195558,0,231,903.6050820569591,99.69019889831543,21,1.7391706194196428,2337.4453125,31.647458193986434,0,0,5,0.0,0.1005,0.3,0.2,0.2,0.2,0.1,193,831.8012638847501,102.09083557128906,24,1.5382792154947917,2362.796875,45.58902918696485,0,1,6,0.0,0.1005,0.25,0.25,0.2,0.2,0.1
227,adaptive_mlp_ppo_seed4,0,NOOP,0.1965,-0.02114,0.193464,0,193,831.8012638847501,102.09083557128906,24,1.5382792154947917,2362.796875,45.58902918696485,0,1,6,0.0,0.1005,0.25,0.25,0.2,0.2,0.1,239,989.2206891515569,186.82336807250977,28,1.3364464896065849,2394.912109375,52.99691584296143,0,2,7,0.0,0.1005,0.2,0.25,0.2,0.25,0.1
228,adaptive_mlp_ppo_seed4,0,NOOP,0.196125,-0.020831,0.192101,0,239,989.2206891515569,186.82336807250977,28,1.3364464896065849,2394.912109375,52.99691584296143,0,2,7,0.0,0.1005,0.2,0.25,0.2,0.25,0.1,158,683.1311174610244,239.93992805480957,31,1.2183138939642137,2417.134765625,55.48956256173068,0,3,8,0.0,0.1005,0.25,0.25,0.2,0.2,0.1
229,adaptive_mlp_ppo_seed4,0,NOOP,0.1955,-0.020292,0.191715,0,158,683.1311174610244,239.93992805480957,31,1.2183138939642137,2417.134765625,55.48956256173068,0,3,8,0.0,0.1005,0.25,0.25,0.2,0.2,0.1,295,1142.6985283592153,234.2679500579834,36,1.0664613511827257,2457.126953125,56.934572032894465,0,4,9,0.0,0.1005,0.2,0.3,0.2,0.2,0.1
230,adaptive_mlp_ppo_seed4,0,NOOP,0.189241,-0.028322,0.185457,0,295,1142.6985283592153,234.2679500579834,36,1.0664613511827257,2457.126953125,56.934572032894465,0,4,9,0.0,0.1005,0.2,0.3,0.2,0.2,0.1,205,762.7644425677174,239.2101287841797,40,0.9712059020996093,2486.287109375,57.027583525368826,0,5,10,0.0,0.067,0.2,0.25,0.2,0.25,0.1
231,adaptive_mlp_ppo_seed4,0,NOOP,0.173232,-0.019607,0.168582,0,205,762.7644425677174,239.2101287841797,40,0.9712059020996093,2486.287109375,57.027583525368826,0,5,10,0.0,0.067,0.2,0.25,0.2,0.25,0.1,217,895.4323155446592,287.5030040740967,44,0.8936601118607954,2516.546875,56.58317266359976,0,6,11,0.0,0.067,0.2,0.25,0.2,0.25,0.1
232,adaptive_mlp_ppo_seed4,3,COMPACT_128KB,0.547375,-0.082563,0.195919,0,217,895.4323155446592,287.5030040740967,44,0.8936601118607954,2516.546875,56.58317266359976,0,6,11,0.0,0.067,0.2,0.25,0.2,0.25,0.1,295,1142.2997591358062,99.05719757080078,21,1.8412286667596727,2474.611328125,26.315279063899716,0,0,12,0.0,0.0335,0.2,0.25,0.2,0.25,0.1
233,adaptive_mlp_ppo_seed4,0,NOOP,0.196875,-0.018901,0.191055,0,295,1142.2997591358062,99.05719757080078,21,1.8412286667596727,2474.611328125,26.315279063899716,0,0,12,0.0,0.0335,0.2,0.25,0.2,0.25,0.1,225,914.2343424558004,322.2641944885254,25,1.56594482421875,2505.51171875,47.6925279736279,0,1,13,0.0,0.0335,0.2,0.25,0.25,0.25,0.05
234,adaptive_mlp_ppo_seed4,0,NOOP,0.19625,-0.026956,0.194105,0,225,914.2343424558004,322.2641944885254,25,1.56594482421875,2505.51171875,47.6925279736279,0,1,13,0.0,0.0335,0.2,0.25,0.25,0.25,0.05,283,1081.981707305957,144.73915100097656,30,1.3251571655273438,2544.3017578125,55.774172774195726,0,2,14,0.0,0.0,0.2,0.2,0.25,0.25,0.1
235,adaptive_mlp_ppo_seed4,0,NOOP,0.195625,-0.018294,0.188675,0,283,1081.981707305957,144.73915100097656,30,1.3251571655273438,2544.3017578125,55.774172774195726,0,2,14,0.0,0.0,0.2,0.2,0.25,0.25,0.1,296,1152.82486173686,391.2646770477295,35,1.1537105015345983,2584.3115234375,58.283162959349845,0,3,15,0.0,0.0,0.2,0.2,0.3,0.2,0.1
236,adaptive_mlp_ppo_seed4,0,NOOP,0.19525,-0.01815,0.192785,0,296,1152.82486173686,391.2646770477295,35,1.1537105015345983,2584.3115234375,58.283162959349845,0,3,15,0.0,0.0,0.2,0.2,0.3,0.2,0.1,172,565.0920837634983,170.73369026184082,38,1.0722712466591282,2607.763671875,58.71119563428415,0,4,16,0.0,0.0,0.2,0.25,0.25,0.2,0.1
237,adaptive_mlp_ppo_seed4,0,NOOP,0.191195,-0.017973,0.188696,0,172,565.0920837634983,170.73369026184082,38,1.0722712466591282,2607.763671875,58.71119563428415,0,4,16,0.0,0.0,0.2,0.25,0.25,0.2,0.1,242,994.3256734331621,177.40821838378906,42,0.982223147437686,2640.2158203125,58.59975870624985,0,5,17,0.0,0.0,0.15,0.25,0.25,0.2,0.15
238,adaptive_mlp_ppo_seed4,3,COMPACT_128KB,0.547125,-0.072801,0.195046,0,242,994.3256734331621,177.40821838378906,42,0.982223147437686,2640.2158203125,58.59975870624985,0,5,17,0.0,0.0,0.15,0.25,0.25,0.2,0.15,291,1084.2519889846317,132.71045684814453,23,1.7737519637398098,2610.962890625,29.292058909214187,0,0,18,0.0,0.0,0.15,0.3,0.25,0.15,0.15
239,adaptive_mlp_ppo_seed4,0,NOOP,0.196625,-0.017698,0.19237,0,291,1084.2519889846317,132.71045684814453,23,1.7737519637398098,2610.962890625,29.292058909214187,0,0,18,0.0,0.0,0.15,0.3,0.25,0.15,0.15,227,913.2167590970913,246.48356437683105,27,1.5289883083767362,2642.091796875,46.81102771238781,0,1,19,0.0,0.0,0.2,0.3,0.2,0.15,0.15
240,adaptive_mlp_ppo_seed4,0,NOOP,0.196125,-0.017624,0.193816,0,227,913.2167590970913,246.48356437683105,27,1.5289883083767362,2642.091796875,46.81102771238781,0,1,19,0.0,0.0,0.2,0.3,0.2,0.15,0.15,211,879.5991643293464,154.19983863830566,31,1.346680179719002,2671.8134765625,53.37274107399231,0,2,20,0.0,0.0,0.2,0.35,0.2,0.1,0.15
241,adaptive_mlp_ppo_seed4,4,PARTITION_HOUR,0.013682,-0.117562,0.193121,0,211,879.5991643293464,154.19983863830566,31,1.346680179719002,2671.8134765625,53.37274107399231,0,2,20,0.0,0.0,0.2,0.35,0.2,0.1,0.15,269,1020.032163166412,163.94829750061035,36,1.175980461968316,2709.458984375,56.59343748871079,1,3,0,0.0,0.0,0.2,0.35,0.15,0.1,0.2
242,adaptive_mlp_ppo_seed4,0,NOOP,0.195125,-0.031244,0.191799,0,269,1020.032163166412,163.94829750061035,36,1.175980461968316,2709.458984375,56.59343748871079,1,3,0,0.0,0.0,0.2,0.35,0.15,0.1,0.2,151,606.4069459045934,215.03543853759766,39,1.0941635523086939,2731.0322265625,57.33799462935331,1,4,1,0.0,0.0,0.2,0.4,0.15,0.1,0.15
243,adaptive_mlp_ppo_seed4,3,COMPACT_128KB,0.547,-0.079303,0.192719,0,151,606.4069459045934,215.03543853759766,39,1.0941635523086939,2731.0322265625,57.33799462935331,1,4,1,0.0,0.0,0.2,0.4,0.15,0.1,0.15,259,954.0864463614151,244.03691291809082,24,1.763980229695638,2709.4736328125,37.40928354548909,1,0,2,0.0,0.0,0.2,0.4,0.1,0.15,0.15
244,adaptive_mlp_ppo_seed4,0,NOOP,0.196625,0.493684,0.468741,0,259,954.0864463614151,244.03691291809082,24,1.763980229695638,2709.4736328125,37.40928354548909,1,0,2,0.0,0.0,0.2,0.4,0.1,0.15,0.15,183,674.0097910682626,227.93912887573242,27,1.58204424822772,2733.7724609375,48.62447882500176,1,1,3,0.92,0.046,0.2,0.4,0.1,0.15,0.15
245,adaptive_mlp_ppo_seed4,0,NOOP,0.19625,0.49409,0.468401,0,183,674.0097910682626,227.93912887573242,27,1.58204424822772,2733.7724609375,48.62447882500176,1,1,3,0.92,0.046,0.2,0.4,0.1,0.15,0.15,157,650.6234252036577,229.9671173095703,30,1.435333251953125,2755.83984375,54.22710648455951,1,2,4,0.92,0.092,0.25,0.35,0.1,0.15,0.15
246,adaptive_mlp_ppo_seed4,0,NOOP,0.19575,0.494698,0.467482,0,157,650.6234252036577,229.9671173095703,30,1.435333251953125,2755.83984375,54.22710648455951,1,2,4,0.92,0.092,0.25,0.35,0.1,0.15,0.15,244,891.6563576278378,255.87916374206543,34,1.2815165800206803,2788.580078125,57.73207301807534,1,3,5,0.92,0.138,0.3,0.3,0.1,0.15,0.15
247,adaptive_mlp_ppo_seed4,0,NOOP,0.19525,-0.022248,0.192553,0,244,891.6563576278378,255.87916374206543,34,1.2815165800206803,2788.580078125,57.73207301807534,1,3,5,0.92,0.138,0.3,0.3,0.1,0.15,0.15,233,854.4940062219875,182.3430061340332,38,1.1596041227641858,2820.1572265625,59.19554288206329,1,4,6,0.0,0.138,0.3,0.3,0.1,0.1,0.2
248,adaptive_mlp_ppo_seed4,3,COMPACT_128KB,0.547,0.440923,0.469219,0,233,854.4940062219875,182.3430061340332,38,1.1596041227641858,2820.1572265625,59.19554288206329,1,4,6,0.0,0.138,0.3,0.3,0.1,0.1,0.2,298,1098.1454760787703,219.05922889709473,24,1.8262221018473308,2805.0771484375,30.087192793564633,1,0,7,0.92,0.184,0.3,0.3,0.1,0.1,0.2
249,adaptive_mlp_ppo_seed4,0,NOOP,0.1965,-0.021147,0.191823,0,298,1098.1454760787703,219.05922889709473,24,1.8262221018473308,2805.0771484375,30.087192793564633,1,0,7,0.92,0.184,0.3,0.3,0.1,0.1,0.2,202,781.7410698303559,268.83745193481445,28,1.5814307076590401,2833.923828125,47.94097061058199,1,1,8,0.0,0.184,0.3,0.25,0.1,0.15,0.2
250,adaptive_mlp_ppo_seed4,0,NOOP,0.195875,-0.020631,0.193595,0,202,781.7410698303559,268.83745193481445,28,1.5814307076590401,2833.923828125,47.94097061058199,1,1,8,0.0,0.184,0.3,0.25,0.1,0.15,0.2,256,922.9724313879204,155.2298069000244,33,1.3590781471946023,2870.373046875,55.75581642785079,1,2,9,0.0,0.184,0.3,0.3,0.1,0.1,0.2
251,adaptive_mlp_ppo_seed4,0,NOOP,0.19575,-0.020519,0.189185,0,256,922.9724313879204,155.2298069000244,33,1.3590781471946023,2870.373046875,55.75581642785079,1,2,9,0.0,0.184,0.3,0.3,0.1,0.1,0.2,58,262.4429247537335,370.76783180236816,34,1.3227112713982077,2878.2197265625,56.55697353195555,1,3,10,0.0,0.184,0.25,0.3,0.1,0.15,0.2
252,adaptive_mlp_ppo_seed4,0,NOOP,0.195625,0.401488,0.413008,0,58,262.4429247537335,370.76783180236816,34,1.3227112713982077,2878.2197265625,56.55697353195555,1,3,10,0.0,0.184,0.25,0.3,0.1,0.15,0.2,69,307.11719623827645,424.62158203125,35,1.2888820103236607,2887.095703125,57.17233592159759,1,4,11,0.75,0.22149999999999997,0.25,0.25,0.15,0.15,0.2
253,adaptive_mlp_ppo_seed4,0,NOOP,0.1955,-0.020238,0.193048,0,69,307.11719623827645,424.62158203125,35,1.2888820103236607,2887.095703125,57.17233592159759,1,4,11,0.75,0.22149999999999997,0.25,0.25,0.15,0.15,0.2,80,368.9100176349779,167.61326789855957,36,1.2572992112901475,2896.8173828125,57.63999184105176,1,5,12,0.0,0.22149999999999997,0.25,0.25,0.1,0.15,0.25
254,adaptive_mlp_ppo_seed4,3,COMPACT_128KB,-0.128,-0.07518,0.194143,0,80,368.9100176349779,167.61326789855957,36,1.2572992112901475,2896.8173828125,57.63999184105176,1,5,12,0.0,0.22149999999999997,0.25,0.25,0.1,0.15,0.25,31,140.8533569057709,172.8348731994629,24,1.8655166625976562,2865.43359375,27.491126879359857,1,0,13,0.0,0.22149999999999997,0.25,0.25,0.1,0.2,0.2
255,adaptive_mlp_ppo_seed4,0,NOOP,0.196875,-0.020075,0.194793,0,31,140.8533569057709,172.8348731994629,24,1.8655166625976562,2865.43359375,27.491126879359857,1,0,13,0.0,0.22149999999999997,0.25,0.25,0.1,0.2,0.2,58,267.78892120320813,135.36715507507324,25,1.7958001708984375,2873.2802734375,34.95677083177222,1,1,14,0.0,0.22149999999999997,0.25,0.25,0.05,0.2,0.25
256,adaptive_mlp_ppo_seed4,0,NOOP,0.19675,0.497532,0.468723,0,58,267.78892120320813,135.36715507507324,25,1.7958001708984375,2873.2802734375,34.95677083177222,1,1,14,0.0,0.22149999999999997,0.25,0.25,0.05,0.2,0.25,60,275.5896154355794,233.83069038391113,26,1.7315632746769831,2881.3212890625,40.15643951400526,1,2,15,0.92,0.26749999999999996,0.3,0.2,0.05,0.2,0.25
257,adaptive_mlp_ppo_seed4,0,NOOP,0.196625,-0.019867,0.194744,0,60,275.5896154355794,233.83069038391113,26,1.7315632746769831,2881.3212890625,40.15643951400526,1,2,15,0.92,0.26749999999999996,0.3,0.2,0.05,0.2,0.25,57,254.98403705595828,127.7761459350586,27,1.6719332094545718,2889.1005859375,44.08804593932399,1,3,16,0.0,0.26749999999999996,0.3,0.25,0.05,0.2,0.2
258,adaptive_mlp_ppo_seed4,0,NOOP,0.1965,0.497712,0.46855,0,57,254.98403705595828,127.7761459350586,27,1.6719332094545718,2889.1005859375,44.08804593932399,1,3,16,0.0,0.26749999999999996,0.3,0.25,0.05,0.2,0.2,46,209.4977322453323,232.52391815185547,28,1.6160174778529577,2895.9033203125,47.22652633328847,1,4,17,0.92,0.3135,0.35,0.2,0.05,0.2,0.2
259,adaptive_mlp_ppo_seed4,0,NOOP,0.196375,-0.019714,0.193723,0,46,209.4977322453323,232.52391815185547,28,1.6160174778529577,2895.9033203125,47.22652633328847,1,4,17,0.92,0.3135,0.35,0.2,0.05,0.2,0.2,43,196.45901382200344,168.8389778137207,29,1.563787526097791,2902.3896484375,49.746643633298184,1,5,18,0.0,0.3135,0.3,0.2,0.05,0.2,0.25
260,adaptive_mlp_ppo_seed4,1,COMPACT_32KB,0.563557,-0.045,0.192477,0,43,196.45901382200344,168.8389778137207,29,1.563787526097791,2902.3896484375,49.746643633298184,1,5,18,0.0,0.3135,0.3,0.2,0.05,0.2,0.25,45,208.4959619469701,191.13802909851074,37,1.23884747479413,2933.5908203125,24.473496739823656,1,0,19,0.0,0.3135,0.3,0.2,0.05,0.2,0.25
261,adaptive_mlp_ppo_seed4,0,NOOP,0.19525,0.0,0.191826,0,45,208.4959619469701,191.13802909851074,37,1.23884747479413,2933.5908203125,24.473496739823656,1,0,19,0.0,0.3135,0.3,0.2,0.05,0.2,0.25,67,332.7141639356684,218.71614456176758,38,1.2098392687345807,2942.3291015625,26.71587934173324,1,1,20,0.0,0.3135,0.3,0.25,0.05,0.2,0.2
262,adaptive_mlp_ppo_seed4,0,NOOP,0.195125,0.5175,0.466363,0,67,332.7141639356684,218.71614456176758,38,1.2098392687345807,2942.3291015625,26.71587934173324,1,1,20,0.0,0.3135,0.3,0.25,0.05,0.2,0.2,46,213.90542119652585,286.87238693237305,39,1.181547116010617,2949.1416015625,28.684875027158924,1,2,21,0.92,0.3595,0.35,0.2,0.05,0.2,0.2
263,adaptive_mlp_ppo_seed4,0,NOOP,0.195,0.421875,0.412164,0,46,213.90542119652585,286.87238693237305,39,1.181547116010617,2949.1416015625,28.684875027158924,1,2,21,0.92,0.3595,0.35,0.2,0.05,0.2,0.2,51,259.47578758137826,441.7881965637207,40,1.1548427581787108,2956.3974609375,30.30778912312789,1,3,22,0.75,0.39699999999999996,0.35,0.2,0.1,0.15,0.2
264,adaptive_mlp_ppo_seed4,0,NOOP,0.194875,-0.0115,0.192227,0,51,259.47578758137826,441.7881965637207,40,1.1548427581787108,2956.3974609375,30.30778912312789,1,3,22,0.75,0.39699999999999996,0.35,0.2,0.1,0.15,0.2,79,395.4524651480306,183.66408348083496,41,1.1304276629192074,2966.2421875,31.55478021711986,1,4,23,0.0,0.351,0.3,0.2,0.1,0.15,0.25
265,adaptive_mlp_ppo_seed4,1,COMPACT_32KB,0.181057,-0.0565,0.188362,0,79,395.4524651480306,183.66408348083496,41,1.1304276629192074,2966.2421875,31.55478021711986,1,4,23,0.0,0.351,0.3,0.2,0.1,0.15,0.25,55,281.3678165966561,396.90113067626953,37,1.2498742180901605,2959.7021484375,22.5590444349697,1,0,24,0.0,0.305,0.25,0.2,0.1,0.2,0.25
266,adaptive_mlp_ppo_seed4,0,NOOP,0.19525,-0.0115,0.192145,0,55,281.3678165966561,396.90113067626953,37,1.2498742180901605,2959.7021484375,22.5590444349697,1,0,24,0.0,0.305,0.25,0.2,0.1,0.2,0.25,60,292.73546606985406,202.75425910949707,38,1.2203220568205182,2967.8232421875,25.121469958815847,1,1,25,0.0,0.259,0.2,0.25,0.1,0.2,0.25
267,adaptive_mlp_ppo_seed4,0,NOOP,0.195125,0.421875,0.412267,0,60,292.73546606985406,202.75425910949707,38,1.2203220568205182,2967.8232421875,25.121469958815847,1,1,25,0.0,0.259,0.2,0.25,0.1,0.2,0.25,54,280.53494913662945,441.6515827178955,39,1.1920267740885417,2975.298828125,27.24656660528261,1,2,26,0.75,0.2965,0.2,0.25,0.15,0.2,0.2
268,adaptive_mlp_ppo_seed4,0,NOOP,0.195,-0.0115,0.19014,0,54,280.53494913662945,441.6515827178955,39,1.1920267740885417,2975.298828125,27.24656660528261,1,2,26,0.75,0.2965,0.2,0.25,0.15,0.2,0.2,49,240.20422412573967,292.987585067749,40,1.1649978637695313,2982.39453125,29.035071934797205,1,3,27,0.0,0.2505,0.15,0.25,0.15,0.25,0.2
269,adaptive_mlp_ppo_seed4,0,NOOP,0.194875,0.0,0.192027,0,49,240.20422412573967,292.987585067749,40,1.1649978637695313,2982.39453125,29.035071934797205,1,3,27,0.0,0.2505,0.15,0.25,0.15,0.25,0.2,50,255.8822416929709,193.67265701293945,41,1.1393131163062118,2989.5576171875,30.540922487393647,1,4,28,0.0,0.2505,0.15,0.25,0.15,0.2,0.25
270,adaptive_mlp_ppo_seed4,1,COMPACT_32KB,0.180932,-0.045,0.192679,0,50,255.8822416929709,193.67265701293945,41,1.1393131163062118,2989.5576171875,30.540922487393647,1,4,28,0.0,0.2505,0.15,0.25,0.15,0.2,0.25,70,362.60680551713233,176.02825164794922,38,1.2282224956311678,2987.037109375,23.796525410462568,1,0,29,0.0,0.2505,0.15,0.2,0.15,0.2,0.3
271,adaptive_mlp_ppo_seed4,0,NOOP,0.195125,0.421875,0.41193,0,70,362.60680551713233,176.02825164794922,38,1.2282224956311678,2987.037109375,23.796525410462568,1,0,29,0.0,0.2505,0.15,0.2,0.15,0.2,0.3,45,227.35655278582837,458.5113525390625,39,1.1994241567758412,2993.7626953125,26.150629764314512,1,1,30,0.75,0.288,0.15,0.2,0.2,0.15,0.3
272,adaptive_mlp_ppo_seed4,0,NOOP,0.195,-0.009375,0.19229,0,45,227.35655278582837,458.5113525390625,39,1.1994241567758412,2993.7626953125,26.150629764314512,1,1,30,0.75,0.288,0.15,0.2,0.2,0.15,0.3,64,288.1538220423586,185.5003833770752,40,1.1727294921875,3002.1875,27.983457697757167,1,2,31,0.0,0.2505,0.15,0.2,0.15,0.15,0.35
273,adaptive_mlp_ppo_seed4,0,NOOP,0.194875,0.0,0.190742,0,64,288.1538220423586,185.5003833770752,40,1.1727294921875,3002.1875,27.983457697757167,1,2,31,0.0,0.2505,0.15,0.2,0.15,0.15,0.35,40,206.78607524416637,257.8997611999512,41,1.146508193597561,3008.4375,29.647302498623837,1,3,32,0.0,0.2505,0.15,0.2,0.15,0.2,0.3
274,adaptive_mlp_ppo_seed4,0,NOOP,0.19475,0.0,0.192094,0,40,206.78607524416637,257.8997611999512,41,1.146508193597561,3008.4375,29.647302498623837,1,3,32,0.0,0.2505,0.15,0.2,0.15,0.2,0.3,31,158.420061626486,185.3158473968506,42,1.1212372552780878,3013.8857421875,31.102854629129606,1,4,33,0.0,0.2505,0.15,0.2,0.15,0.15,0.35
275,adaptive_mlp_ppo_seed4,1,COMPACT_32KB,0.563307,-0.045,0.192329,0,31,158.420061626486,185.3158473968506,42,1.1212372552780878,3013.8857421875,31.102854629129606,1,4,33,0.0,0.2505,0.15,0.2,0.15,0.15,0.35,46,236.84589756620926,188.53020668029785,39,1.2056869115584936,3009.39453125,25.14953390325496,1,0,34,0.0,0.2505,0.15,0.25,0.15,0.15,0.3
276,adaptive_mlp_ppo_seed4,0,NOOP,0.195,-0.0115,0.191049,0,46,236.84589756620926,188.53020668029785,39,1.2056869115584936,3009.39453125,25.14953390325496,1,0,34,0.0,0.2505,0.15,0.25,0.15,0.15,0.3,46,231.38711874814112,247.5423812866211,40,1.1782135009765624,3016.2265625,27.20194192185504,1,1,35,0.0,0.2045,0.1,0.25,0.15,0.2,0.3
277,adaptive_mlp_ppo_seed4,5,PARTITION_REGION,0.013057,-0.1,0.19066,0,46,231.38711874814112,247.5423812866211,40,1.1782135009765624,3016.2265625,27.20194192185504,1,1,35,0.0,0.2045,0.1,0.25,0.15,0.2,0.3,54,273.91174304404143,261.9788646697998,41,1.152347099490282,3023.7587890625,28.875734875985906,2,2,0,0.0,0.2045,0.1,0.2,0.15,0.25,0.3
278,adaptive_mlp_ppo_seed4,0,NOOP,0.1945,-0.097976,0.189498,0,54,273.91174304404143,261.9788646697998,41,1.152347099490282,3023.7587890625,28.875734875985906,2,2,0,0.0,0.2045,0.1,0.2,0.15,0.25,0.3,37,161.30731171887342,305.112361907959,44,1.0777837579900569,3035.0390625,33.07749322306843,2,3,1,0.0,0.1585,0.05,0.2,0.15,0.3,0.3
279,adaptive_mlp_ppo_seed4,0,NOOP,0.194125,-0.086279,0.189297,0,37,161.30731171887342,305.112361907959,44,1.0777837579900569,3035.0390625,33.07749322306843,2,3,1,0.0,0.1585,0.05,0.2,0.15,0.3,0.3,58,201.76730745943829,300.16255378723145,47,1.0133728676653924,3048.2255859375,35.74164708357007,2,4,2,0.0,0.1585,0.05,0.2,0.15,0.35,0.25
280,adaptive_mlp_ppo_seed4,0,NOOP,0.185106,-0.086072,0.180165,0,58,201.76730745943829,300.16255378723145,47,1.0133728676653924,3048.2255859375,35.74164708357007,2,4,2,0.0,0.1585,0.05,0.2,0.15,0.35,0.25,61,275.41173456536296,309.53145027160645,50,0.9567794799804688,3061.6943359375,37.53667225366463,2,5,3,0.0,0.1585,0.1,0.15,0.15,0.35,0.25
281,adaptive_mlp_ppo_seed4,0,NOOP,0.174569,-0.085944,0.169247,0,61,275.41173456536296,309.53145027160645,50,0.9567794799804688,3061.6943359375,37.53667225366463,2,5,3,0.0,0.1585,0.1,0.15,0.15,0.35,0.25,38,162.4810915289071,332.37695693969727,53,0.9059707353699882,3073.052734375,38.82462099720898,2,6,4,0.0,0.1585,0.1,0.1,0.15,0.4,0.25
282,adaptive_mlp_ppo_seed4,0,NOOP,0.1653,-0.097198,0.15991,0,38,162.4810915289071,332.37695693969727,53,0.9059707353699882,3073.052734375,38.82462099720898,2,6,4,0.0,0.1585,0.1,0.1,0.15,0.4,0.25,73,313.1707175375451,339.5397663116455,56,0.861501966203962,3087.623046875,39.63440568196457,2,7,5,0.0,0.1125,0.05,0.1,0.15,0.45,0.25
283,adaptive_mlp_ppo_seed4,0,NOOP,0.156911,-0.091148,0.155933,0,73,313.1707175375451,339.5397663116455,56,0.861501966203962,3087.623046875,39.63440568196457,2,7,5,0.0,0.1125,0.05,0.1,0.15,0.45,0.25,68,298.03503323486353,221.27604484558105,59,0.8214315640724311,3101.7255859375,40.18126696068712,2,8,6,0.006572474377745241,0.07532862371888727,0.05,0.15,0.1,0.45,0.25
284,adaptive_mlp_ppo_seed4,1,COMPACT_32KB,0.180557,0.298263,0.393526,0,68,298.03503323486353,221.27604484558105,59,0.8214315640724311,3101.7255859375,40.18126696068712,2,8,6,0.006572474377745241,0.07532862371888727,0.05,0.15,0.1,0.45,0.25,58,261.491117543805,168.6863899230957,41,1.1644927234184452,3055.62890625,27.42625511136657,2,0,7,0.67,0.10882862371888727,0.05,0.2,0.1,0.45,0.2
285,adaptive_mlp_ppo_seed4,0,NOOP,0.1945,-0.03361,0.189892,0,58,261.491117543805,168.6863899230957,41,1.1644927234184452,3055.62890625,27.42625511136657,2,0,7,0.67,0.10882862371888727,0.05,0.2,0.1,0.45,0.2,42,134.61516324386284,285.4175567626953,44,1.0892656499689275,3067.3720703125,31.998206768424293,2,1,8,0.0,0.10882862371888727,0.05,0.2,0.1,0.45,0.2
286,adaptive_mlp_ppo_seed4,0,NOOP,0.194125,-0.0336,0.189479,0,42,134.61516324386284,285.4175567626953,44,1.0892656499689275,3067.3720703125,31.998206768424293,2,1,8,0.0,0.10882862371888727,0.05,0.2,0.1,0.45,0.2,54,216.60773846298036,291.0456657409668,47,1.0240118148479056,3080.2275390625,34.906672822532066,2,2,9,0.0,0.10882862371888727,0.05,0.15,0.1,0.5,0.2
287,adaptive_mlp_ppo_seed4,0,NOOP,0.187069,0.333902,0.386723,0,54,216.60773846298036,291.0456657409668,47,1.0240118148479056,3080.2275390625,34.906672822532066,2,2,9,0.0,0.10882862371888727,0.05,0.15,0.1,0.5,0.2,55,227.5793515341527,129.82821464538574,50,0.966595458984375,3093.10546875,36.874815797296236,2,3,10,0.67,0.10482862371888726,0.05,0.2,0.05,0.5,0.2
288,adaptive_mlp_ppo_seed4,0,NOOP,0.176651,-0.033589,0.171064,0,55,227.5793515341527,129.82821464538574,50,0.966595458984375,3093.10546875,36.874815797296236,2,3,10,0.67,0.10482862371888726,0.05,0.2,0.05,0.5,0.2,80,330.39966678843723,345.5986976623535,53,0.9163806843307784,3108.36328125,38.16761088127741,2,4,11,0.0,0.10482862371888726,0.1,0.2,0.05,0.45,0.2
289,adaptive_mlp_ppo_seed4,3,COMPACT_128KB,0.162875,-0.07362,0.187856,0,80,330.39966678843723,345.5986976623535,53,0.9163806843307784,3108.36328125,38.16761088127741,2,4,11,0.0,0.10482862371888726,0.1,0.2,0.05,0.45,0.2,77,316.5763790117128,422.20211029052734,37,1.2963248587943412,3069.697265625,19.545686282565118,2,0,12,0.0,0.10482862371888726,0.1,0.2,0.1,0.45,0.15
290,adaptive_mlp_ppo_seed4,0,NOOP,0.195,-0.018623,0.190559,0,77,316.5763790117128,422.20211029052734,37,1.2963248587943412,3069.697265625,19.545686282565118,2,0,12,0.0,0.10482862371888726,0.1,0.2,0.1,0.45,0.15,31,106.52130820647976,272.0532417297363,40,1.20325927734375,3080.34375,28.309459722511356,2,1,13,0.0,0.10482862371888726,0.15,0.2,0.1,0.45,0.1
291,adaptive_mlp_ppo_seed4,0,NOOP,0.194625,-0.027992,0.189683,0,31,106.52130820647976,272.0532417297363,40,1.20325927734375,3080.34375,28.309459722511356,2,1,13,0.0,0.10482862371888726,0.15,0.2,0.1,0.45,0.1,43,168.18048657671184,300.8615970611572,43,1.1236181924509447,3092.197265625,33.14866996632323,2,2,14,0.0,0.06732862371888727,0.2,0.2,0.05,0.45,0.1
292,adaptive_mlp_ppo_seed4,0,NOOP,0.19425,-0.018604,0.189731,0,43,168.18048657671184,300.8615970611572,43,1.1236181924509447,3092.197265625,33.14866996632323,2,2,14,0.0,0.06732862371888727,0.2,0.2,0.05,0.45,0.1,80,293.87053888124996,283.44249725341797,46,1.0554955523947012,3107.37890625,36.112522724477365,2,3,15,0.0,0.06732862371888726,0.2,0.2,0.05,0.5,0.05
293,adaptive_mlp_ppo_seed4,0,NOOP,0.192793,-0.018608,0.182696,0,80,293.87053888124996,283.44249725341797,46,1.0554955523947012,3107.37890625,36.112522724477365,2,3,15,0.0,0.06732862371888726,0.2,0.2,0.05,0.5,0.05,41,151.4246502244956,566.14089012146,49,0.994592471998565,3119.0419921875,38.21565957976033,2,4,16,0.0,0.06732862371888726,0.2,0.2,0.1,0.45,0.05
294,adaptive_mlp_ppo_seed4,3,COMPACT_128KB,0.16325,0.303252,0.394836,0,41,151.4246502244956,566.14089012146,49,0.994592471998565,3119.0419921875,38.21565957976033,2,4,16,0.0,0.06732862371888726,0.2,0.2,0.1,0.45,0.05,70,207.82694376805028,138.22340965270996,34,1.416647518382353,3082.625,12.92330199592877,2,0,17,0.67,0.10082862371888726,0.2,0.25,0.1,0.45,0.0
295,adaptive_mlp_ppo_seed4,0,NOOP,0.195375,-0.018632,0.18574,0,70,207.82694376805028,138.22340965270996,34,1.416647518382353,3082.625,12.92330199592877,2,0,17,0.67,0.10082862371888726,0.2,0.25,0.1,0.45,0.0,44,161.44667911237707,528.0177593231201,37,1.306804760082348,3094.513671875,26.996053825669076,2,1,18,0.0,0.10082862371888728,0.2,0.2,0.15,0.45,0.0
296,adaptive_mlp_ppo_seed4,0,NOOP,0.195,-0.018649,0.184789,0,44,161.44667911237707,528.0177593231201,37,1.306804760082348,3094.513671875,26.996053825669076,2,1,18,0.0,0.10082862371888728,0.2,0.2,0.15,0.45,0.0,78,247.16160982011118,560.5332851409912,40,1.2146472930908203,3109.4970703125,33.36010770131095,2,2,19,0.0,0.10082862371888726,0.2,0.2,0.2,0.4,0.0
297,adaptive_mlp_ppo_seed4,0,NOOP,0.194625,-0.018645,0.183791,0,78,247.16160982011118,560.5332851409912,40,1.2146472930908203,3109.4970703125,33.36010770131095,2,2,19,0.0,0.10082862371888726,0.2,0.2,0.2,0.4,0.0,54,243.33117676318946,595.4365730285645,43,1.1345566150753996,3122.2998046875,37.31068012231483,2,3,20,0.0,0.10082862371888726,0.2,0.2,0.25,0.35,0.0
298,adaptive_mlp_ppo_seed4,0,NOOP,0.19425,0.35822,0.393135,0,54,243.33117676318946,595.4365730285645,43,1.1345566150753996,3122.2998046875,37.31068012231483,2,3,20,0.0,0.10082862371888726,0.2,0.2,0.25,0.35,0.0,73,286.8561139014352,163.2673740386963,46,1.0655139425526494,3136.873046875,39.817466549146985,2,4,21,0.67,0.13432862371888726,0.2,0.25,0.25,0.3,0.0
299,adaptive_mlp_ppo_seed4,3,COMPACT_128KB,0.16325,-0.07366,0.193064,0,73,286.8561139014352,163.2673740386963,46,1.0655139425526494,3136.873046875,39.817466549146985,2,4,21,0.67,0.13432862371888726,0.2,0.25,0.25,0.3,0.0,69,225.71706805743713,176.79953575134277,34,1.4294608621036304,3110.5068359375,12.779368159246687,2,0,22,0.0,0.13432862371888726,0.2,0.25,0.25,0.25,0.05
300,adaptive_mlp_ppo_seed4,6,PARTITION_EVENT_TYPE,0.013557,-0.118669,0.190985,0,69,225.71706805743713,176.79953575134277,34,1.4294608621036304,3110.5068359375,12.779368159246687,2,0,22,0.0,0.13432862371888726,0.2,0.25,0.25,0.25,0.05,45,212.60904533934104,265.730619430542,37,1.3186336208034206,3122.5244140625,27.12494859479269,3,1,0,0.0,0.13432862371888726,0.2,0.25,0.25,0.25,0.05
301,adaptive_mlp_ppo_seed4,0,NOOP,0.195,-0.05558,0.191146,0,45,212.60904533934104,265.730619430542,37,1.3186336208034206,3122.5244140625,27.12494859479269,3,1,0,0.0,0.13432862371888726,0.2,0.25,0.25,0.25,0.05,71,249.79644726809394,262.9826068878174,40,1.2252799987792968,3136.716796875,33.628851433876676,3,2,1,0.0013508448104500924,0.13439616595940976,0.2,0.25,0.25,0.25,0.05
302,adaptive_mlp_ppo_seed4,0,NOOP,0.194625,-0.055066,0.191012,0,71,249.79644726809394,262.9826068878174,40,1.2252799987792968,3136.716796875,33.628851433876676,3,2,1,0.0013508448104500924,0.13439616595940976,0.2,0.25,0.25,0.25,0.05,38,150.64365884480117,265.46621322631836,43,1.1439414800599563,3148.126953125,37.68380091826352,3,3,2,0.002071596743539557,0.13449974579658672,0.2,0.25,0.25,0.25,0.05
303,adaptive_mlp_ppo_seed4,0,NOOP,0.19425,-0.056169,0.190353,0,38,150.64365884480117,265.46621322631836,43,1.1439414800599563,3148.126953125,37.68380091826352,3,3,2,0.002071596743539557,0.13449974579658672,0.2,0.25,0.25,0.25,0.05,51,202.2928377899142,252.33960151672363,46,1.07360143246858,3160.6826171875,40.27906067121903,3,4,3,0.0,0.1341711220776995,0.2,0.25,0.25,0.25,0.05
304,adaptive_mlp_ppo_seed4,3,COMPACT_128KB,-0.12825,0.271061,0.395305,0,51,202.2928377899142,252.33960151672363,46,1.07360143246858,3160.6826171875,40.27906067121903,3,4,3,0.0,0.1341711220776995,0.2,0.25,0.25,0.25,0.05,46,178.36964337716967,154.76655960083008,26,1.8651504516601562,3103.6103515625,56.65045492708409,3,0,4,0.67,0.1341711220776995,0.2,0.2,0.25,0.3,0.05
305,adaptive_mlp_ppo_seed4,0,NOOP,0.196375,-0.04248,0.192151,0,46,178.36964337716967,154.76655960083008,26,1.8651504516601562,3103.6103515625,56.65045492708409,3,0,4,0.67,0.1341711220776995,0.2,0.2,0.25,0.3,0.05,35,121.97454997154216,247.43056297302246,29,1.678167935075431,3114.6796875,64.4282210824765,3,1,5,0.0,0.1341711220776995,0.25,0.2,0.25,0.25,0.05
306,adaptive_mlp_ppo_seed4,0,NOOP,0.196,0.334365,0.39501,0,35,121.97454997154216,247.43056297302246,29,1.678167935075431,3114.6796875,64.4282210824765,3,1,5,0.0,0.1341711220776995,0.25,0.2,0.25,0.25,0.05,31,98.60067172877264,139.51563835144043,32,1.526048183441162,3125.3466796875,68.52114400519177,3,2,6,0.67,0.16767112207769946,0.25,0.2,0.25,0.25,0.05
307,adaptive_mlp_ppo_seed4,0,NOOP,0.195625,-0.050917,0.191415,0,31,98.60067172877264,139.51563835144043,32,1.526048183441162,3125.3466796875,68.52114400519177,3,2,6,0.67,0.16767112207769946,0.25,0.2,0.25,0.25,0.05,54,212.22654747849552,254.23145294189453,35,1.4009735107421875,3138.1806640625,70.601423264587,3,3,7,0.0,0.1341711220776995,0.3,0.15,0.25,0.25,0.05
308,adaptive_mlp_ppo_seed4,0,NOOP,0.19525,0.334283,0.394574,0,54,212.22654747849552,254.23145294189453,35,1.4009735107421875,3138.1806640625,70.601423264587,3,3,7,0.0,0.1341711220776995,0.3,0.15,0.25,0.25,0.05,50,168.02890817168634,131.27541542053223,38,1.2954270212273848,3150.478515625,71.60517431964222,3,4,8,0.67,0.16767112207769946,0.25,0.15,0.25,0.3,0.05
309,adaptive_mlp_ppo_seed4,1,COMPACT_32KB,0.563057,-0.083862,0.191985,0,50,168.02890817168634,131.27541542053223,38,1.2954270212273848,3150.478515625,71.60517431964222,3,4,8,0.67,0.16767112207769946,0.25,0.15,0.25,0.3,0.05,47,183.34305670520178,195.77431678771973,41,1.205614043445122,3163.53125,24.555455227143995,3,0,9,0.0,0.1676711220776995,0.25,0.15,0.2,0.3,0.1
310,adaptive_mlp_ppo_seed4,0,NOOP,0.1945,0.338022,0.394581,0,47,183.34305670520178,195.77431678771973,41,1.205614043445122,3163.53125,24.555455227143995,3,0,9,0.0,0.1676711220776995,0.25,0.15,0.2,0.3,0.1,76,305.44892018221503,100.9361743927002,44,1.1286659240722656,3178.3232421875,30.003964423987398,3,1,10,0.67,0.2011711220776995,0.2,0.15,0.2,0.35,0.1
311,adaptive_mlp_ppo_seed4,0,NOOP,0.194125,0.338014,0.394204,0,76,305.44892018221503,100.9361743927002,44,1.1286659240722656,3178.3232421875,30.003964423987398,3,1,10,0.67,0.2011711220776995,0.2,0.15,0.2,0.35,0.1,31,126.8145096478703,104.77519035339355,47,1.0601475492436836,3188.923828125,33.61179248367914,3,2,11,0.67,0.2346711220776995,0.15,0.15,0.2,0.4,0.1
312,adaptive_mlp_ppo_seed4,0,NOOP,0.193743,0.338028,0.394199,0,31,126.8145096478703,104.77519035339355,47,1.0601475492436836,3188.923828125,33.61179248367914,3,2,11,0.67,0.2346711220776995,0.15,0.15,0.2,0.4,0.1,34,131.38476336131046,89.68377113342285,50,0.9999639892578125,3199.884765625,36.02466601934804,3,3,12,0.67,0.2681711220776995,0.15,0.15,0.2,0.4,0.1
313,adaptive_mlp_ppo_seed4,0,NOOP,0.182867,0.338039,0.382389,0,34,131.38476336131046,89.68377113342285,50,0.9999639892578125,3199.884765625,36.02466601934804,3,3,12,0.67,0.2681711220776995,0.15,0.15,0.2,0.4,0.1,66,260.6597697015008,140.14124870300293,53,0.9474588070275649,3213.7802734375,37.61410867859457,3,4,13,0.67,0.30167112207769947,0.15,0.15,0.15,0.45,0.1
314,adaptive_mlp_ppo_seed4,3,COMPACT_128KB,0.163125,0.274649,0.395879,0,66,260.6597697015008,140.14124870300293,53,0.9474588070275649,3213.7802734375,37.61410867859457,3,4,13,0.67,0.30167112207769947,0.15,0.15,0.15,0.45,0.1,71,289.4397479173733,81.05230331420898,35,1.415549577985491,3170.8310546875,9.981962376810925,3,0,14,0.67,0.30167112207769947,0.15,0.1,0.15,0.5,0.1
315,adaptive_mlp_ppo_seed4,0,NOOP,0.19525,0.338031,0.395391,0,71,289.4397479173733,81.05230331420898,35,1.415549577985491,3170.8310546875,9.981962376810925,3,0,14,0.67,0.30167112207769947,0.15,0.1,0.15,0.5,0.1,61,283.7015380828243,90.46339988708496,38,1.3093109130859375,3184.244140625,25.409268343058567,3,1,15,0.67,0.3351711220776995,0.15,0.1,0.1,0.55,0.1
316,adaptive_mlp_ppo_seed4,0,NOOP,0.194875,0.338018,0.395174,0,61,283.7015380828243,90.46339988708496,38,1.3093109130859375,3184.244140625,25.409268343058567,3,1,15,0.67,0.3351711220776995,0.15,0.1,0.1,0.55,0.1,48,196.52605017243786,86.28535270690918,41,1.2181448587557164,3196.412109375,32.238932426795365,3,2,16,0.67,0.3686711220776995,0.15,0.1,0.05,0.6,0.1
317,adaptive_mlp_ppo_seed4,0,NOOP,0.1945,0.338025,0.393228,0,48,196.52605017243786,86.28535270690918,41,1.2181448587557164,3196.412109375,32.238932426795365,3,2,16,0.67,0.3686711220776995,0.15,0.1,0.05,0.6,0.1,70,202.01997071548885,168.58768463134766,44,1.1401582197709517,3210.685546875,36.268028445780246,3,3,17,0.67,0.40217112207769945,0.15,0.1,0.0,0.65,0.1
318,adaptive_mlp_ppo_seed4,0,NOOP,0.194125,0.329653,0.394521,0,70,202.01997071548885,168.58768463134766,44,1.1401582197709517,3210.685546875,36.268028445780246,3,3,17,0.67,0.40217112207769945,0.15,0.1,0.0,0.65,0.1,75,292.593743198421,88.93465995788574,47,1.072297765853557,3225.4716796875,38.89011821961866,3,4,18,0.67,0.40217112207769945,0.15,0.05,0.0,0.7,0.1
319,adaptive_mlp_ppo_seed4,1,COMPACT_32KB,0.180182,0.293022,0.3947,0,75,292.593743198421,88.93465995788574,47,1.072297765853557,3225.4716796875,38.89011821961866,3,4,18,0.67,0.40217112207769945,0.15,0.05,0.0,0.7,0.1,56,230.4381759673495,94.99096870422363,44,1.144499345259233,3222.91015625,29.376102480667097,3,0,19,0.67,0.43567112207769954,0.15,0.05,0.0,0.75,0.05
320,adaptive_mlp_ppo_seed4,0,NOOP,0.194125,0.338027,0.394586,0,56,230.4381759673495,94.99096870422363,44,1.144499345259233,3222.91015625,29.376102480667097,3,0,19,0.67,0.43567112207769954,0.15,0.05,0.0,0.75,0.05,40,138.30172254609724,85.70384979248047,47,1.0752696585147938,3234.4111328125,33.17993908067099,3,1,20,0.67,0.46917112207769957,0.1,0.05,0.0,0.8,0.05
321,adaptive_mlp_ppo_seed4,0,NOOP,0.19375,-0.038863,0.189194,0,40,138.30172254609724,85.70384979248047,47,1.0752696585147938,3234.4111328125,33.17993908067099,3,1,20,0.67,0.46917112207769957,0.1,0.05,0.0,0.8,0.05,33,138.28273764030632,290.27700424194336,50,1.014146728515625,3245.26953125,35.75164258693453,3,2,21,0.0,0.469103579837177,0.1,0.1,0.0,0.75,0.05
322,adaptive_mlp_ppo_seed4,0,NOOP,0.185407,0.338009,0.384617,0,33,138.28273764030632,290.27700424194336,50,1.014146728515625,3245.26953125,35.75164258693453,3,2,21,0.0,0.469103579837177,0.1,0.1,0.0,0.75,0.05,40,162.03451772727712,155.76434135437012,53,0.9601593017578125,3256.8603515625,37.51369419066146,3,3,22,0.67,0.5025000000000001,0.1,0.1,0.0,0.75,0.05
323,adaptive_mlp_ppo_seed4,0,NOOP,0.175551,0.338059,0.373702,0,40,162.03451772727712,155.76434135437012,53,0.9601593017578125,3256.8603515625,37.51369419066146,3,3,22,0.67,0.5025000000000001,0.1,0.1,0.0,0.75,0.05,72,291.7616015349879,212.4950885772705,56,0.9127570561000279,3271.3212890625,38.68017880581224,3,4,23,0.67,0.536,0.1,0.05,0.0,0.8,0.05
324,adaptive_mlp_ppo_seed4,1,COMPACT_32KB,0.180307,0.284672,0.392925,0,72,291.7616015349879,212.4950885772705,56,0.9127570561000279,3271.3212890625,38.68017880581224,3,4,23,0.67,0.536,0.1,0.05,0.0,0.8,0.05,60,240.87268383588076,188.77458572387695,43,1.1778511224791062,3241.4462890625,26.455042282908718,3,0,24,0.67,0.536,0.1,0.05,0.0,0.8,0.05
325,adaptive_mlp_ppo_seed4,0,NOOP,0.19425,0.338036,0.394655,0,60,240.87268383588076,188.77458572387695,43,1.1778511224791062,3241.4462890625,26.455042282908718,3,0,24,0.67,0.536,0.1,0.05,0.0,0.8,0.05,77,306.5802140052704,87.23092079162598,46,1.1061205656632134,3256.4189453125,31.020682132379306,3,1,25,0.67,0.5695,0.05,0.05,0.0,0.85,0.05
326,adaptive_mlp_ppo_seed4,0,NOOP,0.193875,-0.047217,0.190821,0,77,306.5802140052704,87.23092079162598,46,1.1061205656632134,3256.4189453125,31.020682132379306,3,1,25,0.67,0.5695,0.05,0.05,0.0,0.85,0.05,53,228.9356431004102,213.9606475830078,49,1.0424487055564413,3269.119140625,34.09065460785009,3,2,26,0.0,0.536,0.05,0.05,0.0,0.8,0.1
327,adaptive_mlp_ppo_seed4,0,NOOP,0.190698,0.338029,0.389215,0,53,228.9356431004102,213.9606475830078,49,1.0424487055564413,3269.119140625,34.09065460785009,3,2,26,0.0,0.536,0.05,0.05,0.0,0.8,0.1,48,174.56461462559406,189.16726112365723,52,0.985992431640625,3281.3828125,36.21209269942515,3,3,27,0.67,0.5695,0.0,0.05,0.0,0.85,0.1
328,adaptive_mlp_ppo_seed4,0,NOOP,0.180289,0.32964,0.380658,0,48,174.56461462559406,189.16726112365723,52,0.985992431640625,3281.3828125,36.21209269942515,3,3,27,0.67,0.5695,0.0,0.05,0.0,0.85,0.1,55,223.69512875089092,100.28791427612305,55,0.9358198686079545,3294.0859375,37.691425652856516,3,4,28,0.67,0.5695,0.0,0.05,0.0,0.85,0.1
329,adaptive_mlp_ppo_seed4,3,COMPACT_128KB,0.163,-0.093854,0.188129,0,55,223.69512875089092,100.28791427612305,55,0.9358198686079545,3294.0859375,37.691425652856516,3,4,28,0.67,0.5695,0.0,0.05,0.0,0.85,0.1,51,203.93231921473816,413.53297233581543,36,1.4089762369791667,3246.28125,8.274708712031694,3,0,29,0.0,0.5695,0.0,0.05,0.05,0.85,0.05
330,adaptive_mlp_ppo_seed4,0,NOOP,0.195125,0.329655,0.393801,0,51,203.93231921473816,413.53297233581543,36,1.4089762369791667,3246.28125,8.274708712031694,3,0,29,0.0,0.5695,0.0,0.05,0.05,0.85,0.05,36,118.72417092764424,164.94154930114746,39,1.3050893147786458,3257.5029296875,24.648173730732665,3,1,30,0.67,0.5695,0.0,0.05,0.05,0.85,0.05
331,adaptive_mlp_ppo_seed4,0,NOOP,0.19475,-0.047224,0.189082,0,36,118.72417092764424,164.94154930114746,39,1.3050893147786458,3257.5029296875,24.648173730732665,3,1,30,0.67,0.5695,0.0,0.05,0.05,0.85,0.05,47,189.15831906002467,335.8778953552246,42,1.2164034162248885,3269.6923828125,31.499275734946014,3,2,31,0.0,0.536,0.05,0.05,0.05,0.8,0.05
332,adaptive_mlp_ppo_seed4,0,NOOP,0.194375,0.329664,0.392779,0,47,189.15831906002467,335.8778953552246,42,1.2164034162248885,3269.6923828125,31.499275734946014,3,2,31,0.0,0.536,0.05,0.05,0.05,0.8,0.05,53,231.52821585320382,186.03110313415527,45,1.139720662434896,3282.3955078125,35.62984077102583,3,3,32,0.67,0.536,0.05,0.05,0.05,0.8,0.05
333,adaptive_mlp_ppo_seed4,0,NOOP,0.194,0.329641,0.394128,0,53,231.52821585320382,186.03110313415527,45,1.139720662434896,3282.3955078125,35.62984077102583,3,3,32,0.67,0.536,0.05,0.05,0.05,0.8,0.05,77,291.5953689483345,103.5923957824707,48,1.0733089447021484,3297.205078125,38.28225009878981,3,4,33,0.67,0.536,0.05,0.05,0.05,0.8,0.05
334,adaptive_mlp_ppo_seed4,3,COMPACT_128KB,0.163,0.274638,0.393924,0,77,291.5953689483345,103.5923957824707,48,1.0733089447021484,3297.205078125,38.28225009878981,3,4,33,0.67,0.536,0.05,0.05,0.05,0.8,0.05,77,305.52711427795697,173.8142967224121,36,1.4198612636990018,3271.3603515625,8.531260570113913,3,0,34,0.67,0.536,0.05,0.05,0.05,0.8,0.05
335,adaptive_mlp_ppo_seed4,0,NOOP,0.195125,0.329635,0.395377,0,77,305.52711427795697,173.8142967224121,36,1.4198612636990018,3271.3603515625,8.531260570113913,3,0,34,0.67,0.536,0.05,0.05,0.05,0.8,0.05,44,174.31515871659028,86.15756034851074,39,1.3154042561848958,3283.2490234375,24.850734160924333,3,1,35,0.67,0.536,0.05,0.05,0.05,0.8,0.05
336,adaptive_mlp_ppo_seed4,0,NOOP,0.19475,0.329635,0.394986,0,44,174.31515871659028,86.15756034851074,39,1.3154042561848958,3283.2490234375,24.850734160924333,3,1,35,0.67,0.536,0.05,0.05,0.05,0.8,0.05,75,291.84155325826686,90.70825576782227,42,1.226926531110491,3297.978515625,31.61651965964801,3,2,36,0.67,0.536,0.05,0.05,0.05,0.8,0.05
337,adaptive_mlp_ppo_seed4,0,NOOP,0.194375,-0.047241,0.18896,0,75,291.84155325826686,90.70825576782227,42,1.226926531110491,3297.978515625,31.61651965964801,3,2,36,0.67,0.536,0.05,0.05,0.05,0.8,0.05,74,304.70877973546226,327.01754570007324,45,1.150224134657118,3312.6455078125,35.730877129938705,3,3,37,0.0,0.5025000000000001,0.1,0.05,0.05,0.75,0.05
338,adaptive_mlp_ppo_seed4,0,NOOP,0.194,0.329615,0.393936,0,74,304.70877973546226,327.01754570007324,45,1.150224134657118,3312.6455078125,35.730877129938705,3,3,37,0.0,0.5025000000000001,0.1,0.05,0.05,0.75,0.05,52,196.4677923657246,113.19136619567871,48,1.082405726114909,3325.150390625,38.52244273552217,3,4,38,0.67,0.5025000000000001,0.1,0.05,0.05,0.75,0.05
339,adaptive_mlp_ppo_seed4,1,COMPACT_32KB,0.562057,-0.092264,0.188876,0,52,196.4677923657246,113.19136619567871,48,1.082405726114909,3325.150390625,38.52244273552217,3,4,38,0.67,0.5025000000000001,0.1,0.05,0.05,0.75,0.05,37,146.79395492394468,311.19585037231445,49,1.0629804961535396,3333.5068359375,33.490600140852045,3,0,39,0.0,0.46900000000000003,0.15,0.05,0.05,0.7,0.05
340,adaptive_mlp_ppo_seed4,0,NOOP,0.1935,-0.047262,0.18854,0,37,146.79395492394468,311.19585037231445,49,1.0629804961535396,3333.5068359375,33.490600140852045,3,0,39,0.0,0.46900000000000003,0.15,0.05,0.05,0.7,0.05,71,248.04392558238712,313.01259994506836,52,1.0059594374436598,3347.8330078125,35.743338653511785,3,1,40,0.0,0.43550000000000005,0.15,0.1,0.05,0.65,0.05
341,adaptive_mlp_ppo_seed4,0,NOOP,0.183985,0.33797,0.382204,0,71,248.04392558238712,313.01259994506836,52,1.0059594374436598,3347.8330078125,35.743338653511785,3,1,40,0.0,0.43550000000000005,0.15,0.1,0.05,0.65,0.05,38,115.97409887048198,207.76104927062988,55,0.9542985395951704,3359.130859375,37.412510801463895,3,2,41,0.67,0.46900000000000003,0.15,0.05,0.05,0.7,0.05
342,adaptive_mlp_ppo_seed4,0,NOOP,0.174408,0.329585,0.37281,0,38,115.97409887048198,207.76104927062988,55,0.9542985395951704,3359.130859375,37.412510801463895,3,2,41,0.67,0.46900000000000003,0.15,0.05,0.05,0.7,0.05,50,179.47262663156778,202.40497589111328,58,0.9082899422481142,3371.572265625,38.57306296986318,3,3,42,0.67,0.46900000000000003,0.15,0.05,0.05,0.7,0.05
343,adaptive_mlp_ppo_seed4,0,NOOP,0.165847,0.329575,0.365932,0,50,179.47262663156778,202.40497589111328,58,0.9082899422481142,3371.572265625,38.57306296986318,3,3,42,0.67,0.46900000000000003,0.15,0.05,0.05,0.7,0.05,74,267.02877726932115,122.00045585632324,61,0.8673595991290983,3386.171875,39.351668383042,3,4,43,0.67,0.46900000000000003,0.15,0.05,0.05,0.7,0.05
344,adaptive_mlp_ppo_seed4,3,COMPACT_128KB,0.163,0.274575,0.395969,0,74,267.02877726932115,122.00045585632324,61,0.8673595991290983,3386.171875,39.351668383042,3,4,43,0.67,0.46900000000000003,0.15,0.05,0.05,0.7,0.05,68,270.2133965698066,71.56252861022949,36,1.4416334364149306,3321.5234375,10.475111649150142,3,0,44,0.67,0.46900000000000003,0.15,0.05,0.05,0.7,0.05
345,adaptive_mlp_ppo_seed4,0,NOOP,0.195125,-0.047304,0.186459,0,68,270.2133965698066,71.56252861022949,36,1.4416334364149306,3321.5234375,10.475111649150142,3,0,44,0.67,0.46900000000000003,0.15,0.05,0.05,0.7,0.05,71,246.98036236487619,482.04636573791504,39,1.3364786001352162,3335.8505859375,25.67321614086543,3,1,45,0.0,0.43550000000000005,0.15,0.05,0.1,0.65,0.05
346,adaptive_mlp_ppo_seed4,0,NOOP,0.19475,0.337947,0.39429,0,71,246.98036236487619,482.04636573791504,39,1.3364786001352162,3335.8505859375,25.67321614086543,3,1,45,0.0,0.43550000000000005,0.15,0.05,0.1,0.65,0.05,39,151.84212964209232,125.48947334289551,42,1.2452955700102306,3347.3544921875,32.626209896079075,3,2,46,0.67,0.46900000000000003,0.15,0.05,0.1,0.7,0.0
347,adaptive_mlp_ppo_seed4,0,NOOP,0.194375,-0.047327,0.190114,0,39,151.84212964209232,125.48947334289551,42,1.2452955700102306,3347.3544921875,32.626209896079075,3,2,46,0.67,0.46900000000000003,0.15,0.05,0.1,0.7,0.0,75,281.8861300211388,269.3016529083252,45,1.167344495985243,3361.9521484375,36.723520996993095,3,3,47,0.0,0.43550000000000005,0.15,0.1,0.1,0.65,0.0
348,adaptive_mlp_ppo_seed4,0,NOOP,0.194,0.329541,0.39422,0,75,281.8861300211388,269.3016529083252,45,1.167344495985243,3361.9521484375,36.723520996993095,3,3,47,0.0,0.43550000000000005,0.15,0.1,0.1,0.65,0.0,59,197.17754860238512,99.00736808776855,48,1.0986836751302083,3375.15625,39.477755192853216,3,4,48,0.67,0.43550000000000005,0.15,0.1,0.1,0.65,0.0
349,adaptive_mlp_ppo_seed4,1,COMPACT_32KB,0.179682,-0.083961,0.189749,0,59,197.17754860238512,99.00736808776855,48,1.0986836751302083,3375.15625,39.477755192853216,3,4,48,0.67,0.43550000000000005,0.15,0.1,0.1,0.65,0.0,52,203.7015007896681,272.5543975830078,48,1.1008583704630535,3381.8369140625,30.70839146231681,3,0,49,0.0,0.43550000000000005,0.15,0.15,0.05,0.65,0.0
350,adaptive_mlp_ppo_seed4,0,NOOP,0.193625,0.329547,0.392047,0,52,203.7015007896681,272.5543975830078,48,1.1008583704630535,3381.8369140625,30.70839146231681,3,0,49,0.0,0.43550000000000005,0.15,0.15,0.05,0.65,0.0,41,154.44512760822923,192.641019821167,51,1.039686315199908,3393.5361328125,33.71358029061319,3,1,50,0.67,0.43550000000000005,0.15,0.15,0.05,0.65,0.0
351,adaptive_mlp_ppo_seed4,0,NOOP,0.190596,0.337954,0.39113,0,41,154.44512760822923,192.641019821167,51,1.039686315199908,3393.5361328125,33.71358029061319,3,1,50,0.67,0.43550000000000005,0.15,0.15,0.05,0.65,0.0,96,436.95834685308915,90.77739715576172,54,0.9867282443576388,3410.1328125,35.65616789149007,3,2,51,0.67,0.46900000000000003,0.1,0.15,0.05,0.7,0.0
352,adaptive_mlp_ppo_seed4,0,NOOP,0.180692,-0.047316,0.175024,0,96,436.95834685308915,90.77739715576172,54,0.9867282443576388,3410.1328125,35.65616789149007,3,2,51,0.67,0.46900000000000003,0.1,0.15,0.05,0.7,0.0,85,393.92666107569795,354.66861724853516,57,0.9390866463644463,3425.7880859375,37.0663956674156,3,3,52,0.0,0.43550000000000005,0.15,0.15,0.05,0.65,0.0
353,adaptive_mlp_ppo_seed4,0,NOOP,0.171643,-0.047324,0.168072,0,85,393.92666107569795,354.66861724853516,57,0.9390866463644463,3425.7880859375,37.0663956674156,3,3,52,0.0,0.43550000000000005,0.15,0.15,0.05,0.65,0.0,65,251.7661508455778,253.5250186920166,60,0.8957145690917969,3439.5439453125,38.11934114595315,3,4,53,0.0,0.402,0.15,0.15,0.05,0.6,0.05
354,adaptive_mlp_ppo_seed4,3,COMPACT_128KB,0.163,-0.102338,0.193118,0,65,251.7661508455778,253.5250186920166,60,0.8957145690917969,3439.5439453125,38.11934114595315,3,4,53,0.0,0.402,0.15,0.15,0.05,0.6,0.05,69,248.9820081712996,164.11662101745605,36,1.4659292432996962,3377.5009765625,12.786940501710218,3,0,54,0.0,0.36850000000000005,0.15,0.15,0.05,0.55,0.1
355,adaptive_mlp_ppo_seed4,0,NOOP,0.195125,0.329537,0.395311,0,69,248.9820081712996,164.11662101745605,36,1.4659292432996962,3377.5009765625,12.786940501710218,3,0,54,0.0,0.36850000000000005,0.15,0.15,0.05,0.55,0.1,61,231.6233516747148,89.4315242767334,39,1.3585565029046474,3390.95703125,27.061781169698605,3,1,55,0.67,0.36850000000000005,0.15,0.15,0.05,0.55,0.1
356,adaptive_mlp_ppo_seed4,0,NOOP,0.19475,0.329539,0.392951,0,61,231.6233516747148,89.4315242767334,39,1.3585565029046474,3390.95703125,27.061781169698605,3,1,55,0.67,0.36850000000000005,0.15,0.15,0.05,0.55,0.1,81,252.00096130737802,192.43669509887695,42,1.2671944754464286,3406.21875,33.67960928112892,3,2,56,0.67,0.36850000000000005,0.15,0.15,0.05,0.55,0.1
357,adaptive_mlp_ppo_seed4,0,NOOP,0.194375,-0.038955,0.185546,0,81,252.00096130737802,192.43669509887695,42,1.2671944754464286,3406.21875,33.67960928112892,3,2,56,0.67,0.36850000000000005,0.15,0.15,0.05,0.55,0.1,56,227.7704849992921,497.68829345703125,45,1.1872266981336805,3419.212890625,37.84320859652639,3,3,57,0.0,0.3685,0.1,0.15,0.1,0.55,0.1
358,adaptive_mlp_ppo_seed4,0,NOOP,0.194,-0.047355,0.187508,0,56,227.7704849992921,497.68829345703125,45,1.1872266981336805,3419.212890625,37.84320859652639,3,3,57,0.0,0.3685,0.1,0.15,0.1,0.55,0.1,53,231.46312593450256,384.5853805541992,48,1.11711851755778,3431.7880859375,40.6119433904532,3,4,58,0.0,0.335,0.15,0.15,0.1,0.5,0.1
359,adaptive_mlp_ppo_seed4,2,COMPACT_64KB,0.553716,0.287891,0.393055,0,53,231.46312593450256,384.5853805541992,48,1.11711851755778,3431.7880859375,40.6119433904532,3,4,58,0.0,0.335,0.15,0.15,0.1,0.5,0.1,93,320.6346040506117,182.23905563354492,43,1.2453215843023255,3427.125,25.341943296356238,3,0,59,0.67,0.36850000000000005,0.1,0.15,0.1,0.55,0.1
360,adaptive_mlp_ppo_seed4,0,NOOP,0.19425,-0.038995,0.189097,0,93,320.6346040506117,182.23905563354492,43,1.2453215843023255,3427.125,25.341943296356238,3,0,59,0.67,0.36850000000000005,0.1,0.15,0.1,0.55,0.1,79,259.6713697732666,315.16265869140625,46,1.1691967508067256,3442.115234375,30.78117078551805,3,1,60,0.0,0.36850000000000005,0.15,0.1,0.1,0.55,0.1
361,adaptive_mlp_ppo_seed4,0,NOOP,0.193875,0.3295,0.394316,0,79,259.6713697732666,315.16265869140625,46,1.1691967508067256,3442.115234375,30.78117078551805,3,1,60,0.0,0.36850000000000005,0.15,0.1,0.1,0.55,0.1,89,348.94930559385585,89.19405937194824,49,1.102687913544324,3458.029296875,34.23686567545646,3,2,61,0.67,0.3685,0.15,0.1,0.1,0.55,0.1
362,adaptive_mlp_ppo_seed4,0,NOOP,0.1935,-0.047376,0.188348,0,89,348.94930559385585,89.19405937194824,49,1.102687913544324,3458.029296875,34.23686567545646,3,2,61,0.67,0.3685,0.15,0.1,0.1,0.55,0.1,53,201.41335935510935,322.584867477417,52,1.042877197265625,3470.6953125,36.70602526203589,3,3,62,0.0,0.335,0.2,0.1,0.1,0.5,0.1
363,adaptive_mlp_ppo_seed4,0,NOOP,0.191151,0.329492,0.389424,0,53,201.41335935510935,322.584867477417,52,1.042877197265625,3470.6953125,36.70602526203589,3,3,62,0.0,0.335,0.2,0.1,0.1,0.5,0.1,74,218.39645925540225,205.11341094970703,55,0.9901322798295454,3485.265625,38.39075412267537,3,4,63,0.67,0.3350000000000001,0.2,0.1,0.1,0.5,0.1
364,adaptive_mlp_ppo_seed4,3,COMPACT_128KB,0.16275,-0.102375,0.18911,0,74,218.39645925540225,205.11341094970703,55,0.9901322798295454,3485.265625,38.39075412267537,3,4,63,0.67,0.3350000000000001,0.2,0.1,0.1,0.5,0.1,61,225.55369111837726,354.5207977294922,38,1.4158730757863898,3443.4033203125,13.210829313337948,3,0,64,0.0,0.3015,0.25,0.1,0.1,0.45,0.1
365,adaptive_mlp_ppo_seed4,0,NOOP,0.194875,0.337874,0.393554,0,61,225.55369111837726,354.5207977294922,38,1.4158730757863898,3443.4033203125,13.210829313337948,3,0,64,0.0,0.3015,0.25,0.1,0.1,0.45,0.1,98,369.1840711922894,167.27781295776367,41,1.3186366383622332,3460.1025390625,25.7806260022127,3,1,65,0.67,0.335,0.25,0.1,0.05,0.5,0.1
366,adaptive_mlp_ppo_seed4,0,NOOP,0.1945,0.329511,0.394414,0,98,369.1840711922894,167.27781295776367,41,1.3186366383622332,3460.1025390625,25.7806260022127,3,1,65,0.67,0.335,0.25,0.1,0.05,0.5,0.1,93,342.7637351001525,109.27629470825195,44,1.2345085144042969,3476.3759765625,31.99881250936929,3,2,66,0.67,0.335,0.25,0.1,0.05,0.5,0.1
367,adaptive_mlp_ppo_seed4,0,NOOP,0.194125,-0.039004,0.188313,0,93,342.7637351001525,109.27629470825195,44,1.2345085144042969,3476.3759765625,31.99881250936929,3,2,66,0.67,0.335,0.25,0.1,0.05,0.5,0.1,67,262.98939314250845,349.3506908416748,47,1.1603260446102062,3490.2607421875,35.98843221871871,3,3,67,0.0,0.3350000000000001,0.3,0.05,0.05,0.5,0.1
368,adaptive_mlp_ppo_seed4,0,NOOP,0.19375,0.329494,0.393633,0,67,262.98939314250845,349.3506908416748,47,1.1603260446102062,3490.2607421875,35.98843221871871,3,3,67,0.0,0.3350000000000001,0.3,0.05,0.05,0.5,0.1,62,220.04823942350978,118.33357810974121,50,1.0949298095703126,3503.775390625,38.678853134681255,3,4,68,0.67,0.335,0.3,0.05,0.05,0.5,0.1
369,adaptive_mlp_ppo_seed4,1,COMPACT_32KB,0.179557,-0.084007,0.190263,0,62,220.04823942350978,118.33357810974121,50,1.0949298095703126,3503.775390625,38.678853134681255,3,4,68,0.67,0.335,0.3,0.05,0.05,0.5,0.1,64,267.8485997180178,241.8508529663086,49,1.118661374461894,3508.1220703125,29.427714273616072,3,0,69,0.0,0.335,0.3,0.05,0.05,0.5,0.1
370,adaptive_mlp_ppo_seed4,0,NOOP,0.193125,0.329514,0.391471,0,64,267.8485997180178,241.8508529663086,49,1.118661374461894,3508.1220703125,29.427714273616072,3,0,69,0.0,0.335,0.3,0.05,0.05,0.5,0.1,100,321.90284979262793,201.47395133972168,55,1.0037162087180398,3533.0810546875,34.92880380188025,3,1,70,0.67,0.3350000000000001,0.3,0.05,0.05,0.5,0.1
371,adaptive_mlp_ppo_seed4,0,NOOP,0.183829,0.329512,0.384248,0,100,321.90284979262793,201.47395133972168,55,1.0037162087180398,3533.0810546875,34.92880380188025,3,1,70,0.67,0.3350000000000001,0.3,0.05,0.05,0.5,0.1,60,231.5589252852411,101.51505470275879,58,0.9553932979189116,3546.419921875,36.528754641699706,3,2,71,0.67,0.335,0.3,0.05,0.05,0.5,0.1
372,adaptive_mlp_ppo_seed4,0,NOOP,0.174714,0.3379,0.374649,0,60,231.5589252852411,101.51505470275879,58,0.9553932979189116,3546.419921875,36.528754641699706,3,2,71,0.67,0.335,0.3,0.05,0.05,0.5,0.1,54,225.64534338094793,129.51064109802246,61,0.9116963871189805,3559.2626953125,37.7015502920683,3,3,72,0.67,0.3685,0.25,0.05,0.05,0.55,0.1
373,adaptive_mlp_ppo_seed4,0,NOOP,0.166489,0.337896,0.366066,0,54,225.64534338094793,129.51064109802246,61,0.9116963871189805,3559.2626953125,37.7015502920683,3,3,72,0.67,0.3685,0.25,0.05,0.05,0.55,0.1,70,256.6121746912976,151.1690616607666,64,0.8724467754364014,3573.5419921875,38.525363936193905,3,4,73,0.67,0.402,0.25,0.05,0.05,0.6,0.05
374,adaptive_mlp_ppo_seed4,1,COMPACT_32KB,0.179557,0.292907,0.394102,0,70,256.6121746912976,151.1690616607666,64,0.8724467754364014,3573.5419921875,38.525363936193905,3,4,73,0.67,0.402,0.25,0.05,0.05,0.6,0.05,67,189.68592359194406,99.88284111022949,49,1.1283475914779975,3538.498046875,28.181383616016074,3,0,74,0.67,0.43550000000000005,0.25,0.05,0.05,0.65,0.0
375,adaptive_mlp_ppo_seed4,0,NOOP,0.1935,0.329535,0.393487,0,67,189.68592359194406,99.88284111022949,49,1.1283475914779975,3538.498046875,28.181383616016074,3,0,74,0.67,0.43550000000000005,0.25,0.05,0.05,0.65,0.0,64,171.76824076627696,115.66495895385742,52,1.0673822256234975,3552.248046875,31.640639927361562,3,1,75,0.67,0.43550000000000005,0.25,0.05,0.05,0.65,0.0
376,adaptive_mlp_ppo_seed4,0,NOOP,0.193125,0.329537,0.393561,0,64,171.76824076627696,115.66495895385742,52,1.0673822256234975,3552.248046875,31.640639927361562,3,1,75,0.67,0.43550000000000005,0.25,0.05,0.05,0.65,0.0,91,335.74680114776913,96.92907333374023,55,1.0137245871803977,3568.310546875,33.969891009997966,3,2,76,0.67,0.43550000000000005,0.25,0.05,0.05,0.65,0.0
377,adaptive_mlp_ppo_seed4,0,NOOP,0.185674,0.337902,0.384629,0,91,335.74680114776913,96.92907333374023,55,1.0137245871803977,3568.310546875,33.969891009997966,3,2,76,0.67,0.43550000000000005,0.25,0.05,0.05,0.65,0.0,50,199.96014435751846,174.79348182678223,58,0.9646224975585938,3580.6787109375,35.74294454008922,3,3,77,0.67,0.46900000000000003,0.25,0.05,0.0,0.7,0.0
378,adaptive_mlp_ppo_seed4,0,NOOP,0.176553,0.337912,0.37667,0,50,199.96014435751846,174.79348182678223,58,0.9646224975585938,3580.6787109375,35.74294454008922,3,3,77,0.67,0.46900000000000003,0.25,0.05,0.0,0.7,0.0,72,223.41619836471622,120.37277221679688,61,0.9208876813044313,3595.1455078125,36.983513888587304,3,4,78,0.67,0.5025000000000001,0.2,0.05,0.0,0.75,0.0
379,adaptive_mlp_ppo_seed4,0,NOOP,0.168207,0.329521,0.366559,0,72,223.41619836471622,120.37277221679688,61,0.9208876813044313,3595.1455078125,36.983513888587304,3,4,78,0.67,0.5025000000000001,0.2,0.05,0.0,0.75,0.0,63,269.80176640561984,212.41259574890137,64,0.8810367584228516,3608.7265625,37.910309062840156,3,5,79,0.67,0.5025000000000001,0.2,0.05,0.0,0.75,0.0
380,adaptive_mlp_ppo_seed4,3,COMPACT_128KB,0.16275,0.28289,0.39396,0,63,269.80176640561984,212.41259574890137,64,0.8810367584228516,3608.7265625,37.910309062840156,3,5,79,0.67,0.5025000000000001,0.2,0.05,0.0,0.75,0.0,97,368.59606296929815,161.99207305908203,38,1.4565108449835527,3542.234375,14.27642123888346,3,0,80,0.67,0.536,0.15,0.05,0.0,0.8,0.0
381,adaptive_mlp_ppo_seed4,0,NOOP,0.194875,0.329501,0.394903,0,97,368.59606296929815,161.99207305908203,38,1.4565108449835527,3542.234375,14.27642123888346,3,0,80,0.67,0.536,0.15,0.05,0.0,0.8,0.0,87,328.00488270979605,99.87330436706543,41,1.3559518209317836,3558.017578125,26.957777232044727,3,1,81,0.67,0.536,0.15,0.05,0.0,0.8,0.0
382,adaptive_mlp_ppo_seed4,0,NOOP,0.1945,0.337888,0.392746,0,87,328.00488270979605,99.87330436706543,41,1.3559518209317836,3558.017578125,26.957777232044727,3,1,81,0.67,0.536,0.15,0.05,0.0,0.8,0.0,95,398.63188623862754,192.68393516540527,44,1.2693588950417258,3574.5146484375,33.253438370977584,3,2,82,0.67,0.5695,0.1,0.05,0.0,0.85,0.0
383,adaptive_mlp_ppo_seed4,0,NOOP,0.194125,-0.047367,0.19068,0,95,398.63188623862754,192.68393516540527,44,1.2693588950417258,3574.5146484375,33.253438370977584,3,2,82,0.67,0.5695,0.1,0.05,0.0,0.85,0.0,89,281.6885144710451,230.99493980407715,47,1.193626566136137,3590.4287109375,37.2295235053229,3,3,83,0.0,0.536,0.1,0.1,0.0,0.8,0.0
384,adaptive_mlp_ppo_seed4,0,NOOP,0.19375,0.337879,0.394141,0,89,281.6885144710451,230.99493980407715,47,1.193626566136137,3590.4287109375,37.2295235053229,3,3,83,0.0,0.536,0.1,0.1,0.0,0.8,0.0,66,259.47723257093526,92.97442436218262,50,1.126319580078125,3604.22265625,39.97488451161281,3,4,84,0.67,0.5695,0.05,0.1,0.0,0.85,0.0
385,adaptive_mlp_ppo_seed4,0,NOOP,0.193375,0.329502,0.391954,0,66,259.47723257093526,92.97442436218262,50,1.126319580078125,3604.22265625,39.97488451161281,3,4,84,0.67,0.5695,0.05,0.1,0.0,0.85,0.0,69,276.8350651847643,187.3157024383545,53,1.0667217902417452,3618.3203125,41.8700685318269,3,5,85,0.67,0.5695,0.05,0.1,0.0,0.85,0.0
386,adaptive_mlp_ppo_seed4,3,COMPACT_128KB,0.16275,0.274501,0.393836,0,69,276.8350651847643,187.3157024383545,53,1.0667217902417452,3618.3203125,41.8700685318269,3,5,85,0.67,0.5695,0.05,0.1,0.0,0.85,0.0,60,192.8666876144785,168.20740699768066,38,1.473072654322574,3582.5126953125,13.329173122981016,3,0,86,0.67,0.5695,0.05,0.1,0.0,0.85,0.0
387,adaptive_mlp_ppo_seed4,0,NOOP,0.194875,-0.038995,0.190073,0,60,192.8666876144785,168.20740699768066,38,1.473072654322574,3582.5126953125,13.329173122981016,3,0,86,0.67,0.5695,0.05,0.1,0.0,0.85,0.0,95,352.69057656919244,291.35823249816895,41,1.3716006395293445,3599.080078125,26.68818967630446,3,1,87,0.0,0.5695,0.05,0.1,0.0,0.85,0.0
388,adaptive_mlp_ppo_seed4,0,NOOP,0.1945,-0.047356,0.191421,0,95,352.69057656919244,291.35823249816895,41,1.3716006395293445,3599.080078125,26.68818967630446,3,1,87,0.0,0.5695,0.05,0.1,0.0,0.85,0.0,54,210.80984966380987,208.93311500549316,44,1.2826253717595881,3611.873046875,33.40810622912499,3,2,88,0.0,0.536,0.05,0.1,0.0,0.8,0.05
389,adaptive_mlp_ppo_seed4,0,NOOP,0.194125,0.337899,0.394118,0,54,210.80984966380987,208.93311500549316,44,1.2826253717595881,3611.873046875,33.40810622912499,3,2,88,0.0,0.536,0.05,0.1,0.0,0.8,0.05,58,215.8800646744889,109.08889770507812,47,1.2051277972282248,3625.0244140625,37.57731052877332,3,3,89,0.67,0.5695,0.05,0.05,0.0,0.85,0.05
390,adaptive_mlp_ppo_seed4,0,NOOP,0.19375,-0.047345,0.188102,0,58,215.8800646744889,109.08889770507812,47,1.2051277972282248,3625.0244140625,37.57731052877332,3,3,89,0.67,0.5695,0.05,0.05,0.0,0.85,0.05,60,186.3483582036503,344.8798656463623,50,1.1369921875,3638.375,40.36942552073725,3,4,90,0.0,0.536,0.1,0.05,0.0,0.8,0.05
391,adaptive_mlp_ppo_seed4,0,NOOP,0.193375,-0.047351,0.184086,0,60,186.3483582036503,344.8798656463623,50,1.1369921875,3638.375,40.36942552073725,3,4,90,0.0,0.536,0.1,0.05,0.0,0.8,0.05,93,376.38673234557655,530.6861400604248,53,1.077408124815743,3654.568359375,42.22545977863507,3,5,91,0.0,0.5025000000000001,0.1,0.05,0.05,0.75,0.05
392,adaptive_mlp_ppo_seed4,1,COMPACT_32KB,0.178932,0.284536,0.393847,0,93,376.38673234557655,530.6861400604248,53,1.077408124815743,3654.568359375,42.22545977863507,3,5,91,0.0,0.5025000000000001,0.1,0.05,0.05,0.75,0.05,65,216.06108012407495,87.6612663269043,54,1.0607935587565105,3666.1025390625,31.560812420467283,3,0,92,0.67,0.5025000000000001,0.1,0.05,0.05,0.75,0.05
393,adaptive_mlp_ppo_seed4,0,NOOP,0.192875,0.329524,0.393469,0,65,216.06108012407495,87.6612663269043,54,1.0607935587565105,3666.1025390625,31.560812420467283,3,0,92,0.67,0.5025000000000001,0.1,0.05,0.05,0.75,0.05,86,286.68129359805505,91.56203269958496,57,1.0092513770387883,3681.7490234375,33.79893340196025,3,1,93,0.67,0.5025000000000001,0.1,0.05,0.05,0.75,0.05
394,adaptive_mlp_ppo_seed4,0,NOOP,0.184995,-0.047347,0.172361,0,86,286.68129359805505,91.56203269958496,57,1.0092513770387883,3681.7490234375,33.79893340196025,3,1,93,0.67,0.5025000000000001,0.1,0.05,0.05,0.75,0.05,68,249.4775130331339,706.7127227783203,60,0.9624773661295573,3695.9130859375,35.461971081724904,3,2,94,0.0,0.46900000000000003,0.1,0.05,0.1,0.7,0.05
395,adaptive_mlp_ppo_seed4,0,NOOP,0.176146,-0.047344,0.172494,0,68,249.4775130331339,706.7127227783203,60,0.9624773661295573,3695.9130859375,35.461971081724904,3,2,94,0.0,0.46900000000000003,0.1,0.05,0.1,0.7,0.05,66,286.7258546650011,261.3494396209717,63,0.9201064336867559,3709.869140625,36.69132841788413,3,3,95,0.0,0.43550000000000005,0.1,0.05,0.1,0.65,0.1
396,adaptive_mlp_ppo_seed4,0,NOOP,0.168206,-0.047349,0.156113,0,66,286.7258546650011,261.3494396209717,63,0.9201064336867559,3709.869140625,36.69132841788413,3,3,95,0.0,0.43550000000000005,0.1,0.05,0.1,0.65,0.1,98,430.57662279980434,687.1395111083984,66,0.8822809855143229,3726.7548828125,37.54150307554908,3,4,96,0.0,0.402,0.1,0.05,0.15,0.6,0.1
397,adaptive_mlp_ppo_seed4,3,COMPACT_128KB,0.16275,0.274525,0.395499,0,98,430.57662279980434,687.1395111083984,66,0.8822809855143229,3726.7548828125,37.54150307554908,3,4,96,0.0,0.402,0.1,0.05,0.15,0.6,0.1,96,291.6730477111471,85.04366874694824,38,1.5028477718955593,3654.92578125,11.821181331110193,3,0,97,0.67,0.402,0.1,0.05,0.15,0.6,0.1
398,adaptive_mlp_ppo_seed4,0,NOOP,0.194875,0.32953,0.39452,0,96,291.6730477111471,85.04366874694824,38,1.5028477718955593,3654.92578125,11.821181331110193,3,0,97,0.67,0.402,0.1,0.05,0.15,0.6,0.1,55,214.2003608281405,119.01211738586426,41,1.3977936535346798,3667.810546875,26.763337039837147,3,1,98,0.67,0.402,0.1,0.05,0.15,0.6,0.1
399,adaptive_mlp_ppo_seed4,0,NOOP,0.1945,-0.047357,0.19019,0,55,214.2003608281405,119.01211738586426,41,1.3977936535346798,3667.810546875,26.763337039837147,3,1,98,0.67,0.402,0.1,0.05,0.15,0.6,0.1,70,282.52380416258904,270.4885005950928,44,1.3075076016512783,3681.94140625,33.66738342601775,3,2,99,0.0,0.3685,0.1,0.1,0.15,0.55,0.1
400,adaptive_mlp_ppo_seed4,0,NOOP,0.194125,-0.047375,0.189871,0,70,282.52380416258904,270.4885005950928,44,1.3075076016512783,3681.94140625,33.66738342601775,3,2,99,0.0,0.3685,0.1,0.1,0.15,0.55,0.1,80,249.67655716577525,271.43049240112305,47,1.2290811741605718,3697.076171875,37.91379899753419,3,3,100,0.0,0.3350000000000001,0.1,0.15,0.15,0.5,0.1
401,adaptive_mlp_ppo_seed4,0,NOOP,0.19375,-0.047373,0.188241,0,80,249.67655716577525,271.43049240112305,47,1.2290811741605718,3697.076171875,37.91379899753419,3,3,100,0.0,0.3350000000000001,0.1,0.15,0.15,0.5,0.1,51,185.80662376829318,337.9707336425781,50,1.1592422485351563,3709.5751953125,40.85230228226895,3,4,101,0.0,0.3015,0.1,0.2,0.15,0.45,0.1
402,adaptive_mlp_ppo_seed4,3,COMPACT_128KB,0.16275,-0.102363,0.192474,0,51,185.80662376829318,337.9707336425781,50,1.1592422485351563,3709.5751953125,40.85230228226895,3,4,101,0.0,0.3015,0.1,0.2,0.15,0.45,0.1,73,277.2438187372893,186.2940788269043,38,1.5145207455283718,3683.314453125,11.794096828036853,3,0,102,0.0,0.26800000000000007,0.1,0.2,0.15,0.4,0.15
403,adaptive_mlp_ppo_seed4,0,NOOP,0.194875,-0.038991,0.191993,0,73,277.2438187372893,186.2940788269043,38,1.5145207455283718,3683.314453125,11.794096828036853,3,0,102,0.0,0.26800000000000007,0.1,0.2,0.15,0.4,0.15,53,205.36741679223164,195.36137580871582,41,1.4085358410346798,3695.998046875,26.947235561038735,3,1,103,0.0,0.268,0.1,0.15,0.15,0.4,0.2
404,adaptive_mlp_ppo_seed4,0,NOOP,0.1945,-0.047373,0.191484,0,53,205.36741679223164,195.36137580871582,41,1.4085358410346798,3695.998046875,26.947235561038735,3,1,103,0.0,0.268,0.1,0.15,0.15,0.4,0.2,52,154.34159210373613,205.80148696899414,44,1.31696909124201,3708.5849609375,33.99851010316834,3,2,104,0.0,0.23450000000000001,0.1,0.15,0.15,0.35,0.25
405,adaptive_mlp_ppo_seed4,6,PARTITION_EVENT_TYPE,-0.26042,-0.297379,0.190668,0,52,154.34159210373613,205.80148696899414,44,1.31696909124201,3708.5849609375,33.99851010316834,3,2,104,0.0,0.23450000000000001,0.1,0.15,0.15,0.35,0.25,72,277.2485083622603,231.58526420593262,47,1.23769459825881,3722.9853515625,38.29488423553218,3,3,105,0.0,0.201,0.1,0.15,0.15,0.3,0.3
406,adaptive_mlp_ppo_seed4,6,PARTITION_EVENT_TYPE,-0.260795,-0.297385,0.184406,0,72,277.2485083622603,231.58526420593262,47,1.23769459825881,3722.9853515625,38.29488423553218,3,3,105,0.0,0.201,0.1,0.15,0.15,0.3,0.3,78,252.0784353610981,529.7236442565918,50,1.168087158203125,3737.87890625,41.16083607996844,3,4,106,0.0,0.16750000000000004,0.1,0.15,0.2,0.25,0.3
407,adaptive_mlp_ppo_seed4,0,NOOP,0.193375,-0.039032,0.189763,0,78,252.0784353610981,529.7236442565918,50,1.168087158203125,3737.87890625,41.16083607996844,3,4,106,0.0,0.16750000000000004,0.1,0.15,0.2,0.25,0.3,73,230.35656854815957,246.86002731323242,53,1.1062699803766214,3752.4677734375,43.158567914492046,3,5,107,0.0,0.16750000000000004,0.05,0.15,0.2,0.25,0.35
408,adaptive_mlp_ppo_seed4,3,COMPACT_128KB,0.16275,-0.09403,0.192529,0,73,230.35656854815957,246.86002731323242,53,1.1062699803766214,3752.4677734375,43.158567914492046,3,5,107,0.0,0.16750000000000004,0.05,0.15,0.2,0.25,0.35,84,306.9818514500804,183.56633186340332,38,1.5288379066868831,3718.1337890625,11.616468193588599,3,0,108,0.0,0.1675,0.05,0.15,0.2,0.25,0.35
409,adaptive_mlp_ppo_seed4,0,NOOP,0.194875,-0.047394,0.186757,0,84,306.9818514500804,183.56633186340332,38,1.5288379066868831,3718.1337890625,11.616468193588599,3,0,108,0.0,0.1675,0.05,0.15,0.2,0.25,0.35,86,291.14744867732213,457.13114738464355,41,1.4229792152963034,3733.8974609375,26.851283563053414,3,1,109,0.0,0.134,0.05,0.15,0.25,0.2,0.35
410,adaptive_mlp_ppo_seed4,0,NOOP,0.1945,-0.039012,0.191427,0,86,291.14744867732213,457.13114738464355,41,1.4229792152963034,3733.8974609375,26.851283563053414,3,1,109,0.0,0.134,0.05,0.15,0.25,0.2,0.35,55,197.13528087199143,208.62555503845215,44,1.3305334611372515,3746.7822265625,34.06356139482065,3,2,110,0.0,0.134,0.0,0.15,0.25,0.2,0.4
411,adaptive_mlp_ppo_seed4,4,PARTITION_HOUR,0.012307,-0.139013,0.190949,0,55,197.13528087199143,208.62555503845215,44,1.3305334611372515,3746.7822265625,34.06356139482065,3,2,110,0.0,0.134,0.0,0.15,0.25,0.2,0.4,72,266.16090406076427,217.56243705749512,47,1.250398351791057,3761.1982421875,38.45789482717527,1,3,0,0.0,0.134,0.0,0.15,0.2,0.2,0.45
412,adaptive_mlp_ppo_seed4,0,NOOP,0.194,-0.061709,0.19058,0,72,266.16090406076427,217.56243705749512,47,1.250398351791057,3761.1982421875,38.45789482717527,1,3,0,0.0,0.134,0.0,0.15,0.2,0.2,0.45,72,266.60288699984903,230.98134994506836,48,1.2273419698079426,3770.39453125,39.396161709539676,1,4,1,0.0,0.1005,0.0,0.15,0.2,0.15,0.5
413,adaptive_mlp_ppo_seed4,1,COMPACT_32KB,0.180182,-0.053375,0.191613,0,72,266.60288699984903,230.98134994506836,48,1.2273419698079426,3770.39453125,39.396161709539676,1,4,1,0.0,0.1005,0.0,0.15,0.2,0.15,0.5,54,210.63516860212613,199.33128356933594,44,1.336848172274503,3764.564453125,13.96284483295814,1,0,2,0.0,0.067,0.0,0.15,0.2,0.1,0.55
414,adaptive_mlp_ppo_seed4,0,NOOP,0.194375,0.0,0.190387,0,54,210.63516860212613,199.33128356933594,44,1.336848172274503,3764.564453125,13.96284483295814,1,0,2,0.0,0.067,0.0,0.15,0.2,0.1,0.55,69,252.6958310558659,255.6459903717041,45,1.3101769341362848,3773.3095703125,17.934521082055863,1,1,3,0.0,0.067,0.0,0.15,0.15,0.15,0.55
415,adaptive_mlp_ppo_seed4,0,NOOP,0.19425,0.0,0.189743,0,69,252.6958310558659,255.6459903717041,45,1.3101769341362848,3773.3095703125,17.934521082055863,1,1,3,0.0,0.067,0.0,0.15,0.15,0.15,0.55,65,259.11140003725626,282.8404903411865,46,1.2846188752547554,3781.91796875,20.918302363047424,1,2,4,0.0,0.067,0.0,0.2,0.15,0.15,0.5
416,adaptive_mlp_ppo_seed4,0,NOOP,0.194125,0.0,0.189701,0,65,259.11140003725626,282.8404903411865,46,1.2846188752547554,3781.91796875,20.918302363047424,1,2,4,0.0,0.067,0.0,0.2,0.15,0.15,0.5,62,285.94581863085216,279.9410820007324,47,1.260020154587766,3790.140625,23.335623208812244,1,3,5,0.0,0.067,0.0,0.25,0.1,0.15,0.5
417,adaptive_mlp_ppo_seed4,0,NOOP,0.194,-0.008375,0.190514,0,62,285.94581863085216,279.9410820007324,47,1.260020154587766,3790.140625,23.335623208812244,1,3,5,0.0,0.067,0.0,0.25,0.1,0.15,0.5,85,285.1948758397476,234.3161106109619,48,1.2371015548706055,3800.3759765625,25.22371633244373,1,4,6,0.0,0.0335,0.0,0.25,0.1,0.1,0.55
418,adaptive_mlp_ppo_seed4,1,COMPACT_32KB,0.180057,-0.053375,0.190424,0,85,285.1948758397476,234.3161106109619,48,1.2371015548706055,3800.3759765625,25.22371633244373,1,4,6,0.0,0.0335,0.0,0.25,0.1,0.1,0.55,68,274.58460045479666,253.81064414978027,45,1.3185336642795138,3797.376953125,15.779364834303966,1,0,7,0.0,0.0,0.0,0.3,0.1,0.05,0.55
419,adaptive_mlp_ppo_seed4,0,NOOP,0.19425,0.0,0.191217,0,68,274.58460045479666,253.81064414978027,45,1.3185336642795138,3797.376953125,15.779364834303966,1,0,7,0.0,0.0,0.0,0.3,0.1,0.05,0.55,54,195.56431129700175,209.14626121520996,46,1.2924224190090015,3804.8916015625,19.285143712047685,1,1,8,0.0,0.0,0.0,0.25,0.1,0.05,0.6
420,adaptive_mlp_ppo_seed4,0,NOOP,0.194125,0.421875,0.409797,0,54,195.56431129700175,209.14626121520996,46,1.2924224190090015,3804.8916015625,19.285143712047685,1,1,8,0.0,0.0,0.0,0.25,0.1,0.05,0.6,55,214.03719469877194,525.1684188842773,47,1.267456703997673,3812.509765625,21.99595039018106,1,2,9,0.75,0.0375,0.0,0.2,0.15,0.05,0.6
421,adaptive_mlp_ppo_seed4,0,NOOP,0.194,0.421875,0.409648,0,55,214.03719469877194,525.1684188842773,47,1.267456703997673,3812.509765625,21.99595039018106,1,2,9,0.75,0.0375,0.0,0.2,0.15,0.05,0.6,90,357.68146427850627,527.616024017334,48,1.2445138295491536,3823.146484375,24.021186147627795,1,3,10,0.75,0.075,0.0,0.15,0.2,0.05,0.6
422,adaptive_mlp_ppo_seed4,0,NOOP,0.193875,0.0,0.18901,0,90,357.68146427850627,527.616024017334,48,1.2445138295491536,3823.146484375,24.021186147627795,1,3,10,0.75,0.075,0.0,0.15,0.2,0.05,0.6,80,319.53680425408726,304.5048713684082,49,1.222232117944834,3832.919921875,25.78062530298616,1,4,11,0.0,0.075,0.0,0.2,0.2,0.05,0.55
423,adaptive_mlp_ppo_seed4,3,COMPACT_128KB,0.16225,-0.055,0.191686,0,80,319.53680425408726,304.5048713684082,49,1.222232117944834,3832.919921875,25.78062530298616,1,4,11,0.0,0.075,0.0,0.2,0.2,0.05,0.55,67,266.28154827387874,205.704927444458,42,1.4203567504882812,3817.9189453125,7.253746791426561,1,0,12,0.0,0.075,0.0,0.2,0.2,0.05,0.55
424,adaptive_mlp_ppo_seed4,0,NOOP,0.194625,0.0,0.191394,0,67,266.28154827387874,205.704927444458,42,1.4203567504882812,3817.9189453125,7.253746791426561,1,0,12,0.0,0.075,0.0,0.2,0.2,0.05,0.55,84,309.99293122061823,215.29674530029297,43,1.3910483426825946,3828.1650390625,14.235693784645974,1,1,13,0.0,0.075,0.0,0.2,0.2,0.05,0.55
425,adaptive_mlp_ppo_seed4,0,NOOP,0.1945,0.0,0.191564,0,84,309.99293122061823,215.29674530029297,43,1.3910483426825946,3828.1650390625,14.235693784645974,1,1,13,0.0,0.075,0.0,0.2,0.2,0.05,0.55,67,268.27221836122163,201.77721977233887,44,1.3625162298029119,3836.845703125,18.564996339683784,1,2,14,0.0,0.075,0.0,0.2,0.2,0.05,0.55
426,adaptive_mlp_ppo_seed4,0,NOOP,0.194375,0.0,0.191407,0,67,268.27221836122163,201.77721977233887,44,1.3625162298029119,3836.845703125,18.564996339683784,1,2,14,0.0,0.075,0.0,0.2,0.2,0.05,0.55,63,263.9046735412349,204.65898513793945,45,1.3351145426432292,3845.1298828125,21.79961130974468,1,3,15,0.0,0.075,0.0,0.2,0.15,0.05,0.6
427,adaptive_mlp_ppo_seed4,0,NOOP,0.19425,0.0,0.189989,0,63,263.9046735412349,204.65898513793945,45,1.3351145426432292,3845.1298828125,21.79961130974468,1,3,15,0.0,0.075,0.0,0.2,0.15,0.05,0.6,68,234.71898505831504,270.54595947265625,46,1.3090588113536006,3853.869140625,24.34293279051917,1,4,16,0.0,0.075,0.0,0.2,0.15,0.1,0.55
428,adaptive_mlp_ppo_seed4,3,COMPACT_128KB,0.16225,-0.055,0.191856,0,68,234.71898505831504,270.54595947265625,46,1.3090588113536006,3853.869140625,24.34293279051917,1,4,16,0.0,0.075,0.0,0.2,0.15,0.1,0.55,53,206.45036280035626,197.21698760986328,42,1.430967785063244,3846.44140625,8.319584907345197,1,0,17,0.0,0.075,0.0,0.2,0.15,0.1,0.55
429,adaptive_mlp_ppo_seed4,0,NOOP,0.194625,0.0,0.190789,0,53,206.45036280035626,197.21698760986328,42,1.430967785063244,3846.44140625,8.319584907345197,1,0,17,0.0,0.075,0.0,0.2,0.15,0.1,0.55,50,207.40532687459762,245.53608894348145,43,1.4003171698991643,3853.6728515625,15.265410343548806,1,1,18,0.0,0.075,0.0,0.2,0.1,0.1,0.6
430,adaptive_mlp_ppo_seed4,0,NOOP,0.1945,0.0,0.192225,0,50,207.40532687459762,245.53608894348145,43,1.4003171698991643,3853.6728515625,15.265410343548806,1,1,18,0.0,0.075,0.0,0.2,0.1,0.1,0.6,77,307.11518576032455,168.7636375427246,44,1.371870907870206,3863.1884765625,19.32482375974397,1,2,19,0.0,0.075,0.0,0.2,0.1,0.15,0.55
431,adaptive_mlp_ppo_seed4,0,NOOP,0.194375,0.0,0.191354,0,77,307.11518576032455,168.7636375427246,44,1.371870907870206,3863.1884765625,19.32482375974397,1,2,19,0.0,0.075,0.0,0.2,0.1,0.15,0.55,61,257.3446281540371,207.29756355285645,45,1.344218953450521,3871.3505859375,22.492177516088606,1,3,20,0.0,0.075,0.0,0.2,0.1,0.15,0.55
432,adaptive_mlp_ppo_seed4,0,NOOP,0.19425,0.0,0.190663,0,61,257.3446281540371,207.29756355285645,45,1.344218953450521,3871.3505859375,22.492177516088606,1,3,20,0.0,0.075,0.0,0.2,0.1,0.15,0.55,78,299.8806658032014,236.85932159423828,46,1.3182376364003057,3880.8916015625,24.93676209213573,1,4,21,0.0,0.075,0.0,0.2,0.1,0.15,0.55
433,adaptive_mlp_ppo_seed4,6,PARTITION_EVENT_TYPE,0.012307,-0.1,0.190489,0,78,299.8806658032014,236.85932159423828,46,1.3182376364003057,3880.8916015625,24.93676209213573,1,4,21,0.0,0.075,0.0,0.2,0.1,0.15,0.55,61,241.82842970457244,240.5393123626709,47,1.2928934300199468,3889.0234375,27.055125178358466,3,5,0,0.0,0.075,0.0,0.2,0.1,0.15,0.55
434,adaptive_mlp_ppo_seed4,3,COMPACT_128KB,0.163875,-0.094179,0.193709,0,61,241.82842970457244,240.5393123626709,47,1.2928934300199468,3889.0234375,27.055125178358466,3,5,0,0.0,0.075,0.0,0.2,0.1,0.15,0.55,71,224.21360992276638,169.52919960021973,29,2.0719078327047415,3845.4609375,59.60040585044258,3,0,1,0.0,0.075,0.0,0.2,0.1,0.1,0.6
435,adaptive_mlp_ppo_seed4,0,NOOP,0.196,0.337665,0.395548,0,71,224.21360992276638,169.52919960021973,29,2.0719078327047415,3845.4609375,59.60040585044258,3,0,1,0.0,0.075,0.0,0.2,0.1,0.1,0.6,61,204.09701152616142,112.58411407470703,32,1.8841800689697266,3858.80078125,68.18470472562437,3,1,2,0.67,0.1085,0.0,0.15,0.1,0.15,0.6
436,adaptive_mlp_ppo_seed4,0,NOOP,0.195625,-0.039235,0.191874,0,61,204.09701152616142,112.58411407470703,32,1.8841800689697266,3858.80078125,68.18470472562437,3,1,2,0.67,0.1085,0.0,0.15,0.1,0.15,0.6,77,275.04312050286956,231.31155967712402,35,1.729350062779018,3873.744140625,72.92083762104997,3,2,3,0.0,0.1085,0.0,0.15,0.1,0.15,0.6
437,adaptive_mlp_ppo_seed4,0,NOOP,0.19525,-0.039266,0.192493,0,77,275.04312050286956,231.31155967712402,35,1.729350062779018,3873.744140625,72.92083762104997,3,2,3,0.0,0.1085,0.0,0.15,0.1,0.15,0.6,55,182.64359962408247,185.36043167114258,38,1.5980798821700246,3886.5302734375,75.71163287936976,3,3,4,0.0,0.1085,0.0,0.15,0.1,0.15,0.6
438,adaptive_mlp_ppo_seed4,0,NOOP,0.194875,-0.039287,0.186366,0,55,182.64359962408247,185.36043167114258,38,1.5980798821700246,3886.5302734375,75.71163287936976,3,3,4,0.0,0.1085,0.0,0.15,0.1,0.15,0.6,74,275.73929814866966,476.70555114746094,41,1.4867144328791921,3901.138671875,77.21482862952092,3,4,5,0.0,0.1085,0.0,0.1,0.15,0.15,0.6
439,adaptive_mlp_ppo_seed4,3,COMPACT_128KB,0.164125,-0.094303,0.192549,0,74,275.73929814866966,476.70555114746094,41,1.4867144328791921,3901.138671875,77.21482862952092,3,4,5,0.0,0.1085,0.0,0.1,0.15,0.15,0.6,52,202.4223508982625,237.53786087036133,27,2.237715544524016,3866.7724609375,46.75100880308901,3,0,6,0.0,0.1085,0.05,0.1,0.15,0.15,0.55
440,adaptive_mlp_ppo_seed4,0,NOOP,0.19625,0.328166,0.394016,0,52,202.4223508982625,237.53786087036133,27,2.237715544524016,3866.7724609375,46.75100880308901,3,0,6,0.0,0.1085,0.05,0.1,0.15,0.15,0.55,73,230.9159752781957,199.18346405029297,30,2.0215326944986978,3881.3427734375,61.17371895595347,3,1,7,0.67,0.1045,0.05,0.1,0.1,0.2,0.55
441,adaptive_mlp_ppo_seed4,0,NOOP,0.195875,-0.048741,0.193322,0,73,230.9159752781957,199.18346405029297,30,2.0215326944986978,3881.3427734375,61.17371895595347,3,1,7,0.67,0.1045,0.05,0.1,0.1,0.2,0.55,63,219.03042490424093,168.9133644104004,33,1.844158750591856,3894.86328125,68.70712731713016,3,2,8,0.0,0.067,0.05,0.1,0.05,0.2,0.6
442,adaptive_mlp_ppo_seed4,0,NOOP,0.1955,-0.039378,0.192887,0,63,219.03042490424093,168.9133644104004,33,1.844158750591856,3894.86328125,68.70712731713016,3,2,8,0.0,0.067,0.05,0.1,0.05,0.2,0.6,80,327.34338614686266,175.67205429077148,36,1.6970418294270833,3909.984375,72.93357792476475,3,3,9,0.0,0.067,0.05,0.05,0.05,0.2,0.65
443,adaptive_mlp_ppo_seed4,0,NOOP,0.195125,-0.039414,0.192343,0,80,327.34338614686266,175.67205429077148,36,1.6970418294270833,3909.984375,72.93357792476475,3,3,9,0.0,0.067,0.05,0.05,0.05,0.2,0.65,99,324.5916152891874,187.86287307739258,39,1.5732543162810497,3926.8427734375,75.31857116020754,3,4,10,0.0,0.067,0.05,0.05,0.05,0.2,0.65
444,adaptive_mlp_ppo_seed4,0,NOOP,0.19475,-0.039439,0.19165,0,99,324.5916152891874,187.86287307739258,39,1.5732543162810497,3926.8427734375,75.31857116020754,3,4,10,0.0,0.067,0.05,0.05,0.05,0.2,0.65,95,298.9796725365772,207.49425888061523,42,1.4670359293619792,3943.392578125,76.639481855903,3,5,11,0.0,0.067,0.05,0.05,0.05,0.2,0.65
445,adaptive_mlp_ppo_seed4,3,COMPACT_128KB,0.164125,-0.094454,0.194162,0,95,298.9796725365772,207.49425888061523,42,1.4670359293619792,3943.392578125,76.639481855903,3,5,11,0.0,0.067,0.05,0.05,0.05,0.2,0.65,81,283.4700938423812,156.9209098815918,27,2.2619363290292247,3908.6259765625,43.14381432365084,3,0,12,0.0,0.067,0.05,0.05,0.05,0.2,0.65
446,adaptive_mlp_ppo_seed4,0,NOOP,0.19625,-0.039484,0.192421,0,81,283.4700938423812,156.9209098815918,27,2.2619363290292247,3908.6259765625,43.14381432365084,3,0,12,0.0,0.067,0.05,0.05,0.05,0.2,0.65,84,271.6379902947204,228.96122932434082,30,2.0437957763671877,3924.087890625,59.02581580509938,3,1,13,0.0,0.067,0.05,0.05,0.05,0.2,0.65
447,adaptive_mlp_ppo_seed4,0,NOOP,0.195875,-0.039506,0.193291,0,84,271.6379902947204,228.96122932434082,30,2.0437957763671877,3924.087890625,59.02581580509938,3,1,13,0.0,0.067,0.05,0.05,0.05,0.2,0.65,57,177.7594995155907,170.4270839691162,33,1.864175507516572,3937.138671875,67.23422622883147,3,2,14,0.0,0.067,0.05,0.05,0.05,0.15,0.7
448,adaptive_mlp_ppo_seed4,0,NOOP,0.1955,-0.039515,0.192799,0,57,177.7594995155907,170.4270839691162,33,1.864175507516572,3937.138671875,67.23422622883147,3,2,14,0.0,0.067,0.05,0.05,0.05,0.15,0.7,58,217.18389192480376,180.0537109375,36,1.7145135667588975,3950.2392578125,71.91065788972254,3,3,15,0.0,0.067,0.05,0.05,0.05,0.15,0.7
449,adaptive_mlp_ppo_seed4,0,NOOP,0.195125,-0.03954,0.192401,0,58,217.18389192480376,180.0537109375,36,1.7145135667588975,3950.2392578125,71.91065788972254,3,3,15,0.0,0.067,0.05,0.05,0.05,0.15,0.7,70,259.70945573591837,184.97395515441895,39,1.588350344926883,3964.5224609375,74.60636424341058,3,4,16,0.0,0.067,0.05,0.05,0.05,0.15,0.7
450,adaptive_mlp_ppo_seed4,0,NOOP,0.19475,-0.039552,0.185642,0,70,259.70945573591837,184.97395515441895,39,1.588350344926883,3964.5224609375,74.60636424341058,3,4,16,0.0,0.067,0.05,0.05,0.05,0.15,0.7,86,269.0168326563975,507.9078674316406,42,1.4807692028227306,3980.3076171875,76.09453383889112,3,5,17,0.0,0.067,0.05,0.05,0.1,0.1,0.7
451,adaptive_mlp_ppo_seed4,0,NOOP,0.194375,-0.039563,0.19135,0,86,269.0168326563975,507.9078674316406,42,1.4807692028227306,3980.3076171875,76.09453383889112,3,5,17,0.0,0.067,0.05,0.05,0.1,0.1,0.7,40,142.42372741789114,207.4909210205078,45,1.386055162217882,3991.8388671875,76.95297502366579,3,6,18,0.0,0.067,0.05,0.05,0.1,0.1,0.7
452,adaptive_mlp_ppo_seed4,0,NOOP,0.194,-0.039569,0.190986,0,40,142.42372741789114,207.4909210205078,45,1.386055162217882,3991.8388671875,76.95297502366579,3,6,18,0.0,0.067,0.05,0.05,0.1,0.1,0.7,28,92.03354695931702,210.71648597717285,48,1.302824338277181,4002.2763671875,77.32060574732174,3,7,19,0.0,0.067,0.05,0.05,0.1,0.1,0.7
453,adaptive_mlp_ppo_seed4,1,COMPACT_32KB,0.561682,-0.084134,0.190161,0,28,92.03354695931702,210.71648597717285,48,1.302824338277181,4002.2763671875,77.32060574732174,3,7,19,0.0,0.067,0.05,0.05,0.1,0.1,0.7,30,89.51374977235476,231.95910453796387,52,1.2082610497107873,4021.0927734375,24.609212924633898,3,0,20,0.0,0.067,0.05,0.05,0.1,0.1,0.7
454,adaptive_mlp_ppo_seed4,6,PARTITION_EVENT_TYPE,-0.26142,-0.289122,0.189678,0,30,89.51374977235476,231.95910453796387,52,1.2082610497107873,4021.0927734375,24.609212924633898,3,0,20,0.0,0.067,0.05,0.05,0.1,0.1,0.7,49,185.41052844296252,241.0874366760254,55,1.1458634810014205,4033.439453125,29.215650443933527,3,1,21,0.0,0.067,0.05,0.05,0.1,0.1,0.7
455,adaptive_mlp_ppo_seed4,0,NOOP,0.19275,-0.04749,0.189217,0,49,185.41052844296252,241.0874366760254,55,1.1458634810014205,4033.439453125,29.215650443933527,3,1,21,0.0,0.067,0.05,0.05,0.1,0.1,0.7,22,73.85620582319433,249.1466999053955,58,1.0892491833917026,4043.29296875,32.45837808611061,3,2,22,0.0,0.0335,0.05,0.05,0.1,0.05,0.75
456,adaptive_mlp_ppo_seed4,0,NOOP,0.192375,-0.039115,0.187417,0,22,73.85620582319433,249.1466999053955,58,1.0892491833917026,4043.29296875,32.45837808611061,3,2,22,0.0,0.0335,0.05,0.05,0.1,0.05,0.75,47,167.8697387502693,324.15223121643066,61,1.0388023501536885,4055.484375,34.7248975315263,3,3,23,0.0,0.0335,0.05,0.0,0.1,0.05,0.8
457,adaptive_mlp_ppo_seed4,7,REMOVE_PARTITION,0.126879,-0.074109,0.186629,0,47,167.8697387502693,324.15223121643066,61,1.0388023501536885,4055.484375,34.7248975315263,3,3,23,0.0,0.0335,0.05,0.0,0.1,0.05,0.8,25,92.81289886295843,274.3029594421387,64,0.9925756454467773,4065.58984375,36.45828878838549,0,4,0,0.0,0.0335,0.05,0.0,0.1,0.05,0.8
458,adaptive_mlp_ppo_seed4,3,COMPACT_128KB,-0.130625,-0.055,0.191291,0,25,92.81289886295843,274.3029594421387,64,0.9925756454467773,4065.58984375,36.45828878838549,0,4,0,0.0,0.0335,0.05,0.0,0.1,0.05,0.8,21,82.84359201778007,210.44683456420898,45,1.3941908094618056,4015.26953125,10.443946543785515,0,0,1,0.0,0.0335,0.05,0.0,0.05,0.05,0.85
459,adaptive_mlp_ppo_seed4,0,NOOP,0.19425,0.0,0.191125,0,21,82.84359201778007,210.44683456420898,45,1.3941908094618056,4015.26953125,10.443946543785515,0,0,1,0.0,0.0335,0.05,0.0,0.05,0.05,0.85,39,155.79021474531137,213.73414993286133,46,1.3660016267195991,4021.5087890625,16.01165570475098,0,1,2,0.0,0.0335,0.0,0.0,0.05,0.05,0.9
460,adaptive_mlp_ppo_seed4,0,NOOP,0.194125,-0.008375,0.185337,0,39,155.79021474531137,213.73414993286133,46,1.3660016267195991,4021.5087890625,16.01165570475098,0,1,2,0.0,0.0335,0.0,0.0,0.05,0.05,0.9,44,171.324336493089,498.1691837310791,47,1.3391233403631981,4028.0830078125,19.74534369070833,0,2,3,0.0,0.0,0.0,0.0,0.1,0.0,0.9
461,adaptive_mlp_ppo_seed4,0,NOOP,0.194,0.0,0.190997,0,44,171.324336493089,498.1691837310791,47,1.3391233403631981,4028.0830078125,19.74534369070833,0,2,3,0.0,0.0,0.0,0.0,0.1,0.0,0.9,50,177.95850481564767,210.16669273376465,48,1.3135614395141602,4035.2607421875,22.58426651035631,0,3,4,0.0,0.0,0.0,0.0,0.1,0.0,0.9
462,adaptive_mlp_ppo_seed4,0,NOOP,0.193875,0.0,0.190701,0,50,177.95850481564767,210.16669273376465,48,1.3135614395141602,4035.2607421875,22.58426651035631,0,3,4,0.0,0.0,0.0,0.0,0.1,0.0,0.9,50,198.81101240274657,219.940185546875,49,1.2890450613839286,4042.4453125,24.90093916937271,0,4,5,0.0,0.0,0.0,0.0,0.1,0.0,0.9
463,adaptive_mlp_ppo_seed4,1,COMPACT_32KB,0.561682,-0.045,0.190443,0,50,198.81101240274657,219.940185546875,49,1.2890450613839286,4042.4453125,24.90093916937271,0,4,5,0.0,0.0,0.0,0.0,0.1,0.0,0.9,28,128.80384479555332,217.83757209777832,52,1.2181669381948619,4054.0595703125,23.94559965642707,0,0,6,0.0,0.0,0.0,0.0,0.1,0.0,0.9
464,adaptive_mlp_ppo_seed4,0,NOOP,0.193375,0.0,0.19026,0,28,128.80384479555332,217.83757209777832,52,1.2181669381948619,4054.0595703125,23.94559965642707,0,0,6,0.0,0.0,0.0,0.0,0.1,0.0,0.9,47,182.3694786992923,222.0160961151123,53,1.1972057414504718,4060.921875,25.646584903229755,0,1,7,0.0,0.0,0.0,0.0,0.1,0.0,0.9
465,adaptive_mlp_ppo_seed4,0,NOOP,0.19325,0.0,0.189723,0,47,182.3694786992923,222.0160961151123,53,1.1972057414504718,4060.921875,25.646584903229755,0,1,7,0.0,0.0,0.0,0.0,0.1,0.0,0.9,37,142.36017601780358,243.83544921875,54,1.1767758969907407,4066.9375,27.159794669300734,0,2,8,0.0,0.0,0.0,0.0,0.1,0.0,0.9
466,adaptive_mlp_ppo_seed4,0,NOOP,0.193125,0.0,0.189916,0,37,142.36017601780358,243.83544921875,54,1.1767758969907407,4066.9375,27.159794669300734,0,2,8,0.0,0.0,0.0,0.0,0.1,0.0,0.9,46,140.87342141847452,229.2041778564453,55,1.1573150634765625,4073.7490234375,28.448429322594787,0,3,9,0.0,0.0,0.0,0.0,0.1,0.0,0.9
467,adaptive_mlp_ppo_seed4,0,NOOP,0.193,0.0,0.187165,0,46,140.87342141847452,229.2041778564453,55,1.1573150634765625,4073.7490234375,28.448429322594787,0,3,9,0.0,0.0,0.0,0.0,0.1,0.0,0.9,29,106.66717178759315,361.7596626281738,56,1.138122286115374,4079.0302734375,29.649484144750694,0,4,10,0.0,0.0,0.05,0.0,0.1,0.0,0.85
468,adaptive_mlp_ppo_seed4,2,COMPACT_64KB,0.215591,-0.05,0.191088,0,29,106.66717178759315,361.7596626281738,56,1.138122286115374,4079.0302734375,29.649484144750694,0,4,10,0.0,0.0,0.05,0.0,0.1,0.0,0.85,36,151.6115481663927,205.60050010681152,48,1.3212881088256836,4058.9970703125,11.42377684686568,0,0,11,0.0,0.0,0.05,0.0,0.1,0.0,0.85
469,adaptive_mlp_ppo_seed4,0,NOOP,0.193875,0.0,0.190573,0,36,151.6115481663927,205.60050010681152,48,1.3212881088256836,4058.9970703125,11.42377684686568,0,0,11,0.0,0.0,0.05,0.0,0.1,0.0,0.85,28,110.17481356953019,226.37486457824707,49,1.2959762884646047,4064.181640625,16.011638460605443,0,1,12,0.0,0.0,0.05,0.0,0.1,0.0,0.85
470,adaptive_mlp_ppo_seed4,0,NOOP,0.19375,0.0,0.189358,0,28,110.17481356953019,226.37486457824707,49,1.2959762884646047,4064.181640625,16.011638460605443,0,1,12,0.0,0.0,0.05,0.0,0.1,0.0,0.85,49,200.6893010765813,282.09996223449707,50,1.2722628784179688,4071.2412109375,19.139090890909475,0,2,13,0.0,0.0,0.05,0.05,0.05,0.0,0.85
471,adaptive_mlp_ppo_seed4,0,NOOP,0.193625,0.0,0.191807,0,49,200.6893010765813,282.09996223449707,50,1.2722628784179688,4071.2412109375,19.139090890909475,0,2,13,0.0,0.0,0.05,0.05,0.05,0.0,0.85,38,150.63611292258545,154.66809272766113,51,1.2491847019569546,4077.3388671875,21.68495283158635,0,3,14,0.0,0.0,0.05,0.05,0.05,0.05,0.8
472,adaptive_mlp_ppo_seed4,0,NOOP,0.1935,0.0,0.190503,0,38,150.63611292258545,154.66809272766113,51,1.2491847019569546,4077.3388671875,21.68495283158635,0,3,14,0.0,0.0,0.05,0.05,0.05,0.05,0.8,40,142.08346883468835,214.85424041748047,52,1.227041978102464,4083.595703125,23.779126705000873,0,4,15,0.0,0.0,0.05,0.05,0.05,0.05,0.8
473,adaptive_mlp_ppo_seed4,3,COMPACT_128KB,-0.130625,-0.055,0.191644,0,40,142.08346883468835,214.85424041748047,52,1.227041978102464,4083.595703125,23.779126705000873,0,4,15,0.0,0.0,0.05,0.05,0.05,0.05,0.8,41,161.0907445623613,192.78955459594727,45,1.412080552842882,4066.7919921875,7.281446864955802,0,0,16,0.0,0.0,0.05,0.05,0.05,0.05,0.8
474,adaptive_mlp_ppo_seed4,0,NOOP,0.19425,0.0,0.190203,0,41,161.0907445623613,192.78955459594727,45,1.412080552842882,4066.7919921875,7.281446864955802,0,0,16,0.0,0.0,0.05,0.05,0.05,0.05,0.8,48,196.0479996104876,259.84764099121094,46,1.383750583814538,4073.76171875,14.24996552898429,0,1,17,0.0,0.0,0.05,0.1,0.05,0.05,0.75
475,adaptive_mlp_ppo_seed4,0,NOOP,0.194125,0.0,0.191192,0,48,196.0479996104876,259.84764099121094,46,1.383750583814538,4073.76171875,14.24996552898429,0,1,17,0.0,0.0,0.05,0.1,0.05,0.05,0.75,49,182.42433355316706,205.3968906402588,47,1.3566836093334442,4080.904296875,18.430558630138446,0,2,18,0.0,0.0,0.05,0.1,0.05,0.05,0.75
476,adaptive_mlp_ppo_seed4,0,NOOP,0.194,0.0,0.190741,0,49,182.42433355316706,205.3968906402588,47,1.3566836093334442,4080.904296875,18.430558630138446,0,2,18,0.0,0.0,0.05,0.1,0.05,0.05,0.75,47,184.55902019050188,222.94998168945312,48,1.330675760904948,4087.8359375,21.574183645447427,0,3,19,0.0,0.0,0.05,0.1,0.05,0.05,0.75
477,adaptive_mlp_ppo_seed4,0,NOOP,0.193875,0.0,0.192182,0,47,184.55902019050188,222.94998168945312,48,1.330675760904948,4087.8359375,21.574183645447427,0,3,19,0.0,0.0,0.05,0.1,0.05,0.05,0.75,23,86.13641250191972,145.8899974822998,49,1.3050362723214286,4092.59375,24.242279052561504,0,4,20,0.0,0.0,0.05,0.1,0.05,0.1,0.7
478,adaptive_mlp_ppo_seed4,0,NOOP,0.19375,0.0,0.189287,0,23,86.13641250191972,145.8899974822998,49,1.3050362723214286,4092.59375,24.242279052561504,0,4,20,0.0,0.0,0.05,0.1,0.05,0.1,0.7,27,105.3511898338512,285.66503524780273,50,1.2805398559570313,4097.7275390625,26.4308474935606,0,5,21,0.0,0.0,0.05,0.1,0.05,0.1,0.7
479,adaptive_mlp_ppo_seed4,4,PARTITION_HOUR,0.011807,-0.1,0.19063,0,27,105.3511898338512,285.66503524780273,50,1.2805398559570313,4097.7275390625,26.4308474935606,0,5,21,0.0,0.0,0.05,0.1,0.05,0.1,0.7,46,181.923086859894,213.48857879638672,51,1.2575165991689645,4104.5341796875,28.20190564005546,1,6,0,0.0,0.0,0.05,0.1,0.05,0.1,0.7
480,adaptive_mlp_ppo_seed4,3,COMPACT_128KB,-0.12825,-0.096593,0.194286,0,46,181.923086859894,213.48857879638672,51,1.2575165991689645,4104.5341796875,28.20190564005546,1,6,0,0.0,0.0,0.05,0.1,0.05,0.1,0.7,26,97.98437309066338,155.69090843200684,26,2.4253751314603367,4035.82421875,45.73979562831078,1,0,1,0.0,0.0,0.05,0.1,0.0,0.1,0.75
481,adaptive_mlp_ppo_seed4,0,NOOP,0.196625,-0.041599,0.193066,0,26,97.98437309066338,155.69090843200684,26,2.4253751314603367,4035.82421875,45.73979562831078,1,0,1,0.0,0.0,0.05,0.1,0.0,0.1,0.75,31,114.14925750505897,211.70544624328613,27,2.338711208767361,4041.29296875,53.31302475605783,1,1,2,0.0,0.0,0.05,0.15,0.0,0.1,0.7
482,adaptive_mlp_ppo_seed4,0,NOOP,0.1965,-0.041608,0.194089,0,31,114.14925750505897,211.70544624328613,27,2.338711208767361,4041.29296875,53.31302475605783,1,1,2,0.0,0.0,0.05,0.15,0.0,0.1,0.7,50,191.75994894087052,155.54022789001465,28,2.259172167096819,4048.4365234375,58.843674065462125,1,2,3,0.0,0.0,0.05,0.15,0.0,0.1,0.7
483,adaptive_mlp_ppo_seed4,0,NOOP,0.196375,-0.041613,0.192814,0,50,191.75994894087052,155.54022789001465,28,2.259172167096819,4048.4365234375,58.843674065462125,1,2,3,0.0,0.0,0.05,0.15,0.0,0.1,0.7,29,109.06829433195513,214.2786979675293,29,2.1841535897090516,4053.7890625,63.30407193683558,1,3,4,0.0,0.0,0.05,0.2,0.0,0.1,0.65
484,adaptive_mlp_ppo_seed4,0,NOOP,0.19625,0.380256,0.413845,0,29,109.06829433195513,214.2786979675293,29,2.1841535897090516,4053.7890625,63.30407193683558,1,3,4,0.0,0.0,0.05,0.2,0.0,0.1,0.65,30,114.02801830188321,407.75036811828613,30,2.1141565958658854,4059.1806640625,66.86762603835592,1,4,5,0.75,0.0375,0.05,0.2,0.05,0.1,0.6
485,adaptive_mlp_ppo_seed4,0,NOOP,0.196125,-0.041623,0.192066,0,30,114.02801830188321,407.75036811828613,30,2.1141565958658854,4059.1806640625,66.86762603835592,1,4,5,0.75,0.0375,0.05,0.2,0.05,0.1,0.6,24,86.54428779976993,241.69349670410156,31,2.0483910345262095,4064.0078125,69.79557158393463,1,5,6,0.0,0.0375,0.05,0.2,0.05,0.1,0.6
486,adaptive_mlp_ppo_seed4,3,COMPACT_128KB,-0.128125,-0.096627,0.19447,0,24,86.54428779976993,241.69349670410156,31,2.0483910345262095,4064.0078125,69.79557158393463,1,5,6,0.0,0.0375,0.05,0.2,0.05,0.1,0.6,24,84.44786945152627,151.52478218078613,25,2.5305633544921875,4048.9013671875,31.8201152827558,1,0,7,0.0,0.0375,0.05,0.2,0.05,0.15,0.55
487,adaptive_mlp_ppo_seed4,0,NOOP,0.19675,-0.041636,0.194435,0,24,84.44786945152627,151.52478218078613,25,2.5305633544921875,4048.9013671875,31.8201152827558,1,0,7,0.0,0.0375,0.05,0.2,0.05,0.15,0.55,50,204.33744706806272,148.26083183288574,26,2.4375181931715746,4056.0302734375,43.52008312660863,1,1,8,0.0,0.0375,0.0,0.2,0.05,0.15,0.6
488,adaptive_mlp_ppo_seed4,0,NOOP,0.196625,-0.041642,0.194044,0,50,204.33744706806272,148.26083183288574,26,2.4375181931715746,4056.0302734375,43.52008312660863,1,1,8,0.0,0.0375,0.0,0.2,0.05,0.15,0.6,30,118.01067665054791,162.7798080444336,27,2.350345187717014,4061.396484375,51.59025950614913,1,2,9,0.0,0.0375,0.0,0.2,0.05,0.15,0.6
489,adaptive_mlp_ppo_seed4,0,NOOP,0.1965,-0.04165,0.192598,0,30,118.01067665054791,162.7798080444336,27,2.350345187717014,4061.396484375,51.59025950614913,1,2,9,0.0,0.0375,0.0,0.2,0.05,0.15,0.6,46,178.18020825156418,230.08489608764648,28,2.270237513950893,4068.265625,57.43656606439971,1,3,10,0.0,0.0375,0.0,0.25,0.05,0.15,0.55
490,adaptive_mlp_ppo_seed4,0,NOOP,0.196375,0.380218,0.414137,0,46,178.18020825156418,230.08489608764648,28,2.270237513950893,4068.265625,57.43656606439971,1,3,10,0.0,0.0375,0.0,0.25,0.05,0.15,0.55,40,156.53162407516257,398.1611728668213,29,2.195318287816541,4074.5107421875,62.03112711551504,1,4,11,0.75,0.075,0.0,0.2,0.1,0.15,0.55
491,adaptive_mlp_ppo_seed4,0,NOOP,0.19625,-0.041666,0.193605,0,40,156.53162407516257,398.1611728668213,29,2.195318287816541,4074.5107421875,62.03112711551504,1,4,11,0.75,0.075,0.0,0.2,0.1,0.15,0.55,47,185.9392999602904,169.7671413421631,30,2.1257349650065103,4081.4111328125,65.65166434902397,1,5,12,0.0,0.075,0.0,0.2,0.1,0.15,0.55
492,adaptive_mlp_ppo_seed4,2,COMPACT_64KB,0.215591,-0.097651,0.190383,0,47,185.9392999602904,169.7671413421631,30,2.1257349650065103,4081.4111328125,65.65166434902397,1,5,12,0.0,0.075,0.0,0.2,0.1,0.15,0.55,34,128.0071235581886,240.85235595703125,48,1.3476953506469727,4140.1201171875,12.071701726809161,1,0,13,0.0,0.075,0.0,0.2,0.1,0.15,0.55
493,adaptive_mlp_ppo_seed4,0,NOOP,0.193875,-0.047653,0.190575,0,34,128.0071235581886,240.85235595703125,48,1.3476953506469727,4140.1201171875,12.071701726809161,1,0,13,0.0,0.075,0.0,0.2,0.1,0.15,0.55,34,136.81653391767196,226.26447677612305,49,1.3220090282206634,4145.8203125,16.58649892921242,1,1,14,0.0,0.075,0.0,0.2,0.1,0.15,0.55
494,adaptive_mlp_ppo_seed4,0,NOOP,0.19375,-0.047656,0.191084,0,34,136.81653391767196,226.26447677612305,49,1.3220090282206634,4145.8203125,16.58649892921242,1,1,14,0.0,0.075,0.0,0.2,0.1,0.15,0.55,50,168.00104462319464,195.81937789916992,50,1.2978106689453126,4152.994140625,19.733733209082605,1,2,15,0.0,0.075,0.0,0.15,0.1,0.2,0.55
495,adaptive_mlp_ppo_seed4,0,NOOP,0.193625,0.374217,0.408319,0,50,168.00104462319464,195.81937789916992,50,1.2978106689453126,4152.994140625,19.733733209082605,1,2,15,0.0,0.075,0.0,0.15,0.1,0.2,0.55,42,182.97702825661543,579.0443420410156,51,1.274342555625766,4159.4541015625,22.286358680526593,1,3,16,0.75,0.1125,0.0,0.15,0.15,0.2,0.5
496,adaptive_mlp_ppo_seed4,0,NOOP,0.1935,-0.047659,0.189745,0,42,182.97702825661543,579.0443420410156,51,1.274342555625766,4159.4541015625,22.286358680526593,1,3,16,0.75,0.1125,0.0,0.15,0.15,0.2,0.5,29,104.45123068613232,252.7608871459961,52,1.251421414888822,4164.73046875,24.471297130600373,1,4,17,0.0,0.1125,0.0,0.15,0.15,0.2,0.5
497,adaptive_mlp_ppo_seed4,0,NOOP,0.193375,-0.047661,0.190049,0,29,104.45123068613232,252.7608871459961,52,1.251421414888822,4164.73046875,24.471297130600373,1,4,17,0.0,0.1125,0.0,0.15,0.15,0.2,0.5,30,112.68487954105419,232.57112503051758,53,1.229396604142099,4170.11328125,26.317975982683308,1,5,18,0.0,0.1125,0.0,0.15,0.15,0.15,0.55
498,adaptive_mlp_ppo_seed4,2,COMPACT_64KB,0.215591,0.324213,0.409298,0,30,112.68487954105419,232.57112503051758,53,1.229396604142099,4170.11328125,26.317975982683308,1,5,18,0.0,0.1125,0.0,0.15,0.15,0.15,0.55,27,103.19322701721038,545.0997352600098,48,1.3536183039347331,4158.3154296875,9.814801689164117,1,0,19,0.75,0.15,0.0,0.15,0.2,0.15,0.5
499,adaptive_mlp_ppo_seed4,0,NOOP,0.193875,-0.047664,0.187616,0,27,103.19322701721038,545.0997352600098,48,1.3536183039347331,4158.3154296875,9.814801689164117,1,0,19,0.75,0.15,0.0,0.15,0.2,0.15,0.5,37,139.64444708395536,374.1934299468994,49,1.327913556780134,4164.3369140625,15.064375602317943,1,1,20,0.0,0.15,0.0,0.15,0.2,0.15,0.5
500,adaptive_mlp_ppo_seed4,6,PARTITION_EVENT_TYPE,0.011932,-0.147665,0.188922,1,37,139.64444708395536,374.1934299468994,49,1.327913556780134,4164.3369140625,15.064375602317943,1,1,20,0.0,0.15,0.0,0.15,0.2,0.15,0.5,21,74.74510908766898,303.8792610168457,50,1.3027877807617188,4168.9208984375,18.750873676368,3,2,0,0.0,0.15,0.0,0.15,0.2,0.2,0.45
