step,policy_name,action,action_name,compact_reward,partition_reward,global_reward,done,rows_ingested,ingestion_rate_rows_per_sec,latency_ms,file_count,block_utilization,total_size_kb,file_size_skew_kb,partition_strategy,steps_since_compact,steps_since_partition_change,partition_pruning_ratio,avg_pruning_ratio,query_hist_time_range,query_hist_region_filter,query_hist_sensor_lookup,query_hist_type_filter,query_hist_full_scan,next_rows_ingested,next_ingestion_rate_rows_per_sec,next_latency_ms,next_file_count,next_block_utilization,next_total_size_kb,next_file_size_skew_kb,next_partition_strategy,next_steps_since_compact,next_steps_since_partition_change,next_partition_pruning_ratio,next_avg_pruning_ratio,next_query_hist_time_range,next_query_hist_region_filter,next_query_hist_sensor_lookup,next_query_hist_type_filter,next_query_hist_full_scan
1,adaptive_attentive_ppoclip_seed2,0,NOOP,0.018118,0.0,0.015636,0,0,0.0,0.0,0,0.0,0.0,0.0,0,0,0,0.0,0.0,0.0,0.0,0.0,0.0,0.0,35,211.31911206053948,125.38576126098633,1,0.091217041015625,5.837890625,0.0,0,1,1,0.0,0.0,1.0,0.0,0.0,0.0,0.0
2,adaptive_attentive_ppoclip_seed2,0,NOOP,0.018845,0.0,0.017201,0,35,211.31911206053948,125.38576126098633,1,0.091217041015625,5.837890625,0.0,0,1,1,0.0,0.0,1.0,0.0,0.0,0.0,0.0,41,185.38140391274163,84.67602729797363,2,0.0954742431640625,12.220703125,0.3853179530293882,0,2,2,0.0,0.0,1.0,0.0,0.0,0.0,0.0
3,adaptive_attentive_ppoclip_seed2,0,NOOP,0.01873,0.0,0.017713,0,41,185.38140391274163,84.67602729797363,2,0.0954742431640625,12.220703125,0.3853179530293882,0,2,2,0.0,0.0,1.0,0.0,0.0,0.0,0.0,39,176.24474184084323,54.58354949951172,3,0.09552510579427083,18.3408203125,0.272519268322919,0,3,3,0.0,0.0,0.6666666666666666,0.0,0.0,0.0,0.3333333333333333
4,adaptive_attentive_ppoclip_seed2,0,NOOP,0.018813,0.0,0.016862,0,39,176.24474184084323,54.58354949951172,3,0.09552510579427083,18.3408203125,0.272519268322919,0,3,3,0.0,0.0,0.6666666666666666,0.0,0.0,0.0,0.3333333333333333,41,194.920054724276,102.55980491638184,4,0.09656524658203125,24.720703125,0.25930079122438054,0,4,4,0.0,0.0,0.5,0.0,0.25,0.0,0.25
5,adaptive_attentive_ppoclip_seed2,0,NOOP,0.018423,0.0,0.016199,0,41,194.920054724276,102.55980491638184,4,0.09656524658203125,24.720703125,0.25930079122438054,0,4,4,0.0,0.0,0.5,0.0,0.25,0.0,0.25,34,169.12556244203614,117.44284629821777,5,0.0952392578125,30.4765625,0.29400094858652315,0,5,5,0.0,0.0,0.6,0.0,0.2,0.0,0.2
6,adaptive_attentive_ppoclip_seed2,0,NOOP,0.018702,0.0,0.017064,0,34,169.12556244203614,117.44284629821777,5,0.0952392578125,30.4765625,0.29400094858652315,0,5,5,0.0,0.0,0.6,0.0,0.2,0.0,0.2,47,200.67275745986439,89.39838409423828,6,0.097259521484375,37.34765625,0.4116495323991199,0,6,6,0.0,0.0,0.5,0.0,0.16666666666666666,0.16666666666666666,0.16666666666666666
7,adaptive_attentive_ppoclip_seed2,0,NOOP,0.018811,0.0,0.016639,0,47,200.67275745986439,89.39838409423828,6,0.097259521484375,37.34765625,0.4116495323991199,0,6,6,0.0,0.0,0.5,0.0,0.16666666666666666,0.16666666666666666,0.16666666666666666,46,224.18356891793755,117.36083030700684,7,0.09843008858816964,44.0966796875,0.4248528447491588,0,7,7,0.0,0.0,0.5714285714285714,0.0,0.14285714285714285,0.14285714285714285,0.14285714285714285
8,adaptive_attentive_ppoclip_seed2,0,NOOP,0.018707,0.0,0.016279,0,46,224.18356891793755,117.36083030700684,7,0.09843008858816964,44.0966796875,0.4248528447491588,0,7,7,0.0,0.0,0.5714285714285714,0.0,0.14285714285714285,0.14285714285714285,0.14285714285714285,41,215.6684379173904,131.42156600952148,8,0.09853744506835938,50.451171875,0.39381708797602044,0,8,8,0.0,0.0,0.625,0.0,0.125,0.125,0.125
9,adaptive_attentive_ppoclip_seed2,0,NOOP,0.018643,0.0,0.016276,0,41,215.6684379173904,131.42156600952148,8,0.09853744506835938,50.451171875,0.39381708797602044,0,8,8,0.0,0.0,0.625,0.0,0.125,0.125,0.125,43,219.4613242995931,129.63581085205078,9,0.09884134928385417,56.9326171875,0.37297464839904154,0,9,9,0.0,0.0,0.6666666666666666,0.0,0.1111111111111111,0.1111111111111111,0.1111111111111111
10,adaptive_attentive_ppoclip_seed2,0,NOOP,0.018253,0.0,0.015832,0,43,219.4613242995931,129.63581085205078,9,0.09884134928385417,56.9326171875,0.37297464839904154,0,9,9,0.0,0.0,0.6666666666666666,0.0,0.1111111111111111,0.1111111111111111,0.1111111111111111,31,178.25175306434963,133.53347778320312,10,0.0975128173828125,62.408203125,0.4426597897711647,0,10,10,0.0,0.0,0.7,0.0,0.1,0.1,0.1
11,adaptive_attentive_ppoclip_seed2,0,NOOP,0.018077,0.0,0.015738,0,31,178.25175306434963,133.53347778320312,10,0.0975128173828125,62.408203125,0.4426597897711647,0,10,10,0.0,0.0,0.7,0.0,0.1,0.1,0.1,38,186.59923736959243,130.6910514831543,11,0.09725813432173296,68.4697265625,0.42340926850756866,0,11,11,0.0,0.0,0.7272727272727273,0.0,0.09090909090909091,0.09090909090909091,0.09090909090909091
12,adaptive_attentive_ppoclip_seed2,0,NOOP,0.017852,0.0,0.015416,0,38,186.59923736959243,130.6910514831543,11,0.09725813432173296,68.4697265625,0.42340926850756866,0,11,11,0.0,0.0,0.7272727272727273,0.0,0.09090909090909091,0.09090909090909091,0.09090909090909091,35,178.9073536939089,136.83223724365234,12,0.09676106770833333,74.3125,0.41847566877595294,0,12,12,0.0,0.0,0.75,0.0,0.08333333333333333,0.08333333333333333,0.08333333333333333
13,adaptive_attentive_ppoclip_seed2,0,NOOP,0.017683,0.0,0.016398,0,35,178.9073536939089,136.83223724365234,12,0.09676106770833333,74.3125,0.41847566877595294,0,12,12,0.0,0.0,0.75,0.0,0.08333333333333333,0.08333333333333333,0.08333333333333333,37,182.91537809648747,80.50322532653809,13,0.09653883713942307,80.3203125,0.4039283640817956,0,13,13,0.0,0.0,0.6923076923076923,0.0,0.07692307692307693,0.07692307692307693,0.15384615384615385
14,adaptive_attentive_ppoclip_seed2,0,NOOP,0.017577,0.0,0.015638,0,37,182.91537809648747,80.50322532653809,13,0.09653883713942307,80.3203125,0.4039283640817956,0,13,13,0.0,0.0,0.6923076923076923,0.0,0.07692307692307693,0.07692307692307693,0.15384615384615385,40,239.6933473344334,114.47668075561523,14,0.09663718087332589,86.5869140625,0.3887957051746505,0,14,14,0.0,0.0,0.6428571428571429,0.0,0.07142857142857142,0.14285714285714285,0.14285714285714285
15,adaptive_attentive_ppoclip_seed2,0,NOOP,0.01756,0.0,0.014119,0,40,239.6933473344334,114.47668075561523,14,0.09663718087332589,86.5869140625,0.3887957051746505,0,14,14,0.0,0.0,0.6428571428571429,0.0,0.07142857142857142,0.14285714285714285,0.14285714285714285,45,182.27316491855618,190.83428382873535,15,0.09717610677083334,93.2890625,0.39775559088039686,0,15,15,0.0,0.0,0.6666666666666666,0.0,0.06666666666666667,0.13333333333333333,0.13333333333333333
16,adaptive_attentive_ppoclip_seed2,0,NOOP,0.017597,0.0,0.014778,0,45,182.27316491855618,190.83428382873535,15,0.09717610677083334,93.2890625,0.39775559088039686,0,15,15,0.0,0.0,0.6666666666666666,0.0,0.06666666666666667,0.13333333333333333,0.13333333333333333,48,258.5731319820294,160.97140312194824,16,0.09798717498779297,100.3388671875,0.43677667587354985,0,16,16,0.0,0.0,0.6875,0.0,0.0625,0.125,0.125
17,adaptive_attentive_ppoclip_seed2,0,NOOP,0.01759,0.0,0.014642,0,48,258.5731319820294,160.97140312194824,16,0.09798717498779297,100.3388671875,0.43677667587354985,0,16,16,0.0,0.0,0.6875,0.0,0.0625,0.125,0.125,47,212.86836933469823,168.62034797668457,17,0.0985726749195772,107.2470703125,0.4502455505790164,0,17,17,0.0,0.0,0.7058823529411765,0.0,0.058823529411764705,0.11764705882352941,0.11764705882352941
18,adaptive_attentive_ppoclip_seed2,3,COMPACT_128KB,-0.125125,-0.055,0.19842,0,47,212.86836933469823,168.62034797668457,17,0.0985726749195772,107.2470703125,0.4502455505790164,0,17,17,0.0,0.0,0.7058823529411765,0.0,0.058823529411764705,0.11764705882352941,0.11764705882352941,43,213.95879911215823,73.99654388427734,1,1.02801513671875,65.79296875,0.0,0,0,18,0.0,0.0,0.7222222222222222,0.0,0.05555555555555555,0.1111111111111111,0.1111111111111111
19,adaptive_attentive_ppoclip_seed2,0,NOOP,0.111115,0.0,0.109261,0,43,213.95879911215823,73.99654388427734,1,1.02801513671875,65.79296875,0.0,0,0,18,0.0,0.0,0.7222222222222222,0.0,0.05555555555555555,0.1111111111111111,0.1111111111111111,31,183.715072519057,95.1993465423584,2,0.55682373046875,71.2734375,42.64737774031365,0,1,19,0.0,0.0,0.7368421052631579,0.0,0.05263157894736842,0.10526315789473684,0.10526315789473684
20,adaptive_attentive_ppoclip_seed2,0,NOOP,0.080103,0.0,0.078262,0,31,183.715072519057,95.1993465423584,2,0.55682373046875,71.2734375,42.64737774031365,0,1,19,0.0,0.0,0.7368421052631579,0.0,0.05263157894736842,0.10526315789473684,0.10526315789473684,37,173.19281423225738,95.77822685241699,3,0.4023895263671875,77.2587890625,34.67660987983808,0,2,20,0.0,0.0,0.7,0.05,0.05,0.1,0.1
21,adaptive_attentive_ppoclip_seed2,4,PARTITION_HOUR,-0.117688,-0.1,0.062419,0,37,173.19281423225738,95.77822685241699,3,0.4023895263671875,77.2587890625,34.67660987983808,0,2,20,0.0,0.0,0.7,0.05,0.05,0.1,0.1,31,153.4502067073984,90.57116508483887,4,0.323150634765625,82.7265625,30.075184779605003,1,3,0,0.0,0.0,0.7,0.05,0.05,0.1,0.1
22,adaptive_attentive_ppoclip_seed2,0,NOOP,0.054583,-0.046288,0.053004,0,31,153.4502067073984,90.57116508483887,4,0.323150634765625,82.7265625,30.075184779605003,1,3,0,0.0,0.0,0.7,0.05,0.05,0.1,0.1,32,148.0216334489117,85.18815040588379,5,0.27603759765625,88.33203125,26.904381545139568,1,4,1,0.0,0.0,0.65,0.1,0.05,0.1,0.1
23,adaptive_attentive_ppoclip_seed2,0,NOOP,0.048605,-8e-05,0.068732,0,32,148.0216334489117,85.18815040588379,5,0.27603759765625,88.33203125,26.904381545139568,1,4,1,0.0,0.0,0.65,0.1,0.05,0.1,0.1,41,225.33592607540268,116.75047874450684,6,0.24677530924479166,94.76171875,24.497358465194925,1,5,2,0.07437430786267997,0.0037187153931339985,0.7,0.1,0.05,0.1,0.05
24,adaptive_attentive_ppoclip_seed2,0,NOOP,0.044234,-0.038017,0.04262,0,41,225.33592607540268,116.75047874450684,6,0.24677530924479166,94.76171875,24.497358465194925,1,5,2,0.07437430786267997,0.0037187153931339985,0.7,0.1,0.05,0.1,0.05,40,221.0865081906509,89.48302268981934,7,0.22554670061383927,101.044921875,22.649980638628683,1,6,3,0.0,0.0037187153931339985,0.7,0.1,0.0,0.15,0.05
25,adaptive_attentive_ppoclip_seed2,0,NOOP,0.041096,0.033458,0.073946,0,40,221.0865081906509,89.48302268981934,7,0.22554670061383927,101.044921875,22.649980638628683,1,6,3,0.0,0.0037187153931339985,0.7,0.1,0.0,0.15,0.05,45,206.60216449695204,166.59092903137207,8,0.210479736328125,107.765625,21.146432208878824,1,7,4,0.11993927125506074,0.009715678955887036,0.65,0.1,0.05,0.15,0.05
26,adaptive_attentive_ppoclip_seed2,0,NOOP,0.03867,0.053367,0.080564,0,45,206.60216449695204,166.59092903137207,8,0.210479736328125,107.765625,21.146432208878824,1,7,4,0.11993927125506074,0.009715678955887036,0.65,0.1,0.05,0.15,0.05,47,169.35778123520726,144.77062225341797,9,0.19897291395399305,114.6083984375,19.903672926998834,1,8,5,0.14855072463768115,0.017143215187771094,0.65,0.1,0.1,0.1,0.05
27,adaptive_attentive_ppoclip_seed2,0,NOOP,0.036308,0.087158,0.095177,0,47,169.35778123520726,144.77062225341797,9,0.19897291395399305,114.6083984375,19.903672926998834,1,8,5,0.14855072463768115,0.017143215187771094,0.65,0.1,0.1,0.1,0.05,32,149.82282386534249,134.27352905273438,10,0.1877899169921875,120.185546875,18.90135642650082,1,9,6,0.204348641049672,0.027360647240254693,0.65,0.1,0.1,0.1,0.05
28,adaptive_attentive_ppoclip_seed2,0,NOOP,0.034682,0.106596,0.102179,0,32,149.82282386534249,134.27352905273438,10,0.1877899169921875,120.185546875,18.90135642650082,1,9,6,0.204348641049672,0.027360647240254693,0.65,0.1,0.1,0.1,0.05,45,247.45091458298373,138.5517120361328,11,0.1802853670987216,126.9208984375,18.002017198586096,1,10,7,0.2333093525179856,0.03902611486615397,0.65,0.1,0.1,0.1,0.05
29,adaptive_attentive_ppoclip_seed2,0,NOOP,0.033234,-0.021924,0.031892,0,45,247.45091458298373,138.5517120361328,11,0.1802853670987216,126.9208984375,18.002017198586096,1,10,7,0.2333093525179856,0.03902611486615397,0.65,0.1,0.1,0.1,0.05,42,195.50501134780896,82.11994171142578,12,0.17367172241210938,133.3798828125,17.226764022412763,1,11,8,0.0,0.03902611486615397,0.6,0.1,0.1,0.1,0.1
30,adaptive_attentive_ppoclip_seed2,0,NOOP,0.031816,-0.019865,0.029875,0,42,195.50501134780896,82.11994171142578,12,0.17367172241210938,133.3798828125,17.226764022412763,1,11,8,0.0,0.03902611486615397,0.6,0.1,0.1,0.1,0.1,34,161.33818306884174,113.28840255737305,13,0.16720463679387018,139.1142578125,16.560745263679163,1,12,9,0.0,0.03902611486615397,0.55,0.15,0.1,0.1,0.1
31,adaptive_attentive_ppoclip_seed2,0,NOOP,0.03073,0.150813,0.117812,0,34,161.33818306884174,113.28840255737305,13,0.16720463679387018,139.1142578125,16.560745263679163,1,12,9,0.0,0.03902611486615397,0.55,0.15,0.1,0.1,0.1,42,196.8690272370062,151.19242668151855,14,0.16239820207868302,145.5087890625,15.95262495942366,1,13,10,0.2991869918699187,0.05398546445964991,0.55,0.15,0.1,0.1,0.1
32,adaptive_attentive_ppoclip_seed2,0,NOOP,0.029576,0.161057,0.121313,0,42,196.8690272370062,151.19242668151855,14,0.16239820207868302,145.5087890625,15.95262495942366,1,13,10,0.2991869918699187,0.05398546445964991,0.55,0.15,0.1,0.1,0.1,31,168.75310547115816,148.6337184906006,15,0.157257080078125,150.966796875,15.425063476820515,1,14,11,0.31444885011895324,0.06970790696559757,0.55,0.15,0.1,0.1,0.1
33,adaptive_attentive_ppoclip_seed2,0,NOOP,0.028792,0.174761,0.126388,0,31,168.75310547115816,148.6337184906006,15,0.157257080078125,150.966796875,15.425063476820515,1,14,11,0.31444885011895324,0.06970790696559757,0.55,0.15,0.1,0.1,0.1,44,247.2354230412672,163.18464279174805,16,0.15395832061767578,157.6533203125,14.925935870396934,1,15,12,0.3348659003831418,0.08645120198475467,0.6,0.15,0.1,0.1,0.05
34,adaptive_attentive_ppoclip_seed2,0,NOOP,0.027873,-0.012126,0.026279,0,44,247.2354230412672,163.18464279174805,16,0.15395832061767578,157.6533203125,14.925935870396934,1,15,12,0.3348659003831418,0.08645120198475467,0.6,0.15,0.1,0.1,0.05,31,170.3976022823923,100.96979141235352,17,0.14999120375689337,163.1904296875,14.489839838655643,1,16,13,0.0,0.08645120198475467,0.6,0.15,0.1,0.05,0.1
35,adaptive_attentive_ppoclip_seed2,1,COMPACT_32KB,0.469904,0.4725,0.374941,0,31,170.3976022823923,100.96979141235352,17,0.14999120375689337,163.1904296875,14.489839838655643,1,16,13,0.0,0.08645120198475467,0.6,0.15,0.1,0.05,0.1,48,222.89206828254066,144.0873146057129,4,0.5111122131347656,130.8447265625,27.728486910904085,1,0,14,0.92,0.13245120198475466,0.6,0.15,0.1,0.05,0.1
36,adaptive_attentive_ppoclip_seed2,0,NOOP,0.084893,0.0,0.08323,0,48,222.89206828254066,144.0873146057129,4,0.5111122131347656,130.8447265625,27.728486910904085,1,0,14,0.92,0.13245120198475466,0.6,0.15,0.1,0.05,0.1,37,167.17070690531796,89.35546875,5,0.427587890625,136.828125,26.823993341163515,1,1,15,0.0,0.13245120198475466,0.55,0.2,0.1,0.05,0.1
37,adaptive_attentive_ppoclip_seed2,0,NOOP,0.074205,0.5175,0.347241,0,37,167.17070690531796,89.35546875,5,0.427587890625,136.828125,26.823993341163515,1,1,15,0.0,0.13245120198475466,0.55,0.2,0.1,0.05,0.1,49,236.57217710605528,155.69829940795898,6,0.3747762044270833,143.9140625,25.380417304089065,1,2,16,0.92,0.17845120198475467,0.55,0.2,0.1,0.05,0.1
38,adaptive_attentive_ppoclip_seed2,0,NOOP,0.066564,0.5175,0.339676,0,49,236.57217710605528,155.69829940795898,6,0.3747762044270833,143.9140625,25.380417304089065,1,2,16,0.92,0.17845120198475467,0.55,0.2,0.1,0.05,0.1,50,207.99343038328715,153.1217098236084,7,0.33719308035714285,151.0625,24.02714298913737,1,3,17,0.92,0.22445120198475466,0.55,0.2,0.1,0.05,0.1
39,adaptive_attentive_ppoclip_seed2,0,NOOP,0.06045,0.5175,0.333748,0,50,207.99343038328715,153.1217098236084,7,0.33719308035714285,151.0625,24.02714298913737,1,3,17,0.92,0.22445120198475466,0.55,0.2,0.1,0.05,0.1,39,180.7859684023806,145.10631561279297,8,0.3072509765625,157.3125,22.895613959834332,1,4,18,0.92,0.27045120198475464,0.55,0.2,0.1,0.05,0.1
40,adaptive_attentive_ppoclip_seed2,0,NOOP,0.055492,0.0,0.053566,0,39,180.7859684023806,145.10631561279297,8,0.3072509765625,157.3125,22.895613959834332,1,4,18,0.92,0.27045120198475464,0.55,0.2,0.1,0.05,0.1,34,157.73850639553663,107.55658149719238,9,0.2830844455295139,163.056640625,21.91374807300322,1,5,19,0.0,0.27045120198475464,0.55,0.2,0.1,0.05,0.1
41,adaptive_attentive_ppoclip_seed2,0,NOOP,0.051507,0.0,0.049025,0,34,157.73850639553663,107.55658149719238,9,0.2830844455295139,163.056640625,21.91374807300322,1,5,19,0.0,0.27045120198475464,0.55,0.2,0.1,0.05,0.1,34,189.32968321214204,136.5656852722168,10,0.26378326416015624,168.8212890625,21.026518603555274,1,6,20,0.0,0.27045120198475464,0.5,0.2,0.1,0.1,0.1
42,adaptive_attentive_ppoclip_seed2,0,NOOP,0.048113,0.5175,0.318719,0,34,189.32968321214204,136.5656852722168,10,0.26378326416015624,168.8212890625,21.026518603555274,1,6,20,0.0,0.27045120198475464,0.5,0.2,0.1,0.1,0.1,30,137.45687169000053,283.45298767089844,11,0.2474392977627841,174.197265625,20.24694127102475,1,7,21,0.92,0.3164512019847547,0.55,0.15,0.1,0.1,0.1
43,adaptive_attentive_ppoclip_seed2,0,NOOP,0.045665,0.51657,0.317102,0,30,137.45687169000053,283.45298767089844,11,0.2474392977627841,174.197265625,20.24694127102475,1,7,21,0.92,0.3164512019847547,0.55,0.15,0.1,0.1,0.1,47,148.783127692526,243.1330680847168,12,0.2358245849609375,181.11328125,19.47568134189323,1,8,22,0.92,0.35873248659162066,0.55,0.15,0.1,0.1,0.1
44,adaptive_attentive_ppoclip_seed2,0,NOOP,0.043644,0.0,0.042106,0,47,148.783127692526,243.1330680847168,12,0.2358245849609375,181.11328125,19.47568134189323,1,8,22,0.92,0.35873248659162066,0.55,0.15,0.1,0.1,0.1,50,94.56589868068262,93.15729141235352,13,0.2263465294471154,188.3203125,18.77437365743137,1,9,23,0.0,0.3587324865916207,0.55,0.15,0.1,0.05,0.15
45,adaptive_attentive_ppoclip_seed2,0,NOOP,0.041707,0.516001,0.314557,0,50,94.56589868068262,93.15729141235352,13,0.2263465294471154,188.3203125,18.77437365743137,1,9,23,0.0,0.3587324865916207,0.55,0.15,0.1,0.05,0.15,41,223.24667076897512,175.02641677856445,14,0.21728733607700892,194.689453125,18.167818980849876,1,10,24,0.92,0.3987355230288676,0.6,0.15,0.05,0.05,0.15
46,adaptive_attentive_ppoclip_seed2,0,NOOP,0.039974,0.515643,0.312295,0,41,223.24667076897512,175.02641677856445,14,0.21728733607700892,194.689453125,18.167818980849876,1,10,24,0.92,0.3987355230288676,0.6,0.15,0.05,0.05,0.15,39,174.295272293316,202.71897315979004,15,0.20924479166666668,200.875,17.620083350063872,1,11,25,0.92,0.4373079867969836,0.65,0.15,0.0,0.05,0.15
47,adaptive_attentive_ppoclip_seed2,0,NOOP,0.038602,-0.002554,0.036832,0,39,174.295272293316,202.71897315979004,15,0.20924479166666668,200.875,17.620083350063872,1,11,25,0.92,0.4373079867969836,0.65,0.15,0.0,0.05,0.15,48,231.08768119851288,108.47735404968262,16,0.20300865173339844,207.880859375,17.09731479507466,1,12,26,0.0,0.4270905547445,0.6,0.15,0.0,0.05,0.2
48,adaptive_attentive_ppoclip_seed2,0,NOOP,0.037273,0.514584,0.310201,0,48,231.08768119851288,108.47735404968262,16,0.20300865173339844,207.880859375,17.09731479507466,1,12,26,0.0,0.4270905547445,0.6,0.15,0.0,0.05,0.2,42,198.9858363276339,174.82781410217285,17,0.19698827406939337,214.3232421875,16.630456865083204,1,13,27,0.92,0.4614250871186007,0.6,0.15,0.0,0.05,0.2
49,adaptive_attentive_ppoclip_seed2,1,COMPACT_32KB,0.464255,-0.045,0.094703,0,42,198.9858363276339,174.82781410217285,17,0.19698827406939337,214.3232421875,16.630456865083204,1,13,27,0.92,0.4614250871186007,0.6,0.15,0.0,0.05,0.2,34,193.4453113978448,76.03263854980469,6,0.48411814371744794,185.9013671875,21.892098310484613,1,0,28,0.0,0.4614250871186007,0.6,0.2,0.0,0.05,0.15
50,adaptive_attentive_ppoclip_seed2,0,NOOP,0.084548,0.5175,0.358155,0,34,193.4453113978448,76.03263854980469,6,0.48411814371744794,185.9013671875,21.892098310484613,1,0,28,0.0,0.4614250871186007,0.6,0.2,0.0,0.05,0.15,31,128.8991654786948,128.38029861450195,7,0.42711312430245535,191.3466796875,22.19365620139338,1,1,29,0.92,0.5074250871186007,0.65,0.15,0.0,0.05,0.15
51,adaptive_attentive_ppoclip_seed2,0,NOOP,0.078048,0.51376,0.351816,0,31,128.8991654786948,128.38029861450195,7,0.42711312430245535,191.3466796875,22.19365620139338,1,1,29,0.92,0.5074250871186007,0.65,0.15,0.0,0.05,0.15,94,445.81960041114525,121.60468101501465,8,0.39523887634277344,202.3623046875,21.34207399470622,1,2,30,0.92,0.5384657375251047,0.65,0.15,0.0,0.05,0.15
52,adaptive_attentive_ppoclip_seed2,0,NOOP,0.072161,0.513569,0.345387,0,94,445.81960041114525,121.60468101501465,8,0.39523887634277344,202.3623046875,21.34207399470622,1,2,30,0.92,0.5384657375251047,0.65,0.15,0.0,0.05,0.15,66,332.01091894744417,149.97577667236328,9,0.3664313422309028,211.064453125,20.71572067364738,1,3,31,0.92,0.5687432950191571,0.65,0.15,0.0,0.05,0.15
53,adaptive_attentive_ppoclip_seed2,0,NOOP,0.068131,0.513314,0.341225,0,66,332.01091894744417,149.97577667236328,9,0.3664313422309028,211.064453125,20.71572067364738,1,3,31,0.92,0.5687432950191571,0.65,0.15,0.0,0.05,0.15,93,437.7765317734836,157.84287452697754,10,0.34690704345703127,222.0205078125,19.926681120728887,1,4,32,0.92,0.5980000000000001,0.65,0.15,0.0,0.05,0.15
54,adaptive_attentive_ppoclip_seed2,0,NOOP,0.064712,0.5175,0.337113,0,93,437.7765317734836,157.84287452697754,10,0.34690704345703127,222.0205078125,19.926681120728887,1,4,32,0.92,0.5980000000000001,0.65,0.15,0.0,0.05,0.15,89,406.3699439584413,193.70126724243164,11,0.3304346257990057,232.6259765625,19.224746499406624,1,5,33,0.92,0.644,0.7,0.15,0.0,0.05,0.1
55,adaptive_attentive_ppoclip_seed2,0,NOOP,0.062035,0.506,0.335327,0,89,406.3699439584413,193.70126724243164,11,0.3304346257990057,232.6259765625,19.224746499406624,1,5,33,0.92,0.644,0.7,0.15,0.0,0.05,0.1,98,439.6046655387123,150.36273002624512,12,0.3176727294921875,243.97265625,18.547153332621544,1,6,34,0.92,0.644,0.7,0.15,0.0,0.05,0.1
56,adaptive_attentive_ppoclip_seed2,0,NOOP,0.059375,0.5175,0.332701,0,98,439.6046655387123,150.36273002624512,12,0.3176727294921875,243.97265625,18.547153332621544,1,6,34,0.92,0.644,0.7,0.15,0.0,0.05,0.1,78,359.6346795443278,149.9924659729004,13,0.30500206580528844,253.76171875,17.996644884201274,1,7,35,0.92,0.6900000000000001,0.75,0.1,0.0,0.05,0.1
57,adaptive_attentive_ppoclip_seed2,0,NOOP,0.057204,0.410375,0.277701,0,78,359.6346795443278,149.9924659729004,13,0.30500206580528844,253.76171875,17.996644884201274,1,7,35,0.92,0.6900000000000001,0.75,0.1,0.0,0.05,0.1,85,391.4431367640455,242.63691902160645,14,0.29477037702287945,264.1142578125,17.46335127711713,1,8,36,0.75,0.6815,0.7,0.1,0.05,0.05,0.1
58,adaptive_attentive_ppoclip_seed2,0,NOOP,0.054813,-0.0115,0.052396,0,85,391.4431367640455,242.63691902160645,14,0.29477037702287945,264.1142578125,17.46335127711713,1,8,36,0.75,0.6815,0.7,0.1,0.05,0.05,0.1,60,263.5269675652016,139.59264755249023,15,0.2834391276041667,272.1015625,17.060887681713485,1,9,37,0.0,0.6355000000000001,0.65,0.1,0.05,0.1,0.1
59,adaptive_attentive_ppoclip_seed2,0,NOOP,0.053059,-0.0115,0.050839,0,60,263.5269675652016,139.59264755249023,15,0.2834391276041667,272.1015625,17.060887681713485,1,9,37,0.0,0.6355000000000001,0.65,0.1,0.05,0.1,0.1,81,383.63966136949546,131.0412883758545,16,0.2752971649169922,281.904296875,16.613652398826314,1,10,38,0.0,0.5895,0.6,0.15,0.05,0.1,0.1
60,adaptive_attentive_ppoclip_seed2,0,NOOP,0.051728,0.0,0.047176,0,81,383.63966136949546,131.0412883758545,16,0.2752971649169922,281.904296875,16.613652398826314,1,10,38,0.0,0.5895,0.6,0.15,0.05,0.1,0.1,94,538.9153964862785,248.86393547058105,17,0.2692655675551471,292.9609375,16.164647519272844,1,11,39,0.0,0.5895,0.6,0.1,0.05,0.1,0.15
61,adaptive_attentive_ppoclip_seed2,1,COMPACT_32KB,0.091052,0.376875,0.327844,0,94,538.9153964862785,248.86393547058105,17,0.2692655675551471,292.9609375,16.164647519272844,1,11,39,0.0,0.5895,0.6,0.1,0.05,0.1,0.15,68,297.84424649380213,136.305570602417,8,0.5318508148193359,272.3076171875,16.374203003714214,1,0,40,0.75,0.627,0.6,0.1,0.1,0.05,0.15
62,adaptive_attentive_ppoclip_seed2,0,NOOP,0.097191,-0.0115,0.09548,0,68,297.84424649380213,136.305570602417,8,0.5318508148193359,272.3076171875,16.374203003714214,1,0,40,0.75,0.627,0.6,0.1,0.1,0.05,0.15,90,502.8076386696663,96.77839279174805,9,0.4915788438585069,283.1494140625,17.15772159320238,1,1,41,0.0,0.5810000000000001,0.55,0.15,0.1,0.05,0.15
63,adaptive_attentive_ppoclip_seed2,0,NOOP,0.089712,0.506,0.362345,0,90,502.8076386696663,96.77839279174805,9,0.4915788438585069,283.1494140625,17.15772159320238,1,1,41,0.0,0.5810000000000001,0.55,0.15,0.1,0.05,0.15,59,281.9465647637342,180.8321475982666,10,0.45480804443359374,291.0771484375,17.806161115025876,1,2,42,0.92,0.581,0.55,0.15,0.1,0.05,0.15
64,adaptive_attentive_ppoclip_seed2,0,NOOP,0.083536,0.5175,0.356942,0,59,281.9465647637342,180.8321475982666,10,0.45480804443359374,291.0771484375,17.806161115025876,1,2,42,0.92,0.581,0.55,0.15,0.1,0.05,0.15,57,263.05112256630593,143.41282844543457,11,0.4245536110617898,298.8857421875,18.071927900735982,1,3,43,0.92,0.627,0.6,0.15,0.1,0.05,0.1
65,adaptive_attentive_ppoclip_seed2,0,NOOP,0.078484,0.410375,0.300068,0,57,263.05112256630593,143.41282844543457,11,0.4245536110617898,298.8857421875,18.071927900735982,1,3,43,0.92,0.627,0.6,0.15,0.1,0.05,0.1,62,298.71008975769786,185.8232021331787,12,0.3999214172363281,307.1396484375,18.075588254854516,1,4,44,0.75,0.6184999999999999,0.55,0.15,0.15,0.05,0.1
66,adaptive_attentive_ppoclip_seed2,0,NOOP,0.074516,-0.0115,0.072387,0,62,298.71008975769786,185.8232021331787,12,0.3999214172363281,307.1396484375,18.075588254854516,1,4,44,0.75,0.6184999999999999,0.55,0.15,0.15,0.05,0.1,78,362.4066438396377,122.6952075958252,13,0.3807032658503606,316.7451171875,17.865221092564646,1,5,45,0.0,0.5725,0.5,0.2,0.15,0.05,0.1
67,adaptive_attentive_ppoclip_seed2,0,NOOP,0.071018,0.421875,0.292174,0,78,362.4066438396377,122.6952075958252,13,0.3807032658503606,316.7451171875,17.865221092564646,1,5,45,0.0,0.5725,0.5,0.2,0.15,0.05,0.1,74,416.1261335664373,209.72490310668945,14,0.36384146554129465,326.001953125,17.632893924794164,1,6,46,0.75,0.61,0.5,0.2,0.2,0.05,0.05
68,adaptive_attentive_ppoclip_seed2,0,NOOP,0.068331,0.506,0.341478,0,74,416.1261335664373,209.72490310668945,14,0.36384146554129465,326.001953125,17.632893924794164,1,6,46,0.75,0.61,0.5,0.2,0.2,0.05,0.05,94,442.0021322941669,161.41963005065918,15,0.35103047688802086,336.9892578125,17.285660893981937,1,7,47,0.92,0.61,0.5,0.2,0.2,0.05,0.05
69,adaptive_attentive_ppoclip_seed2,0,NOOP,0.065716,0.5175,0.338611,0,94,442.0021322941669,161.41963005065918,15,0.35103047688802086,336.9892578125,17.285660893981937,1,7,47,0.92,0.61,0.5,0.2,0.2,0.05,0.05,80,313.2020516458437,175.23455619812012,16,0.3385791778564453,346.705078125,17.001024424316658,1,8,48,0.92,0.6559999999999999,0.55,0.15,0.2,0.05,0.05
70,adaptive_attentive_ppoclip_seed2,0,NOOP,0.063292,-0.0115,0.061563,0,80,313.2020516458437,175.23455619812012,16,0.3385791778564453,346.705078125,17.001024424316658,1,8,48,0.92,0.6559999999999999,0.55,0.15,0.2,0.05,0.05,71,383.437993629015,107.67173767089844,17,0.3270838120404412,355.8671875,16.738326266142668,1,9,49,0.0,0.61,0.5,0.15,0.2,0.05,0.1
71,adaptive_attentive_ppoclip_seed2,1,COMPACT_32KB,0.082637,-0.0565,0.095071,0,71,383.437993629015,107.67173767089844,17,0.3270838120404412,355.8671875,16.738326266142668,1,9,49,0.0,0.61,0.5,0.15,0.2,0.05,0.1,93,509.01880420399885,107.9549789428711,11,0.4916506680575284,346.1220703125,14.636191898589855,1,0,50,0.0,0.564,0.45,0.2,0.2,0.05,0.1
72,adaptive_attentive_ppoclip_seed2,0,NOOP,0.090676,0.506,0.364087,0,93,509.01880420399885,107.9549789428711,11,0.4916506680575284,346.1220703125,14.636191898589855,1,0,50,0.0,0.564,0.45,0.2,0.2,0.05,0.1,58,289.36419001218025,144.4542407989502,12,0.4608815511067708,353.95703125,15.533120515724622,1,1,51,0.92,0.564,0.45,0.2,0.2,0.05,0.1
73,adaptive_attentive_ppoclip_seed2,0,NOOP,0.085594,0.506,0.358693,0,58,289.36419001218025,144.4542407989502,12,0.4608815511067708,353.95703125,15.533120515724622,1,1,51,0.92,0.564,0.45,0.2,0.2,0.05,0.1,68,321.5402944691213,161.30685806274414,13,0.4360950176532452,362.8310546875,15.933782976622384,1,2,52,0.92,0.564,0.45,0.2,0.2,0.05,0.1
74,adaptive_attentive_ppoclip_seed2,0,NOOP,0.081742,0.410375,0.303278,0,68,321.5402944691213,161.30685806274414,13,0.4360950176532452,362.8310546875,15.933782976622384,1,2,52,0.92,0.564,0.45,0.2,0.2,0.05,0.1,97,453.2079411299468,190.66715240478516,14,0.4174586704799107,374.04296875,15.945912717416272,1,3,53,0.75,0.5555,0.4,0.2,0.25,0.05,0.1
75,adaptive_attentive_ppoclip_seed2,0,NOOP,0.07813,-0.0115,0.076654,0,97,453.2079411299468,190.66715240478516,14,0.4174586704799107,374.04296875,15.945912717416272,1,3,53,0.75,0.5555,0.4,0.2,0.25,0.05,0.1,82,376.7975906544739,92.53334999084473,15,0.4000244140625,384.0234375,15.961977564755363,1,4,54,0.0,0.5095,0.35,0.2,0.25,0.05,0.15
76,adaptive_attentive_ppoclip_seed2,0,NOOP,0.074502,-0.0115,0.072297,0,82,376.7975906544739,92.53334999084473,15,0.4000244140625,384.0234375,15.961977564755363,1,4,54,0.0,0.5095,0.35,0.2,0.25,0.05,0.15,55,256.7370591842481,130.24115562438965,16,0.3825082778930664,391.6884765625,16.059467887300496,1,5,55,0.0,0.46349999999999997,0.3,0.25,0.25,0.05,0.15
77,adaptive_attentive_ppoclip_seed2,0,NOOP,0.071244,0.508125,0.344331,0,55,256.7370591842481,130.24115562438965,16,0.3825082778930664,391.6884765625,16.059467887300496,1,5,55,0.0,0.46349999999999997,0.3,0.25,0.25,0.05,0.15,53,284.7143252354068,166.9020652770996,17,0.36684642118566174,399.12890625,16.089364400322978,1,6,56,0.92,0.472,0.35,0.25,0.2,0.05,0.15
78,adaptive_attentive_ppoclip_seed2,1,COMPACT_32KB,0.078385,-0.045,0.090089,0,53,284.7143252354068,166.9020652770996,17,0.36684642118566174,399.12890625,16.089364400322978,1,6,56,0.92,0.472,0.35,0.25,0.2,0.05,0.15,59,274.82099160979726,146.95239067077637,13,0.47164212740384615,392.40625,14.134528896320695,1,0,57,0.0,0.472,0.35,0.25,0.2,0.0,0.2
79,adaptive_attentive_ppoclip_seed2,0,NOOP,0.088359,0.5175,0.361359,0,59,274.82099160979726,146.95239067077637,13,0.47164212740384615,392.40625,14.134528896320695,1,0,57,0.0,0.472,0.35,0.25,0.2,0.0,0.2,97,417.62256787370956,167.5407886505127,14,0.45054735456194195,403.6904296875,14.489110112823363,1,1,58,0.92,0.518,0.4,0.2,0.2,0.0,0.2
80,adaptive_attentive_ppoclip_seed2,0,NOOP,0.084209,0.421875,0.305501,0,97,417.62256787370956,167.5407886505127,14,0.45054735456194195,403.6904296875,14.489110112823363,1,1,58,0.92,0.518,0.4,0.2,0.2,0.0,0.2,77,409.5916884803474,204.15067672729492,15,0.43041788736979164,413.201171875,14.826807218177365,1,2,59,0.75,0.5555,0.4,0.2,0.25,0.0,0.15
81,adaptive_attentive_ppoclip_seed2,0,NOOP,0.080755,0.508125,0.351752,0,77,409.5916884803474,204.15067672729492,15,0.43041788736979164,413.201171875,14.826807218177365,1,2,59,0.75,0.5555,0.4,0.2,0.25,0.0,0.15,88,385.87102183508375,270.1563835144043,16,0.4137735366821289,423.7041015625,14.944374366771836,1,3,60,0.92,0.564,0.45,0.2,0.2,0.0,0.15
82,adaptive_attentive_ppoclip_seed2,0,NOOP,0.077445,0.5175,0.350245,0,88,385.87102183508375,270.1563835144043,16,0.4137735366821289,423.7041015625,14.944374366771836,1,3,60,0.92,0.564,0.45,0.2,0.2,0.0,0.15,71,395.48621621119116,181.23340606689453,17,0.39785048540900736,432.861328125,15.067537130759971,1,4,61,0.92,0.61,0.5,0.15,0.2,0.0,0.15
83,adaptive_attentive_ppoclip_seed2,1,COMPACT_32KB,0.462068,0.461,0.367197,0,71,395.48621621119116,181.23340606689453,17,0.39785048540900736,432.861328125,15.067537130759971,1,4,61,0.92,0.61,0.5,0.15,0.2,0.0,0.15,50,271.24213946293554,151.9484519958496,14,0.478179931640625,428.44921875,12.911615601705124,1,0,62,0.92,0.61,0.5,0.15,0.2,0.0,0.15
84,adaptive_attentive_ppoclip_seed2,0,NOOP,0.089599,0.506,0.362829,0,50,271.24213946293554,151.9484519958496,14,0.478179931640625,428.44921875,12.911615601705124,1,0,62,0.92,0.61,0.5,0.15,0.2,0.0,0.15,88,404.0410282008674,157.23919868469238,15,0.4573699951171875,439.0751953125,13.46880758675923,1,1,63,0.92,0.61,0.5,0.15,0.2,0.0,0.15
85,adaptive_attentive_ppoclip_seed2,0,NOOP,0.085631,0.508125,0.35886,0,88,404.0410282008674,157.23919868469238,15,0.4573699951171875,439.0751953125,13.46880758675923,1,1,63,0.92,0.61,0.5,0.15,0.2,0.0,0.15,79,346.6450348737338,158.5519313812256,16,0.4381570816040039,448.6728515625,13.910663506002859,1,2,64,0.92,0.6184999999999999,0.55,0.15,0.15,0.0,0.15
86,adaptive_attentive_ppoclip_seed2,0,NOOP,0.082025,0.5175,0.354694,0,79,346.6450348737338,158.5519313812256,16,0.4381570816040039,448.6728515625,13.910663506002859,1,2,64,0.92,0.6184999999999999,0.55,0.15,0.15,0.0,0.15,71,317.46407048702355,187.78705596923828,17,0.4207494399126838,457.775390625,14.23069586887282,1,3,65,0.92,0.6645,0.6,0.1,0.15,0.0,0.15
87,adaptive_attentive_ppoclip_seed2,0,NOOP,0.07888,0.508125,0.351595,0,71,317.46407048702355,187.78705596923828,17,0.4207494399126838,457.775390625,14.23069586887282,1,3,65,0.92,0.6645,0.6,0.1,0.15,0.0,0.15,77,331.50359257343223,186.7537498474121,18,0.4056481255425347,467.306640625,14.401869351709289,1,4,66,0.92,0.6729999999999999,0.65,0.1,0.1,0.0,0.15
88,adaptive_attentive_ppoclip_seed2,1,COMPACT_32KB,0.07523,0.365375,0.310592,0,77,331.50359257343223,186.7537498474121,18,0.4056481255425347,467.306640625,14.401869351709289,1,4,66,0.92,0.6729999999999999,0.65,0.1,0.1,0.0,0.15,86,322.3020529536227,217.79561042785645,16,0.45774078369140625,468.7265625,12.589840881618766,1,0,67,0.75,0.6645,0.6,0.1,0.15,0.0,0.15
89,adaptive_attentive_ppoclip_seed2,0,NOOP,0.085737,-0.0115,0.083252,0,86,322.3020529536227,217.79561042785645,16,0.45774078369140625,468.7265625,12.589840881618766,1,0,67,0.75,0.6645,0.6,0.1,0.15,0.0,0.15,72,326.2956510464501,145.5364227294922,17,0.43931130801930146,477.970703125,13.124320483849532,1,1,68,0.0,0.6184999999999999,0.55,0.15,0.15,0.0,0.15
90,adaptive_attentive_ppoclip_seed2,0,NOOP,0.082724,0.0,0.079872,0,72,326.2956510464501,145.5364227294922,17,0.43931130801930146,477.970703125,13.124320483849532,1,1,68,0.0,0.6184999999999999,0.55,0.15,0.15,0.0,0.15,97,455.57792519002595,165.1136875152588,18,0.4248691134982639,489.44921875,13.322669743771419,1,2,69,0.0,0.6184999999999999,0.55,0.15,0.15,0.05,0.1
91,adaptive_attentive_ppoclip_seed2,0,NOOP,0.079812,0.5175,0.352735,0,97,455.57792519002595,165.1136875152588,18,0.4248691134982639,489.44921875,13.322669743771419,1,2,69,0.0,0.6184999999999999,0.55,0.15,0.15,0.05,0.1,85,395.3279523808996,177.58798599243164,19,0.4109352513363487,499.697265625,13.51822853751692,1,3,70,0.92,0.6645000000000001,0.6,0.1,0.15,0.05,0.1
92,adaptive_attentive_ppoclip_seed2,0,NOOP,0.076706,0.506,0.349516,0,85,395.3279523808996,177.58798599243164,19,0.4109352513363487,499.697265625,13.51822853751692,1,3,70,0.92,0.6645000000000001,0.6,0.1,0.15,0.05,0.1,51,246.66401909572076,184.53478813171387,20,0.39603118896484374,506.919921875,13.83189986979381,1,4,71,0.92,0.6645,0.6,0.1,0.15,0.05,0.1
93,adaptive_attentive_ppoclip_seed2,1,COMPACT_32KB,0.076043,0.461,0.363141,0,51,246.66401909572076,184.53478813171387,20,0.39603118896484374,506.919921875,13.83189986979381,1,4,71,0.92,0.6645,0.6,0.1,0.15,0.05,0.1,60,269.41483280019526,182.25812911987305,17,0.4624301686006434,503.1240234375,11.882641432972495,1,0,72,0.92,0.6645,0.6,0.1,0.15,0.05,0.1
94,adaptive_attentive_ppoclip_seed2,0,NOOP,0.086626,0.508125,0.359123,0,60,269.41483280019526,182.25812911987305,17,0.4624301686006434,503.1240234375,11.882641432972495,1,0,72,0.92,0.6645,0.6,0.1,0.15,0.05,0.1,69,318.5855933210922,197.6618766784668,18,0.4443817138671875,511.927734375,12.526296569138971,1,1,73,0.92,0.673,0.65,0.1,0.1,0.05,0.1
95,adaptive_attentive_ppoclip_seed2,0,NOOP,0.083705,-0.0,0.081005,0,69,318.5855933210922,197.6618766784668,18,0.4443817138671875,511.927734375,12.526296569138971,1,1,73,0.92,0.673,0.65,0.1,0.1,0.05,0.1,99,451.5487427983584,158.71882438659668,19,0.43039904142680924,523.365234375,12.783065286494908,1,2,74,0.0,0.6729999999999999,0.65,0.15,0.1,0.05,0.05
96,adaptive_attentive_ppoclip_seed2,0,NOOP,0.080903,0.5175,0.353916,0,99,451.5487427983584,158.71882438659668,19,0.43039904142680924,523.365234375,12.783065286494908,1,2,74,0.0,0.6729999999999999,0.65,0.15,0.1,0.05,0.05,88,398.3267758300841,174.3600368499756,20,0.41701431274414064,533.7783203125,13.018542515500156,1,3,75,0.92,0.7190000000000001,0.7,0.1,0.1,0.05,0.05
97,adaptive_attentive_ppoclip_seed2,0,NOOP,0.077969,-0.0115,0.075205,0,88,398.3267758300841,174.3600368499756,20,0.41701431274414064,533.7783203125,13.018542515500156,1,3,75,0.92,0.7190000000000001,0.7,0.1,0.1,0.05,0.05,57,319.49000338098335,164.44659233093262,21,0.40296863374255953,541.58984375,13.34082672644383,1,4,76,0.0,0.673,0.65,0.1,0.1,0.05,0.1
98,adaptive_attentive_ppoclip_seed2,1,COMPACT_32KB,0.076751,-0.045,0.08856,0,57,319.49000338098335,164.44659233093262,21,0.40296863374255953,541.58984375,13.34082672644383,1,4,76,0.0,0.673,0.65,0.1,0.1,0.05,0.1,55,238.84816168476854,147.97687530517578,18,0.4665968153211806,537.51953125,11.99539647384138,1,0,77,0.0,0.6729999999999999,0.65,0.1,0.1,0.1,0.05
99,adaptive_attentive_ppoclip_seed2,0,NOOP,0.087207,0.506,0.360252,0,55,238.84816168476854,147.97687530517578,18,0.4665968153211806,537.51953125,11.99539647384138,1,0,77,0.0,0.6729999999999999,0.65,0.1,0.1,0.1,0.05,50,225.66521757844444,171.49829864501953,19,0.4479105096114309,544.6591796875,12.769890513804627,1,1,78,0.92,0.673,0.65,0.1,0.1,0.1,0.05
100,adaptive_attentive_ppoclip_seed2,0,NOOP,0.084053,-0.009375,0.082071,0,50,225.66521757844444,171.49829864501953,19,0.4479105096114309,544.6591796875,12.769890513804627,1,1,78,0.92,0.673,0.65,0.1,0.1,0.1,0.05,73,326.6351450678427,124.13835525512695,20,0.4327667236328125,553.94140625,13.163378318821637,1,2,79,0.0,0.6355,0.65,0.1,0.05,0.1,0.1
101,adaptive_attentive_ppoclip_seed2,0,NOOP,0.081457,-0.0115,0.078519,0,73,326.6351450678427,124.13835525512695,20,0.4327667236328125,553.94140625,13.163378318821637,1,2,79,0.0,0.6355,0.65,0.1,0.05,0.1,0.1,93,471.7477305765654,173.16508293151855,21,0.42041233607700895,565.0341796875,13.331897881474562,1,3,80,0.0,0.5895,0.6,0.15,0.05,0.1,0.1
102,adaptive_attentive_ppoclip_seed2,0,NOOP,0.0788,-0.0115,0.075846,0,93,471.7477305765654,173.16508293151855,21,0.42041233607700895,565.0341796875,13.331897881474562,1,3,80,0.0,0.5895,0.6,0.15,0.05,0.1,0.1,72,209.59381025156264,175.24099349975586,22,0.4077516035600142,574.1142578125,13.554340323561656,1,4,81,0.0,0.5435,0.55,0.2,0.05,0.1,0.1
103,adaptive_attentive_ppoclip_seed2,1,COMPACT_32KB,0.077335,-0.0565,0.089179,0,72,209.59381025156264,175.24099349975586,22,0.4077516035600142,574.1142578125,13.554340323561656,1,4,81,0.0,0.5435,0.55,0.2,0.05,0.1,0.1,64,267.0699274608925,147.5069522857666,19,0.4701433683696546,571.6943359375,11.120235032509838,1,0,82,0.0,0.49749999999999994,0.5,0.25,0.05,0.1,0.1
104,adaptive_attentive_ppoclip_seed2,0,NOOP,0.088438,-0.0115,0.085908,0,64,267.0699274608925,147.5069522857666,19,0.4701433683696546,571.6943359375,11.120235032509838,1,0,82,0.0,0.49749999999999994,0.5,0.25,0.05,0.1,0.1,84,385.1346205349579,151.50928497314453,20,0.45468902587890625,582.001953125,11.692592884430269,1,1,83,0.0,0.45149999999999996,0.45,0.3,0.05,0.1,0.1
105,adaptive_attentive_ppoclip_seed2,0,NOOP,0.085507,0.506,0.35758,0,84,385.1346205349579,151.50928497314453,20,0.45468902587890625,582.001953125,11.692592884430269,1,1,83,0.0,0.45149999999999996,0.45,0.3,0.05,0.1,0.1,84,397.5262314041194,222.61667251586914,21,0.44066074916294645,592.248046875,12.116443360946326,1,2,84,0.92,0.45149999999999996,0.45,0.3,0.05,0.1,0.1
106,adaptive_attentive_ppoclip_seed2,0,NOOP,0.082561,-0.0115,0.079664,0,84,397.5262314041194,222.61667251586914,21,0.44066074916294645,592.248046875,12.116443360946326,1,2,84,0.92,0.45149999999999996,0.45,0.3,0.05,0.1,0.1,63,274.1053823962955,172.32799530029297,22,0.4265532060102983,600.5869140625,12.559923298282687,1,3,85,0.0,0.4055000000000001,0.4,0.35,0.05,0.1,0.1
107,adaptive_attentive_ppoclip_seed2,0,NOOP,0.079963,-0.0115,0.077203,0,63,274.1053823962955,172.32799530029297,22,0.4265532060102983,600.5869140625,12.559923298282687,1,3,85,0.0,0.4055000000000001,0.4,0.35,0.05,0.1,0.1,72,365.169728592417,166.75925254821777,23,0.41418855086616846,609.685546875,12.844613819626554,1,4,86,0.0,0.3595,0.35,0.4,0.05,0.1,0.1
108,adaptive_attentive_ppoclip_seed2,1,COMPACT_32KB,0.077793,0.3675,0.312692,0,72,365.169728592417,166.75925254821777,23,0.41418855086616846,609.685546875,12.844613819626554,1,4,86,0.0,0.3595,0.35,0.4,0.05,0.1,0.1,58,273.79134337697883,245.9545135498047,20,0.4730560302734375,605.51171875,10.717932356209262,1,0,87,0.75,0.35950000000000004,0.35,0.4,0.05,0.1,0.1
109,adaptive_attentive_ppoclip_seed2,0,NOOP,0.089082,0.0,0.086262,0,58,273.79134337697883,245.9545135498047,20,0.4730560302734375,605.51171875,10.717932356209262,1,0,87,0.75,0.35950000000000004,0.35,0.4,0.05,0.1,0.1,89,431.72885119592155,167.23990440368652,21,0.4585331508091518,616.2685546875,11.281504833994857,1,1,88,0.0,0.35950000000000004,0.35,0.4,0.05,0.1,0.1
110,adaptive_attentive_ppoclip_seed2,0,NOOP,0.086234,0.0,0.083402,0,89,431.72885119592155,167.23990440368652,21,0.4585331508091518,616.2685546875,11.281504833994857,1,1,88,0.0,0.35950000000000004,0.35,0.4,0.05,0.1,0.1,84,372.99872004573535,169.06070709228516,22,0.4449185458096591,626.4453125,11.743708759767506,1,2,89,0.0,0.35950000000000004,0.35,0.4,0.05,0.1,0.1
111,adaptive_attentive_ppoclip_seed2,0,NOOP,0.083735,-0.0115,0.080706,0,84,372.99872004573535,169.06070709228516,22,0.4449185458096591,626.4453125,11.743708759767506,1,2,89,0.0,0.35950000000000004,0.35,0.4,0.05,0.1,0.1,92,342.33110864876807,180.24444580078125,23,0.433052394701087,637.453125,12.037892429943701,1,3,90,0.0,0.3135,0.3,0.45,0.05,0.1,0.1
112,adaptive_attentive_ppoclip_seed2,0,NOOP,0.081351,-0.0115,0.078578,0,92,342.33110864876807,180.24444580078125,23,0.433052394701087,637.453125,12.037892429943701,1,3,90,0.0,0.3135,0.3,0.45,0.05,0.1,0.1,86,386.25429959512434,168.6704158782959,24,0.4217567443847656,647.818359375,12.294436070496541,1,4,91,0.0,0.26749999999999996,0.25,0.5,0.05,0.1,0.1
113,adaptive_attentive_ppoclip_seed2,1,COMPACT_32KB,0.075287,-0.0565,0.086918,0,86,386.25429959512434,168.6704158782959,24,0.4217567443847656,647.818359375,12.294436070496541,1,4,91,0.0,0.26749999999999996,0.25,0.5,0.05,0.1,0.1,98,423.08664571691486,161.8502140045166,22,0.46177603981711646,650.1806640625,10.812393261355169,1,0,92,0.0,0.22149999999999997,0.2,0.55,0.05,0.1,0.1
114,adaptive_attentive_ppoclip_seed2,6,PARTITION_EVENT_TYPE,-0.095214,-0.1115,0.083632,0,98,423.08664571691486,161.8502140045166,22,0.46177603981711646,650.1806640625,10.812393261355169,1,0,92,0.0,0.22149999999999997,0.2,0.55,0.05,0.1,0.1,63,276.48067500164797,177.36339569091797,23,0.4473949929942255,658.5654296875,11.448905453756028,3,1,0,0.0,0.1755,0.15,0.6,0.05,0.1,0.1
115,adaptive_attentive_ppoclip_seed2,0,NOOP,0.077501,-0.08562,0.074398,0,63,276.48067500164797,177.36339569091797,23,0.4473949929942255,658.5654296875,11.448905453756028,3,1,0,0.0,0.1755,0.15,0.6,0.05,0.1,0.1,59,225.18400532876652,187.6358985900879,26,0.40375401423527646,671.8466796875,13.335456673528261,3,2,1,0.0,0.17550000000000002,0.15,0.6,0.05,0.1,0.1
116,adaptive_attentive_ppoclip_seed2,0,NOOP,0.070412,-0.095817,0.067379,0,59,225.18400532876652,187.6358985900879,26,0.40375401423527646,671.8466796875,13.335456673528261,3,2,1,0.0,0.17550000000000002,0.15,0.6,0.05,0.1,0.1,80,316.5004857711499,187.92343139648438,29,0.3701850628030711,687.0634765625,14.162477174677765,3,3,2,0.0,0.1295,0.1,0.65,0.05,0.1,0.1
117,adaptive_attentive_ppoclip_seed2,0,NOOP,0.064737,-0.082764,0.061499,0,80,316.5004857711499,187.92343139648438,29,0.3701850628030711,687.0634765625,14.162477174677765,3,3,2,0.0,0.1295,0.1,0.65,0.05,0.1,0.1,98,375.96088209199587,201.91216468811035,32,0.34368467330932617,703.8662109375,14.504877564781038,3,4,3,0.0,0.1295,0.1,0.7,0.05,0.1,0.05
118,adaptive_attentive_ppoclip_seed2,1,COMPACT_32KB,0.065607,-0.111534,0.076812,0,98,375.96088209199587,201.91216468811035,32,0.34368467330932617,703.8662109375,14.504877564781038,3,4,3,0.0,0.1295,0.1,0.7,0.05,0.1,0.05,55,212.20865165696938,188.16041946411133,26,0.4158736008864183,692.013671875,10.206187577137364,3,0,4,0.0,0.1295,0.1,0.75,0.05,0.05,0.05
119,adaptive_attentive_ppoclip_seed2,0,NOOP,0.0724,-0.077275,0.067781,0,55,212.20865165696938,188.16041946411133,26,0.4158736008864183,692.013671875,10.206187577137364,3,0,4,0.0,0.1295,0.1,0.75,0.05,0.05,0.05,61,245.3585584548846,267.1704292297363,29,0.3801232699690194,705.5087890625,11.839959570539898,3,1,5,0.0,0.08349999999999999,0.05,0.8,0.05,0.05,0.05
120,adaptive_attentive_ppoclip_seed2,0,NOOP,0.06612,-0.065158,0.06391,0,61,245.3585584548846,267.1704292297363,29,0.3801232699690194,705.5087890625,11.839959570539898,3,1,5,0.0,0.08349999999999999,0.05,0.8,0.05,0.05,0.05,51,193.8098700018483,150.4817008972168,32,0.3505997657775879,718.0283203125,12.743764160351581,3,2,6,0.0,0.08349999999999999,0.05,0.8,0.05,0.05,0.05
121,adaptive_attentive_ppoclip_seed2,0,NOOP,0.061195,-0.064038,0.058891,0,51,193.8098700018483,150.4817008972168,32,0.3505997657775879,718.0283203125,12.743764160351581,3,2,6,0.0,0.08349999999999999,0.05,0.8,0.05,0.05,0.05,93,367.6474537931554,158.93030166625977,35,0.3278485979352679,734.380859375,13.100968825018988,3,3,7,0.0,0.08349999999999999,0.05,0.75,0.05,0.05,0.1
122,adaptive_attentive_ppoclip_seed2,0,NOOP,0.056839,-0.063176,0.052966,0,93,367.6474537931554,158.93030166625977,35,0.3278485979352679,734.380859375,13.100968825018988,3,3,7,0.0,0.08349999999999999,0.05,0.75,0.05,0.05,0.1,73,285.8208831779845,241.13941192626953,38,0.307944046823602,748.919921875,13.314821895622227,3,4,8,0.0,0.08349999999999999,0.05,0.75,0.05,0.05,0.1
123,adaptive_attentive_ppoclip_seed2,1,COMPACT_32KB,0.069575,-0.107078,0.080883,0,73,285.8208831779845,241.13941192626953,38,0.307944046823602,748.919921875,13.314821895622227,3,4,8,0.0,0.08349999999999999,0.05,0.75,0.05,0.05,0.1,98,387.1791656619243,183.00104141235352,26,0.4357158954326923,725.03125,8.346130118135179,3,0,9,0.0,0.08349999999999999,0.05,0.75,0.05,0.05,0.1
124,adaptive_attentive_ppoclip_seed2,0,NOOP,0.075987,-0.061373,0.072543,0,98,387.1791656619243,183.00104141235352,26,0.4357158954326923,725.03125,8.346130118135179,3,0,9,0.0,0.08349999999999999,0.05,0.75,0.05,0.05,0.1,65,242.37957690444122,208.4674835205078,29,0.39806234425511855,738.8037109375,10.706118669253135,3,1,10,0.0,0.08349999999999999,0.05,0.75,0.05,0.05,0.1
125,adaptive_attentive_ppoclip_seed2,0,NOOP,0.069786,-0.071837,0.066508,0,65,242.37957690444122,208.4674835205078,29,0.39806234425511855,738.8037109375,10.706118669253135,3,1,10,0.0,0.08349999999999999,0.05,0.75,0.05,0.05,0.1,98,336.43773383523757,203.8857936859131,32,0.3689303398132324,755.5693359375,11.781445373378451,3,2,11,0.0,0.0375,0.0,0.8,0.05,0.05,0.1
126,adaptive_attentive_ppoclip_seed2,0,NOOP,0.064513,-0.059443,0.061691,0,98,336.43773383523757,203.8857936859131,32,0.3689303398132324,755.5693359375,11.781445373378451,3,2,11,0.0,0.0375,0.0,0.8,0.05,0.05,0.1,88,404.68159531265076,184.85784530639648,35,0.34443926130022323,771.5439453125,12.412090669219152,3,3,12,0.0,0.0375,0.0,0.75,0.05,0.05,0.15
127,adaptive_attentive_ppoclip_seed2,0,NOOP,0.060005,-0.058559,0.055566,0,88,404.68159531265076,184.85784530639648,35,0.34443926130022323,771.5439453125,12.412090669219152,3,3,12,0.0,0.0375,0.0,0.75,0.05,0.05,0.15,87,378.96361931288885,269.41704750061035,38,0.32377343428762334,787.4169921875,12.75955895680963,3,4,13,0.0,0.0375,0.05,0.7,0.05,0.05,0.15
128,adaptive_attentive_ppoclip_seed2,1,COMPACT_32KB,0.067753,-0.112065,0.07908,0,87,378.96361931288885,269.41704750061035,38,0.32377343428762334,787.4169921875,12.75955895680963,3,4,13,0.0,0.0375,0.05,0.7,0.05,0.05,0.15,90,342.4114190548584,184.5541000366211,28,0.4278559003557478,766.7177734375,8.833892510595765,3,0,14,0.0,0.0,0.05,0.75,0.0,0.05,0.15
129,adaptive_attentive_ppoclip_seed2,0,NOOP,0.074888,-0.056977,0.071498,0,90,342.4114190548584,184.5541000366211,28,0.4278559003557478,766.7177734375,8.833892510595765,3,0,14,0.0,0.0,0.05,0.75,0.0,0.05,0.15,74,298.846891016352,208.23431015014648,31,0.3938135946950605,781.326171875,10.78207721720067,3,1,15,0.0,0.0,0.05,0.75,0.0,0.05,0.15
130,adaptive_attentive_ppoclip_seed2,0,NOOP,0.068967,-0.056236,0.065466,0,74,298.846891016352,208.23431015014648,31,0.3938135946950605,781.326171875,10.78207721720067,3,1,15,0.0,0.0,0.05,0.75,0.0,0.05,0.15,81,294.0355087352458,217.50545501708984,34,0.3660830329446232,796.5966796875,11.815815580044292,3,2,16,0.0,0.0,0.05,0.8,0.0,0.0,0.15
131,adaptive_attentive_ppoclip_seed2,0,NOOP,0.064028,-0.055405,0.061599,0,81,294.0355087352458,217.50545501708984,34,0.3660830329446232,796.5966796875,11.815815580044292,3,2,16,0.0,0.0,0.05,0.8,0.0,0.0,0.15,94,397.8532119719873,167.70029067993164,37,0.34326707994615707,812.8564453125,12.381739386174585,3,3,17,0.0,0.0,0.05,0.75,0.0,0.0,0.2
132,adaptive_attentive_ppoclip_seed2,0,NOOP,0.059639,-0.054755,0.055698,0,94,397.8532119719873,167.70029067993164,37,0.34326707994615707,812.8564453125,12.381739386174585,3,3,17,0.0,0.0,0.05,0.75,0.0,0.0,0.2,74,306.42469812015565,247.04885482788086,40,0.32319488525390627,827.37890625,12.753265704473502,3,4,18,0.0,0.0,0.05,0.75,0.0,0.0,0.2
133,adaptive_attentive_ppoclip_seed2,0,NOOP,0.055716,0.322641,0.252714,0,74,306.42469812015565,247.04885482788086,40,0.32319488525390627,827.37890625,12.753265704473502,3,4,18,0.0,0.0,0.05,0.75,0.0,0.0,0.2,58,240.08087778130866,253.80706787109375,43,0.30545292344204217,840.6064453125,12.98830164299049,3,5,19,0.67,0.0335,0.05,0.7,0.0,0.05,0.2
134,adaptive_attentive_ppoclip_seed2,1,COMPACT_32KB,0.066404,-0.098685,0.077307,0,58,240.08087778130866,253.80706787109375,43,0.30545292344204217,840.6064453125,12.98830164299049,3,5,19,0.67,0.0335,0.05,0.7,0.0,0.05,0.2,67,217.6291037054935,208.25648307800293,30,0.42236073811848956,810.9326171875,8.798622536115486,3,0,20,0.0,0.0335,0.05,0.7,0.0,0.05,0.2
135,adaptive_attentive_ppoclip_seed2,5,PARTITION_REGION,-0.107866,-0.153152,0.071709,0,67,217.6291037054935,208.25648307800293,30,0.42236073811848956,810.9326171875,8.798622536115486,3,0,20,0.0,0.0335,0.05,0.7,0.0,0.05,0.2,62,237.17661823358966,153.4276008605957,33,0.3903877951882102,824.4990234375,10.651503932599113,2,1,0,0.0,0.0335,0.05,0.65,0.0,0.05,0.25
136,adaptive_attentive_ppoclip_seed2,0,NOOP,0.06817,-0.079591,0.064771,0,62,237.17661823358966,153.4276008605957,33,0.3903877951882102,824.4990234375,10.651503932599113,2,1,0,0.0,0.0335,0.05,0.65,0.0,0.05,0.25,52,225.34038926071872,276.2572765350342,36,0.3633524576822917,837.1640625,11.733304331586758,2,2,1,0.004086803519061584,0.03370434017595308,0.05,0.65,0.0,0.05,0.25
137,adaptive_attentive_ppoclip_seed2,0,NOOP,0.063433,-0.07496,0.063041,0,52,225.34038926071872,276.2572765350342,36,0.3633524576822917,837.1640625,11.733304331586758,2,2,1,0.004086803519061584,0.03370434017595308,0.05,0.65,0.0,0.05,0.25,82,347.58921899460427,224.84064102172852,39,0.3415417793469551,852.48828125,12.285846261277934,2,3,2,0.01043104449866388,0.03422589240088627,0.05,0.65,0.0,0.05,0.25
138,adaptive_attentive_ppoclip_seed2,0,NOOP,0.059258,-0.070913,0.060573,0,82,347.58921899460427,224.84064102172852,39,0.3415417793469551,852.48828125,12.285846261277934,2,3,2,0.01043104449866388,0.03422589240088627,0.05,0.65,0.0,0.05,0.25,73,276.45504574565,226.46141052246094,42,0.32254246303013395,866.994140625,12.635272001350751,2,4,3,0.015978110599078343,0.03502479793084019,0.05,0.65,0.0,0.05,0.25
139,adaptive_attentive_ppoclip_seed2,1,COMPACT_32KB,0.069385,-0.113391,0.078825,0,73,276.45504574565,226.46141052246094,42,0.32254246303013395,866.994140625,12.635272001350751,2,4,3,0.015978110599078343,0.03502479793084019,0.05,0.65,0.0,0.05,0.25,63,223.69602396103792,281.4483642578125,30,0.4372675577799479,839.5537109375,10.535035175317434,2,0,4,0.0,0.03502479793084019,0.05,0.6,0.0,0.1,0.25
140,adaptive_attentive_ppoclip_seed2,0,NOOP,0.076836,-0.067572,0.07456,0,63,223.69602396103792,281.4483642578125,30,0.4372675577799479,839.5537109375,10.535035175317434,2,0,4,0.0,0.03502479793084019,0.05,0.6,0.0,0.1,0.25,83,284.93423289443854,155.05528450012207,33,0.4048059636896307,854.9501953125,12.048455575789635,2,1,5,0.0,0.03502479793084019,0.05,0.6,0.0,0.1,0.25
141,adaptive_attentive_ppoclip_seed2,0,NOOP,0.070838,-0.067044,0.068275,0,83,284.93423289443854,155.05528450012207,33,0.4048059636896307,854.9501953125,12.048455575789635,2,1,5,0.0,0.03502479793084019,0.05,0.6,0.0,0.1,0.25,55,201.72787642734843,173.14648628234863,36,0.37668821546766496,867.8896484375,13.015846401869785,2,2,6,0.0,0.03502479793084019,0.05,0.6,0.0,0.1,0.25
142,adaptive_attentive_ppoclip_seed2,0,NOOP,0.065995,0.310743,0.264058,0,55,201.72787642734843,173.14648628234863,36,0.37668821546766496,867.8896484375,13.015846401869785,2,2,6,0.0,0.03502479793084019,0.05,0.6,0.0,0.1,0.25,95,341.1839835050275,195.58334350585938,39,0.35434781588040865,884.4521484375,13.462604424217743,2,3,7,0.67,0.06852479793084018,0.05,0.6,0.0,0.1,0.25
143,adaptive_attentive_ppoclip_seed2,0,NOOP,0.06159,-0.065519,0.056733,0,95,341.1839835050275,195.58334350585938,39,0.35434781588040865,884.4521484375,13.462604424217743,2,3,7,0.67,0.06852479793084018,0.05,0.6,0.0,0.1,0.25,65,250.05343552058818,295.35818099975586,42,0.3342012677873884,898.3330078125,13.789115142940165,2,4,8,0.0,0.06852479793084018,0.1,0.55,0.0,0.1,0.25
144,adaptive_attentive_ppoclip_seed2,1,COMPACT_32KB,0.069782,0.266828,0.28226,0,65,250.05343552058818,295.35818099975586,42,0.3342012677873884,898.3330078125,13.789115142940165,2,4,8,0.0,0.06852479793084018,0.1,0.55,0.0,0.1,0.25,52,187.16039305570692,180.7246208190918,31,0.4398749566847278,872.7119140625,9.769701058687371,2,0,9,0.67,0.10202479793084018,0.1,0.55,0.0,0.1,0.25
145,adaptive_attentive_ppoclip_seed2,0,NOOP,0.077481,0.312674,0.275742,0,52,187.16039305570692,180.7246208190918,31,0.4398749566847278,872.7119140625,9.769701058687371,2,0,9,0.67,0.10202479793084018,0.1,0.55,0.0,0.1,0.25,94,354.3123189187246,179.4426441192627,34,0.4086546056410846,889.232421875,11.372591148182135,2,1,10,0.67,0.1355247979308402,0.1,0.55,0.0,0.1,0.25
146,adaptive_attentive_ppoclip_seed2,0,NOOP,0.071679,-0.063596,0.068042,0,94,354.3123189187246,179.4426441192627,34,0.4086546056410846,889.232421875,11.372591148182135,2,1,10,0.67,0.1355247979308402,0.1,0.55,0.0,0.1,0.25,69,269.4050016523233,228.08218002319336,37,0.3815200393264358,903.439453125,12.398634547303526,2,2,11,0.0,0.1355247979308402,0.1,0.55,0.0,0.15,0.2
147,adaptive_attentive_ppoclip_seed2,0,NOOP,0.066606,0.313774,0.264797,0,69,269.4050016523233,228.08218002319336,37,0.3815200393264358,903.439453125,12.398634547303526,2,2,11,0.0,0.1355247979308402,0.1,0.55,0.0,0.15,0.2,57,219.46744781028565,190.47975540161133,40,0.35803070068359377,916.55859375,13.058163056042027,2,3,12,0.67,0.1690247979308402,0.05,0.6,0.0,0.15,0.2
148,adaptive_attentive_ppoclip_seed2,0,NOOP,0.062188,0.314261,0.257315,0,57,219.46744781028565,190.47975540161133,40,0.35803070068359377,916.55859375,13.058163056042027,2,3,12,0.67,0.1690247979308402,0.05,0.6,0.0,0.15,0.2,57,225.46406254420626,347.40400314331055,43,0.3378143310546875,929.6650390625,13.46109810704278,2,4,13,0.67,0.20252479793084022,0.05,0.6,0.0,0.15,0.2
149,adaptive_attentive_ppoclip_seed2,3,COMPACT_128KB,0.1665,0.302947,0.399001,0,57,225.46406254420626,347.40400314331055,43,0.3378143310546875,929.6650390625,13.46109810704278,2,4,13,0.67,0.20252479793084022,0.05,0.6,0.0,0.15,0.2,72,298.92678523173043,59.94987487792969,8,1.628225326538086,833.6513671875,59.3767227816359,2,0,14,0.67,0.23602479793084016,0.05,0.6,0.0,0.15,0.2
150,adaptive_attentive_ppoclip_seed2,0,NOOP,0.198625,-0.018882,0.195225,0,72,298.92678523173043,59.94987487792969,8,1.628225326538086,833.6513671875,59.3767227816359,2,0,14,0.67,0.23602479793084016,0.05,0.6,0.0,0.15,0.2,56,242.25927240022114,183.74967575073242,11,1.202638105912642,846.6572265625,68.14806219811433,2,1,15,0.0,0.23602479793084016,0.05,0.55,0.05,0.15,0.2
151,adaptive_attentive_ppoclip_seed2,0,NOOP,0.106109,0.35797,0.306063,0,56,242.25927240022114,183.74967575073242,11,1.202638105912642,846.6572265625,68.14806219811433,2,1,15,0.0,0.23602479793084016,0.05,0.55,0.05,0.15,0.2,259,565.086891770352,84.81478691101074,26,0.5467945979191706,909.8662109375,56.58318185178449,2,2,16,0.67,0.26952479793084017,0.05,0.6,0.05,0.15,0.15
152,adaptive_attentive_ppoclip_seed2,0,NOOP,0.069136,0.357945,0.269032,0,259,565.086891770352,84.81478691101074,26,0.5467945979191706,909.8662109375,56.58318185178449,2,2,16,0.67,0.26952479793084017,0.05,0.6,0.05,0.15,0.15,274,722.4957413689481,106.41598701477051,41,0.3713036513910061,974.30078125,47.17337799497124,2,3,17,0.67,0.3030247979308402,0.05,0.6,0.05,0.15,0.15
153,adaptive_attentive_ppoclip_seed2,0,NOOP,0.057075,-0.027279,0.048452,0,274,722.4957413689481,106.41598701477051,41,0.3713036513910061,974.30078125,47.17337799497124,2,3,17,0.67,0.3030247979308402,0.05,0.6,0.05,0.15,0.15,167,550.8482881953346,493.62635612487793,50,0.316624755859375,1013.19921875,43.28498643654365,2,4,18,0.0,0.26952479793084017,0.05,0.6,0.1,0.1,0.15
154,adaptive_attentive_ppoclip_seed2,1,COMPACT_32KB,-0.205333,0.313002,0.346401,0,167,550.8482881953346,493.62635612487793,50,0.316624755859375,1013.19921875,43.28498643654365,2,4,18,0.0,0.26952479793084017,0.05,0.6,0.1,0.1,0.15,229,487.17321889317594,79.18190956115723,20,0.7449249267578125,953.50390625,34.24617922673991,2,0,19,0.67,0.30302479793084014,0.05,0.6,0.1,0.1,0.15
155,adaptive_attentive_ppoclip_seed2,0,NOOP,0.086461,-0.018846,0.079298,0,229,487.17321889317594,79.18190956115723,20,0.7449249267578125,953.50390625,34.24617922673991,2,0,19,0.67,0.30302479793084014,0.05,0.6,0.1,0.1,0.15,267,658.4902177191789,401.9134044647217,35,0.45418003627232145,1017.36328125,33.627398465753224,2,1,20,0.0,0.30302479793084014,0.05,0.6,0.15,0.1,0.1
156,adaptive_attentive_ppoclip_seed2,0,NOOP,0.06126,0.357958,0.260588,0,267,658.4902177191789,401.9134044647217,35,0.45418003627232145,1017.36328125,33.627398465753224,2,1,20,0.0,0.30302479793084014,0.05,0.6,0.15,0.1,0.1,253,488.0085207048345,146.09217643737793,50,0.337550048828125,1080.16015625,30.289358128329976,2,2,21,0.67,0.33632045775488717,0.05,0.6,0.15,0.1,0.1
157,adaptive_attentive_ppoclip_seed2,0,NOOP,0.051911,-0.019015,0.048571,0,253,488.0085207048345,146.09217643737793,50,0.337550048828125,1080.16015625,30.289358128329976,2,2,21,0.67,0.33632045775488717,0.05,0.6,0.15,0.1,0.1,169,541.447314408629,240.7815456390381,59,0.2964312019994703,1119.32421875,28.535888580243594,2,3,22,0.0,0.33579890552995395,0.05,0.55,0.15,0.1,0.15
158,adaptive_attentive_ppoclip_seed2,0,NOOP,0.040782,-0.019151,0.027091,0,169,541.447314408629,240.7815456390381,59,0.2964312019994703,1119.32421875,28.535888580243594,2,3,22,0.0,0.33579890552995395,0.05,0.55,0.15,0.1,0.15,283,647.355622152111,777.0514488220215,74,0.25016042348500844,1184.759765625,26.1169509695938,2,4,23,0.0,0.3350000000000001,0.05,0.5,0.2,0.1,0.15
159,adaptive_attentive_ppoclip_seed2,1,COMPACT_32KB,-0.214892,0.312971,0.33689,0,283,647.355622152111,777.0514488220215,74,0.25016042348500844,1184.759765625,26.1169509695938,2,4,23,0.0,0.3350000000000001,0.05,0.5,0.2,0.1,0.15,300,673.7466153138541,81.79497718811035,24,0.6996313730875651,1074.6337890625,31.550034714592318,2,0,24,0.67,0.36850000000000005,0.05,0.55,0.2,0.05,0.15
160,adaptive_attentive_ppoclip_seed2,0,NOOP,0.101504,-0.018866,0.098954,0,300,673.7466153138541,81.79497718811035,24,0.6996313730875651,1074.6337890625,31.550034714592318,2,0,24,0.67,0.36850000000000005,0.05,0.55,0.2,0.05,0.15,187,553.4421173106857,168.73931884765625,33,0.5281441428444602,1115.4404296875,32.35443055272062,2,1,25,0.0,0.36850000000000005,0.05,0.55,0.2,0.05,0.15
161,adaptive_attentive_ppoclip_seed2,0,NOOP,0.075507,0.357947,0.27541,0,187,553.4421173106857,168.73931884765625,33,0.5281441428444602,1115.4404296875,32.35443055272062,2,1,25,0.0,0.36850000000000005,0.05,0.55,0.2,0.05,0.15,232,696.7102806950217,111.1147403717041,45,0.40565897623697916,1168.2978515625,30.56672419588034,2,2,26,0.67,0.402,0.05,0.6,0.2,0.05,0.1
162,adaptive_attentive_ppoclip_seed2,0,NOOP,0.06311,-0.027294,0.052526,0,232,696.7102806950217,111.1147403717041,45,0.40565897623697916,1168.2978515625,30.56672419588034,2,2,26,0.67,0.402,0.05,0.6,0.2,0.05,0.1,166,490.07431766607164,596.7245101928711,54,0.34930165608723956,1207.1865234375,29.017405136985612,2,3,27,0.0,0.36850000000000005,0.1,0.55,0.2,0.05,0.1
163,adaptive_attentive_ppoclip_seed2,0,NOOP,0.05127,-0.018937,0.037556,0,166,490.07431766607164,596.7245101928711,54,0.34930165608723956,1207.1865234375,29.017405136985612,2,3,27,0.0,0.36850000000000005,0.1,0.55,0.2,0.05,0.1,200,489.7018861029432,768.2006359100342,66,0.29759794293027936,1257.0537109375,27.14169911087449,2,4,28,0.0,0.36850000000000005,0.05,0.55,0.25,0.05,0.1
164,adaptive_attentive_ppoclip_seed2,1,COMPACT_32KB,-0.220218,0.304565,0.331688,0,200,489.7018861029432,768.2006359100342,66,0.29759794293027936,1257.0537109375,27.14169911087449,2,4,28,0.0,0.36850000000000005,0.05,0.55,0.25,0.05,0.1,181,521.1510163957834,79.35166358947754,27,0.6748770254629629,1166.1875,29.906693449173844,2,0,29,0.67,0.36850000000000005,0.05,0.55,0.25,0.05,0.1
165,adaptive_attentive_ppoclip_seed2,0,NOOP,0.086424,-0.027257,0.08217,0,181,521.1510163957834,79.35166358947754,27,0.6748770254629629,1166.1875,29.906693449173844,2,0,29,0.67,0.36850000000000005,0.05,0.55,0.25,0.05,0.1,289,691.801907236117,265.17248153686523,42,0.4583689371744792,1232.095703125,30.35446406016746,2,1,30,0.0,0.3350000000000001,0.05,0.5,0.25,0.1,0.1
166,adaptive_attentive_ppoclip_seed2,0,NOOP,0.063962,0.358083,0.263982,0,289,691.801907236117,265.17248153686523,42,0.4583689371744792,1232.095703125,30.35446406016746,2,1,30,0.0,0.3350000000000001,0.05,0.5,0.25,0.1,0.1,273,667.8395638274977,120.23735046386719,57,0.355435287743284,1296.6279296875,28.255356401659313,2,2,31,0.67,0.36850000000000005,0.05,0.55,0.25,0.05,0.1
167,adaptive_attentive_ppoclip_seed2,0,NOOP,0.052541,-0.027092,0.04652,0,273,667.8395638274977,120.23735046386719,57,0.355435287743284,1296.6279296875,28.255356401659313,2,2,31,0.67,0.36850000000000005,0.05,0.55,0.25,0.05,0.1,244,591.5994043600107,387.2859477996826,69,0.3058296977609828,1350.5439453125,26.572922813264647,2,3,32,0.0,0.3350000000000001,0.05,0.5,0.25,0.1,0.1
168,adaptive_attentive_ppoclip_seed2,0,NOOP,0.04207,-0.027098,0.033538,0,244,591.5994043600107,387.2859477996826,69,0.3058296977609828,1350.5439453125,26.572922813264647,2,3,32,0.0,0.3350000000000001,0.05,0.5,0.25,0.1,0.1,251,560.745684964742,531.6061973571777,84,0.26285008021763395,1413.08203125,24.77518270553157,2,4,33,0.0,0.3015,0.1,0.45,0.25,0.1,0.1
169,adaptive_attentive_ppoclip_seed2,1,COMPACT_32KB,-0.230243,-0.072049,0.116941,0,251,560.745684964742,531.6061973571777,84,0.26285008021763395,1413.08203125,24.77518270553157,2,4,33,0.0,0.3015,0.1,0.45,0.25,0.1,0.1,161,494.45559013260504,271.7156410217285,32,0.6278767585754395,1285.8916015625,28.346810414525315,2,0,34,0.0,0.268,0.1,0.4,0.25,0.15,0.1
170,adaptive_attentive_ppoclip_seed2,0,NOOP,0.095732,0.358158,0.295562,0,161,494.45559013260504,271.7156410217285,32,0.6278767585754395,1285.8916015625,28.346810414525315,2,0,34,0.0,0.268,0.1,0.4,0.25,0.15,0.1,150,424.2192699318372,109.73000526428223,41,0.5042839980706936,1323.2412109375,29.16987569240125,2,1,35,0.67,0.30150000000000005,0.1,0.45,0.2,0.15,0.1
171,adaptive_attentive_ppoclip_seed2,0,NOOP,0.078823,-0.027067,0.073846,0,150,424.2192699318372,109.73000526428223,41,0.5042839980706936,1323.2412109375,29.16987569240125,2,1,35,0.67,0.30150000000000005,0.1,0.45,0.2,0.15,0.1,155,449.1967873705855,311.3691806793213,50,0.42536468505859376,1361.1669921875,28.517397339141958,2,2,36,0.0,0.268,0.1,0.4,0.2,0.2,0.1
172,adaptive_attentive_ppoclip_seed2,0,NOOP,0.066833,0.34987,0.265648,0,155,449.1967873705855,311.3691806793213,50,0.42536468505859376,1361.1669921875,28.517397339141958,2,2,36,0.0,0.268,0.1,0.4,0.2,0.2,0.1,177,576.0329236243609,182.97195434570312,59,0.3710394390558792,1401.044921875,27.484640348239,2,3,37,0.67,0.268,0.1,0.4,0.2,0.2,0.1
173,adaptive_attentive_ppoclip_seed2,0,NOOP,0.055001,0.358197,0.254368,0,177,576.0329236243609,182.97195434570312,59,0.3710394390558792,1401.044921875,27.484640348239,2,3,37,0.67,0.268,0.1,0.4,0.2,0.2,0.1,202,629.4501978061165,170.39728164672852,71,0.31937913491692344,1451.2587890625,26.086465390650247,2,4,38,0.67,0.3015,0.1,0.45,0.15,0.2,0.1
174,adaptive_attentive_ppoclip_seed2,1,COMPACT_32KB,-0.236768,-0.072059,0.11262,0,202,629.4501978061165,170.39728164672852,71,0.31937913491692344,1451.2587890625,26.086465390650247,2,4,38,0.67,0.3015,0.1,0.45,0.15,0.2,0.1,240,615.4570655410355,166.487455368042,36,0.5977499220106337,1377.2158203125,27.324369347581463,2,0,39,0.0,0.268,0.1,0.4,0.15,0.2,0.15
175,adaptive_attentive_ppoclip_seed2,0,NOOP,0.082105,-0.018667,0.07335,0,240,615.4570655410355,166.487455368042,36,0.5977499220106337,1377.2158203125,27.324369347581463,2,0,39,0.0,0.268,0.1,0.4,0.15,0.2,0.15,299,666.2761208937399,501.5139579772949,51,0.4424007640165441,1443.99609375,27.65447562053918,2,1,40,0.0,0.268,0.1,0.4,0.15,0.2,0.15
176,adaptive_attentive_ppoclip_seed2,0,NOOP,0.069862,0.349815,0.269701,0,299,666.2761208937399,501.5139579772949,51,0.4424007640165441,1443.99609375,27.65447562053918,2,1,40,0.0,0.268,0.1,0.4,0.15,0.2,0.15,192,600.2823369455837,133.07833671569824,60,0.38681182861328123,1485.357421875,26.85414626805631,2,2,41,0.67,0.268,0.1,0.4,0.15,0.2,0.15
177,adaptive_attentive_ppoclip_seed2,0,NOOP,0.055214,-0.01864,0.041747,0,192,600.2823369455837,133.07833671569824,60,0.38681182861328123,1485.357421875,26.85414626805631,2,2,41,0.67,0.268,0.1,0.4,0.15,0.2,0.15,277,613.2784050209956,767.0738697052002,75,0.32294352213541666,1550.12890625,25.35316065730146,2,3,42,0.0,0.268,0.1,0.4,0.2,0.2,0.1
178,adaptive_attentive_ppoclip_seed2,0,NOOP,0.044882,0.358179,0.244917,0,277,613.2784050209956,767.0738697052002,75,0.32294352213541666,1550.12890625,25.35316065730146,2,3,42,0.0,0.268,0.1,0.4,0.2,0.2,0.1,294,719.5072699021558,160.73989868164062,90,0.2806598239474826,1616.6005859375,23.907952128571047,2,4,43,0.67,0.3015,0.1,0.45,0.15,0.2,0.1
179,adaptive_attentive_ppoclip_seed2,1,COMPACT_32KB,-0.23733,-0.072002,0.10697,0,294,719.5072699021558,160.73989868164062,90,0.2806598239474826,1616.6005859375,23.907952128571047,2,4,43,0.67,0.3015,0.1,0.45,0.15,0.2,0.1,153,440.11584470094436,424.66163635253906,39,0.5968138865935497,1489.6474609375,26.115684939123387,2,0,44,0.0,0.268,0.1,0.4,0.2,0.2,0.1
180,adaptive_attentive_ppoclip_seed2,0,NOOP,0.088035,0.358293,0.286924,0,153,440.11584470094436,424.66163635253906,39,0.5968138865935497,1489.6474609375,26.115684939123387,2,0,44,0.0,0.268,0.1,0.4,0.2,0.2,0.1,214,604.7350731511768,169.2979335784912,51,0.4720521814682904,1540.7783203125,27.014575390382543,2,1,45,0.67,0.3015,0.1,0.45,0.2,0.2,0.05
181,adaptive_attentive_ppoclip_seed2,0,NOOP,0.074871,0.349931,0.274723,0,214,604.7350731511768,169.2979335784912,51,0.4720521814682904,1540.7783203125,27.014575390382543,2,1,45,0.67,0.3015,0.1,0.45,0.2,0.2,0.05,187,478.4519220797917,132.4169635772705,60,0.4118558247884115,1581.5263671875,26.534537568727295,2,2,46,0.67,0.3015,0.1,0.45,0.2,0.2,0.05
182,adaptive_attentive_ppoclip_seed2,0,NOOP,0.064699,0.358372,0.263102,0,187,478.4519220797917,132.4169635772705,60,0.4118558247884115,1581.5263671875,26.534537568727295,2,2,46,0.67,0.3015,0.1,0.45,0.2,0.2,0.05,150,474.9752752935634,216.08614921569824,69,0.3666182808254076,1618.986328125,25.838397553975838,2,3,47,0.67,0.335,0.05,0.5,0.2,0.2,0.05
183,adaptive_attentive_ppoclip_seed2,0,NOOP,0.054273,0.358384,0.254391,0,150,474.9752752935634,216.08614921569824,69,0.3666182808254076,1618.986328125,25.838397553975838,2,3,47,0.67,0.335,0.05,0.5,0.2,0.2,0.05,204,582.4450687351307,145.33090591430664,81,0.32198814109519674,1669.1865234375,24.800017610527863,2,4,48,0.67,0.3685,0.05,0.55,0.15,0.2,0.05
184,adaptive_attentive_ppoclip_seed2,1,COMPACT_32KB,-0.23971,-0.071865,0.10377,0,204,582.4450687351307,145.33090591430664,81,0.32198814109519674,1669.1865234375,24.800017610527863,2,4,48,0.67,0.3685,0.05,0.55,0.15,0.2,0.05,163,509.07774090237916,469.38514709472656,42,0.5867909022739956,1577.2939453125,25.10079258741789,2,0,49,0.0,0.335,0.05,0.5,0.2,0.2,0.05
185,adaptive_attentive_ppoclip_seed2,0,NOOP,0.092827,-0.018474,0.087185,0,163,509.07774090237916,469.38514709472656,42,0.5867909022739956,1577.2939453125,25.10079258741789,2,0,49,0.0,0.335,0.05,0.5,0.2,0.2,0.05,196,555.5722447567287,345.84927558898926,51,0.49601087383195464,1618.9794921875,26.02724382638466,2,1,50,0.0,0.335,0.1,0.5,0.2,0.15,0.05
186,adaptive_attentive_ppoclip_seed2,0,NOOP,0.078896,-0.026831,0.072084,0,196,555.5722447567287,345.84927558898926,51,0.49601087383195464,1618.9794921875,26.02724382638466,2,1,50,0.0,0.335,0.1,0.5,0.2,0.15,0.05,176,527.2146403615525,415.6010150909424,60,0.4319786071777344,1658.7978515625,25.90223902972628,2,2,51,0.0,0.30150000000000005,0.1,0.45,0.2,0.15,0.1
187,adaptive_attentive_ppoclip_seed2,0,NOOP,0.062372,-0.018511,0.058035,0,176,527.2146403615525,415.6010150909424,60,0.4319786071777344,1658.7978515625,25.90223902972628,2,2,51,0.0,0.30150000000000005,0.1,0.45,0.2,0.15,0.1,260,561.0699089647168,310.63127517700195,75,0.35873738606770833,1721.939453125,24.98246032182654,2,3,52,0.0,0.30150000000000005,0.1,0.45,0.2,0.1,0.15
188,adaptive_attentive_ppoclip_seed2,0,NOOP,0.050732,0.358354,0.24975,0,260,561.0699089647168,310.63127517700195,75,0.35873738606770833,1721.939453125,24.98246032182654,2,3,52,0.0,0.30150000000000005,0.1,0.45,0.2,0.1,0.15,258,615.9155898929165,211.5647792816162,90,0.3099088880750868,1785.0751953125,23.840761328913757,2,4,53,0.67,0.3350000000000001,0.05,0.5,0.2,0.1,0.15
189,adaptive_attentive_ppoclip_seed2,1,COMPACT_32KB,-0.243301,0.313299,0.30839,0,258,615.9155898929165,211.5647792816162,90,0.3099088880750868,1785.0751953125,23.840761328913757,2,4,53,0.67,0.3350000000000001,0.05,0.5,0.2,0.1,0.15,189,528.7008336779202,113.8453483581543,46,0.5713364974312161,1682.0146484375,24.31308945650597,2,0,54,0.67,0.36850000000000005,0.05,0.55,0.2,0.05,0.15
190,adaptive_attentive_ppoclip_seed2,0,NOOP,0.091058,0.349924,0.290929,0,189,528.7008336779202,113.8453483581543,46,0.5713364974312161,1682.0146484375,24.31308945650597,2,0,54,0.67,0.36850000000000005,0.05,0.55,0.2,0.05,0.15,196,606.7440523724823,125.20909309387207,55,0.4896642511541193,1723.6181640625,25.198139064665515,2,1,55,0.67,0.36850000000000005,0.05,0.55,0.2,0.05,0.15
191,adaptive_attentive_ppoclip_seed2,0,NOOP,0.078145,0.35827,0.278098,0,196,606.7440523724823,125.20909309387207,55,0.4896642511541193,1723.6181640625,25.198139064665515,2,1,55,0.67,0.36850000000000005,0.05,0.55,0.2,0.05,0.15,185,525.0972884560597,132.36021995544434,64,0.4307262897491455,1764.2548828125,25.152948785938783,2,2,56,0.67,0.402,0.05,0.6,0.2,0.0,0.15
192,adaptive_attentive_ppoclip_seed2,0,NOOP,0.062554,-0.026902,0.055783,0,185,525.0972884560597,132.36021995544434,64,0.4307262897491455,1764.2548828125,25.152948785938783,2,2,56,0.67,0.402,0.05,0.6,0.2,0.0,0.15,298,759.7868735069025,437.2994899749756,79,0.3621441804910008,1831.0009765625,24.37887603813726,2,3,57,0.0,0.36850000000000005,0.1,0.55,0.2,0.0,0.15
193,adaptive_attentive_ppoclip_seed2,0,NOOP,0.055501,-0.026871,0.050566,0,298,759.7868735069025,437.2994899749756,79,0.3621441804910008,1831.0009765625,24.37887603813726,2,3,57,0.0,0.36850000000000005,0.1,0.55,0.2,0.0,0.15,196,461.3664959634536,356.7514419555664,88,0.3325058330189098,1872.6728515625,23.76657024456281,2,4,58,0.0,0.335,0.1,0.5,0.2,0.0,0.2
194,adaptive_attentive_ppoclip_seed2,1,COMPACT_32KB,-0.243765,0.313399,0.307824,0,196,461.3664959634536,356.7514419555664,88,0.3325058330189098,1872.6728515625,23.76657024456281,2,4,58,0.0,0.335,0.1,0.5,0.2,0.0,0.2,296,715.0606161835142,122.71356582641602,49,0.5708917111766582,1790.31640625,23.577735267317863,2,0,59,0.67,0.36850000000000005,0.1,0.55,0.2,0.0,0.15
195,adaptive_attentive_ppoclip_seed2,0,NOOP,0.086668,-0.01855,0.080571,0,296,715.0606161835142,122.71356582641602,49,0.5708917111766582,1790.31640625,23.577735267317863,2,0,59,0.67,0.36850000000000005,0.1,0.55,0.2,0.0,0.15,204,552.0320055949145,381.11090660095215,61,0.471466564741291,1840.60546875,24.758095363923264,2,1,60,0.0,0.3685,0.15,0.55,0.15,0.0,0.15
196,adaptive_attentive_ppoclip_seed2,0,NOOP,0.075202,0.34999,0.275414,0,204,552.0320055949145,381.11090660095215,61,0.471466564741291,1840.60546875,24.758095363923264,2,1,60,0.0,0.3685,0.15,0.55,0.15,0.0,0.15,177,539.8965778295249,126.89566612243652,70,0.4197594778878348,1880.5224609375,24.66485716056484,2,2,61,0.67,0.36850000000000005,0.15,0.55,0.15,0.0,0.15
197,adaptive_attentive_ppoclip_seed2,0,NOOP,0.063364,-0.018509,0.059247,0,177,539.8965778295249,126.89566612243652,70,0.4197594778878348,1880.5224609375,24.66485716056484,2,2,61,0.67,0.36850000000000005,0.15,0.55,0.15,0.0,0.15,214,554.2252266715406,308.34484100341797,82,0.3680712071860709,1931.6376953125,24.143650587704794,2,3,62,0.0,0.3685,0.15,0.55,0.1,0.0,0.2
198,adaptive_attentive_ppoclip_seed2,0,NOOP,0.054127,0.349955,0.254025,0,214,554.2252266715406,308.34484100341797,82,0.3680712071860709,1931.6376953125,24.143650587704794,2,3,62,0.0,0.3685,0.15,0.55,0.1,0.0,0.2,201,527.6217293346017,172.59597778320312,94,0.32938660966589095,1981.58984375,23.454323080168894,2,4,63,0.67,0.36850000000000005,0.15,0.55,0.1,0.0,0.2
199,adaptive_attentive_ppoclip_seed2,1,COMPACT_32KB,-0.247368,-0.063472,0.098991,0,201,527.6217293346017,172.59597778320312,94,0.32938660966589095,1981.58984375,23.454323080168894,2,4,63,0.67,0.36850000000000005,0.15,0.55,0.1,0.0,0.2,158,512.9217513796333,339.24365043640137,53,0.5553770245246168,1883.8388671875,22.83622512032439,2,0,64,0.0,0.3685,0.2,0.55,0.05,0.0,0.2
200,adaptive_attentive_ppoclip_seed2,0,NOOP,0.081058,-0.026882,0.074972,0,158,512.9217513796333,339.24365043640137,53,0.5553770245246168,1883.8388671875,22.83622512032439,2,0,64,0.0,0.3685,0.2,0.55,0.05,0.0,0.2,278,585.153722122161,389.3008232116699,68,0.44778913610121784,1948.7783203125,23.97683201469979,2,1,65,0.0,0.3350000000000001,0.25,0.5,0.05,0.0,0.2
201,adaptive_attentive_ppoclip_seed2,0,NOOP,0.068173,-0.026855,0.064064,0,278,585.153722122161,389.3008232116699,68,0.44778913610121784,1948.7783203125,23.97683201469979,2,1,65,0.0,0.3350000000000001,0.25,0.5,0.05,0.0,0.2,228,615.7006422901998,305.4318428039551,80,0.39086322784423827,2001.2197265625,23.744219288794334,2,2,66,0.0,0.3015,0.25,0.45,0.05,0.0,0.25
202,adaptive_attentive_ppoclip_seed2,0,NOOP,0.058311,-0.026843,0.051061,0,228,615.7006422901998,305.4318428039551,80,0.39086322784423827,2001.2197265625,23.744219288794334,2,2,66,0.0,0.3015,0.25,0.45,0.05,0.0,0.25,246,567.3432403156187,477.5059223175049,92,0.34905524875806726,2055.2373046875,23.189890945351063,2,3,67,0.0,0.26800000000000007,0.3,0.4,0.05,0.0,0.25
203,adaptive_attentive_ppoclip_seed2,0,NOOP,0.050278,-0.026801,0.031998,0,246,567.3432403156187,477.5059223175049,92,0.34905524875806726,2055.2373046875,23.189890945351063,2,3,67,0.0,0.26800000000000007,0.3,0.4,0.05,0.0,0.25,208,608.3410666980919,1043.985366821289,104,0.3163893773005559,2105.8876953125,22.56069921863877,2,4,68,0.0,0.23450000000000001,0.3,0.35,0.1,0.0,0.25
204,adaptive_attentive_ppoclip_seed2,0,NOOP,0.042096,-0.018447,0.036369,0,208,608.3410666980919,1043.985366821289,104,0.3163893773005559,2105.8876953125,22.56069921863877,2,4,68,0.0,0.23450000000000001,0.3,0.35,0.1,0.0,0.25,261,698.909635092791,435.11223793029785,119,0.2848537669462316,2169.4462890625,21.744675752000962,2,5,69,0.0,0.23450000000000001,0.3,0.35,0.05,0.0,0.3
205,adaptive_attentive_ppoclip_seed2,0,NOOP,0.037878,0.358408,0.237247,0,261,698.909635092791,435.11223793029785,119,0.2848537669462316,2169.4462890625,21.744675752000962,2,5,69,0.0,0.23450000000000001,0.3,0.35,0.05,0.0,0.3,150,347.24049090319033,241.5933609008789,128,0.2693924903869629,2206.86328125,21.269861279017316,2,6,70,0.67,0.268,0.25,0.4,0.05,0.0,0.3
206,adaptive_attentive_ppoclip_seed2,3,COMPACT_128KB,0.547875,-0.073485,0.195755,0,150,347.24049090319033,241.5933609008789,128,0.2693924903869629,2206.86328125,21.269861279017316,2,6,70,0.67,0.268,0.25,0.4,0.05,0.0,0.3,231,642.7506274035543,127.24995613098145,17,1.7615966796875,1916.6171875,18.980968979836238,2,0,71,0.0,0.268,0.25,0.4,0.05,0.0,0.3
207,adaptive_attentive_ppoclip_seed2,0,NOOP,0.19675,0.358454,0.396151,0,231,642.7506274035543,127.24995613098145,17,1.7615966796875,1916.6171875,18.980968979836238,2,0,71,0.0,0.268,0.25,0.4,0.05,0.0,0.3,167,461.45758001982995,112.43700981140137,26,1.1752612774188702,1955.634765625,54.74396233693399,2,1,72,0.67,0.3015,0.25,0.45,0.05,0.0,0.25
208,adaptive_attentive_ppoclip_seed2,0,NOOP,0.148927,-0.026779,0.146325,0,167,461.45758001982995,112.43700981140137,26,1.1752612774188702,1955.634765625,54.74396233693399,2,1,72,0.67,0.3015,0.25,0.45,0.05,0.0,0.25,285,634.5415408821224,181.31399154663086,41,0.7702584615567836,2021.158203125,55.37954748077371,2,2,73,0.0,0.268,0.25,0.4,0.05,0.0,0.3
209,adaptive_attentive_ppoclip_seed2,0,NOOP,0.109498,-0.026775,0.104322,0,285,634.5415408821224,181.31399154663086,41,0.7702584615567836,2021.158203125,55.37954748077371,2,2,73,0.0,0.268,0.25,0.4,0.05,0.0,0.3,295,686.4677515639876,328.8102149963379,56,0.5824898311070034,2087.6435546875,51.308022449956994,2,3,74,0.0,0.23450000000000001,0.3,0.35,0.05,0.0,0.3
210,adaptive_attentive_ppoclip_seed2,4,PARTITION_HOUR,-0.092,-0.126807,0.08838,0,295,686.4677515639876,328.8102149963379,56,0.5824898311070034,2087.6435546875,51.308022449956994,2,3,74,0.0,0.23450000000000001,0.3,0.35,0.05,0.0,0.3,221,633.4356215682456,156.9235324859619,68,0.4915921828326057,2139.4091796875,48.181123321166744,1,4,0,0.0,0.201,0.3,0.35,0.05,0.0,0.3
211,adaptive_attentive_ppoclip_seed2,1,COMPACT_32KB,-0.154943,-0.053375,0.195059,0,221,633.4356215682456,156.9235324859619,68,0.4915921828326057,2139.4091796875,48.181123321166744,1,4,0,0.0,0.201,0.3,0.35,0.05,0.0,0.3,256,754.3600933270853,122.03860282897949,25,1.277579345703125,2044.126953125,21.040323162458687,1,0,1,0.0,0.1675,0.3,0.35,0.05,0.0,0.3
212,adaptive_attentive_ppoclip_seed2,0,NOOP,0.196375,0.421875,0.414748,0,256,754.3600933270853,122.03860282897949,25,1.277579345703125,2044.126953125,21.040323162458687,1,0,1,0.0,0.1675,0.3,0.35,0.05,0.0,0.3,229,813.7262529365867,367.6106929779053,29,1.1182419349407327,2075.45703125,32.4439347301599,1,1,2,0.75,0.20500000000000002,0.25,0.35,0.1,0.0,0.3
213,adaptive_attentive_ppoclip_seed2,0,NOOP,0.19551,0.5175,0.466807,0,229,813.7262529365867,367.6106929779053,29,1.1182419349407327,2075.45703125,32.4439347301599,1,1,2,0.75,0.20500000000000002,0.25,0.35,0.1,0.0,0.3,245,900.6639957719111,276.41844749450684,33,0.9981768059008049,2108.1494140625,36.91202175745914,1,2,3,0.92,0.251,0.3,0.35,0.1,0.0,0.25
214,adaptive_attentive_ppoclip_seed2,0,NOOP,0.176091,-0.008375,0.173539,0,245,900.6639957719111,276.41844749450684,33,0.9981768059008049,2108.1494140625,36.91202175745914,1,2,3,0.92,0.251,0.3,0.35,0.1,0.0,0.25,232,758.55588850674,173.8901138305664,37,0.9035817739125844,2139.681640625,39.01136280955586,1,3,4,0.0,0.21750000000000003,0.3,0.3,0.1,0.0,0.3
215,adaptive_attentive_ppoclip_seed2,0,NOOP,0.160331,0.421875,0.3757,0,232,758.55588850674,173.8901138305664,37,0.9035817739125844,2139.681640625,39.01136280955586,1,3,4,0.0,0.21750000000000003,0.3,0.3,0.1,0.0,0.3,228,832.6103792755786,532.829761505127,41,0.8272816727801067,2170.787109375,39.947276490363095,1,4,5,0.75,0.255,0.25,0.3,0.15,0.0,0.3
216,adaptive_attentive_ppoclip_seed2,1,COMPACT_32KB,-0.155443,0.3685,0.414923,0,228,832.6103792755786,532.829761505127,41,0.8272816727801067,2170.787109375,39.947276490363095,1,4,5,0.75,0.255,0.25,0.3,0.15,0.0,0.3,150,568.4447913956111,358.8545322418213,29,1.1581005227976833,2149.4345703125,27.443927663587445,1,0,6,0.75,0.259,0.25,0.25,0.2,0.0,0.3
217,adaptive_attentive_ppoclip_seed2,0,NOOP,0.196,0.0,0.192274,0,150,568.4447913956111,358.8545322418213,29,1.1581005227976833,2149.4345703125,27.443927663587445,1,0,6,0.75,0.259,0.25,0.25,0.2,0.0,0.3,198,742.9045472111297,226.29380226135254,32,1.0622167587280273,2175.419921875,32.49686109083895,1,1,7,0.0,0.259,0.25,0.25,0.2,0.05,0.25
218,adaptive_attentive_ppoclip_seed2,0,NOOP,0.182313,0.509125,0.453612,0,198,742.9045472111297,226.29380226135254,32,1.0622167587280273,2175.419921875,32.49686109083895,1,1,7,0.0,0.259,0.25,0.25,0.2,0.05,0.25,273,932.585278925704,281.28981590270996,37,0.9346890836148649,2213.34375,36.70897043358344,1,2,8,0.92,0.27149999999999996,0.3,0.2,0.2,0.05,0.25
219,adaptive_attentive_ppoclip_seed2,0,NOOP,0.169598,0.421875,0.386549,0,273,932.585278925704,281.28981590270996,37,0.9346890836148649,2213.34375,36.70897043358344,1,2,8,0.92,0.27149999999999996,0.3,0.2,0.2,0.05,0.25,150,557.4749482306261,452.4531364440918,40,0.8729915618896484,2234.8583984375,37.96208856066968,1,3,9,0.75,0.309,0.25,0.2,0.25,0.05,0.25
220,adaptive_attentive_ppoclip_seed2,0,NOOP,0.152125,0.5175,0.422716,0,150,557.4749482306261,452.4531364440918,40,0.8729915618896484,2234.8583984375,37.96208856066968,1,3,9,0.75,0.309,0.25,0.2,0.25,0.05,0.25,258,695.7257447932941,326.71070098876953,45,0.7887488471137153,2271.5966796875,38.92545524108427,1,4,10,0.92,0.355,0.25,0.2,0.25,0.05,0.25
221,adaptive_attentive_ppoclip_seed2,1,COMPACT_32KB,-0.155943,0.376875,0.413676,0,258,695.7257447932941,326.71070098876953,45,0.7887488471137153,2271.5966796875,38.92545524108427,1,4,10,0.92,0.355,0.25,0.2,0.25,0.05,0.25,230,822.975933226241,401.1979103088379,33,1.0688925078420928,2257.5009765625,29.981181799086976,1,0,11,0.75,0.39249999999999996,0.25,0.2,0.3,0.05,0.2
222,adaptive_attentive_ppoclip_seed2,0,NOOP,0.193548,0.5175,0.464905,0,230,822.975933226241,401.1979103088379,33,1.0688925078420928,2257.5009765625,29.981181799086976,1,0,11,0.75,0.39249999999999996,0.25,0.2,0.3,0.05,0.2,177,564.4637899782241,277.1487236022949,36,0.9902403089735243,2281.513671875,33.29433533023452,1,1,12,0.92,0.4385,0.25,0.2,0.3,0.05,0.2
223,adaptive_attentive_ppoclip_seed2,0,NOOP,0.171532,0.0,0.166382,0,177,564.4637899782241,277.1487236022949,36,0.9902403089735243,2281.513671875,33.29433533023452,1,1,12,0.92,0.4385,0.25,0.2,0.3,0.05,0.2,255,775.2540901081393,308.75492095947266,41,0.8832832894674162,2317.7353515625,36.27335914773326,1,2,13,0.0,0.4385,0.25,0.2,0.25,0.1,0.2
224,adaptive_attentive_ppoclip_seed2,0,NOOP,0.154216,0.421875,0.367707,0,255,775.2540901081393,308.75492095947266,41,0.8832832894674162,2317.7353515625,36.27335914773326,1,2,13,0.0,0.4385,0.25,0.2,0.25,0.1,0.2,262,904.4336181290396,632.9102516174316,46,0.7998282391092052,2354.6943359375,37.53247110151496,1,3,14,0.75,0.476,0.25,0.2,0.3,0.1,0.15
225,adaptive_attentive_ppoclip_seed2,0,NOOP,0.142825,0.4135,0.357955,0,262,904.4336181290396,632.9102516174316,46,0.7998282391092052,2354.6943359375,37.53247110151496,1,3,14,0.75,0.476,0.25,0.2,0.3,0.1,0.15,221,797.4332410534702,555.9980869293213,50,0.7453768920898437,2385.2060546875,37.89726911293875,1,4,15,0.75,0.48,0.25,0.15,0.35,0.1,0.15
226,adaptive_attentive_ppoclip_seed2,1,COMPACT_32KB,-0.156812,0.4725,0.466455,0,221,797.4332410534702,555.9980869293213,50,0.7453768920898437,2385.2060546875,37.89726911293875,1,4,15,0.75,0.48,0.25,0.15,0.35,0.1,0.15,176,595.0796564616583,273.8001346588135,37,0.998157398120777,2363.63671875,31.20793025831155,1,0,16,0.92,0.526,0.3,0.15,0.35,0.1,0.1
227,adaptive_attentive_ppoclip_seed2,0,NOOP,0.173463,0.509125,0.44474,0,176,595.0796564616583,273.8001346588135,37,0.998157398120777,2363.63671875,31.20793025831155,1,0,16,0.92,0.526,0.3,0.15,0.35,0.1,0.1,278,933.3164538319062,288.66124153137207,42,0.8935674031575521,2401.9091796875,34.56612726518362,1,1,17,0.92,0.5385,0.35,0.1,0.35,0.1,0.1
228,adaptive_attentive_ppoclip_seed2,0,NOOP,0.156489,0.421875,0.37069,0,278,933.3164538319062,288.66124153137207,42,0.8935674031575521,2401.9091796875,34.56612726518362,1,1,17,0.92,0.5385,0.35,0.1,0.35,0.1,0.1,296,971.2075098566869,598.7167358398438,47,0.8118201722490027,2441.955078125,36.05369809921522,1,2,18,0.75,0.576,0.35,0.1,0.4,0.1,0.05
229,adaptive_attentive_ppoclip_seed2,0,NOOP,0.147846,0.421875,0.362892,0,296,971.2075098566869,598.7167358398438,47,0.8118201722490027,2441.955078125,36.05369809921522,1,2,18,0.75,0.576,0.35,0.1,0.4,0.1,0.05,174,750.5912670007158,560.1844787597656,50,0.7704791259765625,2465.533203125,36.49926691843614,1,3,19,0.75,0.6134999999999999,0.3,0.1,0.45,0.1,0.05
230,adaptive_attentive_ppoclip_seed2,0,NOOP,0.140147,0.0,0.134904,0,174,750.5912670007158,560.1844787597656,50,0.7704791259765625,2465.533203125,36.49926691843614,1,3,19,0.75,0.6134999999999999,0.3,0.1,0.45,0.1,0.05,174,711.6053203013706,328.36437225341797,53,0.7338587922869988,2489.2490234375,36.72395018606843,1,4,20,0.0,0.6134999999999999,0.3,0.05,0.45,0.15,0.05
231,adaptive_attentive_ppoclip_seed2,1,COMPACT_32KB,-0.172393,0.4725,0.450736,0,174,711.6053203013706,328.36437225341797,53,0.7338587922869988,2489.2490234375,36.72395018606843,1,4,20,0.0,0.6134999999999999,0.3,0.05,0.45,0.15,0.05,272,837.1065693216422,286.968469619751,42,0.9233772641136533,2482.0380859375,32.081791057121386,1,0,21,0.92,0.6595,0.35,0.0,0.45,0.15,0.05
232,adaptive_attentive_ppoclip_seed2,0,NOOP,0.168242,0.4125,0.38419,0,272,837.1065693216422,286.968469619751,42,0.9233772641136533,2482.0380859375,32.081791057121386,1,0,21,0.92,0.6595,0.35,0.0,0.45,0.15,0.05,151,599.781527741344,508.8338851928711,45,0.8693345811631944,2503.68359375,33.62070359103676,1,1,22,0.75,0.6595,0.35,0.0,0.45,0.15,0.05
233,adaptive_attentive_ppoclip_seed2,0,NOOP,0.15545,-0.0115,0.150263,0,151,599.781527741344,508.8338851928711,45,0.8693345811631944,2503.68359375,33.62070359103676,1,1,22,0.75,0.6595,0.35,0.0,0.45,0.15,0.05,214,677.070143412759,320.60694694519043,49,0.8078768983179209,2533.501953125,34.840042067780594,1,2,23,0.0,0.6134999999999999,0.3,0.05,0.45,0.15,0.05
234,adaptive_attentive_ppoclip_seed2,0,NOOP,0.141976,0.0,0.136284,0,214,677.070143412759,320.60694694519043,49,0.8078768983179209,2533.501953125,34.840042067780594,1,2,23,0.0,0.6134999999999999,0.3,0.05,0.45,0.15,0.05,257,786.6619532265998,352.0960807800293,54,0.7436311509874132,2569.9892578125,35.610735583663164,1,3,24,0.0,0.6134999999999999,0.3,0.05,0.45,0.2,0.0
235,adaptive_attentive_ppoclip_seed2,0,NOOP,0.130647,0.4125,0.344162,0,257,786.6619532265998,352.0960807800293,54,0.7436311509874132,2569.9892578125,35.610735583663164,1,3,24,0.0,0.6134999999999999,0.3,0.05,0.45,0.2,0.0,250,942.6139392473839,647.9718685150146,59,0.6901079598119704,2605.84765625,35.88474745720902,1,4,25,0.75,0.6134999999999999,0.3,0.05,0.45,0.2,0.0
236,adaptive_attentive_ppoclip_seed2,2,COMPACT_64KB,0.285091,-0.059375,0.192138,0,250,942.6139392473839,647.9718685150146,59,0.6901079598119704,2605.84765625,35.88474745720902,1,4,25,0.75,0.6134999999999999,0.3,0.05,0.45,0.2,0.0,167,638.9247837941134,233.09922218322754,32,1.2409086227416992,2541.380859375,14.514120769535776,1,0,26,0.0,0.576,0.3,0.05,0.4,0.25,0.0
237,adaptive_attentive_ppoclip_seed2,0,NOOP,0.1955,0.0,0.19008,0,167,638.9247837941134,233.09922218322754,32,1.2409086227416992,2541.380859375,14.514120769535776,1,0,26,0.0,0.576,0.3,0.05,0.4,0.25,0.0,247,800.0681823271791,315.9809112548828,36,1.1173214382595487,2574.30859375,26.483499054746204,1,1,27,0.0,0.576,0.3,0.05,0.4,0.25,0.0
238,adaptive_attentive_ppoclip_seed2,0,NOOP,0.195125,-0.0115,0.191671,0,247,800.0681823271791,315.9809112548828,36,1.1173214382595487,2574.30859375,26.483499054746204,1,1,27,0.0,0.576,0.3,0.05,0.4,0.25,0.0,178,651.1690140353693,221.45748138427734,39,1.0409854986728766,2598.2998046875,30.658744721136888,1,2,28,0.0,0.53,0.25,0.05,0.4,0.25,0.05
239,adaptive_attentive_ppoclip_seed2,0,NOOP,0.189851,-0.009375,0.186412,0,178,651.1690140353693,221.45748138427734,39,1.0409854986728766,2598.2998046875,30.658744721136888,1,2,28,0.0,0.53,0.25,0.05,0.4,0.25,0.05,176,756.2166339538524,224.4558334350586,42,0.9755045572916666,2622.15625,33.242515176699996,1,3,29,0.0,0.4925,0.25,0.1,0.35,0.25,0.05
240,adaptive_attentive_ppoclip_seed2,0,NOOP,0.174562,-0.0115,0.17065,0,176,756.2166339538524,224.4558334350586,42,0.9755045572916666,2622.15625,33.242515176699996,1,3,29,0.0,0.4925,0.25,0.1,0.35,0.25,0.05,236,764.9438835755751,253.09991836547852,46,0.9015619029169497,2654.1982421875,35.31585224046346,1,4,30,0.0,0.4465,0.2,0.1,0.35,0.25,0.1
241,adaptive_attentive_ppoclip_seed2,0,NOOP,0.164547,0.4125,0.379882,0,236,764.9438835755751,253.09991836547852,46,0.9015619029169497,2654.1982421875,35.31585224046346,1,4,30,0.0,0.4465,0.2,0.1,0.35,0.25,0.1,155,595.1077408653688,544.4893836975098,49,0.8533583660514987,2676.1318359375,36.30747147167741,1,5,31,0.75,0.4465,0.2,0.1,0.35,0.25,0.1
242,adaptive_attentive_ppoclip_seed2,1,COMPACT_32KB,-0.156443,-0.0565,0.191614,0,155,595.1077408653688,544.4893836975098,49,0.8533583660514987,2676.1318359375,36.30747147167741,1,5,31,0.75,0.4465,0.2,0.1,0.35,0.25,0.1,188,761.8352081419155,234.31706428527832,37,1.1226876748574746,2658.5244140625,23.62338674352673,1,0,32,0.0,0.40049999999999997,0.15,0.15,0.35,0.25,0.1
243,adaptive_attentive_ppoclip_seed2,0,NOOP,0.19475,0.5175,0.465622,0,188,761.8352081419155,234.31706428527832,37,1.1226876748574746,2658.5244140625,23.62338674352673,1,0,32,0.0,0.40049999999999997,0.15,0.15,0.35,0.25,0.1,292,846.8027659411176,308.9005947113037,42,1.0037576584588914,2698.1005859375,30.482544032294374,1,1,33,0.92,0.4465,0.2,0.15,0.35,0.2,0.1
244,adaptive_attentive_ppoclip_seed2,0,NOOP,0.175953,-0.009375,0.171607,0,292,846.8027659411176,308.9005947113037,42,1.0037576584588914,2698.1005859375,30.482544032294374,1,1,33,0.92,0.4465,0.2,0.15,0.35,0.2,0.1,258,816.9827616275778,276.05676651000977,47,0.9091404042345412,2734.6943359375,33.806864316394126,1,2,34,0.0,0.409,0.2,0.2,0.3,0.2,0.1
245,adaptive_attentive_ppoclip_seed2,0,NOOP,0.166264,-0.009375,0.163088,0,258,816.9827616275778,276.05676651000977,47,0.9091404042345412,2734.6943359375,33.806864316394126,1,2,34,0.0,0.409,0.2,0.2,0.3,0.2,0.1,195,741.1236883597021,221.33803367614746,50,0.8625717163085938,2760.2294921875,34.855898759676315,1,3,35,0.0,0.3715,0.2,0.2,0.25,0.2,0.15
246,adaptive_attentive_ppoclip_seed2,0,NOOP,0.157635,-0.0115,0.152967,0,195,741.1236883597021,221.33803367614746,50,0.8625717163085938,2760.2294921875,34.855898759676315,1,3,35,0.0,0.3715,0.2,0.2,0.25,0.2,0.15,195,725.7534304921594,299.66282844543457,53,0.8213000027638562,2785.849609375,35.543774399760096,1,4,36,0.0,0.3255,0.15,0.25,0.25,0.2,0.15
247,adaptive_attentive_ppoclip_seed2,1,COMPACT_32KB,-0.156943,0.461,0.466134,0,195,725.7534304921594,299.66282844543457,53,0.8213000027638562,2785.849609375,35.543774399760096,1,4,36,0.0,0.3255,0.15,0.25,0.25,0.2,0.15,251,751.9191721227817,288.3169651031494,41,1.0567913520626906,2773.0205078125,25.922124252542126,1,0,37,0.92,0.3255,0.15,0.25,0.25,0.2,0.15
248,adaptive_attentive_ppoclip_seed2,0,NOOP,0.18511,-0.009375,0.181118,0,251,751.9191721227817,288.3169651031494,41,1.0567913520626906,2773.0205078125,25.922124252542126,1,0,37,0.92,0.3255,0.15,0.25,0.25,0.2,0.15,257,824.9534332876955,257.1263313293457,46,0.9543012536090353,2809.462890625,30.950648342762406,1,1,38,0.0,0.288,0.15,0.3,0.2,0.2,0.15
249,adaptive_attentive_ppoclip_seed2,0,NOOP,0.171247,-0.009375,0.166897,0,257,824.9534332876955,257.1263313293457,46,0.9543012536090353,2809.462890625,30.950648342762406,1,1,38,0.0,0.288,0.15,0.3,0.2,0.2,0.15,220,798.7179613688397,280.0025939941406,50,0.8874844360351563,2839.9501953125,33.0806631636724,1,2,39,0.0,0.2505,0.15,0.35,0.15,0.2,0.15
250,adaptive_attentive_ppoclip_seed2,0,NOOP,0.159274,0.0,0.155408,0,220,798.7179613688397,280.0025939941406,50,0.8874844360351563,2839.9501953125,33.0806631636724,1,2,39,0.0,0.2505,0.15,0.35,0.15,0.2,0.15,203,564.917911967829,260.80822944641113,54,0.8301222059461806,2868.90234375,34.400405124880464,1,3,40,0.0,0.2505,0.15,0.35,0.15,0.15,0.2
251,adaptive_attentive_ppoclip_seed2,0,NOOP,0.156544,0.506,0.426208,0,203,564.917911967829,260.80822944641113,54,0.8301222059461806,2868.90234375,34.400405124880464,1,3,40,0.0,0.2505,0.15,0.35,0.15,0.15,0.2,51,210.36402866094838,385.55097579956055,55,0.8170926180752841,2876.166015625,34.63696153220896,1,4,41,0.92,0.2505,0.15,0.35,0.15,0.15,0.2
252,adaptive_attentive_ppoclip_seed2,2,COMPACT_64KB,0.554466,0.458125,0.466445,0,51,210.36402866094838,385.55097579956055,55,0.8170926180752841,2876.166015625,34.63696153220896,1,4,41,0.92,0.2505,0.15,0.35,0.15,0.15,0.2,67,285.099857560841,292.7708625793457,37,1.195176820497255,2830.1787109375,15.460633463704552,1,0,42,0.92,0.259,0.2,0.35,0.1,0.15,0.2
253,adaptive_attentive_ppoclip_seed2,0,NOOP,0.19525,0.5175,0.466429,0,67,285.099857560841,292.7708625793457,37,1.195176820497255,2830.1787109375,15.460633463704552,1,0,42,0.92,0.259,0.2,0.35,0.1,0.15,0.2,61,259.46507625672234,288.5315418243408,38,1.16706004895662,2838.2900390625,18.857859196528782,1,1,43,0.92,0.305,0.25,0.3,0.1,0.15,0.2
254,adaptive_attentive_ppoclip_seed2,0,NOOP,0.195125,0.5175,0.466595,0,61,259.46507625672234,288.5315418243408,38,1.16706004895662,2838.2900390625,18.857859196528782,1,1,43,0.92,0.305,0.25,0.3,0.1,0.15,0.2,36,151.41193246200035,275.2664089202881,39,1.1395052396334135,2844.205078125,21.622878920369697,1,2,44,0.92,0.351,0.3,0.3,0.1,0.1,0.2
255,adaptive_attentive_ppoclip_seed2,0,NOOP,0.195,-0.009375,0.192198,0,36,151.41193246200035,275.2664089202881,39,1.1395052396334135,2844.205078125,21.622878920369697,1,2,44,0.92,0.351,0.3,0.3,0.1,0.1,0.2,55,226.5250026512905,190.11330604553223,40,1.113980484008789,2851.7900390625,23.712957936589117,1,3,45,0.0,0.3135,0.3,0.3,0.05,0.1,0.25
256,adaptive_attentive_ppoclip_seed2,0,NOOP,0.194875,0.0,0.191221,0,55,226.5250026512905,190.11330604553223,40,1.113980484008789,2851.7900390625,23.712957936589117,1,3,45,0.0,0.3135,0.3,0.3,0.05,0.1,0.25,45,181.28785441161358,233.94036293029785,41,1.0893614233993902,2858.484375,25.4957342094159,1,4,46,0.0,0.3135,0.3,0.35,0.05,0.05,0.25
257,adaptive_attentive_ppoclip_seed2,3,COMPACT_128KB,-0.128625,-0.055,0.194213,0,45,181.28785441161358,233.94036293029785,41,1.0893614233993902,2858.484375,25.4957342094159,1,4,46,0.0,0.3135,0.3,0.35,0.05,0.05,0.25,41,198.9429257948568,144.33002471923828,29,1.5238173912311423,2828.205078125,14.81959008139014,1,0,47,0.0,0.3135,0.3,0.4,0.05,0.0,0.25
258,adaptive_attentive_ppoclip_seed2,0,NOOP,0.19625,0.5175,0.467736,0,41,198.9429257948568,144.33002471923828,29,1.5238173912311423,2828.205078125,14.81959008139014,1,0,47,0.0,0.3135,0.3,0.4,0.05,0.0,0.25,70,299.73291626809646,263.2176876068115,30,1.4776438395182292,2837.076171875,21.772159159060855,1,1,48,0.92,0.35950000000000004,0.35,0.4,0.05,0.0,0.2
259,adaptive_attentive_ppoclip_seed2,0,NOOP,0.196125,-0.0,0.193351,0,70,299.73291626809646,263.2176876068115,30,1.4776438395182292,2837.076171875,21.772159159060855,1,1,48,0.92,0.35950000000000004,0.35,0.4,0.05,0.0,0.2,76,301.0630890485028,177.473783493042,31,1.4346854917464718,2846.416015625,26.31634514753625,1,2,49,0.0,0.3595,0.35,0.35,0.05,0.0,0.25
260,adaptive_attentive_ppoclip_seed2,0,NOOP,0.196,0.5175,0.467654,0,76,301.0630890485028,177.473783493042,31,1.4346854917464718,2846.416015625,26.31634514753625,1,2,49,0.0,0.3595,0.35,0.35,0.05,0.0,0.25,40,160.58563180544283,257.30013847351074,32,1.3929166793823242,2852.693359375,29.981366299229574,1,3,50,0.92,0.4055000000000001,0.4,0.35,0.05,0.0,0.2
261,adaptive_attentive_ppoclip_seed2,0,NOOP,0.195875,0.508125,0.467611,0,40,160.58563180544283,257.30013847351074,32,1.3929166793823242,2852.693359375,29.981366299229574,1,3,50,0.92,0.4055000000000001,0.4,0.35,0.05,0.0,0.2,42,177.70950634782128,254.4260025024414,33,1.353767626213305,2859.1572265625,32.83225954113366,1,4,51,0.92,0.41400000000000003,0.45,0.35,0.0,0.0,0.2
262,adaptive_attentive_ppoclip_seed2,1,COMPACT_32KB,0.180807,-0.045,0.191753,0,42,177.70950634782128,254.4260025024414,33,1.353767626213305,2859.1572265625,32.83225954113366,1,4,51,0.92,0.41400000000000003,0.45,0.35,0.0,0.0,0.2,71,299.8251001025945,217.3449993133545,39,1.1550433819110577,2882.98828125,26.283275734479957,1,0,52,0.0,0.41400000000000003,0.45,0.35,0.0,0.0,0.2
263,adaptive_attentive_ppoclip_seed2,0,NOOP,0.195,0.410375,0.410339,0,71,299.8251001025945,217.3449993133545,39,1.1550433819110577,2882.98828125,26.283275734479957,1,0,52,0.0,0.41400000000000003,0.45,0.35,0.0,0.0,0.2,76,325.37680848761744,533.031702041626,40,1.1298751831054688,2892.48046875,27.87256736005209,1,1,53,0.75,0.40549999999999997,0.4,0.35,0.05,0.0,0.2
264,adaptive_attentive_ppoclip_seed2,0,NOOP,0.194875,0.0,0.19092,0,76,325.37680848761744,533.031702041626,40,1.1298751831054688,2892.48046875,27.87256736005209,1,1,53,0.75,0.40549999999999997,0.4,0.35,0.05,0.0,0.2,54,231.24071279656465,249.01938438415527,41,1.105203768102134,2900.0546875,29.320250343243533,1,2,54,0.0,0.40549999999999997,0.4,0.35,0.05,0.0,0.2
265,adaptive_attentive_ppoclip_seed2,0,NOOP,0.19475,0.0,0.190089,0,54,231.24071279656465,249.01938438415527,41,1.105203768102134,2900.0546875,29.320250343243533,1,2,54,0.0,0.40549999999999997,0.4,0.35,0.05,0.0,0.2,72,308.5420877760114,285.5525016784668,42,1.0822793869745164,2909.1669921875,30.48141811684274,1,3,55,0.0,0.40549999999999997,0.4,0.35,0.05,0.05,0.15
266,adaptive_attentive_ppoclip_seed2,0,NOOP,0.194625,0.0,0.191556,0,72,308.5420877760114,285.5525016784668,42,1.0822793869745164,2909.1669921875,30.48141811684274,1,3,55,0.0,0.40549999999999997,0.4,0.35,0.05,0.05,0.15,58,240.13657016900498,207.18908309936523,43,1.0599588793377543,2917.0068359375,31.539544728079147,1,4,56,0.0,0.40549999999999997,0.4,0.3,0.05,0.05,0.2
267,adaptive_attentive_ppoclip_seed2,0,NOOP,0.1945,-0.0115,0.190917,0,58,240.13657016900498,207.18908309936523,43,1.0599588793377543,2917.0068359375,31.539544728079147,1,4,56,0.0,0.40549999999999997,0.4,0.3,0.05,0.05,0.2,35,147.67546948120668,234.13443565368652,44,1.0379392450506038,2922.8369140625,32.542180455744706,1,5,57,0.0,0.3595,0.35,0.35,0.05,0.05,0.2
268,adaptive_attentive_ppoclip_seed2,1,COMPACT_32KB,0.563182,0.376875,0.40871,0,35,147.67546948120668,234.13443565368652,44,1.0379392450506038,2922.8369140625,32.542180455744706,1,5,57,0.0,0.3595,0.35,0.35,0.05,0.05,0.2,43,183.03321398705864,614.5174503326416,40,1.1386810302734376,2915.0234375,26.76108240901862,1,0,58,0.75,0.397,0.35,0.3,0.1,0.05,0.2
269,adaptive_attentive_ppoclip_seed2,0,NOOP,0.194875,0.5175,0.465844,0,43,183.03321398705864,614.5174503326416,40,1.1386810302734376,2915.0234375,26.76108240901862,1,0,58,0.75,0.397,0.35,0.3,0.1,0.05,0.2,80,341.3368055908772,302.8247356414795,41,1.114670916301448,2924.896484375,28.19688501569474,1,1,59,0.92,0.44300000000000006,0.4,0.25,0.1,0.05,0.2
270,adaptive_attentive_ppoclip_seed2,0,NOOP,0.19475,0.0,0.19167,0,80,341.3368055908772,302.8247356414795,41,1.114670916301448,2924.896484375,28.19688501569474,1,1,59,0.92,0.44300000000000006,0.4,0.25,0.1,0.05,0.2,63,166.28938657456936,206.48622512817383,42,1.091234116327195,2933.2373046875,29.498590930248746,1,2,60,0.0,0.44300000000000006,0.4,0.25,0.1,0.05,0.2
271,adaptive_attentive_ppoclip_seed2,0,NOOP,0.194625,-0.0115,0.189897,0,63,166.28938657456936,206.48622512817383,42,1.091234116327195,2933.2373046875,29.498590930248746,1,2,60,0.0,0.44300000000000006,0.4,0.25,0.1,0.05,0.2,79,334.18895113993375,290.1425361633301,43,1.0694267805232558,2943.0625,30.548453664597616,1,3,61,0.0,0.39699999999999996,0.35,0.25,0.1,0.1,0.2
272,adaptive_attentive_ppoclip_seed2,0,NOOP,0.1945,0.410375,0.410503,0,79,334.18895113993375,290.1425361633301,43,1.0694267805232558,2943.0625,30.548453664597616,1,3,61,0.0,0.39699999999999996,0.35,0.25,0.1,0.1,0.2,77,329.85740694969024,504.8685073852539,44,1.048524336381392,2952.64453125,31.46819931772162,1,4,62,0.75,0.38849999999999996,0.3,0.25,0.15,0.1,0.2
273,adaptive_attentive_ppoclip_seed2,3,COMPACT_128KB,-0.12875,0.451,0.46834,0,77,329.85740694969024,504.8685073852539,44,1.048524336381392,2952.64453125,31.46819931772162,1,4,62,0.75,0.38849999999999996,0.3,0.25,0.15,0.1,0.2,37,156.04672475251508,233.01172256469727,30,1.5174463907877604,2913.4970703125,16.620415987963263,1,0,63,0.92,0.38849999999999996,0.3,0.25,0.15,0.1,0.2
274,adaptive_attentive_ppoclip_seed2,0,NOOP,0.196125,0.410375,0.413889,0,37,156.04672475251508,233.01172256469727,30,1.5174463907877604,2913.4970703125,16.620415987963263,1,0,63,0.92,0.38849999999999996,0.3,0.25,0.15,0.1,0.2,36,152.30706940290602,400.57373046875,31,1.4714788621471775,2919.4140625,23.137249467211255,1,1,64,0.75,0.38,0.25,0.25,0.2,0.1,0.2
275,adaptive_attentive_ppoclip_seed2,0,NOOP,0.196,0.5175,0.467864,0,36,152.30706940290602,400.57373046875,31,1.4714788621471775,2919.4140625,23.137249467211255,1,1,64,0.75,0.38,0.25,0.25,0.2,0.1,0.2,78,328.05787114565055,246.82021141052246,32,1.4302129745483398,2929.076171875,27.2261374657154,1,2,65,0.92,0.426,0.3,0.25,0.2,0.1,0.15
276,adaptive_attentive_ppoclip_seed2,0,NOOP,0.195875,0.0,0.192004,0,78,328.05787114565055,246.82021141052246,32,1.4302129745483398,2929.076171875,27.2261374657154,1,2,65,0.92,0.426,0.3,0.25,0.2,0.1,0.15,63,264.4161955214352,234.785795211792,33,1.3908108797940342,2937.392578125,30.462268711669516,1,3,66,0.0,0.426,0.3,0.25,0.2,0.1,0.15
277,adaptive_attentive_ppoclip_seed2,0,NOOP,0.19575,0.5175,0.467299,0,63,264.4161955214352,234.785795211792,33,1.3908108797940342,2937.392578125,30.462268711669516,1,3,66,0.0,0.426,0.3,0.25,0.2,0.1,0.15,62,229.48860441350632,265.05565643310547,34,1.3536960377412683,2945.642578125,33.04039777781507,1,4,67,0.92,0.472,0.35,0.2,0.2,0.1,0.15
278,adaptive_attentive_ppoclip_seed2,1,COMPACT_32KB,0.562807,-0.0565,0.189684,0,62,229.48860441350632,265.05565643310547,34,1.3536960377412683,2945.642578125,33.04039777781507,1,4,67,0.92,0.472,0.35,0.2,0.2,0.1,0.15,48,235.9888737679034,300.7798194885254,43,1.081767947174782,2977.025390625,29.20780469465879,1,0,68,0.0,0.426,0.3,0.2,0.2,0.15,0.15
279,adaptive_attentive_ppoclip_seed2,0,NOOP,0.1945,0.0,0.191216,0,48,235.9888737679034,300.7798194885254,43,1.081767947174782,2977.025390625,29.20780469465879,1,0,68,0.0,0.426,0.3,0.2,0.2,0.15,0.15,74,358.47095999260836,219.20299530029297,44,1.060511502352628,2986.400390625,30.243812397265504,1,1,69,0.0,0.426,0.3,0.2,0.2,0.15,0.15
280,adaptive_attentive_ppoclip_seed2,0,NOOP,0.194375,0.410375,0.408331,0,74,358.47095999260836,219.20299530029297,44,1.060511502352628,2986.400390625,30.243812397265504,1,1,69,0.0,0.426,0.3,0.2,0.2,0.15,0.15,42,156.5730142040329,608.4654331207275,45,1.0392069498697916,2992.916015625,31.265951309140814,1,2,70,0.75,0.4175,0.25,0.2,0.25,0.15,0.15
281,adaptive_attentive_ppoclip_seed2,0,NOOP,0.19425,-0.0115,0.189209,0,42,156.5730142040329,608.4654331207275,45,1.0392069498697916,2992.916015625,31.265951309140814,1,2,70,0.75,0.4175,0.25,0.2,0.25,0.15,0.15,52,204.81346242334888,309.56244468688965,46,1.01910168191661,3000.2353515625,32.124725939611125,1,3,71,0.0,0.3715,0.2,0.2,0.25,0.2,0.15
282,adaptive_attentive_ppoclip_seed2,0,NOOP,0.194125,0.0,0.189789,0,52,204.81346242334888,309.56244468688965,46,1.01910168191661,3000.2353515625,32.124725939611125,1,3,71,0.0,0.3715,0.2,0.2,0.25,0.2,0.15,71,279.6110775702207,275.5284309387207,47,1.0004545171210106,3009.3671875,32.8101040096462,1,4,72,0.0,0.3715,0.2,0.2,0.25,0.2,0.15
283,adaptive_attentive_ppoclip_seed2,0,NOOP,0.190397,-0.009375,0.185718,0,71,279.6110775702207,275.5284309387207,47,1.0004545171210106,3009.3671875,32.8101040096462,1,4,72,0.0,0.3715,0.2,0.2,0.25,0.2,0.15,51,206.09460275801868,293.9622402191162,48,0.9819863637288412,3016.662109375,33.47620389094018,1,5,73,0.0,0.33399999999999996,0.2,0.25,0.2,0.2,0.15
284,adaptive_attentive_ppoclip_seed2,1,COMPACT_32KB,0.562807,0.4725,0.463788,0,51,206.09460275801868,293.9622402191162,48,0.9819863637288412,3016.662109375,33.47620389094018,1,5,73,0.0,0.33399999999999996,0.2,0.25,0.2,0.2,0.15,40,164.68562207114263,395.6105709075928,43,1.092010498046875,3005.212890625,28.06665867879905,1,0,74,0.92,0.38,0.25,0.2,0.2,0.2,0.15
285,adaptive_attentive_ppoclip_seed2,0,NOOP,0.1945,0.0,0.191248,0,40,164.68562207114263,395.6105709075928,43,1.092010498046875,3005.212890625,28.06665867879905,1,0,74,0.92,0.38,0.25,0.2,0.2,0.2,0.15,77,333.2271363907911,217.58246421813965,44,1.0705500516024502,3014.6689453125,29.19623532363658,1,1,75,0.0,0.38,0.25,0.2,0.2,0.15,0.2
286,adaptive_attentive_ppoclip_seed2,0,NOOP,0.194375,0.0,0.191408,0,77,333.2271363907911,217.58246421813965,44,1.0705500516024502,3014.6689453125,29.19623532363658,1,1,75,0.0,0.38,0.25,0.2,0.2,0.15,0.2,43,171.31674325913457,204.61130142211914,45,1.049020724826389,3021.1796875,30.306459496285534,1,2,76,0.0,0.38,0.25,0.2,0.2,0.15,0.2
287,adaptive_attentive_ppoclip_seed2,0,NOOP,0.19425,0.0,0.189398,0,43,171.31674325913457,204.61130142211914,45,1.049020724826389,3021.1796875,30.306459496285534,1,2,76,0.0,0.38,0.25,0.2,0.2,0.15,0.2,56,215.7078332422616,300.09937286376953,46,1.0288248476774797,3028.8603515625,31.22371970406837,1,3,77,0.0,0.38,0.25,0.15,0.2,0.2,0.2
288,adaptive_attentive_ppoclip_seed2,0,NOOP,0.194125,-0.009375,0.191055,0,56,215.7078332422616,300.09937286376953,46,1.0288248476774797,3028.8603515625,31.22371970406837,1,3,77,0.0,0.38,0.25,0.15,0.2,0.2,0.2,73,301.72856626200894,212.24379539489746,47,1.0100162587267287,3038.12890625,31.966081566014754,1,4,78,0.0,0.34249999999999997,0.25,0.15,0.15,0.2,0.25
289,adaptive_attentive_ppoclip_seed2,1,COMPACT_32KB,0.180182,0.461,0.465413,0,73,301.72856626200894,212.24379539489746,47,1.0100162587267287,3038.12890625,31.966081566014754,1,4,78,0.0,0.34249999999999997,0.25,0.15,0.15,0.2,0.25,79,301.143240931849,309.3283176422119,44,1.0781700827858665,3036.126953125,28.286218567097656,1,0,79,0.92,0.34249999999999997,0.25,0.15,0.15,0.2,0.25
290,adaptive_attentive_ppoclip_seed2,0,NOOP,0.194375,0.5175,0.464865,0,79,301.143240931849,309.3283176422119,44,1.0781700827858665,3036.126953125,28.286218567097656,1,0,79,0.92,0.34249999999999997,0.25,0.15,0.15,0.2,0.25,55,184.12353508804836,331.7389488220215,45,1.056855943467882,3043.7451171875,29.422118193890444,1,1,80,0.92,0.38849999999999996,0.3,0.15,0.15,0.2,0.2
291,adaptive_attentive_ppoclip_seed2,0,NOOP,0.19425,0.0,0.189618,0,55,184.12353508804836,331.7389488220215,45,1.056855943467882,3043.7451171875,29.422118193890444,1,1,80,0.92,0.38849999999999996,0.3,0.15,0.15,0.2,0.2,47,198.682007659746,289.09945487976074,46,1.0362465899923574,3050.7099609375,30.437689890533733,1,2,81,0.0,0.38849999999999996,0.3,0.15,0.15,0.2,0.2
292,adaptive_attentive_ppoclip_seed2,0,NOOP,0.194125,0.4125,0.408916,0,47,198.682007659746,289.09945487976074,46,1.0362465899923574,3050.7099609375,30.437689890533733,1,2,81,0.0,0.38849999999999996,0.3,0.15,0.15,0.2,0.2,36,160.82813713241285,569.2002773284912,47,1.01614152624252,3056.5537109375,31.370824827101508,1,3,82,0.75,0.38849999999999996,0.3,0.15,0.15,0.2,0.2
293,adaptive_attentive_ppoclip_seed2,0,NOOP,0.193535,0.410375,0.408198,0,36,160.82813713241285,569.2002773284912,47,1.01614152624252,3056.5537109375,31.370824827101508,1,3,82,0.75,0.38849999999999996,0.3,0.15,0.15,0.2,0.2,63,267.4256567202244,576.8752098083496,48,0.9976765314737955,3064.8623046875,32.09710931502568,1,4,83,0.75,0.38,0.25,0.15,0.2,0.2,0.2
294,adaptive_attentive_ppoclip_seed2,1,COMPACT_32KB,0.562557,-0.054375,0.189472,0,63,267.4256567202244,576.8752098083496,48,0.9976765314737955,3064.8623046875,32.09710931502568,1,4,83,0.75,0.38,0.25,0.15,0.2,0.2,0.2,34,143.2682352468404,301.40137672424316,45,1.0622016059027777,3059.140625,28.832656018996175,1,0,84,0.0,0.34249999999999997,0.25,0.2,0.15,0.2,0.2
295,adaptive_attentive_ppoclip_seed2,0,NOOP,0.19425,0.506,0.463242,0,34,143.2682352468404,301.40137672424316,45,1.0622016059027777,3059.140625,28.832656018996175,1,0,84,0.0,0.34249999999999997,0.25,0.2,0.15,0.2,0.2,73,300.02997710952934,407.92369842529297,46,1.0422336744225544,3068.3359375,29.798878075920104,1,1,85,0.92,0.34249999999999997,0.25,0.2,0.15,0.2,0.2
296,adaptive_attentive_ppoclip_seed2,0,NOOP,0.194125,0.421875,0.409436,0,73,300.02997710952934,407.92369842529297,46,1.0422336744225544,3068.3359375,29.798878075920104,1,1,85,0.92,0.34249999999999997,0.25,0.2,0.15,0.2,0.2,73,284.8087273917913,543.2009696960449,47,1.0231258311170213,3077.5625,30.642411208873746,1,2,86,0.75,0.38,0.25,0.15,0.2,0.2,0.2
297,adaptive_attentive_ppoclip_seed2,0,NOOP,0.194,0.506,0.464975,0,73,284.8087273917913,543.2009696960449,47,1.0231258311170213,3077.5625,30.642411208873746,1,2,86,0.75,0.38,0.25,0.15,0.2,0.2,0.2,39,160.31056634727616,311.26856803894043,48,1.003814697265625,3083.71875,31.500771137861623,1,3,87,0.92,0.38,0.25,0.15,0.2,0.2,0.2
298,adaptive_attentive_ppoclip_seed2,0,NOOP,0.190915,0.421875,0.4057,0,39,160.31056634727616,311.26856803894043,48,1.003814697265625,3083.71875,31.500771137861623,1,3,87,0.92,0.38,0.25,0.15,0.2,0.2,0.2,35,143.99631182716595,571.9797611236572,49,0.9851977289939413,3089.580078125,32.267444849201325,1,4,88,0.75,0.4175,0.25,0.15,0.25,0.15,0.2
299,adaptive_attentive_ppoclip_seed2,3,COMPACT_128KB,0.1635,-0.055,0.193255,0,35,143.99631182716595,571.9797611236572,49,0.9851977289939413,3089.580078125,32.267444849201325,1,4,88,0.75,0.4175,0.25,0.15,0.25,0.15,0.2,63,247.14998882292807,177.2630214691162,32,1.4862642288208008,3043.869140625,12.169102348664264,1,0,89,0.0,0.4175,0.25,0.2,0.25,0.15,0.15
300,adaptive_attentive_ppoclip_seed2,0,NOOP,0.195875,-0.009375,0.191867,0,63,247.14998882292807,177.2630214691162,32,1.4862642288208008,3043.869140625,12.169102348664264,1,0,89,0.0,0.4175,0.25,0.2,0.25,0.15,0.15,40,164.4931534785584,241.6529655456543,33,1.4441838119969224,3050.1162109375,19.565521187446482,1,1,90,0.0,0.38,0.25,0.2,0.2,0.2,0.15
301,adaptive_attentive_ppoclip_seed2,0,NOOP,0.19575,0.0,0.191879,0,40,164.4931534785584,241.6529655456543,33,1.4441838119969224,3050.1162109375,19.565521187446482,1,1,90,0.0,0.38,0.25,0.2,0.2,0.2,0.15,50,211.22673854099938,236.06467247009277,34,1.4049803789924173,3057.2373046875,24.191846663856012,1,2,91,0.0,0.38,0.25,0.2,0.2,0.2,0.15
302,adaptive_attentive_ppoclip_seed2,0,NOOP,0.195625,0.0,0.189386,0,50,211.22673854099938,236.06467247009277,34,1.4049803789924173,3057.2373046875,24.191846663856012,1,2,91,0.0,0.38,0.25,0.2,0.2,0.2,0.15,40,180.44576855441966,355.7100296020508,35,1.3676456996372768,3063.5263671875,27.71026405991657,1,3,92,0.0,0.38,0.25,0.2,0.2,0.2,0.15
303,adaptive_attentive_ppoclip_seed2,0,NOOP,0.1955,0.0,0.191258,0,40,180.44576855441966,355.7100296020508,35,1.3676456996372768,3063.5263671875,27.71026405991657,1,3,92,0.0,0.38,0.25,0.2,0.2,0.2,0.15,77,263.41231318328187,257.0929527282715,36,1.3337864345974393,3073.0439453125,30.248484578268947,1,4,93,0.0,0.38,0.25,0.15,0.2,0.25,0.15
304,adaptive_attentive_ppoclip_seed2,1,COMPACT_32KB,0.180682,-0.0565,0.190864,0,77,263.41231318328187,257.0929527282715,36,1.3337864345974393,3073.0439453125,30.248484578268947,1,4,93,0.0,0.38,0.25,0.15,0.2,0.25,0.15,52,214.52299024680042,256.8213939666748,40,1.2073089599609375,3090.7109375,23.729075229723055,1,0,94,0.0,0.33399999999999996,0.2,0.15,0.2,0.3,0.15
305,adaptive_attentive_ppoclip_seed2,0,NOOP,0.194875,0.5175,0.465887,0,52,214.52299024680042,256.8213939666748,40,1.2073089599609375,3090.7109375,23.729075229723055,1,0,94,0.0,0.33399999999999996,0.2,0.15,0.2,0.3,0.15,61,251.73813590674024,300.6315231323242,41,1.1809696104468368,3098.8642578125,25.797282592666022,1,1,95,0.92,0.38,0.25,0.15,0.2,0.3,0.1
306,adaptive_attentive_ppoclip_seed2,0,NOOP,0.19475,0.0,0.190196,0,61,251.73813590674024,300.6315231323242,41,1.1809696104468368,3098.8642578125,25.797282592666022,1,1,95,0.92,0.38,0.25,0.15,0.2,0.3,0.1,72,280.8249537134764,280.1826000213623,42,1.1562503633045016,3108.0009765625,27.466101345943734,1,2,96,0.0,0.38,0.25,0.15,0.2,0.35,0.05
307,adaptive_attentive_ppoclip_seed2,0,NOOP,0.194625,0.0,0.190947,0,72,280.8249537134764,280.1826000213623,42,1.1562503633045016,3108.0009765625,27.466101345943734,1,2,96,0.0,0.38,0.25,0.15,0.2,0.35,0.05,45,186.7479051377924,237.63394355773926,43,1.1317944193995275,3114.6982421875,29.013205480776982,1,3,97,0.0,0.38,0.25,0.15,0.2,0.3,0.1
308,adaptive_attentive_ppoclip_seed2,0,NOOP,0.1945,0.0,0.189749,0,45,186.7479051377924,237.63394355773926,43,1.1317944193995275,3114.6982421875,29.013205480776982,1,3,97,0.0,0.38,0.25,0.15,0.2,0.3,0.1,48,161.22675674312114,292.5708293914795,44,1.1085472106933594,3121.6689453125,30.324727234326467,1,4,98,0.0,0.38,0.25,0.15,0.2,0.35,0.05
309,adaptive_attentive_ppoclip_seed2,3,COMPACT_128KB,0.1635,-0.0665,0.192619,0,48,161.22675674312114,292.5708293914795,44,1.1085472106933594,3121.6689453125,30.324727234326467,1,4,98,0.0,0.38,0.25,0.15,0.2,0.35,0.05,60,253.25450313324887,209.0585231781006,32,1.5099287033081055,3092.333984375,12.66263558193968,1,0,99,0.0,0.33399999999999996,0.2,0.2,0.2,0.35,0.05
310,adaptive_attentive_ppoclip_seed2,0,NOOP,0.195875,-0.0115,0.191863,0,60,253.25450313324887,209.0585231781006,32,1.5099287033081055,3092.333984375,12.66263558193968,1,0,99,0.0,0.33399999999999996,0.2,0.2,0.2,0.35,0.05,45,185.6560344903903,241.87159538269043,33,1.4673480409564394,3099.0390625,20.010159258800837,1,1,100,0.0,0.288,0.15,0.2,0.2,0.4,0.05
311,adaptive_attentive_ppoclip_seed2,0,NOOP,0.19575,0.0,0.192142,0,45,185.6560344903903,241.87159538269043,33,1.4673480409564394,3099.0390625,20.010159258800837,1,1,100,0.0,0.288,0.15,0.2,0.2,0.4,0.05,73,300.93971557664577,222.9013442993164,34,1.428453333237592,3108.314453125,24.47348125860225,1,2,101,0.0,0.288,0.15,0.2,0.2,0.35,0.1
312,adaptive_attentive_ppoclip_seed2,0,NOOP,0.195625,-0.009375,0.191558,0,73,300.93971557664577,222.9013442993164,34,1.428453333237592,3108.314453125,24.47348125860225,1,2,101,0.0,0.288,0.15,0.2,0.2,0.35,0.1,60,244.11129519766888,247.117280960083,35,1.391239275251116,3116.3759765625,27.926194578631243,1,3,102,0.0,0.2505,0.15,0.2,0.15,0.4,0.1
313,adaptive_attentive_ppoclip_seed2,0,NOOP,0.1955,-0.009375,0.19148,0,60,244.11129519766888,247.117280960083,35,1.391239275251116,3116.3759765625,27.926194578631243,1,3,102,0.0,0.2505,0.15,0.2,0.15,0.4,0.1,56,225.33623188961948,245.99957466125488,36,1.3559146457248263,3124.02734375,30.685342041991237,1,4,103,0.0,0.213,0.15,0.2,0.1,0.45,0.1
314,adaptive_attentive_ppoclip_seed2,0,NOOP,0.195375,0.0,0.192761,0,56,225.33623188961948,245.99957466125488,36,1.3559146457248263,3124.02734375,30.685342041991237,1,4,103,0.0,0.213,0.15,0.2,0.1,0.45,0.1,74,306.24661664818274,176.92899703979492,37,1.32315393396326,3133.228515625,32.83428503578682,1,5,104,0.0,0.213,0.15,0.15,0.1,0.45,0.15
315,adaptive_attentive_ppoclip_seed2,1,COMPACT_32KB,0.180307,-0.0565,0.191505,0,74,306.24661664818274,176.92899703979492,37,1.32315393396326,3133.228515625,32.83428503578682,1,5,104,0.0,0.213,0.15,0.15,0.1,0.45,0.15,79,321.98101249832376,209.73467826843262,43,1.1472178614416788,3157.1435546875,26.991755950441455,1,0,105,0.0,0.16699999999999998,0.1,0.15,0.1,0.45,0.2
316,adaptive_attentive_ppoclip_seed2,6,PARTITION_EVENT_TYPE,0.012682,-0.109375,0.188734,0,79,321.98101249832376,209.73467826843262,43,1.1472178614416788,3157.1435546875,26.991755950441455,1,0,105,0.0,0.16699999999999998,0.1,0.15,0.1,0.45,0.2,71,282.1690613807349,343.3096408843994,44,1.1243899952281604,3166.2822265625,28.381834805977682,3,1,0,0.0,0.1295,0.15,0.15,0.05,0.45,0.2
317,adaptive_attentive_ppoclip_seed2,0,NOOP,0.194125,-0.097992,0.188871,0,71,282.1690613807349,343.3096408843994,44,1.1243899952281604,3166.2822265625,28.381834805977682,3,1,0,0.0,0.1295,0.15,0.15,0.05,0.45,0.2,34,117.8171387404536,321.4690685272217,47,1.0562838290600067,3177.3017578125,32.21394772863417,3,2,1,0.0,0.08349999999999999,0.15,0.15,0.05,0.45,0.2
318,adaptive_attentive_ppoclip_seed2,0,NOOP,0.193095,-0.095713,0.18905,0,34,117.8171387404536,321.4690685272217,47,1.0562838290600067,3177.3017578125,32.21394772863417,3,2,1,0.0,0.08349999999999999,0.15,0.15,0.05,0.45,0.2,47,148.8173847005154,264.7547721862793,50,0.9967239379882813,3189.5166015625,34.73536957704526,3,3,2,0.0,0.046,0.15,0.2,0.0,0.45,0.2
319,adaptive_attentive_ppoclip_seed2,0,NOOP,0.182207,-0.084687,0.177896,0,47,148.8173847005154,264.7547721862793,50,0.9967239379882813,3189.5166015625,34.73536957704526,3,3,2,0.0,0.046,0.15,0.2,0.0,0.45,0.2,57,210.32736332589062,320.9097385406494,53,0.9441617569833431,3202.5966796875,36.45927565293243,3,4,3,0.002606636407205887,0.0461303318203603,0.15,0.15,0.0,0.5,0.2
320,adaptive_attentive_ppoclip_seed2,1,COMPACT_32KB,0.562307,-0.090614,0.188957,0,57,210.32736332589062,320.9097385406494,53,0.9441617569833431,3202.5966796875,36.45927565293243,3,4,3,0.002606636407205887,0.0461303318203603,0.15,0.15,0.0,0.5,0.2,38,154.01743069708294,317.1277046203613,47,1.0578885991522606,3182.12890625,30.33986379194609,3,0,4,0.0,0.0461303318203603,0.2,0.15,0.0,0.45,0.2
321,adaptive_attentive_ppoclip_seed2,0,NOOP,0.193476,-0.045632,0.189834,0,38,154.01743069708294,317.1277046203613,47,1.0578885991522606,3182.12890625,30.33986379194609,3,0,4,0.0,0.0461303318203603,0.2,0.15,0.0,0.45,0.2,62,231.5052591189963,244.5809841156006,50,0.9986300659179688,3195.6162109375,33.07934477174778,3,1,5,0.0,0.0461303318203603,0.2,0.15,0.0,0.4,0.25
322,adaptive_attentive_ppoclip_seed2,0,NOOP,0.182639,-0.045622,0.177648,0,62,231.5052591189963,244.5809841156006,50,0.9986300659179688,3195.6162109375,33.07934477174778,3,1,5,0.0,0.0461303318203603,0.2,0.15,0.0,0.4,0.25,70,252.76005719790527,315.7918453216553,53,0.9463213074882075,3209.921875,34.95103479594388,3,2,6,0.0,0.0461303318203603,0.2,0.15,0.0,0.4,0.25
323,adaptive_attentive_ppoclip_seed2,0,NOOP,0.172771,-0.045638,0.169218,0,70,252.76005719790527,315.7918453216553,53,0.9463213074882075,3209.921875,34.95103479594388,3,2,6,0.0,0.0461303318203603,0.2,0.15,0.0,0.4,0.25,41,135.46959926264958,247.67422676086426,56,0.898855481828962,3221.498046875,36.34579452036021,3,3,7,0.0,0.0461303318203603,0.2,0.15,0.0,0.35,0.3
324,adaptive_attentive_ppoclip_seed2,0,NOOP,0.16391,0.33123,0.363418,0,41,135.46959926264958,247.67422676086426,56,0.898855481828962,3221.498046875,36.34579452036021,3,3,7,0.0,0.0461303318203603,0.2,0.15,0.0,0.35,0.3,49,182.80239691393328,148.36978912353516,59,0.8564274674755031,3233.8701171875,37.31971458399043,3,4,8,0.67,0.0796303318203603,0.2,0.15,0.0,0.35,0.3
325,adaptive_attentive_ppoclip_seed2,1,COMPACT_32KB,0.179682,0.274712,0.391929,0,49,182.80239691393328,148.36978912353516,59,0.8564274674755031,3233.8701171875,37.31971458399043,3,4,8,0.67,0.0796303318203603,0.2,0.15,0.0,0.35,0.3,79,292.88408473175497,213.53888511657715,48,1.045352300008138,3211.322265625,30.4542783368984,3,0,9,0.67,0.0671303318203603,0.15,0.15,0.0,0.4,0.3
326,adaptive_attentive_ppoclip_seed2,0,NOOP,0.191117,0.331189,0.390103,0,79,292.88408473175497,213.53888511657715,48,1.045352300008138,3211.322265625,30.4542783368984,3,0,9,0.67,0.0671303318203603,0.15,0.15,0.0,0.4,0.3,42,147.30368207428367,164.40248489379883,51,0.9874575745825674,3223.0615234375,33.105541331554264,3,1,10,0.67,0.1006303318203603,0.15,0.15,0.0,0.4,0.3
327,adaptive_attentive_ppoclip_seed2,0,NOOP,0.180536,-0.045696,0.174722,0,42,147.30368207428367,164.40248489379883,51,0.9874575745825674,3223.0615234375,33.105541331554264,3,1,10,0.67,0.1006303318203603,0.15,0.15,0.0,0.4,0.3,58,184.87332506505192,358.19244384765625,54,0.9364293416341146,3236.2998046875,34.91093785388339,3,2,11,0.0,0.1006303318203603,0.2,0.15,0.0,0.4,0.25
328,adaptive_attentive_ppoclip_seed2,0,NOOP,0.171079,-0.045712,0.165515,0,58,184.87332506505192,358.19244384765625,54,0.9364293416341146,3236.2998046875,34.91093785388339,3,2,11,0.0,0.1006303318203603,0.2,0.15,0.0,0.4,0.25,69,252.7498997845477,349.4398593902588,57,0.8910206577234101,3250.443359375,36.17141871830309,3,3,12,0.0,0.1006303318203603,0.2,0.2,0.0,0.35,0.25
329,adaptive_attentive_ppoclip_seed2,0,NOOP,0.162396,0.331152,0.361765,0,69,252.7498997845477,349.4398593902588,57,0.8910206577234101,3250.443359375,36.17141871830309,3,3,12,0.0,0.1006303318203603,0.2,0.2,0.0,0.35,0.25,39,116.83873857078879,156.53181076049805,60,0.8494804382324219,3262.0048828125,37.12772433598297,3,4,13,0.67,0.1341303318203603,0.2,0.15,0.0,0.4,0.25
330,adaptive_attentive_ppoclip_seed2,1,COMPACT_32KB,0.179557,-0.090734,0.189184,0,39,116.83873857078879,156.53181076049805,60,0.8494804382324219,3262.0048828125,37.12772433598297,3,4,13,0.67,0.1341303318203603,0.2,0.15,0.0,0.4,0.25,52,182.36729519991906,295.81618309020996,49,1.0320593386280292,3236.5380859375,30.709805258321637,3,0,14,0.0,0.1341303318203603,0.2,0.2,0.0,0.35,0.25
331,adaptive_attentive_ppoclip_seed2,0,NOOP,0.188866,0.331127,0.386993,0,52,182.36729519991906,295.81618309020996,49,1.0320593386280292,3236.5380859375,30.709805258321637,3,0,14,0.0,0.1341303318203603,0.2,0.2,0.0,0.35,0.25,71,260.93487922163496,208.65654945373535,52,0.9768312894381009,3250.89453125,33.10335433748298,3,1,15,0.67,0.1676303318203603,0.2,0.2,0.0,0.4,0.2
332,adaptive_attentive_ppoclip_seed2,0,NOOP,0.17869,-0.045781,0.175229,0,71,260.93487922163496,208.65654945373535,52,0.9768312894381009,3250.89453125,33.10335433748298,3,1,15,0.67,0.1676303318203603,0.2,0.2,0.0,0.4,0.2,79,246.00370471835603,241.77217483520508,55,0.9278242631392045,3265.94140625,34.7692434419267,3,2,16,0.0,0.1676303318203603,0.2,0.2,0.0,0.35,0.25
333,adaptive_attentive_ppoclip_seed2,0,NOOP,0.169294,0.331072,0.368775,0,79,246.00370471835603,241.77217483520508,55,0.9278242631392045,3265.94140625,34.7692434419267,3,2,16,0.0,0.1676303318203603,0.2,0.2,0.0,0.35,0.25,31,112.62500119101138,148.47707748413086,58,0.8827204211004849,3276.658203125,36.066420778797884,3,3,17,0.67,0.20113033182036028,0.2,0.2,0.0,0.35,0.25
334,adaptive_attentive_ppoclip_seed2,0,NOOP,0.160836,-0.045822,0.157184,0,31,112.62500119101138,148.47707748413086,58,0.8827204211004849,3276.658203125,36.066420778797884,3,3,17,0.67,0.20113033182036028,0.2,0.2,0.0,0.35,0.25,42,156.07569851012857,258.83936882019043,61,0.8423046674884733,3288.357421875,36.97742126191126,3,4,18,0.0,0.20113033182036033,0.2,0.2,0.0,0.35,0.25
335,adaptive_attentive_ppoclip_seed2,1,COMPACT_32KB,0.562057,0.286035,0.393046,0,42,156.07569851012857,258.83936882019043,61,0.8423046674884733,3288.357421875,36.97742126191126,3,4,18,0.0,0.20113033182036033,0.2,0.2,0.0,0.35,0.25,30,109.0324526104543,152.70519256591797,49,1.0390441271723534,3258.4423828125,29.95821826966188,3,0,19,0.67,0.23463033182036028,0.2,0.2,0.0,0.4,0.2
336,adaptive_attentive_ppoclip_seed2,0,NOOP,0.190161,0.331035,0.38952,0,30,109.0324526104543,152.70519256591797,49,1.0390441271723534,3258.4423828125,29.95821826966188,3,0,19,0.67,0.23463033182036028,0.2,0.2,0.0,0.4,0.2,67,242.29146879386397,147.05491065979004,52,0.9833074716421274,3272.447265625,32.507094867419966,3,1,20,0.67,0.26813033182036033,0.15,0.2,0.0,0.45,0.2
337,adaptive_attentive_ppoclip_seed2,0,NOOP,0.179772,-0.045872,0.167871,0,67,242.29146879386397,147.05491065979004,52,0.9833074716421274,3272.447265625,32.507094867419966,3,1,20,0.67,0.26813033182036033,0.15,0.2,0.0,0.45,0.2,51,189.7418897594492,663.8376712799072,55,0.9332364169034091,3284.9921875,34.34321835551084,3,2,21,0.0,0.2681303318203603,0.1,0.2,0.05,0.45,0.2
338,adaptive_attentive_ppoclip_seed2,0,NOOP,0.170454,0.330992,0.369153,0,51,189.7418897594492,663.8376712799072,55,0.9332364169034091,3284.9921875,34.34321835551084,3,2,21,0.0,0.2681303318203603,0.1,0.2,0.05,0.45,0.2,59,201.19673485316596,187.54935264587402,58,0.8885219179350754,3298.193359375,35.640610518313004,3,3,22,0.67,0.3016303318203603,0.1,0.15,0.05,0.5,0.2
339,adaptive_attentive_ppoclip_seed2,0,NOOP,0.161915,0.330935,0.359327,0,59,201.19673485316596,187.54935264587402,58,0.8885219179350754,3298.193359375,35.640610518313004,3,3,22,0.67,0.3016303318203603,0.1,0.15,0.05,0.5,0.2,36,113.04809122013671,255.64193725585938,61,0.8477007756467725,3309.423828125,36.61936417629904,3,4,23,0.67,0.335,0.1,0.15,0.05,0.5,0.2
340,adaptive_attentive_ppoclip_seed2,1,COMPACT_32KB,0.179307,0.285951,0.39128,0,36,113.04809122013671,255.64193725585938,61,0.8477007756467725,3309.423828125,36.61936417629904,3,4,23,0.67,0.335,0.1,0.15,0.05,0.5,0.2,78,269.4542417608484,230.97777366638184,51,1.007615332509957,3288.8564453125,31.142741811537693,3,0,24,0.67,0.36850000000000005,0.05,0.15,0.05,0.55,0.2
341,adaptive_attentive_ppoclip_seed2,0,NOOP,0.184322,-0.045941,0.17357,0,78,269.4542417608484,230.97777366638184,51,1.007615332509957,3288.8564453125,31.142741811537693,3,0,24,0.67,0.36850000000000005,0.05,0.15,0.05,0.55,0.2,55,200.64320852787074,605.0734519958496,54,0.9553587171766493,3301.7197265625,33.29904942481349,3,1,25,0.0,0.3685,0.05,0.15,0.1,0.55,0.15
342,adaptive_attentive_ppoclip_seed2,0,NOOP,0.174706,0.330929,0.37225,0,55,200.64320852787074,605.0734519958496,54,0.9553587171766493,3301.7197265625,33.29904942481349,3,1,25,0.0,0.3685,0.05,0.15,0.1,0.55,0.15,77,248.51137594799567,244.0657615661621,57,0.9091547915810033,3316.5966796875,34.781758274281856,3,2,26,0.67,0.402,0.05,0.1,0.1,0.6,0.15
343,adaptive_attentive_ppoclip_seed2,0,NOOP,0.165843,-0.045954,0.162162,0,77,248.51137594799567,244.0657615661621,57,0.9091547915810033,3316.5966796875,34.781758274281856,3,2,26,0.67,0.402,0.05,0.1,0.1,0.6,0.15,41,152.68264583148363,259.08422470092773,60,0.8667162577311198,3328.1904296875,35.92840668749845,3,3,27,0.0,0.402,0.05,0.1,0.1,0.6,0.15
344,adaptive_attentive_ppoclip_seed2,0,NOOP,0.157798,-0.054329,0.150712,0,41,152.68264583148363,259.08422470092773,60,0.8667162577311198,3328.1904296875,35.92840668749845,3,3,27,0.0,0.402,0.05,0.1,0.1,0.6,0.15,43,158.5599033633799,433.0892562866211,63,0.8283669607979911,3339.9755859375,36.75389955588673,3,4,28,0.0,0.36850000000000005,0.1,0.1,0.1,0.55,0.15
345,adaptive_attentive_ppoclip_seed2,1,COMPACT_32KB,0.178554,-0.099336,0.187321,0,43,158.5599033633799,433.0892562866211,63,0.8283669607979911,3339.9755859375,36.75389955588673,3,4,28,0.0,0.36850000000000005,0.1,0.1,0.1,0.55,0.15,79,229.95295177407635,342.53907203674316,52,0.9968602107121394,3317.55078125,31.16653011441426,3,0,29,0.0,0.3350000000000001,0.15,0.1,0.1,0.5,0.15
346,adaptive_attentive_ppoclip_seed2,0,NOOP,0.18239,-0.054364,0.176394,0,79,229.95295177407635,342.53907203674316,52,0.9968602107121394,3317.55078125,31.16653011441426,3,0,29,0.0,0.3350000000000001,0.15,0.1,0.1,0.5,0.15,62,235.18093279468513,368.5741424560547,55,0.9463259610262784,3331.0673828125,33.20001361209741,3,1,30,0.0,0.30150000000000005,0.15,0.15,0.1,0.45,0.15
347,adaptive_attentive_ppoclip_seed2,0,NOOP,0.173016,-0.046008,0.166734,0,62,235.18093279468513,368.5741424560547,55,0.9463259610262784,3331.0673828125,33.20001361209741,3,1,30,0.0,0.30150000000000005,0.15,0.15,0.1,0.45,0.15,74,270.641078384098,386.5959644317627,58,0.9013319344356142,3345.744140625,34.62807368483093,3,2,31,0.0,0.30150000000000005,0.15,0.15,0.1,0.45,0.15
348,adaptive_attentive_ppoclip_seed2,0,NOOP,0.16439,-0.046025,0.157117,0,74,270.641078384098,386.5959644317627,58,0.9013319344356142,3345.744140625,34.62807368483093,3,2,31,0.0,0.30150000000000005,0.15,0.15,0.1,0.45,0.15,45,143.12219291015265,439.8789405822754,61,0.8600736524237961,3357.7275390625,35.72499151606367,3,3,32,0.0,0.30150000000000005,0.2,0.1,0.1,0.45,0.15
349,adaptive_attentive_ppoclip_seed2,0,NOOP,0.156533,-0.054404,0.144469,0,45,143.12219291015265,439.8789405822754,61,0.8600736524237961,3357.7275390625,35.72499151606367,3,3,32,0.0,0.30150000000000005,0.2,0.1,0.1,0.45,0.15,44,157.73949774480047,683.2139492034912,64,0.8226654529571533,3369.6376953125,36.523154315331496,3,4,33,0.0,0.26800000000000007,0.2,0.1,0.15,0.4,0.15
350,adaptive_attentive_ppoclip_seed2,1,COMPACT_32KB,0.561682,0.285856,0.392661,0,44,157.73949774480047,683.2139492034912,64,0.8226654529571533,3369.6376953125,36.523154315331496,3,4,33,0.0,0.26800000000000007,0.2,0.1,0.15,0.4,0.15,38,139.19596167785997,156.95428848266602,52,1.0037307739257812,3340.416015625,30.456591343110503,3,0,34,0.67,0.30150000000000005,0.2,0.05,0.15,0.45,0.15
351,adaptive_attentive_ppoclip_seed2,0,NOOP,0.183873,-0.054394,0.178317,0,38,139.19596167785997,156.95428848266602,52,1.0037307739257812,3340.416015625,30.456591343110503,3,0,34,0.67,0.30150000000000005,0.2,0.05,0.15,0.45,0.15,98,335.48352216985984,346.5712070465088,55,0.9537420099431818,3357.171875,32.51105357418206,3,1,35,0.0,0.268,0.2,0.1,0.15,0.4,0.15
352,adaptive_attentive_ppoclip_seed2,0,NOOP,0.174357,-0.046027,0.170744,0,98,335.48352216985984,346.5712070465088,55,0.9537420099431818,3357.171875,32.51105357418206,3,1,35,0.0,0.268,0.2,0.1,0.15,0.4,0.15,61,217.88462321280605,253.1266212463379,58,0.9080331736597521,3370.619140625,34.0748030405427,3,2,36,0.0,0.268,0.2,0.1,0.15,0.4,0.15
353,adaptive_attentive_ppoclip_seed2,0,NOOP,0.165744,-0.054416,0.159966,0,61,217.88462321280605,253.1266212463379,58,0.9080331736597521,3370.619140625,34.0748030405427,3,2,36,0.0,0.268,0.2,0.1,0.15,0.4,0.15,63,165.11119650733605,365.1876449584961,61,0.8668470539030482,3384.1708984375,35.20974682961348,3,3,37,0.0,0.23450000000000001,0.2,0.15,0.15,0.35,0.15
354,adaptive_attentive_ppoclip_seed2,7,REMOVE_PARTITION,0.094263,-0.081057,0.154859,0,63,165.11119650733605,365.1876449584961,61,0.8668470539030482,3384.1708984375,35.20974682961348,3,3,37,0.0,0.23450000000000001,0.2,0.15,0.15,0.35,0.15,62,260.8536683963499,232.01584815979004,64,0.8294966220855713,3397.6181640625,36.03935692780813,0,4,0,0.0,0.23450000000000001,0.2,0.15,0.15,0.4,0.1
355,adaptive_attentive_ppoclip_seed2,1,COMPACT_32KB,0.177967,-0.135531,0.188327,0,62,260.8536683963499,232.01584815979004,64,0.8294966220855713,3397.6181640625,36.03935692780813,0,4,0,0.0,0.23450000000000001,0.2,0.15,0.15,0.4,0.1,68,255.97817281707978,264.127254486084,53,0.9945491574845224,3373.5107421875,30.465394412707763,0,0,1,0.0,0.201,0.2,0.15,0.15,0.4,0.1
356,adaptive_attentive_ppoclip_seed2,0,NOOP,0.189067,-0.090569,0.18476,0,68,255.97817281707978,264.127254486084,53,0.9945491574845224,3373.5107421875,30.465394412707763,0,0,1,0.0,0.201,0.2,0.15,0.15,0.4,0.1,83,305.3608361723851,282.879114151001,54,0.9790855690285012,3383.7197265625,31.040590562567566,0,1,2,0.0,0.16750000000000004,0.2,0.15,0.15,0.4,0.1
357,adaptive_attentive_ppoclip_seed2,0,NOOP,0.185928,-0.08223,0.180466,0,83,305.3608361723851,282.879114151001,54,0.9790855690285012,3383.7197265625,31.040590562567566,0,1,2,0.0,0.16750000000000004,0.2,0.15,0.15,0.4,0.1,78,285.48764784624865,341.8128490447998,55,0.9640125621448864,3393.32421875,31.57305721896732,0,2,3,0.0,0.16750000000000004,0.2,0.2,0.1,0.4,0.1
358,adaptive_attentive_ppoclip_seed2,0,NOOP,0.18287,-0.090639,0.178901,0,78,285.48764784624865,341.8128490447998,55,0.9640125621448864,3393.32421875,31.57305721896732,0,2,3,0.0,0.16750000000000004,0.2,0.2,0.1,0.4,0.1,73,267.20487870436466,268.4605121612549,56,0.9493519919259208,3402.4775390625,32.06296255699286,0,3,4,0.0,0.134,0.2,0.2,0.1,0.4,0.1
359,adaptive_attentive_ppoclip_seed2,0,NOOP,0.179991,-0.09068,0.176135,0,73,267.20487870436466,268.4605121612549,56,0.9493519919259208,3402.4775390625,32.06296255699286,0,3,4,0.0,0.134,0.2,0.2,0.1,0.4,0.1,89,289.4808293900239,264.0655040740967,57,0.9355819434450384,3413.0029296875,32.464525876089475,0,4,5,0.0,0.1005,0.2,0.2,0.1,0.4,0.1
360,adaptive_attentive_ppoclip_seed2,1,COMPACT_32KB,0.179057,-0.13571,0.189985,0,89,289.4808293900239,264.0655040740967,57,0.9355819434450384,3413.0029296875,32.464525876089475,0,4,5,0.0,0.1005,0.2,0.2,0.1,0.4,0.1,66,228.97172180369037,235.73017120361328,53,1.0042972204820164,3406.576171875,29.60121381692881,0,0,6,0.0,0.067,0.2,0.2,0.1,0.4,0.1
361,adaptive_attentive_ppoclip_seed2,0,NOOP,0.191015,-0.082377,0.185969,0,66,228.97172180369037,235.73017120361328,53,1.0042972204820164,3406.576171875,29.60121381692881,0,0,6,0.0,0.067,0.2,0.2,0.1,0.4,0.1,91,346.05997996255445,319.7929859161377,54,0.98882406729239,3417.3759765625,30.21017572985926,0,1,7,0.0,0.067,0.2,0.2,0.05,0.45,0.1
362,adaptive_attentive_ppoclip_seed2,0,NOOP,0.187906,-0.090792,0.183829,0,91,346.05997996255445,319.7929859161377,54,0.98882406729239,3417.3759765625,30.21017572985926,0,1,7,0.0,0.067,0.2,0.2,0.05,0.45,0.1,90,344.0410639290714,272.60446548461914,55,0.9739044189453125,3428.1435546875,30.755489107207485,0,2,8,0.0,0.0335,0.2,0.2,0.05,0.45,0.1
363,adaptive_attentive_ppoclip_seed2,0,NOOP,0.184859,-0.082454,0.178311,0,90,344.0410639290714,272.60446548461914,55,0.9739044189453125,3428.1435546875,30.755489107207485,0,2,8,0.0,0.0335,0.2,0.2,0.05,0.45,0.1,82,312.5682654076676,397.4423408508301,56,0.9592969076974052,3438.1201171875,31.26733177267354,0,3,9,0.0,0.0335,0.25,0.2,0.05,0.45,0.05
364,adaptive_attentive_ppoclip_seed2,0,NOOP,0.181864,-0.082486,0.175457,0,82,312.5682654076676,397.4423408508301,56,0.9592969076974052,3438.1201171875,31.26733177267354,0,3,9,0.0,0.0335,0.25,0.2,0.05,0.45,0.05,71,259.4752423140865,391.5688991546631,57,0.9449438797800165,3447.1552734375,31.753511621786004,0,4,10,0.0,0.0335,0.25,0.2,0.05,0.45,0.05
365,adaptive_attentive_ppoclip_seed2,3,COMPACT_128KB,0.163125,-0.055,0.191282,0,71,259.4752423140865,391.5688991546631,57,0.9449438797800165,3447.1552734375,31.753511621786004,0,4,10,0.0,0.0335,0.25,0.2,0.05,0.45,0.05,91,355.0784745311753,260.88881492614746,35,1.5135807582310268,3390.4208984375,15.832067235349855,0,0,11,0.0,0.0335,0.25,0.2,0.05,0.45,0.05
366,adaptive_attentive_ppoclip_seed2,0,NOOP,0.1955,0.0,0.185722,0,91,355.0784745311753,260.88881492614746,35,1.5135807582310268,3390.4208984375,15.832067235349855,0,0,11,0.0,0.0335,0.25,0.2,0.05,0.45,0.05,97,386.7084835915208,533.8778495788574,36,1.4764086405436199,3401.6455078125,21.14810952440535,0,1,12,0.0,0.0335,0.25,0.15,0.1,0.45,0.05
367,adaptive_attentive_ppoclip_seed2,0,NOOP,0.195375,0.0,0.191086,0,97,386.7084835915208,533.8778495788574,36,1.4764086405436199,3401.6455078125,21.14810952440535,0,1,12,0.0,0.0335,0.25,0.15,0.1,0.45,0.05,96,344.68921203633397,260.7004642486572,37,1.4411992253483952,3412.759765625,24.95392933695193,0,2,13,0.0,0.0335,0.2,0.2,0.1,0.45,0.05
368,adaptive_attentive_ppoclip_seed2,0,NOOP,0.19525,0.0,0.193091,0,96,344.68921203633397,260.7004642486572,37,1.4411992253483952,3412.759765625,24.95392933695193,0,2,13,0.0,0.0335,0.2,0.2,0.1,0.45,0.05,63,250.77503421283896,155.45225143432617,38,1.406699732730263,3421.09375,28.126917368499047,0,3,14,0.0,0.0335,0.15,0.2,0.1,0.5,0.05
369,adaptive_attentive_ppoclip_seed2,0,NOOP,0.195125,0.0,0.191533,0,63,250.77503421283896,155.45225143432617,38,1.406699732730263,3421.09375,28.126917368499047,0,3,14,0.0,0.0335,0.15,0.2,0.1,0.5,0.05,98,427.7861994176038,228.35254669189453,39,1.3752547044020433,3432.6357421875,30.46732151911803,0,4,15,0.0,0.0335,0.15,0.2,0.05,0.55,0.05
370,adaptive_attentive_ppoclip_seed2,1,COMPACT_32KB,0.179307,-0.053375,0.189915,0,98,427.7861994176038,228.35254669189453,39,1.3752547044020433,3432.6357421875,30.46732151911803,0,4,15,0.0,0.0335,0.15,0.2,0.05,0.55,0.05,64,255.3451850865386,249.2523193359375,51,1.0642107795266544,3473.583984375,29.55147457003237,0,0,16,0.0,0.0,0.15,0.2,0.05,0.55,0.05
371,adaptive_attentive_ppoclip_seed2,0,NOOP,0.1935,0.0,0.187741,0,64,255.3451850865386,249.2523193359375,51,1.0642107795266544,3473.583984375,29.55147457003237,0,0,16,0.0,0.0,0.15,0.2,0.05,0.55,0.05,61,285.879943908421,352.9393672943115,52,1.0461974510779748,3481.7451171875,30.4183820633267,0,1,17,0.0,0.0,0.2,0.15,0.05,0.55,0.05
372,adaptive_attentive_ppoclip_seed2,0,NOOP,0.193375,0.0,0.191111,0,61,285.879943908421,352.9393672943115,52,1.0461974510779748,3481.7451171875,30.4183820633267,0,1,17,0.0,0.0,0.2,0.15,0.05,0.55,0.05,66,219.89849960917394,179.45408821105957,53,1.029003791089328,3490.380859375,31.171463501460195,0,2,18,0.0,0.0,0.2,0.15,0.05,0.6,0.0
373,adaptive_attentive_ppoclip_seed2,0,NOOP,0.19325,0.0,0.191209,0,66,219.89849960917394,179.45408821105957,53,1.029003791089328,3490.380859375,31.171463501460195,0,2,18,0.0,0.0,0.2,0.15,0.05,0.6,0.0,80,320.28314826816995,169.54827308654785,54,1.012777257848669,3500.158203125,31.805105850594078,0,3,19,0.0,0.0,0.2,0.1,0.05,0.65,0.0
374,adaptive_attentive_ppoclip_seed2,0,NOOP,0.192441,0.0,0.182429,0,80,320.28314826816995,169.54827308654785,54,1.012777257848669,3500.158203125,31.805105850594078,0,3,19,0.0,0.0,0.2,0.1,0.05,0.65,0.0,57,232.83602114147197,569.390058517456,55,0.9965817538174716,3507.9677734375,32.43334316431839,0,4,20,0.0,0.0,0.2,0.1,0.1,0.6,0.0
375,adaptive_attentive_ppoclip_seed2,1,COMPACT_32KB,0.561682,-0.045,0.191429,0,57,232.83602114147197,569.390058517456,55,0.9965817538174716,3507.9677734375,32.43334316431839,0,4,20,0.0,0.0,0.2,0.1,0.1,0.6,0.0,50,190.62210838040215,168.54214668273926,52,1.0527103130634015,3503.419921875,29.72020608800005,0,0,21,0.0,0.0,0.2,0.1,0.1,0.6,0.0
376,adaptive_attentive_ppoclip_seed2,4,PARTITION_HOUR,0.011557,-0.1,0.191354,0,50,190.62210838040215,168.54214668273926,52,1.0527103130634015,3503.419921875,29.72020608800005,0,0,21,0.0,0.0,0.2,0.1,0.1,0.6,0.0,89,361.6521951427453,167.32096672058105,53,1.035995195496757,3514.095703125,30.44597882689216,1,1,0,0.0,0.0,0.2,0.1,0.1,0.6,0.0
377,adaptive_attentive_ppoclip_seed2,0,NOOP,0.19325,-0.049857,0.188413,0,89,361.6521951427453,167.32096672058105,53,1.035995195496757,3514.095703125,30.44597882689216,1,1,0,0.0,0.0,0.2,0.1,0.1,0.6,0.0,56,223.30978107408419,309.3287944793701,54,1.0190483375831887,3521.8310546875,31.192803957528493,1,2,1,0.0,0.0,0.2,0.1,0.1,0.6,0.0
378,adaptive_attentive_ppoclip_seed2,0,NOOP,0.193125,-0.049623,0.187799,0,56,223.30978107408419,309.3287944793701,54,1.0190483375831887,3521.8310546875,31.192803957528493,1,2,1,0.0,0.0,0.2,0.1,0.1,0.6,0.0,92,400.63163162435666,335.02650260925293,55,1.0035883123224432,3532.630859375,31.76188558224932,1,3,2,0.0,0.0,0.2,0.1,0.1,0.6,0.0
379,adaptive_attentive_ppoclip_seed2,0,NOOP,0.190636,-0.049444,0.187325,0,92,400.63163162435666,335.02650260925293,55,1.0035883123224432,3532.630859375,31.76188558224932,1,3,2,0.0,0.0,0.2,0.1,0.1,0.6,0.0,71,262.4320746453193,235.57376861572266,56,0.9881823403494698,3541.6455078125,32.325164387147474,1,4,3,0.0,0.0,0.2,0.1,0.1,0.55,0.05
380,adaptive_attentive_ppoclip_seed2,0,NOOP,0.187523,-0.045523,0.183693,0,71,262.4320746453193,235.57376861572266,56,0.9881823403494698,3541.6455078125,32.325164387147474,1,4,3,0.0,0.0,0.2,0.1,0.1,0.55,0.05,67,256.484356845905,362.7965450286865,57,0.9732384932668585,3550.3740234375,32.838935214362344,1,5,4,0.006670553935860059,0.00033352769679300293,0.25,0.1,0.1,0.5,0.05
381,adaptive_attentive_ppoclip_seed2,0,NOOP,0.184429,-0.049149,0.181056,0,67,256.484356845905,362.7965450286865,57,0.9732384932668585,3550.3740234375,32.838935214362344,1,5,4,0.006670553935860059,0.00033352769679300293,0.25,0.1,0.1,0.5,0.05,50,202.07689542965448,241.15943908691406,58,0.9583950700431034,3557.5625,33.34395206240854,1,6,5,0.0,0.00033352769679300293,0.25,0.1,0.1,0.5,0.05
382,adaptive_attentive_ppoclip_seed2,1,COMPACT_32KB,0.179182,-0.08368,0.19017,0,50,202.07689542965448,241.15943908691406,58,0.9583950700431034,3557.5625,33.34395206240854,1,6,5,0.0,0.00033352769679300293,0.25,0.1,0.1,0.5,0.05,72,275.8750079933349,231.5065860748291,52,1.0663126431978667,3548.6884765625,28.952828700632605,1,0,6,0.0,0.00033352769679300293,0.25,0.1,0.1,0.45,0.1
383,adaptive_attentive_ppoclip_seed2,0,NOOP,0.193375,-0.038703,0.189201,0,72,275.8750079933349,231.5065860748291,52,1.0663126431978667,3548.6884765625,28.952828700632605,1,0,6,0.0,0.00033352769679300293,0.25,0.1,0.1,0.45,0.1,79,305.92264362945093,274.94335174560547,53,1.0490480818838444,3558.37109375,29.78006272174156,1,1,7,0.0,0.00033352769679300293,0.2,0.1,0.1,0.5,0.1
384,adaptive_attentive_ppoclip_seed2,0,NOOP,0.19325,-0.038729,0.190482,0,79,305.92264362945093,274.94335174560547,53,1.0490480818838444,3558.37109375,29.78006272174156,1,1,7,0.0,0.00033352769679300293,0.2,0.1,0.1,0.5,0.1,92,346.5305435543011,205.88088035583496,54,1.0327575118453414,3569.2099609375,30.476506976847382,1,2,8,0.0,0.00033352769679300293,0.15,0.1,0.1,0.55,0.1
385,adaptive_attentive_ppoclip_seed2,0,NOOP,0.193125,-0.038753,0.188093,0,92,346.5305435543011,205.88088035583496,54,1.0327575118453414,3569.2099609375,30.476506976847382,1,2,8,0.0,0.00033352769679300293,0.15,0.1,0.1,0.55,0.1,87,313.2918145891411,320.3573226928711,55,1.0169275457208806,3579.5849609375,31.113816539148527,1,3,9,0.0,0.00033352769679300293,0.1,0.15,0.1,0.55,0.1
386,adaptive_attentive_ppoclip_seed2,0,NOOP,0.193,-0.038778,0.190424,0,87,313.2918145891411,320.3573226928711,55,1.0169275457208806,3579.5849609375,31.113816539148527,1,3,9,0.0,0.00033352769679300293,0.1,0.15,0.1,0.55,0.1,88,329.40687107037513,198.8089084625244,56,1.0017073495047433,3590.119140625,31.679713824089223,1,4,10,0.0,0.00033352769679300293,0.1,0.15,0.05,0.6,0.1
387,adaptive_attentive_ppoclip_seed2,1,COMPACT_32KB,0.178932,-0.083796,0.190804,0,88,329.40687107037513,198.8089084625244,56,1.0017073495047433,3590.119140625,31.679713824089223,1,4,10,0.0,0.00033352769679300293,0.1,0.15,0.05,0.6,0.1,64,238.85855639574098,189.7873878479004,54,1.0386810302734375,3589.681640625,29.83708086043021,1,0,11,0.0,0.00033352769679300293,0.1,0.1,0.05,0.65,0.1
388,adaptive_attentive_ppoclip_seed2,0,NOOP,0.193125,0.478688,0.463255,0,64,238.85855639574098,189.7873878479004,54,1.0386810302734375,3589.681640625,29.83708086043021,1,0,11,0.0,0.00033352769679300293,0.1,0.1,0.05,0.65,0.1,57,209.43026461367035,362.274169921875,55,1.022010664506392,3597.4775390625,30.600176731173132,1,1,12,0.92,0.046333527696793005,0.15,0.1,0.05,0.6,0.1
389,adaptive_attentive_ppoclip_seed2,0,NOOP,0.193,-0.038834,0.190187,0,57,209.43026461367035,362.274169921875,55,1.022010664506392,3597.4775390625,30.600176731173132,1,1,12,0.92,0.046333527696793005,0.15,0.1,0.05,0.6,0.1,80,233.86089937085438,210.65759658813477,56,1.0065084184919084,3607.326171875,31.216493202241782,1,2,13,0.0,0.046333527696793005,0.15,0.1,0.05,0.6,0.1
390,adaptive_attentive_ppoclip_seed2,0,NOOP,0.191231,-0.038859,0.182601,0,80,233.86089937085438,210.65759658813477,56,1.0065084184919084,3607.326171875,31.216493202241782,1,2,13,0.0,0.046333527696793005,0.15,0.1,0.05,0.6,0.1,90,327.7966637431725,502.7508735656738,57,0.9917824728447094,3618.0224609375,31.744250223755436,1,3,14,0.0,0.046333527696793005,0.15,0.1,0.05,0.6,0.1
391,adaptive_attentive_ppoclip_seed2,0,NOOP,0.188281,-0.038885,0.18356,0,90,327.7966637431725,502.7508735656738,57,0.9917824728447094,3618.0224609375,31.744250223755436,1,3,14,0.0,0.046333527696793005,0.15,0.1,0.05,0.6,0.1,94,324.5900281067695,308.5334300994873,58,0.9776540295831089,3629.0517578125,32.20931790162223,1,4,15,0.0,0.046333527696793005,0.1,0.1,0.05,0.65,0.1
392,adaptive_attentive_ppoclip_seed2,1,COMPACT_32KB,0.178807,0.337965,0.406577,0,94,324.5900281067695,308.5334300994873,58,0.9776540295831089,3629.0517578125,32.20931790162223,1,4,15,0.0,0.046333527696793005,0.1,0.1,0.05,0.65,0.1,91,352.16365832302256,646.1329460144043,55,1.030610518022017,3627.7490234375,29.832273632146528,1,0,16,0.75,0.083833527696793,0.1,0.1,0.1,0.6,0.1
393,adaptive_attentive_ppoclip_seed2,0,NOOP,0.193,0.382947,0.407375,0,91,352.16365832302256,646.1329460144043,55,1.030610518022017,3627.7490234375,29.832273632146528,1,0,16,0.75,0.083833527696793,0.1,0.1,0.1,0.6,0.1,64,208.28389908100274,601.2389659881592,56,1.0145598820277624,3636.1826171875,30.543017047516678,1,1,17,0.75,0.121333527696793,0.1,0.1,0.15,0.55,0.1
394,adaptive_attentive_ppoclip_seed2,0,NOOP,0.192792,-0.038951,0.190068,0,64,208.28389908100274,601.2389659881592,56,1.0145598820277624,3636.1826171875,30.543017047516678,1,1,17,0.75,0.121333527696793,0.1,0.1,0.15,0.55,0.1,84,360.5784212686304,207.45015144348145,57,0.9995850680167215,3646.486328125,31.121894764385296,1,2,18,0.0,0.121333527696793,0.1,0.1,0.1,0.6,0.1
395,adaptive_attentive_ppoclip_seed2,0,NOOP,0.189738,0.478528,0.45958,0,84,360.5784212686304,207.45015144348145,57,0.9995850680167215,3646.486328125,31.121894764385296,1,2,18,0.0,0.121333527696793,0.1,0.1,0.1,0.6,0.1,78,231.72425047739392,380.4001808166504,58,0.9849403644430226,3656.0986328125,31.662760687086905,1,3,19,0.92,0.167333527696793,0.15,0.1,0.1,0.55,0.1
396,adaptive_attentive_ppoclip_seed2,0,NOOP,0.186702,-0.038988,0.183958,0,78,231.72425047739392,380.4001808166504,58,0.9849403644430226,3656.0986328125,31.662760687086905,1,3,19,0.92,0.167333527696793,0.15,0.1,0.1,0.55,0.1,60,254.96048824373284,210.9396457672119,59,0.9703863111592955,3664.1787109375,32.19370728135785,1,4,20,0.0,0.167333527696793,0.15,0.1,0.1,0.55,0.1
397,adaptive_attentive_ppoclip_seed2,1,COMPACT_32KB,0.178682,-0.084009,0.190461,0,60,254.96048824373284,210.9396457672119,59,0.9703863111592955,3664.1787109375,32.19370728135785,1,4,20,0.0,0.167333527696793,0.15,0.1,0.1,0.55,0.1,77,297.77802283114704,196.96474075317383,56,1.0217969076974052,3662.1201171875,29.77350085908155,1,0,21,0.0,0.167333527696793,0.15,0.05,0.1,0.6,0.1
398,adaptive_attentive_ppoclip_seed2,4,PARTITION_HOUR,-0.26167,-0.289027,0.190196,0,77,297.77802283114704,196.96474075317383,56,1.0217969076974052,3662.1201171875,29.77350085908155,1,0,21,0.0,0.167333527696793,0.15,0.05,0.1,0.6,0.1,65,230.7519695569301,205.20329475402832,57,1.0061945329632676,3670.59765625,30.45433847509796,1,1,22,0.0,0.167333527696793,0.15,0.05,0.1,0.6,0.1
399,adaptive_attentive_ppoclip_seed2,5,PARTITION_REGION,0.009203,-0.139046,0.186308,0,65,230.7519695569301,205.20329475402832,57,1.0061945329632676,3670.59765625,30.45433847509796,1,1,22,0.0,0.167333527696793,0.15,0.05,0.1,0.6,0.1,74,294.24001941511955,308.1378936767578,58,0.9913548436658136,3679.9091796875,31.040485665910293,2,2,0,0.0,0.167333527696793,0.15,0.05,0.1,0.65,0.05
400,adaptive_attentive_ppoclip_seed2,0,NOOP,0.181634,-0.086187,0.175573,0,74,294.24001941511955,308.1378936767578,58,0.9913548436658136,3679.9091796875,31.040485665910293,2,2,0,0.0,0.167333527696793,0.15,0.05,0.1,0.65,0.05,71,239.36339004030978,396.72064781188965,61,0.9462955662461577,3694.337890625,32.84556083657739,2,3,1,0.0011613202480347641,0.16705806601240175,0.1,0.1,0.1,0.65,0.05
401,adaptive_attentive_ppoclip_seed2,0,NOOP,0.173164,-0.086509,0.167018,0,71,239.36339004030978,396.72064781188965,61,0.9462955662461577,3694.337890625,32.84556083657739,2,3,1,0.0011613202480347641,0.16705806601240175,0.1,0.1,0.1,0.65,0.05,88,302.12787804175287,387.3302936553955,64,0.9058220386505127,3710.2470703125,34.148717066140534,2,4,2,0.0,0.16705806601240175,0.1,0.1,0.1,0.6,0.1
402,adaptive_attentive_ppoclip_seed2,1,COMPACT_32KB,0.170786,-0.078933,0.181529,0,88,302.12787804175287,387.3302936553955,64,0.9058220386505127,3710.2470703125,34.148717066140534,2,4,2,0.0,0.16705806601240175,0.1,0.1,0.1,0.6,0.1,69,231.32423618482474,253.7670135498047,60,0.9630221048990886,3698.0048828125,31.67134944763861,2,0,3,0.0,0.16705806601240175,0.1,0.1,0.1,0.6,0.1
403,adaptive_attentive_ppoclip_seed2,0,NOOP,0.17635,-0.033957,0.172712,0,69,231.32423618482474,253.7670135498047,60,0.9630221048990886,3698.0048828125,31.67134944763861,2,0,3,0.0,0.16705806601240175,0.1,0.1,0.1,0.6,0.1,89,304.57139407033424,260.6625556945801,63,0.9211263505239335,3713.9814453125,33.176633447722935,2,1,4,0.0,0.16705806601240175,0.1,0.1,0.1,0.55,0.15
404,adaptive_attentive_ppoclip_seed2,0,NOOP,0.168228,0.342904,0.366454,0,89,304.57139407033424,260.6625556945801,63,0.9211263505239335,3713.9814453125,33.176633447722935,2,1,4,0.0,0.16705806601240175,0.1,0.1,0.1,0.55,0.15,58,185.14924679068827,221.22740745544434,66,0.8823905713630446,3727.2177734375,34.36507551623621,2,2,5,0.67,0.20055806601240173,0.1,0.15,0.1,0.5,0.15
405,adaptive_attentive_ppoclip_seed2,0,NOOP,0.160816,0.342887,0.359043,0,58,185.14924679068827,221.22740745544434,66,0.8823905713630446,3727.2177734375,34.36507551623621,2,2,5,0.67,0.20055806601240173,0.1,0.15,0.1,0.5,0.15,67,233.18201114221844,224.93267059326172,69,0.8472066685773324,3741.2646484375,35.24298508970036,2,3,6,0.67,0.23405806601240173,0.1,0.15,0.1,0.5,0.15
406,adaptive_attentive_ppoclip_seed2,0,NOOP,0.154048,0.342872,0.352505,0,67,233.18201114221844,224.93267059326172,69,0.8472066685773324,3741.2646484375,35.24298508970036,2,3,6,0.67,0.23405806601240173,0.1,0.15,0.1,0.5,0.15,82,291.88885352723963,217.16785430908203,72,0.8152404361300998,3756.6279296875,35.87788821767302,2,4,7,0.67,0.26755806601240173,0.1,0.2,0.1,0.45,0.15
407,adaptive_attentive_ppoclip_seed2,1,COMPACT_32KB,0.172389,-0.079037,0.181011,0,82,291.88885352723963,217.16785430908203,72,0.8152404361300998,3756.6279296875,35.87788821767302,2,4,7,0.67,0.26755806601240173,0.1,0.2,0.1,0.45,0.15,64,196.10633930097762,359.8215579986572,60,0.9710375467936198,3728.7841796875,30.898583721046037,2,0,8,0.0,0.26755806601240173,0.1,0.2,0.1,0.45,0.15
408,adaptive_attentive_ppoclip_seed2,0,NOOP,0.177847,-0.04556,0.173389,0,64,196.10633930097762,359.8215579986572,60,0.9710375467936198,3728.7841796875,30.898583721046037,2,0,8,0.0,0.26755806601240173,0.1,0.2,0.1,0.45,0.15,82,234.85114635172266,301.64551734924316,63,0.9286089700365824,3744.1513671875,32.53337495484606,2,1,9,0.0,0.22155806601240174,0.05,0.2,0.1,0.45,0.2
409,adaptive_attentive_ppoclip_seed2,0,NOOP,0.169768,0.342781,0.367049,0,82,234.85114635172266,301.64551734924316,63,0.9286089700365824,3744.1513671875,32.53337495484606,2,1,9,0.0,0.22155806601240174,0.05,0.2,0.1,0.45,0.2,85,287.5352668716827,268.460750579834,66,0.8900888616388495,3759.7353515625,33.75254619150663,2,2,10,0.67,0.2550580660124017,0.05,0.25,0.1,0.4,0.2
410,adaptive_attentive_ppoclip_seed2,0,NOOP,0.155263,-0.034118,0.141474,0,85,287.5352668716827,268.460750579834,66,0.8900888616388495,3759.7353515625,33.75254619150663,2,2,10,0.67,0.2550580660124017,0.05,0.25,0.1,0.4,0.2,100,267.39752576399445,779.4449329376221,72,0.8213155534532335,3784.6220703125,35.48368381377557,2,3,11,0.0,0.2550580660124017,0.05,0.25,0.15,0.35,0.2
411,adaptive_attentive_ppoclip_seed2,0,NOOP,0.148931,-0.034149,0.144722,0,100,267.39752576399445,779.4449329376221,72,0.8213155534532335,3784.6220703125,35.48368381377557,2,3,11,0.0,0.2550580660124017,0.05,0.25,0.15,0.35,0.2,75,257.06146637400855,304.1996955871582,75,0.7915275065104167,3799.33203125,36.00702569264339,2,4,12,0.0,0.2550580660124018,0.05,0.25,0.15,0.3,0.25
412,adaptive_attentive_ppoclip_seed2,1,COMPACT_32KB,0.164986,-0.08854,0.175621,0,75,257.06146637400855,304.1996955871582,75,0.7915275065104167,3799.33203125,36.00702569264339,2,4,12,0.0,0.2550580660124018,0.05,0.25,0.15,0.3,0.25,83,273.7529386231171,262.94970512390137,63,0.9358975849454365,3773.5390625,31.91923180004831,2,0,13,0.0,0.21755806601240174,0.05,0.25,0.1,0.3,0.3
413,adaptive_attentive_ppoclip_seed2,0,NOOP,0.171104,-0.043588,0.164872,0,83,273.7529386231171,262.94970512390137,63,0.9358975849454365,3773.5390625,31.91923180004831,2,0,13,0.0,0.21755806601240174,0.05,0.25,0.1,0.3,0.3,72,215.2441342227538,394.1183090209961,66,0.8967698993104877,3787.9560546875,33.25148514552877,2,1,14,0.0,0.18005806601240176,0.05,0.25,0.05,0.35,0.3
414,adaptive_attentive_ppoclip_seed2,0,NOOP,0.163505,-0.034233,0.156476,0,72,215.2441342227538,394.1183090209961,66,0.8967698993104877,3787.9560546875,33.25148514552877,2,1,14,0.0,0.18005806601240176,0.05,0.25,0.05,0.35,0.3,52,178.67548805164378,437.70766258239746,69,0.8606492194576539,3800.626953125,34.29586289231263,2,2,15,0.0,0.18005806601240176,0.1,0.25,0.05,0.3,0.3
415,adaptive_attentive_ppoclip_seed2,0,NOOP,0.156654,0.331098,0.354319,0,52,178.67548805164378,437.70766258239746,69,0.8606492194576539,3800.626953125,34.29586289231263,2,2,15,0.0,0.18005806601240176,0.1,0.25,0.05,0.3,0.3,90,284.13913122022086,256.7727565765381,72,0.8282716539171007,3816.67578125,35.02524993089539,2,3,16,0.67,0.16755806601240175,0.05,0.3,0.05,0.3,0.3
416,adaptive_attentive_ppoclip_seed2,0,NOOP,0.150225,-0.03429,0.146101,0,90,284.13913122022086,256.7727565765381,72,0.8282716539171007,3816.67578125,35.02524993089539,2,3,16,0.67,0.16755806601240175,0.05,0.3,0.05,0.3,0.3,64,215.05598087504367,299.91674423217773,75,0.7979984537760416,3830.392578125,35.61406971504666,2,4,17,0.0,0.16755806601240172,0.05,0.3,0.05,0.25,0.35
417,adaptive_attentive_ppoclip_seed2,1,COMPACT_32KB,0.166557,-0.079313,0.176333,0,64,215.05598087504367,299.91674423217773,75,0.7979984537760416,3830.392578125,35.61406971504666,2,4,17,0.0,0.16755806601240172,0.05,0.3,0.05,0.25,0.35,83,248.27305189363818,305.8438301086426,63,0.9437515016586061,3805.2060546875,31.127396530773108,2,0,18,0.0,0.16755806601240172,0.05,0.3,0.05,0.2,0.4
418,adaptive_attentive_ppoclip_seed2,0,NOOP,0.172672,-0.034337,0.168913,0,83,248.27305189363818,305.8438301086426,63,0.9437515016586061,3805.2060546875,31.127396530773108,2,0,18,0.0,0.16755806601240172,0.05,0.3,0.05,0.2,0.4,87,248.8316836814366,270.4012393951416,66,0.9046075994318182,3821.0625,32.527860952803856,2,1,19,0.0,0.16755806601240175,0.05,0.3,0.05,0.15,0.45
419,adaptive_attentive_ppoclip_seed2,0,NOOP,0.165198,-0.034369,0.160933,0,87,248.8316836814366,270.4012393951416,66,0.9046075994318182,3821.0625,32.527860952803856,2,1,19,0.0,0.16755806601240175,0.05,0.3,0.05,0.15,0.45,99,337.50333938326463,299.4523048400879,69,0.8691125399824502,3838.0009765625,33.56558342897803,2,2,20,0.0,0.16755806601240175,0.05,0.3,0.05,0.1,0.5
420,adaptive_attentive_ppoclip_seed2,7,REMOVE_PARTITION,0.0945,-0.069403,0.153582,0,99,337.50333938326463,299.4523048400879,69,0.8691125399824502,3838.0009765625,33.56558342897803,2,2,20,0.0,0.16755806601240175,0.05,0.3,0.05,0.1,0.5,54,165.27925905709586,317.7177906036377,72,0.8356829749213325,3850.8271484375,34.435897885763694,0,3,0,0.0,0.16750000000000004,0.05,0.25,0.05,0.1,0.55
421,adaptive_attentive_ppoclip_seed2,0,NOOP,0.156167,-0.034247,0.151084,0,54,165.27925905709586,317.7177906036377,72,0.8356829749213325,3850.8271484375,34.435897885763694,0,3,0,0.0,0.16750000000000004,0.05,0.25,0.05,0.1,0.55,88,348.473313519413,345.40820121765137,73,0.8264594927226028,3861.21875,34.56585862435924,0,4,1,0.0,0.16750000000000004,0.05,0.25,0.05,0.15,0.5
422,adaptive_attentive_ppoclip_seed2,1,COMPACT_32KB,0.168227,-0.12378,0.178688,0,88,348.473313519413,345.40820121765137,73,0.8264594927226028,3861.21875,34.56585862435924,0,4,1,0.0,0.16750000000000004,0.05,0.25,0.05,0.15,0.5,67,244.60798083652202,271.60167694091797,63,0.9520999968998016,3838.8671875,30.4369112299017,0,0,2,0.0,0.16750000000000004,0.05,0.25,0.05,0.15,0.5
423,adaptive_attentive_ppoclip_seed2,0,NOOP,0.179816,-0.07879,0.176264,0,67,244.60798083652202,271.60167694091797,63,0.9520999968998016,3838.8671875,30.4369112299017,0,0,2,0.0,0.16750000000000004,0.05,0.25,0.05,0.15,0.5,55,219.96119230215464,257.6026916503906,64,0.9390788078308105,3846.466796875,30.921636242957018,0,1,3,0.0,0.1675,0.05,0.25,0.05,0.15,0.5
424,adaptive_attentive_ppoclip_seed2,0,NOOP,0.177176,-0.087175,0.164684,0,55,219.96119230215464,257.6026916503906,64,0.9390788078308105,3846.466796875,30.921636242957018,0,1,3,0.0,0.1675,0.05,0.25,0.05,0.15,0.5,57,184.56042372220597,705.8587074279785,65,0.9265066293569711,3854.267578125,31.35744869789486,0,2,4,0.0,0.134,0.05,0.2,0.1,0.15,0.5
425,adaptive_attentive_ppoclip_seed2,0,NOOP,0.174597,-0.087185,0.170651,0,57,184.56042372220597,705.8587074279785,65,0.9265066293569711,3854.267578125,31.35744869789486,0,2,4,0.0,0.134,0.05,0.2,0.1,0.15,0.5,54,179.95469280347814,279.80613708496094,66,0.9142333521987452,3861.7216796875,31.762929165922678,0,3,5,0.0,0.1005,0.05,0.15,0.1,0.15,0.55
426,adaptive_attentive_ppoclip_seed2,0,NOOP,0.172161,-0.087198,0.16917,0,54,179.95469280347814,279.80613708496094,66,0.9142333521987452,3861.7216796875,31.762929165922678,0,3,5,0.0,0.1005,0.05,0.15,0.1,0.15,0.55,69,235.33729184861363,233.29591751098633,67,0.9026792156162546,3870.6884765625,32.0972537133681,0,4,6,0.0,0.067,0.05,0.15,0.1,0.15,0.55
427,adaptive_attentive_ppoclip_seed2,1,COMPACT_32KB,0.166521,-0.123834,0.167629,0,69,235.33729184861363,233.29591751098633,67,0.9026792156162546,3870.6884765625,32.0972537133681,0,4,6,0.0,0.067,0.05,0.15,0.1,0.15,0.55,62,228.32417245203203,740.532398223877,64,0.9441969394683838,3867.4306640625,30.46200634905283,0,0,7,0.0,0.067,0.05,0.15,0.15,0.1,0.55
428,adaptive_attentive_ppoclip_seed2,0,NOOP,0.178292,-0.078849,0.171893,0,62,228.32417245203203,740.532398223877,64,0.9441969394683838,3867.4306640625,30.46200634905283,0,0,7,0.0,0.067,0.05,0.15,0.15,0.1,0.55,83,284.48763298817767,401.20983123779297,65,0.932085712139423,3877.4765625,30.862395150635567,0,1,8,0.0,0.067,0.1,0.15,0.15,0.1,0.5
429,adaptive_attentive_ppoclip_seed2,0,NOOP,0.175783,-0.087237,0.171872,0,83,284.48763298817767,401.20983123779297,65,0.932085712139423,3877.4765625,30.862395150635567,0,1,8,0.0,0.067,0.1,0.15,0.15,0.1,0.5,74,274.1653639081871,278.0635356903076,66,0.920166709206321,3886.7841796875,31.24481436956743,0,2,9,0.0,0.0335,0.1,0.1,0.15,0.1,0.55
430,adaptive_attentive_ppoclip_seed2,0,NOOP,0.173296,-0.078873,0.169315,0,74,274.1653639081871,278.0635356903076,66,0.920166709206321,3886.7841796875,31.24481436956743,0,2,9,0.0,0.0335,0.1,0.1,0.15,0.1,0.55,62,206.26050291528423,282.8361988067627,67,0.9083568516062267,3895.0341796875,31.618392048515936,0,3,10,0.0,0.0335,0.1,0.1,0.1,0.1,0.6
431,adaptive_attentive_ppoclip_seed2,0,NOOP,0.17101,-0.07889,0.166999,0,62,206.26050291528423,282.8361988067627,67,0.9083568516062267,3895.0341796875,31.618392048515936,0,3,10,0.0,0.0335,0.1,0.1,0.1,0.1,0.6,93,334.5769967431795,285.5570316314697,68,0.8975488999310661,3906.1328125,31.89571826449157,0,4,11,0.0,0.0335,0.1,0.1,0.1,0.1,0.6
432,adaptive_attentive_ppoclip_seed2,3,COMPACT_128KB,0.16275,-0.055,0.190455,0,93,334.5769967431795,285.5570316314697,68,0.8975488999310661,3906.1328125,31.89571826449157,0,4,11,0.0,0.0335,0.1,0.1,0.1,0.1,0.6,99,341.1538542433484,287.2598171234131,38,1.5734156558388157,3826.546875,14.06230288516177,0,0,12,0.0,0.0335,0.15,0.1,0.1,0.1,0.55
433,adaptive_attentive_ppoclip_seed2,0,NOOP,0.195125,0.0,0.190934,0,99,341.1538542433484,287.2598171234131,38,1.5734156558388157,3826.546875,14.06230288516177,0,0,12,0.0,0.0335,0.15,0.1,0.1,0.1,0.55,50,181.6283704257348,258.30864906311035,39,1.5359489245292468,3833.728515625,20.41533858251471,0,1,13,0.0,0.0335,0.15,0.1,0.1,0.1,0.55
434,adaptive_attentive_ppoclip_seed2,0,NOOP,0.195,0.0,0.192264,0,50,181.6283704257348,258.30864906311035,39,1.5359489245292468,3833.728515625,20.41533858251471,0,1,13,0.0,0.0335,0.15,0.1,0.1,0.1,0.55,75,285.41870625008505,186.81025505065918,40,1.5011882781982422,3843.0419921875,24.577784984049387,0,2,14,0.0,0.0335,0.1,0.1,0.1,0.1,0.6
435,adaptive_attentive_ppoclip_seed2,0,NOOP,0.194875,-0.008375,0.192018,0,75,285.41870625008505,186.81025505065918,40,1.5011882781982422,3843.0419921875,24.577784984049387,0,2,14,0.0,0.0335,0.1,0.1,0.1,0.1,0.6,85,295.69346782848714,194.1065788269043,41,1.4684734809689406,3853.2744140625,27.725451614852734,0,3,15,0.0,0.0,0.1,0.05,0.1,0.1,0.65
436,adaptive_attentive_ppoclip_seed2,0,NOOP,0.19475,0.0,0.191157,0,85,295.69346782848714,194.1065788269043,41,1.4684734809689406,3853.2744140625,27.725451614852734,0,3,15,0.0,0.0,0.1,0.05,0.1,0.1,0.65,66,243.66106242127694,232.17391967773438,42,1.4367334275018602,3861.939453125,30.385230610631094,0,4,16,0.0,0.0,0.1,0.1,0.1,0.1,0.6
437,adaptive_attentive_ppoclip_seed2,1,COMPACT_32KB,0.178432,-0.045,0.183195,0,66,243.66106242127694,232.17391967773438,42,1.4367334275018602,3861.939453125,30.385230610631094,0,4,16,0.0,0.0,0.1,0.1,0.1,0.1,0.6,70,262.48100686417024,550.2536296844482,58,1.0546656641466865,3914.9189453125,29.190037998021086,0,0,17,0.0,0.0,0.15,0.1,0.1,0.1,0.55
438,adaptive_attentive_ppoclip_seed2,0,NOOP,0.192625,0.0,0.18904,0,70,262.48100686417024,550.2536296844482,58,1.0546656641466865,3914.9189453125,29.190037998021086,0,0,17,0.0,0.0,0.15,0.1,0.1,0.1,0.55,91,344.87395638314024,252.99930572509766,59,1.0396221613479872,3925.61328125,29.867338462323957,0,1,18,0.0,0.0,0.15,0.1,0.1,0.1,0.55
439,adaptive_attentive_ppoclip_seed2,0,NOOP,0.1925,0.0,0.186955,0,91,344.87395638314024,252.99930572509766,59,1.0396221613479872,3925.61328125,29.867338462323957,0,1,18,0.0,0.0,0.15,0.1,0.1,0.1,0.55,61,205.00200232522923,352.2346019744873,60,1.0244219462076822,3933.7802734375,30.556836862322825,0,2,19,0.0,0.0,0.15,0.1,0.1,0.15,0.5
440,adaptive_attentive_ppoclip_seed2,0,NOOP,0.192375,0.0,0.188685,0,61,205.00200232522923,352.2346019744873,60,1.0244219462076822,3933.7802734375,30.556836862322825,0,2,19,0.0,0.0,0.15,0.1,0.1,0.15,0.5,85,320.94458843048415,260.7607841491699,61,1.0102378970286885,3943.96875,31.119545565351196,0,3,20,0.0,0.0,0.15,0.1,0.1,0.15,0.5
441,adaptive_attentive_ppoclip_seed2,4,PARTITION_HOUR,0.009711,-0.1,0.185157,0,85,320.94458843048415,260.7607841491699,61,1.0102378970286885,3943.96875,31.119545565351196,0,3,20,0.0,0.0,0.15,0.1,0.1,0.15,0.5,80,322.2811610962451,396.0709571838379,62,0.9963940035912299,3953.69140625,31.64207703011973,1,4,0,0.0,0.0,0.2,0.1,0.1,0.1,0.5
442,adaptive_attentive_ppoclip_seed2,1,COMPACT_32KB,0.178557,0.434682,0.462802,0,80,322.2811610962451,396.0709571838379,62,0.9963940035912299,3953.69140625,31.64207703011973,1,4,0,0.0,0.0,0.2,0.1,0.1,0.1,0.5,74,246.14694341083057,374.8955726623535,57,1.0820438318085253,3947.2958984375,28.144075853450175,1,0,1,0.92,0.046,0.25,0.1,0.1,0.1,0.45
443,adaptive_attentive_ppoclip_seed2,0,NOOP,0.19275,0.384042,0.406022,0,74,246.14694341083057,374.8955726623535,57,1.0820438318085253,3947.2958984375,28.144075853450175,1,0,1,0.92,0.046,0.25,0.1,0.1,0.1,0.45,55,202.85126637654423,658.8823795318604,58,1.0654265305091595,3954.86328125,29.048123455697322,1,1,2,0.75,0.08349999999999999,0.25,0.1,0.15,0.1,0.4
444,adaptive_attentive_ppoclip_seed2,0,NOOP,0.192625,0.384019,0.40605,0,55,202.85126637654423,658.8823795318604,58,1.0654265305091595,3954.86328125,29.048123455697322,1,1,2,0.75,0.08349999999999999,0.25,0.1,0.15,0.1,0.4,85,343.82127103099367,652.5135040283203,59,1.0501207254700742,3965.255859375,29.76338983729924,1,2,3,0.75,0.121,0.25,0.1,0.15,0.1,0.4
445,adaptive_attentive_ppoclip_seed2,0,NOOP,0.1925,-0.037879,0.188501,0,85,343.82127103099367,652.5135040283203,59,1.0501207254700742,3965.255859375,29.76338983729924,1,2,3,0.75,0.121,0.25,0.1,0.15,0.1,0.4,82,218.9750402540606,274.9598026275635,60,1.0352193196614583,3975.2421875,30.42065552661374,1,3,4,0.0,0.121,0.25,0.1,0.15,0.1,0.4
446,adaptive_attentive_ppoclip_seed2,0,NOOP,0.192375,0.4796,0.46186,0,82,218.9750402540606,274.9598026275635,60,1.0352193196614583,3975.2421875,30.42065552661374,1,3,4,0.0,0.121,0.25,0.1,0.15,0.1,0.4,79,288.76648827373685,401.9927978515625,61,1.0207099289190573,3984.8515625,31.02568238827673,1,4,5,0.92,0.16699999999999998,0.3,0.05,0.15,0.1,0.4
447,adaptive_attentive_ppoclip_seed2,1,COMPACT_32KB,0.178432,-0.082918,0.188931,0,79,288.76648827373685,401.9927978515625,61,1.0207099289190573,3984.8515625,31.02568238827673,1,4,5,0.92,0.16699999999999998,0.3,0.05,0.15,0.1,0.4,65,237.10028264556246,263.46778869628906,58,1.072649725552263,3981.67578125,28.18646605585252,1,0,6,0.0,0.16699999999999998,0.3,0.05,0.1,0.1,0.45
448,adaptive_attentive_ppoclip_seed2,0,NOOP,0.192625,-0.037932,0.188982,0,65,237.10028264556246,263.46778869628906,58,1.072649725552263,3981.67578125,28.18646605585252,1,0,6,0.0,0.16699999999999998,0.3,0.05,0.1,0.1,0.45,52,199.37456167614312,255.9211254119873,59,1.0564156225172139,3989.025390625,29.059741855497297,1,1,7,0.0,0.16699999999999998,0.25,0.05,0.1,0.1,0.5
449,adaptive_attentive_ppoclip_seed2,0,NOOP,0.1925,-0.037952,0.188692,0,52,199.37456167614312,255.9211254119873,59,1.0564156225172139,3989.025390625,29.059741855497297,1,1,7,0.0,0.16699999999999998,0.25,0.05,0.1,0.1,0.5,72,266.7684495993922,265.4144763946533,60,1.0412147521972657,3998.2646484375,29.781579247620343,1,2,8,0.0,0.16699999999999998,0.25,0.05,0.1,0.1,0.5
450,adaptive_attentive_ppoclip_seed2,0,NOOP,0.192375,-0.037965,0.188615,0,72,266.7684495993922,265.4144763946533,60,1.0412147521972657,3998.2646484375,29.781579247620343,1,2,8,0.0,0.16699999999999998,0.25,0.05,0.1,0.1,0.5,50,159.76243820795645,264.22715187072754,61,1.0259857177734375,4005.4482421875,30.49766488594883,1,3,9,0.0,0.16699999999999998,0.25,0.05,0.1,0.1,0.5
451,adaptive_attentive_ppoclip_seed2,0,NOOP,0.19225,-0.037974,0.188475,0,50,159.76243820795645,264.22715187072754,61,1.0259857177734375,4005.4482421875,30.49766488594883,1,3,9,0.0,0.16699999999999998,0.25,0.05,0.1,0.1,0.5,35,127.11332779163203,266.2620544433594,62,1.0109078191941785,4011.2822265625,31.186441197240537,1,4,10,0.0,0.16699999999999998,0.25,0.05,0.1,0.1,0.5
452,adaptive_attentive_ppoclip_seed2,1,COMPACT_32KB,0.560807,-0.082981,0.188737,0,35,127.11332779163203,266.2620544433594,62,1.0109078191941785,4011.2822265625,31.186441197240537,1,4,10,0.0,0.16699999999999998,0.25,0.05,0.1,0.1,0.5,25,79.89582674567538,268.13387870788574,59,1.0605595475536282,4004.6728515625,28.567527010934487,1,0,11,0.0,0.16699999999999998,0.2,0.05,0.1,0.1,0.55
453,adaptive_attentive_ppoclip_seed2,0,NOOP,0.1925,-0.037991,0.188784,0,25,79.89582674567538,268.13387870788574,59,1.0605595475536282,4004.6728515625,28.567527010934487,1,0,11,0.0,0.16699999999999998,0.2,0.05,0.1,0.1,0.55,38,140.12948104539996,260.7886791229248,60,1.0444661458333333,4010.75,29.42656249241235,1,1,12,0.0,0.16699999999999998,0.2,0.05,0.1,0.05,0.6
454,adaptive_attentive_ppoclip_seed2,0,NOOP,0.192375,-0.038001,0.187527,0,38,140.12948104539996,260.7886791229248,60,1.0444661458333333,4010.75,29.42656249241235,1,1,12,0.0,0.16699999999999998,0.2,0.05,0.1,0.05,0.6,37,114.49548995217711,318.6323642730713,61,1.0288758825083248,4016.7314453125,30.202973606002956,1,2,13,0.0,0.16699999999999998,0.2,0.05,0.1,0.1,0.55
455,adaptive_attentive_ppoclip_seed2,0,NOOP,0.19225,-0.038009,0.188475,0,37,114.49548995217711,318.6323642730713,61,1.0288758825083248,4016.7314453125,30.202973606002956,1,2,13,0.0,0.16699999999999998,0.2,0.05,0.1,0.1,0.55,29,105.39602833093892,266.22748374938965,62,1.013613793157762,4022.01953125,30.926017887021807,1,3,14,0.0,0.16699999999999998,0.2,0.05,0.1,0.1,0.55
456,adaptive_attentive_ppoclip_seed2,0,NOOP,0.191984,0.383853,0.403106,0,29,105.39602833093892,266.22748374938965,62,1.013613793157762,4022.01953125,30.926017887021807,1,3,14,0.0,0.16699999999999998,0.2,0.05,0.1,0.1,0.55,50,202.74620470565262,772.6783752441406,63,0.999297369094122,4029.1669921875,31.525894019641033,1,4,15,0.75,0.2045,0.2,0.0,0.15,0.1,0.55
457,adaptive_attentive_ppoclip_seed2,1,COMPACT_32KB,0.560682,-0.083032,0.188707,0,50,202.74620470565262,772.6783752441406,63,0.999297369094122,4029.1669921875,31.525894019641033,1,4,15,0.75,0.2045,0.2,0.0,0.15,0.1,0.55,35,111.7524891083667,264.6670341491699,60,1.0478780110677084,4023.8515625,29.013700116219905,1,0,16,0.0,0.2045,0.15,0.0,0.15,0.1,0.6
458,adaptive_attentive_ppoclip_seed2,0,NOOP,0.192375,-0.038041,0.188418,0,35,111.7524891083667,264.6670341491699,60,1.0478780110677084,4023.8515625,29.013700116219905,1,0,16,0.0,0.2045,0.15,0.0,0.15,0.1,0.6,34,120.404981809186,274.1222381591797,61,1.0321550212922643,4029.533203125,29.825029496655567,1,1,17,0.0,0.2045,0.15,0.0,0.15,0.1,0.6
459,adaptive_attentive_ppoclip_seed2,0,NOOP,0.19225,-0.038053,0.187443,0,34,120.404981809186,274.1222381591797,61,1.0321550212922643,4029.533203125,29.825029496655567,1,1,17,0.0,0.2045,0.15,0.0,0.15,0.1,0.6,45,168.55395067968587,317.84510612487793,62,1.0171998546969505,4036.2490234375,30.52454800384106,1,2,18,0.0,0.2045,0.15,0.0,0.15,0.1,0.6
460,adaptive_attentive_ppoclip_seed2,0,NOOP,0.192125,-0.038063,0.188301,0,45,168.55395067968587,317.84510612487793,62,1.0171998546969505,4036.2490234375,30.52454800384106,1,2,18,0.0,0.2045,0.15,0.0,0.15,0.1,0.6,40,142.61743876760806,269.9716091156006,63,1.0026102217416915,4042.5244140625,31.17125696067081,1,3,19,0.0,0.2045,0.15,0.0,0.15,0.1,0.6
461,adaptive_attentive_ppoclip_seed2,0,NOOP,0.1897,-0.038074,0.185648,0,40,142.61743876760806,269.9716091156006,63,1.0026102217416915,4042.5244140625,31.17125696067081,1,3,19,0.0,0.2045,0.15,0.0,0.15,0.1,0.6,41,152.8590791111111,282.611608505249,64,0.9885001182556152,4048.896484375,31.755564128884327,1,4,20,0.0,0.2045,0.1,0.0,0.15,0.1,0.65
462,adaptive_attentive_ppoclip_seed2,1,COMPACT_32KB,0.560682,-0.094582,0.187393,0,41,152.8590791111111,282.611608505249,64,0.9885001182556152,4048.896484375,31.755564128884327,1,4,20,0.0,0.2045,0.1,0.0,0.15,0.1,0.65,30,77.39034701968507,330.33299446105957,60,1.0521156311035156,4040.1240234375,28.608003985764743,1,0,21,0.0,0.1585,0.05,0.05,0.15,0.1,0.65
463,adaptive_attentive_ppoclip_seed2,5,PARTITION_REGION,0.010557,-0.147463,0.188419,0,30,77.39034701968507,330.33299446105957,60,1.0521156311035156,4040.1240234375,28.608003985764743,1,0,21,0.0,0.1585,0.05,0.05,0.15,0.1,0.65,23,76.85020943434405,274.0366458892822,61,1.0360890372854765,4044.8916015625,29.478017819294653,2,1,0,0.0,0.121,0.05,0.05,0.1,0.1,0.7
464,adaptive_attentive_ppoclip_seed2,0,NOOP,0.190024,-0.094936,0.185935,0,23,76.85020943434405,274.0366458892822,61,1.0360890372854765,4044.8916015625,29.478017819294653,2,1,0,0.0,0.121,0.05,0.05,0.1,0.1,0.7,30,97.7087400353161,291.1033630371094,64,0.9901182651519775,4055.5244140625,31.723609924904622,2,2,1,0.00044531094224250616,0.08352226554711212,0.05,0.1,0.05,0.1,0.7
465,adaptive_attentive_ppoclip_seed2,0,NOOP,0.181359,-0.085687,0.177357,0,30,97.7087400353161,291.1033630371094,64,0.9901182651519775,4055.5244140625,31.723609924904622,2,2,1,0.00044531094224250616,0.08352226554711212,0.05,0.1,0.05,0.1,0.7,49,143.87343225405394,283.86473655700684,67,0.9486708000524721,4067.900390625,33.362143064793536,2,3,2,0.0,0.08352226554711212,0.05,0.1,0.05,0.1,0.7
466,adaptive_attentive_ppoclip_seed2,0,NOOP,0.17331,-0.097121,0.168408,0,49,143.87343225405394,283.86473655700684,67,0.9486708000524721,4067.900390625,33.362143064793536,2,3,2,0.0,0.08352226554711212,0.05,0.1,0.05,0.1,0.7,26,84.90804630814114,332.60583877563477,70,0.9103003365652902,4078.1455078125,34.659421628564765,2,4,3,0.0,0.037522265547112126,0.0,0.1,0.05,0.1,0.75
467,adaptive_attentive_ppoclip_seed2,1,COMPACT_32KB,0.560307,-0.080526,0.179788,0,26,84.90804630814114,332.60583877563477,70,0.9103003365652902,4078.1455078125,34.659421628564765,2,4,3,0.0,0.037522265547112126,0.0,0.1,0.05,0.1,0.75,44,156.96938427477008,695.6183910369873,63,1.0073707217261905,4061.71875,30.980603997871768,2,0,4,0.0,0.037522265547112126,0.0,0.1,0.1,0.1,0.7
468,adaptive_attentive_ppoclip_seed2,0,NOOP,0.184635,-0.03553,0.172313,0,44,156.96938427477008,695.6183910369873,63,1.0073707217261905,4061.71875,30.980603997871768,2,0,4,0.0,0.037522265547112126,0.0,0.1,0.1,0.1,0.7,45,142.45816684353457,698.5721588134766,66,0.9644234397194602,4073.724609375,32.81155278472602,2,1,5,0.0,0.037522265547112126,0.0,0.1,0.15,0.1,0.65
469,adaptive_attentive_ppoclip_seed2,0,NOOP,0.17638,-0.035528,0.172262,0,45,142.45816684353457,698.5721588134766,66,0.9644234397194602,4073.724609375,32.81155278472602,2,1,5,0.0,0.037522265547112126,0.0,0.1,0.15,0.1,0.65,36,106.99413921749944,292.1609878540039,69,0.9250258293704711,4084.9140625,34.22027852955289,2,2,6,0.0,0.037522265547112126,0.0,0.1,0.15,0.1,0.65
470,adaptive_attentive_ppoclip_seed2,0,NOOP,0.168827,-0.03554,0.16481,0,36,106.99413921749944,292.1609878540039,69,0.9250258293704711,4084.9140625,34.22027852955289,2,2,6,0.0,0.037522265547112126,0.0,0.1,0.15,0.1,0.65,47,172.17320005415013,290.8589839935303,72,0.8891368442111545,4097.142578125,35.27908479211233,2,3,7,0.0,0.037522265547112126,0.0,0.1,0.15,0.1,0.65
471,adaptive_attentive_ppoclip_seed2,0,NOOP,0.161774,-0.035546,0.152032,0,47,172.17320005415013,290.8589839935303,72,0.8891368442111545,4097.142578125,35.27908479211233,2,3,7,0.0,0.037522265547112126,0.0,0.1,0.15,0.1,0.65,28,92.81846497706816,580.8892250061035,75,0.8557468668619792,4107.5849609375,36.12813654658109,2,4,8,0.0,0.037522265547112126,0.0,0.1,0.15,0.15,0.6
472,adaptive_attentive_ppoclip_seed2,1,COMPACT_32KB,0.560432,-0.080553,0.188373,0,28,92.81846497706816,580.8892250061035,75,0.8557468668619792,4107.5849609375,36.12813654658109,2,4,8,0.0,0.037522265547112126,0.0,0.1,0.15,0.15,0.6,40,115.31382524650874,271.32606506347656,62,1.0272731165732107,4076.2197265625,29.682829335777733,2,0,9,0.0,0.037522265547112126,0.0,0.1,0.15,0.15,0.6
473,adaptive_attentive_ppoclip_seed2,0,NOOP,0.188364,-0.035573,0.184371,0,40,115.31382524650874,271.32606506347656,62,1.0272731165732107,4076.2197265625,29.682829335777733,2,0,9,0.0,0.037522265547112126,0.0,0.1,0.15,0.15,0.6,32,92.02474878230726,280.90882301330566,65,0.9824453500600961,4086.97265625,31.820941947424945,2,1,10,0.0,0.037522265547112126,0.0,0.1,0.15,0.15,0.6
474,adaptive_attentive_ppoclip_seed2,0,NOOP,0.179762,-0.035584,0.16713,0,32,92.02474878230726,280.90882301330566,65,0.9824453500600961,4086.97265625,31.820941947424945,2,1,10,0.0,0.037522265547112126,0.0,0.1,0.15,0.15,0.6,20,58.81620287174468,716.5758609771729,68,0.9413097605985754,4096.580078125,33.46129320976084,2,2,11,0.0,0.037522265547112126,0.0,0.1,0.2,0.1,0.6
475,adaptive_attentive_ppoclip_seed2,0,NOOP,0.171932,0.341285,0.369625,0,20,58.81620287174468,716.5758609771729,68,0.9413097605985754,4096.580078125,33.46129320976084,2,2,11,0.0,0.037522265547112126,0.0,0.1,0.2,0.1,0.6,38,123.75191159754272,254.1182041168213,71,0.9040357562857615,4107.9384765625,34.67726662859989,2,3,12,0.67,0.07102226554711213,0.0,0.15,0.2,0.1,0.55
476,adaptive_attentive_ppoclip_seed2,0,NOOP,0.164739,-0.044973,0.158007,0,38,123.75191159754272,254.1182041168213,71,0.9040357562857615,4107.9384765625,34.67726662859989,2,3,12,0.67,0.07102226554711213,0.0,0.15,0.2,0.1,0.55,46,123.37008599037276,429.1045665740967,74,0.869945629222973,4120.0625,35.59918287439865,2,4,13,0.0,0.03352226554711213,0.0,0.15,0.15,0.15,0.55
477,adaptive_attentive_ppoclip_seed2,1,COMPACT_32KB,0.560307,-0.080607,0.188121,0,46,123.37008599037276,429.1045665740967,74,0.869945629222973,4120.0625,35.59918287439865,2,4,13,0.0,0.03352226554711213,0.0,0.15,0.15,0.15,0.55,36,118.33839802062606,278.9628505706787,63,1.0153556702628967,4093.9140625,30.09347968783181,2,0,14,0.0,0.03352226554711213,0.0,0.15,0.15,0.15,0.55
478,adaptive_attentive_ppoclip_seed2,0,NOOP,0.186063,-0.035613,0.182174,0,36,118.33839802062606,278.9628505706787,63,1.0153556702628967,4093.9140625,30.09347968783181,2,0,14,0.0,0.03352226554711213,0.0,0.15,0.15,0.15,0.55,23,76.3787163459445,276.9126892089844,66,0.9715633970318418,4103.8837890625,32.11416640091399,2,1,15,0.0,0.03352226554711213,0.0,0.15,0.15,0.15,0.55
479,adaptive_attentive_ppoclip_seed2,0,NOOP,0.17775,-0.035627,0.173496,0,23,76.3787163459445,276.9126892089844,66,0.9715633970318418,4103.8837890625,32.11416640091399,2,1,15,0.0,0.03352226554711213,0.0,0.15,0.15,0.15,0.55,37,107.52122028411956,298.9506721496582,69,0.9318739296733469,4115.1552734375,33.61363755352594,2,2,16,0.0,0.03352226554711213,0.0,0.15,0.15,0.1,0.6
480,adaptive_attentive_ppoclip_seed2,0,NOOP,0.170108,-0.03564,0.165803,0,37,107.52122028411956,298.9506721496582,69,0.9318739296733469,4115.1552734375,33.61363755352594,2,2,16,0.0,0.03352226554711213,0.0,0.15,0.15,0.1,0.6,39,127.92112235481802,305.29212951660156,72,0.8955419328477647,4126.6572265625,34.76000592875351,2,3,17,0.0,0.03352226554711213,0.0,0.15,0.15,0.1,0.6
481,adaptive_attentive_ppoclip_seed2,0,NOOP,0.163005,-0.035639,0.156888,0,39,127.92112235481802,305.29212951660156,72,0.8955419328477647,4126.6572265625,34.76000592875351,2,3,17,0.0,0.03352226554711213,0.0,0.15,0.15,0.1,0.6,28,82.62016207382456,399.6167182922363,75,0.8619024658203125,4137.1318359375,35.66539362249832,2,4,18,0.0,0.03352226554711213,0.0,0.15,0.15,0.15,0.55
482,adaptive_attentive_ppoclip_seed2,1,COMPACT_32KB,0.560307,-0.080639,0.188006,0,28,82.62016207382456,399.6167182922363,75,0.8619024658203125,4137.1318359375,35.66539362249832,2,4,18,0.0,0.03352226554711213,0.0,0.15,0.15,0.15,0.55,22,51.34889767135927,284.7161293029785,63,1.0185156928168402,4106.6552734375,29.729899601390105,2,0,19,0.0,0.03352226554711213,0.0,0.1,0.15,0.15,0.6
483,adaptive_attentive_ppoclip_seed2,0,NOOP,0.186692,-0.035647,0.182498,0,22,51.34889767135927,284.7161293029785,63,1.0185156928168402,4106.6552734375,29.729899601390105,2,0,19,0.0,0.03352226554711213,0.0,0.1,0.15,0.15,0.6,29,89.36567503568828,292.1943664550781,66,0.9747117938417377,4117.1826171875,31.79098092706954,2,1,20,0.0,0.03352226554711213,0.0,0.1,0.15,0.15,0.6
484,adaptive_attentive_ppoclip_seed2,7,REMOVE_PARTITION,0.114724,-0.070663,0.175321,0,29,89.36567503568828,292.1943664550781,66,0.9747117938417377,4117.1826171875,31.79098092706954,2,1,20,0.0,0.03352226554711213,0.0,0.1,0.15,0.15,0.6,39,108.28925884636467,238.21330070495605,69,0.9349265720533289,4128.6357421875,33.32900773659931,0,2,0,0.0,0.0335,0.0,0.1,0.15,0.15,0.6
485,adaptive_attentive_ppoclip_seed2,0,NOOP,0.175835,-0.035604,0.171247,0,39,108.28925884636467,238.21330070495605,69,0.9349265720533289,4128.6357421875,33.32900773659931,0,2,0,0.0,0.0335,0.0,0.1,0.15,0.15,0.6,38,128.9829221612129,316.9078826904297,70,0.9229248046875,4134.703125,33.704950953962914,0,3,1,0.0,0.0335,0.0,0.1,0.15,0.15,0.6
486,adaptive_attentive_ppoclip_seed2,0,NOOP,0.173337,-0.035564,0.168972,0,38,128.9829221612129,316.9078826904297,70,0.9229248046875,4134.703125,33.704950953962914,0,3,1,0.0,0.0335,0.0,0.1,0.15,0.15,0.6,28,96.10697419018526,306.99634552001953,71,0.9110621062802596,4139.8662109375,34.069333526270995,0,4,2,0.0,0.0335,0.0,0.1,0.15,0.15,0.6
487,adaptive_attentive_ppoclip_seed2,1,COMPACT_32KB,0.560307,-0.113425,0.188398,0,28,96.10697419018526,306.99634552001953,71,0.9110621062802596,4139.8662109375,34.069333526270995,0,4,2,0.0,0.0335,0.0,0.1,0.15,0.15,0.6,24,93.38089362941633,265.1052474975586,63,1.0219184027777777,4120.375,29.384278072960903,0,0,3,0.0,0.0335,0.0,0.1,0.1,0.15,0.65
488,adaptive_attentive_ppoclip_seed2,0,NOOP,0.192,-0.068427,0.185577,0,24,93.38089362941633,265.1052474975586,63,1.0219184027777777,4120.375,29.384278072960903,0,0,3,0.0,0.0335,0.0,0.1,0.1,0.15,0.65,37,131.1571857059188,401.17383003234863,64,1.0074193477630615,4126.3896484375,30.080542881301763,0,1,4,0.0,0.0335,0.05,0.1,0.05,0.15,0.65
489,adaptive_attentive_ppoclip_seed2,0,NOOP,0.190546,-0.068429,0.186288,0,37,131.1571857059188,401.17383003234863,64,1.0074193477630615,4126.3896484375,30.080542881301763,0,1,4,0.0,0.0335,0.05,0.1,0.05,0.15,0.65,36,139.79783630143646,294.11911964416504,65,0.9933525672325721,4132.3466796875,30.714540647898527,0,2,5,0.0,0.0335,0.05,0.1,0.05,0.15,0.65
490,adaptive_attentive_ppoclip_seed2,0,NOOP,0.187653,-0.06843,0.183796,0,36,139.79783630143646,294.11911964416504,65,0.9933525672325721,4132.3466796875,30.714540647898527,0,2,5,0.0,0.0335,0.05,0.1,0.05,0.15,0.65,27,82.00761954142266,275.33769607543945,66,0.9795136885209517,4137.4658203125,31.315215210137335,0,3,6,0.0,0.0335,0.05,0.1,0.05,0.15,0.65
491,adaptive_attentive_ppoclip_seed2,0,NOOP,0.184896,-0.068432,0.181637,0,27,82.00761954142266,275.33769607543945,66,0.9795136885209517,4137.4658203125,31.315215210137335,0,3,6,0.0,0.0335,0.05,0.1,0.05,0.15,0.65,40,145.4062125969716,246.70672416687012,67,0.9663571030346315,4143.7392578125,31.832176982566768,0,4,7,0.0,0.0335,0.05,0.15,0.05,0.1,0.65
492,adaptive_attentive_ppoclip_seed2,1,COMPACT_32KB,0.560307,-0.113434,0.185805,0,40,145.4062125969716,246.70672416687012,67,0.9663571030346315,4143.7392578125,31.832176982566768,0,4,7,0.0,0.0335,0.05,0.15,0.05,0.1,0.65,27,93.29505952135766,394.7474956512451,63,1.0254988897414434,4134.8115234375,29.04718700782859,0,0,8,0.0,0.0335,0.05,0.15,0.05,0.15,0.6
493,adaptive_attentive_ppoclip_seed2,0,NOOP,0.192,-0.068435,0.180162,0,27,93.29505952135766,394.7474956512451,63,1.0254988897414434,4134.8115234375,29.04718700782859,0,0,8,0.0,0.0335,0.05,0.15,0.05,0.15,0.6,21,72.36834736655295,671.8888282775879,64,1.0105915069580078,4139.3828125,29.809439219775975,0,1,9,0.0,0.0335,0.05,0.15,0.1,0.15,0.55
494,adaptive_attentive_ppoclip_seed2,0,NOOP,0.19116,-0.068436,0.18715,0,21,72.36834736655295,671.8888282775879,64,1.0105915069580078,4139.3828125,29.809439219775975,0,1,9,0.0,0.0335,0.05,0.15,0.1,0.15,0.55,34,117.729114536423,281.74567222595215,65,0.9964259221003606,4145.1318359375,30.465439083363396,0,2,10,0.0,0.0335,0.05,0.15,0.05,0.15,0.6
495,adaptive_attentive_ppoclip_seed2,0,NOOP,0.188295,-0.076813,0.184561,0,34,117.729114536423,281.74567222595215,65,0.9964259221003606,4145.1318359375,30.465439083363396,0,2,10,0.0,0.0335,0.05,0.15,0.05,0.15,0.6,36,140.71671379125888,269.209623336792,66,0.982724970037287,4151.0302734375,31.058175606562205,0,3,11,0.0,0.0,0.05,0.1,0.05,0.15,0.65
496,adaptive_attentive_ppoclip_seed2,0,NOOP,0.1855,-0.06844,0.181787,0,36,140.71671379125888,269.209623336792,66,0.982724970037287,4151.0302734375,31.058175606562205,0,3,11,0.0,0.0,0.05,0.1,0.05,0.15,0.65,33,100.10568911061947,269.4380283355713,67,0.9693765213240438,4156.6865234375,31.605277341608907,0,4,12,0.0,0.0,0.05,0.1,0.05,0.1,0.7
497,adaptive_attentive_ppoclip_seed2,1,COMPACT_32KB,0.560182,-0.113442,0.188598,0,33,100.10568911061947,269.4380283355713,67,0.9693765213240438,4156.6865234375,31.605277341608907,0,4,12,0.0,0.0,0.05,0.1,0.05,0.1,0.7,38,130.12761169963056,250.07987022399902,64,1.013599157333374,4151.7021484375,29.452791577602877,0,0,13,0.0,0.0,0.05,0.1,0.05,0.1,0.7
498,adaptive_attentive_ppoclip_seed2,0,NOOP,0.191738,-0.068443,0.187924,0,38,130.12761169963056,250.07987022399902,64,1.013599157333374,4151.7021484375,29.452791577602877,0,0,13,0.0,0.0,0.05,0.1,0.05,0.1,0.7,31,111.13274637323791,271.9848155975342,65,0.9993171105018028,4157.1591796875,30.1366813130524,0,1,14,0.0,0.0,0.05,0.1,0.05,0.1,0.7
499,adaptive_attentive_ppoclip_seed2,0,NOOP,0.188801,-0.068444,0.184826,0,31,111.13274637323791,271.9848155975342,65,0.9993171105018028,4157.1591796875,30.1366813130524,0,1,14,0.0,0.0,0.05,0.1,0.05,0.1,0.7,21,75.95146646569394,281.2609672546387,66,0.9852572354403409,4161.7265625,30.784525266283016,0,2,15,0.0,0.0,0.05,0.1,0.05,0.1,0.7
500,adaptive_attentive_ppoclip_seed2,0,NOOP,0.186069,-0.068447,0.182241,1,21,75.95146646569394,281.2609672546387,66,0.9852572354403409,4161.7265625,30.784525266283016,0,2,15,0.0,0.0,0.05,0.1,0.05,0.1,0.7,49,185.4952046918746,275.14147758483887,67,0.9722182999795942,4168.8720703125,31.304717528988405,0,3,16,0.0,0.0,0.05,0.1,0.05,0.1,0.7
