step,policy_name,action,action_name,compact_reward,partition_reward,global_reward,done,rows_ingested,ingestion_rate_rows_per_sec,latency_ms,file_count,block_utilization,total_size_kb,file_size_skew_kb,partition_strategy,steps_since_compact,steps_since_partition_change,partition_pruning_ratio,avg_pruning_ratio,query_hist_time_range,query_hist_region_filter,query_hist_sensor_lookup,query_hist_type_filter,query_hist_full_scan,next_rows_ingested,next_ingestion_rate_rows_per_sec,next_latency_ms,next_file_count,next_block_utilization,next_total_size_kb,next_file_size_skew_kb,next_partition_strategy,next_steps_since_compact,next_steps_since_partition_change,next_partition_pruning_ratio,next_avg_pruning_ratio,next_query_hist_time_range,next_query_hist_region_filter,next_query_hist_sensor_lookup,next_query_hist_type_filter,next_query_hist_full_scan
1,AlwaysCompact_C128,3,COMPACT_128KB,-0.30422,-0.055,0.017014,0,0,0.0,0.0,0,0.0,0.0,0.0,0,0,0,0.0,0.0,0.0,0.0,0.0,0.0,0.0,45,216.23343682335286,189.54849243164062,1,0.104522705078125,6.689453125,0.0,0,0,1,0.0,0.0,1.0,0.0,0.0,0.0,0.0
2,AlwaysCompact_C128,3,COMPACT_128KB,-0.291888,-0.055,0.031658,0,45,216.23343682335286,189.54849243164062,1,0.104522705078125,6.689453125,0.0,0,0,1,0.0,0.0,1.0,0.0,0.0,0.0,0.0,45,167.3973387588147,73.94051551818848,1,0.1661834716796875,10.6357421875,0.0,0,0,2,0.0,0.0,1.0,0.0,0.0,0.0,0.0
3,AlwaysCompact_C128,3,COMPACT_128KB,-0.281055,-0.055,0.042691,0,45,167.3973387588147,73.94051551818848,1,0.1661834716796875,10.6357421875,0.0,0,0,2,0.0,0.0,1.0,0.0,0.0,0.0,0.0,40,216.88038574401799,63.95292282104492,1,0.2203521728515625,14.1025390625,0.0,0,0,3,0.0,0.0,1.0,0.0,0.0,0.0,0.0
4,AlwaysCompact_C128,3,COMPACT_128KB,-0.272183,-0.055,0.050358,0,40,216.88038574401799,63.95292282104492,1,0.2203521728515625,14.1025390625,0.0,0,0,3,0.0,0.0,1.0,0.0,0.0,0.0,0.0,33,202.90080713492023,124.20153617858887,1,0.26470947265625,16.94140625,0.0,0,0,4,0.0,0.0,1.0,0.0,0.0,0.0,0.0
5,AlwaysCompact_C128,3,COMPACT_128KB,-0.261285,-0.055,0.06296,0,33,202.90080713492023,124.20153617858887,1,0.26470947265625,16.94140625,0.0,0,0,4,0.0,0.0,1.0,0.0,0.0,0.0,0.0,39,162.77245787841758,38.97547721862793,1,0.3191986083984375,20.4287109375,0.0,0,0,5,0.0,0.0,0.8,0.0,0.0,0.0,0.2
6,AlwaysCompact_C128,3,COMPACT_128KB,-0.253018,-0.055,0.070626,0,39,162.77245787841758,38.97547721862793,1,0.3191986083984375,20.4287109375,0.0,0,0,5,0.0,0.0,0.8,0.0,0.0,0.0,0.2,32,183.63626761382372,69.04959678649902,1,0.36053466796875,23.07421875,0.0,0,0,6,0.0,0.0,0.8333333333333334,0.0,0.0,0.0,0.16666666666666666
7,AlwaysCompact_C128,3,COMPACT_128KB,-0.241009,-0.055,0.082732,0,32,183.63626761382372,69.04959678649902,1,0.36053466796875,23.07421875,0.0,0,0,6,0.0,0.0,0.8333333333333334,0.0,0.0,0.0,0.16666666666666666,45,267.14896158729306,64.19229507446289,1,0.4205780029296875,26.9169921875,0.0,0,0,7,0.0,0.0,0.8571428571428571,0.0,0.0,0.0,0.14285714285714285
8,AlwaysCompact_C128,3,COMPACT_128KB,-0.229233,-0.055,0.094314,0,45,267.14896158729306,64.19229507446289,1,0.4205780029296875,26.9169921875,0.0,0,0,7,0.0,0.0,0.8571428571428571,0.0,0.0,0.0,0.14285714285714285,44,246.23918705435293,73.89235496520996,1,0.479461669921875,30.685546875,0.0,0,0,8,0.0,0.0,0.875,0.0,0.0,0.0,0.125
9,AlwaysCompact_C128,3,COMPACT_128KB,-0.216794,-0.055,0.107501,0,44,246.23918705435293,73.89235496520996,1,0.479461669921875,30.685546875,0.0,0,0,8,0.0,0.0,0.875,0.0,0.0,0.0,0.125,46,226.6190073481047,36.499977111816406,1,0.541656494140625,34.666015625,0.0,0,0,9,0.0,0.0,0.7777777777777778,0.0,0.0,0.0,0.2222222222222222
10,AlwaysCompact_C128,3,COMPACT_128KB,-0.202008,-0.055,0.121581,0,46,226.6190073481047,36.499977111816406,1,0.541656494140625,34.666015625,0.0,0,0,9,0.0,0.0,0.7777777777777778,0.0,0.0,0.0,0.2222222222222222,48,252.18593907751972,71.78854942321777,1,0.6155853271484375,39.3974609375,0.0,0,0,10,0.0,0.0,0.8,0.0,0.0,0.0,0.2
11,AlwaysCompact_C128,3,COMPACT_128KB,-0.195233,-0.055,0.128515,0,48,252.18593907751972,71.78854942321777,1,0.6155853271484375,39.3974609375,0.0,0,0,10,0.0,0.0,0.8,0.0,0.0,0.0,0.2,32,192.67767645910376,63.85684013366699,1,0.6494598388671875,41.5654296875,0.0,0,0,11,0.0,0.0,0.8181818181818182,0.0,0.0,0.0,0.18181818181818182
12,AlwaysCompact_C128,3,COMPACT_128KB,-0.183392,-0.055,0.140116,0,32,192.67767645910376,63.85684013366699,1,0.6494598388671875,41.5654296875,0.0,0,0,11,0.0,0.0,0.8181818181818182,0.0,0.0,0.0,0.18181818181818182,44,269.31253347264766,75.85501670837402,1,0.7086639404296875,45.3544921875,0.0,0,0,12,0.0,0.0,0.8333333333333334,0.0,0.0,0.0,0.16666666666666666
13,AlwaysCompact_C128,3,COMPACT_128KB,-0.172198,-0.055,0.152098,0,44,269.31253347264766,75.85501670837402,1,0.7086639404296875,45.3544921875,0.0,0,0,12,0.0,0.0,0.8333333333333334,0.0,0.0,0.0,0.16666666666666666,35,210.14690177822442,36.437273025512695,1,0.7646331787109375,48.9365234375,0.0,0,0,13,0.0,0.0,0.7692307692307693,0.0,0.0,0.0,0.23076923076923078
14,AlwaysCompact_C128,3,COMPACT_128KB,-0.160034,-0.055,0.163487,0,35,210.14690177822442,36.437273025512695,1,0.7646331787109375,48.9365234375,0.0,0,0,13,0.0,0.0,0.7692307692307693,0.0,0.0,0.0,0.23076923076923078,45,274.62014578998674,75.1960277557373,1,0.8254547119140625,52.8291015625,0.0,0,0,14,0.0,0.0,0.7857142857142857,0.0,0.0,0.0,0.21428571428571427
15,AlwaysCompact_C128,3,COMPACT_128KB,-0.151819,-0.055,0.171717,0,45,274.62014578998674,75.1960277557373,1,0.8254547119140625,52.8291015625,0.0,0,0,14,0.0,0.0,0.7857142857142857,0.0,0.0,0.0,0.21428571428571427,33,143.74482111868198,74.44334030151367,1,0.8665313720703125,55.4580078125,0.0,0,0,15,0.0,0.0,0.8,0.0,0.0,0.0,0.2
16,AlwaysCompact_C128,3,COMPACT_128KB,-0.145074,-0.055,0.178598,0,33,143.74482111868198,74.44334030151367,1,0.8665313720703125,55.4580078125,0.0,0,0,15,0.0,0.0,0.8,0.0,0.0,0.0,0.2,31,166.84022280705582,67.62480735778809,1,0.9002532958984375,57.6162109375,0.0,0,0,16,0.0,0.0,0.75,0.0,0.0,0.0625,0.1875
17,AlwaysCompact_C128,3,COMPACT_128KB,-0.134085,-0.055,0.189806,0,31,166.84022280705582,67.62480735778809,1,0.9002532958984375,57.6162109375,0.0,0,0,16,0.0,0.0,0.75,0.0,0.0,0.0625,0.1875,41,168.99950862655226,56.72264099121094,1,0.9552001953125,61.1328125,0.0,0,0,17,0.0,0.0,0.7058823529411765,0.0,0.0,0.058823529411764705,0.23529411764705882
18,AlwaysCompact_C128,3,COMPACT_128KB,-0.125125,-0.055,0.198468,0,41,168.99950862655226,56.72264099121094,1,0.9552001953125,61.1328125,0.0,0,0,17,0.0,0.0,0.7058823529411765,0.0,0.0,0.058823529411764705,0.23529411764705882,45,176.02318827604344,71.58064842224121,1,1.015533447265625,64.994140625,0.0,0,0,18,0.0,0.0,0.7222222222222222,0.0,0.0,0.05555555555555555,0.2222222222222222
19,AlwaysCompact_C128,3,COMPACT_128KB,-0.125125,-0.055,0.19893,0,45,176.02318827604344,71.58064842224121,1,1.015533447265625,64.994140625,0.0,0,0,18,0.0,0.0,0.7222222222222222,0.0,0.0,0.05555555555555555,0.2222222222222222,32,198.06875708349074,48.50339889526367,1,1.0589447021484375,67.7724609375,0.0,0,0,19,0.0,0.0,0.6842105263157895,0.0,0.0,0.10526315789473684,0.21052631578947367
20,AlwaysCompact_C128,3,COMPACT_128KB,-0.125125,-0.055,0.1983,0,32,198.06875708349074,48.50339889526367,1,1.0589447021484375,67.7724609375,0.0,0,0,19,0.0,0.0,0.6842105263157895,0.0,0.0,0.10526315789473684,0.21052631578947367,33,180.13369860161248,80.0018310546875,1,1.10272216796875,70.57421875,0.0,0,0,20,0.0,0.0,0.7,0.0,0.0,0.1,0.2
21,AlwaysCompact_C128,3,COMPACT_128KB,-0.125125,-0.055,0.198489,0,33,180.13369860161248,80.0018310546875,1,1.10272216796875,70.57421875,0.0,0,0,20,0.0,0.0,0.7,0.0,0.0,0.1,0.2,35,142.61946514047665,70.52993774414062,1,1.169342041015625,74.837890625,0.0,0,0,21,0.0,0.0,0.7,0.0,0.0,0.1,0.2
22,AlwaysCompact_C128,3,COMPACT_128KB,-0.125125,-0.055,0.198207,0,35,142.61946514047665,70.52993774414062,1,1.169342041015625,74.837890625,0.0,0,0,21,0.0,0.0,0.7,0.0,0.0,0.1,0.2,31,182.80382356704106,84.6560001373291,1,1.1912994384765625,76.2431640625,0.0,0,0,22,0.0,0.0,0.7,0.0,0.0,0.1,0.2
23,AlwaysCompact_C128,3,COMPACT_128KB,-0.125125,-0.055,0.198633,0,31,182.80382356704106,84.6560001373291,1,1.1912994384765625,76.2431640625,0.0,0,0,22,0.0,0.0,0.7,0.0,0.0,0.1,0.2,33,147.75407916325514,63.34376335144043,1,1.235931396484375,79.099609375,0.0,0,0,23,0.0,0.0,0.65,0.05,0.0,0.1,0.2
24,AlwaysCompact_C128,3,COMPACT_128KB,-0.125125,-0.055,0.198471,0,33,147.75407916325514,63.34376335144043,1,1.235931396484375,79.099609375,0.0,0,0,23,0.0,0.0,0.65,0.05,0.0,0.1,0.2,36,158.35529826327712,71.43998146057129,1,1.2837982177734375,82.1630859375,0.0,0,0,24,0.0,0.0,0.65,0.05,0.0,0.1,0.2
25,AlwaysCompact_C128,3,COMPACT_128KB,-0.125125,-0.055,0.198389,0,36,158.35529826327712,71.43998146057129,1,1.2837982177734375,82.1630859375,0.0,0,0,24,0.0,0.0,0.65,0.05,0.0,0.1,0.2,45,236.9258732972148,75.55389404296875,1,1.3438720703125,86.0078125,0.0,0,0,25,0.0,0.0,0.7,0.05,0.0,0.1,0.15
26,AlwaysCompact_C128,3,COMPACT_128KB,-0.125125,-0.055,0.198896,0,45,236.9258732972148,75.55389404296875,1,1.3438720703125,86.0078125,0.0,0,0,25,0.0,0.0,0.7,0.05,0.0,0.1,0.15,35,182.4340170850949,50.19116401672363,1,1.391693115234375,89.068359375,0.0,0,0,26,0.0,0.0,0.65,0.05,0.0,0.15,0.15
27,AlwaysCompact_C128,3,COMPACT_128KB,-0.125125,-0.055,0.198453,0,35,182.4340170850949,50.19116401672363,1,1.391693115234375,89.068359375,0.0,0,0,26,0.0,0.0,0.65,0.05,0.0,0.15,0.15,46,237.02833583337326,72.36361503601074,1,1.454010009765625,93.056640625,0.0,0,0,27,0.0,0.0,0.65,0.05,0.0,0.15,0.15
28,AlwaysCompact_C128,3,COMPACT_128KB,-0.125125,-0.055,0.198979,0,46,237.02833583337326,72.36361503601074,1,1.454010009765625,93.056640625,0.0,0,0,27,0.0,0.0,0.65,0.05,0.0,0.15,0.15,45,270.40990499877506,46.06747627258301,1,1.5139617919921875,96.8935546875,0.0,0,0,28,0.0,0.0,0.6,0.05,0.0,0.2,0.15
29,AlwaysCompact_C128,3,COMPACT_128KB,-0.163748,-0.055,0.159879,0,45,270.40990499877506,46.06747627258301,1,1.5139617919921875,96.8935546875,0.0,0,0,28,0.0,0.0,0.6,0.05,0.0,0.2,0.15,42,252.94137546324282,71.15793228149414,2,0.8075103759765625,103.361328125,63.940683115966365,0,0,29,0.0,0.0,0.6,0.05,0.0,0.25,0.1
30,AlwaysCompact_C128,3,COMPACT_128KB,-0.15977,-0.055,0.163616,0,42,252.94137546324282,71.15793228149414,2,0.8075103759765625,103.361328125,63.940683115966365,0,0,29,0.0,0.0,0.6,0.05,0.0,0.25,0.1,30,174.65423549546324,83.2056999206543,2,0.8274002075195312,105.9072265625,62.14046106659788,0,0,30,0.0,0.0,0.6,0.05,0.0,0.25,0.1
31,AlwaysCompact_C128,3,COMPACT_128KB,-0.154161,-0.055,0.16921,0,30,174.65423549546324,83.2056999206543,2,0.8274002075195312,105.9072265625,62.14046106659788,0,0,30,0.0,0.0,0.6,0.05,0.0,0.25,0.1,41,238.30744329394028,83.95576477050781,2,0.8554458618164062,109.4970703125,59.60205820757273,0,0,31,0.0,0.0,0.6,0.05,0.0,0.25,0.1
32,AlwaysCompact_C128,3,COMPACT_128KB,-0.147815,-0.055,0.176228,0,41,238.30744329394028,83.95576477050781,2,0.8554458618164062,109.4970703125,59.60205820757273,0,0,31,0.0,0.0,0.6,0.05,0.0,0.25,0.1,47,243.62283327360134,50.37879943847656,2,0.887176513671875,113.55859375,56.73012744296838,0,0,32,0.0,0.0,0.55,0.05,0.0,0.25,0.15
33,AlwaysCompact_C128,3,COMPACT_128KB,-0.143748,-0.055,0.180312,0,47,243.62283327360134,50.37879943847656,2,0.887176513671875,113.55859375,56.73012744296838,0,0,32,0.0,0.0,0.55,0.05,0.0,0.25,0.15,30,159.08545766941904,49.46565628051758,2,0.9075088500976562,116.1611328125,54.889854423571755,0,0,33,0.0,0.0,0.55,0.05,0.0,0.25,0.15
34,AlwaysCompact_C128,3,COMPACT_128KB,-0.139338,-0.055,0.183929,0,30,159.08545766941904,49.46565628051758,2,0.9075088500976562,116.1611328125,54.889854423571755,0,0,33,0.0,0.0,0.55,0.05,0.0,0.25,0.15,33,176.99318303007982,89.11538124084473,2,0.9295578002929688,118.9833984375,52.894211261824566,0,0,34,0.0,0.0,0.55,0.05,0.0,0.25,0.15
35,AlwaysCompact_C128,3,COMPACT_128KB,-0.13468,-0.055,0.188744,0,33,176.99318303007982,89.11538124084473,2,0.9295578002929688,118.9833984375,52.894211261824566,0,0,34,0.0,0.0,0.55,0.05,0.0,0.25,0.15,35,173.37484233351128,81.2838077545166,2,0.952850341796875,121.96484375,50.78601106361897,0,0,35,0.0,0.0,0.55,0.05,0.0,0.25,0.15
36,AlwaysCompact_C128,3,COMPACT_128KB,-0.129167,-0.055,0.194225,0,35,173.37484233351128,81.2838077545166,2,0.952850341796875,121.96484375,50.78601106361897,0,0,35,0.0,0.0,0.55,0.05,0.0,0.25,0.15,41,215.3448932645264,82.89384841918945,2,0.9804153442382812,125.4931640625,48.29111184445198,0,0,36,0.0,0.0,0.6,0.05,0.0,0.2,0.15
37,AlwaysCompact_C128,3,COMPACT_128KB,-0.12525,-0.055,0.198016,0,41,215.3448932645264,82.89384841918945,2,0.9804153442382812,125.4931640625,48.29111184445198,0,0,36,0.0,0.0,0.6,0.05,0.0,0.2,0.15,37,163.22755202712796,89.19453620910645,2,1.0050201416015625,128.642578125,46.064139804093955,0,0,37,0.0,0.0,0.65,0.05,0.0,0.2,0.1
38,AlwaysCompact_C128,3,COMPACT_128KB,-0.12525,-0.055,0.198228,0,37,163.22755202712796,89.19453620910645,2,1.0050201416015625,128.642578125,46.064139804093955,0,0,37,0.0,0.0,0.65,0.05,0.0,0.2,0.1,49,238.14538485248076,78.58943939208984,2,1.0386123657226562,132.9423828125,43.023718751785005,0,0,38,0.0,0.0,0.65,0.05,0.0,0.2,0.1
39,AlwaysCompact_C128,3,COMPACT_128KB,-0.12525,-0.055,0.198357,0,49,238.14538485248076,78.58943939208984,2,1.0386123657226562,132.9423828125,43.023718751785005,0,0,38,0.0,0.0,0.65,0.05,0.0,0.2,0.1,43,230.98783681843855,72.15070724487305,2,1.0676422119140625,136.658203125,40.39623701114554,0,0,39,0.0,0.0,0.65,0.05,0.0,0.2,0.1
40,AlwaysCompact_C128,3,COMPACT_128KB,-0.12525,-0.055,0.198094,0,43,230.98783681843855,72.15070724487305,2,1.0676422119140625,136.658203125,40.39623701114554,0,0,39,0.0,0.0,0.65,0.05,0.0,0.2,0.1,31,168.9792167014961,85.30998229980469,2,1.08721923828125,139.1640625,38.624326854383156,0,0,40,0.0,0.0,0.65,0.05,0.0,0.2,0.1
41,AlwaysCompact_C128,3,COMPACT_128KB,-0.12525,-0.055,0.198048,0,31,168.9792167014961,85.30998229980469,2,1.08721923828125,139.1640625,38.624326854383156,0,0,40,0.0,0.0,0.65,0.05,0.0,0.2,0.1,33,194.0802698939522,87.58425712585449,2,1.1095352172851562,142.0205078125,36.604515003825874,0,0,41,0.0,0.0,0.65,0.05,0.0,0.2,0.1
42,AlwaysCompact_C128,3,COMPACT_128KB,-0.12525,-0.055,0.197382,0,33,194.0802698939522,87.58425712585449,2,1.1095352172851562,142.0205078125,36.604515003825874,0,0,41,0.0,0.0,0.65,0.05,0.0,0.2,0.1,43,231.74945292733668,120.91183662414551,2,1.1384811401367188,145.7255859375,33.98462913681244,0,0,42,0.0,0.0,0.65,0.05,0.0,0.2,0.1
43,AlwaysCompact_C128,3,COMPACT_128KB,-0.12525,-0.055,0.198788,0,43,231.74945292733668,120.91183662414551,2,1.1384811401367188,145.7255859375,33.98462913681244,0,0,42,0.0,0.0,0.65,0.05,0.0,0.2,0.1,37,199.81413937486803,50.58646202087402,2,1.1633834838867188,148.9130859375,31.730726271780316,0,0,43,0.0,0.0,0.65,0.0,0.0,0.2,0.15
44,AlwaysCompact_C128,3,COMPACT_128KB,-0.12525,-0.055,0.198001,0,37,199.81413937486803,50.58646202087402,2,1.1633834838867188,148.9130859375,31.730726271780316,0,0,43,0.0,0.0,0.65,0.0,0.0,0.2,0.15,46,245.46848532886173,89.94674682617188,2,1.1951675415039062,152.9814453125,28.853961769413953,0,0,44,0.0,0.0,0.6,0.0,0.05,0.2,0.15
45,AlwaysCompact_C128,3,COMPACT_128KB,-0.12525,-0.055,0.198033,0,46,245.46848532886173,89.94674682617188,2,1.1951675415039062,152.9814453125,28.853961769413953,0,0,44,0.0,0.0,0.6,0.0,0.05,0.2,0.15,33,193.73987923104272,88.34385871887207,2,1.2170791625976562,155.7861328125,26.870748219054807,0,0,45,0.0,0.0,0.6,0.0,0.05,0.2,0.15
46,AlwaysCompact_C128,3,COMPACT_128KB,-0.12525,-0.055,0.198544,0,33,193.73987923104272,88.34385871887207,2,1.2170791625976562,155.7861328125,26.870748219054807,0,0,45,0.0,0.0,0.6,0.0,0.05,0.2,0.15,39,202.3161357828938,62.802791595458984,2,1.2426223754882812,159.0556640625,24.55884050087848,0,0,46,0.0,0.0,0.6,0.0,0.05,0.2,0.15
47,AlwaysCompact_C128,3,COMPACT_128KB,-0.12525,-0.055,0.197493,0,39,202.3161357828938,62.802791595458984,2,1.2426223754882812,159.0556640625,24.55884050087848,0,0,46,0.0,0.0,0.6,0.0,0.05,0.2,0.15,35,173.74583982313035,115.36908149719238,2,1.2659225463867188,162.0380859375,22.44994976870688,0,0,47,0.0,0.0,0.55,0.0,0.05,0.25,0.15
48,AlwaysCompact_C128,3,COMPACT_128KB,-0.12525,-0.055,0.198767,0,35,173.74583982313035,115.36908149719238,2,1.2659225463867188,162.0380859375,22.44994976870688,0,0,47,0.0,0.0,0.55,0.0,0.05,0.25,0.15,34,127.99046486476783,51.66482925415039,2,1.2889785766601562,164.9892578125,20.363156123447364,0,0,48,0.0,0.0,0.55,0.0,0.05,0.2,0.2
49,AlwaysCompact_C128,3,COMPACT_128KB,-0.12525,-0.055,0.197253,0,34,127.99046486476783,51.66482925415039,2,1.2889785766601562,164.9892578125,20.363156123447364,0,0,48,0.0,0.0,0.55,0.0,0.05,0.2,0.2,37,176.0760991903569,127.33650207519531,2,1.3136825561523438,168.1513671875,18.127207141531308,0,0,49,0.0,0.0,0.6,0.0,0.05,0.15,0.2
50,AlwaysCompact_C128,3,COMPACT_128KB,-0.12525,-0.055,0.19741,0,37,176.0760991903569,127.33650207519531,2,1.3136825561523438,168.1513671875,18.127207141531308,0,0,49,0.0,0.0,0.6,0.0,0.05,0.15,0.2,42,184.73951694853932,119.47751045227051,2,1.3416061401367188,171.7255859375,15.599852825962202,0,0,50,0.0,0.0,0.6,0.0,0.05,0.15,0.2
51,AlwaysCompact_C128,3,COMPACT_128KB,0.16725,-0.055,0.197596,0,42,184.73951694853932,119.47751045227051,2,1.3416061401367188,171.7255859375,15.599852825962202,0,0,50,0.0,0.0,0.6,0.0,0.05,0.15,0.2,85,372.8609452572417,110.21018028259277,2,1.3985748291015625,179.017578125,10.443635701821625,0,0,51,0.0,0.0,0.6,0.0,0.05,0.15,0.2
52,AlwaysCompact_C128,3,COMPACT_128KB,0.16725,-0.055,0.197878,0,85,372.8609452572417,110.21018028259277,2,1.3985748291015625,179.017578125,10.443635701821625,0,0,51,0.0,0.0,0.6,0.0,0.05,0.15,0.2,54,258.6400854168927,96.08316421508789,2,1.4349746704101562,183.6767578125,7.1490981500237565,0,0,52,0.0,0.0,0.6,0.0,0.1,0.15,0.15
53,AlwaysCompact_C128,3,COMPACT_128KB,0.16725,-0.055,0.197341,0,54,258.6400854168927,96.08316421508789,2,1.4349746704101562,183.6767578125,7.1490981500237565,0,0,52,0.0,0.0,0.6,0.0,0.1,0.15,0.15,67,310.9686960197502,122.93601036071777,2,1.4808883666992188,189.5537109375,2.9934647426207848,0,0,53,0.0,0.0,0.65,0.0,0.1,0.15,0.1
54,AlwaysCompact_C128,3,COMPACT_128KB,0.16725,-0.055,0.197517,0,67,310.9686960197502,122.93601036071777,2,1.4808883666992188,189.5537109375,2.9934647426207848,0,0,53,0.0,0.0,0.65,0.0,0.1,0.15,0.1,92,421.00459107968925,114.14241790771484,2,1.5427627563476562,197.4736328125,2.6067657216593916,0,0,54,0.0,0.0,0.65,0.0,0.1,0.15,0.1
55,AlwaysCompact_C128,3,COMPACT_128KB,0.167125,-0.055,0.197412,0,92,421.00459107968925,114.14241790771484,2,1.5427627563476562,197.4736328125,2.6067657216593916,0,0,54,0.0,0.0,0.65,0.0,0.1,0.15,0.1,85,461.8559436211006,114.40300941467285,3,1.0815073649088542,207.6494140625,51.16395146727813,0,0,55,0.0,0.0,0.65,0.0,0.1,0.15,0.1
56,AlwaysCompact_C128,3,COMPACT_128KB,0.167125,-0.055,0.198337,0,85,461.8559436211006,114.40300941467285,3,1.0815073649088542,207.6494140625,51.16395146727813,0,0,55,0.0,0.0,0.65,0.0,0.1,0.15,0.1,53,287.19573143159823,68.17483901977539,3,1.1056009928385417,212.275390625,48.494971912655274,0,0,56,0.0,0.0,0.6,0.0,0.1,0.2,0.1
57,AlwaysCompact_C128,3,COMPACT_128KB,0.167125,-0.055,0.19792,0,53,287.19573143159823,68.17483901977539,3,1.1056009928385417,212.275390625,48.494971912655274,0,0,56,0.0,0.0,0.6,0.0,0.1,0.2,0.1,62,359.71234836014554,88.9902114868164,3,1.1334075927734375,217.6142578125,45.414954016121584,0,0,57,0.0,0.0,0.6,0.0,0.1,0.2,0.1
58,AlwaysCompact_C128,3,COMPACT_128KB,0.167125,-0.055,0.1982,0,62,359.71234836014554,88.9902114868164,3,1.1334075927734375,217.6142578125,45.414954016121584,0,0,57,0.0,0.0,0.6,0.0,0.1,0.2,0.1,80,394.0871481137405,74.9962329864502,3,1.1689402262369792,224.4365234375,41.47967077715625,0,0,58,0.0,0.0,0.55,0.0,0.1,0.25,0.1
59,AlwaysCompact_C128,3,COMPACT_128KB,0.167125,-0.055,0.198404,0,80,394.0871481137405,74.9962329864502,3,1.1689402262369792,224.4365234375,41.47967077715625,0,0,58,0.0,0.0,0.55,0.0,0.1,0.25,0.1,94,445.2084424434801,64.78095054626465,3,1.2108662923177083,232.486328125,36.83728387771617,0,0,59,0.0,0.0,0.55,0.0,0.1,0.25,0.1
60,AlwaysCompact_C128,3,COMPACT_128KB,0.167125,-0.055,0.197786,0,94,445.2084424434801,64.78095054626465,3,1.2108662923177083,232.486328125,36.83728387771617,0,0,59,0.0,0.0,0.55,0.0,0.1,0.25,0.1,78,396.5365167211493,95.7038402557373,3,1.2454884847005208,239.1337890625,33.00473691196201,0,0,60,0.0,0.0,0.55,0.0,0.1,0.25,0.1
61,AlwaysCompact_C128,3,COMPACT_128KB,0.167125,-0.055,0.19696,0,78,396.5365167211493,95.7038402557373,3,1.2454884847005208,239.1337890625,33.00473691196201,0,0,60,0.0,0.0,0.55,0.0,0.1,0.25,0.1,64,315.4027033632245,136.9776725769043,3,1.2787526448567708,245.5205078125,29.3238412732739,0,0,61,0.0,0.0,0.5,0.0,0.15,0.25,0.1
62,AlwaysCompact_C128,3,COMPACT_128KB,0.167125,-0.055,0.197838,0,64,315.4027033632245,136.9776725769043,3,1.2787526448567708,245.5205078125,29.3238412732739,0,0,61,0.0,0.0,0.5,0.0,0.15,0.25,0.1,100,496.4272610421613,93.08719635009766,3,1.3187510172526042,253.2001953125,24.900299746331843,0,0,62,0.0,0.0,0.5,0.0,0.15,0.25,0.1
63,AlwaysCompact_C128,3,COMPACT_128KB,0.167125,-0.055,0.198119,0,100,496.4272610421613,93.08719635009766,3,1.3187510172526042,253.2001953125,24.900299746331843,0,0,62,0.0,0.0,0.5,0.0,0.15,0.25,0.1,67,369.5198502030254,79.07438278198242,3,1.3488260904947917,258.974609375,21.576998634045683,0,0,63,0.0,0.0,0.5,0.05,0.15,0.25,0.05
64,AlwaysCompact_C128,3,COMPACT_128KB,0.167125,-0.055,0.197399,0,67,369.5198502030254,79.07438278198242,3,1.3488260904947917,258.974609375,21.576998634045683,0,0,63,0.0,0.0,0.5,0.05,0.15,0.25,0.05,70,390.6438543713735,115.06509780883789,3,1.3801320393880208,264.9853515625,18.121806062805263,0,0,64,0.0,0.0,0.55,0.05,0.1,0.25,0.05
65,AlwaysCompact_C128,3,COMPACT_128KB,0.167125,-0.055,0.198012,0,70,390.6438543713735,115.06509780883789,3,1.3801320393880208,264.9853515625,18.121806062805263,0,0,64,0.0,0.0,0.55,0.05,0.1,0.25,0.05,60,322.54283341365135,84.40876007080078,3,1.40679931640625,270.10546875,15.184014034122056,0,0,65,0.0,0.0,0.55,0.05,0.1,0.25,0.05
66,AlwaysCompact_C128,3,COMPACT_128KB,0.167125,-0.055,0.197569,0,60,322.54283341365135,84.40876007080078,3,1.40679931640625,270.10546875,15.184014034122056,0,0,65,0.0,0.0,0.55,0.05,0.1,0.25,0.05,87,472.63497326646495,106.52971267700195,3,1.44549560546875,277.53515625,10.938607601214924,0,0,66,0.0,0.0,0.6,0.05,0.1,0.2,0.05
67,AlwaysCompact_C128,3,COMPACT_128KB,0.167125,-0.055,0.197798,0,87,472.63497326646495,106.52971267700195,3,1.44549560546875,277.53515625,10.938607601214924,0,0,66,0.0,0.0,0.6,0.05,0.1,0.2,0.05,83,358.8910936817016,95.10183334350586,3,1.4828033447265625,284.6982421875,6.897433146269936,0,0,67,0.0,0.0,0.65,0.05,0.1,0.15,0.05
68,AlwaysCompact_C128,3,COMPACT_128KB,0.167125,-0.055,0.197849,0,83,358.8910936817016,95.10183334350586,3,1.4828033447265625,284.6982421875,6.897433146269936,0,0,67,0.0,0.0,0.65,0.05,0.1,0.15,0.05,76,389.5260733235086,92.5283432006836,3,1.5230356852213542,292.4228515625,2.859996345980073,0,0,68,0.0,0.0,0.65,0.05,0.15,0.15,0.0
69,AlwaysCompact_C128,3,COMPACT_128KB,0.167125,-0.055,0.198235,0,76,389.5260733235086,92.5283432006836,3,1.5230356852213542,292.4228515625,2.859996345980073,0,0,68,0.0,0.0,0.65,0.05,0.15,0.15,0.0,63,310.09633786552695,73.23288917541504,3,1.5448404947916667,296.609375,1.8575954951113134,0,0,69,0.0,0.0,0.6,0.1,0.15,0.15,0.0
70,AlwaysCompact_C128,3,COMPACT_128KB,0.167,-0.055,0.196999,0,63,310.09633786552695,73.23288917541504,3,1.5448404947916667,296.609375,1.8575954951113134,0,0,69,0.0,0.0,0.6,0.1,0.15,0.15,0.0,93,423.8820733444682,130.03849983215332,4,1.2010765075683594,307.4755859375,44.0279229122956,0,0,70,0.0,0.0,0.55,0.1,0.2,0.15,0.0
71,AlwaysCompact_C128,3,COMPACT_128KB,0.167,-0.055,0.197544,0,93,423.8820733444682,130.03849983215332,4,1.2010765075683594,307.4755859375,44.0279229122956,0,0,70,0.0,0.0,0.55,0.1,0.2,0.15,0.0,78,389.7462279919038,102.80942916870117,4,1.2276153564453125,314.26953125,40.63313502314688,0,0,71,0.0,0.0,0.55,0.1,0.2,0.15,0.0
72,AlwaysCompact_C128,3,COMPACT_128KB,0.167,-0.055,0.197831,0,78,389.7462279919038,102.80942916870117,4,1.2276153564453125,314.26953125,40.63313502314688,0,0,71,0.0,0.0,0.55,0.1,0.2,0.15,0.0,92,451.9999437746864,88.43326568603516,4,1.2590370178222656,322.3134765625,36.61427307467736,0,0,72,0.0,0.0,0.55,0.1,0.15,0.15,0.05
73,AlwaysCompact_C128,3,COMPACT_128KB,0.167,-0.055,0.197652,0,92,451.9999437746864,88.43326568603516,4,1.2590370178222656,322.3134765625,36.61427307467736,0,0,72,0.0,0.0,0.55,0.1,0.15,0.15,0.05,85,458.019337449543,97.40400314331055,4,1.2870674133300781,329.4892578125,33.02979652264923,0,0,73,0.0,0.0,0.55,0.1,0.15,0.15,0.05
74,AlwaysCompact_C128,3,COMPACT_128KB,0.167,-0.055,0.197724,0,85,458.019337449543,97.40400314331055,4,1.2870674133300781,329.4892578125,33.02979652264923,0,0,73,0.0,0.0,0.55,0.1,0.15,0.15,0.05,78,421.1875078854606,93.79148483276367,4,1.3131256103515625,336.16015625,29.698260721555016,0,0,74,0.0,0.0,0.55,0.1,0.15,0.15,0.05
75,AlwaysCompact_C128,3,COMPACT_128KB,0.167,-0.055,0.198159,0,78,421.1875078854606,93.79148483276367,4,1.3131256103515625,336.16015625,29.698260721555016,0,0,74,0.0,0.0,0.55,0.1,0.15,0.15,0.05,51,276.71995218740057,72.04914093017578,4,1.3295783996582031,340.3720703125,27.5952615104325,0,0,75,0.0,0.0,0.5,0.15,0.15,0.15,0.05
76,AlwaysCompact_C128,3,COMPACT_128KB,0.167,-0.055,0.196266,0,51,276.71995218740057,72.04914093017578,4,1.3295783996582031,340.3720703125,27.5952615104325,0,0,75,0.0,0.0,0.5,0.15,0.15,0.15,0.05,79,431.3869163550769,166.72420501708984,4,1.3565177917480469,347.2685546875,24.15297533501302,0,0,76,0.0,0.0,0.55,0.15,0.15,0.1,0.05
77,AlwaysCompact_C128,3,COMPACT_128KB,0.167,-0.055,0.197543,0,79,431.3869163550769,166.72420501708984,4,1.3565177917480469,347.2685546875,24.15297533501302,0,0,76,0.0,0.0,0.55,0.15,0.15,0.1,0.05,51,251.52567117566272,102.86474227905273,4,1.37322998046875,351.546875,22.018446890132203,0,0,77,0.0,0.0,0.5,0.15,0.2,0.1,0.05
78,AlwaysCompact_C128,3,COMPACT_128KB,0.167,-0.055,0.197643,0,51,251.52567117566272,102.86474227905273,4,1.37322998046875,351.546875,22.018446890132203,0,0,77,0.0,0.0,0.5,0.15,0.2,0.1,0.05,58,315.5874408280761,97.8701114654541,4,1.3927688598632812,356.548828125,19.52417105601412,0,0,78,0.0,0.0,0.55,0.15,0.2,0.05,0.05
79,AlwaysCompact_C128,3,COMPACT_128KB,0.167,-0.055,0.198033,0,58,315.5874408280761,97.8701114654541,4,1.3927688598632812,356.548828125,19.52417105601412,0,0,78,0.0,0.0,0.55,0.15,0.2,0.05,0.05,69,345.1295170449802,78.35054397583008,4,1.41571044921875,362.421875,16.598089461322726,0,0,79,0.0,0.0,0.55,0.15,0.2,0.05,0.05
80,AlwaysCompact_C128,3,COMPACT_128KB,0.167,-0.055,0.197598,0,69,345.1295170449802,78.35054397583008,4,1.41571044921875,362.421875,16.598089461322726,0,0,79,0.0,0.0,0.55,0.15,0.2,0.05,0.05,73,377.18375291340834,100.07596015930176,4,1.4406547546386719,368.8076171875,13.421748343163573,0,0,80,0.0,0.0,0.5,0.15,0.25,0.05,0.05
81,AlwaysCompact_C128,3,COMPACT_128KB,0.167,-0.055,0.198165,0,73,377.18375291340834,100.07596015930176,4,1.4406547546386719,368.8076171875,13.421748343163573,0,0,80,0.0,0.0,0.5,0.15,0.25,0.05,0.05,69,377.8963095280066,71.75850868225098,4,1.46380615234375,374.734375,10.482701751249815,0,0,81,0.0,0.0,0.5,0.2,0.2,0.05,0.05
82,AlwaysCompact_C128,3,COMPACT_128KB,0.167,-0.055,0.198176,0,69,377.8963095280066,71.75850868225098,4,1.46380615234375,374.734375,10.482701751249815,0,0,81,0.0,0.0,0.5,0.2,0.2,0.05,0.05,60,327.75254939244365,71.2127685546875,4,1.4869651794433594,380.6630859375,7.561712949167086,0,0,82,0.0,0.0,0.45,0.25,0.2,0.05,0.05
83,AlwaysCompact_C128,3,COMPACT_128KB,0.167,-0.055,0.198202,0,60,327.75254939244365,71.2127685546875,4,1.4869651794433594,380.6630859375,7.561712949167086,0,0,82,0.0,0.0,0.45,0.25,0.2,0.05,0.05,63,340.7641781343939,69.88954544067383,4,1.5081405639648438,386.083984375,4.936375518102017,0,0,83,0.0,0.0,0.45,0.25,0.2,0.05,0.05
84,AlwaysCompact_C128,3,COMPACT_128KB,0.167,-0.055,0.19817,0,63,340.7641781343939,69.88954544067383,4,1.5081405639648438,386.083984375,4.936375518102017,0,0,83,0.0,0.0,0.45,0.25,0.2,0.05,0.05,93,506.01566549828374,71.47932052612305,4,1.5375862121582031,393.6220703125,1.7783819610730456,0,0,84,0.0,0.0,0.4,0.3,0.2,0.05,0.05
85,AlwaysCompact_C128,3,COMPACT_128KB,0.166875,-0.055,0.197286,0,93,506.01566549828374,71.47932052612305,4,1.5375862121582031,393.6220703125,1.7783819610730456,0,0,84,0.0,0.0,0.4,0.3,0.2,0.05,0.05,63,335.7263582920517,110.70680618286133,5,1.2561370849609375,401.9638671875,40.30715493777382,0,0,85,0.0,0.0,0.35,0.3,0.25,0.05,0.05
86,AlwaysCompact_C128,3,COMPACT_128KB,0.166875,-0.055,0.197778,0,63,335.7263582920517,110.70680618286133,5,1.2561370849609375,401.9638671875,40.30715493777382,0,0,85,0.0,0.0,0.35,0.3,0.25,0.05,0.05,82,448.66005546728445,86.12275123596191,5,1.278436279296875,409.099609375,37.11848469344075,0,0,86,0.0,0.0,0.3,0.3,0.25,0.1,0.05
87,AlwaysCompact_C128,3,COMPACT_128KB,0.166875,-0.055,0.198031,0,82,448.66005546728445,86.12275123596191,5,1.278436279296875,409.099609375,37.11848469344075,0,0,86,0.0,0.0,0.3,0.3,0.25,0.1,0.05,93,467.4142413436098,73.43459129333496,5,1.3044708251953125,417.4306640625,33.396290074249556,0,0,87,0.0,0.0,0.25,0.3,0.25,0.1,0.1
88,AlwaysCompact_C128,3,COMPACT_128KB,0.166875,-0.055,0.197864,0,93,467.4142413436098,73.43459129333496,5,1.3044708251953125,417.4306640625,33.396290074249556,0,0,87,0.0,0.0,0.25,0.3,0.25,0.1,0.1,81,389.35578970530594,81.82334899902344,5,1.3259033203125,424.2890625,30.332714125492828,0,0,88,0.0,0.0,0.25,0.35,0.2,0.1,0.1
89,AlwaysCompact_C128,3,COMPACT_128KB,0.166875,-0.055,0.198154,0,81,389.35578970530594,81.82334899902344,5,1.3259033203125,424.2890625,30.332714125492828,0,0,88,0.0,0.0,0.25,0.35,0.2,0.1,0.1,52,281.1750203368111,67.2752857208252,5,1.3390350341796875,428.4912109375,28.456040150827757,0,0,89,0.0,0.0,0.25,0.3,0.2,0.1,0.15
90,AlwaysCompact_C128,3,COMPACT_128KB,0.166875,-0.055,0.196962,0,52,281.1750203368111,67.2752857208252,5,1.3390350341796875,428.4912109375,28.456040150827757,0,0,89,0.0,0.0,0.25,0.3,0.2,0.1,0.15,89,470.9033059717402,126.88660621643066,5,1.363165283203125,436.212890625,25.008559893969824,0,0,90,0.0,0.0,0.3,0.3,0.15,0.1,0.15
91,AlwaysCompact_C128,3,COMPACT_128KB,0.166875,-0.055,0.197919,0,89,470.9033059717402,126.88660621643066,5,1.363165283203125,436.212890625,25.008559893969824,0,0,90,0.0,0.0,0.3,0.3,0.15,0.1,0.15,100,497.0367192740045,79.04577255249023,5,1.3892303466796876,444.5537109375,21.286751287871365,0,0,91,0.0,0.0,0.25,0.35,0.15,0.1,0.15
92,AlwaysCompact_C128,3,COMPACT_128KB,0.166875,-0.055,0.19772,0,100,497.0367192740045,79.04577255249023,5,1.3892303466796876,444.5537109375,21.286751287871365,0,0,91,0.0,0.0,0.25,0.35,0.15,0.1,0.15,79,432.07600677551477,88.99521827697754,5,1.41116943359375,451.57421875,18.156734198779713,0,0,92,0.0,0.0,0.25,0.4,0.15,0.1,0.1
93,AlwaysCompact_C128,3,COMPACT_128KB,0.166875,-0.055,0.197119,0,79,432.07600677551477,88.99521827697754,5,1.41116943359375,451.57421875,18.156734198779713,0,0,92,0.0,0.0,0.25,0.4,0.15,0.1,0.1,92,479.61117629511784,119.0650463104248,5,1.43577880859375,459.44921875,14.650665820097325,0,0,93,0.0,0.0,0.25,0.4,0.15,0.1,0.1
94,AlwaysCompact_C128,3,COMPACT_128KB,0.166875,-0.055,0.197889,0,92,479.61117629511784,119.0650463104248,5,1.43577880859375,459.44921875,14.650665820097325,0,0,93,0.0,0.0,0.25,0.4,0.15,0.1,0.1,85,441.82795872159386,80.54208755493164,5,1.457647705078125,466.447265625,11.54307408112105,0,0,94,0.0,0.0,0.2,0.45,0.15,0.1,0.1
95,AlwaysCompact_C128,3,COMPACT_128KB,0.166875,-0.055,0.197397,0,85,441.82795872159386,80.54208755493164,5,1.457647705078125,466.447265625,11.54307408112105,0,0,94,0.0,0.0,0.2,0.45,0.15,0.1,0.1,66,307.8651872331576,105.15618324279785,5,1.4768096923828125,472.5791015625,8.832933028765448,0,0,95,0.0,0.0,0.2,0.45,0.15,0.1,0.1
96,AlwaysCompact_C128,3,COMPACT_128KB,0.166875,-0.055,0.197832,0,66,307.8651872331576,105.15618324279785,5,1.4768096923828125,472.5791015625,8.832933028765448,0,0,95,0.0,0.0,0.2,0.45,0.15,0.1,0.1,72,311.23865589868535,83.38022232055664,5,1.49609375,478.75,6.134398897875558,0,0,96,0.0,0.0,0.15,0.45,0.15,0.15,0.1
97,AlwaysCompact_C128,3,COMPACT_128KB,0.166875,-0.055,0.197163,0,72,311.23865589868535,83.38022232055664,5,1.49609375,478.75,6.134398897875558,0,0,96,0.0,0.0,0.15,0.45,0.15,0.15,0.1,82,433.7587200613434,116.84393882751465,5,1.5180755615234376,485.7841796875,3.1887318792542323,0,0,97,0.0,0.0,0.15,0.45,0.15,0.15,0.1
98,AlwaysCompact_C128,3,COMPACT_128KB,0.166875,-0.055,0.197033,0,82,433.7587200613434,116.84393882751465,5,1.5180755615234376,485.7841796875,3.1887318792542323,0,0,97,0.0,0.0,0.15,0.45,0.15,0.15,0.1,95,499.5435067686668,123.36921691894531,5,1.542156982421875,493.490234375,1.6732748570552953,0,0,98,0.0,0.0,0.15,0.45,0.15,0.15,0.1
99,AlwaysCompact_C128,3,COMPACT_128KB,0.16675,-0.055,0.197719,0,95,499.5435067686668,123.36921691894531,5,1.542156982421875,493.490234375,1.6732748570552953,0,0,98,0.0,0.0,0.15,0.45,0.15,0.15,0.1,53,266.0968562478229,84.05470848083496,6,1.3045196533203125,500.935546875,37.28382313394806,0,0,99,0.0,0.0,0.15,0.5,0.15,0.1,0.1
100,AlwaysCompact_C128,3,COMPACT_128KB,0.16675,-0.055,0.197619,0,53,266.0968562478229,84.05470848083496,6,1.3045196533203125,500.935546875,37.28382313394806,0,0,99,0.0,0.0,0.15,0.5,0.15,0.1,0.1,100,463.450299828622,89.06841278076172,6,1.327239990234375,509.66015625,33.72519011560558,0,0,100,0.0,0.0,0.15,0.55,0.1,0.1,0.1
101,AlwaysCompact_C128,3,COMPACT_128KB,0.16675,-0.055,0.197742,0,100,463.450299828622,89.06841278076172,6,1.327239990234375,509.66015625,33.72519011560558,0,0,100,0.0,0.0,0.15,0.55,0.1,0.1,0.1,58,283.228335217489,82.92198181152344,6,1.3398513793945312,514.5029296875,31.750205042319642,0,0,101,0.0,0.0,0.15,0.5,0.1,0.15,0.1
102,AlwaysCompact_C128,3,COMPACT_128KB,-0.12575,-0.055,0.198036,0,58,283.228335217489,82.92198181152344,6,1.3398513793945312,514.5029296875,31.750205042319642,0,0,101,0.0,0.0,0.15,0.5,0.1,0.15,0.1,50,245.98494169863926,68.17936897277832,6,1.3518142700195312,519.0966796875,29.877029897448164,0,0,102,0.0,0.0,0.15,0.45,0.1,0.15,0.15
103,AlwaysCompact_C128,3,COMPACT_128KB,0.16675,-0.055,0.197777,0,50,245.98494169863926,68.17936897277832,6,1.3518142700195312,519.0966796875,29.877029897448164,0,0,102,0.0,0.0,0.15,0.45,0.1,0.15,0.15,99,464.5644818072583,81.1302661895752,6,1.3738505045572917,527.55859375,26.427371480892283,0,0,103,0.0,0.0,0.15,0.45,0.1,0.15,0.15
104,AlwaysCompact_C128,3,COMPACT_128KB,0.16675,-0.055,0.197624,0,99,464.5644818072583,81.1302661895752,6,1.3738505045572917,527.55859375,26.427371480892283,0,0,103,0.0,0.0,0.15,0.45,0.1,0.15,0.15,83,433.0166899265882,88.81998062133789,6,1.391558329264323,534.3583984375,23.656340306192405,0,0,104,0.0,0.0,0.15,0.45,0.1,0.15,0.15
105,AlwaysCompact_C128,3,COMPACT_128KB,0.16675,-0.055,0.197756,0,83,433.0166899265882,88.81998062133789,6,1.391558329264323,534.3583984375,23.656340306192405,0,0,104,0.0,0.0,0.15,0.45,0.1,0.15,0.15,74,385.0142852180989,82.17716217041016,6,1.4080810546875,540.703125,21.071942593860566,0,0,105,0.0,0.0,0.15,0.5,0.05,0.15,0.15
106,AlwaysCompact_C128,3,COMPACT_128KB,0.16675,-0.055,0.197719,0,74,385.0142852180989,82.17716217041016,6,1.4080810546875,540.703125,21.071942593860566,0,0,105,0.0,0.0,0.15,0.5,0.05,0.15,0.15,75,352.3235653837366,84.07258987426758,6,1.4248123168945312,547.1279296875,18.45659122067648,0,0,106,0.0,0.0,0.15,0.55,0.05,0.1,0.15
107,AlwaysCompact_C128,3,COMPACT_128KB,0.16675,-0.055,0.197723,0,75,352.3235653837366,84.07258987426758,6,1.4248123168945312,547.1279296875,18.45659122067648,0,0,106,0.0,0.0,0.15,0.55,0.05,0.1,0.15,90,422.01547926353317,83.8477611541748,6,1.4449462890625,554.859375,15.312775253624588,0,0,107,0.0,0.0,0.15,0.6,0.05,0.1,0.1
108,AlwaysCompact_C128,3,COMPACT_128KB,0.16675,-0.055,0.198009,0,90,422.01547926353317,83.8477611541748,6,1.4449462890625,554.859375,15.312775253624588,0,0,107,0.0,0.0,0.15,0.6,0.05,0.1,0.1,54,251.28410588679077,69.54526901245117,6,1.4569549560546875,559.470703125,13.440481094764273,0,0,108,0.0,0.0,0.15,0.55,0.05,0.1,0.15
109,AlwaysCompact_C128,3,COMPACT_128KB,0.16675,-0.055,0.197751,0,54,251.28410588679077,69.54526901245117,6,1.4569549560546875,559.470703125,13.440481094764273,0,0,108,0.0,0.0,0.15,0.55,0.05,0.1,0.15,72,335.8223062423895,82.46731758117676,6,1.4735107421875,565.828125,10.865059529758918,0,0,109,0.0,0.0,0.15,0.6,0.05,0.1,0.1
110,AlwaysCompact_C128,3,COMPACT_128KB,0.16675,-0.055,0.197952,0,72,335.8223062423895,82.46731758117676,6,1.4735107421875,565.828125,10.865059529758918,0,0,109,0.0,0.0,0.15,0.6,0.05,0.1,0.1,57,270.05373166698297,72.4024772644043,6,1.4862289428710938,570.7119140625,8.894507870582677,0,0,110,0.0,0.0,0.1,0.6,0.05,0.1,0.15
111,AlwaysCompact_C128,3,COMPACT_128KB,0.16675,-0.055,0.197675,0,57,270.05373166698297,72.4024772644043,6,1.4862289428710938,570.7119140625,8.894507870582677,0,0,110,0.0,0.0,0.1,0.6,0.05,0.1,0.15,68,327.74627222416296,86.26198768615723,6,1.5010579427083333,576.40625,6.614526745010975,0,0,111,0.0,0.0,0.1,0.55,0.05,0.15,0.15
112,AlwaysCompact_C128,3,COMPACT_128KB,0.16675,-0.055,0.197734,0,68,327.74627222416296,86.26198768615723,6,1.5010579427083333,576.40625,6.614526745010975,0,0,111,0.0,0.0,0.1,0.55,0.05,0.15,0.15,85,395.7966816725969,83.29510688781738,6,1.520556131998698,583.8935546875,3.7022912440239724,0,0,112,0.0,0.0,0.1,0.55,0.05,0.15,0.15
113,AlwaysCompact_C128,3,COMPACT_128KB,0.16675,-0.055,0.196586,0,85,395.7966816725969,83.29510688781738,6,1.520556131998698,583.8935546875,3.7022912440239724,0,0,112,0.0,0.0,0.1,0.55,0.05,0.15,0.15,93,437.78095367428455,140.68841934204102,6,1.5412368774414062,591.8349609375,1.5035574055131986,0,0,113,0.0,0.0,0.05,0.6,0.05,0.15,0.15
114,AlwaysCompact_C128,3,COMPACT_128KB,0.166625,-0.055,0.196451,0,93,437.78095367428455,140.68841934204102,6,1.5412368774414062,591.8349609375,1.5035574055131986,0,0,113,0.0,0.0,0.05,0.6,0.05,0.15,0.15,80,404.3857342397769,142.4388885498047,7,1.3427342006138392,601.544921875,33.64009045789227,0,0,114,0.0,0.0,0.1,0.55,0.05,0.15,0.15
115,AlwaysCompact_C128,3,COMPACT_128KB,0.166625,-0.055,0.196766,0,80,404.3857342397769,142.4388885498047,7,1.3427342006138392,601.544921875,33.64009045789227,0,0,114,0.0,0.0,0.1,0.55,0.05,0.15,0.15,54,253.02372470096955,126.6944408416748,7,1.3532366071428572,606.25,31.863301556207617,0,0,115,0.0,0.0,0.15,0.5,0.05,0.15,0.15
116,AlwaysCompact_C128,3,COMPACT_128KB,0.166625,-0.055,0.197829,0,54,253.02372470096955,126.6944408416748,7,1.3532366071428572,606.25,31.863301556207617,0,0,115,0.0,0.0,0.15,0.5,0.05,0.15,0.15,70,334.47400318979265,73.53687286376953,7,1.3667101178850447,612.2861328125,29.58413870372091,0,0,116,0.0,0.0,0.15,0.5,0.05,0.1,0.2
117,AlwaysCompact_C128,3,COMPACT_128KB,0.166625,-0.055,0.19759,0,70,334.47400318979265,73.53687286376953,7,1.3667101178850447,612.2861328125,29.58413870372091,0,0,116,0.0,0.0,0.15,0.5,0.05,0.1,0.2,99,467.163148621921,85.51144599914551,7,1.3855416434151786,620.72265625,26.399280770145964,0,0,117,0.0,0.0,0.15,0.55,0.0,0.1,0.2
118,AlwaysCompact_C128,3,COMPACT_128KB,0.166625,-0.055,0.197504,0,99,467.163148621921,85.51144599914551,7,1.3855416434151786,620.72265625,26.399280770145964,0,0,117,0.0,0.0,0.15,0.55,0.0,0.1,0.2,91,424.0445640363605,89.80655670166016,7,1.4029192243303572,628.5078125,23.461246858699777,0,0,118,0.0,0.0,0.1,0.6,0.0,0.1,0.2
119,AlwaysCompact_C128,3,COMPACT_128KB,0.166625,-0.055,0.197567,0,91,424.0445640363605,89.80655670166016,7,1.4029192243303572,628.5078125,23.461246858699777,0,0,118,0.0,0.0,0.1,0.6,0.0,0.1,0.2,68,314.7723100965465,86.6537094116211,7,1.4159175327845983,634.3310546875,21.264427821111056,0,0,119,0.0,0.0,0.1,0.6,0.0,0.1,0.2
120,AlwaysCompact_C128,3,COMPACT_128KB,0.166625,-0.055,0.197847,0,68,314.7723100965465,86.6537094116211,7,1.4159175327845983,634.3310546875,21.264427821111056,0,0,119,0.0,0.0,0.1,0.6,0.0,0.1,0.2,64,307.0609613948152,72.64113426208496,7,1.4291294642857142,640.25,19.03248977053171,0,0,120,0.0,0.0,0.1,0.55,0.0,0.1,0.25
121,AlwaysCompact_C128,3,COMPACT_128KB,0.166625,-0.055,0.197211,0,64,307.0609613948152,72.64113426208496,7,1.4291294642857142,640.25,19.03248977053171,0,0,120,0.0,0.0,0.1,0.55,0.0,0.1,0.25,52,247.01856627536256,104.47192192077637,7,1.439084734235491,644.7099609375,17.35159804589848,0,0,121,0.0,0.0,0.1,0.55,0.0,0.1,0.25
122,AlwaysCompact_C128,3,COMPACT_128KB,0.166625,-0.055,0.197378,0,52,247.01856627536256,104.47192192077637,7,1.439084734235491,644.7099609375,17.35159804589848,0,0,121,0.0,0.0,0.1,0.55,0.0,0.1,0.25,54,240.57776285992276,96.11392021179199,7,1.4491773332868303,649.2314453125,15.648576539624486,0,0,122,0.0,0.0,0.1,0.6,0.0,0.1,0.2
123,AlwaysCompact_C128,3,COMPACT_128KB,0.166625,-0.055,0.19776,0,54,240.57776285992276,96.11392021179199,7,1.4491773332868303,649.2314453125,15.648576539624486,0,0,122,0.0,0.0,0.1,0.6,0.0,0.1,0.2,74,350.454353093674,77.00133323669434,7,1.4630192347935267,655.4326171875,13.315374166889244,0,0,123,0.0,0.0,0.1,0.55,0.0,0.1,0.25
124,AlwaysCompact_C128,3,COMPACT_128KB,0.166625,-0.055,0.197568,0,74,350.454353093674,77.00133323669434,7,1.4630192347935267,655.4326171875,13.315374166889244,0,0,123,0.0,0.0,0.1,0.55,0.0,0.1,0.25,72,302.5647610459874,86.6081714630127,7,1.4764142717633928,661.43359375,11.061771731128706,0,0,124,0.0,0.0,0.1,0.55,0.0,0.1,0.25
125,AlwaysCompact_C128,3,COMPACT_128KB,0.166625,-0.055,0.196544,0,72,302.5647610459874,86.6081714630127,7,1.4764142717633928,661.43359375,11.061771731128706,0,0,124,0.0,0.0,0.1,0.55,0.0,0.1,0.25,90,396.01491793561786,137.78114318847656,7,1.4937002999441964,669.177734375,8.165462244746355,0,0,125,0.0,0.0,0.15,0.5,0.0,0.1,0.25
126,AlwaysCompact_C128,3,COMPACT_128KB,0.166625,-0.055,0.197739,0,90,396.01491793561786,137.78114318847656,7,1.4937002999441964,669.177734375,8.165462244746355,0,0,125,0.0,0.0,0.15,0.5,0.0,0.1,0.25,91,477.9229126023946,78.02915573120117,7,1.5114898681640625,677.1474609375,5.2206622368414575,0,0,126,0.0,0.0,0.15,0.45,0.0,0.1,0.3
127,AlwaysCompact_C128,3,COMPACT_128KB,0.166625,-0.055,0.197251,0,91,477.9229126023946,78.02915573120117,7,1.5114898681640625,677.1474609375,5.2206622368414575,0,0,126,0.0,0.0,0.15,0.45,0.0,0.1,0.3,57,293.48548195632986,102.46729850769043,7,1.5220772879464286,681.890625,3.5226559300277445,0,0,127,0.0,0.0,0.15,0.45,0.0,0.1,0.3
128,AlwaysCompact_C128,3,COMPACT_128KB,0.166625,-0.055,0.197536,0,57,293.48548195632986,102.46729850769043,7,1.5220772879464286,681.890625,3.5226559300277445,0,0,127,0.0,0.0,0.15,0.45,0.0,0.1,0.3,76,364.9074632879861,88.19890022277832,7,1.536867414202009,688.5166015625,1.55926773717304,0,0,128,0.0,0.0,0.15,0.5,0.0,0.1,0.25
129,AlwaysCompact_C128,3,COMPACT_128KB,0.1665,-0.055,0.196197,0,76,364.9074632879861,88.19890022277832,7,1.536867414202009,688.5166015625,1.55926773717304,0,0,128,0.0,0.0,0.15,0.5,0.0,0.1,0.25,93,436.36023885859777,150.1631736755371,8,1.3660774230957031,699.431640625,30.949976103373075,0,0,129,0.0,0.0,0.15,0.45,0.05,0.1,0.25
130,AlwaysCompact_C128,3,COMPACT_128KB,0.1665,-0.055,0.197171,0,93,436.36023885859777,150.1631736755371,8,1.3660774230957031,699.431640625,30.949976103373075,0,0,129,0.0,0.0,0.15,0.45,0.05,0.1,0.25,55,273.6432350359422,101.44686698913574,8,1.3755321502685547,704.2724609375,29.24045938801849,0,0,130,0.0,0.0,0.15,0.5,0.05,0.1,0.2
131,AlwaysCompact_C128,3,COMPACT_128KB,0.1665,-0.055,0.197396,0,55,273.6432350359422,101.44686698913574,8,1.3755321502685547,704.2724609375,29.24045938801849,0,0,130,0.0,0.0,0.15,0.5,0.05,0.1,0.2,98,457.83275766624826,90.20495414733887,8,1.3921031951904297,712.7568359375,26.244855609875348,0,0,131,0.0,0.0,0.15,0.55,0.05,0.05,0.2
132,AlwaysCompact_C128,3,COMPACT_128KB,0.1665,-0.055,0.197329,0,98,457.83275766624826,90.20495414733887,8,1.3921031951904297,712.7568359375,26.244855609875348,0,0,131,0.0,0.0,0.15,0.55,0.05,0.05,0.2,80,400.4213953110941,93.53804588317871,8,1.4050045013427734,719.3623046875,23.91335037138917,0,0,132,0.0,0.0,0.15,0.55,0.05,0.05,0.2
133,AlwaysCompact_C128,3,COMPACT_128KB,0.1665,-0.055,0.197708,0,80,400.4213953110941,93.53804588317871,8,1.4050045013427734,719.3623046875,23.91335037138917,0,0,132,0.0,0.0,0.15,0.55,0.05,0.05,0.2,78,384.9357180928983,74.59402084350586,8,1.4179954528808594,726.013671875,21.56649309072191,0,0,133,0.0,0.0,0.15,0.5,0.05,0.05,0.25
134,AlwaysCompact_C128,3,COMPACT_128KB,0.1665,-0.055,0.19741,0,78,384.9357180928983,74.59402084350586,8,1.4179954528808594,726.013671875,21.56649309072191,0,0,133,0.0,0.0,0.15,0.5,0.05,0.05,0.25,81,422.8176390864593,89.48731422424316,8,1.4315528869628906,732.955078125,19.118545360179915,0,0,134,0.0,0.0,0.1,0.55,0.05,0.05,0.25
135,AlwaysCompact_C128,3,COMPACT_128KB,0.1665,-0.055,0.196293,0,81,422.8176390864593,89.48731422424316,8,1.4315528869628906,732.955078125,19.118545360179915,0,0,134,0.0,0.0,0.1,0.55,0.05,0.05,0.25,87,446.12454413082577,145.3404426574707,8,1.4461021423339844,740.404296875,16.49356639617177,0,0,135,0.0,0.0,0.1,0.55,0.05,0.05,0.25
136,AlwaysCompact_C128,3,COMPACT_128KB,0.1665,-0.055,0.19615,0,87,446.12454413082577,145.3404426574707,8,1.4461021423339844,740.404296875,16.49356639617177,0,0,135,0.0,0.0,0.1,0.55,0.05,0.05,0.25,84,429.94774068523844,152.4977684020996,8,1.460226058959961,747.6357421875,13.948471344758397,0,0,136,0.0,0.0,0.15,0.55,0.05,0.05,0.2
137,AlwaysCompact_C128,3,COMPACT_128KB,0.1665,-0.055,0.19712,0,84,429.94774068523844,152.4977684020996,8,1.460226058959961,747.6357421875,13.948471344758397,0,0,136,0.0,0.0,0.15,0.55,0.05,0.05,0.2,83,422.31793528038094,103.97577285766602,8,1.474151611328125,754.765625,11.444188028985279,0,0,137,0.0,0.0,0.15,0.5,0.05,0.1,0.2
138,AlwaysCompact_C128,3,COMPACT_128KB,0.1665,-0.055,0.197379,0,83,422.31793528038094,103.97577285766602,8,1.474151611328125,754.765625,11.444188028985279,0,0,137,0.0,0.0,0.15,0.5,0.05,0.1,0.2,56,288.28140698583513,91.05467796325684,8,1.4834671020507812,759.53515625,9.773688941814887,0,0,138,0.0,0.0,0.15,0.5,0.05,0.1,0.2
139,AlwaysCompact_C128,3,COMPACT_128KB,0.1665,-0.055,0.19718,0,56,288.28140698583513,91.05467796325684,8,1.4834671020507812,759.53515625,9.773688941814887,0,0,138,0.0,0.0,0.15,0.5,0.05,0.1,0.2,99,499.5627954316596,101.0122299194336,8,1.5000476837158203,768.0244140625,6.819627454334539,0,0,139,0.0,0.0,0.15,0.5,0.05,0.1,0.2
140,AlwaysCompact_C128,3,COMPACT_128KB,0.1665,-0.055,0.197336,0,99,499.5627954316596,101.0122299194336,8,1.5000476837158203,768.0244140625,6.819627454334539,0,0,139,0.0,0.0,0.15,0.5,0.05,0.1,0.2,58,279.6144815394624,93.22381019592285,8,1.5097103118896484,772.9716796875,5.123539199720519,0,0,140,0.0,0.0,0.15,0.55,0.05,0.1,0.15
141,AlwaysCompact_C128,3,COMPACT_128KB,0.1665,-0.055,0.197362,0,58,279.6144815394624,93.22381019592285,8,1.5097103118896484,772.9716796875,5.123539199720519,0,0,140,0.0,0.0,0.15,0.55,0.05,0.1,0.15,91,472.3414684251104,91.89391136169434,8,1.5267391204833984,781.6904296875,2.3335387174398834,0,0,141,0.0,0.0,0.15,0.6,0.05,0.05,0.15
142,AlwaysCompact_C128,3,COMPACT_128KB,0.1665,-0.055,0.197084,0,91,472.3414684251104,91.89391136169434,8,1.5267391204833984,781.6904296875,2.3335387174398834,0,0,141,0.0,0.0,0.15,0.6,0.05,0.05,0.15,85,436.8863214703237,105.80921173095703,8,1.5409774780273438,788.98046875,1.624045122898235,0,0,142,0.0,0.0,0.15,0.6,0.05,0.05,0.15
143,AlwaysCompact_C128,3,COMPACT_128KB,0.166375,-0.055,0.196013,0,85,436.8863214703237,105.80921173095703,8,1.5409774780273438,788.98046875,1.624045122898235,0,0,142,0.0,0.0,0.15,0.6,0.05,0.05,0.15,90,444.3495211458598,154.36434745788574,9,1.3885718451605902,799.8173828125,29.301289080358277,0,0,143,0.0,0.0,0.15,0.6,0.1,0.05,0.1
144,AlwaysCompact_C128,3,COMPACT_128KB,0.166375,-0.055,0.194221,0,90,444.3495211458598,154.36434745788574,9,1.3885718451605902,799.8173828125,29.301289080358277,0,0,143,0.0,0.0,0.15,0.6,0.1,0.05,0.1,80,395.1764456483335,243.95203590393066,9,1.400361802842882,806.6083984375,27.040916326170674,0,0,144,0.0,0.0,0.15,0.6,0.1,0.05,0.1
145,AlwaysCompact_C128,3,COMPACT_128KB,0.166375,-0.055,0.197041,0,80,395.1764456483335,243.95203590393066,9,1.400361802842882,806.6083984375,27.040916326170674,0,0,144,0.0,0.0,0.15,0.6,0.1,0.05,0.1,87,398.8597799247761,102.95271873474121,9,1.4134318033854167,814.13671875,24.53584450137669,0,0,145,0.0,0.0,0.1,0.6,0.1,0.1,0.1
146,AlwaysCompact_C128,3,COMPACT_128KB,0.166375,-0.055,0.19706,0,87,398.8597799247761,102.95271873474121,9,1.4134318033854167,814.13671875,24.53584450137669,0,0,145,0.0,0.0,0.1,0.6,0.1,0.1,0.1,67,333.20255256786334,102.00142860412598,9,1.4230092366536458,819.6533203125,22.700790920636887,0,0,146,0.0,0.0,0.1,0.6,0.1,0.15,0.05
147,AlwaysCompact_C128,3,COMPACT_128KB,0.166375,-0.055,0.197061,0,67,333.20255256786334,102.00142860412598,9,1.4230092366536458,819.6533203125,22.700790920636887,0,0,146,0.0,0.0,0.1,0.6,0.1,0.15,0.05,61,303.3969735311452,101.94253921508789,9,1.4320933024088542,824.8857421875,20.960885126401777,0,0,147,0.0,0.0,0.1,0.6,0.1,0.15,0.05
148,AlwaysCompact_C128,3,COMPACT_128KB,0.166375,-0.055,0.197036,0,61,303.3969735311452,101.94253921508789,9,1.4320933024088542,824.8857421875,20.960885126401777,0,0,147,0.0,0.0,0.1,0.6,0.1,0.15,0.05,77,394.4730626981762,103.18756103515625,9,1.4435797797309027,831.501953125,18.761962165412175,0,0,148,0.0,0.0,0.1,0.6,0.1,0.15,0.05
149,AlwaysCompact_C128,3,COMPACT_128KB,0.166375,-0.055,0.196948,0,77,394.4730626981762,103.18756103515625,9,1.4435797797309027,831.501953125,18.761962165412175,0,0,148,0.0,0.0,0.1,0.6,0.1,0.15,0.05,96,459.508124208292,107.6200008392334,9,1.4581044514973958,839.8681640625,15.983976916654012,0,0,149,0.0,0.0,0.1,0.65,0.05,0.15,0.05
150,AlwaysCompact_C128,3,COMPACT_128KB,0.166375,-0.055,0.197114,0,96,459.508124208292,107.6200008392334,9,1.4581044514973958,839.8681640625,15.983976916654012,0,0,149,0.0,0.0,0.1,0.65,0.05,0.15,0.05,74,369.16859470710676,99.27940368652344,9,1.469146728515625,846.228515625,13.874920260569693,0,0,150,0.0,0.0,0.1,0.6,0.05,0.2,0.05
151,AlwaysCompact_C128,3,COMPACT_128KB,0.548875,-0.055,0.195957,0,74,369.16859470710676,99.27940368652344,9,1.469146728515625,846.228515625,13.874920260569693,0,0,150,0.0,0.0,0.1,0.6,0.05,0.2,0.05,241,1004.4829496897595,157.14216232299805,9,1.5057932535807292,867.3369140625,6.924079061892017,0,0,151,0.0,0.0,0.1,0.6,0.05,0.2,0.05
152,AlwaysCompact_C128,3,COMPACT_128KB,0.548875,-0.055,0.197076,0,241,1004.4829496897595,157.14216232299805,9,1.5057932535807292,867.3369140625,6.924079061892017,0,0,151,0.0,0.0,0.1,0.6,0.05,0.2,0.05,175,766.316466440392,101.20558738708496,9,1.5320061577690973,882.435546875,2.2966967720435623,0,0,152,0.0,0.0,0.1,0.6,0.05,0.2,0.05
153,AlwaysCompact_C128,3,COMPACT_128KB,0.548875,-0.055,0.197116,0,175,766.316466440392,101.20558738708496,9,1.5320061577690973,882.435546875,2.2966967720435623,0,0,152,0.0,0.0,0.1,0.6,0.05,0.2,0.05,296,1164.7882192122686,99.20954704284668,9,1.576324462890625,907.962890625,6.954571022801535,0,0,153,0.0,0.0,0.1,0.65,0.05,0.2,0.0
154,AlwaysCompact_C128,3,COMPACT_128KB,0.54875,-0.055,0.196896,0,296,1164.7882192122686,99.20954704284668,9,1.576324462890625,907.962890625,6.954571022801535,0,0,153,0.0,0.0,0.1,0.65,0.05,0.2,0.0,237,971.958405403582,105.19599914550781,10,1.4550552368164062,931.2353515625,25.403917720401424,0,0,154,0.0,0.0,0.1,0.65,0.05,0.2,0.0
155,AlwaysCompact_C128,3,COMPACT_128KB,0.54875,-0.055,0.197274,0,237,971.958405403582,105.19599914550781,10,1.4550552368164062,931.2353515625,25.403917720401424,0,0,154,0.0,0.0,0.1,0.65,0.05,0.2,0.0,227,916.0935388025924,86.28559112548828,10,1.485406494140625,950.66015625,19.53383135176998,0,0,155,0.0,0.0,0.05,0.65,0.05,0.2,0.05
156,AlwaysCompact_C128,3,COMPACT_128KB,0.54875,-0.055,0.196942,0,227,916.0935388025924,86.28559112548828,10,1.485406494140625,950.66015625,19.53383135176998,0,0,155,0.0,0.0,0.05,0.65,0.05,0.2,0.05,297,1164.1012949220776,102.88214683532715,10,1.5250732421875,976.046875,12.271152216292771,0,0,156,0.0,0.0,0.0,0.7,0.05,0.2,0.05
157,AlwaysCompact_C128,3,COMPACT_128KB,0.54875,-0.055,0.195709,0,297,1164.1012949220776,102.88214683532715,10,1.5250732421875,976.046875,12.271152216292771,0,0,156,0.0,0.0,0.0,0.7,0.05,0.2,0.05,176,764.4375886686397,164.54505920410156,10,1.5488357543945312,991.2548828125,8.598989439272058,0,0,157,0.0,0.0,0.0,0.7,0.1,0.15,0.05
158,AlwaysCompact_C128,3,COMPACT_128KB,0.54875,-0.055,0.197284,0,176,764.4375886686397,164.54505920410156,10,1.5488357543945312,991.2548828125,8.598989439272058,0,0,157,0.0,0.0,0.0,0.7,0.1,0.15,0.05,188,801.3678665906488,85.7858657836914,10,1.5740890502929688,1007.4169921875,6.572422051296213,0,0,158,0.0,0.0,0.0,0.65,0.1,0.15,0.1
159,AlwaysCompact_C128,3,COMPACT_128KB,0.548625,-0.055,0.196561,0,188,801.3678665906488,85.7858657836914,10,1.5740890502929688,1007.4169921875,6.572422051296213,0,0,158,0.0,0.0,0.0,0.65,0.1,0.15,0.1,206,861.7980143349299,116.9741153717041,11,1.4603188254616477,1028.064453125,24.941266733331847,0,0,159,0.0,0.0,0.0,0.65,0.1,0.15,0.1
160,AlwaysCompact_C128,3,COMPACT_128KB,0.548625,-0.055,0.196756,0,206,861.7980143349299,116.9741153717041,11,1.4603188254616477,1028.064453125,24.941266733331847,0,0,159,0.0,0.0,0.0,0.65,0.1,0.15,0.1,203,847.3526931972438,107.18846321105957,11,1.4850283536044033,1045.4599609375,19.906094191191734,0,0,160,0.0,0.0,0.0,0.65,0.1,0.15,0.1
161,AlwaysCompact_C128,3,COMPACT_128KB,0.548625,-0.055,0.196233,0,203,847.3526931972438,107.18846321105957,11,1.4850283536044033,1045.4599609375,19.906094191191734,0,0,160,0.0,0.0,0.0,0.65,0.1,0.15,0.1,229,947.2025750615857,133.37063789367676,11,1.5129228071732954,1065.09765625,14.402968102473025,0,0,161,0.0,0.0,0.0,0.6,0.1,0.2,0.1
162,AlwaysCompact_C128,3,COMPACT_128KB,0.548625,-0.055,0.194876,0,229,947.2025750615857,133.37063789367676,11,1.5129228071732954,1065.09765625,14.402968102473025,0,0,161,0.0,0.0,0.0,0.6,0.1,0.2,0.1,297,923.3480821957407,201.2186050415039,11,1.5490653298117898,1090.5419921875,8.190880374513627,0,0,162,0.0,0.0,0.0,0.55,0.15,0.2,0.1
163,AlwaysCompact_C128,3,COMPACT_128KB,0.548625,-0.055,0.197147,0,297,923.3480821957407,201.2186050415039,11,1.5490653298117898,1090.5419921875,8.190880374513627,0,0,162,0.0,0.0,0.0,0.55,0.15,0.2,0.1,158,674.7943715207667,87.62884140014648,11,1.5685272216796875,1104.2431640625,6.345929242229833,0,0,163,0.0,0.0,0.0,0.55,0.1,0.2,0.15
164,AlwaysCompact_C128,3,COMPACT_128KB,0.5485,-0.055,0.196937,0,158,674.7943715207667,87.62884140014648,11,1.5685272216796875,1104.2431640625,6.345929242229833,0,0,163,0.0,0.0,0.0,0.55,0.1,0.2,0.15,263,976.5576576113996,93.13845634460449,12,1.470959981282552,1129.697265625,22.461205037289023,0,0,164,0.0,0.0,0.0,0.5,0.1,0.2,0.2
165,AlwaysCompact_C128,3,COMPACT_128KB,0.5485,-0.055,0.195317,0,263,976.5576576113996,93.13845634460449,12,1.470959981282552,1129.697265625,22.461205037289023,0,0,164,0.0,0.0,0.0,0.5,0.1,0.2,0.2,239,960.7599294984286,174.16810989379883,12,1.4976577758789062,1150.201171875,16.836706633540942,0,0,165,0.0,0.0,0.05,0.5,0.1,0.15,0.2
166,AlwaysCompact_C128,3,COMPACT_128KB,0.5485,-0.055,0.196497,0,239,960.7599294984286,174.16810989379883,12,1.4976577758789062,1150.201171875,16.836706633540942,0,0,165,0.0,0.0,0.05,0.5,0.1,0.15,0.2,173,716.0312300174465,115.13113975524902,12,1.5171178181966145,1165.146484375,12.90406799904259,0,0,166,0.0,0.0,0.05,0.55,0.1,0.1,0.2
167,AlwaysCompact_C128,3,COMPACT_128KB,0.5485,-0.055,0.195346,0,173,716.0312300174465,115.13113975524902,12,1.5171178181966145,1165.146484375,12.90406799904259,0,0,166,0.0,0.0,0.05,0.55,0.1,0.1,0.2,186,773.0884313294131,172.70278930664062,12,1.5379892985026042,1181.17578125,9.080047201773086,0,0,167,0.0,0.0,0.1,0.5,0.1,0.1,0.2
168,AlwaysCompact_C128,3,COMPACT_128KB,0.5485,-0.055,0.196384,0,186,773.0884313294131,172.70278930664062,12,1.5379892985026042,1181.17578125,9.080047201773086,0,0,167,0.0,0.0,0.1,0.5,0.1,0.1,0.2,197,788.7424247486371,120.81766128540039,12,1.5600318908691406,1198.1044921875,6.336968208000112,0,0,168,0.0,0.0,0.1,0.5,0.1,0.1,0.2
169,AlwaysCompact_C128,3,COMPACT_128KB,0.5485,-0.055,0.196233,0,197,788.7424247486371,120.81766128540039,12,1.5600318908691406,1198.1044921875,6.336968208000112,0,0,168,0.0,0.0,0.1,0.5,0.1,0.1,0.2,196,810.2355101352916,128.3700466156006,12,1.5819651285807292,1214.94921875,6.744299222733462,0,0,169,0.0,0.0,0.1,0.5,0.1,0.1,0.2
170,AlwaysCompact_C128,3,COMPACT_128KB,0.548375,-0.055,0.195342,0,196,810.2355101352916,128.3700466156006,12,1.5819651285807292,1214.94921875,6.744299222733462,0,0,169,0.0,0.0,0.1,0.5,0.1,0.1,0.2,287,1064.4697950849752,167.8757667541504,13,1.4932814378004808,1242.41015625,21.45879350947034,0,0,170,0.0,0.0,0.15,0.5,0.1,0.05,0.2
171,AlwaysCompact_C128,3,COMPACT_128KB,0.548375,-0.055,0.196256,0,287,1064.4697950849752,167.8757667541504,13,1.4932814378004808,1242.41015625,21.45879350947034,0,0,170,0.0,0.0,0.15,0.5,0.1,0.05,0.2,216,801.8168610208373,122.21264839172363,13,1.5155757023737981,1260.958984375,16.62494044737246,0,0,171,0.0,0.0,0.15,0.5,0.1,0.05,0.2
172,AlwaysCompact_C128,3,COMPACT_128KB,0.548375,-0.055,0.19574,0,216,801.8168610208373,122.21264839172363,13,1.5155757023737981,1260.958984375,16.62494044737246,0,0,171,0.0,0.0,0.15,0.5,0.1,0.05,0.2,285,1042.04402926916,148.00310134887695,13,1.5450451190655048,1285.4775390625,10.69003132415528,0,0,172,0.0,0.0,0.15,0.5,0.1,0.05,0.2
173,AlwaysCompact_C128,3,COMPACT_128KB,0.548375,-0.055,0.196129,0,285,1042.04402926916,148.00310134887695,13,1.5450451190655048,1285.4775390625,10.69003132415528,0,0,172,0.0,0.0,0.15,0.5,0.1,0.05,0.2,253,928.4662319890525,128.53312492370605,13,1.5712350698617787,1307.267578125,6.915617935484859,0,0,173,0.0,0.0,0.15,0.45,0.1,0.1,0.2
174,AlwaysCompact_C128,3,COMPACT_128KB,0.548375,-0.055,0.196143,0,253,928.4662319890525,128.53312492370605,13,1.5712350698617787,1307.267578125,6.915617935484859,0,0,173,0.0,0.0,0.15,0.45,0.1,0.1,0.2,214,847.14700613666,127.84457206726074,13,1.5934366079477162,1325.7392578125,6.97870114361913,0,0,174,0.0,0.0,0.15,0.45,0.1,0.1,0.2
175,AlwaysCompact_C128,3,COMPACT_128KB,0.54825,-0.055,0.195889,0,214,847.14700613666,127.84457206726074,13,1.5934366079477162,1325.7392578125,6.97870114361913,0,0,174,0.0,0.0,0.15,0.45,0.1,0.1,0.2,197,800.035135485795,135.52570343017578,14,1.501819065638951,1345.6298828125,22.940979073247686,0,0,175,0.0,0.0,0.15,0.5,0.1,0.1,0.15
176,AlwaysCompact_C128,3,COMPACT_128KB,0.54825,-0.055,0.19608,0,197,800.035135485795,135.52570343017578,14,1.501819065638951,1345.6298828125,22.940979073247686,0,0,175,0.0,0.0,0.15,0.5,0.1,0.1,0.15,282,997.5127224027466,126.0216236114502,14,1.5287105015345983,1369.724609375,16.887771997276566,0,0,176,0.0,0.0,0.15,0.45,0.1,0.15,0.15
177,AlwaysCompact_C128,3,COMPACT_128KB,0.54825,-0.055,0.194875,0,282,997.5127224027466,126.0216236114502,14,1.5287105015345983,1369.724609375,16.887771997276566,0,0,176,0.0,0.0,0.15,0.45,0.1,0.15,0.15,209,831.6828596068951,186.26666069030762,14,1.5487234933035714,1387.65625,12.633354937076572,0,0,177,0.0,0.0,0.2,0.45,0.05,0.15,0.15
178,AlwaysCompact_C128,3,COMPACT_128KB,0.54825,-0.055,0.19482,0,209,831.6828596068951,186.26666069030762,14,1.5487234933035714,1387.65625,12.633354937076572,0,0,177,0.0,0.0,0.2,0.45,0.05,0.15,0.15,201,806.2189597299391,188.995361328125,14,1.5680781773158483,1404.998046875,9.046048897333137,0,0,178,0.0,0.0,0.25,0.45,0.05,0.15,0.1
179,AlwaysCompact_C128,3,COMPACT_128KB,0.54825,-0.055,0.19602,0,201,806.2189597299391,188.995361328125,14,1.5680781773158483,1404.998046875,9.046048897333137,0,0,178,0.0,0.0,0.25,0.45,0.05,0.15,0.1,217,850.1986098487573,129.0125846862793,14,1.5892769949776786,1423.9921875,6.778504916231538,0,0,179,0.0,0.0,0.25,0.45,0.05,0.15,0.1
180,AlwaysCompact_C128,3,COMPACT_128KB,0.548125,-0.055,0.195925,0,217,850.1986098487573,129.0125846862793,14,1.5892769949776786,1423.9921875,6.778504916231538,0,0,179,0.0,0.0,0.25,0.45,0.05,0.15,0.1,257,952.2605850300713,128.75008583068848,15,1.5093058268229167,1448.93359375,20.87100242428242,0,0,180,0.0,0.0,0.25,0.45,0.05,0.15,0.1
181,AlwaysCompact_C128,3,COMPACT_128KB,0.548125,-0.055,0.195808,0,257,952.2605850300713,128.75008583068848,15,1.5093058268229167,1448.93359375,20.87100242428242,0,0,180,0.0,0.0,0.25,0.45,0.05,0.15,0.1,279,1002.1322010994064,134.57894325256348,15,1.5341766357421875,1472.8095703125,15.139385931127931,0,0,181,0.0,0.0,0.25,0.5,0.05,0.1,0.1
182,AlwaysCompact_C128,3,COMPACT_128KB,0.548125,-0.055,0.195879,0,279,1002.1322010994064,134.57894325256348,15,1.5341766357421875,1472.8095703125,15.139385931127931,0,0,181,0.0,0.0,0.25,0.5,0.05,0.1,0.1,238,852.6253253148091,131.03246688842773,15,1.5555338541666666,1493.3125,10.612336036630376,0,0,182,0.0,0.0,0.25,0.5,0.0,0.15,0.1
183,AlwaysCompact_C128,3,COMPACT_128KB,0.548125,-0.055,0.19418,0,238,852.6253253148091,131.03246688842773,15,1.5555338541666666,1493.3125,10.612336036630376,0,0,182,0.0,0.0,0.25,0.5,0.0,0.15,0.1,263,829.7855334283148,215.99292755126953,15,1.5790384928385417,1515.876953125,7.007616287224928,0,0,183,0.0,0.0,0.25,0.55,0.0,0.15,0.05
184,AlwaysCompact_C128,3,COMPACT_128KB,0.548125,-0.055,0.195954,0,263,829.7855334283148,215.99292755126953,15,1.5790384928385417,1515.876953125,7.007616287224928,0,0,183,0.0,0.0,0.25,0.55,0.0,0.15,0.05,177,598.478641477188,127.27880477905273,15,1.5950663248697916,1531.263671875,6.687702420018655,0,0,184,0.0,0.0,0.25,0.6,0.0,0.15,0.0
185,AlwaysCompact_C128,3,COMPACT_128KB,0.548,-0.055,0.193863,0,177,598.478641477188,127.27880477905273,15,1.5950663248697916,1531.263671875,6.687702420018655,0,0,184,0.0,0.0,0.25,0.6,0.0,0.15,0.0,280,879.6963023553346,226.87172889709473,16,1.5216255187988281,1558.14453125,19.880027574958838,0,0,185,0.0,0.0,0.2,0.6,0.05,0.15,0.0
186,AlwaysCompact_C128,3,COMPACT_128KB,0.548,-0.055,0.194533,0,280,879.6963023553346,226.87172889709473,16,1.5216255187988281,1558.14453125,19.880027574958838,0,0,185,0.0,0.0,0.2,0.6,0.05,0.15,0.0,253,738.0614439772842,193.37224960327148,16,1.5428485870361328,1579.876953125,14.847227657976495,0,0,186,0.0,0.0,0.2,0.6,0.05,0.15,0.0
187,AlwaysCompact_C128,3,COMPACT_128KB,0.548,-0.055,0.195675,0,253,738.0614439772842,193.37224960327148,16,1.5428485870361328,1579.876953125,14.847227657976495,0,0,186,0.0,0.0,0.2,0.6,0.05,0.15,0.0,290,1000.0823516256553,136.2447738647461,16,1.5671463012695312,1604.7578125,9.634874221516593,0,0,187,0.0,0.0,0.15,0.65,0.05,0.15,0.0
188,AlwaysCompact_C128,3,COMPACT_128KB,0.548,-0.055,0.195839,0,290,1000.0823516256553,136.2447738647461,16,1.5671463012695312,1604.7578125,9.634874221516593,0,0,187,0.0,0.0,0.15,0.65,0.05,0.15,0.0,226,702.6046232380455,128.03030014038086,16,1.5861616134643555,1624.2294921875,6.851297454463164,0,0,188,0.0,0.0,0.15,0.65,0.05,0.15,0.0
189,AlwaysCompact_C128,3,COMPACT_128KB,0.548,-0.055,0.195749,0,226,702.6046232380455,128.03030014038086,16,1.5861616134643555,1624.2294921875,6.851297454463164,0,0,188,0.0,0.0,0.15,0.65,0.05,0.15,0.0,157,486.77637680377353,132.54880905151367,16,1.599395751953125,1637.78125,6.555308957319984,0,0,189,0.0,0.0,0.15,0.65,0.05,0.15,0.0
190,AlwaysCompact_C128,3,COMPACT_128KB,0.547875,-0.055,0.192788,0,157,486.77637680377353,132.54880905151367,16,1.599395751953125,1637.78125,6.555308957319984,0,0,189,0.0,0.0,0.15,0.65,0.05,0.15,0.0,249,802.400864801075,275.5768299102783,17,1.527670467601103,1662.10546875,19.96269740894701,0,0,190,0.0,0.0,0.15,0.65,0.05,0.15,0.0
191,AlwaysCompact_C128,3,COMPACT_128KB,0.547875,-0.055,0.195925,0,249,802.400864801075,275.5768299102783,17,1.527670467601103,1662.10546875,19.96269740894701,0,0,190,0.0,0.0,0.15,0.65,0.05,0.15,0.0,151,562.0674970979869,118.72506141662598,17,1.5395364200367647,1675.015625,17.023145968046826,0,0,191,0.0,0.0,0.15,0.6,0.05,0.15,0.05
192,AlwaysCompact_C128,3,COMPACT_128KB,0.547875,-0.055,0.194483,0,151,562.0674970979869,118.72506141662598,17,1.5395364200367647,1675.015625,17.023145968046826,0,0,191,0.0,0.0,0.15,0.6,0.05,0.15,0.05,239,775.8855164075966,190.8280849456787,17,1.5588809742647058,1696.0625,12.433164239717538,0,0,192,0.0,0.0,0.2,0.55,0.05,0.15,0.05
193,AlwaysCompact_C128,3,COMPACT_128KB,0.547875,-0.055,0.195218,0,239,775.8855164075966,190.8280849456787,17,1.5588809742647058,1696.0625,12.433164239717538,0,0,192,0.0,0.0,0.2,0.55,0.05,0.15,0.05,298,797.7931907831749,154.09231185913086,17,1.5820375330307905,1721.2568359375,7.8273228526258505,0,0,193,0.0,0.0,0.2,0.6,0.05,0.1,0.05
194,AlwaysCompact_C128,3,COMPACT_128KB,0.547875,-0.055,0.19596,0,298,797.7931907831749,154.09231185913086,17,1.5820375330307905,1721.2568359375,7.8273228526258505,0,0,193,0.0,0.0,0.2,0.6,0.05,0.1,0.05,291,802.2885719431602,116.98484420776367,17,1.6048951990464155,1746.1259765625,6.5109342898570635,0,0,194,0.0,0.0,0.2,0.55,0.05,0.1,0.1
195,AlwaysCompact_C128,3,COMPACT_128KB,0.54775,-0.055,0.195048,0,291,802.2885719431602,116.98484420776367,17,1.6048951990464155,1746.1259765625,6.5109342898570635,0,0,194,0.0,0.0,0.2,0.55,0.05,0.1,0.1,239,846.5913479403558,157.58085250854492,18,1.5360446506076388,1769.5234375,19.73318696771326,0,0,195,0.0,0.0,0.2,0.55,0.05,0.1,0.1
196,AlwaysCompact_C128,3,COMPACT_128KB,0.54775,-0.055,0.195094,0,239,846.5913479403558,157.58085250854492,18,1.5360446506076388,1769.5234375,19.73318696771326,0,0,195,0.0,0.0,0.2,0.55,0.05,0.1,0.1,234,793.4958937334767,155.2755832672119,18,1.5534998575846355,1789.6318359375,15.318280679267852,0,0,196,0.0,0.0,0.2,0.55,0.05,0.1,0.1
197,AlwaysCompact_C128,3,COMPACT_128KB,0.54775,-0.055,0.192746,0,234,793.4958937334767,155.2755832672119,18,1.5534998575846355,1789.6318359375,15.318280679267852,0,0,196,0.0,0.0,0.2,0.55,0.05,0.1,0.1,183,647.868467676112,272.6936340332031,18,1.56715816921658,1805.3662109375,12.037168482586504,0,0,197,0.0,0.0,0.15,0.55,0.1,0.1,0.1
198,AlwaysCompact_C128,3,COMPACT_128KB,0.54775,-0.055,0.195086,0,183,647.868467676112,272.6936340332031,18,1.56715816921658,1805.3662109375,12.037168482586504,0,0,197,0.0,0.0,0.15,0.55,0.1,0.1,0.1,202,700.2952508005151,155.69472312927246,18,1.5823008219401042,1822.810546875,8.805519856709164,0,0,198,0.0,0.0,0.1,0.6,0.1,0.1,0.1
199,AlwaysCompact_C128,3,COMPACT_128KB,0.54775,-0.055,0.195164,0,202,700.2952508005151,155.69472312927246,18,1.5823008219401042,1822.810546875,8.805519856709164,0,0,198,0.0,0.0,0.1,0.6,0.1,0.1,0.1,201,598.901520172711,151.78704261779785,18,1.5972824096679688,1840.0693359375,6.646162548161076,0,0,199,0.0,0.0,0.1,0.6,0.1,0.1,0.1
200,AlwaysCompact_C128,3,COMPACT_128KB,0.54775,-0.055,0.195046,0,201,598.901520172711,151.78704261779785,18,1.5972824096679688,1840.0693359375,6.646162548161076,0,0,199,0.0,0.0,0.1,0.6,0.1,0.1,0.1,228,583.0295007767213,157.72175788879395,18,1.6143256293402777,1859.703125,6.81582394354167,0,0,200,0.0,0.0,0.1,0.6,0.1,0.1,0.1
201,AlwaysCompact_C128,3,COMPACT_128KB,0.547625,-0.055,0.194086,0,228,583.0295007767213,157.72175788879395,18,1.6143256293402777,1859.703125,6.81582394354167,0,0,200,0.0,0.0,0.1,0.6,0.1,0.1,0.1,279,910.974026348096,200.7133960723877,19,1.551478335731908,1886.59765625,18.74199712297895,0,0,201,0.0,0.0,0.15,0.55,0.1,0.1,0.1
202,AlwaysCompact_C128,3,COMPACT_128KB,0.547625,-0.055,0.194694,0,279,910.974026348096,200.7133960723877,19,1.551478335731908,1886.59765625,18.74199712297895,0,0,201,0.0,0.0,0.15,0.55,0.1,0.1,0.1,275,706.1342632272347,170.29690742492676,19,1.5707935534025494,1910.0849609375,13.833087782493669,0,0,202,0.0,0.0,0.15,0.55,0.1,0.1,0.1
203,AlwaysCompact_C128,3,COMPACT_128KB,0.547625,-0.055,0.193981,0,275,706.1342632272347,170.29690742492676,19,1.5707935534025494,1910.0849609375,13.833087782493669,0,0,202,0.0,0.0,0.15,0.55,0.1,0.1,0.1,273,833.387307536946,205.95717430114746,19,1.5900862844366777,1933.544921875,9.465715235454915,0,0,203,0.0,0.0,0.2,0.5,0.1,0.1,0.1
204,AlwaysCompact_C128,3,COMPACT_128KB,0.547625,-0.055,0.195391,0,273,833.387307536946,205.95717430114746,19,1.5900862844366777,1933.544921875,9.465715235454915,0,0,203,0.0,0.0,0.2,0.5,0.1,0.1,0.1,300,903.288126735448,135.44368743896484,19,1.6111795525801809,1959.1943359375,6.681682697413184,0,0,204,0.0,0.0,0.2,0.45,0.1,0.1,0.15
205,AlwaysCompact_C128,3,COMPACT_128KB,0.5475,-0.055,0.194922,0,300,903.288126735448,135.44368743896484,19,1.6111795525801809,1959.1943359375,6.681682697413184,0,0,204,0.0,0.0,0.2,0.45,0.1,0.1,0.15,185,669.4899703281504,153.89299392700195,20,1.545386505126953,1978.0947265625,19.9224574935679,0,0,205,0.0,0.0,0.2,0.45,0.05,0.15,0.15
206,AlwaysCompact_C128,3,COMPACT_128KB,0.5475,-0.055,0.191811,0,185,669.4899703281504,153.89299392700195,20,1.545386505126953,1978.0947265625,19.9224574935679,0,0,205,0.0,0.0,0.2,0.45,0.05,0.15,0.15,223,796.0497445028103,309.4630241394043,20,1.5603179931640625,1997.20703125,15.944085287122038,0,0,206,0.0,0.0,0.25,0.4,0.05,0.15,0.15
207,AlwaysCompact_C128,3,COMPACT_128KB,0.5475,-0.055,0.194949,0,223,796.0497445028103,309.4630241394043,20,1.5603179931640625,1997.20703125,15.944085287122038,0,0,206,0.0,0.0,0.25,0.4,0.05,0.15,0.15,153,528.6136489443024,152.56118774414062,20,1.570623779296875,2010.3984375,13.305441462481898,0,0,207,0.0,0.0,0.25,0.35,0.05,0.2,0.15
208,AlwaysCompact_C128,3,COMPACT_128KB,0.5475,-0.055,0.192258,0,153,528.6136489443024,152.56118774414062,20,1.570623779296875,2010.3984375,13.305441462481898,0,0,207,0.0,0.0,0.25,0.35,0.05,0.2,0.15,172,701.3729451099231,287.078857421875,20,1.5822471618652343,2025.2763671875,10.529435471783206,0,0,208,0.0,0.0,0.25,0.3,0.1,0.2,0.15
209,AlwaysCompact_C128,3,COMPACT_128KB,0.5475,-0.055,0.194467,0,172,701.3729451099231,287.078857421875,20,1.5822471618652343,2025.2763671875,10.529435471783206,0,0,208,0.0,0.0,0.25,0.3,0.1,0.2,0.15,224,770.7265119018614,176.66125297546387,20,1.5972770690917968,2044.5146484375,7.624209630617171,0,0,209,0.0,0.0,0.25,0.3,0.1,0.2,0.15
210,AlwaysCompact_C128,3,COMPACT_128KB,0.5475,-0.055,0.195239,0,224,770.7265119018614,176.66125297546387,20,1.5972770690917968,2044.5146484375,7.624209630617171,0,0,209,0.0,0.0,0.25,0.3,0.1,0.2,0.15,154,497.59363620326127,138.0441188812256,20,1.6076309204101562,2057.767578125,6.582306155830118,0,0,210,0.0,0.0,0.2,0.3,0.1,0.2,0.2
211,AlwaysCompact_C128,3,COMPACT_128KB,0.547375,-0.055,0.195372,0,154,497.59363620326127,138.0441188812256,20,1.6076309204101562,2057.767578125,6.582306155830118,0,0,210,0.0,0.0,0.2,0.3,0.1,0.2,0.2,290,922.2024625462485,126.4200210571289,21,1.5517091296968006,2085.4970703125,17.611180163352163,0,0,211,0.0,0.0,0.2,0.3,0.1,0.2,0.2
212,AlwaysCompact_C128,3,COMPACT_128KB,0.547375,-0.055,0.19221,0,290,922.2024625462485,126.4200210571289,21,1.5517091296968006,2085.4970703125,17.611180163352163,0,0,211,0.0,0.0,0.2,0.3,0.1,0.2,0.2,266,819.1687229987107,284.5015525817871,21,1.5687343052455358,2108.37890625,13.088087617681964,0,0,212,0.0,0.0,0.2,0.3,0.1,0.2,0.2
213,AlwaysCompact_C128,3,COMPACT_128KB,0.547375,-0.055,0.194491,0,266,819.1687229987107,284.5015525817871,21,1.5687343052455358,2108.37890625,13.088087617681964,0,0,212,0.0,0.0,0.2,0.3,0.1,0.2,0.2,257,676.0632024841464,170.44520378112793,21,1.5851854596819197,2130.4892578125,9.192125228693515,0,0,213,0.0,0.0,0.2,0.25,0.1,0.25,0.2
214,AlwaysCompact_C128,3,COMPACT_128KB,0.547375,-0.055,0.195258,0,257,676.0632024841464,170.44520378112793,21,1.5851854596819197,2130.4892578125,9.192125228693515,0,0,213,0.0,0.0,0.2,0.25,0.1,0.25,0.2,200,535.1874264314173,132.10773468017578,21,1.5979759579613095,2147.6796875,7.012751378442443,0,0,214,0.0,0.0,0.2,0.25,0.1,0.25,0.2
215,AlwaysCompact_C128,3,COMPACT_128KB,0.547375,-0.055,0.191768,0,200,535.1874264314173,132.10773468017578,21,1.5979759579613095,2147.6796875,7.012751378442443,0,0,214,0.0,0.0,0.2,0.25,0.1,0.25,0.2,213,691.2880107648773,306.6065311431885,21,1.611571539015997,2165.9521484375,6.518904349500852,0,0,215,0.0,0.0,0.2,0.2,0.15,0.25,0.2
216,AlwaysCompact_C128,3,COMPACT_128KB,0.54725,-0.055,0.195137,0,213,691.2880107648773,306.6065311431885,21,1.611571539015997,2165.9521484375,6.518904349500852,0,0,215,0.0,0.0,0.2,0.2,0.15,0.25,0.2,276,859.9271456618776,133.12530517578125,22,1.5572058937766335,2192.5458984375,17.51598194994458,0,0,216,0.0,0.0,0.2,0.2,0.15,0.2,0.25
217,AlwaysCompact_C128,3,COMPACT_128KB,0.54725,-0.055,0.194814,0,276,859.9271456618776,133.12530517578125,22,1.5572058937766335,2192.5458984375,17.51598194994458,0,0,216,0.0,0.0,0.2,0.2,0.15,0.2,0.25,274,799.9143149279984,149.3227481842041,22,1.5739239779385654,2216.0849609375,12.96887536968925,0,0,217,0.0,0.0,0.2,0.2,0.1,0.2,0.3
218,AlwaysCompact_C128,3,COMPACT_128KB,0.54725,-0.055,0.195072,0,274,799.9143149279984,149.3227481842041,22,1.5739239779385654,2216.0849609375,12.96887536968925,0,0,217,0.0,0.0,0.2,0.2,0.1,0.2,0.3,272,811.6357903528624,136.3837718963623,22,1.5905088944868608,2239.4365234375,8.969354830505745,0,0,218,0.0,0.0,0.2,0.15,0.1,0.2,0.35
219,AlwaysCompact_C128,3,COMPACT_128KB,0.54725,-0.055,0.194158,0,272,811.6357903528624,136.3837718963623,22,1.5905088944868608,2239.4365234375,8.969354830505745,0,0,218,0.0,0.0,0.2,0.15,0.1,0.2,0.35,227,757.0085050523843,182.0969581604004,22,1.6043728915127842,2258.95703125,6.718790119757612,0,0,219,0.0,0.0,0.2,0.1,0.1,0.25,0.35
220,AlwaysCompact_C128,3,COMPACT_128KB,0.54725,-0.055,0.192165,0,227,757.0085050523843,182.0969581604004,22,1.6043728915127842,2258.95703125,6.718790119757612,0,0,219,0.0,0.0,0.2,0.1,0.1,0.25,0.35,183,650.9784569873368,281.76021575927734,22,1.6155000166459517,2274.6240234375,6.470176366882119,0,0,220,0.0,0.0,0.2,0.1,0.1,0.25,0.35
221,AlwaysCompact_C128,3,COMPACT_128KB,0.547125,-0.055,0.192962,0,183,650.9784569873368,281.76021575927734,22,1.6155000166459517,2274.6240234375,6.470176366882119,0,0,220,0.0,0.0,0.2,0.1,0.1,0.25,0.35,189,666.932065299694,236.88578605651855,23,1.5582991890285327,2293.81640625,18.660191120244782,0,0,221,0.0,0.0,0.2,0.1,0.1,0.25,0.35
222,AlwaysCompact_C128,3,COMPACT_128KB,0.547125,-0.055,0.190796,0,189,666.932065299694,236.88578605651855,23,1.5582991890285327,2293.81640625,18.660191120244782,0,0,221,0.0,0.0,0.2,0.1,0.1,0.25,0.35,173,599.3273330222224,345.196008682251,23,1.5684336786684783,2308.734375,15.7687556989237,0,0,222,0.0,0.0,0.2,0.1,0.15,0.2,0.35
223,AlwaysCompact_C128,3,COMPACT_128KB,0.547125,-0.055,0.193842,0,173,599.3273330222224,345.196008682251,23,1.5684336786684783,2308.734375,15.7687556989237,0,0,222,0.0,0.0,0.2,0.1,0.15,0.2,0.35,187,554.8837562044043,192.89708137512207,23,1.579326463782269,2324.7685546875,12.776303096349103,0,0,223,0.0,0.0,0.15,0.1,0.15,0.25,0.35
224,AlwaysCompact_C128,3,COMPACT_128KB,0.547125,-0.055,0.194224,0,187,554.8837562044043,192.89708137512207,23,1.579326463782269,2324.7685546875,12.776303096349103,0,0,223,0.0,0.0,0.15,0.1,0.15,0.25,0.35,209,777.3400963373367,173.79379272460938,23,1.5915215533712637,2342.7197265625,9.701895344148427,0,0,224,0.0,0.0,0.15,0.15,0.15,0.25,0.3
225,AlwaysCompact_C128,3,COMPACT_128KB,0.547125,-0.055,0.194143,0,209,777.3400963373367,173.79379272460938,23,1.5915215533712637,2342.7197265625,9.701895344148427,0,0,224,0.0,0.0,0.15,0.15,0.15,0.25,0.3,285,917.1422718473865,177.8261661529541,23,1.6080726955247961,2367.0830078125,6.719918448135348,0,0,225,0.0,0.0,0.15,0.2,0.15,0.2,0.3
226,AlwaysCompact_C128,3,COMPACT_128KB,0.547125,-0.055,0.190393,0,285,917.1422718473865,177.8261661529541,23,1.6080726955247961,2367.0830078125,6.719918448135348,0,0,225,0.0,0.0,0.15,0.2,0.15,0.2,0.3,179,662.6534685624158,365.3573989868164,23,1.6185209854789402,2382.462890625,6.389059110146297,0,0,226,0.0,0.0,0.1,0.2,0.2,0.2,0.3
227,AlwaysCompact_C128,3,COMPACT_128KB,0.547,-0.055,0.192899,0,179,662.6534685624158,365.3573989868164,23,1.6185209854789402,2382.462890625,6.389059110146297,0,0,226,0.0,0.0,0.1,0.2,0.2,0.2,0.3,175,506.46338299504856,235.05234718322754,24,1.5628217061360676,2400.494140625,18.54789948845608,0,0,227,0.0,0.0,0.15,0.2,0.2,0.15,0.3
228,AlwaysCompact_C128,3,COMPACT_128KB,0.547,-0.055,0.193963,0,175,506.46338299504856,235.05234718322754,24,1.5628217061360676,2400.494140625,18.54789948845608,0,0,227,0.0,0.0,0.15,0.2,0.2,0.15,0.3,229,706.8392740974052,181.84876441955566,24,1.5755926767985027,2420.1103515625,14.839265578014798,0,0,228,0.0,0.0,0.15,0.25,0.15,0.15,0.3
229,AlwaysCompact_C128,3,COMPACT_128KB,0.547,-0.055,0.191746,0,229,706.8392740974052,181.84876441955566,24,1.5755926767985027,2420.1103515625,14.839265578014798,0,0,228,0.0,0.0,0.15,0.25,0.15,0.15,0.3,165,680.4891229533021,292.70243644714355,24,1.5848395029703777,2434.3134765625,12.27051354687544,0,0,229,0.0,0.0,0.15,0.25,0.15,0.15,0.3
230,AlwaysCompact_C128,3,COMPACT_128KB,0.547,-0.055,0.19379,0,165,680.4891229533021,292.70243644714355,24,1.5848395029703777,2434.3134765625,12.27051354687544,0,0,229,0.0,0.0,0.15,0.25,0.15,0.15,0.3,263,744.6176825967273,190.48762321472168,24,1.5995063781738281,2456.841796875,8.636412548597642,0,0,230,0.0,0.0,0.15,0.25,0.15,0.2,0.25
231,AlwaysCompact_C128,3,COMPACT_128KB,0.547,-0.055,0.194821,0,263,744.6176825967273,190.48762321472168,24,1.5995063781738281,2456.841796875,8.636412548597642,0,0,230,0.0,0.0,0.15,0.25,0.15,0.2,0.25,275,810.1223716916343,138.9307975769043,24,1.6148389180501301,2480.392578125,6.354373196222482,0,0,231,0.0,0.0,0.15,0.25,0.15,0.2,0.25
232,AlwaysCompact_C128,3,COMPACT_128KB,0.546875,-0.055,0.19243,0,275,810.1223716916343,138.9307975769043,24,1.6148389180501301,2480.392578125,6.354373196222482,0,0,231,0.0,0.0,0.15,0.25,0.15,0.2,0.25,290,866.6151976186303,253.50284576416016,25,1.56759521484375,2508.15234375,16.34775552946911,0,0,232,0.0,0.0,0.15,0.25,0.15,0.2,0.25
233,AlwaysCompact_C128,3,COMPACT_128KB,0.546875,-0.055,0.193784,0,290,866.6151976186303,253.50284576416016,25,1.56759521484375,2508.15234375,16.34775552946911,0,0,232,0.0,0.0,0.15,0.25,0.15,0.2,0.25,170,511.1884208420828,185.80174446105957,25,1.57670654296875,2522.73046875,13.696467785849293,0,0,233,0.0,0.0,0.15,0.25,0.15,0.2,0.25
234,AlwaysCompact_C128,3,COMPACT_128KB,0.546875,-0.055,0.192662,0,170,511.1884208420828,185.80174446105957,25,1.57670654296875,2522.73046875,13.696467785849293,0,0,233,0.0,0.0,0.15,0.25,0.15,0.2,0.25,214,579.3136614674062,241.8990135192871,25,1.588170166015625,2541.072265625,10.560530607675325,0,0,234,0.0,0.0,0.2,0.25,0.15,0.2,0.2
235,AlwaysCompact_C128,3,COMPACT_128KB,0.546875,-0.055,0.193816,0,214,579.3136614674062,241.8990135192871,25,1.588170166015625,2541.072265625,10.560530607675325,0,0,234,0.0,0.0,0.2,0.25,0.15,0.2,0.2,277,866.8736498727097,184.18073654174805,25,1.603050537109375,2564.880859375,7.275008614743649,0,0,235,0.0,0.0,0.2,0.3,0.1,0.2,0.2
236,AlwaysCompact_C128,3,COMPACT_128KB,0.546875,-0.055,0.193676,0,277,866.8736498727097,184.18073654174805,25,1.603050537109375,2564.880859375,7.275008614743649,0,0,235,0.0,0.0,0.2,0.3,0.1,0.2,0.2,169,559.4952305704451,191.1766529083252,25,1.6121240234375,2579.3984375,6.280954899221542,0,0,236,0.0,0.0,0.2,0.35,0.1,0.2,0.15
237,AlwaysCompact_C128,3,COMPACT_128KB,0.54675,-0.055,0.192635,0,169,559.4952305704451,191.1766529083252,25,1.6121240234375,2579.3984375,6.280954899221542,0,0,236,0.0,0.0,0.2,0.35,0.1,0.2,0.15,278,840.2814196663423,238.24524879455566,26,1.5661908663236177,2606.1416015625,16.20381092488115,0,0,237,0.0,0.0,0.25,0.35,0.1,0.2,0.1
238,AlwaysCompact_C128,3,COMPACT_128KB,0.54675,-0.055,0.189551,0,278,840.2814196663423,238.24524879455566,26,1.5661908663236177,2606.1416015625,16.20381092488115,0,0,237,0.0,0.0,0.25,0.35,0.1,0.2,0.1,234,791.4961802881417,392.4438953399658,26,1.578259981595553,2626.224609375,12.64907708911537,0,0,238,0.0,0.0,0.25,0.35,0.15,0.2,0.05
239,AlwaysCompact_C128,3,COMPACT_128KB,0.54675,-0.055,0.189997,0,234,791.4961802881417,392.4438953399658,26,1.578259981595553,2626.224609375,12.64907708911537,0,0,238,0.0,0.0,0.25,0.35,0.15,0.2,0.05,289,893.5201152877956,370.1589107513428,26,1.593155494103065,2651.0107421875,8.728698822971756,0,0,239,0.0,0.0,0.25,0.35,0.2,0.15,0.05
240,AlwaysCompact_C128,3,COMPACT_128KB,0.54675,-0.055,0.190124,0,289,893.5201152877956,370.1589107513428,26,1.593155494103065,2651.0107421875,8.728698822971756,0,0,239,0.0,0.0,0.25,0.35,0.2,0.15,0.05,269,835.7012899187829,363.79289627075195,26,1.6070451002854567,2674.123046875,6.373342295633102,0,0,240,0.0,0.0,0.25,0.3,0.25,0.15,0.05
241,AlwaysCompact_C128,3,COMPACT_128KB,0.54675,-0.055,0.19447,0,269,835.7012899187829,363.79289627075195,26,1.6070451002854567,2674.123046875,6.373342295633102,0,0,240,0.0,0.0,0.25,0.3,0.25,0.15,0.05,235,866.1386385704683,146.47817611694336,26,1.6192280695988581,2694.3955078125,6.576242282010589,0,0,241,0.0,0.0,0.2,0.3,0.25,0.15,0.1
242,AlwaysCompact_C128,3,COMPACT_128KB,0.546625,-0.055,0.188267,0,235,866.1386385704683,146.47817611694336,26,1.6192280695988581,2694.3955078125,6.576242282010589,0,0,241,0.0,0.0,0.2,0.3,0.25,0.15,0.1,241,957.2363849865292,451.65395736694336,27,1.5730901647497106,2718.2998046875,16.643362069364954,0,0,242,0.0,0.0,0.25,0.3,0.2,0.15,0.1
243,AlwaysCompact_C128,3,COMPACT_128KB,0.546625,-0.055,0.194335,0,241,957.2363849865292,451.65395736694336,27,1.5730901647497106,2718.2998046875,16.643362069364954,0,0,242,0.0,0.0,0.25,0.3,0.2,0.15,0.1,241,461.22420239293524,148.25057983398438,27,1.585052490234375,2738.970703125,13.067202491356216,0,0,243,0.0,0.0,0.25,0.3,0.2,0.1,0.15
244,AlwaysCompact_C128,3,COMPACT_128KB,0.546625,-0.055,0.194272,0,241,461.22420239293524,148.25057983398438,27,1.585052490234375,2738.970703125,13.067202491356216,0,0,243,0.0,0.0,0.25,0.3,0.2,0.1,0.15,199,566.3079042034801,151.41630172729492,27,1.594920970775463,2756.0234375,10.340466529263095,0,0,244,0.0,0.0,0.25,0.25,0.2,0.1,0.2
245,AlwaysCompact_C128,3,COMPACT_128KB,0.546625,-0.055,0.190577,0,199,566.3079042034801,151.41630172729492,27,1.594920970775463,2756.0234375,10.340466529263095,0,0,244,0.0,0.0,0.25,0.25,0.2,0.1,0.2,265,784.8800108464771,336.14253997802734,27,1.6079305013020833,2778.50390625,7.463178493354268,0,0,245,0.0,0.0,0.25,0.2,0.25,0.1,0.2
246,AlwaysCompact_C128,3,COMPACT_128KB,0.546625,-0.055,0.19428,0,265,784.8800108464771,336.14253997802734,27,1.6079305013020833,2778.50390625,7.463178493354268,0,0,245,0.0,0.0,0.25,0.2,0.25,0.1,0.2,257,681.8617370666316,151.01385116577148,27,1.6206868489583333,2800.546875,6.466758208744946,0,0,246,0.0,0.0,0.25,0.2,0.2,0.1,0.25
247,AlwaysCompact_C128,3,COMPACT_128KB,0.5465,-0.055,0.19205,0,257,681.8617370666316,151.01385116577148,27,1.6206868489583333,2800.546875,6.466758208744946,0,0,246,0.0,0.0,0.25,0.2,0.2,0.1,0.25,166,519.7748047637568,257.5228214263916,28,1.5724334716796875,2817.80078125,17.530211700681516,0,0,247,0.0,0.0,0.25,0.2,0.2,0.1,0.25
248,AlwaysCompact_C128,3,COMPACT_128KB,0.5465,-0.055,0.1903,0,166,519.7748047637568,257.5228214263916,28,1.5724334716796875,2817.80078125,17.530211700681516,0,0,247,0.0,0.0,0.25,0.2,0.2,0.1,0.25,163,566.264529509598,345.0124263763428,28,1.5802383422851562,2831.787109375,15.09665686164774,0,0,248,0.0,0.0,0.25,0.15,0.25,0.1,0.25
249,AlwaysCompact_C128,3,COMPACT_128KB,0.5465,-0.055,0.193334,0,163,566.264529509598,345.0124263763428,28,1.5802383422851562,2831.787109375,15.09665686164774,0,0,248,0.0,0.0,0.25,0.15,0.25,0.1,0.25,251,757.6497973042509,193.32313537597656,28,1.5922704424176897,2853.3486328125,11.527348880828544,0,0,249,0.0,0.0,0.25,0.15,0.25,0.1,0.25
250,AlwaysCompact_C128,3,COMPACT_128KB,0.5465,-0.055,0.189964,0,251,757.6497973042509,193.32313537597656,28,1.5922704424176897,2853.3486328125,11.527348880828544,0,0,249,0.0,0.0,0.25,0.15,0.25,0.1,0.25,163,554.078201460422,361.8125915527344,28,1.6004328046526228,2867.9755859375,9.344417928463807,0,0,250,0.0,0.0,0.25,0.15,0.3,0.05,0.25
251,AlwaysCompact_C128,3,COMPACT_128KB,0.164,-0.055,0.19217,0,163,554.078201460422,361.8125915527344,28,1.6004328046526228,2867.9755859375,9.344417928463807,0,0,250,0.0,0.0,0.25,0.15,0.3,0.05,0.25,53,200.62970283447143,251.51300430297852,28,1.602689470563616,2872.01953125,8.79876128123393,0,0,251,0.0,0.0,0.3,0.15,0.3,0.05,0.2
252,AlwaysCompact_C128,3,COMPACT_128KB,-0.1285,-0.055,0.194248,0,53,200.62970283447143,251.51300430297852,28,1.602689470563616,2872.01953125,8.79876128123393,0,0,251,0.0,0.0,0.3,0.15,0.3,0.05,0.2,46,104.28313594243883,147.60088920593262,28,1.6049853733607702,2876.1337890625,8.279182966470723,0,0,252,0.0,0.0,0.25,0.15,0.3,0.05,0.25
253,AlwaysCompact_C128,3,COMPACT_128KB,0.164,-0.055,0.188583,0,46,104.28313594243883,147.60088920593262,28,1.6049853733607702,2876.1337890625,8.279182966470723,0,0,252,0.0,0.0,0.25,0.15,0.3,0.05,0.25,75,273.92887682932565,430.8464527130127,28,1.608565194266183,2882.548828125,7.557892342626248,0,0,253,0.0,0.0,0.25,0.15,0.35,0.0,0.25
254,AlwaysCompact_C128,3,COMPACT_128KB,-0.1285,-0.055,0.19261,0,75,273.92887682932565,430.8464527130127,28,1.608565194266183,2882.548828125,7.557892342626248,0,0,253,0.0,0.0,0.25,0.15,0.35,0.0,0.25,35,133.85144924563002,229.50506210327148,28,1.610304696219308,2885.666015625,7.254807170435952,0,0,254,0.0,0.0,0.2,0.15,0.35,0.05,0.25
255,AlwaysCompact_C128,3,COMPACT_128KB,0.164,-0.055,0.194253,0,35,133.85144924563002,229.50506210327148,28,1.610304696219308,2885.666015625,7.254807170435952,0,0,254,0.0,0.0,0.2,0.15,0.35,0.05,0.25,55,202.99531684755732,147.34387397766113,28,1.612978254045759,2890.45703125,6.8618621074411825,0,0,255,0.0,0.0,0.2,0.1,0.35,0.05,0.3
256,AlwaysCompact_C128,3,COMPACT_128KB,-0.1285,-0.055,0.192011,0,55,202.99531684755732,147.34387397766113,28,1.612978254045759,2890.45703125,6.8618621074411825,0,0,255,0.0,0.0,0.2,0.1,0.35,0.05,0.3,31,104.81651868703072,259.4256401062012,28,1.6144752502441406,2893.1396484375,6.685449000496645,0,0,256,0.0,0.0,0.2,0.1,0.35,0.05,0.3
257,AlwaysCompact_C128,3,COMPACT_128KB,0.164,-0.055,0.194351,0,31,104.81651868703072,259.4256401062012,28,1.6144752502441406,2893.1396484375,6.685449000496645,0,0,256,0.0,0.0,0.2,0.1,0.35,0.05,0.3,69,277.44015000963446,142.43507385253906,28,1.617788587297712,2899.0771484375,6.421330188972706,0,0,257,0.0,0.0,0.15,0.1,0.35,0.05,0.35
258,AlwaysCompact_C128,3,COMPACT_128KB,-0.128625,-0.055,0.193113,0,69,277.44015000963446,142.43507385253906,28,1.617788587297712,2899.0771484375,6.421330188972706,0,0,257,0.0,0.0,0.15,0.1,0.35,0.05,0.35,41,163.78741200662515,199.3422508239746,29,1.5654386323073815,2905.4541015625,19.112574968575448,0,0,258,0.0,0.0,0.15,0.15,0.3,0.05,0.35
259,AlwaysCompact_C128,3,COMPACT_128KB,0.163875,-0.055,0.192571,0,41,163.78741200662515,199.3422508239746,29,1.5654386323073815,2905.4541015625,19.112574968575448,0,0,258,0.0,0.0,0.15,0.15,0.3,0.05,0.35,59,278.60501111767854,226.43446922302246,29,1.5681831096780712,2910.5478515625,18.222322873293788,0,0,259,0.0,0.0,0.15,0.15,0.25,0.1,0.35
260,AlwaysCompact_C128,3,COMPACT_128KB,0.163875,-0.055,0.193311,0,59,278.60501111767854,226.43446922302246,29,1.5681831096780712,2910.5478515625,18.222322873293788,0,0,259,0.0,0.0,0.15,0.15,0.25,0.1,0.35,54,193.77969120835309,189.44454193115234,29,1.5708628687365302,2915.521484375,17.358743172080686,0,0,260,0.0,0.0,0.15,0.2,0.2,0.1,0.35
261,AlwaysCompact_C128,3,COMPACT_128KB,-0.128625,-0.055,0.194183,0,54,193.77969120835309,189.44454193115234,29,1.5708628687365302,2915.521484375,17.358743172080686,0,0,260,0.0,0.0,0.15,0.2,0.2,0.1,0.35,32,118.1719817958184,145.84040641784668,29,1.5721898572198276,2917.984375,16.93345204905146,0,0,261,0.0,0.0,0.15,0.2,0.2,0.1,0.35
262,AlwaysCompact_C128,3,COMPACT_128KB,-0.128625,-0.055,0.193901,0,32,118.1719817958184,145.84040641784668,29,1.5721898572198276,2917.984375,16.93345204905146,0,0,261,0.0,0.0,0.15,0.2,0.2,0.1,0.35,49,170.59484316415865,159.93428230285645,29,1.5744555243130387,2922.189453125,16.21135495538742,0,0,262,0.0,0.0,0.1,0.2,0.2,0.1,0.4
263,AlwaysCompact_C128,3,COMPACT_128KB,-0.128625,-0.055,0.191989,0,49,170.59484316415865,159.93428230285645,29,1.5744555243130387,2922.189453125,16.21135495538742,0,0,262,0.0,0.0,0.1,0.2,0.2,0.1,0.4,31,136.86143171265962,255.54680824279785,29,1.5758982691271552,2924.8671875,15.754455640995237,0,0,263,0.0,0.0,0.15,0.2,0.2,0.1,0.35
264,AlwaysCompact_C128,3,COMPACT_128KB,-0.128625,-0.055,0.19225,0,31,136.86143171265962,255.54680824279785,29,1.5758982691271552,2924.8671875,15.754455640995237,0,0,263,0.0,0.0,0.15,0.2,0.2,0.1,0.35,43,152.58672875436554,242.50483512878418,29,1.577875071558459,2928.5361328125,15.132557939559966,0,0,264,0.0,0.0,0.2,0.2,0.2,0.1,0.3
265,AlwaysCompact_C128,3,COMPACT_128KB,-0.128625,-0.055,0.192758,0,43,152.58672875436554,242.50483512878418,29,1.577875071558459,2928.5361328125,15.132557939559966,0,0,264,0.0,0.0,0.2,0.2,0.2,0.1,0.3,42,174.01292644884194,217.09966659545898,29,1.5798018883014548,2932.1123046875,14.531513966085896,0,0,265,0.0,0.0,0.2,0.2,0.15,0.15,0.3
266,AlwaysCompact_C128,3,COMPACT_128KB,-0.128625,-0.055,0.1921,0,42,174.01292644884194,217.09966659545898,29,1.5798018883014548,2932.1123046875,14.531513966085896,0,0,265,0.0,0.0,0.2,0.2,0.15,0.15,0.3,45,195.64830430730925,250.02050399780273,29,1.5818855022561962,2935.9794921875,13.888022774938145,0,0,266,0.0,0.0,0.25,0.2,0.15,0.15,0.25
267,AlwaysCompact_C128,3,COMPACT_128KB,-0.128625,-0.055,0.192969,0,45,195.64830430730925,250.02050399780273,29,1.5818855022561962,2935.9794921875,13.888022774938145,0,0,266,0.0,0.0,0.25,0.2,0.15,0.15,0.25,30,86.43576211074269,206.5560817718506,29,1.5832798398774246,2938.5673828125,13.461620141933674,0,0,267,0.0,0.0,0.2,0.2,0.15,0.2,0.25
268,AlwaysCompact_C128,3,COMPACT_128KB,-0.128625,-0.055,0.189262,0,30,86.43576211074269,206.5560817718506,29,1.5832798398774246,2938.5673828125,13.461620141933674,0,0,267,0.0,0.0,0.2,0.2,0.15,0.2,0.25,33,91.74963541970483,391.9212818145752,29,1.5847951954808728,2941.3798828125,13.002493291020441,0,0,268,0.0,0.0,0.2,0.2,0.15,0.2,0.25
269,AlwaysCompact_C128,3,COMPACT_128KB,0.163875,-0.055,0.188417,0,33,91.74963541970483,391.9212818145752,29,1.5847951954808728,2941.3798828125,13.002493291020441,0,0,268,0.0,0.0,0.2,0.2,0.15,0.2,0.25,64,225.41216342742462,434.1411590576172,29,1.5877764471646012,2946.9130859375,12.11416517062796,0,0,269,0.0,0.0,0.2,0.15,0.2,0.2,0.25
270,AlwaysCompact_C128,3,COMPACT_128KB,0.163875,-0.055,0.194066,0,64,225.41216342742462,434.1411590576172,29,1.5877764471646012,2946.9130859375,12.11416517062796,0,0,269,0.0,0.0,0.2,0.15,0.2,0.2,0.25,63,217.51662360091174,151.6883373260498,29,1.5906903497103988,2952.3212890625,11.268791784959635,0,0,270,0.0,0.0,0.2,0.15,0.15,0.2,0.3
271,AlwaysCompact_C128,3,COMPACT_128KB,0.163875,-0.055,0.193189,0,63,217.51662360091174,151.6883373260498,29,1.5906903497103988,2952.3212890625,11.268791784959635,0,0,270,0.0,0.0,0.2,0.15,0.15,0.2,0.3,71,292.94442433304476,195.53256034851074,29,1.5941188417632004,2958.6845703125,10.310693825655505,0,0,271,0.0,0.0,0.15,0.15,0.15,0.25,0.3
272,AlwaysCompact_C128,3,COMPACT_128KB,0.163875,-0.055,0.192984,0,71,292.94442433304476,195.53256034851074,29,1.5941188417632004,2958.6845703125,10.310693825655505,0,0,271,0.0,0.0,0.15,0.15,0.15,0.25,0.3,72,320.05236316773426,205.7967185974121,29,1.5973579143655712,2964.6962890625,9.452130509116238,0,0,272,0.0,0.0,0.15,0.15,0.15,0.3,0.25
273,AlwaysCompact_C128,3,COMPACT_128KB,0.163875,-0.055,0.192461,0,72,320.05236316773426,205.7967185974121,29,1.5973579143655712,2964.6962890625,9.452130509116238,0,0,272,0.0,0.0,0.15,0.15,0.15,0.3,0.25,73,325.95568604865315,231.97221755981445,29,1.600720635775862,2970.9375,8.623480408514013,0,0,273,0.0,0.0,0.15,0.15,0.1,0.35,0.25
274,AlwaysCompact_C128,3,COMPACT_128KB,-0.128625,-0.055,0.192926,0,73,325.95568604865315,231.97221755981445,29,1.600720635775862,2970.9375,8.623480408514013,0,0,273,0.0,0.0,0.15,0.15,0.1,0.35,0.25,46,211.821441902746,208.70399475097656,29,1.6034345955684268,2975.974609375,8.014659406390281,0,0,274,0.0,0.0,0.15,0.15,0.1,0.35,0.25
275,AlwaysCompact_C128,3,COMPACT_128KB,-0.128625,-0.055,0.194117,0,46,211.821441902746,208.70399475097656,29,1.6034345955684268,2975.974609375,8.014659406390281,0,0,274,0.0,0.0,0.15,0.15,0.1,0.35,0.25,42,197.28020588008022,149.13153648376465,29,1.60540771484375,2979.63671875,7.613723242112995,0,0,275,0.0,0.0,0.15,0.15,0.1,0.35,0.25
276,AlwaysCompact_C128,3,COMPACT_128KB,0.163875,-0.055,0.194181,0,42,197.28020588008022,149.13153648376465,29,1.60540771484375,2979.63671875,7.613723242112995,0,0,275,0.0,0.0,0.15,0.15,0.1,0.35,0.25,73,327.8817679972158,145.95293998718262,29,1.6087546512998383,2985.8486328125,7.03242894186345,0,0,276,0.0,0.0,0.15,0.1,0.1,0.35,0.3
277,AlwaysCompact_C128,3,COMPACT_128KB,-0.128625,-0.055,0.192951,0,73,327.8817679972158,145.95293998718262,29,1.6087546512998383,2985.8486328125,7.03242894186345,0,0,276,0.0,0.0,0.15,0.1,0.1,0.35,0.3,40,184.8653663707375,207.4592113494873,29,1.6099648311220367,2988.0947265625,6.857970805742104,0,0,277,0.0,0.0,0.15,0.1,0.1,0.4,0.25
278,AlwaysCompact_C128,3,COMPACT_128KB,-0.128625,-0.055,0.192685,0,40,184.8653663707375,207.4592113494873,29,1.6099648311220367,2988.0947265625,6.857970805742104,0,0,277,0.0,0.0,0.15,0.1,0.1,0.4,0.25,39,173.3174289180498,220.76892852783203,29,1.6117779961947738,2991.4599609375,6.637182461502736,0,0,278,0.0,0.0,0.15,0.05,0.1,0.45,0.25
279,AlwaysCompact_C128,3,COMPACT_128KB,-0.128625,-0.055,0.194076,0,39,173.3174289180498,220.76892852783203,29,1.6117779961947738,2991.4599609375,6.637182461502736,0,0,278,0.0,0.0,0.15,0.05,0.1,0.45,0.25,49,208.1413961778795,151.22437477111816,29,1.6140415586274246,2995.6611328125,6.436506118287582,0,0,279,0.0,0.0,0.15,0.05,0.1,0.4,0.3
280,AlwaysCompact_C128,3,COMPACT_128KB,-0.12875,-0.055,0.192923,0,49,208.1413961778795,151.22437477111816,29,1.6140415586274246,2995.6611328125,6.436506118287582,0,0,279,0.0,0.0,0.15,0.05,0.1,0.4,0.3,38,158.49219191268307,203.85456085205078,30,1.5634170532226563,3001.7607421875,18.839370602313235,0,0,280,0.0,0.0,0.15,0.0,0.1,0.45,0.3
281,AlwaysCompact_C128,3,COMPACT_128KB,-0.12875,-0.055,0.19265,0,38,158.49219191268307,203.85456085205078,30,1.5634170532226563,3001.7607421875,18.839370602313235,0,0,280,0.0,0.0,0.15,0.0,0.1,0.45,0.3,43,127.18078555814118,217.4992561340332,30,1.5653483072916667,3005.46875,18.203091483174443,0,0,281,0.0,0.0,0.15,0.05,0.1,0.45,0.25
282,AlwaysCompact_C128,3,COMPACT_128KB,-0.12875,-0.055,0.190035,0,43,127.18078555814118,217.4992561340332,30,1.5653483072916667,3005.46875,18.203091483174443,0,0,281,0.0,0.0,0.15,0.05,0.1,0.45,0.25,50,166.36920179510227,348.24490547180176,30,1.5676218668619792,3009.833984375,17.457959819690252,0,0,282,0.0,0.0,0.15,0.05,0.15,0.45,0.2
283,AlwaysCompact_C128,3,COMPACT_128KB,0.16375,-0.055,0.192953,0,50,166.36920179510227,348.24490547180176,30,1.5676218668619792,3009.833984375,17.457959819690252,0,0,282,0.0,0.0,0.15,0.05,0.15,0.45,0.2,80,290.91100772828077,202.33583450317383,30,1.5712056477864584,3016.71484375,16.293385930128853,0,0,283,0.0,0.0,0.1,0.05,0.15,0.5,0.2
284,AlwaysCompact_C128,3,COMPACT_128KB,0.16375,-0.055,0.19265,0,80,290.91100772828077,202.33583450317383,30,1.5712056477864584,3016.71484375,16.293385930128853,0,0,283,0.0,0.0,0.1,0.05,0.15,0.5,0.2,66,208.30237337212077,217.47756004333496,30,1.5742818196614583,3022.62109375,15.305334672626417,0,0,284,0.0,0.0,0.05,0.05,0.15,0.55,0.2
285,AlwaysCompact_C128,3,COMPACT_128KB,0.16375,-0.055,0.193148,0,66,208.30237337212077,217.47756004333496,30,1.5742818196614583,3022.62109375,15.305334672626417,0,0,284,0.0,0.0,0.05,0.05,0.15,0.55,0.2,79,234.6709726858157,192.59214401245117,30,1.5776484171549479,3029.0849609375,14.239022955059875,0,0,285,0.0,0.0,0.05,0.1,0.15,0.5,0.2
286,AlwaysCompact_C128,3,COMPACT_128KB,-0.12875,-0.055,0.19282,0,79,234.6709726858157,192.59214401245117,30,1.5776484171549479,3029.0849609375,14.239022955059875,0,0,285,0.0,0.0,0.05,0.1,0.15,0.5,0.2,35,113.44918804584626,209.0015411376953,30,1.5792068481445312,3032.0771484375,13.751714113712104,0,0,286,0.0,0.0,0.0,0.1,0.15,0.55,0.2
287,AlwaysCompact_C128,3,COMPACT_128KB,-0.12875,-0.055,0.192884,0,35,113.44918804584626,209.0015411376953,30,1.5792068481445312,3032.0771484375,13.751714113712104,0,0,286,0.0,0.0,0.0,0.1,0.15,0.55,0.2,30,131.54020090258766,205.7931423187256,30,1.5806294759114583,3034.80859375,13.310869563225124,0,0,287,0.0,0.0,0.0,0.15,0.15,0.5,0.2
288,AlwaysCompact_C128,3,COMPACT_128KB,-0.12875,-0.055,0.189585,0,30,131.54020090258766,205.7931423187256,30,1.5806294759114583,3034.80859375,13.310869563225124,0,0,287,0.0,0.0,0.0,0.15,0.15,0.5,0.2,43,172.4463380445986,370.7282543182373,30,1.582476298014323,3038.3544921875,12.74493831595323,0,0,288,0.0,0.0,0.0,0.15,0.15,0.5,0.2
289,AlwaysCompact_C128,3,COMPACT_128KB,0.16375,-0.055,0.192302,0,43,172.4463380445986,370.7282543182373,30,1.582476298014323,3038.3544921875,12.74493831595323,0,0,288,0.0,0.0,0.0,0.15,0.15,0.5,0.2,62,203.03930054631155,234.89904403686523,30,1.5852610270182292,3043.701171875,11.907303510929141,0,0,289,0.0,0.0,0.0,0.15,0.1,0.55,0.2
290,AlwaysCompact_C128,3,COMPACT_128KB,0.16375,-0.055,0.19295,0,62,203.03930054631155,234.89904403686523,30,1.5852610270182292,3043.701171875,11.907303510929141,0,0,289,0.0,0.0,0.0,0.15,0.1,0.55,0.2,58,189.30855387718543,202.49104499816895,30,1.5878621419270833,3048.6953125,11.145281666380162,0,0,290,0.0,0.0,0.0,0.2,0.1,0.55,0.15
291,AlwaysCompact_C128,3,COMPACT_128KB,-0.12875,-0.055,0.191384,0,58,189.30855387718543,202.49104499816895,30,1.5878621419270833,3048.6953125,11.145281666380162,0,0,290,0.0,0.0,0.0,0.2,0.1,0.55,0.15,50,162.9195047978919,280.79843521118164,30,1.5901153564453125,3053.021484375,10.50449000165503,0,0,291,0.0,0.0,0.0,0.2,0.1,0.55,0.15
292,AlwaysCompact_C128,3,COMPACT_128KB,0.16375,-0.055,0.187319,0,50,162.9195047978919,280.79843521118164,30,1.5901153564453125,3053.021484375,10.50449000165503,0,0,291,0.0,0.0,0.0,0.2,0.1,0.55,0.15,54,151.83387678050454,484.06219482421875,30,1.5925267537434895,3057.6513671875,9.8427420868685,0,0,292,0.0,0.0,0.0,0.2,0.15,0.5,0.15
293,AlwaysCompact_C128,3,COMPACT_128KB,-0.12875,-0.055,0.188741,0,54,151.83387678050454,484.06219482421875,30,1.5925267537434895,3057.6513671875,9.8427420868685,0,0,292,0.0,0.0,0.0,0.2,0.15,0.5,0.15,33,105.90485459624605,412.94002532958984,30,1.5939931233723958,3060.466796875,9.454649409474312,0,0,293,0.0,0.0,0.0,0.2,0.2,0.45,0.15
294,AlwaysCompact_C128,3,COMPACT_128KB,0.16375,-0.055,0.192814,0,33,105.90485459624605,412.94002532958984,30,1.5939931233723958,3060.466796875,9.454649409474312,0,0,293,0.0,0.0,0.0,0.2,0.2,0.45,0.15,61,181.8790574941104,209.28955078125,30,1.5967091878255208,3065.681640625,8.770094151978743,0,0,294,0.0,0.0,0.0,0.2,0.2,0.45,0.15
295,AlwaysCompact_C128,3,COMPACT_128KB,0.16375,-0.055,0.191177,0,61,181.8790574941104,209.28955078125,30,1.5967091878255208,3065.681640625,8.770094151978743,0,0,294,0.0,0.0,0.0,0.2,0.2,0.45,0.15,56,178.95492546751848,291.1670207977295,30,1.5992085774739584,3070.48046875,8.187537341305914,0,0,295,0.0,0.0,0.05,0.2,0.2,0.45,0.1
296,AlwaysCompact_C128,3,COMPACT_128KB,0.16375,-0.055,0.189596,0,56,178.95492546751848,291.1670207977295,30,1.5992085774739584,3070.48046875,8.187537341305914,0,0,295,0.0,0.0,0.05,0.2,0.2,0.45,0.1,77,263.72420460911076,370.206356048584,30,1.6026524861653646,3077.0927734375,7.479232741455385,0,0,296,0.0,0.0,0.05,0.2,0.25,0.45,0.05
297,AlwaysCompact_C128,3,COMPACT_128KB,0.16375,-0.055,0.192681,0,77,263.72420460911076,370.206356048584,30,1.6026524861653646,3077.0927734375,7.479232741455385,0,0,296,0.0,0.0,0.05,0.2,0.25,0.45,0.05,58,210.23716814159292,215.9433364868164,30,1.6054819742838542,3082.525390625,7.000215981507329,0,0,297,0.0,0.0,0.05,0.2,0.25,0.45,0.05
298,AlwaysCompact_C128,3,COMPACT_128KB,-0.12875,-0.055,0.193016,0,58,210.23716814159292,215.9433364868164,30,1.6054819742838542,3082.525390625,7.000215981507329,0,0,297,0.0,0.0,0.05,0.2,0.25,0.45,0.05,50,201.40657457889677,199.2032527923584,30,1.607744852701823,3086.8701171875,6.698660058159313,0,0,298,0.0,0.0,0.05,0.2,0.25,0.45,0.05
299,AlwaysCompact_C128,3,COMPACT_128KB,0.16375,-0.055,0.189488,0,50,201.40657457889677,199.2032527923584,30,1.607744852701823,3086.8701171875,6.698660058159313,0,0,298,0.0,0.0,0.05,0.2,0.25,0.45,0.05,73,273.54897824807045,375.6086826324463,30,1.6109909057617187,3093.1025390625,6.414329180584373,0,0,299,0.0,0.0,0.05,0.2,0.3,0.45,0.0
300,AlwaysCompact_C128,3,COMPACT_128KB,-0.128875,-0.055,0.192841,0,73,273.54897824807045,375.6086826324463,30,1.6109909057617187,3093.1025390625,6.414329180584373,0,0,299,0.0,0.0,0.05,0.2,0.3,0.45,0.0,50,174.35380698927682,202.96931266784668,31,1.5626422512915827,3100.2822265625,18.346397359442264,0,0,300,0.0,0.0,0.05,0.2,0.3,0.45,0.0
301,AlwaysCompact_C128,3,COMPACT_128KB,0.163625,-0.055,0.192723,0,50,174.35380698927682,202.96931266784668,31,1.5626422512915827,3100.2822265625,18.346397359442264,0,0,300,0.0,0.0,0.05,0.2,0.3,0.45,0.0,55,145.05797937127863,208.8642120361328,31,1.5651131906817037,3105.1845703125,17.522179448464456,0,0,301,0.0,0.0,0.05,0.15,0.3,0.5,0.0
302,AlwaysCompact_C128,3,COMPACT_128KB,0.163625,-0.055,0.192185,0,55,145.05797937127863,208.8642120361328,31,1.5651131906817037,3105.1845703125,17.522179448464456,0,0,301,0.0,0.0,0.05,0.15,0.3,0.5,0.0,63,218.53589856617455,235.7351779937744,31,1.5678459905808972,3110.6064453125,16.6173379313198,0,0,302,0.0,0.0,0.05,0.15,0.25,0.55,0.0
303,AlwaysCompact_C128,3,COMPACT_128KB,-0.128875,-0.055,0.192258,0,63,218.53589856617455,235.7351779937744,31,1.5678459905808972,3110.6064453125,16.6173379313198,0,0,302,0.0,0.0,0.05,0.15,0.25,0.55,0.0,35,127.26970396051536,232.1019172668457,31,1.569303451045867,3113.498046875,16.13804912217325,0,0,303,0.0,0.0,0.05,0.15,0.25,0.55,0.0
304,AlwaysCompact_C128,3,COMPACT_128KB,-0.128875,-0.055,0.192549,0,35,127.26970396051536,232.1019172668457,31,1.569303451045867,3113.498046875,16.13804912217325,0,0,303,0.0,0.0,0.05,0.15,0.25,0.55,0.0,50,174.40832708214478,217.54908561706543,31,1.5714470647996472,3117.7509765625,15.437826471927384,0,0,304,0.0,0.0,0.05,0.15,0.25,0.55,0.0
305,AlwaysCompact_C128,3,COMPACT_128KB,0.163625,-0.055,0.193532,0,50,174.40832708214478,217.54908561706543,31,1.5714470647996472,3117.7509765625,15.437826471927384,0,0,304,0.0,0.0,0.05,0.15,0.25,0.55,0.0,76,316.5940027650209,168.3943271636963,31,1.5747158911920363,3124.236328125,14.38252142196191,0,0,305,0.0,0.0,0.05,0.1,0.25,0.55,0.05
306,AlwaysCompact_C128,3,COMPACT_128KB,-0.128875,-0.055,0.192736,0,76,316.5940027650209,168.3943271636963,31,1.5747158911920363,3124.236328125,14.38252142196191,0,0,305,0.0,0.0,0.05,0.1,0.25,0.55,0.05,35,149.34138498271085,208.18519592285156,31,1.5762383245652722,3127.2568359375,13.896992492861665,0,0,306,0.0,0.0,0.05,0.1,0.25,0.55,0.05
307,AlwaysCompact_C128,3,COMPACT_128KB,0.163625,-0.055,0.192396,0,35,149.34138498271085,208.18519592285156,31,1.5762383245652722,3127.2568359375,13.896992492861665,0,0,306,0.0,0.0,0.05,0.1,0.25,0.55,0.05,66,273.1081544505459,225.2185344696045,31,1.5791084535660282,3132.951171875,12.993925325505241,0,0,307,0.0,0.0,0.05,0.05,0.25,0.6,0.05
308,AlwaysCompact_C128,3,COMPACT_128KB,-0.128875,-0.055,0.189175,0,66,273.1081544505459,225.2185344696045,31,1.5791084535660282,3132.951171875,12.993925325505241,0,0,307,0.0,0.0,0.05,0.05,0.25,0.6,0.05,33,131.697062192908,386.2628936767578,31,1.5805127543787802,3135.7373046875,12.55875870614577,0,0,308,0.0,0.0,0.1,0.05,0.2,0.6,0.05
309,AlwaysCompact_C128,3,COMPACT_128KB,0.163625,-0.055,0.192705,0,33,131.697062192908,386.2628936767578,31,1.5805127543787802,3135.7373046875,12.55875870614577,0,0,308,0.0,0.0,0.1,0.05,0.2,0.6,0.05,58,236.7765097725085,209.73968505859375,31,1.5830211024130545,3140.7138671875,11.794352320376762,0,0,309,0.0,0.0,0.1,0.05,0.2,0.6,0.05
310,AlwaysCompact_C128,3,COMPACT_128KB,-0.128875,-0.055,0.192218,0,58,236.7765097725085,209.73968505859375,31,1.5830211024130545,3140.7138671875,11.794352320376762,0,0,309,0.0,0.0,0.1,0.05,0.2,0.6,0.05,33,133.64736962548196,234.0834140777588,31,1.584473640688004,3143.595703125,11.360338374142918,0,0,310,0.0,0.0,0.1,0.0,0.2,0.65,0.05
311,AlwaysCompact_C128,3,COMPACT_128KB,-0.128875,-0.055,0.192645,0,33,133.64736962548196,234.0834140777588,31,1.584473640688004,3143.595703125,11.360338374142918,0,0,310,0.0,0.0,0.1,0.0,0.2,0.65,0.05,42,167.7980488418213,212.76330947875977,31,1.5862992809664818,3147.2177734375,10.825267996325904,0,0,311,0.0,0.0,0.1,0.05,0.2,0.6,0.05
312,AlwaysCompact_C128,3,COMPACT_128KB,0.163625,-0.055,0.192475,0,42,167.7980488418213,212.76330947875977,31,1.5862992809664818,3147.2177734375,10.825267996325904,0,0,311,0.0,0.0,0.1,0.05,0.2,0.6,0.05,59,230.75798119351433,221.2507724761963,31,1.589293449155746,3153.158203125,9.977468532000257,0,0,312,0.0,0.0,0.1,0.05,0.15,0.65,0.05
313,AlwaysCompact_C128,3,COMPACT_128KB,0.163625,-0.055,0.190932,0,59,230.75798119351433,221.2507724761963,31,1.589293449155746,3153.158203125,9.977468532000257,0,0,312,0.0,0.0,0.1,0.05,0.15,0.65,0.05,53,209.45358062194015,298.40970039367676,31,1.5911412392893145,3156.82421875,9.476385627167733,0,0,313,0.0,0.0,0.1,0.05,0.1,0.7,0.05
314,AlwaysCompact_C128,3,COMPACT_128KB,0.163625,-0.055,0.192359,0,53,209.45358062194015,298.40970039367676,31,1.5911412392893145,3156.82421875,9.476385627167733,0,0,313,0.0,0.0,0.1,0.05,0.1,0.7,0.05,77,329.9450243861574,227.04720497131348,31,1.594449443201865,3163.3876953125,8.632226590844237,0,0,314,0.0,0.0,0.1,0.05,0.1,0.7,0.05
315,AlwaysCompact_C128,3,COMPACT_128KB,0.163625,-0.055,0.192315,0,77,329.9450243861574,227.04720497131348,31,1.594449443201865,3163.3876953125,8.632226590844237,0,0,314,0.0,0.0,0.1,0.05,0.1,0.7,0.05,67,288.89123185038676,229.24017906188965,31,1.597350581999748,3169.1435546875,7.962230866998026,0,0,315,0.0,0.0,0.05,0.05,0.1,0.75,0.05
316,AlwaysCompact_C128,3,COMPACT_128KB,0.163625,-0.055,0.191584,0,67,288.89123185038676,229.24017906188965,31,1.597350581999748,3169.1435546875,7.962230866998026,0,0,315,0.0,0.0,0.05,0.05,0.1,0.75,0.05,68,300.9645548729399,265.775203704834,31,1.600282238375756,3174.9599609375,7.371106322972009,0,0,316,0.0,0.0,0.1,0.05,0.05,0.75,0.05
317,AlwaysCompact_C128,3,COMPACT_128KB,0.163625,-0.055,0.190747,0,68,300.9645548729399,265.775203704834,31,1.600282238375756,3174.9599609375,7.371106322972009,0,0,316,0.0,0.0,0.1,0.05,0.05,0.75,0.05,61,265.9479273211093,307.6486587524414,31,1.6029225011025705,3180.1982421875,6.930959170377105,0,0,317,0.0,0.0,0.1,0.05,0.05,0.75,0.05
318,AlwaysCompact_C128,3,COMPACT_128KB,-0.128875,-0.055,0.19147,0,61,265.9479273211093,307.6486587524414,31,1.6029225011025705,3180.1982421875,6.930959170377105,0,0,317,0.0,0.0,0.1,0.05,0.05,0.75,0.05,44,197.70993802460802,271.5129852294922,31,1.6048209897933468,3183.96484375,6.678762599101941,0,0,318,0.0,0.0,0.15,0.05,0.05,0.7,0.05
319,AlwaysCompact_C128,3,COMPACT_128KB,-0.128875,-0.055,0.19273,0,44,197.70993802460802,271.5129852294922,31,1.6048209897933468,3183.96484375,6.678762599101941,0,0,318,0.0,0.0,0.15,0.05,0.05,0.7,0.05,49,202.2584669284442,208.50419998168945,31,1.606964111328125,3188.216796875,6.467695883158701,0,0,319,0.0,0.0,0.15,0.05,0.0,0.75,0.05
320,AlwaysCompact_C128,3,COMPACT_128KB,-0.128875,-0.055,0.19277,0,49,202.2584669284442,208.50419998168945,31,1.606964111328125,3188.216796875,6.467695883158701,0,0,319,0.0,0.0,0.15,0.05,0.0,0.75,0.05,36,148.19742127852527,206.49456977844238,31,1.6085116478704637,3191.287109375,6.368096321130453,0,0,320,0.0,0.0,0.15,0.05,0.0,0.75,0.05
321,AlwaysCompact_C128,3,COMPACT_128KB,-0.129,-0.055,0.19223,0,36,148.19742127852527,206.49456977844238,31,1.6085116478704637,3191.287109375,6.368096321130453,0,0,320,0.0,0.0,0.15,0.05,0.0,0.75,0.05,39,162.18677998804256,228.4846305847168,32,1.561269760131836,3197.48046875,18.214567258681694,0,0,321,0.0,0.0,0.15,0.05,0.0,0.75,0.05
322,AlwaysCompact_C128,3,COMPACT_128KB,0.1635,-0.055,0.187863,0,39,162.18677998804256,228.4846305847168,32,1.561269760131836,3197.48046875,18.214567258681694,0,0,321,0.0,0.0,0.15,0.05,0.0,0.75,0.05,79,339.6601410099494,446.8510150909424,32,1.5647177696228027,3204.5419921875,17.04781463797078,0,0,322,0.0,0.0,0.15,0.05,0.05,0.7,0.05
323,AlwaysCompact_C128,3,COMPACT_128KB,-0.129,-0.055,0.192251,0,79,339.6601410099494,446.8510150909424,32,1.5647177696228027,3204.5419921875,17.04781463797078,0,0,322,0.0,0.0,0.15,0.05,0.05,0.7,0.05,33,144.786852320834,227.45561599731445,32,1.5661468505859375,3207.46875,16.56772123799734,0,0,323,0.0,0.0,0.15,0.05,0.05,0.7,0.05
324,AlwaysCompact_C128,3,COMPACT_128KB,0.1635,-0.055,0.192285,0,33,144.786852320834,227.45561599731445,32,1.5661468505859375,3207.46875,16.56772123799734,0,0,323,0.0,0.0,0.15,0.05,0.05,0.7,0.05,69,303.3425319162317,225.76427459716797,32,1.5691018104553223,3213.5205078125,15.582588001287622,0,0,324,0.0,0.0,0.15,0.05,0.05,0.7,0.05
325,AlwaysCompact_C128,3,COMPACT_128KB,-0.129,-0.055,0.188447,0,69,303.3425319162317,225.76427459716797,32,1.5691018104553223,3213.5205078125,15.582588001287622,0,0,324,0.0,0.0,0.15,0.05,0.05,0.7,0.05,38,160.43568925010217,417.6621437072754,32,1.5706787109375,3216.75,15.06160459230022,0,0,325,0.0,0.0,0.15,0.05,0.05,0.75,0.0
326,AlwaysCompact_C128,3,COMPACT_128KB,0.1635,-0.055,0.191968,0,38,160.43568925010217,417.6621437072754,32,1.5706787109375,3216.75,15.06160459230022,0,0,325,0.0,0.0,0.15,0.05,0.05,0.75,0.0,69,265.4067723866225,241.58191680908203,32,1.5736937522888184,3222.9248046875,14.076264846202347,0,0,326,0.0,0.0,0.15,0.05,0.05,0.75,0.0
327,AlwaysCompact_C128,3,COMPACT_128KB,-0.129,-0.055,0.193288,0,69,265.4067723866225,241.58191680908203,32,1.5736937522888184,3222.9248046875,14.076264846202347,0,0,326,0.0,0.0,0.15,0.05,0.05,0.75,0.0,46,188.97906163775076,175.62437057495117,32,1.5756826400756836,3226.998046875,13.435271857930156,0,0,327,0.0,0.0,0.15,0.05,0.05,0.7,0.05
328,AlwaysCompact_C128,3,COMPACT_128KB,0.1635,-0.055,0.191875,0,46,188.97906163775076,175.62437057495117,32,1.5756826400756836,3226.998046875,13.435271857930156,0,0,327,0.0,0.0,0.15,0.05,0.05,0.7,0.05,58,230.61727636669406,246.2449073791504,32,1.5777454376220703,3231.22265625,12.779357292840162,0,0,328,0.0,0.0,0.1,0.05,0.05,0.75,0.05
329,AlwaysCompact_C128,3,COMPACT_128KB,0.1635,-0.055,0.188325,0,58,230.61727636669406,246.2449073791504,32,1.5777454376220703,3231.22265625,12.779357292840162,0,0,328,0.0,0.0,0.1,0.05,0.05,0.75,0.05,53,215.54111362884922,423.77352714538574,32,1.5799612998962402,3235.7607421875,12.086530517037788,0,0,329,0.0,0.0,0.1,0.05,0.1,0.7,0.05
330,AlwaysCompact_C128,3,COMPACT_128KB,-0.129,-0.055,0.190913,0,53,215.54111362884922,423.77352714538574,32,1.5799612998962402,3235.7607421875,12.086530517037788,0,0,329,0.0,0.0,0.1,0.05,0.1,0.7,0.05,40,156.63479923518165,294.33202743530273,32,1.5816454887390137,3239.2099609375,11.56940041643076,0,0,330,0.0,0.0,0.15,0.05,0.1,0.65,0.05
331,AlwaysCompact_C128,3,COMPACT_128KB,0.1635,-0.055,0.192511,0,40,156.63479923518165,294.33202743530273,32,1.5816454887390137,3239.2099609375,11.56940041643076,0,0,330,0.0,0.0,0.15,0.05,0.1,0.65,0.05,59,207.60797901301788,214.44201469421387,32,1.5840892791748047,3244.21484375,10.83617411386913,0,0,331,0.0,0.0,0.15,0.0,0.1,0.7,0.05
332,AlwaysCompact_C128,3,COMPACT_128KB,0.1635,-0.055,0.190522,0,59,207.60797901301788,214.44201469421387,32,1.5840892791748047,3244.21484375,10.83617411386913,0,0,331,0.0,0.0,0.15,0.0,0.1,0.7,0.05,62,264.3789616658567,313.8856887817383,32,1.586709976196289,3249.58203125,10.076939592904662,0,0,332,0.0,0.0,0.2,0.0,0.1,0.65,0.05
333,AlwaysCompact_C128,3,COMPACT_128KB,-0.129,-0.055,0.192029,0,62,264.3789616658567,313.8856887817383,32,1.586709976196289,3249.58203125,10.076939592904662,0,0,332,0.0,0.0,0.2,0.0,0.1,0.65,0.05,31,104.6478822681964,238.5263442993164,32,1.5880188941955566,3252.2626953125,9.710230389135868,0,0,333,0.0,0.0,0.2,0.0,0.1,0.65,0.05
334,AlwaysCompact_C128,3,COMPACT_128KB,0.1635,-0.055,0.192105,0,31,104.6478822681964,238.5263442993164,32,1.5880188941955566,3252.2626953125,9.710230389135868,0,0,333,0.0,0.0,0.2,0.0,0.1,0.65,0.05,67,246.2789921975852,234.74454879760742,32,1.5908222198486328,3258.00390625,8.958739242934941,0,0,334,0.0,0.0,0.2,0.0,0.1,0.65,0.05
335,AlwaysCompact_C128,3,COMPACT_128KB,0.1635,-0.055,0.193489,0,67,246.2789921975852,234.74454879760742,32,1.5908222198486328,3258.00390625,8.958739242934941,0,0,334,0.0,0.0,0.2,0.0,0.1,0.65,0.05,52,193.43778259072616,165.5714511871338,32,1.5930156707763672,3262.49609375,8.409411682874934,0,0,335,0.0,0.0,0.2,0.0,0.1,0.6,0.1
336,AlwaysCompact_C128,3,COMPACT_128KB,0.1635,-0.055,0.193286,0,52,193.43778259072616,165.5714511871338,32,1.5930156707763672,3262.49609375,8.409411682874934,0,0,335,0.0,0.0,0.2,0.0,0.1,0.6,0.1,74,279.68149423702664,175.69255828857422,32,1.596109390258789,3268.83203125,7.707494448838948,0,0,336,0.0,0.0,0.15,0.0,0.1,0.6,0.15
337,AlwaysCompact_C128,3,COMPACT_128KB,-0.129,-0.055,0.191079,0,74,279.68149423702664,175.69255828857422,32,1.596109390258789,3268.83203125,7.707494448838948,0,0,336,0.0,0.0,0.15,0.0,0.1,0.6,0.15,38,131.14792774764337,286.0579490661621,32,1.5976848602294922,3272.05859375,7.389768117756591,0,0,337,0.0,0.0,0.2,0.0,0.1,0.55,0.15
338,AlwaysCompact_C128,3,COMPACT_128KB,0.1635,-0.055,0.192137,0,38,131.14792774764337,286.0579490661621,32,1.5976848602294922,3272.05859375,7.389768117756591,0,0,337,0.0,0.0,0.2,0.0,0.1,0.55,0.15,62,187.33204241585983,233.12830924987793,32,1.6002893447875977,3277.392578125,6.935833726983493,0,0,338,0.0,0.0,0.15,0.05,0.1,0.55,0.15
339,AlwaysCompact_C128,3,COMPACT_128KB,0.1635,-0.055,0.192184,0,62,187.33204241585983,233.12830924987793,32,1.6002893447875977,3277.392578125,6.935833726983493,0,0,338,0.0,0.0,0.15,0.05,0.1,0.55,0.15,58,192.80259004323344,230.77917098999023,32,1.6027278900146484,3282.38671875,6.605232945236354,0,0,339,0.0,0.0,0.15,0.05,0.1,0.55,0.15
340,AlwaysCompact_C128,3,COMPACT_128KB,0.1635,-0.055,0.190457,0,58,192.80259004323344,230.77917098999023,32,1.6027278900146484,3282.38671875,6.605232945236354,0,0,339,0.0,0.0,0.15,0.05,0.1,0.55,0.15,61,187.56954079826048,317.1355724334717,32,1.6052842140197754,3287.6220703125,6.372581097143868,0,0,340,0.0,0.0,0.2,0.05,0.1,0.5,0.15
341,AlwaysCompact_C128,3,COMPACT_128KB,0.163375,-0.055,0.192705,0,61,187.56954079826048,317.1355724334717,32,1.6052842140197754,3287.6220703125,6.372581097143868,0,0,340,0.0,0.0,0.2,0.05,0.1,0.5,0.15,63,192.47017759564832,199.74184036254883,33,1.560619932232481,3296.029296875,17.578029352152658,0,0,341,0.0,0.0,0.2,0.05,0.1,0.45,0.2
342,AlwaysCompact_C128,3,COMPACT_128KB,0.163375,-0.055,0.190842,0,63,192.47017759564832,199.74184036254883,33,1.560619932232481,3296.029296875,17.578029352152658,0,0,341,0.0,0.0,0.2,0.05,0.1,0.45,0.2,69,224.36336375680963,292.8755283355713,33,1.5635477701822917,3302.212890625,16.576912521309097,0,0,342,0.0,0.0,0.2,0.05,0.05,0.45,0.25
343,AlwaysCompact_C128,3,COMPACT_128KB,0.163375,-0.055,0.191769,0,69,224.36336375680963,292.8755283355713,33,1.5635477701822917,3302.212890625,16.576912521309097,0,0,342,0.0,0.0,0.2,0.05,0.05,0.45,0.25,70,178.97835261385893,246.57106399536133,33,1.5665038137724905,3308.4560546875,15.576344796662475,0,0,343,0.0,0.0,0.2,0.05,0.05,0.45,0.25
344,AlwaysCompact_C128,3,COMPACT_128KB,-0.129125,-0.055,0.183703,0,70,178.97835261385893,246.57106399536133,33,1.5665038137724905,3308.4560546875,15.576344796662475,0,0,343,0.0,0.0,0.2,0.05,0.05,0.45,0.25,48,166.37158851072058,649.8527526855469,33,1.5684222597064394,3312.5078125,14.933435946141568,0,0,344,0.0,0.0,0.2,0.05,0.1,0.4,0.25
345,AlwaysCompact_C128,3,COMPACT_128KB,0.163375,-0.055,0.18781,0,48,166.37158851072058,649.8527526855469,33,1.5684222597064394,3312.5078125,14.933435946141568,0,0,344,0.0,0.0,0.2,0.05,0.1,0.4,0.25,61,197.40292093237136,444.4906711578369,33,1.57070136792732,3317.3212890625,14.177377942782794,0,0,345,0.0,0.0,0.2,0.05,0.15,0.35,0.25
346,AlwaysCompact_C128,3,COMPACT_128KB,0.163375,-0.055,0.191901,0,61,197.40292093237136,444.4906711578369,33,1.57070136792732,3317.3212890625,14.177377942782794,0,0,345,0.0,0.0,0.2,0.05,0.15,0.35,0.25,74,230.12000284704263,239.96496200561523,33,1.5736477013790247,3323.5439453125,13.214620150310969,0,0,346,0.0,0.0,0.2,0.05,0.15,0.35,0.25
347,AlwaysCompact_C128,3,COMPACT_128KB,-0.129125,-0.055,0.191405,0,74,230.12000284704263,239.96496200561523,33,1.5736477013790247,3323.5439453125,13.214620150310969,0,0,346,0.0,0.0,0.2,0.05,0.15,0.35,0.25,35,123.51331590580384,264.74595069885254,33,1.5750797156131628,3326.568359375,12.753669472592955,0,0,347,0.0,0.0,0.2,0.05,0.15,0.35,0.25
348,AlwaysCompact_C128,3,COMPACT_128KB,-0.129125,-0.055,0.191711,0,35,123.51331590580384,264.74595069885254,33,1.5750797156131628,3326.568359375,12.753669472592955,0,0,347,0.0,0.0,0.2,0.05,0.15,0.35,0.25,37,100.15395090180296,249.45449829101562,33,1.5765746145537405,3329.7255859375,12.278100631398884,0,0,348,0.0,0.0,0.2,0.05,0.15,0.35,0.25
349,AlwaysCompact_C128,3,COMPACT_128KB,0.163375,-0.055,0.192012,0,37,100.15395090180296,249.45449829101562,33,1.5765746145537405,3329.7255859375,12.278100631398884,0,0,348,0.0,0.0,0.2,0.05,0.15,0.35,0.25,53,164.31970988417692,234.4193458557129,33,1.578724716648911,3334.2666015625,11.605566502611314,0,0,349,0.0,0.0,0.2,0.05,0.1,0.4,0.25
350,AlwaysCompact_C128,3,COMPACT_128KB,-0.129125,-0.055,0.191791,0,53,164.31970988417692,234.4193458557129,33,1.578724716648911,3334.2666015625,11.605566502611314,0,0,349,0.0,0.0,0.2,0.05,0.1,0.4,0.25,50,166.25247933687746,245.45741081237793,33,1.5807675448330967,3338.5810546875,10.981155101164548,0,0,350,0.0,0.0,0.15,0.05,0.1,0.45,0.25
351,AlwaysCompact_C128,3,COMPACT_128KB,0.163375,-0.055,0.191564,0,50,166.25247933687746,245.45741081237793,33,1.5807675448330967,3338.5810546875,10.981155101164548,0,0,350,0.0,0.0,0.15,0.05,0.1,0.45,0.25,56,205.349685699548,256.8037509918213,33,1.5830415667909565,3343.3837890625,10.305975085969234,0,0,351,0.0,0.0,0.15,0.05,0.1,0.45,0.25
352,AlwaysCompact_C128,3,COMPACT_128KB,0.163375,-0.055,0.191802,0,56,205.349685699548,256.8037509918213,33,1.5830415667909565,3343.3837890625,10.305975085969234,0,0,351,0.0,0.0,0.15,0.05,0.1,0.45,0.25,92,312.71782246019467,244.91000175476074,33,1.586757775508996,3351.232421875,9.259281888572497,0,0,352,0.0,0.0,0.1,0.05,0.1,0.5,0.25
353,AlwaysCompact_C128,3,COMPACT_128KB,0.163375,-0.055,0.191533,0,92,312.71782246019467,244.91000175476074,33,1.586757775508996,3351.232421875,9.259281888572497,0,0,352,0.0,0.0,0.1,0.05,0.1,0.5,0.25,70,232.92002373616052,258.36753845214844,33,1.5896162553267046,3357.26953125,8.516010854408837,0,0,353,0.0,0.0,0.1,0.05,0.1,0.5,0.25
354,AlwaysCompact_C128,3,COMPACT_128KB,0.163375,-0.055,0.19082,0,70,232.92002373616052,258.36753845214844,33,1.5896162553267046,3357.26953125,8.516010854408837,0,0,353,0.0,0.0,0.1,0.05,0.1,0.5,0.25,69,206.46561082099134,293.9913272857666,33,1.5924136999881628,3363.177734375,7.856928844872417,0,0,354,0.0,0.0,0.15,0.05,0.1,0.45,0.25
355,AlwaysCompact_C128,3,COMPACT_128KB,0.163375,-0.055,0.191853,0,69,206.46561082099134,293.9913272857666,33,1.5924136999881628,3363.177734375,7.856928844872417,0,0,354,0.0,0.0,0.15,0.05,0.1,0.45,0.25,57,201.20171985891704,242.36583709716797,33,1.594779737067945,3368.1748046875,7.365847987129241,0,0,355,0.0,0.0,0.15,0.05,0.1,0.5,0.2
356,AlwaysCompact_C128,3,COMPACT_128KB,0.163375,-0.055,0.190321,0,57,201.20171985891704,242.36583709716797,33,1.594779737067945,3368.1748046875,7.365847987129241,0,0,355,0.0,0.0,0.15,0.05,0.1,0.5,0.2,77,289.8644008469001,318.9687728881836,33,1.5979179613517993,3374.802734375,6.83192333452991,0,0,356,0.0,0.0,0.15,0.05,0.1,0.55,0.15
357,AlwaysCompact_C128,3,COMPACT_128KB,0.163375,-0.055,0.190481,0,77,289.8644008469001,318.9687728881836,33,1.5979179613517993,3374.802734375,6.83192333452991,0,0,356,0.0,0.0,0.15,0.05,0.1,0.55,0.15,95,280.67758404995095,310.96506118774414,33,1.601793231386127,3382.9873046875,6.402188757172191,0,0,357,0.0,0.0,0.1,0.05,0.1,0.6,0.15
358,AlwaysCompact_C128,3,COMPACT_128KB,0.163375,-0.055,0.190182,0,95,280.67758404995095,310.96506118774414,33,1.601793231386127,3382.9873046875,6.402188757172191,0,0,357,0.0,0.0,0.1,0.05,0.1,0.6,0.15,54,172.24294901970327,325.916051864624,33,1.6039132782907197,3387.46484375,6.2924381126594815,0,0,358,0.0,0.0,0.1,0.05,0.1,0.6,0.15
359,AlwaysCompact_C128,3,COMPACT_128KB,0.16325,-0.055,0.191338,0,54,172.24294901970327,325.916051864624,33,1.6039132782907197,3387.46484375,6.2924381126594815,0,0,358,0.0,0.0,0.1,0.05,0.1,0.6,0.15,82,311.95051354891143,263.08655738830566,34,1.5613205853630514,3397.43359375,17.05986457112845,0,0,359,0.0,0.0,0.1,0.05,0.1,0.6,0.15
360,AlwaysCompact_C128,3,COMPACT_128KB,0.16325,-0.055,0.185854,0,82,311.95051354891143,263.08655738830566,34,1.5613205853630514,3397.43359375,17.05986457112845,0,0,359,0.0,0.0,0.1,0.05,0.1,0.6,0.15,72,260.01915595989027,537.3091697692871,34,1.5642152674057905,3403.732421875,16.058192277177103,0,0,360,0.0,0.0,0.05,0.05,0.15,0.6,0.15
361,AlwaysCompact_C128,3,COMPACT_128KB,0.16325,-0.055,0.192384,0,72,260.01915595989027,537.3091697692871,34,1.5642152674057905,3403.732421875,16.058192277177103,0,0,360,0.0,0.0,0.05,0.05,0.15,0.6,0.15,92,314.408931431933,210.77895164489746,34,1.5677894143497242,3411.509765625,14.836616899286252,0,0,361,0.0,0.0,0.05,0.05,0.15,0.6,0.15
362,AlwaysCompact_C128,3,COMPACT_128KB,0.16325,-0.055,0.190108,0,92,314.408931431933,210.77895164489746,34,1.5677894143497242,3411.509765625,14.836616899286252,0,0,361,0.0,0.0,0.05,0.05,0.15,0.6,0.15,77,241.8103411355812,324.599027633667,34,1.570866304285386,3418.205078125,13.801648341998298,0,0,362,0.0,0.0,0.05,0.05,0.15,0.65,0.1
363,AlwaysCompact_C128,3,COMPACT_128KB,0.16325,-0.055,0.192624,0,77,241.8103411355812,324.599027633667,34,1.570866304285386,3418.205078125,13.801648341998298,0,0,362,0.0,0.0,0.05,0.05,0.15,0.65,0.1,54,210.27203149079972,198.81391525268555,34,1.573069404153263,3422.9990234375,13.072221927062534,0,0,363,0.0,0.0,0.05,0.05,0.15,0.6,0.15
364,AlwaysCompact_C128,3,COMPACT_128KB,0.16325,-0.055,0.191196,0,54,210.27203149079972,198.81391525268555,34,1.573069404153263,3422.9990234375,13.072221927062534,0,0,363,0.0,0.0,0.05,0.05,0.15,0.6,0.15,88,275.6776584573053,270.2157497406006,34,1.5765169929055607,3430.5009765625,11.954933271230692,0,0,364,0.0,0.0,0.05,0.05,0.1,0.6,0.2
365,AlwaysCompact_C128,3,COMPACT_128KB,0.16325,-0.055,0.186496,0,88,275.6776584573053,270.2157497406006,34,1.5765169929055607,3430.5009765625,11.954933271230692,0,0,364,0.0,0.0,0.05,0.05,0.1,0.6,0.2,67,198.25922003853455,505.2156448364258,34,1.57916259765625,3436.2578125,11.122388759916712,0,0,365,0.0,0.0,0.05,0.05,0.1,0.6,0.2
366,AlwaysCompact_C128,3,COMPACT_128KB,0.16325,-0.055,0.191595,0,67,198.25922003853455,505.2156448364258,34,1.57916259765625,3436.2578125,11.122388759916712,0,0,365,0.0,0.0,0.05,0.05,0.1,0.6,0.2,89,384.62606294466457,250.2603530883789,34,1.5825922348920036,3443.720703125,10.084766954936104,0,0,366,0.0,0.0,0.05,0.1,0.1,0.55,0.2
367,AlwaysCompact_C128,3,COMPACT_128KB,0.16325,-0.055,0.191648,0,89,384.62606294466457,250.2603530883789,34,1.5825922348920036,3443.720703125,10.084766954936104,0,0,366,0.0,0.0,0.05,0.1,0.1,0.55,0.2,92,303.487108662859,247.60937690734863,34,1.5862058751723345,3451.583984375,9.058777998474191,0,0,367,0.0,0.0,0.05,0.15,0.1,0.55,0.15
368,AlwaysCompact_C128,3,COMPACT_128KB,0.16325,-0.055,0.189939,0,92,303.487108662859,247.60937690734863,34,1.5862058751723345,3451.583984375,9.058777998474191,0,0,367,0.0,0.0,0.05,0.15,0.1,0.55,0.15,95,260.6577364461979,333.07337760925293,34,1.5899640251608456,3459.76171875,8.092784215689143,0,0,368,0.0,0.0,0.1,0.15,0.1,0.5,0.15
369,AlwaysCompact_C128,3,COMPACT_128KB,0.16325,-0.055,0.191294,0,95,260.6577364461979,333.07337760925293,34,1.5899640251608456,3459.76171875,8.092784215689143,0,0,368,0.0,0.0,0.1,0.15,0.1,0.5,0.15,84,287.06808874693434,265.28215408325195,34,1.5932253669289982,3466.8583984375,7.369074854700609,0,0,369,0.0,0.0,0.1,0.15,0.1,0.5,0.15
370,AlwaysCompact_C128,3,COMPACT_128KB,0.16325,-0.055,0.192406,0,84,287.06808874693434,265.28215408325195,34,1.5932253669289982,3466.8583984375,7.369074854700609,0,0,369,0.0,0.0,0.1,0.15,0.1,0.5,0.15,81,299.72609014404094,209.72228050231934,34,1.5963888729319853,3473.7421875,6.802911173095304,0,0,370,0.0,0.0,0.1,0.15,0.1,0.45,0.2
371,AlwaysCompact_C128,3,COMPACT_128KB,0.16325,-0.055,0.191582,0,81,299.72609014404094,209.72228050231934,34,1.5963888729319853,3473.7421875,6.802911173095304,0,0,370,0.0,0.0,0.1,0.15,0.1,0.45,0.2,91,285.54602658989893,250.8983612060547,34,1.5999908447265625,3481.580078125,6.366912898283552,0,0,371,0.0,0.0,0.1,0.2,0.1,0.4,0.2
372,AlwaysCompact_C128,3,COMPACT_128KB,0.16325,-0.055,0.191079,0,91,285.54602658989893,250.8983612060547,34,1.5999908447265625,3481.580078125,6.366912898283552,0,0,371,0.0,0.0,0.1,0.2,0.1,0.4,0.2,99,359.1268372082564,276.0748863220215,34,1.6038777968462776,3490.0380859375,6.196378860773202,0,0,372,0.0,0.0,0.1,0.2,0.1,0.35,0.25
373,AlwaysCompact_C128,3,COMPACT_128KB,0.163125,-0.055,0.191266,0,99,359.1268372082564,276.0748863220215,34,1.6038777968462776,3490.0380859375,6.196378860773202,0,0,372,0.0,0.0,0.1,0.2,0.1,0.35,0.25,65,198.83466142722324,261.7056369781494,35,1.5618595668247768,3498.5654296875,17.040318686970853,0,0,373,0.0,0.0,0.1,0.25,0.1,0.3,0.25
374,AlwaysCompact_C128,3,COMPACT_128KB,0.163125,-0.055,0.190333,0,65,198.83466142722324,261.7056369781494,35,1.5618595668247768,3498.5654296875,17.040318686970853,0,0,373,0.0,0.0,0.1,0.25,0.1,0.3,0.25,86,283.6538686563033,308.3536624908447,35,1.5652108328683036,3506.072265625,15.86216467136202,0,0,374,0.0,0.0,0.1,0.25,0.1,0.3,0.25
375,AlwaysCompact_C128,3,COMPACT_128KB,0.163125,-0.055,0.191133,0,86,283.6538686563033,308.3536624908447,35,1.5652108328683036,3506.072265625,15.86216467136202,0,0,374,0.0,0.0,0.1,0.25,0.1,0.3,0.25,56,199.6270811040975,268.338680267334,35,1.5673531668526786,3510.87109375,15.11671425154574,0,0,375,0.0,0.0,0.1,0.25,0.1,0.3,0.25
376,AlwaysCompact_C128,3,COMPACT_128KB,0.163125,-0.055,0.19256,0,56,199.6270811040975,268.338680267334,35,1.5673531668526786,3510.87109375,15.11671425154574,0,0,375,0.0,0.0,0.1,0.25,0.1,0.3,0.25,53,189.11198451021025,197.01790809631348,35,1.5693716866629464,3515.392578125,14.42083663745578,0,0,376,0.0,0.0,0.1,0.25,0.1,0.25,0.3
377,AlwaysCompact_C128,3,COMPACT_128KB,0.163125,-0.055,0.19111,0,53,189.11198451021025,197.01790809631348,35,1.5693716866629464,3515.392578125,14.42083663745578,0,0,376,0.0,0.0,0.1,0.25,0.1,0.25,0.3,62,139.45818885028856,269.4885730743408,35,1.5716862269810268,3520.5771484375,13.63192595941846,0,0,377,0.0,0.0,0.1,0.25,0.1,0.25,0.3
378,AlwaysCompact_C128,3,COMPACT_128KB,0.163125,-0.055,0.186766,0,62,139.45818885028856,269.4885730743408,35,1.5716862269810268,3520.5771484375,13.63192595941846,0,0,377,0.0,0.0,0.1,0.25,0.1,0.25,0.3,59,218.91501055810673,486.68789863586426,35,1.573948015485491,3525.6435546875,12.871929040669242,0,0,378,0.0,0.0,0.1,0.2,0.15,0.25,0.3
379,AlwaysCompact_C128,3,COMPACT_128KB,0.163125,-0.055,0.192517,0,59,218.91501055810673,486.68789863586426,35,1.573948015485491,3525.6435546875,12.871929040669242,0,0,378,0.0,0.0,0.1,0.2,0.15,0.25,0.3,92,293.10812557871384,199.15008544921875,35,1.5778965541294643,3534.48828125,11.577453224310517,0,0,379,0.0,0.0,0.1,0.2,0.15,0.2,0.35
380,AlwaysCompact_C128,3,COMPACT_128KB,0.163125,-0.055,0.188336,0,92,293.10812557871384,199.15008544921875,35,1.5778965541294643,3534.48828125,11.577453224310517,0,0,379,0.0,0.0,0.1,0.2,0.15,0.2,0.35,90,304.03176533599657,408.22291374206543,35,1.581423078264509,3542.3876953125,10.466614422872544,0,0,380,0.0,0.0,0.1,0.25,0.1,0.2,0.35
381,AlwaysCompact_C128,3,COMPACT_128KB,0.163125,-0.055,0.192569,0,90,304.03176533599657,408.22291374206543,35,1.581423078264509,3542.3876953125,10.466614422872544,0,0,380,0.0,0.0,0.1,0.25,0.1,0.2,0.35,66,216.27386891880278,196.5312957763672,35,1.5834381103515625,3546.9013671875,9.85692123386478,0,0,381,0.0,0.0,0.1,0.25,0.1,0.2,0.35
382,AlwaysCompact_C128,3,COMPACT_128KB,0.163125,-0.055,0.189845,0,66,216.27386891880278,196.5312957763672,35,1.5834381103515625,3546.9013671875,9.85692123386478,0,0,381,0.0,0.0,0.1,0.25,0.1,0.2,0.35,70,226.13345820939435,332.74006843566895,35,1.58612060546875,3552.91015625,9.081288970397875,0,0,382,0.0,0.0,0.15,0.25,0.1,0.15,0.35
383,AlwaysCompact_C128,3,COMPACT_128KB,0.163125,-0.055,0.191582,0,70,226.13345820939435,332.74006843566895,35,1.58612060546875,3552.91015625,9.081288970397875,0,0,382,0.0,0.0,0.15,0.25,0.1,0.15,0.35,66,220.32133556606837,245.92328071594238,35,1.5886566162109375,3558.5908203125,8.395243295399,0,0,383,0.0,0.0,0.15,0.25,0.1,0.2,0.3
384,AlwaysCompact_C128,3,COMPACT_128KB,0.163125,-0.055,0.19277,0,66,220.32133556606837,245.92328071594238,35,1.5886566162109375,3558.5908203125,8.395243295399,0,0,383,0.0,0.0,0.15,0.25,0.1,0.2,0.3,70,221.0949574604915,186.48672103881836,35,1.5913282121930803,3564.5751953125,7.735884363369973,0,0,384,0.0,0.0,0.15,0.25,0.1,0.2,0.3
385,AlwaysCompact_C128,3,COMPACT_128KB,0.163125,-0.055,0.19146,0,70,221.0949574604915,186.48672103881836,35,1.5913282121930803,3564.5751953125,7.735884363369973,0,0,384,0.0,0.0,0.15,0.25,0.1,0.2,0.3,65,251.36781349548446,252.00700759887695,35,1.5939239501953124,3570.3896484375,7.1742468252333405,0,0,385,0.0,0.0,0.15,0.25,0.05,0.2,0.35
386,AlwaysCompact_C128,3,COMPACT_128KB,0.163125,-0.055,0.18989,0,65,251.36781349548446,252.00700759887695,35,1.5939239501953124,3570.3896484375,7.1742468252333405,0,0,385,0.0,0.0,0.15,0.25,0.05,0.2,0.35,78,293.69055439800997,330.4762840270996,35,1.5971182686941965,3577.544921875,6.619375834283828,0,0,386,0.0,0.0,0.15,0.2,0.05,0.2,0.4
387,AlwaysCompact_C128,3,COMPACT_128KB,0.163125,-0.055,0.192842,0,78,293.69055439800997,330.4762840270996,35,1.5971182686941965,3577.544921875,6.619375834283828,0,0,386,0.0,0.0,0.15,0.2,0.05,0.2,0.4,74,199.11297236474584,182.91950225830078,35,1.59976806640625,3583.48046875,6.299775934731599,0,0,387,0.0,0.0,0.15,0.15,0.05,0.2,0.45
388,AlwaysCompact_C128,3,COMPACT_128KB,0.163125,-0.055,0.192231,0,74,199.11297236474584,182.91950225830078,35,1.59976806640625,3583.48046875,6.299775934731599,0,0,387,0.0,0.0,0.15,0.15,0.05,0.2,0.45,90,301.41214120773304,213.44614028930664,35,1.6030984061104911,3590.9404296875,6.111704102494303,0,0,388,0.0,0.0,0.1,0.15,0.05,0.2,0.5
389,AlwaysCompact_C128,3,COMPACT_128KB,0.163,-0.055,0.189582,0,90,301.41214120773304,213.44614028930664,35,1.6030984061104911,3590.9404296875,6.111704102494303,0,0,388,0.0,0.0,0.1,0.15,0.05,0.2,0.5,69,227.67800466358906,340.90352058410645,36,1.5624622768825955,3599.9130859375,16.72659725906974,0,0,389,0.0,0.0,0.1,0.15,0.05,0.2,0.5
390,AlwaysCompact_C128,3,COMPACT_128KB,0.163,-0.055,0.182239,0,69,227.67800466358906,340.90352058410645,36,1.5624622768825955,3599.9130859375,16.72659725906974,0,0,389,0.0,0.0,0.1,0.15,0.05,0.2,0.5,90,311.7694728235284,708.0607414245605,36,1.5658132765028212,3607.6337890625,15.533068397615317,0,0,390,0.0,0.0,0.1,0.15,0.1,0.2,0.45
391,AlwaysCompact_C128,3,COMPACT_128KB,0.163,-0.055,0.188787,0,90,311.7694728235284,708.0607414245605,36,1.5658132765028212,3607.6337890625,15.533068397615317,0,0,390,0.0,0.0,0.1,0.15,0.1,0.2,0.45,90,249.3400425114238,380.6455135345459,36,1.5691858927408855,3615.404296875,14.348126568366315,0,0,391,0.0,0.0,0.1,0.1,0.1,0.2,0.5
392,AlwaysCompact_C128,3,COMPACT_128KB,0.163,-0.055,0.190771,0,90,249.3400425114238,380.6455135345459,36,1.5691858927408855,3615.404296875,14.348126568366315,0,0,391,0.0,0.0,0.1,0.1,0.1,0.2,0.5,62,133.24222300217505,281.47125244140625,36,1.5713979932996962,3620.5009765625,13.581848904452954,0,0,392,0.0,0.0,0.1,0.1,0.1,0.2,0.5
393,AlwaysCompact_C128,3,COMPACT_128KB,0.163,-0.055,0.189928,0,62,133.24222300217505,281.47125244140625,36,1.5713979932996962,3620.5009765625,13.581848904452954,0,0,392,0.0,0.0,0.1,0.1,0.1,0.2,0.5,86,207.35938043426398,323.59790802001953,36,1.5746421813964844,3627.9755859375,12.47754736266158,0,0,393,0.0,0.0,0.15,0.05,0.1,0.2,0.5
394,AlwaysCompact_C128,3,COMPACT_128KB,0.163,-0.055,0.189163,0,86,207.35938043426398,323.59790802001953,36,1.5746421813964844,3627.9755859375,12.47754736266158,0,0,393,0.0,0.0,0.15,0.05,0.1,0.2,0.5,76,221.1338538978517,361.86790466308594,36,1.577435811360677,3634.412109375,11.549702030554093,0,0,394,0.0,0.0,0.15,0.05,0.1,0.2,0.5
395,AlwaysCompact_C128,3,COMPACT_128KB,0.163,-0.055,0.189873,0,76,221.1338538978517,361.86790466308594,36,1.577435811360677,3634.412109375,11.549702030554093,0,0,394,0.0,0.0,0.15,0.05,0.1,0.2,0.5,80,255.57940309716753,326.3566493988037,36,1.5804189046223958,3641.28515625,10.589199092090723,0,0,395,0.0,0.0,0.15,0.05,0.1,0.15,0.55
396,AlwaysCompact_C128,3,COMPACT_128KB,0.163,-0.055,0.188976,0,80,255.57940309716753,326.3566493988037,36,1.5804189046223958,3641.28515625,10.589199092090723,0,0,395,0.0,0.0,0.15,0.05,0.1,0.15,0.55,78,201.64264357734862,371.20604515075684,36,1.5838686625162761,3649.2333984375,9.529555514509966,0,0,396,0.0,0.0,0.15,0.05,0.1,0.2,0.5
397,AlwaysCompact_C128,3,COMPACT_128KB,0.163,-0.055,0.190131,0,78,201.64264357734862,371.20604515075684,36,1.5838686625162761,3649.2333984375,9.529555514509966,0,0,396,0.0,0.0,0.15,0.05,0.1,0.2,0.5,66,174.92036002153458,313.4291172027588,36,1.5857815212673612,3653.640625,8.972401847917794,0,0,397,0.0,0.0,0.15,0.05,0.1,0.15,0.55
398,AlwaysCompact_C128,3,COMPACT_128KB,0.163,-0.055,0.189222,0,66,174.92036002153458,313.4291172027588,36,1.5857815212673612,3653.640625,8.972401847917794,0,0,397,0.0,0.0,0.15,0.05,0.1,0.15,0.55,79,246.66352223730914,358.8986396789551,36,1.588757832845052,3660.498046875,8.161515055007893,0,0,398,0.0,0.0,0.15,0.05,0.05,0.2,0.55
399,AlwaysCompact_C128,3,COMPACT_128KB,0.163,-0.055,0.191141,0,79,246.66352223730914,358.8986396789551,36,1.588757832845052,3660.498046875,8.161515055007893,0,0,398,0.0,0.0,0.15,0.05,0.05,0.2,0.55,89,265.9170719371418,262.93492317199707,36,1.592073228624132,3668.13671875,7.362720054051706,0,0,399,0.0,0.0,0.15,0.05,0.05,0.2,0.55
400,AlwaysCompact_C128,3,COMPACT_128KB,0.163,-0.055,0.1898,0,89,265.9170719371418,262.93492317199707,36,1.592073228624132,3668.13671875,7.362720054051706,0,0,399,0.0,0.0,0.15,0.05,0.05,0.2,0.55,69,188.90881094104216,330.0046920776367,36,1.5946426391601562,3674.056640625,6.843157441626105,0,0,400,0.0,0.0,0.15,0.0,0.05,0.25,0.55
401,AlwaysCompact_C128,3,COMPACT_128KB,0.163,-0.055,0.191701,0,69,188.90881094104216,330.0046920776367,36,1.5946426391601562,3674.056640625,6.843157441626105,0,0,400,0.0,0.0,0.15,0.0,0.05,0.25,0.55,62,154.88807064482583,234.9686622619629,36,1.5969501071506076,3679.373046875,6.469912699946653,0,0,401,0.0,0.0,0.15,0.0,0.05,0.25,0.55
402,AlwaysCompact_C128,3,COMPACT_128KB,0.163,-0.055,0.190348,0,62,154.88807064482583,234.9686622619629,36,1.5969501071506076,3679.373046875,6.469912699946653,0,0,401,0.0,0.0,0.15,0.0,0.05,0.25,0.55,70,188.54351412496862,302.6087284088135,36,1.5995428297254775,3685.3466796875,6.176557091303783,0,0,402,0.0,0.0,0.1,0.0,0.05,0.25,0.6
403,AlwaysCompact_C128,3,COMPACT_128KB,0.163,-0.055,0.185799,0,70,188.54351412496862,302.6087284088135,36,1.5995428297254775,3685.3466796875,6.176557091303783,0,0,402,0.0,0.0,0.1,0.0,0.05,0.25,0.6,71,230.38441346647036,530.0281047821045,36,1.6021931966145833,3691.453125,6.03378211572538,0,0,403,0.0,0.0,0.1,0.0,0.1,0.2,0.6
404,AlwaysCompact_C128,3,COMPACT_128KB,0.162875,-0.055,0.191401,0,71,230.38441346647036,530.0281047821045,36,1.6021931966145833,3691.453125,6.03378211572538,0,0,403,0.0,0.0,0.1,0.0,0.1,0.2,0.6,96,291.83963261764995,244.92931365966797,37,1.5636897731471706,3702.8173828125,16.126783255094942,0,0,404,0.0,0.0,0.1,0.0,0.1,0.2,0.6
405,AlwaysCompact_C128,3,COMPACT_128KB,0.162875,-0.055,0.191717,0,96,291.83963261764995,244.92931365966797,37,1.5636897731471706,3702.8173828125,16.126783255094942,0,0,404,0.0,0.0,0.1,0.0,0.1,0.2,0.6,77,248.86411012358388,229.15935516357422,37,1.5665171855204814,3709.5126953125,15.109177689311942,0,0,405,0.0,0.0,0.1,0.0,0.1,0.2,0.6
406,AlwaysCompact_C128,3,COMPACT_128KB,0.162875,-0.055,0.19012,0,77,248.86411012358388,229.15935516357422,37,1.5665171855204814,3709.5126953125,15.109177689311942,0,0,405,0.0,0.0,0.1,0.0,0.1,0.2,0.6,53,169.84296230646103,308.9861869812012,37,1.5683201970280827,3713.7822265625,14.466616165459254,0,0,406,0.0,0.0,0.1,0.0,0.1,0.2,0.6
407,AlwaysCompact_C128,3,COMPACT_128KB,0.162875,-0.055,0.191785,0,53,169.84296230646103,308.9861869812012,37,1.5683201970280827,3713.7822265625,14.466616165459254,0,0,406,0.0,0.0,0.1,0.0,0.1,0.2,0.6,76,180.97988122679322,225.74400901794434,37,1.5713294776710305,3720.908203125,13.407423077687765,0,0,407,0.0,0.0,0.1,0.0,0.1,0.2,0.6
408,AlwaysCompact_C128,3,COMPACT_128KB,0.162875,-0.055,0.191606,0,76,180.97988122679322,225.74400901794434,37,1.5713294776710305,3720.908203125,13.407423077687765,0,0,407,0.0,0.0,0.1,0.0,0.1,0.2,0.6,97,272.9578440725817,234.70640182495117,37,1.5749157055004224,3729.400390625,12.17206826787243,0,0,408,0.0,0.0,0.1,0.0,0.1,0.2,0.6
409,AlwaysCompact_C128,3,COMPACT_128KB,0.162875,-0.055,0.191382,0,97,272.9578440725817,234.70640182495117,37,1.5749157055004224,3729.400390625,12.17206826787243,0,0,408,0.0,0.0,0.1,0.0,0.1,0.2,0.6,88,259.66555863459496,245.89824676513672,37,1.5781266495988175,3737.00390625,11.098376158824827,0,0,409,0.0,0.0,0.1,0.0,0.1,0.15,0.65
410,AlwaysCompact_C128,3,COMPACT_128KB,0.162875,-0.055,0.180795,0,88,259.66555863459496,245.89824676513672,37,1.5781266495988175,3737.00390625,11.098376158824827,0,0,409,0.0,0.0,0.1,0.0,0.1,0.15,0.65,69,211.22284129474875,775.261640548706,37,1.580648473791174,3742.9755859375,10.283087871408648,0,0,410,0.0,0.0,0.1,0.0,0.1,0.15,0.65
411,AlwaysCompact_C128,3,COMPACT_128KB,0.162875,-0.055,0.190084,0,69,211.22284129474875,775.261640548706,37,1.580648473791174,3742.9755859375,10.283087871408648,0,0,410,0.0,0.0,0.1,0.0,0.1,0.15,0.65,63,167.86040661376268,310.7786178588867,37,1.5828597610061232,3748.2119140625,9.593883641499485,0,0,411,0.0,0.0,0.1,0.0,0.1,0.2,0.6
412,AlwaysCompact_C128,3,COMPACT_128KB,0.162875,-0.055,0.191678,0,63,167.86040661376268,310.7786178588867,37,1.5828597610061232,3748.2119140625,9.593883641499485,0,0,411,0.0,0.0,0.1,0.0,0.1,0.2,0.6,81,267.32318035142276,231.1244010925293,37,1.585793160103463,3755.158203125,8.726788735123037,0,0,412,0.0,0.0,0.1,0.0,0.1,0.2,0.6
413,AlwaysCompact_C128,3,COMPACT_128KB,0.162875,-0.055,0.191846,0,81,267.32318035142276,231.1244010925293,37,1.585793160103463,3755.158203125,8.726788735123037,0,0,412,0.0,0.0,0.1,0.0,0.1,0.2,0.6,52,160.147183044814,222.7153778076172,37,1.5873652277766048,3758.880859375,8.289557850274495,0,0,413,0.0,0.0,0.05,0.0,0.1,0.2,0.65
414,AlwaysCompact_C128,3,COMPACT_128KB,0.162875,-0.055,0.19149,0,52,160.147183044814,222.7153778076172,37,1.5873652277766048,3758.880859375,8.289557850274495,0,0,413,0.0,0.0,0.05,0.0,0.1,0.2,0.65,95,310.2928812946895,240.4770851135254,37,1.5908025793127112,3767.0205078125,7.420143168148374,0,0,414,0.0,0.0,0.0,0.0,0.1,0.2,0.7
415,AlwaysCompact_C128,3,COMPACT_128KB,0.162875,-0.055,0.191669,0,95,310.2928812946895,240.4770851135254,37,1.5908025793127112,3767.0205078125,7.420143168148374,0,0,414,0.0,0.0,0.0,0.0,0.1,0.2,0.7,65,215.6799108894599,231.54640197753906,37,1.5933660558752112,3773.0908203125,6.870511308250321,0,0,415,0.0,0.0,0.0,0.0,0.1,0.2,0.7
416,AlwaysCompact_C128,3,COMPACT_128KB,0.162875,-0.055,0.18983,0,65,215.6799108894599,231.54640197753906,37,1.5933660558752112,3773.0908203125,6.870511308250321,0,0,415,0.0,0.0,0.0,0.0,0.1,0.2,0.7,93,300.943459053603,323.47726821899414,37,1.5967621674408783,3781.1328125,6.3139071746153075,0,0,416,0.0,0.0,0.0,0.0,0.1,0.2,0.7
417,AlwaysCompact_C128,3,COMPACT_128KB,0.162875,-0.055,0.191826,0,93,300.943459053603,323.47726821899414,37,1.5967621674408783,3781.1328125,6.3139071746153075,0,0,416,0.0,0.0,0.0,0.0,0.1,0.2,0.7,68,207.60556113610227,223.6781120300293,37,1.5989953118401605,3786.4208984375,6.07824610766454,0,0,417,0.0,0.0,0.0,0.0,0.1,0.2,0.7
418,AlwaysCompact_C128,3,COMPACT_128KB,0.162875,-0.055,0.189185,0,68,207.60556113610227,223.6781120300293,37,1.5989953118401605,3786.4208984375,6.07824610766454,0,0,417,0.0,0.0,0.0,0.0,0.1,0.2,0.7,58,178.24745564506082,355.741024017334,37,1.601099375131968,3791.4033203125,5.964608781188089,0,0,418,0.0,0.0,0.05,0.0,0.1,0.15,0.7
419,AlwaysCompact_C128,3,COMPACT_128KB,0.16275,-0.055,0.190096,0,58,178.24745564506082,355.741024017334,37,1.601099375131968,3791.4033203125,5.964608781188089,0,0,418,0.0,0.0,0.05,0.0,0.1,0.15,0.7,76,247.06912603840973,305.2048683166504,38,1.562840511924342,3800.828125,16.200102728035354,0,0,419,0.0,0.0,0.05,0.05,0.1,0.15,0.65
420,AlwaysCompact_C128,3,COMPACT_128KB,0.16275,-0.055,0.191712,0,76,247.06912603840973,305.2048683166504,38,1.562840511924342,3800.828125,16.200102728035354,0,0,419,0.0,0.0,0.05,0.05,0.1,0.15,0.65,93,285.29883838465105,224.38311576843262,38,1.5661356072676809,3808.841796875,14.996308595380775,0,0,420,0.0,0.0,0.05,0.05,0.1,0.1,0.7
421,AlwaysCompact_C128,3,COMPACT_128KB,0.16275,-0.055,0.188492,0,93,285.29883838465105,224.38311576843262,38,1.5661356072676809,3808.841796875,14.996308595380775,0,0,420,0.0,0.0,0.05,0.05,0.1,0.1,0.7,77,238.99256518505638,385.4176998138428,38,1.5689974333110608,3815.8017578125,13.964801804178698,0,0,421,0.0,0.0,0.1,0.05,0.1,0.1,0.65
422,AlwaysCompact_C128,3,COMPACT_128KB,0.16275,-0.055,0.189945,0,77,238.99256518505638,385.4176998138428,38,1.5689974333110608,3815.8017578125,13.964801804178698,0,0,421,0.0,0.0,0.1,0.05,0.1,0.1,0.65,59,177.7583211997095,312.7565383911133,38,1.5710838719418174,3820.8759765625,13.222823040585988,0,0,422,0.0,0.0,0.1,0.1,0.1,0.1,0.6
423,AlwaysCompact_C128,3,COMPACT_128KB,0.16275,-0.055,0.191668,0,59,177.7583211997095,312.7565383911133,38,1.5710838719418174,3820.8759765625,13.222823040585988,0,0,422,0.0,0.0,0.1,0.1,0.1,0.1,0.6,77,216.4095628272497,226.6247272491455,38,1.5738079673365544,3827.5009765625,12.26967476768527,0,0,423,0.0,0.0,0.1,0.1,0.05,0.1,0.65
424,AlwaysCompact_C128,3,COMPACT_128KB,0.16275,-0.055,0.189858,0,77,216.4095628272497,226.6247272491455,38,1.5738079673365544,3827.5009765625,12.26967476768527,0,0,423,0.0,0.0,0.1,0.1,0.05,0.1,0.65,85,270.21877273829733,317.0971870422363,38,1.5766452990080182,3834.4013671875,11.30012475899641,0,0,424,0.0,0.0,0.1,0.15,0.05,0.1,0.6
425,AlwaysCompact_C128,3,COMPACT_128KB,-0.12975,-0.055,0.191647,0,85,270.21877273829733,317.0971870422363,38,1.5766452990080182,3834.4013671875,11.30012475899641,0,0,424,0.0,0.0,0.1,0.15,0.05,0.1,0.6,50,173.0783260899348,227.6611328125,38,1.5784153185392682,3838.7060546875,10.710101026855288,0,0,425,0.0,0.0,0.1,0.15,0.05,0.1,0.6
426,AlwaysCompact_C128,3,COMPACT_128KB,0.16275,-0.055,0.191567,0,50,173.0783260899348,227.6611328125,38,1.5784153185392682,3838.7060546875,10.710101026855288,0,0,425,0.0,0.0,0.1,0.15,0.05,0.1,0.6,98,289.95448106951994,231.6749095916748,38,1.5818778590152138,3847.126953125,9.59800913801114,0,0,426,0.0,0.0,0.1,0.15,0.05,0.1,0.6
427,AlwaysCompact_C128,3,COMPACT_128KB,0.16275,-0.055,0.191623,0,98,289.95448106951994,231.6749095916748,38,1.5818778590152138,3847.126953125,9.59800913801114,0,0,426,0.0,0.0,0.1,0.15,0.05,0.1,0.6,62,200.3232696728232,228.87492179870605,38,1.584073919998972,3852.4677734375,8.929283932826875,0,0,427,0.0,0.0,0.1,0.15,0.05,0.1,0.6
428,AlwaysCompact_C128,3,COMPACT_128KB,0.16275,-0.055,0.190308,0,62,200.3232696728232,228.87492179870605,38,1.584073919998972,3852.4677734375,8.929283932826875,0,0,427,0.0,0.0,0.1,0.15,0.05,0.1,0.6,80,236.52118012356686,294.6197986602783,38,1.5868911743164062,3859.3193359375,8.126263189166206,0,0,428,0.0,0.0,0.1,0.15,0.05,0.1,0.6
429,AlwaysCompact_C128,3,COMPACT_128KB,0.16275,-0.055,0.19155,0,80,236.52118012356686,294.6197986602783,38,1.5868911743164062,3859.3193359375,8.126263189166206,0,0,428,0.0,0.0,0.1,0.15,0.05,0.1,0.6,75,229.4297965074936,232.4984073638916,38,1.5895237169767682,3865.7216796875,7.44790018772595,0,0,429,0.0,0.0,0.1,0.15,0.05,0.1,0.6
430,AlwaysCompact_C128,3,COMPACT_128KB,0.16275,-0.055,0.191616,0,75,229.4297965074936,232.4984073638916,38,1.5895237169767682,3865.7216796875,7.44790018772595,0,0,429,0.0,0.0,0.1,0.15,0.05,0.1,0.6,91,298.74755127950243,229.20536994934082,38,1.5927328812448602,3873.5263671875,6.746118310643212,0,0,430,0.0,0.0,0.1,0.15,0.0,0.1,0.65
431,AlwaysCompact_C128,3,COMPACT_128KB,0.16275,-0.055,0.191222,0,91,298.74755127950243,229.20536994934082,38,1.5927328812448602,3873.5263671875,6.746118310643212,0,0,430,0.0,0.0,0.1,0.15,0.0,0.1,0.65,76,231.01894652316116,248.88992309570312,38,1.5954140111019737,3880.046875,6.296514615576224,0,0,431,0.0,0.0,0.1,0.15,0.0,0.05,0.7
432,AlwaysCompact_C128,3,COMPACT_128KB,0.16275,-0.055,0.190005,0,76,231.01894652316116,248.88992309570312,38,1.5954140111019737,3880.046875,6.296514615576224,0,0,431,0.0,0.0,0.1,0.15,0.0,0.05,0.7,58,155.00449333391103,309.7503185272217,38,1.5974530671772205,3885.005859375,6.056769510886773,0,0,432,0.0,0.0,0.1,0.15,0.0,0.1,0.65
433,AlwaysCompact_C128,3,COMPACT_128KB,0.16275,-0.055,0.191058,0,58,155.00449333391103,309.7503185272217,38,1.5974530671772205,3885.005859375,6.056769510886773,0,0,432,0.0,0.0,0.1,0.15,0.0,0.1,0.65,76,236.04212764917617,257.0929527282715,38,1.600134197034334,3891.5263671875,5.895763405596695,0,0,433,0.0,0.0,0.1,0.15,0.0,0.1,0.65
434,AlwaysCompact_C128,3,COMPACT_128KB,0.162625,-0.055,0.188734,0,76,236.04212764917617,257.0929527282715,38,1.600134197034334,3891.5263671875,5.895763405596695,0,0,433,0.0,0.0,0.1,0.15,0.0,0.1,0.65,76,234.1283137936961,368.3183193206787,39,1.5629002497746394,3900.9990234375,15.978393888712292,0,0,434,0.0,0.0,0.15,0.15,0.0,0.1,0.6
435,AlwaysCompact_C128,3,COMPACT_128KB,0.162625,-0.055,0.184617,0,76,234.1283137936961,368.3183193206787,39,1.5629002497746394,3900.9990234375,15.978393888712292,0,0,434,0.0,0.0,0.15,0.15,0.0,0.1,0.6,76,256.2001975549163,574.1746425628662,39,1.5654942439152644,3907.4736328125,15.017533878549706,0,0,435,0.0,0.0,0.15,0.15,0.05,0.1,0.55
436,AlwaysCompact_C128,3,COMPACT_128KB,0.162625,-0.055,0.191602,0,76,256.2001975549163,574.1746425628662,39,1.5654942439152644,3907.4736328125,15.017533878549706,0,0,435,0.0,0.0,0.15,0.15,0.05,0.1,0.55,90,307.0325912791691,224.89118576049805,39,1.5686007768679888,3915.2275390625,13.88120266045061,0,0,436,0.0,0.0,0.15,0.15,0.05,0.05,0.6
437,AlwaysCompact_C128,3,COMPACT_128KB,0.162625,-0.055,0.189685,0,90,307.0325912791691,224.89118576049805,39,1.5686007768679888,3915.2275390625,13.88120266045061,0,0,436,0.0,0.0,0.15,0.15,0.05,0.05,0.6,87,321.81644427589976,320.73116302490234,39,1.571569589468149,3922.6376953125,12.813520111520829,0,0,437,0.0,0.0,0.15,0.15,0.05,0.1,0.55
438,AlwaysCompact_C128,3,COMPACT_128KB,0.162625,-0.055,0.185947,0,87,321.81644427589976,320.73116302490234,39,1.571569589468149,3922.6376953125,12.813520111520829,0,0,437,0.0,0.0,0.15,0.15,0.05,0.1,0.55,56,188.08402565964852,507.6584815979004,39,1.573525844476162,3927.5205078125,12.122076868651149,0,0,438,0.0,0.0,0.1,0.2,0.05,0.1,0.55
439,AlwaysCompact_C128,3,COMPACT_128KB,0.162625,-0.055,0.191491,0,56,188.08402565964852,507.6584815979004,39,1.573525844476162,3927.5205078125,12.122076868651149,0,0,438,0.0,0.0,0.1,0.2,0.05,0.1,0.55,90,226.05441296943044,230.43107986450195,39,1.5766198573968349,3935.2431640625,11.053126570874728,0,0,439,0.0,0.0,0.1,0.15,0.05,0.1,0.6
440,AlwaysCompact_C128,3,COMPACT_128KB,0.162625,-0.055,0.188928,0,90,226.05441296943044,230.43107986450195,39,1.5766198573968349,3935.2431640625,11.053126570874728,0,0,439,0.0,0.0,0.1,0.15,0.05,0.1,0.6,74,178.4236671478231,358.60657691955566,39,1.579123081305088,3941.4912109375,10.216016372686559,0,0,440,0.0,0.0,0.1,0.15,0.05,0.1,0.6
441,AlwaysCompact_C128,3,COMPACT_128KB,0.162625,-0.055,0.188142,0,74,178.4236671478231,358.60657691955566,39,1.579123081305088,3941.4912109375,10.216016372686559,0,0,440,0.0,0.0,0.1,0.15,0.05,0.1,0.6,60,161.8912967541102,397.8850841522217,39,1.5811759753104968,3946.615234375,9.552986230806551,0,0,441,0.0,0.0,0.05,0.2,0.05,0.1,0.6
442,AlwaysCompact_C128,3,COMPACT_128KB,0.162625,-0.055,0.189528,0,60,161.8912967541102,397.8850841522217,39,1.5811759753104968,3946.615234375,9.552986230806551,0,0,441,0.0,0.0,0.05,0.2,0.05,0.1,0.6,55,170.95477848706315,328.60803604125977,39,1.583140837840545,3951.51953125,8.94288787056282,0,0,442,0.0,0.0,0.05,0.15,0.05,0.1,0.65
443,AlwaysCompact_C128,3,COMPACT_128KB,0.162625,-0.055,0.19098,0,55,170.95477848706315,328.60803604125977,39,1.583140837840545,3951.51953125,8.94288787056282,0,0,442,0.0,0.0,0.05,0.15,0.05,0.1,0.65,96,273.0962995116658,255.98764419555664,39,1.58640621869992,3959.669921875,7.996888505994735,0,0,443,0.0,0.0,0.05,0.15,0.05,0.1,0.65
444,AlwaysCompact_C128,3,COMPACT_128KB,0.162625,-0.055,0.190083,0,96,273.0962995116658,255.98764419555664,39,1.58640621869992,3959.669921875,7.996888505994735,0,0,443,0.0,0.0,0.05,0.15,0.05,0.1,0.65,82,236.30807115084548,300.8296489715576,39,1.5891923170823317,3966.6240234375,7.278090200987663,0,0,444,0.0,0.0,0.05,0.1,0.05,0.1,0.7
445,AlwaysCompact_C128,3,COMPACT_128KB,0.162625,-0.055,0.191277,0,82,236.30807115084548,300.8296489715576,39,1.5891923170823317,3966.6240234375,7.278090200987663,0,0,444,0.0,0.0,0.05,0.1,0.05,0.1,0.7,77,252.46586847692515,241.15705490112305,39,1.591829348833133,3973.2060546875,6.697978257592051,0,0,445,0.0,0.0,0.05,0.1,0.05,0.1,0.7
446,AlwaysCompact_C128,3,COMPACT_128KB,0.162625,-0.055,0.186695,0,77,252.46586847692515,241.15705490112305,39,1.591829348833133,3973.2060546875,6.697978257592051,0,0,445,0.0,0.0,0.05,0.1,0.05,0.1,0.7,92,295.91443023530456,470.25251388549805,39,1.5950313470302484,3981.1982421875,6.164809413694141,0,0,446,0.0,0.0,0.1,0.1,0.05,0.1,0.65
447,AlwaysCompact_C128,3,COMPACT_128KB,0.162625,-0.055,0.182344,0,92,295.91443023530456,470.25251388549805,39,1.5950313470302484,3981.1982421875,6.164809413694141,0,0,446,0.0,0.0,0.1,0.1,0.05,0.1,0.65,51,152.05665724796077,687.8180503845215,39,1.5967724139873798,3985.5439453125,5.970816446672221,0,0,447,0.0,0.0,0.1,0.1,0.1,0.1,0.6
448,AlwaysCompact_C128,3,COMPACT_128KB,0.162625,-0.055,0.18297,0,51,152.05665724796077,687.8180503845215,39,1.5967724139873798,3985.5439453125,5.970816446672221,0,0,447,0.0,0.0,0.1,0.1,0.1,0.1,0.6,64,185.5277449676026,656.5220355987549,39,1.5990678836137822,3991.2734375,5.833259930469663,0,0,448,0.0,0.0,0.1,0.1,0.15,0.1,0.55
449,AlwaysCompact_C128,3,COMPACT_128KB,0.1625,-0.055,0.188565,0,64,185.5277449676026,656.5220355987549,39,1.5990678836137822,3991.2734375,5.833259930469663,0,0,448,0.0,0.0,0.1,0.1,0.15,0.1,0.55,56,145.66454756930167,371.7331886291504,40,1.5620864868164062,3998.94140625,16.03826376975945,0,0,449,0.0,0.0,0.1,0.1,0.15,0.15,0.5
450,AlwaysCompact_C128,3,COMPACT_128KB,0.1625,-0.055,0.190706,0,56,145.66454756930167,371.7331886291504,40,1.5620864868164062,3998.94140625,16.03826376975945,0,0,449,0.0,0.0,0.1,0.1,0.15,0.15,0.5,54,159.89547215925415,264.70947265625,40,1.5639350891113282,4003.673828125,15.34223970150521,0,0,450,0.0,0.0,0.1,0.1,0.15,0.15,0.5
451,AlwaysCompact_C128,3,COMPACT_128KB,-0.13,-0.055,0.186264,0,54,159.89547215925415,264.70947265625,40,1.5639350891113282,4003.673828125,15.34223970150521,0,0,450,0.0,0.0,0.1,0.1,0.15,0.15,0.5,30,93.33555862646007,486.7851734161377,40,1.5649505615234376,4006.2734375,14.962046347686398,0,0,451,0.0,0.0,0.15,0.1,0.15,0.15,0.45
452,AlwaysCompact_C128,3,COMPACT_128KB,-0.13,-0.055,0.186971,0,30,93.33555862646007,486.7851734161377,40,1.5649505615234376,4006.2734375,14.962046347686398,0,0,451,0.0,0.0,0.15,0.1,0.15,0.15,0.45,38,132.80014931143432,451.4632225036621,40,1.5662006378173827,4009.4736328125,14.496328987023308,0,0,452,0.0,0.0,0.2,0.1,0.15,0.1,0.45
453,AlwaysCompact_C128,3,COMPACT_128KB,-0.13,-0.055,0.189926,0,38,132.80014931143432,451.4632225036621,40,1.5662006378173827,4009.4736328125,14.496328987023308,0,0,452,0.0,0.0,0.2,0.1,0.15,0.1,0.45,47,160.66502306074196,303.71761322021484,40,1.5677745819091797,4013.5029296875,13.913955329567196,0,0,453,0.0,0.0,0.2,0.1,0.15,0.1,0.45
454,AlwaysCompact_C128,3,COMPACT_128KB,-0.13,-0.055,0.189563,0,47,160.66502306074196,303.71761322021484,40,1.5677745819091797,4013.5029296875,13.913955329567196,0,0,453,0.0,0.0,0.2,0.1,0.15,0.1,0.45,25,89.22896782714066,321.83289527893066,40,1.5686203002929688,4015.66796875,13.603057800798219,0,0,454,0.0,0.0,0.15,0.1,0.15,0.1,0.5
455,AlwaysCompact_C128,3,COMPACT_128KB,-0.13,-0.055,0.189454,0,25,89.22896782714066,321.83289527893066,40,1.5686203002929688,4015.66796875,13.603057800798219,0,0,454,0.0,0.0,0.15,0.1,0.15,0.1,0.5,35,125.54413481397228,327.3026943206787,40,1.5697845458984374,4018.6484375,13.177613909361968,0,0,455,0.0,0.0,0.15,0.1,0.1,0.1,0.55
456,AlwaysCompact_C128,3,COMPACT_128KB,-0.13,-0.055,0.191185,0,35,125.54413481397228,327.3026943206787,40,1.5697845458984374,4018.6484375,13.177613909361968,0,0,455,0.0,0.0,0.15,0.1,0.1,0.1,0.55,39,138.48751835038698,240.75937271118164,40,1.5711318969726562,4022.09765625,12.689300315325479,0,0,456,0.0,0.0,0.15,0.1,0.1,0.1,0.55
457,AlwaysCompact_C128,3,COMPACT_128KB,-0.13,-0.055,0.181681,0,39,138.48751835038698,240.75937271118164,40,1.5711318969726562,4022.09765625,12.689300315325479,0,0,456,0.0,0.0,0.15,0.1,0.1,0.1,0.55,40,107.63464100970091,715.9445285797119,40,1.5724788665771485,4025.5458984375,12.205955748870457,0,0,457,0.0,0.0,0.15,0.1,0.15,0.05,0.55
458,AlwaysCompact_C128,3,COMPACT_128KB,-0.13,-0.055,0.189619,0,40,107.63464100970091,715.9445285797119,40,1.5724788665771485,4025.5458984375,12.205955748870457,0,0,457,0.0,0.0,0.15,0.1,0.15,0.05,0.55,47,128.46025943288643,319.0655708312988,40,1.5739952087402345,4029.427734375,11.668361245669766,0,0,458,0.0,0.0,0.15,0.05,0.15,0.1,0.55
459,AlwaysCompact_C128,3,COMPACT_128KB,-0.13,-0.055,0.190918,0,47,128.46025943288643,319.0655708312988,40,1.5739952087402345,4029.427734375,11.668361245669766,0,0,458,0.0,0.0,0.15,0.05,0.15,0.1,0.55,22,78.45853268656019,254.1210651397705,40,1.574732208251953,4031.314453125,11.409846443687417,0,0,459,0.0,0.0,0.15,0.05,0.15,0.1,0.55
460,AlwaysCompact_C128,3,COMPACT_128KB,-0.13,-0.055,0.190252,0,22,78.45853268656019,254.1210651397705,40,1.574732208251953,4031.314453125,11.409846443687417,0,0,459,0.0,0.0,0.15,0.05,0.15,0.1,0.55,25,71.85516802337574,287.402868270874,40,1.575568389892578,4033.455078125,11.118955782992883,0,0,460,0.0,0.0,0.15,0.05,0.15,0.1,0.55
461,AlwaysCompact_C128,3,COMPACT_128KB,-0.13,-0.055,0.180814,0,25,71.85516802337574,287.402868270874,40,1.575568389892578,4033.455078125,11.118955782992883,0,0,460,0.0,0.0,0.15,0.05,0.15,0.1,0.55,43,147.0838276765894,759.3197822570801,40,1.5770126342773438,4037.15234375,10.623172154687897,0,0,461,0.0,0.0,0.15,0.0,0.2,0.1,0.55
462,AlwaysCompact_C128,3,COMPACT_128KB,-0.13,-0.055,0.190484,0,43,147.0838276765894,759.3197822570801,40,1.5770126342773438,4037.15234375,10.623172154687897,0,0,461,0.0,0.0,0.15,0.0,0.2,0.1,0.55,26,86.81488015297622,275.80857276916504,40,1.57789306640625,4039.40625,10.325495122712931,0,0,462,0.0,0.0,0.15,0.0,0.2,0.1,0.55
463,AlwaysCompact_C128,3,COMPACT_128KB,-0.13,-0.055,0.191161,0,26,86.81488015297622,275.80857276916504,40,1.57789306640625,4039.40625,10.325495122712931,0,0,462,0.0,0.0,0.15,0.0,0.2,0.1,0.55,38,124.13435932583569,241.9295310974121,40,1.5792354583740233,4042.8427734375,9.879110240472952,0,0,463,0.0,0.0,0.15,0.0,0.2,0.1,0.55
464,AlwaysCompact_C128,3,COMPACT_128KB,-0.13,-0.055,0.189659,0,38,124.13435932583569,241.9295310974121,40,1.5792354583740233,4042.8427734375,9.879110240472952,0,0,463,0.0,0.0,0.15,0.0,0.2,0.1,0.55,23,79.46172049972365,317.0454502105713,40,1.5799510955810547,4044.6748046875,9.645207301412375,0,0,464,0.0,0.0,0.15,0.05,0.2,0.1,0.5
465,AlwaysCompact_C128,3,COMPACT_128KB,-0.13,-0.055,0.191012,0,23,79.46172049972365,317.0454502105713,40,1.5799510955810547,4044.6748046875,9.645207301412375,0,0,464,0.0,0.0,0.15,0.05,0.2,0.1,0.5,36,121.75381682774726,249.39370155334473,40,1.5811573028564454,4047.7626953125,9.258104024587439,0,0,465,0.0,0.0,0.15,0.05,0.2,0.1,0.5
466,AlwaysCompact_C128,3,COMPACT_128KB,-0.13,-0.055,0.190951,0,36,121.75381682774726,249.39370155334473,40,1.5811573028564454,4047.7626953125,9.258104024587439,0,0,465,0.0,0.0,0.15,0.05,0.2,0.1,0.5,31,107.95037833942452,252.45141983032227,40,1.582190704345703,4050.408203125,8.934343149374719,0,0,466,0.0,0.0,0.1,0.05,0.2,0.1,0.55
467,AlwaysCompact_C128,3,COMPACT_128KB,-0.13,-0.055,0.187405,0,31,107.95037833942452,252.45141983032227,40,1.582190704345703,4050.408203125,8.934343149374719,0,0,466,0.0,0.0,0.1,0.05,0.2,0.1,0.55,41,114.09058967146117,429.77118492126465,40,1.5835708618164062,4053.94140625,8.514803068471581,0,0,467,0.0,0.0,0.1,0.05,0.15,0.15,0.55
468,AlwaysCompact_C128,3,COMPACT_128KB,-0.13,-0.055,0.188106,0,41,114.09058967146117,429.77118492126465,40,1.5835708618164062,4053.94140625,8.514803068471581,0,0,467,0.0,0.0,0.1,0.05,0.15,0.15,0.55,35,103.06464329468426,394.6826457977295,40,1.5849449157714843,4057.458984375,8.113795112474902,0,0,468,0.0,0.0,0.1,0.1,0.1,0.15,0.55
469,AlwaysCompact_C128,3,COMPACT_128KB,-0.13,-0.055,0.187882,0,35,103.06464329468426,394.6826457977295,40,1.5849449157714843,4057.458984375,8.113795112474902,0,0,468,0.0,0.0,0.1,0.1,0.1,0.15,0.55,23,64.50945818710947,405.92408180236816,40,1.5857261657714843,4059.458984375,7.894187188025964,0,0,469,0.0,0.0,0.1,0.15,0.1,0.1,0.55
470,AlwaysCompact_C128,3,COMPACT_128KB,-0.13,-0.055,0.19123,0,23,64.50945818710947,405.92408180236816,40,1.5857261657714843,4059.458984375,7.894187188025964,0,0,469,0.0,0.0,0.1,0.15,0.1,0.1,0.55,42,134.84329816573805,238.50560188293457,40,1.5871936798095703,4063.2158203125,7.500355871471081,0,0,470,0.0,0.0,0.1,0.15,0.1,0.1,0.55
471,AlwaysCompact_C128,3,COMPACT_128KB,-0.13,-0.055,0.191023,0,42,134.84329816573805,238.50560188293457,40,1.5871936798095703,4063.2158203125,7.500355871471081,0,0,470,0.0,0.0,0.1,0.15,0.1,0.1,0.55,33,120.3354772747427,248.82745742797852,40,1.588714599609375,4067.109375,7.121553628275259,0,0,471,0.0,0.0,0.05,0.15,0.1,0.1,0.6
472,AlwaysCompact_C128,3,COMPACT_128KB,-0.13,-0.055,0.190663,0,33,120.3354772747427,248.82745742797852,40,1.588714599609375,4067.109375,7.121553628275259,0,0,471,0.0,0.0,0.05,0.15,0.1,0.1,0.6,40,138.57359495435728,266.83926582336426,40,1.590081024169922,4070.607421875,6.81078200105683,0,0,472,0.0,0.0,0.0,0.15,0.1,0.1,0.65
473,AlwaysCompact_C128,3,COMPACT_128KB,-0.13,-0.055,0.19122,0,40,138.57359495435728,266.83926582336426,40,1.590081024169922,4070.607421875,6.81078200105683,0,0,472,0.0,0.0,0.0,0.15,0.1,0.1,0.65,32,106.05527895096579,238.99078369140625,40,1.5911659240722655,4073.384765625,6.58671115893729,0,0,473,0.0,0.0,0.0,0.15,0.1,0.1,0.65
474,AlwaysCompact_C128,3,COMPACT_128KB,-0.13,-0.055,0.191057,0,32,106.05527895096579,238.99078369140625,40,1.5911659240722655,4073.384765625,6.58671115893729,0,0,473,0.0,0.0,0.0,0.15,0.1,0.1,0.65,48,108.72750642395859,247.1628189086914,40,1.5928295135498047,4077.6435546875,6.287339684093075,0,0,474,0.0,0.0,0.0,0.15,0.1,0.1,0.65
475,AlwaysCompact_C128,3,COMPACT_128KB,-0.13,-0.055,0.191268,0,48,108.72750642395859,247.1628189086914,40,1.5928295135498047,4077.6435546875,6.287339684093075,0,0,474,0.0,0.0,0.0,0.15,0.1,0.1,0.65,27,90.90947681750787,236.62137985229492,40,1.5937400817871095,4079.974609375,6.14858618173603,0,0,475,0.0,0.0,0.0,0.15,0.1,0.1,0.65
476,AlwaysCompact_C128,3,COMPACT_128KB,-0.13,-0.055,0.190858,0,27,90.90947681750787,236.62137985229492,40,1.5937400817871095,4079.974609375,6.14858618173603,0,0,475,0.0,0.0,0.0,0.15,0.1,0.1,0.65,46,146.86877434009602,257.10535049438477,40,1.5945259094238282,4081.986328125,6.044367491482843,0,0,476,0.0,0.0,0.0,0.15,0.1,0.1,0.65
477,AlwaysCompact_C128,3,COMPACT_128KB,-0.13,-0.055,0.191079,0,46,146.86877434009602,257.10535049438477,40,1.5945259094238282,4081.986328125,6.044367491482843,0,0,476,0.0,0.0,0.0,0.15,0.1,0.1,0.65,21,72.6881577742072,246.05727195739746,40,1.595238494873047,4083.810546875,5.962970882868423,0,0,477,0.0,0.0,0.0,0.15,0.05,0.1,0.7
478,AlwaysCompact_C128,3,COMPACT_128KB,-0.13,-0.055,0.191012,0,21,72.6881577742072,246.05727195739746,40,1.595238494873047,4083.810546875,5.962970882868423,0,0,477,0.0,0.0,0.0,0.15,0.05,0.1,0.7,38,112.64818546320922,249.39608573913574,40,1.5965167999267578,4087.0830078125,5.849847139528327,0,0,478,0.0,0.0,0.0,0.15,0.05,0.05,0.75
479,AlwaysCompact_C128,3,COMPACT_128KB,-0.13,-0.055,0.187681,0,38,112.64818546320922,249.39608573913574,40,1.5965167999267578,4087.0830078125,5.849847139528327,0,0,478,0.0,0.0,0.0,0.15,0.05,0.05,0.75,37,112.62867411189912,415.9705638885498,40,1.597745132446289,4090.2275390625,5.782828225996009,0,0,479,0.0,0.0,0.0,0.2,0.05,0.05,0.7
480,AlwaysCompact_C128,3,COMPACT_128KB,-0.130125,-0.055,0.189819,0,37,112.62867411189912,415.9705638885498,40,1.597745132446289,4090.2275390625,5.782828225996009,0,0,479,0.0,0.0,0.0,0.2,0.05,0.05,0.7,23,55.89323914757719,304.0637969970703,41,1.5605933956983613,4094.9970703125,16.260350485902386,0,0,480,0.0,0.0,0.0,0.2,0.05,0.05,0.7
481,AlwaysCompact_C128,3,COMPACT_128KB,-0.130125,-0.055,0.190725,0,23,55.89323914757719,304.0637969970703,41,1.5605933956983613,4094.9970703125,16.260350485902386,0,0,480,0.0,0.0,0.0,0.2,0.05,0.05,0.7,24,73.3280078905521,258.76808166503906,41,1.5614095548304117,4097.138671875,15.947621857173468,0,0,481,0.0,0.0,0.0,0.2,0.0,0.05,0.75
482,AlwaysCompact_C128,3,COMPACT_128KB,-0.130125,-0.055,0.189429,0,24,73.3280078905521,258.76808166503906,41,1.5614095548304117,4097.138671875,15.947621857173468,0,0,481,0.0,0.0,0.0,0.2,0.0,0.05,0.75,41,117.01248603401372,323.5347270965576,41,1.5628074087747714,4100.806640625,15.414124542839948,0,0,482,0.0,0.0,0.0,0.2,0.0,0.05,0.75
483,AlwaysCompact_C128,3,COMPACT_128KB,-0.130125,-0.055,0.189799,0,41,117.01248603401372,323.5347270965576,41,1.5628074087747714,4100.806640625,15.414124542839948,0,0,482,0.0,0.0,0.0,0.2,0.0,0.05,0.75,44,123.32429152611236,305.0415515899658,41,1.5642607153915777,4104.6201171875,14.862568980535823,0,0,483,0.0,0.0,0.0,0.2,0.0,0.05,0.75
484,AlwaysCompact_C128,3,COMPACT_128KB,-0.130125,-0.055,0.188501,0,44,123.32429152611236,305.0415515899658,41,1.5642607153915777,4104.6201171875,14.862568980535823,0,0,483,0.0,0.0,0.0,0.2,0.0,0.05,0.75,32,101.98140566826228,369.97342109680176,41,1.565392843106898,4107.5908203125,14.435330023868763,0,0,484,0.0,0.0,0.0,0.15,0.0,0.1,0.75
485,AlwaysCompact_C128,3,COMPACT_128KB,-0.130125,-0.055,0.186585,0,32,101.98140566826228,369.97342109680176,41,1.565392843106898,4107.5908203125,14.435330023868763,0,0,484,0.0,0.0,0.0,0.15,0.0,0.1,0.75,27,84.48637131380893,465.7588005065918,41,1.566171785680259,4109.634765625,14.142718289811421,0,0,485,0.0,0.0,0.05,0.15,0.0,0.1,0.7
486,AlwaysCompact_C128,3,COMPACT_128KB,-0.130125,-0.055,0.188807,0,27,84.48637131380893,465.7588005065918,41,1.566171785680259,4109.634765625,14.142718289811421,0,0,485,0.0,0.0,0.05,0.15,0.0,0.1,0.7,20,56.38024468650676,354.66694831848145,41,1.566823447622904,4111.3447265625,13.898819396099796,0,0,486,0.0,0.0,0.05,0.2,0.0,0.1,0.65
487,AlwaysCompact_C128,3,COMPACT_128KB,-0.130125,-0.055,0.189501,0,20,56.38024468650676,354.66694831848145,41,1.566823447622904,4111.3447265625,13.898819396099796,0,0,486,0.0,0.0,0.05,0.2,0.0,0.1,0.65,20,60.93245761985493,319.97132301330566,41,1.5674747373999618,4113.0537109375,13.655925339194342,0,0,487,0.0,0.0,0.05,0.2,0.0,0.05,0.7
488,AlwaysCompact_C128,3,COMPACT_128KB,-0.130125,-0.055,0.190498,0,20,60.93245761985493,319.97132301330566,41,1.5674747373999618,4113.0537109375,13.655925339194342,0,0,487,0.0,0.0,0.05,0.2,0.0,0.05,0.7,25,78.71205336868425,270.08652687072754,41,1.5682838253858613,4115.1767578125,13.355457755011427,0,0,488,0.0,0.0,0.05,0.15,0.0,0.05,0.75
489,AlwaysCompact_C128,3,COMPACT_128KB,-0.130125,-0.055,0.188835,0,25,78.71205336868425,270.08652687072754,41,1.5682838253858613,4115.1767578125,13.355457755011427,0,0,488,0.0,0.0,0.05,0.15,0.0,0.05,0.75,43,111.74097392515455,353.23262214660645,41,1.5696947051257621,4118.87890625,12.835169078785343,0,0,489,0.0,0.0,0.05,0.1,0.0,0.1,0.75
490,AlwaysCompact_C128,3,COMPACT_128KB,-0.130125,-0.055,0.1908,0,43,111.74097392515455,353.23262214660645,41,1.5696947051257621,4118.87890625,12.835169078785343,0,0,489,0.0,0.0,0.05,0.1,0.0,0.1,0.75,20,56.12205193255137,254.99510765075684,41,1.5703456227372332,4120.5869140625,12.596832698716813,0,0,490,0.0,0.0,0.05,0.1,0.0,0.1,0.75
491,AlwaysCompact_C128,3,COMPACT_128KB,-0.130125,-0.055,0.190664,0,20,56.12205193255137,254.99510765075684,41,1.5703456227372332,4120.5869140625,12.596832698716813,0,0,490,0.0,0.0,0.05,0.1,0.0,0.1,0.75,44,125.18433532014535,261.7917060852051,41,1.5717699004382621,4124.32421875,12.079471139292744,0,0,491,0.0,0.0,0.05,0.1,0.0,0.1,0.75
492,AlwaysCompact_C128,3,COMPACT_128KB,-0.130125,-0.055,0.182648,0,44,125.18433532014535,261.7917060852051,41,1.5717699004382621,4124.32421875,12.079471139292744,0,0,491,0.0,0.0,0.05,0.1,0.0,0.1,0.75,44,125.81296447160763,662.5857353210449,41,1.5734007300400152,4128.603515625,11.49488291066028,0,0,492,0.0,0.0,0.05,0.1,0.05,0.1,0.7
493,AlwaysCompact_C128,3,COMPACT_128KB,-0.130125,-0.055,0.189258,0,44,125.81296447160763,662.5857353210449,41,1.5734007300400152,4128.603515625,11.49488291066028,0,0,492,0.0,0.0,0.05,0.1,0.05,0.1,0.7,36,116.40578101257918,332.08489418029785,41,1.574578261956936,4131.693359375,11.078672254141269,0,0,493,0.0,0.0,0.05,0.1,0.05,0.1,0.7
494,AlwaysCompact_C128,3,COMPACT_128KB,-0.130125,-0.055,0.190199,0,36,116.40578101257918,332.08489418029785,41,1.574578261956936,4131.693359375,11.078672254141269,0,0,493,0.0,0.0,0.05,0.1,0.05,0.1,0.7,23,82.29071351494291,285.02631187438965,41,1.5751848918635671,4133.28515625,10.866394502051353,0,0,494,0.0,0.0,0.05,0.1,0.05,0.1,0.7
495,AlwaysCompact_C128,3,COMPACT_128KB,-0.130125,-0.055,0.18265,0,23,82.29071351494291,285.02631187438965,41,1.5751848918635671,4133.28515625,10.866394502051353,0,0,494,0.0,0.0,0.05,0.1,0.05,0.1,0.7,34,91.58610059637499,662.4753475189209,41,1.5762515184355945,4136.083984375,10.497017803651005,0,0,495,0.0,0.0,0.05,0.1,0.1,0.1,0.65
496,AlwaysCompact_C128,3,COMPACT_128KB,-0.130125,-0.055,0.189186,0,34,91.58610059637499,662.4753475189209,41,1.5762515184355945,4136.083984375,10.497017803651005,0,0,495,0.0,0.0,0.05,0.1,0.1,0.1,0.65,46,137.84937579887242,335.6754779815674,41,1.5777673488709985,4140.0615234375,9.981498891558513,0,0,496,0.0,0.0,0.05,0.1,0.1,0.1,0.65
497,AlwaysCompact_C128,3,COMPACT_128KB,-0.130125,-0.055,0.188529,0,46,137.84937579887242,335.6754779815674,41,1.5777673488709985,4140.0615234375,9.981498891558513,0,0,496,0.0,0.0,0.05,0.1,0.1,0.1,0.65,42,141.94036532402967,368.5650825500488,41,1.5791402677210367,4143.6640625,9.525471551235135,0,0,497,0.0,0.0,0.05,0.1,0.1,0.15,0.6
498,AlwaysCompact_C128,3,COMPACT_128KB,-0.130125,-0.055,0.189559,0,42,141.94036532402967,368.5650825500488,41,1.5791402677210367,4143.6640625,9.525471551235135,0,0,497,0.0,0.0,0.05,0.1,0.1,0.15,0.6,35,108.77956968531126,317.03782081604004,41,1.5802902593845274,4146.681640625,9.152626476223794,0,0,498,0.0,0.0,0.05,0.1,0.1,0.15,0.6
499,AlwaysCompact_C128,3,COMPACT_128KB,-0.130125,-0.055,0.188582,0,35,108.77956968531126,317.03782081604004,41,1.5802902593845274,4146.681640625,9.152626476223794,0,0,498,0.0,0.0,0.05,0.1,0.1,0.15,0.6,47,153.43087790739304,365.9021854400635,41,1.5818094393102133,4150.66796875,8.67477972124074,0,0,499,0.0,0.0,0.05,0.05,0.1,0.2,0.6
500,AlwaysCompact_C128,3,COMPACT_128KB,-0.130125,-0.055,0.190518,1,47,153.43087790739304,365.9021854400635,41,1.5818094393102133,4150.66796875,8.67477972124074,0,0,499,0.0,0.0,0.05,0.05,0.1,0.2,0.6,48,154.59855911365986,269.07920837402344,41,1.5833732791063262,4154.771484375,8.20318741824054,0,0,500,0.0,0.0,0.05,0.05,0.1,0.2,0.6
