step,policy_name,action,action_name,compact_reward,partition_reward,global_reward,done,rows_ingested,ingestion_rate_rows_per_sec,latency_ms,file_count,block_utilization,total_size_kb,file_size_skew_kb,partition_strategy,steps_since_compact,steps_since_partition_change,partition_pruning_ratio,avg_pruning_ratio,query_hist_time_range,query_hist_region_filter,query_hist_sensor_lookup,query_hist_type_filter,query_hist_full_scan,next_rows_ingested,next_ingestion_rate_rows_per_sec,next_latency_ms,next_file_count,next_block_utilization,next_total_size_kb,next_file_size_skew_kb,next_partition_strategy,next_steps_since_compact,next_steps_since_partition_change,next_partition_pruning_ratio,next_avg_pruning_ratio,next_query_hist_time_range,next_query_hist_region_filter,next_query_hist_sensor_lookup,next_query_hist_type_filter,next_query_hist_full_scan
1,adaptive_mlp_ppo_seed5,0,NOOP,0.021478,0.0,0.020588,0,0,0.0,0.0,0,0.0,0.0,0.0,0,0,0,0.0,0.0,0.0,0.0,0.0,0.0,0.0,47,261.00004236749567,45.764923095703125,1,0.1080169677734375,6.9130859375,0.0,0,1,1,0.0,0.0,0.0,0.0,0.0,0.0,1.0
2,adaptive_mlp_ppo_seed5,0,NOOP,0.020789,0.0,0.019711,0,47,261.00004236749567,45.764923095703125,1,0.1080169677734375,6.9130859375,0.0,0,1,1,0.0,0.0,0.0,0.0,0.0,0.0,1.0,43,216.00806758760447,56.40578269958496,2,0.105194091796875,13.46484375,0.2554975674209205,0,2,2,0.0,0.0,0.0,0.5,0.0,0.0,0.5
3,adaptive_mlp_ppo_seed5,0,NOOP,0.02103,0.0,0.020138,0,43,216.00806758760447,56.40578269958496,2,0.105194091796875,13.46484375,0.2554975674209205,0,2,2,0.0,0.0,0.0,0.5,0.0,0.0,0.5,49,257.9011316379261,48.331260681152344,3,0.107025146484375,20.548828125,0.27173191558547904,0,3,3,0.0,0.0,0.0,0.3333333333333333,0.0,0.0,0.6666666666666666
4,adaptive_mlp_ppo_seed5,0,NOOP,0.020461,0.0,0.01861,0,49,257.9011316379261,48.331260681152344,3,0.107025146484375,20.548828125,0.27173191558547904,0,3,3,0.0,0.0,0.0,0.3333333333333333,0.0,0.0,0.6666666666666666,40,247.11915535444948,97.54490852355957,4,0.10480499267578125,26.830078125,0.3605323620510374,0,4,4,0.0,0.0,0.0,0.25,0.25,0.0,0.5
5,adaptive_mlp_ppo_seed5,0,NOOP,0.020011,0.0,0.018782,0,40,247.11915535444948,97.54490852355957,4,0.10480499267578125,26.830078125,0.3605323620510374,0,4,4,0.0,0.0,0.0,0.25,0.25,0.0,0.5,39,176.96623663242622,67.71111488342285,5,0.103179931640625,33.017578125,0.3893221681857702,0,5,5,0.0,0.0,0.0,0.4,0.2,0.0,0.4
6,adaptive_mlp_ppo_seed5,0,NOOP,0.019705,0.0,0.018304,0,39,176.96623663242622,67.71111488342285,5,0.103179931640625,33.017578125,0.3893221681857702,0,5,5,0.0,0.0,0.0,0.4,0.2,0.0,0.4,39,243.34990002856327,77.53181457519531,6,0.10227457682291667,39.2734375,0.3760339681554125,0,6,6,0.0,0.0,0.0,0.3333333333333333,0.16666666666666666,0.0,0.5
7,adaptive_mlp_ppo_seed5,0,NOOP,0.019261,0.0,0.017867,0,39,243.34990002856327,77.53181457519531,6,0.10227457682291667,39.2734375,0.3760339681554125,0,6,6,0.0,0.0,0.0,0.3333333333333333,0.16666666666666666,0.0,0.5,35,141.4400616629733,78.46498489379883,7,0.10067967006138392,45.1044921875,0.4367703951981089,0,7,7,0.0,0.0,0.0,0.2857142857142857,0.14285714285714285,0.14285714285714285,0.42857142857142855
8,adaptive_mlp_ppo_seed5,0,NOOP,0.018992,0.0,0.01763,0,35,141.4400616629733,78.46498489379883,7,0.10067967006138392,45.1044921875,0.4367703951981089,0,7,7,0.0,0.0,0.0,0.2857142857142857,0.14285714285714285,0.14285714285714285,0.42857142857142855,38,189.4504798560313,78.11236381530762,8,0.0999603271484375,51.1796875,0.4248196002616429,0,8,8,0.0,0.0,0.0,0.375,0.125,0.125,0.375
9,adaptive_mlp_ppo_seed5,0,NOOP,0.018604,0.0,0.017149,0,38,189.4504798560313,78.11236381530762,8,0.0999603271484375,51.1796875,0.4248196002616429,0,8,8,0.0,0.0,0.0,0.375,0.125,0.125,0.375,33,213.19249886404768,84.02538299560547,9,0.09864637586805555,56.8203125,0.4706986788956973,0,9,9,0.0,0.0,0.0,0.4444444444444444,0.1111111111111111,0.1111111111111111,0.3333333333333333
10,adaptive_mlp_ppo_seed5,0,NOOP,0.018571,0.0,0.016177,0,33,213.19249886404768,84.02538299560547,9,0.09864637586805555,56.8203125,0.4706986788956973,0,9,9,0.0,0.0,0.0,0.4444444444444444,0.1111111111111111,0.1111111111111111,0.3333333333333333,43,270.1329463059404,132.1694850921631,10,0.099102783203125,63.42578125,0.4532902558747139,0,10,10,0.0,0.0,0.1,0.4,0.1,0.1,0.3
11,adaptive_mlp_ppo_seed5,0,NOOP,0.018481,0.0,0.016159,0,43,270.1329463059404,132.1694850921631,10,0.099102783203125,63.42578125,0.4532902558747139,0,10,10,0.0,0.0,0.1,0.4,0.1,0.1,0.3,42,203.61146164790952,129.85754013061523,11,0.09928061745383522,69.8935546875,0.43168246130423565,0,11,11,0.0,0.0,0.18181818181818182,0.36363636363636365,0.09090909090909091,0.09090909090909091,0.2727272727272727
12,adaptive_mlp_ppo_seed5,0,NOOP,0.018214,0.0,0.016596,0,42,203.61146164790952,129.85754013061523,11,0.09928061745383522,69.8935546875,0.43168246130423565,0,11,11,0.0,0.0,0.18181818181818182,0.36363636363636365,0.09090909090909091,0.09090909090909091,0.2727272727272727,35,219.49561085451901,95.9157943725586,12,0.09857177734375,75.703125,0.44057405178481657,0,12,12,0.0,0.0,0.16666666666666666,0.4166666666666667,0.08333333333333333,0.08333333333333333,0.25
13,adaptive_mlp_ppo_seed5,0,NOOP,0.018279,0.0,0.0157,0,35,219.49561085451901,95.9157943725586,12,0.09857177734375,75.703125,0.44057405178481657,0,12,12,0.0,0.0,0.16666666666666666,0.4166666666666667,0.08333333333333333,0.08333333333333333,0.25,49,248.4446840661001,145.22504806518555,13,0.09952016977163461,82.80078125,0.4752092747293089,0,13,13,0.0,0.0,0.23076923076923078,0.38461538461538464,0.07692307692307693,0.07692307692307693,0.23076923076923078
14,adaptive_mlp_ppo_seed5,0,NOOP,0.018034,0.0,0.014897,0,49,248.4446840661001,145.22504806518555,13,0.09952016977163461,82.80078125,0.4752092747293089,0,13,13,0.0,0.0,0.23076923076923078,0.38461538461538464,0.07692307692307693,0.07692307692307693,0.23076923076923078,35,218.38996124636452,174.37314987182617,14,0.09892054966517858,88.6328125,0.4786130961153778,0,14,14,0.0,0.0,0.2857142857142857,0.35714285714285715,0.07142857142857142,0.07142857142857142,0.21428571428571427
15,adaptive_mlp_ppo_seed5,0,NOOP,0.017713,0.0,0.015239,0,35,218.38996124636452,174.37314987182617,14,0.09892054966517858,88.6328125,0.4786130961153778,0,14,14,0.0,0.0,0.2857142857142857,0.35714285714285715,0.07142857142857142,0.07142857142857142,0.21428571428571427,30,177.44329263047453,142.46773719787598,15,0.09794108072916667,94.0234375,0.5212018407790753,0,15,15,0.0,0.0,0.3333333333333333,0.3333333333333333,0.06666666666666667,0.06666666666666667,0.2
16,adaptive_mlp_ppo_seed5,0,NOOP,0.017481,0.0,0.015047,0,30,177.44329263047453,142.46773719787598,15,0.09794108072916667,94.0234375,0.5212018407790753,0,15,15,0.0,0.0,0.3333333333333333,0.3333333333333333,0.06666666666666667,0.06666666666666667,0.2,34,172.56374773414262,141.69764518737793,16,0.09740638732910156,99.744140625,0.5218024685038181,0,16,16,0.0,0.0,0.375,0.3125,0.0625,0.0625,0.1875
17,adaptive_mlp_ppo_seed5,0,NOOP,0.017383,0.0,0.014639,0,34,172.56374773414262,141.69764518737793,16,0.09740638732910156,99.744140625,0.5218024685038181,0,16,16,0.0,0.0,0.375,0.3125,0.0625,0.0625,0.1875,41,214.0289269210042,158.42032432556152,17,0.09753776999080882,106.12109375,0.506421167307754,0,17,17,0.0,0.0,0.4117647058823529,0.29411764705882354,0.058823529411764705,0.058823529411764705,0.17647058823529413
18,adaptive_mlp_ppo_seed5,3,COMPACT_128KB,-0.125986,-0.055,0.197705,0,41,214.0289269210042,158.42032432556152,17,0.09753776999080882,106.12109375,0.506421167307754,0,17,17,0.0,0.0,0.4117647058823529,0.29411764705882354,0.058823529411764705,0.058823529411764705,0.17647058823529413,36,174.96699733832682,66.70475006103516,1,0.995697021484375,63.724609375,0.0,0,0,18,0.0,0.0,0.4444444444444444,0.2777777777777778,0.05555555555555555,0.05555555555555555,0.16666666666666666
19,adaptive_mlp_ppo_seed5,0,NOOP,0.110407,0.0,0.108902,0,36,174.96699733832682,66.70475006103516,1,0.995697021484375,63.724609375,0.0,0,0,18,0.0,0.0,0.4444444444444444,0.2777777777777778,0.05555555555555555,0.05555555555555555,0.16666666666666666,49,258.83983032916547,77.7444839477539,2,0.55328369140625,70.8203125,40.04268362055226,0,1,19,0.0,0.0,0.47368421052631576,0.2631578947368421,0.05263157894736842,0.05263157894736842,0.15789473684210525
20,adaptive_mlp_ppo_seed5,0,NOOP,0.079577,0.0,0.077594,0,49,258.83983032916547,77.7444839477539,2,0.55328369140625,70.8203125,40.04268362055226,0,1,19,0.0,0.0,0.47368421052631576,0.2631578947368421,0.05263157894736842,0.05263157894736842,0.15789473684210525,36,171.20714604005022,102.90980339050293,3,0.3997599283854167,76.75390625,33.03529680064376,0,2,20,0.0,0.0,0.45,0.3,0.05,0.05,0.15
21,adaptive_mlp_ppo_seed5,4,PARTITION_HOUR,-0.117797,-0.1,0.062377,0,36,171.20714604005022,102.90980339050293,3,0.3997599283854167,76.75390625,33.03529680064376,0,2,20,0.0,0.0,0.45,0.3,0.05,0.05,0.15,35,187.41591853826435,87.19444274902344,4,0.3226051330566406,82.5869140625,28.724303090899102,1,3,0,0.0,0.0,0.5,0.3,0.05,0.05,0.1
22,adaptive_mlp_ppo_seed5,0,NOOP,0.054357,-0.028409,0.062029,0,35,187.41591853826435,87.19444274902344,4,0.3226051330566406,82.5869140625,28.724303090899102,1,3,0,0.0,0.0,0.5,0.3,0.05,0.05,0.1,30,174.63096581328247,105.16905784606934,5,0.2749114990234375,87.9716796875,25.79534247298027,1,4,1,0.03216783216783217,0.0016083916083916086,0.55,0.25,0.05,0.05,0.1
23,adaptive_mlp_ppo_seed5,0,NOOP,0.048013,-0.006338,0.065326,0,30,174.63096581328247,105.16905784606934,5,0.2749114990234375,87.9716796875,25.79534247298027,1,4,1,0.03216783216783217,0.0016083916083916086,0.55,0.25,0.05,0.05,0.1,33,194.05904546391363,117.59781837463379,6,0.24381510416666666,93.625,23.58144179218242,1,5,2,0.06505050505050505,0.004860916860916861,0.6,0.25,0.05,0.05,0.05
24,adaptive_mlp_ppo_seed5,0,NOOP,0.043371,0.012956,0.069388,0,33,194.05904546391363,117.59781837463379,6,0.24381510416666666,93.625,23.58144179218242,1,5,2,0.06505050505050505,0.004860916860916861,0.6,0.25,0.05,0.05,0.05,31,142.99193450829534,114.84050750732422,7,0.22123064313616073,99.111328125,21.86385244419508,1,6,3,0.09379609544468547,0.009550721633151136,0.65,0.25,0.0,0.05,0.05
25,adaptive_mlp_ppo_seed5,0,NOOP,0.04002,-0.03643,0.038908,0,31,142.99193450829534,114.84050750732422,7,0.22123064313616073,99.111328125,21.86385244419508,1,6,3,0.09379609544468547,0.009550721633151136,0.65,0.25,0.0,0.05,0.05,36,137.5086460317865,65.5670166015625,8,0.20509910583496094,105.0107421875,20.451538450293707,1,7,4,0.0,0.009550721633151136,0.65,0.2,0.0,0.05,0.1
26,adaptive_mlp_ppo_seed5,0,NOOP,0.037579,0.05621,0.082871,0,36,137.5086460317865,65.5670166015625,8,0.20509910583496094,105.0107421875,20.451538450293707,1,7,4,0.0,0.009550721633151136,0.65,0.2,0.0,0.05,0.1,42,194.60332512179224,120.28861045837402,9,0.19352213541666666,111.46875,19.259361108876718,1,8,5,0.15824,0.017462721633151136,0.7,0.2,0.0,0.05,0.05
27,adaptive_mlp_ppo_seed5,0,NOOP,0.035455,0.074453,0.088685,0,42,194.60332512179224,120.28861045837402,9,0.19352213541666666,111.46875,19.259361108876718,1,8,5,0.15824,0.017462721633151136,0.7,0.2,0.0,0.05,0.05,37,200.62991816524672,132.28154182434082,10,0.18352508544921875,117.4560546875,18.270273901082128,1,9,6,0.1854194792671167,0.026733695596506967,0.75,0.2,0.0,0.0,0.05
28,adaptive_mlp_ppo_seed5,0,NOOP,0.033618,-0.027311,0.032406,0,37,200.62991816524672,132.28154182434082,10,0.18352508544921875,117.4560546875,18.270273901082128,1,9,6,0.1854194792671167,0.026733695596506967,0.75,0.2,0.0,0.0,0.05,34,154.6136305483878,74.34439659118652,11,0.17496421120383523,123.1748046875,17.42769942623934,1,10,7,0.0,0.026733695596506967,0.75,0.15,0.0,0.0,0.1
29,adaptive_mlp_ppo_seed5,0,NOOP,0.032413,0.110583,0.101789,0,34,154.6136305483878,74.34439659118652,11,0.17496421120383523,123.1748046875,17.42769942623934,1,10,7,0.0,0.026733695596506967,0.75,0.15,0.0,0.0,0.1,48,256.1257127445468,134.92465019226074,12,0.16956456502278647,130.2255859375,16.659725531028183,1,11,8,0.23924932975871316,0.038696162084442626,0.8,0.1,0.0,0.0,0.1
30,adaptive_mlp_ppo_seed5,0,NOOP,0.031311,0.128624,0.108362,0,48,256.1257127445468,134.92465019226074,12,0.16956456502278647,130.2255859375,16.659725531028183,1,11,8,0.23924932975871316,0.038696162084442626,0.8,0.1,0.0,0.0,0.1,46,238.9262743631435,155.65872192382812,13,0.16468106783353365,137.0146484375,15.990230481509652,1,12,9,0.26612875536480685,0.05200259985268296,0.8,0.1,0.0,0.0,0.1
31,adaptive_mlp_ppo_seed5,0,NOOP,0.030236,0.143193,0.11415,0,46,238.9262743631435,155.65872192382812,13,0.16468106783353365,137.0146484375,15.990230481509652,1,12,9,0.26612875536480685,0.05200259985268296,0.8,0.1,0.0,0.0,0.1,40,229.76633350954415,139.31822776794434,14,0.15992954799107142,143.296875,15.404994513377762,1,13,10,0.2878340248962656,0.06639430109749625,0.8,0.1,0.0,0.0,0.1
32,adaptive_mlp_ppo_seed5,0,NOOP,0.029355,0.158141,0.119961,0,40,229.76633350954415,139.31822776794434,14,0.15992954799107142,143.296875,15.404994513377762,1,13,10,0.2878340248962656,0.06639430109749625,0.8,0.1,0.0,0.0,0.1,44,222.62652660429163,140.0127410888672,15,0.15615132649739583,149.9052734375,14.874135929334193,1,14,11,0.31010408326661326,0.08189950526082691,0.85,0.05,0.0,0.0,0.1
33,adaptive_mlp_ppo_seed5,0,NOOP,0.028592,0.13794,0.105398,0,44,222.62652660429163,140.0127410888672,15,0.15615132649739583,149.9052734375,14.874135929334193,1,14,11,0.31010408326661326,0.08189950526082691,0.85,0.05,0.0,0.0,0.1,45,227.44833586597753,231.10318183898926,16,0.15296173095703125,156.6328125,14.392960899544281,1,15,12,0.27009273570324577,0.09540414204598921,0.8,0.05,0.05,0.0,0.1
34,adaptive_mlp_ppo_seed5,0,NOOP,0.027929,0.186225,0.130583,0,45,227.44833586597753,231.10318183898926,16,0.15296173095703125,156.6328125,14.392960899544281,1,15,12,0.27009273570324577,0.09540414204598921,0.8,0.05,0.05,0.0,0.1,47,233.55660894857502,167.71483421325684,17,0.1502685546875,163.4921875,13.954033304106662,1,16,13,0.35194630872483224,0.11300145748223081,0.8,0.05,0.05,0.0,0.1
35,adaptive_mlp_ppo_seed5,1,COMPACT_32KB,0.468986,-0.045,0.099794,0,47,233.55660894857502,167.71483421325684,17,0.1502685546875,163.4921875,13.954033304106662,1,16,13,0.35194630872483224,0.11300145748223081,0.8,0.05,0.05,0.0,0.1,31,152.18168624384947,55.474281311035156,4,0.5065193176269531,129.6689453125,27.890140730841427,1,0,14,0.0,0.11300145748223081,0.75,0.1,0.05,0.0,0.1
36,adaptive_mlp_ppo_seed5,0,NOOP,0.084162,0.421875,0.307159,0,31,152.18168624384947,55.474281311035156,4,0.5065193176269531,129.6689453125,27.890140730841427,1,0,14,0.0,0.11300145748223081,0.75,0.1,0.05,0.0,0.1,37,204.62285605788907,106.37784004211426,5,0.4239349365234375,135.6591796875,26.890002769350904,1,1,15,0.75,0.15050145748223082,0.7,0.1,0.1,0.0,0.1
37,adaptive_mlp_ppo_seed5,0,NOOP,0.073224,0.5175,0.347219,0,37,204.62285605788907,106.37784004211426,5,0.4239349365234375,135.6591796875,26.890002769350904,1,1,15,0.75,0.15050145748223082,0.7,0.1,0.1,0.0,0.1,41,195.50196847484412,107.74040222167969,6,0.36987050374348956,142.0302734375,25.50083400945676,1,2,16,0.92,0.1965014574822308,0.7,0.1,0.1,0.0,0.1
38,adaptive_mlp_ppo_seed5,0,NOOP,0.065564,0.421875,0.288396,0,41,195.50196847484412,107.74040222167969,6,0.36987050374348956,142.0302734375,25.50083400945676,1,2,16,0.92,0.1965014574822308,0.7,0.1,0.1,0.0,0.1,46,255.2427358116153,117.12861061096191,7,0.3321925571986607,148.822265625,24.13739857834013,1,3,17,0.75,0.2340014574822308,0.65,0.1,0.15,0.0,0.1
39,adaptive_mlp_ppo_seed5,0,NOOP,0.059649,0.5175,0.33349,0,46,255.2427358116153,117.12861061096191,7,0.3321925571986607,148.822265625,24.13739857834013,1,3,17,0.75,0.2340014574822308,0.65,0.1,0.15,0.0,0.1,42,211.30907415937355,117.9347038269043,8,0.30324554443359375,155.26171875,22.953010972060756,1,4,18,0.92,0.2800014574822308,0.65,0.1,0.15,0.0,0.1
40,adaptive_mlp_ppo_seed5,0,NOOP,0.054995,0.0,0.051318,0,42,211.30907415937355,117.9347038269043,8,0.30324554443359375,155.26171875,22.953010972060756,1,4,18,0.92,0.2800014574822308,0.65,0.1,0.15,0.0,0.1,41,248.75592574055483,195.08814811706543,9,0.2806006537543403,161.6259765625,21.906372446058686,1,5,19,0.0,0.2800014574822308,0.65,0.05,0.15,0.05,0.1
41,adaptive_mlp_ppo_seed5,0,NOOP,0.051276,0.5175,0.32499,0,41,248.75592574055483,195.08814811706543,9,0.2806006537543403,161.6259765625,21.906372446058686,1,5,19,0.0,0.2800014574822308,0.65,0.05,0.15,0.05,0.1,42,198.251094450209,126.81055068969727,10,0.26262969970703126,168.0830078125,20.971322829502867,1,6,20,0.92,0.3260014574822308,0.65,0.05,0.15,0.05,0.1
42,adaptive_mlp_ppo_seed5,0,NOOP,0.048025,-0.000402,0.04677,0,42,198.251094450209,126.81055068969727,10,0.26262969970703126,168.0830078125,20.971322829502867,1,6,20,0.92,0.3260014574822308,0.65,0.05,0.15,0.05,0.1,35,212.36152801264905,76.53069496154785,11,0.24700234153053977,173.8896484375,20.169780952215657,1,7,21,0.0,0.3243930658738392,0.6,0.05,0.15,0.05,0.15
43,adaptive_mlp_ppo_seed5,0,NOOP,0.04531,0.516687,0.318683,0,35,212.36152801264905,76.53069496154785,11,0.24700234153053977,173.8896484375,20.169780952215657,1,7,21,0.0,0.3243930658738392,0.6,0.05,0.15,0.05,0.15,36,182.64493723940473,146.32296562194824,12,0.23404947916666666,179.75,19.444355969963972,1,8,22,0.92,0.36714054062131396,0.6,0.05,0.15,0.05,0.15
44,adaptive_mlp_ppo_seed5,0,NOOP,0.043213,0.516328,0.31672,0,36,182.64493723940473,146.32296562194824,12,0.23404947916666666,179.75,19.444355969963972,1,8,22,0.92,0.36714054062131396,0.6,0.05,0.15,0.05,0.15,46,225.18149743642414,140.92659950256348,13,0.22419034517728365,186.5263671875,18.755050096136383,1,9,23,0.92,0.40845073584907965,0.6,0.05,0.15,0.05,0.15
45,adaptive_mlp_ppo_seed5,0,NOOP,0.041084,0.421875,0.262947,0,46,225.18149743642414,140.92659950256348,13,0.22419034517728365,186.5263671875,18.755050096136383,1,9,23,0.92,0.40845073584907965,0.6,0.05,0.15,0.05,0.15,30,153.10156022811478,174.36623573303223,14,0.21417236328125,191.8984375,18.178259183706956,1,10,24,0.75,0.44595073584907974,0.6,0.05,0.2,0.05,0.1
46,adaptive_mlp_ppo_seed5,0,NOOP,0.039486,0.515522,0.312752,0,30,153.10156022811478,174.36623573303223,14,0.21417236328125,191.8984375,18.178259183706956,1,10,24,0.75,0.44595073584907974,0.6,0.05,0.2,0.05,0.1,44,214.63422622093617,155.43699264526367,15,0.206805419921875,198.533203125,17.611929537923317,1,11,25,0.92,0.4840387358490797,0.6,0.05,0.2,0.05,0.1
47,adaptive_mlp_ppo_seed5,0,NOOP,0.038108,-0.002318,0.035009,0,44,214.63422622093617,155.43699264526367,15,0.206805419921875,198.533203125,17.611929537923317,1,11,25,0.92,0.4840387358490797,0.6,0.05,0.2,0.05,0.1,46,232.08853474988933,174.95059967041016,16,0.20053863525390625,205.3515625,17.090206543768243,1,12,26,0.0,0.4747677618857238,0.55,0.1,0.2,0.05,0.1
48,adaptive_mlp_ppo_seed5,0,NOOP,0.036866,0.421875,0.257323,0,46,232.08853474988933,174.95059967041016,16,0.20053863525390625,205.3515625,17.090206543768243,1,12,26,0.0,0.4747677618857238,0.55,0.1,0.2,0.05,0.1,46,211.29578433455478,248.41046333312988,17,0.19495616239659927,212.1123046875,16.612961027398725,1,13,27,0.75,0.5122677618857238,0.55,0.1,0.25,0.05,0.05
49,adaptive_mlp_ppo_seed5,1,COMPACT_32KB,0.463949,-0.047991,0.094521,0,46,211.29578433455478,248.41046333312988,17,0.19495616239659927,212.1123046875,16.612961027398725,1,13,27,0.75,0.5122677618857238,0.55,0.1,0.25,0.05,0.05,44,262.14586183140506,69.79608535766602,6,0.4825846354166667,185.3125,21.774198988770625,1,0,28,0.0,0.5003052953977882,0.5,0.15,0.25,0.05,0.05
50,adaptive_mlp_ppo_seed5,0,NOOP,0.08506,0.418548,0.307715,0,44,262.14586183140506,69.79608535766602,6,0.4825846354166667,185.3125,21.774198988770625,1,0,28,0.0,0.5003052953977882,0.5,0.15,0.25,0.05,0.05,50,284.87797456524277,125.9920597076416,7,0.42967442103794645,192.494140625,21.80283126431674,1,1,29,0.75,0.5244988576295478,0.45,0.15,0.3,0.05,0.05
51,adaptive_mlp_ppo_seed5,0,NOOP,0.07702,0.513902,0.350756,0,50,284.87797456524277,125.9920597076416,7,0.42967442103794645,192.494140625,21.80283126431674,1,1,29,0.75,0.5244988576295478,0.45,0.15,0.3,0.05,0.05,51,293.18857396617585,123.21805953979492,8,0.39010047912597656,199.7314453125,21.418969377744855,1,2,30,0.92,0.5561071563847345,0.45,0.15,0.3,0.05,0.05
52,adaptive_mlp_ppo_seed5,0,NOOP,0.071532,0.513624,0.345245,0,51,293.18857396617585,123.21805953979492,8,0.39010047912597656,199.7314453125,21.418969377744855,1,2,30,0.92,0.5561071563847345,0.45,0.15,0.3,0.05,0.05,78,442.450893068458,125.60391426086426,9,0.3632863362630208,209.2529296875,20.68649003136428,1,3,31,0.92,0.5866019522214039,0.45,0.15,0.3,0.05,0.05
53,adaptive_mlp_ppo_seed5,0,NOOP,0.066658,-0.003376,0.064908,0,78,442.450893068458,125.60391426086426,9,0.3632863362630208,209.2529296875,20.68649003136428,1,3,31,0.92,0.5866019522214039,0.45,0.15,0.3,0.05,0.05,59,305.4292072370735,99.9898910522461,10,0.33954010009765623,217.3056640625,20.086803455431436,1,4,32,0.0,0.5730973154362415,0.45,0.2,0.25,0.05,0.05
54,adaptive_mlp_ppo_seed5,0,NOOP,0.058834,0.417476,0.280757,0,59,305.4292072370735,99.9898910522461,10,0.33954010009765623,217.3056640625,20.086803455431436,1,4,32,0.0,0.5730973154362415,0.45,0.2,0.25,0.05,0.05,100,437.2769856138584,168.83373260498047,12,0.30166880289713544,231.681640625,19.030595402104378,1,5,33,0.75,0.593,0.4,0.2,0.3,0.05,0.05
55,adaptive_mlp_ppo_seed5,0,NOOP,0.056721,0.5175,0.330199,0,100,437.2769856138584,168.83373260498047,12,0.30166880289713544,231.681640625,19.030595402104378,1,5,33,0.75,0.593,0.4,0.2,0.3,0.05,0.05,94,543.820709251162,142.34542846679688,13,0.29173044057992786,242.7197265625,18.364166880423898,1,6,34,0.92,0.639,0.45,0.15,0.3,0.05,0.05
56,adaptive_mlp_ppo_seed5,0,NOOP,0.054099,0.4125,0.275781,0,94,543.820709251162,142.34542846679688,13,0.29173044057992786,242.7197265625,18.364166880423898,1,6,34,0.92,0.639,0.45,0.15,0.3,0.05,0.05,54,225.60623471005889,183.38990211486816,14,0.2792456490652902,250.2041015625,17.895225485868266,1,7,35,0.75,0.639,0.45,0.15,0.3,0.05,0.05
57,adaptive_mlp_ppo_seed5,0,NOOP,0.051773,0.506,0.325043,0,54,225.60623471005889,183.38990211486816,14,0.2792456490652902,250.2041015625,17.895225485868266,1,7,35,0.75,0.639,0.45,0.15,0.3,0.05,0.05,52,250.05395155160298,155.29775619506836,15,0.2682423909505208,257.5126953125,17.458623046673534,1,8,36,0.92,0.639,0.45,0.15,0.3,0.05,0.05
58,adaptive_mlp_ppo_seed5,0,NOOP,0.050246,0.4125,0.271897,0,52,250.05395155160298,155.29775619506836,15,0.2682423909505208,257.5126953125,17.458623046673534,1,8,36,0.92,0.639,0.45,0.15,0.3,0.05,0.05,83,356.05770526946685,187.41083145141602,16,0.2612285614013672,267.498046875,16.961935305490126,1,9,37,0.75,0.639,0.45,0.15,0.3,0.05,0.05
59,adaptive_mlp_ppo_seed5,0,NOOP,0.048602,0.506,0.321983,0,83,356.05770526946685,187.41083145141602,16,0.2612285614013672,267.498046875,16.961935305490126,1,9,37,0.75,0.639,0.45,0.15,0.3,0.05,0.05,64,296.7058898950945,152.16708183288574,17,0.25363338694852944,275.953125,16.54516197495055,1,10,38,0.92,0.639,0.45,0.15,0.3,0.05,0.05
60,adaptive_mlp_ppo_seed5,2,COMPACT_64KB,0.514245,0.4675,0.42906,0,64,296.7058898950945,152.16708183288574,17,0.25363338694852944,275.953125,16.54516197495055,1,10,38,0.92,0.639,0.45,0.15,0.3,0.05,0.05,99,586.0603934110633,110.95356941223145,5,0.7788970947265625,249.2470703125,16.72455729082527,1,0,39,0.92,0.6849999999999999,0.5,0.15,0.3,0.0,0.05
61,adaptive_mlp_ppo_seed5,0,NOOP,0.13318,0.506,0.40697,0,99,586.0603934110633,110.95356941223145,5,0.7788970947265625,249.2470703125,16.72455729082527,1,0,39,0.92,0.6849999999999999,0.5,0.15,0.3,0.0,0.05,58,264.87466369348664,117.99836158752441,6,0.6696497599283854,257.1455078125,22.73945306474736,1,1,40,0.92,0.6849999999999999,0.5,0.15,0.3,0.0,0.05
62,adaptive_mlp_ppo_seed5,0,NOOP,0.118508,0.5175,0.392417,0,58,264.87466369348664,117.99836158752441,6,0.6696497599283854,257.1455078125,22.73945306474736,1,1,40,0.92,0.6849999999999999,0.5,0.15,0.3,0.0,0.05,85,422.8379766352369,113.2962703704834,7,0.5969129289899554,267.4169921875,24.137019078598435,1,2,41,0.92,0.731,0.55,0.15,0.3,0.0,0.0
63,adaptive_mlp_ppo_seed5,0,NOOP,0.107665,0.506,0.381523,0,85,422.8379766352369,113.2962703704834,7,0.5969129289899554,267.4169921875,24.137019078598435,1,2,41,0.92,0.731,0.55,0.15,0.3,0.0,0.0,91,448.616607721936,117.14673042297363,8,0.5433273315429688,278.18359375,24.36099961186212,1,3,42,0.92,0.731,0.55,0.15,0.3,0.0,0.0
64,adaptive_mlp_ppo_seed5,0,NOOP,0.097988,-0.0115,0.096544,0,91,448.616607721936,117.14673042297363,8,0.5433273315429688,278.18359375,24.36099961186212,1,3,42,0.92,0.731,0.55,0.15,0.3,0.0,0.0,51,254.97288753799393,83.47272872924805,9,0.4955647786458333,285.4453125,24.563640543735698,1,4,43,0.0,0.6849999999999999,0.5,0.15,0.3,0.0,0.05
65,adaptive_mlp_ppo_seed5,0,NOOP,0.09123,-0.009375,0.089991,0,51,254.97288753799393,83.47272872924805,9,0.4955647786458333,285.4453125,24.563640543735698,1,4,43,0.0,0.6849999999999999,0.5,0.15,0.3,0.0,0.05,88,510.14664796168705,74.47576522827148,10,0.46240234375,295.9375,24.111754304341577,1,5,44,0.0,0.6475,0.5,0.15,0.25,0.0,0.1
66,adaptive_mlp_ppo_seed5,0,NOOP,0.084736,-0.0115,0.082839,0,88,510.14664796168705,74.47576522827148,10,0.46240234375,295.9375,24.111754304341577,1,5,44,0.0,0.6475,0.5,0.15,0.25,0.0,0.1,50,245.21009719999017,108.58583450317383,11,0.4305544766512784,303.1103515625,23.85243645551986,1,6,45,0.0,0.6014999999999999,0.45,0.15,0.25,0.05,0.1
67,adaptive_mlp_ppo_seed5,0,NOOP,0.079852,0.0,0.078597,0,50,245.21009719999017,108.58583450317383,11,0.4305544766512784,303.1103515625,23.85243645551986,1,6,45,0.0,0.6014999999999999,0.45,0.15,0.25,0.05,0.1,73,409.4975598730519,77.78763771057129,12,0.40676244099934894,312.3935546875,23.346092840834316,1,7,46,0.0,0.6014999999999999,0.45,0.1,0.25,0.05,0.15
68,adaptive_mlp_ppo_seed5,0,NOOP,0.075488,0.508125,0.348936,0,73,409.4975598730519,77.78763771057129,12,0.40676244099934894,312.3935546875,23.346092840834316,1,7,46,0.0,0.6014999999999999,0.45,0.1,0.25,0.05,0.15,63,306.30333913696654,143.86653900146484,13,0.38556612454927885,320.791015625,22.881073229293282,1,8,47,0.92,0.61,0.5,0.1,0.2,0.05,0.15
69,adaptive_mlp_ppo_seed5,0,NOOP,0.072413,0.5175,0.344513,0,63,306.30333913696654,143.86653900146484,13,0.38556612454927885,320.791015625,22.881073229293282,1,8,47,0.92,0.61,0.5,0.1,0.2,0.05,0.15,99,464.702777230648,212.5108242034912,14,0.37081691196986605,332.251953125,22.265343165234647,1,9,48,0.92,0.6559999999999999,0.55,0.05,0.2,0.05,0.15
70,adaptive_mlp_ppo_seed5,0,NOOP,0.069673,0.4125,0.291155,0,99,464.702777230648,212.5108242034912,14,0.37081691196986605,332.251953125,22.265343165234647,1,9,48,0.92,0.6559999999999999,0.55,0.05,0.2,0.05,0.15,94,497.10833724196715,194.66257095336914,15,0.35774129231770835,343.431640625,21.698839189053857,1,10,49,0.75,0.6559999999999999,0.55,0.05,0.2,0.05,0.15
71,adaptive_mlp_ppo_seed5,0,NOOP,0.06704,-0.0115,0.064946,0,94,497.10833724196715,194.66257095336914,15,0.35774129231770835,343.431640625,21.698839189053857,1,10,49,0.75,0.6559999999999999,0.55,0.05,0.2,0.05,0.15,83,397.1085911789701,124.72248077392578,16,0.3452014923095703,353.486328125,21.20744270660529,1,11,50,0.0,0.61,0.5,0.05,0.2,0.1,0.15
72,adaptive_mlp_ppo_seed5,0,NOOP,0.064207,0.506,0.337258,0,83,397.1085911789701,124.72248077392578,16,0.3452014923095703,353.486328125,21.20744270660529,1,11,50,0.0,0.61,0.5,0.05,0.2,0.1,0.15,52,282.06118073068217,168.7169075012207,17,0.33165965360753674,360.845703125,20.842627301903136,1,12,51,0.92,0.61,0.5,0.05,0.2,0.1,0.15
73,adaptive_mlp_ppo_seed5,0,NOOP,0.06183,0.0,0.060333,0,52,282.06118073068217,168.7169075012207,17,0.33165965360753674,360.845703125,20.842627301903136,1,12,51,0.92,0.61,0.5,0.05,0.2,0.1,0.15,62,308.52142591896126,97.35941886901855,18,0.3203989664713542,369.099609375,20.450188746706697,1,13,52,0.0,0.61,0.5,0.0,0.2,0.1,0.2
74,adaptive_mlp_ppo_seed5,1,COMPACT_32KB,0.106428,-0.054375,0.119465,0,62,308.52142591896126,97.35941886901855,18,0.3203989664713542,369.099609375,20.450188746706697,1,13,52,0.0,0.61,0.5,0.0,0.2,0.1,0.2,93,453.0364489270197,75.29830932617188,9,0.6093546549479166,350.98828125,17.9197184987182,1,0,53,0.0,0.5725,0.5,0.0,0.15,0.1,0.25
75,adaptive_mlp_ppo_seed5,0,NOOP,0.11122,0.410375,0.333269,0,93,453.0364489270197,75.29830932617188,9,0.6093546549479166,350.98828125,17.9197184987182,1,0,53,0.0,0.5725,0.5,0.0,0.15,0.1,0.25,71,349.0378274475791,160.06731986999512,10,0.5623519897460938,359.9052734375,19.388853058179205,1,1,54,0.75,0.564,0.45,0.0,0.2,0.1,0.25
76,adaptive_mlp_ppo_seed5,0,NOOP,0.1037,-0.009375,0.100268,0,71,349.0378274475791,160.06731986999512,10,0.5623519897460938,359.9052734375,19.388853058179205,1,1,54,0.75,0.564,0.45,0.0,0.2,0.1,0.25,83,481.30939095137234,185.38999557495117,11,0.5253767533735796,369.865234375,19.998349600667453,1,2,55,0.0,0.5265,0.45,0.0,0.15,0.15,0.25
77,adaptive_mlp_ppo_seed5,0,NOOP,0.097108,-0.0115,0.095789,0,83,481.30939095137234,185.38999557495117,11,0.5253767533735796,369.865234375,19.998349600667453,1,2,55,0.0,0.5265,0.45,0.0,0.15,0.15,0.25,68,302.1160658863408,80.94954490661621,12,0.4930381774902344,378.6533203125,20.371026034538954,1,3,56,0.0,0.4805,0.4,0.0,0.15,0.15,0.3
78,adaptive_mlp_ppo_seed5,0,NOOP,0.091354,0.508125,0.364757,0,68,302.1160658863408,80.94954490661621,12,0.4930381774902344,378.6533203125,20.371026034538954,1,3,56,0.0,0.4805,0.4,0.0,0.15,0.15,0.3,61,303.155396254584,146.0869312286377,13,0.4648930476262019,386.791015625,20.556688881488746,1,4,57,0.92,0.489,0.45,0.0,0.1,0.15,0.3
79,adaptive_mlp_ppo_seed5,0,NOOP,0.086433,0.410375,0.308129,0,61,303.155396254584,146.0869312286377,13,0.4648930476262019,386.791015625,20.556688881488746,1,4,57,0.92,0.489,0.45,0.0,0.1,0.15,0.3,62,309.40719694265573,182.6941967010498,14,0.44091578892299105,395.060546875,20.567913784445686,1,5,58,0.75,0.4805,0.4,0.0,0.15,0.15,0.3
80,adaptive_mlp_ppo_seed5,0,NOOP,0.082722,0.506,0.355914,0,62,309.40719694265573,182.6941967010498,14,0.44091578892299105,395.060546875,20.567913784445686,1,5,58,0.75,0.4805,0.4,0.0,0.15,0.15,0.3,94,456.95093275970777,159.10625457763672,15,0.4229827880859375,406.0634765625,20.312081253598176,1,6,59,0.92,0.4805,0.4,0.0,0.15,0.15,0.3
81,adaptive_mlp_ppo_seed5,0,NOOP,0.078794,-0.0115,0.077353,0,94,456.95093275970777,159.10625457763672,15,0.4229827880859375,406.0634765625,20.312081253598176,1,6,59,0.92,0.4805,0.4,0.0,0.15,0.15,0.3,54,314.0768203545235,92.01669692993164,16,0.40396881103515625,413.6640625,20.218026247194228,1,7,60,0.0,0.4345,0.35,0.0,0.15,0.15,0.35
82,adaptive_mlp_ppo_seed5,0,NOOP,0.075537,-0.0115,0.074032,0,54,314.0768203545235,92.01669692993164,16,0.40396881103515625,413.6640625,20.218026247194228,1,7,60,0.0,0.4345,0.35,0.0,0.15,0.15,0.35,68,394.4359236056369,96.50468826293945,17,0.38831104951746326,422.482421875,20.007296482750544,1,8,61,0.0,0.38849999999999996,0.3,0.0,0.15,0.15,0.4
83,adaptive_mlp_ppo_seed5,0,NOOP,0.072531,0.506,0.345817,0,68,394.4359236056369,96.50468826293945,17,0.38831104951746326,422.482421875,20.007296482750544,1,8,61,0.0,0.38849999999999996,0.3,0.0,0.15,0.15,0.4,62,294.70404351767905,158.19144248962402,18,0.37390391031901044,430.7373046875,19.800220464163548,1,9,62,0.92,0.38849999999999996,0.3,0.0,0.15,0.15,0.4
84,adaptive_mlp_ppo_seed5,2,COMPACT_64KB,0.517081,0.4675,0.431817,0,62,294.70404351767905,158.19144248962402,18,0.37390391031901044,430.7373046875,19.800220464163548,1,9,62,0.92,0.38849999999999996,0.3,0.0,0.15,0.15,0.4,71,352.3745212167396,118.6521053314209,8,0.7949485778808594,407.013671875,12.301535930169814,1,0,63,0.92,0.4345,0.35,0.0,0.15,0.15,0.35
85,adaptive_mlp_ppo_seed5,0,NOOP,0.143383,0.0,0.141547,0,71,352.3745212167396,118.6521053314209,8,0.7949485778808594,407.013671875,12.301535930169814,1,0,63,0.92,0.4345,0.35,0.0,0.15,0.15,0.35,72,350.95188776601185,103.04403305053711,9,0.7225409613715278,416.18359375,18.046736878439464,1,1,64,0.0,0.4345,0.35,0.0,0.15,0.2,0.3
86,adaptive_mlp_ppo_seed5,0,NOOP,0.131751,0.5175,0.405293,0,72,350.95188776601185,103.04403305053711,9,0.7225409613715278,416.18359375,18.046736878439464,1,1,64,0.0,0.4345,0.35,0.0,0.15,0.2,0.3,75,301.4679866215607,135.41150093078613,10,0.6650070190429688,425.6044921875,20.61750350735026,1,2,65,0.92,0.4805,0.4,0.0,0.15,0.15,0.3
87,adaptive_mlp_ppo_seed5,0,NOOP,0.122233,0.5175,0.394571,0,75,301.4679866215607,135.41150093078613,10,0.6650070190429688,425.6044921875,20.61750350735026,1,2,65,0.92,0.4805,0.4,0.0,0.15,0.15,0.3,76,426.39123694309603,196.81811332702637,11,0.6180392178622159,435.099609375,21.953716906266173,1,3,66,0.92,0.5265,0.45,0.0,0.15,0.15,0.25
88,adaptive_mlp_ppo_seed5,0,NOOP,0.114633,0.506,0.388271,0,76,426.39123694309603,196.81811332702637,11,0.6180392178622159,435.099609375,21.953716906266173,1,3,66,0.92,0.5265,0.45,0.0,0.15,0.15,0.25,93,436.7188306104901,133.07929039001465,12,0.580664316813151,445.9501953125,22.512446070573063,1,4,67,0.92,0.5265,0.45,0.0,0.15,0.15,0.25
89,adaptive_mlp_ppo_seed5,0,NOOP,0.107451,0.506,0.380555,0,93,436.7188306104901,133.07929039001465,12,0.580664316813151,445.9501953125,22.512446070573063,1,4,67,0.92,0.5265,0.45,0.0,0.15,0.15,0.25,57,274.89749554150967,161.0546112060547,13,0.5453819861778846,453.7578125,23.040430437670313,1,5,68,0.92,0.5265,0.45,0.0,0.15,0.15,0.25
90,adaptive_mlp_ppo_seed5,0,NOOP,0.101386,0.508125,0.374911,0,57,274.89749554150967,161.0546112060547,13,0.5453819861778846,453.7578125,23.040430437670313,1,5,68,0.92,0.5265,0.45,0.0,0.15,0.15,0.25,63,307.7323494885125,141.26181602478027,14,0.5156805855887276,462.0498046875,23.251092008300382,1,6,69,0.92,0.5349999999999999,0.5,0.0,0.1,0.15,0.25
91,adaptive_mlp_ppo_seed5,0,NOOP,0.096301,0.5175,0.369607,0,63,307.7323494885125,141.26181602478027,14,0.5156805855887276,462.0498046875,23.251092008300382,1,6,69,0.92,0.5349999999999999,0.5,0.0,0.1,0.15,0.25,74,431.4359806952383,153.44786643981934,15,0.49087931315104166,471.244140625,23.233380741499218,1,7,70,0.92,0.581,0.55,0.0,0.1,0.1,0.25
92,adaptive_mlp_ppo_seed5,0,NOOP,0.091459,0.410375,0.312786,0,74,431.4359806952383,153.44786643981934,15,0.49087931315104166,471.244140625,23.233380741499218,1,7,70,0.92,0.581,0.55,0.0,0.1,0.1,0.25,51,241.87400948004486,203.6886215209961,16,0.4672966003417969,478.51171875,23.243309954896773,1,8,71,0.75,0.5725,0.5,0.0,0.15,0.1,0.25
93,adaptive_mlp_ppo_seed5,0,NOOP,0.08741,0.5175,0.360593,0,51,241.87400948004486,203.6886215209961,16,0.4672966003417969,478.51171875,23.243309954896773,1,8,71,0.75,0.5725,0.5,0.0,0.15,0.1,0.25,65,327.062433793882,162.08815574645996,17,0.44767312442555146,487.068359375,23.093282319999126,1,9,72,0.92,0.6184999999999999,0.55,0.0,0.15,0.1,0.2
94,adaptive_mlp_ppo_seed5,0,NOOP,0.08415,0.421875,0.304867,0,65,327.062433793882,162.08815574645996,17,0.44767312442555146,487.068359375,23.093282319999126,1,9,72,0.92,0.6184999999999999,0.55,0.0,0.15,0.1,0.2,90,434.11955880475693,236.6788387298584,18,0.4320017496744792,497.666015625,22.804300568044763,1,10,73,0.75,0.6559999999999999,0.55,0.0,0.2,0.1,0.15
95,adaptive_mlp_ppo_seed5,0,NOOP,0.081201,0.508125,0.354074,0,90,434.11955880475693,236.6788387298584,18,0.4320017496744792,497.666015625,22.804300568044763,1,10,73,0.75,0.6559999999999999,0.55,0.0,0.2,0.1,0.15,88,392.7777515286566,180.09161949157715,19,0.41787880345394735,508.140625,22.509282921373767,1,11,74,0.92,0.6645,0.6,0.0,0.15,0.1,0.15
96,adaptive_mlp_ppo_seed5,0,NOOP,0.078369,0.0,0.075311,0,88,392.7777515286566,180.09161949157715,19,0.41787880345394735,508.140625,22.509282921373767,1,11,74,0.92,0.6645,0.6,0.0,0.15,0.1,0.15,74,350.59528064250134,177.91461944580078,20,0.404345703125,517.5625,22.248692383514687,1,12,75,0.0,0.6645,0.6,0.05,0.15,0.05,0.15
97,adaptive_mlp_ppo_seed5,1,COMPACT_32KB,0.115171,0.4725,0.402746,0,74,350.59528064250134,177.91461944580078,20,0.404345703125,517.5625,22.248692383514687,1,12,75,0.0,0.6645,0.6,0.05,0.15,0.05,0.15,100,533.8974874013653,152.1449089050293,12,0.6549453735351562,502.998046875,17.025905390935186,1,0,76,0.92,0.7104999999999999,0.65,0.05,0.15,0.05,0.1
98,adaptive_mlp_ppo_seed5,0,NOOP,0.1212,-0.0115,0.119823,0,100,533.8974874013653,152.1449089050293,12,0.6549453735351562,502.998046875,17.025905390935186,1,0,76,0.92,0.7104999999999999,0.65,0.05,0.15,0.05,0.1,59,273.2207271711516,85.1125717163086,13,0.6141251784104568,510.9521484375,18.82687407704246,1,1,77,0.0,0.6645,0.6,0.05,0.15,0.05,0.15
99,adaptive_mlp_ppo_seed5,0,NOOP,0.114011,0.4125,0.335338,0,59,273.2207271711516,85.1125717163086,13,0.6141251784104568,510.9521484375,18.82687407704246,1,1,77,0.0,0.6645,0.6,0.05,0.15,0.05,0.15,56,264.5434921435836,201.1420726776123,14,0.5788051060267857,518.609375,19.96804403006284,1,2,78,0.75,0.6645000000000001,0.6,0.05,0.15,0.05,0.15
100,adaptive_mlp_ppo_seed5,0,NOOP,0.102106,-0.0115,0.100632,0,56,264.5434921435836,201.1420726776123,14,0.5788051060267857,518.609375,19.96804403006284,1,2,78,0.75,0.6645000000000001,0.6,0.05,0.15,0.05,0.15,100,470.5172847040241,93.68753433227539,16,0.5205287933349609,533.021484375,21.199650085833365,1,3,79,0.0,0.6184999999999999,0.55,0.05,0.15,0.05,0.2
101,adaptive_mlp_ppo_seed5,0,NOOP,0.097652,0.0,0.095258,0,100,470.5172847040241,93.68753433227539,16,0.5205287933349609,533.021484375,21.199650085833365,1,3,79,0.0,0.6184999999999999,0.55,0.05,0.15,0.05,0.2,79,390.2739703116185,140.94901084899902,17,0.4988852108226103,542.787109375,21.30621575663187,1,4,80,0.0,0.6184999999999999,0.55,0.05,0.15,0.1,0.15
102,adaptive_mlp_ppo_seed5,0,NOOP,0.093661,0.0,0.092081,0,79,390.2739703116185,140.94901084899902,17,0.4988852108226103,542.787109375,21.30621575663187,1,4,80,0.0,0.6184999999999999,0.55,0.05,0.15,0.1,0.15,80,452.65407766544985,101.53603553771973,18,0.4795566134982639,552.44921875,21.325946467748942,1,5,81,0.0,0.6185,0.55,0.05,0.15,0.1,0.15
103,adaptive_mlp_ppo_seed5,1,COMPACT_32KB,0.105632,-0.0565,0.117805,0,80,452.65407766544985,101.53603553771973,18,0.4795566134982639,552.44921875,21.325946467748942,1,5,81,0.0,0.6185,0.55,0.05,0.15,0.1,0.15,51,250.94967620835288,124.77326393127441,14,0.6085019792829242,545.2177734375,17.611066515252606,1,0,82,0.0,0.5725,0.5,0.05,0.15,0.15,0.15
104,adaptive_mlp_ppo_seed5,0,NOOP,0.113668,0.410375,0.335166,0,51,250.94967620835288,124.77326393127441,14,0.6085019792829242,545.2177734375,17.611066515252606,1,0,82,0.0,0.5725,0.5,0.05,0.15,0.15,0.15,74,415.9186972695404,193.85194778442383,15,0.5777140299479167,554.60546875,18.607389895207223,1,1,83,0.75,0.564,0.45,0.05,0.2,0.15,0.15
105,adaptive_mlp_ppo_seed5,0,NOOP,0.108277,0.0,0.106137,0,74,415.9186972695404,193.85194778442383,15,0.5777140299479167,554.60546875,18.607389895207223,1,1,83,0.75,0.564,0.45,0.05,0.2,0.15,0.15,82,383.0555394061704,126.99031829833984,16,0.5513858795166016,564.619140625,19.198445663435923,1,2,84,0.0,0.564,0.45,0.05,0.2,0.15,0.15
106,adaptive_mlp_ppo_seed5,0,NOOP,0.103658,-0.0115,0.101033,0,82,383.0555394061704,126.99031829833984,16,0.5513858795166016,564.619140625,19.198445663435923,1,2,84,0.0,0.564,0.45,0.05,0.2,0.15,0.15,92,458.03204643516347,152.50015258789062,17,0.5289154052734375,575.4599609375,19.511606537245168,1,3,85,0.0,0.518,0.4,0.1,0.2,0.15,0.15
107,adaptive_mlp_ppo_seed5,0,NOOP,0.099614,0.410375,0.320679,0,92,458.03204643516347,152.50015258789062,17,0.5289154052734375,575.4599609375,19.511606537245168,1,3,85,0.0,0.518,0.4,0.1,0.2,0.15,0.15,97,459.2502362018072,219.2368507385254,18,0.5093205769856771,586.7373046875,19.66257641844744,1,4,86,0.75,0.5095,0.35,0.1,0.25,0.15,0.15
108,adaptive_mlp_ppo_seed5,0,NOOP,0.095833,-0.0115,0.093427,0,97,459.2502362018072,219.2368507385254,18,0.5093205769856771,586.7373046875,19.66257641844744,1,4,86,0.75,0.5095,0.35,0.1,0.25,0.15,0.15,86,493.172270470107,144.04821395874023,19,0.4910390753495066,597.103515625,19.777462176204796,1,5,87,0.0,0.46349999999999997,0.3,0.15,0.25,0.15,0.15
109,adaptive_mlp_ppo_seed5,3,COMPACT_128KB,0.166875,-0.0665,0.198352,0,86,493.172270470107,144.04821395874023,19,0.4910390753495066,597.103515625,19.777462176204796,1,5,87,0.0,0.46349999999999997,0.3,0.15,0.25,0.15,0.15,74,355.23550403673465,57.40523338317871,5,1.755267333984375,561.685546875,7.379236762993527,1,0,88,0.0,0.4175,0.25,0.15,0.25,0.15,0.2
110,adaptive_mlp_ppo_seed5,0,NOOP,0.19925,-0.0115,0.197376,0,74,355.23550403673465,57.40523338317871,5,1.755267333984375,561.685546875,7.379236762993527,1,0,88,0.0,0.4175,0.25,0.15,0.25,0.15,0.2,75,422.10655556226476,101.17578506469727,6,1.487475077311198,571.1904296875,42.49674863794885,1,1,89,0.0,0.3715,0.2,0.2,0.25,0.15,0.2
111,adaptive_mlp_ppo_seed5,0,NOOP,0.199125,-0.0115,0.197637,0,75,422.10655556226476,101.17578506469727,6,1.487475077311198,571.1904296875,42.49674863794885,1,1,89,0.0,0.3715,0.2,0.2,0.25,0.15,0.2,85,405.9356657561511,83.12535285949707,7,1.2979082380022322,581.462890625,50.35199276433329,1,2,90,0.0,0.3255,0.15,0.25,0.25,0.15,0.2
112,adaptive_mlp_ppo_seed5,0,NOOP,0.199,-0.009375,0.19721,0,85,405.9356657561511,83.12535285949707,7,1.2979082380022322,581.462890625,50.35199276433329,1,2,90,0.0,0.3255,0.15,0.25,0.25,0.15,0.2,77,360.1260569513192,99.4870662689209,8,1.1542778015136719,590.990234375,53.37722580647257,1,3,91,0.0,0.288,0.15,0.3,0.2,0.15,0.2
113,adaptive_mlp_ppo_seed5,0,NOOP,0.198875,-0.0115,0.197182,0,77,360.1260569513192,99.4870662689209,8,1.1542778015136719,590.990234375,53.37722580647257,1,3,91,0.0,0.288,0.15,0.3,0.2,0.15,0.2,91,496.0718682415571,95.90744972229004,9,1.0447235107421875,601.7607421875,54.17964738928225,1,4,92,0.0,0.242,0.1,0.35,0.2,0.15,0.2
114,adaptive_mlp_ppo_seed5,6,PARTITION_EVENT_TYPE,0.008321,-0.109375,0.188418,0,91,496.0718682415571,95.90744972229004,9,1.0447235107421875,601.7607421875,54.17964738928225,1,4,92,0.0,0.242,0.1,0.35,0.2,0.15,0.2,90,432.9261512207206,98.55961799621582,10,0.9569473266601562,612.4462890625,54.08195307566669,3,5,0,0.0,0.2045,0.1,0.4,0.15,0.15,0.2
115,adaptive_mlp_ppo_seed5,0,NOOP,0.14857,-0.094435,0.148326,0,90,432.9261512207206,98.55961799621582,10,0.9569473266601562,612.4462890625,54.08195307566669,3,5,0,0.0,0.2045,0.1,0.4,0.15,0.15,0.2,51,222.55602825368388,103.3012866973877,13,0.7509730412409856,624.8095703125,53.119240937306074,3,6,1,0.004991964937910884,0.15874959824689555,0.05,0.4,0.15,0.2,0.2
116,adaptive_mlp_ppo_seed5,0,NOOP,0.122583,-0.084815,0.120208,0,51,222.55602825368388,103.3012866973877,13,0.7509730412409856,624.8095703125,53.119240937306074,3,6,1,0.004991964937910884,0.15874959824689555,0.05,0.4,0.15,0.2,0.2,56,277.6292682004293,138.75174522399902,16,0.6229162216186523,637.8662109375,50.6764249468224,3,7,2,0.0,0.15874959824689555,0.05,0.4,0.15,0.2,0.2
117,adaptive_mlp_ppo_seed5,0,NOOP,0.104633,-0.095437,0.10153,0,56,277.6292682004293,138.75174522399902,16,0.6229162216186523,637.8662109375,50.6764249468224,3,7,2,0.0,0.15874959824689555,0.05,0.4,0.15,0.2,0.2,54,225.98079547903546,178.88879776000977,19,0.535038195158306,650.6064453125,48.15098406872477,3,8,3,0.0,0.11274959824689554,0.05,0.4,0.15,0.2,0.2
118,adaptive_mlp_ppo_seed5,1,COMPACT_32KB,0.164817,-0.084964,0.177486,0,54,225.98079547903546,178.88879776000977,19,0.535038195158306,650.6064453125,48.15098406872477,3,8,3,0.0,0.11274959824689554,0.05,0.4,0.15,0.2,0.2,60,239.58484110233027,96.19426727294922,11,0.9025504372336648,635.3955078125,36.05321608591129,3,0,4,0.0,0.11274959824689554,0.05,0.45,0.15,0.2,0.15
119,adaptive_mlp_ppo_seed5,0,NOOP,0.143524,-0.049254,0.141404,0,60,239.58484110233027,96.19426727294922,11,0.9025504372336648,635.3955078125,36.05321608591129,3,0,4,0.0,0.11274959824689554,0.05,0.45,0.15,0.2,0.15,83,374.97103330313837,123.50201606750488,14,0.7263706752232143,650.828125,38.76213000440217,3,1,5,0.0,0.07524959824689555,0.05,0.5,0.1,0.2,0.15
120,adaptive_mlp_ppo_seed5,0,NOOP,0.119846,-0.039925,0.117489,0,83,374.97103330313837,123.50201606750488,14,0.7263706752232143,650.828125,38.76213000440217,3,1,5,0.0,0.07524959824689555,0.05,0.5,0.1,0.2,0.15,53,273.6788536661336,139.06192779541016,17,0.6098534079159007,663.5205078125,38.69004739891613,3,2,6,0.0,0.07524959824689555,0.05,0.55,0.1,0.2,0.1
121,adaptive_mlp_ppo_seed5,0,NOOP,0.103562,-0.039898,0.098398,0,53,273.6788536661336,139.06192779541016,17,0.6098534079159007,663.5205078125,38.69004739891613,3,2,6,0.0,0.07524959824689555,0.05,0.55,0.1,0.2,0.1,82,365.8179892041375,283.18285942077637,20,0.5303092956542969,678.7958984375,37.6253854382325,3,3,7,0.0,0.07524959824689555,0.05,0.55,0.15,0.15,0.1
122,adaptive_mlp_ppo_seed5,0,NOOP,0.091356,-0.039833,0.088829,0,82,365.8179892041375,283.18285942077637,20,0.5303092956542969,678.7958984375,37.6253854382325,3,3,7,0.0,0.07524959824689555,0.05,0.55,0.15,0.15,0.1,75,321.9519384287878,155.11059761047363,23,0.4711555812669837,693.541015625,36.37099139463455,3,4,8,0.0,0.07524959824689555,0.05,0.6,0.15,0.15,0.05
123,adaptive_mlp_ppo_seed5,0,NOOP,0.081738,-0.039733,0.079031,0,75,321.9519384287878,155.11059761047363,23,0.4711555812669837,693.541015625,36.37099139463455,3,4,8,0.0,0.07524959824689555,0.05,0.6,0.15,0.15,0.05,62,283.21033836449357,167.80710220336914,26,0.4249379084660457,707.0966796875,35.128670686825835,3,5,9,0.0,0.07524959824689555,0.05,0.65,0.15,0.1,0.05
124,adaptive_mlp_ppo_seed5,1,COMPACT_32KB,0.160291,-0.094055,0.173222,0,62,283.21033836449357,167.80710220336914,26,0.4249379084660457,707.0966796875,35.128670686825835,3,5,9,0.0,0.07524959824689555,0.05,0.65,0.15,0.1,0.05,85,371.16845718426316,84.35392379760742,12,0.880547841389974,676.2607421875,33.77348156177162,3,0,10,0.0,0.03774959824689554,0.05,0.65,0.1,0.1,0.1
125,adaptive_mlp_ppo_seed5,0,NOOP,0.142405,-0.039649,0.140476,0,85,371.16845718426316,84.35392379760742,12,0.880547841389974,676.2607421875,33.77348156177162,3,0,10,0.0,0.03774959824689554,0.05,0.65,0.1,0.1,0.1,92,384.0371978964717,115.18263816833496,15,0.72139892578125,692.54296875,36.63046689534082,3,1,11,0.0,0.03774959824689554,0.05,0.7,0.1,0.05,0.1
126,adaptive_mlp_ppo_seed5,0,NOOP,0.120658,-0.039684,0.118314,0,92,384.0371978964717,115.18263816833496,15,0.72139892578125,692.54296875,36.63046689534082,3,1,11,0.0,0.03774959824689554,0.05,0.7,0.1,0.05,0.1,82,352.5268269883213,139.70088958740234,18,0.6145392523871528,707.94921875,36.78938240419824,3,2,12,0.0,0.03774959824689554,0.05,0.7,0.1,0.05,0.1
127,adaptive_mlp_ppo_seed5,0,NOOP,0.10491,-0.048925,0.102464,0,82,352.5268269883213,139.70088958740234,18,0.6145392523871528,707.94921875,36.78938240419824,3,2,12,0.0,0.03774959824689554,0.05,0.7,0.1,0.05,0.1,75,368.866651266579,148.57077598571777,21,0.5376768566313244,722.6376953125,36.09881162301409,3,3,13,0.0,0.00024959824689554423,0.05,0.75,0.05,0.05,0.1
128,adaptive_mlp_ppo_seed5,0,NOOP,0.092769,-0.039595,0.089141,0,75,368.866651266579,148.57077598571777,21,0.5376768566313244,722.6376953125,36.09881162301409,3,3,13,0.0,0.00024959824689554423,0.05,0.75,0.05,0.05,0.1,55,234.8671198665039,211.37547492980957,24,0.47884368896484375,735.50390625,35.17118154098582,3,4,14,0.0,0.00024959824689554423,0.1,0.7,0.05,0.05,0.1
129,adaptive_mlp_ppo_seed5,0,NOOP,0.083341,-0.03959,0.080573,0,55,234.8671198665039,211.37547492980957,24,0.47884368896484375,735.50390625,35.17118154098582,3,4,14,0.0,0.00024959824689554423,0.1,0.7,0.05,0.05,0.1,64,283.25059512755143,172.18708992004395,27,0.43358131691261576,749.228515625,34.1212942777945,3,5,15,0.0,0.00024959824689554423,0.1,0.75,0.05,0.05,0.05
130,adaptive_mlp_ppo_seed5,3,COMPACT_128KB,0.1665,-0.094619,0.197535,0,64,283.25059512755143,172.18708992004395,27,0.43358131691261576,749.228515625,34.1212942777945,3,5,15,0.0,0.00024959824689554423,0.1,0.75,0.05,0.05,0.05,92,395.9216890153874,83.27150344848633,8,1.3749141693115234,703.9560546875,22.559467885969813,3,0,16,0.0,0.00024959824689554423,0.1,0.75,0.05,0.05,0.05
131,adaptive_mlp_ppo_seed5,0,NOOP,0.198625,-0.039682,0.196126,0,92,395.9216890153874,83.27150344848633,8,1.3749141693115234,703.9560546875,22.559467885969813,3,0,16,0.0,0.00024959824689554423,0.1,0.75,0.05,0.05,0.05,72,294.84260833143765,138.72337341308594,11,1.020417646928267,718.3740234375,43.21294398931766,3,1,17,0.0,0.00024959824689554423,0.15,0.7,0.05,0.05,0.05
132,adaptive_mlp_ppo_seed5,0,NOOP,0.16196,-0.039599,0.159962,0,72,294.84260833143765,138.72337341308594,11,1.020417646928267,718.3740234375,43.21294398931766,3,1,17,0.0,0.00024959824689554423,0.15,0.7,0.05,0.05,0.05,79,356.86170223077596,117.41995811462402,14,0.8185522896902901,733.4228515625,45.78242374213624,3,2,18,0.0,0.00024959824689554423,0.15,0.7,0.05,0.05,0.05
133,adaptive_mlp_ppo_seed5,0,NOOP,0.135139,-0.039502,0.132911,0,79,356.86170223077596,117.41995811462402,14,0.8185522896902901,733.4228515625,45.78242374213624,3,2,18,0.0,0.00024959824689554423,0.15,0.7,0.05,0.05,0.05,59,288.0408227877569,132.63344764709473,17,0.6863178926355699,746.7138671875,45.368683301918466,3,3,19,0.0,0.00024959824689554423,0.15,0.7,0.05,0.05,0.05
134,adaptive_mlp_ppo_seed5,0,NOOP,0.116342,-0.039598,0.114034,0,59,288.0408227877569,132.63344764709473,17,0.6863178926355699,746.7138671875,45.368683301918466,3,3,19,0.0,0.00024959824689554423,0.15,0.7,0.05,0.05,0.05,66,312.3318191972597,140.397310256958,20,0.594207763671875,760.5859375,44.05988467529603,3,4,20,0.0,0.00024959824689554423,0.15,0.7,0.05,0.05,0.05
135,adaptive_mlp_ppo_seed5,7,REMOVE_PARTITION,0.039013,-0.07465,0.100141,0,66,312.3318191972597,140.397310256958,20,0.594207763671875,760.5859375,44.05988467529603,3,4,20,0.0,0.00024959824689554423,0.15,0.7,0.05,0.05,0.05,90,372.9132066077494,154.19983863830566,23,0.5276237156080164,776.662109375,42.4703429009526,0,5,0,0.0,0.0,0.15,0.75,0.05,0.0,0.05
136,adaptive_mlp_ppo_seed5,3,COMPACT_128KB,0.1665,-0.060032,0.19628,0,90,372.9132066077494,154.19983863830566,23,0.5276237156080164,776.662109375,42.4703429009526,0,5,0,0.0,0.0,0.15,0.75,0.05,0.0,0.05,96,402.7720017405135,146.0132598876953,8,1.4521102905273438,743.48046875,25.982708258415766,0,0,1,0.0,0.0,0.15,0.7,0.05,0.0,0.1
137,adaptive_mlp_ppo_seed5,0,NOOP,0.198875,-0.005446,0.197718,0,96,402.7720017405135,146.0132598876953,8,1.4521102905273438,743.48046875,25.982708258415766,0,0,1,0.0,0.0,0.15,0.7,0.05,0.0,0.1,78,417.1313644413674,69.08416748046875,9,1.3075815836588542,753.1669921875,36.88832997054417,0,1,2,0.0,0.0,0.1,0.7,0.05,0.05,0.1
138,adaptive_mlp_ppo_seed5,0,NOOP,0.19875,-0.005792,0.195675,0,78,417.1313644413674,69.08416748046875,9,1.3075815836588542,753.1669921875,36.88832997054417,0,1,2,0.0,0.0,0.1,0.7,0.05,0.05,0.1,66,339.8394790890442,166.23568534851074,10,1.19019775390625,761.7265625,42.11817792317868,0,2,3,0.0,0.0,0.1,0.65,0.1,0.05,0.1
139,adaptive_mlp_ppo_seed5,0,NOOP,0.198625,-0.006187,0.196914,0,66,339.8394790890442,166.23568534851074,10,1.19019775390625,761.7265625,42.11817792317868,0,2,3,0.0,0.0,0.1,0.65,0.1,0.05,0.1,77,335.9572419919756,99.31516647338867,11,1.0956864790482954,771.36328125,44.710224581624615,0,3,4,0.0,0.0,0.1,0.65,0.1,0.05,0.1
140,adaptive_mlp_ppo_seed5,0,NOOP,0.1985,-0.006446,0.19563,0,77,335.9572419919756,99.31516647338867,11,1.0956864790482954,771.36328125,44.710224581624615,0,3,4,0.0,0.0,0.1,0.65,0.1,0.05,0.1,51,196.71033276502297,158.49924087524414,12,1.0138384501139324,778.6279296875,46.330882622446104,0,4,5,0.0,0.0,0.15,0.6,0.1,0.05,0.1
141,adaptive_mlp_ppo_seed5,0,NOOP,0.18825,-0.006919,0.186339,0,51,196.71033276502297,158.49924087524414,12,1.0138384501139324,778.6279296875,46.330882622446104,0,4,5,0.0,0.0,0.15,0.6,0.1,0.05,0.1,95,469.41189637237335,111.79161071777344,13,0.9493736853966346,789.87890625,46.78626388261876,0,5,6,0.0,0.0,0.15,0.65,0.05,0.05,0.1
142,adaptive_mlp_ppo_seed5,0,NOOP,0.176699,-0.007295,0.174787,0,95,469.41189637237335,111.79161071777344,13,0.9493736853966346,789.87890625,46.78626388261876,0,5,6,0.0,0.0,0.15,0.65,0.05,0.05,0.1,77,336.1863048606065,113.1126880645752,14,0.8922457013811383,799.4521484375,46.98639833045908,0,6,7,0.0,0.0,0.15,0.65,0.05,0.05,0.1
143,adaptive_mlp_ppo_seed5,0,NOOP,0.166664,-0.007665,0.165034,0,77,336.1863048606065,113.1126880645752,14,0.8922457013811383,799.4521484375,46.98639833045908,0,6,7,0.0,0.0,0.15,0.65,0.05,0.05,0.1,77,349.90022643308305,100.22830963134766,15,0.842694091796875,808.986328125,46.91358724404893,0,7,8,0.0,0.0,0.15,0.6,0.05,0.1,0.1
144,adaptive_mlp_ppo_seed5,0,NOOP,0.157496,-0.007925,0.155501,0,77,349.90022643308305,100.22830963134766,15,0.842694091796875,808.986328125,46.91358724404893,0,7,8,0.0,0.0,0.15,0.6,0.05,0.1,0.1,55,237.13391693359046,119.72999572753906,16,0.7974786758422852,816.6181640625,46.77759121309471,0,8,9,0.0,0.0,0.15,0.65,0.05,0.1,0.05
145,adaptive_mlp_ppo_seed5,0,NOOP,0.149438,-0.008196,0.147825,0,55,237.13391693359046,119.72999572753906,16,0.7974786758422852,816.6181640625,46.77759121309471,0,8,9,0.0,0.0,0.15,0.65,0.05,0.1,0.05,58,251.50386865992598,101.89414024353027,17,0.7578151927274817,824.5029296875,46.48578920054509,0,9,10,0.0,0.0,0.15,0.6,0.05,0.15,0.05
146,adaptive_mlp_ppo_seed5,0,NOOP,0.142288,-0.008472,0.140721,0,58,251.50386865992598,101.89414024353027,17,0.7578151927274817,824.5029296875,46.48578920054509,0,9,10,0.0,0.0,0.15,0.6,0.05,0.15,0.05,60,320.00406906215744,100.83413124084473,18,0.7226884629991319,832.537109375,46.09541389164199,0,10,11,0.0,0.0,0.15,0.55,0.05,0.15,0.1
147,adaptive_mlp_ppo_seed5,0,NOOP,0.136089,-0.008808,0.13373,0,60,320.00406906215744,100.83413124084473,18,0.7226884629991319,832.537109375,46.09541389164199,0,10,11,0.0,0.0,0.15,0.55,0.05,0.15,0.1,74,317.81374864965875,141.69979095458984,19,0.6923201711554277,841.861328125,45.590737240631114,0,11,12,0.0,0.0,0.15,0.55,0.05,0.15,0.1
148,adaptive_mlp_ppo_seed5,0,NOOP,0.130168,-0.009032,0.126953,0,74,317.81374864965875,141.69979095458984,19,0.6923201711554277,841.861328125,45.590737240631114,0,11,12,0.0,0.0,0.15,0.55,0.05,0.15,0.1,50,213.5771011428653,185.74953079223633,20,0.66334228515625,849.078125,45.14321064518815,0,12,13,0.0,0.0,0.15,0.55,0.05,0.15,0.1
149,adaptive_mlp_ppo_seed5,0,NOOP,0.125441,-0.009464,0.12293,0,50,213.5771011428653,185.74953079223633,20,0.66334228515625,849.078125,45.14321064518815,0,12,13,0.0,0.0,0.15,0.55,0.05,0.15,0.1,98,418.72881559672464,151.7958641052246,21,0.6403299967447916,860.603515625,44.51477387314113,0,13,14,0.0,0.0,0.15,0.55,0.05,0.15,0.1
150,adaptive_mlp_ppo_seed5,0,NOOP,0.120532,-0.00969,0.116688,0,98,418.72881559672464,151.7958641052246,21,0.6403299967447916,860.603515625,44.51477387314113,0,13,14,0.0,0.0,0.15,0.55,0.05,0.15,0.1,52,227.26248619360217,219.67792510986328,22,0.6164079145951704,867.90234375,44.03149878826951,0,14,15,0.0,0.0,0.15,0.55,0.05,0.15,0.1
151,adaptive_mlp_ppo_seed5,0,NOOP,0.101735,-0.010939,0.098852,0,52,227.26248619360217,219.67792510986328,22,0.6164079145951704,867.90234375,44.03149878826951,0,14,15,0.0,0.0,0.15,0.55,0.05,0.15,0.1,299,905.7055009052744,177.8872013092041,27,0.5255494294343172,908.1494140625,41.47811567822579,0,15,16,0.0,0.0,0.1,0.6,0.05,0.15,0.1
152,adaptive_mlp_ppo_seed5,0,NOOP,0.09076,-0.011818,0.086715,0,299,905.7055009052744,177.8872013092041,27,0.5255494294343172,908.1494140625,41.47811567822579,0,15,16,0.0,0.0,0.1,0.6,0.05,0.15,0.1,222,693.6235311995781,241.02544784545898,31,0.47317652548513106,938.7822265625,39.615752971209936,0,16,17,0.0,0.0,0.1,0.6,0.05,0.15,0.1
153,adaptive_mlp_ppo_seed5,3,COMPACT_128KB,0.549,-0.067813,0.195249,0,222,693.6235311995781,241.02544784545898,31,0.47317652548513106,938.7822265625,39.615752971209936,0,16,17,0.0,0.0,0.1,0.6,0.05,0.15,0.1,264,719.4795246857749,197.5398063659668,8,1.7478923797607422,894.9208984375,11.224708640704534,0,0,18,0.0,0.0,0.1,0.55,0.1,0.15,0.1
154,adaptive_mlp_ppo_seed5,0,NOOP,0.1985,-0.013618,0.1967,0,264,719.4795246857749,197.5398063659668,8,1.7478923797607422,894.9208984375,11.224708640704534,0,0,18,0.0,0.0,0.1,0.55,0.1,0.15,0.1,224,736.4669119664377,105.01646995544434,12,1.2053540547688801,925.7119140625,52.06423495595428,0,1,19,0.0,0.0,0.1,0.55,0.1,0.15,0.1
155,adaptive_mlp_ppo_seed5,0,NOOP,0.174826,-0.014519,0.172104,0,224,736.4669119664377,105.01646995544434,12,1.2053540547688801,925.7119140625,52.06423495595428,0,1,19,0.0,0.0,0.1,0.55,0.1,0.15,0.1,263,798.6200657370806,157.31287002563477,17,0.8847530589384192,962.611328125,54.19562333697983,0,2,20,0.0,0.0,0.1,0.55,0.1,0.15,0.1
156,adaptive_mlp_ppo_seed5,6,PARTITION_EVENT_TYPE,-0.036503,-0.115281,0.140902,0,263,798.6200657370806,157.31287002563477,17,0.8847530589384192,962.611328125,54.19562333697983,0,2,20,0.0,0.0,0.1,0.55,0.1,0.15,0.1,233,685.8993560522317,246.8886375427246,21,0.7397003173828125,994.1572265625,52.29068341378166,3,3,0,0.0,0.0,0.1,0.55,0.15,0.15,0.05
157,adaptive_mlp_ppo_seed5,0,NOOP,0.103979,-0.05355,0.100836,0,233,685.8993560522317,246.8886375427246,21,0.7397003173828125,994.1572265625,52.29068341378166,3,3,0,0.0,0.0,0.1,0.55,0.15,0.15,0.05,180,515.4639023221232,194.66447830200195,30,0.5386474609375,1034.203125,47.81203998804345,3,4,1,0.0,0.0,0.1,0.6,0.15,0.1,0.05
158,adaptive_mlp_ppo_seed5,0,NOOP,0.081312,-0.052648,0.074339,0,180,515.4639023221232,194.66447830200195,30,0.5386474609375,1034.203125,47.81203998804345,3,4,1,0.0,0.0,0.1,0.6,0.15,0.1,0.05,195,602.1626898670572,397.3863124847412,39,0.430934808193109,1075.61328125,43.678251895518,3,5,2,0.0,0.0,0.1,0.6,0.15,0.1,0.05
159,adaptive_mlp_ppo_seed5,0,NOOP,0.05917,-0.051478,0.05466,0,195,602.1626898670572,397.3863124847412,39,0.430934808193109,1075.61328125,43.678251895518,3,5,2,0.0,0.0,0.1,0.6,0.15,0.1,0.05,267,592.2078027566017,293.0455207824707,54,0.32960227683738424,1139.10546875,38.46813450388344,3,6,3,0.0,0.0,0.1,0.6,0.15,0.1,0.05
160,adaptive_mlp_ppo_seed5,3,COMPACT_128KB,0.548375,-0.098522,0.196281,0,267,592.2078027566017,293.0455207824707,54,0.32960227683738424,1139.10546875,38.46813450388344,3,6,3,0.0,0.0,0.1,0.6,0.15,0.1,0.05,199,646.5180934735224,120.96357345581055,13,1.2538252610426683,1043.1826171875,45.94886465753195,3,0,4,0.0,0.0,0.05,0.65,0.15,0.1,0.05
161,adaptive_mlp_ppo_seed5,0,NOOP,0.151335,-0.043149,0.148711,0,199,646.5180934735224,120.96357345581055,13,1.2538252610426683,1043.1826171875,45.94886465753195,3,0,4,0.0,0.0,0.05,0.65,0.15,0.1,0.05,197,586.1818893822543,158.6740016937256,22,0.7704231955788352,1084.755859375,51.53454207318979,3,1,5,0.0,0.0,0.05,0.65,0.15,0.1,0.05
162,adaptive_mlp_ppo_seed5,0,NOOP,0.100369,-0.042749,0.096528,0,197,586.1818893822543,158.6740016937256,22,0.7704231955788352,1084.755859375,51.53454207318979,3,1,5,0.0,0.0,0.05,0.65,0.15,0.1,0.05,242,621.8934740559521,234.54618453979492,34,0.5230928308823529,1138.25,46.520088481155,3,2,6,0.0,0.0,0.1,0.6,0.15,0.1,0.05
163,adaptive_mlp_ppo_seed5,0,NOOP,0.080154,-0.04246,0.076048,0,242,621.8934740559521,234.54618453979492,34,0.5230928308823529,1138.25,46.520088481155,3,2,6,0.0,0.0,0.1,0.6,0.15,0.1,0.05,165,514.2247769409555,259.07063484191895,43,0.42764459654342296,1176.8779296875,42.95391682217584,3,3,7,0.0,0.0,0.15,0.6,0.15,0.05,0.05
164,adaptive_mlp_ppo_seed5,0,NOOP,0.066656,-0.042145,0.062082,0,165,514.2247769409555,259.07063484191895,43,0.42764459654342296,1176.8779296875,42.95391682217584,3,3,7,0.0,0.0,0.15,0.6,0.15,0.05,0.05,185,555.9301944027707,293.69497299194336,52,0.3657795832707332,1217.314453125,39.95185084189027,3,4,8,0.0,0.0,0.15,0.6,0.15,0.05,0.05
165,adaptive_mlp_ppo_seed5,0,NOOP,0.056714,-0.04194,0.053728,0,185,555.9301944027707,293.69497299194336,52,0.3657795832707332,1217.314453125,39.95185084189027,3,4,8,0.0,0.0,0.15,0.6,0.15,0.05,0.05,163,488.74247911480813,225.55828094482422,61,0.32169579677894466,1255.900390625,37.46700725978354,3,5,9,0.0,0.0,0.15,0.6,0.15,0.0,0.1
166,adaptive_mlp_ppo_seed5,0,NOOP,0.048984,-0.041789,0.036814,0,163,488.74247911480813,225.55828094482422,61,0.32169579677894466,1255.900390625,37.46700725978354,3,5,9,0.0,0.0,0.15,0.6,0.15,0.0,0.1,151,531.1298137682514,695.9958076477051,70,0.2886686052594866,1293.2353515625,35.378278203776404,3,6,10,0.0,0.0,0.15,0.6,0.2,0.0,0.05
167,adaptive_mlp_ppo_seed5,0,NOOP,0.041033,-0.041543,0.034478,0,151,531.1298137682514,695.9958076477051,70,0.2886686052594866,1293.2353515625,35.378278203776404,3,6,10,0.0,0.0,0.15,0.6,0.2,0.0,0.05,230,577.6247381890164,430.26089668273926,82,0.25641464605564024,1345.6640625,33.040208316128684,3,7,11,0.0,0.0,0.15,0.6,0.2,0.0,0.05
168,adaptive_mlp_ppo_seed5,0,NOOP,0.036267,-0.041283,0.029595,0,230,577.6247381890164,430.26089668273926,82,0.25641464605564024,1345.6640625,33.040208316128684,3,7,11,0.0,0.0,0.15,0.6,0.2,0.0,0.05,198,631.8049243634571,447.3443031311035,91,0.23820998642470811,1387.3349609375,31.546722786953342,3,8,12,0.0,0.0,0.1,0.65,0.2,0.0,0.05
169,adaptive_mlp_ppo_seed5,3,COMPACT_128KB,0.548375,-0.096018,0.196407,0,198,631.8049243634571,447.3443031311035,91,0.23820998642470811,1387.3349609375,31.546722786953342,3,8,12,0.0,0.0,0.1,0.65,0.2,0.0,0.05,234,625.5008546354893,114.67194557189941,13,1.4368708683894231,1195.4765625,34.29503000208739,3,0,13,0.0,0.0,0.1,0.65,0.2,0.0,0.05
170,adaptive_mlp_ppo_seed5,0,NOOP,0.172945,-0.040894,0.170415,0,234,625.5008546354893,114.67194557189941,13,1.4368708683894231,1195.4765625,34.29503000208739,3,0,13,0.0,0.0,0.1,0.65,0.2,0.0,0.05,197,576.9919695204896,154.0215015411377,22,0.8784748424183239,1236.892578125,51.04827839624575,3,1,14,0.0,0.0,0.1,0.65,0.2,0.0,0.05
171,adaptive_mlp_ppo_seed5,0,NOOP,0.12477,-0.040773,0.121755,0,197,576.9919695204896,154.0215015411377,22,0.8784748424183239,1236.892578125,51.04827839624575,3,1,14,0.0,0.0,0.1,0.65,0.2,0.0,0.05,172,571.5229604912392,189.49246406555176,31,0.6432249007686492,1276.158203125,48.962497666108625,3,2,15,0.0,0.0,0.1,0.65,0.2,0.0,0.05
172,adaptive_mlp_ppo_seed5,0,NOOP,0.091288,0.336373,0.290778,0,172,571.5229604912392,189.49246406555176,31,0.6432249007686492,1276.158203125,48.962497666108625,3,2,15,0.0,0.0,0.1,0.65,0.2,0.0,0.05,246,646.899845140095,129.227876663208,43,0.48331504644349566,1330.0830078125,44.608049040439276,3,3,16,0.67,0.0335,0.1,0.6,0.2,0.05,0.05
173,adaptive_mlp_ppo_seed5,0,NOOP,0.075777,-0.040422,0.065044,0,246,646.899845140095,129.227876663208,43,0.48331504644349566,1330.0830078125,44.608049040439276,3,3,16,0.67,0.0335,0.1,0.6,0.2,0.05,0.05,168,472.45789273595136,601.6454696655273,52,0.4113869300255409,1369.095703125,41.74102345761494,3,4,17,0.0,0.0335,0.1,0.6,0.2,0.05,0.05
174,adaptive_mlp_ppo_seed5,0,NOOP,0.05853,-0.04031,0.053127,0,168,472.45789273595136,601.6454696655273,52,0.4113869300255409,1369.095703125,41.74102345761494,3,4,17,0.0,0.0335,0.1,0.6,0.2,0.05,0.05,285,672.0424214688974,353.8780212402344,67,0.3345227597364739,1434.43359375,37.841425303193915,3,5,18,0.0,0.0335,0.1,0.6,0.2,0.05,0.05
175,adaptive_mlp_ppo_seed5,1,COMPACT_32KB,-0.209141,-0.084234,0.139446,0,285,672.0424214688974,353.8780212402344,67,0.3345227597364739,1434.43359375,37.841425303193915,3,5,18,0.0,0.0335,0.1,0.6,0.2,0.05,0.05,283,530.2145054214644,197.76463508605957,29,0.7315084523168104,1357.6796875,33.5936453607638,3,0,19,0.0,0.0335,0.1,0.6,0.2,0.05,0.05
176,adaptive_mlp_ppo_seed5,0,NOOP,0.102391,-0.039237,0.099966,0,283,530.2145054214644,197.76463508605957,29,0.7315084523168104,1357.6796875,33.5936453607638,3,0,19,0.0,0.0335,0.1,0.6,0.2,0.05,0.05,236,705.8867007966272,172.5137233734131,41,0.5375797923018293,1410.609375,34.23695096755879,3,1,20,0.0,0.0335,0.1,0.6,0.15,0.05,0.1
177,adaptive_mlp_ppo_seed5,6,PARTITION_EVENT_TYPE,-0.370117,-0.289242,0.079827,0,236,705.8867007966272,172.5137233734131,41,0.5375797923018293,1410.609375,34.23695096755879,3,1,20,0.0,0.0335,0.1,0.6,0.15,0.05,0.1,183,572.1253378453924,292.56224632263184,50,0.4533905029296875,1450.849609375,33.04875049968028,3,2,21,0.0,0.0335,0.1,0.6,0.15,0.05,0.1
178,adaptive_mlp_ppo_seed5,7,REMOVE_PARTITION,0.004407,-0.074266,0.06716,0,183,572.1253378453924,292.56224632263184,50,0.4533905029296875,1450.849609375,33.04875049968028,3,2,21,0.0,0.0335,0.1,0.6,0.15,0.05,0.1,235,695.6390750327296,121.65617942810059,62,0.37896482406123994,1503.732421875,31.206977650019724,0,3,0,0.0,0.0335,0.1,0.6,0.1,0.1,0.1
179,adaptive_mlp_ppo_seed5,0,NOOP,0.065353,-0.052579,0.060525,0,235,695.6390750327296,121.65617942810059,62,0.37896482406123994,1503.732421875,31.206977650019724,0,3,0,0.0,0.0335,0.1,0.6,0.1,0.1,0.1,184,773.6636589011447,322.643518447876,65,0.3673907940204327,1528.345703125,30.65521055325277,0,4,1,0.0,0.0335,0.1,0.6,0.1,0.1,0.1
180,adaptive_mlp_ppo_seed5,0,NOOP,0.062891,-0.051406,0.059676,0,184,773.6636589011447,322.643518447876,65,0.3673907940204327,1528.345703125,30.65521055325277,0,4,1,0.0,0.0335,0.1,0.6,0.1,0.1,0.1,191,639.8633104500382,245.77665328979492,68,0.35695558435776653,1553.470703125,30.124282243121435,0,5,2,0.0,0.0335,0.1,0.55,0.1,0.1,0.15
181,adaptive_mlp_ppo_seed5,0,NOOP,0.058963,-0.049862,0.0565,0,191,639.8633104500382,245.77665328979492,68,0.35695558435776653,1553.470703125,30.124282243121435,0,5,2,0.0,0.0335,0.1,0.55,0.1,0.1,0.15,263,717.1540340899487,214.39003944396973,73,0.3404409330185146,1590.5400390625,29.323326241828124,0,6,3,0.0,0.0335,0.1,0.5,0.1,0.15,0.15
182,adaptive_mlp_ppo_seed5,1,COMPACT_32KB,-0.195066,-0.10691,0.153877,0,263,717.1540340899487,214.39003944396973,73,0.3404409330185146,1590.5400390625,29.323326241828124,0,6,3,0.0,0.0335,0.1,0.5,0.1,0.15,0.15,227,863.8907990545451,180.02986907958984,29,0.8018877752896013,1488.3037109375,29.303329013361548,0,0,4,0.0,0.0335,0.05,0.55,0.1,0.15,0.15
183,adaptive_mlp_ppo_seed5,0,NOOP,0.135851,-0.062043,0.131925,0,227,863.8907990545451,180.02986907958984,29,0.8018877752896013,1488.3037109375,29.303329013361548,0,0,4,0.0,0.0335,0.05,0.55,0.1,0.15,0.15,252,881.3767348776705,238.84296417236328,34,0.700507220099954,1524.3037109375,31.307407716286992,0,1,5,0.0,0.0335,0.0,0.6,0.1,0.15,0.15
184,adaptive_mlp_ppo_seed5,0,NOOP,0.126257,-0.062143,0.122374,0,252,881.3767348776705,238.84296417236328,34,0.700507220099954,1524.3037109375,31.307407716286992,0,1,5,0.0,0.0335,0.0,0.6,0.1,0.15,0.15,193,711.4394195995026,240.39649963378906,37,0.6544115221178209,1549.646484375,31.620426047932238,0,2,6,0.0,0.0335,0.0,0.6,0.1,0.15,0.15
185,adaptive_mlp_ppo_seed5,0,NOOP,0.117779,-0.062221,0.114252,0,193,711.4394195995026,240.39649963378906,37,0.6544115221178209,1549.646484375,31.620426047932238,0,2,6,0.0,0.0335,0.0,0.6,0.1,0.15,0.15,156,628.530365469185,226.34100914001465,40,0.6138938903808594,1571.568359375,31.749006860458746,0,3,7,0.0,0.0335,0.0,0.65,0.1,0.15,0.1
186,adaptive_mlp_ppo_seed5,0,NOOP,0.106001,-0.062345,0.102168,0,156,628.530365469185,226.34100914001465,40,0.6138938903808594,1571.568359375,31.749006860458746,0,3,7,0.0,0.0335,0.0,0.65,0.1,0.15,0.1,252,863.6524225975645,247.88880348205566,45,0.5581302218967014,1607.4150390625,31.58583595821997,0,4,8,0.0,0.0335,0.0,0.7,0.05,0.15,0.1
187,adaptive_mlp_ppo_seed5,3,COMPACT_128KB,0.54825,-0.055,0.196393,0,252,863.6524225975645,247.88880348205566,45,0.5581302218967014,1607.4150390625,31.58583595821997,0,4,8,0.0,0.0335,0.0,0.7,0.05,0.15,0.1,251,879.5323375935491,110.37468910217285,14,1.715045383998326,1536.6806640625,21.309316073071816,0,0,9,0.0,0.0335,0.0,0.7,0.05,0.15,0.1
188,adaptive_mlp_ppo_seed5,0,NOOP,0.197625,0.0,0.194864,0,251,879.5323375935491,110.37468910217285,14,1.715045383998326,1536.6806640625,21.309316073071816,0,0,9,0.0,0.0335,0.0,0.7,0.05,0.15,0.1,277,818.965554479412,161.8175506591797,19,1.2952848735608553,1575.06640625,49.60854643958406,0,1,10,0.0,0.0335,0.0,0.7,0.05,0.15,0.1
189,adaptive_mlp_ppo_seed5,0,NOOP,0.19725,0.0,0.194797,0,277,818.965554479412,161.8175506591797,19,1.2952848735608553,1575.06640625,49.60854643958406,0,1,10,0.0,0.0335,0.0,0.7,0.05,0.15,0.1,158,611.700708804816,150.1443386077881,22,1.1343897039240056,1597.220703125,53.037385157691986,0,2,11,0.0,0.0335,0.0,0.7,0.05,0.15,0.1
190,adaptive_mlp_ppo_seed5,0,NOOP,0.18573,0.0,0.183016,0,158,611.700708804816,150.1443386077881,22,1.1343897039240056,1597.220703125,53.037385157691986,0,2,11,0.0,0.0335,0.0,0.7,0.05,0.15,0.1,258,918.5745577027878,169.47388648986816,27,0.945526123046875,1633.869140625,54.21792918053061,0,3,12,0.0,0.0335,0.0,0.7,0.05,0.15,0.1
191,adaptive_mlp_ppo_seed5,0,NOOP,0.159155,0.0,0.155911,0,258,918.5745577027878,169.47388648986816,27,0.945526123046875,1633.869140625,54.21792918053061,0,3,12,0.0,0.0335,0.0,0.7,0.05,0.15,0.1,261,963.771493770381,202.20708847045898,32,0.8157744407653809,1670.7060546875,53.38393113018536,0,4,13,0.0,0.0335,0.0,0.7,0.05,0.15,0.1
192,adaptive_mlp_ppo_seed5,0,NOOP,0.143369,-0.008375,0.141304,0,261,963.771493770381,202.20708847045898,32,0.8157744407653809,1670.7060546875,53.38393113018536,0,4,13,0.0,0.0335,0.0,0.7,0.05,0.15,0.1,246,921.0655235609338,148.23389053344727,36,0.7393434312608507,1703.447265625,52.16356859503865,0,5,14,0.0,0.0,0.0,0.7,0.05,0.1,0.15
193,adaptive_mlp_ppo_seed5,3,COMPACT_128KB,0.548125,-0.055,0.196189,0,246,921.0655235609338,148.23389053344727,36,0.7393434312608507,1703.447265625,52.16356859503865,0,5,14,0.0,0.0,0.0,0.7,0.05,0.1,0.15,241,1017.8330085981813,115.52643775939941,15,1.7326456705729167,1663.33984375,16.254164012019736,0,0,15,0.0,0.0,0.0,0.7,0.0,0.15,0.15
194,adaptive_mlp_ppo_seed5,0,NOOP,0.1975,0.0,0.19521,0,241,1017.8330085981813,115.52643775939941,15,1.7326456705729167,1663.33984375,16.254164012019736,0,0,15,0.0,0.0,0.0,0.7,0.0,0.15,0.15,250,870.1355603648578,139.50777053833008,20,1.3274551391601563,1699.142578125,48.14861476563277,0,1,16,0.0,0.0,0.0,0.7,0.0,0.15,0.15
195,adaptive_mlp_ppo_seed5,0,NOOP,0.197125,0.0,0.194684,0,250,870.1355603648578,139.50777053833008,20,1.3274551391601563,1699.142578125,48.14861476563277,0,1,16,0.0,0.0,0.0,0.7,0.0,0.15,0.15,189,742.9481582422444,150.82359313964844,23,1.171252043350883,1724.0830078125,51.94911082648746,0,2,17,0.0,0.0,0.0,0.7,0.0,0.15,0.15
196,adaptive_mlp_ppo_seed5,0,NOOP,0.196625,0.0,0.193614,0,189,742.9481582422444,150.82359313964844,23,1.171252043350883,1724.0830078125,51.94911082648746,0,2,17,0.0,0.0,0.0,0.7,0.0,0.15,0.15,220,813.6050208703289,184.2951774597168,27,1.0153752079716436,1754.568359375,53.64504493248636,0,3,18,0.0,0.0,0.0,0.75,0.0,0.15,0.1
197,adaptive_mlp_ppo_seed5,0,NOOP,0.181505,0.0,0.178783,0,220,813.6050208703289,184.2951774597168,27,1.0153752079716436,1754.568359375,53.64504493248636,0,3,18,0.0,0.0,0.0,0.75,0.0,0.15,0.1,177,715.6928849277696,173.5982894897461,30,0.9262730916341145,1778.4443359375,53.69218427922145,0,4,19,0.0,0.0,0.0,0.7,0.0,0.15,0.15
198,adaptive_mlp_ppo_seed5,1,COMPACT_32KB,-0.173368,-0.045,0.175624,0,177,715.6928849277696,173.5982894897461,30,0.9262730916341145,1778.4443359375,53.69218427922145,0,4,19,0.0,0.0,0.0,0.7,0.0,0.15,0.15,276,967.1286961955732,180.03082275390625,31,0.9116245392830141,1808.6630859375,30.169689650183912,0,0,20,0.0,0.0,0.0,0.75,0.0,0.1,0.15
199,adaptive_mlp_ppo_seed5,5,PARTITION_REGION,-0.021936,-0.1,0.155995,0,276,967.1286961955732,180.03082275390625,31,0.9116245392830141,1808.6630859375,30.169689650183912,0,0,20,0.0,0.0,0.0,0.75,0.0,0.1,0.15,226,728.1246406089772,238.13819885253906,35,0.8212877546037947,1839.6845703125,32.70780499891119,2,1,0,0.0,0.0,0.05,0.7,0.0,0.1,0.15
200,adaptive_mlp_ppo_seed5,0,NOOP,0.127864,-0.085707,0.123438,0,226,728.1246406089772,238.13819885253906,35,0.8212877546037947,1839.6845703125,32.70780499891119,2,1,0,0.0,0.0,0.05,0.7,0.0,0.1,0.15,158,447.00163030464506,276.31378173828125,44,0.6668222600763495,1877.771484375,35.14102710417232,2,2,1,0.0,0.0,0.1,0.7,0.0,0.1,0.1
201,adaptive_mlp_ppo_seed5,0,NOOP,0.095538,-0.084149,0.09013,0,158,447.00163030464506,276.31378173828125,44,0.6668222600763495,1877.771484375,35.14102710417232,2,2,1,0.0,0.0,0.1,0.7,0.0,0.1,0.1,281,675.5940105632551,344.12384033203125,59,0.5145628331071239,1942.9892578125,34.62702727251552,2,3,2,0.0,0.0,0.15,0.7,0.0,0.05,0.1
202,adaptive_mlp_ppo_seed5,0,NOOP,0.078995,-0.082863,0.075401,0,281,675.5940105632551,344.12384033203125,59,0.5145628331071239,1942.9892578125,34.62702727251552,2,3,2,0.0,0.0,0.15,0.7,0.0,0.05,0.1,238,610.2226718643119,268.4295177459717,71,0.4393497520769146,1996.4052734375,33.303469922894976,2,4,3,0.0,0.0,0.15,0.65,0.0,0.05,0.15
203,adaptive_mlp_ppo_seed5,3,COMPACT_128KB,0.548125,-0.073633,0.196207,0,238,610.2226718643119,268.4295177459717,71,0.4393497520769146,1996.4052734375,33.303469922894976,2,4,3,0.0,0.0,0.15,0.65,0.0,0.05,0.15,154,443.3003993611868,114.63069915771484,15,1.9230173746744792,1846.0966796875,75.01671264803134,2,0,4,0.0,0.0,0.15,0.6,0.0,0.1,0.15
204,adaptive_mlp_ppo_seed5,0,NOOP,0.196625,-0.018638,0.190308,0,154,443.3003993611868,114.63069915771484,15,1.9230173746744792,1846.0966796875,75.01671264803134,2,0,4,0.0,0.0,0.15,0.6,0.0,0.1,0.15,242,696.9741445253329,349.5750427246094,27,1.0995381673177083,1900.001953125,81.46131437031407,2,1,5,0.0,0.0,0.15,0.55,0.05,0.1,0.15
205,adaptive_mlp_ppo_seed5,0,NOOP,0.140807,-0.018619,0.138307,0,242,696.9741445253329,349.5750427246094,27,1.0995381673177083,1900.001953125,81.46131437031407,2,1,5,0.0,0.0,0.15,0.55,0.05,0.1,0.15,257,558.4620184469173,177.490234375,42,0.7302827380952381,1963.0,72.37455934600274,2,2,6,0.0,0.0,0.15,0.5,0.05,0.1,0.2
206,adaptive_mlp_ppo_seed5,0,NOOP,0.116446,0.358278,0.315857,0,257,558.4620184469173,177.490234375,42,0.7302827380952381,1963.0,72.37455934600274,2,2,6,0.0,0.0,0.15,0.5,0.05,0.1,0.2,194,565.0757658987135,143.1736946105957,51,0.6141025318818933,2004.4306640625,67.51639516257947,2,3,7,0.67,0.0335,0.15,0.5,0.05,0.1,0.2
207,adaptive_mlp_ppo_seed5,0,NOOP,0.089703,0.358247,0.289279,0,194,565.0757658987135,143.1736946105957,51,0.6141025318818933,2004.4306640625,67.51639516257947,2,3,7,0.67,0.0335,0.15,0.5,0.05,0.1,0.2,271,680.0429232617468,153.70488166809082,66,0.489765976414536,2068.771484375,61.03471963689261,2,4,8,0.67,0.067,0.15,0.5,0.05,0.1,0.2
208,adaptive_mlp_ppo_seed5,0,NOOP,0.075265,-0.018673,0.061004,0,271,680.0429232617468,153.70488166809082,66,0.489765976414536,2068.771484375,61.03471963689261,2,4,8,0.67,0.067,0.15,0.5,0.05,0.1,0.2,236,695.7282693802617,810.542106628418,78,0.42507621569511217,2121.98046875,56.9235299880665,2,5,9,0.0,0.067,0.15,0.45,0.1,0.1,0.2
209,adaptive_mlp_ppo_seed5,3,COMPACT_128KB,0.54825,-0.073641,0.196737,0,236,695.7282693802617,810.542106628418,78,0.42507621569511217,2121.98046875,56.9235299880665,2,5,9,0.0,0.067,0.15,0.45,0.1,0.1,0.2,218,454.06402972407795,93.17326545715332,14,2.194134303501674,1965.9443359375,56.26475787659232,2,0,10,0.0,0.067,0.15,0.4,0.1,0.1,0.25
210,adaptive_mlp_ppo_seed5,0,NOOP,0.197125,-0.018649,0.19208,0,218,454.06402972407795,93.17326545715332,14,2.194134303501674,1965.9443359375,56.26475787659232,2,0,10,0.0,0.067,0.15,0.4,0.1,0.1,0.25,162,481.602964420434,281.024694442749,23,1.3617407757302988,2004.482421875,80.53704921001992,2,1,11,0.0,0.067,0.15,0.35,0.15,0.1,0.25
211,adaptive_mlp_ppo_seed5,0,NOOP,0.195542,-0.018658,0.189592,0,162,481.602964420434,281.024694442749,23,1.3617407757302988,2004.482421875,80.53704921001992,2,1,11,0.0,0.067,0.15,0.35,0.15,0.1,0.25,166,496.77355333690554,337.5222682952881,32,0.9977097511291504,2043.3095703125,77.68631598899982,2,2,12,0.0,0.067,0.15,0.3,0.2,0.1,0.25
212,adaptive_mlp_ppo_seed5,0,NOOP,0.134218,-0.018671,0.121867,0,166,496.77355333690554,337.5222682952881,32,0.9977097511291504,2043.3095703125,77.68631598899982,2,2,12,0.0,0.067,0.15,0.3,0.2,0.1,0.25,264,425.65626785106093,676.3222217559814,47,0.7004667241522606,2107.00390625,69.68610177988538,2,3,13,0.0,0.067,0.15,0.3,0.25,0.1,0.2
213,adaptive_mlp_ppo_seed5,0,NOOP,0.112848,-0.01864,0.102931,0,264,425.65626785106093,676.3222217559814,47,0.7004667241522606,2107.00390625,69.68610177988538,2,3,13,0.0,0.067,0.15,0.3,0.25,0.1,0.2,187,467.5219030508875,565.8116340637207,56,0.5992377144949776,2147.66796875,65.45798139656469,2,4,14,0.0,0.067,0.15,0.3,0.3,0.05,0.2
214,adaptive_mlp_ppo_seed5,0,NOOP,0.092589,-0.018634,0.081183,0,187,467.5219030508875,565.8116340637207,56,0.5992377144949776,2147.66796875,65.45798139656469,2,4,14,0.0,0.067,0.15,0.3,0.3,0.05,0.2,223,584.3627144354797,655.3139686584473,68,0.5054451437557445,2199.697265625,60.729545006979535,2,5,15,0.0,0.067,0.15,0.25,0.3,0.1,0.2
215,adaptive_mlp_ppo_seed5,0,NOOP,0.081204,-0.018642,0.067789,0,223,584.3627144354797,655.3139686584473,68,0.5054451437557445,2199.697265625,60.729545006979535,2,5,15,0.0,0.067,0.15,0.25,0.3,0.1,0.2,160,499.4352438611441,766.9785022735596,77,0.4541445645419034,2238.0244140625,57.73999187721158,2,6,16,0.0,0.067,0.15,0.2,0.35,0.1,0.2
216,adaptive_mlp_ppo_seed5,3,COMPACT_128KB,0.548125,-0.073622,0.195832,0,160,499.4352438611441,766.9785022735596,77,0.4541445645419034,2238.0244140625,57.73999187721158,2,6,16,0.0,0.067,0.15,0.2,0.35,0.1,0.2,176,503.86294226374605,133.38303565979004,15,2.1692097981770835,2082.44140625,55.257961437694455,2,0,17,0.0,0.067,0.15,0.15,0.35,0.15,0.2
217,adaptive_mlp_ppo_seed5,0,NOOP,0.196625,0.358254,0.396376,0,176,503.86294226374605,133.38303565979004,15,2.1692097981770835,2082.44140625,55.257961437694455,2,0,17,0.0,0.067,0.15,0.15,0.35,0.15,0.2,202,506.03352933622807,96.18401527404785,27,1.2341387713396992,2132.591796875,79.32997752375086,2,1,18,0.67,0.1005,0.15,0.2,0.35,0.15,0.15
218,adaptive_mlp_ppo_seed5,0,NOOP,0.170141,-0.018595,0.164818,0,202,506.03352933622807,96.18401527404785,27,1.2341387713396992,2132.591796875,79.32997752375086,2,1,18,0.67,0.1005,0.15,0.2,0.35,0.15,0.15,220,596.5691291968482,314.90540504455566,39,0.8750790327023237,2184.197265625,74.3334103003796,2,2,19,0.0,0.1005,0.15,0.15,0.35,0.2,0.15
219,adaptive_mlp_ppo_seed5,0,NOOP,0.130523,-0.018587,0.121293,0,220,596.5691291968482,314.90540504455566,39,0.8750790327023237,2184.197265625,74.3334103003796,2,2,19,0.0,0.1005,0.15,0.15,0.35,0.2,0.15,200,476.3077356354341,525.2857208251953,51,0.6844922234030331,2234.1826171875,68.50281180622333,2,3,20,0.0,0.1005,0.1,0.15,0.4,0.2,0.15
220,adaptive_mlp_ppo_seed5,6,PARTITION_EVENT_TYPE,-0.070844,-0.118596,0.108001,0,200,476.3077356354341,525.2857208251953,51,0.6844922234030331,2234.1826171875,68.50281180622333,2,3,20,0.0,0.1005,0.1,0.15,0.4,0.2,0.15,183,536.4467262782548,223.62732887268066,60,0.5923688252766927,2274.6962890625,64.63147574101303,3,4,0,0.0,0.1005,0.05,0.15,0.4,0.2,0.2
221,adaptive_mlp_ppo_seed5,3,COMPACT_128KB,0.54775,-0.100198,0.193339,0,183,536.4467262782548,223.62732887268066,60,0.5923688252766927,2274.6962890625,64.63147574101303,3,4,0,0.0,0.1005,0.05,0.15,0.4,0.2,0.2,189,479.4038175791519,243.0579662322998,18,1.8886803521050348,2175.759765625,72.42070238367535,3,0,1,0.0,0.1005,0.0,0.15,0.45,0.2,0.2
222,adaptive_mlp_ppo_seed5,0,NOOP,0.19625,0.332374,0.395054,0,189,479.4038175791519,243.0579662322998,18,1.8886803521050348,2175.759765625,72.42070238367535,3,0,1,0.0,0.1005,0.0,0.15,0.45,0.2,0.2,235,722.0566195996557,147.28713035583496,30,1.1608052571614584,2228.74609375,80.26666997487892,3,1,2,0.67,0.134,0.0,0.15,0.45,0.25,0.15
223,adaptive_mlp_ppo_seed5,0,NOOP,0.176851,-0.043998,0.174446,0,235,722.0566195996557,147.28713035583496,30,1.1608052571614584,2228.74609375,80.26666997487892,3,1,2,0.67,0.134,0.0,0.15,0.45,0.25,0.15,171,473.3705600842691,168.96414756774902,39,0.9086280235877404,2267.935546875,76.21222304756164,3,2,3,0.0,0.134,0.0,0.2,0.45,0.2,0.15
224,adaptive_mlp_ppo_seed5,0,NOOP,0.144293,0.333394,0.343378,0,171,473.3705600842691,168.96414756774902,39,0.9086280235877404,2267.935546875,76.21222304756164,3,2,3,0.0,0.134,0.0,0.2,0.45,0.2,0.15,186,538.5274920529732,155.778169631958,48,0.7514657974243164,2308.5029296875,71.72413970634517,3,3,4,0.67,0.1675,0.0,0.2,0.4,0.25,0.15
225,adaptive_mlp_ppo_seed5,0,NOOP,0.12158,-0.043008,0.118577,0,186,538.5274920529732,155.778169631958,48,0.7514657974243164,2308.5029296875,71.72413970634517,3,3,4,0.67,0.1675,0.0,0.2,0.4,0.25,0.15,170,413.06052081547153,221.41504287719727,57,0.643524169921875,2347.576171875,67.65306079840035,3,4,5,0.0,0.1675,0.0,0.2,0.4,0.25,0.15
226,adaptive_mlp_ppo_seed5,0,NOOP,0.104886,-0.050844,0.100997,0,170,413.06052081547153,221.41504287719727,57,0.643524169921875,2347.576171875,67.65306079840035,3,4,5,0.0,0.1675,0.0,0.2,0.4,0.25,0.15,199,629.6627777941229,276.9765853881836,66,0.5656805327444365,2389.4345703125,64.0558071201082,3,5,6,0.0,0.134,0.0,0.2,0.4,0.25,0.15
227,adaptive_mlp_ppo_seed5,0,NOOP,0.088073,-0.050252,0.081582,0,199,629.6627777941229,276.9765853881836,66,0.5656805327444365,2389.4345703125,64.0558071201082,3,5,6,0.0,0.134,0.0,0.2,0.4,0.25,0.15,230,675.0931753084208,422.0912456512451,78,0.4891169621394231,2441.671875,59.98192789275527,3,6,7,0.0,0.1005,0.05,0.15,0.4,0.25,0.15
228,adaptive_mlp_ppo_seed5,0,NOOP,0.072569,0.335683,0.271405,0,230,675.0931753084208,422.0912456512451,78,0.4891169621394231,2441.671875,59.98192789275527,3,6,7,0.0,0.1005,0.05,0.15,0.4,0.25,0.15,268,594.8067200299712,224.40791130065918,93,0.42096751223328294,2505.5986328125,55.780437685284106,3,7,8,0.67,0.134,0.05,0.15,0.35,0.3,0.15
229,adaptive_mlp_ppo_seed5,0,NOOP,0.062962,-0.040664,0.046111,0,268,594.8067200299712,224.40791130065918,93,0.42096751223328294,2505.5986328125,55.780437685284106,3,7,8,0.67,0.134,0.05,0.15,0.35,0.3,0.15,213,555.6824265781111,973.8259315490723,105,0.3804370698474702,2556.537109375,52.96467222050962,3,8,9,0.0,0.134,0.05,0.15,0.4,0.3,0.1
230,adaptive_mlp_ppo_seed5,3,COMPACT_128KB,0.54775,-0.094994,0.196041,0,213,555.6824265781111,973.8259315490723,105,0.3804370698474702,2556.537109375,52.96467222050962,3,8,9,0.0,0.134,0.05,0.15,0.4,0.3,0.1,279,673.8466290417036,107.97119140625,18,2.034149169921875,2343.33984375,60.39129604764779,3,0,10,0.0,0.134,0.05,0.2,0.35,0.3,0.1
231,adaptive_mlp_ppo_seed5,0,NOOP,0.195875,-0.039384,0.191745,0,279,673.8466290417036,107.97119140625,18,2.034149169921875,2343.33984375,60.39129604764779,3,0,10,0.0,0.134,0.05,0.2,0.35,0.3,0.1,273,633.0331889853236,247.75981903076172,33,1.139988292347301,2407.6552734375,77.40152703634179,3,1,11,0.0,0.134,0.1,0.2,0.3,0.3,0.1
232,adaptive_mlp_ppo_seed5,0,NOOP,0.154903,-0.038811,0.152212,0,273,633.0331889853236,247.75981903076172,33,1.139988292347301,2407.6552734375,77.40152703634179,3,1,11,0.0,0.134,0.1,0.2,0.3,0.3,0.1,268,620.5934517315854,194.51904296875,48,0.8045126597086588,2471.462890625,71.52122466605124,3,2,12,0.0,0.134,0.1,0.2,0.25,0.3,0.15
233,adaptive_mlp_ppo_seed5,0,NOOP,0.117803,0.338575,0.317031,0,268,620.5934517315854,194.51904296875,48,0.8045126597086588,2471.462890625,71.52122466605124,3,2,12,0.0,0.134,0.1,0.2,0.25,0.3,0.15,250,533.9003417529195,167.37794876098633,63,0.6283915686228919,2533.6748046875,65.50740546366609,3,3,13,0.67,0.1675,0.1,0.2,0.2,0.35,0.15
234,adaptive_mlp_ppo_seed5,0,NOOP,0.09439,-0.037723,0.089026,0,250,533.9003417529195,167.37794876098633,63,0.6283915686228919,2533.6748046875,65.50740546366609,3,3,13,0.67,0.1675,0.1,0.2,0.2,0.35,0.15,291,772.8337119801837,365.7219409942627,78,0.5207003079927884,2599.3359375,60.47938447090297,3,4,14,0.0,0.1675,0.1,0.25,0.2,0.3,0.15
235,adaptive_mlp_ppo_seed5,3,COMPACT_128KB,0.54775,-0.092414,0.196023,0,291,772.8337119801837,365.7219409942627,78,0.5207003079927884,2599.3359375,60.47938447090297,3,4,14,0.0,0.1675,0.1,0.25,0.2,0.3,0.15,159,453.80483164371424,108.82568359375,18,2.1272735595703125,2450.619140625,54.440176277587504,3,0,15,0.0,0.1675,0.1,0.25,0.15,0.3,0.2
236,adaptive_mlp_ppo_seed5,0,NOOP,0.196625,-0.037118,0.194636,0,159,453.80483164371424,108.82568359375,18,2.1272735595703125,2450.619140625,54.440176277587504,3,0,15,0.0,0.1675,0.1,0.25,0.15,0.3,0.2,155,436.24906810500033,133.2230567932129,27,1.4400527388961226,2488.4111328125,77.17483498662187,3,1,16,0.0,0.1675,0.1,0.3,0.15,0.25,0.2
237,adaptive_mlp_ppo_seed5,0,NOOP,0.195125,-0.045098,0.19143,0,155,436.24906810500033,133.2230567932129,27,1.4400527388961226,2488.4111328125,77.17483498662187,3,1,16,0.0,0.1675,0.1,0.3,0.15,0.25,0.2,228,594.5535364789149,233.51812362670898,39,1.0178101368439503,2540.4541015625,75.90890046803321,3,2,17,0.0,0.134,0.1,0.25,0.15,0.25,0.25
238,adaptive_mlp_ppo_seed5,0,NOOP,0.143902,-0.03628,0.139692,0,228,594.5535364789149,233.51812362670898,39,1.0178101368439503,2540.4541015625,75.90890046803321,3,2,17,0.0,0.134,0.1,0.25,0.15,0.25,0.25,257,580.2983642476266,277.99224853515625,54,0.7532594468858507,2603.2646484375,69.93707191755689,3,3,18,0.0,0.134,0.1,0.3,0.15,0.2,0.25
239,adaptive_mlp_ppo_seed5,0,NOOP,0.112154,-0.035864,0.100256,0,257,580.2983642476266,277.99224853515625,54,0.7532594468858507,2603.2646484375,69.93707191755689,3,3,18,0.0,0.134,0.1,0.3,0.15,0.2,0.25,267,603.9262504914171,681.1623573303223,69,0.603896431300951,2666.806640625,64.39331600404536,3,4,19,0.0,0.134,0.1,0.3,0.15,0.2,0.25
240,adaptive_mlp_ppo_seed5,3,COMPACT_128KB,0.547625,-0.090597,0.1924,0,267,603.9262504914171,681.1623573303223,69,0.603896431300951,2666.806640625,64.39331600404536,3,4,19,0.0,0.134,0.1,0.3,0.15,0.2,0.25,163,465.6649279847864,285.0043773651123,19,2.0933709395559212,2545.5390625,52.52165501689647,3,0,20,0.0,0.134,0.1,0.3,0.2,0.2,0.2
241,adaptive_mlp_ppo_seed5,4,PARTITION_HOUR,0.013932,-0.13514,0.193866,0,163,465.6649279847864,285.0043773651123,19,2.0933709395559212,2545.5390625,52.52165501689647,3,0,20,0.0,0.134,0.1,0.3,0.2,0.2,0.2,294,753.7892709954508,136.7208957672119,34,1.200204288258272,2611.64453125,75.9592222641781,1,1,0,0.0,0.134,0.1,0.3,0.15,0.25,0.2
242,adaptive_mlp_ppo_seed5,0,NOOP,0.19525,-0.047517,0.188535,0,294,753.7892709954508,136.7208957672119,34,1.200204288258272,2611.64453125,75.9592222641781,1,1,0,0.0,0.134,0.1,0.3,0.15,0.25,0.2,224,755.908604585862,468.45293045043945,38,1.0865619057103206,2642.5185546875,74.88543017580797,1,2,1,0.005681433885694961,0.10078407169428476,0.1,0.3,0.2,0.2,0.2
243,adaptive_mlp_ppo_seed5,0,NOOP,0.189531,-0.034118,0.184826,0,224,755.908604585862,468.45293045043945,38,1.0865619057103206,2642.5185546875,74.88543017580797,1,2,1,0.005681433885694961,0.10078407169428476,0.1,0.3,0.2,0.2,0.2,291,985.8866524234359,483.0300807952881,43,0.9745323713435683,2681.9130859375,73.07685818248473,1,3,2,0.012934931850909213,0.10143081828683023,0.1,0.25,0.25,0.2,0.2
244,adaptive_mlp_ppo_seed5,0,NOOP,0.171076,-0.048922,0.166371,0,291,985.8866524234359,483.0300807952881,43,0.9745323713435683,2681.9130859375,73.07685818248473,1,3,2,0.012934931850909213,0.10143081828683023,0.1,0.25,0.25,0.2,0.2,274,787.3076642725805,295.20320892333984,48,0.885377566019694,2719.8798828125,71.12010218692994,1,4,3,0.0,0.0679308182868302,0.1,0.3,0.25,0.15,0.2
245,adaptive_mlp_ppo_seed5,0,NOOP,0.161711,-0.040045,0.157985,0,274,787.3076642725805,295.20320892333984,48,0.885377566019694,2719.8798828125,71.12010218692994,1,4,3,0.0,0.0679308182868302,0.1,0.3,0.25,0.15,0.2,169,412.85789770423975,250.04100799560547,51,0.8404295678232231,2743.162109375,69.92593886504552,1,5,4,0.0,0.0679308182868302,0.1,0.35,0.25,0.15,0.15
246,adaptive_mlp_ppo_seed5,0,NOOP,0.148188,-0.039269,0.144574,0,169,412.85789770423975,250.04100799560547,51,0.8404295678232231,2743.162109375,69.92593886504552,1,5,4,0.0,0.0679308182868302,0.1,0.35,0.25,0.15,0.15,272,830.7923402718307,250.72264671325684,56,0.7759410313197544,2780.97265625,67.98554181161052,1,6,5,0.0,0.0679308182868302,0.1,0.3,0.25,0.2,0.15
247,adaptive_mlp_ppo_seed5,3,COMPACT_128KB,0.547625,-0.085241,0.195992,0,272,830.7923402718307,250.72264671325684,56,0.7759410313197544,2780.97265625,67.98554181161052,1,6,5,0.0,0.0679308182868302,0.1,0.3,0.25,0.2,0.15,170,676.5725390174288,105.41558265686035,19,2.21461326197574,2692.9697265625,46.714076039247566,1,0,6,0.0,0.0679308182868302,0.05,0.35,0.25,0.2,0.15
248,adaptive_mlp_ppo_seed5,0,NOOP,0.19725,-0.038355,0.195312,0,170,676.5725390174288,105.41558265686035,19,2.21461326197574,2692.9697265625,46.714076039247566,1,0,6,0.0,0.0679308182868302,0.05,0.35,0.25,0.2,0.15,166,581.3136426862237,124.4044303894043,22,1.9289134632457385,2715.91015625,63.943241319333914,1,1,7,0.0,0.034430818286830214,0.05,0.35,0.25,0.15,0.2
249,adaptive_mlp_ppo_seed5,0,NOOP,0.19675,-0.029646,0.194046,0,166,581.3136426862237,124.4044303894043,22,1.9289134632457385,2715.91015625,63.943241319333914,1,1,7,0.0,0.034430818286830214,0.05,0.35,0.25,0.15,0.2,228,776.2784565368271,167.68980026245117,26,1.6509393545297475,2747.1630859375,72.42167793767896,1,2,8,0.0,0.034430818286830214,0.05,0.35,0.2,0.2,0.2
250,adaptive_mlp_ppo_seed5,0,NOOP,0.196375,0.392496,0.414698,0,228,776.2784565368271,167.68980026245117,26,1.6509393545297475,2747.1630859375,72.42167793767896,1,2,8,0.0,0.034430818286830214,0.05,0.35,0.2,0.2,0.2,197,576.4457315154657,370.084285736084,29,1.4939743568157327,2772.81640625,74.75826880451051,1,3,9,0.75,0.0719308182868302,0.05,0.3,0.25,0.2,0.2
251,adaptive_mlp_ppo_seed5,0,NOOP,0.19625,0.392536,0.41486,0,197,576.4457315154657,370.084285736084,29,1.4939743568157327,2772.81640625,74.75826880451051,1,3,9,0.75,0.0719308182868302,0.05,0.3,0.25,0.2,0.2,31,117.53423607470215,356.9831848144531,30,1.447015380859375,2778.26953125,75.27981021345343,1,4,10,0.75,0.10943081828683021,0.0,0.3,0.3,0.2,0.2
252,adaptive_mlp_ppo_seed5,3,COMPACT_128KB,0.16525,0.337618,0.417886,0,31,117.53423607470215,356.9831848144531,30,1.447015380859375,2778.26953125,75.27981021345343,1,4,10,0.75,0.10943081828683021,0.0,0.3,0.3,0.2,0.2,64,239.24813992206745,265.69175720214844,18,2.385808308919271,2748.451171875,31.73297836072488,1,0,11,0.75,0.14693081828683022,0.0,0.3,0.35,0.2,0.15
253,adaptive_mlp_ppo_seed5,0,NOOP,0.197625,-0.037591,0.1958,0,64,239.24813992206745,265.69175720214844,18,2.385808308919271,2748.451171875,31.73297836072488,1,0,11,0.75,0.14693081828683022,0.0,0.3,0.35,0.2,0.15,33,51.29342774851803,115.01312255859375,19,2.264888562654194,2754.1044921875,45.70501843112062,1,1,12,0.0,0.11343081828683022,0.0,0.3,0.35,0.15,0.2
254,adaptive_mlp_ppo_seed5,0,NOOP,0.1975,0.39273,0.41743,0,33,51.29342774851803,115.01312255859375,19,2.264888562654194,2754.1044921875,45.70501843112062,1,1,12,0.0,0.11343081828683022,0.0,0.3,0.35,0.15,0.2,58,221.7780119718554,278.48243713378906,20,2.1578155517578126,2762.00390625,54.02024160255098,1,2,13,0.75,0.15093081828683022,0.0,0.25,0.4,0.15,0.2
255,adaptive_mlp_ppo_seed5,0,NOOP,0.197375,-0.029074,0.195567,0,58,221.7780119718554,278.48243713378906,20,2.1578155517578126,2762.00390625,54.02024160255098,1,2,13,0.75,0.15093081828683022,0.0,0.25,0.4,0.15,0.2,59,244.35573110040286,116.65153503417969,21,2.061032976422991,2770.0283203125,59.816198474444775,1,3,14,0.0,0.15093081828683022,0.0,0.25,0.4,0.15,0.2
256,adaptive_mlp_ppo_seed5,0,NOOP,0.19725,0.392868,0.417012,0,59,244.35573110040286,116.65153503417969,21,2.061032976422991,2770.0283203125,59.816198474444775,1,3,14,0.0,0.15093081828683022,0.0,0.25,0.4,0.15,0.2,58,251.49502839881154,289.40868377685547,22,1.9729947176846592,2777.9765625,64.0783266533559,1,4,15,0.75,0.18843081828683023,0.0,0.2,0.45,0.15,0.2
257,adaptive_mlp_ppo_seed5,0,NOOP,0.197125,-0.028938,0.19445,0,58,251.49502839881154,289.40868377685547,22,1.9729947176846592,2777.9765625,64.0783266533559,1,4,15,0.75,0.18843081828683023,0.0,0.2,0.45,0.15,0.2,60,246.2269655929507,162.5213623046875,23,1.892738673997962,2786.111328125,67.2769717306007,1,5,16,0.0,0.18843081828683023,0.0,0.2,0.45,0.2,0.15
258,adaptive_mlp_ppo_seed5,0,NOOP,0.197,0.39302,0.416689,0,60,246.2269655929507,162.5213623046875,23,1.892738673997962,2786.111328125,67.2769717306007,1,5,16,0.0,0.18843081828683023,0.0,0.2,0.45,0.2,0.15,76,253.16275963178012,295.57108879089355,24,1.8199704488118489,2795.474609375,69.64151628995896,1,6,17,0.75,0.2259308182868302,0.0,0.15,0.5,0.2,0.15
259,adaptive_mlp_ppo_seed5,0,NOOP,0.196875,0.393063,0.416409,0,76,253.16275963178012,295.57108879089355,24,1.8199704488118489,2795.474609375,69.64151628995896,1,6,17,0.75,0.2259308182868302,0.0,0.15,0.5,0.2,0.15,40,177.87341326596064,304.5508861541748,25,1.7510888671875,2801.7421875,71.64994324535262,1,7,18,0.75,0.26343081828683024,0.0,0.15,0.5,0.2,0.15
260,adaptive_mlp_ppo_seed5,2,COMPACT_64KB,0.555091,-0.119173,0.192591,0,40,177.87341326596064,304.5508861541748,25,1.7510888671875,2801.7421875,71.64994324535262,1,7,18,0.75,0.26343081828683024,0.0,0.15,0.5,0.2,0.15,66,286.5563782753663,210.4358673095703,32,1.3836784362792969,2833.7734375,14.18383023872157,1,0,19,0.0,0.26343081828683024,0.0,0.15,0.45,0.2,0.2
261,adaptive_mlp_ppo_seed5,0,NOOP,0.195875,0.352663,0.413755,0,66,286.5563782753663,210.4358673095703,32,1.3836784362792969,2833.7734375,14.18383023872157,1,0,19,0.0,0.26343081828683024,0.0,0.15,0.45,0.2,0.2,73,299.94532915360503,397.2311019897461,33,1.3460489908854167,2842.85546875,19.654227617696428,1,1,20,0.75,0.3009308182868302,0.0,0.15,0.5,0.15,0.2
262,adaptive_mlp_ppo_seed5,0,NOOP,0.19575,-0.069303,0.193022,0,73,299.94532915360503,397.2311019897461,33,1.3460489908854167,2842.85546875,19.654227617696428,1,1,20,0.75,0.3009308182868302,0.0,0.15,0.5,0.15,0.2,37,146.53365172618592,178.9093017578125,34,1.3092485315659468,2848.9248046875,23.731509297053588,1,2,21,0.0,0.3006467465925454,0.0,0.2,0.45,0.15,0.2
263,adaptive_mlp_ppo_seed5,0,NOOP,0.195625,0.35245,0.413142,0,37,146.53365172618592,178.9093017578125,34,1.3092485315659468,2848.9248046875,23.731509297053588,1,2,21,0.0,0.3006467465925454,0.0,0.2,0.45,0.15,0.2,58,195.28247809320143,417.9244041442871,35,1.2753404889787947,2856.7626953125,26.673005263867402,1,3,22,0.75,0.3375,0.0,0.2,0.45,0.15,0.2
264,adaptive_mlp_ppo_seed5,0,NOOP,0.1955,0.448207,0.467044,0,58,195.28247809320143,417.9244041442871,35,1.2753404889787947,2856.7626953125,26.673005263867402,1,3,22,0.75,0.3375,0.0,0.2,0.45,0.15,0.2,54,212.72326453328927,267.79723167419434,36,1.2432009379069011,2864.3349609375,29.04198468254353,1,4,23,0.92,0.3835,0.05,0.15,0.45,0.15,0.2
265,adaptive_mlp_ppo_seed5,0,NOOP,0.195375,-0.069334,0.192864,0,54,212.72326453328927,267.79723167419434,36,1.2432009379069011,2864.3349609375,29.04198468254353,1,4,23,0.92,0.3835,0.05,0.15,0.45,0.15,0.2,77,362.3686346494983,171.81110382080078,37,1.2135793325063344,2873.755859375,30.87046783460374,1,5,24,0.0,0.3835,0.05,0.1,0.45,0.15,0.25
266,adaptive_mlp_ppo_seed5,0,NOOP,0.19525,0.448147,0.466678,0,77,362.3686346494983,171.81110382080078,37,1.2135793325063344,2873.755859375,30.87046783460374,1,5,24,0.0,0.3835,0.05,0.1,0.45,0.15,0.25,35,135.4958174617166,276.1054039001465,38,1.1840410734477795,2879.587890625,32.604196868184836,1,6,25,0.92,0.4295,0.1,0.1,0.45,0.1,0.25
267,adaptive_mlp_ppo_seed5,0,NOOP,0.195125,-0.06939,0.191573,0,35,135.4958174617166,276.1054039001465,38,1.1840410734477795,2879.587890625,32.604196868184836,1,6,25,0.92,0.4295,0.1,0.1,0.45,0.1,0.25,71,283.75969447260695,226.36723518371582,39,1.1573431552984776,2888.728515625,33.89574052255303,1,7,26,0.0,0.4295,0.1,0.05,0.45,0.15,0.25
268,adaptive_mlp_ppo_seed5,0,NOOP,0.195,0.448094,0.466626,0,71,283.75969447260695,226.36723518371582,39,1.1573431552984776,2888.728515625,33.89574052255303,1,7,26,0.0,0.4295,0.1,0.05,0.45,0.15,0.25,30,121.6400789607497,268.6903476715088,40,1.130521011352539,2894.1337890625,35.175740122183356,1,8,27,0.92,0.4755,0.15,0.05,0.45,0.15,0.2
269,adaptive_mlp_ppo_seed5,0,NOOP,0.194875,0.448056,0.464636,0,30,121.6400789607497,268.6903476715088,40,1.130521011352539,2894.1337890625,35.175740122183356,1,8,27,0.92,0.4755,0.15,0.05,0.45,0.15,0.2,72,282.74274136692907,363.21496963500977,41,1.1064144227562882,2903.2314453125,36.11082417720939,1,9,28,0.92,0.5215,0.2,0.05,0.45,0.1,0.2
270,adaptive_mlp_ppo_seed5,1,COMPACT_32KB,0.563557,0.463125,0.467164,0,72,282.74274136692907,363.21496963500977,41,1.1064144227562882,2903.2314453125,36.11082417720939,1,9,28,0.92,0.5215,0.2,0.05,0.45,0.1,0.2,37,153.59782097685877,256.8180561065674,37,1.223027822133657,2896.1298828125,23.94883420431921,1,0,29,0.92,0.53,0.25,0.05,0.4,0.1,0.2
271,adaptive_mlp_ppo_seed5,0,NOOP,0.19525,0.4125,0.41231,0,37,153.59782097685877,256.8180561065674,37,1.223027822133657,2896.1298828125,23.94883420431921,1,0,29,0.92,0.53,0.25,0.05,0.4,0.1,0.2,66,213.01532376591896,444.5066452026367,38,1.1943720767372532,2904.712890625,26.188853074479155,1,1,30,0.75,0.53,0.25,0.05,0.4,0.1,0.2
272,adaptive_mlp_ppo_seed5,0,NOOP,0.195125,0.4125,0.412214,0,66,213.01532376591896,444.5066452026367,38,1.1943720767372532,2904.712890625,26.188853074479155,1,1,30,0.75,0.53,0.25,0.05,0.4,0.1,0.2,36,151.96478324668033,444.303035736084,39,1.1661103077423878,2910.611328125,28.20282117443173,1,2,31,0.75,0.53,0.25,0.05,0.4,0.1,0.2
273,adaptive_mlp_ppo_seed5,0,NOOP,0.195,0.0,0.192144,0,36,151.96478324668033,444.303035736084,39,1.1661103077423878,2910.611328125,28.20282117443173,1,2,31,0.75,0.53,0.25,0.05,0.4,0.1,0.2,43,192.10579954667077,192.7788257598877,40,1.1395183563232423,2917.1669921875,29.847290667239022,1,3,32,0.0,0.53,0.25,0.05,0.4,0.1,0.2
274,adaptive_mlp_ppo_seed5,0,NOOP,0.194875,-0.009375,0.190448,0,43,192.10579954667077,192.7788257598877,40,1.1395183563232423,2917.1669921875,29.847290667239022,1,3,32,0.0,0.53,0.25,0.05,0.4,0.1,0.2,49,217.50130275854625,272.62139320373535,41,1.1144290086699695,2924.26171875,31.21379208264999,1,4,33,0.0,0.4925,0.25,0.1,0.35,0.1,0.2
275,adaptive_mlp_ppo_seed5,0,NOOP,0.19475,0.0,0.191057,0,49,217.50130275854625,272.62139320373535,41,1.1144290086699695,2924.26171875,31.21379208264999,1,4,33,0.0,0.4925,0.25,0.1,0.35,0.1,0.2,64,267.6146817710083,237.15567588806152,42,1.0910164969308036,2932.65234375,32.32392277743586,1,5,34,0.0,0.4925,0.25,0.1,0.35,0.15,0.15
276,adaptive_mlp_ppo_seed5,0,NOOP,0.194625,-0.009375,0.191851,0,64,267.6146817710083,237.15567588806152,42,1.0910164969308036,2932.65234375,32.32392277743586,1,5,34,0.0,0.4925,0.25,0.1,0.35,0.15,0.15,36,182.18194190735196,192.45386123657227,43,1.067785573560138,2938.5458984375,33.39177976550081,1,6,35,0.0,0.45499999999999996,0.25,0.1,0.3,0.15,0.2
277,adaptive_mlp_ppo_seed5,0,NOOP,0.1945,0.0,0.191808,0,36,182.18194190735196,192.45386123657227,43,1.067785573560138,2938.5458984375,33.39177976550081,1,6,35,0.0,0.45499999999999996,0.25,0.1,0.3,0.15,0.2,35,149.43381322279893,189.58735466003418,44,1.0455786965110085,2944.349609375,34.3213796782344,1,7,36,0.0,0.45499999999999996,0.25,0.1,0.3,0.1,0.25
278,adaptive_mlp_ppo_seed5,0,NOOP,0.194375,0.4125,0.410282,0,35,149.43381322279893,189.58735466003418,44,1.0455786965110085,2944.349609375,34.3213796782344,1,7,36,0.0,0.45499999999999996,0.25,0.1,0.3,0.1,0.25,75,325.55911799588927,510.9076499938965,45,1.0256032307942708,2953.7373046875,34.996179438054504,1,8,37,0.75,0.45499999999999996,0.25,0.1,0.3,0.1,0.25
279,adaptive_mlp_ppo_seed5,1,COMPACT_32KB,0.180932,-0.054375,0.191803,0,75,325.55911799588927,510.9076499938965,45,1.0256032307942708,2953.7373046875,34.996179438054504,1,8,37,0.75,0.45499999999999996,0.25,0.1,0.3,0.1,0.25,72,277.7332237078075,219.832181930542,38,1.20885547838713,2939.9365234375,23.917123426743032,1,0,38,0.0,0.4175,0.25,0.1,0.25,0.15,0.25
280,adaptive_mlp_ppo_seed5,0,NOOP,0.195125,0.5175,0.466567,0,72,277.7332237078075,219.832181930542,38,1.20885547838713,2939.9365234375,23.917123426743032,1,0,38,0.0,0.4175,0.25,0.1,0.25,0.15,0.25,80,339.0531813740399,276.6261100769043,39,1.1817740415915465,2949.7080078125,25.964058374344894,1,1,39,0.92,0.46349999999999997,0.3,0.1,0.25,0.15,0.2
281,adaptive_mlp_ppo_seed5,0,NOOP,0.195,-0.009375,0.189956,0,80,339.0531813740399,276.6261100769043,39,1.1817740415915465,2949.7080078125,25.964058374344894,1,1,39,0.92,0.46349999999999997,0.3,0.1,0.25,0.15,0.2,45,196.25739434239873,302.20532417297363,40,1.1548484802246093,2956.412109375,27.85010889473091,1,2,40,0.0,0.426,0.3,0.1,0.2,0.15,0.25
282,adaptive_mlp_ppo_seed5,0,NOOP,0.194875,0.0,0.192001,0,45,196.25739434239873,302.20532417297363,40,1.1548484802246093,2956.412109375,27.85010889473091,1,2,40,0.0,0.426,0.3,0.1,0.2,0.15,0.25,61,211.7821591549657,194.9324607849121,41,1.1297972144150152,2964.587890625,29.353513613002793,1,3,41,0.0,0.426,0.3,0.05,0.2,0.15,0.3
283,adaptive_mlp_ppo_seed5,0,NOOP,0.19475,0.4125,0.411178,0,61,211.7821591549657,194.9324607849121,41,1.1297972144150152,2964.587890625,29.353513613002793,1,3,41,0.0,0.426,0.3,0.05,0.2,0.15,0.3,53,260.3461379904808,481.1060428619385,42,1.1056707473028273,2972.04296875,30.671663078217485,1,4,42,0.75,0.426,0.3,0.05,0.2,0.15,0.3
284,adaptive_mlp_ppo_seed5,0,NOOP,0.194625,0.410375,0.41103,0,53,260.3461379904808,481.1060428619385,42,1.1056707473028273,2972.04296875,30.671663078217485,1,4,42,0.75,0.426,0.3,0.05,0.2,0.15,0.3,56,238.65123622996092,483.5166931152344,43,1.0827799952307413,2979.810546875,31.790576973083784,1,5,43,0.75,0.4175,0.25,0.05,0.25,0.15,0.3
285,adaptive_mlp_ppo_seed5,0,NOOP,0.1945,0.421875,0.410676,0,56,238.65123622996092,483.5166931152344,43,1.0827799952307413,2979.810546875,31.790576973083784,1,5,43,0.75,0.4175,0.25,0.05,0.25,0.15,0.3,45,193.93752074301878,496.2127208709717,44,1.060582247647372,2986.599609375,32.80154087215266,1,6,44,0.75,0.45499999999999996,0.25,0.05,0.3,0.15,0.25
286,adaptive_mlp_ppo_seed5,3,COMPACT_128KB,-0.129,0.355375,0.414586,0,45,193.93752074301878,496.2127208709717,44,1.060582247647372,2986.599609375,32.80154087215266,1,6,44,0.75,0.45499999999999996,0.25,0.05,0.3,0.15,0.25,34,148.0773498447126,360.7141971588135,32,1.4423880577087402,2954.0107421875,10.13904265444279,1,0,45,0.75,0.4465,0.2,0.05,0.35,0.15,0.25
287,adaptive_mlp_ppo_seed5,0,NOOP,0.195875,0.5175,0.467614,0,34,148.0773498447126,360.7141971588135,32,1.4423880577087402,2954.0107421875,10.13904265444279,1,0,45,0.75,0.4465,0.2,0.05,0.35,0.15,0.25,34,150.24604699774113,254.32229042053223,33,1.401394005977746,2959.744140625,18.075927739371153,1,1,46,0.92,0.4925,0.25,0.05,0.35,0.1,0.25
288,adaptive_mlp_ppo_seed5,0,NOOP,0.19575,-0.0115,0.192442,0,34,150.24604699774113,254.32229042053223,33,1.401394005977746,2959.744140625,18.075927739371153,1,1,46,0.92,0.4925,0.25,0.05,0.35,0.1,0.25,31,139.13287042535956,207.92078971862793,34,1.3627000696518843,2965.2353515625,22.92044767440713,1,2,47,0.0,0.4465,0.2,0.05,0.35,0.15,0.25
289,adaptive_mlp_ppo_seed5,0,NOOP,0.195625,0.506,0.465836,0,31,139.13287042535956,207.92078971862793,34,1.3627000696518843,2965.2353515625,22.92044767440713,1,2,47,0.0,0.4465,0.2,0.05,0.35,0.15,0.25,77,329.98210731523903,333.21261405944824,35,1.328037370954241,2974.8037109375,26.117866794533413,1,3,48,0.92,0.4465,0.2,0.05,0.35,0.15,0.25
290,adaptive_mlp_ppo_seed5,0,NOOP,0.1955,-0.0115,0.193031,0,77,329.98210731523903,333.21261405944824,35,1.328037370954241,2974.8037109375,26.117866794533413,1,3,48,0.92,0.4465,0.2,0.05,0.35,0.15,0.25,58,247.40626474656253,168.46776008605957,36,1.2945709228515625,2982.69140625,28.771589305297205,1,4,49,0.0,0.40049999999999997,0.15,0.1,0.35,0.15,0.25
291,adaptive_mlp_ppo_seed5,0,NOOP,0.195375,0.508125,0.467084,0,58,247.40626474656253,168.46776008605957,36,1.2945709228515625,2982.69140625,28.771589305297205,1,4,49,0.0,0.40049999999999997,0.15,0.1,0.35,0.15,0.25,77,335.32727180225163,260.8010768890381,37,1.263633109427787,2992.283203125,30.819920910350874,1,5,50,0.92,0.409,0.2,0.1,0.3,0.15,0.25
292,adaptive_mlp_ppo_seed5,0,NOOP,0.19525,0.508125,0.466936,0,77,335.32727180225163,260.8010768890381,37,1.263633109427787,2992.283203125,30.819920910350874,1,5,50,0.92,0.409,0.2,0.1,0.3,0.15,0.25,72,309.0792384933213,263.2019519805908,38,1.234181052760074,3001.5283203125,32.545478713266384,1,6,51,0.92,0.4175,0.25,0.1,0.25,0.15,0.25
293,adaptive_mlp_ppo_seed5,3,COMPACT_128KB,0.1635,-0.055,0.193649,0,72,309.0792384933213,263.2019519805908,38,1.234181052760074,3001.5283203125,32.545478713266384,1,6,51,0.92,0.4175,0.25,0.1,0.25,0.15,0.25,56,289.5497550524289,157.55343437194824,32,1.459381103515625,2988.8125,10.843450235902937,1,0,52,0.0,0.4175,0.25,0.1,0.25,0.15,0.25
294,adaptive_mlp_ppo_seed5,0,NOOP,0.195875,0.421875,0.413993,0,56,289.5497550524289,157.55343437194824,32,1.459381103515625,2988.8125,10.843450235902937,1,0,52,0.0,0.4175,0.25,0.1,0.25,0.15,0.25,32,142.45005938172955,385.36739349365234,33,1.417804140033144,2994.40234375,18.64305132650725,1,1,53,0.75,0.45499999999999996,0.25,0.05,0.3,0.15,0.25
295,adaptive_mlp_ppo_seed5,0,NOOP,0.19575,0.0,0.192933,0,32,142.45005938172955,385.36739349365234,33,1.417804140033144,2994.40234375,18.64305132650725,1,1,53,0.75,0.45499999999999996,0.25,0.05,0.3,0.15,0.25,65,276.13222109233516,183.33101272583008,34,1.3800362979664522,3002.958984375,23.1447334652819,1,2,54,0.0,0.45499999999999996,0.25,0.1,0.3,0.1,0.25
296,adaptive_mlp_ppo_seed5,0,NOOP,0.195625,0.5175,0.46729,0,65,276.13222109233516,183.33101272583008,34,1.3800362979664522,3002.958984375,23.1447334652819,1,2,54,0.0,0.45499999999999996,0.25,0.1,0.3,0.1,0.25,80,402.11676024183737,260.4854106903076,35,1.3449384416852679,3012.662109375,26.39171862196032,1,3,55,0.92,0.501,0.3,0.1,0.3,0.1,0.2
297,adaptive_mlp_ppo_seed5,0,NOOP,0.1955,0.0,0.191547,0,80,402.11676024183737,260.4854106903076,35,1.3449384416852679,3012.662109375,26.39171862196032,1,3,55,0.92,0.501,0.3,0.1,0.3,0.1,0.2,71,250.06871869371167,242.62762069702148,36,1.3115480211046007,3021.806640625,29.000410877829022,1,4,56,0.0,0.501,0.3,0.1,0.3,0.15,0.15
298,adaptive_mlp_ppo_seed5,0,NOOP,0.195375,-0.009375,0.191309,0,71,250.06871869371167,242.62762069702148,36,1.3115480211046007,3021.806640625,29.000410877829022,1,4,56,0.0,0.501,0.3,0.1,0.3,0.15,0.15,31,130.672868154729,249.5720386505127,37,1.278419288429054,3027.296875,31.36865214454976,1,5,57,0.0,0.46349999999999997,0.3,0.1,0.25,0.2,0.15
299,adaptive_mlp_ppo_seed5,3,COMPACT_128KB,0.1635,-0.055,0.192548,0,31,130.672868154729,249.5720386505127,37,1.278419288429054,3027.296875,31.36865214454976,1,5,57,0.0,0.46349999999999997,0.3,0.1,0.25,0.2,0.15,63,277.23749110816874,212.59284019470215,32,1.4737296104431152,3018.1982421875,11.044507755295228,1,0,58,0.0,0.46349999999999997,0.3,0.1,0.25,0.2,0.15
300,adaptive_mlp_ppo_seed5,0,NOOP,0.195875,-0.0115,0.193486,0,63,277.23749110816874,212.59284019470215,32,1.4737296104431152,3018.1982421875,11.044507755295228,1,0,58,0.0,0.46349999999999997,0.3,0.1,0.25,0.2,0.15,57,245.51544360110046,160.71200370788574,33,1.432757753314394,3025.984375,18.57618976930682,1,1,59,0.0,0.4175,0.25,0.15,0.25,0.2,0.15
301,adaptive_mlp_ppo_seed5,0,NOOP,0.19575,0.0,0.192163,0,57,245.51544360110046,160.71200370788574,33,1.432757753314394,3025.984375,18.57618976930682,1,1,59,0.0,0.4175,0.25,0.15,0.25,0.2,0.15,65,280.2575291714596,221.8647003173828,34,1.394535737879136,3034.509765625,23.196377291355716,1,2,60,0.0,0.4175,0.25,0.15,0.25,0.25,0.1
302,adaptive_mlp_ppo_seed5,0,NOOP,0.195625,0.0,0.191963,0,65,280.2575291714596,221.8647003173828,34,1.394535737879136,3034.509765625,23.196377291355716,1,2,60,0.0,0.4175,0.25,0.15,0.25,0.25,0.1,63,268.97018580685614,226.86266899108887,35,1.358404541015625,3042.826171875,26.634517188858702,1,3,61,0.0,0.4175,0.25,0.15,0.25,0.3,0.05
303,adaptive_mlp_ppo_seed5,0,NOOP,0.1955,-0.009375,0.191408,0,63,268.97018580685614,226.86266899108887,35,1.358404541015625,3042.826171875,26.634517188858702,1,3,61,0.0,0.4175,0.25,0.15,0.25,0.3,0.05,56,241.618060377506,249.62306022644043,36,1.3240106370713975,3050.5205078125,29.386403302126833,1,4,62,0.0,0.38,0.25,0.15,0.2,0.35,0.05
304,adaptive_mlp_ppo_seed5,0,NOOP,0.195375,-0.009375,0.192833,0,56,241.618060377506,249.62306022644043,36,1.3240106370713975,3050.5205078125,29.386403302126833,1,4,62,0.0,0.38,0.25,0.15,0.2,0.35,0.05,57,238.26522623081522,173.37274551391602,37,1.2915237014358107,3058.328125,31.61520254909417,1,5,63,0.0,0.34249999999999997,0.25,0.15,0.15,0.35,0.1
305,adaptive_mlp_ppo_seed5,0,NOOP,0.19525,-0.009375,0.192678,0,57,238.26522623081522,173.37274551391602,37,1.2915237014358107,3058.328125,31.61520254909417,1,5,63,0.0,0.34249999999999997,0.25,0.15,0.15,0.35,0.1,30,133.70941827548393,176.1150360107422,38,1.259754783228824,3063.7236328125,33.60947632548289,1,6,64,0.0,0.305,0.25,0.15,0.1,0.35,0.15
306,adaptive_mlp_ppo_seed5,3,COMPACT_128KB,-0.129,-0.064375,0.192598,0,30,133.70941827548393,176.1150360107422,38,1.259754783228824,3063.7236328125,33.60947632548289,1,6,64,0.0,0.305,0.25,0.15,0.1,0.35,0.15,38,162.27761091302284,210.10208129882812,32,1.4895005226135254,3050.4970703125,11.222329543019947,1,0,65,0.0,0.26749999999999996,0.25,0.15,0.05,0.4,0.15
307,adaptive_mlp_ppo_seed5,0,NOOP,0.195875,-0.0115,0.192513,0,38,162.27761091302284,210.10208129882812,32,1.4895005226135254,3050.4970703125,11.222329543019947,1,0,65,0.0,0.26749999999999996,0.25,0.15,0.05,0.4,0.15,72,300.6858136263027,209.33222770690918,33,1.4486782189571497,3059.6083984375,18.63483736728732,1,1,66,0.0,0.22149999999999997,0.2,0.15,0.05,0.45,0.15
308,adaptive_mlp_ppo_seed5,7,REMOVE_PARTITION,0.132114,-0.035,0.192358,0,72,300.6858136263027,209.33222770690918,33,1.4486782189571497,3059.6083984375,18.63483736728732,1,1,66,0.0,0.22149999999999997,0.2,0.15,0.05,0.45,0.15,57,251.53062130582168,212.12029457092285,34,1.4096832275390625,3067.470703125,23.42008455711224,0,2,0,0.0,0.22149999999999997,0.2,0.15,0.05,0.45,0.15
309,adaptive_mlp_ppo_seed5,0,NOOP,0.195625,-0.061352,0.192171,0,57,251.53062130582168,212.12029457092285,34,1.4096832275390625,3067.470703125,23.42008455711224,0,2,0,0.0,0.22149999999999997,0.2,0.15,0.05,0.45,0.15,51,213.55478949464938,216.4463996887207,35,1.3726802280970982,3074.8037109375,26.9936966420525,0,3,1,0.0,0.1755,0.15,0.15,0.05,0.5,0.15
310,adaptive_mlp_ppo_seed5,0,NOOP,0.1955,-0.049682,0.192383,0,51,213.55478949464938,216.4463996887207,35,1.3726802280970982,3074.8037109375,26.9936966420525,0,3,1,0.0,0.1755,0.15,0.15,0.05,0.5,0.15,59,275.4054737441906,200.8340358734131,36,1.3380186292860243,3082.794921875,29.74892177874387,0,4,2,0.0,0.1755,0.15,0.15,0.05,0.5,0.15
311,adaptive_mlp_ppo_seed5,0,NOOP,0.195375,-0.060981,0.190996,0,59,275.4054737441906,200.8340358734131,36,1.3380186292860243,3082.794921875,29.74892177874387,0,4,2,0.0,0.1755,0.15,0.15,0.05,0.5,0.15,70,207.97386454273575,265.22040367126465,37,1.3056401433171452,3091.755859375,31.926432265563186,0,5,3,0.0,0.1295,0.1,0.15,0.05,0.55,0.15
312,adaptive_mlp_ppo_seed5,3,COMPACT_128KB,-0.129,-0.080591,0.191774,0,70,207.97386454273575,265.22040367126465,37,1.3056401433171452,3091.755859375,31.926432265563186,0,5,3,0.0,0.1295,0.1,0.15,0.05,0.55,0.15,48,198.4439945353791,251.30534172058105,32,1.5042943954467773,3080.794921875,11.928695890377782,0,0,4,0.0,0.08349999999999999,0.1,0.15,0.05,0.55,0.15
313,adaptive_mlp_ppo_seed5,0,NOOP,0.195875,-0.014163,0.192121,0,48,198.4439945353791,251.30534172058105,32,1.5042943954467773,3080.794921875,11.928695890377782,0,0,4,0.0,0.08349999999999999,0.1,0.15,0.05,0.55,0.15,70,293.35017225255183,228.93762588500977,33,1.4629285407788826,3089.705078125,19.21295542645841,0,1,5,0.0,0.08349999999999999,0.1,0.15,0.05,0.6,0.1
314,adaptive_mlp_ppo_seed5,0,NOOP,0.19575,-0.023618,0.192188,0,70,293.35017225255183,228.93762588500977,33,1.4629285407788826,3089.705078125,19.21295542645841,0,1,5,0.0,0.08349999999999999,0.1,0.15,0.05,0.6,0.1,78,375.4898981609752,220.62206268310547,34,1.424368465647978,3099.42578125,23.770158572814875,0,2,6,0.0,0.046,0.1,0.15,0.0,0.65,0.1
315,adaptive_mlp_ppo_seed5,0,NOOP,0.195625,-0.014285,0.192195,0,78,375.4898981609752,220.62206268310547,34,1.424368465647978,3099.42578125,23.770158572814875,0,2,6,0.0,0.046,0.1,0.15,0.0,0.65,0.1,41,156.24252842442291,215.2700424194336,35,1.3864994594029019,3105.7587890625,27.458864984410443,0,3,7,0.0,0.046,0.1,0.1,0.0,0.7,0.1
316,adaptive_mlp_ppo_seed5,0,NOOP,0.1955,-0.025832,0.192303,0,41,156.24252842442291,215.2700424194336,35,1.3864994594029019,3105.7587890625,27.458864984410443,0,3,7,0.0,0.046,0.1,0.1,0.0,0.7,0.1,46,191.3457956345251,204.84018325805664,36,1.3509305318196614,3112.5439453125,30.31502051985465,0,4,8,0.0,0.0,0.05,0.15,0.0,0.7,0.1
317,adaptive_mlp_ppo_seed5,0,NOOP,0.195375,-0.014401,0.191241,0,46,191.3457956345251,204.84018325805664,36,1.3509305318196614,3112.5439453125,30.31502051985465,0,4,8,0.0,0.0,0.05,0.15,0.0,0.7,0.1,68,251.0931327494709,252.9456615447998,37,1.3181271939664274,3121.3251953125,32.50463917636202,0,5,9,0.0,0.0,0.05,0.15,0.0,0.7,0.1
318,adaptive_mlp_ppo_seed5,0,NOOP,0.19525,-0.01446,0.189888,0,68,251.0931327494709,252.9456615447998,37,1.3181271939664274,3121.3251953125,32.50463917636202,0,5,9,0.0,0.0,0.05,0.15,0.0,0.7,0.1,58,207.29997656612827,315.6144618988037,38,1.286662453099301,3129.1630859375,34.38156914472264,0,6,10,0.0,0.0,0.05,0.15,0.0,0.7,0.1
319,adaptive_mlp_ppo_seed5,1,COMPACT_32KB,0.179807,-0.045,0.190586,0,58,207.29997656612827,315.6144618988037,38,1.286662453099301,3129.1630859375,34.38156914472264,0,6,10,0.0,0.0,0.05,0.15,0.0,0.7,0.1,56,219.38764885052694,235.7172966003418,47,1.051078958714262,3161.6455078125,31.770284396525835,0,0,11,0.0,0.0,0.05,0.15,0.0,0.7,0.1
320,adaptive_mlp_ppo_seed5,0,NOOP,0.194,0.0,0.190033,0,56,219.38764885052694,235.7172966003418,47,1.051078958714262,3161.6455078125,31.770284396525835,0,0,11,0.0,0.0,0.05,0.15,0.0,0.7,0.1,51,238.78065862134017,258.35466384887695,48,1.0315338770548503,3168.8720703125,32.60339986608312,0,1,12,0.0,0.0,0.05,0.1,0.0,0.75,0.1
321,adaptive_mlp_ppo_seed5,0,NOOP,0.193875,0.0,0.188841,0,51,238.78065862134017,258.35466384887695,48,1.0315338770548503,3168.8720703125,32.60339986608312,0,1,12,0.0,0.0,0.05,0.1,0.0,0.75,0.1,62,253.400161757111,312.9274845123291,49,1.013105431381537,3177.0986328125,33.30160411821595,0,2,13,0.0,0.0,0.05,0.1,0.0,0.75,0.1
322,adaptive_mlp_ppo_seed5,0,NOOP,0.192813,0.0,0.187836,0,62,253.400161757111,312.9274845123291,49,1.013105431381537,3177.0986328125,33.30160411821595,0,2,13,0.0,0.0,0.05,0.1,0.0,0.75,0.1,58,228.68931597095573,311.3255500793457,50,0.9953131103515624,3185.001953125,33.929295689222386,0,3,14,0.0,0.0,0.1,0.1,0.0,0.7,0.1
323,adaptive_mlp_ppo_seed5,0,NOOP,0.189347,0.0,0.185495,0,58,228.68931597095573,311.3255500793457,50,0.9953131103515624,3185.001953125,33.929295689222386,0,3,14,0.0,0.0,0.1,0.1,0.0,0.7,0.1,73,292.4875834425522,256.35647773742676,51,0.9786119648054534,3194.189453125,34.4447407042277,0,4,15,0.0,0.0,0.1,0.15,0.0,0.65,0.1
324,adaptive_mlp_ppo_seed5,1,COMPACT_32KB,0.180057,-0.045,0.190479,0,73,292.4875834425522,256.35647773742676,51,0.9786119648054534,3194.189453125,34.4447407042277,0,4,15,0.0,0.0,0.1,0.15,0.0,0.65,0.1,65,271.2995781682411,251.03521347045898,45,1.1050286187065972,3182.482421875,28.42446594382854,0,0,16,0.0,0.0,0.1,0.15,0.0,0.7,0.05
325,adaptive_mlp_ppo_seed5,0,NOOP,0.19425,0.0,0.191397,0,65,271.2995781682411,251.03521347045898,45,1.1050286187065972,3182.482421875,28.42446594382854,0,0,16,0.0,0.0,0.1,0.15,0.0,0.7,0.05,45,195.00791939471648,200.14619827270508,46,1.0832725193189539,3189.154296875,29.650941908356163,0,1,17,0.0,0.0,0.1,0.15,0.0,0.7,0.05
326,adaptive_mlp_ppo_seed5,0,NOOP,0.194125,0.0,0.190271,0,45,195.00791939471648,200.14619827270508,46,1.0832725193189539,3189.154296875,29.650941908356163,0,1,17,0.0,0.0,0.1,0.15,0.0,0.7,0.05,45,190.29458083379544,251.4662742614746,47,1.0624587688040226,3195.8759765625,30.715864502930675,0,2,18,0.0,0.0,0.1,0.15,0.0,0.7,0.05
327,adaptive_mlp_ppo_seed5,0,NOOP,0.194,0.0,0.190176,0,45,190.29458083379544,251.4662742614746,47,1.0624587688040226,3195.8759765625,30.715864502930675,0,2,18,0.0,0.0,0.1,0.15,0.0,0.7,0.05,41,190.1385783485013,251.22499465942383,48,1.0423997243245442,3202.251953125,31.662262286088342,0,3,19,0.0,0.0,0.1,0.15,0.0,0.7,0.05
328,adaptive_mlp_ppo_seed5,0,NOOP,0.193875,0.0,0.18937,0,41,190.1385783485013,251.22499465942383,48,1.0423997243245442,3202.251953125,31.662262286088342,0,3,19,0.0,0.0,0.1,0.15,0.0,0.7,0.05,58,242.03597463727382,286.5023612976074,49,1.0236367984693877,3210.125,32.438723448836825,0,4,20,0.0,0.0,0.1,0.15,0.0,0.7,0.05
329,adaptive_mlp_ppo_seed5,7,REMOVE_PARTITION,0.130114,-0.035,0.189411,0,58,242.03597463727382,286.5023612976074,49,1.0236367984693877,3210.125,32.438723448836825,0,4,20,0.0,0.0,0.1,0.15,0.0,0.7,0.05,63,258.9655066975574,279.45613861083984,50,1.0057736206054688,3218.4755859375,33.1080977527415,0,5,21,0.0,0.0,0.1,0.15,0.0,0.7,0.05
330,adaptive_mlp_ppo_seed5,7,REMOVE_PARTITION,0.127661,-0.035,0.18573,0,63,258.9655066975574,279.45613861083984,50,1.0057736206054688,3218.4755859375,33.1080977527415,0,5,21,0.0,0.0,0.1,0.15,0.0,0.7,0.05,54,195.47738729898168,342.0982360839844,51,0.9883614334405637,3226.01171875,33.7276917922896,0,6,22,0.0,0.0,0.15,0.1,0.0,0.7,0.05
331,adaptive_mlp_ppo_seed5,0,NOOP,0.187823,0.0,0.183692,0,54,195.47738729898168,342.0982360839844,51,0.9883614334405637,3226.01171875,33.7276917922896,0,6,22,0.0,0.0,0.15,0.1,0.0,0.7,0.05,54,224.99149771871842,271.54541015625,52,0.9716163048377404,3233.5390625,34.27790782892975,0,7,23,0.0,0.0,0.15,0.1,0.0,0.7,0.05
332,adaptive_mlp_ppo_seed5,6,PARTITION_EVENT_TYPE,0.002611,-0.1,0.181508,0,54,224.99149771871842,271.54541015625,52,0.9716163048377404,3233.5390625,34.27790782892975,0,7,23,0.0,0.0,0.15,0.1,0.0,0.7,0.05,45,212.72046749353365,212.31913566589355,53,0.9552695796174823,3240.2744140625,34.79063889895239,3,8,0,0.0,0.0,0.1,0.1,0.0,0.7,0.1
333,adaptive_mlp_ppo_seed5,3,COMPACT_128KB,0.16475,-0.094094,0.194493,0,45,212.72046749353365,212.31913566589355,53,0.9552695796174823,3240.2744140625,34.79063889895239,3,8,0,0.0,0.0,0.1,0.1,0.0,0.7,0.1,72,190.56115703522343,165.33637046813965,22,2.230661565607244,3140.771484375,60.45945841096452,3,0,1,0.0,0.0,0.1,0.15,0.0,0.65,0.1
334,adaptive_mlp_ppo_seed5,0,NOOP,0.196875,-0.039076,0.193221,0,72,190.56115703522343,165.33637046813965,22,2.230661565607244,3140.771484375,60.45945841096452,3,0,1,0.0,0.0,0.1,0.15,0.0,0.65,0.1,55,218.26359282366278,213.96875381469727,25,1.97106201171875,3153.69921875,72.85019540609991,3,1,2,0.0,0.0,0.15,0.15,0.0,0.6,0.1
335,adaptive_mlp_ppo_seed5,0,NOOP,0.1965,0.337805,0.395511,0,55,218.26359282366278,213.96875381469727,25,1.97106201171875,3153.69921875,72.85019540609991,3,1,2,0.0,0.0,0.15,0.15,0.0,0.6,0.1,36,138.2262904222451,134.4311237335205,28,1.7661138262067522,3164.8759765625,78.76774659254473,3,2,3,0.67,0.0335,0.15,0.15,0.0,0.6,0.1
336,adaptive_mlp_ppo_seed5,0,NOOP,0.196125,0.337803,0.395315,0,36,138.2262904222451,134.4311237335205,28,1.7661138262067522,3164.8759765625,78.76774659254473,3,2,3,0.67,0.0335,0.15,0.15,0.0,0.6,0.1,79,261.4471523289587,129.23049926757812,31,1.6028043685420867,3179.9638671875,81.47296936310639,3,3,4,0.67,0.067,0.15,0.1,0.0,0.65,0.1
337,adaptive_mlp_ppo_seed5,0,NOOP,0.19575,0.337798,0.39491,0,79,261.4471523289587,129.23049926757812,31,1.6028043685420867,3179.9638671875,81.47296936310639,3,3,4,0.67,0.067,0.15,0.1,0.0,0.65,0.1,41,181.53709990710243,134.48834419250488,34,1.4666932049919577,3191.5244140625,82.71887164531543,3,4,5,0.67,0.1005,0.15,0.1,0.0,0.65,0.1
338,adaptive_mlp_ppo_seed5,0,NOOP,0.195375,-0.039088,0.188046,0,41,181.53709990710243,134.48834419250488,34,1.4666932049919577,3191.5244140625,82.71887164531543,3,4,5,0.67,0.1005,0.15,0.1,0.0,0.65,0.1,40,156.68482818777656,412.7044677734375,37,1.3526438120249156,3203.060546875,83.02366527006699,3,5,6,0.0,0.1005,0.15,0.1,0.05,0.6,0.1
339,adaptive_mlp_ppo_seed5,0,NOOP,0.195,0.337783,0.394137,0,40,156.68482818777656,412.7044677734375,37,1.3526438120249156,3203.060546875,83.02366527006699,3,5,6,0.0,0.1005,0.15,0.1,0.05,0.6,0.1,48,185.69394706622947,143.1584358215332,40,1.2560070037841797,3215.3779296875,82.74473204756416,3,6,7,0.67,0.134,0.15,0.1,0.05,0.6,0.1
340,adaptive_mlp_ppo_seed5,1,COMPACT_32KB,0.180432,0.292775,0.395039,0,48,185.69394706622947,143.1584358215332,40,1.2560070037841797,3215.3779296875,82.74473204756416,3,6,7,0.67,0.134,0.15,0.1,0.05,0.6,0.1,64,274.50279119375557,88.06085586547852,42,1.2031355358305431,3234.0283203125,27.147673730921696,3,0,8,0.67,0.1675,0.15,0.1,0.05,0.6,0.1
341,adaptive_mlp_ppo_seed5,0,NOOP,0.194375,-0.039107,0.191484,0,64,274.50279119375557,88.06085586547852,42,1.2031355358305431,3234.0283203125,27.147673730921696,3,0,8,0.67,0.1675,0.15,0.1,0.05,0.6,0.1,79,300.608307439681,200.78015327453613,45,1.128125,3249.0,31.890657446132273,3,1,9,0.0,0.1675,0.15,0.1,0.05,0.55,0.15
342,adaptive_mlp_ppo_seed5,0,NOOP,0.194,-0.039108,0.184392,0,79,300.608307439681,200.78015327453613,45,1.128125,3249.0,31.890657446132273,3,1,9,0.0,0.1675,0.15,0.1,0.05,0.55,0.15,56,218.42387698831539,540.4171943664551,48,1.061832110087077,3261.9482421875,35.04247928598558,3,2,10,0.0,0.1675,0.1,0.1,0.1,0.55,0.15
343,adaptive_mlp_ppo_seed5,0,NOOP,0.193625,-0.039121,0.188343,0,56,218.42387698831539,540.4171943664551,48,1.061832110087077,3261.9482421875,35.04247928598558,3,2,10,0.0,0.1675,0.1,0.1,0.1,0.55,0.15,42,178.43636698820052,327.87322998046875,51,1.0029299866919423,3273.5634765625,37.23337699778359,3,3,11,0.0,0.1675,0.1,0.1,0.1,0.55,0.15
344,adaptive_mlp_ppo_seed5,0,NOOP,0.183485,0.33776,0.383842,0,42,178.43636698820052,327.87322998046875,51,1.0029299866919423,3273.5634765625,37.23337699778359,3,3,11,0.0,0.1675,0.1,0.1,0.1,0.55,0.15,64,229.1050005547637,99.62272644042969,54,0.9511747007016782,3287.259765625,38.70400655912011,3,4,12,0.67,0.201,0.1,0.1,0.1,0.55,0.15
345,adaptive_mlp_ppo_seed5,1,COMPACT_32KB,0.563057,0.292758,0.393629,0,64,229.1050005547637,99.62272644042969,54,0.9511747007016782,3287.259765625,38.70400655912011,3,4,12,0.67,0.201,0.1,0.1,0.1,0.55,0.15,39,132.13970576355746,163.5420322418213,41,1.2404878197646723,3255.0400390625,23.268015199707733,3,0,13,0.67,0.23450000000000001,0.1,0.1,0.1,0.6,0.1
346,adaptive_mlp_ppo_seed5,0,NOOP,0.1945,0.337765,0.394565,0,39,132.13970576355746,163.5420322418213,41,1.2404878197646723,3255.0400390625,23.268015199707733,3,0,13,0.67,0.23450000000000001,0.1,0.1,0.1,0.6,0.1,65,213.6454546523155,101.7465591430664,44,1.1607870622114702,3268.7763671875,29.455423734220716,3,1,14,0.67,0.268,0.1,0.1,0.1,0.6,0.1
347,adaptive_mlp_ppo_seed5,0,NOOP,0.194125,-0.039106,0.189805,0,65,213.6454546523155,101.7465591430664,44,1.1607870622114702,3268.7763671875,29.455423734220716,3,1,14,0.67,0.268,0.1,0.1,0.1,0.6,0.1,43,154.57597321844094,274.7535705566406,47,1.0906248701379655,3280.599609375,33.36557365115264,3,2,15,0.0,0.268,0.1,0.15,0.1,0.55,0.1
348,adaptive_mlp_ppo_seed5,0,NOOP,0.19375,-0.039105,0.188678,0,43,154.57597321844094,274.7535705566406,47,1.0906248701379655,3280.599609375,33.36557365115264,3,2,15,0.0,0.268,0.1,0.15,0.1,0.55,0.1,65,269.57440370836935,316.08057022094727,50,1.0295053100585938,3294.4169921875,35.91448203427281,3,3,16,0.0,0.268,0.1,0.2,0.1,0.5,0.1
349,adaptive_mlp_ppo_seed5,0,NOOP,0.188395,0.337745,0.388806,0,65,269.57440370836935,316.08057022094727,50,1.0295053100585938,3294.4169921875,35.91448203427281,3,3,16,0.0,0.268,0.1,0.2,0.1,0.5,0.1,58,172.79329481164743,95.72696685791016,53,0.9751022626768868,3307.546875,37.70389108450055,3,4,17,0.67,0.3015,0.1,0.2,0.1,0.5,0.1
350,adaptive_mlp_ppo_seed5,0,NOOP,0.17816,0.337748,0.378587,0,58,172.79329481164743,95.72696685791016,53,0.9751022626768868,3307.546875,37.70389108450055,3,4,17,0.67,0.3015,0.1,0.2,0.1,0.5,0.1,30,104.55830186092311,98.66189956665039,56,0.9258003234863281,3318.068359375,39.02762853796367,3,5,18,0.67,0.335,0.05,0.2,0.1,0.55,0.1
351,adaptive_mlp_ppo_seed5,0,NOOP,0.169226,0.337739,0.369417,0,30,104.55830186092311,98.66189956665039,56,0.9258003234863281,3318.068359375,39.02762853796367,3,5,18,0.67,0.335,0.05,0.2,0.1,0.55,0.1,92,322.73159504071407,114.19868469238281,59,0.8830059504104872,3334.23046875,39.83838466727195,3,6,19,0.67,0.3685,0.05,0.2,0.1,0.55,0.1
352,adaptive_mlp_ppo_seed5,3,COMPACT_128KB,0.162875,-0.094131,0.191952,0,92,322.73159504071407,114.19868469238281,59,0.8830059504104872,3334.23046875,39.83838466727195,3,6,19,0.67,0.3685,0.05,0.2,0.1,0.55,0.1,87,326.3979734770218,217.40198135375977,37,1.3856023840002112,3281.1064453125,7.697339462621804,3,0,20,0.0,0.36850000000000005,0.05,0.25,0.1,0.55,0.05
353,adaptive_mlp_ppo_seed5,0,NOOP,0.195,-0.039131,0.189787,0,87,326.3979734770218,217.40198135375977,37,1.3856023840002112,3281.1064453125,7.697339462621804,3,0,20,0.0,0.36850000000000005,0.05,0.25,0.1,0.55,0.05,59,203.3698871728452,310.66036224365234,40,1.2868824005126953,3294.4189453125,23.659943659838603,3,1,21,0.0,0.3685,0.1,0.2,0.1,0.55,0.05
354,adaptive_mlp_ppo_seed5,0,NOOP,0.194625,-0.039152,0.186795,0,59,203.3698871728452,310.66036224365234,40,1.2868824005126953,3294.4189453125,23.659943659838603,3,1,21,0.0,0.3685,0.1,0.2,0.1,0.55,0.05,65,282.8273841633954,445.2481269836426,43,1.20212217818859,3308.240234375,30.36129347385036,3,2,22,0.0,0.36850000000000005,0.05,0.2,0.15,0.55,0.05
355,adaptive_mlp_ppo_seed5,0,NOOP,0.19425,0.329357,0.394196,0,65,282.8273841633954,445.2481269836426,43,1.20212217818859,3308.240234375,30.36129347385036,3,2,22,0.0,0.36850000000000005,0.05,0.2,0.15,0.55,0.05,50,186.87813167492868,110.18061637878418,46,1.1279515805451765,3320.689453125,34.504718942242526,3,3,23,0.67,0.36850000000000005,0.05,0.2,0.15,0.55,0.05
356,adaptive_mlp_ppo_seed5,0,NOOP,0.193875,0.329359,0.394325,0,50,186.87813167492868,110.18061637878418,46,1.1279515805451765,3320.689453125,34.504718942242526,3,3,23,0.67,0.36850000000000005,0.05,0.2,0.15,0.55,0.05,56,205.2793335442518,88.77062797546387,49,1.0630377944634886,3333.6865234375,37.234849584231036,3,4,24,0.67,0.36850000000000005,0.05,0.2,0.15,0.55,0.05
357,adaptive_mlp_ppo_seed5,1,COMPACT_32KB,0.180307,-0.09251,0.190643,0,56,205.2793335442518,88.77062797546387,49,1.0630377944634886,3333.6865234375,37.234849584231036,3,4,24,0.67,0.36850000000000005,0.05,0.2,0.15,0.55,0.05,77,288.97737922568075,252.82812118530273,43,1.2081259794013446,3324.7626953125,25.897638999932248,3,0,25,0.0,0.335,0.05,0.25,0.15,0.5,0.05
358,adaptive_mlp_ppo_seed5,0,NOOP,0.19425,0.337725,0.392578,0,77,288.97737922568075,252.82812118530273,43,1.2081259794013446,3324.7626953125,25.897638999932248,3,0,25,0.0,0.335,0.05,0.25,0.15,0.5,0.05,70,263.1611648953858,191.117525100708,46,1.1341479757557744,3338.931640625,30.897939464707637,3,1,26,0.67,0.3685,0.05,0.25,0.1,0.55,0.05
359,adaptive_mlp_ppo_seed5,0,NOOP,0.193875,0.329338,0.392377,0,70,263.1611648953858,191.117525100708,46,1.1341479757557744,3338.931640625,30.897939464707637,3,1,26,0.67,0.3685,0.05,0.25,0.1,0.55,0.05,82,236.2530433814953,186.13171577453613,49,1.0695916000677614,3354.2392578125,34.095752475747815,3,2,27,0.67,0.3685,0.05,0.25,0.1,0.55,0.05
360,adaptive_mlp_ppo_seed5,0,NOOP,0.185119,0.329351,0.385229,0,82,236.2530433814953,186.13171577453613,49,1.0695916000677614,3354.2392578125,34.095752475747815,3,2,27,0.67,0.3685,0.05,0.25,0.1,0.55,0.05,100,331.3431538832831,113.23046684265137,55,0.9599678733132102,3379.0869140625,37.9858672233119,3,3,28,0.67,0.3685,0.05,0.25,0.1,0.55,0.05
361,adaptive_mlp_ppo_seed5,0,NOOP,0.175707,-0.039155,0.172585,0,100,331.3431538832831,113.23046684265137,55,0.9599678733132102,3379.0869140625,37.9858672233119,3,3,28,0.67,0.3685,0.05,0.25,0.1,0.55,0.05,96,302.4236391043855,228.5757064819336,58,0.9147846616547683,3395.6806640625,39.029233334691426,3,4,29,0.0,0.3685,0.05,0.25,0.1,0.55,0.05
362,adaptive_mlp_ppo_seed5,1,COMPACT_32KB,0.180307,0.292718,0.394975,0,96,302.4236391043855,228.5757064819336,58,0.9147846616547683,3395.6806640625,39.029233334691426,3,4,29,0.0,0.3685,0.05,0.25,0.1,0.55,0.05,56,232.9256134748784,86.25054359436035,43,1.220840099246003,3359.751953125,23.802592754078805,3,0,30,0.67,0.402,0.05,0.25,0.05,0.6,0.05
363,adaptive_mlp_ppo_seed5,0,NOOP,0.19425,0.337719,0.394091,0,56,232.9256134748784,86.25054359436035,43,1.220840099246003,3359.751953125,23.802592754078805,3,0,30,0.67,0.402,0.05,0.25,0.05,0.6,0.05,97,402.9661183480714,115.44203758239746,46,1.1468844206436821,3376.427734375,29.280937957576054,3,1,31,0.67,0.43550000000000005,0.05,0.2,0.05,0.65,0.05
364,adaptive_mlp_ppo_seed5,0,NOOP,0.193875,0.329331,0.394294,0,97,402.9661183480714,115.44203758239746,46,1.1468844206436821,3376.427734375,29.280937957576054,3,1,31,0.67,0.43550000000000005,0.05,0.2,0.05,0.65,0.05,71,254.10697225943528,90.31534194946289,49,1.08124370964206,3390.7802734375,32.86770101802497,3,2,32,0.67,0.43550000000000005,0.05,0.2,0.05,0.65,0.05
365,adaptive_mlp_ppo_seed5,0,NOOP,0.1935,-0.047524,0.190463,0,71,254.10697225943528,90.31534194946289,49,1.08124370964206,3390.7802734375,32.86770101802497,3,2,32,0.67,0.43550000000000005,0.05,0.2,0.05,0.65,0.05,94,296.25977019958566,216.84646606445312,52,1.0237916799692006,3407.1787109375,35.24306849171052,3,3,33,0.0,0.402,0.05,0.2,0.05,0.6,0.1
366,adaptive_mlp_ppo_seed5,0,NOOP,0.187615,-0.047535,0.178094,0,94,296.25977019958566,216.84646606445312,52,1.0237916799692006,3407.1787109375,35.24306849171052,3,3,33,0.0,0.402,0.05,0.2,0.05,0.6,0.1,87,229.2129204410332,544.8148250579834,55,0.9724495627663352,3423.0224609375,36.9321593709034,3,4,34,0.0,0.36850000000000005,0.05,0.2,0.1,0.55,0.1
367,adaptive_mlp_ppo_seed5,3,COMPACT_128KB,0.162875,-0.094152,0.192899,0,87,229.2129204410332,544.8148250579834,55,0.9724495627663352,3423.0224609375,36.9321593709034,3,4,34,0.0,0.36850000000000005,0.05,0.2,0.1,0.55,0.1,63,229.0008917684314,170.0589656829834,37,1.4263016984269425,3377.482421875,11.566264921186228,3,0,35,0.0,0.36850000000000005,0.05,0.15,0.1,0.55,0.15
368,adaptive_mlp_ppo_seed5,0,NOOP,0.195,0.337715,0.393575,0,63,229.0008917684314,170.0589656829834,37,1.4263016984269425,3377.482421875,11.566264921186228,3,0,35,0.0,0.36850000000000005,0.05,0.15,0.1,0.55,0.15,87,277.26068265018165,171.2496280670166,40,1.3255023956298828,3393.2861328125,25.501260065777892,3,1,36,0.67,0.402,0.05,0.1,0.1,0.6,0.15
369,adaptive_mlp_ppo_seed5,0,NOOP,0.194625,0.32934,0.393401,0,87,277.26068265018165,171.2496280670166,40,1.3255023956298828,3393.2861328125,25.501260065777892,3,1,36,0.67,0.402,0.05,0.1,0.1,0.6,0.15,95,430.3694863007411,164.93678092956543,43,1.2390420603197674,3409.84375,31.97173381350194,3,2,37,0.67,0.402,0.05,0.1,0.1,0.6,0.15
370,adaptive_mlp_ppo_seed5,0,NOOP,0.19425,-0.047531,0.189717,0,95,430.3694863007411,164.93678092956543,43,1.2390420603197674,3409.84375,31.97173381350194,3,2,37,0.67,0.402,0.05,0.1,0.1,0.6,0.15,91,411.06145970984153,284.16943550109863,46,1.1637072355850884,3425.9541015625,35.98491539495708,3,3,38,0.0,0.3685,0.05,0.15,0.1,0.55,0.15
371,adaptive_mlp_ppo_seed5,0,NOOP,0.193875,0.329359,0.39425,0,91,411.06145970984153,284.16943550109863,46,1.1637072355850884,3425.9541015625,35.98491539495708,3,3,38,0.0,0.3685,0.05,0.15,0.1,0.55,0.15,83,303.1608926044456,92.51213073730469,49,1.0973734952965561,3441.36328125,38.681492978554985,3,4,39,0.67,0.3685,0.05,0.15,0.1,0.55,0.15
372,adaptive_mlp_ppo_seed5,0,NOOP,0.1935,0.337705,0.393712,0,83,303.1608926044456,92.51213073730469,49,1.0973734952965561,3441.36328125,38.681492978554985,3,4,39,0.67,0.3685,0.05,0.15,0.1,0.55,0.15,96,425.19264617366605,104.39705848693848,52,1.0390035189115083,3457.8037109375,40.510810517838,3,5,40,0.67,0.402,0.05,0.1,0.1,0.6,0.15
373,adaptive_mlp_ppo_seed5,0,NOOP,0.190503,0.337706,0.390618,0,96,425.19264617366605,104.39705848693848,52,1.0390035189115083,3457.8037109375,40.510810517838,3,5,40,0.67,0.402,0.05,0.1,0.1,0.6,0.15,90,400.5519419196153,113.0363941192627,55,0.9868924227627841,3473.861328125,41.79194438495567,3,6,41,0.67,0.43550000000000005,0.0,0.1,0.1,0.65,0.15
374,adaptive_mlp_ppo_seed5,3,COMPACT_128KB,0.162875,-0.094183,0.187955,0,90,400.5519419196153,113.0363941192627,55,0.9868924227627841,3473.861328125,41.79194438495567,3,6,41,0.67,0.43550000000000005,0.0,0.1,0.1,0.65,0.15,86,366.9475179094244,417.27399826049805,37,1.4490393561285895,3431.3251953125,11.544454569320228,3,0,42,0.0,0.43550000000000005,0.0,0.1,0.1,0.65,0.15
375,adaptive_mlp_ppo_seed5,0,NOOP,0.195,0.32933,0.395315,0,86,366.9475179094244,417.27399826049805,37,1.4490393561285895,3431.3251953125,11.544454569320228,3,0,42,0.0,0.43550000000000005,0.0,0.1,0.1,0.65,0.15,59,250.42039923334892,84.22684669494629,40,1.3455486297607422,3444.6044921875,26.03933756566804,3,1,43,0.67,0.43550000000000005,0.0,0.1,0.1,0.65,0.15
376,adaptive_mlp_ppo_seed5,0,NOOP,0.194625,-0.047531,0.190019,0,59,250.42039923334892,84.22684669494629,40,1.3455486297607422,3444.6044921875,26.03933756566804,3,1,43,0.67,0.43550000000000005,0.0,0.1,0.1,0.65,0.15,72,303.08462968241287,284.0299606323242,43,1.256915425145349,3459.03125,32.695604961547176,3,2,44,0.0,0.402,0.05,0.1,0.1,0.6,0.15
377,adaptive_mlp_ppo_seed5,0,NOOP,0.19425,-0.039148,0.190087,0,72,303.08462968241287,284.0299606323242,43,1.256915425145349,3459.03125,32.695604961547176,3,2,44,0.0,0.402,0.05,0.1,0.1,0.6,0.15,67,291.84312120875387,265.6550407409668,46,1.1797037539274797,3473.0478515625,36.81912333079276,3,3,45,0.0,0.402,0.05,0.1,0.1,0.6,0.15
378,adaptive_mlp_ppo_seed5,0,NOOP,0.193875,-0.047513,0.188664,0,67,291.84312120875387,265.6550407409668,46,1.1797037539274797,3473.0478515625,36.81912333079276,3,3,45,0.0,0.402,0.05,0.1,0.1,0.6,0.15,98,269.6033115202047,321.78378105163574,49,1.1128455960020727,3489.8837890625,39.468802560564,3,4,46,0.0,0.36850000000000005,0.1,0.1,0.1,0.55,0.15
379,adaptive_mlp_ppo_seed5,3,COMPACT_128KB,0.162875,-0.102505,0.187718,0,98,269.6033115202047,321.78378105163574,49,1.1128455960020727,3489.8837890625,39.468802560564,3,4,46,0.0,0.36850000000000005,0.1,0.1,0.1,0.55,0.15,56,230.1178153402717,429.0964603424072,37,1.4617746713999156,3461.482421875,11.351722055526421,3,0,47,0.0,0.3350000000000001,0.1,0.1,0.15,0.5,0.15
380,adaptive_mlp_ppo_seed5,0,NOOP,0.195,0.329364,0.395179,0,56,230.1178153402717,429.0964603424072,37,1.4617746713999156,3461.482421875,11.351722055526421,3,0,47,0.0,0.3350000000000001,0.1,0.1,0.15,0.5,0.15,53,233.84465976522765,91.04657173156738,40,1.3570571899414063,3474.06640625,26.21600837982306,3,1,48,0.67,0.3350000000000001,0.1,0.1,0.15,0.5,0.15
381,adaptive_mlp_ppo_seed5,0,NOOP,0.194625,0.337743,0.393237,0,53,233.84465976522765,91.04657173156738,40,1.3570571899414063,3474.06640625,26.21600837982306,3,1,48,0.67,0.3350000000000001,0.1,0.1,0.15,0.5,0.15,74,313.9137931383238,173.13361167907715,43,1.2676938079124274,3488.693359375,32.937867127998466,3,2,49,0.67,0.36850000000000005,0.1,0.1,0.15,0.55,0.1
382,adaptive_mlp_ppo_seed5,0,NOOP,0.19425,0.329356,0.394372,0,74,313.9137931383238,173.13361167907715,43,1.2676938079124274,3488.693359375,32.937867127998466,3,2,49,0.67,0.36850000000000005,0.1,0.1,0.15,0.55,0.1,97,413.3209202530025,101.39751434326172,46,1.1906356811523438,3505.2314453125,37.00510339896107,3,3,50,0.67,0.3685,0.1,0.1,0.15,0.55,0.1
383,adaptive_mlp_ppo_seed5,0,NOOP,0.193875,-0.047508,0.188917,0,97,413.3209202530025,101.39751434326172,46,1.1906356811523438,3505.2314453125,37.00510339896107,3,3,50,0.67,0.3685,0.1,0.1,0.15,0.55,0.1,63,242.56438567422305,309.1592788696289,49,1.1220846370774873,3518.857421875,39.81432255686272,3,4,51,0.0,0.335,0.15,0.1,0.15,0.5,0.1
384,adaptive_mlp_ppo_seed5,3,COMPACT_128KB,0.162875,-0.102508,0.191665,0,63,242.56438567422305,309.1592788696289,49,1.1220846370774873,3518.857421875,39.81432255686272,3,4,51,0.0,0.335,0.15,0.1,0.15,0.5,0.1,88,369.9796736028484,231.76956176757812,37,1.4748411436338682,3492.423828125,11.457379977331813,3,0,52,0.0,0.3015,0.15,0.15,0.15,0.45,0.1
385,adaptive_mlp_ppo_seed5,0,NOOP,0.195,-0.039117,0.191024,0,88,369.9796736028484,231.76956176757812,37,1.4748411436338682,3492.423828125,11.457379977331813,3,0,52,0.0,0.3015,0.15,0.15,0.15,0.45,0.1,53,237.77589618635457,248.80075454711914,40,1.3691905975341796,3505.1279296875,26.44936024298357,3,1,53,0.0,0.3015,0.15,0.2,0.15,0.45,0.05
386,adaptive_mlp_ppo_seed5,0,NOOP,0.194625,0.337765,0.393465,0,53,237.77589618635457,248.80075454711914,40,1.3691905975341796,3505.1279296875,26.44936024298357,3,1,53,0.0,0.3015,0.15,0.2,0.15,0.45,0.05,88,394.2806698200681,161.76271438598633,43,1.2794427206349928,3521.0263671875,33.16967042329967,3,2,54,0.67,0.3350000000000001,0.15,0.2,0.1,0.5,0.05
387,adaptive_mlp_ppo_seed5,0,NOOP,0.19425,0.337747,0.392967,0,88,394.2806698200681,161.76271438598633,43,1.2794427206349928,3521.0263671875,33.16967042329967,3,2,54,0.67,0.3350000000000001,0.15,0.2,0.1,0.5,0.05,81,339.9255830706889,171.65637016296387,46,1.201143679411515,3536.1669921875,37.351992446912476,3,3,55,0.67,0.36850000000000005,0.15,0.2,0.1,0.55,0.0
388,adaptive_mlp_ppo_seed5,0,NOOP,0.193875,0.32937,0.392599,0,81,339.9255830706889,171.65637016296387,46,1.201143679411515,3536.1669921875,37.351992446912476,3,3,55,0.67,0.36850000000000005,0.15,0.2,0.1,0.55,0.0,67,279.84776479984225,175.02593994140625,49,1.1320641965282208,3550.1533203125,40.17572026571409,3,4,56,0.67,0.3685,0.15,0.2,0.1,0.55,0.0
389,adaptive_mlp_ppo_seed5,0,NOOP,0.1935,0.329381,0.393836,0,67,279.84776479984225,175.02593994140625,49,1.1320641965282208,3550.1533203125,40.17572026571409,3,4,56,0.67,0.3685,0.15,0.2,0.1,0.55,0.0,79,355.4655069205006,98.20103645324707,52,1.0713057884803185,3565.3056640625,42.084573691942204,3,5,57,0.67,0.3685,0.15,0.2,0.1,0.55,0.0
390,adaptive_mlp_ppo_seed5,3,COMPACT_128KB,0.162875,-0.094123,0.191655,0,79,355.4655069205006,98.20103645324707,52,1.0713057884803185,3565.3056640625,42.084573691942204,3,5,57,0.67,0.3685,0.15,0.2,0.1,0.55,0.0,56,237.5001759402693,232.24687576293945,37,1.4902442725929055,3528.8984375,11.410258486078265,3,0,58,0.0,0.3685,0.15,0.2,0.1,0.55,0.0
391,adaptive_mlp_ppo_seed5,0,NOOP,0.195,0.329382,0.392976,0,56,237.5001759402693,232.24687576293945,37,1.4902442725929055,3528.8984375,11.410258486078265,3,0,58,0.0,0.3685,0.15,0.2,0.1,0.55,0.0,59,244.5996738195728,201.21002197265625,40,1.3836551666259767,3542.1572265625,26.626241321851435,3,1,59,0.67,0.3685,0.15,0.2,0.1,0.55,0.0
392,adaptive_mlp_ppo_seed5,0,NOOP,0.194625,0.329374,0.394705,0,59,244.5996738195728,201.21002197265625,40,1.3836551666259767,3542.1572265625,26.626241321851435,3,1,59,0.67,0.3685,0.15,0.2,0.1,0.55,0.0,50,200.00228884455314,99.7316837310791,43,1.291627750840298,3554.5595703125,33.64502852069441,3,2,60,0.67,0.3685,0.15,0.2,0.1,0.55,0.0
393,adaptive_mlp_ppo_seed5,0,NOOP,0.19425,-0.047501,0.185469,0,50,200.00228884455314,99.7316837310791,43,1.291627750840298,3554.5595703125,33.64502852069441,3,2,60,0.67,0.3685,0.15,0.2,0.1,0.55,0.0,96,355.4551396473461,496.56009674072266,46,1.2130415543265964,3571.1943359375,37.782443180728635,3,3,61,0.0,0.335,0.15,0.2,0.15,0.5,0.0
394,adaptive_mlp_ppo_seed5,0,NOOP,0.193875,0.337758,0.394054,0,96,355.4551396473461,496.56009674072266,46,1.2130415543265964,3571.1943359375,37.782443180728635,3,3,61,0.0,0.335,0.15,0.2,0.15,0.5,0.0,82,293.844741118434,102.28562355041504,49,1.143674577985491,3586.5634765625,40.58297267263342,3,4,62,0.67,0.3685,0.15,0.2,0.1,0.55,0.0
395,adaptive_mlp_ppo_seed5,0,NOOP,0.1935,-0.047503,0.187731,0,82,293.844741118434,102.28562355041504,49,1.143674577985491,3586.5634765625,40.58297267263342,3,4,62,0.67,0.3685,0.15,0.2,0.1,0.55,0.0,84,264.6228704906828,353.4419536590576,52,1.0823546189528246,3602.076171875,42.50743563285435,3,5,63,0.0,0.335,0.15,0.25,0.1,0.5,0.0
396,adaptive_mlp_ppo_seed5,2,COMPACT_64KB,0.553966,0.287765,0.395191,0,84,264.6228704906828,353.4419536590576,52,1.0823546189528246,3602.076171875,42.50743563285435,3,5,63,0.0,0.335,0.15,0.25,0.1,0.5,0.0,85,293.5427095958265,85.44802665710449,41,1.3641033637814406,3579.4072265625,23.965050147620257,3,0,64,0.67,0.36850000000000005,0.1,0.25,0.1,0.55,0.0
397,adaptive_mlp_ppo_seed5,0,NOOP,0.1945,0.337779,0.393303,0,85,293.5427095958265,85.44802665710449,41,1.3641033637814406,3579.4072265625,23.965050147620257,3,0,64,0.67,0.36850000000000005,0.1,0.25,0.1,0.55,0.0,60,202.50712755076998,164.85095024108887,44,1.2758272344415837,3592.7294921875,31.31621532709939,3,1,65,0.67,0.402,0.1,0.2,0.1,0.6,0.0
398,adaptive_mlp_ppo_seed5,0,NOOP,0.194125,-0.039119,0.189702,0,60,202.50712755076998,164.85095024108887,44,1.2758272344415837,3592.7294921875,31.31621532709939,3,1,65,0.67,0.402,0.1,0.2,0.1,0.6,0.0,91,343.98689236126756,279.9217700958252,47,1.1997716376122007,3608.9130859375,35.66910394707937,3,2,66,0.0,0.402,0.05,0.25,0.1,0.6,0.0
399,adaptive_mlp_ppo_seed5,0,NOOP,0.19375,-0.039107,0.188683,0,91,343.98689236126756,279.9217700958252,47,1.1997716376122007,3608.9130859375,35.66910394707937,3,2,66,0.0,0.402,0.05,0.25,0.1,0.6,0.0,61,228.51179344918532,315.8378601074219,50,1.1319686889648437,3622.2998046875,38.6716625634789,3,3,67,0.0,0.402,0.1,0.25,0.05,0.6,0.0
400,adaptive_mlp_ppo_seed5,0,NOOP,0.193375,-0.047483,0.188762,0,61,228.51179344918532,315.8378601074219,50,1.1319686889648437,3622.2998046875,38.6716625634789,3,3,67,0.0,0.402,0.1,0.25,0.05,0.6,0.0,64,184.76855770157349,296.9021797180176,53,1.071927916328862,3635.9794921875,40.74522396938998,3,4,68,0.0,0.36850000000000005,0.1,0.3,0.05,0.55,0.0
401,adaptive_mlp_ppo_seed5,2,COMPACT_64KB,0.553966,-0.097485,0.192106,0,64,184.76855770157349,296.9021797180176,53,1.071927916328862,3635.9794921875,40.74522396938998,3,4,68,0.0,0.36850000000000005,0.1,0.3,0.05,0.55,0.0,89,324.8503911243618,189.70727920532227,41,1.3760960276533918,3610.8759765625,22.287513653854706,3,0,69,0.0,0.3350000000000001,0.1,0.3,0.05,0.5,0.05
402,adaptive_mlp_ppo_seed5,0,NOOP,0.1945,0.329385,0.394383,0,89,324.8503911243618,189.70727920532227,41,1.3760960276533918,3610.8759765625,22.287513653854706,3,0,69,0.0,0.3350000000000001,0.1,0.3,0.05,0.5,0.05,75,261.2240559496307,110.82983016967773,44,1.2874859896573154,3625.560546875,30.20062788762887,3,1,70,0.67,0.3350000000000001,0.1,0.3,0.05,0.5,0.05
403,adaptive_mlp_ppo_seed5,0,NOOP,0.194125,-0.039131,0.191337,0,75,261.2240559496307,110.82983016967773,44,1.2874859896573154,3625.560546875,30.20062788762887,3,1,70,0.67,0.3350000000000001,0.1,0.3,0.05,0.5,0.05,60,158.7652987579301,198.15993309020996,47,1.209721991356383,3638.84375,34.98565135205215,3,2,71,0.0,0.335,0.05,0.3,0.05,0.5,0.1
404,adaptive_mlp_ppo_seed5,0,NOOP,0.19375,-0.039125,0.190826,0,60,158.7652987579301,198.15993309020996,47,1.209721991356383,3638.84375,34.98565135205215,3,2,71,0.0,0.335,0.05,0.3,0.05,0.5,0.1,76,303.92174256277855,208.69159698486328,50,1.1417938232421876,3653.740234375,38.096847181681106,3,3,72,0.0,0.3350000000000001,0.05,0.25,0.05,0.5,0.15
405,adaptive_mlp_ppo_seed5,0,NOOP,0.193375,-0.039114,0.190044,0,76,303.92174256277855,208.69159698486328,50,1.1417938232421876,3653.740234375,38.096847181681106,3,3,72,0.0,0.3350000000000001,0.05,0.25,0.05,0.5,0.15,97,304.590399185458,232.79261589050293,53,1.082090269844487,3670.4501953125,40.19816905644794,3,4,73,0.0,0.335,0.05,0.2,0.05,0.5,0.2
406,adaptive_mlp_ppo_seed5,0,NOOP,0.193,-0.047503,0.189994,0,97,304.590399185458,232.79261589050293,53,1.082090269844487,3670.4501953125,40.19816905644794,3,4,73,0.0,0.335,0.05,0.2,0.05,0.5,0.2,97,336.13869638354333,220.29662132263184,56,1.028745106288365,3687.0224609375,41.686784578881635,3,5,74,0.0,0.30150000000000005,0.05,0.2,0.05,0.45,0.25
407,adaptive_mlp_ppo_seed5,0,NOOP,0.188644,-0.047519,0.185409,0,97,336.13869638354333,220.29662132263184,56,1.028745106288365,3687.0224609375,41.686784578881635,3,5,74,0.0,0.30150000000000005,0.05,0.2,0.05,0.45,0.25,65,279.4594699870126,235.4869842529297,59,0.9800940044855667,3700.8349609375,42.804147739425645,3,6,75,0.0,0.268,0.05,0.2,0.05,0.4,0.3
408,adaptive_mlp_ppo_seed5,0,NOOP,0.179455,-0.04751,0.176035,0,65,279.4594699870126,235.4869842529297,59,0.9800940044855667,3700.8349609375,42.804147739425645,3,6,75,0.0,0.268,0.05,0.2,0.05,0.4,0.3,59,190.60627482575276,248.4910488128662,62,0.9360243274319556,3714.14453125,43.60242899887926,3,7,76,0.0,0.23450000000000001,0.05,0.2,0.05,0.35,0.35
409,adaptive_mlp_ppo_seed5,0,NOOP,0.171137,-0.047501,0.164931,0,59,190.60627482575276,248.4910488128662,62,0.9360243274319556,3714.14453125,43.60242899887926,3,7,76,0.0,0.23450000000000001,0.05,0.2,0.05,0.35,0.35,73,259.3822892558343,391.57938957214355,65,0.8963106595552884,3728.65234375,44.13334224026184,3,8,77,0.0,0.201,0.05,0.2,0.05,0.3,0.4
410,adaptive_mlp_ppo_seed5,0,NOOP,0.163463,-0.039149,0.157466,0,73,259.3822892558343,391.57938957214355,65,0.8963106595552884,3728.65234375,44.13334224026184,3,8,77,0.0,0.201,0.05,0.2,0.05,0.3,0.4,59,205.14022528093798,384.85145568847656,68,0.8598130170036765,3741.90625,44.5050563006161,3,9,78,0.0,0.201,0.05,0.2,0.05,0.3,0.4
411,adaptive_mlp_ppo_seed5,1,COMPACT_32KB,0.163181,-0.092511,0.166812,0,59,205.14022528093798,384.85145568847656,68,0.8598130170036765,3741.90625,44.5050563006161,3,9,78,0.0,0.201,0.05,0.2,0.05,0.3,0.4,62,212.4748021684867,613.1143569946289,63,0.9268733433314732,3737.1533203125,35.33231720265385,3,0,79,0.0,0.16750000000000004,0.05,0.2,0.1,0.25,0.4
412,adaptive_mlp_ppo_seed5,5,PARTITION_REGION,-0.012399,-0.1475,0.165842,0,62,212.4748021684867,613.1143569946289,63,0.9268733433314732,3737.1533203125,35.33231720265385,3,0,79,0.0,0.16750000000000004,0.05,0.2,0.1,0.25,0.4,81,289.1207999489394,261.31582260131836,66,0.8883440422289299,3752.365234375,36.3394165678079,2,1,0,0.0,0.134,0.05,0.2,0.1,0.2,0.45
413,adaptive_mlp_ppo_seed5,0,NOOP,0.16191,-0.07443,0.150298,0,81,289.1207999489394,261.31582260131836,66,0.8883440422289299,3752.365234375,36.3394165678079,2,1,0,0.0,0.134,0.05,0.2,0.1,0.2,0.45,56,189.07603177120353,666.8448448181152,69,0.8526759493178215,3765.4169921875,37.130154183318474,2,2,1,0.0,0.134,0.05,0.2,0.1,0.2,0.45
414,adaptive_mlp_ppo_seed5,0,NOOP,0.155108,-0.082585,0.148597,0,56,189.07603177120353,666.8448448181152,69,0.8526759493178215,3765.4169921875,37.130154183318474,2,2,1,0.0,0.134,0.05,0.2,0.1,0.2,0.45,85,252.30199596334742,415.5244827270508,72,0.8205394744873047,3781.0458984375,37.670672589886145,2,3,2,0.0,0.1005,0.1,0.2,0.1,0.15,0.45
415,adaptive_mlp_ppo_seed5,0,NOOP,0.14877,-0.074027,0.136628,0,85,252.30199596334742,415.5244827270508,72,0.8205394744873047,3781.0458984375,37.670672589886145,2,3,2,0.0,0.1005,0.1,0.2,0.1,0.15,0.45,71,255.14350021290832,700.8755207061768,75,0.7907267252604167,3795.48828125,38.08042724992967,2,4,3,0.0,0.1005,0.1,0.15,0.15,0.15,0.45
416,adaptive_mlp_ppo_seed5,0,NOOP,0.142855,-0.082243,0.13038,0,71,255.14350021290832,700.8755207061768,75,0.7907267252604167,3795.48828125,38.08042724992967,2,4,3,0.0,0.1005,0.1,0.15,0.15,0.15,0.45,62,181.99946949713507,721.2574481964111,78,0.7630237677158453,3809.0146484375,38.38297496946396,2,5,4,0.0,0.067,0.1,0.15,0.2,0.1,0.45
417,adaptive_mlp_ppo_seed5,3,COMPACT_128KB,0.16425,-0.081882,0.194796,0,62,181.99946949713507,721.2574481964111,78,0.7630237677158453,3809.0146484375,38.38297496946396,2,5,4,0.0,0.067,0.1,0.15,0.2,0.1,0.45,71,210.38190321441186,130.18131256103516,26,2.201853238619291,3663.8837890625,62.63982994296589,2,0,5,0.0,0.0335,0.1,0.15,0.2,0.05,0.5
418,adaptive_mlp_ppo_seed5,0,NOOP,0.196375,-0.018502,0.192947,0,71,210.38190321441186,130.18131256103516,26,2.201853238619291,3663.8837890625,62.63982994296589,2,0,5,0.0,0.0335,0.1,0.15,0.2,0.05,0.5,68,182.63780280860382,207.6578140258789,29,1.9816741943359375,3677.9873046875,72.7033958555331,2,1,6,0.0,0.0335,0.1,0.1,0.2,0.1,0.5
419,adaptive_mlp_ppo_seed5,0,NOOP,0.196,-0.018512,0.193656,0,68,182.63780280860382,207.6578140258789,29,1.9816741943359375,3677.9873046875,72.7033958555331,2,1,6,0.0,0.0335,0.1,0.1,0.2,0.1,0.5,71,257.6344892740102,157.21416473388672,32,1.8028836250305176,3692.3056640625,77.97996830957773,2,2,7,0.0,0.0335,0.05,0.1,0.2,0.1,0.55
420,adaptive_mlp_ppo_seed5,0,NOOP,0.195625,-0.018518,0.192474,0,71,257.6344892740102,157.21416473388672,32,1.8028836250305176,3692.3056640625,77.97996830957773,2,2,7,0.0,0.0335,0.05,0.1,0.2,0.1,0.55,53,210.4081574316925,201.28250122070312,35,1.6540575299944196,3705.0888671875,80.87370826111044,2,3,8,0.0,0.0335,0.05,0.05,0.2,0.1,0.6
421,adaptive_mlp_ppo_seed5,0,NOOP,0.19525,-0.018523,0.192668,0,53,210.4081574316925,201.28250122070312,35,1.6540575299944196,3705.0888671875,80.87370826111044,2,3,8,0.0,0.0335,0.05,0.05,0.2,0.1,0.6,54,183.9910381585008,176.61261558532715,38,1.5287306936163652,3717.873046875,82.34770356831164,2,4,9,0.0,0.0335,0.05,0.05,0.2,0.1,0.6
422,adaptive_mlp_ppo_seed5,0,NOOP,0.194875,0.349991,0.394358,0,54,183.9910381585008,176.61261558532715,38,1.5287306936163652,3717.873046875,82.34770356831164,2,4,9,0.0,0.0335,0.05,0.05,0.2,0.1,0.6,67,214.91650007265386,127.1207332611084,41,1.422224835651677,3731.91796875,82.92062802363257,2,5,10,0.67,0.0335,0.05,0.1,0.2,0.05,0.6
423,adaptive_mlp_ppo_seed5,3,COMPACT_128KB,0.164625,0.303354,0.396939,0,67,214.91650007265386,127.1207332611084,41,1.422224835651677,3731.91796875,82.92062802363257,2,5,10,0.67,0.0335,0.05,0.1,0.2,0.05,0.6,93,278.3081286293939,88.0277156829834,23,2.5068286398182744,3690.0517578125,37.0135024653828,2,0,11,0.67,0.067,0.05,0.15,0.2,0.05,0.55
424,adaptive_mlp_ppo_seed5,0,NOOP,0.19675,-0.018529,0.19316,0,93,278.3081286293939,88.0277156829834,23,2.5068286398182744,3690.0517578125,37.0135024653828,2,0,11,0.67,0.067,0.05,0.15,0.2,0.05,0.55,51,170.12333115154618,212.0044231414795,26,2.2251463669996996,3702.6435546875,61.61964745542914,2,1,12,0.0,0.067,0.05,0.15,0.2,0.05,0.55
425,adaptive_mlp_ppo_seed5,0,NOOP,0.196375,0.358347,0.395828,0,51,170.12333115154618,212.0044231414795,26,2.2251463669996996,3702.6435546875,61.61964745542914,2,1,12,0.0,0.067,0.05,0.15,0.2,0.05,0.55,53,167.43236706789014,113.62409591674805,29,2.0018157958984375,3715.3701171875,72.27713920199169,2,2,13,0.67,0.1005,0.05,0.2,0.2,0.05,0.5
426,adaptive_mlp_ppo_seed5,0,NOOP,0.196,-0.018559,0.193695,0,53,167.43236706789014,113.62409591674805,29,2.0018157958984375,3715.3701171875,72.27713920199169,2,2,13,0.67,0.1005,0.05,0.2,0.2,0.05,0.5,80,324.45728994527985,155.24816513061523,32,1.8215484619140625,3730.53125,77.76204416742443,2,3,14,0.0,0.1005,0.05,0.2,0.2,0.05,0.5
427,adaptive_mlp_ppo_seed5,0,NOOP,0.195625,-0.018542,0.193193,0,80,324.45728994527985,155.24816513061523,32,1.8215484619140625,3730.53125,77.76204416742443,2,3,14,0.0,0.1005,0.05,0.2,0.2,0.05,0.5,55,226.6267026225176,165.3459072113037,35,1.6712101527622767,3743.5107421875,80.80799213645643,2,4,15,0.0,0.1005,0.05,0.2,0.2,0.05,0.5
428,adaptive_mlp_ppo_seed5,3,COMPACT_128KB,0.1645,-0.073546,0.194749,0,55,226.6267026225176,165.3459072113037,35,1.6712101527622767,3743.5107421875,80.80799213645643,2,4,15,0.0,0.1005,0.05,0.2,0.2,0.05,0.5,75,311.46068483710764,142.53997802734375,24,2.4216931660970054,3719.720703125,45.42137297999987,2,0,16,0.0,0.1005,0.05,0.2,0.2,0.05,0.5
429,adaptive_mlp_ppo_seed5,0,NOOP,0.196625,0.358336,0.396571,0,75,311.46068483710764,142.53997802734375,24,2.4216931660970054,3719.720703125,45.42137297999987,2,0,16,0.0,0.1005,0.05,0.2,0.2,0.05,0.5,83,347.5162983475051,86.44914627075195,27,2.1615747522424766,3735.201171875,64.24582010645314,2,1,17,0.67,0.134,0.05,0.25,0.2,0.05,0.45
430,adaptive_mlp_ppo_seed5,0,NOOP,0.19625,0.358324,0.396237,0,83,347.5162983475051,86.44914627075195,27,2.1615747522424766,3735.201171875,64.24582010645314,2,1,17,0.67,0.134,0.05,0.25,0.2,0.05,0.45,76,310.8252090827272,88.12856674194336,30,1.953130594889323,3750.0107421875,73.19568028945612,2,2,18,0.67,0.1675,0.05,0.25,0.2,0.05,0.45
431,adaptive_mlp_ppo_seed5,0,NOOP,0.195875,-0.018529,0.193456,0,76,310.8252090827272,88.12856674194336,30,1.953130594889323,3750.0107421875,73.19568028945612,2,2,18,0.67,0.1675,0.05,0.25,0.2,0.05,0.45,83,351.5559572510697,162.17732429504395,33,1.7829210685961174,3765.529296875,77.96855594370862,2,3,19,0.0,0.1675,0.05,0.25,0.15,0.05,0.5
432,adaptive_mlp_ppo_seed5,0,NOOP,0.1955,-0.018547,0.191802,0,83,351.5559572510697,162.17732429504395,33,1.7829210685961174,3765.529296875,77.96855594370862,2,3,19,0.0,0.1675,0.05,0.25,0.15,0.05,0.5,98,400.96357260263284,229.8753261566162,36,1.6416278415256076,3782.310546875,80.51976337728475,2,4,20,0.0,0.1675,0.05,0.25,0.15,0.1,0.45
433,adaptive_mlp_ppo_seed5,3,COMPACT_128KB,0.1645,0.303313,0.396662,0,98,400.96357260263284,229.8753261566162,36,1.6416278415256076,3782.310546875,80.51976337728475,2,4,20,0.0,0.1675,0.05,0.25,0.15,0.1,0.45,72,202.35251927271264,96.89688682556152,24,2.4446932474772134,3755.048828125,41.573214086873385,2,0,21,0.67,0.201,0.05,0.3,0.1,0.1,0.45
434,adaptive_mlp_ppo_seed5,5,PARTITION_REGION,-0.25792,-0.268567,0.194449,0,72,202.35251927271264,96.89688682556152,24,2.4446932474772134,3755.048828125,41.573214086873385,2,0,21,0.67,0.201,0.05,0.3,0.1,0.1,0.45,53,217.82315314185377,142.54355430603027,27,2.1804334852430554,3767.7890625,62.49228640293152,2,1,22,0.0,0.201,0.0,0.3,0.1,0.1,0.5
435,adaptive_mlp_ppo_seed5,7,REMOVE_PARTITION,0.132614,-0.053552,0.191693,0,53,217.82315314185377,142.54355430603027,27,2.1804334852430554,3767.7890625,62.49228640293152,2,1,22,0.0,0.201,0.0,0.3,0.1,0.1,0.5,85,352.6420668951567,265.3331756591797,30,1.9705240885416666,3783.40625,71.98356512550207,0,2,0,0.0,0.201,0.0,0.3,0.05,0.1,0.55
436,adaptive_mlp_ppo_seed5,0,NOOP,0.196125,-0.035765,0.193669,0,85,352.6420668951567,265.3331756591797,30,1.9705240885416666,3783.40625,71.98356512550207,0,2,0,0.0,0.201,0.0,0.3,0.05,0.1,0.55,75,307.2240018751465,161.52548789978027,31,1.9116939421622985,3792.80078125,73.81310656331844,0,3,1,0.0,0.201,0.0,0.3,0.0,0.1,0.6
437,adaptive_mlp_ppo_seed5,0,NOOP,0.196,-0.035537,0.191611,0,75,307.2240018751465,161.52548789978027,31,1.9116939421622985,3792.80078125,73.81310656331844,0,3,1,0.0,0.201,0.0,0.3,0.0,0.1,0.6,94,393.26999617966163,259.4430446624756,32,1.8574228286743164,3804.001953125,75.22415892424009,0,4,2,0.0,0.201,0.05,0.3,0.0,0.1,0.55
438,adaptive_mlp_ppo_seed5,3,COMPACT_128KB,0.164625,-0.086532,0.193453,0,94,393.26999617966163,259.4430446624756,32,1.8574228286743164,3804.001953125,75.22415892424009,0,4,2,0.0,0.201,0.05,0.3,0.0,0.1,0.55,64,268.44028792518264,212.3696804046631,23,2.570553986922554,3783.85546875,25.685706661213406,0,0,3,0.0,0.201,0.1,0.3,0.0,0.05,0.55
439,adaptive_mlp_ppo_seed5,0,NOOP,0.197,-0.031394,0.194694,0,64,268.44028792518264,212.3696804046631,23,2.570553986922554,3783.85546875,25.685706661213406,0,0,3,0.0,0.201,0.1,0.3,0.0,0.05,0.55,64,269.91757339551475,145.2960968017578,24,2.4689127604166665,3792.25,40.57885069750964,0,1,4,0.0,0.201,0.1,0.3,0.0,0.05,0.55
440,adaptive_mlp_ppo_seed5,0,NOOP,0.196875,-0.031287,0.194712,0,64,269.91757339551475,145.2960968017578,24,2.4689127604166665,3792.25,40.57885069750964,0,1,4,0.0,0.201,0.1,0.3,0.0,0.05,0.55,50,209.00708399940999,139.4057273864746,25,2.3746331787109374,3799.4130859375,49.882157945417504,0,2,5,0.0,0.201,0.1,0.3,0.0,0.05,0.55
441,adaptive_mlp_ppo_seed5,0,NOOP,0.19675,-0.031118,0.194904,0,50,209.00708399940999,139.4057273864746,25,2.3746331787109374,3799.4130859375,49.882157945417504,0,2,5,0.0,0.201,0.1,0.3,0.0,0.05,0.55,79,349.998274039076,124.79162216186523,26,2.2891634427584133,3809.16796875,56.27310052397096,0,3,6,0.0,0.201,0.1,0.35,0.0,0.05,0.5
442,adaptive_mlp_ppo_seed5,0,NOOP,0.196625,-0.039325,0.194381,0,79,349.998274039076,124.79162216186523,26,2.2891634427584133,3809.16796875,56.27310052397096,0,3,6,0.0,0.201,0.1,0.35,0.0,0.05,0.5,79,351.84610728783844,145.93791961669922,27,2.2100852683738426,3819.02734375,61.1264139885904,0,4,7,0.0,0.16750000000000004,0.1,0.3,0.0,0.05,0.55
443,adaptive_mlp_ppo_seed5,3,COMPACT_128KB,0.164625,-0.094141,0.194965,0,79,351.84610728783844,145.93791961669922,27,2.2100852683738426,3819.02734375,61.1264139885904,0,4,7,0.0,0.16750000000000004,0.1,0.3,0.0,0.05,0.55,87,402.4715444285007,136.7638111114502,23,2.5915434464164404,3814.751953125,22.302079222738357,0,0,8,0.0,0.134,0.1,0.25,0.0,0.05,0.6
444,adaptive_mlp_ppo_seed5,0,NOOP,0.197,-0.030629,0.194945,0,87,402.4715444285007,136.7638111114502,23,2.5915434464164404,3814.751953125,22.302079222738357,0,0,8,0.0,0.134,0.1,0.25,0.0,0.05,0.6,65,267.56187060879876,132.74312019348145,24,2.489147186279297,3823.330078125,38.813325807871756,0,1,9,0.0,0.134,0.1,0.25,0.0,0.05,0.6
445,adaptive_mlp_ppo_seed5,0,NOOP,0.196875,-0.038887,0.190927,0,65,267.56187060879876,132.74312019348145,24,2.489147186279297,3823.330078125,38.813325807871756,0,1,9,0.0,0.134,0.1,0.25,0.0,0.05,0.6,56,232.29396609954932,328.627347946167,25,2.3943475341796874,3830.9560546875,48.62068120600427,0,2,10,0.0,0.1005,0.1,0.2,0.05,0.05,0.6
446,adaptive_mlp_ppo_seed5,0,NOOP,0.19675,-0.030381,0.193784,0,56,232.29396609954932,328.627347946167,25,2.3943475341796874,3830.9560546875,48.62068120600427,0,2,10,0.0,0.1005,0.1,0.2,0.05,0.05,0.6,63,265.0375899578233,180.77874183654785,26,2.3073079035832333,3839.3603515625,55.46363289182735,0,3,11,0.0,0.1005,0.1,0.2,0.05,0.1,0.55
447,adaptive_mlp_ppo_seed5,0,NOOP,0.196625,-0.030254,0.187553,0,63,265.0375899578233,180.77874183654785,26,2.3073079035832333,3839.3603515625,55.46363289182735,0,3,11,0.0,0.1005,0.1,0.2,0.05,0.1,0.55,61,270.0592826215914,487.3528480529785,27,2.2265517623336226,3847.4814453125,60.655835391538275,0,4,12,0.0,0.1005,0.1,0.2,0.1,0.1,0.5
448,adaptive_mlp_ppo_seed5,3,COMPACT_128KB,0.1645,-0.085118,0.194945,0,61,270.0592826215914,487.3528480529785,27,2.2265517623336226,3847.4814453125,60.655835391538275,0,4,12,0.0,0.1005,0.1,0.2,0.1,0.1,0.5,66,287.23221037515407,132.72857666015625,24,2.5028203328450522,3844.33203125,35.34948276965341,0,0,13,0.0,0.1005,0.1,0.2,0.1,0.1,0.5
449,adaptive_mlp_ppo_seed5,0,NOOP,0.19675,-0.038288,0.194533,0,66,287.23221037515407,132.72857666015625,24,2.5028203328450522,3844.33203125,35.34948276965341,0,0,13,0.0,0.1005,0.1,0.2,0.1,0.1,0.5,100,418.2430081000041,143.33820343017578,26,2.3189127995417667,3858.6708984375,53.65196909890186,0,1,14,0.0,0.067,0.1,0.15,0.1,0.1,0.55
450,adaptive_mlp_ppo_seed5,0,NOOP,0.196625,-0.038178,0.194473,0,100,418.2430081000041,143.33820343017578,26,2.3189127995417667,3858.6708984375,53.65196909890186,0,1,14,0.0,0.067,0.1,0.15,0.1,0.1,0.55,54,241.05298021702944,141.36815071105957,27,2.237361201533565,3866.16015625,59.188943966806804,0,2,15,0.0,0.0335,0.1,0.1,0.1,0.1,0.6
451,adaptive_mlp_ppo_seed5,0,NOOP,0.1965,-0.029761,0.194269,0,54,241.05298021702944,141.36815071105957,27,2.237361201533565,3866.16015625,59.188943966806804,0,2,15,0.0,0.0335,0.1,0.1,0.1,0.1,0.6,21,87.73366057341387,146.53921127319336,28,2.160003662109375,3870.7265625,63.71728762176251,0,3,16,0.0,0.0335,0.1,0.1,0.1,0.1,0.6
452,adaptive_mlp_ppo_seed5,0,NOOP,0.196375,-0.029666,0.192966,0,21,87.73366057341387,146.53921127319336,28,2.160003662109375,3870.7265625,63.71728762176251,0,3,16,0.0,0.0335,0.1,0.1,0.1,0.1,0.6,47,187.480064366172,206.68435096740723,29,2.0892365554283403,3877.623046875,67.15478293675386,0,4,17,0.0,0.0335,0.1,0.1,0.1,0.1,0.6
453,adaptive_mlp_ppo_seed5,0,NOOP,0.19625,-0.037998,0.193976,0,47,187.480064366172,206.68435096740723,29,2.0892365554283403,3877.623046875,67.15478293675386,0,4,17,0.0,0.0335,0.1,0.1,0.1,0.1,0.6,21,90.40877150124301,151.2157917022705,30,2.0219716389973956,3882.185546875,70.07306739650373,0,5,18,0.0,0.0,0.1,0.05,0.1,0.1,0.65
454,adaptive_mlp_ppo_seed5,0,NOOP,0.196125,-0.029536,0.193249,0,21,90.40877150124301,151.2157917022705,30,2.0219716389973956,3882.185546875,70.07306739650373,0,5,18,0.0,0.0,0.1,0.05,0.1,0.1,0.65,43,179.55604758823236,182.56473541259766,31,1.9600470758253528,3888.7333984375,72.3427190102364,0,6,19,0.0,0.0,0.1,0.05,0.1,0.1,0.65
455,adaptive_mlp_ppo_seed5,0,NOOP,0.196,-0.029484,0.193807,0,43,179.55604758823236,182.56473541259766,31,1.9600470758253528,3888.7333984375,72.3427190102364,0,6,19,0.0,0.0,0.1,0.05,0.1,0.1,0.65,26,118.12701167167656,149.63555335998535,32,1.901228904724121,3893.716796875,74.28392237141934,0,7,20,0.0,0.0,0.1,0.1,0.1,0.1,0.6
456,adaptive_mlp_ppo_seed5,5,PARTITION_REGION,0.014057,-0.129428,0.192567,0,26,118.12701167167656,149.63555335998535,32,1.901228904724121,3893.716796875,74.28392237141934,0,7,20,0.0,0.0,0.1,0.1,0.1,0.1,0.6,28,128.84482516500492,206.62784576416016,33,1.8460725726503315,3898.9052734375,75.8740494937048,2,8,0,0.0,0.0,0.1,0.1,0.1,0.15,0.55
457,adaptive_mlp_ppo_seed5,3,COMPACT_128KB,-0.128625,-0.085801,0.193718,0,28,128.84482516500492,206.62784576416016,33,1.8460725726503315,3898.9052734375,75.8740494937048,2,8,0,0.0,0.0,0.1,0.1,0.1,0.15,0.55,37,148.65254944332852,169.11745071411133,29,2.0961950894059806,3890.5380859375,66.34258472984595,2,0,1,0.0,0.0,0.05,0.1,0.1,0.15,0.6
458,adaptive_mlp_ppo_seed5,0,NOOP,0.196,-0.030805,0.193679,0,37,148.65254944332852,169.11745071411133,29,2.0961950894059806,3890.5380859375,66.34258472984595,2,0,1,0.0,0.0,0.05,0.1,0.1,0.15,0.6,41,170.1581928842194,156.04329109191895,32,1.905362606048584,3902.1826171875,73.91791334181895,2,1,2,0.0,0.0,0.0,0.1,0.1,0.15,0.65
459,adaptive_mlp_ppo_seed5,0,NOOP,0.195625,0.346066,0.395461,0,41,170.1581928842194,156.04329109191895,32,1.905362606048584,3902.1826171875,73.91791334181895,2,1,2,0.0,0.0,0.0,0.1,0.1,0.15,0.65,48,204.9617943852162,101.93467140197754,35,1.7475071498325894,3914.416015625,78.11853771996411,2,2,3,0.67,0.0335,0.0,0.15,0.1,0.15,0.6
460,adaptive_mlp_ppo_seed5,0,NOOP,0.19525,-0.030809,0.190215,0,48,204.9617943852162,101.93467140197754,35,1.7475071498325894,3914.416015625,78.11853771996411,2,2,3,0.67,0.0335,0.0,0.15,0.1,0.15,0.6,33,135.95344981357138,299.2584705352783,38,1.6140317414936267,3925.3251953125,80.51133350468061,2,3,4,0.0,0.0335,0.0,0.15,0.1,0.2,0.55
461,adaptive_mlp_ppo_seed5,0,NOOP,0.194875,-0.030819,0.190219,0,33,135.95344981357138,299.2584705352783,38,1.6140317414936267,3925.3251953125,80.51133350468061,2,3,4,0.0,0.0335,0.0,0.15,0.1,0.2,0.55,50,206.88501302186094,284.04760360717773,41,1.500681063024009,3937.787109375,81.72656539532086,2,4,5,0.0,0.0335,0.05,0.1,0.1,0.2,0.55
462,adaptive_mlp_ppo_seed5,1,COMPACT_32KB,0.561807,-0.063521,0.189594,0,50,206.88501302186094,284.04760360717773,41,1.500681063024009,3937.787109375,81.72656539532086,2,4,5,0.0,0.0335,0.05,0.1,0.1,0.2,0.55,44,186.2436343416056,265.3200626373291,51,1.2174197926240808,3973.658203125,25.22018403559089,2,0,6,0.0,0.0335,0.05,0.1,0.1,0.25,0.5
463,adaptive_mlp_ppo_seed5,0,NOOP,0.19325,-0.018527,0.187396,0,44,186.2436343416056,265.3200626373291,51,1.2174197926240808,3973.658203125,25.22018403559089,2,0,6,0.0,0.0335,0.05,0.1,0.1,0.25,0.5,36,108.16636400561337,360.20922660827637,54,1.1530029862015336,3984.7783203125,29.907675951980625,2,1,7,0.0,0.0335,0.05,0.1,0.1,0.3,0.45
464,adaptive_mlp_ppo_seed5,0,NOOP,0.192875,-0.018532,0.189695,0,36,108.16636400561337,360.20922660827637,54,1.1530029862015336,3984.7783203125,29.907675951980625,2,1,7,0.0,0.0335,0.05,0.1,0.1,0.3,0.45,42,147.28077532756788,230.23557662963867,57,1.0955411676774944,3996.5341796875,33.08111623288992,2,2,8,0.0,0.0335,0.05,0.1,0.1,0.3,0.45
465,adaptive_mlp_ppo_seed5,0,NOOP,0.1925,-0.018527,0.187192,0,42,147.28077532756788,230.23557662963867,57,1.0955411676774944,3996.5341796875,33.08111623288992,2,2,8,0.0,0.0335,0.05,0.1,0.1,0.3,0.45,34,103.84609323741468,340.4052257537842,60,1.0436192830403646,4007.498046875,35.38472614550855,2,3,9,0.0,0.0335,0.05,0.1,0.05,0.35,0.45
466,adaptive_mlp_ppo_seed5,0,NOOP,0.191506,-0.018527,0.184888,0,34,103.84609323741468,340.4052257537842,60,1.0436192830403646,4007.498046875,35.38472614550855,2,3,9,0.0,0.0335,0.05,0.1,0.05,0.35,0.45,45,155.2929560870295,409.64198112487793,63,0.9969044034443204,4019.5185546875,37.05622002781567,2,4,10,0.0,0.0335,0.1,0.1,0.05,0.3,0.45
467,adaptive_mlp_ppo_seed5,3,COMPACT_128KB,-0.1305,-0.07353,0.191388,0,45,155.2929560870295,409.64198112487793,63,0.9969044034443204,4019.5185546875,37.05622002781567,2,4,10,0.0,0.0335,0.1,0.1,0.05,0.3,0.45,39,132.34732769459552,210.59370040893555,44,1.4098101529208096,3970.025390625,7.257309074352425,2,0,11,0.0,0.0335,0.1,0.1,0.0,0.3,0.5
468,adaptive_mlp_ppo_seed5,0,NOOP,0.194125,-0.018523,0.191183,0,39,132.34732769459552,210.59370040893555,44,1.4098101529208096,3970.025390625,7.257309074352425,2,0,11,0.0,0.0335,0.1,0.1,0.0,0.3,0.5,36,115.21810831475284,205.85060119628906,47,1.3235334031125332,3981.1884765625,22.49742202440673,2,1,12,0.0,0.0335,0.1,0.1,0.0,0.3,0.5
469,adaptive_mlp_ppo_seed5,0,NOOP,0.19375,0.358349,0.392908,0,36,115.21810831475284,205.85060119628906,47,1.3235334031125332,3981.1884765625,22.49742202440673,2,1,12,0.0,0.0335,0.1,0.1,0.0,0.3,0.5,36,126.13594568788578,154.58440780639648,50,1.2476272583007812,3992.4072265625,29.196642933796443,2,2,13,0.67,0.067,0.1,0.15,0.0,0.3,0.45
470,adaptive_mlp_ppo_seed5,0,NOOP,0.193375,-0.018523,0.189639,0,36,126.13594568788578,154.58440780639648,50,1.2476272583007812,3992.4072265625,29.196642933796443,2,2,13,0.67,0.067,0.1,0.15,0.0,0.3,0.45,34,103.5697557794222,253.0510425567627,53,1.1802371043079305,4003.3642578125,33.455434899876245,2,3,14,0.0,0.067,0.1,0.15,0.0,0.3,0.45
471,adaptive_mlp_ppo_seed5,0,NOOP,0.193,-0.018523,0.189342,0,34,103.5697557794222,253.0510425567627,53,1.1802371043079305,4003.3642578125,33.455434899876245,2,3,14,0.0,0.067,0.1,0.15,0.0,0.3,0.45,24,86.83671935991718,252.87842750549316,56,1.1198223658970423,4013.443359375,36.42994467570577,2,4,15,0.0,0.067,0.1,0.15,0.0,0.3,0.45
472,adaptive_mlp_ppo_seed5,0,NOOP,0.192625,-0.018514,0.18687,0,24,86.83671935991718,252.87842750549316,56,1.1198223658970423,4013.443359375,36.42994467570577,2,4,15,0.0,0.067,0.1,0.15,0.0,0.3,0.45,44,133.7691392718672,361.4790439605713,59,1.0660359010858051,4025.3515625,38.51631719863572,2,5,16,0.0,0.067,0.15,0.15,0.0,0.25,0.45
473,adaptive_mlp_ppo_seed5,3,COMPACT_128KB,-0.1305,-0.073508,0.190599,0,44,133.7691392718672,361.4790439605713,59,1.0660359010858051,4025.3515625,38.51631719863572,2,5,16,0.0,0.067,0.15,0.15,0.0,0.25,0.45,30,86.40940751835089,250.06961822509766,44,1.4161269448020242,3987.8134765625,7.154114122008609,2,0,17,0.0,0.067,0.15,0.15,0.0,0.25,0.45
474,adaptive_mlp_ppo_seed5,0,NOOP,0.194125,-0.018498,0.190637,0,30,86.40940751835089,250.06961822509766,44,1.4161269448020242,3987.8134765625,7.154114122008609,2,0,17,0.0,0.067,0.15,0.15,0.0,0.25,0.45,44,95.80918463019243,233.17313194274902,47,1.329691136136968,3999.7109375,22.50401511964189,2,1,18,0.0,0.067,0.15,0.15,0.0,0.25,0.45
475,adaptive_mlp_ppo_seed5,0,NOOP,0.19375,-0.018497,0.190739,0,44,95.80918463019243,233.17313194274902,47,1.329691136136968,3999.7109375,22.50401511964189,2,1,18,0.0,0.067,0.15,0.15,0.0,0.25,0.45,29,104.5283357424114,213.0606174468994,50,1.253203125,4010.25,29.30046197139514,2,2,19,0.0,0.067,0.15,0.1,0.0,0.25,0.5
476,adaptive_mlp_ppo_seed5,0,NOOP,0.193375,-0.018498,0.190142,0,29,104.5283357424114,213.0606174468994,50,1.253203125,4010.25,29.30046197139514,2,2,19,0.0,0.067,0.15,0.1,0.0,0.25,0.5,24,64.60163160948161,227.90002822875977,53,1.185243138727152,4020.3447265625,33.620675659097095,2,3,20,0.0,0.067,0.15,0.1,0.0,0.2,0.55
477,adaptive_mlp_ppo_seed5,7,REMOVE_PARTITION,0.129364,-0.053489,0.189649,0,24,64.60163160948161,227.90002822875977,53,1.185243138727152,4020.3447265625,33.620675659097095,2,3,20,0.0,0.067,0.15,0.1,0.0,0.2,0.55,35,116.51861670463295,237.54358291625977,56,1.1248444148472376,4031.4423828125,36.57153402642237,0,4,0,0.0,0.067,0.15,0.1,0.0,0.2,0.55
478,adaptive_mlp_ppo_seed5,2,COMPACT_64KB,0.215841,-0.081436,0.189388,0,35,116.51861670463295,237.54358291625977,56,1.1248444148472376,4031.4423828125,36.57153402642237,0,4,0,0.0,0.067,0.15,0.1,0.0,0.2,0.55,28,99.4163311605858,300.61888694763184,46,1.36115198550017,4007.2314453125,14.742815184801032,0,0,1,0.0,0.067,0.2,0.1,0.0,0.2,0.5
479,adaptive_mlp_ppo_seed5,0,NOOP,0.194125,-0.039718,0.19099,0,28,99.4163311605858,300.61888694763184,46,1.36115198550017,4007.2314453125,14.742815184801032,0,0,1,0.0,0.067,0.2,0.1,0.0,0.2,0.5,42,147.44719595425943,215.5132293701172,47,1.3343405216298205,4013.6962890625,18.735360212891965,0,1,2,0.0,0.0335,0.2,0.05,0.0,0.2,0.55
480,adaptive_mlp_ppo_seed5,0,NOOP,0.194,-0.031246,0.191078,0,42,147.44719595425943,215.5132293701172,47,1.3343405216298205,4013.6962890625,18.735360212891965,0,1,2,0.0,0.0335,0.2,0.05,0.0,0.2,0.55,44,129.5885425224595,206.11310005187988,48,1.3086945215861003,4020.3095703125,21.745294473551706,0,2,3,0.0,0.0335,0.2,0.05,0.0,0.15,0.6
481,adaptive_mlp_ppo_seed5,0,NOOP,0.193875,-0.031173,0.190917,0,44,129.5885425224595,206.11310005187988,48,1.3086945215861003,4020.3095703125,21.745294473551706,0,2,3,0.0,0.0335,0.2,0.05,0.0,0.15,0.6,33,116.70895199581099,209.14316177368164,49,1.2837904326769771,4025.966796875,24.23811020269292,0,3,4,0.0,0.0335,0.15,0.05,0.0,0.15,0.65
482,adaptive_mlp_ppo_seed5,0,NOOP,0.19375,-0.031129,0.184594,0,33,116.70895199581099,209.14316177368164,49,1.2837904326769771,4025.966796875,24.23811020269292,0,3,4,0.0,0.0335,0.15,0.05,0.0,0.15,0.65,20,61.47387366524963,520.3206539154053,50,1.259521484375,4030.46875,26.384085345154023,0,4,5,0.0,0.0335,0.15,0.05,0.05,0.1,0.65
483,adaptive_mlp_ppo_seed5,0,NOOP,0.193625,-0.03103,0.187267,0,20,61.47387366524963,520.3206539154053,50,1.259521484375,4030.46875,26.384085345154023,0,4,5,0.0,0.0335,0.15,0.05,0.05,0.1,0.65,45,186.90268851809674,381.62970542907715,51,1.236887913124234,4037.2021484375,28.092890555836153,0,5,6,0.0,0.0335,0.2,0.05,0.05,0.05,0.65
484,adaptive_mlp_ppo_seed5,0,NOOP,0.1935,-0.030971,0.189337,0,45,186.90268851809674,381.62970542907715,51,1.236887913124234,4037.2021484375,28.092890555836153,0,5,6,0.0,0.0335,0.2,0.05,0.05,0.05,0.65,27,95.15608473166346,273.15568923950195,52,1.2146424513596754,4042.330078125,29.65024665054,0,6,7,0.0,0.0335,0.2,0.05,0.05,0.1,0.6
485,adaptive_mlp_ppo_seed5,3,COMPACT_128KB,-0.1305,-0.117273,0.189941,0,27,95.15608473166346,273.15568923950195,52,1.2146424513596754,4042.330078125,29.65024665054,0,6,7,0.0,0.0335,0.2,0.05,0.05,0.1,0.6,31,104.2496730757975,282.958984375,44,1.428618691184304,4022.990234375,8.053568220751432,0,0,8,0.0,0.0335,0.25,0.05,0.05,0.05,0.6
486,adaptive_mlp_ppo_seed5,0,NOOP,0.194375,-0.062281,0.191546,0,31,104.2496730757975,282.958984375,44,1.428618691184304,4022.990234375,8.053568220751432,0,0,8,0.0,0.0335,0.25,0.05,0.05,0.05,0.6,44,149.09454427650326,197.69859313964844,45,1.3991736518012152,4029.6201171875,14.939652530020847,0,1,9,0.0,0.0335,0.2,0.05,0.05,0.05,0.65
487,adaptive_mlp_ppo_seed5,0,NOOP,0.19425,-0.062285,0.191472,0,44,149.09454427650326,197.69859313964844,45,1.3991736518012152,4029.6201171875,14.939652530020847,0,1,9,0.0,0.0335,0.2,0.05,0.05,0.05,0.65,22,76.36704971013114,196.42210006713867,46,1.3703371130901834,4034.2724609375,19.3625910700269,0,2,10,0.0,0.0335,0.2,0.05,0.05,0.05,0.65
488,adaptive_mlp_ppo_seed5,0,NOOP,0.194125,-0.062289,0.191174,0,22,76.36704971013114,196.42210006713867,46,1.3703371130901834,4034.2724609375,19.3625910700269,0,2,10,0.0,0.0335,0.2,0.05,0.05,0.05,0.65,20,73.1193315487745,206.30216598510742,47,1.3426718204579455,4038.7568359375,22.67382459124972,0,3,11,0.0,0.0335,0.2,0.05,0.05,0.05,0.65
489,adaptive_mlp_ppo_seed5,0,NOOP,0.194,-0.070668,0.191278,0,20,73.1193315487745,206.30216598510742,47,1.3426718204579455,4038.7568359375,22.67382459124972,0,3,11,0.0,0.0335,0.2,0.05,0.05,0.05,0.65,24,88.38029147157235,196.11024856567383,48,1.3162781397501628,4043.6064453125,25.300717260628776,0,4,12,0.0,0.0,0.2,0.0,0.05,0.05,0.7
490,adaptive_mlp_ppo_seed5,3,COMPACT_128KB,-0.1305,-0.117297,0.191792,0,24,88.38029147157235,196.11024856567383,48,1.3162781397501628,4043.6064453125,25.300717260628776,0,4,12,0.0,0.0,0.2,0.0,0.05,0.05,0.7,20,57.16004401849322,190.40226936340332,44,1.4325408935546875,4034.03515625,8.053555754101648,0,0,13,0.0,0.0,0.2,0.0,0.05,0.05,0.7
491,adaptive_mlp_ppo_seed5,0,NOOP,0.194375,-0.062305,0.191667,0,20,57.16004401849322,190.40226936340332,44,1.4325408935546875,4034.03515625,8.053555754101648,0,0,13,0.0,0.0,0.2,0.0,0.05,0.05,0.7,47,155.3469185117823,191.6368007659912,45,1.4030931260850694,4040.908203125,14.940637041040134,0,1,14,0.0,0.0,0.2,0.0,0.05,0.05,0.7
492,adaptive_mlp_ppo_seed5,0,NOOP,0.19425,-0.062309,0.189212,0,47,155.3469185117823,191.6368007659912,45,1.4030931260850694,4040.908203125,14.940637041040134,0,1,14,0.0,0.0,0.2,0.0,0.05,0.05,0.7,21,43.29189165278167,309.39769744873047,46,1.3741421906844429,4045.474609375,19.395470026426896,0,2,15,0.0,0.0,0.2,0.0,0.05,0.05,0.7
493,adaptive_mlp_ppo_seed5,0,NOOP,0.194125,-0.062314,0.189212,0,21,43.29189165278167,309.39769744873047,46,1.3741421906844429,4045.474609375,19.395470026426896,0,2,15,0.0,0.0,0.2,0.0,0.05,0.05,0.7,24,101.73178493719536,304.42094802856445,47,1.3465108668550532,4050.3046875,22.6933324276776,0,3,16,0.0,0.0,0.25,0.0,0.05,0.05,0.65
494,adaptive_mlp_ppo_seed5,0,NOOP,0.194,-0.06232,0.190013,0,24,101.73178493719536,304.42094802856445,47,1.3465108668550532,4050.3046875,22.6933324276776,0,3,16,0.0,0.0,0.25,0.0,0.05,0.05,0.65,37,157.03885159407503,259.3557834625244,48,1.3204154968261719,4056.31640625,25.256959082339925,0,4,17,0.0,0.0,0.25,0.0,0.05,0.1,0.6
495,adaptive_mlp_ppo_seed5,0,NOOP,0.193875,-0.062324,0.191971,0,37,157.03885159407503,259.3557834625244,48,1.3204154968261719,4056.31640625,25.256959082339925,0,4,17,0.0,0.0,0.25,0.0,0.05,0.1,0.6,21,85.88222836499789,156.47482872009277,49,1.294933085538903,4060.91015625,27.47638821198185,0,5,18,0.0,0.0,0.25,0.05,0.05,0.1,0.55
496,adaptive_mlp_ppo_seed5,0,NOOP,0.19375,-0.062332,0.189087,0,21,85.88222836499789,156.47482872009277,49,1.294933085538903,4060.91015625,27.47638821198185,0,5,18,0.0,0.0,0.25,0.05,0.05,0.1,0.55,41,168.17051904413577,295.64762115478516,50,1.2710186767578124,4067.259765625,29.268919210874916,0,6,19,0.0,0.0,0.25,0.05,0.05,0.15,0.5
497,adaptive_mlp_ppo_seed5,0,NOOP,0.193625,-0.062337,0.190643,0,41,168.17051904413577,295.64762115478516,50,1.2710186767578124,4067.259765625,29.268919210874916,0,6,19,0.0,0.0,0.25,0.05,0.05,0.15,0.5,31,111.50060842638383,212.8584384918213,51,1.247776704676011,4072.7431640625,30.860648342186312,0,7,20,0.0,0.0,0.25,0.05,0.05,0.15,0.5
498,adaptive_mlp_ppo_seed5,5,PARTITION_REGION,0.011682,-0.162345,0.190606,0,31,111.50060842638383,212.8584384918213,51,1.247776704676011,4072.7431640625,30.860648342186312,0,7,20,0.0,0.0,0.25,0.05,0.05,0.15,0.5,42,174.15932899123274,209.68008041381836,52,1.225706540621244,4079.1513671875,32.209505357308245,2,8,0,0.0,0.0,0.2,0.05,0.05,0.15,0.55
499,adaptive_mlp_ppo_seed5,0,NOOP,0.193125,-0.077448,0.190195,0,42,174.15932899123274,209.68008041381836,52,1.225706540621244,4079.1513671875,32.209505357308245,2,8,0,0.0,0.0,0.2,0.05,0.05,0.15,0.55,49,170.6044727861651,215.25955200195312,55,1.16236572265625,4091.52734375,35.636358815375985,2,9,1,0.0,0.0,0.2,0.05,0.05,0.15,0.55
500,adaptive_mlp_ppo_seed5,3,COMPACT_128KB,-0.12875,-0.079997,0.193861,1,49,170.6044727861651,215.25955200195312,55,1.16236572265625,4091.52734375,35.636358815375985,2,9,1,0.0,0.0,0.2,0.05,0.05,0.15,0.55,33,135.82124181242793,156.95667266845703,30,2.095380655924479,4023.130859375,58.57776206239104,2,0,2,0.0,0.0,0.2,0.05,0.05,0.15,0.55
