step,policy_name,action,action_name,compact_reward,partition_reward,global_reward,done,rows_ingested,ingestion_rate_rows_per_sec,latency_ms,file_count,block_utilization,total_size_kb,file_size_skew_kb,partition_strategy,steps_since_compact,steps_since_partition_change,partition_pruning_ratio,avg_pruning_ratio,query_hist_time_range,query_hist_region_filter,query_hist_sensor_lookup,query_hist_type_filter,query_hist_full_scan,next_rows_ingested,next_ingestion_rate_rows_per_sec,next_latency_ms,next_file_count,next_block_utilization,next_total_size_kb,next_file_size_skew_kb,next_partition_strategy,next_steps_since_compact,next_steps_since_partition_change,next_partition_pruning_ratio,next_avg_pruning_ratio,next_query_hist_time_range,next_query_hist_region_filter,next_query_hist_sensor_lookup,next_query_hist_type_filter,next_query_hist_full_scan
1,frozen_attentive_ppoclip_seed5,0,NOOP,0.018549,0.0,0.017229,0,0,0.0,0.0,0,0.0,0.0,0.0,0,0,0,0.0,0.0,0.0,0.0,0.0,0.0,0.0,37,233.17724200726624,67.25955009460449,1,0.0933685302734375,5.9755859375,0.0,0,1,1,0.0,0.0,1.0,0.0,0.0,0.0,0.0
2,frozen_attentive_ppoclip_seed5,0,NOOP,0.020182,0.0,0.017728,0,37,233.17724200726624,67.25955009460449,1,0.0933685302734375,5.9755859375,0.0,0,1,1,0.0,0.0,1.0,0.0,0.0,0.0,0.0,49,263.0172575528189,125.17809867858887,2,0.1021575927734375,13.076171875,0.795495128834866,0,2,2,0.0,0.0,1.0,0.0,0.0,0.0,0.0
3,frozen_attentive_ppoclip_seed5,0,NOOP,0.020594,0.0,0.019453,0,49,263.0172575528189,125.17809867858887,2,0.1021575927734375,13.076171875,0.795495128834866,0,2,2,0.0,0.0,1.0,0.0,0.0,0.0,0.0,48,267.9046475915719,60.78815460205078,3,0.1048431396484375,20.1298828125,0.6364191204505094,0,3,3,0.0,0.0,0.6666666666666666,0.3333333333333333,0.0,0.0,0.0
4,frozen_attentive_ppoclip_seed5,0,NOOP,0.020268,0.0,0.01914,0,48,267.9046475915719,60.78815460205078,3,0.1048431396484375,20.1298828125,0.6364191204505094,0,3,3,0.0,0.0,0.6666666666666666,0.3333333333333333,0.0,0.0,0.0,42,237.7351132799637,61.41948699951172,4,0.10383987426757812,26.5830078125,0.53526694830512,0,4,4,0.0,0.0,0.5,0.5,0.0,0.0,0.0
5,frozen_attentive_ppoclip_seed5,0,NOOP,0.020282,0.0,0.018351,0,42,237.7351132799637,61.41948699951172,4,0.10383987426757812,26.5830078125,0.53526694830512,0,4,4,0.0,0.0,0.5,0.5,0.0,0.0,0.0,47,270.73516110292434,102.79631614685059,5,0.104534912109375,33.451171875,0.4741059572924963,0,5,5,0.0,0.0,0.6,0.4,0.0,0.0,0.0
6,frozen_attentive_ppoclip_seed5,0,NOOP,0.019802,0.0,0.017879,0,47,270.73516110292434,102.79631614685059,5,0.104534912109375,33.451171875,0.4741059572924963,0,5,5,0.0,0.0,0.6,0.4,0.0,0.0,0.0,37,215.98428995116356,103.62935066223145,6,0.10276031494140625,39.4599609375,0.5071644565426727,0,6,6,0.0,0.0,0.6666666666666666,0.3333333333333333,0.0,0.0,0.0
7,frozen_attentive_ppoclip_seed5,0,NOOP,0.019703,0.0,0.018712,0,37,215.98428995116356,103.62935066223145,6,0.10276031494140625,39.4599609375,0.5071644565426727,0,6,6,0.0,0.0,0.6666666666666666,0.3333333333333333,0.0,0.0,0.0,44,244.965775026282,58.27784538269043,7,0.10288783482142858,46.09375,0.46347894545295737,0,7,7,0.0,0.0,0.5714285714285714,0.2857142857142857,0.0,0.0,0.14285714285714285
8,frozen_attentive_ppoclip_seed5,0,NOOP,0.01927,0.0,0.017811,0,44,244.965775026282,58.27784538269043,7,0.10288783482142858,46.09375,0.46347894545295737,0,7,7,0.0,0.0,0.5714285714285714,0.2857142857142857,0.0,0.0,0.14285714285714285,34,186.6655706332865,82.93366432189941,8,0.101348876953125,51.890625,0.511598129782725,0,8,8,0.0,0.0,0.5,0.375,0.0,0.0,0.125
9,frozen_attentive_ppoclip_seed5,0,NOOP,0.019124,0.0,0.016729,0,34,186.6655706332865,82.93366432189941,8,0.101348876953125,51.890625,0.511598129782725,0,8,8,0.0,0.0,0.5,0.375,0.0,0.0,0.125,42,240.58448007429462,131.00433349609375,9,0.10124376085069445,58.31640625,0.4789816181174937,0,9,9,0.0,0.0,0.5555555555555556,0.3333333333333333,0.0,0.0,0.1111111111111111
10,frozen_attentive_ppoclip_seed5,0,NOOP,0.01907,0.0,0.017671,0,42,240.58448007429462,131.00433349609375,9,0.10124376085069445,58.31640625,0.4789816181174937,0,9,9,0.0,0.0,0.5555555555555556,0.3333333333333333,0.0,0.0,0.1111111111111111,45,247.14957272791554,82.4117660522461,10,0.10159759521484375,65.0224609375,0.45723084296536276,0,10,10,0.0,0.0,0.5,0.4,0.0,0.0,0.1
11,frozen_attentive_ppoclip_seed5,0,NOOP,0.018689,0.0,0.016591,0,45,247.14957272791554,82.4117660522461,10,0.10159759521484375,65.0224609375,0.45723084296536276,0,10,10,0.0,0.0,0.5,0.4,0.0,0.0,0.1,32,175.77888836502697,118.64638328552246,11,0.10032098943536932,70.6259765625,0.5114516673754027,0,11,11,0.0,0.0,0.5454545454545454,0.36363636363636365,0.0,0.0,0.09090909090909091
12,frozen_attentive_ppoclip_seed5,0,NOOP,0.018674,0.0,0.016151,0,32,175.77888836502697,118.64638328552246,11,0.10032098943536932,70.6259765625,0.5114516673754027,0,11,11,0.0,0.0,0.5454545454545454,0.36363636363636365,0.0,0.0,0.09090909090909091,47,259.00324128027285,141.1449909210205,12,0.10087076822916667,77.46875,0.5026520418618772,0,12,12,0.0,0.0,0.5,0.3333333333333333,0.08333333333333333,0.0,0.08333333333333333
13,frozen_attentive_ppoclip_seed5,0,NOOP,0.018636,0.0,0.016906,0,47,259.00324128027285,141.1449909210205,12,0.10087076822916667,77.46875,0.5026520418618772,0,12,12,0.0,0.0,0.5,0.3333333333333333,0.08333333333333333,0.0,0.08333333333333333,46,260.20483758943203,102.73909568786621,13,0.10130544809194711,84.2861328125,0.49159452795251957,0,13,13,0.0,0.0,0.46153846153846156,0.3076923076923077,0.07692307692307693,0.07692307692307693,0.07692307692307693
14,frozen_attentive_ppoclip_seed5,0,NOOP,0.018605,0.0,0.0169,0,46,260.20483758943203,102.73909568786621,13,0.10130544809194711,84.2861328125,0.49159452795251957,0,13,13,0.0,0.0,0.46153846153846156,0.3076923076923077,0.07692307692307693,0.07692307692307693,0.07692307692307693,47,267.76419963706303,102.76103019714355,14,0.10177721296037946,91.1923828125,0.4856317032897325,0,14,14,0.0,0.0,0.42857142857142855,0.2857142857142857,0.07142857142857142,0.14285714285714285,0.07142857142857142
15,frozen_attentive_ppoclip_seed5,0,NOOP,0.018282,0.0,0.012634,0,47,267.76419963706303,102.76103019714355,14,0.10177721296037946,91.1923828125,0.4856317032897325,0,14,14,0.0,0.0,0.42857142857142855,0.2857142857142857,0.07142857142857142,0.14285714285714285,0.07142857142857142,32,188.99859185075871,301.11098289489746,15,0.10078328450520833,96.751953125,0.5288560886320045,0,15,15,0.0,0.0,0.4,0.26666666666666666,0.13333333333333333,0.13333333333333333,0.06666666666666667
16,frozen_attentive_ppoclip_seed5,0,NOOP,0.018064,0.0,0.015704,0,32,188.99859185075871,301.11098289489746,15,0.10078328450520833,96.751953125,0.5288560886320045,0,15,15,0.0,0.0,0.4,0.26666666666666666,0.13333333333333333,0.13333333333333333,0.06666666666666667,37,193.42900090489164,137.99309730529785,16,0.10031890869140625,102.7265625,0.5245715860753833,0,16,16,0.0,0.0,0.4375,0.25,0.125,0.125,0.0625
17,frozen_attentive_ppoclip_seed5,0,NOOP,0.018016,0.0,0.015361,0,37,193.42900090489164,137.99309730529785,16,0.10031890869140625,102.7265625,0.5245715860753833,0,16,16,0.0,0.0,0.4375,0.25,0.125,0.125,0.0625,46,264.2356260288644,154.0200710296631,17,0.10070621266084559,109.568359375,0.5180945797208342,0,17,17,0.0,0.0,0.47058823529411764,0.23529411764705882,0.11764705882352941,0.11764705882352941,0.058823529411764705
18,frozen_attentive_ppoclip_seed5,1,COMPACT_32KB,0.428475,-0.045,0.058912,0,46,264.2356260288644,154.0200710296631,17,0.10070621266084559,109.568359375,0.5180945797208342,0,17,17,0.0,0.0,0.47058823529411764,0.23529411764705882,0.11764705882352941,0.11764705882352941,0.058823529411764705,49,281.93327023059936,74.07355308532715,4,0.3039665222167969,77.8154296875,3.8390931553251324,0,0,18,0.0,0.0,0.5,0.2222222222222222,0.1111111111111111,0.1111111111111111,0.05555555555555555
19,frozen_attentive_ppoclip_seed5,0,NOOP,0.052031,0.0,0.050269,0,49,281.93327023059936,74.07355308532715,4,0.3039665222167969,77.8154296875,3.8390931553251324,0,0,18,0.0,0.0,0.5,0.2222222222222222,0.1111111111111111,0.1111111111111111,0.05555555555555555,42,235.96646976090014,94.37227249145508,5,0.26328125,84.25,6.704800113255863,0,1,19,0.0,0.0,0.47368421052631576,0.21052631578947367,0.15789473684210525,0.10526315789473684,0.05263157894736842
20,frozen_attentive_ppoclip_seed5,0,NOOP,0.046804,0.0,0.045554,0,42,235.96646976090014,94.37227249145508,5,0.26328125,84.25,6.704800113255863,0,1,19,0.0,0.0,0.47368421052631576,0.21052631578947367,0.15789473684210525,0.10526315789473684,0.05263157894736842,48,260.4372542957416,69.99588012695312,6,0.23776753743489584,91.302734375,7.208412534539564,0,2,20,0.0,0.0,0.45,0.25,0.15,0.1,0.05
21,frozen_attentive_ppoclip_seed5,6,PARTITION_EVENT_TYPE,-0.139214,-0.1,0.040631,0,48,260.4372542957416,69.99588012695312,6,0.23776753743489584,91.302734375,7.208412534539564,0,2,20,0.0,0.0,0.45,0.25,0.15,0.1,0.05,38,217.45903052926857,107.39016532897949,7,0.21739632742745535,97.3935546875,7.429636171123619,3,3,0,0.0,0.0,0.45,0.25,0.15,0.1,0.05
22,frozen_attentive_ppoclip_seed5,0,NOOP,0.032788,-0.081549,0.031299,0,38,217.45903052926857,107.39016532897949,7,0.21739632742745535,97.3935546875,7.429636171123619,3,3,0,0.0,0.0,0.45,0.25,0.15,0.1,0.05,41,195.44486470759384,86.94148063659668,10,0.17018890380859375,108.9208984375,7.808060889578387,3,4,1,0.0,0.0,0.4,0.3,0.15,0.1,0.05
23,frozen_attentive_ppoclip_seed5,0,NOOP,0.027374,-0.04425,0.043379,0,41,195.44486470759384,86.94148063659668,10,0.17018890380859375,108.9208984375,7.808060889578387,3,4,1,0.0,0.0,0.4,0.3,0.15,0.1,0.05,43,222.6380440498616,83.6172103881836,13,0.14499253493088943,120.6337890625,7.453521058525267,3,5,2,0.05784172661870504,0.002892086330935252,0.4,0.25,0.15,0.15,0.05
24,frozen_attentive_ppoclip_seed5,0,NOOP,0.023935,-0.072105,0.021444,0,43,222.6380440498616,83.6172103881836,13,0.14499253493088943,120.6337890625,7.453521058525267,3,5,2,0.05784172661870504,0.002892086330935252,0.4,0.25,0.15,0.15,0.05,46,232.31041831724298,144.5298194885254,16,0.12967491149902344,132.787109375,6.997664769386,3,6,3,0.0,0.002892086330935252,0.45,0.2,0.15,0.15,0.05
25,frozen_attentive_ppoclip_seed5,0,NOOP,0.021242,-0.069084,0.019109,0,46,232.31041831724298,144.5298194885254,16,0.12967491149902344,132.787109375,6.997664769386,3,6,3,0.0,0.002892086330935252,0.45,0.2,0.15,0.15,0.05,33,158.47786540628178,130.4168701171875,19,0.11808535927220394,143.591796875,6.63626681071795,3,7,4,0.0,0.002892086330935252,0.4,0.25,0.15,0.15,0.05
26,frozen_attentive_ppoclip_seed5,1,COMPACT_32KB,0.425179,0.29271,0.256949,0,33,158.47786540628178,130.4168701171875,19,0.11808535927220394,143.591796875,6.63626681071795,3,7,4,0.0,0.002892086330935252,0.4,0.25,0.15,0.15,0.05,39,190.1426914180102,59.91864204406738,6,0.28873443603515625,110.8740234375,19.149359382591403,3,0,5,0.67,0.036392086330935255,0.35,0.25,0.15,0.2,0.05
27,frozen_attentive_ppoclip_seed5,0,NOOP,0.041693,0.337801,0.24159,0,39,190.1426914180102,59.91864204406738,6,0.28873443603515625,110.8740234375,19.149359382591403,3,0,5,0.67,0.036392086330935255,0.35,0.25,0.15,0.2,0.05,50,259.05349184232114,66.37406349182129,9,0.2140892876519097,123.3154296875,16.763894631652494,3,1,6,0.67,0.06989208633093526,0.35,0.25,0.15,0.25,0.0
28,frozen_attentive_ppoclip_seed5,0,NOOP,0.033832,-0.038788,0.031588,0,50,259.05349184232114,66.37406349182129,9,0.2140892876519097,123.3154296875,16.763894631652494,3,1,6,0.67,0.06989208633093526,0.35,0.25,0.15,0.25,0.0,49,264.0831925246999,127.17962265014648,12,0.17665990193684897,135.6748046875,14.947003576508367,3,2,7,0.0,0.06989208633093526,0.4,0.2,0.15,0.25,0.0
29,frozen_attentive_ppoclip_seed5,0,NOOP,0.028636,-0.039051,0.026024,0,49,264.0831925246999,127.17962265014648,12,0.17665990193684897,135.6748046875,14.947003576508367,3,2,7,0.0,0.06989208633093526,0.4,0.2,0.15,0.25,0.0,33,172.39463480798477,149.39260482788086,15,0.152557373046875,146.455078125,13.636497830766876,3,3,8,0.0,0.06989208633093526,0.4,0.2,0.15,0.25,0.0
30,frozen_attentive_ppoclip_seed5,0,NOOP,0.025202,-0.038932,0.022711,0,33,172.39463480798477,149.39260482788086,15,0.152557373046875,146.455078125,13.636497830766876,3,3,8,0.0,0.06989208633093526,0.4,0.2,0.15,0.25,0.0,41,213.3904603307949,147.05920219421387,18,0.1372595893012153,158.123046875,12.583731461851894,3,4,9,0.0,0.06989208633093526,0.45,0.15,0.15,0.25,0.0
31,frozen_attentive_ppoclip_seed5,3,COMPACT_128KB,-0.199135,0.282811,0.325999,0,41,213.3904603307949,147.05920219421387,18,0.1372595893012153,158.123046875,12.583731461851894,3,4,9,0.0,0.06989208633093526,0.45,0.15,0.15,0.25,0.0,45,228.23328822929778,47.07646369934082,3,0.6312001546223959,121.1904296875,35.64773022264031,3,0,10,0.67,0.10339208633093526,0.4,0.15,0.15,0.3,0.0
32,frozen_attentive_ppoclip_seed5,0,NOOP,0.067993,-0.038829,0.066023,0,45,228.23328822929778,47.07646369934082,3,0.6312001546223959,121.1904296875,35.64773022264031,3,0,10,0.67,0.10339208633093526,0.4,0.15,0.15,0.3,0.0,32,168.96675495754988,106.00686073303223,6,0.3437143961588542,131.986328125,30.24518142448183,3,1,11,0.0,0.10339208633093526,0.45,0.15,0.1,0.3,0.0
33,frozen_attentive_ppoclip_seed5,0,NOOP,0.048472,-0.038686,0.046164,0,32,168.96675495754988,106.00686073303223,6,0.3437143961588542,131.986328125,30.24518142448183,3,1,11,0.0,0.10339208633093526,0.45,0.15,0.1,0.3,0.0,33,162.13744170763678,126.63817405700684,9,0.24798583984375,142.83984375,25.619645373371426,3,2,12,0.0,0.10339208633093526,0.5,0.15,0.1,0.25,0.0
34,frozen_attentive_ppoclip_seed5,0,NOOP,0.038891,-0.038958,0.036595,0,33,162.13744170763678,126.63817405700684,9,0.24798583984375,142.83984375,25.619645373371426,3,2,12,0.0,0.10339208633093526,0.5,0.15,0.1,0.25,0.0,49,265.5164655147912,129.76598739624023,12,0.20195388793945312,155.1005859375,22.50094607945838,3,3,13,0.0,0.10339208633093526,0.55,0.15,0.1,0.2,0.0
35,frozen_attentive_ppoclip_seed5,0,NOOP,0.032771,-0.038786,0.030422,0,49,265.5164655147912,129.76598739624023,12,0.20195388793945312,155.1005859375,22.50094607945838,3,3,13,0.0,0.10339208633093526,0.55,0.15,0.1,0.2,0.0,37,203.90661691280812,136.21139526367188,15,0.17323099772135417,166.3017578125,20.307947094979937,3,4,14,0.0,0.10339208633093526,0.6,0.15,0.05,0.2,0.0
36,frozen_attentive_ppoclip_seed5,0,NOOP,0.028677,-0.038641,0.024263,0,37,203.90661691280812,136.21139526367188,15,0.17323099772135417,166.3017578125,20.307947094979937,3,4,14,0.0,0.10339208633093526,0.6,0.15,0.05,0.2,0.0,44,232.45541513994607,243.17097663879395,18,0.154632568359375,178.13671875,18.63586939326368,3,5,15,0.0,0.10339208633093526,0.55,0.15,0.05,0.2,0.05
37,frozen_attentive_ppoclip_seed5,1,COMPACT_32KB,0.459516,-0.083652,0.08925,0,44,232.45541513994607,243.17097663879395,18,0.154632568359375,178.13671875,18.63586939326368,3,5,15,0.0,0.10339208633093526,0.55,0.15,0.05,0.2,0.05,39,202.33465437651216,110.4588508605957,5,0.459796142578125,147.134765625,29.55866466103859,3,0,16,0.0,0.10339208633093526,0.55,0.15,0.05,0.2,0.05
38,frozen_attentive_ppoclip_seed5,0,NOOP,0.060654,-0.03883,0.058434,0,39,202.33465437651216,110.4588508605957,5,0.459796142578125,147.134765625,29.55866466103859,3,0,16,0.0,0.10339208633093526,0.55,0.15,0.05,0.2,0.05,31,157.61236525055244,121.00434303283691,8,0.3082695007324219,157.833984375,26.05252150639951,3,1,17,0.0,0.10339208633093526,0.55,0.15,0.05,0.2,0.05
39,frozen_attentive_ppoclip_seed5,0,NOOP,0.046632,-0.039075,0.044483,0,31,157.61236525055244,121.00434303283691,8,0.3082695007324219,157.833984375,26.05252150639951,3,1,17,0.0,0.10339208633093526,0.55,0.15,0.05,0.2,0.05,36,188.27440604293798,121.2456226348877,11,0.24003739790482956,168.986328125,23.05270471097263,3,2,18,0.0,0.10339208633093526,0.6,0.15,0.0,0.2,0.05
40,frozen_attentive_ppoclip_seed5,0,NOOP,0.038347,-0.039103,0.035696,0,36,188.27440604293798,121.2456226348877,11,0.24003739790482956,168.986328125,23.05270471097263,3,2,18,0.0,0.10339208633093526,0.6,0.15,0.0,0.2,0.05,30,158.37184100529,150.09832382202148,14,0.20048740931919642,179.63671875,20.838127066231664,3,3,19,0.0,0.10339208633093526,0.65,0.1,0.0,0.2,0.05
41,frozen_attentive_ppoclip_seed5,0,NOOP,0.032878,-0.039209,0.030406,0,30,158.37184100529,150.09832382202148,14,0.20048740931919642,179.63671875,20.838127066231664,3,3,19,0.0,0.10339208633093526,0.65,0.1,0.0,0.2,0.05,33,171.40766462497925,144.8497772216797,17,0.17501741297104778,190.4189453125,19.135002174392856,3,4,20,0.0,0.10339208633093526,0.65,0.1,0.0,0.2,0.05
42,frozen_attentive_ppoclip_seed5,4,PARTITION_HOUR,-0.152855,-0.139368,0.026133,0,33,171.40766462497925,144.8497772216797,17,0.17501741297104778,190.4189453125,19.135002174392856,3,4,20,0.0,0.10339208633093526,0.65,0.1,0.0,0.2,0.05,35,187.35444677714744,166.5031909942627,20,0.15731735229492189,201.3662109375,17.780801773173387,1,5,0,0.0,0.10339208633093526,0.65,0.05,0.05,0.2,0.05
43,frozen_attentive_ppoclip_seed5,1,COMPACT_32KB,0.49495,0.436258,0.401167,0,35,187.35444677714744,166.5031909942627,20,0.15731735229492189,201.3662109375,17.780801773173387,1,5,0,0.0,0.10339208633093526,0.65,0.05,0.05,0.2,0.05,46,237.74391555776262,85.08563041687012,4,0.6363410949707031,162.9033203125,35.18126154176712,1,0,1,0.92,0.14650000000000002,0.7,0.05,0.05,0.15,0.05
44,frozen_attentive_ppoclip_seed5,0,NOOP,0.105056,0.481666,0.378948,0,46,237.74391555776262,85.08563041687012,4,0.6363410949707031,162.9033203125,35.18126154176712,1,0,1,0.92,0.14650000000000002,0.7,0.05,0.05,0.15,0.05,39,212.60167660935002,111.65928840637207,5,0.52840576171875,169.08984375,34.15967818050532,1,1,2,0.92,0.1925,0.7,0.05,0.05,0.15,0.05
45,frozen_attentive_ppoclip_seed5,0,NOOP,0.090635,-0.03615,0.089187,0,39,212.60167660935002,111.65928840637207,5,0.52840576171875,169.08984375,34.15967818050532,1,1,2,0.92,0.1925,0.7,0.05,0.05,0.15,0.05,41,209.54730660921678,79.91361618041992,6,0.4569244384765625,175.458984375,32.54350808209196,1,2,3,0.0,0.1925,0.7,0.05,0.05,0.15,0.05
46,frozen_attentive_ppoclip_seed5,0,NOOP,0.080569,0.472628,0.354364,0,41,209.54730660921678,79.91361618041992,6,0.4569244384765625,175.458984375,32.54350808209196,1,2,3,0.0,0.1925,0.7,0.05,0.05,0.15,0.05,47,248.52377356397335,118.9732551574707,7,0.4072178431919643,182.43359375,30.877302616023453,1,3,4,0.92,0.20500000000000002,0.75,0.05,0.05,0.1,0.05
47,frozen_attentive_ppoclip_seed5,0,NOOP,0.072402,-0.04509,0.071052,0,47,248.52377356397335,118.9732551574707,7,0.4072178431919643,182.43359375,30.877302616023453,1,3,4,0.92,0.20500000000000002,0.75,0.05,0.05,0.1,0.05,31,164.46898610487438,77.5444507598877,8,0.36701202392578125,187.91015625,29.498753043322477,1,4,5,0.0,0.1715,0.75,0.05,0.05,0.1,0.05
48,frozen_attentive_ppoclip_seed5,0,NOOP,0.066057,0.480566,0.339897,0,31,164.46898610487438,77.5444507598877,8,0.36701202392578125,187.91015625,29.498753043322477,1,4,5,0.0,0.1715,0.75,0.05,0.05,0.1,0.05,32,169.12366952408433,119.24076080322266,9,0.3359103732638889,193.484375,28.232311128076354,1,5,6,0.92,0.21750000000000003,0.75,0.05,0.05,0.1,0.05
49,frozen_attentive_ppoclip_seed5,0,NOOP,0.060954,0.480354,0.334747,0,32,169.12366952408433,119.24076080322266,9,0.3359103732638889,193.484375,28.232311128076354,1,5,6,0.92,0.21750000000000003,0.75,0.05,0.05,0.1,0.05,32,172.27897806621212,122.88451194763184,10,0.31102142333984373,199.0537109375,27.09010644368677,1,6,7,0.92,0.2635,0.75,0.05,0.05,0.1,0.05
50,frozen_attentive_ppoclip_seed5,0,NOOP,0.057188,-0.037457,0.055587,0,32,172.27897806621212,122.88451194763184,10,0.31102142333984373,199.0537109375,27.09010644368677,1,6,7,0.92,0.2635,0.75,0.05,0.05,0.1,0.05,49,275.4532400327562,93.79196166992188,11,0.292816162109375,206.142578125,25.988833365975207,1,7,8,0.0,0.2635,0.7,0.05,0.05,0.15,0.05
51,frozen_attentive_ppoclip_seed5,0,NOOP,0.054883,0.471152,0.328694,0,49,275.4532400327562,93.79196166992188,11,0.292816162109375,206.142578125,25.988833365975207,1,7,8,0.0,0.2635,0.7,0.05,0.05,0.15,0.05,87,460.2486346586079,124.42851066589355,12,0.28191375732421875,216.509765625,24.89698810745619,1,8,9,0.92,0.276,0.75,0.05,0.05,0.1,0.05
52,frozen_attentive_ppoclip_seed5,0,NOOP,0.052999,-0.038465,0.051289,0,87,460.2486346586079,124.42851066589355,12,0.28191375732421875,216.509765625,24.89698810745619,1,8,9,0.92,0.276,0.75,0.05,0.05,0.1,0.05,90,483.1343478427809,101.76897048950195,13,0.27311941293569714,227.2353515625,23.92327824534299,1,9,10,0.0,0.276,0.7,0.1,0.05,0.1,0.05
53,frozen_attentive_ppoclip_seed5,0,NOOP,0.05132,-0.038908,0.049544,0,90,483.1343478427809,101.76897048950195,13,0.27311941293569714,227.2353515625,23.92327824534299,1,9,10,0.0,0.276,0.7,0.1,0.05,0.1,0.05,88,449.3340946027379,106.31966590881348,14,0.26535143171037945,237.7548828125,23.05989163165635,1,10,11,0.0,0.276,0.65,0.1,0.05,0.1,0.1
54,frozen_attentive_ppoclip_seed5,0,NOOP,0.049868,-0.039323,0.048467,0,88,449.3340946027379,106.31966590881348,14,0.26535143171037945,237.7548828125,23.05989163165635,1,10,11,0.0,0.276,0.65,0.1,0.05,0.1,0.1,89,353.01549306296994,88.81425857543945,15,0.25871683756510416,248.3681640625,22.281837914109765,1,11,12,0.0,0.276,0.6,0.1,0.05,0.1,0.15
55,frozen_attentive_ppoclip_seed5,0,NOOP,0.048716,-0.039742,0.046789,0,89,353.01549306296994,88.81425857543945,15,0.25871683756510416,248.3681640625,22.281837914109765,1,11,12,0.0,0.276,0.6,0.1,0.05,0.1,0.15,97,489.5742813375803,116.35160446166992,16,0.25357818603515625,259.6640625,21.56645869528694,1,12,13,0.0,0.276,0.55,0.15,0.05,0.1,0.15
56,frozen_attentive_ppoclip_seed5,0,NOOP,0.047306,-0.040031,0.045446,0,97,489.5742813375803,116.35160446166992,16,0.25357818603515625,259.6640625,21.56645869528694,1,12,13,0.0,0.276,0.55,0.15,0.05,0.1,0.15,72,369.68153440112036,114.21775817871094,17,0.24715288947610295,268.90234375,20.95035440519257,1,13,14,0.0,0.276,0.55,0.15,0.05,0.15,0.1
57,frozen_attentive_ppoclip_seed5,0,NOOP,0.046096,0.477176,0.319278,0,72,369.68153440112036,114.21775817871094,17,0.24715288947610295,268.90234375,20.95035440519257,1,13,14,0.0,0.276,0.55,0.15,0.05,0.15,0.1,77,423.31833148082126,163.43092918395996,18,0.2417322794596354,278.4755859375,20.378052724742794,1,14,15,0.92,0.322,0.55,0.15,0.05,0.15,0.1
58,frozen_attentive_ppoclip_seed5,1,COMPACT_32KB,0.09753,0.431932,0.385782,0,77,423.31833148082126,163.43092918395996,18,0.2417322794596354,278.4755859375,20.378052724742794,1,14,15,0.92,0.322,0.55,0.15,0.05,0.15,0.1,68,339.87350879973496,112.09678649902344,7,0.5636182512555804,252.5009765625,24.244316344211143,1,0,16,0.92,0.368,0.55,0.15,0.05,0.15,0.1
59,frozen_attentive_ppoclip_seed5,0,NOOP,0.101463,0.476663,0.375419,0,68,339.87350879973496,112.09678649902344,7,0.5636182512555804,252.5009765625,24.244316344211143,1,0,16,0.92,0.368,0.55,0.15,0.05,0.15,0.1,79,407.4508298420982,112.20431327819824,8,0.5123157501220703,262.3056640625,24.291170172613285,1,1,17,0.92,0.41400000000000003,0.55,0.15,0.05,0.15,0.1
60,frozen_attentive_ppoclip_seed5,0,NOOP,0.09293,0.476453,0.366787,0,79,407.4508298420982,112.20431327819824,8,0.5123157501220703,262.3056640625,24.291170172613285,1,1,17,0.92,0.41400000000000003,0.55,0.15,0.05,0.15,0.1,65,328.74763956985305,118.38245391845703,9,0.4702741834852431,270.8779296875,24.113485931187494,1,2,18,0.92,0.4600000000000001,0.55,0.15,0.05,0.15,0.1
61,frozen_attentive_ppoclip_seed5,0,NOOP,0.086224,0.476235,0.359895,0,65,328.74763956985305,118.38245391845703,9,0.4702741834852431,270.8779296875,24.113485931187494,1,2,18,0.92,0.4600000000000001,0.55,0.15,0.05,0.15,0.1,71,302.4076023433382,128.97324562072754,10,0.437371826171875,279.91796875,23.689562715060646,1,3,19,0.92,0.506,0.55,0.15,0.05,0.15,0.1
62,frozen_attentive_ppoclip_seed5,0,NOOP,0.081178,0.475972,0.35502,0,71,302.4076023433382,128.97324562072754,10,0.437371826171875,279.91796875,23.689562715060646,1,3,19,0.92,0.506,0.55,0.15,0.05,0.15,0.1,90,463.2354922670829,121.6578483581543,11,0.4127655029296875,290.5869140625,23.072840122299727,1,4,20,0.92,0.552,0.6,0.15,0.0,0.15,0.1
63,frozen_attentive_ppoclip_seed5,0,NOOP,0.076821,0.464241,0.350589,0,90,463.2354922670829,121.6578483581543,11,0.4127655029296875,290.5869140625,23.072840122299727,1,4,20,0.92,0.552,0.6,0.15,0.0,0.15,0.1,84,440.22032911424037,126.59215927124023,12,0.3916066487630208,300.75390625,22.493669422061256,1,5,21,0.92,0.552,0.6,0.15,0.0,0.15,0.1
64,frozen_attentive_ppoclip_seed5,0,NOOP,0.072527,-0.053406,0.071128,0,84,440.22032911424037,126.59215927124023,12,0.3916066487630208,300.75390625,22.493669422061256,1,5,21,0.92,0.552,0.6,0.15,0.0,0.15,0.1,56,303.6074215972928,86.17544174194336,13,0.370758056640625,308.470703125,22.066861536523554,1,6,22,0.0,0.506,0.55,0.15,0.0,0.15,0.15
65,frozen_attentive_ppoclip_seed5,0,NOOP,0.068787,0.475457,0.342406,0,56,303.6074215972928,86.17544174194336,13,0.370758056640625,308.470703125,22.066861536523554,1,6,22,0.0,0.506,0.55,0.15,0.0,0.15,0.15,54,285.6827364907904,136.55996322631836,14,0.3526862008231027,316.0068359375,21.63832374413843,1,7,23,0.92,0.552,0.6,0.1,0.0,0.15,0.15
66,frozen_attentive_ppoclip_seed5,0,NOOP,0.066021,0.463758,0.339669,0,54,285.6827364907904,136.55996322631836,14,0.3526862008231027,316.0068359375,21.63832374413843,1,7,23,0.92,0.552,0.6,0.1,0.0,0.15,0.15,82,422.46078332625,136.3515853881836,15,0.3394805908203125,325.9013671875,21.106572108842833,1,8,24,0.92,0.552,0.6,0.1,0.0,0.15,0.15
67,frozen_attentive_ppoclip_seed5,0,NOOP,0.063371,0.475096,0.336918,0,82,422.46078332625,136.3515853881836,15,0.3394805908203125,325.9013671875,21.106572108842833,1,8,24,0.92,0.552,0.6,0.1,0.0,0.15,0.15,70,382.38395036323715,142.6076889038086,16,0.32685279846191406,334.697265625,20.64554848793637,1,9,25,0.92,0.5980000000000001,0.65,0.1,0.0,0.1,0.15
68,frozen_attentive_ppoclip_seed5,0,NOOP,0.060901,0.46346,0.334268,0,70,382.38395036323715,142.6076889038086,16,0.32685279846191406,334.697265625,20.64554848793637,1,9,25,0.92,0.5980000000000001,0.65,0.1,0.0,0.1,0.15,61,321.739278712603,152.92024612426758,17,0.3151307947495404,342.8623046875,20.22786607975521,1,10,26,0.92,0.5980000000000001,0.65,0.1,0.0,0.1,0.15
69,frozen_attentive_ppoclip_seed5,1,COMPACT_32KB,0.086573,0.32272,0.323173,0,61,321.739278712603,152.92024612426758,17,0.3151307947495404,342.8623046875,20.22786607975521,1,10,26,0.92,0.5980000000000001,0.65,0.1,0.0,0.1,0.15,53,289.7320991483915,148.38528633117676,10,0.5107040405273438,326.8505859375,21.266534459939823,1,0,27,0.75,0.5895,0.6,0.1,0.05,0.1,0.15
70,frozen_attentive_ppoclip_seed5,0,NOOP,0.08735,0.474639,0.360789,0,53,289.7320991483915,148.38528633117676,10,0.5107040405273438,326.8505859375,21.266534459939823,1,0,27,0.75,0.5895,0.6,0.1,0.05,0.1,0.15,100,498.2039114605914,143.0513858795166,12,0.44425074259440106,341.1845703125,21.649429876569663,1,1,28,0.92,0.6355000000000001,0.65,0.1,0.05,0.05,0.15
71,frozen_attentive_ppoclip_seed5,0,NOOP,0.083038,-0.054545,0.080665,0,100,498.2039114605914,143.0513858795166,12,0.44425074259440106,341.1845703125,21.649429876569663,1,1,28,0.92,0.6355000000000001,0.65,0.1,0.05,0.05,0.15,94,481.88765374306223,134.90843772888184,13,0.42331636868990385,352.19921875,21.2832209238433,1,2,29,0.0,0.5895,0.6,0.1,0.05,0.1,0.15
72,frozen_attentive_ppoclip_seed5,0,NOOP,0.078816,0.47433,0.352259,0,94,481.88765374306223,134.90843772888184,13,0.42331636868990385,352.19921875,21.2832209238433,1,2,29,0.0,0.5895,0.6,0.1,0.05,0.1,0.15,67,345.26194945990306,145.3113555908203,14,0.40282767159598215,360.93359375,21.028634602069737,1,3,30,0.92,0.6355000000000001,0.65,0.05,0.05,0.1,0.15
73,frozen_attentive_ppoclip_seed5,0,NOOP,0.074824,-0.043263,0.07291,0,67,345.26194945990306,145.3113555908203,14,0.40282767159598215,360.93359375,21.028634602069737,1,3,30,0.92,0.6355000000000001,0.65,0.05,0.05,0.1,0.15,51,262.4910930016529,114.43042755126953,15,0.3834940592447917,368.154296875,20.82265786067125,1,4,31,0.0,0.6355,0.65,0.1,0.05,0.1,0.1
74,frozen_attentive_ppoclip_seed5,0,NOOP,0.071383,-0.043359,0.06922,0,51,262.4910930016529,114.43042755126953,15,0.3834940592447917,368.154296875,20.82265786067125,1,4,31,0.0,0.6355,0.65,0.1,0.05,0.1,0.1,55,271.75965968595636,128.1440258026123,16,0.3669166564941406,375.72265625,20.559365465129407,1,5,32,0.0,0.6355,0.65,0.1,0.05,0.15,0.05
75,frozen_attentive_ppoclip_seed5,0,NOOP,0.068953,0.473981,0.342193,0,55,271.75965968595636,128.1440258026123,16,0.3669166564941406,375.72265625,20.559365465129407,1,5,32,0.0,0.6355,0.65,0.1,0.05,0.15,0.05,94,434.96609320562294,159.22093391418457,17,0.3553888657513787,386.6630859375,20.137599973973305,1,6,33,0.92,0.6815,0.7,0.05,0.05,0.15,0.05
76,frozen_attentive_ppoclip_seed5,1,COMPACT_32KB,0.082348,0.428892,0.37037,0,94,434.96609320562294,159.22093391418457,17,0.3553888657513787,386.6630859375,20.137599973973305,1,6,33,0.92,0.6815,0.7,0.05,0.05,0.15,0.05,55,288.3248822324405,129.81891632080078,12,0.4908332824707031,376.9599609375,19.466314845671228,1,0,34,0.92,0.7275,0.75,0.05,0.05,0.1,0.05
77,frozen_attentive_ppoclip_seed5,0,NOOP,0.090884,0.462301,0.364433,0,55,288.3248822324405,129.81891632080078,12,0.4908332824707031,376.9599609375,19.466314845671228,1,0,34,0.92,0.7275,0.75,0.05,0.05,0.1,0.05,57,297.1515107071345,138.80348205566406,13,0.4625443678635817,384.8369140625,19.747700715863868,1,1,35,0.92,0.7274999999999999,0.75,0.05,0.05,0.1,0.05
78,frozen_attentive_ppoclip_seed5,0,NOOP,0.085971,0.462207,0.359577,0,57,297.1515107071345,138.80348205566406,13,0.4625443678635817,384.8369140625,19.747700715863868,1,1,35,0.92,0.7274999999999999,0.75,0.05,0.05,0.1,0.05,61,323.4876694073603,137.23993301391602,14,0.4386073521205357,392.9921875,19.819961360010034,1,2,36,0.92,0.7274999999999999,0.75,0.05,0.05,0.1,0.05
79,frozen_attentive_ppoclip_seed5,0,NOOP,0.081593,0.462123,0.354776,0,61,323.4876694073603,137.23993301391602,14,0.4386073521205357,392.9921875,19.819961360010034,1,2,36,0.92,0.7274999999999999,0.75,0.05,0.05,0.1,0.05,56,238.36786919051892,159.59978103637695,15,0.41734212239583335,400.6484375,19.813008420820708,1,3,37,0.92,0.7275,0.75,0.05,0.05,0.1,0.05
80,frozen_attentive_ppoclip_seed5,0,NOOP,0.077863,-0.055467,0.076488,0,56,238.36786919051892,159.59978103637695,15,0.41734212239583335,400.6484375,19.813008420820708,1,3,37,0.92,0.7275,0.75,0.05,0.05,0.1,0.05,62,328.10253123351896,88.73176574707031,16,0.39931392669677734,408.8974609375,19.689722884597202,1,4,38,0.0,0.6815,0.7,0.05,0.05,0.1,0.1
81,frozen_attentive_ppoclip_seed5,0,NOOP,0.074847,-0.055581,0.072602,0,62,328.10253123351896,88.73176574707031,16,0.39931392669677734,408.8974609375,19.689722884597202,1,4,38,0.0,0.6815,0.7,0.05,0.05,0.1,0.1,81,414.25426735810936,133.48650932312012,17,0.3848580753102022,418.7255859375,19.442375787341483,1,5,39,0.0,0.6355000000000001,0.65,0.1,0.05,0.1,0.1
82,frozen_attentive_ppoclip_seed5,0,NOOP,0.072427,0.461786,0.345674,0,81,414.25426735810936,133.48650932312012,17,0.3848580753102022,418.7255859375,19.442375787341483,1,5,39,0.0,0.6355000000000001,0.65,0.1,0.05,0.1,0.1,99,502.75096134287736,160.18223762512207,18,0.37338680691189235,430.1416015625,19.117327167146673,1,6,40,0.92,0.6355,0.65,0.1,0.05,0.1,0.1
83,frozen_attentive_ppoclip_seed5,1,COMPACT_32KB,0.085758,0.416672,0.373679,0,99,502.75096134287736,160.18223762512207,18,0.37338680691189235,430.1416015625,19.117327167146673,1,6,40,0.92,0.6355,0.65,0.1,0.05,0.1,0.1,88,432.50735827455816,136.13557815551758,13,0.5085073617788461,423.078125,17.516970710048685,1,0,41,0.92,0.6355000000000001,0.65,0.1,0.05,0.1,0.1
84,frozen_attentive_ppoclip_seed5,0,NOOP,0.089259,0.473048,0.362804,0,88,432.50735827455816,136.13557815551758,13,0.5085073617788461,423.078125,17.516970710048685,1,0,41,0.92,0.6355000000000001,0.65,0.1,0.05,0.1,0.1,100,502.25170638246914,141.48640632629395,15,0.455670166015625,437.443359375,18.510715416191967,1,1,42,0.92,0.6815,0.7,0.1,0.05,0.1,0.05
85,frozen_attentive_ppoclip_seed5,0,NOOP,0.085567,0.46144,0.358852,0,100,502.25170638246914,141.48640632629395,15,0.455670166015625,437.443359375,18.510715416191967,1,1,42,0.92,0.6815,0.7,0.1,0.05,0.1,0.05,91,482.8082702439456,155.74979782104492,16,0.4378366470336914,448.3447265625,18.4566026648761,1,2,43,0.92,0.6815,0.7,0.1,0.05,0.1,0.05
86,frozen_attentive_ppoclip_seed5,0,NOOP,0.081706,0.461376,0.355131,0,91,482.8082702439456,155.74979782104492,16,0.4378366470336914,448.3447265625,18.4566026648761,1,2,43,0.92,0.6815,0.7,0.1,0.05,0.1,0.05,56,290.97522856222594,150.00605583190918,17,0.41915444766773896,456.0400390625,18.538043980853715,1,3,44,0.92,0.6815,0.7,0.1,0.05,0.1,0.05
87,frozen_attentive_ppoclip_seed5,0,NOOP,0.07864,0.461285,0.35198,0,56,290.97522856222594,150.00605583190918,17,0.41915444766773896,456.0400390625,18.538043980853715,1,3,44,0.92,0.6815,0.7,0.1,0.05,0.1,0.05,81,416.5398193523708,155.52282333374023,18,0.40445200602213544,465.9287109375,18.42229658402977,1,4,45,0.92,0.6815,0.7,0.1,0.05,0.1,0.05
88,frozen_attentive_ppoclip_seed5,1,COMPACT_32KB,0.080173,0.416216,0.367792,0,81,416.5398193523708,155.52282333374023,18,0.40445200602213544,465.9287109375,18.42229658402977,1,4,45,0.92,0.6815,0.7,0.1,0.05,0.1,0.05,64,328.0728704662199,153.70869636535645,15,0.4818318684895833,462.55859375,16.906448051502032,1,0,46,0.92,0.6815,0.7,0.1,0.05,0.1,0.05
89,frozen_attentive_ppoclip_seed5,0,NOOP,0.090583,-0.054263,0.089256,0,64,328.0728704662199,153.70869636535645,15,0.4818318684895833,462.55859375,16.906448051502032,1,0,46,0.92,0.6815,0.7,0.1,0.05,0.1,0.05,99,497.6320144195277,86.35616302490234,16,0.46291351318359375,474.0234375,17.036090930447347,1,1,47,0.0,0.644,0.7,0.1,0.0,0.1,0.1
90,frozen_attentive_ppoclip_seed5,0,NOOP,0.086503,0.461051,0.359903,0,99,497.6320144195277,86.35616302490234,16,0.46291351318359375,474.0234375,17.036090930447347,1,1,47,0.0,0.644,0.7,0.1,0.0,0.1,0.1,60,313.2317764570433,151.2293815612793,17,0.44313767377068014,482.1337890625,17.300897907915925,1,2,48,0.92,0.644,0.7,0.1,0.0,0.1,0.1
91,frozen_attentive_ppoclip_seed5,0,NOOP,0.082722,0.472499,0.35621,0,60,313.2317764570433,151.2293815612793,17,0.44313767377068014,482.1337890625,17.300897907915925,1,2,48,0.92,0.644,0.7,0.1,0.0,0.1,0.1,52,261.31764576201937,148.09226989746094,18,0.42486148410373265,489.4404296875,17.502585740332915,1,3,49,0.92,0.6900000000000001,0.75,0.1,0.0,0.05,0.1
92,frozen_attentive_ppoclip_seed5,0,NOOP,0.079326,-0.056551,0.076134,0,52,261.31764576201937,148.09226989746094,18,0.42486148410373265,489.4404296875,17.502585740332915,1,3,49,0.92,0.6900000000000001,0.75,0.1,0.0,0.05,0.1,51,265.48830674638,183.3033561706543,19,0.40850267912212174,496.7392578125,17.611022403430365,1,4,50,0.0,0.644,0.7,0.15,0.0,0.05,0.1
93,frozen_attentive_ppoclip_seed5,0,NOOP,0.07682,-0.045139,0.075268,0,51,265.48830674638,183.3033561706543,19,0.40850267912212174,496.7392578125,17.611022403430365,1,4,50,0.0,0.644,0.7,0.15,0.0,0.05,0.1,93,475.3360532280471,102.61654853820801,20,0.39660186767578126,507.650390625,17.476464135515346,1,5,51,0.0,0.644,0.7,0.1,0.0,0.05,0.15
94,frozen_attentive_ppoclip_seed5,1,COMPACT_32KB,0.081877,0.427291,0.369417,0,93,475.3360532280471,102.61654853820801,20,0.39660186767578126,507.650390625,17.476464135515346,1,5,51,0.0,0.644,0.7,0.1,0.0,0.05,0.15,77,392.50983275624657,158.9045524597168,16,0.49097633361816406,502.759765625,16.002015010292393,1,0,52,0.92,0.6900000000000001,0.75,0.1,0.0,0.0,0.15
95,frozen_attentive_ppoclip_seed5,0,NOOP,0.091712,0.46074,0.365082,0,77,392.50983275624657,158.9045524597168,16,0.49097633361816406,502.759765625,16.002015010292393,1,0,52,0.92,0.6900000000000001,0.75,0.1,0.0,0.0,0.15,57,300.17543806783084,152.74763107299805,17,0.46918442670036764,510.47265625,16.526578596945797,1,1,53,0.92,0.6900000000000001,0.75,0.1,0.0,0.0,0.15
96,frozen_attentive_ppoclip_seed5,0,NOOP,0.088245,0.460661,0.361611,0,57,300.17543806783084,152.74763107299805,17,0.46918442670036764,510.47265625,16.526578596945797,1,1,53,0.92,0.6900000000000001,0.75,0.1,0.0,0.0,0.15,91,441.92741945755057,154.19769287109375,18,0.4524739583333333,521.25,16.662810310688503,1,2,54,0.92,0.6900000000000001,0.75,0.1,0.0,0.0,0.15
97,frozen_attentive_ppoclip_seed5,0,NOOP,0.084817,0.460602,0.358219,0,91,441.92741945755057,154.19769287109375,18,0.4524739583333333,521.25,16.662810310688503,1,2,54,0.92,0.6900000000000001,0.75,0.1,0.0,0.0,0.15,69,368.44648424719185,153.62071990966797,19,0.4359588623046875,530.1259765625,16.83599300586808,1,3,55,0.92,0.6900000000000001,0.75,0.1,0.0,0.0,0.15
98,frozen_attentive_ppoclip_seed5,0,NOOP,0.081753,0.460542,0.355091,0,69,368.44648424719185,153.62071990966797,19,0.4359588623046875,530.1259765625,16.83599300586808,1,3,55,0.92,0.6900000000000001,0.75,0.1,0.0,0.0,0.15,73,368.5280887786912,158.10465812683105,20,0.4212638854980469,539.2177734375,16.91810277321982,1,4,56,0.92,0.6900000000000001,0.75,0.1,0.0,0.0,0.15
99,frozen_attentive_ppoclip_seed5,0,NOOP,0.078725,0.4605,0.351956,0,73,368.5280887786912,158.10465812683105,20,0.4212638854980469,539.2177734375,16.91810277321982,1,4,56,0.92,0.6900000000000001,0.75,0.1,0.0,0.0,0.15,53,263.6369061596446,164.6890640258789,21,0.40674918038504465,546.6708984375,17.030345132970634,1,5,57,0.92,0.6900000000000001,0.75,0.1,0.0,0.0,0.15
100,frozen_attentive_ppoclip_seed5,1,COMPACT_32KB,0.083142,0.426938,0.370806,0,53,263.6369061596446,164.6890640258789,21,0.40674918038504465,546.6708984375,17.030345132970634,1,5,57,0.92,0.6900000000000001,0.75,0.1,0.0,0.0,0.15,78,390.1064018544487,153.99622917175293,17,0.4979274974149816,541.7451171875,15.27453087304551,1,0,58,0.92,0.736,0.8,0.1,0.0,0.0,0.1
101,frozen_attentive_ppoclip_seed5,0,NOOP,0.093487,-0.045621,0.090954,0,78,390.1064018544487,153.99622917175293,17,0.4979274974149816,541.7451171875,15.27453087304551,1,0,58,0.92,0.736,0.8,0.1,0.0,0.0,0.1,77,397.5164047422112,149.15776252746582,18,0.4786834716796875,551.443359375,15.712764752790717,1,1,59,0.0,0.736,0.8,0.05,0.0,0.05,0.1
102,frozen_attentive_ppoclip_seed5,0,NOOP,0.089499,-0.057158,0.087514,0,77,397.5164047422112,149.15776252746582,18,0.4786834716796875,551.443359375,15.712764752790717,1,1,59,0.0,0.736,0.8,0.05,0.0,0.05,0.1,50,261.2134271657221,122.99323081970215,19,0.4593682540090461,558.591796875,16.19287511826385,1,2,60,0.0,0.6900000000000001,0.75,0.05,0.0,0.1,0.1
103,frozen_attentive_ppoclip_seed5,0,NOOP,0.086106,-0.057206,0.082546,0,50,261.2134271657221,122.99323081970215,19,0.4593682540090461,558.591796875,16.19287511826385,1,2,60,0.0,0.6900000000000001,0.75,0.05,0.0,0.1,0.1,65,322.2673037232823,203.01532745361328,20,0.44302978515625,567.078125,16.440100388481152,1,3,61,0.0,0.644,0.7,0.1,0.0,0.1,0.1
104,frozen_attentive_ppoclip_seed5,0,NOOP,0.082975,0.46025,0.355741,0,65,322.2673037232823,203.01532745361328,20,0.44302978515625,567.078125,16.440100388481152,1,3,61,0.0,0.644,0.7,0.1,0.0,0.1,0.1,61,309.38589475542614,187.96157836914062,21,0.42800104050409227,575.2333984375,16.61899220215605,1,4,62,0.92,0.644,0.7,0.1,0.0,0.1,0.1
105,frozen_attentive_ppoclip_seed5,1,COMPACT_32KB,0.07832,-0.102315,0.089158,0,61,309.38589475542614,187.96157836914062,21,0.42800104050409227,575.2333984375,16.61899220215605,1,4,62,0.92,0.644,0.7,0.1,0.0,0.1,0.1,94,479.3053229188828,197.7708339691162,19,0.4750647293893914,577.6787109375,15.222598036564394,1,0,63,0.0,0.5980000000000001,0.65,0.15,0.0,0.1,0.1
106,frozen_attentive_ppoclip_seed5,0,NOOP,0.089176,-0.057363,0.087035,0,94,479.3053229188828,197.7708339691162,19,0.4750647293893914,577.6787109375,15.222598036564394,1,0,63,0.0,0.5980000000000001,0.65,0.15,0.0,0.1,0.1,70,356.3572101333178,132.05456733703613,20,0.45838165283203125,586.728515625,15.567006610255543,1,1,64,0.0,0.552,0.6,0.2,0.0,0.1,0.1
107,frozen_attentive_ppoclip_seed5,0,NOOP,0.085803,-0.057399,0.083147,0,70,356.3572101333178,132.05456733703613,20,0.45838165283203125,586.728515625,15.567006610255543,1,1,64,0.0,0.552,0.6,0.2,0.0,0.1,0.1,54,271.4844475555992,159.0108871459961,21,0.44213794526599703,594.2333984375,15.903179645729113,1,2,65,0.0,0.506,0.55,0.25,0.0,0.1,0.1
108,frozen_attentive_ppoclip_seed5,0,NOOP,0.083257,0.364414,0.303941,0,54,271.4844475555992,159.0108871459961,21,0.44213794526599703,594.2333984375,15.903179645729113,1,2,65,0.0,0.506,0.55,0.25,0.0,0.1,0.1,95,476.46758191364825,243.29614639282227,22,0.4300329034978693,605.486328125,15.93963710029207,1,3,66,0.75,0.49750000000000005,0.5,0.25,0.05,0.1,0.1
109,frozen_attentive_ppoclip_seed5,0,NOOP,0.080415,0.375879,0.301098,0,95,476.46758191364825,243.29614639282227,22,0.4300329034978693,605.486328125,15.93963710029207,1,3,66,0.75,0.49750000000000005,0.5,0.25,0.05,0.1,0.1,54,268.4103248406964,244.5840835571289,23,0.41644884192425274,613.0126953125,16.121637518639297,1,4,67,0.75,0.535,0.5,0.25,0.1,0.1,0.05
110,frozen_attentive_ppoclip_seed5,0,NOOP,0.078277,-0.057555,0.07377,0,54,268.4103248406964,244.5840835571289,23,0.41644884192425274,613.0126953125,16.121637518639297,1,4,67,0.75,0.535,0.5,0.25,0.1,0.1,0.05,96,480.6295630501264,255.36489486694336,24,0.40638478597005206,624.20703125,16.07991374008418,1,5,68,0.0,0.48900000000000005,0.45,0.25,0.1,0.15,0.05
111,frozen_attentive_ppoclip_seed5,3,COMPACT_128KB,0.16675,-0.112589,0.197768,0,96,480.6295630501264,255.36489486694336,24,0.40638478597005206,624.20703125,16.07991374008418,1,5,68,0.0,0.48900000000000005,0.45,0.25,0.1,0.15,0.05,56,266.8526386348402,81.60161972045898,6,1.4970245361328125,574.857421875,35.04299536569954,1,0,69,0.0,0.44300000000000006,0.4,0.25,0.1,0.2,0.05
112,frozen_attentive_ppoclip_seed5,0,NOOP,0.199125,0.375742,0.421723,0,56,266.8526386348402,81.60161972045898,6,1.4970245361328125,574.857421875,35.04299536569954,1,0,69,0.0,0.44300000000000006,0.4,0.25,0.1,0.2,0.05,73,357.3265552151714,128.8461685180664,7,1.3038787841796875,584.1376953125,45.74887941721755,1,1,70,0.75,0.4805,0.4,0.2,0.15,0.2,0.05
113,frozen_attentive_ppoclip_seed5,0,NOOP,0.199,0.375698,0.421638,0,73,357.3265552151714,128.8461685180664,7,1.3038787841796875,584.1376953125,45.74887941721755,1,1,70,0.75,0.4805,0.4,0.2,0.15,0.2,0.05,76,379.93423646553185,128.0972957611084,8,1.1593551635742188,593.58984375,49.78346535829385,1,2,71,0.75,0.518,0.4,0.2,0.2,0.2,0.0
114,frozen_attentive_ppoclip_seed5,0,NOOP,0.198875,-0.05771,0.1971,0,76,379.93423646553185,128.0972957611084,8,1.1593551635742188,593.58984375,49.78346535829385,1,2,71,0.75,0.518,0.4,0.2,0.2,0.2,0.0,58,262.8648956459255,99.99823570251465,9,1.0441928439670138,601.455078125,51.550925103002164,1,3,72,0.0,0.4720000000000001,0.35,0.25,0.2,0.2,0.0
115,frozen_attentive_ppoclip_seed5,0,NOOP,0.189683,-0.057754,0.188074,0,58,262.8648956459255,99.99823570251465,9,1.0441928439670138,601.455078125,51.550925103002164,1,3,72,0.0,0.4720000000000001,0.35,0.25,0.2,0.2,0.0,78,390.1710711955854,92.91958808898926,10,0.9546630859375,610.984375,51.8703999815869,1,4,73,0.0,0.426,0.3,0.3,0.2,0.2,0.0
116,frozen_attentive_ppoclip_seed5,0,NOOP,0.175312,0.364071,0.397481,0,78,390.1710711955854,92.91958808898926,10,0.9546630859375,610.984375,51.8703999815869,1,4,73,0.0,0.426,0.3,0.3,0.2,0.2,0.0,93,432.7411453814869,155.30109405517578,11,0.8834353360262784,621.9384765625,51.47884342990374,1,5,74,0.75,0.4175,0.25,0.3,0.25,0.2,0.0
117,frozen_attentive_ppoclip_seed5,0,NOOP,0.16315,-0.057851,0.161223,0,93,432.7411453814869,155.30109405517578,11,0.8834353360262784,621.9384765625,51.47884342990374,1,5,74,0.75,0.4175,0.25,0.3,0.25,0.2,0.0,87,422.0265911677353,111.37247085571289,12,0.8232510884602865,632.2568359375,50.86444093067138,1,6,75,0.0,0.3715,0.2,0.35,0.25,0.2,0.0
118,frozen_attentive_ppoclip_seed5,0,NOOP,0.152136,-0.057878,0.150342,0,87,422.0265911677353,111.37247085571289,12,0.8232510884602865,632.2568359375,50.86444093067138,1,6,75,0.0,0.3715,0.2,0.35,0.25,0.2,0.0,53,252.15960942719695,105.94749450683594,13,0.7688046968900241,639.6455078125,50.29354781589557,1,7,76,0.0,0.3255,0.15,0.4,0.25,0.2,0.0
119,frozen_attentive_ppoclip_seed5,0,NOOP,0.143061,0.36396,0.364747,0,53,252.15960942719695,105.94749450683594,13,0.7688046968900241,639.6455078125,50.29354781589557,1,7,76,0.0,0.3255,0.15,0.4,0.25,0.2,0.0,73,358.76391365787015,183.2265853881836,14,0.7240556989397321,648.75390625,49.4944276888169,1,8,77,0.75,0.317,0.1,0.4,0.3,0.2,0.0
120,frozen_attentive_ppoclip_seed5,0,NOOP,0.135653,0.363911,0.354492,0,73,358.76391365787015,183.2265853881836,14,0.7240556989397321,648.75390625,49.4944276888169,1,8,77,0.75,0.317,0.1,0.4,0.3,0.2,0.0,98,474.56957336954014,326.8015384674072,15,0.6876393636067708,660.1337890625,48.540689540612355,1,9,78,0.75,0.3085,0.05,0.4,0.35,0.2,0.0
121,frozen_attentive_ppoclip_seed5,0,NOOP,0.128792,-0.046502,0.126829,0,98,474.56957336954014,326.8015384674072,15,0.6876393636067708,660.1337890625,48.540689540612355,1,9,78,0.75,0.3085,0.05,0.4,0.35,0.2,0.0,78,364.135086582833,118.12973022460938,16,0.6539592742919922,669.654296875,47.68080637056203,1,10,79,0.0,0.3085,0.05,0.4,0.35,0.2,0.0
122,frozen_attentive_ppoclip_seed5,0,NOOP,0.122665,-0.046538,0.120654,0,78,364.135086582833,118.12973022460938,16,0.6539592742919922,669.654296875,47.68080637056203,1,10,79,0.0,0.3085,0.05,0.4,0.35,0.2,0.0,74,366.63583121298245,121.7947006225586,17,0.6239489387063419,678.8564453125,46.841008516322866,1,11,80,0.0,0.3085,0.05,0.45,0.35,0.15,0.0
123,frozen_attentive_ppoclip_seed5,0,NOOP,0.11706,0.470933,0.389604,0,74,366.63583121298245,121.7947006225586,17,0.6239489387063419,678.8564453125,46.841008516322866,1,11,80,0.0,0.3085,0.05,0.45,0.35,0.15,0.0,63,318.2861382799326,195.29986381530762,18,0.5965508355034722,687.2265625,46.04737684932842,1,12,81,0.92,0.3545,0.1,0.4,0.35,0.15,0.0
124,frozen_attentive_ppoclip_seed5,0,NOOP,0.111895,-0.058092,0.11041,0,63,318.2861382799326,195.29986381530762,18,0.5965508355034722,687.2265625,46.04737684932842,1,12,81,0.92,0.3545,0.1,0.4,0.35,0.15,0.0,54,262.65441291583994,98.01793098449707,19,0.57135009765625,694.76171875,45.29886679809734,1,13,82,0.0,0.3085,0.05,0.4,0.35,0.15,0.05
125,frozen_attentive_ppoclip_seed5,0,NOOP,0.107474,-0.046624,0.105005,0,54,262.65441291583994,98.01793098449707,19,0.57135009765625,694.76171875,45.29886679809734,1,13,82,0.0,0.3085,0.05,0.4,0.35,0.15,0.05,71,341.56275190339755,148.41532707214355,20,0.5498687744140625,703.83203125,44.51729729488666,1,14,83,0.0,0.3085,0.05,0.4,0.35,0.15,0.05
126,frozen_attentive_ppoclip_seed5,0,NOOP,0.103247,-0.046649,0.101424,0,71,341.56275190339755,148.41532707214355,20,0.5498687744140625,703.83203125,44.51729729488666,1,14,83,0.0,0.3085,0.05,0.4,0.35,0.15,0.05,55,281.1538330286411,117.37775802612305,21,0.529358636765253,711.4580078125,43.80507111464706,1,15,84,0.0,0.3085,0.05,0.35,0.35,0.15,0.1
127,frozen_attentive_ppoclip_seed5,0,NOOP,0.099937,-0.046692,0.097414,0,55,281.1538330286411,117.37775802612305,21,0.529358636765253,711.4580078125,43.80507111464706,1,15,84,0.0,0.3085,0.05,0.35,0.35,0.15,0.1,99,495.5350776593015,153.69319915771484,22,0.5134374445134943,722.919921875,43.015704080266865,1,16,85,0.0,0.3085,0.05,0.35,0.35,0.15,0.1
128,frozen_attentive_ppoclip_seed5,3,COMPACT_128KB,0.1665,-0.111107,0.19741,0,99,495.5350776593015,153.69319915771484,22,0.5134374445134943,722.919921875,43.015704080266865,1,16,85,0.0,0.3085,0.05,0.35,0.35,0.15,0.1,95,387.7043490613862,89.51950073242188,8,1.3486480712890625,690.5078125,38.336695405965095,1,0,86,0.0,0.271,0.05,0.4,0.3,0.15,0.1
129,frozen_attentive_ppoclip_seed5,0,NOOP,0.198875,0.461366,0.472549,0,95,387.7043490613862,89.51950073242188,8,1.3486480712890625,690.5078125,38.336695405965095,1,0,86,0.0,0.271,0.05,0.4,0.3,0.15,0.1,64,319.3998550753953,127.56538391113281,9,1.2134331597222223,698.9375,44.27162314005909,1,1,87,0.92,0.27949999999999997,0.1,0.4,0.25,0.15,0.1
130,frozen_attentive_ppoclip_seed5,0,NOOP,0.19875,-0.046795,0.196968,0,64,319.3998550753953,127.56538391113281,9,1.2134331597222223,698.9375,44.27162314005909,1,1,87,0.92,0.27949999999999997,0.1,0.4,0.25,0.15,0.1,89,439.7586124432915,101.61614418029785,10,1.10853271484375,709.4609375,46.828725250541446,1,2,88,0.0,0.27949999999999997,0.1,0.45,0.25,0.1,0.1
131,frozen_attentive_ppoclip_seed5,0,NOOP,0.198625,-0.046829,0.196604,0,89,439.7586124432915,101.61614418029785,10,1.10853271484375,709.4609375,46.828725250541446,1,2,88,0.0,0.27949999999999997,0.1,0.45,0.25,0.1,0.1,84,414.712062875122,114.8219108581543,11,1.0220364657315342,719.513671875,48.07002784860363,1,3,89,0.0,0.27949999999999997,0.1,0.5,0.25,0.05,0.1
132,frozen_attentive_ppoclip_seed5,0,NOOP,0.188662,-0.056239,0.186966,0,84,414.712062875122,114.8219108581543,11,1.0220364657315342,719.513671875,48.07002784860363,1,3,89,0.0,0.27949999999999997,0.1,0.5,0.25,0.05,0.1,89,437.80184436107066,99.84397888183594,12,0.950812021891276,730.2236328125,48.47685702104526,1,4,90,0.0,0.242,0.1,0.55,0.2,0.05,0.1
133,frozen_attentive_ppoclip_seed5,0,NOOP,0.175981,-0.056264,0.174181,0,89,437.80184436107066,99.84397888183594,12,0.950812021891276,730.2236328125,48.47685702104526,1,4,90,0.0,0.242,0.1,0.55,0.2,0.05,0.1,65,322.19570247777614,106.25505447387695,13,0.8880321796123798,738.8427734375,48.62138070062818,1,5,91,0.0,0.2045,0.1,0.6,0.15,0.05,0.1
134,frozen_attentive_ppoclip_seed5,5,PARTITION_REGION,-0.016597,-0.146916,0.163278,0,65,322.19570247777614,106.25505447387695,13,0.8880321796123798,738.8427734375,48.62138070062818,1,5,91,0.0,0.2045,0.1,0.6,0.15,0.05,0.1,72,371.2366626919247,114.63069915771484,14,0.834855215890067,748.0302734375,48.41844992208327,2,6,0,0.0,0.2045,0.1,0.6,0.15,0.05,0.1
135,frozen_attentive_ppoclip_seed5,0,NOOP,0.138209,-0.094988,0.136576,0,72,371.2366626919247,114.63069915771484,14,0.834855215890067,748.0302734375,48.41844992208327,2,6,0,0.0,0.2045,0.1,0.6,0.15,0.05,0.1,82,340.9972823958541,102.9202938079834,17,0.7016709271599265,763.41796875,47.59368508343231,2,7,1,0.0,0.2045,0.1,0.55,0.15,0.05,0.15
136,frozen_attentive_ppoclip_seed5,0,NOOP,0.119233,-0.103142,0.115428,0,82,340.9972823958541,102.9202938079834,17,0.7016709271599265,763.41796875,47.59368508343231,2,7,1,0.0,0.2045,0.1,0.55,0.15,0.05,0.15,85,382.70306245457954,215.23332595825195,20,0.6086654663085938,779.091796875,46.033055291377515,2,8,2,0.0,0.16699999999999998,0.1,0.55,0.15,0.05,0.15
137,frozen_attentive_ppoclip_seed5,0,NOOP,0.104671,-0.083385,0.106295,0,85,382.70306245457954,215.23332595825195,20,0.6086654663085938,779.091796875,46.033055291377515,2,8,2,0.0,0.16699999999999998,0.1,0.55,0.15,0.05,0.15,50,208.52245157697968,205.5225372314453,23,0.5377276876698369,791.53515625,44.42704336382305,2,9,3,0.017199810718088255,0.16785999053590442,0.1,0.55,0.15,0.05,0.15
138,frozen_attentive_ppoclip_seed5,1,COMPACT_32KB,0.156573,-0.086009,0.169388,0,50,208.52245157697968,205.5225372314453,23,0.5377276876698369,791.53515625,44.42704336382305,2,9,3,0.017199810718088255,0.16785999053590442,0.1,0.55,0.15,0.05,0.15,91,375.9706695298417,92.64302253723145,14,0.863203866141183,773.4306640625,34.10205693757359,2,0,4,0.0,0.16785999053590442,0.1,0.5,0.15,0.05,0.2
139,frozen_attentive_ppoclip_seed5,0,NOOP,0.143014,-0.050497,0.140136,0,91,375.9706695298417,92.64302253723145,14,0.863203866141183,773.4306640625,34.10205693757359,2,0,4,0.0,0.16785999053590442,0.1,0.5,0.15,0.05,0.2,91,412.54364125894006,165.13609886169434,17,0.7256927490234375,789.5537109375,36.459400756832075,2,1,5,0.0,0.1303599905359044,0.15,0.5,0.1,0.05,0.2
140,frozen_attentive_ppoclip_seed5,0,NOOP,0.123034,0.326331,0.322572,0,91,412.54364125894006,165.13609886169434,17,0.7256927490234375,789.5537109375,36.459400756832075,2,1,5,0.0,0.1303599905359044,0.15,0.5,0.1,0.05,0.2,65,245.14771999741032,98.10328483581543,20,0.6276710510253907,803.4189453125,36.80053522835245,2,2,6,0.67,0.1263599905359044,0.15,0.55,0.05,0.05,0.2
141,frozen_attentive_ppoclip_seed5,0,NOOP,0.10849,-0.041271,0.10416,0,65,245.14771999741032,98.10328483581543,20,0.6276710510253907,803.4189453125,36.80053522835245,2,2,6,0.67,0.1263599905359044,0.15,0.55,0.05,0.05,0.2,92,392.6659475652992,245.28217315673828,23,0.5568263841711957,819.6484375,36.23762226821853,2,3,7,0.0,0.1263599905359044,0.15,0.55,0.1,0.0,0.2
142,frozen_attentive_ppoclip_seed5,0,NOOP,0.097007,0.335517,0.296941,0,92,392.6659475652992,245.28217315673828,23,0.5568263841711957,819.6484375,36.23762226821853,2,3,7,0.0,0.1263599905359044,0.15,0.55,0.1,0.0,0.2,72,309.6858921046937,85.8311653137207,26,0.5012870201697717,834.1416015625,35.44688861137242,2,4,8,0.67,0.1598599905359044,0.15,0.55,0.1,0.0,0.2
143,frozen_attentive_ppoclip_seed5,1,COMPACT_32KB,0.152177,0.279008,0.366303,0,72,309.6858921046937,85.8311653137207,26,0.5012870201697717,834.1416015625,35.44688861137242,2,4,8,0.67,0.1598599905359044,0.15,0.55,0.1,0.0,0.2,51,217.07929587841664,78.39465141296387,15,0.8418528238932291,808.1787109375,33.06588702975658,2,0,9,0.67,0.1473599905359044,0.1,0.6,0.1,0.0,0.2
144,frozen_attentive_ppoclip_seed5,0,NOOP,0.140292,0.335503,0.340212,0,51,217.07929587841664,78.39465141296387,15,0.8418528238932291,808.1787109375,33.06588702975658,2,0,9,0.67,0.1473599905359044,0.1,0.6,0.1,0.0,0.2,54,198.72985522505923,76.47037506103516,18,0.7127092149522569,821.041015625,35.52596071201609,2,1,10,0.67,0.1808599905359044,0.1,0.65,0.1,0.0,0.15
145,frozen_attentive_ppoclip_seed5,0,NOOP,0.121433,-0.041398,0.119803,0,54,198.72985522505923,76.47037506103516,18,0.7127092149522569,821.041015625,35.52596071201609,2,1,10,0.67,0.1808599905359044,0.1,0.65,0.1,0.0,0.15,52,225.10943884633684,107.77664184570312,21,0.6202923002697173,833.6728515625,35.96134572199597,2,2,11,0.0,0.1808599905359044,0.1,0.6,0.1,0.0,0.2
146,frozen_attentive_ppoclip_seed5,0,NOOP,0.107466,-0.041451,0.105821,0,52,225.10943884633684,107.77664184570312,21,0.6202923002697173,833.6728515625,35.96134572199597,2,2,11,0.0,0.1808599905359044,0.1,0.6,0.1,0.0,0.2,75,320.777928243951,112.21075057983398,24,0.5523281097412109,848.3759765625,35.53636898248177,2,3,12,0.0,0.18085999053590443,0.1,0.6,0.1,0.0,0.2
147,frozen_attentive_ppoclip_seed5,0,NOOP,0.087221,-0.041504,0.08439,0,75,320.777928243951,112.21075057983398,24,0.5523281097412109,848.3759765625,35.53636898248177,2,3,12,0.0,0.18085999053590443,0.1,0.6,0.1,0.0,0.2,100,405.84042744652567,179.05020713806152,30,0.4548558553059896,873.3232421875,34.0976788427806,2,4,13,0.0,0.18085999053590443,0.1,0.55,0.1,0.05,0.2
148,frozen_attentive_ppoclip_seed5,3,COMPACT_128KB,-0.126375,0.303624,0.398777,0,100,405.84042744652567,179.05020713806152,30,0.4548558553059896,873.3232421875,34.0976788427806,2,4,13,0.0,0.18085999053590443,0.1,0.55,0.1,0.05,0.2,50,199.38278530017436,56.16116523742676,11,1.1718056418678977,824.951171875,42.15320201934589,2,0,14,0.67,0.21435999053590443,0.1,0.55,0.1,0.05,0.2
149,frozen_attentive_ppoclip_seed5,0,NOOP,0.185808,0.347102,0.385873,0,50,199.38278530017436,56.16116523742676,11,1.1718056418678977,824.951171875,42.15320201934589,2,0,14,0.67,0.21435999053590443,0.1,0.55,0.1,0.05,0.2,82,383.46511347875145,64.25976753234863,14,0.937791006905692,840.2607421875,47.46371602874048,2,1,15,0.67,0.20185999053590442,0.05,0.6,0.1,0.05,0.2
150,frozen_attentive_ppoclip_seed5,0,NOOP,0.154678,-0.018313,0.150996,0,82,383.46511347875145,64.25976753234863,14,0.937791006905692,840.2607421875,47.46371602874048,2,1,15,0.67,0.20185999053590442,0.05,0.6,0.1,0.05,0.2,53,256.7916504461836,205.34539222717285,17,0.7840163286994485,853.009765625,48.07056232732142,2,2,16,0.0,0.20185999053590442,0.05,0.55,0.15,0.05,0.2
151,frozen_attentive_ppoclip_seed5,0,NOOP,0.08551,0.358533,0.285263,0,53,256.7916504461836,205.34539222717285,17,0.7840163286994485,853.009765625,48.07056232732142,2,2,16,0.0,0.20185999053590442,0.05,0.55,0.15,0.05,0.2,263,838.4865098241318,102.35738754272461,32,0.44755029678344727,916.5830078125,41.65771045546289,2,3,17,0.67,0.23535999053590442,0.05,0.55,0.15,0.05,0.2
152,frozen_attentive_ppoclip_seed5,0,NOOP,0.063163,0.358478,0.263175,0,263,838.4865098241318,102.35738754272461,32,0.44755029678344727,916.5830078125,41.65771045546289,2,3,17,0.67,0.23535999053590442,0.05,0.55,0.15,0.05,0.2,203,660.6586942689986,104.42852973937988,44,0.3433172052556818,966.78125,37.0489699918788,2,4,18,0.67,0.2688599905359044,0.05,0.55,0.15,0.05,0.2
153,frozen_attentive_ppoclip_seed5,1,COMPACT_32KB,-0.223033,0.313556,0.328717,0,203,660.6586942689986,104.42852973937988,44,0.3433172052556818,966.78125,37.0489699918788,2,4,18,0.67,0.2688599905359044,0.05,0.55,0.15,0.05,0.2,205,526.9394048590837,80.90376853942871,22,0.6576760031960227,926.0078125,32.830243839298944,2,0,19,0.67,0.30235999053590445,0.05,0.55,0.15,0.05,0.2
154,frozen_attentive_ppoclip_seed5,0,NOOP,0.093387,0.35869,0.293604,0,205,526.9394048590837,80.90376853942871,22,0.6576760031960227,926.0078125,32.830243839298944,2,0,19,0.67,0.30235999053590445,0.05,0.55,0.15,0.05,0.2,166,640.31759917157,77.91686058044434,31,0.48631089733492944,964.8408203125,32.53221938208589,2,1,20,0.67,0.33585999053590443,0.05,0.55,0.15,0.05,0.2
155,frozen_attentive_ppoclip_seed5,0,NOOP,0.073331,0.358687,0.273378,0,166,640.31759917157,77.91686058044434,31,0.48631089733492944,964.8408203125,32.53221938208589,2,1,20,0.67,0.33585999053590443,0.05,0.55,0.15,0.05,0.2,154,584.4598493252573,97.68438339233398,40,0.39165687561035156,1002.6416015625,30.722087339958154,2,2,21,0.67,0.36935999053590446,0.05,0.6,0.15,0.05,0.15
156,frozen_attentive_ppoclip_seed5,0,NOOP,0.060265,0.358557,0.260217,0,154,584.4598493252573,97.68438339233398,40,0.39165687561035156,1002.6416015625,30.722087339958154,2,2,21,0.67,0.36935999053590446,0.05,0.6,0.15,0.05,0.15,160,596.6505210000356,113.64030838012695,49,0.3319512192083865,1040.9990234375,28.866762573343088,2,3,22,0.67,0.40285999053590443,0.05,0.65,0.1,0.05,0.15
157,frozen_attentive_ppoclip_seed5,0,NOOP,0.048409,-0.018513,0.043813,0,160,596.6505210000356,113.64030838012695,49,0.3319512192083865,1040.9990234375,28.866762573343088,2,3,22,0.67,0.40285999053590443,0.05,0.65,0.1,0.05,0.15,231,764.0277543179824,306.0572147369385,61,0.28017187900230534,1093.791015625,26.689729841813605,2,4,23,0.0,0.402,0.05,0.6,0.1,0.1,0.15
158,frozen_attentive_ppoclip_seed5,0,NOOP,0.039877,-0.018347,0.027395,0,231,764.0277543179824,306.0572147369385,61,0.28017187900230534,1093.791015625,26.689729841813605,2,4,23,0.0,0.402,0.05,0.6,0.1,0.1,0.15,211,674.9986416100544,715.3613567352295,73,0.2450095398785317,1144.6845703125,24.89570365238354,2,5,24,0.0,0.402,0.05,0.6,0.15,0.1,0.1
159,frozen_attentive_ppoclip_seed5,1,COMPACT_32KB,-0.22546,0.313541,0.326164,0,211,674.9986416100544,715.3613567352295,73,0.2450095398785317,1144.6845703125,24.89570365238354,2,5,24,0.0,0.402,0.05,0.6,0.15,0.1,0.1,250,701.3811223425033,90.93785285949707,25,0.6474151611328125,1035.8642578125,30.10993522673183,2,0,25,0.67,0.43550000000000005,0.0,0.65,0.15,0.1,0.1
160,frozen_attentive_ppoclip_seed5,0,NOOP,0.087317,0.350129,0.287498,0,250,701.3811223425033,90.93785285949707,25,0.6474151611328125,1035.8642578125,30.10993522673183,2,0,25,0.67,0.43550000000000005,0.0,0.65,0.15,0.1,0.1,231,770.8903008979678,87.20707893371582,37,0.45971143567884293,1088.5966796875,30.225656796136413,2,1,26,0.67,0.43550000000000005,0.0,0.65,0.15,0.1,0.1
161,frozen_attentive_ppoclip_seed5,0,NOOP,0.070881,-0.018397,0.067082,0,231,770.8903008979678,87.20707893371582,37,0.45971143567884293,1088.5966796875,30.225656796136413,2,1,26,0.67,0.43550000000000005,0.0,0.65,0.15,0.1,0.1,172,613.4275879896059,247.40266799926758,46,0.3831525056258492,1128.0009765625,28.842674429593135,2,2,27,0.0,0.43550000000000005,0.0,0.65,0.1,0.15,0.1
162,frozen_attentive_ppoclip_seed5,0,NOOP,0.056401,0.350204,0.256254,0,172,613.4275879896059,247.40266799926758,46,0.3831525056258492,1128.0009765625,28.842674429593135,2,2,27,0.0,0.43550000000000005,0.0,0.65,0.1,0.15,0.1,237,776.4936188561278,129.82630729675293,58,0.3182536158068427,1181.357421875,26.90990112876812,2,3,28,0.67,0.43550000000000005,0.0,0.65,0.1,0.15,0.1
163,frozen_attentive_ppoclip_seed5,0,NOOP,0.044147,0.350309,0.244149,0,237,776.4936188561278,129.82630729675293,58,0.3182536158068427,1181.357421875,26.90990112876812,2,3,28,0.67,0.43550000000000005,0.0,0.65,0.1,0.15,0.1,258,825.190149850805,141.13974571228027,73,0.2663578399240154,1244.423828125,24.830766771897213,2,4,29,0.67,0.43550000000000005,0.0,0.65,0.1,0.15,0.1
164,frozen_attentive_ppoclip_seed5,1,COMPACT_32KB,-0.223429,0.305221,0.328229,0,258,825.190149850805,141.13974571228027,73,0.2663578399240154,1244.423828125,24.830766771897213,2,4,29,0.67,0.43550000000000005,0.0,0.65,0.1,0.15,0.1,227,756.1595921009264,91.77017211914062,27,0.6588213885271991,1138.443359375,27.93280894302375,2,0,30,0.67,0.43550000000000005,0.0,0.65,0.1,0.15,0.1
165,frozen_attentive_ppoclip_seed5,0,NOOP,0.084307,0.358578,0.283601,0,227,756.1595921009264,91.77017211914062,27,0.6588213885271991,1138.443359375,27.93280894302375,2,0,30,0.67,0.43550000000000005,0.0,0.65,0.1,0.15,0.1,282,854.530217571136,137.8018856048584,42,0.44778696695963544,1203.6513671875,28.8328538212589,2,1,31,0.67,0.46900000000000003,0.0,0.7,0.1,0.15,0.05
166,frozen_attentive_ppoclip_seed5,0,NOOP,0.069881,-0.01834,0.067415,0,282,854.530217571136,137.8018856048584,42,0.44778696695963544,1203.6513671875,28.8328538212589,2,1,31,0.67,0.46900000000000003,0.0,0.7,0.1,0.15,0.05,189,715.1503792160553,187.06297874450684,51,0.38128093644684435,1244.5009765625,27.713889998812903,2,2,32,0.0,0.46900000000000003,0.0,0.7,0.1,0.15,0.05
167,frozen_attentive_ppoclip_seed5,0,NOOP,0.059269,0.358484,0.259412,0,189,715.1503792160553,187.06297874450684,51,0.38128093644684435,1244.5009765625,27.713889998812903,2,2,32,0.0,0.46900000000000003,0.0,0.7,0.1,0.15,0.05,151,566.3138305815238,117.84625053405762,60,0.3338447570800781,1281.9638671875,26.535197190429415,2,3,33,0.67,0.5025000000000001,0.0,0.75,0.1,0.1,0.05
168,frozen_attentive_ppoclip_seed5,0,NOOP,0.046739,0.35004,0.246391,0,151,566.3138305815238,117.84625053405762,60,0.3338447570800781,1281.9638671875,26.535197190429415,2,3,33,0.67,0.5025000000000001,0.0,0.75,0.1,0.1,0.05,278,789.5224621376526,161.12947463989258,75,0.28056905110677083,1346.7314453125,24.670832682664425,2,4,34,0.67,0.5025000000000001,0.0,0.75,0.1,0.1,0.05
169,frozen_attentive_ppoclip_seed5,1,COMPACT_32KB,-0.230433,-0.071818,0.119461,0,278,789.5224621376526,161.12947463989258,75,0.28056905110677083,1346.7314453125,24.670832682664425,2,4,34,0.67,0.5025000000000001,0.0,0.75,0.1,0.1,0.05,170,614.3244798720746,134.95993614196777,31,0.6263004426033266,1242.580078125,26.783172335109757,2,0,35,0.0,0.46900000000000003,0.0,0.7,0.1,0.1,0.1
170,frozen_attentive_ppoclip_seed5,0,NOOP,0.082978,-0.018443,0.080403,0,170,614.3244798720746,134.95993614196777,31,0.6263004426033266,1242.580078125,26.783172335109757,2,0,35,0.0,0.46900000000000003,0.0,0.7,0.1,0.1,0.1,263,804.9300891981507,186.24567985534668,46,0.44363801375679346,1306.0703125,27.696779272599727,2,1,36,0.0,0.46900000000000003,0.0,0.7,0.05,0.1,0.15
171,frozen_attentive_ppoclip_seed5,0,NOOP,0.069563,-0.02679,0.067013,0,263,804.9300891981507,186.24567985534668,46,0.44363801375679346,1306.0703125,27.696779272599727,2,1,36,0.0,0.46900000000000003,0.0,0.7,0.05,0.1,0.15,169,527.4444742910421,196.2435245513916,55,0.38218910910866477,1345.3056640625,26.830107014763026,2,2,37,0.0,0.43550000000000005,0.0,0.65,0.05,0.1,0.2
172,frozen_attentive_ppoclip_seed5,0,NOOP,0.059607,0.350062,0.259749,0,169,527.4444742910421,196.2435245513916,55,0.38218910910866477,1345.3056640625,26.830107014763026,2,2,37,0.0,0.43550000000000005,0.0,0.65,0.05,0.1,0.2,170,613.0215115424329,122.92361259460449,64,0.33803725242614746,1384.6005859375,25.819864800392242,2,3,38,0.67,0.43550000000000005,0.0,0.65,0.05,0.1,0.2
173,frozen_attentive_ppoclip_seed5,0,NOOP,0.05184,-0.02684,0.048622,0,170,613.0215115424329,122.92361259460449,64,0.33803725242614746,1384.6005859375,25.819864800392242,2,3,38,0.67,0.43550000000000005,0.0,0.65,0.05,0.1,0.2,173,633.054436701064,252.14123725891113,73,0.3048244110525471,1424.1396484375,24.818966919872416,2,4,39,0.0,0.402,0.0,0.6,0.05,0.1,0.25
174,frozen_attentive_ppoclip_seed5,0,NOOP,0.041934,-0.026928,0.038558,0,173,633.054436701064,252.14123725891113,73,0.3048244110525471,1424.1396484375,24.818966919872416,2,4,39,0.0,0.402,0.0,0.6,0.05,0.1,0.25,295,850.5224721881582,278.78594398498535,88,0.2646687247536399,1490.6142578125,23.289848264681126,2,5,40,0.0,0.3685,0.0,0.55,0.05,0.1,0.3
175,frozen_attentive_ppoclip_seed5,2,COMPACT_64KB,0.260343,0.30001,0.371145,0,295,850.5224721881582,278.78594398498535,88,0.2646687247536399,1490.6142578125,23.289848264681126,2,5,40,0.0,0.3685,0.0,0.55,0.05,0.1,0.3,283,855.4215187884745,85.3424072265625,24,0.8712590535481771,1338.25390625,22.518664837767073,2,0,41,0.67,0.36850000000000005,0.0,0.55,0.05,0.1,0.3
176,frozen_attentive_ppoclip_seed5,0,NOOP,0.126289,-0.026874,0.121058,0,283,855.4215187884745,85.3424072265625,24,0.8712590535481771,1338.25390625,22.518664837767073,2,0,41,0.67,0.36850000000000005,0.0,0.55,0.05,0.1,0.3,166,605.4007609958333,302.8216361999512,33,0.6520723285097064,1377.1767578125,30.096066031019852,2,1,42,0.0,0.335,0.0,0.5,0.1,0.1,0.3
177,frozen_attentive_ppoclip_seed5,0,NOOP,0.093517,0.35842,0.293545,0,166,605.4007609958333,302.8216361999512,33,0.6520723285097064,1377.1767578125,30.096066031019852,2,1,42,0.0,0.335,0.0,0.5,0.1,0.1,0.3,206,685.15466572778,104.84623908996582,45,0.4957105848524306,1427.646484375,30.667319135594724,2,2,43,0.67,0.36850000000000005,0.0,0.55,0.1,0.05,0.3
178,frozen_attentive_ppoclip_seed5,0,NOOP,0.070317,-0.018485,0.06562,0,206,685.15466572778,104.84623908996582,45,0.4957105848524306,1427.646484375,30.667319135594724,2,2,43,0.67,0.36850000000000005,0.0,0.55,0.1,0.05,0.3,294,649.8965309699813,309.8266124725342,60,0.3890833536783854,1494.080078125,29.044742176992862,2,3,44,0.0,0.3685,0.0,0.55,0.05,0.1,0.3
179,frozen_attentive_ppoclip_seed5,0,NOOP,0.058168,-0.026844,0.052502,0,294,649.8965309699813,309.8266124725342,60,0.3890833536783854,1494.080078125,29.044742176992862,2,3,44,0.0,0.3685,0.0,0.55,0.05,0.1,0.3,239,777.0318249854467,373.2943534851074,72,0.33584107293023,1547.5556640625,27.567581808587597,2,4,45,0.0,0.3350000000000001,0.0,0.5,0.05,0.15,0.3
180,frozen_attentive_ppoclip_seed5,0,NOOP,0.047064,0.350049,0.247002,0,239,777.0318249854467,373.2943534851074,72,0.33584107293023,1547.5556640625,27.567581808587597,2,4,45,0.0,0.3350000000000001,0.0,0.5,0.05,0.15,0.3,284,833.0791136164156,161.87238693237305,87,0.2896953012751437,1613.0234375,25.88136957651787,2,5,46,0.67,0.335,0.0,0.5,0.05,0.15,0.3
181,frozen_attentive_ppoclip_seed5,1,COMPACT_32KB,-0.222536,0.313445,0.32929,0,284,833.0791136164156,161.87238693237305,87,0.2896953012751437,1613.0234375,25.88136957651787,2,5,46,0.67,0.335,0.0,0.5,0.05,0.15,0.3,288,835.4424479836669,93.35684776306152,35,0.6682852608816964,1496.958984375,27.074949433264486,2,0,47,0.67,0.36850000000000005,0.0,0.55,0.05,0.1,0.3
182,frozen_attentive_ppoclip_seed5,0,NOOP,0.091337,0.350113,0.291332,0,288,835.4424479836669,93.35684776306152,35,0.6682852608816964,1496.958984375,27.074949433264486,2,0,47,0.67,0.36850000000000005,0.0,0.55,0.05,0.1,0.3,272,820.5911820577021,112.75863647460938,50,0.487935791015625,1561.39453125,28.739507436835822,2,1,48,0.67,0.3685,0.0,0.55,0.05,0.1,0.3
183,frozen_attentive_ppoclip_seed5,0,NOOP,0.069974,0.350181,0.270047,0,272,820.5911820577021,112.75863647460938,50,0.487935791015625,1561.39453125,28.739507436835822,2,1,48,0.67,0.3685,0.0,0.55,0.05,0.1,0.3,257,806.8033932658612,127.5944709777832,65,0.3904944786658654,1624.45703125,27.642177343057106,2,2,49,0.67,0.3685,0.0,0.55,0.05,0.1,0.3
184,frozen_attentive_ppoclip_seed5,0,NOOP,0.060933,0.350177,0.260696,0,257,806.8033932658612,127.5944709777832,65,0.3904944786658654,1624.45703125,27.642177343057106,2,2,49,0.67,0.3685,0.0,0.55,0.05,0.1,0.3,151,580.0809332733719,154.38246726989746,74,0.3509168882627745,1661.9423828125,26.77506976876001,2,3,50,0.67,0.3685,0.0,0.55,0.05,0.1,0.3
185,frozen_attentive_ppoclip_seed5,0,NOOP,0.049449,-0.026676,0.036443,0,151,580.0809332733719,154.38246726989746,74,0.3509168882627745,1661.9423828125,26.77506976876001,2,3,50,0.67,0.3685,0.0,0.55,0.05,0.1,0.3,260,788.4725518011277,761.5752220153809,89,0.3028718755486306,1725.158203125,25.33663351993132,2,4,51,0.0,0.335,0.0,0.5,0.1,0.1,0.3
186,frozen_attentive_ppoclip_seed5,1,COMPACT_32KB,-0.221279,-0.063343,0.12653,0,260,788.4725518011277,761.5752220153809,89,0.3028718755486306,1725.158203125,25.33663351993132,2,4,51,0.0,0.335,0.0,0.5,0.1,0.1,0.3,193,714.3940998774191,246.70171737670898,37,0.6758208403716216,1600.34375,25.190146455713258,2,0,52,0.0,0.335,0.05,0.5,0.1,0.1,0.25
187,frozen_attentive_ppoclip_seed5,0,NOOP,0.105534,-0.026712,0.097812,0,193,714.3940998774191,246.70171737670898,37,0.6758208403716216,1600.34375,25.190146455713258,2,0,52,0.0,0.335,0.05,0.5,0.1,0.1,0.25,154,569.0117709656561,443.5849189758301,46,0.5564190408457881,1638.09765625,27.442842050265142,2,1,53,0.0,0.3015,0.05,0.45,0.15,0.1,0.25
188,frozen_attentive_ppoclip_seed5,0,NOOP,0.088436,-0.026738,0.085801,0,154,569.0117709656561,443.5849189758301,46,0.5564190408457881,1638.09765625,27.442842050265142,2,1,53,0.0,0.3015,0.05,0.45,0.15,0.1,0.25,172,624.5765682153664,200.50859451293945,55,0.47655667391690343,1677.4794921875,27.63501352832831,2,2,54,0.0,0.26800000000000007,0.05,0.4,0.15,0.1,0.3
189,frozen_attentive_ppoclip_seed5,0,NOOP,0.075909,-0.018368,0.072896,0,172,624.5765682153664,200.50859451293945,55,0.47655667391690343,1677.4794921875,27.63501352832831,2,2,54,0.0,0.26800000000000007,0.05,0.4,0.15,0.1,0.3,189,715.099414550539,230.6497097015381,64,0.4195435047149658,1718.4501953125,27.154072875196732,2,3,55,0.0,0.26800000000000007,0.05,0.4,0.15,0.1,0.3
190,frozen_attentive_ppoclip_seed5,0,NOOP,0.063214,0.358515,0.262936,0,189,715.099414550539,230.6497097015381,64,0.4195435047149658,1718.4501953125,27.154072875196732,2,3,55,0.0,0.26800000000000007,0.05,0.4,0.15,0.1,0.3,201,562.1330481289127,158.88142585754395,76,0.36356775384200246,1768.3935546875,26.24467487519661,2,4,56,0.67,0.3015,0.05,0.45,0.15,0.1,0.25
191,frozen_attentive_ppoclip_seed5,0,NOOP,0.051552,-0.018372,0.048085,0,201,562.1330481289127,158.88142585754395,76,0.36356775384200246,1768.3935546875,26.24467487519661,2,4,56,0.67,0.3015,0.05,0.45,0.15,0.1,0.25,268,792.9015067670849,287.07075119018555,91,0.3146325415307349,1832.419921875,24.98627369688905,2,5,57,0.0,0.3015,0.05,0.45,0.15,0.1,0.25
192,frozen_attentive_ppoclip_seed5,1,COMPACT_32KB,-0.226421,0.305125,0.325147,0,268,792.9015067670849,287.07075119018555,91,0.3146325415307349,1832.419921875,24.98627369688905,2,5,57,0.0,0.3015,0.05,0.45,0.15,0.1,0.25,185,674.4320732052867,113.75808715820312,41,0.6526087318978658,1712.4453125,24.467345803997834,2,0,58,0.67,0.3015,0.05,0.45,0.15,0.1,0.25
193,frozen_attentive_ppoclip_seed5,0,NOOP,0.092176,-0.018419,0.087493,0,185,674.4320732052867,113.75808715820312,41,0.6526087318978658,1712.4453125,24.467345803997834,2,0,58,0.67,0.3015,0.05,0.45,0.15,0.1,0.25,275,720.8586054598418,304.1355609893799,56,0.4958782196044922,1777.2275390625,26.749946810727,2,1,59,0.0,0.3015,0.1,0.45,0.15,0.1,0.2
194,frozen_attentive_ppoclip_seed5,0,NOOP,0.075505,-0.018369,0.070236,0,275,720.8586054598418,304.1355609893799,56,0.4958782196044922,1777.2275390625,26.749946810727,2,1,59,0.0,0.3015,0.1,0.45,0.15,0.1,0.2,210,700.1575824637046,348.4692573547363,68,0.4200264425838695,1827.955078125,26.4401441604418,2,2,60,0.0,0.3015,0.15,0.45,0.15,0.1,0.15
195,frozen_attentive_ppoclip_seed5,0,NOOP,0.066249,0.350122,0.266116,0,210,700.1575824637046,348.4692573547363,68,0.4200264425838695,1827.955078125,26.4401441604418,2,2,60,0.0,0.3015,0.15,0.45,0.15,0.1,0.15,195,717.2787426102834,152.89068222045898,77,0.3793707513189935,1869.5390625,25.849619315522745,2,3,61,0.67,0.3015,0.15,0.45,0.15,0.1,0.15
196,frozen_attentive_ppoclip_seed5,0,NOOP,0.054131,0.358564,0.254255,0,195,717.2787426102834,152.89068222045898,77,0.3793707513189935,1869.5390625,25.849619315522745,2,3,61,0.67,0.3015,0.15,0.45,0.15,0.1,0.15,252,761.1997024236056,158.75482559204102,92,0.32815253216287366,1932.162109375,24.776578399614092,2,4,62,0.67,0.335,0.15,0.5,0.1,0.1,0.15
197,frozen_attentive_ppoclip_seed5,2,COMPACT_64KB,0.270402,-0.076731,0.178408,0,252,761.1997024236056,158.75482559204102,92,0.32815253216287366,1932.162109375,24.776578399614092,2,4,62,0.67,0.335,0.15,0.5,0.1,0.1,0.15,205,672.0227844519875,182.6486587524414,30,0.92530517578125,1776.5859375,18.36229856418256,2,0,63,0.0,0.3015,0.15,0.45,0.1,0.15,0.15
198,frozen_attentive_ppoclip_seed5,0,NOOP,0.140823,0.358553,0.341053,0,205,672.0227844519875,182.6486587524414,30,0.92530517578125,1776.5859375,18.36229856418256,2,0,63,0.0,0.3015,0.15,0.45,0.1,0.15,0.15,198,682.9170390422888,87.24045753479004,39,0.7284890199318911,1818.30859375,28.288917309001796,2,1,64,0.67,0.335,0.15,0.5,0.1,0.1,0.15
199,frozen_attentive_ppoclip_seed5,0,NOOP,0.108205,-0.018304,0.105598,0,198,682.9170390422888,87.24045753479004,39,0.7284890199318911,1818.30859375,28.288917309001796,2,1,64,0.67,0.335,0.15,0.5,0.1,0.1,0.15,220,723.9229026366495,194.0591335296631,51,0.5728981167662377,1869.939453125,30.611020698686243,2,2,65,0.0,0.3350000000000001,0.15,0.5,0.1,0.05,0.2
200,frozen_attentive_ppoclip_seed5,0,NOOP,0.087461,0.350127,0.287785,0,220,723.9229026366495,194.0591335296631,51,0.5728981167662377,1869.939453125,30.611020698686243,2,2,65,0.0,0.3350000000000001,0.15,0.5,0.1,0.05,0.2,223,727.7483174322576,112.57696151733398,63,0.4766814216734871,1921.9794921875,30.324443876761666,2,3,66,0.67,0.335,0.15,0.5,0.1,0.05,0.2
201,frozen_attentive_ppoclip_seed5,0,NOOP,0.072841,-0.026796,0.069706,0,223,727.7483174322576,112.57696151733398,63,0.4766814216734871,1921.9794921875,30.324443876761666,2,3,66,0.67,0.335,0.15,0.5,0.1,0.05,0.2,215,483.89383665104975,250.49662590026855,75,0.4110795084635417,1973.181640625,29.39980391663589,2,4,67,0.0,0.3015,0.15,0.45,0.1,0.05,0.25
202,frozen_attentive_ppoclip_seed5,0,NOOP,0.059431,-0.026793,0.053167,0,215,483.89383665104975,250.49662590026855,75,0.4110795084635417,1973.181640625,29.39980391663589,2,4,67,0.0,0.3015,0.15,0.45,0.1,0.05,0.25,251,736.600155748309,425.7071018218994,90,0.35340474446614584,2035.611328125,28.064717334624905,2,5,68,0.0,0.268,0.2,0.4,0.1,0.05,0.25
203,frozen_attentive_ppoclip_seed5,0,NOOP,0.049377,-0.026728,0.045341,0,251,736.600155748309,425.7071018218994,90,0.35340474446614584,2035.611328125,28.064717334624905,2,5,68,0.0,0.268,0.2,0.4,0.1,0.05,0.25,273,856.6239807884372,333.0214023590088,105,0.3125095912388393,2100.064453125,26.749955282598023,2,6,69,0.0,0.23450000000000001,0.2,0.35,0.1,0.05,0.3
204,frozen_attentive_ppoclip_seed5,2,COMPACT_64KB,0.262362,-0.076694,0.169623,0,273,856.6239807884372,333.0214023590088,105,0.3125095912388393,2100.064453125,26.749955282598023,2,6,69,0.0,0.23450000000000001,0.2,0.35,0.1,0.05,0.3,289,860.3657765519043,224.86066818237305,34,0.8876033109777114,1931.4248046875,19.259575702377298,2,0,70,0.0,0.201,0.25,0.3,0.1,0.05,0.3
205,frozen_attentive_ppoclip_seed5,6,PARTITION_EVENT_TYPE,-0.060534,-0.118283,0.1165,0,289,860.3657765519043,224.86066818237305,34,0.8876033109777114,1931.4248046875,19.259575702377298,2,0,70,0.0,0.201,0.25,0.3,0.1,0.05,0.3,293,884.7302911494652,300.4190921783447,49,0.6370435442243304,1997.7685546875,29.15727963661912,3,1,0,0.0,0.201,0.25,0.3,0.05,0.05,0.35
206,frozen_attentive_ppoclip_seed5,0,NOOP,0.102405,-0.055589,0.0976,0,293,884.7302911494652,300.4190921783447,49,0.6370435442243304,1997.7685546875,29.15727963661912,3,1,0,0.0,0.201,0.25,0.3,0.05,0.05,0.35,152,522.7974254325866,312.7708435058594,58,0.5482759146854795,2035.2001953125,29.915980268188832,3,2,1,0.0,0.201,0.25,0.3,0.05,0.05,0.35
207,frozen_attentive_ppoclip_seed5,0,NOOP,0.088358,-0.054839,0.07811,0,152,522.7974254325866,312.7708435058594,58,0.5482759146854795,2035.2001953125,29.915980268188832,3,2,1,0.0,0.201,0.25,0.3,0.05,0.05,0.35,166,606.8507797274353,596.1272716522217,67,0.48366398597831156,2073.951171875,29.749943001966567,3,3,2,0.0,0.201,0.25,0.3,0.05,0.05,0.35
208,frozen_attentive_ppoclip_seed5,0,NOOP,0.074303,-0.044166,0.075426,0,166,606.8507797274353,596.1272716522217,67,0.48366398597831156,2073.951171875,29.749943001966567,3,3,2,0.0,0.201,0.25,0.3,0.05,0.05,0.35,247,787.5022618036811,298.19416999816895,79,0.4208895526354826,2128.017578125,28.991953448766232,3,4,3,0.01704028809363043,0.20185201440468153,0.25,0.3,0.05,0.1,0.3
209,frozen_attentive_ppoclip_seed5,2,COMPACT_64KB,0.270818,-0.09034,0.175755,0,247,787.5022618036811,298.19416999816895,79,0.4208895526354826,2128.017578125,28.991953448766232,3,4,3,0.01704028809363043,0.20185201440468153,0.25,0.3,0.05,0.1,0.3,224,684.5403467714495,341.078519821167,34,0.9298849666819853,2023.4296875,21.290017556351092,3,0,4,0.0,0.20185201440468153,0.25,0.3,0.1,0.1,0.25
210,frozen_attentive_ppoclip_seed5,0,NOOP,0.14459,0.328666,0.342863,0,224,684.5403467714495,341.078519821167,34,0.9298849666819853,2023.4296875,21.290017556351092,3,0,4,0.0,0.20185201440468153,0.25,0.3,0.1,0.1,0.25,180,627.8710218256938,190.07277488708496,43,0.7498236367868822,2063.5146484375,29.498515540715214,3,1,5,0.67,0.20185201440468153,0.25,0.25,0.1,0.15,0.25
211,frozen_attentive_ppoclip_seed5,0,NOOP,0.119793,-0.0394,0.115326,0,180,627.8710218256938,190.07277488708496,43,0.7498236367868822,2063.5146484375,29.498515540715214,3,1,5,0.67,0.20185201440468153,0.25,0.25,0.1,0.15,0.25,157,534.8039662049065,288.32030296325684,52,0.6314629774827224,2101.5087890625,31.56500768305233,3,2,6,0.0,0.20185201440468153,0.3,0.25,0.1,0.15,0.2
212,frozen_attentive_ppoclip_seed5,0,NOOP,0.0927,0.329843,0.290882,0,157,534.8039662049065,288.32030296325684,52,0.6314629774827224,2101.5087890625,31.56500768305233,3,2,6,0.0,0.20185201440468153,0.3,0.25,0.1,0.15,0.2,288,816.46747843014,224.63345527648926,67,0.5053749653830457,2167.0478515625,31.615107992592957,3,3,7,0.67,0.20185201440468153,0.3,0.2,0.1,0.2,0.2
213,frozen_attentive_ppoclip_seed5,0,NOOP,0.081207,-0.038242,0.077912,0,288,816.46747843014,224.63345527648926,67,0.5053749653830457,2167.0478515625,31.615107992592957,3,3,7,0.67,0.20185201440468153,0.3,0.2,0.1,0.2,0.2,169,552.0441425114659,259.75990295410156,76,0.4535371880782278,2206.0048828125,31.02940052781253,3,4,8,0.0,0.20185201440468153,0.25,0.25,0.1,0.2,0.2
214,frozen_attentive_ppoclip_seed5,1,COMPACT_32KB,-0.190358,0.285072,0.36116,0,169,552.0441425114659,259.75990295410156,76,0.4535371880782278,2206.0048828125,31.02940052781253,3,4,8,0.0,0.20185201440468153,0.25,0.25,0.1,0.2,0.2,230,717.0949582799055,115.01312255859375,40,0.8323020935058594,2130.693359375,29.23831170515028,3,0,9,0.67,0.23535201440468154,0.2,0.25,0.1,0.25,0.2
215,frozen_attentive_ppoclip_seed5,0,NOOP,0.124726,0.321483,0.323138,0,230,717.0949582799055,115.01312255859375,40,0.8323020935058594,2130.693359375,29.23831170515028,3,0,9,0.67,0.23535201440468154,0.2,0.25,0.1,0.25,0.2,236,764.2003670240404,194.39220428466797,52,0.6561314509465144,2183.60546875,32.95743111219189,3,1,10,0.67,0.23535201440468154,0.2,0.2,0.1,0.3,0.2
216,frozen_attentive_ppoclip_seed5,0,NOOP,0.10111,0.321237,0.300674,0,236,764.2003670240404,194.39220428466797,52,0.6561314509465144,2183.60546875,32.95743111219189,3,1,10,0.67,0.23535201440468154,0.2,0.2,0.1,0.3,0.2,214,647.0866830412274,151.80706977844238,64,0.5455501079559326,2234.5732421875,33.168273730550375,3,2,11,0.67,0.23535201440468154,0.2,0.15,0.1,0.35,0.2
217,frozen_attentive_ppoclip_seed5,0,NOOP,0.088261,-0.047464,0.078529,0,214,647.0866830412274,151.80706977844238,64,0.5455501079559326,2234.5732421875,33.168273730550375,3,2,11,0.67,0.23535201440468154,0.2,0.15,0.1,0.35,0.2,183,541.25623508572,577.8510570526123,73,0.4869299065576841,2274.9365234375,32.62491925465708,3,3,12,0.0,0.23535201440468154,0.2,0.15,0.15,0.3,0.2
218,frozen_attentive_ppoclip_seed5,0,NOOP,0.078024,-0.056058,0.074692,0,183,541.25623508572,577.8510570526123,73,0.4869299065576841,2274.9365234375,32.62491925465708,3,3,12,0.0,0.23535201440468154,0.2,0.15,0.15,0.3,0.2,195,662.6174664656401,269.1216468811035,82,0.4413720107660061,2316.3203125,31.878339525774333,3,4,13,0.0,0.20185201440468153,0.2,0.1,0.15,0.3,0.25
219,frozen_attentive_ppoclip_seed5,2,COMPACT_64KB,0.284841,-0.097907,0.193063,0,195,662.6174664656401,269.1216468811035,82,0.4413720107660061,2316.3203125,31.878339525774333,3,4,13,0.0,0.20185201440468153,0.2,0.1,0.15,0.3,0.25,245,784.5890164124678,176.8500804901123,34,1.0132473216337317,2204.826171875,20.018792957259265,3,0,14,0.0,0.20185201440468153,0.2,0.15,0.15,0.3,0.2
220,frozen_attentive_ppoclip_seed5,0,NOOP,0.157846,-0.056474,0.150925,0,245,784.5890164124678,176.8500804901123,34,1.0132473216337317,2204.826171875,20.018792957259265,3,0,14,0.0,0.20185201440468153,0.2,0.15,0.15,0.3,0.2,193,670.0265957710969,399.7797966003418,43,0.8161053324854651,2245.921875,30.514057713857177,3,1,15,0.0,0.16835201440468156,0.2,0.1,0.2,0.3,0.2
221,frozen_attentive_ppoclip_seed5,0,NOOP,0.130736,-0.048294,0.121001,0,193,670.0265957710969,399.7797966003418,43,0.8161053324854651,2245.921875,30.514057713857177,3,1,15,0.0,0.16835201440468156,0.2,0.1,0.2,0.3,0.2,154,529.3247483972901,551.7427921295166,52,0.6861777672400842,2283.599609375,33.22646770273581,3,2,16,0.0,0.16835201440468156,0.2,0.1,0.25,0.3,0.15
222,frozen_attentive_ppoclip_seed5,0,NOOP,0.101049,-0.048505,0.097832,0,154,529.3247483972901,551.7427921295166,52,0.6861777672400842,2283.599609375,33.22646770273581,3,2,16,0.0,0.16835201440468156,0.2,0.1,0.25,0.3,0.15,252,725.4250487979641,244.60291862487793,67,0.547121190313083,2346.0556640625,33.6469664711932,3,3,17,0.0,0.16835201440468156,0.15,0.1,0.25,0.3,0.2
223,frozen_attentive_ppoclip_seed5,0,NOOP,0.08493,-0.048679,0.072651,0,252,725.4250487979641,244.60291862487793,67,0.547121190313083,2346.0556640625,33.6469664711932,3,3,17,0.0,0.16835201440468156,0.15,0.1,0.25,0.3,0.2,211,663.7905927549917,712.7065658569336,79,0.4740262574787381,2396.6767578125,32.89271943678791,3,4,18,0.0,0.16835201440468156,0.15,0.1,0.3,0.3,0.15
224,frozen_attentive_ppoclip_seed5,1,COMPACT_32KB,-0.18484,-0.093799,0.159678,0,211,663.7905927549917,712.7065658569336,79,0.4740262574787381,2396.6767578125,32.89271943678791,3,4,18,0.0,0.16835201440468156,0.15,0.1,0.3,0.3,0.15,198,700.1763711016871,417.5078868865967,42,0.8611432030087426,2314.7529296875,27.27642730204217,3,0,19,0.0,0.16835201440468156,0.1,0.1,0.35,0.3,0.15
225,frozen_attentive_ppoclip_seed5,0,NOOP,0.137935,-0.049026,0.127434,0,198,700.1763711016871,417.5078868865967,42,0.8611432030087426,2314.7529296875,27.27642730204217,3,0,19,0.0,0.16835201440468156,0.1,0.1,0.35,0.3,0.15,185,631.2406364908398,588.8333320617676,51,0.7215519325405944,2355.1455078125,31.472702293949315,3,1,20,0.0,0.16835201440468156,0.1,0.1,0.4,0.3,0.1
226,frozen_attentive_ppoclip_seed5,5,PARTITION_REGION,-0.070271,-0.149179,0.107499,0,185,631.2406364908398,588.8333320617676,51,0.7215519325405944,2355.1455078125,31.472702293949315,3,1,20,0.0,0.16835201440468156,0.1,0.1,0.4,0.3,0.1,228,726.3868112703358,281.16893768310547,63,0.5971129886687748,2407.5595703125,32.756882278827064,2,2,0,0.0,0.16835201440468156,0.05,0.15,0.4,0.3,0.1
227,frozen_attentive_ppoclip_seed5,0,NOOP,0.089214,-0.048481,0.086948,0,228,726.3868112703358,281.16893768310547,63,0.5971129886687748,2407.5595703125,32.756882278827064,2,2,0,0.0,0.16835201440468156,0.05,0.15,0.4,0.3,0.1,252,704.8940142690798,210.81829071044922,78,0.49482003236428285,2470.1416015625,32.34821572653819,2,3,1,0.0,0.16835201440468156,0.05,0.15,0.35,0.35,0.1
228,frozen_attentive_ppoclip_seed5,0,NOOP,0.079351,-0.048163,0.066702,0,252,704.8940142690798,210.81829071044922,78,0.49482003236428285,2470.1416015625,32.34821572653819,2,3,1,0.0,0.16835201440468156,0.05,0.15,0.35,0.35,0.1,197,690.8828185228107,741.2014007568359,87,0.45112820329337283,2511.8818359375,31.709966341602044,2,4,2,0.0,0.16750000000000004,0.05,0.15,0.4,0.3,0.1
229,frozen_attentive_ppoclip_seed5,1,COMPACT_32KB,-0.17766,-0.085384,0.171119,0,197,690.8828185228107,741.2014007568359,87,0.45112820329337283,2511.8818359375,31.709966341602044,2,4,2,0.0,0.16750000000000004,0.05,0.15,0.4,0.3,0.1,278,802.5519634713254,204.49066162109375,42,0.8970431373232887,2411.251953125,25.92357620882067,2,0,3,0.0,0.16750000000000004,0.05,0.15,0.35,0.35,0.1
230,frozen_attentive_ppoclip_seed5,0,NOOP,0.13591,0.328007,0.335071,0,278,802.5519634713254,204.49066162109375,42,0.8970431373232887,2411.251953125,25.92357620882067,2,0,3,0.0,0.16750000000000004,0.05,0.15,0.35,0.35,0.1,244,773.1552761996858,159.43360328674316,54,0.7133003517433449,2465.166015625,31.82913692307544,2,1,4,0.67,0.1675,0.05,0.2,0.35,0.3,0.1
231,frozen_attentive_ppoclip_seed5,0,NOOP,0.105905,0.336222,0.305618,0,244,773.1552761996858,159.43360328674316,54,0.7133003517433449,2465.166015625,31.82913692307544,2,1,4,0.67,0.1675,0.05,0.2,0.35,0.3,0.1,265,774.5022900795274,150.59971809387207,69,0.5726490850033967,2528.818359375,32.95049531918694,2,2,5,0.67,0.201,0.0,0.25,0.35,0.3,0.1
232,frozen_attentive_ppoclip_seed5,0,NOOP,0.09322,0.327751,0.292871,0,265,774.5022900795274,150.59971809387207,69,0.5726490850033967,2528.818359375,32.95049531918694,2,2,5,0.67,0.201,0.0,0.25,0.35,0.3,0.1,193,693.6143593047925,164.98136520385742,78,0.514851301144331,2570.1376953125,32.63667427200532,2,3,6,0.67,0.201,0.0,0.3,0.35,0.25,0.1
233,frozen_attentive_ppoclip_seed5,0,NOOP,0.082847,-0.040791,0.077547,0,193,693.6143593047925,164.98136520385742,78,0.514851301144331,2570.1376953125,32.63667427200532,2,3,6,0.67,0.201,0.0,0.3,0.35,0.25,0.1,168,584.1479529957928,373.75903129577637,87,0.46861249551005746,2609.234375,32.10101034708029,2,4,7,0.0,0.201,0.0,0.25,0.35,0.3,0.1
234,frozen_attentive_ppoclip_seed5,0,NOOP,0.074173,-0.049247,0.060966,0,168,584.1479529957928,373.75903129577637,87,0.46861249551005746,2609.234375,32.10101034708029,2,4,7,0.0,0.201,0.0,0.25,0.35,0.3,0.1,156,558.5340116775361,780.3633213043213,96,0.4308648109436035,2647.2333984375,31.46273409923545,2,5,8,0.0,0.1675,0.0,0.25,0.4,0.25,0.1
235,frozen_attentive_ppoclip_seed5,2,COMPACT_64KB,0.270829,0.279657,0.381758,0,156,558.5340116775361,780.3633213043213,96,0.4308648109436035,2647.2333984375,31.46273409923545,2,5,8,0.0,0.1675,0.0,0.25,0.4,0.25,0.1,174,604.9868078340609,101.54032707214355,42,0.9349419730050224,2513.1240234375,24.754477906486816,2,0,9,0.67,0.1675,0.0,0.3,0.4,0.2,0.1
236,frozen_attentive_ppoclip_seed5,0,NOOP,0.150079,-0.047275,0.145677,0,174,604.9868078340609,101.54032707214355,42,0.9349419730050224,2513.1240234375,24.754477906486816,2,0,9,0.67,0.1675,0.0,0.3,0.4,0.2,0.1,181,517.2892338533011,283.88190269470215,51,0.7822717404833027,2553.3349609375,30.935867865748087,2,1,10,0.0,0.134,0.05,0.3,0.4,0.15,0.1
237,frozen_attentive_ppoclip_seed5,0,NOOP,0.12133,-0.038967,0.115854,0,181,517.2892338533011,283.88190269470215,51,0.7822717404833027,2553.3349609375,30.935867865748087,2,1,10,0.0,0.134,0.05,0.3,0.4,0.15,0.1,217,680.6353506173597,352.5557518005371,63,0.646025884719122,2604.7763671875,33.16991609203797,2,2,11,0.0,0.134,0.1,0.3,0.35,0.15,0.1
238,frozen_attentive_ppoclip_seed5,0,NOOP,0.105863,0.337841,0.305947,0,217,680.6353506173597,352.5557518005371,63,0.646025884719122,2604.7763671875,33.16991609203797,2,2,11,0.0,0.134,0.1,0.3,0.35,0.15,0.1,196,701.7568463419735,135.79392433166504,72,0.5743143293592665,2646.4404296875,33.32248231557131,2,3,12,0.67,0.1675,0.1,0.35,0.35,0.15,0.05
239,frozen_attentive_ppoclip_seed5,0,NOOP,0.093438,-0.039078,0.087023,0,196,701.7568463419735,135.79392433166504,72,0.5743143293592665,2646.4404296875,33.32248231557131,2,3,12,0.67,0.1675,0.1,0.35,0.35,0.15,0.05,155,542.5310438753438,422.03307151794434,81,0.5178166142216435,2684.361328125,33.03666698188051,2,4,13,0.0,0.1675,0.1,0.3,0.35,0.2,0.05
240,frozen_attentive_ppoclip_seed5,2,COMPACT_64KB,0.281599,-0.089142,0.188114,0,155,542.5310438753438,422.03307151794434,81,0.5178166142216435,2684.361328125,33.03666698188051,2,4,13,0.0,0.1675,0.1,0.3,0.35,0.2,0.05,218,672.5888215991484,270.95699310302734,41,0.9881651343368902,2592.9453125,21.28591155016153,2,0,14,0.0,0.1675,0.15,0.3,0.3,0.2,0.05
241,frozen_attentive_ppoclip_seed5,0,NOOP,0.149379,-0.039204,0.145705,0,218,672.5888215991484,270.95699310302734,41,0.9881651343368902,2592.9453125,21.28591155016153,2,0,14,0.0,0.1675,0.15,0.3,0.3,0.2,0.05,233,742.0920028308564,249.94945526123047,53,0.7800189324145047,2645.82421875,31.090369352579497,2,1,15,0.0,0.1675,0.15,0.3,0.25,0.25,0.05
242,frozen_attentive_ppoclip_seed5,0,NOOP,0.116119,-0.039325,0.113151,0,233,742.0920028308564,249.94945526123047,53,0.7800189324145047,2645.82421875,31.090369352579497,2,1,15,0.0,0.1675,0.15,0.3,0.25,0.25,0.05,288,823.0429434309367,233.367919921875,68,0.6230935489430147,2711.703125,33.348255906252994,2,2,16,0.0,0.16750000000000004,0.15,0.3,0.25,0.25,0.05
243,frozen_attentive_ppoclip_seed5,0,NOOP,0.0942,0.337465,0.294383,0,288,823.0429434309367,233.367919921875,68,0.6230935489430147,2711.703125,33.348255906252994,2,2,16,0.0,0.16750000000000004,0.15,0.3,0.25,0.25,0.05,286,807.2439340838004,144.58799362182617,83,0.5228729248046875,2777.5009765625,33.12930138788406,2,3,17,0.67,0.201,0.15,0.35,0.2,0.25,0.05
244,frozen_attentive_ppoclip_seed5,0,NOOP,0.081147,-0.039441,0.077103,0,286,807.2439340838004,144.58799362182617,83,0.5228729248046875,2777.5009765625,33.12930138788406,2,3,17,0.67,0.201,0.15,0.35,0.2,0.25,0.05,206,645.0535280877067,320.9726810455322,95,0.4651124653063322,2827.8837890625,32.44994378641544,2,4,18,0.0,0.201,0.15,0.35,0.15,0.25,0.1
245,frozen_attentive_ppoclip_seed5,1,COMPACT_32KB,-0.187849,-0.084506,0.159255,0,206,645.0535280877067,320.9726810455322,95,0.4651124653063322,2827.8837890625,32.44994378641544,2,4,18,0.0,0.201,0.15,0.35,0.15,0.25,0.1,196,692.365454308105,298.23875427246094,50,0.8510983276367188,2723.5146484375,27.0658663389709,2,0,19,0.0,0.201,0.2,0.35,0.1,0.25,0.1
246,frozen_attentive_ppoclip_seed5,0,NOOP,0.125817,-0.039532,0.122903,0,196,692.365454308105,298.23875427246094,50,0.8510983276367188,2723.5146484375,27.0658663389709,2,0,19,0.0,0.201,0.2,0.35,0.1,0.25,0.1,251,716.3076889580178,226.94873809814453,65,0.6697077824519231,2785.984375,31.89328264966815,2,1,20,0.0,0.201,0.2,0.3,0.1,0.25,0.15
247,frozen_attentive_ppoclip_seed5,7,REMOVE_PARTITION,0.046392,-0.074589,0.106346,0,251,716.3076889580178,226.94873809814453,65,0.6697077824519231,2785.984375,31.89328264966815,2,1,20,0.0,0.201,0.2,0.3,0.1,0.25,0.15,163,570.4888467585006,276.5960693359375,74,0.5963920387061866,2824.5126953125,32.45051751234193,0,2,0,0.0,0.201,0.2,0.3,0.1,0.2,0.2
248,frozen_attentive_ppoclip_seed5,0,NOOP,0.104596,-0.04811,0.101298,0,163,570.4888467585006,276.5960693359375,74,0.5963920387061866,2824.5126953125,32.45051751234193,0,2,0,0.0,0.201,0.2,0.3,0.1,0.2,0.2,211,672.6182567978287,262.4380588531494,78,0.5717313717573117,2854.0830078125,32.326683756361255,0,3,1,0.0,0.201,0.2,0.3,0.05,0.2,0.25
249,frozen_attentive_ppoclip_seed5,0,NOOP,0.099727,-0.047375,0.092934,0,211,672.6182567978287,262.4380588531494,78,0.5717313717573117,2854.0830078125,32.326683756361255,0,3,1,0.0,0.201,0.2,0.3,0.05,0.2,0.25,234,858.5419571213257,442.15893745422363,82,0.549887494343083,2885.8095703125,32.124613110743944,0,4,2,0.0,0.201,0.25,0.3,0.05,0.15,0.25
250,frozen_attentive_ppoclip_seed5,0,NOOP,0.095196,-0.055101,0.092958,0,234,858.5419571213257,442.15893745422363,82,0.549887494343083,2885.8095703125,32.124613110743944,0,4,2,0.0,0.201,0.25,0.3,0.05,0.15,0.25,213,808.1861515330796,219.39778327941895,86,0.5297305084938226,2915.63671875,31.90524260211808,0,5,3,0.0,0.16750000000000004,0.25,0.3,0.05,0.15,0.25
251,frozen_attentive_ppoclip_seed5,0,NOOP,0.09417,-0.054895,0.090411,0,213,808.1861515330796,219.39778327941895,86,0.5297305084938226,2915.63671875,31.90524260211808,0,5,3,0.0,0.16750000000000004,0.25,0.3,0.05,0.15,0.25,69,301.59189160460943,296.6618537902832,87,0.5252226029319325,2924.439453125,31.833150114604422,0,6,4,0.0,0.134,0.25,0.25,0.05,0.15,0.3
252,frozen_attentive_ppoclip_seed5,2,COMPACT_64KB,0.553716,-0.095738,0.191969,0,69,301.59189160460943,296.6618537902832,87,0.5252226029319325,2924.439453125,31.833150114604422,0,6,4,0.0,0.134,0.25,0.25,0.05,0.15,0.3,71,243.0686724074603,186.5370273590088,43,1.0202902860419696,2807.8388671875,18.086466223945937,0,0,5,0.0,0.1005,0.25,0.2,0.05,0.15,0.35
253,frozen_attentive_ppoclip_seed5,0,NOOP,0.194303,-0.037312,0.190943,0,71,243.0686724074603,186.5370273590088,43,1.0202902860419696,2807.8388671875,18.086466223945937,0,0,5,0.0,0.1005,0.25,0.2,0.05,0.15,0.35,30,134.65335854556662,223.0398654937744,44,0.9990171952681108,2813.232421875,20.026786384458738,0,1,6,0.0,0.1005,0.25,0.25,0.05,0.1,0.35
254,frozen_attentive_ppoclip_seed5,0,NOOP,0.190273,-0.037219,0.185568,0,30,134.65335854556662,223.0398654937744,44,0.9990171952681108,2813.232421875,20.026786384458738,0,1,6,0.0,0.1005,0.25,0.25,0.05,0.1,0.35,56,254.1925396200115,291.5458679199219,45,0.9794921875,2820.9375,21.499406023067024,0,2,7,0.0,0.1005,0.3,0.25,0.0,0.1,0.35
255,frozen_attentive_ppoclip_seed5,0,NOOP,0.18655,-0.045464,0.181929,0,56,254.1925396200115,291.5458679199219,45,0.9794921875,2820.9375,21.499406023067024,0,2,7,0.0,0.1005,0.3,0.25,0.0,0.1,0.35,79,340.5888285636167,288.56825828552246,46,0.9615020751953125,2830.662109375,22.648014021396286,0,3,8,0.0,0.067,0.35,0.2,0.0,0.1,0.35
256,frozen_attentive_ppoclip_seed5,0,NOOP,0.182901,-0.036986,0.179593,0,79,340.5888285636167,288.56825828552246,46,0.9615020751953125,2830.662109375,22.648014021396286,0,3,8,0.0,0.067,0.35,0.2,0.0,0.1,0.35,64,280.029810264178,224.14660453796387,47,0.9438788231382979,2839.1875,23.697510812414794,0,4,9,0.0,0.067,0.3,0.2,0.0,0.15,0.35
257,frozen_attentive_ppoclip_seed5,0,NOOP,0.179426,-0.036876,0.177249,0,64,280.029810264178,224.14660453796387,47,0.9438788231382979,2839.1875,23.697510812414794,0,4,9,0.0,0.067,0.3,0.2,0.0,0.15,0.35,70,292.1193584943581,168.84279251098633,48,0.9271281560262045,2848.1376953125,24.592456237925045,0,5,10,0.0,0.067,0.25,0.25,0.0,0.15,0.35
258,frozen_attentive_ppoclip_seed5,1,COMPACT_32KB,0.559984,-0.116449,0.18945,0,70,292.1193584943581,168.84279251098633,48,0.9271281560262045,2848.1376953125,24.592456237925045,0,5,10,0.0,0.067,0.25,0.25,0.0,0.15,0.35,40,175.78772886058496,173.87676239013672,45,0.987135484483507,2842.9501953125,20.318461764569893,0,0,11,0.0,0.0335,0.25,0.2,0.0,0.15,0.4
259,frozen_attentive_ppoclip_seed5,0,NOOP,0.187852,-0.063144,0.181362,0,40,175.78772886058496,173.87676239013672,45,0.987135484483507,2842.9501953125,20.318461764569893,0,0,11,0.0,0.0335,0.25,0.2,0.0,0.15,0.4,47,197.20762131134094,381.99591636657715,46,0.9680099487304688,2849.8212890625,21.739034613188508,0,1,12,0.0,0.0335,0.3,0.2,0.0,0.1,0.4
260,frozen_attentive_ppoclip_seed5,0,NOOP,0.184259,-0.063263,0.178978,0,47,197.20762131134094,381.99591636657715,46,0.9680099487304688,2849.8212890625,21.739034613188508,0,1,12,0.0,0.0335,0.3,0.2,0.0,0.1,0.4,80,336.98459214683555,322.77822494506836,47,0.9506683349609375,2859.6103515625,22.80803500949222,0,2,13,0.0,0.0335,0.3,0.2,0.0,0.1,0.4
261,frozen_attentive_ppoclip_seed5,0,NOOP,0.180603,-0.063328,0.178688,0,80,336.98459214683555,322.77822494506836,47,0.9506683349609375,2859.6103515625,22.80803500949222,0,2,13,0.0,0.0335,0.3,0.2,0.0,0.1,0.4,44,191.08901537311408,155.72261810302734,48,0.9330132802327474,2866.216796875,23.88349095637543,0,3,14,0.0,0.0335,0.3,0.25,0.0,0.05,0.4
262,frozen_attentive_ppoclip_seed5,0,NOOP,0.177035,-0.063378,0.175417,0,44,191.08901537311408,155.72261810302734,48,0.9330132802327474,2866.216796875,23.88349095637543,0,3,14,0.0,0.0335,0.3,0.25,0.0,0.05,0.4,34,147.41272799632,142.16327667236328,49,0.9157988879145408,2871.9453125,24.85986820435778,0,4,15,0.0,0.0335,0.3,0.3,0.0,0.05,0.35
263,frozen_attentive_ppoclip_seed5,1,COMPACT_32KB,0.561493,-0.116827,0.185134,0,34,147.41272799632,142.16327667236328,49,0.9157988879145408,2871.9453125,24.85986820435778,0,4,15,0.0,0.0335,0.3,0.3,0.0,0.05,0.35,50,206.40101884047843,465.1007652282715,45,0.9946804470486111,2864.6796875,19.28493509200544,0,0,16,0.0,0.0,0.3,0.25,0.05,0.05,0.35
264,frozen_attentive_ppoclip_seed5,0,NOOP,0.189372,-0.063531,0.187336,0,50,206.40101884047843,465.1007652282715,45,0.9946804470486111,2864.6796875,19.28493509200544,0,0,16,0.0,0.0,0.3,0.25,0.05,0.05,0.35,54,239.95891003093612,159.29079055786133,46,0.9756094891092052,2872.1943359375,20.788728993123197,0,1,17,0.0,0.0,0.3,0.3,0.05,0.05,0.3
265,frozen_attentive_ppoclip_seed5,0,NOOP,0.185622,-0.063616,0.177635,0,54,239.95891003093612,159.29079055786133,46,0.9756094891092052,2872.1943359375,20.788728993123197,0,1,17,0.0,0.0,0.3,0.3,0.05,0.05,0.3,58,249.21388150157557,458.1146240234375,47,0.9574851178108378,2880.115234375,22.045748763677054,0,2,18,0.0,0.0,0.25,0.3,0.1,0.05,0.3
266,frozen_attentive_ppoclip_seed5,0,NOOP,0.181934,-0.063679,0.178107,0,58,249.21388150157557,458.1146240234375,47,0.9574851178108378,2880.115234375,22.045748763677054,0,2,18,0.0,0.0,0.25,0.3,0.1,0.05,0.3,43,191.44733939734263,251.3582706451416,48,0.939668337504069,2886.6611328125,23.19666089344751,0,3,19,0.0,0.0,0.25,0.3,0.1,0.1,0.25
267,frozen_attentive_ppoclip_seed5,0,NOOP,0.178442,-0.063755,0.173558,0,43,191.44733939734263,251.3582706451416,48,0.939668337504069,2886.6611328125,23.19666089344751,0,3,19,0.0,0.0,0.25,0.3,0.1,0.1,0.25,52,162.36684290221385,305.45759201049805,49,0.9228359923070791,2894.013671875,24.160711964093018,0,4,20,0.0,0.0,0.3,0.3,0.1,0.1,0.2
268,frozen_attentive_ppoclip_seed5,1,COMPACT_32KB,0.558735,-0.108826,0.187343,0,52,162.36684290221385,305.45759201049805,49,0.9228359923070791,2894.013671875,24.160711964093018,0,4,20,0.0,0.0,0.3,0.3,0.1,0.1,0.2,49,189.76578173706216,218.02067756652832,46,0.9815182893172555,2889.58984375,19.906926497059157,0,0,21,0.0,0.0,0.3,0.3,0.1,0.15,0.15
269,frozen_attentive_ppoclip_seed5,7,REMOVE_PARTITION,0.122997,-0.098875,0.182017,0,49,189.76578173706216,218.02067756652832,46,0.9815182893172555,2889.58984375,19.906926497059157,0,0,21,0.0,0.0,0.3,0.3,0.1,0.15,0.15,34,148.49536519281673,289.57176208496094,47,0.9625438933676862,2895.33203125,21.377101497803675,0,1,22,0.0,0.0,0.3,0.3,0.1,0.15,0.15
270,frozen_attentive_ppoclip_seed5,5,PARTITION_REGION,0.001124,-0.163942,0.180608,0,34,148.49536519281673,289.57176208496094,47,0.9625438933676862,2895.33203125,21.377101497803675,0,1,22,0.0,0.0,0.3,0.3,0.1,0.15,0.15,46,195.80813971189698,176.68890953063965,48,0.9447104136149088,2902.150390625,22.578425805163196,2,2,0,0.0,0.0,0.3,0.25,0.1,0.15,0.2
271,frozen_attentive_ppoclip_seed5,0,NOOP,0.172281,-0.063792,0.164247,0,46,195.80813971189698,176.68890953063965,48,0.9447104136149088,2902.150390625,22.578425805163196,2,2,0,0.0,0.0,0.3,0.25,0.1,0.15,0.2,61,242.35139039261767,465.42882919311523,51,0.8932788325291053,2915.662109375,25.61311384713238,2,3,1,0.0,0.0,0.3,0.25,0.15,0.15,0.15
272,frozen_attentive_ppoclip_seed5,0,NOOP,0.162659,-0.06369,0.154078,0,61,242.35139039261767,465.42882919311523,51,0.8932788325291053,2915.662109375,25.61311384713238,2,3,1,0.0,0.0,0.3,0.25,0.15,0.15,0.15,42,174.40934931418693,496.5198040008545,54,0.8470442030164931,2927.384765625,27.75906121075704,2,4,2,0.0,0.0,0.3,0.25,0.2,0.15,0.1
273,frozen_attentive_ppoclip_seed5,1,COMPACT_32KB,0.162218,-0.085967,0.173827,0,42,174.40934931418693,496.5198040008545,54,0.8470442030164931,2927.384765625,27.75906121075704,2,4,2,0.0,0.0,0.3,0.25,0.2,0.15,0.1,64,261.57767411765735,197.93319702148438,50,0.9139285278320313,2924.5712890625,25.671557324621332,2,0,3,0.0,0.0,0.3,0.2,0.2,0.15,0.15
274,frozen_attentive_ppoclip_seed5,0,NOOP,0.166522,-0.040978,0.16249,0,64,261.57767411765735,197.93319702148438,50,0.9139285278320313,2924.5712890625,25.671557324621332,2,0,3,0.0,0.0,0.3,0.2,0.2,0.15,0.15,45,181.91144976955505,267.8723335266113,53,0.8657353239239387,2936.57421875,27.975429817375403,2,1,4,0.0,0.0,0.25,0.2,0.2,0.2,0.15
275,frozen_attentive_ppoclip_seed5,0,NOOP,0.157612,-0.040999,0.152708,0,45,181.91144976955505,267.8723335266113,53,0.8657353239239387,2936.57421875,27.975429817375403,2,1,4,0.0,0.0,0.25,0.2,0.2,0.2,0.15,59,237.27533319270523,315.19627571105957,56,0.8230596269880023,2949.845703125,29.565757158792977,2,2,5,0.0,0.0,0.25,0.2,0.2,0.2,0.15
276,frozen_attentive_ppoclip_seed5,0,NOOP,0.149547,0.335864,0.349252,0,59,237.27533319270523,315.19627571105957,56,0.8230596269880023,2949.845703125,29.565757158792977,2,2,5,0.0,0.0,0.25,0.2,0.2,0.2,0.15,54,221.63180880118128,138.53931427001953,59,0.7846123646881621,2962.6962890625,30.722881228031017,2,3,6,0.67,0.0335,0.25,0.25,0.2,0.15,0.15
277,frozen_attentive_ppoclip_seed5,0,NOOP,0.142215,-0.041034,0.139366,0,54,221.63180880118128,138.53931427001953,59,0.7846123646881621,2962.6962890625,30.722881228031017,2,3,6,0.67,0.0335,0.25,0.25,0.2,0.15,0.15,52,219.3397877037104,219.96116638183594,62,0.7498264928017894,2975.3115234375,31.568402606322874,2,4,7,0.0,0.0335,0.25,0.2,0.2,0.15,0.2
278,frozen_attentive_ppoclip_seed5,1,COMPACT_32KB,0.163668,-0.086058,0.173956,0,52,219.3397877037104,219.96116638183594,62,0.7498264928017894,2975.3115234375,31.568402606322874,2,4,7,0.0,0.0335,0.25,0.2,0.2,0.15,0.2,57,234.69636325439942,264.0116214752197,50,0.9211798095703125,2947.775390625,24.79907817696931,2,0,8,0.0,0.0335,0.25,0.2,0.2,0.2,0.15
279,frozen_attentive_ppoclip_seed5,0,NOOP,0.167905,0.335793,0.366418,0,57,234.69636325439942,264.0116214752197,50,0.9211798095703125,2947.775390625,24.79907817696931,2,0,8,0.0,0.0335,0.25,0.2,0.2,0.2,0.15,48,184.77025344046694,190.62042236328125,53,0.8726518738944575,2960.03515625,27.26529777430409,2,1,9,0.67,0.067,0.2,0.25,0.2,0.2,0.15
280,frozen_attentive_ppoclip_seed5,0,NOOP,0.158915,-0.041113,0.155113,0,48,184.77025344046694,190.62042236328125,53,0.8726518738944575,2960.03515625,27.26529777430409,2,1,9,0.67,0.067,0.2,0.25,0.2,0.2,0.15,57,225.85171035850928,260.07914543151855,56,0.8295740400041852,2973.193359375,28.975956503208064,2,2,10,0.0,0.067,0.15,0.25,0.2,0.25,0.15
281,frozen_attentive_ppoclip_seed5,0,NOOP,0.150835,-0.041151,0.147937,0,57,225.85171035850928,260.07914543151855,56,0.8295740400041852,2973.193359375,28.975956503208064,2,2,10,0.0,0.067,0.15,0.25,0.2,0.25,0.15,65,260.3577953177002,218.68181228637695,59,0.7910507978019068,2987.0078125,30.1935594641288,2,3,11,0.0,0.067,0.15,0.2,0.2,0.25,0.2
282,frozen_attentive_ppoclip_seed5,0,NOOP,0.143375,-0.041172,0.140142,0,65,260.3577953177002,218.68181228637695,59,0.7910507978019068,2987.0078125,30.1935594641288,2,3,11,0.0,0.067,0.15,0.2,0.2,0.25,0.2,38,158.23036907021626,239.17341232299805,62,0.7556255709740424,2998.322265625,31.138169525408784,2,4,12,0.0,0.067,0.15,0.15,0.2,0.25,0.25
283,frozen_attentive_ppoclip_seed5,0,NOOP,0.136548,0.335694,0.334911,0,38,158.23036907021626,239.17341232299805,62,0.7556255709740424,2998.322265625,31.138169525408784,2,4,12,0.0,0.067,0.15,0.15,0.2,0.25,0.25,32,133.27666149319654,213.10114860534668,65,0.7233640230618991,3009.1943359375,31.83740711667223,2,5,13,0.67,0.1005,0.15,0.2,0.15,0.25,0.25
284,frozen_attentive_ppoclip_seed5,1,COMPACT_32KB,0.547682,0.290668,0.377128,0,32,133.27666149319654,213.10114860534668,65,0.7233640230618991,3009.1943359375,31.83740711667223,2,5,13,0.67,0.1005,0.15,0.2,0.15,0.25,0.25,43,176.99638853123136,231.1103343963623,50,0.9287490844726562,2971.9970703125,23.95473531557093,2,0,14,0.67,0.134,0.15,0.2,0.15,0.25,0.25
285,frozen_attentive_ppoclip_seed5,0,NOOP,0.169344,-0.04123,0.160492,0,43,176.99638853123136,231.1103343963623,50,0.9287490844726562,2971.9970703125,23.95473531557093,2,0,14,0.67,0.134,0.15,0.2,0.15,0.25,0.25,50,207.4094293736531,508.85653495788574,53,0.879844809478184,2984.43359375,26.592351838335713,2,1,15,0.0,0.134,0.15,0.2,0.15,0.25,0.25
286,frozen_attentive_ppoclip_seed5,0,NOOP,0.160156,-0.04124,0.156352,0,50,207.4094293736531,508.85653495788574,53,0.879844809478184,2984.43359375,26.592351838335713,2,1,15,0.0,0.134,0.15,0.2,0.15,0.25,0.25,34,139.74834264457579,260.1809501647949,56,0.8357797350202288,2995.4345703125,28.489438541418497,2,2,16,0.0,0.134,0.15,0.2,0.15,0.25,0.25
287,frozen_attentive_ppoclip_seed5,0,NOOP,0.152045,-0.041281,0.146241,0,34,139.74834264457579,260.1809501647949,56,0.8357797350202288,2995.4345703125,28.489438541418497,2,2,16,0.0,0.134,0.15,0.2,0.15,0.25,0.25,72,286.5094935537949,363.9500141143799,59,0.7971023300946769,3009.8583984375,29.766974288678558,2,3,17,0.0,0.134,0.1,0.2,0.15,0.3,0.25
288,frozen_attentive_ppoclip_seed5,0,NOOP,0.144579,-0.041295,0.140138,0,72,286.5094935537949,363.9500141143799,59,0.7971023300946769,3009.8583984375,29.766974288678558,2,3,17,0.0,0.134,0.1,0.2,0.15,0.3,0.25,49,187.26635862736325,299.55124855041504,62,0.7616468860257056,3022.21484375,30.74776733947852,2,4,18,0.0,0.134,0.1,0.2,0.15,0.3,0.25
289,frozen_attentive_ppoclip_seed5,1,COMPACT_32KB,0.545349,-0.086304,0.172621,0,49,187.26635862736325,299.55124855041504,62,0.7616468860257056,3022.21484375,30.74776733947852,2,4,18,0.0,0.134,0.1,0.2,0.15,0.3,0.25,30,116.64052904353727,291.0323143005371,51,0.9177084530101103,2995.400390625,24.263540265816886,2,0,19,0.0,0.134,0.1,0.2,0.15,0.3,0.25
290,frozen_attentive_ppoclip_seed5,0,NOOP,0.167331,-0.041327,0.162538,0,30,116.64052904353727,291.0323143005371,51,0.9177084530101103,2995.400390625,24.263540265816886,2,0,19,0.0,0.134,0.1,0.2,0.15,0.3,0.25,52,210.16908438801488,307.1913719177246,54,0.8704073870623553,3008.1279296875,26.723563165046475,2,1,20,0.0,0.134,0.15,0.2,0.15,0.3,0.2
291,frozen_attentive_ppoclip_seed5,6,PARTITION_EVENT_TYPE,-0.023275,-0.141358,0.156151,0,52,210.16908438801488,307.1913719177246,54,0.8704073870623553,3008.1279296875,26.723563165046475,2,1,20,0.0,0.134,0.15,0.2,0.15,0.3,0.2,63,255.07970916560802,190.88292121887207,57,0.8283413000274122,3021.7890625,28.43801903190994,3,2,0,0.0,0.134,0.15,0.25,0.1,0.3,0.2
292,frozen_attentive_ppoclip_seed5,0,NOOP,0.15064,-0.048925,0.147714,0,63,255.07970916560802,190.88292121887207,57,0.8283413000274122,3021.7890625,28.43801903190994,3,2,0,0.0,0.134,0.15,0.25,0.1,0.3,0.2,73,274.16108108495314,221.28701210021973,60,0.7907000223795573,3036.2880859375,29.662350117508232,3,3,1,0.0,0.134,0.15,0.25,0.05,0.3,0.25
293,frozen_attentive_ppoclip_seed5,0,NOOP,0.143373,-0.048785,0.141833,0,73,274.16108108495314,221.28701210021973,60,0.7907000223795573,3036.2880859375,29.662350117508232,3,3,1,0.0,0.134,0.15,0.25,0.05,0.3,0.25,55,217.4535822520514,155.72834014892578,63,0.7562386648995536,3049.154296875,30.59765691552037,3,4,2,0.0,0.134,0.15,0.3,0.05,0.3,0.2
294,frozen_attentive_ppoclip_seed5,3,COMPACT_128KB,0.164875,0.282823,0.397468,0,55,217.4535822520514,155.72834014892578,63,0.7562386648995536,3049.154296875,30.59765691552037,3,4,2,0.0,0.134,0.15,0.3,0.05,0.3,0.2,67,263.84545863389565,71.60472869873047,21,2.176118396577381,2924.703125,56.788152429815675,3,0,3,0.67,0.1675,0.15,0.3,0.05,0.3,0.2
295,frozen_attentive_ppoclip_seed5,0,NOOP,0.197,0.337818,0.396335,0,67,263.84545863389565,71.60472869873047,21,2.176118396577381,2924.703125,56.788152429815675,3,0,3,0.67,0.1675,0.15,0.3,0.05,0.3,0.2,74,334.42571118873735,113.24310302734375,24,1.9136085510253906,2939.302734375,69.75988483592558,3,1,4,0.67,0.201,0.1,0.3,0.05,0.35,0.2
296,frozen_attentive_ppoclip_seed5,0,NOOP,0.196625,-0.047434,0.190895,0,74,334.42571118873735,113.24310302734375,24,1.9136085510253906,2939.302734375,69.75988483592558,3,1,4,0.67,0.201,0.1,0.3,0.05,0.35,0.2,45,199.01273724167018,320.2638626098633,27,1.7079185203269676,2951.283203125,75.79423370422032,3,2,5,0.0,0.1675,0.1,0.25,0.1,0.35,0.2
297,frozen_attentive_ppoclip_seed5,0,NOOP,0.19625,-0.03908,0.194175,0,45,199.01273724167018,320.2638626098633,27,1.7079185203269676,2951.283203125,75.79423370422032,3,2,5,0.0,0.1675,0.1,0.25,0.1,0.35,0.2,77,307.3759123636035,141.25323295593262,30,1.5448516845703124,2966.115234375,78.51781823240972,3,3,6,0.0,0.1675,0.1,0.25,0.1,0.35,0.2
298,frozen_attentive_ppoclip_seed5,0,NOOP,0.195875,-0.039076,0.189737,0,77,307.3759123636035,141.25323295593262,30,1.5448516845703124,2966.115234375,78.51781823240972,3,3,6,0.0,0.1675,0.1,0.25,0.1,0.35,0.2,68,292.89290988295073,348.15096855163574,33,1.4110898104580967,2980.2216796875,79.6433246621452,3,4,7,0.0,0.1675,0.1,0.25,0.15,0.3,0.2
299,frozen_attentive_ppoclip_seed5,0,NOOP,0.1955,-0.047464,0.19326,0,68,292.89290988295073,348.15096855163574,33,1.4110898104580967,2980.2216796875,79.6433246621452,3,4,7,0.0,0.1675,0.1,0.25,0.15,0.3,0.2,69,304.8121837676153,157.00578689575195,36,1.2996164957682292,2994.31640625,79.84709069254613,3,5,8,0.0,0.134,0.1,0.2,0.15,0.3,0.25
300,frozen_attentive_ppoclip_seed5,2,COMPACT_64KB,0.554341,-0.089075,0.19273,0,69,304.8121837676153,157.00578689575195,36,1.2996164957682292,2994.31640625,79.84709069254613,3,5,8,0.0,0.134,0.1,0.2,0.15,0.3,0.25,57,253.41265582882758,173.5086441040039,38,1.2374239469829358,3009.4150390625,22.919853820456154,3,0,9,0.0,0.134,0.1,0.25,0.15,0.25,0.25
301,frozen_attentive_ppoclip_seed5,0,NOOP,0.194875,0.337809,0.393672,0,57,253.41265582882758,173.5086441040039,38,1.2374239469829358,3009.4150390625,22.919853820456154,3,0,9,0.0,0.134,0.1,0.25,0.15,0.25,0.25,35,150.34563984183052,161.4210605621338,41,1.1510839694883765,3020.4443359375,29.705147897423096,3,1,10,0.67,0.1675,0.1,0.25,0.15,0.3,0.2
302,frozen_attentive_ppoclip_seed5,0,NOOP,0.1945,0.337822,0.394383,0,35,150.34563984183052,161.4210605621338,41,1.1510839694883765,3020.4443359375,29.705147897423096,3,1,10,0.67,0.1675,0.1,0.25,0.15,0.3,0.2,60,265.27255823366835,110.84198951721191,44,1.077336398037997,3033.779296875,33.65204643271354,3,2,11,0.67,0.201,0.1,0.25,0.15,0.35,0.15
303,frozen_attentive_ppoclip_seed5,0,NOOP,0.194125,-0.047428,0.191528,0,60,265.27255823366835,110.84198951721191,44,1.077336398037997,3033.779296875,33.65204643271354,3,2,11,0.67,0.201,0.1,0.25,0.15,0.35,0.15,44,188.78804519061978,188.58838081359863,47,1.0125206480634974,3045.662109375,36.28420295568611,3,3,12,0.0,0.1675,0.1,0.2,0.15,0.35,0.2
304,frozen_attentive_ppoclip_seed5,0,NOOP,0.184991,0.329436,0.384058,0,44,188.78804519061978,188.58838081359863,47,1.0125206480634974,3045.662109375,36.28420295568611,3,3,12,0.0,0.1675,0.1,0.2,0.15,0.35,0.2,70,304.22575607956674,159.17038917541504,50,0.9562069702148438,3059.8623046875,37.99752108065998,3,4,13,0.67,0.1675,0.1,0.15,0.15,0.4,0.2
305,frozen_attentive_ppoclip_seed5,1,COMPACT_32KB,0.180557,-0.08405,0.192294,0,70,304.22575607956674,159.17038917541504,50,0.9562069702148438,3059.8623046875,37.99752108065998,3,4,13,0.67,0.1675,0.1,0.15,0.15,0.4,0.2,71,283.3317799645878,180.30285835266113,41,1.1593538609946645,3042.14453125,26.504617024302508,3,0,14,0.0,0.1675,0.1,0.15,0.1,0.4,0.25
306,frozen_attentive_ppoclip_seed5,0,NOOP,0.1945,-0.039065,0.190059,0,71,283.3317799645878,180.30285835266113,41,1.1593538609946645,3042.14453125,26.504617024302508,3,0,14,0.0,0.1675,0.1,0.15,0.1,0.4,0.25,36,160.68420134085346,277.06003189086914,44,1.0842735984108665,3053.314453125,31.24858428158056,3,1,15,0.0,0.1675,0.15,0.15,0.1,0.35,0.25
307,frozen_attentive_ppoclip_seed5,0,NOOP,0.194125,0.33782,0.394332,0,36,160.68420134085346,277.06003189086914,44,1.0842735984108665,3053.314453125,31.24858428158056,3,1,15,0.0,0.1675,0.15,0.15,0.1,0.35,0.25,46,207.3204237573163,98.42300415039062,47,1.0190835506358045,3065.4033203125,34.25935029741537,3,2,16,0.67,0.201,0.15,0.15,0.1,0.35,0.25
308,frozen_attentive_ppoclip_seed5,0,NOOP,0.186041,0.337814,0.386221,0,46,207.3204237573163,98.42300415039062,47,1.0190835506358045,3065.4033203125,34.25935029741537,3,2,16,0.67,0.201,0.15,0.15,0.1,0.35,0.25,37,166.60055286874467,103.51705551147461,50,0.9614556884765625,3076.658203125,36.323091827603875,3,3,17,0.67,0.23450000000000001,0.15,0.15,0.1,0.35,0.25
309,frozen_attentive_ppoclip_seed5,0,NOOP,0.175595,0.337802,0.374541,0,37,166.60055286874467,103.51705551147461,50,0.9614556884765625,3076.658203125,36.323091827603875,3,3,17,0.67,0.23450000000000001,0.15,0.15,0.1,0.35,0.25,65,287.4834551612726,168.9298152923584,53,0.9110985522000294,3090.4462890625,37.6813498465258,3,4,18,0.67,0.268,0.1,0.15,0.1,0.4,0.25
310,frozen_attentive_ppoclip_seed5,0,NOOP,0.166242,0.337833,0.366747,0,65,287.4834551612726,168.9298152923584,53,0.9110985522000294,3090.4462890625,37.6813498465258,3,4,18,0.67,0.268,0.1,0.15,0.1,0.4,0.25,68,304.70755677490143,94.76971626281738,56,0.8662109375,3104.5,38.612719862362574,3,5,19,0.67,0.3015,0.05,0.15,0.1,0.45,0.25
311,frozen_attentive_ppoclip_seed5,3,COMPACT_128KB,0.163375,0.282817,0.396371,0,68,304.70755677490143,94.76971626281738,56,0.8662109375,3104.5,38.612719862362574,3,5,19,0.67,0.3015,0.05,0.15,0.1,0.45,0.25,66,282.83776046296356,66.44940376281738,33,1.441935683741714,3045.3681640625,9.347661237910144,3,0,20,0.67,0.335,0.05,0.1,0.1,0.5,0.25
312,frozen_attentive_ppoclip_seed5,0,NOOP,0.1955,0.337828,0.394293,0,66,282.83776046296356,66.44940376281738,33,1.441935683741714,3045.3681640625,9.347661237910144,3,0,20,0.67,0.335,0.05,0.1,0.1,0.5,0.25,64,286.6081311646242,155.3347110748291,36,1.3277147081163194,3059.0546875,26.166040677423634,3,1,21,0.67,0.3685,0.05,0.1,0.1,0.55,0.2
313,frozen_attentive_ppoclip_seed5,0,NOOP,0.195125,0.337828,0.395362,0,64,286.6081311646242,155.3347110748291,36,1.3277147081163194,3059.0546875,26.166040677423634,3,1,21,0.67,0.3685,0.05,0.1,0.1,0.55,0.2,37,162.85670450479003,86.91787719726562,39,1.230087671524439,3070.298828125,33.33870876205858,3,2,22,0.67,0.402,0.05,0.05,0.1,0.6,0.2
314,frozen_attentive_ppoclip_seed5,0,NOOP,0.19475,0.329447,0.393778,0,37,162.85670450479003,86.91787719726562,39,1.230087671524439,3070.298828125,33.33870876205858,3,2,22,0.67,0.402,0.05,0.05,0.1,0.6,0.2,71,304.48730142338167,151.1075496673584,42,1.1475848243350075,3084.7080078125,37.438954421704054,3,3,23,0.67,0.402,0.05,0.05,0.1,0.6,0.2
315,frozen_attentive_ppoclip_seed5,0,NOOP,0.194375,0.329446,0.394534,0,71,304.48730142338167,151.1075496673584,42,1.1475848243350075,3084.7080078125,37.438954421704054,3,3,23,0.67,0.402,0.05,0.05,0.1,0.6,0.2,71,316.35989924775765,98.29401969909668,45,1.0760670979817708,3099.0732421875,40.078293040800574,3,4,24,0.67,0.402,0.05,0.05,0.1,0.6,0.2
316,frozen_attentive_ppoclip_seed5,0,NOOP,0.194,0.337816,0.394229,0,71,316.35989924775765,98.29401969909668,45,1.0760670979817708,3099.0732421875,40.078293040800574,3,4,24,0.67,0.402,0.05,0.05,0.1,0.6,0.2,32,144.21097147965412,98.55532646179199,48,1.0123090744018555,3109.8134765625,41.938815898425204,3,5,25,0.67,0.43550000000000005,0.05,0.05,0.05,0.65,0.2
317,frozen_attentive_ppoclip_seed5,0,NOOP,0.185085,0.337785,0.384133,0,32,144.21097147965412,98.55532646179199,48,1.0123090744018555,3109.8134765625,41.938815898425204,3,5,25,0.67,0.43550000000000005,0.05,0.05,0.05,0.65,0.2,77,328.5296571591911,161.31925582885742,51,0.9572975308287377,3124.619140625,43.08137828003193,3,6,26,0.67,0.46900000000000003,0.05,0.05,0.05,0.7,0.15
318,frozen_attentive_ppoclip_seed5,0,NOOP,0.17488,0.337793,0.373908,0,77,328.5296571591911,161.31925582885742,51,0.9572975308287377,3124.619140625,43.08137828003193,3,6,26,0.67,0.46900000000000003,0.05,0.05,0.05,0.7,0.15,66,283.064504056428,166.0919189453125,54,0.9081502843786169,3138.5673828125,43.845526299209666,3,7,27,0.67,0.5025000000000001,0.05,0.05,0.0,0.75,0.15
319,frozen_attentive_ppoclip_seed5,1,COMPACT_32KB,0.180182,0.292787,0.395022,0,66,283.064504056428,166.0919189453125,54,0.9081502843786169,3138.5673828125,43.845526299209666,3,7,27,0.67,0.5025000000000001,0.05,0.05,0.0,0.75,0.15,58,261.5760304941318,78.92131805419922,44,1.1074319319291548,3118.5283203125,31.406399216191666,3,0,28,0.67,0.536,0.05,0.05,0.0,0.8,0.1
320,frozen_attentive_ppoclip_seed5,0,NOOP,0.194125,-0.039079,0.188561,0,58,261.5760304941318,78.92131805419922,44,1.1074319319291548,3118.5283203125,31.406399216191666,3,0,28,0.67,0.536,0.05,0.05,0.0,0.8,0.1,78,344.11906111780206,336.96913719177246,47,1.0416931801653924,3133.4130859375,34.459626613234455,3,1,29,0.0,0.536,0.1,0.0,0.0,0.8,0.1
321,frozen_attentive_ppoclip_seed5,0,NOOP,0.190345,0.329427,0.390825,0,78,344.11906111780206,336.96913719177246,47,1.0416931801653924,3133.4130859375,34.459626613234455,3,1,29,0.0,0.536,0.1,0.0,0.0,0.8,0.1,46,209.4906806400966,88.50336074829102,50,0.9829730224609375,3145.513671875,36.61425551569576,3,2,30,0.67,0.536,0.1,0.0,0.0,0.8,0.1
322,frozen_attentive_ppoclip_seed5,0,NOOP,0.179586,0.329427,0.379811,0,46,209.4906806400966,88.50336074829102,50,0.9829730224609375,3145.513671875,36.61425551569576,3,2,30,0.67,0.536,0.1,0.0,0.0,0.8,0.1,52,233.15214702546456,104.99930381774902,53,0.931053305571934,3158.1328125,38.09082055353877,3,3,31,0.67,0.536,0.1,0.0,0.0,0.8,0.1
323,frozen_attentive_ppoclip_seed5,0,NOOP,0.169889,-0.039067,0.165022,0,52,233.15214702546456,104.99930381774902,53,0.931053305571934,3158.1328125,38.09082055353877,3,3,31,0.67,0.536,0.1,0.0,0.0,0.8,0.1,42,188.52216645441607,313.3196830749512,56,0.884444100516183,3169.84765625,39.13919556702358,3,4,32,0.0,0.536,0.15,0.0,0.0,0.8,0.05
324,frozen_attentive_ppoclip_seed5,0,NOOP,0.16125,-0.047442,0.158394,0,42,188.52216645441607,313.3196830749512,56,0.884444100516183,3169.84765625,39.13919556702358,3,4,32,0.0,0.536,0.15,0.0,0.0,0.8,0.05,65,293.68649426587467,216.56417846679688,59,0.8431272345074152,3183.6484375,39.81877386945443,3,5,33,0.0,0.5025000000000001,0.15,0.0,0.0,0.75,0.1
325,frozen_attentive_ppoclip_seed5,3,COMPACT_128KB,-0.129125,0.28281,0.393351,0,65,293.68649426587467,216.56417846679688,59,0.8431272345074152,3183.6484375,39.81877386945443,3,5,33,0.0,0.5025000000000001,0.15,0.0,0.0,0.75,0.1,43,195.03074554042598,217.4665927886963,33,1.4746496027166194,3114.4599609375,11.284359753819937,3,0,34,0.67,0.536,0.15,0.0,0.0,0.8,0.05
326,frozen_attentive_ppoclip_seed5,0,NOOP,0.1955,-0.039075,0.188807,0,43,195.03074554042598,217.4665927886963,33,1.4746496027166194,3114.4599609375,11.284359753819937,3,0,34,0.67,0.536,0.15,0.0,0.0,0.8,0.05,56,247.8631018209754,379.6496391296387,36,1.3573468526204426,3127.3271484375,27.464731984265967,3,1,35,0.0,0.536,0.1,0.0,0.05,0.8,0.05
327,frozen_attentive_ppoclip_seed5,0,NOOP,0.195125,-0.047462,0.190549,0,56,247.8631018209754,379.6496391296387,36,1.3573468526204426,3127.3271484375,27.464731984265967,3,1,35,0.0,0.536,0.1,0.0,0.05,0.8,0.05,56,246.73931550307793,277.56667137145996,39,1.2581149370242388,3140.2548828125,34.520993289807436,3,2,36,0.0,0.5025000000000001,0.15,0.0,0.05,0.75,0.05
328,frozen_attentive_ppoclip_seed5,0,NOOP,0.19475,-0.047472,0.190996,0,56,246.73931550307793,277.56667137145996,39,1.2581149370242388,3140.2548828125,34.520993289807436,3,2,36,0.0,0.5025000000000001,0.15,0.0,0.05,0.75,0.05,43,191.85832137466053,240.20981788635254,42,1.172636486235119,3152.046875,38.77078207745799,3,3,37,0.0,0.46900000000000003,0.15,0.05,0.05,0.7,0.05
329,frozen_attentive_ppoclip_seed5,0,NOOP,0.194375,0.329401,0.393296,0,43,191.85832137466053,240.20981788635254,42,1.172636486235119,3152.046875,38.77078207745799,3,3,37,0.0,0.46900000000000003,0.15,0.05,0.05,0.7,0.05,62,280.3005228818757,160.20536422729492,45,1.0991556803385416,3165.568359375,41.44274521121388,3,4,38,0.67,0.46900000000000003,0.15,0.05,0.05,0.7,0.05
330,frozen_attentive_ppoclip_seed5,0,NOOP,0.194,0.329413,0.394489,0,62,280.3005228818757,160.20536422729492,45,1.0991556803385416,3165.568359375,41.44274521121388,3,4,38,0.67,0.46900000000000003,0.15,0.05,0.05,0.7,0.05,63,281.6058111318215,85.53171157836914,48,1.0348885854085286,3179.177734375,43.210464241723265,3,5,39,0.67,0.46900000000000003,0.15,0.05,0.05,0.7,0.05
331,frozen_attentive_ppoclip_seed5,0,NOOP,0.189184,0.329412,0.389165,0,63,281.6058111318215,85.53171157836914,48,1.0348885854085286,3179.177734375,43.210464241723265,3,5,39,0.67,0.46900000000000003,0.15,0.05,0.05,0.7,0.05,49,226.91688951209548,114.68958854675293,51,0.9777927772671569,3191.515625,44.419785395623315,3,6,40,0.67,0.46900000000000003,0.15,0.05,0.05,0.7,0.05
332,frozen_attentive_ppoclip_seed5,3,COMPACT_128KB,0.163375,-0.102469,0.192592,0,49,226.91688951209548,114.68958854675293,51,0.9777927772671569,3191.515625,44.419785395623315,3,6,40,0.67,0.46900000000000003,0.15,0.05,0.05,0.7,0.05,55,245.13237059942406,205.41739463806152,33,1.4902561072147253,3147.4208984375,11.214463916194708,3,0,41,0.0,0.43550000000000005,0.15,0.05,0.05,0.65,0.1
333,frozen_attentive_ppoclip_seed5,0,NOOP,0.1955,-0.04748,0.189059,0,55,245.13237059942406,205.41739463806152,33,1.4902561072147253,3147.4208984375,11.214463916194708,3,0,41,0.0,0.43550000000000005,0.15,0.05,0.05,0.65,0.1,36,154.6505742747055,367.05613136291504,36,1.3708708021375868,3158.486328125,27.849899798688025,3,1,42,0.0,0.402,0.15,0.05,0.1,0.6,0.1
334,frozen_attentive_ppoclip_seed5,0,NOOP,0.195125,-0.047467,0.190628,0,36,154.6505742747055,367.05613136291504,36,1.3708708021375868,3158.486328125,27.849899798688025,3,1,42,0.0,0.402,0.15,0.05,0.1,0.6,0.1,48,213.36078007878362,273.6170291900635,39,1.270349355844351,3170.7919921875,34.98818906296455,3,2,43,0.0,0.36850000000000005,0.2,0.05,0.1,0.55,0.1
335,frozen_attentive_ppoclip_seed5,0,NOOP,0.19475,0.329401,0.394781,0,48,213.36078007878362,273.6170291900635,39,1.270349355844351,3170.7919921875,34.98818906296455,3,2,43,0.0,0.36850000000000005,0.2,0.05,0.1,0.55,0.1,45,197.65246976994052,100.96955299377441,42,1.1840558733258928,3182.7421875,39.254291182085346,3,3,44,0.67,0.36850000000000005,0.2,0.05,0.1,0.55,0.1
336,frozen_attentive_ppoclip_seed5,0,NOOP,0.194375,0.329395,0.394667,0,45,197.65246976994052,100.96955299377441,42,1.1840558733258928,3182.7421875,39.254291182085346,3,3,44,0.67,0.36850000000000005,0.2,0.05,0.1,0.55,0.1,58,245.43807741395227,91.65024757385254,45,1.1097025553385416,3195.943359375,41.95500770303116,3,4,45,0.67,0.3685,0.2,0.05,0.1,0.55,0.1
337,frozen_attentive_ppoclip_seed5,3,COMPACT_128KB,0.163375,0.274396,0.395992,0,58,245.43807741395227,91.65024757385254,45,1.1097025553385416,3195.943359375,41.95500770303116,3,4,45,0.67,0.3685,0.2,0.05,0.1,0.55,0.1,73,333.98693434996267,85.38007736206055,33,1.5008854721531724,3169.8701171875,11.068100749329776,3,0,46,0.67,0.3685,0.2,0.05,0.1,0.55,0.1
338,frozen_attentive_ppoclip_seed5,0,NOOP,0.1955,0.329385,0.395645,0,73,333.98693434996267,85.38007736206055,33,1.5008854721531724,3169.8701171875,11.068100749329776,3,0,46,0.67,0.3685,0.2,0.05,0.1,0.55,0.1,42,186.58291655280667,87.75162696838379,36,1.3808572557237413,3181.4951171875,27.92489975993137,3,1,47,0.67,0.3685,0.2,0.05,0.1,0.55,0.1
339,frozen_attentive_ppoclip_seed5,0,NOOP,0.195125,-0.047488,0.190606,0,42,186.58291655280667,87.75162696838379,36,1.3808572557237413,3181.4951171875,27.92489975993137,3,1,47,0.67,0.3685,0.2,0.05,0.1,0.55,0.1,62,274.04449259264726,274.70970153808594,39,1.2800339918870192,3194.96484375,35.08829077999495,3,2,48,0.0,0.335,0.2,0.05,0.1,0.5,0.15
340,frozen_attentive_ppoclip_seed5,0,NOOP,0.19475,0.337766,0.395044,0,62,274.04449259264726,274.70970153808594,39,1.2800339918870192,3194.96484375,35.08829077999495,3,2,48,0.0,0.335,0.2,0.05,0.1,0.5,0.15,76,341.79741373764233,87.79287338256836,42,1.1941056024460566,3209.755859375,39.294617375330844,3,3,49,0.67,0.3685,0.15,0.05,0.1,0.55,0.15
341,frozen_attentive_ppoclip_seed5,0,NOOP,0.194375,-0.04749,0.190923,0,76,341.79741373764233,87.79287338256836,42,1.1941056024460566,3209.755859375,39.294617375330844,3,3,49,0.67,0.3685,0.15,0.05,0.1,0.55,0.15,60,280.28141939263395,228.851318359375,45,1.1191077338324653,3223.0302734375,42.057396747761686,3,4,50,0.0,0.335,0.15,0.1,0.1,0.5,0.15
342,frozen_attentive_ppoclip_seed5,0,NOOP,0.194,0.329383,0.394397,0,60,280.28141939263395,228.851318359375,45,1.1191077338324653,3223.0302734375,42.057396747761686,3,4,50,0.0,0.335,0.15,0.1,0.1,0.5,0.15,45,209.08307217844717,90.1486873626709,48,1.0530894597371419,3235.0908203125,43.92585267405613,3,5,51,0.67,0.335,0.15,0.1,0.1,0.5,0.15
343,frozen_attentive_ppoclip_seed5,0,NOOP,0.192583,-0.039113,0.184331,0,45,209.08307217844717,90.1486873626709,48,1.0530894597371419,3235.0908203125,43.92585267405613,3,5,51,0.67,0.335,0.15,0.1,0.1,0.5,0.15,44,196.62887785315274,476.346492767334,51,0.9947916666666666,3247.0,45.176969355300955,3,6,52,0.0,0.335,0.1,0.1,0.15,0.5,0.15
344,frozen_attentive_ppoclip_seed5,3,COMPACT_128KB,0.163375,0.282771,0.395979,0,44,196.62887785315274,476.346492767334,51,0.9947916666666666,3247.0,45.176969355300955,3,6,52,0.0,0.335,0.1,0.1,0.15,0.5,0.15,73,323.8728305111997,86.04764938354492,33,1.5172063654119319,3204.33984375,11.009610878131294,3,0,53,0.67,0.36850000000000005,0.1,0.1,0.15,0.55,0.1
345,frozen_attentive_ppoclip_seed5,0,NOOP,0.1955,0.329405,0.395623,0,73,323.8728305111997,86.04764938354492,33,1.5172063654119319,3204.33984375,11.009610878131294,3,0,53,0.67,0.36850000000000005,0.1,0.1,0.15,0.55,0.1,79,349.5942933890968,88.85574340820312,36,1.3972901238335504,3219.3564453125,27.88297911066836,3,1,54,0.67,0.3685,0.1,0.1,0.15,0.55,0.1
346,frozen_attentive_ppoclip_seed5,0,NOOP,0.195125,0.337785,0.393897,0,79,349.5942933890968,88.85574340820312,36,1.3972901238335504,3219.3564453125,27.88297911066836,3,1,54,0.67,0.3685,0.1,0.1,0.15,0.55,0.1,62,273.4149238729186,160.14742851257324,39,1.2952415270683093,3232.9228515625,35.23582479264195,3,2,55,0.67,0.402,0.1,0.1,0.1,0.6,0.1
347,frozen_attentive_ppoclip_seed5,0,NOOP,0.19475,-0.039095,0.190975,0,62,273.4149238729186,160.14742851257324,39,1.2952415270683093,3232.9228515625,35.23582479264195,3,2,55,0.67,0.402,0.1,0.1,0.1,0.6,0.1,68,296.1064274664923,241.2436008453369,42,1.2079384213402158,3246.9384765625,39.58129334741347,3,3,56,0.0,0.402,0.05,0.15,0.1,0.6,0.1
348,frozen_attentive_ppoclip_seed5,0,NOOP,0.194375,0.337763,0.394544,0,68,296.1064274664923,241.2436008453369,42,1.2079384213402158,3246.9384765625,39.58129334741347,3,3,56,0.0,0.402,0.05,0.15,0.1,0.6,0.1,54,237.64086174714376,97.7928638458252,45,1.1318450927734376,3259.7138671875,42.42207206421007,3,4,57,0.67,0.43550000000000005,0.05,0.1,0.1,0.65,0.1
349,frozen_attentive_ppoclip_seed5,3,COMPACT_128KB,-0.12925,0.274381,0.395844,0,54,237.64086174714376,97.7928638458252,45,1.1318450927734376,3259.7138671875,42.42207206421007,3,4,57,0.67,0.43550000000000005,0.05,0.1,0.1,0.65,0.1,32,140.84712025621974,87.81790733337402,34,1.4856150010052849,3232.6982421875,19.280916287161233,3,0,58,0.67,0.43550000000000005,0.05,0.1,0.1,0.65,0.1
350,frozen_attentive_ppoclip_seed5,0,NOOP,0.195375,0.329373,0.395676,0,32,140.84712025621974,87.81790733337402,34,1.4856150010052849,3232.6982421875,19.280916287161233,3,0,58,0.67,0.43550000000000005,0.05,0.1,0.1,0.65,0.1,64,282.0043786847977,81.20417594909668,37,1.3709588952966638,3246.4306640625,31.116311580749336,3,1,59,0.67,0.43550000000000005,0.05,0.1,0.1,0.65,0.1
351,frozen_attentive_ppoclip_seed5,0,NOOP,0.195,-0.04751,0.190645,0,64,282.0043786847977,81.20417594909668,37,1.3709588952966638,3246.4306640625,31.116311580749336,3,1,59,0.67,0.43550000000000005,0.05,0.1,0.1,0.65,0.1,58,248.88319240468772,267.73929595947266,40,1.2732616424560548,3259.5498046875,37.2621667929005,3,2,60,0.0,0.402,0.1,0.1,0.1,0.6,0.1
352,frozen_attentive_ppoclip_seed5,0,NOOP,0.194625,-0.039137,0.188711,0,58,248.88319240468772,267.73929595947266,40,1.2732616424560548,3259.5498046875,37.2621667929005,3,2,60,0.0,0.402,0.1,0.1,0.1,0.6,0.1,56,238.05645910804216,349.46441650390625,43,1.1891610788744549,3272.5712890625,41.04750063605381,3,3,61,0.0,0.402,0.15,0.1,0.1,0.6,0.05
353,frozen_attentive_ppoclip_seed5,0,NOOP,0.19425,0.33774,0.394679,0,56,238.05645910804216,349.46441650390625,43,1.1891610788744549,3272.5712890625,41.04750063605381,3,3,61,0.0,0.402,0.15,0.1,0.1,0.6,0.05,88,354.6557511885956,86.04693412780762,46,1.1169980919879416,3288.4423828125,43.420833867279214,3,4,62,0.67,0.43550000000000005,0.15,0.1,0.05,0.65,0.05
354,frozen_attentive_ppoclip_seed5,0,NOOP,0.193875,0.337736,0.394195,0,88,354.6557511885956,86.04693412780762,46,1.1169980919879416,3288.4423828125,43.420833867279214,3,4,62,0.67,0.43550000000000005,0.15,0.1,0.05,0.65,0.05,99,425.1096937469671,95.23653984069824,49,1.0540167360889667,3305.396484375,44.96919332181885,3,5,63,0.67,0.46900000000000003,0.1,0.1,0.05,0.7,0.05
355,frozen_attentive_ppoclip_seed5,3,COMPACT_128KB,0.16325,-0.102494,0.18949,0,99,425.1096937469671,95.23653984069824,49,1.0540167360889667,3305.396484375,44.96919332181885,3,5,63,0.67,0.46900000000000003,0.1,0.1,0.05,0.7,0.05,92,382.8491625211081,355.4863929748535,34,1.503621269674862,3271.8798828125,18.712409099824537,3,0,64,0.0,0.43550000000000005,0.1,0.1,0.1,0.65,0.05
356,frozen_attentive_ppoclip_seed5,0,NOOP,0.195375,-0.047498,0.192089,0,92,382.8491625211081,355.4863929748535,34,1.503621269674862,3271.8798828125,18.712409099824537,3,0,64,0.0,0.43550000000000005,0.1,0.1,0.1,0.65,0.05,61,255.87608459978318,210.55173873901367,37,1.3873703415329393,3285.29296875,31.07965454652897,3,1,65,0.0,0.402,0.1,0.15,0.1,0.6,0.05
357,frozen_attentive_ppoclip_seed5,0,NOOP,0.195,-0.047504,0.192683,0,61,255.87608459978318,210.55173873901367,37,1.3873703415329393,3285.29296875,31.07965454652897,3,1,65,0.0,0.402,0.1,0.15,0.1,0.6,0.05,57,245.37055495800251,165.83943367004395,40,1.2884170532226562,3298.34765625,37.40525621330782,3,2,66,0.0,0.36850000000000005,0.1,0.15,0.1,0.55,0.1
358,frozen_attentive_ppoclip_seed5,0,NOOP,0.194625,-0.047505,0.190988,0,57,245.37055495800251,165.83943367004395,40,1.2884170532226562,3298.34765625,37.40525621330782,3,2,66,0.0,0.36850000000000005,0.1,0.15,0.1,0.55,0.1,86,359.34857225970796,235.62240600585938,43,1.2041725336119187,3313.8828125,41.18656490472808,3,3,67,0.0,0.3350000000000001,0.1,0.2,0.1,0.5,0.1
359,frozen_attentive_ppoclip_seed5,0,NOOP,0.19425,-0.039128,0.185478,0,86,359.34857225970796,235.62240600585938,43,1.2041725336119187,3313.8828125,41.18656490472808,3,3,67,0.0,0.3350000000000001,0.1,0.2,0.1,0.5,0.1,99,425.7905932248578,496.1082935333252,46,1.1313828178074048,3330.791015625,43.607011944494666,3,4,68,0.0,0.3350000000000001,0.1,0.2,0.15,0.5,0.05
360,frozen_attentive_ppoclip_seed5,1,COMPACT_32KB,0.16027,0.284352,0.375281,0,99,425.7905932248578,496.1082935333252,46,1.1313828178074048,3330.791015625,43.607011944494666,3,4,68,0.0,0.3350000000000001,0.1,0.2,0.15,0.5,0.05,77,318.98494171656137,87.82482147216797,58,0.9091886323073815,3374.908203125,35.713589766724176,3,0,69,0.67,0.335,0.1,0.2,0.15,0.5,0.05
361,frozen_attentive_ppoclip_seed5,0,NOOP,0.166032,0.33772,0.364249,0,77,318.98494171656137,87.82482147216797,58,0.9091886323073815,3374.908203125,35.713589766724176,3,0,69,0.67,0.335,0.1,0.2,0.15,0.5,0.05,77,314.49397229006235,215.39545059204102,61,0.868285632524334,3389.787109375,36.69574749428609,3,1,70,0.67,0.36850000000000005,0.1,0.15,0.15,0.55,0.05
362,frozen_attentive_ppoclip_seed5,0,NOOP,0.158135,0.329346,0.356547,0,77,314.49397229006235,215.39545059204102,61,0.868285632524334,3389.787109375,36.69574749428609,3,1,70,0.67,0.36850000000000005,0.1,0.15,0.15,0.55,0.05,53,230.1761198789779,209.43522453308105,64,0.830676794052124,3402.4521484375,37.445949538599024,3,2,71,0.67,0.3685,0.1,0.15,0.15,0.55,0.05
363,frozen_attentive_ppoclip_seed5,0,NOOP,0.151063,0.337728,0.351778,0,53,230.1761198789779,209.43522453308105,64,0.830676794052124,3402.4521484375,37.445949538599024,3,2,71,0.67,0.3685,0.1,0.15,0.15,0.55,0.05,88,377.3946409984274,98.01840782165527,67,0.7971897409923041,3418.349609375,37.92233070175111,3,3,72,0.67,0.402,0.1,0.15,0.1,0.6,0.05
364,frozen_attentive_ppoclip_seed5,0,NOOP,0.14456,0.329344,0.342606,0,88,377.3946409984274,98.01840782165527,67,0.7971897409923041,3418.349609375,37.92233070175111,3,3,72,0.67,0.402,0.1,0.15,0.1,0.6,0.05,88,375.9324521145381,235.20636558532715,70,0.7665518624441964,3434.15234375,38.24809663070213,3,4,73,0.67,0.402,0.1,0.15,0.1,0.6,0.05
365,frozen_attentive_ppoclip_seed5,0,NOOP,0.138563,-0.047549,0.131032,0,88,375.9324521145381,235.20636558532715,70,0.7665518624441964,3434.15234375,38.24809663070213,3,4,73,0.67,0.402,0.1,0.15,0.1,0.6,0.05,87,372.65873087198423,467.76747703552246,73,0.73843885447881,3449.986328125,38.455182379362704,3,5,74,0.0,0.3685,0.15,0.15,0.1,0.55,0.05
366,frozen_attentive_ppoclip_seed5,0,NOOP,0.132954,0.329327,0.333642,0,87,372.65873087198423,467.76747703552246,73,0.73843885447881,3449.986328125,38.455182379362704,3,5,74,0.0,0.3685,0.15,0.15,0.1,0.55,0.05,73,304.4388441067361,110.63289642333984,76,0.7122720417223478,3464.4912109375,38.58650449309691,3,6,75,0.67,0.3685,0.15,0.15,0.1,0.55,0.05
367,frozen_attentive_ppoclip_seed5,1,COMPACT_32KB,0.179307,-0.084172,0.189976,0,73,304.4388441067361,110.63289642333984,76,0.7122720417223478,3464.4912109375,38.58650449309691,3,6,75,0.67,0.3685,0.15,0.15,0.1,0.55,0.05,97,421.59181867450343,246.22297286987305,51,1.042583091586244,3402.9912109375,30.113840740171135,3,0,76,0.0,0.36850000000000005,0.15,0.15,0.1,0.55,0.05
368,frozen_attentive_ppoclip_seed5,0,NOOP,0.19112,-0.047559,0.181786,0,97,421.59181867450343,246.22297286987305,51,1.042583091586244,3402.9912109375,30.113840740171135,3,0,76,0.0,0.36850000000000005,0.15,0.15,0.1,0.55,0.05,92,385.084234813224,534.1975688934326,54,0.9893499303747106,3419.193359375,32.50993272064439,3,1,77,0.0,0.3350000000000001,0.15,0.15,0.15,0.5,0.05
369,frozen_attentive_ppoclip_seed5,0,NOOP,0.181224,0.329297,0.379644,0,92,385.084234813224,534.1975688934326,54,0.9893499303747106,3419.193359375,32.50993272064439,3,1,77,0.0,0.3350000000000001,0.15,0.15,0.15,0.5,0.05,94,386.8695642788105,200.21700859069824,57,0.9417438172457511,3435.4814453125,34.215882257218425,3,2,78,0.67,0.335,0.15,0.15,0.15,0.5,0.05
370,frozen_attentive_ppoclip_seed5,0,NOOP,0.172106,-0.04759,0.163627,0,94,386.8695642788105,200.21700859069824,57,0.9417438172457511,3435.4814453125,34.215882257218425,3,2,78,0.67,0.335,0.15,0.15,0.15,0.5,0.05,56,236.73250895251763,498.9142417907715,60,0.8980280558268229,3448.427734375,35.53282915491407,3,3,79,0.0,0.3015,0.2,0.15,0.15,0.45,0.05
371,frozen_attentive_ppoclip_seed5,0,NOOP,0.163835,0.33765,0.364083,0,56,236.73250895251763,498.9142417907715,60,0.8980280558268229,3448.427734375,35.53282915491407,3,3,79,0.0,0.3015,0.2,0.15,0.15,0.45,0.05,60,252.00727006904563,116.37210845947266,63,0.858550783187624,3461.6767578125,36.487680426337874,3,4,80,0.67,0.335,0.15,0.15,0.15,0.5,0.05
372,frozen_attentive_ppoclip_seed5,3,COMPACT_128KB,0.163125,-0.094229,0.191743,0,60,252.00727006904563,116.37210845947266,63,0.858550783187624,3461.6767578125,36.487680426337874,3,4,80,0.67,0.335,0.15,0.15,0.15,0.5,0.05,85,362.60949252182934,237.85710334777832,35,1.513474382672991,3390.1826171875,13.283390976497751,3,0,81,0.0,0.335,0.15,0.15,0.15,0.5,0.05
373,frozen_attentive_ppoclip_seed5,0,NOOP,0.19525,0.329267,0.395682,0,85,362.60949252182934,237.85710334777832,35,1.513474382672991,3390.1826171875,13.283390976497751,3,0,81,0.0,0.335,0.15,0.15,0.15,0.5,0.05,69,289.036142629007,75.88839530944824,38,1.3997947291324013,3404.30078125,28.224481455927595,3,1,82,0.67,0.335,0.15,0.15,0.15,0.5,0.05
374,frozen_attentive_ppoclip_seed5,0,NOOP,0.194875,-0.047594,0.191409,0,69,289.036142629007,75.88839530944824,38,1.3997947291324013,3404.30078125,28.224481455927595,3,1,82,0.67,0.335,0.15,0.15,0.15,0.5,0.05,57,241.34176854843838,224.52831268310547,41,1.3023607207507621,3417.39453125,35.23945205894791,3,2,83,0.0,0.3015,0.15,0.2,0.15,0.45,0.05
375,frozen_attentive_ppoclip_seed5,0,NOOP,0.1945,-0.039219,0.18707,0,57,241.34176854843838,224.52831268310547,41,1.3023607207507621,3417.39453125,35.23945205894791,3,2,83,0.0,0.3015,0.15,0.2,0.15,0.45,0.05,51,213.1855259538607,426.4845848083496,44,1.2180137634277344,3429.9267578125,39.532308564072686,3,3,84,0.0,0.3015,0.15,0.2,0.15,0.45,0.05
376,frozen_attentive_ppoclip_seed5,0,NOOP,0.194125,0.337672,0.393151,0,51,213.1855259538607,426.4845848083496,44,1.2180137634277344,3429.9267578125,39.532308564072686,3,3,84,0.0,0.3015,0.15,0.2,0.15,0.45,0.05,66,269.228325259455,157.46212005615234,47,1.1448893445603392,3443.8271484375,42.29883483778765,3,4,85,0.67,0.335,0.15,0.15,0.15,0.5,0.05
377,frozen_attentive_ppoclip_seed5,0,NOOP,0.19375,0.337666,0.393673,0,66,269.228325259455,157.46212005615234,47,1.1448893445603392,3443.8271484375,42.29883483778765,3,4,85,0.67,0.335,0.15,0.15,0.15,0.5,0.05,56,194.37968423369819,116.37187004089355,50,1.080238037109375,3456.76171875,44.19819795718559,3,5,86,0.67,0.36850000000000005,0.15,0.15,0.15,0.55,0.0
378,frozen_attentive_ppoclip_seed5,0,NOOP,0.193375,0.337679,0.393463,0,56,194.37968423369819,116.37187004089355,50,1.080238037109375,3456.76171875,44.19819795718559,3,5,86,0.67,0.36850000000000005,0.15,0.15,0.15,0.55,0.0,71,296.7729045708489,111.83881759643555,53,1.0233352949034493,3471.1533203125,45.45533306853553,3,6,87,0.67,0.402,0.15,0.1,0.15,0.6,0.0
379,frozen_attentive_ppoclip_seed5,0,NOOP,0.187572,0.337667,0.387754,0,71,296.7729045708489,111.83881759643555,53,1.0233352949034493,3471.1533203125,45.45533306853553,3,6,87,0.67,0.402,0.15,0.1,0.15,0.6,0.0,85,360.56863141712853,110.8701229095459,56,0.972858156476702,3486.7236328125,46.27627127760162,3,7,88,0.67,0.43550000000000005,0.15,0.1,0.1,0.65,0.0
380,frozen_attentive_ppoclip_seed5,0,NOOP,0.177969,-0.047585,0.169284,0,85,360.56863141712853,110.8701229095459,56,0.972858156476702,3486.7236328125,46.27627127760162,3,7,88,0.67,0.43550000000000005,0.15,0.1,0.1,0.65,0.0,51,221.49366871030972,508.03422927856445,59,0.9267223810745497,3499.3037109375,46.86533886970262,3,8,89,0.0,0.402,0.15,0.1,0.15,0.6,0.0
381,frozen_attentive_ppoclip_seed5,0,NOOP,0.16945,-0.04756,0.166275,0,51,221.49366871030972,508.03422927856445,59,0.9267223810745497,3499.3037109375,46.86533886970262,3,8,89,0.0,0.402,0.15,0.1,0.15,0.6,0.0,92,313.4015468819924,236.25588417053223,62,0.8859991258190524,3515.64453125,47.161959574539544,3,9,90,0.0,0.36850000000000005,0.15,0.1,0.15,0.55,0.05
382,frozen_attentive_ppoclip_seed5,1,COMPACT_32KB,0.178932,0.284302,0.394022,0,92,313.4015468819924,236.25588417053223,62,0.8859991258190524,3515.64453125,47.161959574539544,3,9,90,0.0,0.36850000000000005,0.15,0.1,0.15,0.55,0.05,80,334.16754969525556,78.91535758972168,54,1.0138603493019387,3503.9013671875,32.311024046488654,3,0,91,0.67,0.36850000000000005,0.15,0.1,0.15,0.55,0.05
383,frozen_attentive_ppoclip_seed5,0,NOOP,0.18574,0.329286,0.383955,0,80,334.16754969525556,78.91535758972168,54,1.0138603493019387,3503.9013671875,32.311024046488654,3,0,91,0.67,0.36850000000000005,0.15,0.1,0.15,0.55,0.05,67,284.8706741262087,210.4806900024414,57,0.9643254865679824,3517.859375,34.240512903294295,3,1,92,0.67,0.36850000000000005,0.15,0.1,0.15,0.55,0.05
384,frozen_attentive_ppoclip_seed5,0,NOOP,0.176566,0.329287,0.374129,0,67,284.8706741262087,210.4806900024414,57,0.9643254865679824,3517.859375,34.240512903294295,3,1,92,0.67,0.36850000000000005,0.15,0.1,0.15,0.55,0.05,91,383.0775987699176,246.8709945678711,60,0.9203323364257813,3534.076171875,35.583779264722665,3,2,93,0.67,0.36850000000000005,0.15,0.1,0.15,0.55,0.05
385,frozen_attentive_ppoclip_seed5,0,NOOP,0.168086,-0.039211,0.157432,0,91,383.0775987699176,246.8709945678711,60,0.9203323364257813,3534.076171875,35.583779264722665,3,2,93,0.67,0.36850000000000005,0.15,0.1,0.15,0.55,0.05,60,231.19536907825292,611.4628314971924,63,0.8798065185546875,3547.3798828125,36.62978561291664,3,3,94,0.0,0.3685,0.1,0.1,0.2,0.55,0.05
386,frozen_attentive_ppoclip_seed5,0,NOOP,0.160335,-0.047586,0.149705,0,60,231.19536907825292,611.4628314971924,63,0.8798065185546875,3547.3798828125,36.62978561291664,3,3,94,0.0,0.3685,0.1,0.1,0.2,0.55,0.05,58,246.65822266294353,613.9581203460693,66,0.8429225574840199,3560.5048828125,37.39945933164014,3,4,95,0.0,0.335,0.1,0.1,0.25,0.5,0.05
387,frozen_attentive_ppoclip_seed5,3,COMPACT_128KB,0.163,0.282671,0.394117,0,58,246.65822266294353,613.9581203460693,66,0.8429225574840199,3560.5048828125,37.39945933164014,3,4,95,0.0,0.335,0.1,0.1,0.25,0.5,0.05,81,255.35617573001616,164.12639617919922,36,1.5111876593695746,3481.7763671875,15.176553917353575,3,0,96,0.67,0.36850000000000005,0.1,0.05,0.25,0.55,0.05
388,frozen_attentive_ppoclip_seed5,0,NOOP,0.195125,0.337664,0.395444,0,81,255.35617573001616,164.12639617919922,36,1.5111876593695746,3481.7763671875,15.176553917353575,3,0,96,0.67,0.36850000000000005,0.1,0.05,0.25,0.55,0.05,73,292.24554092555564,82.7951431274414,39,1.4007623134515224,3496.302734375,28.76728868772097,3,1,97,0.67,0.402,0.1,0.05,0.2,0.6,0.05
389,frozen_attentive_ppoclip_seed5,0,NOOP,0.19475,-0.047587,0.191119,0,73,292.24554092555564,82.7951431274414,39,1.4007623134515224,3496.302734375,28.76728868772097,3,1,97,0.67,0.402,0.1,0.05,0.2,0.6,0.05,51,182.66501800097006,234.06338691711426,42,1.3053741455078125,3508.845703125,35.544767835781755,3,2,98,0.0,0.36850000000000005,0.1,0.05,0.2,0.55,0.1
390,frozen_attentive_ppoclip_seed5,0,NOOP,0.194375,-0.039203,0.190207,0,51,182.66501800097006,234.06338691711426,42,1.3053741455078125,3508.845703125,35.544767835781755,3,2,98,0.0,0.36850000000000005,0.1,0.05,0.2,0.55,0.1,93,382.19139636395704,264.65296745300293,45,1.2240359836154513,3525.2236328125,39.56714237005613,3,3,99,0.0,0.36850000000000005,0.05,0.1,0.2,0.55,0.1
391,frozen_attentive_ppoclip_seed5,0,NOOP,0.194,0.329307,0.394418,0,93,382.19139636395704,264.65296745300293,45,1.2240359836154513,3525.2236328125,39.56714237005613,3,3,99,0.0,0.36850000000000005,0.05,0.1,0.2,0.55,0.1,51,205.32782745165795,89.09320831298828,48,1.1515893936157227,3537.6826171875,42.36774291645185,3,4,100,0.67,0.36850000000000005,0.05,0.1,0.2,0.55,0.1
392,frozen_attentive_ppoclip_seed5,0,NOOP,0.193625,0.337679,0.393713,0,51,205.32782745165795,89.09320831298828,48,1.1515893936157227,3537.6826171875,42.36774291645185,3,4,100,0.67,0.36850000000000005,0.05,0.1,0.2,0.55,0.1,59,238.59695727672508,109.33279991149902,51,1.087904687021293,3550.9208984375,44.25574635790255,3,5,101,0.67,0.402,0.0,0.1,0.2,0.6,0.1
393,frozen_attentive_ppoclip_seed5,0,NOOP,0.19325,-0.047567,0.190235,0,59,238.59695727672508,109.33279991149902,51,1.087904687021293,3550.9208984375,44.25574635790255,3,5,101,0.67,0.402,0.0,0.1,0.2,0.6,0.1,78,325.73745113774623,218.25385093688965,54,1.0318193788881656,3565.9677734375,45.50879664824153,3,6,102,0.0,0.36850000000000005,0.0,0.1,0.2,0.55,0.15
394,frozen_attentive_ppoclip_seed5,1,COMPACT_32KB,0.178807,0.292671,0.393585,0,78,325.73745113774623,218.25385093688965,54,1.0318193788881656,3565.9677734375,45.50879664824153,3,6,102,0.0,0.36850000000000005,0.0,0.1,0.2,0.55,0.15,98,417.73219076732954,95.75867652893066,55,1.0171492143110796,3580.365234375,31.38422771886806,3,0,103,0.67,0.402,0.0,0.05,0.2,0.6,0.15
395,frozen_attentive_ppoclip_seed5,7,REMOVE_PARTITION,0.122909,-0.074205,0.186196,0,98,417.73219076732954,95.75867652893066,55,1.0171492143110796,3580.365234375,31.38422771886806,3,0,103,0.67,0.402,0.0,0.05,0.2,0.6,0.15,95,412.79098292723353,89.9512767791748,58,0.9689749355973869,3596.8349609375,33.32753893594065,0,1,0,0.0,0.402,0.0,0.05,0.15,0.65,0.15
396,frozen_attentive_ppoclip_seed5,0,NOOP,0.183649,-0.061866,0.182038,0,95,412.79098292723353,89.9512767791748,58,0.9689749355973869,3596.8349609375,33.32753893594065,0,1,0,0.0,0.402,0.0,0.05,0.15,0.65,0.15,80,356.2888839809042,154.27923202514648,59,0.9551184702727754,3606.52734375,33.73387474448542,0,2,1,0.0,0.36850000000000005,0.0,0.05,0.15,0.65,0.15
397,frozen_attentive_ppoclip_seed5,0,NOOP,0.177869,-0.061618,0.171822,0,80,356.2888839809042,154.27923202514648,59,0.9551184702727754,3606.52734375,33.73387474448542,0,2,1,0.0,0.36850000000000005,0.0,0.05,0.15,0.65,0.15,100,408.43969621456233,378.59487533569336,61,0.9274709732806097,3620.8466796875,34.5534841103381,0,3,2,0.0,0.3350000000000001,0.05,0.05,0.15,0.6,0.15
398,frozen_attentive_ppoclip_seed5,0,NOOP,0.175301,-0.061391,0.172647,0,100,408.43969621456233,378.59487533569336,61,0.9274709732806097,3620.8466796875,34.5534841103381,0,3,2,0.0,0.3350000000000001,0.05,0.05,0.15,0.6,0.15,92,374.93316854290674,210.20150184631348,62,0.9152561310798891,3631.736328125,34.817533859114526,0,4,3,0.0,0.3015,0.05,0.05,0.15,0.6,0.15
399,frozen_attentive_ppoclip_seed5,2,COMPACT_64KB,0.553591,-0.098872,0.19355,0,92,374.93316854290674,210.20150184631348,62,0.9152561310798891,3631.736328125,34.817533859114526,0,4,3,0.0,0.3015,0.05,0.05,0.15,0.6,0.15,66,261.3838581171612,102.51688957214355,44,1.2730199640447444,3584.82421875,13.512734919775086,0,0,4,0.0,0.268,0.05,0.05,0.15,0.6,0.15
400,frozen_attentive_ppoclip_seed5,0,NOOP,0.194375,-0.040405,0.191613,0,66,261.3838581171612,102.51688957214355,44,1.2730199640447444,3584.82421875,13.512734919775086,0,0,4,0.0,0.268,0.05,0.05,0.15,0.6,0.15,52,202.31926368576407,194.32926177978516,45,1.2472571478949652,3592.1005859375,17.343053611821926,0,1,5,0.0,0.268,0.05,0.05,0.1,0.65,0.15
401,frozen_attentive_ppoclip_seed5,0,NOOP,0.19425,-0.04024,0.191572,0,52,202.31926368576407,194.32926177978516,45,1.2472571478949652,3592.1005859375,17.343053611821926,0,1,5,0.0,0.268,0.05,0.05,0.1,0.65,0.15,94,365.8653739437391,191.3752555847168,46,1.2239363297172214,3603.2685546875,19.914052988323533,0,2,6,0.0,0.26800000000000007,0.05,0.05,0.1,0.65,0.15
402,frozen_attentive_ppoclip_seed5,0,NOOP,0.194125,-0.048507,0.191046,0,94,365.8653739437391,191.3752555847168,46,1.2239363297172214,3603.2685546875,19.914052988323533,0,2,6,0.0,0.26800000000000007,0.05,0.05,0.1,0.65,0.15,62,259.347129444758,212.70084381103516,47,1.200629376350565,3611.4931640625,22.19287404206432,0,3,7,0.0,0.23450000000000001,0.05,0.05,0.1,0.6,0.2
403,frozen_attentive_ppoclip_seed5,0,NOOP,0.194,-0.048358,0.191384,0,62,259.347129444758,212.70084381103516,47,1.200629376350565,3611.4931640625,22.19287404206432,0,3,7,0.0,0.23450000000000001,0.05,0.05,0.1,0.6,0.2,86,338.14853555896997,190.7811164855957,48,1.1789735158284504,3621.806640625,23.96349145833921,0,4,8,0.0,0.201,0.05,0.05,0.1,0.6,0.2
404,frozen_attentive_ppoclip_seed5,3,COMPACT_128KB,0.162625,-0.063375,0.19281,0,86,338.14853555896997,190.7811164855957,48,1.1789735158284504,3621.806640625,23.96349145833921,0,4,8,0.0,0.201,0.05,0.05,0.1,0.6,0.2,81,297.6719252023317,164.52360153198242,39,1.4432376959385016,3602.3212890625,9.594477059078008,0,0,9,0.0,0.16750000000000004,0.05,0.05,0.1,0.55,0.25
405,frozen_attentive_ppoclip_seed5,0,NOOP,0.195,0.0,0.19276,0,81,297.6719252023317,164.52360153198242,39,1.4432376959385016,3602.3212890625,9.594477059078008,0,0,9,0.0,0.16750000000000004,0.05,0.05,0.1,0.55,0.25,84,374.1259717601535,162.01329231262207,40,1.411181640625,3612.625,16.064062023663986,0,1,10,0.0,0.16750000000000004,0.05,0.05,0.05,0.55,0.3
406,frozen_attentive_ppoclip_seed5,0,NOOP,0.194875,0.0,0.192587,0,84,374.1259717601535,162.01329231262207,40,1.411181640625,3612.625,16.064062023663986,0,1,10,0.0,0.16750000000000004,0.05,0.05,0.05,0.55,0.3,68,301.5541954030888,165.64297676086426,41,1.3800953190501144,3621.3701171875,20.344268648524345,0,2,11,0.0,0.16750000000000004,0.05,0.05,0.0,0.55,0.35
407,frozen_attentive_ppoclip_seed5,0,NOOP,0.19475,-0.008375,0.191232,0,68,301.5541954030888,165.64297676086426,41,1.3800953190501144,3621.3701171875,20.344268648524345,0,2,11,0.0,0.16750000000000004,0.05,0.05,0.0,0.55,0.35,57,242.6983286500885,228.4073829650879,42,1.3501405261811756,3629.177734375,23.625345158649903,0,3,12,0.0,0.134,0.05,0.1,0.0,0.5,0.35
408,frozen_attentive_ppoclip_seed5,0,NOOP,0.194625,-0.008375,0.191283,0,57,242.6983286500885,228.4073829650879,42,1.3501405261811756,3629.177734375,23.625345158649903,0,3,12,0.0,0.134,0.05,0.1,0.0,0.5,0.35,94,400.79798393614305,220.84426879882812,43,1.322790456372638,3640.3193359375,26.011840813164426,0,4,13,0.0,0.1005,0.05,0.15,0.0,0.45,0.35
409,frozen_attentive_ppoclip_seed5,3,COMPACT_128KB,0.162625,-0.055,0.192878,0,94,400.79798393614305,220.84426879882812,43,1.322790456372638,3640.3193359375,26.011840813164426,0,4,13,0.0,0.1005,0.05,0.15,0.0,0.45,0.35,95,416.0720416678849,161.08345985412598,39,1.4569670848357372,3636.58984375,10.09827608217514,0,0,14,0.0,0.1005,0.05,0.15,0.0,0.45,0.35
410,frozen_attentive_ppoclip_seed5,0,NOOP,0.195,0.0,0.192682,0,95,416.0720416678849,161.08345985412598,39,1.4569670848357372,3636.58984375,10.09827608217514,0,0,14,0.0,0.1005,0.05,0.15,0.0,0.45,0.35,77,339.1764148654737,165.89617729187012,40,1.4242313385009766,3646.0322265625,16.581198431485628,0,1,15,0.0,0.1005,0.05,0.1,0.0,0.45,0.4
411,frozen_attentive_ppoclip_seed5,0,NOOP,0.194875,-0.008375,0.192561,0,77,339.1764148654737,165.89617729187012,40,1.4242313385009766,3646.0322265625,16.581198431485628,0,1,15,0.0,0.1005,0.05,0.1,0.0,0.45,0.4,64,283.74521269623824,166.9447422027588,41,1.392693496331936,3654.427734375,20.858999096685903,0,2,16,0.0,0.067,0.05,0.1,0.0,0.4,0.45
412,frozen_attentive_ppoclip_seed5,0,NOOP,0.19475,-0.008375,0.192195,0,64,283.74521269623824,166.9447422027588,41,1.392693496331936,3654.427734375,20.858999096685903,0,2,16,0.0,0.067,0.05,0.1,0.0,0.4,0.45,60,269.01135550987556,180.26351928710938,42,1.3625288463774181,3662.4775390625,24.104328826461643,0,3,17,0.0,0.0335,0.05,0.1,0.0,0.35,0.5
413,frozen_attentive_ppoclip_seed5,0,NOOP,0.194625,0.0,0.192266,0,60,269.01135550987556,180.26351928710938,42,1.3625288463774181,3662.4775390625,24.104328826461643,0,3,17,0.0,0.0335,0.05,0.1,0.0,0.35,0.5,68,304.89550630502737,171.70381546020508,43,1.3340344096339025,3671.2626953125,26.64937171178858,0,4,18,0.0,0.0335,0.05,0.1,0.0,0.35,0.5
414,frozen_attentive_ppoclip_seed5,0,NOOP,0.1945,-0.008375,0.1867,0,68,304.89550630502737,171.70381546020508,43,1.3340344096339025,3671.2626953125,26.64937171178858,0,4,18,0.0,0.0335,0.05,0.1,0.0,0.35,0.5,81,370.7678113653552,445.01590728759766,44,1.3072249672629617,3681.1455078125,28.691606861165337,0,5,19,0.0,0.0,0.05,0.1,0.05,0.3,0.5
415,frozen_attentive_ppoclip_seed5,0,NOOP,0.194375,0.0,0.191798,0,81,370.7678113653552,445.01590728759766,44,1.3072249672629617,3681.1455078125,28.691606861165337,0,5,19,0.0,0.0,0.05,0.1,0.05,0.3,0.5,62,273.1375094136689,185.12296676635742,45,1.2810255262586805,3689.353515625,30.51259160583173,0,6,20,0.0,0.0,0.05,0.1,0.05,0.25,0.55
416,frozen_attentive_ppoclip_seed5,7,REMOVE_PARTITION,0.130614,-0.035,0.191695,0,62,273.1375094136689,185.12296676635742,45,1.2810255262586805,3689.353515625,30.51259160583173,0,6,20,0.0,0.0,0.05,0.1,0.05,0.25,0.55,79,353.0137647129013,185.26029586791992,46,1.2564488286557405,3698.9853515625,32.00210721532341,0,7,21,0.0,0.0,0.05,0.1,0.05,0.2,0.6
417,frozen_attentive_ppoclip_seed5,7,REMOVE_PARTITION,0.130489,-0.035,0.191478,0,79,353.0137647129013,185.26029586791992,46,1.2564488286557405,3698.9853515625,32.00210721532341,0,7,21,0.0,0.0,0.05,0.1,0.05,0.2,0.6,89,340.05195704316,191.10846519470215,47,1.2332919506316489,3709.7421875,33.24310292586005,0,8,22,0.0,0.0,0.0,0.1,0.05,0.2,0.65
418,frozen_attentive_ppoclip_seed5,5,PARTITION_REGION,0.012182,-0.1,0.189418,0,89,340.05195704316,191.10846519470215,47,1.2332919506316489,3709.7421875,33.24310292586005,0,8,22,0.0,0.0,0.0,0.1,0.05,0.2,0.65,94,389.80096514808923,289.08300399780273,48,1.211239178975423,3720.9267578125,34.310441230103386,2,9,0,0.0,0.0,0.05,0.1,0.05,0.15,0.65
419,frozen_attentive_ppoclip_seed5,3,COMPACT_128KB,0.163875,-0.069745,0.193852,0,94,389.80096514808923,289.08300399780273,48,1.211239178975423,3720.9267578125,34.310441230103386,2,9,0,0.0,0.0,0.05,0.1,0.05,0.15,0.65,94,356.9720616875621,162.41025924682617,29,1.9774196230132004,3670.0908203125,60.22066825458377,2,0,1,0.0,0.0,0.05,0.1,0.05,0.15,0.65
420,frozen_attentive_ppoclip_seed5,0,NOOP,0.196,-0.014755,0.189541,0,94,356.9720616875621,162.41025924682617,29,1.9774196230132004,3670.0908203125,60.22066825458377,2,0,1,0.0,0.0,0.05,0.1,0.05,0.15,0.65,52,165.8835124098628,362.92529106140137,32,1.7982125282287598,3682.7392578125,67.73637067810067,2,1,2,0.0,0.0,0.05,0.1,0.1,0.1,0.65
421,frozen_attentive_ppoclip_seed5,0,NOOP,0.195625,-0.014755,0.191274,0,52,165.8835124098628,362.92529106140137,32,1.7982125282287598,3682.7392578125,67.73637067810067,2,1,2,0.0,0.0,0.05,0.1,0.1,0.1,0.65,89,344.4088623501429,261.28149032592773,35,1.651226806640625,3698.748046875,71.7989785703979,2,2,3,0.0,0.0,0.1,0.1,0.1,0.1,0.6
422,frozen_attentive_ppoclip_seed5,0,NOOP,0.19525,-0.014781,0.192542,0,89,344.4088623501429,261.28149032592773,35,1.651226806640625,3698.748046875,71.7989785703979,2,2,3,0.0,0.0,0.1,0.1,0.1,0.1,0.6,79,296.7102778966748,182.88564682006836,38,1.5270755165501644,3713.84765625,74.11934742669628,2,3,4,0.0,0.0,0.1,0.1,0.1,0.1,0.6
423,frozen_attentive_ppoclip_seed5,0,NOOP,0.194875,-0.014787,0.192205,0,79,296.7102778966748,182.88564682006836,38,1.5270755165501644,3713.84765625,74.11934742669628,2,3,4,0.0,0.0,0.1,0.1,0.1,0.1,0.6,74,289.6956733977665,184.76200103759766,41,1.420943097370427,3728.5546875,75.37051454783146,2,4,5,0.0,0.0,0.1,0.1,0.1,0.05,0.65
424,frozen_attentive_ppoclip_seed5,3,COMPACT_128KB,0.164125,-0.069817,0.194097,0,74,289.6956733977665,184.76200103759766,41,1.420943097370427,3728.5546875,75.37051454783146,2,4,5,0.0,0.0,0.1,0.1,0.1,0.05,0.65,69,275.0363278688525,160.17413139343262,27,2.1391805013020835,3696.50390625,48.61664035713551,2,0,6,0.0,0.0,0.1,0.1,0.1,0.1,0.6
425,frozen_attentive_ppoclip_seed5,0,NOOP,0.19625,-0.014816,0.194171,0,69,275.0363278688525,160.17413139343262,27,2.1391805013020835,3696.50390625,48.61664035713551,2,0,6,0.0,0.0,0.1,0.1,0.1,0.1,0.6,65,258.3842605624125,141.448974609375,30,1.9324793497721353,3710.3603515625,61.22439304313836,2,1,7,0.0,0.0,0.1,0.1,0.1,0.1,0.6
426,frozen_attentive_ppoclip_seed5,0,NOOP,0.195875,-0.014823,0.19352,0,65,258.3842605624125,141.448974609375,30,1.9324793497721353,3710.3603515625,61.22439304313836,2,1,7,0.0,0.0,0.1,0.1,0.1,0.1,0.6,67,244.60798083652202,159.00301933288574,33,1.763424035274621,3724.3515625,67.85462944422612,2,2,8,0.0,0.0,0.1,0.1,0.1,0.1,0.6
427,frozen_attentive_ppoclip_seed5,0,NOOP,0.1955,-0.01483,0.191283,0,67,244.60798083652202,159.00301933288574,33,1.763424035274621,3724.3515625,67.85462944422612,2,2,8,0.0,0.0,0.1,0.1,0.1,0.1,0.6,64,250.655695547714,255.83744049072266,36,1.6224428812662761,3738.1083984375,71.62916706563064,2,3,9,0.0,0.0,0.1,0.05,0.1,0.1,0.65
428,frozen_attentive_ppoclip_seed5,0,NOOP,0.195125,-0.014855,0.1915,0,64,250.655695547714,255.83744049072266,36,1.6224428812662761,3738.1083984375,71.62916706563064,2,3,9,0.0,0.0,0.1,0.05,0.1,0.1,0.65,91,321.21867315250415,230.01408576965332,39,1.504154303135016,3754.369140625,73.69954129074665,2,4,10,0.0,0.0,0.1,0.0,0.1,0.15,0.65
429,frozen_attentive_ppoclip_seed5,0,NOOP,0.19475,-0.014889,0.192324,0,91,321.21867315250415,230.01408576965332,39,1.504154303135016,3754.369140625,73.69954129074665,2,4,10,0.0,0.0,0.1,0.0,0.1,0.15,0.65,71,289.65004542262494,173.79021644592285,42,1.4020621890113467,3768.7431640625,74.85206113114593,2,5,11,0.0,0.0,0.1,0.0,0.1,0.15,0.65
430,frozen_attentive_ppoclip_seed5,3,COMPACT_128KB,0.164125,-0.069899,0.194586,0,71,289.65004542262494,173.79021644592285,42,1.4020621890113467,3768.7431640625,74.85206113114593,2,5,11,0.0,0.0,0.1,0.0,0.1,0.15,0.65,68,241.41370732173888,135.71548461914062,27,2.1597990813078702,3732.1328125,45.657697354511726,2,0,12,0.0,0.0,0.1,0.0,0.1,0.15,0.65
431,frozen_attentive_ppoclip_seed5,0,NOOP,0.19625,-0.014913,0.194007,0,68,241.41370732173888,135.71548461914062,27,2.1597990813078702,3732.1328125,45.657697354511726,2,0,12,0.0,0.0,0.1,0.0,0.1,0.15,0.65,83,312.5109805667667,149.65438842773438,30,1.9518646240234374,3747.580078125,59.3117636922413,2,1,13,0.0,0.0,0.1,0.0,0.1,0.15,0.65
432,frozen_attentive_ppoclip_seed5,0,NOOP,0.195875,-0.014917,0.193652,0,83,312.5109805667667,149.65438842773438,30,1.9518646240234374,3747.580078125,59.3117636922413,2,1,13,0.0,0.0,0.1,0.0,0.1,0.15,0.65,75,289.225111250046,152.38070487976074,33,1.7813901034268467,3762.2958984375,66.45055569003715,2,2,14,0.0,0.0,0.1,0.0,0.1,0.15,0.65
433,frozen_attentive_ppoclip_seed5,0,NOOP,0.1955,0.361949,0.393819,0,75,289.225111250046,152.38070487976074,33,1.7813901034268467,3762.2958984375,66.45055569003715,2,2,14,0.0,0.0,0.1,0.0,0.1,0.15,0.65,58,237.81440731069986,179.07238006591797,36,1.6386642456054688,3775.482421875,70.57804822314047,2,3,15,0.67,0.0335,0.1,0.05,0.1,0.15,0.6
434,frozen_attentive_ppoclip_seed5,0,NOOP,0.195125,-0.014925,0.192776,0,58,237.81440731069986,179.07238006591797,36,1.6386642456054688,3775.482421875,70.57804822314047,2,3,15,0.67,0.0335,0.1,0.05,0.1,0.15,0.6,73,291.78795774097574,166.17584228515625,39,1.5184682210286458,3790.0966796875,72.91645358226113,2,4,16,0.0,0.0335,0.1,0.05,0.05,0.15,0.65
435,frozen_attentive_ppoclip_seed5,3,COMPACT_128KB,0.164125,-0.069934,0.194428,0,73,291.78795774097574,166.17584228515625,39,1.5184682210286458,3790.0966796875,72.91645358226113,2,4,16,0.0,0.0335,0.1,0.05,0.05,0.15,0.65,61,241.8403160859784,143.6178684234619,27,2.1771132857711226,3762.0517578125,43.303088622649774,2,0,17,0.0,0.0335,0.1,0.05,0.05,0.15,0.65
436,frozen_attentive_ppoclip_seed5,0,NOOP,0.19625,-0.014942,0.193993,0,61,241.8403160859784,143.6178684234619,27,2.1771132857711226,3762.0517578125,43.303088622649774,2,0,17,0.0,0.0335,0.1,0.05,0.05,0.15,0.65,98,391.0661338813411,150.3441333770752,30,1.9681732177734375,3778.892578125,57.84517668040558,2,1,18,0.0,0.0335,0.1,0.05,0.05,0.15,0.65
437,frozen_attentive_ppoclip_seed5,0,NOOP,0.195875,-0.014953,0.193597,0,98,391.0661338813411,150.3441333770752,30,1.9681732177734375,3778.892578125,57.84517668040558,2,1,18,0.0,0.0335,0.1,0.05,0.05,0.15,0.65,61,248.32627136739694,155.13181686401367,33,1.7956492106119792,3792.4111328125,65.49552625321277,2,2,19,0.0,0.0335,0.1,0.05,0.05,0.15,0.65
438,frozen_attentive_ppoclip_seed5,0,NOOP,0.1955,-0.014958,0.193249,0,61,248.32627136739694,155.13181686401367,33,1.7956492106119792,3792.4111328125,65.49552625321277,2,2,19,0.0,0.0335,0.1,0.05,0.05,0.15,0.65,84,343.9014528289363,157.5620174407959,36,1.6527536180284288,3807.9443359375,69.77322342358498,2,3,20,0.0,0.0335,0.05,0.05,0.05,0.15,0.7
439,frozen_attentive_ppoclip_seed5,6,PARTITION_EVENT_TYPE,0.013307,-0.11497,0.190819,0,84,343.9014528289363,157.5620174407959,36,1.6527536180284288,3807.9443359375,69.77322342358498,2,3,20,0.0,0.0335,0.05,0.05,0.05,0.15,0.7,63,255.17676302386622,264.0500068664551,39,1.531099368364383,3821.6240234375,72.32276179184558,3,4,0,0.0,0.0335,0.1,0.05,0.05,0.1,0.7
440,frozen_attentive_ppoclip_seed5,0,NOOP,0.19475,-0.04741,0.189963,0,63,255.17676302386622,264.0500068664551,39,1.531099368364383,3821.6240234375,72.32276179184558,3,4,0,0.0,0.0335,0.1,0.05,0.05,0.1,0.7,89,353.34663826967676,291.8250560760498,42,1.427659897577195,3837.5498046875,73.69983701410565,3,5,1,0.0,0.0335,0.15,0.05,0.0,0.1,0.7
441,frozen_attentive_ppoclip_seed5,1,COMPACT_32KB,0.179557,-0.107408,0.185047,0,89,353.34663826967676,291.8250560760498,42,1.427659897577195,3837.5498046875,73.69983701410565,3,5,1,0.0,0.0335,0.15,0.05,0.0,0.1,0.7,64,252.00403678923172,502.6702880859375,49,1.2333548409598214,3867.80078125,23.455480057890117,3,0,2,0.0,0.0335,0.1,0.05,0.05,0.1,0.7
442,frozen_attentive_ppoclip_seed5,0,NOOP,0.1935,-0.062411,0.190354,0,64,252.00403678923172,502.6702880859375,49,1.2333548409598214,3867.80078125,23.455480057890117,3,0,2,0.0,0.0335,0.1,0.05,0.05,0.1,0.7,67,252.0929686806173,222.29337692260742,52,1.1664111797626202,3881.81640625,28.699107553066632,3,1,3,0.0,0.0335,0.1,0.05,0.05,0.1,0.7
443,frozen_attentive_ppoclip_seed5,0,NOOP,0.193125,-0.062419,0.190226,0,67,252.0929686806173,222.29337692260742,52,1.1664111797626202,3881.81640625,28.699107553066632,3,1,3,0.0,0.0335,0.1,0.05,0.05,0.1,0.7,51,195.97001672862794,213.70172500610352,55,1.1063459916548295,3894.337890625,32.23157020010337,3,2,4,0.0,0.0335,0.1,0.05,0.05,0.1,0.7
444,frozen_attentive_ppoclip_seed5,0,NOOP,0.19275,-0.062446,0.189826,0,51,195.97001672862794,213.70172500610352,55,1.1063459916548295,3894.337890625,32.23157020010337,3,2,4,0.0,0.0335,0.1,0.05,0.05,0.1,0.7,94,379.9642417957742,218.71423721313477,58,1.0535559818662446,3910.7998046875,34.60552312227026,3,3,5,0.0,0.0335,0.1,0.05,0.05,0.05,0.75
445,frozen_attentive_ppoclip_seed5,0,NOOP,0.192375,-0.062454,0.189016,0,94,379.9642417957742,218.71423721313477,58,1.0535559818662446,3910.7998046875,34.60552312227026,3,3,5,0.0,0.0335,0.1,0.05,0.05,0.05,0.75,57,225.6055487140289,244.18902397155762,61,1.0050929335297132,3923.8828125,36.42615140256864,3,4,6,0.0,0.0335,0.1,0.05,0.05,0.05,0.75
446,frozen_attentive_ppoclip_seed5,3,COMPACT_128KB,0.16175,-0.094238,0.189693,0,57,225.6055487140289,244.18902397155762,61,1.0050929335297132,3923.8828125,36.42615140256864,3,4,6,0.0,0.0335,0.1,0.05,0.05,0.05,0.75,73,288.5309998369744,285.3677272796631,46,1.321373980978261,3890.125,17.723660623057558,3,0,7,0.0,0.0335,0.15,0.05,0.05,0.05,0.7
447,frozen_attentive_ppoclip_seed5,0,NOOP,0.193875,-0.03923,0.190923,0,73,288.5309998369744,285.3677272796631,46,1.321373980978261,3890.125,17.723660623057558,3,0,7,0.0,0.0335,0.15,0.05,0.05,0.05,0.7,52,222.68579083216258,208.82558822631836,49,1.2445096385722259,3902.7822265625,25.949083704253454,3,1,8,0.0,0.0335,0.15,0.05,0.05,0.05,0.7
448,frozen_attentive_ppoclip_seed5,0,NOOP,0.1935,0.337653,0.393747,0,52,222.68579083216258,208.82558822631836,49,1.2445096385722259,3902.7822265625,25.949083704253454,3,1,8,0.0,0.0335,0.15,0.05,0.05,0.05,0.7,88,333.3918211691425,102.62823104858398,52,1.1774761493389423,3918.640625,30.666909387108145,3,2,9,0.67,0.067,0.15,0.05,0.05,0.05,0.7
449,frozen_attentive_ppoclip_seed5,0,NOOP,0.193125,-0.039215,0.190284,0,88,333.3918211691425,102.62823104858398,52,1.1774761493389423,3918.640625,30.666909387108145,3,2,9,0.67,0.067,0.15,0.05,0.05,0.05,0.7,54,218.2973164433984,210.77847480773926,55,1.1168895374644887,3931.451171875,33.9664227164904,3,3,10,0.0,0.067,0.15,0.05,0.05,0.05,0.7
450,frozen_attentive_ppoclip_seed5,0,NOOP,0.19275,-0.039219,0.18988,0,54,218.2973164433984,210.77847480773926,55,1.1168895374644887,3931.451171875,33.9664227164904,3,3,10,0.0,0.067,0.15,0.05,0.05,0.05,0.7,74,296.80699610318203,215.98339080810547,58,1.063061681287042,3946.0849609375,36.257075261619995,3,4,11,0.0,0.067,0.15,0.05,0.05,0.05,0.7
451,frozen_attentive_ppoclip_seed5,0,NOOP,0.192375,-0.039218,0.189332,0,74,296.80699610318203,215.98339080810547,58,1.063061681287042,3946.0849609375,36.257075261619995,3,4,11,0.0,0.067,0.15,0.05,0.05,0.05,0.7,49,187.7621628732821,228.38258743286133,61,1.0139202680744108,3958.3447265625,37.99124670901679,3,5,12,0.0,0.067,0.15,0.05,0.05,0.05,0.7
452,frozen_attentive_ppoclip_seed5,3,COMPACT_128KB,-0.130375,-0.094216,0.192034,0,49,187.7621628732821,228.38258743286133,61,1.0139202680744108,3958.3447265625,37.99124670901679,3,5,12,0.0,0.067,0.15,0.05,0.05,0.05,0.7,50,204.27952609026417,183.29787254333496,43,1.4217131858648255,3912.5546875,9.811533025846025,3,0,13,0.0,0.067,0.15,0.05,0.05,0.05,0.7
453,frozen_attentive_ppoclip_seed5,0,NOOP,0.19425,-0.047589,0.191381,0,50,204.27952609026417,183.29787254333496,43,1.4217131858648255,3912.5546875,9.811533025846025,3,0,13,0.0,0.067,0.15,0.05,0.05,0.05,0.7,29,117.59052507122534,200.9594440460205,46,1.332579239555027,3923.11328125,23.80512886564456,3,1,14,0.0,0.0335,0.15,0.0,0.05,0.05,0.75
454,frozen_attentive_ppoclip_seed5,0,NOOP,0.193875,-0.039211,0.191035,0,29,117.59052507122534,200.9594440460205,46,1.332579239555027,3923.11328125,23.80512886564456,3,1,14,0.0,0.0335,0.15,0.0,0.05,0.05,0.75,22,89.67091367948869,203.24301719665527,49,1.2541105309311225,3932.890625,30.431101660339372,3,2,15,0.0,0.0335,0.15,0.0,0.05,0.05,0.75
455,frozen_attentive_ppoclip_seed5,0,NOOP,0.1935,-0.039213,0.188321,0,22,89.67091367948869,203.24301719665527,49,1.2541105309311225,3932.890625,30.431101660339372,3,2,15,0.0,0.0335,0.15,0.0,0.05,0.05,0.75,46,186.3391554867478,323.93646240234375,52,1.1853719858022838,3944.91796875,34.55370197783653,3,3,16,0.0,0.0335,0.2,0.0,0.05,0.05,0.7
456,frozen_attentive_ppoclip_seed5,0,NOOP,0.193125,-0.039211,0.190307,0,46,186.3391554867478,323.93646240234375,52,1.1853719858022838,3944.91796875,34.55370197783653,3,3,16,0.0,0.0335,0.2,0.0,0.05,0.05,0.7,31,125.75443809015356,209.6564769744873,55,1.1237634832208807,3955.6474609375,37.44493202241846,3,4,17,0.0,0.0335,0.2,0.0,0.05,0.05,0.7
457,frozen_attentive_ppoclip_seed5,0,NOOP,0.19275,-0.039211,0.189605,0,31,125.75443809015356,209.6564769744873,55,1.1237634832208807,3955.6474609375,37.44493202241846,3,4,17,0.0,0.0335,0.2,0.0,0.05,0.05,0.7,26,106.82816883747904,229.73990440368652,58,1.0683567441742996,3965.740234375,39.5338446784934,3,5,18,0.0,0.0335,0.2,0.0,0.05,0.05,0.7
458,frozen_attentive_ppoclip_seed5,0,NOOP,0.192375,-0.039208,0.189121,0,26,106.82816883747904,229.73990440368652,58,1.0683567441742996,3965.740234375,39.5338446784934,3,5,18,0.0,0.0335,0.2,0.0,0.05,0.05,0.7,26,106.63251878136951,238.96527290344238,61,1.0184488765528945,3976.0244140625,41.05274351846121,3,6,19,0.0,0.0335,0.2,0.0,0.05,0.05,0.7
459,frozen_attentive_ppoclip_seed5,0,NOOP,0.186696,-0.039217,0.183519,0,26,106.63251878136951,238.96527290344238,61,1.0184488765528945,3976.0244140625,41.05274351846121,3,6,19,0.0,0.0335,0.2,0.0,0.05,0.05,0.7,38,129.74351602139606,238.87944221496582,64,0.9734807014465332,3987.376953125,42.145275864648454,3,7,20,0.0,0.0335,0.15,0.0,0.05,0.05,0.75
460,frozen_attentive_ppoclip_seed5,0,NOOP,0.178138,-0.039215,0.174585,0,38,129.74351602139606,238.87944221496582,64,0.9734807014465332,3987.376953125,42.145275864648454,3,7,20,0.0,0.0335,0.15,0.0,0.05,0.05,0.75,39,156.5323355757361,261.3976001739502,67,0.9325666285272854,3998.845703125,42.9419841218439,3,8,21,0.0,0.0335,0.1,0.0,0.05,0.05,0.8
461,frozen_attentive_ppoclip_seed5,0,NOOP,0.170221,-0.039206,0.166702,0,39,156.5323355757361,261.3976001739502,67,0.9325666285272854,3998.845703125,42.9419841218439,3,8,21,0.0,0.0335,0.1,0.0,0.05,0.05,0.8,25,103.44424133069866,263.43464851379395,70,0.8948556082589286,4008.953125,43.54109320837884,3,9,22,0.0,0.0335,0.1,0.0,0.0,0.05,0.85
462,frozen_attentive_ppoclip_seed5,3,COMPACT_128KB,-0.130375,-0.094203,0.192101,0,25,103.44424133069866,263.43464851379395,70,0.8948556082589286,4008.953125,43.54109320837884,3,9,22,0.0,0.0335,0.1,0.0,0.0,0.05,0.85,26,105.73991827964495,179.9643039703369,43,1.431339707485465,3939.046875,9.874318215621345,3,0,23,0.0,0.0335,0.1,0.0,0.0,0.05,0.85
463,frozen_attentive_ppoclip_seed5,7,REMOVE_PARTITION,0.130614,-0.074195,0.186351,0,26,105.73991827964495,179.9643039703369,43,1.431339707485465,3939.046875,9.874318215621345,3,0,23,0.0,0.0335,0.1,0.0,0.0,0.05,0.85,38,153.25267859289139,452.4683952331543,46,1.3418595687202786,3950.4345703125,23.907136708004145,0,1,0,0.0,0.0335,0.1,0.0,0.05,0.05,0.8
464,frozen_attentive_ppoclip_seed5,0,NOOP,0.194125,-0.053625,0.191514,0,38,153.25267859289139,452.4683952331543,46,1.3418595687202786,3950.4345703125,23.907136708004145,0,1,0,0.0,0.0335,0.1,0.0,0.05,0.05,0.8,25,102.3557191566539,189.27502632141113,47,1.3149501719373338,3955.3701171875,26.429663428989688,0,2,1,0.0,0.0335,0.1,0.0,0.05,0.05,0.8
465,frozen_attentive_ppoclip_seed5,0,NOOP,0.194,-0.053538,0.189961,0,25,102.3557191566539,189.27502632141113,47,1.3149501719373338,3955.3701171875,26.429663428989688,0,2,1,0.0,0.0335,0.1,0.0,0.05,0.05,0.8,39,156.1328186743331,261.95669174194336,48,1.2895698547363281,3961.55859375,28.46597860394068,0,3,2,0.0,0.0335,0.1,0.0,0.05,0.05,0.8
466,frozen_attentive_ppoclip_seed5,0,NOOP,0.193875,-0.053475,0.19241,0,39,156.1328186743331,261.95669174194336,48,1.2895698547363281,3961.55859375,28.46597860394068,0,3,2,0.0,0.0335,0.1,0.0,0.05,0.05,0.8,28,117.99722289763102,134.47904586791992,49,1.2649162448182398,3966.77734375,30.255882520795048,0,4,3,0.0,0.0335,0.05,0.0,0.05,0.1,0.8
467,frozen_attentive_ppoclip_seed5,0,NOOP,0.19375,-0.053401,0.190878,0,28,117.99722289763102,134.47904586791992,49,1.2649162448182398,3966.77734375,30.255882520795048,0,4,3,0.0,0.0335,0.05,0.0,0.05,0.1,0.8,33,139.09149394793567,206.12192153930664,50,1.2413836669921876,3972.427734375,31.7828730116597,0,5,4,0.0,0.0335,0.05,0.0,0.05,0.1,0.8
468,frozen_attentive_ppoclip_seed5,3,COMPACT_128KB,-0.130375,-0.120669,0.191912,0,33,139.09149394793567,206.12192153930664,50,1.2413836669921876,3972.427734375,31.7828730116597,0,5,4,0.0,0.0335,0.05,0.0,0.05,0.1,0.8,47,189.60187050899427,189.38779830932617,43,1.437893179960029,3957.08203125,9.896943453529085,0,0,5,0.0,0.0,0.05,0.0,0.05,0.05,0.85
469,frozen_attentive_ppoclip_seed5,0,NOOP,0.1945,-0.057316,0.191663,0,47,189.60187050899427,189.38779830932617,43,1.437893179960029,3957.08203125,9.896943453529085,0,0,5,0.0,0.0,0.05,0.0,0.05,0.05,0.85,35,151.03723442563918,196.87414169311523,44,1.4072758067737927,3962.888671875,16.267077636570853,0,1,6,0.0,0.0,0.05,0.0,0.05,0.05,0.85
470,frozen_attentive_ppoclip_seed5,0,NOOP,0.194375,-0.057332,0.191845,0,35,151.03723442563918,196.87414169311523,44,1.4072758067737927,3962.888671875,16.267077636570853,0,1,6,0.0,0.0,0.05,0.0,0.05,0.05,0.85,26,108.19725389151095,182.74998664855957,45,1.3777418348524306,3967.896484375,20.478718389545467,0,2,7,0.0,0.0,0.05,0.0,0.05,0.05,0.85
471,frozen_attentive_ppoclip_seed5,0,NOOP,0.19425,-0.057345,0.190929,0,26,108.19725389151095,182.74998664855957,45,1.3777418348524306,3967.896484375,20.478718389545467,0,2,7,0.0,0.0,0.05,0.0,0.05,0.05,0.85,22,92.20092725819345,223.55937957763672,46,1.34937220034392,3972.5517578125,23.70026177415682,0,3,8,0.0,0.0,0.05,0.0,0.05,0.05,0.85
472,frozen_attentive_ppoclip_seed5,0,NOOP,0.194125,-0.057362,0.191422,0,22,92.20092725819345,223.55937957763672,46,1.34937220034392,3972.5517578125,23.70026177415682,0,3,8,0.0,0.0,0.05,0.0,0.05,0.05,0.85,27,118.20613753079203,193.88103485107422,47,1.32235945031998,3977.6572265625,26.267190757733854,0,4,9,0.0,0.0,0.05,0.0,0.05,0.05,0.85
473,frozen_attentive_ppoclip_seed5,0,NOOP,0.194,-0.057389,0.190736,0,27,118.20613753079203,193.88103485107422,47,1.32235945031998,3977.6572265625,26.267190757733854,0,4,9,0.0,0.0,0.05,0.0,0.05,0.05,0.85,44,188.33010281399086,223.21701049804688,48,1.2969624201456706,3984.2685546875,28.321355099013207,0,5,10,0.0,0.0,0.05,0.05,0.05,0.05,0.8
474,frozen_attentive_ppoclip_seed5,3,COMPACT_128KB,-0.13025,-0.112418,0.192249,0,44,188.33010281399086,223.21701049804688,48,1.2969624201456706,3984.2685546875,28.321355099013207,0,5,10,0.0,0.0,0.05,0.05,0.05,0.05,0.8,48,202.90907991425124,177.53291130065918,42,1.476941426595052,3970.0185546875,9.807078552743747,0,0,11,0.0,0.0,0.05,0.05,0.05,0.05,0.8
475,frozen_attentive_ppoclip_seed5,0,NOOP,0.194625,-0.057439,0.193521,0,48,202.90907991425124,177.53291130065918,42,1.476941426595052,3970.0185546875,9.807078552743747,0,0,11,0.0,0.0,0.05,0.05,0.05,0.05,0.8,35,149.09748678390608,108.95276069641113,43,1.4447000193041424,3975.814453125,16.642576248428522,0,1,12,0.0,0.0,0.0,0.05,0.05,0.1,0.8
476,frozen_attentive_ppoclip_seed5,0,NOOP,0.1945,-0.057469,0.192097,0,35,149.09748678390608,108.95276069641113,43,1.4447000193041424,3975.814453125,16.642576248428522,0,1,12,0.0,0.0,0.0,0.05,0.05,0.1,0.8,49,199.55519349059855,175.14991760253906,44,1.4143822409889915,3982.900390625,20.885165391383634,0,2,13,0.0,0.0,0.0,0.05,0.05,0.1,0.8
477,frozen_attentive_ppoclip_seed5,0,NOOP,0.194375,-0.057493,0.190488,0,49,199.55519349059855,175.14991760253906,44,1.4143822409889915,3982.900390625,20.885165391383634,0,2,13,0.0,0.0,0.0,0.05,0.05,0.1,0.8,39,167.56901479437235,250.59270858764648,45,1.3851006401909722,3989.08984375,24.172606974069563,0,3,14,0.0,0.0,0.0,0.1,0.05,0.1,0.75
478,frozen_attentive_ppoclip_seed5,0,NOOP,0.19425,-0.057513,0.189186,0,39,167.56901479437235,250.59270858764648,45,1.3851006401909722,3989.08984375,24.172606974069563,0,3,14,0.0,0.0,0.0,0.1,0.05,0.1,0.75,34,141.15190675281895,310.6827735900879,46,1.35693591573964,3994.8193359375,26.847559753136913,0,4,15,0.0,0.0,0.0,0.1,0.05,0.1,0.75
479,frozen_attentive_ppoclip_seed5,0,NOOP,0.194125,-0.057535,0.191397,0,34,141.15190675281895,310.6827735900879,46,1.35693591573964,3994.8193359375,26.847559753136913,0,4,15,0.0,0.0,0.0,0.1,0.05,0.1,0.75,35,143.85012998390022,195.1746940612793,47,1.3299995584690825,4000.638671875,29.065486498042475,0,5,16,0.0,0.0,0.0,0.1,0.05,0.1,0.75
480,frozen_attentive_ppoclip_seed5,2,COMPACT_64KB,0.215966,-0.110818,0.191927,0,35,143.85012998390022,195.1746940612793,47,1.3299995584690825,4000.638671875,29.065486498042475,0,5,16,0.0,0.0,0.0,0.1,0.05,0.1,0.75,20,87.6846674798966,178.63130569458008,45,1.3878031412760417,3996.873046875,15.642050466242852,0,0,17,0.0,0.0,0.0,0.1,0.05,0.1,0.75
481,frozen_attentive_ppoclip_seed5,0,NOOP,0.19425,-0.060839,0.189518,0,20,87.6846674798966,178.63130569458008,45,1.3878031412760417,3996.873046875,15.642050466242852,0,0,17,0.0,0.0,0.0,0.1,0.05,0.1,0.75,38,134.34160510112483,294.10839080810547,46,1.3596957662831182,4002.9443359375,19.699995181700185,0,1,18,0.0,0.0,0.05,0.1,0.05,0.1,0.7
482,frozen_attentive_ppoclip_seed5,0,NOOP,0.194125,-0.060855,0.191485,0,38,134.34160510112483,294.10839080810547,46,1.3596957662831182,4002.9443359375,19.699995181700185,0,1,18,0.0,0.0,0.05,0.1,0.05,0.1,0.7,29,119.61629108789182,190.72985649108887,47,1.332532192798371,4008.2568359375,22.84075144190839,0,2,19,0.0,0.0,0.05,0.1,0.05,0.1,0.7
483,frozen_attentive_ppoclip_seed5,0,NOOP,0.194,-0.060875,0.191481,0,29,119.61629108789182,190.72985649108887,47,1.332532192798371,4008.2568359375,22.84075144190839,0,2,19,0.0,0.0,0.05,0.1,0.05,0.1,0.7,36,151.50384541675487,185.94694137573242,48,1.3067019780476887,4014.1884765625,25.3333137277723,0,3,20,0.0,0.0,0.05,0.1,0.0,0.1,0.75
484,frozen_attentive_ppoclip_seed5,0,NOOP,0.193875,-0.060898,0.190981,0,36,151.50384541675487,185.94694137573242,48,1.3067019780476887,4014.1884765625,25.3333137277723,0,3,20,0.0,0.0,0.05,0.1,0.0,0.1,0.75,43,182.35680262238594,205.97195625305176,49,1.282125356246014,4020.7451171875,27.379439838488523,0,4,21,0.0,0.0,0.05,0.1,0.0,0.1,0.75
485,frozen_attentive_ppoclip_seed5,5,PARTITION_REGION,0.011932,-0.160914,0.190479,0,43,182.35680262238594,205.97195625305176,49,1.282125356246014,4020.7451171875,27.379439838488523,0,4,21,0.0,0.0,0.05,0.1,0.0,0.1,0.75,28,109.02771542256411,226.0284423828125,50,1.25810546875,4025.9375,29.197524919836365,2,5,0,0.0,0.0,0.05,0.15,0.0,0.1,0.7
486,frozen_attentive_ppoclip_seed5,1,COMPACT_32KB,0.561807,0.298978,0.392536,0,28,109.02771542256411,226.0284423828125,50,1.25810546875,4025.9375,29.197524919836365,2,5,0,0.0,0.0,0.05,0.15,0.0,0.1,0.7,33,124.96752571362534,168.21622848510742,51,1.2349539364085478,4030.8896484375,24.098504158080097,2,0,1,0.67,0.0335,0.05,0.2,0.0,0.05,0.7
487,frozen_attentive_ppoclip_seed5,0,NOOP,0.19325,-0.032905,0.190287,0,33,124.96752571362534,168.21622848510742,51,1.2349539364085478,4030.8896484375,24.098504158080097,2,0,1,0.67,0.0335,0.05,0.2,0.0,0.05,0.7,32,126.18077003348708,215.64030647277832,54,1.1694663718894676,4041.67578125,29.1915310358882,2,1,2,0.0,0.0335,0.05,0.2,0.0,0.05,0.7
488,frozen_attentive_ppoclip_seed5,0,NOOP,0.192875,-0.032906,0.189976,0,32,126.18077003348708,215.64030647277832,54,1.1694663718894676,4041.67578125,29.1915310358882,2,1,2,0.0,0.0335,0.05,0.2,0.0,0.05,0.7,27,103.53948483610043,216.1855697631836,57,1.1107576604475056,4052.0439453125,32.636818395599974,2,2,3,0.0,0.0335,0.05,0.2,0.0,0.05,0.7
489,frozen_attentive_ppoclip_seed5,0,NOOP,0.1925,-0.032908,0.189474,0,27,103.53948483610043,216.1855697631836,57,1.1107576604475056,4052.0439453125,32.636818395599974,2,2,3,0.0,0.0335,0.05,0.2,0.0,0.05,0.7,21,80.94634019922196,226.2859344482422,60,1.0577608744303386,4061.8017578125,35.11824996734422,2,3,4,0.0,0.0335,0.05,0.2,0.0,0.05,0.7
490,frozen_attentive_ppoclip_seed5,0,NOOP,0.192125,-0.032913,0.187079,0,21,80.94634019922196,226.2859344482422,60,1.0577608744303386,4061.8017578125,35.11824996734422,2,3,4,0.0,0.0335,0.05,0.2,0.0,0.05,0.7,20,75.48593020127223,331.04705810546875,63,1.009763929578993,4071.3681640625,36.951154834831016,2,4,5,0.0,0.0335,0.05,0.2,0.0,0.05,0.7
491,frozen_attentive_ppoclip_seed5,1,COMPACT_32KB,0.561932,-0.077913,0.191059,0,20,75.48593020127223,331.04705810546875,63,1.009763929578993,4071.3681640625,36.951154834831016,2,4,5,0.0,0.0335,0.05,0.2,0.0,0.05,0.7,33,125.96768445289818,197.07322120666504,50,1.2625216674804687,4040.0693359375,20.893467355920542,2,0,6,0.0,0.0335,0.05,0.2,0.0,0.05,0.7
492,frozen_attentive_ppoclip_seed5,0,NOOP,0.193375,-0.032916,0.189018,0,33,125.96768445289818,197.07322120666504,50,1.2625216674804687,4040.0693359375,20.893467355920542,2,0,6,0.0,0.0335,0.05,0.2,0.0,0.05,0.7,50,199.28994442712806,284.09624099731445,53,1.1947392877542748,4052.5556640625,27.03795423774892,2,1,7,0.0,0.0335,0.05,0.2,0.0,0.05,0.7
493,frozen_attentive_ppoclip_seed5,0,NOOP,0.193,-0.032923,0.190174,0,50,199.28994442712806,284.09624099731445,53,1.1947392877542748,4052.5556640625,27.03795423774892,2,1,7,0.0,0.0335,0.05,0.2,0.0,0.05,0.7,22,88.85167713824896,211.27748489379883,56,1.1334936959402901,4062.44140625,31.10557885121419,2,2,8,0.0,0.0335,0.05,0.15,0.0,0.05,0.75
494,frozen_attentive_ppoclip_seed5,0,NOOP,0.192625,-0.032926,0.189186,0,22,88.85167713824896,211.27748489379883,56,1.1334936959402901,4062.44140625,31.10557885121419,2,2,8,0.0,0.0335,0.05,0.15,0.0,0.05,0.75,41,159.28513709529517,245.68557739257812,59,1.0789375951734639,4074.068359375,33.89713039017337,2,3,9,0.0,0.0335,0.05,0.15,0.0,0.05,0.75
495,frozen_attentive_ppoclip_seed5,0,NOOP,0.19225,-0.03293,0.18278,0,41,159.28513709529517,245.68557739257812,59,1.0789375951734639,4074.068359375,33.89713039017337,2,3,9,0.0,0.0335,0.05,0.15,0.0,0.05,0.75,23,92.5526275646038,551.0067939758301,62,1.0292200888356855,4083.9453125,35.98468363453481,2,4,10,0.0,0.0335,0.05,0.15,0.05,0.0,0.75
496,frozen_attentive_ppoclip_seed5,0,NOOP,0.188688,-0.032932,0.185524,0,23,92.5526275646038,551.0067939758301,62,1.0292200888356855,4083.9453125,35.98468363453481,2,4,10,0.0,0.0335,0.05,0.15,0.05,0.0,0.75,21,83.54695891533603,239.45140838623047,65,0.9840648944561298,4093.7099609375,37.543335631155394,2,5,11,0.0,0.0335,0.05,0.15,0.05,0.0,0.75
497,frozen_attentive_ppoclip_seed5,3,COMPACT_128KB,-0.131,0.30366,0.394113,0,21,83.54695891533603,239.45140838623047,65,0.9840648944561298,4093.7099609375,37.543335631155394,2,5,11,0.0,0.0335,0.05,0.15,0.05,0.0,0.75,28,108.98795142707333,104.37202453613281,48,1.3182799021402996,4049.755859375,18.299001712620697,2,0,12,0.67,0.067,0.05,0.15,0.05,0.0,0.75
498,frozen_attentive_ppoclip_seed5,0,NOOP,0.193625,-0.01823,0.188839,0,28,108.98795142707333,104.37202453613281,48,1.3182799021402996,4049.755859375,18.299001712620697,2,0,12,0.67,0.067,0.05,0.15,0.05,0.0,0.75,42,177.78788270249322,303.04980278015137,51,1.2443069757199754,4061.41796875,26.088264742376595,2,1,13,0.0,0.067,0.05,0.15,0.05,0.05,0.7
499,frozen_attentive_ppoclip_seed5,0,NOOP,0.19325,-0.01822,0.190375,0,42,177.78788270249322,303.04980278015137,51,1.2443069757199754,4061.41796875,26.088264742376595,2,1,13,0.0,0.067,0.05,0.15,0.05,0.05,0.7,32,131.9032221607454,211.26174926757812,54,1.1783111007125289,4072.2431640625,30.839500744841075,2,2,14,0.0,0.067,0.05,0.15,0.05,0.05,0.7
500,frozen_attentive_ppoclip_seed5,0,NOOP,0.192875,-0.018227,0.187366,1,32,131.9032221607454,211.26174926757812,54,1.1783111007125289,4072.2431640625,30.839500744841075,2,2,14,0.0,0.067,0.05,0.15,0.05,0.05,0.7,45,181.42081040866466,346.6780185699463,57,1.1195946408991229,4084.28125,34.0422545092594,2,3,15,0.0,0.067,0.1,0.15,0.05,0.05,0.65
