step,policy_name,action,action_name,compact_reward,partition_reward,global_reward,done,rows_ingested,ingestion_rate_rows_per_sec,latency_ms,file_count,block_utilization,total_size_kb,file_size_skew_kb,partition_strategy,steps_since_compact,steps_since_partition_change,partition_pruning_ratio,avg_pruning_ratio,query_hist_time_range,query_hist_region_filter,query_hist_sensor_lookup,query_hist_type_filter,query_hist_full_scan,next_rows_ingested,next_ingestion_rate_rows_per_sec,next_latency_ms,next_file_count,next_block_utilization,next_total_size_kb,next_file_size_skew_kb,next_partition_strategy,next_steps_since_compact,next_steps_since_partition_change,next_partition_pruning_ratio,next_avg_pruning_ratio,next_query_hist_time_range,next_query_hist_region_filter,next_query_hist_sensor_lookup,next_query_hist_type_filter,next_query_hist_full_scan
1,WorkloadAwareThreshold,0,NOOP,0.021466,0.0,0.02065,0,0,0.0,0.0,0,0.0,0.0,0.0,0,0,0,0.0,0.0,0.0,0.0,0.0,0.0,0.0,47,312.7371328399527,42.0684814453125,1,0.1079559326171875,6.9091796875,0.0,0,1,1,0.0,0.0,0.0,0.0,0.0,1.0,0.0
2,WorkloadAwareThreshold,0,NOOP,0.02135,0.0,0.019972,0,47,312.7371328399527,42.0684814453125,1,0.1079559326171875,6.9091796875,0.0,0,1,1,0.0,0.0,0.0,0.0,0.0,1.0,0.0,47,237.41295742080004,71.40398025512695,2,0.108001708984375,13.82421875,0.0041432037960149265,0,2,2,0.0,0.0,0.5,0.0,0.0,0.5,0.0
3,WorkloadAwareThreshold,0,NOOP,0.021517,0.0,0.020237,0,47,237.41295742080004,71.40398025512695,2,0.108001708984375,13.82421875,0.0041432037960149265,0,2,2,0.0,0.0,0.5,0.0,0.0,0.5,0.0,50,304.90502395300996,67.75355339050293,3,0.10946146647135417,21.0166015625,0.1618424634993439,0,3,3,0.0,0.0,0.3333333333333333,0.3333333333333333,0.0,0.3333333333333333,0.0
4,WorkloadAwareThreshold,0,NOOP,0.020204,0.0,0.018933,0,50,304.90502395300996,67.75355339050293,3,0.10946146647135417,21.0166015625,0.1618424634993439,0,3,3,0.0,0.0,0.3333333333333333,0.3333333333333333,0.0,0.3333333333333333,0.0,31,150.5127206639888,68.56012344360352,4,0.10351943969726562,26.5009765625,0.7719734798316817,0,4,4,0.0,0.0,0.25,0.25,0.0,0.25,0.25
5,WorkloadAwareThreshold,0,NOOP,0.019901,0.0,0.017926,0,31,150.5127206639888,68.56012344360352,4,0.10351943969726562,26.5009765625,0.7719734798316817,0,4,4,0.0,0.0,0.25,0.25,0.0,0.25,0.25,41,208.38231555477464,105.01837730407715,5,0.102630615234375,32.841796875,0.6805414557347943,0,5,5,0.0,0.0,0.4,0.2,0.0,0.2,0.2
6,WorkloadAwareThreshold,0,NOOP,0.020048,0.0,0.018171,0,41,208.38231555477464,105.01837730407715,5,0.102630615234375,32.841796875,0.6805414557347943,0,5,5,0.0,0.0,0.4,0.2,0.0,0.2,0.2,49,285.46035837952786,101.3481616973877,6,0.1039886474609375,39.931640625,0.6448516604153468,0,6,6,0.0,0.0,0.5,0.16666666666666666,0.0,0.16666666666666666,0.16666666666666666
7,WorkloadAwareThreshold,0,NOOP,0.019639,0.0,0.017771,0,49,285.46035837952786,101.3481616973877,6,0.1039886474609375,39.931640625,0.6448516604153468,0,6,6,0.0,0.0,0.5,0.16666666666666666,0.0,0.16666666666666666,0.16666666666666666,37,226.13834447102985,102.1738052368164,7,0.10257175990513392,45.9521484375,0.6356800376275878,0,7,7,0.0,0.0,0.5714285714285714,0.14285714285714285,0.0,0.14285714285714285,0.14285714285714285
8,WorkloadAwareThreshold,0,NOOP,0.019372,0.0,0.017467,0,37,226.13834447102985,102.1738052368164,7,0.10257175990513392,45.9521484375,0.6356800376275878,0,7,7,0.0,0.0,0.5714285714285714,0.14285714285714285,0.0,0.14285714285714285,0.14285714285714285,39,247.59651441052398,105.27276992797852,8,0.10186004638671875,52.15234375,0.6024618415077716,0,8,8,0.0,0.0,0.625,0.125,0.0,0.125,0.125
9,WorkloadAwareThreshold,0,NOOP,0.018954,0.0,0.017028,0,39,247.59651441052398,105.27276992797852,8,0.10186004638671875,52.15234375,0.6024618415077716,0,8,8,0.0,0.0,0.625,0.125,0.0,0.125,0.125,33,195.0297549517611,107.53607749938965,9,0.10039435492621528,57.8271484375,0.6299074363659685,0,9,9,0.0,0.0,0.6666666666666666,0.1111111111111111,0.0,0.1111111111111111,0.1111111111111111
10,WorkloadAwareThreshold,0,NOOP,0.018693,0.0,0.016642,0,33,195.0297549517611,107.53607749938965,9,0.10039435492621528,57.8271484375,0.6299074363659685,0,9,9,0.0,0.0,0.6666666666666666,0.1111111111111111,0.0,0.1111111111111111,0.1111111111111111,37,238.5710082321924,115.03362655639648,10,0.099713134765625,63.81640625,0.6096755457656151,0,10,10,0.0,0.0,0.7,0.1,0.0,0.1,0.1
11,WorkloadAwareThreshold,2,COMPACT_64KB,0.1491,-0.05,0.126313,0,37,238.5710082321924,115.03362655639648,10,0.099713134765625,63.81640625,0.6096755457656151,0,10,10,0.0,0.0,0.7,0.1,0.0,0.1,0.1,30,194.71440243630693,61.03253364562988,1,0.6381683349609375,40.8427734375,0.0,0,0,11,0.0,0.0,0.7272727272727273,0.09090909090909091,0.0,0.09090909090909091,0.09090909090909091
12,WorkloadAwareThreshold,0,NOOP,0.072286,0.0,0.071036,0,30,194.71440243630693,61.03253364562988,1,0.6381683349609375,40.8427734375,0.0,0,0,11,0.0,0.0,0.7272727272727273,0.09090909090909091,0.0,0.09090909090909091,0.09090909090909091,32,207.70789789301824,64.97335433959961,2,0.36267852783203125,46.4228515625,24.93449097838383,0,1,12,0.0,0.0,0.6666666666666666,0.08333333333333333,0.0,0.16666666666666666,0.08333333333333333
13,WorkloadAwareThreshold,0,NOOP,0.054512,0.0,0.052584,0,32,207.70789789301824,64.97335433959961,2,0.36267852783203125,46.4228515625,24.93449097838383,0,1,12,0.0,0.0,0.6666666666666666,0.08333333333333333,0.0,0.16666666666666666,0.08333333333333333,40,230.79579986491115,100.15988349914551,3,0.2744344075520833,52.69140625,20.163119314118095,0,2,13,0.0,0.0,0.6923076923076923,0.07692307692307693,0.0,0.15384615384615385,0.07692307692307693
14,WorkloadAwareThreshold,0,NOOP,0.045954,0.0,0.044188,0,40,230.79579986491115,100.15988349914551,3,0.2744344075520833,52.69140625,20.163119314118095,0,2,13,0.0,0.0,0.6923076923076923,0.07692307692307693,0.0,0.15384615384615385,0.07692307692307693,46,218.16753189040173,93.2774543762207,4,0.232269287109375,59.4609375,17.325222202213716,0,3,14,0.0,0.0,0.7142857142857143,0.07142857142857142,0.0,0.14285714285714285,0.07142857142857142
15,WorkloadAwareThreshold,0,NOOP,0.040639,0.0,0.039368,0,46,218.16753189040173,93.2774543762207,4,0.232269287109375,59.4609375,17.325222202213716,0,3,14,0.0,0.0,0.7142857142857143,0.07142857142857142,0.0,0.14285714285714285,0.07142857142857142,43,254.45918468124012,69.79966163635254,5,0.2063201904296875,66.0224609375,15.456804855265876,0,4,15,0.0,0.0,0.6666666666666666,0.06666666666666667,0.0,0.2,0.06666666666666667
16,WorkloadAwareThreshold,0,NOOP,0.037308,0.0,0.035416,0,43,254.45918468124012,69.79966163635254,5,0.2063201904296875,66.0224609375,15.456804855265876,0,4,15,0.0,0.0,0.6666666666666666,0.06666666666666667,0.0,0.2,0.06666666666666667,49,304.7133035718257,102.12111473083496,6,0.1902923583984375,73.072265625,14.051463130369234,0,5,16,0.0,0.0,0.6875,0.0625,0.0,0.1875,0.0625
17,WorkloadAwareThreshold,0,NOOP,0.034199,0.0,0.032247,0,49,304.7133035718257,102.12111473083496,6,0.1902923583984375,73.072265625,14.051463130369234,0,5,16,0.0,0.0,0.6875,0.0625,0.0,0.1875,0.0625,31,202.6060163146372,106.34350776672363,7,0.1753692626953125,78.5654296875,13.073697500225899,0,6,17,0.0,0.0,0.7058823529411765,0.058823529411764705,0.0,0.17647058823529413,0.058823529411764705
18,WorkloadAwareThreshold,0,NOOP,0.032202,0.0,0.029796,0,31,202.6060163146372,106.34350776672363,7,0.1753692626953125,78.5654296875,13.073697500225899,0,6,17,0.0,0.0,0.7058823529411765,0.058823529411764705,0.0,0.17647058823529413,0.058823529411764705,42,262.9320135047598,130.28454780578613,8,0.16600799560546875,84.99609375,12.221937996448052,0,7,18,0.0,0.0,0.6666666666666666,0.05555555555555555,0.05555555555555555,0.16666666666666666,0.05555555555555555
19,WorkloadAwareThreshold,0,NOOP,0.030743,0.0,0.02869,0,42,262.9320135047598,130.28454780578613,8,0.16600799560546875,84.99609375,12.221937996448052,0,7,18,0.0,0.0,0.6666666666666666,0.05555555555555555,0.05555555555555555,0.16666666666666666,0.05555555555555555,46,290.043331068364,113.9369010925293,9,0.15934244791666666,91.78125,11.5039839788897,0,8,19,0.0,0.0,0.6842105263157895,0.05263157894736842,0.05263157894736842,0.15789473684210525,0.05263157894736842
20,WorkloadAwareThreshold,0,NOOP,0.029682,0.0,0.028205,0,46,290.043331068364,113.9369010925293,9,0.15934244791666666,91.78125,11.5039839788897,0,8,19,0.0,0.0,0.6842105263157895,0.05263157894736842,0.05263157894736842,0.15789473684210525,0.05263157894736842,50,316.13323364125324,86.33995056152344,10,0.1546600341796875,98.982421875,10.887381128342778,0,9,20,0.0,0.0,0.65,0.05,0.05,0.2,0.05
21,WorkloadAwareThreshold,0,NOOP,0.028698,0.0,0.025735,0,50,316.13323364125324,86.33995056152344,10,0.1546600341796875,98.982421875,10.887381128342778,0,9,20,0.0,0.0,0.65,0.05,0.05,0.2,0.05,46,275.6056115911555,161.9131565093994,11,0.15036565607244318,105.857421875,10.3688219935748,0,10,21,0.0,0.0,0.7,0.05,0.05,0.15,0.05
22,WorkloadAwareThreshold,2,COMPACT_64KB,0.151524,-0.05,0.12853,0,46,275.6056115911555,161.9131565093994,11,0.15036565607244318,105.857421875,10.3688219935748,0,10,21,0.0,0.0,0.7,0.05,0.05,0.15,0.05,36,150.0742385465171,72.66879081726074,2,0.6509170532226562,83.3173828125,8.900292287806066,0,0,22,0.0,0.0,0.65,0.05,0.1,0.15,0.05
23,WorkloadAwareThreshold,0,NOOP,0.092382,0.0,0.090865,0,36,150.0742385465171,72.66879081726074,2,0.6509170532226562,83.3173828125,8.900292287806066,0,0,22,0.0,0.0,0.65,0.05,0.1,0.15,0.05,34,200.09251552542295,79.6201229095459,3,0.4637858072916667,89.046875,21.677408829725596,0,1,23,0.0,0.0,0.7,0.0,0.1,0.15,0.05
24,WorkloadAwareThreshold,0,NOOP,0.073361,0.0,0.072224,0,34,200.09251552542295,79.6201229095459,3,0.4637858072916667,89.046875,21.677408829725596,0,1,23,0.0,0.0,0.7,0.0,0.1,0.15,0.05,31,187.83649034405445,61.858415603637695,4,0.3693046569824219,94.5419921875,21.43660937202499,0,2,24,0.0,0.0,0.7,0.0,0.1,0.2,0.0
25,WorkloadAwareThreshold,0,NOOP,0.062322,0.0,0.060218,0,31,187.83649034405445,61.858415603637695,4,0.3693046569824219,94.5419921875,21.43660937202499,0,2,24,0.0,0.0,0.7,0.0,0.1,0.2,0.0,39,233.70802544276236,111.41705513000488,5,0.31473388671875,100.71484375,20.14038158710612,0,3,25,0.0,0.0,0.7,0.0,0.1,0.2,0.0
26,WorkloadAwareThreshold,0,NOOP,0.055005,0.0,0.05394,0,39,233.70802544276236,111.41705513000488,5,0.31473388671875,100.71484375,20.14038158710612,0,3,25,0.0,0.0,0.7,0.0,0.1,0.2,0.0,41,244.54635483770048,60.751914978027344,6,0.27877553304036456,107.0498046875,18.875508549557143,0,4,26,0.0,0.0,0.65,0.0,0.1,0.2,0.05
27,WorkloadAwareThreshold,0,NOOP,0.049397,0.0,0.047671,0,41,244.54635483770048,60.751914978027344,6,0.27877553304036456,107.0498046875,18.875508549557143,0,4,26,0.0,0.0,0.65,0.0,0.1,0.2,0.05,32,191.35225978269702,95.05939483642578,7,0.25136021205357145,112.609375,17.845276387527825,0,5,27,0.0,0.0,0.6,0.05,0.1,0.2,0.05
28,WorkloadAwareThreshold,0,NOOP,0.045239,0.0,0.043263,0,32,191.35225978269702,95.05939483642578,7,0.25136021205357145,112.609375,17.845276387527825,0,5,27,0.0,0.0,0.6,0.05,0.1,0.2,0.05,34,195.40601949862634,108.80851745605469,8,0.23119544982910156,118.3720703125,16.919944540857763,0,6,28,0.0,0.0,0.55,0.05,0.15,0.2,0.05
29,WorkloadAwareThreshold,0,NOOP,0.041976,0.0,0.039908,0,34,195.40601949862634,108.80851745605469,8,0.23119544982910156,118.3720703125,16.919944540857763,0,6,28,0.0,0.0,0.55,0.05,0.15,0.2,0.05,34,193.5374605919052,114.63260650634766,9,0.21550496419270834,124.130859375,16.11131761827796,0,7,29,0.0,0.0,0.55,0.05,0.15,0.2,0.05
30,WorkloadAwareThreshold,0,NOOP,0.039751,0.0,0.038297,0,34,193.5374605919052,114.63260650634766,9,0.21550496419270834,124.130859375,16.11131761827796,0,7,29,0.0,0.0,0.55,0.05,0.15,0.2,0.05,49,273.95261568155945,85.17980575561523,10,0.2050048828125,131.203125,15.337824100274714,0,8,30,0.0,0.0,0.5,0.1,0.15,0.2,0.05
31,WorkloadAwareThreshold,0,NOOP,0.037613,0.0,0.034763,0,49,273.95261568155945,85.17980575561523,10,0.2050048828125,131.203125,15.337824100274714,0,8,30,0.0,0.0,0.5,0.1,0.15,0.2,0.05,38,227.24668362400337,156.25309944152832,11,0.19493935324928977,137.2373046875,14.706760581239719,0,9,31,0.0,0.0,0.5,0.1,0.15,0.2,0.05
32,WorkloadAwareThreshold,0,NOOP,0.035874,0.0,0.033388,0,38,227.24668362400337,156.25309944152832,11,0.19493935324928977,137.2373046875,14.706760581239719,0,9,31,0.0,0.0,0.5,0.1,0.15,0.2,0.05,40,177.50850129609057,139.30797576904297,12,0.1868718465169271,143.517578125,14.13595520092225,0,10,32,0.0,0.0,0.55,0.1,0.15,0.15,0.05
33,WorkloadAwareThreshold,2,COMPACT_64KB,0.148283,-0.05,0.125357,0,40,177.50850129609057,139.30797576904297,12,0.1868718465169271,143.517578125,14.13595520092225,0,10,32,0.0,0.0,0.55,0.1,0.15,0.15,0.05,44,246.6080435517558,70.5103874206543,3,0.6353352864583334,121.984375,19.598470124398467,0,0,33,0.0,0.0,0.5,0.1,0.2,0.15,0.05
34,WorkloadAwareThreshold,0,NOOP,0.1002,0.0,0.099254,0,44,246.6080435517558,70.5103874206543,3,0.6353352864583334,121.984375,19.598470124398467,0,0,33,0.0,0.0,0.5,0.1,0.2,0.15,0.05,47,269.45953984778237,52.26731300354004,4,0.5034980773925781,128.8955078125,23.255919798376347,0,1,34,0.0,0.0,0.45,0.1,0.2,0.15,0.1
35,WorkloadAwareThreshold,0,NOOP,0.084237,0.0,0.08231,0,47,269.45953984778237,52.26731300354004,4,0.5034980773925781,128.8955078125,23.255919798376347,0,1,34,0.0,0.0,0.45,0.1,0.2,0.15,0.1,46,259.1047992769592,102.59628295898438,5,0.424310302734375,135.779296875,23.10957301882284,0,2,35,0.0,0.0,0.5,0.1,0.2,0.1,0.1
36,WorkloadAwareThreshold,0,NOOP,0.073426,0.0,0.071463,0,46,259.1047992769592,102.59628295898438,5,0.424310302734375,135.779296875,23.10957301882284,0,2,35,0.0,0.0,0.5,0.1,0.2,0.1,0.1,45,243.44756512037353,105.64684867858887,6,0.370880126953125,142.41796875,22.302489903779875,0,3,36,0.0,0.0,0.5,0.1,0.2,0.1,0.1
37,WorkloadAwareThreshold,0,NOOP,0.065387,0.0,0.063392,0,45,243.44756512037353,105.64684867858887,6,0.370880126953125,142.41796875,22.302489903779875,0,3,36,0.0,0.0,0.5,0.1,0.2,0.1,0.1,37,216.99084436539763,108.47806930541992,7,0.33130972726004465,148.4267578125,21.43352447744615,0,4,37,0.0,0.0,0.45,0.1,0.25,0.1,0.1
38,WorkloadAwareThreshold,0,NOOP,0.059355,0.0,0.058311,0,37,216.99084436539763,108.47806930541992,7,0.33130972726004465,148.4267578125,21.43352447744615,0,4,37,0.0,0.0,0.45,0.1,0.25,0.1,0.1,38,219.2409299305757,62.22653388977051,8,0.3017768859863281,154.509765625,20.55110350719818,0,5,38,0.0,0.0,0.45,0.1,0.2,0.1,0.15
39,WorkloadAwareThreshold,0,NOOP,0.054962,0.0,0.052885,0,38,219.2409299305757,62.22653388977051,8,0.3017768859863281,154.509765625,20.55110350719818,0,5,38,0.0,0.0,0.45,0.1,0.2,0.1,0.15,48,280.88816463201954,115.12637138366699,9,0.2804361979166667,161.53125,19.65561394200597,0,6,39,0.0,0.0,0.45,0.1,0.2,0.1,0.15
40,WorkloadAwareThreshold,0,NOOP,0.051087,0.0,0.048717,0,48,280.88816463201954,115.12637138366699,9,0.2804361979166667,161.53125,19.65561394200597,0,6,39,0.0,0.0,0.45,0.1,0.2,0.1,0.15,36,208.64906125505922,131.00838661193848,10,0.2616851806640625,167.478515625,18.9160700005134,0,7,40,0.0,0.0,0.45,0.1,0.25,0.05,0.15
41,WorkloadAwareThreshold,0,NOOP,0.047899,0.0,0.045261,0,36,208.64906125505922,131.00838661193848,10,0.2616851806640625,167.478515625,18.9160700005134,0,7,40,0.0,0.0,0.45,0.1,0.25,0.05,0.15,36,182.7767059629568,145.64990997314453,11,0.246368408203125,173.443359375,18.23749516717796,0,8,41,0.0,0.0,0.4,0.15,0.25,0.05,0.15
42,WorkloadAwareThreshold,0,NOOP,0.045514,0.0,0.043238,0,36,182.7767059629568,145.64990997314453,11,0.246368408203125,173.443359375,18.23749516717796,0,8,41,0.0,0.0,0.4,0.15,0.25,0.05,0.15,50,261.08432399996514,128.7829875946045,12,0.23507054646809897,180.5341796875,17.568242479543596,0,9,42,0.0,0.0,0.45,0.15,0.2,0.05,0.15
43,WorkloadAwareThreshold,0,NOOP,0.043114,0.0,0.040828,0,50,261.08432399996514,128.7829875946045,12,0.23507054646809897,180.5341796875,17.568242479543596,0,9,42,0.0,0.0,0.45,0.15,0.2,0.05,0.15,32,181.78900091559711,130.5522918701172,13,0.22369384765625,186.11328125,17.023945838606036,0,10,43,0.0,0.0,0.45,0.15,0.2,0.05,0.15
44,WorkloadAwareThreshold,2,COMPACT_64KB,0.190225,-0.05,0.166778,0,32,181.78900091559711,130.5522918701172,13,0.22369384765625,186.11328125,17.023945838606036,0,10,43,0.0,0.0,0.45,0.15,0.2,0.05,0.15,43,255.5755595296465,96.56620025634766,3,0.8450469970703125,162.2490234375,10.12489959290251,0,0,44,0.0,0.0,0.45,0.2,0.2,0.0,0.15
45,WorkloadAwareThreshold,0,NOOP,0.130553,0.0,0.128854,0,43,255.5755595296465,96.56620025634766,3,0.8450469970703125,162.2490234375,10.12489959290251,0,0,44,0.0,0.0,0.45,0.2,0.2,0.0,0.15,31,180.35638103824948,89.95342254638672,4,0.6552658081054688,167.748046875,25.660149628333542,0,1,45,0.0,0.0,0.45,0.2,0.2,0.0,0.15
46,WorkloadAwareThreshold,0,NOOP,0.10812,0.0,0.106185,0,31,180.35638103824948,89.95342254638672,4,0.6552658081054688,167.748046875,25.660149628333542,0,1,45,0.0,0.0,0.45,0.2,0.2,0.0,0.15,40,236.95193653492797,102.98752784729004,5,0.5437225341796875,173.9912109375,27.361334238535704,0,2,46,0.0,0.0,0.5,0.2,0.2,0.0,0.1
47,WorkloadAwareThreshold,0,NOOP,0.093496,0.0,0.090938,0,40,236.95193653492797,102.98752784729004,5,0.5437225341796875,173.9912109375,27.361334238535704,0,2,46,0.0,0.0,0.5,0.2,0.2,0.0,0.1,47,277.9882195169071,135.4084014892578,6,0.47122955322265625,180.9521484375,26.98271071929353,0,3,47,0.0,0.0,0.55,0.15,0.2,0.0,0.1
48,WorkloadAwareThreshold,0,NOOP,0.08303,0.0,0.080757,0,47,277.9882195169071,135.4084014892578,6,0.47122955322265625,180.9521484375,26.98271071929353,0,3,47,0.0,0.0,0.55,0.15,0.2,0.0,0.1,48,221.82181896309518,122.42579460144043,7,0.419525146484375,187.947265625,26.141392439852098,0,4,48,0.0,0.0,0.6,0.15,0.15,0.0,0.1
49,WorkloadAwareThreshold,0,NOOP,0.074667,0.0,0.072451,0,48,221.82181896309518,122.42579460144043,7,0.419525146484375,187.947265625,26.141392439852098,0,4,48,0.0,0.0,0.6,0.15,0.15,0.0,0.1,34,201.9971274055146,120.81074714660645,8,0.37833595275878906,193.7080078125,25.324697633258133,0,5,49,0.0,0.0,0.55,0.15,0.2,0.0,0.1
50,WorkloadAwareThreshold,4,PARTITION_HOUR,-0.113655,-0.1,0.067028,0,34,201.9971274055146,120.81074714660645,8,0.37833595275878906,193.7080078125,25.324697633258133,0,5,49,0.0,0.0,0.55,0.15,0.2,0.0,0.1,35,204.88231878879907,68.02940368652344,9,0.3464423285590278,199.55078125,24.46775332115739,1,6,0,0.0,0.0,0.55,0.1,0.2,0.0,0.15
51,WorkloadAwareThreshold,0,NOOP,0.063093,-0.048002,0.061351,0,35,204.88231878879907,68.02940368652344,9,0.3464423285590278,199.55078125,24.46775332115739,1,6,0,0.0,0.0,0.55,0.1,0.2,0.0,0.15,41,215.79401205419495,99.56622123718262,10,0.3217132568359375,205.896484375,23.605086386063594,1,7,1,0.0,0.0,0.5,0.1,0.2,0.05,0.15
52,WorkloadAwareThreshold,0,NOOP,0.059091,-0.045762,0.057469,0,41,215.79401205419495,99.56622123718262,10,0.3217132568359375,205.896484375,23.605086386063594,1,7,1,0.0,0.0,0.5,0.1,0.2,0.05,0.15,48,268.108720838871,94.85411643981934,11,0.3023320978338068,212.841796875,22.76849682781662,1,8,2,0.0,0.0,0.45,0.1,0.2,0.1,0.15
53,WorkloadAwareThreshold,0,NOOP,0.055798,-0.010078,0.071335,0,48,268.108720838871,94.85411643981934,11,0.3023320978338068,212.841796875,22.76849682781662,1,8,2,0.0,0.0,0.45,0.1,0.2,0.1,0.15,50,269.9568898380247,130.3253173828125,12,0.2864888509114583,220.0234375,21.991233234921328,1,9,3,0.05947906976744186,0.0029739534883720933,0.5,0.1,0.15,0.1,0.15
54,WorkloadAwareThreshold,0,NOOP,0.052558,-0.00213,0.071655,0,50,269.9568898380247,130.3253173828125,12,0.2864888509114583,220.0234375,21.991233234921328,1,9,3,0.05947906976744186,0.0029739534883720933,0.5,0.1,0.15,0.1,0.15,30,167.66664179343132,131.21271133422852,13,0.27091393103966344,225.400390625,21.359539893772475,1,10,4,0.0713211009174312,0.006540008534243654,0.55,0.1,0.15,0.1,0.1
55,WorkloadAwareThreshold,2,COMPACT_64KB,0.179805,-0.059183,0.155655,0,30,167.66664179343132,131.21271133422852,13,0.27091393103966344,225.400390625,21.359539893772475,1,10,4,0.0713211009174312,0.006540008534243654,0.55,0.1,0.15,0.1,0.1,47,259.7721969359544,132.94076919555664,4,0.7935714721679688,203.154296875,19.7637058376766,1,0,5,0.0,0.006540008534243654,0.5,0.15,0.15,0.1,0.1
56,WorkloadAwareThreshold,0,NOOP,0.13037,-0.008087,0.129087,0,47,259.7721969359544,132.94076919555664,4,0.7935714721679688,203.154296875,19.7637058376766,1,0,5,0.0,0.006540008534243654,0.5,0.15,0.15,0.1,0.1,42,204.6161176305241,70.44458389282227,5,0.6549774169921875,209.5927734375,26.19807786369911,1,1,6,0.0,0.006540008534243654,0.45,0.15,0.15,0.1,0.15
57,WorkloadAwareThreshold,0,NOOP,0.111438,-0.00723,0.110432,0,42,204.6161176305241,70.44458389282227,5,0.6549774169921875,209.5927734375,26.19807786369911,1,1,6,0.0,0.006540008534243654,0.45,0.15,0.15,0.1,0.15,34,191.818531052776,57.81388282775879,6,0.5609410603841146,215.4013671875,27.68380345051204,1,2,7,0.0,0.006540008534243654,0.45,0.15,0.1,0.1,0.2
58,WorkloadAwareThreshold,0,NOOP,0.097818,0.511079,0.371715,0,34,191.818531052776,57.81388282775879,6,0.5609410603841146,215.4013671875,27.68380345051204,1,2,7,0.0,0.006540008534243654,0.45,0.15,0.1,0.1,0.2,33,191.30446416601131,113.86823654174805,7,0.4934626988002232,221.0712890625,27.734705125774322,1,3,8,0.92,0.052540008534243655,0.5,0.15,0.1,0.1,0.15
59,WorkloadAwareThreshold,0,NOOP,0.088144,0.512261,0.361959,0,33,191.30446416601131,113.86823654174805,7,0.4934626988002232,221.0712890625,27.734705125774322,1,3,8,0.92,0.052540008534243655,0.5,0.15,0.1,0.1,0.15,50,265.53891502864116,119.2789077758789,8,0.4457206726074219,228.208984375,27.092698466998733,1,4,9,0.92,0.09854000853424365,0.5,0.15,0.1,0.1,0.15
60,WorkloadAwareThreshold,0,NOOP,0.080104,0.417412,0.302622,0,50,265.53891502864116,119.2789077758789,8,0.4457206726074219,228.208984375,27.092698466998733,1,4,9,0.92,0.09854000853424365,0.5,0.15,0.1,0.1,0.15,34,198.04097571814438,135.35237312316895,9,0.4061465793185764,233.9404296875,26.457429173056628,1,5,10,0.75,0.13604000853424364,0.5,0.15,0.1,0.1,0.15
61,WorkloadAwareThreshold,0,NOOP,0.073867,-0.003534,0.072015,0,34,198.04097571814438,135.35237312316895,9,0.4061465793185764,233.9404296875,26.457429173056628,1,5,10,0.75,0.13604000853424364,0.5,0.15,0.1,0.1,0.15,42,236.91055777830078,105.072021484375,10,0.37558441162109374,240.3740234375,25.699743232194773,1,6,11,0.0,0.13604000853424364,0.5,0.1,0.1,0.15,0.15
62,WorkloadAwareThreshold,0,NOOP,0.068716,-0.002678,0.06712,0,42,236.91055777830078,105.072021484375,10,0.37558441162109374,240.3740234375,25.699743232194773,1,6,11,0.0,0.13604000853424364,0.5,0.1,0.1,0.15,0.15,40,222.4319103548762,93.56808662414551,11,0.3504555442116477,246.720703125,24.957567644244968,1,7,12,0.0,0.13604000853424364,0.45,0.15,0.1,0.15,0.15
63,WorkloadAwareThreshold,0,NOOP,0.064224,0.419883,0.28649,0,40,222.4319103548762,93.56808662414551,11,0.3504555442116477,246.720703125,24.957567644244968,1,7,12,0.0,0.13604000853424364,0.45,0.15,0.1,0.15,0.15,33,180.47544365196302,151.70526504516602,12,0.3286183675130208,252.37890625,24.28360448225612,1,8,13,0.75,0.17354000853424364,0.4,0.15,0.15,0.15,0.15
64,WorkloadAwareThreshold,0,NOOP,0.060717,0.516474,0.333509,0,33,180.47544365196302,151.70526504516602,12,0.3286183675130208,252.37890625,24.28360448225612,1,8,13,0.75,0.17354000853424364,0.4,0.15,0.15,0.15,0.15,48,272.05377115637987,176.63955688476562,13,0.3117112379807692,259.34375,23.574845104256855,1,9,14,0.92,0.21954000853424366,0.45,0.1,0.15,0.15,0.15
65,WorkloadAwareThreshold,0,NOOP,0.057581,-0.00019,0.055893,0,48,272.05377115637987,176.63955688476562,13,0.3117112379807692,259.34375,23.574845104256855,1,9,14,0.92,0.21954000853424366,0.45,0.1,0.15,0.15,0.15,43,191.11402727974027,101.87745094299316,14,0.2966526576450893,265.80078125,22.93523275272164,1,10,15,0.0,0.21954000853424366,0.4,0.15,0.15,0.15,0.15
66,WorkloadAwareThreshold,2,COMPACT_64KB,0.173718,0.466789,0.426127,0,43,191.11402727974027,101.87745094299316,14,0.2966526576450893,265.80078125,22.93523275272164,1,10,15,0.0,0.21954000853424366,0.4,0.15,0.15,0.15,0.15,48,257.53519310669475,106.27293586730957,5,0.7637603759765625,244.4033203125,17.679333063703563,1,0,16,0.92,0.26554000853424364,0.4,0.15,0.15,0.15,0.15
67,WorkloadAwareThreshold,0,NOOP,0.130266,0.515902,0.404294,0,48,257.53519310669475,106.27293586730957,5,0.7637603759765625,244.4033203125,17.679333063703563,1,0,16,0.92,0.26554000853424364,0.4,0.15,0.15,0.15,0.15,49,257.1685753183311,106.10485076904297,6,0.6550801595052084,251.55078125,23.244865266132244,1,1,17,0.92,0.31154000853424363,0.4,0.15,0.15,0.15,0.15
68,WorkloadAwareThreshold,0,NOOP,0.11421,0.515202,0.387301,0,49,257.1685753183311,106.10485076904297,6,0.6550801595052084,251.55078125,23.244865266132244,1,1,17,0.92,0.31154000853424363,0.4,0.15,0.15,0.15,0.15,40,212.67914980142004,154.22916412353516,7,0.5754263741629464,257.791015625,25.143304697766034,1,2,18,0.92,0.3575400085342436,0.4,0.15,0.15,0.15,0.15
69,WorkloadAwareThreshold,0,NOOP,0.10229,0.418829,0.325062,0,40,212.67914980142004,154.22916412353516,7,0.5754263741629464,257.791015625,25.143304697766034,1,2,18,0.92,0.3575400085342436,0.4,0.15,0.15,0.15,0.15,44,179.09103930408995,121.40202522277832,8,0.5164508819580078,264.4228515625,25.609454960225673,1,3,19,0.75,0.39504000853424365,0.4,0.15,0.15,0.15,0.15
70,WorkloadAwareThreshold,0,NOOP,0.092947,-0.003754,0.091469,0,44,179.09103930408995,121.40202522277832,8,0.5164508819580078,264.4228515625,25.609454960225673,1,3,19,0.75,0.39504000853424365,0.4,0.15,0.15,0.15,0.15,43,246.9964406670565,85.16860008239746,9,0.4703606499565972,270.927734375,25.537701645404255,1,4,20,0.0,0.39504000853424365,0.4,0.2,0.15,0.15,0.1
71,WorkloadAwareThreshold,0,NOOP,0.085203,0.5132,0.358809,0,43,246.9964406670565,85.16860008239746,9,0.4703606499565972,270.927734375,25.537701645404255,1,4,20,0.0,0.39504000853424365,0.4,0.2,0.15,0.15,0.1,34,198.6617203117708,132.1885585784912,10,0.4322662353515625,276.650390625,25.281434270006194,1,5,21,0.92,0.44104000853424374,0.45,0.2,0.15,0.1,0.1
72,WorkloadAwareThreshold,0,NOOP,0.078894,0.512637,0.352792,0,34,198.6617203117708,132.1885585784912,10,0.4322662353515625,276.650390625,25.281434270006194,1,5,21,0.92,0.44104000853424374,0.45,0.2,0.15,0.1,0.1,36,203.2526137680662,118.82257461547852,11,0.4013436057350852,282.5458984375,24.866016580605272,1,6,22,0.92,0.4870400085342436,0.5,0.2,0.15,0.05,0.1
73,WorkloadAwareThreshold,0,NOOP,0.073514,0.511419,0.347133,0,36,203.2526137680662,118.82257461547852,11,0.4013436057350852,282.5458984375,24.866016580605272,1,6,22,0.92,0.4870400085342436,0.5,0.2,0.15,0.05,0.1,31,160.11751000554153,134.0649127960205,12,0.37506993611653644,288.0537109375,24.4138872133563,1,7,23,0.92,0.5300660550458716,0.5,0.2,0.15,0.05,0.1
74,WorkloadAwareThreshold,0,NOOP,0.069229,0.5106,0.343025,0,31,160.11751000554153,134.0649127960205,12,0.37506993611653644,288.0537109375,24.4138872133563,1,7,23,0.92,0.5300660550458716,0.5,0.2,0.15,0.05,0.1,45,232.62429948469682,126.434326171875,13,0.35426917442908656,294.751953125,23.862249826280735,1,8,24,0.92,0.5725,0.5,0.2,0.15,0.05,0.1
75,WorkloadAwareThreshold,0,NOOP,0.06544,-0.006588,0.062137,0,45,232.62429948469682,126.434326171875,13,0.35426917442908656,294.751953125,23.862249826280735,1,8,24,0.92,0.5725,0.5,0.2,0.15,0.05,0.1,40,222.44872090648974,182.65700340270996,14,0.3359494890485491,301.0107421875,23.342058622486924,1,9,25,0.0,0.5725,0.5,0.2,0.15,0.05,0.1
76,WorkloadAwareThreshold,0,NOOP,0.062255,0.510264,0.33546,0,40,222.44872090648974,182.65700340270996,14,0.3359494890485491,301.0107421875,23.342058622486924,1,9,25,0.0,0.5725,0.5,0.2,0.15,0.05,0.1,46,188.10023407970408,158.522367477417,15,0.32065226236979166,307.826171875,22.81032656852526,1,10,26,0.92,0.6184999999999999,0.55,0.2,0.15,0.05,0.05
77,WorkloadAwareThreshold,2,COMPACT_64KB,0.197571,0.459771,0.45006,0,46,188.10023407970408,158.522367477417,15,0.32065226236979166,307.826171875,22.81032656852526,1,10,26,0.92,0.6184999999999999,0.55,0.2,0.15,0.05,0.05,36,196.53762519931016,102.2796630859375,5,0.883026123046875,282.568359375,7.065949331918724,1,0,27,0.92,0.6645,0.6,0.2,0.15,0.05,0.0
78,WorkloadAwareThreshold,0,NOOP,0.149294,0.497855,0.423285,0,36,196.53762519931016,102.2796630859375,5,0.883026123046875,282.568359375,7.065949331918724,1,0,27,0.92,0.6645,0.6,0.2,0.15,0.05,0.0,31,161.39507610268836,107.95855522155762,6,0.7502187093098959,288.083984375,21.75796197900385,1,1,28,0.92,0.6645,0.6,0.2,0.15,0.05,0.0
79,WorkloadAwareThreshold,0,NOOP,0.130577,0.401692,0.353542,0,31,161.39507610268836,107.95855522155762,6,0.7502187093098959,288.083984375,21.75796197900385,1,1,28,0.92,0.6645,0.6,0.2,0.15,0.05,0.0,41,210.23591847612806,110.50057411193848,7,0.6572592599051339,294.4521484375,25.34315181095884,1,2,29,0.75,0.6559999999999999,0.55,0.2,0.2,0.05,0.0
80,WorkloadAwareThreshold,0,NOOP,0.116578,0.498892,0.390531,0,41,210.23591847612806,110.50057411193848,7,0.6572592599051339,294.4521484375,25.34315181095884,1,2,29,0.75,0.6559999999999999,0.55,0.2,0.2,0.05,0.0,43,243.93008120404883,112.34354972839355,8,0.587890625,301.0,26.61205714003892,1,3,30,0.92,0.6645000000000001,0.6,0.2,0.15,0.05,0.0
81,WorkloadAwareThreshold,0,NOOP,0.105604,0.507757,0.378702,0,43,243.93008120404883,112.34354972839355,8,0.587890625,301.0,26.61205714003892,1,3,30,0.92,0.6645000000000001,0.6,0.2,0.15,0.05,0.0,41,231.72981502468,156.3708782196045,9,0.5336473253038194,307.380859375,26.98411838890766,1,4,31,0.92,0.7104999999999999,0.65,0.2,0.15,0.0,0.0
82,WorkloadAwareThreshold,0,NOOP,0.096851,0.507235,0.370512,0,41,231.72981502468,156.3708782196045,9,0.5336473253038194,307.380859375,26.98411838890766,1,4,31,0.92,0.7104999999999999,0.65,0.2,0.15,0.0,0.0,43,176.63271418134238,129.4693946838379,10,0.49050445556640626,313.9228515625,26.897528699790684,1,5,32,0.92,0.7565,0.7,0.15,0.15,0.0,0.0
83,WorkloadAwareThreshold,0,NOOP,0.08966,0.401726,0.312105,0,43,176.63271418134238,129.4693946838379,10,0.49050445556640626,313.9228515625,26.897528699790684,1,5,32,0.92,0.7565,0.7,0.15,0.15,0.0,0.0,43,239.79241886376025,141.52884483337402,11,0.4551766135475852,320.4443359375,26.596273710369232,1,6,33,0.75,0.7565000000000001,0.7,0.15,0.15,0.0,0.0
84,WorkloadAwareThreshold,0,NOOP,0.083474,0.494822,0.357223,0,43,239.79241886376025,141.52884483337402,11,0.4551766135475852,320.4443359375,26.596273710369232,1,6,33,0.75,0.7565000000000001,0.7,0.15,0.15,0.0,0.0,35,195.96176359478807,127.53772735595703,12,0.4248708089192708,326.30078125,26.23355504710786,1,7,34,0.92,0.7565000000000001,0.7,0.15,0.15,0.0,0.0
85,WorkloadAwareThreshold,0,NOOP,0.078487,0.505792,0.352013,0,35,195.96176359478807,127.53772735595703,12,0.4248708089192708,326.30078125,26.23355504710786,1,7,34,0.92,0.7565000000000001,0.7,0.15,0.15,0.0,0.0,47,255.495345199198,139.97268676757812,13,0.40056081918569714,333.2666015625,25.7355343510882,1,8,35,0.92,0.8025,0.75,0.1,0.15,0.0,0.0
86,WorkloadAwareThreshold,0,NOOP,0.07424,-0.023757,0.071757,0,47,255.495345199198,139.97268676757812,13,0.40056081918569714,333.2666015625,25.7355343510882,1,8,35,0.92,0.8025,0.75,0.1,0.15,0.0,0.0,50,279.86318791377585,141.61229133605957,14,0.37994820731026785,340.43359375,25.21377631785208,1,9,36,0.0,0.7565,0.7,0.15,0.15,0.0,0.0
87,WorkloadAwareThreshold,0,NOOP,0.070351,0.493316,0.342792,0,50,279.86318791377585,141.61229133605957,14,0.37994820731026785,340.43359375,25.21377631785208,1,9,36,0.0,0.7565,0.7,0.15,0.15,0.0,0.0,40,220.48101222571646,196.67625427246094,15,0.3611297607421875,346.6845703125,24.740309146033777,1,10,37,0.92,0.7565,0.7,0.15,0.15,0.0,0.0
88,WorkloadAwareThreshold,2,COMPACT_64KB,0.190216,0.442847,0.442476,0,40,220.48101222571646,196.67625427246094,15,0.3611297607421875,346.6845703125,24.740309146033777,1,10,37,0.92,0.7565,0.7,0.15,0.15,0.0,0.0,45,154.6059198643518,114.93992805480957,6,0.8468755086263021,325.2001953125,9.741779684929119,1,0,38,0.92,0.7565,0.7,0.15,0.15,0.0,0.0
89,WorkloadAwareThreshold,0,NOOP,0.146907,0.494614,0.42083,0,45,154.6059198643518,114.93992805480957,6,0.8468755086263021,325.2001953125,9.741779684929119,1,0,38,0.92,0.7565,0.7,0.15,0.15,0.0,0.0,35,192.3617013191395,112.59961128234863,7,0.7389090401785714,331.03125,20.32997295692269,1,1,39,0.92,0.7649999999999999,0.75,0.15,0.1,0.0,0.0
90,WorkloadAwareThreshold,0,NOOP,0.130437,-0.013821,0.129046,0,35,192.3617013191395,112.59961128234863,7,0.7389090401785714,331.03125,20.32997295692269,1,1,39,0.92,0.7649999999999999,0.75,0.15,0.1,0.0,0.0,31,174.28992866123875,79.52666282653809,8,0.6571846008300781,336.478515625,23.939872585701476,1,2,40,0.0,0.7649999999999999,0.75,0.1,0.1,0.0,0.05
91,WorkloadAwareThreshold,0,NOOP,0.117943,-0.025733,0.11633,0,31,174.28992866123875,79.52666282653809,8,0.6571846008300781,336.478515625,23.939872585701476,1,2,40,0.0,0.7649999999999999,0.75,0.1,0.1,0.0,0.05,42,232.72874853356163,91.94302558898926,9,0.5953420003255209,342.9169921875,25.346882387841426,1,3,41,0.0,0.719,0.7,0.15,0.1,0.0,0.05
92,WorkloadAwareThreshold,0,NOOP,0.107599,0.491478,0.381323,0,42,232.72874853356163,91.94302558898926,9,0.5953420003255209,342.9169921875,25.346882387841426,1,3,41,0.0,0.719,0.7,0.15,0.1,0.0,0.05,30,172.2985579839435,126.34015083312988,10,0.5442474365234375,348.318359375,26.038661918937784,1,4,42,0.92,0.719,0.7,0.15,0.1,0.0,0.05
93,WorkloadAwareThreshold,0,NOOP,0.099409,0.491081,0.372333,0,30,172.2985579839435,126.34015083312988,10,0.5442474365234375,348.318359375,26.038661918937784,1,4,42,0.92,0.719,0.7,0.15,0.1,0.0,0.05,42,233.9064139419087,167.53315925598145,11,0.5039201216264204,354.759765625,26.143545095344482,1,5,43,0.92,0.719,0.7,0.15,0.1,0.0,0.05
94,WorkloadAwareThreshold,0,NOOP,0.092672,0.490657,0.365551,0,42,233.9064139419087,167.53315925598145,11,0.5039201216264204,354.759765625,26.143545095344482,1,5,43,0.92,0.719,0.7,0.15,0.1,0.0,0.05,46,216.18791311606748,171.06914520263672,12,0.4708607991536458,361.62109375,25.982091903029346,1,6,44,0.92,0.719,0.7,0.15,0.1,0.0,0.05
95,WorkloadAwareThreshold,0,NOOP,0.086639,0.501868,0.360225,0,46,216.18791311606748,171.06914520263672,12,0.4708607991536458,361.62109375,25.982091903029346,1,6,44,0.92,0.719,0.7,0.15,0.1,0.0,0.05,32,165.1749897548423,136.96551322937012,13,0.44132056603064906,367.1787109375,25.793000934596616,1,7,45,0.92,0.7649999999999999,0.75,0.1,0.1,0.0,0.05
96,WorkloadAwareThreshold,0,NOOP,0.08147,0.490074,0.354747,0,32,165.1749897548423,136.96551322937012,13,0.44132056603064906,367.1787109375,25.793000934596616,1,7,45,0.92,0.7649999999999999,0.75,0.1,0.1,0.0,0.05,33,176.31746614081752,153.62310409545898,14,0.41609954833984375,372.8251953125,25.506471738293136,1,8,46,0.92,0.7649999999999999,0.75,0.1,0.1,0.0,0.05
97,WorkloadAwareThreshold,0,NOOP,0.077096,-0.027766,0.075717,0,33,176.31746614081752,153.62310409545898,14,0.41609954833984375,372.8251953125,25.506471738293136,1,8,46,0.92,0.7649999999999999,0.75,0.1,0.1,0.0,0.05,39,213.51661700036416,87.69583702087402,15,0.39485575358072916,379.0615234375,25.136385830025898,1,9,47,0.0,0.719,0.7,0.1,0.1,0.0,0.1
98,WorkloadAwareThreshold,0,NOOP,0.073382,0.489333,0.346973,0,39,213.51661700036416,87.69583702087402,15,0.39485575358072916,379.0615234375,25.136385830025898,1,9,47,0.0,0.719,0.7,0.1,0.1,0.0,0.1,47,260.38845549288703,140.43402671813965,16,0.3769083023071289,385.9541015625,24.714878785701554,1,10,48,0.92,0.719,0.7,0.1,0.1,0.0,0.1
99,WorkloadAwareThreshold,2,COMPACT_64KB,0.182992,0.441149,0.434427,0,47,260.38845549288703,140.43402671813965,16,0.3769083023071289,385.9541015625,24.714878785701554,1,10,48,0.92,0.719,0.7,0.1,0.1,0.0,0.1,37,207.70828883089072,157.43327140808105,7,0.8113795689174107,363.498046875,10.775976597562872,1,0,49,0.92,0.7274999999999999,0.75,0.1,0.05,0.0,0.1
100,WorkloadAwareThreshold,0,NOOP,0.143527,0.488672,0.416971,0,37,207.70828883089072,157.43327140808105,7,0.8113795689174107,363.498046875,10.775976597562872,1,0,49,0.92,0.7274999999999999,0.75,0.1,0.05,0.0,0.1,43,176.19063026310133,137.77685165405273,8,0.7226333618164062,369.98828125,18.910579080380067,1,1,50,0.92,0.7274999999999999,0.75,0.1,0.05,0.0,0.1
101,WorkloadAwareThreshold,0,NOOP,0.130667,-0.02944,0.128341,0,43,176.19063026310133,137.77685165405273,8,0.7226333618164062,369.98828125,18.910579080380067,1,1,50,0.92,0.7274999999999999,0.75,0.1,0.05,0.0,0.1,77,397.31296748287537,127.52008438110352,9,0.6589592827690972,379.560546875,21.50278407252561,1,2,51,0.0,0.6815,0.7,0.1,0.05,0.05,0.1
102,WorkloadAwareThreshold,0,NOOP,0.119973,-0.029924,0.118722,0,77,397.31296748287537,127.52008438110352,9,0.6589592827690972,379.560546875,21.50278407252561,1,2,51,0.0,0.6815,0.7,0.1,0.05,0.05,0.1,63,339.4753366282065,75.02961158752441,10,0.6061141967773438,387.9130859375,22.92117651311656,1,3,52,0.0,0.6355000000000001,0.65,0.1,0.05,0.05,0.15
103,WorkloadAwareThreshold,0,NOOP,0.111337,0.489188,0.384913,0,63,339.4753366282065,75.02961158752441,10,0.6061141967773438,387.9130859375,22.92117651311656,1,3,52,0.0,0.6355000000000001,0.65,0.1,0.05,0.05,0.15,69,373.69211043149164,134.95445251464844,11,0.5635597922585227,396.74609375,23.546405013928947,1,4,53,0.92,0.644,0.7,0.1,0.0,0.05,0.15
104,WorkloadAwareThreshold,0,NOOP,0.104497,0.486446,0.378226,0,69,373.69211043149164,134.95445251464844,11,0.5635597922585227,396.74609375,23.546405013928947,1,4,53,0.92,0.644,0.7,0.1,0.0,0.05,0.15,86,467.42578868594455,128.57913970947266,12,0.5299873352050781,407.0302734375,23.652270004149475,1,5,54,0.92,0.644,0.7,0.1,0.0,0.05,0.15
105,WorkloadAwareThreshold,0,NOOP,0.098525,0.485907,0.372147,0,86,467.42578868594455,128.57913970947266,12,0.5299873352050781,407.0302734375,23.652270004149475,1,5,54,0.92,0.644,0.7,0.1,0.0,0.05,0.15,78,431.5810669621656,135.1640224456787,13,0.5007500281700721,416.6240234375,23.628969124320985,1,6,55,0.92,0.644,0.7,0.1,0.0,0.05,0.15
106,WorkloadAwareThreshold,0,NOOP,0.093737,-0.020731,0.092344,0,78,431.5810669621656,135.1640224456787,13,0.5007500281700721,416.6240234375,23.628969124320985,1,6,55,0.92,0.644,0.7,0.1,0.0,0.05,0.15,96,535.7565384001277,87.13054656982422,14,0.47743334089006695,427.7802734375,23.378536151359448,1,7,56,0.0,0.644,0.7,0.05,0.0,0.05,0.2
107,WorkloadAwareThreshold,0,NOOP,0.089591,-0.032842,0.086347,0,96,535.7565384001277,87.13054656982422,14,0.47743334089006695,427.7802734375,23.378536151359448,1,7,56,0.0,0.644,0.7,0.05,0.0,0.05,0.2,96,533.6639474517798,180.98998069763184,15,0.45733235677083334,439.0390625,23.07251713198213,1,8,57,0.0,0.5980000000000001,0.65,0.05,0.0,0.1,0.2
108,WorkloadAwareThreshold,0,NOOP,0.08591,-0.033416,0.0833,0,96,533.6639474517798,180.98998069763184,15,0.45733235677083334,439.0390625,23.07251713198213,1,8,57,0.0,0.5980000000000001,0.65,0.05,0.0,0.1,0.2,94,394.8090176353191,150.47478675842285,16,0.4395475387573242,450.0966796875,22.750399210068206,1,9,58,0.0,0.552,0.6,0.1,0.0,0.1,0.2
109,WorkloadAwareThreshold,0,NOOP,0.082316,-0.033852,0.080322,0,94,394.8090176353191,150.47478675842285,16,0.4395475387573242,450.0966796875,22.750399210068206,1,9,58,0.0,0.552,0.6,0.1,0.0,0.1,0.2,74,390.1962632096369,120.96047401428223,17,0.42220530790441174,459.359375,22.498308904837003,1,10,59,0.0,0.506,0.55,0.1,0.0,0.15,0.2
110,WorkloadAwareThreshold,2,COMPACT_64KB,0.5294,0.444776,0.444002,0,74,390.1962632096369,120.96047401428223,17,0.42220530790441174,459.359375,22.498308904837003,1,10,59,0.0,0.506,0.55,0.1,0.0,0.15,0.2,65,357.63024334829197,125.34570693969727,8,0.8565464019775391,438.5517578125,5.960058737816954,1,0,60,0.92,0.552,0.6,0.1,0.0,0.15,0.15
111,WorkloadAwareThreshold,0,NOOP,0.153735,0.494481,0.426668,0,65,357.63024334829197,125.34570693969727,8,0.8565464019775391,438.5517578125,5.960058737816954,1,0,60,0.92,0.552,0.6,0.1,0.0,0.15,0.15,53,281.74237147217025,164.6101474761963,9,0.7743004692925347,445.9970703125,16.746480601294788,1,1,61,0.92,0.5980000000000001,0.65,0.05,0.0,0.15,0.15
112,WorkloadAwareThreshold,0,NOOP,0.140553,0.38705,0.362548,0,53,281.74237147217025,164.6101474761963,9,0.7743004692925347,445.9970703125,16.746480601294788,1,1,61,0.92,0.5980000000000001,0.65,0.05,0.0,0.15,0.15,56,240.70093183073536,162.7793312072754,10,0.7090164184570312,453.7705078125,20.58776138310616,1,2,62,0.75,0.5895,0.6,0.05,0.05,0.15,0.15
113,WorkloadAwareThreshold,0,NOOP,0.130638,0.482182,0.404037,0,56,240.70093183073536,162.7793312072754,10,0.7090164184570312,453.7705078125,20.58776138310616,1,2,62,0.75,0.5895,0.6,0.05,0.05,0.15,0.15,93,485.0697218066711,143.79024505615234,11,0.6600633101029829,464.6845703125,22.123354909716348,1,3,63,0.92,0.5895,0.6,0.05,0.05,0.15,0.15
114,WorkloadAwareThreshold,0,NOOP,0.122177,0.481742,0.395769,0,93,485.0697218066711,143.79024505615234,11,0.6600633101029829,464.6845703125,22.123354909716348,1,3,63,0.92,0.5895,0.6,0.05,0.05,0.15,0.15,86,456.2826520066638,135.39981842041016,12,0.6183853149414062,474.919921875,23.028846490144545,1,4,64,0.92,0.5895,0.6,0.05,0.05,0.15,0.15
115,WorkloadAwareThreshold,0,NOOP,0.114743,0.481385,0.388302,0,86,456.2826520066638,135.39981842041016,12,0.6183853149414062,474.919921875,23.028846490144545,1,4,64,0.92,0.5895,0.6,0.05,0.05,0.15,0.15,72,396.62553355800776,138.31591606140137,13,0.5818399282602164,484.0908203125,23.60614263737338,1,5,65,0.92,0.5895,0.6,0.05,0.05,0.15,0.15
116,WorkloadAwareThreshold,0,NOOP,0.108113,0.48109,0.381541,0,72,396.62553355800776,138.31591606140137,13,0.5818399282602164,484.0908203125,23.60614263737338,1,5,65,0.92,0.5895,0.6,0.05,0.05,0.15,0.15,61,343.54797404717914,146.07787132263184,14,0.5493142264229911,492.185546875,23.980200703335708,1,6,66,0.92,0.5894999999999999,0.6,0.05,0.05,0.15,0.15
117,WorkloadAwareThreshold,0,NOOP,0.102733,0.492209,0.376276,0,61,343.54797404717914,146.07787132263184,14,0.5493142264229911,492.185546875,23.980200703335708,1,6,66,0.92,0.5894999999999999,0.6,0.05,0.05,0.15,0.15,81,441.8772171013185,141.5870189666748,15,0.523040771484375,502.119140625,24.00805518949064,1,7,67,0.92,0.6355,0.65,0.05,0.05,0.15,0.1
118,WorkloadAwareThreshold,0,NOOP,0.097817,0.384769,0.317303,0,81,441.8772171013185,141.5870189666748,15,0.523040771484375,502.119140625,24.00805518949064,1,7,67,0.92,0.6355,0.65,0.05,0.05,0.15,0.1,69,319.93413097526707,295.6681251525879,16,0.4990835189819336,511.0615234375,23.99115080204854,1,8,68,0.75,0.627,0.6,0.05,0.1,0.15,0.1
119,WorkloadAwareThreshold,0,NOOP,0.093499,-0.037427,0.091905,0,69,319.93413097526707,295.6681251525879,16,0.4990835189819336,511.0615234375,23.99115080204854,1,8,68,0.75,0.627,0.6,0.05,0.1,0.15,0.1,72,367.6826427283453,100.9058952331543,17,0.4781179989085478,520.1923828125,23.879045546813444,1,9,69,0.0,0.581,0.55,0.05,0.1,0.15,0.15
120,WorkloadAwareThreshold,0,NOOP,0.089679,0.384127,0.310894,0,72,367.6826427283453,100.9058952331543,17,0.4781179989085478,520.1923828125,23.879045546813444,1,9,69,0.0,0.581,0.55,0.05,0.1,0.15,0.15,74,373.49280398933354,211.7321491241455,18,0.4596438937717014,529.509765625,23.702952117048174,1,10,70,0.75,0.5725,0.5,0.05,0.15,0.15,0.15
121,WorkloadAwareThreshold,2,COMPACT_64KB,0.517347,0.441036,0.431919,0,74,373.49280398933354,211.7321491241455,18,0.4596438937717014,529.509765625,23.702952117048174,1,10,70,0.75,0.5725,0.5,0.05,0.15,0.15,0.15,51,264.76209478284653,129.32729721069336,10,0.797528076171875,510.41796875,13.646305507421111,1,0,71,0.92,0.6184999999999999,0.55,0.05,0.15,0.1,0.15
122,WorkloadAwareThreshold,0,NOOP,0.146613,0.395047,0.368925,0,51,264.76209478284653,129.32729721069336,10,0.797528076171875,510.41796875,13.646305507421111,1,0,71,0.92,0.6184999999999999,0.55,0.05,0.15,0.1,0.15,88,456.48392654182885,148.1630802154541,11,0.7399402965198864,520.91796875,17.805085250293192,1,1,72,0.75,0.6559999999999999,0.55,0.05,0.2,0.1,0.1
123,WorkloadAwareThreshold,0,NOOP,0.13637,0.47891,0.410029,0,88,456.48392654182885,148.1630802154541,11,0.7399402965198864,520.91796875,17.805085250293192,1,1,72,0.75,0.6559999999999999,0.55,0.05,0.2,0.1,0.1,65,339.25208431845897,132.05289840698242,12,0.6893513997395834,529.421875,20.346807014273388,1,2,73,0.92,0.6559999999999999,0.55,0.05,0.2,0.1,0.1
124,WorkloadAwareThreshold,0,NOOP,0.128073,0.478588,0.400234,0,65,339.25208431845897,132.05289840698242,12,0.6893513997395834,529.421875,20.346807014273388,1,2,73,0.92,0.6559999999999999,0.55,0.05,0.2,0.1,0.1,82,457.0263944348843,208.19759368896484,13,0.6484914926382211,539.544921875,21.642375479971474,1,3,74,0.92,0.6559999999999999,0.55,0.05,0.2,0.1,0.1
125,WorkloadAwareThreshold,0,NOOP,0.120526,-0.03915,0.118108,0,82,457.0263944348843,208.19759368896484,13,0.6484914926382211,539.544921875,21.642375479971474,1,3,74,0.92,0.6559999999999999,0.55,0.05,0.2,0.1,0.1,62,261.43533104317027,138.4143829345703,14,0.6113793509347099,547.7958984375,22.612889157889654,1,4,75,0.0,0.61,0.5,0.1,0.2,0.1,0.1
126,WorkloadAwareThreshold,0,NOOP,0.114208,-0.02793,0.111994,0,62,261.43533104317027,138.4143829345703,14,0.6113793509347099,547.7958984375,22.612889157889654,1,4,75,0.0,0.61,0.5,0.1,0.2,0.1,0.1,75,389.21198173787167,129.43100929260254,15,0.580413818359375,557.197265625,23.10261652736086,1,5,76,0.0,0.61,0.5,0.1,0.2,0.15,0.05
127,WorkloadAwareThreshold,0,NOOP,0.108343,0.393736,0.330002,0,75,389.21198173787167,129.43100929260254,15,0.580413818359375,557.197265625,23.10261652736086,1,5,76,0.0,0.61,0.5,0.1,0.2,0.15,0.05,57,306.61296602670154,187.07561492919922,16,0.5517158508300781,564.95703125,23.4972877898775,1,6,77,0.75,0.6475,0.5,0.1,0.25,0.1,0.05
128,WorkloadAwareThreshold,0,NOOP,0.103736,0.489036,0.376881,0,57,306.61296602670154,187.07561492919922,16,0.5517158508300781,564.95703125,23.4972877898775,1,6,77,0.75,0.6475,0.5,0.1,0.25,0.1,0.05,91,457.1963235672849,163.98286819458008,17,0.5293040556066176,575.8828125,23.50723787486564,1,7,78,0.92,0.6935,0.55,0.05,0.25,0.1,0.05
129,WorkloadAwareThreshold,0,NOOP,0.099092,0.488837,0.372412,0,91,457.1963235672849,163.98286819458008,17,0.5293040556066176,575.8828125,23.50723787486564,1,7,78,0.92,0.6935,0.55,0.05,0.25,0.1,0.05,57,313.659473139398,156.50296211242676,18,0.5067087809244791,583.728515625,23.616233664348037,1,8,79,0.92,0.7394999999999999,0.6,0.05,0.25,0.05,0.05
130,WorkloadAwareThreshold,0,NOOP,0.095441,0.477017,0.368841,0,57,313.659473139398,156.50296211242676,18,0.5067087809244791,583.728515625,23.616233664348037,1,8,79,0.92,0.7394999999999999,0.6,0.05,0.25,0.05,0.05,94,505.33135437894924,153.75161170959473,19,0.48908032869037826,594.7216796875,23.471822570441844,1,9,80,0.92,0.7394999999999999,0.6,0.05,0.25,0.05,0.05
131,WorkloadAwareThreshold,0,NOOP,0.091742,0.476805,0.363856,0,94,505.33135437894924,153.75161170959473,19,0.48908032869037826,594.7216796875,23.471822570441844,1,9,80,0.92,0.7394999999999999,0.6,0.05,0.25,0.05,0.05,64,341.0232853583892,219.29264068603516,20,0.47121124267578124,603.150390625,23.41127353456887,1,10,81,0.92,0.7394999999999999,0.6,0.05,0.25,0.05,0.05
132,WorkloadAwareThreshold,2,COMPACT_64KB,0.522838,0.428748,0.436973,0,64,341.0232853583892,219.29264068603516,20,0.47121124267578124,603.150390625,23.41127353456887,1,10,81,0.92,0.7394999999999999,0.6,0.05,0.25,0.05,0.05,56,219.42167022434384,152.4336338043213,11,0.8256100741299716,581.2294921875,9.360809509881436,1,0,82,0.92,0.748,0.65,0.05,0.2,0.05,0.05
133,WorkloadAwareThreshold,0,NOOP,0.152614,0.476346,0.426191,0,56,219.42167022434384,152.4336338043213,11,0.8256100741299716,581.2294921875,9.360809509881436,1,0,82,0.92,0.748,0.65,0.05,0.2,0.05,0.05,87,442.2424874836843,136.14511489868164,12,0.7705701192220052,591.7978515625,15.118193389329317,1,1,83,0.92,0.748,0.65,0.05,0.2,0.05,0.05
134,WorkloadAwareThreshold,0,NOOP,0.143262,0.476058,0.416756,0,87,442.2424874836843,136.14511489868164,12,0.7705701192220052,591.7978515625,15.118193389329317,1,1,83,0.92,0.748,0.65,0.05,0.2,0.05,0.05,93,490.96815575235496,141.5419578552246,13,0.7244333120492789,602.728515625,17.968224216963726,1,2,84,0.92,0.748,0.65,0.05,0.2,0.05,0.05
135,WorkloadAwareThreshold,0,NOOP,0.134563,0.475882,0.408009,0,93,490.96815575235496,141.5419578552246,13,0.7244333120492789,602.728515625,17.968224216963726,1,2,84,0.92,0.748,0.65,0.05,0.2,0.05,0.05,58,291.30982685677816,145.18070220947266,14,0.681565420968192,610.6826171875,20.084831888156675,1,3,85,0.92,0.748,0.65,0.05,0.2,0.05,0.05
136,WorkloadAwareThreshold,0,NOOP,0.127707,-0.041904,0.125663,0,58,291.30982685677816,145.18070220947266,14,0.681565420968192,610.6826171875,20.084831888156675,1,3,85,0.92,0.748,0.65,0.05,0.2,0.05,0.05,97,478.1125548654731,120.94759941101074,15,0.6479075113932292,621.9912109375,21.075786015921025,1,4,86,0.0,0.702,0.6,0.05,0.2,0.1,0.05
137,WorkloadAwareThreshold,0,NOOP,0.121498,0.475351,0.394908,0,97,478.1125548654731,120.94759941101074,15,0.6479075113932292,621.9912109375,21.075786015921025,1,4,86,0.0,0.702,0.6,0.05,0.2,0.1,0.05,85,459.4163802690398,149.45507049560547,16,0.617487907409668,632.3076171875,21.79954268334187,1,5,87,0.92,0.702,0.6,0.05,0.2,0.1,0.05
138,WorkloadAwareThreshold,0,NOOP,0.115617,0.381676,0.335,0,85,459.4163802690398,149.45507049560547,16,0.617487907409668,632.3076171875,21.79954268334187,1,5,87,0.92,0.702,0.6,0.05,0.2,0.1,0.05,62,308.84717194462655,302.11353302001953,17,0.5887110093060661,640.517578125,22.431713119155628,1,6,88,0.75,0.702,0.6,0.05,0.2,0.1,0.05
139,WorkloadAwareThreshold,0,NOOP,0.110852,-0.031082,0.107969,0,62,308.84717194462655,302.11353302001953,17,0.5887110093060661,640.517578125,22.431713119155628,1,6,88,0.75,0.702,0.6,0.05,0.2,0.1,0.05,94,405.9828654277053,166.6128635406494,18,0.5655076768663194,651.46484375,22.655630349469313,1,7,89,0.0,0.702,0.6,0.1,0.2,0.1,0.0
140,WorkloadAwareThreshold,0,NOOP,0.106399,0.476825,0.379542,0,94,405.9828654277053,166.6128635406494,18,0.5655076768663194,651.46484375,22.655630349469313,1,7,89,0.0,0.702,0.6,0.1,0.2,0.1,0.0,81,410.3663694858381,166.58997535705566,19,0.543871427837171,661.34765625,22.829667143388853,1,8,90,0.92,0.7104999999999999,0.65,0.1,0.15,0.1,0.0
141,WorkloadAwareThreshold,0,NOOP,0.102182,0.474522,0.375454,0,81,410.3663694858381,166.58997535705566,19,0.543871427837171,661.34765625,22.829667143388853,1,8,90,0.92,0.7104999999999999,0.65,0.1,0.15,0.1,0.0,68,343.64794278250895,161.40079498291016,20,0.5234107971191406,669.9658203125,22.97949588191714,1,9,91,0.92,0.7104999999999999,0.65,0.1,0.15,0.1,0.0
142,WorkloadAwareThreshold,0,NOOP,0.098347,0.476479,0.37098,0,68,343.64794278250895,161.40079498291016,20,0.5234107971191406,669.9658203125,22.97949588191714,1,9,91,0.92,0.7104999999999999,0.65,0.1,0.15,0.1,0.0,65,350.26268118269485,194.61417198181152,21,0.5048602876209077,678.5322265625,23.048954770390853,1,10,92,0.92,0.7190000000000001,0.7,0.1,0.1,0.1,0.0
143,WorkloadAwareThreshold,2,COMPACT_64KB,0.529489,0.424112,0.443997,0,65,350.26268118269485,194.61417198181152,21,0.5048602876209077,678.5322265625,23.048954770390853,1,10,92,0.92,0.7190000000000001,0.7,0.1,0.1,0.1,0.0,96,496.564444959661,135.08915901184082,12,0.8594919840494791,660.08984375,5.422450739202705,1,0,93,0.92,0.719,0.7,0.1,0.1,0.1,0.0
144,WorkloadAwareThreshold,0,NOOP,0.15932,0.473925,0.431796,0,96,496.564444959661,135.08915901184082,12,0.8594919840494791,660.08984375,5.422450739202705,1,0,93,0.92,0.719,0.7,0.1,0.1,0.1,0.0,76,408.97778872603357,192.42143630981445,13,0.8047238863431491,669.5302734375,13.662813447126458,1,1,94,0.92,0.719,0.7,0.1,0.1,0.1,0.0
145,WorkloadAwareThreshold,0,NOOP,0.149831,-0.032259,0.147734,0,76,408.97778872603357,192.42143630981445,13,0.8047238863431491,669.5302734375,13.662813447126458,1,1,94,0.92,0.719,0.7,0.1,0.1,0.1,0.0,76,329.97093720174814,122.33781814575195,14,0.7579051426478794,679.0830078125,17.262989254728954,1,2,95,0.0,0.719,0.7,0.05,0.1,0.15,0.0
146,WorkloadAwareThreshold,0,NOOP,0.141432,0.48508,0.414779,0,76,329.97093720174814,122.33781814575195,14,0.7579051426478794,679.0830078125,17.262989254728954,1,2,95,0.0,0.719,0.7,0.05,0.1,0.15,0.0,68,343.0465461727112,151.39126777648926,15,0.716534423828125,687.873046875,19.541778510605685,1,3,96,0.92,0.7649999999999999,0.75,0.05,0.1,0.1,0.0
147,WorkloadAwareThreshold,0,NOOP,0.134109,0.475543,0.40696,0,68,343.0465461727112,151.39126777648926,15,0.716534423828125,687.873046875,19.541778510605685,1,3,96,0.92,0.7649999999999999,0.75,0.05,0.1,0.1,0.0,70,338.9645693517793,177.43802070617676,16,0.6805458068847656,696.87890625,21.00722064812063,1,4,97,0.92,0.7735000000000001,0.8,0.05,0.05,0.1,0.0
148,WorkloadAwareThreshold,0,NOOP,0.128093,0.473193,0.401408,0,70,338.9645693517793,177.43802070617676,16,0.6805458068847656,696.87890625,21.00722064812063,1,4,97,0.92,0.7735000000000001,0.8,0.05,0.05,0.1,0.0,99,482.0781613892675,155.5025577545166,17,0.6510907341452206,708.38671875,21.774633781609683,1,5,98,0.92,0.7735000000000001,0.8,0.05,0.05,0.1,0.0
149,WorkloadAwareThreshold,0,NOOP,0.122647,0.472982,0.394698,0,99,482.0781613892675,155.5025577545166,17,0.6510907341452206,708.38671875,21.774633781609683,1,5,98,0.92,0.7735000000000001,0.8,0.05,0.05,0.1,0.0,95,487.60472652158165,219.93541717529297,18,0.6244845920138888,719.40625,22.32566861642349,1,6,99,0.92,0.7735,0.8,0.05,0.05,0.1,0.0
150,WorkloadAwareThreshold,0,NOOP,0.11761,-0.044699,0.115211,0,95,487.60472652158165,219.93541717529297,18,0.6244845920138888,719.40625,22.32566861642349,1,6,99,0.92,0.7735,0.8,0.05,0.05,0.1,0.0,84,339.6786949731012,143.68057250976562,19,0.599923384817023,729.5068359375,22.75284977372472,1,7,100,0.0,0.7274999999999999,0.75,0.1,0.05,0.1,0.0
151,WorkloadAwareThreshold,0,NOOP,0.112764,-0.044829,0.110845,0,84,339.6786949731012,143.68057250976562,19,0.599923384817023,729.5068359375,22.75284977372472,1,7,100,0.0,0.7274999999999999,0.75,0.1,0.05,0.1,0.0,61,316.2597346089902,120.98836898803711,20,0.5763221740722656,737.6923828125,23.153316418517647,1,8,101,0.0,0.6815,0.7,0.1,0.05,0.1,0.05
152,WorkloadAwareThreshold,0,NOOP,0.108232,0.472564,0.381166,0,61,316.2597346089902,120.98836898803711,20,0.5763221740722656,737.6923828125,23.153316418517647,1,8,101,0.0,0.6815,0.7,0.1,0.05,0.1,0.05,51,255.47930876748356,179.50439453125,21,0.5542827787853423,744.9560546875,23.474523107255088,1,9,102,0.92,0.6815,0.7,0.1,0.05,0.1,0.05
153,WorkloadAwareThreshold,0,NOOP,0.104597,0.472379,0.377545,0,51,255.47930876748356,179.50439453125,21,0.5542827787853423,744.9560546875,23.474523107255088,1,9,102,0.92,0.6815,0.7,0.1,0.05,0.1,0.05,90,462.04648771710794,180.09257316589355,22,0.5367362282492898,755.724609375,23.50651860239317,1,10,103,0.92,0.6815,0.7,0.1,0.05,0.1,0.05
154,WorkloadAwareThreshold,2,COMPACT_64KB,0.522232,-0.095274,0.160972,0,90,462.04648771710794,180.09257316589355,22,0.5367362282492898,755.724609375,23.50651860239317,1,10,103,0.92,0.6815,0.7,0.1,0.05,0.1,0.05,76,392.2061337132761,125.93793869018555,14,0.8244530814034599,738.7099609375,10.140710859810918,1,0,104,0.0,0.6355000000000001,0.65,0.1,0.05,0.15,0.05
155,WorkloadAwareThreshold,0,NOOP,0.15384,0.472091,0.425471,0,76,392.2061337132761,125.93793869018555,14,0.8244530814034599,738.7099609375,10.140710859810918,1,0,104,0.0,0.6355000000000001,0.65,0.1,0.05,0.15,0.05,68,316.3167285519726,237.16020584106445,15,0.7785725911458333,747.4296875,14.994036178600368,1,1,105,0.92,0.6355,0.65,0.1,0.05,0.15,0.05
156,WorkloadAwareThreshold,0,NOOP,0.145499,0.483482,0.418758,0,68,316.3167285519726,237.16020584106445,15,0.7785725911458333,747.4296875,14.994036178600368,1,1,105,0.92,0.6355,0.65,0.1,0.05,0.15,0.05,56,227.76407979853516,157.05347061157227,16,0.7374935150146484,755.193359375,17.900402881752004,1,2,106,0.92,0.6815,0.7,0.1,0.05,0.1,0.05
157,WorkloadAwareThreshold,0,NOOP,0.138093,0.471878,0.411107,0,56,227.76407979853516,157.05347061157227,16,0.7374935150146484,755.193359375,17.900402881752004,1,2,106,0.92,0.6815,0.7,0.1,0.05,0.1,0.05,54,270.21607988642194,170.58110237121582,17,0.7010910931755515,762.787109375,19.81589737582892,1,3,107,0.92,0.6815,0.7,0.1,0.05,0.1,0.05
158,WorkloadAwareThreshold,0,NOOP,0.132105,0.473827,0.405254,0,54,270.21607988642194,170.58110237121582,17,0.7010910931755515,762.787109375,19.81589737582892,1,3,107,0.92,0.6815,0.7,0.1,0.05,0.1,0.05,93,456.8246940704297,165.04406929016113,18,0.6717732747395834,773.8828125,20.807290162843284,1,4,108,0.92,0.6900000000000001,0.75,0.1,0.0,0.1,0.05
159,WorkloadAwareThreshold,0,NOOP,0.126152,-0.034401,0.123981,0,93,456.8246940704297,165.04406929016113,18,0.6717732747395834,773.8828125,20.807290162843284,1,4,108,0.92,0.6900000000000001,0.75,0.1,0.0,0.1,0.05,55,276.68339816037525,132.28726387023926,19,0.6426343415912829,781.443359375,21.793795414317174,1,5,109,0.0,0.6900000000000001,0.75,0.1,0.0,0.1,0.05
160,WorkloadAwareThreshold,0,NOOP,0.121283,0.471431,0.394462,0,55,276.68339816037525,132.28726387023926,19,0.6426343415912829,781.443359375,21.793795414317174,1,5,109,0.0,0.6900000000000001,0.75,0.1,0.0,0.1,0.05,92,485.23270111249576,166.03422164916992,20,0.6189155578613281,792.2119140625,22.27235357847853,1,6,110,0.92,0.6900000000000001,0.75,0.1,0.0,0.1,0.05
161,WorkloadAwareThreshold,0,NOOP,0.116798,0.471279,0.390031,0,92,485.23270111249576,166.03422164916992,20,0.6189155578613281,792.2119140625,22.27235357847853,1,6,110,0.92,0.6900000000000001,0.75,0.1,0.0,0.1,0.05,85,420.2461719809041,164.61682319641113,21,0.5971163795107887,802.5244140625,22.630289651186466,1,7,111,0.92,0.6900000000000001,0.75,0.1,0.0,0.1,0.05
162,WorkloadAwareThreshold,0,NOOP,0.11274,0.471123,0.384716,0,85,420.2461719809041,164.61682319641113,21,0.5971163795107887,802.5244140625,22.630289651186466,1,7,111,0.92,0.6900000000000001,0.75,0.1,0.0,0.1,0.05,89,415.2873256578472,228.69229316711426,22,0.5774487582120028,813.0478515625,22.860436766914983,1,8,112,0.92,0.6900000000000001,0.75,0.1,0.0,0.1,0.05
163,WorkloadAwareThreshold,0,NOOP,0.108769,-0.046492,0.105881,0,89,415.2873256578472,228.69229316711426,22,0.5774487582120028,813.0478515625,22.860436766914983,1,8,112,0.92,0.6900000000000001,0.75,0.1,0.0,0.1,0.05,67,331.8125676717608,173.16126823425293,23,0.5582189145295516,821.6982421875,23.101556797153822,1,9,113,0.0,0.644,0.7,0.15,0.0,0.1,0.05
164,WorkloadAwareThreshold,0,NOOP,0.104969,-0.046582,0.10219,0,67,331.8125676717608,173.16126823425293,23,0.5582189145295516,821.6982421875,23.101556797153822,1,9,113,0.0,0.644,0.7,0.15,0.0,0.1,0.05,53,257.2400580444035,168.94102096557617,24,0.5398438771565756,829.2001953125,23.316730548018697,1,10,114,0.0,0.5980000000000001,0.65,0.15,0.0,0.15,0.05
165,WorkloadAwareThreshold,2,COMPACT_64KB,0.52583,0.432292,0.440172,0,53,257.2400580444035,168.94102096557617,24,0.5398438771565756,829.2001953125,23.316730548018697,1,10,114,0.0,0.5980000000000001,0.65,0.15,0.0,0.15,0.05,75,365.76233624441454,147.1102237701416,15,0.8430694580078125,809.3466796875,6.890430145424924,1,0,115,0.92,0.644,0.7,0.15,0.0,0.1,0.05
166,WorkloadAwareThreshold,0,NOOP,0.158008,0.470659,0.430303,0,75,365.76233624441454,147.1102237701416,15,0.8430694580078125,809.3466796875,6.890430145424924,1,0,115,0.92,0.644,0.7,0.15,0.0,0.1,0.05,81,400.7963390939045,205.25002479553223,16,0.8000421524047852,819.2431640625,12.870230596733368,1,1,116,0.92,0.644,0.7,0.15,0.0,0.1,0.05
167,WorkloadAwareThreshold,0,NOOP,0.150458,-0.046988,0.14804,0,81,400.7963390939045,205.25002479553223,16,0.8000421524047852,819.2431640625,12.870230596733368,1,1,116,0.92,0.644,0.7,0.15,0.0,0.1,0.05,91,385.00580411270914,142.12489128112793,17,0.762913423426011,830.0498046875,15.851839982541103,1,2,117,0.0,0.5980000000000001,0.65,0.15,0.0,0.15,0.05
168,WorkloadAwareThreshold,0,NOOP,0.143178,0.470425,0.415928,0,91,385.00580411270914,142.12489128112793,17,0.762913423426011,830.0498046875,15.851839982541103,1,2,117,0.0,0.5980000000000001,0.65,0.15,0.0,0.15,0.05,55,272.23751523827167,185.01043319702148,18,0.7271397908528646,837.6650390625,18.18937104476783,1,3,118,0.92,0.5980000000000001,0.65,0.15,0.0,0.15,0.05
169,WorkloadAwareThreshold,0,NOOP,0.136611,0.374718,0.357255,0,55,272.23751523827167,185.01043319702148,18,0.7271397908528646,837.6650390625,18.18937104476783,1,3,118,0.92,0.5980000000000001,0.65,0.15,0.0,0.15,0.05,52,251.21754645024632,241.52851104736328,19,0.6949294240851152,845.0341796875,19.829661771838573,1,4,119,0.75,0.5895,0.6,0.15,0.05,0.15,0.05
170,WorkloadAwareThreshold,0,NOOP,0.131219,0.481703,0.404435,0,52,251.21754645024632,241.52851104736328,19,0.6949294240851152,845.0341796875,19.829661771838573,1,4,119,0.75,0.5895,0.6,0.15,0.05,0.15,0.05,91,459.10073998518106,164.20578956604004,20,0.6685951232910157,855.8017578125,20.720305912834238,1,5,120,0.92,0.6355000000000001,0.65,0.1,0.05,0.15,0.05
171,WorkloadAwareThreshold,0,NOOP,0.126367,-0.035937,0.124783,0,91,459.10073998518106,164.20578956604004,20,0.6685951232910157,855.8017578125,20.720305912834238,1,5,120,0.92,0.6355000000000001,0.65,0.1,0.05,0.15,0.05,92,440.78247817653875,105.46302795410156,21,0.6449599493117559,866.826171875,21.352163961180032,1,6,121,0.0,0.6355000000000001,0.65,0.1,0.05,0.15,0.05
172,WorkloadAwareThreshold,0,NOOP,0.121594,0.469966,0.394395,0,92,440.78247817653875,105.46302795410156,21,0.6449599493117559,866.826171875,21.352163961180032,1,6,121,0.0,0.6355000000000001,0.65,0.1,0.05,0.15,0.05,65,313.2821978380602,187.44325637817383,22,0.6217200539328835,875.3818359375,21.97438301638634,1,7,122,0.92,0.6355000000000001,0.65,0.1,0.05,0.15,0.05
173,WorkloadAwareThreshold,0,NOOP,0.117212,0.469871,0.389282,0,65,313.2821978380602,187.44325637817383,22,0.6217200539328835,875.3818359375,21.97438301638634,1,7,122,0.92,0.6355000000000001,0.65,0.1,0.05,0.15,0.05,65,276.14145083020776,225.2519130706787,23,0.6004340130349864,883.8388671875,22.441255255649533,1,8,123,0.92,0.6355,0.65,0.1,0.05,0.15,0.05
174,WorkloadAwareThreshold,0,NOOP,0.113528,0.385608,0.332868,0,65,276.14145083020776,225.2519130706787,23,0.6004340130349864,883.8388671875,22.441255255649533,1,8,123,0.92,0.6355,0.65,0.1,0.05,0.15,0.05,95,471.25394871139844,312.9880428314209,24,0.5826390584309896,894.93359375,22.64603360621578,1,9,124,0.75,0.673,0.65,0.1,0.1,0.1,0.05
175,WorkloadAwareThreshold,0,NOOP,0.11004,0.46961,0.382607,0,95,471.25394871139844,312.9880428314209,24,0.5826390584309896,894.93359375,22.64603360621578,1,9,124,0.75,0.673,0.65,0.1,0.1,0.1,0.05,87,439.4453686587385,202.8939723968506,25,0.565826416015625,905.322265625,22.81269990319582,1,10,125,0.92,0.6729999999999999,0.65,0.1,0.1,0.1,0.05
176,WorkloadAwareThreshold,2,COMPACT_64KB,0.529772,0.419521,0.443042,0,87,439.4453686587385,202.8939723968506,25,0.565826416015625,905.322265625,22.81269990319582,1,10,125,0.92,0.6729999999999999,0.65,0.1,0.1,0.1,0.05,64,305.09576286597564,201.92265510559082,16,0.8634042739868164,884.1259765625,4.224848737679987,1,0,126,0.92,0.6729999999999999,0.65,0.1,0.1,0.1,0.05
177,WorkloadAwareThreshold,0,NOOP,0.161716,0.469452,0.434551,0,64,305.09576286597564,201.92265510559082,16,0.8634042739868164,884.1259765625,4.224848737679987,1,0,126,0.92,0.6729999999999999,0.65,0.1,0.1,0.1,0.05,50,183.654289072092,179.49581146240234,17,0.8192057890050551,891.2958984375,12.35962368642686,1,1,127,0.92,0.6729999999999999,0.65,0.1,0.1,0.1,0.05
178,WorkloadAwareThreshold,0,NOOP,0.154319,0.373708,0.375376,0,50,183.654289072092,179.49581146240234,17,0.8192057890050551,891.2958984375,12.35962368642686,1,1,127,0.92,0.6729999999999999,0.65,0.1,0.1,0.1,0.05,87,427.10503565797836,219.66934204101562,18,0.7828462388780382,901.8388671875,15.532033309801673,1,2,128,0.75,0.6645,0.6,0.1,0.15,0.1,0.05
179,WorkloadAwareThreshold,0,NOOP,0.147296,-0.036748,0.144729,0,87,427.10503565797836,219.66934204101562,18,0.7828462388780382,901.8388671875,15.532033309801673,1,2,128,0.75,0.6645,0.6,0.1,0.15,0.1,0.05,61,298.6775248710627,152.09197998046875,19,0.7483552631578947,910.0,17.90036799296757,1,3,129,0.0,0.6645,0.6,0.1,0.15,0.1,0.05
180,WorkloadAwareThreshold,0,NOOP,0.141045,0.469163,0.413825,0,61,298.6775248710627,152.09197998046875,19,0.7483552631578947,910.0,17.90036799296757,1,3,129,0.0,0.6645,0.6,0.1,0.15,0.1,0.05,67,322.870821049342,185.99224090576172,20,0.7177253723144531,918.6884765625,19.504238999391614,1,4,130,0.92,0.6645,0.6,0.1,0.15,0.1,0.05
181,WorkloadAwareThreshold,0,NOOP,0.135368,0.469078,0.406738,0,67,322.870821049342,185.99224090576172,20,0.7177253723144531,918.6884765625,19.504238999391614,1,4,130,0.92,0.6645,0.6,0.1,0.15,0.1,0.05,65,264.48032766369846,257.7681541442871,21,0.6899646577380952,927.3125,20.68050840913832,1,5,131,0.92,0.6645,0.6,0.1,0.15,0.1,0.05
182,WorkloadAwareThreshold,0,NOOP,0.130083,0.469004,0.402947,0,65,264.48032766369846,257.7681541442871,21,0.6899646577380952,927.3125,20.68050840913832,1,5,131,0.92,0.6645,0.6,0.1,0.15,0.1,0.05,57,265.71453911941717,184.30018424987793,22,0.6641630692915483,935.1416015625,21.61728679475837,1,6,132,0.92,0.6645,0.6,0.1,0.15,0.1,0.05
183,WorkloadAwareThreshold,0,NOOP,0.125321,0.480423,0.397453,0,57,265.71453911941717,184.30018424987793,22,0.6641630692915483,935.1416015625,21.61728679475837,1,6,132,0.92,0.6645,0.6,0.1,0.15,0.1,0.05,64,327.76962450670106,222.12815284729004,23,0.6409779424252717,943.51953125,22.28693288978002,1,7,133,0.92,0.7104999999999999,0.65,0.05,0.15,0.1,0.05
184,WorkloadAwareThreshold,0,NOOP,0.121062,0.384705,0.338053,0,64,327.76962450670106,222.12815284729004,23,0.6409779424252717,943.51953125,22.28693288978002,1,7,133,0.92,0.7104999999999999,0.65,0.05,0.15,0.1,0.05,74,357.7577913380654,430.42588233947754,24,0.6203079223632812,952.79296875,22.740091514509743,1,8,134,0.75,0.748,0.65,0.05,0.2,0.05,0.05
185,WorkloadAwareThreshold,0,NOOP,0.117146,0.373112,0.336858,0,74,357.7577913380654,430.42588233947754,24,0.6203079223632812,952.79296875,22.740091514509743,1,8,134,0.75,0.748,0.65,0.05,0.2,0.05,0.05,75,306.8248586688931,295.61829566955566,25,0.601353759765625,962.166015625,23.072791147090122,1,9,135,0.75,0.7394999999999999,0.6,0.05,0.25,0.05,0.05
186,WorkloadAwareThreshold,0,NOOP,0.113446,-0.048845,0.111217,0,75,306.8248586688931,295.61829566955566,25,0.601353759765625,962.166015625,23.072791147090122,1,9,135,0.75,0.7394999999999999,0.6,0.05,0.25,0.05,0.05,67,322.13836371285475,143.934965133667,26,0.5834779005784255,970.9072265625,23.347161516299288,1,10,136,0.0,0.6935,0.55,0.05,0.25,0.05,0.1
187,WorkloadAwareThreshold,2,COMPACT_64KB,0.522109,0.430088,0.436274,0,67,322.13836371285475,143.934965133667,26,0.5834779005784255,970.9072265625,23.347161516299288,1,10,136,0.0,0.6935,0.55,0.05,0.25,0.05,0.1,55,262.48164684571515,159.70253944396973,18,0.8263397216796875,951.943359375,9.831594544164274,1,0,137,0.92,0.7394999999999999,0.6,0.05,0.25,0.0,0.1
188,WorkloadAwareThreshold,0,NOOP,0.15547,-0.04898,0.15213,0,55,262.48164684571515,159.70253944396973,18,0.8263397216796875,951.943359375,9.831594544164274,1,0,137,0.92,0.7394999999999999,0.6,0.05,0.25,0.0,0.1,57,247.09427862419088,190.7503604888916,19,0.7892231188322368,959.6953125,14.089139946545112,1,1,138,0.0,0.6935,0.55,0.05,0.25,0.05,0.1
189,WorkloadAwareThreshold,0,NOOP,0.148728,0.470573,0.421867,0,57,247.09427862419088,190.7503604888916,19,0.7892231188322368,959.6953125,14.089139946545112,1,1,138,0.0,0.6935,0.55,0.05,0.25,0.05,0.1,61,291.8845205201277,168.06602478027344,20,0.75614013671875,967.859375,16.66482516492017,1,2,139,0.92,0.702,0.6,0.05,0.2,0.05,0.1
190,WorkloadAwareThreshold,0,NOOP,0.142633,0.468374,0.415456,0,61,291.8845205201277,168.06602478027344,20,0.75614013671875,967.859375,16.66482516492017,1,2,139,0.92,0.702,0.6,0.05,0.2,0.05,0.1,63,325.61382201481916,185.09650230407715,21,0.7262907482328869,976.134765625,18.451819126055145,1,3,140,0.92,0.702,0.6,0.05,0.2,0.05,0.1
191,WorkloadAwareThreshold,0,NOOP,0.137156,-0.037705,0.134671,0,63,325.61382201481916,185.09650230407715,21,0.7262907482328869,976.134765625,18.451819126055145,1,3,140,0.92,0.702,0.6,0.05,0.2,0.05,0.1,69,312.91875229087987,151.74150466918945,22,0.6995287808504972,984.9365234375,19.717892005536992,1,4,141,0.0,0.702,0.6,0.05,0.2,0.1,0.05
192,WorkloadAwareThreshold,0,NOOP,0.132346,-0.049301,0.129051,0,69,312.91875229087987,151.74150466918945,22,0.6995287808504972,984.9365234375,19.717892005536992,1,4,141,0.0,0.702,0.6,0.05,0.2,0.1,0.05,84,416.83017367848186,193.47882270812988,23,0.6761043382727582,995.2255859375,20.56246842126495,1,5,142,0.0,0.6559999999999999,0.55,0.1,0.2,0.1,0.05
193,WorkloadAwareThreshold,0,NOOP,0.128058,0.372465,0.347914,0,84,416.83017367848186,193.47882270812988,23,0.6761043382727582,995.2255859375,20.56246842126495,1,5,142,0.0,0.6559999999999999,0.55,0.1,0.2,0.1,0.05,98,493.0089704116746,287.19377517700195,24,0.6552880605061849,1006.5224609375,21.14305270508155,1,6,143,0.75,0.6475,0.5,0.1,0.25,0.1,0.05
194,WorkloadAwareThreshold,0,NOOP,0.12369,0.470149,0.394763,0,98,493.0089704116746,287.19377517700195,24,0.6552880605061849,1006.5224609375,21.14305270508155,1,6,143,0.75,0.6475,0.5,0.1,0.25,0.1,0.05,59,215.11607181664397,277.5895595550537,25,0.634075927734375,1014.521484375,21.782512055388626,1,7,144,0.92,0.6559999999999999,0.55,0.1,0.2,0.1,0.05
195,WorkloadAwareThreshold,0,NOOP,0.119894,0.372309,0.33948,0,59,215.11607181664397,277.5895595550537,25,0.634075927734375,1014.521484375,21.782512055388626,1,7,144,0.92,0.6559999999999999,0.55,0.1,0.2,0.1,0.05,83,395.4144507508425,303.1880855560303,26,0.6157191349909856,1024.556640625,22.167202602928846,1,8,145,0.75,0.6475000000000001,0.5,0.1,0.25,0.1,0.05
196,WorkloadAwareThreshold,0,NOOP,0.116226,-0.049639,0.113238,0,83,395.4144507508425,303.1880855560303,26,0.6157191349909856,1024.556640625,22.167202602928846,1,8,145,0.75,0.6475000000000001,0.5,0.1,0.25,0.1,0.05,68,319.09658060466785,183.13145637512207,27,0.5980038113064237,1033.3505859375,22.52094221666755,1,9,146,0.0,0.6014999999999999,0.45,0.1,0.25,0.15,0.05
197,WorkloadAwareThreshold,0,NOOP,0.112764,-0.049707,0.10971,0,68,319.09658060466785,183.13145637512207,27,0.5980038113064237,1033.3505859375,22.52094221666755,1,9,146,0.0,0.6014999999999999,0.45,0.1,0.25,0.15,0.05,64,332.2015419837881,187.70956993103027,28,0.581322261265346,1041.7294921875,22.810581310424336,1,10,147,0.0,0.5555,0.4,0.1,0.25,0.2,0.05
198,WorkloadAwareThreshold,2,COMPACT_64KB,0.524788,0.419838,0.437365,0,64,332.2015419837881,187.70956993103027,28,0.581322261265346,1041.7294921875,22.810581310424336,1,10,147,0.0,0.5555,0.4,0.1,0.25,0.2,0.05,76,393.3686891622406,240.36550521850586,19,0.8403593364514803,1021.876953125,6.94711710570631,1,0,148,0.92,0.564,0.45,0.1,0.2,0.2,0.05
199,WorkloadAwareThreshold,0,NOOP,0.15894,-0.038388,0.156435,0,76,393.3686891622406,240.36550521850586,19,0.8403593364514803,1021.876953125,6.94711710570631,1,0,148,0.92,0.564,0.45,0.1,0.2,0.2,0.05,98,396.4993840897406,150.2847671508789,20,0.8072021484375,1033.21875,11.652685678839179,1,1,149,0.0,0.564,0.45,0.05,0.2,0.25,0.05
200,WorkloadAwareThreshold,0,NOOP,0.152542,0.371911,0.373183,0,98,396.4993840897406,150.2847671508789,20,0.8072021484375,1033.21875,11.652685678839179,1,1,149,0.0,0.564,0.45,0.05,0.2,0.25,0.05,75,377.550939578225,244.16589736938477,21,0.7758331298828125,1042.7197265625,14.616322778174618,1,2,150,0.75,0.5555,0.4,0.05,0.25,0.25,0.05
201,WorkloadAwareThreshold,0,NOOP,0.146941,-0.050057,0.143773,0,75,377.550939578225,244.16589736938477,21,0.7758331298828125,1042.7197265625,14.616322778174618,1,2,150,0.75,0.5555,0.4,0.05,0.25,0.25,0.05,93,463.3604591906432,185.8963966369629,22,0.7484560879794034,1053.826171875,16.46216476103055,1,3,151,0.0,0.5095,0.35,0.1,0.25,0.25,0.05
202,WorkloadAwareThreshold,0,NOOP,0.141495,-0.050124,0.137633,0,93,463.3604591906432,185.8963966369629,22,0.7484560879794034,1053.826171875,16.46216476103055,1,3,151,0.0,0.5095,0.35,0.1,0.25,0.25,0.05,68,292.7954895893859,221.85015678405762,23,0.7218501878821332,1062.5634765625,18.0380692609653,1,4,152,0.0,0.46349999999999997,0.3,0.15,0.25,0.25,0.05
203,WorkloadAwareThreshold,0,NOOP,0.136572,0.467302,0.409041,0,68,292.7954895893859,221.85015678405762,23,0.7218501878821332,1062.5634765625,18.0380692609653,1,4,152,0.0,0.46349999999999997,0.3,0.15,0.25,0.25,0.05,76,361.0929785768659,206.5739631652832,24,0.6978619893391927,1071.916015625,19.17792397239559,1,5,153,0.92,0.46349999999999997,0.3,0.15,0.25,0.25,0.05
204,WorkloadAwareThreshold,0,NOOP,0.132052,-0.048146,0.129031,0,76,361.0929785768659,206.5739631652832,24,0.6978619893391927,1071.916015625,19.17792397239559,1,5,153,0.92,0.46349999999999997,0.3,0.15,0.25,0.25,0.05,75,376.952840871644,182.3141574859619,25,0.6758868408203125,1081.4189453125,20.047886712503384,1,6,154,0.0,0.426,0.3,0.2,0.2,0.25,0.05
205,WorkloadAwareThreshold,0,NOOP,0.128031,-0.048233,0.125194,0,75,376.952840871644,182.3141574859619,25,0.6758868408203125,1081.4189453125,20.047886712503384,1,6,154,0.0,0.426,0.3,0.2,0.2,0.25,0.05,92,446.7522113238304,174.32689666748047,26,0.6564031747671274,1092.2548828125,20.64626704963334,1,7,155,0.0,0.38849999999999996,0.3,0.25,0.15,0.25,0.05
206,WorkloadAwareThreshold,0,NOOP,0.124174,-0.038933,0.121228,0,92,446.7522113238304,174.32689666748047,26,0.6564031747671274,1092.2548828125,20.64626704963334,1,7,155,0.0,0.38849999999999996,0.3,0.25,0.15,0.25,0.05,80,405.15966374378456,181.0474395751953,27,0.6377427842881944,1102.01953125,21.175048199366277,1,8,156,0.0,0.38849999999999996,0.3,0.3,0.15,0.25,0.0
207,WorkloadAwareThreshold,0,NOOP,0.12034,-0.050484,0.11729,0,80,405.15966374378456,181.0474395751953,27,0.6377427842881944,1102.01953125,21.175048199366277,1,8,156,0.0,0.38849999999999996,0.3,0.3,0.15,0.25,0.0,55,282.98868961456367,187.54267692565918,28,0.6192022051130023,1109.6103515625,21.707147523952955,1,9,157,0.0,0.34249999999999997,0.25,0.35,0.15,0.25,0.0
208,WorkloadAwareThreshold,0,NOOP,0.116729,0.382845,0.334572,0,55,282.98868961456367,187.54267692565918,28,0.6192022051130023,1109.6103515625,21.707147523952955,1,9,157,0.0,0.34249999999999997,0.25,0.35,0.15,0.25,0.0,51,187.074916720816,394.09923553466797,29,0.6017692829000538,1116.8837890625,22.146578420271293,1,10,158,0.75,0.38,0.25,0.35,0.2,0.2,0.0
209,WorkloadAwareThreshold,2,COMPACT_64KB,0.520143,-0.100601,0.158412,0,51,187.074916720816,394.09923553466797,29,0.6017692829000538,1116.8837890625,22.146578420271293,1,10,158,0.75,0.38,0.25,0.35,0.2,0.2,0.0,78,369.07028627125374,158.2646369934082,21,0.8183840797061012,1099.908203125,8.29126267481623,1,0,159,0.0,0.33399999999999996,0.2,0.4,0.2,0.2,0.0
210,WorkloadAwareThreshold,5,PARTITION_REGION,-0.026708,-0.150688,0.152563,0,78,369.07028627125374,158.2646369934082,21,0.8183840797061012,1099.908203125,8.29126267481623,1,0,159,0.0,0.33399999999999996,0.2,0.4,0.2,0.2,0.0,97,469.28707142758276,154.8616886138916,22,0.7893017855557528,1111.3369140625,11.903208638015977,2,1,0,0.0,0.288,0.15,0.45,0.2,0.2,0.0
211,WorkloadAwareThreshold,0,NOOP,0.137822,-0.086258,0.134619,0,97,469.28707142758276,154.8616886138916,22,0.7893017855557528,1111.3369140625,11.903208638015977,2,1,0,0.0,0.288,0.15,0.45,0.2,0.2,0.0,91,395.9538194210311,191.41817092895508,25,0.704736328125,1127.578125,18.6505281309667,2,2,1,0.0,0.288,0.2,0.45,0.2,0.15,0.0
212,WorkloadAwareThreshold,0,NOOP,0.124138,-0.085423,0.120867,0,91,395.9538194210311,191.41817092895508,25,0.704736328125,1127.578125,18.6505281309667,2,2,1,0.0,0.288,0.2,0.45,0.2,0.15,0.0,90,394.6845554500705,198.59671592712402,28,0.6381923130580357,1143.640625,21.588858116913354,2,3,2,0.0,0.288,0.25,0.4,0.2,0.15,0.0
213,WorkloadAwareThreshold,0,NOOP,0.112774,-0.086903,0.112726,0,90,394.6845554500705,198.59671592712402,28,0.6381923130580357,1143.640625,21.588858116913354,2,3,2,0.0,0.288,0.25,0.4,0.2,0.15,0.0,61,263.15807532921434,236.8175983428955,31,0.5832465387159779,1157.1611328125,23.211183982042364,2,4,3,0.013042149292149294,0.2511521074646074,0.25,0.45,0.15,0.15,0.0
214,WorkloadAwareThreshold,2,COMPACT_64KB,0.511139,-0.128125,0.148991,0,61,263.15807532921434,236.8175983428955,31,0.5832465387159779,1157.1611328125,23.211183982042364,2,4,3,0.013042149292149294,0.2511521074646074,0.25,0.45,0.15,0.15,0.0,65,218.5547301191819,181.60200119018555,23,0.7746150804602582,1140.2333984375,16.87536248649983,2,0,4,0.0,0.20515210746460744,0.25,0.45,0.15,0.15,0.0
215,WorkloadAwareThreshold,0,NOOP,0.135761,-0.07532,0.132561,0,65,218.5547301191819,181.60200119018555,23,0.7746150804602582,1140.2333984375,16.87536248649983,2,0,4,0.0,0.20515210746460744,0.25,0.45,0.15,0.15,0.0,93,384.10020255173833,192.4877166748047,26,0.6950542743389423,1156.5703125,21.389465799822414,2,1,5,0.0,0.16765210746460746,0.3,0.45,0.1,0.15,0.0
216,WorkloadAwareThreshold,0,NOOP,0.122571,-0.065413,0.11932,0,93,384.10020255173833,192.4877166748047,26,0.6950542743389423,1156.5703125,21.389465799822414,2,1,5,0.0,0.16765210746460746,0.3,0.45,0.1,0.15,0.0,73,311.2152985158065,198.81415367126465,29,0.6309809191473599,1171.1005859375,23.653040881859376,2,2,6,0.0,0.16765210746460746,0.3,0.45,0.1,0.15,0.0
217,WorkloadAwareThreshold,0,NOOP,0.111768,-0.064909,0.106921,0,73,311.2152985158065,198.81415367126465,29,0.6309809191473599,1171.1005859375,23.653040881859376,2,2,6,0.0,0.16765210746460746,0.3,0.45,0.1,0.15,0.0,71,315.5533486979788,282.32693672180176,32,0.5788383483886719,1185.4609375,24.830750263812853,2,3,7,0.0,0.16765210746460746,0.3,0.45,0.1,0.15,0.0
218,WorkloadAwareThreshold,0,NOOP,0.102752,-0.075907,0.096551,0,71,315.5533486979788,282.32693672180176,32,0.5788383483886719,1185.4609375,24.830750263812853,2,3,7,0.0,0.16765210746460746,0.3,0.45,0.1,0.15,0.0,71,257.8397110212959,353.8038730621338,35,0.5356340680803572,1199.8203125,25.41943924733348,2,4,8,0.0,0.12165210746460746,0.25,0.45,0.15,0.15,0.0
219,WorkloadAwareThreshold,2,COMPACT_64KB,0.522682,0.263055,0.36218,0,71,257.8397110212959,353.8038730621338,35,0.5356340680803572,1199.8203125,25.41943924733348,2,4,8,0.0,0.12165210746460746,0.25,0.45,0.15,0.15,0.0,84,325.23979406739056,148.01359176635742,22,0.8317031860351562,1171.0380859375,11.01379140881259,2,0,9,0.67,0.15515210746460745,0.25,0.5,0.15,0.1,0.0
220,WorkloadAwareThreshold,0,NOOP,0.145016,0.304144,0.343969,0,84,325.23979406739056,148.01359176635742,22,0.8317031860351562,1171.0380859375,11.01379140881259,2,0,9,0.67,0.15515210746460745,0.25,0.5,0.15,0.1,0.0,68,288.7706147442641,133.59880447387695,25,0.7407037353515625,1185.1259765625,19.114127512001936,2,1,10,0.67,0.15115210746460744,0.25,0.55,0.1,0.1,0.0
221,WorkloadAwareThreshold,0,NOOP,0.130418,-0.062842,0.127799,0,68,288.7706147442641,133.59880447387695,25,0.7407037353515625,1185.1259765625,19.114127512001936,2,1,10,0.67,0.15115210746460744,0.25,0.55,0.1,0.1,0.0,75,335.22500700665927,165.95005989074707,28,0.6695899963378906,1199.9052734375,22.445414675291076,2,2,11,0.0,0.15115210746460744,0.25,0.5,0.1,0.15,0.0
222,WorkloadAwareThreshold,0,NOOP,0.118594,-0.062318,0.115032,0,75,335.22500700665927,165.95005989074707,28,0.6695899963378906,1199.9052734375,22.445414675291076,2,2,11,0.0,0.15115210746460744,0.25,0.5,0.1,0.15,0.0,78,326.37469734924326,216.83263778686523,31,0.6123440650201613,1214.890625,24.14357385004024,2,3,12,0.0,0.15115210746460744,0.3,0.45,0.1,0.15,0.0
223,WorkloadAwareThreshold,0,NOOP,0.108704,0.303504,0.306729,0,78,326.37469734924326,216.83263778686523,31,0.6123440650201613,1214.890625,24.14357385004024,2,3,12,0.0,0.15115210746460744,0.3,0.45,0.1,0.15,0.0,68,299.20562129091206,191.2543773651123,34,0.5647695204790901,1228.9384765625,25.0738467088032,2,4,13,0.67,0.13865210746460746,0.25,0.5,0.1,0.15,0.0
224,WorkloadAwareThreshold,2,COMPACT_64KB,0.527135,0.265504,0.366844,0,68,299.20562129091206,191.2543773651123,34,0.5647695204790901,1228.9384765625,25.0738467088032,2,4,13,0.67,0.13865210746460746,0.25,0.5,0.1,0.15,0.0,77,267.06607987801146,137.49074935913086,22,0.8539692271839489,1202.388671875,8.413609764840766,2,0,14,0.67,0.17215210746460746,0.25,0.5,0.1,0.15,0.0
225,WorkloadAwareThreshold,0,NOOP,0.149157,-0.060805,0.14721,0,77,267.06607987801146,137.49074935913086,22,0.8539692271839489,1202.388671875,8.413609764840766,2,0,14,0.67,0.17215210746460746,0.25,0.5,0.1,0.15,0.0,88,384.66378749729034,128.60655784606934,25,0.7614117431640625,1218.2587890625,18.16877157076393,2,1,15,0.0,0.17215210746460746,0.25,0.45,0.1,0.15,0.05
226,WorkloadAwareThreshold,0,NOOP,0.134222,0.316611,0.333073,0,88,384.66378749729034,128.60655784606934,25,0.7614117431640625,1218.2587890625,18.16877157076393,2,1,15,0.0,0.17215210746460746,0.25,0.45,0.1,0.15,0.05,86,383.8342376470463,142.45128631591797,28,0.6886084420340401,1233.986328125,21.936286995319303,2,2,16,0.67,0.20565210746460746,0.25,0.45,0.1,0.15,0.05
227,WorkloadAwareThreshold,0,NOOP,0.122068,-0.059751,0.119077,0,86,383.8342376470463,142.45128631591797,28,0.6886084420340401,1233.986328125,21.936286995319303,2,2,16,0.67,0.20565210746460746,0.25,0.45,0.1,0.15,0.05,82,368.3181690160453,188.3261203765869,31,0.6297169346963206,1249.3583984375,23.878310377481238,2,3,17,0.0,0.20565210746460746,0.25,0.4,0.1,0.15,0.1
228,WorkloadAwareThreshold,0,NOOP,0.112124,-0.068524,0.105617,0,82,368.3181690160453,188.3261203765869,31,0.6297169346963206,1249.3583984375,23.878310377481238,2,3,17,0.0,0.20565210746460746,0.25,0.4,0.1,0.15,0.1,98,340.4910292635124,367.8309917449951,34,0.5818692375631893,1266.1474609375,24.86552864977149,2,4,18,0.0,0.16815210746460746,0.25,0.4,0.1,0.15,0.1
229,WorkloadAwareThreshold,2,COMPACT_64KB,0.518546,-0.108541,0.157639,0,98,340.4910292635124,367.8309917449951,34,0.5818692375631893,1266.1474609375,24.86552864977149,2,4,18,0.0,0.16815210746460746,0.25,0.4,0.1,0.15,0.1,100,385.44742755004984,120.83625793457031,24,0.8122774759928385,1247.658203125,13.839046510532183,2,0,19,0.0,0.16815210746460746,0.25,0.35,0.1,0.15,0.15
230,WorkloadAwareThreshold,0,NOOP,0.142588,-0.058179,0.139333,0,100,385.44742755004984,120.83625793457031,24,0.8122774759928385,1247.658203125,13.839046510532183,2,0,19,0.0,0.16815210746460746,0.25,0.35,0.1,0.15,0.15,61,262.9925281466535,196.50936126708984,27,0.7298160129123263,1261.1220703125,20.02218348463278,2,1,20,0.0,0.16815210746460746,0.3,0.3,0.1,0.15,0.15
231,WorkloadAwareThreshold,0,NOOP,0.129277,0.319216,0.327662,0,61,262.9925281466535,196.50936126708984,27,0.7298160129123263,1261.1220703125,20.02218348463278,2,1,20,0.0,0.16815210746460746,0.3,0.3,0.1,0.15,0.15,88,369.33697434845476,168.27821731567383,30,0.6651372273763021,1277.0634765625,22.781917880252085,2,2,21,0.67,0.20165210746460746,0.25,0.35,0.1,0.15,0.15
232,WorkloadAwareThreshold,0,NOOP,0.117993,-0.057372,0.115317,0,88,369.33697434845476,168.27821731567383,30,0.6651372273763021,1277.0634765625,22.781917880252085,2,2,21,0.67,0.20165210746460746,0.25,0.35,0.1,0.15,0.15,50,164.3716395215776,175.06170272827148,33,0.6105924664121686,1289.5712890625,24.414899588624866,2,3,22,0.0,0.20165210746460746,0.2,0.35,0.1,0.15,0.2
233,WorkloadAwareThreshold,0,NOOP,0.108788,-0.057058,0.105464,0,50,164.3716395215776,175.06170272827148,33,0.6105924664121686,1289.5712890625,24.414899588624866,2,3,22,0.0,0.20165210746460746,0.2,0.35,0.1,0.15,0.2,83,358.50819530319944,211.19308471679688,36,0.5664380391438802,1305.0732421875,25.207900438956646,2,4,23,0.0,0.201,0.2,0.3,0.1,0.2,0.2
234,WorkloadAwareThreshold,2,COMPACT_64KB,0.522658,0.270452,0.362255,0,83,358.50819530319944,211.19308471679688,36,0.5664380391438802,1305.0732421875,25.207900438956646,2,4,23,0.0,0.201,0.2,0.3,0.1,0.2,0.2,84,360.45410143661286,145.5862522125244,24,0.8328329722086588,1279.2314453125,11.023006831899938,2,0,24,0.67,0.23450000000000001,0.15,0.35,0.1,0.2,0.2
235,WorkloadAwareThreshold,0,NOOP,0.146328,-0.056038,0.143524,0,84,360.45410143661286,145.5862522125244,24,0.8328329722086588,1279.2314453125,11.023006831899938,2,0,24,0.67,0.23450000000000001,0.15,0.35,0.1,0.2,0.2,69,307.43039004688893,173.98548126220703,27,0.7485165066189237,1293.4365234375,18.6941747329717,2,1,25,0.0,0.23450000000000001,0.1,0.35,0.1,0.25,0.2
236,WorkloadAwareThreshold,0,NOOP,0.132335,0.32114,0.32992,0,69,307.43039004688893,173.98548126220703,27,0.7485165066189237,1293.4365234375,18.6941747329717,2,1,25,0.0,0.23450000000000001,0.1,0.35,0.1,0.25,0.2,55,249.07653902963608,208.2209587097168,30,0.6804239908854167,1306.4140625,22.140305340202797,2,2,26,0.67,0.268,0.1,0.4,0.1,0.2,0.2
237,WorkloadAwareThreshold,0,NOOP,0.120862,0.321476,0.319613,0,55,249.07653902963608,208.2209587097168,30,0.6804239908854167,1306.4140625,22.140305340202797,2,2,26,0.67,0.268,0.1,0.4,0.1,0.2,0.2,61,197.7484982547912,153.73873710632324,33,0.6249366529060133,1319.8662109375,23.96497874590645,2,3,27,0.67,0.3015,0.1,0.45,0.1,0.15,0.2
238,WorkloadAwareThreshold,0,NOOP,0.111183,-0.055108,0.10497,0,61,197.7484982547912,153.73873710632324,33,0.6249366529060133,1319.8662109375,23.96497874590645,2,3,27,0.67,0.3015,0.1,0.45,0.1,0.15,0.2,54,237.3773545949515,355.64732551574707,36,0.5784136454264323,1332.6650390625,25.008808666277808,2,4,28,0.0,0.3015,0.1,0.45,0.1,0.15,0.2
239,WorkloadAwareThreshold,2,COMPACT_64KB,0.519685,-0.113037,0.158431,0,54,237.3773545949515,355.64732551574707,36,0.5784136454264323,1332.6650390625,25.008808666277808,2,4,28,0.0,0.3015,0.1,0.45,0.1,0.15,0.2,82,363.4947621181504,139.38283920288086,25,0.8185931396484375,1309.7490234375,12.383707626576781,2,0,29,0.0,0.268,0.1,0.4,0.1,0.15,0.25
240,WorkloadAwareThreshold,0,NOOP,0.144152,0.314147,0.342287,0,82,363.4947621181504,139.38283920288086,25,0.8185931396484375,1309.7490234375,12.383707626576781,2,0,29,0.0,0.268,0.1,0.4,0.1,0.15,0.25,58,199.30152358122285,178.2684326171875,28,0.7382616315569196,1322.96484375,19.099295267165946,2,1,30,0.67,0.268,0.1,0.4,0.1,0.15,0.25
241,WorkloadAwareThreshold,0,NOOP,0.130814,0.322821,0.329822,0,58,199.30152358122285,178.2684326171875,28,0.7382616315569196,1322.96484375,19.099295267165946,2,1,30,0.67,0.268,0.1,0.4,0.1,0.15,0.25,57,240.11502606285214,138.36383819580078,31,0.6734446863974294,1336.1142578125,22.232940635771328,2,2,31,0.67,0.3015,0.1,0.45,0.1,0.1,0.25
242,WorkloadAwareThreshold,0,NOOP,0.119908,-0.053665,0.115976,0,57,240.11502606285214,138.36383819580078,31,0.6734446863974294,1336.1142578125,22.232940635771328,2,2,31,0.67,0.3015,0.1,0.45,0.1,0.1,0.25,75,295.49449352035197,239.0880584716797,34,0.620790818158318,1350.8408203125,23.88177916067499,2,3,32,0.0,0.3015,0.1,0.45,0.1,0.1,0.25
243,WorkloadAwareThreshold,0,NOOP,0.110689,0.3152,0.309504,0,75,295.49449352035197,239.0880584716797,34,0.620790818158318,1350.8408203125,23.88177916067499,2,3,32,0.0,0.3015,0.1,0.45,0.1,0.1,0.25,72,304.7389379593311,155.46488761901855,37,0.5765677787162162,1365.3125,24.82395521368942,2,4,33,0.67,0.3015,0.1,0.45,0.1,0.1,0.25
244,WorkloadAwareThreshold,2,COMPACT_64KB,0.516926,0.265531,0.355918,0,72,304.7389379593311,155.46488761901855,37,0.5765677787162162,1365.3125,24.82395521368942,2,4,33,0.67,0.3015,0.1,0.45,0.1,0.1,0.25,64,268.13514463800544,178.40027809143066,26,0.8054275512695312,1340.2314453125,13.561889275367049,2,0,34,0.67,0.3015,0.1,0.45,0.1,0.1,0.25
245,WorkloadAwareThreshold,0,NOOP,0.142319,-0.052622,0.138749,0,64,268.13514463800544,178.40027809143066,26,0.8054275512695312,1340.2314453125,13.561889275367049,2,0,34,0.67,0.3015,0.1,0.45,0.1,0.1,0.25,68,288.20161090671354,214.74862098693848,29,0.7297184385102371,1354.357421875,19.36490846108927,2,1,35,0.0,0.3015,0.15,0.45,0.1,0.1,0.2
246,WorkloadAwareThreshold,0,NOOP,0.129583,0.316191,0.328377,0,68,288.20161090671354,214.74862098693848,29,0.7297184385102371,1354.357421875,19.36490846108927,2,1,35,0.0,0.3015,0.15,0.45,0.1,0.1,0.2,62,264.5572851546008,150.32577514648438,32,0.6679158210754395,1367.8916015625,22.244978036197573,2,2,36,0.67,0.3015,0.15,0.45,0.1,0.1,0.2
247,WorkloadAwareThreshold,0,NOOP,0.118899,0.324817,0.31741,0,62,264.5572851546008,150.32577514648438,32,0.6679158210754395,1367.8916015625,22.244978036197573,2,2,36,0.67,0.3015,0.15,0.45,0.1,0.1,0.2,53,220.98128452551248,168.20502281188965,35,0.6163683210100447,1380.6650390625,23.891346834687376,2,3,37,0.67,0.335,0.15,0.5,0.1,0.1,0.15
248,WorkloadAwareThreshold,0,NOOP,0.110146,0.325275,0.308352,0,53,220.98128452551248,168.20502281188965,35,0.6163683210100447,1380.6650390625,23.891346834687376,2,3,37,0.67,0.335,0.15,0.5,0.1,0.1,0.15,94,304.5951224863623,187.1798038482666,38,0.5744801571494654,1397.1357421875,24.71255949647187,2,4,38,0.67,0.36850000000000005,0.15,0.55,0.05,0.1,0.15
249,WorkloadAwareThreshold,2,COMPACT_64KB,0.520758,0.275724,0.36034,0,94,304.5951224863623,187.1798038482666,38,0.5744801571494654,1397.1357421875,24.71255949647187,2,4,38,0.67,0.36850000000000005,0.15,0.55,0.05,0.1,0.15,92,376.8353120291096,148.8780975341797,26,0.8245867215670072,1372.1123046875,10.362359902853479,2,0,39,0.67,0.402,0.15,0.6,0.05,0.1,0.1
250,WorkloadAwareThreshold,0,NOOP,0.145707,-0.050846,0.140309,0,92,376.8353120291096,148.8780975341797,26,0.8245867215670072,1372.1123046875,10.362359902853479,2,0,39,0.67,0.402,0.15,0.6,0.05,0.1,0.1,63,247.99220663674706,306.1633110046387,29,0.7466604298558729,1385.8017578125,17.864788522198342,2,1,40,0.0,0.402,0.1,0.6,0.1,0.1,0.1
251,WorkloadAwareThreshold,0,NOOP,0.132963,-0.058774,0.124527,0,63,247.99220663674706,306.1633110046387,29,0.7466604298558729,1385.8017578125,17.864788522198342,2,1,40,0.0,0.402,0.1,0.6,0.1,0.1,0.1,97,399.52342458058865,461.8091583251953,32,0.6848149299621582,1402.5009765625,21.089207864551696,2,2,41,0.0,0.36850000000000005,0.1,0.55,0.15,0.1,0.1
252,WorkloadAwareThreshold,0,NOOP,0.122149,0.326808,0.320937,0,97,399.52342458058865,461.8091583251953,32,0.6848149299621582,1402.5009765625,21.089207864551696,2,2,41,0.0,0.36850000000000005,0.1,0.55,0.15,0.1,0.1,73,242.73573972818852,154.3724536895752,35,0.6326215471540179,1417.072265625,22.980948930653362,2,3,42,0.67,0.402,0.1,0.6,0.15,0.1,0.05
253,WorkloadAwareThreshold,0,NOOP,0.113149,0.327238,0.312071,0,73,242.73573972818852,154.3724536895752,35,0.6326215471540179,1417.072265625,22.980948930653362,2,3,42,0.67,0.402,0.1,0.6,0.15,0.1,0.05,96,411.4201356710136,151.4148712158203,38,0.5894968133223685,1433.65625,24.015123472380125,2,4,43,0.67,0.43550000000000005,0.1,0.65,0.15,0.05,0.05
254,WorkloadAwareThreshold,2,COMPACT_64KB,0.524964,0.269207,0.364619,0,96,411.4201356710136,151.4148712158203,38,0.5894968133223685,1433.65625,24.015123472380125,2,4,43,0.67,0.43550000000000005,0.1,0.65,0.15,0.05,0.05,79,319.7686355573827,145.2043056488037,26,0.8456133328951322,1407.1005859375,7.336855361029203,2,0,44,0.67,0.43550000000000005,0.1,0.65,0.15,0.05,0.05
255,WorkloadAwareThreshold,0,NOOP,0.149786,0.328,0.348769,0,79,319.7686355573827,145.2043056488037,26,0.8456133328951322,1407.1005859375,7.336855361029203,2,0,44,0.67,0.43550000000000005,0.1,0.65,0.15,0.05,0.05,95,402.73105098889016,137.10832595825195,29,0.7670556430158944,1423.6552734375,16.58521614876394,2,1,45,0.67,0.46900000000000003,0.1,0.7,0.15,0.0,0.05
256,WorkloadAwareThreshold,0,NOOP,0.136574,-0.05687,0.133371,0,95,402.73105098889016,137.10832595825195,29,0.7670556430158944,1423.6552734375,16.58521614876394,2,1,45,0.67,0.46900000000000003,0.1,0.7,0.15,0.0,0.05,87,377.0137527237336,200.15645027160645,32,0.7028689384460449,1439.4755859375,20.419779090572227,2,2,46,0.0,0.43550000000000005,0.1,0.65,0.15,0.05,0.05
257,WorkloadAwareThreshold,0,NOOP,0.125413,0.320295,0.323423,0,87,377.0137527237336,200.15645027160645,32,0.7028689384460449,1439.4755859375,20.419779090572227,2,2,46,0.0,0.43550000000000005,0.1,0.65,0.15,0.05,0.05,69,287.9038301030321,193.23468208312988,35,0.6489401681082589,1453.6259765625,22.60711357014734,2,3,47,0.67,0.43550000000000005,0.1,0.65,0.15,0.05,0.05
258,WorkloadAwareThreshold,0,NOOP,0.116042,-0.047871,0.112193,0,69,287.9038301030321,193.23468208312988,35,0.6489401681082589,1453.6259765625,22.60711357014734,2,3,47,0.67,0.43550000000000005,0.1,0.65,0.15,0.05,0.05,80,255.14873853027885,239.93349075317383,38,0.603960539165296,1468.83203125,23.854469562750268,2,4,48,0.0,0.43550000000000005,0.15,0.65,0.1,0.05,0.05
259,WorkloadAwareThreshold,2,COMPACT_64KB,0.523005,-0.097514,0.159669,0,80,255.14873853027885,239.93349075317383,38,0.603960539165296,1468.83203125,23.854469562750268,2,4,48,0.0,0.43550000000000005,0.15,0.65,0.1,0.05,0.05,84,347.6309515704598,246.00982666015625,27,0.8364438657407407,1445.375,10.395290177028826,2,0,49,0.0,0.43550000000000005,0.2,0.65,0.1,0.05,0.0
260,WorkloadAwareThreshold,0,NOOP,0.148549,0.321394,0.346176,0,84,347.6309515704598,246.00982666015625,27,0.8364438657407407,1445.375,10.395290177028826,2,0,49,0.0,0.43550000000000005,0.2,0.65,0.1,0.05,0.0,97,385.31894775124255,206.15267753601074,30,0.7614974975585938,1462.0751953125,17.639087734338187,2,1,50,0.67,0.43550000000000005,0.2,0.65,0.1,0.05,0.0
261,WorkloadAwareThreshold,0,NOOP,0.135764,-0.05516,0.132354,0,97,385.31894775124255,206.15267753601074,30,0.7614974975585938,1462.0751953125,17.639087734338187,2,1,50,0.67,0.43550000000000005,0.2,0.65,0.1,0.05,0.0,79,287.0334816072488,211.72142028808594,33,0.6994443951231061,1477.2265625,21.08744117030678,2,2,51,0.0,0.402,0.2,0.6,0.1,0.1,0.0
262,WorkloadAwareThreshold,0,NOOP,0.124959,0.330353,0.323911,0,79,287.0334816072488,211.72142028808594,33,0.6994443951231061,1477.2265625,21.08744117030678,2,2,51,0.0,0.402,0.2,0.6,0.1,0.1,0.0,69,285.8317919463352,147.3526954650879,36,0.6472926669650607,1491.3623046875,23.081796702504526,2,3,52,0.67,0.43550000000000005,0.15,0.65,0.1,0.1,0.0
263,WorkloadAwareThreshold,0,NOOP,0.11597,0.322356,0.31506,0,69,285.8317919463352,147.3526954650879,36,0.6472926669650607,1491.3623046875,23.081796702504526,2,3,52,0.67,0.43550000000000005,0.15,0.65,0.1,0.1,0.0,97,400.3045107714408,144.26803588867188,39,0.6042245718149039,1508.14453125,24.174835452428972,2,4,53,0.67,0.43550000000000005,0.15,0.65,0.1,0.1,0.0
264,WorkloadAwareThreshold,2,COMPACT_64KB,0.521357,0.272666,0.359509,0,97,400.3045107714408,144.26803588867188,39,0.6042245718149039,1508.14453125,24.174835452428972,2,4,53,0.67,0.43550000000000005,0.15,0.65,0.1,0.1,0.0,80,325.0595250204649,222.83339500427246,28,0.8288290841238839,1485.26171875,10.618740555779931,2,0,54,0.67,0.43550000000000005,0.15,0.65,0.1,0.1,0.0
265,WorkloadAwareThreshold,0,NOOP,0.147424,0.331361,0.346221,0,80,325.0595250204649,222.83339500427246,28,0.8288290841238839,1485.26171875,10.618740555779931,2,0,54,0.67,0.43550000000000005,0.15,0.65,0.1,0.1,0.0,85,322.76553868216115,148.93102645874023,31,0.7564963063886089,1500.888671875,17.558809347330076,2,1,55,0.67,0.46900000000000003,0.1,0.7,0.1,0.1,0.0
266,WorkloadAwareThreshold,0,NOOP,0.135184,0.323322,0.333948,0,85,322.76553868216115,148.93102645874023,31,0.7564963063886089,1500.888671875,17.558809347330076,2,1,55,0.67,0.46900000000000003,0.1,0.7,0.1,0.1,0.0,90,382.6190466537197,154.30760383605957,34,0.6971686868106618,1517.0390625,20.830593031858037,2,2,56,0.67,0.46900000000000003,0.1,0.7,0.1,0.1,0.0
267,WorkloadAwareThreshold,0,NOOP,0.124612,0.323534,0.323298,0,90,382.6190466537197,154.30760383605957,34,0.6971686868106618,1517.0390625,20.830593031858037,2,2,56,0.67,0.46900000000000003,0.1,0.7,0.1,0.1,0.0,57,246.72147317517175,161.96107864379883,37,0.6461866224134291,1530.169921875,22.843541875827423,2,3,57,0.67,0.46900000000000003,0.1,0.7,0.1,0.1,0.0
268,WorkloadAwareThreshold,0,NOOP,0.115518,0.32372,0.314296,0,57,246.72147317517175,161.96107864379883,37,0.6461866224134291,1530.169921875,22.843541875827423,2,3,57,0.67,0.46900000000000003,0.1,0.7,0.1,0.1,0.0,50,221.1035822088302,161.1192226409912,40,0.6025913238525391,1542.6337890625,24.0869914438259,2,4,58,0.67,0.46900000000000003,0.1,0.7,0.1,0.1,0.0
269,WorkloadAwareThreshold,2,COMPACT_64KB,0.519231,-0.102816,0.15799,0,50,221.1035822088302,161.1192226409912,40,0.6025913238525391,1542.6337890625,24.0869914438259,2,4,58,0.67,0.46900000000000003,0.1,0.7,0.1,0.1,0.0,93,375.2183781558357,143.74566078186035,29,0.8188250311489763,1519.7392578125,11.69742209868618,2,0,59,0.0,0.43550000000000005,0.1,0.65,0.1,0.1,0.05
270,WorkloadAwareThreshold,0,NOOP,0.145717,-0.04423,0.141819,0,93,375.2183781558357,143.74566078186035,29,0.8188250311489763,1519.7392578125,11.69742209868618,2,0,59,0.0,0.43550000000000005,0.1,0.65,0.1,0.1,0.05,60,223.4064799517781,234.92813110351562,32,0.7485866546630859,1533.10546875,18.03617915591622,2,1,60,0.0,0.43550000000000005,0.1,0.65,0.05,0.1,0.1
271,WorkloadAwareThreshold,0,NOOP,0.133869,0.332937,0.332609,0,60,223.4064799517781,234.92813110351562,32,0.7485866546630859,1533.10546875,18.03617915591622,2,1,60,0.0,0.43550000000000005,0.1,0.65,0.05,0.1,0.1,80,289.56014245685435,156.71253204345703,35,0.6912183489118303,1548.3291015625,21.08713031263906,2,2,61,0.67,0.46900000000000003,0.1,0.7,0.0,0.1,0.1
272,WorkloadAwareThreshold,0,NOOP,0.123797,0.324827,0.322603,0,80,289.56014245685435,156.71253204345703,35,0.6912183489118303,1548.3291015625,21.08713031263906,2,2,61,0.67,0.46900000000000003,0.1,0.7,0.0,0.1,0.1,76,323.5058172104994,157.23419189453125,38,0.6427367360968339,1563.1357421875,22.89207766667462,2,3,62,0.67,0.46900000000000003,0.1,0.7,0.0,0.1,0.1
273,WorkloadAwareThreshold,0,NOOP,0.115009,0.32503,0.313842,0,76,323.5058172104994,157.23419189453125,38,0.6427367360968339,1563.1357421875,22.89207766667462,2,3,62,0.67,0.46900000000000003,0.1,0.7,0.0,0.1,0.1,56,240.0200942377239,159.5778465270996,41,0.6006685582602896,1576.154296875,24.05962132361205,2,4,63,0.67,0.46900000000000003,0.1,0.7,0.0,0.1,0.1
274,WorkloadAwareThreshold,2,COMPACT_64KB,0.516987,-0.101632,0.149215,0,56,240.0200942377239,159.5778465270996,41,0.6006685582602896,1576.154296875,24.05962132361205,2,4,63,0.67,0.46900000000000003,0.1,0.7,0.0,0.1,0.1,64,285.20796606855987,471.5306758880615,30,0.8082290649414062,1551.7998046875,11.961177149427245,2,0,64,0.0,0.43550000000000005,0.1,0.65,0.05,0.1,0.1
275,WorkloadAwareThreshold,0,NOOP,0.144117,0.325448,0.342973,0,64,285.20796606855987,471.5306758880615,30,0.8082290649414062,1551.7998046875,11.961177149427245,2,0,64,0.0,0.43550000000000005,0.1,0.65,0.05,0.1,0.1,63,254.54698463708138,148.41032028198242,33,0.7412077007871686,1565.4306640625,17.87462532170557,2,1,65,0.67,0.43550000000000005,0.1,0.65,0.05,0.1,0.1
276,WorkloadAwareThreshold,0,NOOP,0.13269,0.334097,0.33149,0,63,254.54698463708138,148.41032028198242,33,0.7412077007871686,1565.4306640625,17.87462532170557,2,1,65,0.67,0.43550000000000005,0.1,0.65,0.05,0.1,0.1,78,322.9081778288394,155.0133228302002,36,0.685949961344401,1580.4287109375,20.82442845247314,2,2,66,0.67,0.46900000000000003,0.1,0.7,0.05,0.05,0.1
277,WorkloadAwareThreshold,0,NOOP,0.123111,-0.050827,0.119042,0,78,322.9081778288394,155.0133228302002,36,0.685949961344401,1580.4287109375,20.82442845247314,2,2,66,0.67,0.46900000000000003,0.1,0.7,0.05,0.05,0.1,98,385.4653922907258,252.17175483703613,39,0.6399277907151443,1597.259765625,22.502588040882642,2,3,67,0.0,0.43550000000000005,0.15,0.65,0.05,0.05,0.1
278,WorkloadAwareThreshold,0,NOOP,0.114846,-0.042144,0.110837,0,98,385.4653922907258,252.17175483703613,39,0.6399277907151443,1597.259765625,22.502588040882642,2,3,67,0.0,0.43550000000000005,0.15,0.65,0.05,0.05,0.1,99,433.082562224132,252.93374061584473,42,0.600478036063058,1614.0849609375,23.54600864322166,2,4,68,0.0,0.43550000000000005,0.1,0.65,0.05,0.1,0.1
279,WorkloadAwareThreshold,2,COMPACT_64KB,0.520669,-0.091915,0.157415,0,99,433.082562224132,252.93374061584473,42,0.600478036063058,1614.0849609375,23.54600864322166,2,4,68,0.0,0.43550000000000005,0.1,0.65,0.05,0.1,0.1,70,298.70009054561365,245.69368362426758,30,0.8266423543294271,1587.1533203125,9.738777262159195,2,0,69,0.0,0.43550000000000005,0.05,0.65,0.05,0.15,0.1
280,WorkloadAwareThreshold,0,NOOP,0.14756,-0.050057,0.144862,0,70,298.70009054561365,245.69368362426758,30,0.8266423543294271,1587.1533203125,9.738777262159195,2,0,69,0.0,0.43550000000000005,0.05,0.65,0.05,0.15,0.1,74,246.48061491009267,176.1341094970703,33,0.7584256258877841,1601.794921875,16.81081253831887,2,1,70,0.0,0.402,0.05,0.6,0.05,0.15,0.15
281,WorkloadAwareThreshold,0,NOOP,0.135634,-0.041524,0.126038,0,74,246.48061491009267,176.1341094970703,33,0.7584256258877841,1601.794921875,16.81081253831887,2,1,70,0.0,0.402,0.05,0.6,0.05,0.15,0.15,51,161.53244664342333,524.7929096221924,36,0.7006696065266927,1614.3427734375,20.322711783700797,2,2,71,0.0,0.402,0.05,0.6,0.1,0.1,0.15
282,WorkloadAwareThreshold,0,NOOP,0.125631,0.327202,0.323241,0,51,161.53244664342333,524.7929096221924,36,0.7006696065266927,1614.3427734375,20.322711783700797,2,2,71,0.0,0.402,0.05,0.6,0.1,0.1,0.15,71,243.51290482167607,218.25432777404785,39,0.6525311592297677,1628.7177734375,22.301140053040356,2,3,72,0.67,0.402,0.05,0.6,0.1,0.1,0.15
283,WorkloadAwareThreshold,0,NOOP,0.117149,-0.049393,0.114696,0,71,243.51290482167607,218.25432777404785,39,0.6525311592297677,1628.7177734375,22.301140053040356,2,3,72,0.67,0.402,0.05,0.6,0.1,0.1,0.15,93,359.8786154365648,175.13108253479004,42,0.6119926089332217,1645.0361328125,23.46734328907536,2,4,73,0.0,0.36850000000000005,0.05,0.55,0.1,0.1,0.2
284,WorkloadAwareThreshold,2,COMPACT_64KB,0.523833,-0.099203,0.160679,0,93,359.8786154365648,175.13108253479004,42,0.6119926089332217,1645.0361328125,23.46734328907536,2,4,73,0.0,0.36850000000000005,0.05,0.55,0.1,0.1,0.2,64,265.03819639856323,240.6606674194336,30,0.8424601236979167,1617.5234375,7.690422979237863,2,0,74,0.0,0.335,0.05,0.5,0.1,0.15,0.2
285,WorkloadAwareThreshold,0,NOOP,0.150555,0.32793,0.349463,0,64,265.03819639856323,240.6606674194336,30,0.8424601236979167,1617.5234375,7.690422979237863,2,0,74,0.0,0.335,0.05,0.5,0.1,0.15,0.2,88,354.4428928245958,145.83373069763184,33,0.773397734670928,1633.416015625,15.975054576828672,2,1,75,0.67,0.3350000000000001,0.05,0.5,0.1,0.15,0.2
286,WorkloadAwareThreshold,0,NOOP,0.138649,0.328188,0.337418,0,88,354.4428928245958,145.83373069763184,33,0.773397734670928,1633.416015625,15.975054576828672,2,1,75,0.67,0.3350000000000001,0.05,0.5,0.1,0.15,0.2,85,372.73970855454513,156.58283233642578,36,0.7157465616861979,1649.080078125,19.683420367379377,2,2,76,0.67,0.335,0.05,0.5,0.1,0.15,0.2
287,WorkloadAwareThreshold,0,NOOP,0.128539,0.328443,0.32751,0,85,372.73970855454513,156.58283233642578,36,0.7157465616861979,1649.080078125,19.683420367379377,2,2,76,0.67,0.335,0.05,0.5,0.1,0.15,0.2,88,391.7642740767079,150.23541450500488,39,0.6670720027043269,1665.01171875,21.82805452818566,2,3,77,0.67,0.335,0.05,0.5,0.1,0.15,0.2
288,WorkloadAwareThreshold,0,NOOP,0.119784,0.328679,0.317282,0,88,391.7642740767079,150.23541450500488,39,0.6670720027043269,1665.01171875,21.82805452818566,2,3,77,0.67,0.335,0.05,0.5,0.1,0.15,0.2,83,313.3706648231363,227.59699821472168,42,0.6251692998976934,1680.455078125,23.183181442606866,2,4,78,0.67,0.335,0.05,0.5,0.1,0.15,0.2
289,WorkloadAwareThreshold,2,COMPACT_64KB,0.517091,-0.089615,0.154918,0,83,313.3706648231363,227.59699821472168,42,0.6251692998976934,1680.455078125,23.183181442606866,2,4,78,0.67,0.335,0.05,0.5,0.1,0.15,0.2,71,275.8523565903106,194.09990310668945,32,0.8100013732910156,1658.8828125,11.232456814192727,2,0,79,0.0,0.335,0.05,0.5,0.1,0.2,0.15
290,WorkloadAwareThreshold,0,NOOP,0.144889,0.337401,0.343729,0,71,275.8523565903106,194.09990310668945,32,0.8100013732910156,1658.8828125,11.232456814192727,2,0,79,0.0,0.335,0.05,0.5,0.1,0.2,0.15,54,237.6760236151891,151.74365043640137,35,0.7463208879743304,1671.7587890625,17.249220710594994,2,1,80,0.67,0.3685,0.05,0.55,0.1,0.2,0.1
291,WorkloadAwareThreshold,0,NOOP,0.133859,0.329192,0.33186,0,54,237.6760236151891,151.74365043640137,35,0.7463208879743304,1671.7587890625,17.249220710594994,2,1,80,0.67,0.3685,0.05,0.55,0.1,0.2,0.1,64,226.48862939322734,197.44634628295898,38,0.6930457667300576,1685.4873046875,20.31761259735508,2,2,81,0.67,0.3685,0.05,0.55,0.1,0.2,0.1
292,WorkloadAwareThreshold,0,NOOP,0.124464,-0.047477,0.119958,0,64,226.48862939322734,197.44634628295898,38,0.6930457667300576,1685.4873046875,20.31761259735508,2,2,81,0.67,0.3685,0.05,0.55,0.1,0.2,0.1,75,311.31211688771805,276.58843994140625,41,0.6479473579220656,1700.2138671875,22.137346372706865,2,3,82,0.0,0.335,0.1,0.5,0.1,0.2,0.1
293,WorkloadAwareThreshold,0,NOOP,0.116213,0.32957,0.314936,0,75,311.31211688771805,276.58843994140625,41,0.6479473579220656,1700.2138671875,22.137346372706865,2,3,82,0.0,0.335,0.1,0.5,0.1,0.2,0.1,61,249.11352492376238,168.89047622680664,44,0.6085669777610085,1713.724609375,23.33930631606353,2,4,83,0.67,0.335,0.1,0.5,0.1,0.2,0.1
294,WorkloadAwareThreshold,2,COMPACT_64KB,0.520047,0.288209,0.359742,0,61,249.11352492376238,168.89047622680664,44,0.6085669777610085,1713.724609375,23.33930631606353,2,4,83,0.67,0.335,0.1,0.5,0.1,0.2,0.1,94,405.5990412065161,150.6938934326172,32,0.8247799873352051,1689.1494140625,8.766733616730123,2,0,84,0.67,0.3685,0.1,0.55,0.05,0.2,0.1
295,WorkloadAwareThreshold,0,NOOP,0.147778,0.330053,0.346646,0,94,405.5990412065161,150.6938934326172,32,0.8247799873352051,1689.1494140625,8.766733616730123,2,0,84,0.67,0.3685,0.1,0.55,0.05,0.2,0.1,77,330.62327169833725,150.31933784484863,35,0.7607631138392857,1704.109375,15.950312915368485,2,1,85,0.67,0.3685,0.1,0.55,0.05,0.2,0.1
296,WorkloadAwareThreshold,0,NOOP,0.136617,0.330246,0.33474,0,77,330.62327169833725,150.31933784484863,35,0.7607631138392857,1704.109375,15.950312915368485,2,1,85,0.67,0.3685,0.1,0.55,0.05,0.2,0.1,77,272.28943357030124,191.35165214538574,38,0.7068340903834293,1719.0205078125,19.406876467383704,2,2,86,0.67,0.3685,0.1,0.55,0.05,0.2,0.1
297,WorkloadAwareThreshold,0,NOOP,0.127016,0.338815,0.325784,0,77,272.28943357030124,191.35165214538574,38,0.7068340903834293,1719.0205078125,19.406876467383704,2,2,86,0.67,0.3685,0.1,0.55,0.05,0.2,0.1,74,305.78017374718974,162.83607482910156,41,0.6607025890815549,1733.68359375,21.484694078573753,2,3,87,0.67,0.402,0.05,0.6,0.05,0.2,0.1
298,WorkloadAwareThreshold,0,NOOP,0.118556,0.33898,0.316655,0,74,305.78017374718974,162.83607482910156,41,0.6607025890815549,1733.68359375,21.484694078573753,2,3,87,0.67,0.402,0.05,0.6,0.05,0.2,0.1,56,235.37531215552661,200.0710964202881,44,0.6202801791104403,1746.708984375,22.868818932390216,2,4,88,0.67,0.43550000000000005,0.05,0.65,0.05,0.15,0.1
299,WorkloadAwareThreshold,2,COMPACT_64KB,0.522913,0.289129,0.362031,0,56,235.37531215552661,200.0710964202881,44,0.6202801791104403,1746.708984375,22.868818932390216,2,4,88,0.67,0.43550000000000005,0.05,0.65,0.05,0.15,0.1,58,236.64545249379373,179.51273918151855,32,0.8391084671020508,1718.494140625,6.9962775640370065,2,0,89,0.67,0.46900000000000003,0.05,0.7,0.05,0.1,0.1
300,WorkloadAwareThreshold,0,NOOP,0.150452,0.339346,0.349129,0,58,236.64545249379373,179.51273918151855,32,0.8391084671020508,1718.494140625,6.9962775640370065,2,0,89,0.67,0.46900000000000003,0.05,0.7,0.05,0.1,0.1,84,345.10132605625114,159.9271297454834,35,0.7741354806082589,1734.0634765625,15.315002567255034,2,1,90,0.67,0.5025000000000001,0.05,0.75,0.05,0.1,0.05
301,WorkloadAwareThreshold,0,NOOP,0.106217,-0.036847,0.103827,0,84,345.10132605625114,159.9271297454834,35,0.7741354806082589,1734.0634765625,15.315002567255034,2,1,90,0.67,0.5025000000000001,0.05,0.75,0.05,0.1,0.05,283,732.5160371408506,181.97226524353027,50,0.5623330688476562,1799.4658203125,24.50308862924939,2,2,91,0.0,0.5025000000000001,0.05,0.75,0.0,0.1,0.1
302,WorkloadAwareThreshold,2,COMPACT_64KB,0.243328,0.28211,0.352979,0,283,732.5160371408506,181.97226524353027,50,0.5623330688476562,1799.4658203125,24.50308862924939,2,2,91,0.0,0.5025000000000001,0.05,0.75,0.0,0.1,0.1,214,640.6867941928682,156.6445827484131,35,0.7930607386997768,1776.4560546875,12.841446066691853,2,0,92,0.67,0.5025000000000001,0.05,0.75,0.0,0.1,0.1
303,WorkloadAwareThreshold,0,NOOP,0.108738,-0.035786,0.101343,0,214,640.6867941928682,156.6445827484131,35,0.7930607386997768,1776.4560546875,12.841446066691853,2,0,92,0.67,0.5025000000000001,0.05,0.75,0.0,0.1,0.1,261,756.4986735347552,432.2700500488281,50,0.5749407958984375,1839.810546875,24.052200032665297,2,1,93,0.0,0.5025000000000001,0.05,0.75,0.0,0.15,0.05
304,WorkloadAwareThreshold,2,COMPACT_64KB,0.246733,-0.085375,0.150891,0,261,756.4986735347552,432.2700500488281,50,0.5749407958984375,1839.810546875,24.052200032665297,2,1,93,0.0,0.5025000000000001,0.05,0.75,0.0,0.15,0.05,182,520.0727673574279,381.29258155822754,35,0.8100830078125,1814.5859375,11.250179721169648,2,0,94,0.0,0.5025000000000001,0.05,0.75,0.05,0.1,0.05
305,WorkloadAwareThreshold,0,NOOP,0.118258,0.333602,0.316873,0,182,520.0727673574279,381.29258155822754,35,0.8100830078125,1814.5859375,11.250179721169648,2,0,94,0.0,0.5025000000000001,0.05,0.75,0.05,0.1,0.05,226,710.0145266770583,177.9921054840088,47,0.6206658545960771,1866.962890625,23.05635175645742,2,1,95,0.67,0.5025000000000001,0.05,0.75,0.05,0.1,0.05
306,WorkloadAwareThreshold,2,COMPACT_64KB,0.245177,0.283925,0.354742,0,226,710.0145266770583,177.9921054840088,47,0.6206658545960771,1866.962890625,23.05635175645742,2,1,95,0.67,0.5025000000000001,0.05,0.75,0.05,0.1,0.05,151,516.9092066559804,162.24169731140137,36,0.8029327392578125,1849.95703125,11.898244386656451,2,0,96,0.67,0.5025000000000001,0.05,0.75,0.05,0.1,0.05
307,WorkloadAwareThreshold,0,NOOP,0.110907,0.334453,0.309891,0,151,516.9092066559804,162.24169731140137,36,0.8029327392578125,1849.95703125,11.898244386656451,2,0,96,0.67,0.5025000000000001,0.05,0.75,0.05,0.1,0.05,269,779.6394995460092,164.54815864562988,51,0.5864087273092831,1914.0380859375,23.86017979963196,2,1,97,0.67,0.5025000000000001,0.05,0.75,0.05,0.1,0.05
308,WorkloadAwareThreshold,2,COMPACT_64KB,0.248642,-0.092041,0.156029,0,269,779.6394995460092,164.54815864562988,51,0.5864087273092831,1914.0380859375,23.86017979963196,2,1,97,0.67,0.5025000000000001,0.05,0.75,0.05,0.1,0.05,195,476.81940556240244,221.11225128173828,36,0.8202573988172743,1889.873046875,8.560483238823332,2,0,98,0.0,0.46900000000000003,0.05,0.7,0.05,0.15,0.05
309,WorkloadAwareThreshold,0,NOOP,0.113373,-0.033211,0.110106,0,195,476.81940556240244,221.11225128173828,36,0.8202573988172743,1889.873046875,8.560483238823332,2,0,98,0.0,0.46900000000000003,0.05,0.7,0.05,0.15,0.05,273,793.3839175966332,227.13899612426758,51,0.5987414191750919,1954.2919921875,23.313736770711262,2,1,99,0.0,0.46900000000000003,0.05,0.7,0.05,0.1,0.1
310,WorkloadAwareThreshold,2,COMPACT_64KB,0.24405,0.285711,0.353869,0,273,793.3839175966332,227.13899612426758,51,0.5987414191750919,1954.2919921875,23.313736770711262,2,1,99,0.0,0.46900000000000003,0.05,0.7,0.05,0.1,0.1,265,748.6973027807453,152.03475952148438,38,0.7985462389494243,1942.064453125,10.54749710215427,2,0,100,0.67,0.46900000000000003,0.05,0.7,0.05,0.1,0.1
311,WorkloadAwareThreshold,0,NOOP,0.125873,0.336002,0.324733,0,265,748.6973027807453,152.03475952148438,38,0.7985462389494243,1942.064453125,10.54749710215427,2,0,100,0.67,0.46900000000000003,0.05,0.7,0.05,0.1,0.1,172,609.3545095104438,165.7395362854004,47,0.6587391305477062,1981.4873046875,20.855537060848366,2,1,101,0.67,0.46900000000000003,0.05,0.7,0.05,0.1,0.1
312,WorkloadAwareThreshold,0,NOOP,0.105888,0.344686,0.303255,0,172,609.3545095104438,165.7395362854004,47,0.6587391305477062,1981.4873046875,20.855537060848366,2,1,101,0.67,0.46900000000000003,0.05,0.7,0.05,0.1,0.1,194,663.5956192795413,251.65128707885742,56,0.564438956124442,2022.94921875,23.61215494151114,2,2,102,0.67,0.5025000000000001,0.0,0.75,0.05,0.1,0.1
313,WorkloadAwareThreshold,2,COMPACT_64KB,0.244192,0.286664,0.353621,0,194,663.5956192795413,251.65128707885742,56,0.564438956124442,2022.94921875,23.61215494151114,2,2,102,0.67,0.5025000000000001,0.0,0.75,0.05,0.1,0.1,238,618.2806170639602,172.77240753173828,39,0.7998825464493189,1996.5068359375,11.369983393793966,2,0,103,0.67,0.5025000000000001,0.0,0.75,0.05,0.1,0.1
314,WorkloadAwareThreshold,0,NOOP,0.119021,-0.039912,0.116064,0,238,618.2806170639602,172.77240753173828,39,0.7998825464493189,1996.5068359375,11.369983393793966,2,0,103,0.67,0.5025000000000001,0.0,0.75,0.05,0.1,0.1,201,625.2304442850775,211.59744262695312,51,0.6269788555070466,2046.458984375,22.45585705661754,2,1,104,0.0,0.46900000000000003,0.0,0.7,0.05,0.1,0.15
315,WorkloadAwareThreshold,2,COMPACT_64KB,0.243218,-0.08956,0.142952,0,201,625.2304442850775,211.59744262695312,51,0.6269788555070466,2046.458984375,22.45585705661754,2,1,104,0.0,0.46900000000000003,0.0,0.7,0.05,0.1,0.15,236,738.6299655852742,608.7641716003418,40,0.7956371307373047,2036.8310546875,10.68581275174184,2,0,105,0.0,0.43550000000000005,0.0,0.65,0.1,0.1,0.15
316,WorkloadAwareThreshold,0,NOOP,0.126373,-0.039344,0.121646,0,236,738.6299655852742,608.7641716003418,40,0.7956371307373047,2036.8310546875,10.68581275174184,2,0,105,0.0,0.43550000000000005,0.0,0.65,0.1,0.1,0.15,187,597.8717899072932,297.5759506225586,49,0.6624880420918368,2077.5625,20.55354059560388,2,1,106,0.0,0.402,0.05,0.6,0.1,0.1,0.15
317,WorkloadAwareThreshold,0,NOOP,0.10678,0.337747,0.305512,0,187,597.8717899072932,297.5759506225586,49,0.6624880420918368,2077.5625,20.55354059560388,2,1,106,0.0,0.402,0.05,0.6,0.1,0.1,0.15,166,567.35161069784,185.91022491455078,58,0.5701493888065733,2116.39453125,23.436918973237447,2,2,107,0.67,0.402,0.05,0.6,0.1,0.1,0.15
318,WorkloadAwareThreshold,2,COMPACT_64KB,0.246992,0.288011,0.356355,0,166,567.35161069784,185.91022491455078,58,0.5701493888065733,2116.39453125,23.436918973237447,2,2,107,0.67,0.402,0.05,0.6,0.1,0.1,0.15,214,672.0181604462247,177.31571197509766,40,0.8145076751708984,2085.1396484375,9.291833875543588,2,0,108,0.67,0.402,0.05,0.6,0.1,0.1,0.15
319,WorkloadAwareThreshold,0,NOOP,0.115176,0.338302,0.313649,0,214,672.0181604462247,177.31571197509766,40,0.8145076751708984,2085.1396484375,9.291833875543588,2,0,108,0.67,0.402,0.05,0.6,0.1,0.1,0.15,256,712.4017053981718,195.1003074645996,55,0.6102572354403409,2148.10546875,22.947667139888555,2,1,109,0.67,0.402,0.05,0.6,0.1,0.1,0.15
320,WorkloadAwareThreshold,2,COMPACT_64KB,0.246138,-0.088352,0.152694,0,256,712.4017053981718,195.1003074645996,55,0.6102572354403409,2148.10546875,22.947667139888555,2,1,109,0.67,0.402,0.05,0.6,0.1,0.1,0.15,208,618.6381207457849,268.92852783203125,41,0.8108617270865092,2127.701171875,10.032077737938852,2,0,110,0.0,0.3685,0.1,0.55,0.1,0.1,0.15
321,WorkloadAwareThreshold,0,NOOP,0.129125,0.347075,0.327846,0,208,618.6381207457849,268.92852783203125,41,0.8108617270865092,2127.701171875,10.032077737938852,2,0,110,0.0,0.3685,0.1,0.55,0.1,0.1,0.15,161,540.8251568136241,176.47433280944824,50,0.6768768310546875,2166.005859375,20.593061880484488,2,1,111,0.67,0.402,0.1,0.6,0.1,0.1,0.1
322,WorkloadAwareThreshold,0,NOOP,0.104087,-0.037928,0.092347,0,161,540.8251568136241,176.47433280944824,50,0.6768768310546875,2166.005859375,20.593061880484488,2,1,111,0.67,0.402,0.1,0.6,0.1,0.1,0.1,231,549.7315264731047,664.4737720489502,62,0.5591834283644154,2218.83984375,24.10432284160258,2,2,112,0.0,0.36850000000000005,0.1,0.55,0.15,0.1,0.1
323,WorkloadAwareThreshold,2,COMPACT_64KB,0.246255,-0.079338,0.152991,0,231,549.7315264731047,664.4737720489502,62,0.5591834283644154,2218.83984375,24.10432284160258,2,2,112,0.0,0.36850000000000005,0.1,0.55,0.15,0.1,0.1,219,664.7199550751739,261.13104820251465,42,0.8120702107747396,2182.8447265625,9.642415378286506,2,0,113,0.0,0.36850000000000005,0.1,0.55,0.15,0.1,0.1
324,WorkloadAwareThreshold,0,NOOP,0.116035,0.347777,0.314505,0,219,664.7199550751739,261.13104820251465,42,0.8120702107747396,2182.8447265625,9.642415378286506,2,0,113,0.0,0.36850000000000005,0.1,0.55,0.15,0.1,0.1,264,738.8965000890843,197.7365016937256,57,0.6157997532894737,2246.4375,22.75714367870314,2,1,114,0.67,0.402,0.1,0.6,0.1,0.1,0.1
325,WorkloadAwareThreshold,2,COMPACT_64KB,0.245932,0.289632,0.354882,0,264,738.8965000890843,197.7365016937256,57,0.6157997532894737,2246.4375,22.75714367870314,2,1,114,0.67,0.402,0.1,0.6,0.1,0.1,0.1,277,701.533046840233,201.66468620300293,43,0.8110784486282704,2232.087890625,9.783496514390729,2,0,115,0.67,0.402,0.1,0.6,0.1,0.1,0.1
326,WorkloadAwareThreshold,0,NOOP,0.116593,0.33987,0.315219,0,277,701.533046840233,201.66468620300293,43,0.8110784486282704,2232.087890625,9.783496514390729,2,0,115,0.67,0.402,0.1,0.6,0.1,0.1,0.1,294,749.924818102427,191.18046760559082,58,0.6192127096241918,2298.517578125,22.59426274873078,2,1,116,0.67,0.402,0.1,0.6,0.1,0.1,0.1
327,WorkloadAwareThreshold,2,COMPACT_64KB,0.242381,0.290097,0.350623,0,294,749.924818102427,191.18046760559082,58,0.6192127096241918,2298.517578125,22.59426274873078,2,1,116,0.67,0.402,0.1,0.6,0.1,0.1,0.1,293,830.9185796107242,239.56680297851562,45,0.7945732964409722,2288.37109375,11.994607642158801,2,0,117,0.67,0.402,0.1,0.6,0.1,0.1,0.1
328,WorkloadAwareThreshold,0,NOOP,0.1211,-0.028254,0.117805,0,293,830.9185796107242,239.56680297851562,45,0.7945732964409722,2288.37109375,11.994607642158801,2,0,117,0.67,0.402,0.1,0.6,0.1,0.1,0.1,205,522.0150066084203,235.97407341003418,57,0.6411247922663104,2338.8232421875,21.937923994986242,2,1,118,0.0,0.402,0.1,0.6,0.1,0.05,0.15
329,WorkloadAwareThreshold,2,COMPACT_64KB,0.244694,-0.078138,0.151256,0,205,522.0150066084203,235.97407341003418,57,0.6411247922663104,2338.8232421875,21.937923994986242,2,1,118,0.0,0.402,0.1,0.6,0.1,0.05,0.15,180,601.5710853741618,273.6494541168213,45,0.8061425103081598,2321.6904296875,9.713799166853905,2,0,119,0.0,0.402,0.1,0.6,0.1,0.1,0.1
330,WorkloadAwareThreshold,0,NOOP,0.130029,0.340506,0.328844,0,180,601.5710853741618,273.6494541168213,45,0.8061425103081598,2321.6904296875,9.713799166853905,2,0,119,0.0,0.402,0.1,0.6,0.1,0.1,0.1,197,671.5631658512004,176.76997184753418,54,0.6838949697989004,2363.541015625,19.755374911563326,2,1,120,0.67,0.402,0.1,0.6,0.1,0.1,0.1
331,WorkloadAwareThreshold,0,NOOP,0.101365,0.340701,0.300282,0,197,671.5631658512004,176.76997184753418,54,0.6838949697989004,2363.541015625,19.755374911563326,2,1,120,0.67,0.402,0.1,0.6,0.1,0.1,0.1,278,778.0970205178476,190.3831958770752,69,0.5499479874320652,2428.5703125,23.93156140332607,2,2,121,0.67,0.402,0.1,0.6,0.1,0.1,0.1
332,WorkloadAwareThreshold,2,COMPACT_64KB,0.245139,-0.086079,0.152635,0,278,778.0970205178476,190.3831958770752,69,0.5499479874320652,2428.5703125,23.93156140332607,2,2,121,0.67,0.402,0.1,0.6,0.1,0.1,0.1,190,455.3391655520086,228.16038131713867,46,0.8089888199515964,2381.6630859375,9.55333562393556,2,0,122,0.0,0.36850000000000005,0.1,0.55,0.1,0.1,0.15
333,WorkloadAwareThreshold,0,NOOP,0.117664,-0.035922,0.107185,0,190,455.3391655520086,228.16038131713867,46,0.8089888199515964,2381.6630859375,9.55333562393556,2,0,122,0.0,0.36850000000000005,0.1,0.55,0.1,0.1,0.15,268,730.072860925664,600.2273559570312,61,0.6264455826556097,2445.6435546875,22.228409976278627,2,1,123,0.0,0.335,0.1,0.5,0.15,0.1,0.15
334,WorkloadAwareThreshold,2,COMPACT_64KB,0.24829,-0.077445,0.154847,0,268,730.072860925664,600.2273559570312,61,0.6264455826556097,2445.6435546875,22.228409976278627,2,1,123,0.0,0.335,0.1,0.5,0.15,0.1,0.15,261,726.37315099579,275.09164810180664,46,0.8247445147970448,2428.0478515625,6.6133835831987895,2,0,124,0.0,0.335,0.1,0.5,0.15,0.15,0.1
335,WorkloadAwareThreshold,0,NOOP,0.133367,0.349497,0.329718,0,261,726.37315099579,275.09164810180664,46,0.8247445147970448,2428.0478515625,6.6133835831987895,2,0,124,0.0,0.335,0.1,0.5,0.15,0.15,0.1,182,622.9986231999379,301.22876167297363,55,0.7012107155539773,2468.26171875,19.02588466327439,2,1,125,0.67,0.36850000000000005,0.1,0.55,0.1,0.15,0.1
336,WorkloadAwareThreshold,0,NOOP,0.10431,-0.027283,0.097932,0,182,622.9986231999379,301.22876167297363,55,0.7012107155539773,2468.26171875,19.02588466327439,2,1,125,0.67,0.36850000000000005,0.1,0.55,0.1,0.15,0.1,271,749.6383461289622,406.4147472381592,70,0.5653002057756696,2532.544921875,23.76690913847074,2,2,126,0.0,0.36850000000000005,0.1,0.55,0.1,0.15,0.1
337,WorkloadAwareThreshold,2,COMPACT_64KB,0.242039,-0.085591,0.148132,0,271,749.6383461289622,406.4147472381592,70,0.5653002057756696,2532.544921875,23.76690913847074,2,2,126,0.0,0.36850000000000005,0.1,0.55,0.1,0.15,0.1,214,667.0732331959175,302.0594120025635,49,0.7953674939213967,2494.2724609375,11.219946456516922,2,0,127,0.0,0.335,0.1,0.5,0.1,0.2,0.1
338,WorkloadAwareThreshold,0,NOOP,0.11703,0.341385,0.315801,0,214,667.0732331959175,302.0594120025635,49,0.7953674939213967,2494.2724609375,11.219946456516922,2,0,127,0.0,0.335,0.1,0.5,0.1,0.2,0.1,296,840.111885537652,191.4525032043457,64,0.625150203704834,2560.615234375,22.134363389010606,2,1,128,0.67,0.335,0.1,0.5,0.1,0.2,0.1
339,WorkloadAwareThreshold,2,COMPACT_64KB,0.244791,-0.085385,0.150747,0,296,840.111885537652,191.4525032043457,64,0.625150203704834,2560.615234375,22.134363389010606,2,1,128,0.67,0.335,0.1,0.5,0.1,0.2,0.1,209,496.86362415163984,308.8853359222412,49,0.8091246935786033,2537.4150390625,8.66616667315356,2,0,129,0.0,0.30150000000000005,0.1,0.45,0.1,0.25,0.1
340,WorkloadAwareThreshold,0,NOOP,0.125088,0.349927,0.323051,0,209,496.86362415163984,308.8853359222412,49,0.8091246935786033,2537.4150390625,8.66616667315356,2,0,129,0.0,0.30150000000000005,0.1,0.45,0.1,0.25,0.1,236,697.069237513424,228.1053066253662,61,0.6635652135630123,2590.55859375,20.506309675201,2,1,130,0.67,0.335,0.05,0.5,0.1,0.25,0.1
341,WorkloadAwareThreshold,2,COMPACT_64KB,0.243865,0.2916,0.35347,0,236,697.069237513424,228.1053066253662,61,0.6635652135630123,2590.55859375,20.506309675201,2,1,130,0.67,0.335,0.05,0.5,0.1,0.25,0.1,191,633.6879147860396,177.6883602142334,50,0.8051193237304688,2576.3818359375,10.050061682117628,2,0,131,0.67,0.335,0.05,0.5,0.1,0.25,0.1
342,WorkloadAwareThreshold,0,NOOP,0.12474,0.350058,0.322034,0,191,633.6879147860396,177.6883602142334,50,0.8051193237304688,2576.3818359375,10.050061682117628,2,0,131,0.67,0.335,0.05,0.5,0.1,0.25,0.1,224,697.6206481505545,262.77875900268555,62,0.6624490061113911,2628.59765625,20.84001776736016,2,1,132,0.67,0.3685,0.05,0.55,0.05,0.25,0.1
343,WorkloadAwareThreshold,2,COMPACT_64KB,0.246423,0.30012,0.356152,0,224,697.6206481505545,262.77875900268555,62,0.6624490061113911,2628.59765625,20.84001776736016,2,1,132,0.67,0.3685,0.05,0.55,0.05,0.25,0.1,257,609.736179012859,171.48613929748535,50,0.8179110717773438,2617.3154296875,7.68165344761364,2,0,133,0.67,0.402,0.05,0.6,0.05,0.2,0.1
344,WorkloadAwareThreshold,0,NOOP,0.126886,-0.035047,0.121486,0,257,609.736179012859,171.48613929748535,50,0.8179110717773438,2617.3154296875,7.68165344761364,2,0,133,0.67,0.402,0.05,0.6,0.05,0.2,0.1,244,716.975545029806,347.51057624816895,62,0.6731788881363407,2671.173828125,20.26906024876115,2,1,134,0.0,0.3685,0.1,0.55,0.05,0.2,0.1
345,WorkloadAwareThreshold,2,COMPACT_64KB,0.242697,0.291876,0.352554,0,244,716.975545029806,347.51057624816895,62,0.6731788881363407,2671.173828125,20.26906024876115,2,1,134,0.0,0.3685,0.1,0.55,0.05,0.2,0.1,232,438.7396734290848,167.59490966796875,52,0.8005309471717248,2664.1669921875,10.497569007127849,2,0,135,0.67,0.36850000000000005,0.1,0.55,0.05,0.2,0.1
346,WorkloadAwareThreshold,0,NOOP,0.124564,0.341893,0.322712,0,232,438.7396734290848,167.59490966796875,52,0.8005309471717248,2664.1669921875,10.497569007127849,2,0,135,0.67,0.36850000000000005,0.1,0.55,0.05,0.2,0.1,210,629.5210643490939,222.61857986450195,64,0.6628215312957764,2714.9169921875,20.766735242038266,2,1,136,0.67,0.3685,0.1,0.55,0.05,0.2,0.1
347,WorkloadAwareThreshold,2,COMPACT_64KB,0.244896,-0.084971,0.146558,0,210,629.5210643490939,222.61857986450195,64,0.6628215312957764,2714.9169921875,20.766735242038266,2,1,136,0.67,0.3685,0.1,0.55,0.05,0.2,0.1,214,666.1949091718776,527.3511409759521,52,0.8115257850060096,2700.7578125,8.619797322317286,2,0,137,0.0,0.3350000000000001,0.1,0.5,0.1,0.2,0.1
348,WorkloadAwareThreshold,0,NOOP,0.12059,0.350336,0.319295,0,214,666.1949091718776,527.3511409759521,52,0.8115257850060096,2700.7578125,8.619797322317286,2,0,137,0.0,0.3350000000000001,0.1,0.5,0.1,0.2,0.1,270,552.4938333281294,198.4848976135254,67,0.6448234444233909,2765.0029296875,21.402594958728873,2,1,138,0.67,0.3685,0.1,0.55,0.1,0.2,0.05
349,WorkloadAwareThreshold,2,COMPACT_64KB,0.24461,-0.076529,0.151666,0,270,552.4938333281294,198.4848976135254,67,0.6448234444233909,2765.0029296875,21.402594958728873,2,1,138,0.67,0.3685,0.1,0.55,0.1,0.2,0.05,269,726.7823204491067,258.93592834472656,53,0.810722495025059,2749.970703125,8.117094032171728,2,0,139,0.0,0.36850000000000005,0.1,0.55,0.1,0.15,0.1
350,WorkloadAwareThreshold,0,NOOP,0.120836,-0.034886,0.109718,0,269,726.7823204491067,258.93592834472656,53,0.810722495025059,2749.970703125,8.117094032171728,2,0,139,0.0,0.36850000000000005,0.1,0.55,0.1,0.15,0.1,272,744.7423435232555,640.8541202545166,68,0.6466778025907629,2814.341796875,21.131040844210542,2,1,140,0.0,0.3350000000000001,0.1,0.5,0.15,0.15,0.1
351,WorkloadAwareThreshold,2,COMPACT_64KB,0.246739,0.29202,0.355243,0,272,744.7423435232555,640.8541202545166,68,0.6466778025907629,2814.341796875,21.131040844210542,2,1,140,0.0,0.3350000000000001,0.1,0.5,0.15,0.15,0.1,156,516.9782261390626,236.53602600097656,53,0.821367083855395,2786.0771484375,7.228154803268893,2,0,141,0.67,0.3350000000000001,0.1,0.5,0.15,0.15,0.1
352,WorkloadAwareThreshold,0,NOOP,0.122584,0.350431,0.321387,0,156,516.9782261390626,236.53602600097656,53,0.821367083855395,2786.0771484375,7.228154803268893,2,0,141,0.67,0.3350000000000001,0.1,0.5,0.15,0.15,0.1,291,790.8755792856773,194.83613967895508,68,0.6554206399356618,2852.390625,21.098239913187893,2,1,142,0.67,0.36850000000000005,0.1,0.55,0.15,0.15,0.05
353,WorkloadAwareThreshold,2,COMPACT_64KB,0.243682,0.300484,0.35347,0,291,790.8755792856773,194.83613967895508,68,0.6554206399356618,2852.390625,21.098239913187893,2,1,142,0.67,0.36850000000000005,0.1,0.55,0.15,0.15,0.05,290,773.5202138781698,174.835205078125,55,0.8073314319957386,2841.806640625,9.407292812844313,2,0,143,0.67,0.402,0.1,0.6,0.1,0.15,0.05
354,WorkloadAwareThreshold,0,NOOP,0.120952,0.350491,0.316872,0,290,773.5202138781698,174.835205078125,55,0.8073314319957386,2841.806640625,9.407292812844313,2,0,143,0.67,0.402,0.1,0.6,0.1,0.15,0.05,264,753.4893185570083,341.5038585662842,70,0.6485087803431919,2905.3193359375,21.30002920981114,2,1,144,0.67,0.43550000000000005,0.1,0.65,0.1,0.1,0.05
355,WorkloadAwareThreshold,2,COMPACT_64KB,0.243461,-0.084767,0.149106,0,264,753.4893185570083,341.5038585662842,70,0.6485087803431919,2905.3193359375,21.30002920981114,2,1,144,0.67,0.43550000000000005,0.1,0.65,0.1,0.1,0.05,283,618.0092051498857,333.2180976867676,56,0.8068520682198661,2891.7578125,8.935118740186793,2,0,145,0.0,0.402,0.1,0.6,0.1,0.15,0.05
356,WorkloadAwareThreshold,0,NOOP,0.126798,0.350479,0.325428,0,283,618.0092051498857,333.2180976867676,56,0.8068520682198661,2891.7578125,8.935118740186793,2,0,145,0.0,0.402,0.1,0.6,0.1,0.15,0.05,227,678.3423006471314,203.49860191345215,68,0.6764916812672335,2944.091796875,19.882511401006873,2,1,146,0.67,0.43550000000000005,0.05,0.65,0.1,0.15,0.05
357,WorkloadAwareThreshold,2,COMPACT_64KB,0.245491,0.300506,0.353553,0,227,678.3423006471314,203.49860191345215,68,0.6764916812672335,2944.091796875,19.882511401006873,2,1,146,0.67,0.43550000000000005,0.05,0.65,0.1,0.15,0.05,197,639.343947309778,262.3624801635742,56,0.8169991629464286,2928.125,6.77856868010741,2,0,147,0.67,0.46900000000000003,0.05,0.7,0.1,0.1,0.05
358,WorkloadAwareThreshold,0,NOOP,0.128398,-0.034715,0.121821,0,197,639.343947309778,262.3624801635742,56,0.8169991629464286,2928.125,6.77856868010741,2,0,147,0.67,0.46900000000000003,0.05,0.7,0.1,0.1,0.05,210,612.0369805473426,413.87295722961426,68,0.6844911014332491,2978.9052734375,19.452505786605983,2,1,148,0.0,0.43550000000000005,0.1,0.65,0.1,0.1,0.05
359,WorkloadAwareThreshold,2,COMPACT_64KB,0.241892,-0.076347,0.141318,0,210,612.0369805473426,413.87295722961426,68,0.6844911014332491,2978.9052734375,19.452505786605983,2,1,148,0.0,0.43550000000000005,0.1,0.65,0.1,0.1,0.05,218,665.7286085607985,646.6593742370605,58,0.8002574526030442,2970.5556640625,10.062411071291159,2,0,149,0.0,0.43550000000000005,0.1,0.65,0.15,0.05,0.05
360,WorkloadAwareThreshold,0,NOOP,0.131972,-0.034752,0.11946,0,218,665.7286085607985,646.6593742370605,58,0.8002574526030442,2970.5556640625,10.062411071291159,2,0,149,0.0,0.43550000000000005,0.1,0.65,0.15,0.05,0.05,162,377.23775435253674,709.3551158905029,67,0.7017371334246735,3009.048828125,18.644989561921864,2,1,150,0.0,0.402,0.1,0.6,0.2,0.05,0.05
361,WorkloadAwareThreshold,0,NOOP,0.111201,0.342127,0.308982,0,162,377.23775435253674,709.3551158905029,67,0.7017371334246735,3009.048828125,18.644989561921864,2,1,150,0.0,0.402,0.1,0.6,0.2,0.05,0.05,220,650.7038626306789,259.69600677490234,79,0.6053781630117682,3060.7919921875,22.567304842044926,2,2,151,0.67,0.402,0.1,0.6,0.2,0.05,0.05
362,WorkloadAwareThreshold,2,COMPACT_64KB,0.241975,0.2921,0.350683,0,220,650.7038626306789,259.69600677490234,79,0.6053781630117682,3060.7919921875,22.567304842044926,2,2,151,0.67,0.402,0.1,0.6,0.2,0.05,0.05,229,494.8796676949013,233.83760452270508,59,0.8012972039691473,3025.6982421875,9.228320489454832,2,0,152,0.67,0.402,0.1,0.6,0.2,0.05,0.05
363,WorkloadAwareThreshold,0,NOOP,0.126663,0.34207,0.325103,0,229,494.8796676949013,233.83760452270508,59,0.8012972039691473,3025.6982421875,9.228320489454832,2,0,152,0.67,0.402,0.1,0.6,0.2,0.05,0.05,242,698.4517875513076,216.76063537597656,71,0.6776905328455106,3079.42578125,19.564513291130478,2,1,153,0.67,0.402,0.1,0.6,0.2,0.05,0.05
364,WorkloadAwareThreshold,2,COMPACT_64KB,0.244107,-0.076446,0.148017,0,242,698.4517875513076,216.76063537597656,71,0.6776905328455106,3079.42578125,19.564513291130478,2,1,153,0.67,0.402,0.1,0.6,0.2,0.05,0.05,231,676.5422145753963,423.7208366394043,59,0.8119555974410753,3065.9443359375,8.05994951774494,2,0,154,0.0,0.402,0.1,0.6,0.2,0.05,0.05
365,WorkloadAwareThreshold,0,NOOP,0.128449,0.342018,0.325973,0,231,676.5422145753963,423.7208366394043,59,0.8119555974410753,3065.9443359375,8.05994951774494,2,0,154,0.0,0.402,0.1,0.6,0.2,0.05,0.05,246,524.5118770206795,262.5250816345215,71,0.6866190735722931,3119.9970703125,19.36081691995956,2,1,155,0.67,0.402,0.1,0.6,0.2,0.05,0.05
366,WorkloadAwareThreshold,2,COMPACT_64KB,0.243773,0.291988,0.353258,0,246,524.5118770206795,262.5250816345215,71,0.6866190735722931,3119.9970703125,19.36081691995956,2,1,155,0.67,0.402,0.1,0.6,0.2,0.05,0.05,277,747.7560397619944,196.18535041809082,60,0.8109079996744791,3113.88671875,7.995529005734926,2,0,156,0.67,0.402,0.1,0.6,0.2,0.05,0.05
367,WorkloadAwareThreshold,0,NOOP,0.13417,-0.026523,0.127881,0,277,747.7560397619944,196.18535041809082,60,0.8109079996744791,3113.88671875,7.995529005734926,2,0,156,0.67,0.402,0.1,0.6,0.2,0.05,0.05,168,544.7514420032887,400.7401466369629,69,0.7139766527258832,3152.9208984375,17.772414934807834,2,1,157,0.0,0.402,0.1,0.6,0.15,0.1,0.05
368,WorkloadAwareThreshold,0,NOOP,0.118143,-0.034921,0.113132,0,168,544.7514420032887,400.7401466369629,69,0.7139766527258832,3152.9208984375,17.772414934807834,2,1,157,0.0,0.402,0.1,0.6,0.15,0.1,0.05,170,407.27492063347,348.0415344238281,78,0.6394665057842548,3192.216796875,21.34485502836849,2,2,158,0.0,0.36850000000000005,0.1,0.55,0.15,0.1,0.1
369,WorkloadAwareThreshold,2,COMPACT_64KB,0.243577,0.300287,0.352044,0,170,407.27492063347,348.0415344238281,78,0.6394665057842548,3192.216796875,21.34485502836849,2,2,158,0.0,0.36850000000000005,0.1,0.55,0.15,0.1,0.1,216,637.5793580641711,248.35491180419922,61,0.8105541291784067,3164.4033203125,7.518885838370099,2,0,159,0.67,0.402,0.1,0.6,0.15,0.1,0.05
370,WorkloadAwareThreshold,0,NOOP,0.134336,0.350254,0.330823,0,216,637.5793580641711,248.35491180419922,61,0.8105541291784067,3164.4033203125,7.518885838370099,2,0,159,0.67,0.402,0.1,0.6,0.15,0.1,0.05,188,605.4980042725001,313.19117546081543,70,0.715431649344308,3205.1337890625,17.43811385265033,2,1,160,0.67,0.43550000000000005,0.1,0.65,0.1,0.1,0.05
371,WorkloadAwareThreshold,0,NOOP,0.109618,0.341832,0.308242,0,188,605.4980042725001,313.19117546081543,70,0.715431649344308,3205.1337890625,17.43811385265033,2,1,160,0.67,0.43550000000000005,0.1,0.65,0.1,0.1,0.05,285,566.5907058159393,225.0692844390869,85,0.601216215245864,3270.6162109375,22.409957803944124,2,2,161,0.67,0.43550000000000005,0.1,0.65,0.1,0.1,0.05
372,WorkloadAwareThreshold,2,COMPACT_64KB,0.241574,-0.085081,0.143249,0,285,566.5907058159393,225.0692844390869,85,0.601216215245864,3270.6162109375,22.409957803944124,2,2,161,0.67,0.43550000000000005,0.1,0.65,0.1,0.1,0.05,263,680.1042886384374,540.4994487762451,63,0.8017924475291419,3232.8271484375,8.560070319543756,2,0,162,0.0,0.402,0.1,0.6,0.1,0.15,0.05
373,WorkloadAwareThreshold,0,NOOP,0.133046,-0.035114,0.12637,0,263,680.1042886384374,540.4994487762451,63,0.8017924475291419,3232.8271484375,8.560070319543756,2,0,162,0.0,0.402,0.1,0.6,0.1,0.15,0.05,177,469.92504030550526,423.81882667541504,72,0.7102319929334853,3272.7490234375,17.544383876801536,2,1,163,0.0,0.36850000000000005,0.1,0.55,0.1,0.2,0.05
374,WorkloadAwareThreshold,0,NOOP,0.108933,0.341692,0.307712,0,177,469.92504030550526,423.81882667541504,72,0.7102319929334853,3272.7490234375,17.544383876801536,2,1,163,0.0,0.36850000000000005,0.1,0.55,0.1,0.2,0.05,255,715.8363267281208,219.77972984313965,87,0.5990404150951868,3335.45703125,22.363925133257045,2,2,164,0.67,0.36850000000000005,0.1,0.55,0.1,0.2,0.05
375,WorkloadAwareThreshold,2,COMPACT_64KB,0.239688,-0.076878,0.137329,0,255,715.8363267281208,219.77972984313965,87,0.5990404150951868,3335.45703125,22.363925133257045,2,2,164,0.67,0.36850000000000005,0.1,0.55,0.1,0.2,0.05,291,813.1496236524038,744.661808013916,65,0.7936105581430288,3301.419921875,8.694268776419953,2,0,165,0.0,0.36850000000000005,0.1,0.55,0.15,0.15,0.05
376,WorkloadAwareThreshold,0,NOOP,0.126535,0.341608,0.3252,0,291,813.1496236524038,744.661808013916,65,0.7936105581430288,3301.419921875,8.694268776419953,2,0,165,0.0,0.36850000000000005,0.1,0.55,0.15,0.15,0.05,240,720.2252901985026,213.02533149719238,77,0.6808015897676543,3354.990234375,18.701988543955895,2,1,166,0.67,0.36850000000000005,0.1,0.55,0.15,0.15,0.05
377,WorkloadAwareThreshold,2,COMPACT_64KB,0.244253,-0.085299,0.144356,0,240,720.2252901985026,213.02533149719238,77,0.6808015897676543,3354.990234375,18.701988543955895,2,1,166,0.67,0.36850000000000005,0.1,0.55,0.15,0.15,0.05,254,699.1961031264377,620.3038692474365,64,0.8158116340637207,3341.564453125,7.697787315350655,2,0,167,0.0,0.335,0.15,0.5,0.15,0.15,0.05
378,WorkloadAwareThreshold,0,NOOP,0.135561,-0.026929,0.128387,0,254,699.1961031264377,620.3038692474365,64,0.8158116340637207,3341.564453125,7.697787315350655,2,0,167,0.0,0.335,0.15,0.5,0.15,0.15,0.05,160,446.68487782019946,449.94354248046875,73,0.7234285955559717,3379.8583984375,17.433229717032827,2,1,168,0.0,0.3350000000000001,0.15,0.5,0.15,0.15,0.05
379,WorkloadAwareThreshold,0,NOOP,0.115468,-0.026962,0.111154,0,160,446.68487782019946,449.94354248046875,73,0.7234285955559717,3379.8583984375,17.433229717032827,2,1,168,0.0,0.3350000000000001,0.15,0.5,0.15,0.15,0.05,200,574.6558685593953,321.9573497772217,85,0.6304669548483456,3429.740234375,21.873722797716304,2,2,169,0.0,0.3350000000000001,0.15,0.5,0.1,0.15,0.1
380,WorkloadAwareThreshold,2,COMPACT_64KB,0.244107,0.299876,0.351659,0,200,574.6558685593953,321.9573497772217,85,0.6304669548483456,3429.740234375,21.873722797716304,2,2,169,0.0,0.3350000000000001,0.15,0.5,0.1,0.15,0.1,208,612.1018018940866,299.1030216217041,65,0.815704345703125,3393.330078125,7.614689226540523,2,0,170,0.67,0.36850000000000005,0.15,0.55,0.05,0.15,0.1
381,WorkloadAwareThreshold,0,NOOP,0.135661,0.341458,0.33377,0,208,612.1018018940866,299.1030216217041,65,0.815704345703125,3393.330078125,7.614689226540523,2,0,170,0.67,0.36850000000000005,0.15,0.55,0.05,0.15,0.1,158,404.911008788652,237.07103729248047,74,0.7245549382390203,3431.4921875,17.321953011889313,2,1,171,0.67,0.3685,0.15,0.55,0.05,0.15,0.1
382,WorkloadAwareThreshold,0,NOOP,0.120372,-0.035438,0.112992,0,158,404.911008788652,237.07103729248047,74,0.7245549382390203,3431.4921875,17.321953011889313,2,1,171,0.67,0.3685,0.15,0.55,0.05,0.15,0.1,191,621.6527317466464,472.7444648742676,83,0.6537341382130083,3472.6357421875,20.93167921678075,2,2,172,0.0,0.3350000000000001,0.2,0.5,0.05,0.15,0.1
383,WorkloadAwareThreshold,2,COMPACT_64KB,0.243882,0.291383,0.353159,0,191,621.6527317466464,472.7444648742676,83,0.6537341382130083,3472.6357421875,20.93167921678075,2,2,172,0.0,0.3350000000000001,0.2,0.5,0.05,0.15,0.1,207,588.246285099475,214.0791416168213,66,0.8152038111831202,3443.4208984375,8.127397687208925,2,0,173,0.67,0.335,0.2,0.5,0.05,0.15,0.1
384,WorkloadAwareThreshold,0,NOOP,0.135679,0.349725,0.333782,0,207,588.246285099475,214.0791416168213,66,0.8152038111831202,3443.4208984375,8.127397687208925,2,0,173,0.67,0.335,0.2,0.5,0.05,0.15,0.1,155,371.897784288948,238.5852336883545,75,0.7252699788411459,3481.2958984375,17.444170270023015,2,1,174,0.67,0.3685,0.15,0.55,0.05,0.15,0.1
385,WorkloadAwareThreshold,0,NOOP,0.116105,0.341309,0.313714,0,155,371.897784288948,238.5852336883545,75,0.7252699788411459,3481.2958984375,17.444170270023015,2,1,174,0.67,0.3685,0.15,0.55,0.05,0.15,0.1,243,695.0330135540238,278.2773971557617,87,0.6348982186153017,3535.11328125,21.757864489684664,2,2,175,0.67,0.3685,0.15,0.55,0.05,0.15,0.1
386,WorkloadAwareThreshold,2,COMPACT_64KB,0.241843,0.291243,0.350505,0,243,695.0330135540238,278.2773971557617,87,0.6348982186153017,3535.11328125,21.757864489684664,2,2,175,0.67,0.3685,0.15,0.55,0.05,0.15,0.1,296,763.023483527114,247.34187126159668,68,0.8062607260311351,3508.8466796875,9.293079152223983,2,0,176,0.67,0.3685,0.15,0.55,0.05,0.15,0.1
387,WorkloadAwareThreshold,0,NOOP,0.12423,-0.027315,0.11429,0,296,763.023483527114,247.34187126159668,68,0.8062607260311351,3508.8466796875,9.293079152223983,2,0,176,0.67,0.3685,0.15,0.55,0.05,0.15,0.1,292,762.2964732009204,600.7065773010254,83,0.6730227183146649,3575.0966796875,20.10733193446044,2,1,177,0.0,0.3685,0.2,0.55,0.05,0.1,0.1
388,WorkloadAwareThreshold,2,COMPACT_64KB,0.241453,-0.077388,0.139766,0,292,762.2964732009204,600.7065773010254,83,0.6730227183146649,3575.0966796875,20.10733193446044,2,1,177,0.0,0.3685,0.2,0.55,0.05,0.1,0.1,211,616.7728730873903,716.0811424255371,69,0.8049373903136322,3554.603515625,9.806544592463293,2,0,178,0.0,0.36850000000000005,0.2,0.55,0.1,0.1,0.05
389,WorkloadAwareThreshold,0,NOOP,0.129018,0.341093,0.32587,0,211,616.7728730873903,716.0811424255371,69,0.8049373903136322,3554.603515625,9.806544592463293,2,0,178,0.0,0.36850000000000005,0.2,0.55,0.1,0.1,0.05,222,675.2354372329092,308.67671966552734,81,0.6957161985797646,3606.5927734375,19.13808605438499,2,1,179,0.67,0.36850000000000005,0.2,0.55,0.1,0.1,0.05
390,WorkloadAwareThreshold,2,COMPACT_64KB,0.243249,0.291031,0.351799,0,222,675.2354372329092,308.67671966552734,81,0.6957161985797646,3606.5927734375,19.13808605438499,2,1,179,0.67,0.36850000000000005,0.2,0.55,0.1,0.1,0.05,238,477.6668156418165,254.20904159545898,69,0.8139139811197916,3594.244140625,8.75972378952787,2,0,180,0.67,0.36850000000000005,0.2,0.55,0.1,0.1,0.05
391,WorkloadAwareThreshold,0,NOOP,0.13581,0.340973,0.334336,0,238,477.6668156418165,254.20904159545898,69,0.8139139811197916,3594.244140625,8.75972378952787,2,0,180,0.67,0.36850000000000005,0.2,0.55,0.1,0.1,0.05,167,522.6301358415445,221.2224006652832,78,0.7278002225435697,3633.1787109375,17.42858884818098,2,1,181,0.67,0.3685,0.2,0.55,0.1,0.1,0.05
392,WorkloadAwareThreshold,0,NOOP,0.121076,-0.027586,0.113678,0,167,522.6301358415445,221.2224006652832,78,0.7278002225435697,3633.1787109375,17.42858884818098,2,1,181,0.67,0.3685,0.2,0.55,0.1,0.1,0.05,181,566.5432021743251,478.6355495452881,87,0.6597528567259339,3673.50390625,20.93689917891759,2,2,182,0.0,0.36850000000000005,0.25,0.55,0.1,0.05,0.05
393,WorkloadAwareThreshold,2,COMPACT_64KB,0.242878,-0.077603,0.140099,0,181,566.5432021743251,478.6355495452881,87,0.6597528567259339,3673.50390625,20.93689917891759,2,2,182,0.0,0.36850000000000005,0.25,0.55,0.1,0.05,0.05,160,400.21769921320794,771.8970775604248,70,0.8126865931919642,3640.8359375,7.956373759776182,2,0,183,0.0,0.36850000000000005,0.25,0.55,0.15,0.0,0.05
394,WorkloadAwareThreshold,0,NOOP,0.130429,-0.036034,0.125971,0,160,400.21769921320794,771.8970775604248,70,0.8126865931919642,3640.8359375,7.956373759776182,2,0,183,0.0,0.36850000000000005,0.25,0.55,0.15,0.0,0.05,207,583.5449453872361,325.3962993621826,82,0.7033948200504955,3691.416015625,18.5179652636431,2,1,184,0.0,0.3350000000000001,0.25,0.5,0.15,0.0,0.1
395,WorkloadAwareThreshold,2,COMPACT_64KB,0.244731,0.299131,0.350514,0,207,583.5449453872361,325.3962993621826,82,0.7033948200504955,3691.416015625,18.5179652636431,2,1,184,0.0,0.3350000000000001,0.25,0.5,0.15,0.0,0.1,275,748.9964752605891,393.7678337097168,70,0.8219491141183036,3682.33203125,6.199908385965821,2,0,185,0.67,0.36850000000000005,0.25,0.55,0.1,0.0,0.1
396,WorkloadAwareThreshold,0,NOOP,0.127045,-0.03617,0.118787,0,275,748.9964752605891,393.7678337097168,70,0.8219491141183036,3682.33203125,6.199908385965821,2,0,185,0.67,0.36850000000000005,0.25,0.55,0.1,0.0,0.1,250,601.4208218191245,519.167423248291,85,0.6883510813993566,3744.6298828125,19.41305117508268,2,1,186,0.0,0.3350000000000001,0.3,0.5,0.1,0.0,0.1
397,WorkloadAwareThreshold,2,COMPACT_64KB,0.24185,0.299038,0.351675,0,250,601.4208218191245,519.167423248291,85,0.6883510813993566,3744.6298828125,19.41305117508268,2,1,186,0.0,0.3350000000000001,0.3,0.5,0.1,0.0,0.1,204,579.0430486791421,194.22292709350586,72,0.8087950812445747,3726.927734375,8.85995798374141,2,0,187,0.67,0.36850000000000005,0.25,0.55,0.1,0.0,0.1
398,WorkloadAwareThreshold,0,NOOP,0.135154,0.349013,0.332101,0,204,579.0430486791421,194.22292709350586,72,0.8087950812445747,3726.927734375,8.85995798374141,2,0,187,0.67,0.36850000000000005,0.25,0.55,0.1,0.0,0.1,164,532.7758667428809,303.90095710754395,81,0.726397102261767,3765.642578125,17.174450922506207,2,1,188,0.67,0.402,0.2,0.6,0.1,0.0,0.1
399,WorkloadAwareThreshold,0,NOOP,0.112611,0.348954,0.310084,0,164,532.7758667428809,303.90095710754395,81,0.726397102261767,3765.642578125,17.174450922506207,2,1,188,0.67,0.402,0.2,0.6,0.1,0.0,0.1,250,627.8262858429297,296.38028144836426,96,0.6230567296346029,3828.060546875,22.071355069774395,2,2,189,0.67,0.43550000000000005,0.2,0.65,0.1,0.0,0.05
400,WorkloadAwareThreshold,2,COMPACT_64KB,0.239958,-0.086374,0.146643,0,250,627.8262858429297,296.38028144836426,96,0.6230567296346029,3828.060546875,22.071355069774395,2,2,189,0.67,0.43550000000000005,0.2,0.65,0.1,0.0,0.05,262,688.6572861865296,303.68590354919434,74,0.8005832981418919,3791.5625,9.494503536516454,2,0,190,0.0,0.402,0.2,0.6,0.1,0.0,0.1
401,WorkloadAwareThreshold,0,NOOP,0.133835,-0.036398,0.107703,0,262,688.6572861865296,303.68590354919434,74,0.8005832981418919,3791.5625,9.494503536516454,2,0,190,0.0,0.402,0.2,0.6,0.1,0.0,0.1,163,445.97726510690984,1410.3353023529053,83,0.7210509518542921,3830.22265625,17.20235406842279,2,1,191,0.0,0.36850000000000005,0.2,0.55,0.15,0.0,0.1
402,WorkloadAwareThreshold,0,NOOP,0.115889,-0.028074,0.104375,0,163,445.97726510690984,1410.3353023529053,83,0.7210509518542921,3830.22265625,17.20235406842279,2,1,191,0.0,0.36850000000000005,0.2,0.55,0.15,0.0,0.1,243,700.5762699981098,694.450855255127,95,0.6388193230879934,3884.021484375,21.255910682844686,2,2,192,0.0,0.36850000000000005,0.15,0.55,0.15,0.05,0.1
403,WorkloadAwareThreshold,2,COMPACT_64KB,0.242136,-0.086495,0.141392,0,243,700.5762699981098,694.450855255127,95,0.6388193230879934,3884.021484375,21.255910682844686,2,2,192,0.0,0.36850000000000005,0.15,0.55,0.15,0.05,0.1,199,474.16743037179356,675.1542091369629,74,0.8114758053341428,3843.1494140625,7.131041356621461,2,0,193,0.0,0.3350000000000001,0.2,0.5,0.15,0.05,0.1
404,WorkloadAwareThreshold,0,NOOP,0.126022,-0.03655,0.113467,0,199,474.16743037179356,675.1542091369629,74,0.8114758053341428,3843.1494140625,7.131041356621461,2,0,193,0.0,0.3350000000000001,0.2,0.5,0.15,0.05,0.1,254,483.2208834612726,739.0069961547852,89,0.6857370097985428,3905.9580078125,19.11414867222247,2,1,194,0.0,0.30150000000000005,0.25,0.45,0.15,0.05,0.1
405,WorkloadAwareThreshold,2,COMPACT_64KB,0.243716,-0.086592,0.147621,0,254,483.2208834612726,739.0069961547852,89,0.6857370097985428,3905.9580078125,19.11414867222247,2,1,194,0.0,0.30150000000000005,0.25,0.45,0.15,0.05,0.1,182,412.19613141232287,442.7065849304199,74,0.8193738782728041,3880.5546875,6.2301512390413345,2,0,195,0.0,0.268,0.25,0.4,0.15,0.05,0.15
406,WorkloadAwareThreshold,0,NOOP,0.137168,-0.036636,0.126236,0,182,412.19613141232287,442.7065849304199,74,0.8193738782728041,3880.5546875,6.2301512390413345,2,0,195,0.0,0.268,0.25,0.4,0.15,0.05,0.15,158,397.0607987710109,650.3586769104004,83,0.7377161232821913,3918.748046875,16.18362356090912,2,1,196,0.0,0.23450000000000001,0.25,0.35,0.15,0.1,0.15
407,WorkloadAwareThreshold,0,NOOP,0.114805,-0.028335,0.100543,0,158,397.0607987710109,650.3586769104004,83,0.7377161232821913,3918.748046875,16.18362356090912,2,1,196,0.0,0.23450000000000001,0.25,0.35,0.15,0.1,0.15,288,553.7999614894417,835.6044292449951,98,0.6352766387316645,3984.455078125,21.48921655440412,2,2,197,0.0,0.23450000000000001,0.25,0.35,0.15,0.1,0.15
408,WorkloadAwareThreshold,2,COMPACT_64KB,0.241727,0.298497,0.349889,0,288,553.7999614894417,835.6044292449951,98,0.6352766387316645,3984.455078125,21.48921655440412,2,2,197,0.0,0.23450000000000001,0.25,0.35,0.15,0.1,0.15,215,446.45880861850446,282.32383728027344,76,0.8106793855365954,3943.14453125,8.20781342830525,2,0,198,0.67,0.268,0.25,0.4,0.1,0.1,0.15
409,WorkloadAwareThreshold,0,NOOP,0.130888,-0.036803,0.118072,0,215,446.45880861850446,282.32383728027344,76,0.8106793855365954,3943.14453125,8.20781342830525,2,0,198,0.67,0.268,0.25,0.4,0.1,0.1,0.15,227,478.25515159034614,750.8172988891602,88,0.7094423120672052,3995.5791015625,18.08488373500175,2,1,199,0.0,0.23450000000000001,0.25,0.35,0.1,0.15,0.15
410,WorkloadAwareThreshold,2,COMPACT_64KB,0.24354,-0.086894,0.131755,0,227,478.25515159034614,750.8172988891602,88,0.7094423120672052,3995.5791015625,18.08488373500175,2,1,199,0.0,0.23450000000000001,0.25,0.35,0.1,0.15,0.15,282,514.6806282722513,1229.7074794769287,76,0.8197465193899054,3987.2470703125,5.989840279484192,2,0,200,0.0,0.201,0.25,0.3,0.15,0.15,0.15
411,WorkloadAwareThreshold,0,NOOP,0.12784,-0.036974,0.103004,0,282,514.6806282722513,1229.7074794769287,76,0.8197465193899054,3987.2470703125,5.989840279484192,2,0,200,0.0,0.201,0.25,0.3,0.15,0.15,0.15,297,545.3682263939479,1355.5479049682617,91,0.6960747687371223,4053.939453125,18.733332387980784,2,1,201,0.0,0.1675,0.25,0.25,0.2,0.15,0.15
412,WorkloadAwareThreshold,2,COMPACT_64KB,0.243259,-0.078653,0.146637,0,297,545.3682263939479,1355.5479049682617,91,0.6960747687371223,4053.939453125,18.733332387980784,2,1,201,0.0,0.1675,0.25,0.25,0.2,0.15,0.15,234,514.6930438859341,472.78785705566406,77,0.8189651687423904,4035.8603515625,6.51497488126358,2,0,202,0.0,0.1675,0.2,0.25,0.2,0.15,0.2
413,WorkloadAwareThreshold,0,NOOP,0.127758,0.348171,0.323948,0,234,514.6930438859341,472.78785705566406,77,0.8189651687423904,4035.8603515625,6.51497488126358,2,0,202,0.0,0.1675,0.2,0.25,0.2,0.15,0.2,266,524.009250718133,355.5269241333008,92,0.6962913844896399,4099.763671875,18.852567629350176,2,1,203,0.67,0.201,0.2,0.3,0.15,0.15,0.2
414,WorkloadAwareThreshold,2,COMPACT_64KB,0.240886,-0.078782,0.144411,0,266,524.009250718133,355.5269241333008,92,0.6962913844896399,4099.763671875,18.852567629350176,2,1,203,0.67,0.201,0.2,0.3,0.15,0.15,0.2,273,508.6570435793123,467.95105934143066,79,0.8083490299273141,4087.0126953125,8.495682161163746,2,0,204,0.0,0.201,0.2,0.3,0.15,0.15,0.2
415,WorkloadAwareThreshold,0,NOOP,0.130787,-0.037232,0.122997,0,273,508.6570435793123,467.95105934143066,79,0.8083490299273141,4087.0126953125,8.495682161163746,2,0,204,0.0,0.201,0.2,0.3,0.15,0.15,0.2,231,508.3476695061985,503.26061248779297,91,0.7108124114654877,4139.771484375,17.945227558524387,2,1,205,0.0,0.1675,0.2,0.25,0.15,0.15,0.25
416,WorkloadAwareThreshold,2,COMPACT_64KB,0.240481,-0.078914,0.143452,0,231,508.3476695061985,503.26061248779297,91,0.7108124114654877,4139.771484375,17.945227558524387,2,1,205,0.0,0.1675,0.2,0.25,0.15,0.15,0.25,251,495.35581600738914,496.9162940979004,80,0.8069515228271484,4131.591796875,7.836310559721224,2,0,206,0.0,0.1675,0.15,0.25,0.15,0.15,0.3
417,WorkloadAwareThreshold,0,NOOP,0.126169,0.339527,0.322813,0,251,495.35581600738914,496.9162940979004,80,0.8069515228271484,4131.591796875,7.836310559721224,2,0,206,0.0,0.1675,0.15,0.25,0.15,0.15,0.3,277,538.091155104659,336.52782440185547,95,0.6902183131167763,4196.52734375,18.77529508367532,2,1,207,0.67,0.1675,0.15,0.25,0.15,0.15,0.3
418,WorkloadAwareThreshold,2,COMPACT_64KB,0.242142,-0.087408,0.129952,0,277,538.091155104659,336.52782440185547,95,0.6902183131167763,4196.52734375,18.77529508367532,2,1,207,0.67,0.1675,0.15,0.25,0.15,0.15,0.3,216,479.6357949461848,1254.969596862793,80,0.8152578353881836,4174.1201171875,6.836600320247553,2,0,208,0.0,0.134,0.15,0.2,0.2,0.15,0.3
419,WorkloadAwareThreshold,0,NOOP,0.136808,-0.037445,0.128455,0,216,479.6357949461848,1254.969596862793,80,0.8152578353881836,4174.1201171875,6.836600320247553,2,0,208,0.0,0.134,0.15,0.2,0.2,0.15,0.3,167,368.57712928716023,528.8753509521484,89,0.7396643134985077,4213.1279296875,15.88750618335485,2,1,209,0.0,0.1005,0.15,0.15,0.2,0.15,0.35
420,WorkloadAwareThreshold,0,NOOP,0.115606,-0.029135,0.085701,0,167,368.57712928716023,528.8753509521484,89,0.7396643134985077,4213.1279296875,15.88750618335485,2,1,209,0.0,0.1005,0.15,0.15,0.2,0.15,0.35,299,579.0669597177844,1625.279188156128,104,0.6430309002216046,4280.013671875,21.091740365070315,2,2,210,0.0,0.1005,0.15,0.15,0.25,0.15,0.3
421,WorkloadAwareThreshold,2,COMPACT_64KB,0.238522,-0.079186,0.124488,0,299,579.0669597177844,1625.279188156128,104,0.6430309002216046,4280.013671875,21.091740365070315,2,2,210,0.0,0.1005,0.15,0.15,0.25,0.15,0.3,253,509.0858513557598,1350.8837223052979,83,0.7990288791886295,4244.44140625,8.693369246095928,2,0,211,0.0,0.1005,0.15,0.15,0.25,0.15,0.3
422,WorkloadAwareThreshold,0,NOOP,0.134064,-0.029247,0.108321,0,253,509.0858513557598,1350.8837223052979,83,0.7990288791886295,4244.44140625,8.693369246095928,2,0,211,0.0,0.1005,0.15,0.15,0.25,0.15,0.3,190,442.1226964389638,1402.1236896514893,92,0.7278191939644192,4285.3994140625,16.181686201294614,2,1,212,0.0,0.1005,0.15,0.15,0.3,0.1,0.3
423,WorkloadAwareThreshold,0,NOOP,0.11735,-0.029276,0.088514,0,190,442.1226964389638,1402.1236896514893,92,0.7278191939644192,4285.3994140625,16.181686201294614,2,1,212,0.0,0.1005,0.15,0.15,0.3,0.1,0.3,228,466.517118613144,1571.7806816101074,104,0.6517505645751953,4338.0517578125,20.367684085642082,2,2,213,0.0,0.1005,0.1,0.15,0.35,0.1,0.3
424,WorkloadAwareThreshold,2,COMPACT_64KB,0.240434,0.297559,0.347309,0,228,466.517118613144,1571.7806816101074,104,0.6517505645751953,4338.0517578125,20.367684085642082,2,2,213,0.0,0.1005,0.1,0.15,0.35,0.1,0.3,175,401.4043622729669,355.4496765136719,83,0.808588970138366,4295.224609375,8.108978125423546,2,0,214,0.67,0.134,0.05,0.2,0.35,0.1,0.3
425,WorkloadAwareThreshold,0,NOOP,0.126787,0.34748,0.322858,0,175,401.4043622729669,355.4496765136719,83,0.808588970138366,4295.224609375,8.108978125423546,2,0,214,0.67,0.134,0.05,0.2,0.35,0.1,0.3,278,528.8059141976935,368.9301013946533,98,0.6951831116968271,4360.1884765625,18.713190465130474,2,1,215,0.67,0.1675,0.05,0.25,0.35,0.1,0.25
426,WorkloadAwareThreshold,2,COMPACT_64KB,0.241897,-0.079444,0.128471,0,278,528.8059141976935,368.9301013946533,98,0.6951831116968271,4360.1884765625,18.713190465130474,2,1,215,0.67,0.1675,0.05,0.25,0.35,0.1,0.25,174,415.97114570212085,1320.5246925354004,83,0.8159054675734186,4334.08984375,7.303946032326189,2,0,216,0.0,0.1675,0.05,0.25,0.4,0.05,0.25
427,WorkloadAwareThreshold,0,NOOP,0.137066,0.347382,0.333634,0,174,415.97114570212085,1320.5246925354004,83,0.8159054675734186,4334.08984375,7.303946032326189,2,0,216,0.0,0.1675,0.05,0.25,0.4,0.05,0.25,174,390.7155049740936,336.6117477416992,92,0.7428287008534307,4373.775390625,15.876813302567113,2,1,217,0.67,0.201,0.0,0.3,0.4,0.05,0.25
428,WorkloadAwareThreshold,0,NOOP,0.116242,0.338944,0.313149,0,174,390.7155049740936,336.6117477416992,92,0.7428287008534307,4373.775390625,15.876813302567113,2,1,217,0.67,0.201,0.0,0.3,0.4,0.05,0.25,270,523.0063922065051,338.40084075927734,107,0.6480871182735836,4438.1005859375,21.07315761339465,2,2,218,0.67,0.201,0.0,0.3,0.4,0.05,0.25
429,WorkloadAwareThreshold,2,COMPACT_64KB,0.240239,-0.079613,0.138251,0,270,523.0063922065051,338.40084075927734,107,0.6480871182735836,4438.1005859375,21.07315761339465,2,2,218,0.67,0.201,0.0,0.3,0.4,0.05,0.25,257,504.2188158669008,751.1003017425537,85,0.8088635612936581,4400.2177734375,7.864102088659542,2,0,219,0.0,0.201,0.0,0.3,0.4,0.05,0.25
430,WorkloadAwareThreshold,0,NOOP,0.131364,-0.029648,0.11692,0,257,504.2188158669008,751.1003017425537,85,0.8088635612936581,4400.2177734375,7.864102088659542,2,0,219,0.0,0.201,0.0,0.3,0.4,0.05,0.25,241,537.6326102508051,843.4021472930908,97,0.7174426206608409,4453.8837890625,17.29641026550349,2,1,220,0.0,0.201,0.05,0.3,0.35,0.05,0.25
431,WorkloadAwareThreshold,2,COMPACT_64KB,0.239598,0.297167,0.346837,0,241,537.6326102508051,843.4021472930908,97,0.7174426206608409,4453.8837890625,17.29641026550349,2,1,220,0.0,0.201,0.05,0.3,0.35,0.05,0.25,169,384.3466050992644,340.98005294799805,86,0.8062841725903888,4437.7880859375,8.607653453911022,2,0,221,0.67,0.23450000000000001,0.05,0.35,0.3,0.05,0.25
432,WorkloadAwareThreshold,0,NOOP,0.130936,0.34712,0.325071,0,169,384.3466050992644,340.98005294799805,86,0.8062841725903888,4437.7880859375,8.607653453911022,2,0,221,0.67,0.23450000000000001,0.05,0.35,0.3,0.05,0.25,229,485.4172591007939,465.75450897216797,98,0.7159313279755262,4490.3212890625,17.52389909890438,2,1,222,0.67,0.268,0.05,0.4,0.3,0.05,0.2
433,WorkloadAwareThreshold,2,COMPACT_64KB,0.241191,-0.088193,0.143429,0,229,485.4172591007939,465.75450897216797,98,0.7159313279755262,4490.3212890625,17.52389909890438,2,1,222,0.67,0.268,0.05,0.4,0.3,0.05,0.2,280,554.6559060867364,541.038990020752,86,0.8142492604810138,4481.6279296875,6.365829372774774,2,0,223,0.0,0.23450000000000001,0.05,0.35,0.3,0.05,0.25
434,WorkloadAwareThreshold,0,NOOP,0.132298,-0.02986,0.103934,0,280,554.6559060867364,541.038990020752,86,0.8142492604810138,4481.6279296875,6.365829372774774,2,0,223,0.0,0.23450000000000001,0.05,0.35,0.3,0.05,0.25,215,422.1644548227685,1540.72904586792,98,0.7227406404456314,4533.029296875,16.84919688797835,2,1,224,0.0,0.23450000000000001,0.05,0.35,0.35,0.05,0.2
435,WorkloadAwareThreshold,2,COMPACT_64KB,0.242359,0.296991,0.349835,0,215,422.1644548227685,1540.72904586792,98,0.7227406404456314,4533.029296875,16.84919688797835,2,1,224,0.0,0.23450000000000001,0.05,0.35,0.35,0.05,0.2,160,343.3365138500846,329.1752338409424,86,0.8200921346974928,4513.787109375,5.159763741493547,2,0,225,0.67,0.268,0.05,0.4,0.35,0.05,0.15
436,WorkloadAwareThreshold,0,NOOP,0.133325,-0.029954,0.123439,0,160,343.3365138500846,329.1752338409424,86,0.8200921346974928,4513.787109375,5.159763741493547,2,0,225,0.67,0.268,0.05,0.4,0.35,0.05,0.15,218,467.6902403057516,616.8169975280762,98,0.7278753786670918,4565.234375,16.601990030429665,2,1,226,0.0,0.268,0.05,0.4,0.35,0.05,0.15
437,WorkloadAwareThreshold,2,COMPACT_64KB,0.239995,-0.088389,0.137366,0,218,467.6902403057516,616.8169975280762,98,0.7278753786670918,4565.234375,16.601990030429665,2,1,226,0.0,0.268,0.05,0.4,0.35,0.05,0.15,244,506.24723654283173,786.9043350219727,88,0.8095222819935192,4559.2294921875,7.171122975502592,2,0,227,0.0,0.23450000000000001,0.1,0.35,0.35,0.05,0.15
438,WorkloadAwareThreshold,0,NOOP,0.131631,-0.030093,0.121517,0,244,506.24723654283173,786.9043350219727,88,0.8095222819935192,4559.2294921875,7.171122975502592,2,0,227,0.0,0.23450000000000001,0.1,0.35,0.35,0.05,0.15,234,480.4481343400482,630.7222843170166,100,0.7206549072265624,4612.19140625,16.879440533815547,2,1,228,0.0,0.23450000000000001,0.1,0.35,0.3,0.05,0.2
439,WorkloadAwareThreshold,2,COMPACT_64KB,0.23768,-0.08014,0.122192,0,234,480.4481343400482,630.7222843170166,100,0.7206549072265624,4612.19140625,16.879440533815547,2,1,228,0.0,0.23450000000000001,0.1,0.35,0.3,0.05,0.2,210,444.50402539838905,1432.3623180389404,90,0.7991973876953125,4603.376953125,8.319772659837376,2,0,229,0.0,0.23450000000000001,0.1,0.35,0.35,0.05,0.15
440,WorkloadAwareThreshold,0,NOOP,0.134201,-0.030193,0.119925,0,210,444.50402539838905,1432.3623180389404,90,0.7991973876953125,4603.376953125,8.319772659837376,2,0,229,0.0,0.23450000000000001,0.1,0.35,0.35,0.05,0.15,180,404.02838889489453,837.5883102416992,99,0.7328822588679766,4643.5419921875,15.649094294968892,2,1,230,0.0,0.23450000000000001,0.15,0.35,0.3,0.05,0.15
441,WorkloadAwareThreshold,0,NOOP,0.114826,-0.030281,0.103918,0,180,404.02838889489453,837.5883102416992,99,0.7328822588679766,4643.5419921875,15.649094294968892,2,1,230,0.0,0.23450000000000001,0.15,0.35,0.3,0.05,0.15,281,526.4619976531201,687.9174709320068,114,0.6453810574715597,4708.7001953125,20.52539117890949,2,2,231,0.0,0.23450000000000001,0.15,0.35,0.25,0.05,0.2
442,WorkloadAwareThreshold,2,COMPACT_64KB,0.241423,0.296563,0.34888,0,281,526.4619976531201,687.9174709320068,114,0.6453810574715597,4708.7001953125,20.52539117890949,2,2,231,0.0,0.23450000000000001,0.15,0.35,0.25,0.05,0.2,175,440.929624574691,333.8649272918701,89,0.8172862878006496,4655.2626953125,8.09818714688233,2,0,232,0.67,0.268,0.15,0.4,0.2,0.05,0.2
443,WorkloadAwareThreshold,0,NOOP,0.137432,-0.030322,0.109055,0,175,440.929624574691,333.8649272918701,89,0.8172862878006496,4655.2626953125,8.09818714688233,2,0,232,0.67,0.268,0.15,0.4,0.2,0.05,0.2,165,364.1917776644601,1541.3458347320557,98,0.7484105947066326,4694.03125,15.926715145559449,2,1,233,0.0,0.268,0.15,0.4,0.2,0.05,0.2
444,WorkloadAwareThreshold,0,NOOP,0.124849,-0.038746,0.109744,0,165,364.1917776644601,1541.3458347320557,98,0.7484105947066326,4694.03125,15.926715145559449,2,1,233,0.0,0.268,0.15,0.4,0.2,0.05,0.2,164,389.65880418262475,889.0128135681152,107,0.6911218946225175,4732.802734375,19.491944387331863,2,2,234,0.0,0.23450000000000001,0.15,0.35,0.2,0.1,0.2
445,WorkloadAwareThreshold,2,COMPACT_64KB,0.24105,0.288083,0.346059,0,164,389.65880418262475,889.0128135681152,107,0.6911218946225175,4732.802734375,19.491944387331863,2,2,234,0.0,0.23450000000000001,0.15,0.35,0.2,0.1,0.2,160,357.87481368703686,457.5181007385254,90,0.8160466512044271,4700.4287109375,7.950687415834165,2,0,235,0.67,0.23450000000000001,0.15,0.35,0.2,0.1,0.2
446,WorkloadAwareThreshold,0,NOOP,0.137179,0.346428,0.331814,0,160,357.87481368703686,457.5181007385254,90,0.8160466512044271,4700.4287109375,7.950687415834165,2,0,235,0.67,0.23450000000000001,0.15,0.35,0.2,0.1,0.2,150,352.5401390894466,441.9980049133301,99,0.7477679011797664,4737.857421875,15.822021120865505,2,1,236,0.67,0.268,0.15,0.4,0.15,0.1,0.2
447,WorkloadAwareThreshold,0,NOOP,0.121002,-0.038878,0.11109,0,150,352.5401390894466,441.9980049133301,99,0.7477679011797664,4737.857421875,15.822021120865505,2,1,236,0.67,0.268,0.15,0.4,0.15,0.1,0.2,234,487.7582427194116,634.394645690918,111,0.6743873389991554,4790.84765625,20.16689009084532,2,2,237,0.0,0.23450000000000001,0.15,0.35,0.15,0.1,0.25
448,WorkloadAwareThreshold,2,COMPACT_64KB,0.242712,-0.088939,0.139842,0,234,487.7582427194116,634.394645690918,111,0.6743873389991554,4790.84765625,20.16689009084532,2,2,237,0.0,0.23450000000000001,0.15,0.35,0.15,0.1,0.25,173,395.2622819727854,801.4345169067383,90,0.8243557400173611,4748.2890625,6.218601506073872,2,0,238,0.0,0.201,0.2,0.3,0.15,0.1,0.25
449,WorkloadAwareThreshold,0,NOOP,0.134318,-0.030616,0.12458,0,173,395.2622819727854,801.4345169067383,90,0.8243557400173611,4748.2890625,6.218601506073872,2,0,238,0.0,0.201,0.2,0.3,0.15,0.1,0.25,222,471.5008752638831,614.4101619720459,102,0.7353419883578431,4800.3125,16.7316908103653,2,1,239,0.0,0.201,0.2,0.3,0.15,0.05,0.3
450,WorkloadAwareThreshold,2,COMPACT_64KB,0.240519,-0.080698,0.138023,0,222,471.5008752638831,614.4101619720459,102,0.7353419883578431,4800.3125,16.7316908103653,2,1,239,0.0,0.201,0.2,0.3,0.15,0.05,0.3,274,541.6752312716725,785.2723598480225,92,0.8146398793096128,4796.599609375,7.621485598094332,2,0,240,0.0,0.201,0.2,0.3,0.15,0.05,0.3
451,WorkloadAwareThreshold,0,NOOP,0.137027,-0.039118,0.107669,0,274,541.6752312716725,785.2723598480225,92,0.8146398793096128,4796.599609375,7.621485598094332,2,0,240,0.0,0.201,0.2,0.3,0.15,0.05,0.3,179,381.00101951387103,1594.1314697265625,101,0.7482591383528001,4836.7470703125,15.46767128936582,2,1,241,0.0,0.16750000000000004,0.2,0.25,0.2,0.05,0.3
452,WorkloadAwareThreshold,0,NOOP,0.117487,-0.039184,0.085148,0,179,381.00101951387103,1594.1314697265625,101,0.7482591383528001,4836.7470703125,15.46767128936582,2,1,241,0.0,0.16750000000000004,0.2,0.25,0.2,0.05,0.3,253,459.46923965548,1761.9361877441406,116,0.6599326298154634,4899.33984375,20.61893429511238,2,2,242,0.0,0.134,0.2,0.2,0.25,0.05,0.3
453,WorkloadAwareThreshold,2,COMPACT_64KB,0.240809,-0.080859,0.138245,0,253,459.46923965548,1761.9361877441406,116,0.6599326298154634,4899.33984375,20.61893429511238,2,2,242,0.0,0.134,0.2,0.2,0.25,0.05,0.3,282,516.156025874269,789.9472713470459,93,0.8167174964822749,4861.1025390625,7.782732355455677,2,0,243,0.0,0.134,0.25,0.2,0.25,0.05,0.25
454,WorkloadAwareThreshold,0,NOOP,0.128962,-0.030925,0.099207,0,282,516.156025874269,789.9472713470459,93,0.8167174964822749,4861.1025390625,7.782732355455677,2,0,243,0.0,0.134,0.25,0.2,0.25,0.05,0.25,250,449.6063603219094,1622.7786540985107,108,0.7123105084454572,4923.490234375,18.20879034163025,2,1,244,0.0,0.134,0.25,0.2,0.25,0.05,0.25
455,WorkloadAwareThreshold,2,COMPACT_64KB,0.240572,-0.089358,0.142435,0,250,449.6063603219094,1622.7786540985107,108,0.7123105084454572,4923.490234375,18.20879034163025,2,1,244,0.0,0.134,0.25,0.2,0.25,0.05,0.25,288,543.6980682318914,569.8060989379883,94,0.8161574018762466,4910.0029296875,7.566759696190788,2,0,245,0.0,0.1005,0.25,0.15,0.25,0.05,0.3
456,WorkloadAwareThreshold,0,NOOP,0.137275,0.34585,0.329885,0,288,543.6980682318914,569.8060989379883,94,0.8161574018762466,4910.0029296875,7.566759696190788,2,0,245,0.0,0.1005,0.25,0.15,0.25,0.05,0.3,167,403.7191960760581,548.259973526001,103,0.7507509398228914,4948.9501953125,15.397002483471027,2,1,246,0.67,0.134,0.25,0.2,0.25,0.05,0.25
457,WorkloadAwareThreshold,0,NOOP,0.121554,-0.031081,0.105293,0,167,403.7191960760581,548.259973526001,103,0.7507509398228914,4948.9501953125,15.397002483471027,2,1,246,0.67,0.134,0.25,0.2,0.25,0.05,0.25,236,445.40065532934307,956.8283557891846,115,0.6796461022418478,5002.1953125,19.786288148273787,2,2,247,0.0,0.134,0.2,0.2,0.25,0.1,0.25
458,WorkloadAwareThreshold,2,COMPACT_64KB,0.240786,0.295743,0.347223,0,236,445.40065532934307,956.8283557891846,115,0.6796461022418478,5002.1953125,19.786288148273787,2,2,247,0.0,0.134,0.2,0.2,0.25,0.1,0.25,291,530.2593397121537,392.3630714416504,95,0.8178502133018092,4972.529296875,6.7605875758956016,2,0,248,0.67,0.1675,0.2,0.25,0.25,0.1,0.2
459,WorkloadAwareThreshold,0,NOOP,0.12932,-0.031206,0.098545,0,291,530.2593397121537,392.3630714416504,95,0.8178502133018092,4972.529296875,6.7605875758956016,2,0,248,0.67,0.1675,0.2,0.25,0.25,0.1,0.2,263,477.431005909989,1676.245927810669,110,0.7153499256480824,5036.0634765625,17.735534301434246,2,1,249,0.0,0.1675,0.2,0.25,0.25,0.1,0.2
460,WorkloadAwareThreshold,2,COMPACT_64KB,0.238826,-0.081258,0.13504,0,263,477.431005909989,1676.245927810669,110,0.7153499256480824,5036.0634765625,17.735534301434246,2,1,249,0.0,0.1675,0.2,0.25,0.25,0.1,0.2,268,514.4953112584722,856.0018539428711,97,0.809302261195232,5024.1484375,8.246606023785095,2,0,250,0.0,0.1675,0.2,0.25,0.25,0.1,0.2
461,WorkloadAwareThreshold,0,NOOP,0.128001,-0.031319,0.11221,0,268,514.4953112584722,856.0018539428711,97,0.809302261195232,5024.1484375,8.246606023785095,2,0,250,0.0,0.1675,0.2,0.25,0.25,0.1,0.2,281,497.126075047262,929.5194149017334,112,0.710003307887486,5089.3037109375,17.955693798488248,2,1,251,0.0,0.1675,0.25,0.25,0.25,0.1,0.15
462,WorkloadAwareThreshold,2,COMPACT_64KB,0.241914,0.287124,0.348898,0,281,497.126075047262,929.5194149017334,112,0.710003307887486,5089.3037109375,17.955693798488248,2,1,251,0.0,0.1675,0.25,0.25,0.25,0.1,0.15,201,376.9906326410515,366.2283420562744,96,0.8241152763366699,5063.3642578125,5.991767251453863,2,0,252,0.67,0.1675,0.25,0.25,0.25,0.1,0.15
463,WorkloadAwareThreshold,0,NOOP,0.134496,-0.031445,0.104502,0,201,376.9906326410515,366.2283420562744,96,0.8241152763366699,5063.3642578125,5.991767251453863,2,0,252,0.67,0.1675,0.25,0.25,0.25,0.1,0.15,217,476.3236365729717,1634.7095966339111,108,0.7399789315682871,5114.734375,16.312386542102885,2,1,253,0.0,0.1675,0.25,0.25,0.25,0.1,0.15
464,WorkloadAwareThreshold,2,COMPACT_64KB,0.241549,0.295367,0.349411,0,217,476.3236365729717,1634.7095966339111,108,0.7399789315682871,5114.734375,16.312386542102885,2,1,253,0.0,0.1675,0.25,0.25,0.25,0.1,0.15,288,545.9319261557151,323.59933853149414,97,0.8229148314171231,5108.6552734375,6.1216036290995675,2,0,254,0.67,0.201,0.25,0.3,0.25,0.05,0.15
465,WorkloadAwareThreshold,0,NOOP,0.138519,-0.039922,0.109348,0,288,545.9319261557151,323.59933853149414,97,0.8229148314171231,5108.6552734375,6.1216036290995675,2,0,254,0.67,0.201,0.25,0.3,0.25,0.05,0.15,170,409.0557828624142,1591.0441875457764,106,0.758845347278523,5148.0068359375,14.739274229100246,2,1,255,0.0,0.1675,0.25,0.25,0.3,0.05,0.15
466,WorkloadAwareThreshold,0,NOOP,0.126649,-0.039976,0.116146,0,170,409.0557828624142,1591.0441875457764,106,0.758845347278523,5148.0068359375,14.739274229100246,2,1,255,0.0,0.1675,0.25,0.25,0.3,0.05,0.15,197,455.8374674994028,668.8909530639648,115,0.7051197881283967,5189.681640625,18.45687495778552,2,2,256,0.0,0.134,0.25,0.2,0.3,0.05,0.2
467,WorkloadAwareThreshold,2,COMPACT_64KB,0.239887,-0.081645,0.134874,0,197,455.8374674994028,668.8909530639648,115,0.7051197881283967,5189.681640625,18.45687495778552,2,2,256,0.0,0.134,0.25,0.2,0.3,0.05,0.2,268,486.58787921288734,919.8532104492188,99,0.8158558546894729,5169.2626953125,7.416253403174323,2,0,257,0.0,0.134,0.3,0.2,0.3,0.05,0.15
468,WorkloadAwareThreshold,0,NOOP,0.129268,-0.031707,0.112206,0,268,486.58787921288734,919.8532104492188,99,0.8158558546894729,5169.2626953125,7.416253403174323,2,0,257,0.0,0.134,0.3,0.2,0.3,0.05,0.15,293,478.4834191718697,995.5861568450928,114,0.7175899304841694,5235.5361328125,17.638450480920845,2,1,258,0.0,0.134,0.3,0.2,0.3,0.05,0.15
469,WorkloadAwareThreshold,2,COMPACT_64KB,0.239569,-0.08174,0.134255,0,293,478.4834191718697,995.5861568450928,114,0.7175899304841694,5235.5361328125,17.638450480920845,2,1,258,0.0,0.134,0.3,0.2,0.3,0.05,0.15,201,294.9087675578183,936.1598491668701,100,0.8148916625976562,5215.306640625,6.946460043975399,2,0,259,0.0,0.134,0.3,0.2,0.3,0.1,0.1
470,WorkloadAwareThreshold,0,NOOP,0.136977,-0.031777,0.103788,0,201,294.9087675578183,936.1598491668701,100,0.8148916625976562,5215.306640625,6.946460043975399,2,0,259,0.0,0.134,0.3,0.2,0.3,0.1,0.1,153,321.39101587501915,1795.6745624542236,109,0.7530089212120126,5252.990234375,14.838442637132655,2,1,260,0.0,0.134,0.25,0.2,0.35,0.1,0.1
471,WorkloadAwareThreshold,0,NOOP,0.121871,-0.031804,0.111022,0,153,321.39101587501915,1795.6745624542236,109,0.7530089212120126,5252.990234375,14.838442637132655,2,1,260,0.0,0.134,0.25,0.2,0.35,0.1,0.1,217,455.3144220124374,693.6807632446289,121,0.6849797776907929,5304.4833984375,19.282322134383165,2,2,261,0.0,0.134,0.25,0.2,0.3,0.1,0.15
472,WorkloadAwareThreshold,2,COMPACT_64KB,0.241343,-0.081855,0.137711,0,217,455.3144220124374,693.6807632446289,121,0.6849797776907929,5304.4833984375,19.282322134383165,2,2,261,0.0,0.134,0.25,0.2,0.3,0.1,0.15,296,567.2427442634425,852.0936965942383,100,0.82376220703125,5272.078125,5.4010434942431065,2,0,262,0.0,0.134,0.25,0.2,0.25,0.15,0.15
473,WorkloadAwareThreshold,0,NOOP,0.130688,-0.031933,0.11514,0,296,567.2427442634425,852.0936965942383,100,0.82376220703125,5272.078125,5.4010434942431065,2,0,262,0.0,0.134,0.25,0.2,0.25,0.15,0.15,294,523.3583269175758,921.1504459381104,115,0.7253167193868886,5338.3310546875,17.09966581155973,2,1,263,0.0,0.134,0.2,0.2,0.25,0.2,0.15
474,WorkloadAwareThreshold,2,COMPACT_64KB,0.23921,0.294913,0.342382,0,294,523.3583269175758,921.1504459381104,115,0.7253167193868886,5338.3310546875,17.09966581155973,2,1,263,0.0,0.134,0.2,0.2,0.25,0.2,0.15,152,330.5318908572267,564.3196105957031,102,0.8143434711531097,5316.0341796875,7.026029860851313,2,0,264,0.67,0.1675,0.2,0.25,0.2,0.2,0.15
475,WorkloadAwareThreshold,0,NOOP,0.136941,-0.031994,0.121341,0,152,330.5318908572267,564.3196105957031,102,0.8143434711531097,5316.0341796875,7.026029860851313,2,0,264,0.67,0.1675,0.2,0.25,0.2,0.2,0.15,189,413.0181296412366,918.7583923339844,111,0.7540805576083897,5356.98828125,14.679312037621976,2,1,265,0.0,0.1675,0.25,0.25,0.2,0.2,0.1
476,WorkloadAwareThreshold,0,NOOP,0.125598,-0.04041,0.108635,0,189,413.0181296412366,918.7583923339844,111,0.7540805576083897,5356.98828125,14.679312037621976,2,1,265,0.0,0.1675,0.25,0.25,0.2,0.2,0.1,199,422.5605330743968,998.1398582458496,120,0.7029879252115886,5398.947265625,18.226711555339595,2,2,266,0.0,0.134,0.25,0.2,0.2,0.25,0.1
477,WorkloadAwareThreshold,2,COMPACT_64KB,0.23932,-0.082103,0.135191,0,199,422.5605330743968,998.1398582458496,120,0.7029879252115886,5398.947265625,18.226711555339595,2,2,266,0.0,0.134,0.25,0.2,0.2,0.25,0.1,275,516.5815426232298,880.6498050689697,103,0.8155185736498787,5375.8984375,7.154164177187815,2,0,267,0.0,0.134,0.25,0.2,0.2,0.25,0.1
478,WorkloadAwareThreshold,0,NOOP,0.129323,0.33634,0.32512,0,275,516.5815426232298,880.6498050689697,103,0.8155185736498787,5375.8984375,7.154164177187815,2,0,267,0.0,0.134,0.25,0.2,0.2,0.25,0.1,269,528.0202097633412,407.6418876647949,118,0.7203648454051906,5440.1953125,17.364261393114298,2,1,268,0.67,0.134,0.25,0.2,0.2,0.25,0.1
479,WorkloadAwareThreshold,2,COMPACT_64KB,0.238975,-0.082208,0.135012,0,269,528.0202097633412,407.6418876647949,118,0.7203648454051906,5440.1953125,17.364261393114298,2,1,268,0.67,0.134,0.25,0.2,0.2,0.25,0.1,219,458.3668880940215,873.6343383789062,104,0.8144220205453726,5420.79296875,6.816204836846905,2,0,269,0.0,0.134,0.3,0.2,0.15,0.25,0.1
480,WorkloadAwareThreshold,0,NOOP,0.132916,-0.032262,0.101857,0,219,458.3668880940215,873.6343383789062,104,0.8144220205453726,5420.79296875,6.816204836846905,2,0,269,0.0,0.134,0.3,0.2,0.15,0.25,0.1,217,434.142633569016,1697.9434490203857,116,0.7370801465264682,5472.0830078125,15.995980024574637,2,1,270,0.0,0.134,0.25,0.2,0.2,0.25,0.1
481,WorkloadAwareThreshold,2,COMPACT_64KB,0.24162,-0.082293,0.14255,0,217,434.142633569016,1697.9434490203857,116,0.7370801465264682,5472.0830078125,15.995980024574637,2,1,270,0.0,0.134,0.25,0.2,0.2,0.25,0.1,175,396.94215269335433,627.7196407318115,103,0.8270208858749242,5451.7216796875,5.533557556053015,2,0,271,0.0,0.134,0.2,0.2,0.2,0.25,0.15
482,WorkloadAwareThreshold,0,NOOP,0.135129,-0.040706,0.124503,0,175,396.94215269335433,627.7196407318115,103,0.8270208858749242,5451.7216796875,5.533557556053015,2,0,271,0.0,0.134,0.2,0.2,0.2,0.25,0.15,202,432.5033489999454,675.0509738922119,115,0.7475218399711278,5501.7607421875,15.861304585694725,2,1,272,0.0,0.1005,0.2,0.15,0.2,0.25,0.2
483,WorkloadAwareThreshold,2,COMPACT_64KB,0.239556,-0.082387,0.135778,0,202,432.5033489999454,675.0509738922119,115,0.7475218399711278,5501.7607421875,15.861304585694725,2,1,272,0.0,0.1005,0.2,0.15,0.2,0.25,0.2,253,472.1152945562714,865.6501770019531,105,0.8179529099237351,5496.6435546875,6.9768112235858615,2,0,273,0.0,0.1005,0.2,0.15,0.15,0.3,0.2
484,WorkloadAwareThreshold,0,NOOP,0.129807,-0.040822,0.113508,0,253,472.1152945562714,865.6501770019531,105,0.8179529099237351,5496.6435546875,6.9768112235858615,2,0,273,0.0,0.1005,0.2,0.15,0.15,0.3,0.2,266,528.1263468422284,964.9457931518555,120,0.7240370432535808,5560.6044921875,17.251708104901486,2,1,274,0.0,0.067,0.25,0.1,0.15,0.3,0.2
485,WorkloadAwareThreshold,2,COMPACT_64KB,0.240779,-0.082487,0.136428,0,266,528.1263468422284,964.9457931518555,120,0.7240370432535808,5560.6044921875,17.251708104901486,2,1,274,0.0,0.067,0.25,0.1,0.15,0.3,0.2,214,454.95286455033425,894.273042678833,105,0.8240658714657738,5537.72265625,5.608840287485904,2,0,275,0.0,0.067,0.3,0.1,0.1,0.3,0.2
486,WorkloadAwareThreshold,0,NOOP,0.134667,-0.032525,0.11861,0,214,454.95286455033425,894.273042678833,105,0.8240658714657738,5537.72265625,5.608840287485904,2,0,275,0.0,0.067,0.3,0.1,0.1,0.3,0.2,220,460.584688720566,949.1055011749268,117,0.7464602217715011,5589.494140625,15.682986912453622,2,1,276,0.0,0.067,0.3,0.1,0.1,0.35,0.15
487,WorkloadAwareThreshold,2,COMPACT_64KB,0.240172,-0.082567,0.141928,0,220,460.584688720566,949.1055011749268,117,0.7464602217715011,5589.494140625,15.682986912453622,2,1,276,0.0,0.067,0.3,0.1,0.1,0.35,0.15,170,366.1975540322825,590.1601314544678,106,0.8216548415849794,5574.1064453125,6.269117079448499,2,0,277,0.0,0.067,0.25,0.1,0.1,0.35,0.2
488,WorkloadAwareThreshold,0,NOOP,0.138137,-0.032593,0.127699,0,170,366.1975540322825,590.1601314544678,106,0.8216548415849794,5574.1064453125,6.269117079448499,2,0,277,0.0,0.067,0.25,0.1,0.1,0.35,0.2,160,342.3483217200246,665.6737327575684,115,0.7625605044157608,5612.4453125,14.35858779754439,2,1,278,0.0,0.067,0.2,0.1,0.1,0.35,0.25
489,WorkloadAwareThreshold,0,NOOP,0.123477,-0.032626,0.092025,0,160,342.3483217200246,665.6737327575684,115,0.7625605044157608,5612.4453125,14.35858779754439,2,1,278,0.0,0.067,0.2,0.1,0.1,0.35,0.25,210,423.91991375327274,1731.3764095306396,127,0.6967608834814838,5663.2724609375,18.917464094679787,2,2,279,0.0,0.067,0.2,0.1,0.15,0.3,0.25
490,WorkloadAwareThreshold,2,COMPACT_64KB,0.240117,0.29421,0.346768,0,210,423.91991375327274,1731.3764095306396,127,0.6967608834814838,5663.2724609375,18.917464094679787,2,2,279,0.0,0.067,0.2,0.1,0.15,0.3,0.25,236,505.08075275143295,396.66056632995605,107,0.8220072238244743,5629.10546875,6.07133276637687,2,0,280,0.67,0.1005,0.2,0.15,0.1,0.3,0.25
491,WorkloadAwareThreshold,0,NOOP,0.13826,-0.032701,0.105753,0,236,505.08075275143295,396.66056632995605,107,0.8220072238244743,5629.10546875,6.07133276637687,2,0,280,0.67,0.1005,0.2,0.15,0.1,0.3,0.25,191,434.6143697806779,1770.3661918640137,116,0.7638017062483162,5670.4638671875,14.157496841662443,2,1,281,0.0,0.1005,0.2,0.15,0.15,0.3,0.2
492,WorkloadAwareThreshold,0,NOOP,0.120471,-0.032731,0.102631,0,191,434.6143697806779,1770.3661918640137,116,0.7638017062483162,5670.4638671875,14.157496841662443,2,1,281,0.0,0.1005,0.2,0.15,0.15,0.3,0.2,291,553.7936901022974,1055.7513236999512,131,0.6842304258856154,5736.587890625,19.479387768026328,2,2,282,0.0,0.1005,0.25,0.15,0.15,0.25,0.2
493,WorkloadAwareThreshold,2,COMPACT_64KB,0.238695,-0.082748,0.133536,0,291,553.7936901022974,1055.7513236999512,131,0.6842304258856154,5736.587890625,19.479387768026328,2,2,282,0.0,0.1005,0.25,0.15,0.15,0.25,0.2,200,410.3230742064507,939.6576881408691,109,0.8161468505859375,5693.4404296875,6.818911947509363,2,0,283,0.0,0.1005,0.3,0.15,0.15,0.2,0.2
494,WorkloadAwareThreshold,0,NOOP,0.133258,-0.041174,0.100724,0,200,410.3230742064507,939.6576881408691,109,0.8161468505859375,5693.4404296875,6.818911947509363,2,0,283,0.0,0.1005,0.3,0.15,0.15,0.2,0.2,223,467.35153679457926,1777.9786586761475,121,0.7419171293904959,5745.40625,15.767595940946725,2,1,284,0.0,0.067,0.3,0.1,0.2,0.2,0.2
495,WorkloadAwareThreshold,2,COMPACT_64KB,0.239758,0.294036,0.346353,0,223,467.35153679457926,1777.9786586761475,121,0.7419171293904959,5745.40625,15.767595940946725,2,1,284,0.0,0.067,0.3,0.1,0.2,0.2,0.2,209,450.84108050506404,401.9315242767334,109,0.8214584490574828,5730.494140625,5.4932305502421634,2,0,285,0.67,0.1005,0.25,0.15,0.2,0.2,0.2
496,WorkloadAwareThreshold,0,NOOP,0.130562,-0.03289,0.095703,0,209,450.84108050506404,401.9315242767334,109,0.8214584490574828,5730.494140625,5.4932305502421634,2,0,285,0.67,0.1005,0.25,0.15,0.2,0.2,0.2,282,525.9813521990344,1897.9387283325195,124,0.7303103785361013,5795.7431640625,16.608362888641704,2,1,286,0.0,0.1005,0.25,0.15,0.25,0.15,0.2
497,WorkloadAwareThreshold,2,COMPACT_64KB,0.236616,-0.082929,0.136943,0,282,525.9813521990344,1897.9387283325195,124,0.7303103785361013,5795.7431640625,16.608362888641704,2,1,286,0.0,0.1005,0.25,0.15,0.25,0.15,0.2,294,566.8877331623189,669.0618991851807,112,0.8076235907418388,5789.0458984375,7.674031914729408,2,0,287,0.0,0.1005,0.25,0.15,0.25,0.1,0.25
498,WorkloadAwareThreshold,0,NOOP,0.128183,-0.041351,0.11091,0,294,566.8877331623189,669.0618991851807,112,0.8076235907418388,5789.0458984375,7.674031914729408,2,0,287,0.0,0.1005,0.25,0.15,0.25,0.1,0.25,283,528.0235802494948,1022.3896503448486,127,0.7202901765117495,5854.5185546875,16.942514262059294,2,1,288,0.0,0.067,0.25,0.1,0.25,0.15,0.25
499,WorkloadAwareThreshold,2,COMPACT_64KB,0.240858,-0.083014,0.11993,0,283,528.0235802494948,1022.3896503448486,127,0.7202901765117495,5854.5185546875,16.942514262059294,2,1,288,0.0,0.067,0.25,0.1,0.25,0.15,0.25,228,471.31099090005836,1729.356050491333,110,0.827583867853338,5826.1904296875,4.670556308960962,2,0,289,0.0,0.067,0.2,0.1,0.3,0.15,0.25
500,WorkloadAwareThreshold,0,NOOP,0.13536,-0.033072,0.123986,0,228,471.31099090005836,1729.356050491333,110,0.827583867853338,5826.1904296875,4.670556308960962,2,0,289,0.0,0.067,0.2,0.1,0.3,0.15,0.25,241,472.09372872062687,721.2355136871338,122,0.753052007956583,5879.830078125,15.166859099840488,2,1,290,0.0,0.067,0.2,0.1,0.25,0.15,0.3
501,WorkloadAwareThreshold,2,COMPACT_64KB,0.172484,-0.08308,0.119558,0,241,472.09372872062687,721.2355136871338,122,0.753052007956583,5879.830078125,15.166859099840488,2,1,290,0.0,0.067,0.2,0.1,0.25,0.15,0.3,32,96.38186881445853,1705.4944038391113,111,0.8238401670713682,5852.560546875,6.029984555720717,2,0,291,0.0,0.067,0.2,0.1,0.3,0.15,0.25
502,WorkloadAwareThreshold,0,NOOP,0.146478,0.343791,0.341604,0,32,96.38186881445853,1705.4944038391113,111,0.8238401670713682,5852.560546875,6.029984555720717,2,0,291,0.0,0.067,0.2,0.1,0.3,0.15,0.25,32,87.67088698546698,436.1720085144043,114,0.8036386590254935,5863.34765625,9.889137299044677,2,1,292,0.67,0.1005,0.2,0.15,0.3,0.15,0.2
503,WorkloadAwareThreshold,0,NOOP,0.142374,-0.033088,0.126112,0,32,87.67088698546698,436.1720085144043,114,0.8036386590254935,5863.34765625,9.889137299044677,2,1,292,0.67,0.1005,0.2,0.15,0.3,0.15,0.2,74,210.4276682741363,959.3453407287598,117,0.7849964891743456,5878.0537109375,12.240560339206185,2,2,293,0.0,0.1005,0.25,0.15,0.3,0.1,0.2
504,WorkloadAwareThreshold,0,NOOP,0.138403,-0.033093,0.127725,0,74,210.4276682741363,959.3453407287598,117,0.7849964891743456,5878.0537109375,12.240560339206185,2,2,293,0.0,0.1005,0.25,0.15,0.3,0.1,0.2,52,144.62330828164517,683.927059173584,120,0.7670169830322265,5890.6904296875,14.076013761257746,2,3,294,0.0,0.1005,0.2,0.15,0.3,0.1,0.25
505,WorkloadAwareThreshold,0,NOOP,0.134615,-0.033102,0.099967,0,52,144.62330828164517,683.927059173584,120,0.7670169830322265,5890.6904296875,14.076013761257746,2,3,294,0.0,0.1005,0.2,0.15,0.3,0.1,0.25,55,148.6409364080432,1886.1300945281982,123,0.7499486411490092,5903.595703125,15.536874368353068,2,4,295,0.0,0.1005,0.15,0.15,0.35,0.1,0.25
506,WorkloadAwareThreshold,2,COMPACT_64KB,0.170063,-0.083106,0.138132,0,55,148.6409364080432,1886.1300945281982,123,0.7499486411490092,5903.595703125,15.536874368353068,2,4,295,0.0,0.1005,0.15,0.15,0.35,0.1,0.25,40,122.61626725719339,658.2891941070557,113,0.8129869309146848,5879.521484375,8.187986523304952,2,0,296,0.0,0.1005,0.15,0.15,0.35,0.05,0.3
507,WorkloadAwareThreshold,0,NOOP,0.144177,-0.033107,0.127413,0,40,122.61626725719339,658.2891941070557,113,0.8129869309146848,5879.521484375,8.187986523304952,2,0,296,0.0,0.1005,0.15,0.15,0.35,0.05,0.3,30,84.1143663903835,983.1950664520264,116,0.793384025836813,5890.0830078125,11.184706633005538,2,1,297,0.0,0.1005,0.15,0.15,0.35,0.1,0.25
508,WorkloadAwareThreshold,0,NOOP,0.140195,-0.033127,0.102697,0,30,84.1143663903835,983.1950664520264,116,0.793384025836813,5890.0830078125,11.184706633005538,2,1,297,0.0,0.1005,0.15,0.15,0.35,0.1,0.25,78,196.12099761889345,2023.6501693725586,119,0.7753475413602942,5905.046875,13.187628994080052,2,2,298,0.0,0.1005,0.15,0.15,0.4,0.1,0.2
509,WorkloadAwareThreshold,0,NOOP,0.136374,-0.033138,0.102824,0,78,196.12099761889345,2023.6501693725586,119,0.7753475413602942,5905.046875,13.187628994080052,2,2,298,0.0,0.1005,0.15,0.15,0.4,0.1,0.2,71,163.8753428336217,1830.0213813781738,122,0.7581221783747438,5919.41796875,14.772280065363693,2,3,299,0.0,0.1005,0.15,0.15,0.4,0.1,0.2
510,WorkloadAwareThreshold,0,NOOP,0.13264,-0.04152,0.115958,0,71,163.8753428336217,1830.0213813781738,122,0.7581221783747438,5919.41796875,14.772280065363693,2,3,299,0.0,0.1005,0.15,0.15,0.4,0.1,0.2,36,96.59923728829824,990.330696105957,125,0.741325439453125,5930.603515625,16.134409635431965,2,4,300,0.0,0.067,0.2,0.1,0.4,0.1,0.2
511,WorkloadAwareThreshold,2,COMPACT_64KB,0.508216,-0.083152,0.132336,0,36,96.59923728829824,990.330696105957,125,0.741325439453125,5930.603515625,16.134409635431965,2,4,300,0.0,0.067,0.2,0.1,0.4,0.1,0.2,58,160.9539295392954,980.6702136993408,113,0.8162483958016454,5903.1083984375,7.144726168175309,2,0,301,0.0,0.067,0.25,0.1,0.35,0.1,0.2
512,WorkloadAwareThreshold,0,NOOP,0.14482,0.343716,0.339156,0,58,160.9539295392954,980.6702136993408,113,0.8162483958016454,5903.1083984375,7.144726168175309,2,0,301,0.0,0.067,0.25,0.1,0.35,0.1,0.2,32,88.6638419534649,478.17182540893555,116,0.7965982371363146,5913.9453125,10.479151755017435,2,1,302,0.67,0.1005,0.2,0.15,0.35,0.1,0.2
513,WorkloadAwareThreshold,0,NOOP,0.140775,-0.03317,0.123421,0,32,88.6638419534649,478.17182540893555,116,0.7965982371363146,5913.9453125,10.479151755017435,2,1,302,0.67,0.1005,0.2,0.15,0.35,0.1,0.2,58,157.564276826999,1016.4709091186523,119,0.7782506862608325,5927.1572265625,12.680802558334607,2,2,303,0.0,0.1005,0.2,0.15,0.35,0.1,0.2
514,WorkloadAwareThreshold,0,NOOP,0.136926,-0.03319,0.102465,0,58,157.564276826999,1016.4709091186523,119,0.7782506862608325,5927.1572265625,12.680802558334607,2,2,303,0.0,0.1005,0.2,0.15,0.35,0.1,0.2,65,169.17154703709082,1875.5438327789307,122,0.7608805171778945,5940.955078125,14.362324291886438,2,3,304,0.0,0.1005,0.2,0.15,0.35,0.1,0.2
515,WorkloadAwareThreshold,0,NOOP,0.133234,-0.041575,0.122255,0,65,169.17154703709082,1875.5438327789307,122,0.7608805171778945,5940.955078125,14.362324291886438,2,3,304,0.0,0.1005,0.2,0.15,0.35,0.1,0.2,60,184.89056071470554,705.1844596862793,125,0.744293212890625,5954.345703125,15.731976430479136,2,4,305,0.0,0.067,0.2,0.1,0.35,0.1,0.25
516,WorkloadAwareThreshold,2,COMPACT_64KB,0.171296,-0.083211,0.117239,0,60,184.89056071470554,705.1844596862793,125,0.744293212890625,5954.345703125,15.731976430479136,2,4,305,0.0,0.067,0.2,0.1,0.35,0.1,0.25,30,78.54384203981962,1764.5630836486816,113,0.8191493211594303,5924.087890625,6.321098006694553,2,0,306,0.0,0.067,0.2,0.1,0.35,0.1,0.25
517,WorkloadAwareThreshold,0,NOOP,0.145475,-0.033227,0.12824,0,30,78.54384203981962,1764.5630836486816,113,0.8191493211594303,5924.087890625,6.321098006694553,2,0,306,0.0,0.067,0.2,0.1,0.35,0.1,0.25,69,193.64401006068124,1006.7346096038818,116,0.7998758513351967,5938.2783203125,9.836008880284746,2,1,307,0.0,0.067,0.25,0.1,0.35,0.1,0.2
518,WorkloadAwareThreshold,0,NOOP,0.141392,-0.033236,0.108885,0,69,193.64401006068124,1006.7346096038818,116,0.7998758513351967,5938.2783203125,9.836008880284746,2,1,307,0.0,0.067,0.25,0.1,0.35,0.1,0.2,49,129.8076175113199,1774.101972579956,119,0.7813342439026392,5950.6416015625,12.214996156043119,2,2,308,0.0,0.067,0.25,0.1,0.4,0.05,0.2
519,WorkloadAwareThreshold,0,NOOP,0.137451,-0.03324,0.120177,0,49,129.8076175113199,1774.101972579956,119,0.7813342439026392,5950.6416015625,12.214996156043119,2,2,308,0.0,0.067,0.25,0.1,0.4,0.05,0.2,32,96.65756486795958,1016.2053108215332,122,0.763504403536437,5961.4423828125,14.056572947077278,2,3,309,0.0,0.067,0.3,0.1,0.35,0.05,0.2
520,WorkloadAwareThreshold,0,NOOP,0.133674,-0.033248,0.116235,0,32,96.65756486795958,1016.2053108215332,122,0.763504403536437,5961.4423828125,14.056572947077278,2,3,309,0.0,0.067,0.3,0.1,0.35,0.05,0.2,30,76.79446914834014,1028.1925201416016,125,0.74649267578125,5971.94140625,15.537377156513088,2,4,310,0.0,0.067,0.35,0.1,0.35,0.05,0.15
521,WorkloadAwareThreshold,2,COMPACT_64KB,0.171796,0.29362,0.345801,0,30,76.79446914834014,1028.1925201416016,125,0.74649267578125,5971.94140625,15.537377156513088,2,4,310,0.0,0.067,0.35,0.1,0.35,0.05,0.15,31,77.19066161257862,411.449670791626,113,0.8216490618950498,5942.166015625,5.7402135195835315,2,0,311,0.67,0.1005,0.35,0.15,0.3,0.05,0.15
522,WorkloadAwareThreshold,0,NOOP,0.145989,0.33522,0.339552,0,31,77.19066161257862,411.449670791626,113,0.8216490618950498,5942.166015625,5.7402135195835315,2,0,311,0.67,0.1005,0.35,0.15,0.3,0.05,0.15,80,212.0646108069778,516.857385635376,116,0.8024440633839575,5957.3447265625,9.462684895228053,2,1,312,0.67,0.1005,0.35,0.15,0.3,0.05,0.15
523,WorkloadAwareThreshold,0,NOOP,0.141869,0.343595,0.334331,0,80,212.0646108069778,516.857385635376,116,0.8024440633839575,5957.3447265625,9.462684895228053,2,1,312,0.67,0.1005,0.35,0.15,0.3,0.05,0.15,39,109.02762718168088,575.6642818450928,119,0.7837208980271796,5968.818359375,11.96902507419535,2,2,313,0.67,0.134,0.3,0.2,0.3,0.05,0.15
524,WorkloadAwareThreshold,0,NOOP,0.137918,-0.033281,0.120679,0,39,109.02762718168088,575.6642818450928,119,0.7837208980271796,5968.818359375,11.96902507419535,2,2,313,0.67,0.134,0.3,0.2,0.3,0.05,0.15,32,93.38093694210173,1014.4226551055908,122,0.7658392484070825,5979.6728515625,13.859633083150444,2,3,314,0.0,0.134,0.35,0.2,0.3,0.05,0.1
525,WorkloadAwareThreshold,0,NOOP,0.134133,-0.033287,0.098669,0,32,93.38093694210173,1014.4226551055908,122,0.7658392484070825,5979.6728515625,13.859633083150444,2,3,314,0.0,0.134,0.35,0.2,0.3,0.05,0.1,30,78.89151103096998,1929.4188022613525,125,0.748789306640625,5990.314453125,15.370693676745962,2,4,315,0.0,0.134,0.35,0.2,0.3,0.05,0.1
526,WorkloadAwareThreshold,2,COMPACT_64KB,0.509889,-0.083296,0.129554,0,30,78.89151103096998,1929.4188022613525,125,0.748789306640625,5990.314453125,15.370693676745962,2,4,315,0.0,0.134,0.35,0.2,0.3,0.05,0.1,70,193.48447814445504,1203.4587860107422,113,0.8246145332809043,5963.6123046875,5.222015601259262,2,0,316,0.0,0.134,0.35,0.2,0.35,0.05,0.05
527,WorkloadAwareThreshold,0,NOOP,0.146455,-0.0333,0.133027,0,70,193.48447814445504,1203.4587860107422,113,0.8246145332809043,5963.6123046875,5.222015601259262,2,0,316,0.0,0.134,0.35,0.2,0.35,0.05,0.05,34,120.33985299950213,816.3902759552002,116,0.8047756326609644,5974.654296875,9.37086613110068,2,1,317,0.0,0.134,0.4,0.2,0.35,0.0,0.05
528,WorkloadAwareThreshold,4,PARTITION_HOUR,-0.039416,-0.133312,0.132328,0,34,120.33985299950213,816.3902759552002,116,0.8047756326609644,5974.654296875,9.37086613110068,2,1,317,0.0,0.134,0.4,0.2,0.35,0.0,0.05,72,262.57615659105613,652.4744033813477,119,0.786388108710281,5989.1318359375,11.815095441165854,1,2,0,0.0,0.134,0.4,0.2,0.3,0.05,0.05
529,WorkloadAwareThreshold,0,NOOP,0.141173,-0.033261,0.12556,0,72,262.57615659105613,652.4744033813477,119,0.786388108710281,5989.1318359375,11.815095441165854,1,2,0,0.0,0.134,0.4,0.2,0.3,0.05,0.05,59,186.9245085057381,930.6735992431641,120,0.7808668772379558,5997.0576171875,12.385753703702918,1,3,1,0.0,0.134,0.4,0.2,0.25,0.1,0.05
530,WorkloadAwareThreshold,0,NOOP,0.139956,-0.03231,0.130748,0,59,186.9245085057381,930.6735992431641,120,0.7808668772379558,5997.0576171875,12.385753703702918,1,3,1,0.0,0.134,0.4,0.2,0.25,0.1,0.05,56,208.8464361197483,635.7161998748779,121,0.7754026050409994,6004.7177734375,12.920013184259354,1,4,2,0.0016065842621556777,0.1340803292131078,0.4,0.2,0.25,0.1,0.05
531,WorkloadAwareThreshold,0,NOOP,0.138756,-0.033167,0.132779,0,56,208.8464361197483,635.7161998748779,121,0.7754026050409994,6004.7177734375,12.920013184259354,1,4,2,0.0016065842621556777,0.1340803292131078,0.4,0.2,0.25,0.1,0.05,56,224.830429318189,451.3406753540039,122,0.7700310378778176,6012.40234375,13.415130929664784,1,5,3,0.0,0.1340803292131078,0.35,0.2,0.25,0.1,0.1
532,WorkloadAwareThreshold,0,NOOP,0.137515,-0.039939,0.128998,0,56,224.830429318189,451.3406753540039,122,0.7700310378778176,6012.40234375,13.415130929664784,1,5,3,0.0,0.1340803292131078,0.35,0.2,0.25,0.1,0.1,30,121.60316674913409,621.7119693756104,123,0.7644521821805133,6017.767578125,13.934523425410108,1,6,4,0.0028043676069153776,0.10072054759345357,0.4,0.15,0.25,0.1,0.1
533,WorkloadAwareThreshold,2,COMPACT_64KB,0.173192,-0.082739,0.137013,0,30,121.60316674913409,621.7119693756104,123,0.7644521821805133,6017.767578125,13.934523425410108,1,6,4,0.0028043676069153776,0.10072054759345357,0.4,0.15,0.25,0.1,0.1,31,125.7274430001286,870.6238269805908,113,0.8286279999049364,5992.6376953125,5.501437782531586,1,0,5,0.0,0.10072054759345357,0.35,0.15,0.25,0.15,0.1
534,WorkloadAwareThreshold,0,NOOP,0.15018,-0.032713,0.147955,0,31,125.7274430001286,870.6238269805908,113,0.8286279999049364,5992.6376953125,5.501437782531586,1,0,5,0.0,0.10072054759345357,0.35,0.15,0.25,0.15,0.1,34,131.36564084424006,253.72934341430664,114,0.822147570158306,5998.388671875,7.0432765568779345,1,1,6,0.0,0.10072054759345354,0.35,0.2,0.2,0.15,0.1
535,WorkloadAwareThreshold,0,NOOP,0.148773,0.48481,0.415903,0,34,131.36564084424006,253.72934341430664,114,0.822147570158306,5998.388671875,7.0432765568779345,1,1,6,0.0,0.10072054759345354,0.35,0.2,0.2,0.15,0.1,31,121.84243551010923,587.2478485107422,115,0.8157395072605299,6003.8427734375,8.277380730071588,1,2,7,0.92,0.14672054759345354,0.4,0.2,0.2,0.15,0.05
536,WorkloadAwareThreshold,0,NOOP,0.147489,0.389241,0.351346,0,31,121.84243551010923,587.2478485107422,115,0.8157395072605299,6003.8427734375,8.277380730071588,1,2,7,0.92,0.14672054759345354,0.4,0.2,0.2,0.15,0.05,74,294.79952053766647,1202.1594047546387,116,0.8099440212907463,6013.0244140625,9.15849082324925,1,3,8,0.75,0.18422054759345355,0.4,0.2,0.2,0.15,0.05
537,WorkloadAwareThreshold,0,NOOP,0.146159,-0.032601,0.130318,0,74,294.79952053766647,1202.1594047546387,116,0.8099440212907463,6013.0244140625,9.15849082324925,1,3,8,0.75,0.18422054759345355,0.4,0.2,0.2,0.15,0.05,45,180.3741395507076,938.2908344268799,117,0.8039194742838541,6019.7490234375,10.027396154845155,1,4,9,0.0,0.18422054759345355,0.35,0.2,0.2,0.2,0.05
538,WorkloadAwareThreshold,0,NOOP,0.144822,0.484924,0.411075,0,45,180.3741395507076,938.2908344268799,117,0.8039194742838541,6019.7490234375,10.027396154845155,1,4,9,0.0,0.18422054759345355,0.35,0.2,0.2,0.2,0.05,33,103.98936756069213,634.8464488983154,118,0.7978585453356727,6025.427734375,10.837170735456938,1,5,10,0.92,0.23022054759345356,0.4,0.2,0.15,0.2,0.05
539,WorkloadAwareThreshold,0,NOOP,0.143572,-0.03253,0.136957,0,33,103.98936756069213,634.8464488983154,118,0.7978585453356727,6025.427734375,10.837170735456938,1,5,10,0.92,0.23022054759345356,0.4,0.2,0.15,0.2,0.05,62,242.1779873792122,479.53271865844727,119,0.7922364563501182,6033.6728515625,11.48283156081439,1,6,11,0.0,0.23022054759345356,0.35,0.2,0.15,0.2,0.1
540,WorkloadAwareThreshold,0,NOOP,0.142316,-0.032493,0.133037,0,62,242.1779873792122,479.53271865844727,119,0.7922364563501182,6033.6728515625,11.48283156081439,1,6,11,0.0,0.23022054759345356,0.35,0.2,0.15,0.2,0.1,51,200.2892351425979,613.9538288116455,120,0.7865791320800781,6040.927734375,12.1028362692996,1,7,12,0.0,0.23022054759345356,0.3,0.2,0.15,0.25,0.1
541,WorkloadAwareThreshold,0,NOOP,0.141101,-0.040823,0.130547,0,51,200.2892351425979,613.9538288116455,120,0.7865791320800781,6040.927734375,12.1028362692996,1,7,12,0.0,0.23022054759345356,0.3,0.2,0.15,0.25,0.1,61,197.1750297281655,678.9541244506836,121,0.7811314606469525,6049.08203125,12.6477843075366,1,8,13,0.0,0.19672054759345353,0.3,0.15,0.15,0.3,0.1
542,WorkloadAwareThreshold,0,NOOP,0.139868,-0.040791,0.12942,0,61,197.1750297281655,678.9541244506836,121,0.7811314606469525,6049.08203125,12.6477843075366,1,8,13,0.0,0.19672054759345353,0.3,0.15,0.15,0.3,0.1,45,177.78517933120392,674.896240234375,122,0.7755903650502689,6055.8095703125,13.190429813281373,1,9,14,0.0,0.16322054759345356,0.3,0.1,0.15,0.35,0.1
543,WorkloadAwareThreshold,0,NOOP,0.138636,-0.040763,0.129109,0,45,177.78517933120392,674.896240234375,122,0.7755903650502689,6055.8095703125,13.190429813281373,1,9,14,0.0,0.16322054759345356,0.3,0.1,0.15,0.35,0.1,38,147.58938876501048,630.1224231719971,123,0.770056747808689,6061.88671875,13.710885327482666,1,10,15,0.0,0.12972054759345356,0.3,0.05,0.15,0.4,0.1
544,WorkloadAwareThreshold,2,COMPACT_64KB,0.510491,-0.082338,0.141865,0,38,147.58938876501048,630.1224231719971,123,0.770056747808689,6061.88671875,13.710885327482666,1,10,15,0.0,0.12972054759345356,0.3,0.05,0.15,0.4,0.1,70,230.29646618829634,619.2812919616699,114,0.828252022726494,6042.9267578125,5.303578880166091,1,0,16,0.0,0.12972054759345356,0.25,0.05,0.15,0.45,0.1
545,WorkloadAwareThreshold,0,NOOP,0.149984,-0.032316,0.147607,0,70,230.29646618829634,619.2812919616699,114,0.828252022726494,6042.9267578125,5.303578880166091,1,0,16,0.0,0.12972054759345356,0.25,0.05,0.15,0.45,0.1,31,100.90990679156545,262.58063316345215,115,0.8217945928158967,6048.408203125,6.893680248943336,1,1,17,0.0,0.12972054759345356,0.25,0.1,0.1,0.45,0.1
546,WorkloadAwareThreshold,0,NOOP,0.148685,0.485235,0.415415,0,31,100.90990679156545,262.58063316345215,115,0.8217945928158967,6048.408203125,6.893680248943336,1,1,17,0.0,0.12972054759345356,0.25,0.1,0.1,0.45,0.1,72,275.20551158499075,608.5214614868164,116,0.8159248088968212,6057.42578125,7.967439597374223,1,2,18,0.92,0.17572054759345354,0.3,0.1,0.05,0.45,0.1
547,WorkloadAwareThreshold,0,NOOP,0.147364,0.485272,0.413376,0,72,275.20551158499075,608.5214614868164,116,0.8159248088968212,6057.42578125,7.967439597374223,1,2,18,0.92,0.17572054759345354,0.3,0.1,0.05,0.45,0.1,53,175.28770294671935,645.667314529419,117,0.8099457830445379,6064.8740234375,8.94789341569246,1,3,19,0.92,0.22172054759345355,0.3,0.1,0.05,0.45,0.1
548,WorkloadAwareThreshold,0,NOOP,0.146082,-0.032186,0.14342,0,53,175.28770294671935,645.667314529419,117,0.8099457830445379,6064.8740234375,8.94789341569246,1,3,19,0.92,0.22172054759345355,0.3,0.1,0.05,0.45,0.1,60,234.11985353219612,280.5798053741455,118,0.8041579682948226,6073.0009765625,9.776062084494146,1,4,20,0.0,0.22172054759345355,0.3,0.15,0.05,0.4,0.1
549,WorkloadAwareThreshold,0,NOOP,0.14481,-0.032147,0.139017,0,60,234.11985353219612,280.5798053741455,118,0.8041579682948226,6073.0009765625,9.776062084494146,1,4,20,0.0,0.22172054759345355,0.3,0.15,0.05,0.4,0.1,57,213.6898308538822,438.39311599731445,119,0.7984252416787028,6080.806640625,10.525219259861517,1,5,21,0.0,0.22172054759345355,0.3,0.15,0.05,0.35,0.15
550,WorkloadAwareThreshold,0,NOOP,0.143542,-0.032132,0.136229,0,57,213.6898308538822,438.39311599731445,119,0.7984252416787028,6080.806640625,10.525219259861517,1,5,21,0.0,0.22172054759345355,0.3,0.15,0.05,0.35,0.15,51,205.13682756901125,515.6948566436768,120,0.7927122751871745,6088.0302734375,11.22013979511498,1,6,22,0.0,0.22164021838034578,0.25,0.15,0.05,0.35,0.2
551,WorkloadAwareThreshold,0,NOOP,0.142349,-0.032061,0.137396,0,51,205.13682756901125,515.6948566436768,120,0.7927122751871745,6088.0302734375,11.22013979511498,1,6,22,0.0,0.22164021838034578,0.25,0.15,0.05,0.35,0.2,75,218.82457530379665,398.8943099975586,121,0.7873709182108729,6097.400390625,11.789080206724917,1,7,23,0.0,0.22164021838034578,0.25,0.2,0.05,0.35,0.15
552,WorkloadAwareThreshold,0,NOOP,0.141176,-0.032044,0.138292,0,75,218.82457530379665,398.8943099975586,121,0.7873709182108729,6097.400390625,11.789080206724917,1,7,23,0.0,0.22164021838034578,0.25,0.2,0.05,0.35,0.15,77,298.3835546070198,296.6775894165039,122,0.7821285060194673,6106.859375,12.311268207038674,1,8,24,0.0,0.22149999999999997,0.2,0.25,0.05,0.35,0.15
553,WorkloadAwareThreshold,0,NOOP,0.139943,0.485519,0.406682,0,77,298.3835546070198,296.6775894165039,122,0.7821285060194673,6106.859375,12.311268207038674,1,8,24,0.0,0.22149999999999997,0.2,0.25,0.05,0.35,0.15,42,157.19951919430244,616.7819499969482,123,0.7765901146865473,6113.3173828125,12.875506388908226,1,9,25,0.92,0.26749999999999996,0.25,0.25,0.05,0.3,0.15
554,WorkloadAwareThreshold,0,NOOP,0.138726,-0.031954,0.124389,0,42,157.19951919430244,616.7819499969482,123,0.7765901146865473,6113.3173828125,12.875506388908226,1,9,25,0.92,0.26749999999999996,0.25,0.25,0.05,0.3,0.15,41,157.22446889822666,871.8550205230713,124,0.7711302234280494,6119.689453125,13.400436505070722,1,10,26,0.0,0.26749999999999996,0.25,0.2,0.05,0.35,0.15
555,WorkloadAwareThreshold,2,COMPACT_64KB,0.510442,-0.093417,0.145693,0,41,157.22446889822666,871.8550205230713,124,0.7711302234280494,6119.689453125,13.400436505070722,1,10,26,0.0,0.26749999999999996,0.25,0.2,0.05,0.35,0.15,56,202.08382897629258,426.63002014160156,115,0.8286280092985734,6098.7021484375,5.388169301773418,1,0,27,0.0,0.22150000000000003,0.2,0.2,0.05,0.35,0.2
556,WorkloadAwareThreshold,0,NOOP,0.149966,-0.041265,0.147648,0,56,202.08382897629258,426.63002014160156,115,0.8286280092985734,6098.7021484375,5.388169301773418,1,0,27,0.0,0.22150000000000003,0.2,0.2,0.05,0.35,0.2,40,155.3562443109159,260.90216636657715,116,0.8223310010186557,6104.9853515625,6.900735799051877,1,1,28,0.0,0.184,0.2,0.25,0.0,0.35,0.2
557,WorkloadAwareThreshold,0,NOOP,0.148589,-0.031868,0.141435,0,40,155.3562443109159,260.90216636657715,116,0.8223310010186557,6104.9853515625,6.900735799051877,1,1,28,0.0,0.184,0.2,0.25,0.0,0.35,0.2,34,119.00690893705516,503.9486885070801,117,0.8160704262236245,6110.7353515625,8.12360984029533,1,2,29,0.0,0.184,0.2,0.25,0.0,0.3,0.25
558,WorkloadAwareThreshold,0,NOOP,0.147239,0.474156,0.413119,0,34,119.00690893705516,503.9486885070801,117,0.8160704262236245,6110.7353515625,8.12360984029533,1,2,29,0.0,0.184,0.2,0.25,0.0,0.3,0.25,37,143.77322279074636,653.461217880249,118,0.8099432476496292,6116.69140625,9.141895148852441,1,3,30,0.92,0.184,0.2,0.25,0.0,0.3,0.25
559,WorkloadAwareThreshold,0,NOOP,0.14599,0.485702,0.412461,0,37,143.77322279074636,653.461217880249,118,0.8099432476496292,6116.69140625,9.141895148852441,1,3,30,0.92,0.184,0.2,0.25,0.0,0.3,0.25,71,267.15384001212885,625.2026557922363,119,0.8043243664653361,6125.734375,9.912358759833475,1,4,31,0.92,0.23000000000000004,0.25,0.25,0.0,0.3,0.2
560,WorkloadAwareThreshold,0,NOOP,0.144725,0.390113,0.344644,0,71,267.15384001212885,625.2026557922363,119,0.8043243664653361,6125.734375,9.912358759833475,1,4,31,0.92,0.23000000000000004,0.25,0.25,0.0,0.3,0.2,56,226.32459631183477,1404.0288925170898,120,0.7986227671305338,6133.4228515625,10.649301985482653,1,5,32,0.75,0.2675,0.25,0.25,0.05,0.25,0.2
561,WorkloadAwareThreshold,0,NOOP,0.143434,0.390136,0.346667,0,56,226.32459631183477,1404.0288925170898,120,0.7986227671305338,6133.4228515625,10.649301985482653,1,5,32,0.75,0.2675,0.25,0.25,0.05,0.25,0.2,37,148.35341915230032,1239.6137714385986,121,0.7927949763526602,6139.404296875,11.37080680592363,1,6,33,0.75,0.30500000000000005,0.25,0.25,0.1,0.2,0.2
562,WorkloadAwareThreshold,0,NOOP,0.142163,0.485784,0.403075,0,37,148.35341915230032,1239.6137714385986,121,0.7927949763526602,6139.404296875,11.37080680592363,1,6,33,0.75,0.30500000000000005,0.25,0.25,0.1,0.2,0.2,37,147.04278369758632,906.8729877471924,122,0.787063473560771,6145.3916015625,12.026732430082093,1,7,34,0.92,0.35100000000000003,0.3,0.25,0.1,0.15,0.2
563,WorkloadAwareThreshold,0,NOOP,0.140964,0.390197,0.34245,0,37,147.04278369758632,906.8729877471924,122,0.787063473560771,6145.3916015625,12.026732430082093,1,7,34,0.92,0.35100000000000003,0.3,0.25,0.1,0.15,0.2,60,214.03314024346165,1329.460859298706,123,0.7816967227594639,6153.5166015625,12.568507689111952,1,8,35,0.75,0.3885,0.3,0.25,0.15,0.1,0.2
564,WorkloadAwareThreshold,0,NOOP,0.139795,0.485863,0.40602,0,60,214.03314024346165,1329.460859298706,123,0.7816967227594639,6153.5166015625,12.568507689111952,1,8,35,0.75,0.3885,0.3,0.25,0.15,0.1,0.2,66,257.76084517350324,643.7845230102539,124,0.7764764601184476,6162.1171875,13.05848620213343,1,9,36,0.92,0.4345,0.35,0.25,0.15,0.05,0.2
565,WorkloadAwareThreshold,0,NOOP,0.138646,-0.031595,0.135298,0,66,257.76084517350324,643.7845230102539,124,0.7764764601184476,6162.1171875,13.05848620213343,1,9,36,0.92,0.4345,0.35,0.25,0.15,0.05,0.2,68,190.208227407441,323.66180419921875,125,0.7713565673828126,6170.8525390625,13.51184955050551,1,10,37,0.0,0.4345,0.35,0.25,0.15,0.05,0.2
566,WorkloadAwareThreshold,2,COMPACT_64KB,0.172748,-0.093065,0.145575,0,68,190.208227407441,323.66180419921875,125,0.7713565673828126,6170.8525390625,13.51184955050551,1,10,37,0.0,0.4345,0.35,0.25,0.15,0.05,0.2,49,189.54683636531323,424.11136627197266,116,0.8282853488264412,6149.1904296875,5.0993360877459315,1,0,38,0.0,0.38849999999999996,0.3,0.25,0.15,0.05,0.25
567,WorkloadAwareThreshold,0,NOOP,0.149835,-0.043028,0.140294,0,49,189.54683636531323,424.11136627197266,116,0.8282853488264412,6149.1904296875,5.0993360877459315,1,0,38,0.0,0.38849999999999996,0.3,0.25,0.15,0.05,0.25,61,231.5304968376968,623.3336925506592,117,0.8223024025941507,6157.400390625,6.552364581857772,1,1,39,0.0,0.34249999999999997,0.25,0.25,0.15,0.1,0.25
568,WorkloadAwareThreshold,0,NOOP,0.148543,0.390386,0.352235,0,61,231.5304968376968,623.3336925506592,117,0.8223024025941507,6157.400390625,6.552364581857772,1,1,39,0.0,0.34249999999999997,0.25,0.25,0.15,0.1,0.25,65,213.58737480727527,1212.9006385803223,118,0.8164632764913268,6165.9306640625,7.684125662609591,1,2,40,0.75,0.38,0.25,0.2,0.2,0.1,0.25
569,WorkloadAwareThreshold,0,NOOP,0.147228,-0.03146,0.14134,0,65,213.58737480727527,1212.9006385803223,118,0.8164632764913268,6165.9306640625,7.684125662609591,1,2,40,0.75,0.38,0.25,0.2,0.2,0.1,0.25,48,187.8093869901574,443.13597679138184,119,0.8105145622702206,6172.87890625,8.70597324688863,1,3,41,0.0,0.38,0.25,0.2,0.2,0.1,0.25
570,WorkloadAwareThreshold,0,NOOP,0.145949,0.390447,0.35074,0,48,187.8093869901574,443.13597679138184,119,0.8105145622702206,6172.87890625,8.70597324688863,1,3,41,0.0,0.38,0.25,0.2,0.2,0.1,0.25,55,213.97406191969992,1160.438060760498,120,0.8047452290852865,6180.443359375,9.56647219271701,1,4,42,0.75,0.4175,0.25,0.2,0.25,0.1,0.2
571,WorkloadAwareThreshold,0,NOOP,0.144685,-0.031396,0.138217,0,55,213.97406191969992,1160.438060760498,120,0.8047452290852865,6180.443359375,9.56647219271701,1,4,42,0.75,0.4175,0.25,0.2,0.25,0.1,0.2,53,169.12619066458103,474.65014457702637,121,0.7990524670309271,6187.8623046875,10.335203943069425,1,5,43,0.0,0.4175,0.25,0.15,0.25,0.1,0.25
572,WorkloadAwareThreshold,0,NOOP,0.143441,-0.031365,0.137961,0,53,169.12619066458103,474.65014457702637,121,0.7990524670309271,6187.8623046875,10.335203943069425,1,5,43,0.0,0.4175,0.25,0.15,0.25,0.1,0.25,53,196.94045313521588,426.50771141052246,122,0.7934571563220415,6195.3134765625,11.026259313493268,1,6,44,0.0,0.4175,0.25,0.1,0.25,0.1,0.3
573,WorkloadAwareThreshold,0,NOOP,0.142254,-0.042824,0.132168,0,53,196.94045313521588,426.50771141052246,122,0.7934571563220415,6195.3134765625,11.026259313493268,1,6,44,0.0,0.4175,0.25,0.1,0.25,0.1,0.3,71,279.6562412253971,658.0164432525635,123,0.7881427547795986,6204.259765625,11.610806644412918,1,7,45,0.0,0.3715,0.2,0.1,0.25,0.15,0.3
574,WorkloadAwareThreshold,0,NOOP,0.141073,0.390588,0.344719,0,71,279.6562412253971,658.0164432525635,123,0.7881427547795986,6204.259765625,11.610806644412918,1,7,45,0.0,0.3715,0.2,0.1,0.25,0.15,0.3,65,211.67383427111324,1222.7272987365723,124,0.7828653397098664,6212.8193359375,12.159790211979043,1,8,46,0.75,0.409,0.2,0.1,0.3,0.1,0.3
575,WorkloadAwareThreshold,0,NOOP,0.139885,0.390618,0.343844,0,65,211.67383427111324,1222.7272987365723,124,0.7828653397098664,6212.8193359375,12.159790211979043,1,8,46,0.75,0.409,0.2,0.1,0.3,0.1,0.3,54,209.64434797498993,1208.3208560943604,125,0.777552001953125,6220.416015625,12.693409013515344,1,9,47,0.75,0.4465,0.2,0.1,0.35,0.1,0.25
576,WorkloadAwareThreshold,0,NOOP,0.138709,-0.031227,0.125051,0,54,209.64434797498993,1208.3208560943604,125,0.777552001953125,6220.416015625,12.693409013515344,1,9,47,0.75,0.4465,0.2,0.1,0.35,0.1,0.25,53,204.69759839702832,840.3921127319336,126,0.7722953917488219,6227.7900390625,13.194483340624952,1,10,48,0.0,0.4465,0.2,0.05,0.35,0.15,0.25
577,WorkloadAwareThreshold,2,COMPACT_64KB,0.51027,-0.081188,0.145497,0,53,204.69759839702832,840.3921127319336,126,0.7722953917488219,6227.7900390625,13.194483340624952,1,10,48,0.0,0.4465,0.2,0.05,0.35,0.15,0.25,70,267.66702221736,430.3760528564453,117,0.8290227906316774,6207.72265625,4.8997113286388165,1,0,49,0.0,0.4465,0.2,0.05,0.35,0.15,0.25
578,WorkloadAwareThreshold,0,NOOP,0.14983,-0.042662,0.136358,0,70,267.66702221736,430.3760528564453,117,0.8290227906316774,6207.72265625,4.8997113286388165,1,0,49,0.0,0.4465,0.2,0.05,0.35,0.15,0.25,46,178.4372785579853,821.0794925689697,118,0.8229002871755826,6214.54296875,6.4745312697186765,1,1,50,0.0,0.40049999999999997,0.15,0.05,0.35,0.2,0.25
579,WorkloadAwareThreshold,0,NOOP,0.148463,0.379229,0.35174,0,46,178.4372785579853,821.0794925689697,118,0.8229002871755826,6214.54296875,6.4745312697186765,1,1,50,0.0,0.40049999999999997,0.15,0.05,0.35,0.2,0.25,30,110.58721580697241,1234.924077987671,119,0.816691294437697,6219.9208984375,7.76886576653908,1,2,51,0.75,0.392,0.1,0.05,0.4,0.2,0.25
580,WorkloadAwareThreshold,0,NOOP,0.147205,-0.040484,0.143627,0,30,110.58721580697241,1234.924077987671,119,0.816691294437697,6219.9208984375,7.76886576653908,1,2,51,0.75,0.392,0.1,0.05,0.4,0.2,0.25,67,254.18138862608112,328.8767337799072,120,0.8110240936279297,6228.6650390625,8.696799242300544,1,3,52,0.0,0.3545,0.1,0.1,0.35,0.2,0.25
581,WorkloadAwareThreshold,0,NOOP,0.145901,-0.040463,0.134354,0,67,254.18138862608112,328.8767337799072,120,0.8110240936279297,6228.6650390625,8.696799242300544,1,3,52,0.0,0.3545,0.1,0.1,0.35,0.2,0.25,40,138.08590071968027,728.614091873169,121,0.8051302570942019,6234.9287109375,9.603145175695797,1,4,53,0.0,0.317,0.1,0.1,0.3,0.25,0.25
582,WorkloadAwareThreshold,0,NOOP,0.14461,-0.042568,0.138735,0,40,138.08590071968027,728.614091873169,121,0.8051302570942019,6234.9287109375,9.603145175695797,1,4,53,0.0,0.317,0.1,0.1,0.3,0.25,0.25,37,135.17508912853933,446.2308883666992,122,0.7992980206599001,6240.9189453125,10.414218156924038,1,5,54,0.0,0.271,0.05,0.1,0.3,0.25,0.3
583,WorkloadAwareThreshold,0,NOOP,0.143378,0.477086,0.40976,0,37,135.17508912853933,446.2308883666992,122,0.7992980206599001,6240.9189453125,10.414218156924038,1,5,54,0.0,0.271,0.05,0.1,0.3,0.25,0.3,55,216.6524101737639,634.6426010131836,123,0.7937635716384019,6248.5068359375,11.090476058862771,1,6,55,0.92,0.27949999999999997,0.1,0.1,0.25,0.25,0.3
584,WorkloadAwareThreshold,0,NOOP,0.142144,-0.042514,0.13648,0,55,216.6524101737639,634.6426010131836,123,0.7937635716384019,6248.5068359375,11.090476058862771,1,6,55,0.92,0.27949999999999997,0.1,0.1,0.25,0.25,0.3,46,137.8600135332017,438.2002353668213,124,0.788222405218309,6255.3330078125,11.730030747122445,1,7,56,0.0,0.23349999999999999,0.05,0.1,0.25,0.25,0.35
585,WorkloadAwareThreshold,0,NOOP,0.140915,-0.030993,0.137848,0,46,137.8600135332017,438.2002353668213,124,0.788222405218309,6255.3330078125,11.730030747122445,1,7,56,0.0,0.23349999999999999,0.05,0.1,0.25,0.25,0.35,40,155.37120710492076,309.60941314697266,125,0.782701171875,6261.609375,12.332550927411221,1,8,57,0.0,0.23349999999999999,0.05,0.1,0.25,0.25,0.35
586,WorkloadAwareThreshold,0,NOOP,0.139692,-0.030975,0.137047,0,40,155.37120710492076,309.60941314697266,125,0.782701171875,6261.609375,12.332550927411221,1,8,57,0.0,0.23349999999999999,0.05,0.1,0.25,0.25,0.35,35,132.39488496215307,289.72530364990234,126,0.777207510811942,6267.4013671875,12.901589673990026,1,9,58,0.0,0.23349999999999999,0.05,0.15,0.25,0.25,0.3
587,WorkloadAwareThreshold,0,NOOP,0.138567,0.486562,0.401284,0,35,132.39488496215307,289.72530364990234,126,0.777207510811942,6267.4013671875,12.901589673990026,1,9,58,0.0,0.23349999999999999,0.05,0.15,0.25,0.25,0.3,72,280.1478785045168,822.9296207427979,127,0.7722117506612943,6276.537109375,13.345888142029283,1,10,59,0.92,0.27949999999999997,0.1,0.15,0.25,0.2,0.3
588,WorkloadAwareThreshold,2,COMPACT_64KB,0.510043,-0.090276,0.144809,0,72,280.1478785045168,822.9296207427979,127,0.7722117506612943,6276.537109375,13.345888142029283,1,10,59,0.92,0.27949999999999997,0.1,0.15,0.25,0.2,0.3,71,270.77593640944696,454.6470642089844,118,0.8285102197679423,6256.9091796875,4.877878496611753,1,0,60,0.0,0.242,0.1,0.15,0.2,0.2,0.35
589,WorkloadAwareThreshold,0,NOOP,0.149596,-0.030882,0.141516,0,71,270.77593640944696,454.6470642089844,118,0.8285102197679423,6256.9091796875,4.877878496611753,1,0,60,0.0,0.242,0.1,0.15,0.2,0.2,0.35,39,147.33491796855648,552.7517795562744,119,0.8223569212841386,6263.0703125,6.484399132315099,1,1,61,0.0,0.242,0.1,0.2,0.2,0.2,0.3
590,WorkloadAwareThreshold,0,NOOP,0.148259,0.477263,0.414374,0,39,147.33491796855648,552.7517795562744,119,0.8223569212841386,6263.0703125,6.484399132315099,1,1,61,0.0,0.242,0.1,0.2,0.2,0.2,0.3,38,130.71382691506497,644.2511081695557,120,0.8162956237792969,6269.150390625,7.729955146438633,1,2,62,0.92,0.2505,0.15,0.2,0.15,0.2,0.3
591,WorkloadAwareThreshold,0,NOOP,0.146963,0.391036,0.35155,0,38,130.71382691506497,644.2511081695557,120,0.8162956237792969,6269.150390625,7.729955146438633,1,2,62,0.92,0.2505,0.15,0.2,0.15,0.2,0.3,47,181.66229065260544,1171.9145774841309,121,0.810441702850594,6276.060546875,8.731450853562627,1,3,63,0.75,0.288,0.15,0.2,0.2,0.2,0.25
592,WorkloadAwareThreshold,0,NOOP,0.145692,-0.030814,0.1323,0,47,181.66229065260544,1171.9145774841309,121,0.810441702850594,6276.060546875,8.731450853562627,1,3,63,0.75,0.288,0.15,0.2,0.2,0.2,0.25,49,192.41673883511234,822.1323490142822,122,0.8047117639760502,6283.189453125,9.59243504216065,1,4,64,0.0,0.288,0.15,0.2,0.2,0.25,0.2
593,WorkloadAwareThreshold,0,NOOP,0.144478,0.486718,0.411357,0,49,192.41673883511234,822.1323490142822,122,0.8047117639760502,6283.189453125,9.59243504216065,1,4,64,0.0,0.288,0.15,0.2,0.2,0.25,0.2,67,261.61856644258313,609.7896099090576,123,0.7992654195645961,6291.8173828125,10.305575163249884,1,5,65,0.92,0.33399999999999996,0.2,0.2,0.2,0.2,0.2
594,WorkloadAwareThreshold,0,NOOP,0.143199,-0.040142,0.133158,0,67,261.61856644258313,609.7896099090576,123,0.7992654195645961,6291.8173828125,10.305575163249884,1,5,65,0.92,0.33399999999999996,0.2,0.2,0.2,0.2,0.2,30,115.06059857899213,657.0346355438232,124,0.7934949321131552,6297.17578125,11.056847624868197,1,6,66,0.0,0.2965,0.2,0.2,0.15,0.2,0.25
595,WorkloadAwareThreshold,0,NOOP,0.141986,-0.040117,0.136185,0,30,115.06059857899213,657.0346355438232,124,0.7934949321131552,6297.17578125,11.056847624868197,1,6,66,0.0,0.2965,0.2,0.2,0.15,0.2,0.25,51,192.40220798483156,446.317195892334,125,0.78805615234375,6304.44921875,11.679601346446121,1,7,67,0.0,0.259,0.2,0.2,0.1,0.2,0.3
596,WorkloadAwareThreshold,0,NOOP,0.140852,-0.030704,0.135069,0,51,192.40220798483156,446.317195892334,125,0.78805615234375,6304.44921875,11.679601346446121,1,7,67,0.0,0.259,0.2,0.2,0.1,0.2,0.3,79,298.5576391466847,446.6853141784668,126,0.7830121479337178,6314.2099609375,12.1840997727844,1,8,68,0.0,0.259,0.2,0.2,0.1,0.15,0.35
597,WorkloadAwareThreshold,0,NOOP,0.139684,-0.030678,0.13408,0,79,298.5576391466847,446.6853141784668,126,0.7830121479337178,6314.2099609375,12.1840997727844,1,8,68,0.0,0.259,0.2,0.2,0.1,0.15,0.35,56,206.73198364317764,438.95483016967773,127,0.7777955062746063,6321.921875,12.705520909590721,1,9,69,0.0,0.259,0.2,0.2,0.1,0.15,0.35
598,WorkloadAwareThreshold,0,NOOP,0.138565,0.391231,0.342099,0,56,206.73198364317764,438.95483016967773,127,0.7777955062746063,6321.921875,12.705520909590721,1,9,69,0.0,0.259,0.2,0.2,0.1,0.15,0.35,72,227.3381708300304,1233.302354812622,128,0.7728266716003418,6330.99609375,13.15687920170608,1,10,70,0.75,0.2965,0.2,0.2,0.15,0.1,0.35
599,WorkloadAwareThreshold,2,COMPACT_64KB,0.172375,0.331873,0.356045,0,72,227.3381708300304,1233.302354812622,128,0.7728266716003418,6330.99609375,13.15687920170608,1,10,70,0.75,0.2965,0.2,0.2,0.15,0.1,0.35,37,144.06244128491807,1135.723352432251,119,0.8282959240825236,6308.3017578125,4.957167706104028,1,0,71,0.75,0.2965,0.2,0.2,0.15,0.1,0.35
600,WorkloadAwareThreshold,0,NOOP,0.149506,0.391279,0.354753,0,37,144.06244128491807,1135.723352432251,119,0.8282959240825236,6308.3017578125,4.957167706104028,1,0,71,0.75,0.2965,0.2,0.2,0.15,0.1,0.35,67,263.931446174653,1137.6335620880127,120,0.8225307464599609,6317.0361328125,6.379952664639853,1,1,72,0.75,0.33399999999999996,0.2,0.15,0.2,0.1,0.35
601,WorkloadAwareThreshold,0,NOOP,0.148222,-0.03057,0.141341,0,67,263.931446174653,1137.6335620880127,120,0.8225307464599609,6317.0361328125,6.379952664639853,1,1,72,0.75,0.33399999999999996,0.2,0.15,0.2,0.1,0.35,57,160.20250721689277,495.2960014343262,121,0.8167327376436596,6324.7783203125,7.5515345661027276,1,2,73,0.0,0.33399999999999996,0.2,0.15,0.2,0.05,0.4
602,WorkloadAwareThreshold,0,NOOP,0.14696,-0.030544,0.141417,0,57,160.20250721689277,495.2960014343262,121,0.8167327376436596,6324.7783203125,7.5515345661027276,1,2,73,0.0,0.33399999999999996,0.2,0.15,0.2,0.05,0.4,58,217.943702047296,429.64935302734375,122,0.8110479135982326,6332.662109375,8.52664603414812,1,3,74,0.0,0.33399999999999996,0.2,0.15,0.2,0.05,0.4
603,WorkloadAwareThreshold,0,NOOP,0.145752,-0.042011,0.140939,0,58,217.943702047296,429.64935302734375,122,0.8110479135982326,6332.662109375,8.52664603414812,1,3,74,0.0,0.33399999999999996,0.2,0.15,0.2,0.05,0.4,74,268.65456194760355,394.43206787109375,123,0.8056367703569614,6341.97265625,9.319844221240317,1,4,75,0.0,0.288,0.15,0.2,0.2,0.05,0.4
604,WorkloadAwareThreshold,0,NOOP,0.144538,-0.030483,0.138962,0,74,268.65456194760355,394.43206787109375,123,0.8056367703569614,6341.97265625,9.319844221240317,1,4,75,0.0,0.288,0.15,0.2,0.2,0.05,0.4,63,235.55754527001548,433.8085651397705,124,0.8001919407998362,6350.3232421875,10.06035433339997,1,5,76,0.0,0.288,0.15,0.2,0.2,0.05,0.4
605,WorkloadAwareThreshold,0,NOOP,0.143332,-0.030458,0.130313,0,63,235.55754527001548,433.8085651397705,124,0.8001919407998362,6350.3232421875,10.06035433339997,1,5,76,0.0,0.288,0.15,0.2,0.2,0.05,0.4,59,227.62169739470846,807.1768283843994,125,0.79478466796875,6358.27734375,10.740794974447574,1,6,77,0.0,0.288,0.15,0.15,0.2,0.1,0.4
606,WorkloadAwareThreshold,0,NOOP,0.142091,-0.030442,0.131878,0,59,227.62169739470846,807.1768283843994,125,0.79478466796875,6358.27734375,10.740794974447574,1,6,77,0.0,0.288,0.15,0.15,0.2,0.1,0.4,36,135.09796630490217,668.1432723999023,126,0.7892064896840898,6364.1611328125,11.423687673776524,1,7,78,0.0,0.288,0.15,0.1,0.2,0.15,0.4
607,WorkloadAwareThreshold,0,NOOP,0.14092,0.379958,0.337665,0,36,135.09796630490217,668.1432723999023,126,0.7892064896840898,6364.1611328125,11.423687673776524,1,7,78,0.0,0.288,0.15,0.1,0.2,0.15,0.4,59,225.96866659057184,1571.4619159698486,127,0.7839730330339567,6372.1328125,11.98801464080337,1,8,79,0.75,0.27949999999999997,0.1,0.1,0.25,0.15,0.4
608,WorkloadAwareThreshold,0,NOOP,0.139747,-0.030395,0.129839,0,59,225.96866659057184,1571.4619159698486,127,0.7839730330339567,6372.1328125,11.98801464080337,1,8,79,0.75,0.27949999999999997,0.1,0.1,0.25,0.15,0.4,51,188.3467116072419,655.4336547851562,128,0.7787365913391113,6379.41015625,12.528249924168383,1,9,80,0.0,0.27949999999999997,0.1,0.1,0.25,0.2,0.35
609,WorkloadAwareThreshold,0,NOOP,0.138546,-0.030383,0.128264,0,51,188.3467116072419,655.4336547851562,128,0.7787365913391113,6379.41015625,12.528249924168383,1,9,80,0.0,0.27949999999999997,0.1,0.1,0.25,0.2,0.35,30,118.38373042604516,675.3277778625488,129,0.773353754087936,6384.80859375,13.07825341105586,1,10,81,0.0,0.27949999999999997,0.1,0.05,0.25,0.25,0.35
610,WorkloadAwareThreshold,2,COMPACT_64KB,0.509808,0.330015,0.354295,0,30,118.38373042604516,675.3277778625488,129,0.773353754087936,6384.80859375,13.07825341105586,1,10,81,0.0,0.27949999999999997,0.1,0.05,0.25,0.25,0.35,55,217.05440127360967,1221.095085144043,120,0.8285851796468099,6363.5341796875,4.899903526455243,1,0,82,0.75,0.271,0.05,0.05,0.3,0.25,0.35
611,WorkloadAwareThreshold,0,NOOP,0.149422,-0.039712,0.13908,0,55,217.05440127360967,1221.095085144043,120,0.8285851796468099,6363.5341796875,4.899903526455243,1,0,82,0.75,0.271,0.05,0.05,0.3,0.25,0.35,56,212.99841847912828,668.3518886566162,121,0.8227334771274535,6371.248046875,6.3859276163811325,1,1,83,0.0,0.23349999999999999,0.05,0.05,0.25,0.3,0.35
612,WorkloadAwareThreshold,0,NOOP,0.148088,0.487176,0.413111,0,56,212.99841847912828,668.3518886566162,121,0.8227334771274535,6371.248046875,6.3859276163811325,1,1,83,0.0,0.23349999999999999,0.05,0.05,0.25,0.3,0.35,31,95.45707921657072,701.3278007507324,122,0.8166891629578638,6376.708984375,7.661552800327474,1,2,84,0.92,0.27949999999999997,0.1,0.05,0.25,0.25,0.35
613,WorkloadAwareThreshold,0,NOOP,0.146859,-0.041796,0.13722,0,31,95.45707921657072,701.3278007507324,122,0.8166891629578638,6376.708984375,7.661552800327474,1,2,84,0.92,0.27949999999999997,0.1,0.05,0.25,0.25,0.35,69,257.8640178771905,635.6689929962158,123,0.8111693839716717,6385.525390625,8.577193642477965,1,3,85,0.0,0.23349999999999999,0.05,0.05,0.25,0.3,0.35
614,WorkloadAwareThreshold,0,NOOP,0.145591,-0.030279,0.136128,0,69,257.8640178771905,635.6689929962158,123,0.8111693839716717,6385.525390625,8.577193642477965,1,3,85,0.0,0.23349999999999999,0.05,0.05,0.25,0.3,0.35,43,169.25912105980353,628.1163692474365,124,0.8054527774933846,6392.0732421875,9.464049303061232,1,4,86,0.0,0.23349999999999999,0.05,0.05,0.25,0.35,0.3
615,WorkloadAwareThreshold,0,NOOP,0.144369,0.487243,0.409074,0,43,169.25912105980353,628.1163692474365,124,0.8054527774933846,6392.0732421875,9.464049303061232,1,4,86,0.0,0.23349999999999999,0.05,0.05,0.25,0.35,0.3,56,220.82319836865318,720.996618270874,125,0.7999700927734374,6399.7607421875,10.20962970100705,1,5,87,0.92,0.27949999999999997,0.1,0.05,0.25,0.35,0.25
616,WorkloadAwareThreshold,0,NOOP,0.143143,-0.030239,0.13207,0,56,220.82319836865318,720.996618270874,125,0.7999700927734374,6399.7607421875,10.20962970100705,1,5,87,0.92,0.27949999999999997,0.1,0.05,0.25,0.35,0.25,46,123.2773065537518,711.172342300415,126,0.7944660489521329,6406.57421875,10.910431511268788,1,6,88,0.0,0.27949999999999997,0.1,0.05,0.25,0.4,0.2
617,WorkloadAwareThreshold,6,PARTITION_EVENT_TYPE,-0.039893,-0.130222,0.131738,0,46,123.2773065537518,711.172342300415,126,0.7944660489521329,6406.57421875,10.910431511268788,1,6,88,0.0,0.27949999999999997,0.1,0.05,0.25,0.4,0.2,42,164.67085882545396,668.1337356567383,127,0.7890021857314222,6413.009765625,11.55951911528147,3,7,0,0.0,0.27949999999999997,0.1,0.05,0.25,0.45,0.15
618,WorkloadAwareThreshold,0,NOOP,0.138247,-0.063697,0.112252,0,42,164.67085882545396,668.1337356567383,127,0.7890021857314222,6413.009765625,11.55951911528147,3,7,0,0.0,0.27949999999999997,0.1,0.05,0.25,0.45,0.15,68,218.06133734776714,1462.2879028320312,130,0.7724862905649038,6427.0859375,13.350224418357493,3,8,1,0.0,0.242,0.1,0.05,0.25,0.45,0.15
619,WorkloadAwareThreshold,2,COMPACT_64KB,0.505263,0.264492,0.337941,0,68,218.06133734776714,1462.2879028320312,130,0.7724862905649038,6427.0859375,13.350224418357493,3,8,1,0.0,0.242,0.1,0.05,0.25,0.45,0.15,56,199.3920335216208,616.5192127227783,124,0.8083593307002899,6415.1396484375,9.834904708510939,3,0,2,0.67,0.238,0.1,0.05,0.2,0.5,0.15
620,WorkloadAwareThreshold,0,NOOP,0.142292,-0.062309,0.13658,0,56,199.3920335216208,616.5192127227783,124,0.8083593307002899,6415.1396484375,9.834904708510939,3,0,2,0.67,0.238,0.1,0.05,0.2,0.5,0.15,54,191.202060492786,444.3538188934326,127,0.7908367247093381,6427.9208984375,12.118329520424487,3,1,3,0.0,0.20049999999999998,0.1,0.05,0.15,0.5,0.2
621,WorkloadAwareThreshold,0,NOOP,0.138533,0.323989,0.32505,0,54,191.202060492786,444.3538188934326,127,0.7908367247093381,6427.9208984375,12.118329520424487,3,1,3,0.0,0.20049999999999998,0.1,0.05,0.15,0.5,0.2,36,128.1805929781848,886.6245746612549,130,0.7739142784705528,6438.966796875,13.910736500079897,3,2,4,0.67,0.23399999999999999,0.1,0.05,0.15,0.55,0.15
622,WorkloadAwareThreshold,0,NOOP,0.134945,0.324048,0.326658,0,36,128.1805929781848,886.6245746612549,130,0.7739142784705528,6438.966796875,13.910736500079897,3,2,4,0.67,0.23399999999999999,0.1,0.05,0.15,0.55,0.15,43,146.2254638382882,630.561113357544,133,0.7578482950540414,6450.8046875,15.339448352823998,3,3,5,0.67,0.26749999999999996,0.1,0.05,0.15,0.6,0.1
623,WorkloadAwareThreshold,0,NOOP,0.131534,0.32413,0.323427,0,43,146.2254638382882,630.561113357544,133,0.7578482950540414,6450.8046875,15.339448352823998,3,3,5,0.67,0.26749999999999996,0.1,0.05,0.15,0.6,0.1,61,206.016196085852,625.3542900085449,136,0.7426701714010799,6464.201171875,16.500550913495847,3,4,6,0.67,0.301,0.1,0.0,0.15,0.65,0.1
624,WorkloadAwareThreshold,2,COMPACT_64KB,0.171013,0.274174,0.339781,0,61,206.016196085852,625.3542900085449,136,0.7426701714010799,6464.201171875,16.500550913495847,3,4,6,0.67,0.301,0.1,0.0,0.15,0.65,0.1,32,87.85935457433445,684.50927734375,122,0.8233581292824667,6428.7802734375,6.9551439618869875,3,0,7,0.67,0.33449999999999996,0.1,0.0,0.15,0.7,0.05
625,WorkloadAwareThreshold,0,NOOP,0.14546,-0.052602,0.134821,0,32,87.85935457433445,684.50927734375,122,0.8233581292824667,6428.7802734375,6.9551439618869875,3,0,7,0.67,0.33449999999999996,0.1,0.0,0.15,0.7,0.05,74,251.74995863357785,688.1704330444336,125,0.8054232177734375,6443.3857421875,10.065286388206689,3,1,8,0.0,0.33449999999999996,0.15,0.0,0.15,0.65,0.05
626,WorkloadAwareThreshold,0,NOOP,0.141677,-0.052496,0.1356,0,74,251.74995863357785,688.1704330444336,125,0.8054232177734375,6443.3857421875,10.065286388206689,3,1,8,0.0,0.33449999999999996,0.15,0.0,0.15,0.65,0.05,79,253.77873803770493,463.8359546661377,128,0.7883851528167725,6458.451171875,12.205515427683217,3,2,9,0.0,0.33449999999999996,0.15,0.05,0.15,0.6,0.05
627,WorkloadAwareThreshold,0,NOOP,0.13805,0.31511,0.328886,0,79,253.77873803770493,463.8359546661377,128,0.7883851528167725,6458.451171875,12.205515427683217,3,2,9,0.0,0.33449999999999996,0.15,0.05,0.15,0.6,0.05,79,260.2125803568764,671.9510555267334,131,0.7721241958268726,6473.4892578125,13.861828437510464,3,3,10,0.67,0.3305,0.15,0.05,0.1,0.65,0.05
628,WorkloadAwareThreshold,0,NOOP,0.134499,-0.052328,0.124704,0,79,260.2125803568764,671.9510555267334,131,0.7721241958268726,6473.4892578125,13.861828437510464,3,3,10,0.67,0.3305,0.15,0.05,0.1,0.65,0.05,46,158.52791481110216,657.2847366333008,134,0.7562463105614505,6485.568359375,15.273216388955452,3,4,11,0.0,0.3305,0.2,0.05,0.1,0.6,0.05
629,WorkloadAwareThreshold,2,COMPACT_64KB,0.171729,-0.102263,0.147003,0,46,158.52791481110216,657.2847366333008,134,0.7562463105614505,6485.568359375,15.273216388955452,3,4,11,0.0,0.3305,0.2,0.05,0.1,0.6,0.05,49,122.67355558367575,309.27014350891113,122,0.8269415683433657,6456.759765625,6.237535061491292,3,0,12,0.0,0.33049999999999996,0.2,0.1,0.1,0.55,0.05
630,WorkloadAwareThreshold,0,NOOP,0.14608,0.315289,0.33739,0,49,122.67355558367575,309.27014350891113,122,0.8269415683433657,6456.759765625,6.237535061491292,3,0,12,0.0,0.33049999999999996,0.2,0.1,0.1,0.55,0.05,39,125.41101895680094,640.7623291015625,125,0.808526611328125,6468.212890625,9.742651912361175,3,1,13,0.67,0.3265,0.2,0.1,0.05,0.6,0.05
631,WorkloadAwareThreshold,0,NOOP,0.142189,0.324714,0.329511,0,39,125.41101895680094,640.7623291015625,125,0.808526611328125,6468.212890625,9.742651912361175,3,1,13,0.67,0.3265,0.2,0.1,0.05,0.6,0.05,38,133.69050892354613,843.9249992370605,128,0.7909450531005859,6479.421875,12.078045980007685,3,2,14,0.67,0.36000000000000004,0.2,0.1,0.05,0.6,0.05
632,WorkloadAwareThreshold,0,NOOP,0.138536,-0.063567,0.136042,0,38,133.69050892354613,843.9249992370605,128,0.7909450531005859,6479.421875,12.078045980007685,3,2,14,0.67,0.36000000000000004,0.2,0.1,0.05,0.6,0.05,71,238.8368073990783,288.44261169433594,131,0.7745545365428197,6493.865234375,13.780697437491911,3,3,15,0.0,0.314,0.15,0.15,0.05,0.6,0.05
633,WorkloadAwareThreshold,0,NOOP,0.134998,0.324884,0.326364,0,71,238.8368073990783,288.44261169433594,131,0.7745545365428197,6493.865234375,13.780697437491911,3,3,15,0.0,0.314,0.15,0.15,0.05,0.6,0.05,57,196.68660994443502,649.221658706665,134,0.7587410087016091,6506.962890625,15.189260278741473,3,4,16,0.67,0.34750000000000003,0.15,0.15,0.05,0.6,0.05
634,WorkloadAwareThreshold,2,COMPACT_64KB,0.170877,0.274942,0.340132,0,57,196.68660994443502,649.221658706665,134,0.7587410087016091,6506.962890625,15.189260278741473,3,4,16,0.67,0.34750000000000003,0.15,0.15,0.05,0.6,0.05,44,152.9151974439751,661.4844799041748,123,0.8233075645880971,6481.0771484375,7.194173118943517,3,0,17,0.67,0.38100000000000006,0.15,0.15,0.05,0.6,0.05
635,WorkloadAwareThreshold,0,NOOP,0.145328,-0.06335,0.122958,0,44,152.9151974439751,661.4844799041748,123,0.8233075645880971,6481.0771484375,7.194173118943517,3,0,17,0.67,0.38100000000000006,0.15,0.15,0.05,0.6,0.05,63,216.74460601606384,1275.989055633545,126,0.805390130905878,6494.666015625,10.242564990583224,3,1,18,0.0,0.335,0.1,0.15,0.1,0.6,0.05
636,WorkloadAwareThreshold,0,NOOP,0.141568,-0.051748,0.129558,0,63,216.74460601606384,1275.989055633545,126,0.805390130905878,6494.666015625,10.242564990583224,3,1,18,0.0,0.335,0.1,0.15,0.1,0.6,0.05,78,224.44759481999228,761.7471218109131,129,0.7884640952413396,6509.5595703125,12.336965642462815,3,2,19,0.0,0.335,0.15,0.15,0.1,0.55,0.05
637,WorkloadAwareThreshold,0,NOOP,0.137963,-0.051647,0.109239,0,78,224.44759481999228,761.7471218109131,129,0.7884640952413396,6509.5595703125,12.336965642462815,3,2,19,0.0,0.335,0.15,0.15,0.1,0.55,0.05,78,181.84985684055357,1601.2344360351562,132,0.7723166725852273,6524.53125,13.966901802663909,3,3,20,0.0,0.3350000000000001,0.15,0.15,0.15,0.5,0.05
638,WorkloadAwareThreshold,0,NOOP,0.134488,0.32532,0.320211,0,78,181.84985684055357,1601.2344360351562,132,0.7723166725852273,6524.53125,13.966901802663909,3,3,20,0.0,0.3350000000000001,0.15,0.15,0.15,0.5,0.05,71,236.51370139900962,932.5709342956543,135,0.7568137839988426,6538.87109375,15.310936718714187,3,4,21,0.67,0.36850000000000005,0.15,0.15,0.1,0.55,0.05
639,WorkloadAwareThreshold,2,COMPACT_64KB,0.509183,0.267048,0.341229,0,71,236.51370139900962,932.5709342956543,135,0.7568137839988426,6538.87109375,15.310936718714187,3,4,21,0.67,0.36850000000000005,0.15,0.15,0.1,0.55,0.05,79,261.6341859177884,646.8935012817383,123,0.8273360089557927,6512.7890625,6.083276376399119,3,0,22,0.67,0.3685,0.15,0.15,0.1,0.55,0.05
640,WorkloadAwareThreshold,0,NOOP,0.146084,0.325487,0.337248,0,79,261.6341859177884,646.8935012817383,123,0.8273360089557927,6512.7890625,6.083276376399119,3,0,22,0.67,0.3685,0.15,0.15,0.1,0.55,0.05,50,164.3161316658975,649.3024826049805,126,0.8091680133153522,6525.130859375,9.593456724258177,3,1,23,0.67,0.402,0.15,0.15,0.1,0.6,0.0
641,WorkloadAwareThreshold,0,NOOP,0.142247,0.317177,0.327482,0,50,164.3161316658975,649.3024826049805,126,0.8091680133153522,6525.130859375,9.593456724258177,3,1,23,0.67,0.402,0.15,0.15,0.1,0.6,0.0,51,155.48087830073274,949.5220184326172,129,0.7918612457985101,6537.6064453125,11.910435769755395,3,2,24,0.67,0.402,0.15,0.15,0.1,0.6,0.0
642,WorkloadAwareThreshold,0,NOOP,0.138615,0.31727,0.329792,0,51,155.48087830073274,949.5220184326172,129,0.7918612457985101,6537.6064453125,11.910435769755395,3,2,24,0.67,0.402,0.15,0.15,0.1,0.6,0.0,73,239.94648493948523,656.1679840087891,132,0.7755754644220526,6552.0615234375,13.63059563173475,3,3,25,0.67,0.402,0.15,0.15,0.1,0.6,0.0
643,WorkloadAwareThreshold,0,NOOP,0.135071,-0.059546,0.124771,0,73,239.94648493948523,656.1679840087891,132,0.7755754644220526,6552.0615234375,13.63059563173475,3,3,25,0.67,0.402,0.15,0.15,0.1,0.6,0.0,46,152.21847611098005,683.7863922119141,135,0.7597319426359954,6564.083984375,15.074337569283031,3,4,26,0.0,0.3685,0.2,0.15,0.1,0.55,0.0
644,WorkloadAwareThreshold,2,COMPACT_64KB,0.172263,0.267388,0.341271,0,46,152.21847611098005,683.7863922119141,135,0.7597319426359954,6564.083984375,15.074337569283031,3,4,26,0.0,0.3685,0.2,0.15,0.1,0.55,0.0,46,109.85817704353491,673.771858215332,123,0.8302338142705158,6535.6005859375,5.648042968466517,3,0,27,0.67,0.36850000000000005,0.2,0.15,0.1,0.55,0.0
645,WorkloadAwareThreshold,0,NOOP,0.146656,0.325829,0.338141,0,46,109.85817704353491,673.771858215332,123,0.8302338142705158,6535.6005859375,5.648042968466517,3,0,27,0.67,0.36850000000000005,0.2,0.15,0.1,0.55,0.0,52,175.3405317364037,633.2149505615234,126,0.8120277041480655,6548.19140625,9.343146521926817,3,1,28,0.67,0.402,0.15,0.15,0.1,0.6,0.0
646,WorkloadAwareThreshold,0,NOOP,0.142762,-0.051007,0.119875,0,52,175.3405317364037,633.2149505615234,126,0.8120277041480655,6548.19140625,9.343146521926817,3,1,28,0.67,0.402,0.15,0.15,0.1,0.6,0.0,31,89.75798978323898,1305.5894374847412,129,0.7944337120351865,6558.8447265625,11.787106504966887,3,2,29,0.0,0.402,0.15,0.1,0.15,0.6,0.0
647,WorkloadAwareThreshold,0,NOOP,0.139079,0.317562,0.33057,0,31,89.75798978323898,1305.5894374847412,129,0.7944337120351865,6558.8447265625,11.787106504966887,3,2,29,0.0,0.402,0.15,0.1,0.15,0.6,0.0,54,179.21142433938795,640.4397487640381,132,0.7778943379720052,6571.6513671875,13.576942244713402,3,3,30,0.67,0.402,0.15,0.1,0.15,0.6,0.0
648,WorkloadAwareThreshold,0,NOOP,0.13552,0.325991,0.327275,0,54,179.21142433938795,640.4397487640381,132,0.7778943379720052,6571.6513671875,13.576942244713402,3,3,30,0.67,0.402,0.15,0.1,0.15,0.6,0.0,43,148.7506222854909,631.0226917266846,135,0.7619774712456597,6583.4853515625,15.04086093460265,3,4,31,0.67,0.43550000000000005,0.1,0.1,0.15,0.65,0.0
649,WorkloadAwareThreshold,2,COMPACT_64KB,0.169983,0.276049,0.339686,0,43,148.7506222854909,631.0226917266846,135,0.7619774712456597,6583.4853515625,15.04086093460265,3,4,31,0.67,0.43550000000000005,0.1,0.1,0.15,0.65,0.0,45,155.0331227550247,641.559362411499,125,0.820087890625,6560.703125,7.6387219637260735,3,0,32,0.67,0.46900000000000003,0.1,0.05,0.15,0.7,0.0
650,WorkloadAwareThreshold,0,NOOP,0.144545,0.317775,0.335209,0,45,155.0331227550247,641.559362411499,125,0.820087890625,6560.703125,7.6387219637260735,3,0,32,0.67,0.46900000000000003,0.1,0.05,0.15,0.7,0.0,80,266.15377293537955,676.8083572387695,128,0.8027266263961792,6575.9365234375,10.43515125708023,3,1,33,0.67,0.46900000000000003,0.1,0.05,0.15,0.7,0.0
651,WorkloadAwareThreshold,0,NOOP,0.140803,0.317845,0.329316,0,80,266.15377293537955,676.8083572387695,128,0.8027266263961792,6575.9365234375,10.43515125708023,3,1,33,0.67,0.46900000000000003,0.1,0.05,0.15,0.7,0.0,55,184.41069915423603,788.0847454071045,131,0.7858882059577768,6588.88671875,12.503054820074675,3,2,34,0.67,0.46900000000000003,0.1,0.05,0.15,0.7,0.0
652,WorkloadAwareThreshold,0,NOOP,0.13725,0.326312,0.329031,0,55,184.41069915423603,788.0847454071045,131,0.7858882059577768,6588.88671875,12.503054820074675,3,2,34,0.67,0.46900000000000003,0.1,0.05,0.15,0.7,0.0,74,250.9741658209987,628.4263134002686,134,0.7699991482407299,6603.5126953125,14.084816630922692,3,3,35,0.67,0.5025000000000001,0.1,0.0,0.15,0.75,0.0
653,WorkloadAwareThreshold,0,NOOP,0.133796,0.318006,0.320865,0,74,250.9741658209987,628.4263134002686,134,0.7699991482407299,6603.5126953125,14.084816630922692,3,3,35,0.67,0.5025000000000001,0.1,0.0,0.15,0.75,0.0,55,185.8651525882024,867.7847385406494,137,0.7546049243342268,6616.3759765625,15.417813578634544,3,4,36,0.67,0.5025000000000001,0.1,0.0,0.15,0.75,0.0
654,WorkloadAwareThreshold,2,COMPACT_64KB,0.508192,-0.108787,0.14291,0,55,185.8651525882024,867.7847385406494,137,0.7546049243342268,6616.3759765625,15.417813578634544,3,4,36,0.67,0.5025000000000001,0.1,0.0,0.15,0.75,0.0,65,217.608878367042,465.801477432251,125,0.8236290283203125,6589.0322265625,6.6894824278536875,3,0,37,0.0,0.46900000000000003,0.1,0.0,0.15,0.7,0.05
655,WorkloadAwareThreshold,0,NOOP,0.145138,0.326507,0.337144,0,65,217.608878367042,465.801477432251,125,0.8236290283203125,6589.0322265625,6.6894824278536875,3,0,37,0.0,0.46900000000000003,0.1,0.0,0.15,0.7,0.05,36,123.73014126194221,609.7075939178467,128,0.8056892156600952,6600.2060546875,9.953515810461797,3,1,38,0.67,0.5025000000000001,0.1,0.0,0.1,0.75,0.05
656,WorkloadAwareThreshold,0,NOOP,0.141348,0.326558,0.329067,0,36,123.73014126194221,609.7075939178467,128,0.8056892156600952,6600.2060546875,9.953515810461797,3,1,38,0.67,0.5025000000000001,0.1,0.0,0.1,0.75,0.05,41,137.6031136375275,827.8017044067383,131,0.7886171996138478,6611.7666015625,12.17135877748501,3,2,39,0.67,0.536,0.05,0.0,0.1,0.8,0.05
657,WorkloadAwareThreshold,0,NOOP,0.137743,0.326626,0.329272,0,41,137.6031136375275,827.8017044067383,131,0.7886171996138478,6611.7666015625,12.17135877748501,3,2,39,0.67,0.536,0.05,0.0,0.1,0.8,0.05,55,166.86815933173665,641.0253047943115,134,0.7724641259036847,6624.65234375,13.850982776997924,3,3,40,0.67,0.5695,0.05,0.0,0.05,0.85,0.05
658,WorkloadAwareThreshold,0,NOOP,0.13428,0.31832,0.325669,0,55,166.86815933173665,641.0253047943115,134,0.7724641259036847,6624.65234375,13.850982776997924,3,3,40,0.67,0.5695,0.05,0.0,0.05,0.85,0.05,56,192.6571311864012,651.7844200134277,137,0.7570242777358006,6637.5888671875,15.218375013467169,3,4,41,0.67,0.5695,0.05,0.0,0.05,0.85,0.05
659,WorkloadAwareThreshold,2,COMPACT_64KB,0.508754,-0.108463,0.143467,0,56,192.6571311864012,651.7844200134277,137,0.7570242777358006,6637.5888671875,15.218375013467169,3,4,41,0.67,0.5695,0.05,0.0,0.05,0.85,0.05,74,190.71519836307831,466.08877182006836,125,0.8264417724609375,6611.5341796875,6.211671018299335,3,0,42,0.0,0.536,0.05,0.05,0.05,0.8,0.05
660,WorkloadAwareThreshold,0,NOOP,0.145771,-0.058372,0.142008,0,74,190.71519836307831,466.08877182006836,125,0.8264417724609375,6611.5341796875,6.211671018299335,3,0,42,0.0,0.536,0.05,0.05,0.05,0.8,0.05,74,252.8663259578261,348.18077087402344,128,0.8088564872741699,6626.15234375,9.535857684181032,3,1,43,0.0,0.5025000000000001,0.05,0.1,0.05,0.75,0.05
661,WorkloadAwareThreshold,0,NOOP,0.141955,0.318546,0.32897,0,74,252.8663259578261,348.18077087402344,128,0.8088564872741699,6626.15234375,9.535857684181032,3,1,43,0.0,0.5025000000000001,0.05,0.1,0.05,0.75,0.05,35,119.09382004742639,862.9858493804932,131,0.7916477581926884,6637.1748046875,11.874930490162479,3,2,44,0.67,0.5025000000000001,0.05,0.1,0.05,0.75,0.05
662,WorkloadAwareThreshold,0,NOOP,0.138329,-0.058266,0.128157,0,35,119.09382004742639,862.9858493804932,131,0.7916477581926884,6637.1748046875,11.874930490162479,3,2,44,0.67,0.5025000000000001,0.05,0.1,0.05,0.75,0.05,52,173.98711353158956,676.0892868041992,134,0.7753946105046059,6649.7841796875,13.61868505967534,3,3,45,0.0,0.46900000000000003,0.1,0.1,0.05,0.7,0.05
663,WorkloadAwareThreshold,0,NOOP,0.13485,0.32705,0.326971,0,52,173.98711353158956,676.0892868041992,134,0.7753946105046059,6649.7841796875,13.61868505967534,3,3,45,0.0,0.46900000000000003,0.1,0.1,0.05,0.7,0.05,54,183.33988953907698,615.2217388153076,137,0.7598762233761975,6662.5947265625,15.026713943649755,3,4,46,0.67,0.5025000000000001,0.05,0.1,0.05,0.75,0.05
664,WorkloadAwareThreshold,2,COMPACT_64KB,0.507967,0.26874,0.338518,0,54,183.33988953907698,615.2217388153076,137,0.7598762233761975,6662.5947265625,15.026713943649755,3,4,46,0.67,0.5025000000000001,0.05,0.1,0.05,0.75,0.05,54,177.33428749943235,725.414514541626,126,0.8231302897135416,6637.72265625,7.0975934433706405,3,0,47,0.67,0.5025000000000001,0.05,0.1,0.05,0.75,0.05
665,WorkloadAwareThreshold,0,NOOP,0.145023,-0.058047,0.138898,0,54,177.33428749943235,725.414514541626,126,0.8231302897135416,6637.72265625,7.0975934433706405,3,0,47,0.67,0.5025000000000001,0.05,0.1,0.05,0.75,0.05,72,238.16274789076954,467.50354766845703,129,0.8057390553082606,6652.181640625,10.083782857544135,3,1,48,0.0,0.46900000000000003,0.05,0.15,0.05,0.7,0.05
666,WorkloadAwareThreshold,0,NOOP,0.141322,0.327288,0.328258,0,72,238.16274789076954,467.50354766845703,129,0.8057390553082606,6652.181640625,10.083782857544135,3,1,48,0.0,0.46900000000000003,0.05,0.15,0.05,0.7,0.05,70,229.76534455651804,868.1862354278564,132,0.7891105883049242,6666.40625,12.185623936365714,3,2,49,0.67,0.5025000000000001,0.05,0.15,0.0,0.75,0.05
667,WorkloadAwareThreshold,0,NOOP,0.13774,-0.057894,0.127312,0,70,229.76534455651804,868.1862354278564,132,0.7891105883049242,6666.40625,12.185623936365714,3,2,49,0.67,0.5025000000000001,0.05,0.15,0.0,0.75,0.05,57,184.80595150488227,690.1328563690186,135,0.7730750189887152,6679.3681640625,13.853158882641221,3,3,50,0.0,0.46900000000000003,0.1,0.15,0.0,0.7,0.05
668,WorkloadAwareThreshold,0,NOOP,0.134313,-0.057818,0.128006,0,57,184.80595150488227,690.1328563690186,135,0.7730750189887152,6679.3681640625,13.853158882641221,3,3,50,0.0,0.46900000000000003,0.1,0.15,0.0,0.7,0.05,64,211.4825664163718,487.8504276275635,138,0.7578173651211504,6693.04296875,15.19810544011555,3,4,51,0.0,0.43550000000000005,0.1,0.15,0.0,0.65,0.1
669,WorkloadAwareThreshold,2,COMPACT_64KB,0.508659,0.269132,0.340526,0,64,211.4825664163718,487.8504276275635,138,0.7578173651211504,6693.04296875,15.19810544011555,3,4,51,0.0,0.43550000000000005,0.1,0.15,0.0,0.65,0.1,62,210.1808183128269,659.6055030822754,126,0.8265923394097222,6665.640625,6.035504702162023,3,0,52,0.67,0.43550000000000005,0.1,0.15,0.0,0.65,0.1
670,WorkloadAwareThreshold,0,NOOP,0.145646,0.319189,0.33636,0,62,210.1808183128269,659.6055030822754,126,0.8265923394097222,6665.640625,6.035504702162023,3,0,52,0.67,0.43550000000000005,0.1,0.15,0.0,0.65,0.1,48,150.52050337336715,675.5552291870117,129,0.8088564613992854,6677.9189453125,9.49444325881243,3,1,53,0.67,0.43550000000000005,0.1,0.15,0.0,0.65,0.1
671,WorkloadAwareThreshold,0,NOOP,0.141869,0.319237,0.332356,0,48,150.52050337336715,675.5552291870117,129,0.8088564613992854,6677.9189453125,9.49444325881243,3,1,53,0.67,0.43550000000000005,0.1,0.15,0.0,0.65,0.1,40,135.54914593099258,690.631628036499,132,0.7918451482599432,6689.5078125,11.808858065148675,3,2,54,0.67,0.43550000000000005,0.1,0.15,0.0,0.65,0.1
672,WorkloadAwareThreshold,0,NOOP,0.138254,0.319293,0.329666,0,40,135.54914593099258,690.631628036499,132,0.7918451482599432,6689.5078125,11.808858065148675,3,2,54,0.67,0.43550000000000005,0.1,0.15,0.0,0.65,0.1,47,118.61412558522663,648.148775100708,135,0.7756456163194444,6701.578125,13.565093420766427,3,3,55,0.67,0.43550000000000005,0.1,0.15,0.0,0.65,0.1
673,WorkloadAwareThreshold,0,NOOP,0.134759,-0.05754,0.127358,0,47,118.61412558522663,648.148775100708,135,0.7756456163194444,6701.578125,13.565093420766427,3,3,55,0.67,0.43550000000000005,0.1,0.15,0.0,0.65,0.1,36,123.24598682121632,542.5639152526855,138,0.7600469174592391,6712.734375,15.005885667998276,3,4,56,0.0,0.402,0.1,0.15,0.0,0.6,0.15
674,WorkloadAwareThreshold,2,COMPACT_64KB,0.509139,-0.099097,0.143727,0,36,123.24598682121632,542.5639152526855,138,0.7600469174592391,6712.734375,15.005885667998276,3,4,56,0.0,0.402,0.1,0.15,0.0,0.6,0.15,57,190.1886633949674,473.56629371643066,126,0.8289902702210441,6684.9775390625,5.524669687838429,3,0,57,0.0,0.402,0.1,0.2,0.0,0.6,0.1
675,WorkloadAwareThreshold,0,NOOP,0.146157,0.319483,0.336242,0,57,190.1886633949674,473.56629371643066,126,0.8289902702210441,6684.9775390625,5.524669687838429,3,0,57,0.0,0.402,0.1,0.2,0.0,0.6,0.1,68,223.53421677153185,707.0107460021973,129,0.8114123677098474,6699.0205078125,9.134865233140879,3,1,58,0.67,0.402,0.1,0.2,0.0,0.6,0.1
676,WorkloadAwareThreshold,0,NOOP,0.142415,0.319555,0.32765,0,68,223.53421677153185,707.0107460021973,129,0.8114123677098474,6699.0205078125,9.134865233140879,3,1,58,0.67,0.402,0.1,0.2,0.0,0.6,0.1,62,197.44899937966628,953.2532691955566,132,0.794576240308357,6712.580078125,11.485028997298983,3,2,59,0.67,0.402,0.1,0.2,0.0,0.6,0.1
677,WorkloadAwareThreshold,0,NOOP,0.138786,0.319608,0.32811,0,62,197.44899937966628,953.2532691955566,132,0.794576240308357,6712.580078125,11.485028997298983,3,2,59,0.67,0.402,0.1,0.2,0.0,0.6,0.1,45,142.6031480274019,752.5098323822021,135,0.7783027931495949,6724.5361328125,13.30655897525728,3,3,60,0.67,0.402,0.1,0.2,0.0,0.6,0.1
678,WorkloadAwareThreshold,0,NOOP,0.135358,-0.057181,0.119011,0,45,142.6031480274019,752.5098323822021,135,0.7783027931495949,6724.5361328125,13.30655897525728,3,3,60,0.67,0.402,0.1,0.2,0.0,0.6,0.1,74,191.84129472177378,989.842414855957,138,0.7630379718282948,6739.1513671875,14.71485128035613,3,4,61,0.0,0.3685,0.15,0.2,0.0,0.55,0.1
679,WorkloadAwareThreshold,2,COMPACT_64KB,0.508465,-0.098725,0.145411,0,74,191.84129472177378,989.842414855957,138,0.7630379718282948,6739.1513671875,14.71485128035613,3,4,61,0.0,0.3685,0.15,0.2,0.0,0.55,0.1,70,212.95330714463935,356.9073677062988,127,0.8262469674658588,6715.7353515625,6.480790004076183,3,0,62,0.0,0.36850000000000005,0.15,0.2,0.0,0.55,0.1
680,WorkloadAwareThreshold,0,NOOP,0.145533,0.328234,0.334219,0,70,212.95330714463935,356.9073677062988,127,0.8262469674658588,6715.7353515625,6.480790004076183,3,0,62,0.0,0.36850000000000005,0.15,0.2,0.0,0.55,0.1,72,231.3545635066559,778.1717777252197,130,0.8089127760667068,6730.154296875,9.674361685001264,3,1,63,0.67,0.402,0.15,0.15,0.0,0.6,0.1
681,WorkloadAwareThreshold,0,NOOP,0.141807,-0.056955,0.136167,0,72,231.3545635066559,778.1717777252197,130,0.8089127760667068,6730.154296875,9.674361685001264,3,1,63,0.67,0.402,0.15,0.15,0.0,0.6,0.1,53,139.03851330728085,448.2462406158447,133,0.7921596899964756,6742.86328125,11.903413002063054,3,2,64,0.0,0.36850000000000005,0.15,0.2,0.0,0.55,0.1
682,WorkloadAwareThreshold,0,NOOP,0.138183,-0.048543,0.131119,0,53,139.03851330728085,448.2462406158447,133,0.7921596899964756,6742.86328125,11.903413002063054,3,2,64,0.0,0.36850000000000005,0.15,0.2,0.0,0.55,0.1,31,103.3112636664124,523.1893062591553,136,0.7759163800407859,6753.576171875,13.66810799618306,3,3,65,0.0,0.36850000000000005,0.1,0.2,0.0,0.55,0.15
683,WorkloadAwareThreshold,0,NOOP,0.13476,-0.056848,0.127445,0,31,103.3112636664124,523.1893062591553,136,0.7759163800407859,6753.576171875,13.66810799618306,3,3,65,0.0,0.36850000000000005,0.1,0.2,0.0,0.55,0.15,61,190.0569266276875,539.5135879516602,139,0.7606747853670189,6766.962890625,15.041429658403791,3,4,66,0.0,0.3350000000000001,0.1,0.2,0.0,0.5,0.2
684,WorkloadAwareThreshold,2,COMPACT_64KB,0.509075,0.270109,0.339668,0,61,190.0569266276875,539.5135879516602,139,0.7606747853670189,6766.962890625,15.041429658403791,3,4,66,0.0,0.3350000000000001,0.1,0.2,0.0,0.5,0.2,72,176.68462318402203,724.5821952819824,127,0.8292978842427411,6740.533203125,5.590618736892517,3,0,67,0.67,0.3350000000000001,0.1,0.2,0.0,0.5,0.2
685,WorkloadAwareThreshold,0,NOOP,0.146133,-0.048306,0.129424,0,72,176.68462318402203,724.5821952819824,127,0.8292978842427411,6740.533203125,5.590618736892517,3,0,67,0.67,0.3350000000000001,0.1,0.2,0.0,0.5,0.2,74,193.8525594183021,997.9476928710938,130,0.8119171142578125,6755.150390625,9.132289595619236,3,1,68,0.0,0.3350000000000001,0.15,0.15,0.0,0.5,0.2
686,WorkloadAwareThreshold,0,NOOP,0.14237,0.320241,0.332381,0,74,193.8525594183021,997.9476928710938,130,0.8119171142578125,6755.150390625,9.132289595619236,3,1,68,0.0,0.3350000000000001,0.15,0.15,0.0,0.5,0.2,42,118.91899219023715,715.6543731689453,133,0.794972584659892,6766.806640625,11.527443936488702,3,2,69,0.67,0.3350000000000001,0.15,0.15,0.0,0.5,0.2
687,WorkloadAwareThreshold,0,NOOP,0.138779,0.328676,0.330201,0,42,118.91899219023715,715.6543731689453,133,0.794972584659892,6766.806640625,11.527443936488702,3,2,69,0.67,0.3350000000000001,0.15,0.15,0.0,0.5,0.2,53,170.02716939454365,648.8771438598633,136,0.7788937512566062,6779.4912109375,13.31400189673814,3,3,70,0.67,0.36850000000000005,0.1,0.15,0.0,0.55,0.2
688,WorkloadAwareThreshold,0,NOOP,0.13532,0.328733,0.325022,0,53,170.02716939454365,648.8771438598633,136,0.7788937512566062,6779.4912109375,13.31400189673814,3,3,70,0.67,0.36850000000000005,0.1,0.15,0.0,0.55,0.2,51,142.17724507436557,738.6636734008789,139,0.763473949844031,6791.8642578125,14.762443915985004,3,4,71,0.67,0.402,0.1,0.15,0.0,0.6,0.15
689,WorkloadAwareThreshold,2,COMPACT_64KB,0.509666,-0.106449,0.145706,0,51,142.17724507436557,738.6636734008789,139,0.763473949844031,6791.8642578125,14.762443915985004,3,4,71,0.67,0.402,0.1,0.15,0.0,0.6,0.15,60,182.88305532966925,402.1875858306885,127,0.8322479968934547,6764.51171875,5.054621872426378,3,0,72,0.0,0.3685,0.1,0.2,0.0,0.55,0.15
690,WorkloadAwareThreshold,0,NOOP,0.146691,-0.056375,0.139193,0,60,182.88305532966925,402.1875858306885,127,0.8322479968934547,6764.51171875,5.054621872426378,3,0,72,0.0,0.3685,0.1,0.2,0.0,0.55,0.15,66,198.8341516811805,537.3730659484863,130,0.8147047776442308,6778.34375,8.876808301522972,3,1,73,0.0,0.3350000000000001,0.1,0.2,0.0,0.5,0.2
691,WorkloadAwareThreshold,0,NOOP,0.142912,-0.05633,0.119928,0,66,198.8341516811805,537.3730659484863,130,0.8147047776442308,6778.34375,8.876808301522972,3,1,73,0.0,0.3350000000000001,0.1,0.2,0.0,0.5,0.2,40,130.73240215845559,1315.47212600708,133,0.7976858956473214,6789.90234375,11.350328029423311,3,2,74,0.0,0.30150000000000005,0.1,0.2,0.05,0.45,0.2
692,WorkloadAwareThreshold,0,NOOP,0.139287,-0.056283,0.13175,0,40,130.73240215845559,1315.47212600708,133,0.7976858956473214,6789.90234375,11.350328029423311,3,2,74,0.0,0.30150000000000005,0.1,0.2,0.05,0.45,0.2,42,140.77398825130476,546.8614101409912,136,0.7814343396355125,6801.6044921875,13.202709789644675,3,3,75,0.0,0.26800000000000007,0.1,0.25,0.05,0.4,0.2
693,WorkloadAwareThreshold,0,NOOP,0.135859,0.329044,0.326514,0,42,140.77398825130476,546.8614101409912,136,0.7814343396355125,6801.6044921875,13.202709789644675,3,3,75,0.0,0.26800000000000007,0.1,0.25,0.05,0.4,0.2,70,219.2487626239243,690.9925937652588,139,0.766167839654058,6815.8291015625,14.635483759529626,3,4,76,0.67,0.3015,0.1,0.25,0.05,0.45,0.15
694,WorkloadAwareThreshold,2,COMPACT_64KB,0.508916,0.279122,0.337307,0,70,219.2487626239243,690.9925937652588,139,0.766167839654058,6815.8291015625,14.635483759529626,3,4,76,0.67,0.3015,0.1,0.25,0.05,0.45,0.15,70,235.03915834573502,835.8979225158691,128,0.8291230201721191,6792.17578125,6.2341390254963684,3,0,77,0.67,0.3350000000000001,0.1,0.2,0.05,0.5,0.15
695,WorkloadAwareThreshold,0,NOOP,0.145965,0.32081,0.336908,0,70,235.03915834573502,835.8979225158691,128,0.8291230201721191,6792.17578125,6.2341390254963684,3,0,77,0.67,0.3350000000000001,0.1,0.2,0.05,0.5,0.15,58,192.08479632363972,666.5663719177246,131,0.8116976905415076,6805.2734375,9.565428526342075,3,1,78,0.67,0.335,0.1,0.2,0.05,0.5,0.15
696,WorkloadAwareThreshold,0,NOOP,0.142285,0.320886,0.333076,0,58,192.08479632363972,666.5663719177246,131,0.8116976905415076,6805.2734375,9.565428526342075,3,1,78,0.67,0.335,0.1,0.2,0.05,0.5,0.15,68,218.1899545279289,677.9325008392334,134,0.7951750114782533,6819.4208984375,11.776173789040852,3,2,79,0.67,0.335,0.1,0.2,0.05,0.5,0.15
697,WorkloadAwareThreshold,0,NOOP,0.138713,0.320941,0.330473,0,68,218.1899545279289,677.9325008392334,134,0.7951750114782533,6819.4208984375,11.776173789040852,3,2,79,0.67,0.335,0.1,0.2,0.05,0.5,0.15,50,126.58954338712647,633.2542896270752,137,0.779189283830406,6831.931640625,13.518576076966573,3,3,80,0.67,0.335,0.1,0.2,0.05,0.5,0.15
698,WorkloadAwareThreshold,0,NOOP,0.135311,-0.047486,0.131577,0,50,126.58954338712647,633.2542896270752,137,0.779189283830406,6831.931640625,13.518576076966573,3,3,80,0.67,0.335,0.1,0.2,0.05,0.5,0.15,67,209.15282862571758,361.70125007629395,140,0.7640535627092634,6845.919921875,14.900715893630577,3,4,81,0.0,0.335,0.05,0.25,0.05,0.5,0.15
699,WorkloadAwareThreshold,2,COMPACT_64KB,0.169326,-0.097444,0.13731,0,67,209.15282862571758,361.70125007629395,140,0.7640535627092634,6845.919921875,14.900715893630577,3,4,81,0.0,0.335,0.05,0.25,0.05,0.5,0.15,38,126.94958370735819,683.7587356567383,130,0.8199276263897236,6821.7978515625,7.926063054302119,3,0,82,0.0,0.335,0.05,0.2,0.05,0.5,0.2
700,WorkloadAwareThreshold,0,NOOP,0.143944,-0.05577,0.122756,0,38,126.94958370735819,683.7587356567383,130,0.8199276263897236,6821.7978515625,7.926063054302119,3,0,82,0.0,0.335,0.05,0.2,0.05,0.5,0.2,45,150.41901965753522,1225.6360054016113,133,0.8028460050884046,6833.8251953125,10.658834174312975,3,1,83,0.0,0.3015,0.05,0.2,0.1,0.45,0.2
701,WorkloadAwareThreshold,0,NOOP,0.140397,-0.047296,0.125177,0,45,150.41901965753522,1225.6360054016113,133,0.8028460050884046,6833.8251953125,10.658834174312975,3,1,83,0.0,0.3015,0.05,0.2,0.1,0.45,0.2,91,302.2340133727357,930.9775829315186,136,0.7869848363539752,6849.916015625,12.538515537138547,3,2,84,0.0,0.3015,0.1,0.15,0.1,0.45,0.2
702,WorkloadAwareThreshold,0,NOOP,0.136922,-0.047233,0.112346,0,91,302.2340133727357,930.9775829315186,136,0.7869848363539752,6849.916015625,12.538515537138547,3,2,84,0.0,0.3015,0.1,0.15,0.1,0.45,0.2,58,193.53839348649677,1402.5490283966064,139,0.7714832772453912,6863.115234375,14.099133911356581,3,3,85,0.0,0.3015,0.1,0.15,0.15,0.45,0.15
703,WorkloadAwareThreshold,0,NOOP,0.133641,-0.047136,0.112928,0,58,193.53839348649677,1402.5490283966064,139,0.7714832772453912,6863.115234375,14.099133911356581,3,3,85,0.0,0.3015,0.1,0.15,0.15,0.45,0.15,92,272.32799394193034,1213.1354808807373,142,0.7569537095620599,6879.1953125,15.331189965049536,3,4,86,0.0,0.30150000000000005,0.15,0.15,0.15,0.45,0.1
704,WorkloadAwareThreshold,2,COMPACT_64KB,0.507555,0.271434,0.337007,0,92,272.32799394193034,1213.1354808807373,142,0.7569537095620599,6879.1953125,15.331189965049536,3,4,86,0.0,0.30150000000000005,0.15,0.15,0.15,0.45,0.1,64,203.99055566405582,785.3226661682129,130,0.8235681387094351,6852.0869140625,7.22745832446196,3,0,87,0.67,0.3015,0.15,0.15,0.15,0.45,0.1
705,WorkloadAwareThreshold,0,NOOP,0.144687,0.329873,0.334492,0,64,203.99055566405582,785.3226661682129,130,0.8235681387094351,6852.0869140625,7.22745832446196,3,0,87,0.67,0.3015,0.15,0.15,0.15,0.45,0.1,61,180.92294463395731,726.0289192199707,133,0.8065614628612547,6865.451171875,10.140789627974128,3,1,88,0.67,0.335,0.1,0.15,0.15,0.5,0.1
706,WorkloadAwareThreshold,0,NOOP,0.141063,-0.055312,0.127014,0,61,180.92294463395731,726.0289192199707,133,0.8065614628612547,6865.451171875,10.140789627974128,3,1,88,0.67,0.335,0.1,0.15,0.15,0.5,0.1,61,198.65006568547372,872.4331855773926,136,0.7903146182789522,6878.8984375,12.202374405578562,3,2,89,0.0,0.3015,0.15,0.15,0.15,0.45,0.1
707,WorkloadAwareThreshold,0,NOOP,0.137654,-0.055208,0.132752,0,61,198.65006568547372,872.4331855773926,136,0.7903146182789522,6878.8984375,12.202374405578562,3,2,89,0.0,0.3015,0.15,0.15,0.15,0.45,0.1,99,325.0734099444088,418.87640953063965,139,0.7751454963958521,6895.6943359375,13.742881411945689,3,3,90,0.0,0.268,0.15,0.2,0.15,0.4,0.1
708,WorkloadAwareThreshold,0,NOOP,0.134284,0.321723,0.317531,0,99,325.0734099444088,418.87640953063965,139,0.7751454963958521,6895.6943359375,13.742881411945689,3,3,90,0.0,0.268,0.15,0.2,0.15,0.4,0.1,54,180.5635493365562,1065.1543140411377,142,0.7601691232600682,6908.4169921875,15.092019719328533,3,4,91,0.67,0.268,0.15,0.2,0.15,0.4,0.1
709,WorkloadAwareThreshold,2,COMPACT_64KB,0.50696,0.280175,0.338832,0,54,180.5635493365562,1065.1543140411377,142,0.7601691232600682,6908.4169921875,15.092019719328533,3,4,91,0.67,0.268,0.15,0.2,0.15,0.4,0.1,72,226.03898180250417,665.6293869018555,131,0.8212211550647066,6885.1181640625,7.276441444518765,3,0,92,0.67,0.3015,0.15,0.15,0.15,0.45,0.1
710,WorkloadAwareThreshold,0,NOOP,0.144192,-0.046606,0.115731,0,72,226.03898180250417,665.6293869018555,131,0.8212211550647066,6885.1181640625,7.276441444518765,3,0,92,0.67,0.3015,0.15,0.15,0.15,0.45,0.1,90,306.6039089043193,1590.5275344848633,134,0.8047087939817514,6901.1826171875,10.049303617933747,3,1,93,0.0,0.3015,0.15,0.15,0.2,0.45,0.05
711,WorkloadAwareThreshold,0,NOOP,0.14058,-0.046551,0.134362,0,90,306.6039089043193,1590.5275344848633,134,0.8047087939817514,6901.1826171875,10.049303617933747,3,1,93,0.0,0.3015,0.15,0.15,0.2,0.45,0.05,52,168.5744446840463,482.13911056518555,137,0.7885227621036724,6913.767578125,12.127762571162394,3,2,94,0.0,0.3015,0.15,0.2,0.15,0.45,0.05
712,WorkloadAwareThreshold,0,NOOP,0.137113,0.330382,0.32325,0,52,168.5744446840463,482.13911056518555,137,0.7885227621036724,6913.767578125,12.127762571162394,3,2,94,0.0,0.3015,0.15,0.2,0.15,0.45,0.05,56,170.8435611358778,918.1649684906006,140,0.7730648585728237,6926.6611328125,13.746591888885103,3,3,95,0.67,0.3350000000000001,0.15,0.15,0.15,0.5,0.05
713,WorkloadAwareThreshold,0,NOOP,0.133857,0.322108,0.322606,0,56,170.8435611358778,918.1649684906006,140,0.7730648585728237,6926.6611328125,13.746591888885103,3,3,95,0.67,0.3350000000000001,0.15,0.15,0.15,0.5,0.05,96,303.24060387066453,791.3248538970947,143,0.7586621904706622,6943.2763671875,15.000309560572173,3,4,96,0.67,0.335,0.15,0.15,0.15,0.5,0.05
714,WorkloadAwareThreshold,2,COMPACT_64KB,0.507701,-0.104691,0.126152,0,96,303.24060387066453,791.3248538970947,143,0.7586621904706622,6943.2763671875,15.000309560572173,3,4,96,0.67,0.335,0.15,0.15,0.15,0.5,0.05,73,236.3823693808037,1286.6597175598145,131,0.824923915717438,6916.162109375,6.51321422153889,3,0,97,0.0,0.3015,0.15,0.15,0.2,0.45,0.05
715,WorkloadAwareThreshold,0,NOOP,0.144886,0.322263,0.336118,0,73,236.3823693808037,1286.6597175598145,131,0.824923915717438,6916.162109375,6.51321422153889,3,0,97,0.0,0.3015,0.15,0.15,0.2,0.45,0.05,76,222.41106755770517,655.890941619873,134,0.8081790297778685,6930.943359375,9.595278093507064,3,1,98,0.67,0.3015,0.15,0.15,0.2,0.45,0.05
716,WorkloadAwareThreshold,0,NOOP,0.141338,-0.054518,0.137237,0,76,222.41106755770517,655.890941619873,134,0.8081790297778685,6930.943359375,9.595278093507064,3,1,98,0.67,0.3015,0.15,0.15,0.2,0.45,0.05,90,245.02397096222674,376.28817558288574,137,0.7923138472285584,6947.0078125,11.683423367234035,3,2,99,0.0,0.268,0.15,0.2,0.2,0.4,0.05
717,WorkloadAwareThreshold,0,NOOP,0.137937,-0.05442,0.115059,0,90,245.02397096222674,376.28817558288574,137,0.7923138472285584,6947.0078125,11.683423367234035,3,2,99,0.0,0.268,0.15,0.2,0.2,0.4,0.05,95,311.8063392818715,1318.9096450805664,140,0.7771862574986049,6963.5888671875,13.29543804762299,3,3,100,0.0,0.23450000000000001,0.15,0.2,0.25,0.35,0.05
718,WorkloadAwareThreshold,0,NOOP,0.134584,-0.045988,0.123977,0,95,311.8063392818715,1318.9096450805664,140,0.7771862574986049,6963.5888671875,13.29543804762299,3,3,100,0.0,0.23450000000000001,0.15,0.2,0.25,0.35,0.05,56,192.23612988977243,709.1333866119385,143,0.7622969834120957,6976.5419921875,14.688419868447637,3,4,101,0.0,0.23450000000000001,0.15,0.15,0.25,0.35,0.1
719,WorkloadAwareThreshold,2,COMPACT_64KB,0.507181,0.280962,0.339662,0,56,192.23612988977243,709.1333866119385,143,0.7622969834120957,6976.5419921875,14.688419868447637,3,4,101,0.0,0.23450000000000001,0.15,0.15,0.25,0.35,0.1,73,238.4030933269382,636.397123336792,132,0.8229501897638495,6952.283203125,6.565783521989358,3,0,102,0.67,0.268,0.15,0.15,0.25,0.4,0.05
720,WorkloadAwareThreshold,0,NOOP,0.144359,-0.045856,0.13072,0,73,238.4030933269382,636.397123336792,132,0.8229501897638495,6952.283203125,6.565783521989358,3,0,102,0.67,0.268,0.15,0.15,0.25,0.4,0.05,57,182.116138251916,850.6741523742676,135,0.8061695240162037,6965.3046875,9.66020993602639,3,1,103,0.0,0.268,0.2,0.15,0.2,0.4,0.05
721,WorkloadAwareThreshold,0,NOOP,0.140783,-0.045793,0.116309,0,57,182.116138251916,850.6741523742676,135,0.8061695240162037,6965.3046875,9.66020993602639,3,1,103,0.0,0.268,0.2,0.15,0.2,0.4,0.05,62,209.3223829152872,1396.1660861968994,138,0.7901632336602695,6978.7216796875,11.785402442513705,3,2,104,0.0,0.268,0.15,0.15,0.25,0.4,0.05
722,WorkloadAwareThreshold,0,NOOP,0.137386,0.331166,0.328342,0,62,209.3223829152872,1396.1660861968994,138,0.7901632336602695,6978.7216796875,11.785402442513705,3,2,104,0.0,0.268,0.15,0.15,0.25,0.4,0.05,82,201.7317875162326,678.4946918487549,141,0.7750570960078679,6994.115234375,13.389904081829457,3,3,105,0.67,0.3015,0.15,0.15,0.2,0.45,0.05
723,WorkloadAwareThreshold,0,NOOP,0.134063,0.331221,0.325187,0,82,201.7317875162326,678.4946918487549,141,0.7750570960078679,6994.115234375,13.389904081829457,3,3,105,0.67,0.3015,0.15,0.15,0.2,0.45,0.05,56,168.22444343219914,673.7682819366455,144,0.7603143056233724,7007.056640625,14.7549503984951,3,4,106,0.67,0.335,0.1,0.15,0.2,0.5,0.05
724,WorkloadAwareThreshold,2,COMPACT_64KB,0.507823,0.272906,0.340516,0,56,168.22444343219914,673.7682819366455,144,0.7603143056233724,7007.056640625,14.7549503984951,3,4,106,0.67,0.335,0.1,0.15,0.2,0.5,0.05,59,177.1872286313281,625.7979869842529,132,0.8261582345673533,6979.384765625,6.022585539121816,3,0,107,0.67,0.335,0.1,0.15,0.2,0.5,0.05
725,WorkloadAwareThreshold,0,NOOP,0.145072,-0.053872,0.134206,0,59,177.1872286313281,625.7979869842529,132,0.8261582345673533,6979.384765625,6.022585539121816,3,0,107,0.67,0.335,0.1,0.15,0.2,0.5,0.05,98,320.3505510092744,712.0621204376221,135,0.8097346553096065,6996.107421875,9.19625984628105,3,1,108,0.0,0.3015,0.15,0.15,0.2,0.45,0.05
726,WorkloadAwareThreshold,0,NOOP,0.141545,0.331469,0.330818,0,98,320.3505510092744,712.0621204376221,135,0.8097346553096065,6996.107421875,9.19625984628105,3,1,108,0.0,0.3015,0.15,0.15,0.2,0.45,0.05,94,315.5916742910156,758.8703632354736,138,0.7939766040746716,7012.4013671875,11.356545109725548,3,2,109,0.67,0.335,0.1,0.15,0.2,0.5,0.05
727,WorkloadAwareThreshold,0,NOOP,0.13816,0.331564,0.32909,0,94,315.5916742910156,758.8703632354736,138,0.7939766040746716,7012.4013671875,11.356545109725548,3,2,109,0.67,0.335,0.1,0.15,0.2,0.5,0.05,96,224.44748895608913,679.7189712524414,141,0.7789234134322363,7029.0048828125,13.011813661890514,3,3,110,0.67,0.36850000000000005,0.1,0.1,0.2,0.55,0.05
728,WorkloadAwareThreshold,0,NOOP,0.134851,-0.053616,0.105788,0,96,224.44748895608913,679.7189712524414,141,0.7789234134322363,7029.0048828125,13.011813661890514,3,3,110,0.67,0.36850000000000005,0.1,0.1,0.2,0.55,0.05,71,236.19198934027062,1633.150339126587,144,0.7642552057902018,7043.3759765625,14.405906745127538,3,4,111,0.0,0.3350000000000001,0.1,0.1,0.25,0.5,0.05
729,WorkloadAwareThreshold,2,COMPACT_64KB,0.507393,0.27333,0.338907,0,71,236.19198934027062,1633.150339126587,144,0.7642552057902018,7043.3759765625,14.405906745127538,3,4,111,0.0,0.3350000000000001,0.1,0.1,0.25,0.5,0.05,73,226.90697815740836,685.9884262084961,133,0.8246355558696546,7019.2978515625,6.455206130924164,3,0,112,0.67,0.335,0.1,0.1,0.25,0.5,0.05
730,WorkloadAwareThreshold,0,NOOP,0.14463,-0.045093,0.127361,0,73,226.90697815740836,685.9884262084961,133,0.8246355558696546,7019.2978515625,6.455206130924164,3,0,112,0.67,0.335,0.1,0.1,0.25,0.5,0.05,76,251.3521856413257,1033.475399017334,136,0.8081503475413603,7034.140625,9.513036986659557,3,1,113,0.0,0.335,0.15,0.1,0.2,0.5,0.05
731,WorkloadAwareThreshold,0,NOOP,0.141095,0.331852,0.33213,0,76,251.3521856413257,1033.475399017334,136,0.8081503475413603,7034.140625,9.513036986659557,3,1,113,0.0,0.335,0.15,0.1,0.2,0.5,0.05,75,240.83381948304296,671.9696521759033,139,0.7923477502177945,7048.7255859375,11.633688135179998,3,2,114,0.67,0.36850000000000005,0.15,0.05,0.2,0.55,0.05
732,WorkloadAwareThreshold,0,NOOP,0.137733,0.323567,0.327816,0,75,240.83381948304296,671.9696521759033,139,0.7923477502177945,7048.7255859375,11.633688135179998,3,2,114,0.67,0.36850000000000005,0.15,0.05,0.2,0.55,0.05,94,302.43919681869505,723.3457565307617,142,0.7774138114821743,7065.13671875,13.236964202413814,3,3,115,0.67,0.36850000000000005,0.15,0.05,0.2,0.55,0.05
733,WorkloadAwareThreshold,0,NOOP,0.134465,0.323642,0.326082,0,94,302.43919681869505,723.3457565307617,142,0.7774138114821743,7065.13671875,13.236964202413814,3,3,115,0.67,0.36850000000000005,0.15,0.05,0.2,0.55,0.05,78,199.9789186839948,650.3970623016357,145,0.7629492397966056,7080.1689453125,14.57695216609046,3,4,116,0.67,0.3685,0.15,0.05,0.2,0.55,0.05
734,WorkloadAwareThreshold,2,COMPACT_64KB,0.508234,0.282106,0.337053,0,78,199.9789186839948,650.3970623016357,145,0.7629492397966056,7080.1689453125,14.57695216609046,3,4,116,0.67,0.3685,0.15,0.05,0.2,0.55,0.05,95,301.8172866363329,820.7511901855469,133,0.8288384917983436,7055.0732421875,5.450252939089426,3,0,117,0.67,0.402,0.15,0.05,0.15,0.6,0.05
735,WorkloadAwareThreshold,0,NOOP,0.145449,-0.053071,0.138446,0,95,301.8172866363329,820.7511901855469,133,0.8288384917983436,7055.0732421875,5.450252939089426,3,0,117,0.67,0.402,0.15,0.05,0.15,0.6,0.05,75,239.71615640659863,520.169734954834,136,0.8122473324046415,7069.80078125,8.913773866034393,3,1,118,0.0,0.3685,0.15,0.05,0.15,0.55,0.1
736,WorkloadAwareThreshold,0,NOOP,0.141854,-0.044645,0.113622,0,75,239.71615640659863,520.169734954834,136,0.8122473324046415,7069.80078125,8.913773866034393,3,1,118,0.0,0.3685,0.15,0.05,0.15,0.55,0.1,54,175.39807868783905,1585.343599319458,139,0.7961448834096785,7082.5048828125,11.236867299327514,3,2,119,0.0,0.36850000000000005,0.15,0.0,0.2,0.55,0.1
737,WorkloadAwareThreshold,0,NOOP,0.138407,-0.044591,0.127663,0,54,175.39807868783905,1585.343599319458,139,0.7961448834096785,7082.5048828125,11.236867299327514,3,2,119,0.0,0.36850000000000005,0.15,0.0,0.2,0.55,0.1,60,190.72705059918087,714.7078514099121,142,0.7807854665836818,7095.7783203125,12.989912224397978,3,3,120,0.0,0.36850000000000005,0.2,0.0,0.15,0.55,0.1
738,WorkloadAwareThreshold,0,NOOP,0.135163,-0.044499,0.128779,0,60,190.72705059918087,714.7078514099121,142,0.7807854665836818,7095.7783203125,12.989912224397978,3,3,120,0.0,0.36850000000000005,0.2,0.0,0.15,0.55,0.1,97,312.40976496750335,500.4875659942627,145,0.7664419239964978,7112.5810546875,14.335247883170442,3,4,121,0.0,0.36850000000000005,0.2,0.0,0.15,0.55,0.1
739,WorkloadAwareThreshold,2,COMPACT_64KB,0.506406,0.274084,0.33422,0,97,312.40976496750335,500.4875659942627,145,0.7664419239964978,7112.5810546875,14.335247883170442,3,4,121,0.0,0.36850000000000005,0.2,0.0,0.15,0.55,0.1,90,288.9485975764247,873.5079765319824,135,0.820949865270544,7093.0068359375,6.914803963989138,3,0,122,0.67,0.36850000000000005,0.2,0.0,0.15,0.55,0.1
740,WorkloadAwareThreshold,0,NOOP,0.143735,0.332544,0.335728,0,90,288.9485975764247,873.5079765319824,135,0.820949865270544,7093.0068359375,6.914803963989138,3,0,122,0.67,0.36850000000000005,0.2,0.0,0.15,0.55,0.1,90,284.76845851746464,622.833251953125,138,0.8049243429432744,7109.091796875,9.722793297228502,3,1,123,0.67,0.402,0.15,0.0,0.15,0.6,0.1
741,WorkloadAwareThreshold,0,NOOP,0.140253,-0.044264,0.107582,0,90,284.76845851746464,622.833251953125,138,0.8049243429432744,7109.091796875,9.722793297228502,3,1,123,0.67,0.402,0.15,0.0,0.15,0.6,0.1,71,231.76034162198846,1809.7994327545166,141,0.789392241349457,7123.4755859375,11.76171649286778,3,2,124,0.0,0.402,0.15,0.0,0.15,0.6,0.1
742,WorkloadAwareThreshold,0,NOOP,0.136915,-0.052567,0.13057,0,71,231.76034162198846,1809.7994327545166,141,0.789392241349457,7123.4755859375,11.76171649286778,3,2,124,0.0,0.402,0.15,0.0,0.15,0.6,0.1,79,266.1798680146365,497.2965717315674,144,0.7745773527357314,7138.5048828125,13.344264231389296,3,3,125,0.0,0.3685,0.15,0.0,0.15,0.55,0.15
743,WorkloadAwareThreshold,0,NOOP,0.133699,-0.052496,0.122282,0,79,266.1798680146365,497.2965717315674,144,0.7745773527357314,7138.5048828125,13.344264231389296,3,3,125,0.0,0.3685,0.15,0.0,0.15,0.55,0.15,79,244.5837028354288,754.6145915985107,147,0.7603696446840454,7153.5576171875,14.644594951585457,3,4,126,0.0,0.3350000000000001,0.15,0.0,0.15,0.5,0.2
744,WorkloadAwareThreshold,2,COMPACT_64KB,0.507224,0.274459,0.339464,0,79,244.5837028354288,754.6145915985107,147,0.7603696446840454,7153.5576171875,14.644594951585457,3,4,126,0.0,0.3350000000000001,0.15,0.0,0.15,0.5,0.2,89,282.53898966779667,652.1813869476318,135,0.8250385425708912,7128.3330078125,6.08231629922358,3,0,127,0.67,0.335,0.15,0.0,0.15,0.5,0.2
745,WorkloadAwareThreshold,0,NOOP,0.144501,0.332902,0.333291,0,89,282.53898966779667,652.1813869476318,135,0.8250385425708912,7128.3330078125,6.08231629922358,3,0,127,0.67,0.335,0.15,0.0,0.15,0.5,0.2,74,239.29330803515327,783.0171585083008,138,0.8087572844132133,7142.9443359375,9.245090580776951,3,1,128,0.67,0.36850000000000005,0.1,0.0,0.15,0.55,0.2
746,WorkloadAwareThreshold,0,NOOP,0.141007,-0.052283,0.114826,0,74,239.29330803515327,783.0171585083008,138,0.8087572844132133,7142.9443359375,9.245090580776951,3,1,128,0.67,0.36850000000000005,0.1,0.0,0.15,0.55,0.2,73,238.84496039977003,1485.332727432251,141,0.7931623526498781,7157.4970703125,11.396098950342335,3,2,129,0.0,0.335,0.1,0.0,0.2,0.5,0.2
747,WorkloadAwareThreshold,0,NOOP,0.13767,-0.052204,0.124481,0,73,238.84496039977003,1485.332727432251,141,0.7931623526498781,7157.4970703125,11.396098950342335,3,2,129,0.0,0.335,0.1,0.0,0.2,0.5,0.2,87,277.6467408672151,839.4694328308105,144,0.7783516777886285,7173.2890625,13.028825791995889,3,3,130,0.0,0.3015,0.15,0.0,0.2,0.45,0.2
748,WorkloadAwareThreshold,0,NOOP,0.134452,-0.043751,0.110962,0,87,277.6467408672151,839.4694328308105,144,0.7783516777886285,7173.2890625,13.028825791995889,3,3,130,0.0,0.3015,0.15,0.0,0.2,0.45,0.2,85,273.19849498455903,1358.255386352539,147,0.7641338945246067,7188.9716796875,14.364656818828015,3,4,131,0.0,0.3015,0.15,0.0,0.2,0.45,0.2
749,WorkloadAwareThreshold,2,COMPACT_64KB,0.506734,0.274816,0.337818,0,85,273.19849498455903,1358.255386352539,147,0.7641338945246067,7188.9716796875,14.364656818828015,3,4,131,0.0,0.3015,0.15,0.0,0.2,0.45,0.2,79,221.3835122574369,711.273193359375,136,0.8232176163617302,7165.2861328125,6.124854718196204,3,0,132,0.67,0.30150000000000005,0.15,0.0,0.2,0.45,0.2
750,WorkloadAwareThreshold,0,NOOP,0.144009,0.333243,0.334658,0,79,221.3835122574369,711.273193359375,136,0.8232176163617302,7165.2861328125,6.124854718196204,3,0,132,0.67,0.30150000000000005,0.15,0.0,0.2,0.45,0.2,56,179.82341124013917,691.2899017333984,139,0.8069178080387253,7178.3408203125,9.295748820592683,3,1,133,0.67,0.335,0.1,0.0,0.2,0.5,0.2
751,WorkloadAwareThreshold,0,NOOP,0.140518,0.324921,0.331772,0,56,179.82341124013917,691.2899017333984,139,0.8069178080387253,7178.3408203125,9.295748820592683,3,1,133,0.67,0.335,0.1,0.0,0.2,0.5,0.2,60,144.75030024709991,664.8297309875488,142,0.7913417547521456,7191.7138671875,11.44484716701253,3,2,134,0.67,0.335,0.1,0.0,0.2,0.5,0.2
752,WorkloadAwareThreshold,0,NOOP,0.133875,-0.051865,0.126553,0,60,144.75030024709991,664.8297309875488,142,0.7913417547521456,7191.7138671875,11.44484716701253,3,2,134,0.67,0.335,0.1,0.0,0.2,0.5,0.2,100,278.39107726352245,551.1264801025391,148,0.7618772145864126,7216.5009765625,14.506434830211761,3,3,135,0.0,0.3015,0.1,0.0,0.2,0.45,0.25
753,WorkloadAwareThreshold,2,COMPACT_64KB,0.507347,-0.101781,0.121098,0,100,278.39107726352245,551.1264801025391,148,0.7618772145864126,7216.5009765625,14.506434830211761,3,3,135,0.0,0.3015,0.1,0.0,0.2,0.45,0.25,96,320.08272401638834,1527.8959274291992,136,0.8262793597053079,7191.935546875,5.823388027847826,3,0,136,0.0,0.268,0.1,0.0,0.25,0.4,0.25
754,WorkloadAwareThreshold,0,NOOP,0.144692,0.32518,0.336762,0,96,320.08272401638834,1527.8959274291992,136,0.8262793597053079,7191.935546875,5.823388027847826,3,0,136,0.0,0.268,0.1,0.0,0.25,0.4,0.25,98,315.753411672163,620.2592849731445,139,0.8103355572378035,7208.7451171875,8.990892196189392,3,1,137,0.67,0.268,0.1,0.0,0.25,0.4,0.25
755,WorkloadAwareThreshold,0,NOOP,0.141205,-0.043261,0.130918,0,98,315.753411672163,620.2592849731445,139,0.8103355572378035,7208.7451171875,8.990892196189392,3,1,137,0.67,0.268,0.1,0.0,0.25,0.4,0.25,69,202.46164479681218,691.8740272521973,142,0.7947749822912081,7222.9150390625,11.201042718772406,3,2,138,0.0,0.268,0.1,0.0,0.25,0.4,0.25
756,WorkloadAwareThreshold,0,NOOP,0.137846,-0.043201,0.131224,0,69,202.46164479681218,691.8740272521973,142,0.7947749822912081,7222.9150390625,11.201042718772406,3,2,138,0.0,0.268,0.1,0.0,0.25,0.4,0.25,68,201.4690424641423,512.3476982116699,145,0.7798556623787716,7237.060546875,12.897620089177904,3,3,139,0.0,0.268,0.1,0.0,0.2,0.4,0.3
757,WorkloadAwareThreshold,0,NOOP,0.134618,0.333738,0.326257,0,68,201.4690424641423,512.3476982116699,145,0.7798556623787716,7237.060546875,12.897620089177904,3,3,139,0.0,0.268,0.1,0.0,0.2,0.4,0.3,74,235.6350561797753,653.0458927154541,148,0.7655890181257918,7251.6591796875,14.268288276029244,3,4,140,0.67,0.3015,0.05,0.0,0.2,0.45,0.3
758,WorkloadAwareThreshold,2,COMPACT_64KB,0.508104,-0.093071,0.142501,0,74,235.6350561797753,653.0458927154541,148,0.7655890181257918,7251.6591796875,14.268288276029244,3,4,140,0.67,0.3015,0.05,0.0,0.2,0.45,0.3,74,214.99030675645534,495.6173896789551,136,0.8300651101505055,7224.88671875,5.137861012065551,3,0,141,0.0,0.3015,0.05,0.0,0.2,0.45,0.3
759,WorkloadAwareThreshold,0,NOOP,0.145424,-0.051366,0.134697,0,74,214.99030675645534,495.6173896789551,136,0.8300651101505055,7224.88671875,5.137861012065551,3,0,141,0.0,0.3015,0.05,0.0,0.2,0.45,0.3,94,294.4028387075577,710.0961208343506,139,0.8139952515526642,7241.3017578125,8.61531630468757,3,1,142,0.0,0.268,0.1,0.0,0.2,0.4,0.3
760,WorkloadAwareThreshold,0,NOOP,0.141951,0.325583,0.330948,0,94,294.4028387075577,710.0961208343506,139,0.8139952515526642,7241.3017578125,8.61531630468757,3,1,142,0.0,0.268,0.1,0.0,0.2,0.4,0.3,84,282.13078280700967,777.6663303375244,142,0.7985059711295115,7256.822265625,10.888545661942466,3,2,143,0.67,0.268,0.1,0.0,0.2,0.4,0.3
761,WorkloadAwareThreshold,0,NOOP,0.138553,-0.04287,0.126759,0,84,282.13078280700967,777.6663303375244,142,0.7985059711295115,7256.822265625,10.888545661942466,3,2,143,0.67,0.268,0.1,0.0,0.2,0.4,0.3,56,150.26019312137834,770.9670066833496,145,0.7833904397898707,7269.86328125,12.678310563956186,3,3,144,0.0,0.268,0.15,0.0,0.15,0.4,0.3
762,WorkloadAwareThreshold,0,NOOP,0.135301,-0.042813,0.12927,0,56,150.26019312137834,770.9670066833496,145,0.7833904397898707,7269.86328125,12.678310563956186,3,3,144,0.0,0.268,0.15,0.0,0.15,0.4,0.3,68,223.54437848488791,486.553430557251,148,0.7690028628787479,7283.9951171875,14.098634664989714,3,4,145,0.0,0.268,0.15,0.05,0.15,0.4,0.25
763,WorkloadAwareThreshold,2,COMPACT_64KB,0.507535,0.284109,0.3395,0,68,223.54437848488791,486.553430557251,148,0.7690028628787479,7283.9951171875,14.098634664989714,3,4,145,0.0,0.268,0.15,0.05,0.15,0.4,0.25,56,146.39457803916386,668.4412956237793,137,0.8278434363594891,7258.53125,5.533692257773449,3,0,146,0.67,0.3015,0.15,0.05,0.15,0.45,0.2
764,WorkloadAwareThreshold,0,NOOP,0.144884,-0.051063,0.134568,0,56,146.39457803916386,668.4412956237793,137,0.8278434363594891,7258.53125,5.533692257773449,3,0,146,0.67,0.3015,0.15,0.05,0.15,0.45,0.2,92,295.2128533842956,690.7830238342285,140,0.8119179861886161,7274.78515625,8.82225692311621,3,1,147,0.0,0.268,0.15,0.05,0.15,0.4,0.25
765,WorkloadAwareThreshold,0,NOOP,0.14147,0.325894,0.333393,0,92,295.2128533842956,690.7830238342285,140,0.8119179861886161,7274.78515625,8.82225692311621,3,1,147,0.0,0.268,0.15,0.05,0.15,0.4,0.25,99,282.5162004057756,632.5838565826416,143,0.7967241193864729,7291.619140625,10.988511738385228,3,2,148,0.67,0.268,0.15,0.05,0.15,0.4,0.25
766,WorkloadAwareThreshold,0,NOOP,0.138116,0.334322,0.329017,0,99,282.5162004057756,632.5838565826416,143,0.7967241193864729,7291.619140625,10.988511738385228,3,2,148,0.67,0.268,0.15,0.05,0.15,0.4,0.25,65,191.04322319064818,687.4663829803467,146,0.7818297294721211,7305.4169921875,12.724565174917574,3,3,149,0.67,0.3015,0.15,0.05,0.1,0.45,0.25
767,WorkloadAwareThreshold,0,NOOP,0.134943,-0.042473,0.128117,0,65,191.04322319064818,687.4663829803467,146,0.7818297294721211,7305.4169921875,12.724565174917574,3,3,149,0.67,0.3015,0.15,0.05,0.1,0.45,0.25,96,237.22768021266367,527.5373458862305,149,0.7678402894295302,7322.125,14.07152057595824,3,4,150,0.0,0.3015,0.1,0.05,0.1,0.45,0.3
768,WorkloadAwareThreshold,2,COMPACT_64KB,0.170825,0.284443,0.335235,0,96,237.22768021266367,527.5373458862305,149,0.7678402894295302,7322.125,14.07152057595824,3,4,150,0.0,0.3015,0.1,0.05,0.1,0.45,0.3,50,167.80196162838521,921.2260246276855,137,0.8317976902871236,7293.2021484375,4.853036690395475,3,0,151,0.67,0.335,0.1,0.05,0.05,0.5,0.3
769,WorkloadAwareThreshold,0,NOOP,0.145588,0.326118,0.335301,0,50,167.80196162838521,921.2260246276855,137,0.8317976902871236,7293.2021484375,4.853036690395475,3,0,151,0.67,0.335,0.1,0.05,0.05,0.5,0.3,57,186.18268812933673,739.3274307250977,140,0.8154398236955915,7306.3408203125,8.571923073185427,3,1,152,0.67,0.335,0.1,0.05,0.05,0.5,0.3
770,WorkloadAwareThreshold,0,NOOP,0.142092,0.326171,0.327917,0,57,186.18268812933673,739.3274307250977,140,0.8154398236955915,7306.3408203125,8.571923073185427,3,1,152,0.67,0.335,0.1,0.05,0.05,0.5,0.3,64,203.52733305229447,937.4957084655762,143,0.7998349916684878,7320.08984375,10.901406195805913,3,2,153,0.67,0.335,0.1,0.05,0.05,0.5,0.3
771,WorkloadAwareThreshold,0,NOOP,0.138738,0.32623,0.329679,0,64,203.52733305229447,937.4957084655762,143,0.7998349916684878,7320.08984375,10.901406195805913,3,2,153,0.67,0.335,0.1,0.05,0.05,0.5,0.3,70,225.73826316076784,685.4188442230225,146,0.7849389690242402,7334.4697265625,12.650747812304996,3,3,154,0.67,0.335,0.1,0.05,0.05,0.5,0.3
772,WorkloadAwareThreshold,0,NOOP,0.135545,-0.042192,0.12645,0,70,225.73826316076784,685.4188442230225,146,0.7849389690242402,7334.4697265625,12.650747812304996,3,3,154,0.67,0.335,0.1,0.05,0.05,0.5,0.3,93,301.9196868031459,641.0322189331055,149,0.7708514936818373,7350.83984375,14.024709320503712,3,4,155,0.0,0.335,0.1,0.1,0.05,0.5,0.25
773,WorkloadAwareThreshold,2,COMPACT_64KB,0.505301,-0.09212,0.135203,0,93,301.9196868031459,641.0322189331055,149,0.7708514936818373,7350.83984375,14.024709320503712,3,4,155,0.0,0.335,0.1,0.1,0.05,0.5,0.25,88,257.39839981477854,725.3711223602295,140,0.818551744733538,7334.2236328125,7.566352368540328,3,0,156,0.0,0.335,0.15,0.1,0.0,0.5,0.25
774,WorkloadAwareThreshold,0,NOOP,0.142746,-0.050427,0.133104,0,88,257.39839981477854,725.3711223602295,140,0.818551744733538,7334.2236328125,7.566352368540328,3,0,156,0.0,0.335,0.15,0.1,0.0,0.5,0.25,87,286.49797436074596,660.8552932739258,143,0.8031052809495193,7350.01953125,10.103050305936758,3,1,157,0.0,0.3015,0.15,0.15,0.0,0.45,0.25
775,WorkloadAwareThreshold,0,NOOP,0.139356,0.334873,0.330352,0,87,286.49797436074596,660.8552932739258,143,0.8031052809495193,7350.01953125,10.103050305936758,3,1,157,0.0,0.3015,0.15,0.15,0.0,0.45,0.25,60,192.4208913387055,682.661771774292,146,0.7880283512481271,7363.3369140625,12.028176476513654,3,2,158,0.67,0.3350000000000001,0.15,0.15,0.0,0.5,0.2
776,WorkloadAwareThreshold,0,NOOP,0.136131,0.334936,0.325156,0,60,192.4208913387055,682.661771774292,146,0.7880283512481271,7363.3369140625,12.028176476513654,3,2,158,0.67,0.3350000000000001,0.15,0.15,0.0,0.5,0.2,84,270.62125095725554,785.0315570831299,149,0.7737815908137584,7378.78125,13.51278585829602,3,3,159,0.67,0.36850000000000005,0.15,0.15,0.0,0.55,0.15
777,WorkloadAwareThreshold,0,NOOP,0.132967,-0.050271,0.107879,0,84,270.62125095725554,785.0315570831299,149,0.7737815908137584,7378.78125,13.51278585829602,3,3,159,0.67,0.36850000000000005,0.15,0.15,0.0,0.55,0.15,55,180.76474077533496,1444.441556930542,152,0.7598366988332648,7391.69140625,14.792999045315922,3,4,160,0.0,0.335,0.15,0.15,0.05,0.5,0.15
778,WorkloadAwareThreshold,2,COMPACT_64KB,0.505987,-0.091841,0.142893,0,55,180.76474077533496,1444.441556930542,152,0.7598366988332648,7391.69140625,14.792999045315922,3,4,160,0.0,0.335,0.15,0.15,0.05,0.5,0.15,71,188.5713098871595,375.1804828643799,140,0.8219825744628906,7364.9638671875,6.8220549859389825,3,0,161,0.0,0.335,0.15,0.2,0.05,0.5,0.1
779,WorkloadAwareThreshold,0,NOOP,0.14339,0.335091,0.334924,0,71,188.5713098871595,375.1804828643799,140,0.8219825744628906,7364.9638671875,6.8220549859389825,3,0,161,0.0,0.335,0.15,0.2,0.05,0.5,0.1,73,235.6446676676823,652.0705223083496,143,0.8063265927188046,7379.5009765625,9.633647479251277,3,1,162,0.67,0.36850000000000005,0.1,0.2,0.05,0.55,0.1
780,WorkloadAwareThreshold,0,NOOP,0.140016,0.326777,0.331262,0,73,235.6446676676823,652.0705223083496,143,0.8063265927188046,7379.5009765625,9.633647479251277,3,1,162,0.67,0.36850000000000005,0.1,0.2,0.05,0.55,0.1,75,188.07301164049002,670.2311038970947,146,0.7913308339576198,7394.1953125,11.624709558554375,3,2,163,0.67,0.36850000000000005,0.1,0.2,0.05,0.55,0.1
781,WorkloadAwareThreshold,0,NOOP,0.136743,-0.041673,0.130234,0,75,188.07301164049002,670.2311038970947,146,0.7913308339576198,7394.1953125,11.624709558554375,3,2,163,0.67,0.36850000000000005,0.1,0.2,0.05,0.55,0.1,65,210.2592863378774,511.72900199890137,149,0.7768415412646812,7407.9609375,13.213060979999428,3,3,164,0.0,0.36850000000000005,0.05,0.25,0.05,0.55,0.1
782,WorkloadAwareThreshold,0,NOOP,0.133609,0.335261,0.321391,0,65,210.2592863378774,511.72900199890137,149,0.7768415412646812,7407.9609375,13.213060979999428,3,3,164,0.0,0.36850000000000005,0.05,0.25,0.05,0.55,0.1,78,242.69531531665194,850.898027420044,152,0.7630446584601152,7422.8984375,14.497458858425407,3,4,165,0.67,0.402,0.05,0.2,0.05,0.6,0.1
783,WorkloadAwareThreshold,2,COMPACT_64KB,0.505481,-0.099919,0.142359,0,78,242.69531531665194,850.898027420044,152,0.7630446584601152,7422.8984375,14.497458858425407,3,4,165,0.67,0.402,0.05,0.2,0.05,0.6,0.1,89,287.49393964132287,377.81453132629395,141,0.8200760428787123,7400.3662109375,7.087608163405803,3,0,166,0.0,0.36850000000000005,0.05,0.25,0.05,0.55,0.1
784,WorkloadAwareThreshold,0,NOOP,0.142939,-0.04148,0.13589,0,89,287.49393964132287,377.81453132629395,141,0.8200760428787123,7400.3662109375,7.087608163405803,3,0,166,0.0,0.36850000000000005,0.05,0.25,0.05,0.55,0.1,86,252.0087079240432,532.4530601501465,144,0.8046951293945312,7416.0703125,9.754061195960299,3,1,167,0.0,0.36850000000000005,0.05,0.25,0.05,0.55,0.1
785,WorkloadAwareThreshold,0,NOOP,0.139585,-0.049799,0.1273,0,86,252.0087079240432,532.4530601501465,144,0.8046951293945312,7416.0703125,9.754061195960299,3,1,167,0.0,0.36850000000000005,0.05,0.25,0.05,0.55,0.1,71,232.69970353399356,797.9831695556641,147,0.7897994891315901,7430.43359375,11.711200374533878,3,2,168,0.0,0.3350000000000001,0.1,0.25,0.05,0.5,0.1
786,WorkloadAwareThreshold,0,NOOP,0.136393,0.32715,0.323619,0,71,232.69970353399356,797.9831695556641,147,0.7897994891315901,7430.43359375,11.711200374533878,3,2,168,0.0,0.3350000000000001,0.1,0.25,0.05,0.5,0.1,94,298.299529320795,876.2178421020508,150,0.7757152303059895,7446.8662109375,13.211386463925681,3,3,169,0.67,0.3350000000000001,0.1,0.25,0.05,0.5,0.1
787,WorkloadAwareThreshold,0,NOOP,0.133231,-0.041314,0.106748,0,94,298.299529320795,876.2178421020508,150,0.7757152303059895,7446.8662109375,13.211386463925681,3,3,169,0.67,0.3350000000000001,0.1,0.25,0.05,0.5,0.1,51,162.24648993532423,1515.3589248657227,153,0.7617776908126532,7459.3271484375,14.532370571959577,3,4,170,0.0,0.3350000000000001,0.1,0.25,0.1,0.5,0.05
788,WorkloadAwareThreshold,2,COMPACT_64KB,0.506217,-0.09963,0.139578,0,51,162.24648993532423,1515.3589248657227,153,0.7617776908126532,7459.3271484375,14.532370571959577,3,4,170,0.0,0.3350000000000001,0.1,0.25,0.1,0.5,0.05,75,231.97831338806117,553.6258220672607,141,0.8237536274794991,7433.552734375,6.129735464677875,3,0,171,0.0,0.30150000000000005,0.1,0.25,0.1,0.45,0.1
789,WorkloadAwareThreshold,0,NOOP,0.143656,-0.049569,0.136529,0,75,231.97831338806117,553.6258220672607,141,0.8237536274794991,7433.552734375,6.129735464677875,3,0,171,0.0,0.30150000000000005,0.1,0.25,0.1,0.45,0.1,85,275.326469398031,536.3438129425049,144,0.8082786136203342,7449.095703125,9.128337765510894,3,1,172,0.0,0.268,0.1,0.25,0.1,0.4,0.15
790,WorkloadAwareThreshold,0,NOOP,0.140274,0.327352,0.331477,0,85,275.326469398031,536.3438129425049,144,0.8082786136203342,7449.095703125,9.128337765510894,3,1,172,0.0,0.268,0.1,0.25,0.1,0.4,0.15,65,208.85103866386697,673.5899448394775,147,0.7932452766262755,7462.8515625,11.243943883848578,3,2,173,0.67,0.268,0.1,0.25,0.1,0.4,0.15
791,WorkloadAwareThreshold,0,NOOP,0.136995,-0.049484,0.123846,0,65,208.85103866386697,673.5899448394775,147,0.7932452766262755,7462.8515625,11.243943883848578,3,2,173,0.67,0.268,0.1,0.25,0.1,0.4,0.15,55,156.81090656468498,844.9695110321045,150,0.7787259928385417,7475.76953125,12.904136929297055,3,3,174,0.0,0.23450000000000001,0.15,0.25,0.1,0.35,0.15
792,WorkloadAwareThreshold,0,NOOP,0.133866,-0.041054,0.105156,0,55,156.81090656468498,844.9695110321045,150,0.7787259928385417,7475.76953125,12.904136929297055,3,3,174,0.0,0.23450000000000001,0.15,0.25,0.1,0.35,0.15,75,238.23169240159976,1626.7497539520264,153,0.7649574030458538,7490.462890625,14.226138751609051,3,4,175,0.0,0.23450000000000001,0.15,0.2,0.15,0.35,0.15
793,WorkloadAwareThreshold,2,COMPACT_64KB,0.505638,-0.091011,0.133873,0,75,238.23169240159976,1626.7497539520264,153,0.7649574030458538,7490.462890625,14.226138751609051,3,4,175,0.0,0.23450000000000001,0.15,0.2,0.15,0.35,0.15,56,147.89012808735353,811.1953735351562,142,0.8214843105262434,7465.6494140625,6.345050172264261,3,0,176,0.0,0.23450000000000001,0.15,0.2,0.15,0.35,0.15
794,WorkloadAwareThreshold,0,NOOP,0.143115,0.335928,0.330021,0,56,147.89012808735353,811.1953735351562,142,0.8214843105262434,7465.6494140625,6.345050172264261,3,0,176,0.0,0.23450000000000001,0.15,0.2,0.15,0.35,0.15,88,279.0908398008626,885.9496116638184,145,0.8061986462823276,7481.5234375,9.226554655562019,3,1,177,0.67,0.268,0.15,0.15,0.15,0.4,0.15
795,WorkloadAwareThreshold,0,NOOP,0.13977,-0.049272,0.131776,0,88,279.0908398008626,885.9496116638184,145,0.8061986462823276,7481.5234375,9.226554655562019,3,1,177,0.67,0.268,0.15,0.15,0.15,0.4,0.15,68,216.9138695502051,584.6951007843018,148,0.7913518338590055,7495.6845703125,11.286369381411252,3,2,178,0.0,0.23450000000000001,0.15,0.15,0.15,0.35,0.2
796,WorkloadAwareThreshold,0,NOOP,0.13653,-0.049229,0.13048,0,68,216.9138695502051,584.6951007843018,148,0.7913518338590055,7495.6845703125,11.286369381411252,3,2,178,0.0,0.23450000000000001,0.15,0.15,0.15,0.35,0.2,62,194.405602059132,491.24693870544434,151,0.7770245280486858,7509.1650390625,12.909412346253017,3,3,179,0.0,0.201,0.15,0.2,0.15,0.3,0.2
797,WorkloadAwareThreshold,0,NOOP,0.133396,-0.040815,0.122842,0,62,194.405602059132,491.24693870544434,151,0.7770245280486858,7509.1650390625,12.909412346253017,3,3,179,0.0,0.201,0.15,0.2,0.15,0.3,0.2,59,193.75625277953512,720.198392868042,154,0.7632281811206372,7522.376953125,14.245834937581563,3,4,180,0.0,0.201,0.15,0.2,0.1,0.3,0.25
798,WorkloadAwareThreshold,2,COMPACT_64KB,0.506335,-0.090747,0.142872,0,59,193.75625277953512,720.198392868042,154,0.7632281811206372,7522.376953125,14.245834937581563,3,4,180,0.0,0.201,0.15,0.2,0.1,0.3,0.25,88,239.26713867687613,396.11220359802246,142,0.8249720183896346,7497.345703125,6.032510833589765,3,0,181,0.0,0.201,0.15,0.2,0.1,0.3,0.25
799,WorkloadAwareThreshold,0,NOOP,0.143785,0.327812,0.329362,0,88,239.26713867687613,396.11220359802246,142,0.8249720183896346,7497.345703125,6.032510833589765,3,0,181,0.0,0.201,0.15,0.2,0.1,0.3,0.25,81,259.2878324872012,952.4421691894531,145,0.809552001953125,7512.642578125,9.062343606001315,3,1,182,0.67,0.201,0.15,0.2,0.1,0.3,0.25
800,WorkloadAwareThreshold,0,NOOP,0.140448,0.32787,0.331281,0,81,259.2878324872012,952.4421691894531,145,0.809552001953125,7512.642578125,9.062343606001315,3,1,182,0.67,0.201,0.15,0.2,0.1,0.3,0.25,81,264.2889001946352,693.3848857879639,148,0.7947416563291807,7527.79296875,11.146647320097495,3,2,183,0.67,0.201,0.15,0.2,0.1,0.3,0.25
801,WorkloadAwareThreshold,0,NOOP,0.137199,-0.040586,0.126162,0,81,264.2889001946352,693.3848857879639,148,0.7947416563291807,7527.79296875,11.146647320097495,3,2,183,0.67,0.201,0.15,0.2,0.1,0.3,0.25,64,204.8401641251985,740.581750869751,151,0.7803701438651179,7541.4970703125,12.800021517699465,3,3,184,0.0,0.201,0.2,0.15,0.1,0.3,0.25
802,WorkloadAwareThreshold,0,NOOP,0.13407,-0.048916,0.122008,0,64,204.8401641251985,740.581750869751,151,0.7803701438651179,7541.4970703125,12.800021517699465,3,3,184,0.0,0.201,0.2,0.15,0.1,0.3,0.25,69,224.76727827677396,795.6099510192871,154,0.766600868918679,7555.6181640625,14.144039085026712,3,4,185,0.0,0.1675,0.2,0.15,0.1,0.25,0.3
803,WorkloadAwareThreshold,2,COMPACT_64KB,0.506977,-0.090503,0.140072,0,69,224.76727827677396,795.6099510192871,154,0.766600868918679,7555.6181640625,14.144039085026712,3,4,185,0.0,0.1675,0.2,0.15,0.1,0.25,0.3,53,172.83068590963126,568.1991577148438,142,0.8281787281305018,7526.48828125,5.455082522506815,3,0,186,0.0,0.1675,0.2,0.1,0.1,0.25,0.35
804,WorkloadAwareThreshold,0,NOOP,0.144372,-0.04046,0.13442,0,53,172.83068590963126,568.1991577148438,142,0.8281787281305018,7526.48828125,5.455082522506815,3,0,186,0.0,0.1675,0.2,0.1,0.1,0.25,0.35,60,191.3075842440386,678.8234710693359,145,0.8124842150457974,7539.853515625,8.790119385581368,3,1,187,0.0,0.16750000000000004,0.2,0.1,0.1,0.25,0.35
805,WorkloadAwareThreshold,0,NOOP,0.140978,-0.040423,0.133776,0,60,191.3075842440386,678.8234710693359,145,0.8124842150457974,7539.853515625,8.790119385581368,3,1,187,0.0,0.16750000000000004,0.2,0.1,0.1,0.25,0.35,57,182.72649647120326,545.0911521911621,148,0.7973892624313766,7552.87109375,11.007443955186051,3,2,188,0.0,0.16750000000000004,0.15,0.1,0.1,0.25,0.4
806,WorkloadAwareThreshold,0,NOOP,0.137756,-0.048739,0.127237,0,57,182.72649647120326,545.0911521911621,148,0.7973892624313766,7552.87109375,11.007443955186051,3,2,188,0.0,0.16750000000000004,0.15,0.1,0.1,0.25,0.4,84,256.56934376734085,714.6708965301514,151,0.7831539128789838,7568.3994140625,12.650640147888945,3,3,189,0.0,0.134,0.15,0.1,0.1,0.2,0.45
807,WorkloadAwareThreshold,0,NOOP,0.134673,-0.040295,0.127502,0,84,256.56934376734085,714.6708965301514,151,0.7831539128789838,7568.3994140625,12.650640147888945,3,3,189,0.0,0.134,0.15,0.1,0.1,0.2,0.45,99,279.81151831049505,551.0697364807129,154,0.7696170559177151,7585.345703125,13.964939984784492,3,4,190,0.0,0.134,0.15,0.1,0.05,0.2,0.5
808,WorkloadAwareThreshold,2,COMPACT_64KB,0.50649,-0.090229,0.123767,0,99,279.81151831049505,551.0697364807129,154,0.7696170559177151,7585.345703125,13.964939984784492,3,4,190,0.0,0.134,0.15,0.1,0.05,0.2,0.5,89,270.1117268875792,1360.3124618530273,143,0.8263685319807146,7562.9248046875,6.1245198393077835,3,0,191,0.0,0.134,0.15,0.1,0.1,0.2,0.45
809,WorkloadAwareThreshold,0,NOOP,0.143975,-0.04017,0.131494,0,89,270.1117268875792,1360.3124618530273,143,0.8263685319807146,7562.9248046875,6.1245198393077835,3,0,191,0.0,0.134,0.15,0.1,0.1,0.2,0.45,91,292.8097926067537,806.5357208251953,146,0.8111233645922518,7579.13671875,9.085883809094957,3,1,192,0.0,0.134,0.15,0.1,0.1,0.2,0.45
810,WorkloadAwareThreshold,0,NOOP,0.14062,-0.0485,0.133359,0,91,292.8097926067537,806.5357208251953,146,0.8111233645922518,7579.13671875,9.085883809094957,3,1,192,0.0,0.134,0.15,0.1,0.1,0.2,0.45,63,199.80079892750447,549.2610931396484,149,0.7962225587576027,7592.7783203125,11.201431854308566,3,2,193,0.0,0.1005,0.15,0.1,0.1,0.15,0.5
811,WorkloadAwareThreshold,0,NOOP,0.137438,-0.040062,0.110863,0,63,199.80079892750447,549.2610931396484,149,0.7962225587576027,7592.7783203125,11.201431854308566,3,2,193,0.0,0.1005,0.15,0.1,0.1,0.15,0.5,93,297.01377667217184,1518.787145614624,152,0.7821923306113795,7609.1669921875,12.782257115507244,3,3,194,0.0,0.1005,0.1,0.1,0.15,0.15,0.5
812,WorkloadAwareThreshold,0,NOOP,0.134327,-0.040014,0.126106,0,93,297.01377667217184,1518.787145614624,152,0.7821923306113795,7609.1669921875,12.782257115507244,3,3,194,0.0,0.1005,0.1,0.1,0.15,0.15,0.5,72,201.68774752657092,604.773759841919,155,0.7685091080204133,7623.6103515625,14.119897187018152,3,4,195,0.0,0.1005,0.1,0.1,0.1,0.15,0.55
813,WorkloadAwareThreshold,2,COMPACT_64KB,0.506016,0.286904,0.338511,0,72,201.68774752657092,604.773759841919,155,0.7685091080204133,7623.6103515625,14.119897187018152,3,4,195,0.0,0.1005,0.1,0.1,0.1,0.15,0.55,74,249.24714438062932,650.6972312927246,144,0.8246246973673502,7599.7412109375,6.4188351915007695,3,0,196,0.67,0.134,0.05,0.1,0.1,0.2,0.55
814,WorkloadAwareThreshold,0,NOOP,0.143454,-0.048309,0.135862,0,74,249.24714438062932,650.6972312927246,144,0.8246246973673502,7599.7412109375,6.4188351915007695,3,0,196,0.67,0.134,0.05,0.1,0.1,0.2,0.55,53,174.49146413161304,563.3397102355957,147,0.8091450386306867,7612.4365234375,9.371049494395239,3,1,197,0.0,0.1005,0.05,0.1,0.1,0.15,0.6
815,WorkloadAwareThreshold,0,NOOP,0.140127,-0.039894,0.131499,0,53,174.49146413161304,563.3397102355957,147,0.8091450386306867,7612.4365234375,9.371049494395239,3,1,197,0.0,0.1005,0.05,0.1,0.1,0.15,0.6,63,165.993969364371,618.9017295837402,150,0.7943828328450521,7626.0751953125,11.407740547276237,3,2,198,0.0,0.1005,0.05,0.1,0.1,0.15,0.6
816,WorkloadAwareThreshold,0,NOOP,0.136982,-0.039828,0.129179,0,63,165.993969364371,618.9017295837402,150,0.7943828328450521,7626.0751953125,11.407740547276237,3,2,198,0.0,0.1005,0.05,0.1,0.1,0.15,0.6,99,316.956940501698,581.4151763916016,153,0.780537424523846,7643.0224609375,12.930350890721986,3,3,199,0.0,0.1005,0.05,0.05,0.1,0.15,0.65
817,WorkloadAwareThreshold,0,NOOP,0.133941,-0.039762,0.12419,0,99,316.956940501698,581.4151763916016,153,0.780537424523846,7643.0224609375,12.930350890721986,3,3,199,0.0,0.1005,0.05,0.05,0.1,0.15,0.65,98,306.193943339767,682.523250579834,156,0.7672042846679688,7659.767578125,14.19213618379752,3,4,200,0.0,0.1005,0.05,0.05,0.1,0.15,0.65
818,WorkloadAwareThreshold,2,COMPACT_64KB,0.505539,-0.089721,0.139826,0,98,306.193943339767,682.523250579834,156,0.7672042846679688,7659.767578125,14.19213618379752,3,4,200,0.0,0.1005,0.05,0.05,0.1,0.15,0.65,69,220.67928234448166,512.3486518859863,145,0.822863874764278,7636.1767578125,6.858361036161037,3,0,201,0.0,0.1005,0.05,0.0,0.1,0.15,0.7
819,WorkloadAwareThreshold,0,NOOP,0.143071,-0.048036,0.128998,0,69,220.67928234448166,512.3486518859863,145,0.822863874764278,7636.1767578125,6.858361036161037,3,0,201,0.0,0.1005,0.05,0.0,0.1,0.15,0.7,87,281.9726314471766,888.6256217956543,148,0.8078538018303949,7651.9912109375,9.541570785637212,3,1,202,0.0,0.067,0.1,0.0,0.1,0.1,0.7
820,WorkloadAwareThreshold,0,NOOP,0.139749,-0.048003,0.134491,0,87,281.9726314471766,888.6256217956543,148,0.8078538018303949,7651.9912109375,9.541570785637212,3,1,202,0.0,0.067,0.1,0.0,0.1,0.1,0.7,53,173.03382478055343,451.65395736694336,151,0.7931186094978787,7664.6982421875,11.550958968524013,3,2,203,0.0,0.0335,0.1,0.05,0.1,0.05,0.7
821,WorkloadAwareThreshold,0,NOOP,0.136576,-0.039584,0.129893,0,53,173.03382478055343,451.65395736694336,151,0.7931186094978787,7664.6982421875,11.550958968524013,3,2,203,0.0,0.0335,0.1,0.05,0.1,0.05,0.7,72,233.41239322184813,526.6554355621338,154,0.7791304154829546,7679.109375,13.095408002663948,3,3,204,0.0,0.0335,0.05,0.05,0.1,0.05,0.75
822,WorkloadAwareThreshold,0,NOOP,0.133559,-0.039521,0.121583,0,72,233.41239322184813,526.6554355621338,154,0.7791304154829546,7679.109375,13.095408002663948,3,3,204,0.0,0.0335,0.05,0.05,0.1,0.05,0.75,97,311.90082282221965,795.0334548950195,157,0.765920553997064,7695.9697265625,14.325203549775125,3,4,205,0.0,0.0335,0.05,0.05,0.1,0.05,0.75
823,WorkloadAwareThreshold,2,COMPACT_64KB,0.506301,-0.089463,0.139323,0,97,311.90082282221965,795.0334548950195,157,0.765920553997064,7695.9697265625,14.325203549775125,3,4,205,0.0,0.0335,0.05,0.05,0.1,0.05,0.75,100,292.2004709423026,575.5889415740967,145,0.8266759412042026,7671.552734375,5.743967781017378,3,0,206,0.0,0.0335,0.05,0.05,0.1,0.05,0.75
824,WorkloadAwareThreshold,0,NOOP,0.143782,-0.03942,0.135637,0,100,292.2004709423026,575.5889415740967,145,0.8266759412042026,7671.552734375,5.743967781017378,3,0,206,0.0,0.0335,0.05,0.05,0.1,0.05,0.75,68,221.4648894355381,592.261791229248,148,0.8114102337811444,7685.677734375,8.878383494083968,3,1,207,0.0,0.0335,0.05,0.05,0.1,0.05,0.75
825,WorkloadAwareThreshold,0,NOOP,0.140469,0.337494,0.331515,0,68,221.4648894355381,592.261791229248,148,0.8114102337811444,7685.677734375,8.878383494083968,3,1,207,0.0,0.0335,0.05,0.05,0.1,0.05,0.75,66,211.60457234061093,686.4540576934814,151,0.7967215026451262,7699.5166015625,11.009416060911477,3,2,208,0.67,0.067,0.05,0.05,0.1,0.1,0.7
826,WorkloadAwareThreshold,0,NOOP,0.137286,-0.039339,0.121624,0,66,211.60457234061093,686.4540576934814,151,0.7967215026451262,7699.5166015625,11.009416060911477,3,2,208,0.67,0.067,0.05,0.05,0.1,0.1,0.7,73,164.49399743199902,975.6176471710205,154,0.782680759182224,7714.1015625,12.642089632561085,3,3,209,0.0,0.067,0.05,0.05,0.1,0.1,0.7
827,WorkloadAwareThreshold,0,NOOP,0.134168,-0.039306,0.127463,0,73,164.49399743199902,975.6176471710205,154,0.782680759182224,7714.1015625,12.642089632561085,3,3,209,0.0,0.067,0.05,0.05,0.1,0.1,0.7,50,134.6648584227181,531.5382480621338,157,0.768967257943123,7726.5830078125,14.020246794778076,3,4,210,0.0,0.067,0.05,0.1,0.1,0.1,0.65
828,WorkloadAwareThreshold,2,COMPACT_64KB,0.505674,-0.089273,0.135652,0,50,134.6648584227181,531.5382480621338,157,0.768967257943123,7726.5830078125,14.020246794778076,3,4,210,0.0,0.067,0.05,0.1,0.1,0.1,0.65,56,156.70675988436523,729.0334701538086,146,0.824164821677012,7700.99609375,6.574169909852843,3,0,211,0.0,0.067,0.05,0.1,0.05,0.1,0.7
829,WorkloadAwareThreshold,0,NOOP,0.143201,-0.039225,0.135833,0,56,156.70675988436523,729.0334701538086,146,0.824164821677012,7700.99609375,6.574169909852843,3,0,211,0.0,0.067,0.05,0.1,0.05,0.1,0.7,77,239.77042245469616,554.6619892120361,149,0.8091318015284186,7715.880859375,9.368259680205972,3,1,212,0.0,0.067,0.05,0.1,0.05,0.1,0.7
830,WorkloadAwareThreshold,0,NOOP,0.139973,-0.039168,0.1329,0,77,239.77042245469616,554.6619892120361,149,0.8091318015284186,7715.880859375,9.368259680205972,3,1,212,0.0,0.067,0.05,0.1,0.05,0.1,0.7,96,296.46984189627284,543.6115264892578,152,0.7948631487394634,7732.4287109375,11.30607316554128,3,2,213,0.0,0.067,0.05,0.1,0.05,0.1,0.7
831,WorkloadAwareThreshold,0,NOOP,0.136839,-0.039117,0.125308,0,96,296.46984189627284,543.6115264892578,152,0.7948631487394634,7732.4287109375,11.30607316554128,3,2,213,0.0,0.067,0.05,0.1,0.05,0.1,0.7,87,213.35723248229257,770.305871963501,155,0.7810715213898689,7748.2294921875,12.851479662873025,3,3,214,0.0,0.067,0.1,0.1,0.0,0.1,0.7
832,WorkloadAwareThreshold,0,NOOP,0.133809,-0.039068,0.1046,0,87,213.35723248229257,770.305871963501,155,0.7810715213898689,7748.2294921875,12.851479662873025,3,3,214,0.0,0.067,0.1,0.1,0.0,0.1,0.7,86,231.7515374711202,1657.9625606536865,158,0.7677956110314478,7763.94921875,14.129601471459264,3,4,215,0.0,0.067,0.1,0.1,0.05,0.1,0.65
833,WorkloadAwareThreshold,2,COMPACT_64KB,0.506497,0.279494,0.338255,0,86,231.7515374711202,1657.9625606536865,158,0.7677956110314478,7763.94921875,14.129601471459264,3,4,215,0.0,0.067,0.1,0.1,0.05,0.1,0.65,100,258.26358956675944,690.0937557220459,146,0.8282827089910638,7739.4736328125,5.306038428655664,3,0,216,0.67,0.067,0.1,0.1,0.05,0.1,0.65
834,WorkloadAwareThreshold,0,NOOP,0.144037,-0.038948,0.134166,0,100,258.26358956675944,690.0937557220459,146,0.8282827089910638,7739.4736328125,5.306038428655664,3,0,216,0.67,0.067,0.1,0.1,0.05,0.1,0.65,92,293.53733990987183,679.7983646392822,149,0.8133100471240562,7755.724609375,8.523092159798052,3,1,217,0.0,0.067,0.1,0.1,0.05,0.1,0.65
835,WorkloadAwareThreshold,0,NOOP,0.140769,-0.038897,0.133058,0,92,293.53733990987183,679.7983646392822,149,0.8133100471240562,7755.724609375,8.523092159798052,3,1,217,0.0,0.067,0.1,0.1,0.05,0.1,0.65,83,259.1914039466082,575.5712985992432,152,0.798846395392167,7771.177734375,10.681808476130616,3,2,218,0.0,0.067,0.1,0.1,0.05,0.1,0.65
836,WorkloadAwareThreshold,0,NOOP,0.137624,-0.038841,0.107348,0,83,259.1914039466082,575.5712985992432,152,0.798846395392167,7771.177734375,10.681808476130616,3,2,218,0.0,0.067,0.1,0.1,0.05,0.1,0.65,88,244.9662627685197,1707.556962966919,155,0.7849969679309475,7787.169921875,12.328911244775957,3,3,219,0.0,0.067,0.1,0.1,0.1,0.1,0.6
837,WorkloadAwareThreshold,0,NOOP,0.134592,-0.038791,0.127454,0,88,244.9662627685197,1707.556962966919,155,0.7849969679309475,7787.169921875,12.328911244775957,3,3,219,0.0,0.067,0.1,0.1,0.1,0.1,0.6,93,288.06862774059,554.3835163116455,158,0.7717103595975079,7803.53515625,13.668217680638097,3,4,220,0.0,0.067,0.1,0.1,0.1,0.1,0.6
838,WorkloadAwareThreshold,2,COMPACT_64KB,0.506079,-0.088749,0.140288,0,93,288.06862774059,554.3835163116455,158,0.7717103595975079,7803.53515625,13.668217680638097,3,4,220,0.0,0.067,0.1,0.1,0.1,0.1,0.6,64,203.05361374833302,518.7463760375977,147,0.8268137821534864,7778.6640625,5.8888508961580674,3,0,221,0.0,0.067,0.1,0.1,0.1,0.1,0.6
839,WorkloadAwareThreshold,0,NOOP,0.143652,0.338183,0.331896,0,64,203.05361374833302,518.7463760375977,147,0.8268137821534864,7778.6640625,5.8888508961580674,3,0,221,0.0,0.067,0.1,0.1,0.1,0.1,0.6,96,299.77760422521897,825.282096862793,150,0.812010498046875,7795.30078125,8.851422608342544,3,1,222,0.67,0.1005,0.05,0.1,0.1,0.15,0.6
840,WorkloadAwareThreshold,0,NOOP,0.140396,-0.038648,0.127451,0,96,299.77760422521897,825.282096862793,150,0.812010498046875,7795.30078125,8.851422608342544,3,1,222,0.67,0.1005,0.05,0.1,0.1,0.15,0.6,76,235.87480178330281,838.4935855865479,153,0.7976042304942811,7810.140625,10.938212648653119,3,2,223,0.0,0.1005,0.1,0.05,0.1,0.15,0.6
841,WorkloadAwareThreshold,0,NOOP,0.13723,-0.038611,0.130135,0,76,235.87480178330281,838.4935855865479,153,0.7976042304942811,7810.140625,10.938212648653119,3,2,223,0.0,0.1005,0.1,0.05,0.1,0.15,0.6,65,160.9850310892761,549.7102737426758,156,0.7836475861378205,7823.9375,12.58297323344262,3,3,224,0.0,0.1005,0.1,0.05,0.1,0.15,0.6
842,WorkloadAwareThreshold,0,NOOP,0.134196,-0.038567,0.126693,0,65,160.9850310892761,549.7102737426758,156,0.7836475861378205,7823.9375,12.58297323344262,3,3,224,0.0,0.1005,0.1,0.05,0.1,0.15,0.6,80,252.96512105665897,573.868989944458,159,0.7703533052648388,7839.115234375,13.902749701417148,3,4,225,0.0,0.1005,0.1,0.05,0.1,0.15,0.6
843,WorkloadAwareThreshold,2,COMPACT_64KB,0.506785,-0.088527,0.140254,0,80,252.96512105665897,573.868989944458,159,0.7703533052648388,7839.115234375,13.902749701417148,3,4,225,0.0,0.1005,0.1,0.05,0.1,0.15,0.6,70,226.37598759563687,555.7730197906494,147,0.8303461399208121,7811.896484375,4.980981525238393,3,0,226,0.0,0.1005,0.1,0.05,0.1,0.15,0.6
844,WorkloadAwareThreshold,0,NOOP,0.144313,-0.038482,0.136847,0,70,226.37598759563687,555.7730197906494,147,0.8303461399208121,7811.896484375,4.980981525238393,3,0,226,0.0,0.1005,0.1,0.05,0.1,0.15,0.6,79,248.7244874444245,560.7759952545166,150,0.8153131103515625,7827.005859375,8.368795536139032,3,1,227,0.0,0.1005,0.1,0.05,0.1,0.15,0.6
845,WorkloadAwareThreshold,0,NOOP,0.141049,-0.046809,0.13256,0,79,248.7244874444245,560.7759952545166,150,0.8153131103515625,7827.005859375,8.368795536139032,3,1,227,0.0,0.1005,0.1,0.05,0.1,0.15,0.6,79,234.66831351146925,615.6840324401855,153,0.8008708081214256,7842.126953125,10.56865534805049,3,2,228,0.0,0.067,0.1,0.05,0.1,0.1,0.65
846,WorkloadAwareThreshold,0,NOOP,0.137888,-0.038392,0.129824,0,79,234.66831351146925,615.6840324401855,153,0.8008708081214256,7842.126953125,10.56865534805049,3,2,228,0.0,0.067,0.1,0.05,0.1,0.1,0.65,74,237.10010152315286,598.1812477111816,156,0.7869388873760517,7856.7978515625,12.263640177861923,3,3,229,0.0,0.067,0.1,0.1,0.1,0.1,0.6
847,WorkloadAwareThreshold,0,NOOP,0.13485,-0.038347,0.124771,0,74,237.10010152315286,598.1812477111816,156,0.7869388873760517,7856.7978515625,12.263640177861923,3,3,229,0.0,0.067,0.1,0.1,0.1,0.1,0.6,85,267.42485432931477,702.6960849761963,159,0.7736225248132862,7872.3828125,13.625270420298385,3,4,230,0.0,0.067,0.1,0.05,0.1,0.1,0.65
848,WorkloadAwareThreshold,2,COMPACT_64KB,0.503987,-0.088308,0.113868,0,85,267.42485432931477,702.6960849761963,159,0.7736225248132862,7872.3828125,13.625270420298385,3,4,230,0.0,0.067,0.1,0.05,0.1,0.1,0.65,74,234.91010206128217,1738.8896942138672,150,0.8182297770182292,7855.005859375,7.738645703197155,3,0,231,0.0,0.067,0.1,0.05,0.15,0.1,0.6
849,WorkloadAwareThreshold,0,NOOP,0.141585,-0.038275,0.133856,0,74,234.91010206128217,1738.8896942138672,150,0.8182297770182292,7855.005859375,7.738645703197155,3,0,231,0.0,0.067,0.1,0.05,0.15,0.1,0.6,60,187.34426517520748,577.7060985565186,153,0.8035500719656352,7868.3623046875,10.157149153216283,3,1,232,0.0,0.067,0.1,0.05,0.15,0.1,0.6
850,WorkloadAwareThreshold,0,NOOP,0.138417,-0.038235,0.129677,0,60,187.34426517520748,577.7060985565186,153,0.8035500719656352,7868.3623046875,10.157149153216283,3,1,232,0.0,0.067,0.1,0.05,0.15,0.1,0.6,77,239.3054777122923,632.0340633392334,156,0.7895864829038962,7883.2314453125,11.926783599603526,3,2,233,0.0,0.067,0.1,0.05,0.15,0.1,0.6
851,WorkloadAwareThreshold,0,NOOP,0.135307,-0.038209,0.128133,0,77,239.3054777122923,632.0340633392334,156,0.7895864829038962,7883.2314453125,11.926783599603526,3,2,233,0.0,0.067,0.1,0.05,0.15,0.1,0.6,51,123.46199051826336,557.4707984924316,159,0.7759110552709807,7895.6708984375,13.404034747670119,3,3,234,0.0,0.067,0.05,0.05,0.15,0.1,0.65
852,WorkloadAwareThreshold,0,NOOP,0.132303,-0.038179,0.119745,0,51,123.46199051826336,557.4707984924316,159,0.7759110552709807,7895.6708984375,13.404034747670119,3,3,234,0.0,0.067,0.05,0.05,0.15,0.1,0.65,52,153.9604834599491,830.4357528686523,162,0.7627670853226273,7908.369140625,14.631476692159398,3,4,235,0.0,0.067,0.1,0.05,0.1,0.1,0.65
853,WorkloadAwareThreshold,2,COMPACT_64KB,0.504524,-0.09652,0.137706,0,52,153.9604834599491,830.4357528686523,162,0.7627670853226273,7908.369140625,14.631476692159398,3,4,235,0.0,0.067,0.1,0.05,0.1,0.1,0.65,61,146.16971400495893,573.8515853881836,150,0.820913798014323,7880.7724609375,6.942066904916123,3,0,236,0.0,0.0335,0.1,0.05,0.1,0.05,0.7
854,WorkloadAwareThreshold,0,NOOP,0.142184,-0.038093,0.131229,0,61,146.16971400495893,573.8515853881836,150,0.820913798014323,7880.7724609375,6.942066904916123,3,0,236,0.0,0.0335,0.1,0.05,0.1,0.05,0.7,99,310.78289675075985,739.0050888061523,153,0.8065449833090789,7897.6884765625,9.482449975152948,3,1,237,0.0,0.0335,0.1,0.05,0.1,0.05,0.7
855,WorkloadAwareThreshold,0,NOOP,0.139035,-0.038041,0.129865,0,99,310.78289675075985,739.0050888061523,153,0.8065449833090789,7897.6884765625,9.482449975152948,3,1,237,0.0,0.0335,0.1,0.05,0.1,0.05,0.7,93,266.43853072644015,653.4640789031982,156,0.7926738445575421,7914.0556640625,11.344689510440876,3,2,238,0.0,0.0335,0.1,0.1,0.1,0.05,0.65
856,WorkloadAwareThreshold,0,NOOP,0.135987,-0.037991,0.123485,0,93,266.43853072644015,653.4640789031982,156,0.7926738445575421,7914.0556640625,11.344689510440876,3,2,238,0.0,0.0335,0.1,0.1,0.1,0.05,0.65,92,260.642472711553,823.8606452941895,159,0.7793122297562893,7930.28125,12.82968934443591,3,3,239,0.0,0.0335,0.15,0.1,0.05,0.05,0.65
857,WorkloadAwareThreshold,0,NOOP,0.13004,-0.037935,0.101802,0,92,260.642472711553,823.8606452941895,159,0.7793122297562893,7930.28125,12.82968934443591,3,3,239,0.0,0.0335,0.15,0.1,0.05,0.05,0.65,100,201.88081135379335,1618.1755065917969,165,0.7533266934481534,7955.1298828125,15.243367718416572,3,4,240,0.0,0.0335,0.15,0.1,0.1,0.05,0.6
858,WorkloadAwareThreshold,2,COMPACT_64KB,0.504211,-0.087892,0.137083,0,100,201.88081135379335,1618.1755065917969,165,0.7533266934481534,7955.1298828125,15.243367718416572,3,4,240,0.0,0.0335,0.15,0.1,0.1,0.05,0.6,83,258.17571484086466,590.5921459197998,151,0.8199755940216267,7924.244140625,6.953467970279297,3,0,241,0.0,0.0335,0.15,0.1,0.1,0.05,0.6
859,WorkloadAwareThreshold,0,NOOP,0.141812,0.330636,0.333294,0,83,258.17571484086466,590.5921459197998,151,0.8199755940216267,7924.244140625,6.953467970279297,3,0,241,0.0,0.0335,0.15,0.1,0.1,0.05,0.6,55,167.8899882462965,668.3974266052246,154,0.8053103360262784,7937.138671875,9.595386199002162,3,1,242,0.67,0.0335,0.15,0.1,0.1,0.05,0.6
860,WorkloadAwareThreshold,0,NOOP,0.13551,-0.037812,0.128355,0,55,167.8899882462965,668.3974266052246,154,0.8053103360262784,7937.138671875,9.595386199002162,3,1,242,0.67,0.0335,0.15,0.1,0.1,0.05,0.6,100,280.4007153243194,557.732343673706,160,0.7775491714477539,7962.103515625,13.045432642905396,3,2,243,0.0,0.0335,0.1,0.1,0.1,0.05,0.65
861,WorkloadAwareThreshold,0,NOOP,0.132526,-0.037783,0.124838,0,100,280.4007153243194,557.732343673706,160,0.7775491714477539,7962.103515625,13.045432642905396,3,2,243,0.0,0.0335,0.1,0.1,0.1,0.05,0.65,58,136.04002637257923,588.1445407867432,163,0.7645054916662672,7975.3212890625,14.29911374312387,3,3,244,0.0,0.0335,0.1,0.1,0.1,0.05,0.65
862,WorkloadAwareThreshold,2,COMPACT_64KB,0.504754,-0.087733,0.133682,0,58,136.04002637257923,588.1445407867432,163,0.7645054916662672,7975.3212890625,14.29911374312387,3,3,244,0.0,0.0335,0.1,0.1,0.1,0.05,0.65,95,288.726183971978,787.8322601318359,151,0.8226926689905836,7950.501953125,6.1666404170122915,3,0,245,0.0,0.0335,0.1,0.1,0.1,0.05,0.65
863,WorkloadAwareThreshold,0,NOOP,0.142408,-0.037692,0.115239,0,95,288.726183971978,787.8322601318359,151,0.8226926689905836,7950.501953125,6.1666404170122915,3,0,245,0.0,0.0335,0.1,0.1,0.1,0.05,0.65,89,273.05408297692276,1550.9285926818848,154,0.8082890696339793,7966.4970703125,8.96910294045546,3,1,246,0.0,0.0335,0.1,0.1,0.15,0.05,0.6
864,WorkloadAwareThreshold,0,NOOP,0.139254,-0.03765,0.127555,0,89,273.05408297692276,1550.9285926818848,154,0.8082890696339793,7966.4970703125,8.96910294045546,3,1,246,0.0,0.0335,0.1,0.1,0.15,0.05,0.6,84,253.91683020467053,781.1999320983887,157,0.7943946206645601,7982.0771484375,10.94664241646413,3,2,247,0.0,0.0335,0.1,0.1,0.15,0.05,0.6
865,WorkloadAwareThreshold,0,NOOP,0.136165,-0.037617,0.127757,0,84,253.91683020467053,781.1999320983887,157,0.7943946206645601,7982.0771484375,10.94664241646413,3,2,247,0.0,0.0335,0.1,0.1,0.15,0.05,0.6,62,179.90943053702975,620.3720569610596,160,0.7808239936828614,7995.6376953125,12.542967577458855,3,3,248,0.0,0.0335,0.1,0.1,0.15,0.05,0.6
866,WorkloadAwareThreshold,0,NOOP,0.133161,-0.037594,0.120928,0,62,179.90943053702975,620.3720569610596,160,0.7808239936828614,7995.6376953125,12.542967577458855,3,3,248,0.0,0.0335,0.1,0.1,0.15,0.05,0.6,54,174.72464787754515,815.4234886169434,163,0.7676800686888899,8008.4384765625,13.872075511320348,3,4,249,0.0,0.0335,0.15,0.05,0.15,0.05,0.6
867,WorkloadAwareThreshold,2,COMPACT_64KB,0.505436,-0.087547,0.138706,0,54,174.72464787754515,815.4234886169434,163,0.7676800686888899,8008.4384765625,13.872075511320348,3,4,249,0.0,0.0335,0.15,0.05,0.15,0.05,0.6,94,305.00843316172006,570.6963539123535,151,0.826102048356012,7983.4501953125,5.671442633158019,3,0,250,0.0,0.0335,0.15,0.05,0.15,0.05,0.6
868,WorkloadAwareThreshold,0,NOOP,0.143054,-0.03751,0.131292,0,94,305.00843316172006,570.6963539123535,151,0.826102048356012,7983.4501953125,5.671442633158019,3,0,250,0.0,0.0335,0.15,0.05,0.15,0.05,0.6,77,245.6155862092043,780.5948257446289,154,0.8115194741781656,7998.3359375,8.702269778818998,3,1,251,0.0,0.0335,0.15,0.05,0.1,0.05,0.65
869,WorkloadAwareThreshold,0,NOOP,0.139881,-0.037474,0.131974,0,77,245.6155862092043,780.5948257446289,154,0.8115194741781656,7998.3359375,8.702269778818998,3,1,251,0.0,0.0335,0.15,0.05,0.1,0.05,0.65,80,216.04964042627307,591.6290283203125,157,0.7975310307399482,8013.591796875,10.759908111007832,3,2,252,0.0,0.0335,0.15,0.05,0.1,0.05,0.65
870,WorkloadAwareThreshold,0,NOOP,0.136795,0.339438,0.328118,0,80,216.04964042627307,591.6290283203125,157,0.7975310307399482,8013.591796875,10.759908111007832,3,2,252,0.0,0.0335,0.15,0.05,0.1,0.05,0.65,70,212.89509233994326,683.8529109954834,160,0.7839765548706055,8027.919921875,12.379620666080761,3,3,253,0.67,0.067,0.15,0.05,0.1,0.1,0.6
871,WorkloadAwareThreshold,0,NOOP,0.133845,-0.037394,0.125957,0,70,212.89509233994326,683.8529109954834,160,0.7839765548706055,8027.919921875,12.379620666080761,3,3,253,0.67,0.067,0.15,0.05,0.1,0.1,0.6,91,280.3345550053543,598.1452465057373,163,0.7710982246632956,8044.0966796875,13.673467975726961,3,4,254,0.0,0.067,0.15,0.05,0.1,0.1,0.6
872,WorkloadAwareThreshold,2,COMPACT_64KB,0.505,-0.087357,0.138538,0,91,280.3345550053543,598.1452465057373,163,0.7710982246632956,8044.0966796875,13.673467975726961,3,4,254,0.0,0.067,0.15,0.05,0.1,0.1,0.6,83,206.72172005619825,558.5191249847412,152,0.8245435012014288,8021.1591796875,6.067492922086674,3,0,255,0.0,0.067,0.1,0.05,0.1,0.1,0.65
873,WorkloadAwareThreshold,0,NOOP,0.139388,-0.037313,0.123841,0,83,206.72172005619825,558.5191249847412,152,0.8245435012014288,8021.1591796875,6.067492922086674,3,0,255,0.0,0.067,0.1,0.05,0.1,0.1,0.65,100,288.35551644483553,974.8218059539795,158,0.7956879048407832,8045.99609375,11.064749350698584,3,1,256,0.0,0.067,0.15,0.05,0.1,0.1,0.6
874,WorkloadAwareThreshold,0,NOOP,0.136333,-0.037278,0.128435,0,100,288.35551644483553,974.8218059539795,158,0.7956879048407832,8045.99609375,11.064749350698584,3,1,256,0.0,0.067,0.15,0.05,0.1,0.1,0.6,75,226.07212079878056,596.1635112762451,161,0.7822914834348311,8060.7314453125,12.615460830160554,3,2,257,0.0,0.067,0.15,0.05,0.1,0.1,0.6
875,WorkloadAwareThreshold,0,NOOP,0.133413,-0.037231,0.121616,0,75,226.07212079878056,596.1635112762451,161,0.7822914834348311,8060.7314453125,12.615460830160554,3,2,257,0.0,0.067,0.15,0.05,0.1,0.1,0.6,96,293.1219950046263,794.8546409606934,164,0.7695650240270103,8077.3544921875,13.860753418849345,3,3,258,0.0,0.067,0.15,0.0,0.1,0.1,0.65
876,WorkloadAwareThreshold,2,COMPACT_64KB,0.505586,-0.087203,0.138733,0,96,293.1219950046263,794.8546409606934,164,0.7695650240270103,8077.3544921875,13.860753418849345,3,3,258,0.0,0.067,0.15,0.0,0.1,0.1,0.65,61,185.0098625148509,578.1040191650391,152,0.8274733894749692,8049.6611328125,5.350044338038599,3,0,259,0.0,0.067,0.1,0.0,0.1,0.1,0.7
877,WorkloadAwareThreshold,0,NOOP,0.143234,-0.03716,0.13442,0,61,185.0098625148509,578.1040191650391,152,0.8274733894749692,8049.6611328125,5.350044338038599,3,0,259,0.0,0.067,0.1,0.0,0.1,0.1,0.7,86,246.23802567302258,634.4287395477295,155,0.8130449848790322,8065.40625,8.462201549164401,3,1,260,0.0,0.067,0.1,0.05,0.05,0.1,0.7
878,WorkloadAwareThreshold,0,NOOP,0.140062,0.339743,0.32767,0,86,246.23802567302258,634.4287395477295,155,0.8130449848790322,8065.40625,8.462201549164401,3,1,260,0.0,0.067,0.1,0.05,0.05,0.1,0.7,74,233.31641672116606,867.0969009399414,158,0.7990577794328521,8080.072265625,10.583336937909932,3,2,261,0.67,0.1005,0.1,0.05,0.05,0.15,0.65
879,WorkloadAwareThreshold,0,NOOP,0.137021,-0.045463,0.130816,0,74,233.31641672116606,867.0969009399414,158,0.7990577794328521,8080.072265625,10.583336937909932,3,2,261,0.67,0.1005,0.1,0.05,0.05,0.15,0.65,90,218.76451572897096,511.49463653564453,161,0.7857297340535229,8096.1591796875,12.187270579286112,3,3,262,0.0,0.067,0.1,0.1,0.05,0.1,0.65
880,WorkloadAwareThreshold,0,NOOP,0.134078,-0.037052,0.12657,0,90,218.76451572897096,511.49463653564453,161,0.7857297340535229,8096.1591796875,12.187270579286112,3,3,262,0.0,0.067,0.1,0.1,0.05,0.1,0.65,91,262.3678055044207,580.4421901702881,164,0.7728923704566025,8112.2783203125,13.50421892178565,3,4,263,0.0,0.067,0.1,0.1,0.05,0.1,0.65
881,WorkloadAwareThreshold,2,COMPACT_64KB,0.505142,-0.087024,0.140367,0,91,262.3678055044207,580.4421901702881,164,0.7728923704566025,8112.2783203125,13.50421892178565,3,4,263,0.0,0.067,0.1,0.1,0.05,0.1,0.65,58,181.8453605704363,475.4328727722168,153,0.8258806615093954,8087.0234375,5.5786780940632825,3,0,264,0.0,0.067,0.1,0.15,0.05,0.1,0.6
882,WorkloadAwareThreshold,0,NOOP,0.142798,-0.036991,0.134314,0,58,181.8453605704363,475.4328727722168,153,0.8258806615093954,8087.0234375,5.5786780940632825,3,0,264,0.0,0.067,0.1,0.15,0.05,0.1,0.6,77,241.33727888472413,619.1954612731934,156,0.8114910614796174,8101.9267578125,8.609774289045507,3,1,265,0.0,0.067,0.1,0.15,0.05,0.1,0.6
883,WorkloadAwareThreshold,0,NOOP,0.139689,0.339923,0.330862,0,77,241.33727888472413,619.1954612731934,156,0.8114910614796174,8101.9267578125,8.609774289045507,3,1,265,0.0,0.067,0.1,0.15,0.05,0.1,0.6,97,224.5432738981251,690.1121139526367,159,0.7978221005613699,8118.6376953125,10.625136686921179,3,2,266,0.67,0.1005,0.1,0.15,0.0,0.15,0.6
884,WorkloadAwareThreshold,0,NOOP,0.136679,-0.036914,0.12891,0,97,224.5432738981251,690.1121139526367,159,0.7978221005613699,8118.6376953125,10.625136686921179,3,2,266,0.67,0.1005,0.1,0.15,0.0,0.15,0.6,96,287.79195947143614,590.9481048583984,162,0.7846431025752315,8135.1796875,12.200449491590767,3,3,267,0.0,0.1005,0.1,0.15,0.0,0.15,0.6
885,WorkloadAwareThreshold,0,NOOP,0.133691,-0.036891,0.125797,0,96,287.79195947143614,590.9481048583984,162,0.7846431025752315,8135.1796875,12.200449491590767,3,3,267,0.0,0.1005,0.1,0.15,0.0,0.15,0.6,53,161.3169262297164,600.987434387207,165,0.7715823086825284,8147.9091796875,13.568999754303743,3,4,268,0.0,0.1005,0.1,0.15,0.0,0.15,0.6
886,WorkloadAwareThreshold,2,COMPACT_64KB,0.504692,-0.086861,0.114671,0,53,161.3169262297164,600.987434387207,165,0.7715823086825284,8147.9091796875,13.568999754303743,3,4,268,0.0,0.1005,0.1,0.15,0.0,0.15,0.6,73,181.8396758786897,1739.0034198760986,154,0.8242559061421977,8123.8662109375,6.163911968262222,3,0,269,0.0,0.1005,0.05,0.15,0.05,0.15,0.6
887,WorkloadAwareThreshold,0,NOOP,0.142386,-0.036825,0.134155,0,73,181.8396758786897,1739.0034198760986,154,0.8242559061421977,8123.8662109375,6.163911968262222,3,0,269,0.0,0.1005,0.05,0.15,0.05,0.15,0.6,84,210.39949932399185,607.820987701416,157,0.8100555808680832,8139.4384765625,8.944613462238973,3,1,270,0.0,0.1005,0.05,0.15,0.05,0.15,0.6
888,WorkloadAwareThreshold,0,NOOP,0.139223,-0.036802,0.131025,0,84,210.39949932399185,607.820987701416,157,0.8100555808680832,8139.4384765625,8.944613462238973,3,1,270,0.0,0.1005,0.05,0.15,0.05,0.15,0.6,54,163.63699259093354,609.9264621734619,160,0.7961162567138672,8152.23046875,10.974577644496453,3,2,271,0.0,0.1005,0.05,0.15,0.05,0.15,0.6
889,WorkloadAwareThreshold,0,NOOP,0.136217,-0.036771,0.119813,0,54,163.63699259093354,609.9264621734619,160,0.7961162567138672,8152.23046875,10.974577644496453,3,2,271,0.0,0.1005,0.05,0.15,0.05,0.15,0.6,85,259.5789401640699,1023.963451385498,163,0.7829591715994056,8167.830078125,12.504862096872989,3,3,272,0.0,0.1005,0.1,0.15,0.05,0.15,0.55
890,WorkloadAwareThreshold,0,NOOP,0.133329,-0.045105,0.124092,0,85,259.5789401640699,1023.963451385498,163,0.7829591715994056,8167.830078125,12.504862096872989,3,3,272,0.0,0.1005,0.1,0.15,0.05,0.15,0.55,99,307.7658129477207,669.3196296691895,166,0.770392820059535,8184.6533203125,13.747261440333984,3,4,273,0.0,0.067,0.1,0.15,0.05,0.1,0.6
891,WorkloadAwareThreshold,2,COMPACT_64KB,0.505412,-0.08669,0.138212,0,99,307.7658129477207,669.3196296691895,166,0.770392820059535,8184.6533203125,13.747261440333984,3,4,273,0.0,0.067,0.1,0.15,0.05,0.1,0.6,93,287.8755893006326,597.9878902435303,154,0.8278577730253145,8159.3662109375,5.748341566716908,3,0,274,0.0,0.067,0.1,0.2,0.05,0.1,0.55
892,WorkloadAwareThreshold,0,NOOP,0.143041,-0.036667,0.134763,0,93,287.8755893006326,597.9878902435303,154,0.8278577730253145,8159.3662109375,5.748341566716908,3,0,274,0.0,0.067,0.1,0.2,0.05,0.1,0.55,56,162.3769537447538,610.1503372192383,157,0.8133306807013834,8172.3466796875,8.780544115374664,3,1,275,0.0,0.067,0.1,0.2,0.05,0.1,0.55
893,WorkloadAwareThreshold,0,NOOP,0.139942,-0.03663,0.127362,0,56,162.3769537447538,610.1503372192383,157,0.8133306807013834,8172.3466796875,8.780544115374664,3,1,275,0.0,0.067,0.1,0.2,0.05,0.1,0.55,97,308.1643320969317,829.0045261383057,160,0.799711799621582,8189.048828125,10.7594531389848,3,2,276,0.0,0.067,0.05,0.2,0.05,0.1,0.6
894,WorkloadAwareThreshold,0,NOOP,0.136938,-0.036594,0.127899,0,97,308.1643320969317,829.0045261383057,160,0.799711799621582,8189.048828125,10.7594531389848,3,2,276,0.0,0.067,0.05,0.2,0.05,0.1,0.6,95,270.1764159451048,655.6856632232666,163,0.7865656753259203,8205.453125,12.317277646312712,3,3,277,0.0,0.067,0.05,0.2,0.05,0.1,0.6
895,WorkloadAwareThreshold,0,NOOP,0.133988,-0.036564,0.098565,0,95,270.1764159451048,655.6856632232666,163,0.7865656753259203,8205.453125,12.317277646312712,3,3,277,0.0,0.067,0.05,0.2,0.05,0.1,0.6,70,221.44982629539288,1978.667974472046,166,0.7736912003482681,8219.6953125,13.642375872863983,3,4,278,0.0,0.067,0.05,0.2,0.1,0.1,0.55
896,WorkloadAwareThreshold,2,COMPACT_64KB,0.504974,0.290343,0.336692,0,70,221.44982629539288,1978.667974472046,166,0.7736912003482681,8219.6953125,13.642375872863983,3,4,278,0.0,0.067,0.05,0.2,0.1,0.1,0.55,84,265.52249719081857,703.310489654541,155,0.8262897122290827,8196.7939453125,5.784511310173796,3,0,279,0.67,0.1005,0.05,0.2,0.1,0.15,0.5
897,WorkloadAwareThreshold,0,NOOP,0.14269,-0.036497,0.127721,0,84,265.52249719081857,703.310489654541,155,0.8262897122290827,8196.7939453125,5.784511310173796,3,0,279,0.67,0.1005,0.05,0.2,0.1,0.15,0.5,92,291.9109884590013,945.9869861602783,158,0.8122018741655953,8212.9853515625,8.671083275250531,3,1,280,0.0,0.1005,0.1,0.15,0.1,0.15,0.5
898,WorkloadAwareThreshold,0,NOOP,0.139599,-0.044836,0.130843,0,92,291.9109884590013,945.9869861602783,158,0.8122018741655953,8212.9853515625,8.671083275250531,3,1,280,0.0,0.1005,0.1,0.15,0.1,0.15,0.5,88,192.56750163299463,639.0371322631836,161,0.7986185772818808,8228.9658203125,10.672724425416101,3,2,281,0.0,0.067,0.1,0.15,0.1,0.1,0.55
899,WorkloadAwareThreshold,0,NOOP,0.136562,-0.036441,0.128312,0,88,192.56750163299463,639.0371322631836,161,0.7986185772818808,8228.9658203125,10.672724425416101,3,2,281,0.0,0.067,0.1,0.15,0.1,0.1,0.55,63,194.01392982224277,617.5096035003662,164,0.7853085587664348,8242.5986328125,12.290600656343925,3,3,282,0.0,0.067,0.1,0.1,0.1,0.1,0.6
900,WorkloadAwareThreshold,0,NOOP,0.133617,0.340458,0.319455,0,63,194.01392982224277,617.5096035003662,164,0.7853085587664348,8242.5986328125,12.290600656343925,3,3,282,0.0,0.067,0.1,0.1,0.1,0.1,0.6,62,197.15245478819784,966.8328762054443,167,0.7724607547600112,8256.060546875,13.621783325353126,3,4,283,0.67,0.1005,0.1,0.1,0.1,0.15,0.55
901,WorkloadAwareThreshold,2,COMPACT_64KB,0.168074,-0.086402,0.137987,0,62,197.15245478819784,966.8328762054443,167,0.7724607547600112,8256.060546875,13.621783325353126,3,4,283,0.67,0.1005,0.1,0.1,0.1,0.15,0.55,42,128.87423404442103,618.5462474822998,155,0.8292886057207661,8226.54296875,5.1837459212120915,3,0,284,0.0,0.1005,0.1,0.05,0.1,0.15,0.6
902,WorkloadAwareThreshold,0,NOOP,0.143183,-0.036384,0.130474,0,42,128.87423404442103,618.5462474822998,155,0.8292886057207661,8226.54296875,5.1837459212120915,3,0,284,0.0,0.1005,0.1,0.05,0.1,0.15,0.6,38,77.2187677442235,832.9353332519531,158,0.814664333681517,8237.8857421875,8.48036619546337,3,1,285,0.0,0.1005,0.15,0.05,0.1,0.15,0.55
903,WorkloadAwareThreshold,0,NOOP,0.13997,-0.044747,0.132083,0,38,77.2187677442235,832.9353332519531,158,0.814664333681517,8237.8857421875,8.48036619546337,3,1,285,0.0,0.1005,0.15,0.05,0.1,0.15,0.55,26,76.85762734321811,595.5798625946045,161,0.8004740839419158,8248.0849609375,10.690325959084298,3,2,286,0.0,0.067,0.15,0.05,0.1,0.1,0.6
904,WorkloadAwareThreshold,0,NOOP,0.136862,-0.036363,0.123688,0,26,76.85762734321811,595.5798625946045,161,0.8004740839419158,8248.0849609375,10.690325959084298,3,2,286,0.0,0.067,0.15,0.05,0.1,0.1,0.6,27,88.07889644530448,863.6636734008789,164,0.7868077347918254,8258.333984375,12.38941593107493,3,3,287,0.0,0.067,0.15,0.05,0.1,0.1,0.6
905,WorkloadAwareThreshold,0,NOOP,0.133867,-0.03635,0.125764,0,27,88.07889644530448,863.6636734008789,164,0.7868077347918254,8258.333984375,12.38941593107493,3,3,287,0.0,0.067,0.15,0.05,0.1,0.1,0.6,35,94.79901791745289,613.8806343078613,167,0.7737089602533215,8269.4013671875,13.76194654870026,3,4,288,0.0,0.067,0.15,0.05,0.1,0.1,0.6
906,WorkloadAwareThreshold,2,COMPACT_64KB,0.167224,-0.086336,0.134544,0,35,94.79901791745289,613.8806343078613,167,0.7737089602533215,8269.4013671875,13.76194654870026,3,4,288,0.0,0.067,0.15,0.05,0.1,0.1,0.6,39,122.42696871402846,749.4230270385742,156,0.8256644224509214,8243.43359375,6.016501040901724,3,0,289,0.0,0.067,0.15,0.05,0.05,0.1,0.65
907,WorkloadAwareThreshold,0,NOOP,0.142337,-0.036329,0.129261,0,39,122.42696871402846,749.4230270385742,156,0.8256644224509214,8243.43359375,6.016501040901724,3,0,289,0.0,0.067,0.15,0.05,0.05,0.1,0.65,24,74.25611397859139,852.5416851043701,159,0.8110591480567021,8253.337890625,9.01352880161171,3,1,290,0.0,0.067,0.2,0.05,0.05,0.1,0.6
908,WorkloadAwareThreshold,0,NOOP,0.139179,-0.036316,0.108141,0,24,74.25611397859139,852.5416851043701,159,0.8110591480567021,8253.337890625,9.01352880161171,3,1,290,0.0,0.067,0.2,0.05,0.05,0.1,0.6,39,123.4135373402895,1754.3981075286865,162,0.7971438184196566,8264.787109375,11.047637006245669,3,2,291,0.0,0.067,0.2,0.05,0.1,0.1,0.55
909,WorkloadAwareThreshold,0,NOOP,0.136095,-0.036309,0.127465,0,39,123.4135373402895,1754.3981075286865,162,0.7971438184196566,8264.787109375,11.047637006245669,3,2,291,0.0,0.067,0.2,0.05,0.1,0.1,0.55,24,67.69419312320531,637.7294063568115,165,0.7835999459931344,8274.8154296875,12.674703021511531,3,3,292,0.0,0.067,0.15,0.05,0.1,0.1,0.6
910,WorkloadAwareThreshold,0,NOOP,0.133119,-0.036298,0.103733,0,24,67.69419312320531,637.7294063568115,165,0.7835999459931344,8274.8154296875,12.674703021511531,3,3,292,0.0,0.067,0.15,0.05,0.1,0.1,0.6,31,71.56660467179688,1679.318904876709,168,0.7705945514497303,8285.4326171875,14.00377204394284,3,4,293,0.0,0.067,0.15,0.05,0.15,0.1,0.55
911,WorkloadAwareThreshold,2,COMPACT_64KB,0.1675,-0.086283,0.137772,0,31,71.56660467179688,1679.318904876709,168,0.7705945514497303,8285.4326171875,14.00377204394284,3,4,293,0.0,0.067,0.15,0.05,0.15,0.1,0.55,40,119.92000194419865,601.8762588500977,156,0.8270462231758313,8257.2294921875,5.547904165704402,3,0,294,0.0,0.067,0.15,0.0,0.15,0.1,0.6
912,WorkloadAwareThreshold,0,NOOP,0.142627,-0.036271,0.134042,0,40,119.92000194419865,601.8762588500977,156,0.8270462231758313,8257.2294921875,5.547904165704402,3,0,294,0.0,0.067,0.15,0.0,0.15,0.1,0.6,34,73.16773805266509,628.0238628387451,159,0.812512475739485,8268.126953125,8.688234281243375,3,1,295,0.0,0.067,0.15,0.0,0.15,0.1,0.6
913,WorkloadAwareThreshold,0,NOOP,0.139427,-0.036265,0.131171,0,34,73.16773805266509,628.0238628387451,159,0.812512475739485,8268.126953125,8.688234281243375,3,1,295,0.0,0.067,0.15,0.0,0.15,0.1,0.6,20,57.52505223716324,615.27419090271,162,0.7983829827956211,8277.634765625,10.848808771555818,3,2,296,0.0,0.067,0.15,0.0,0.15,0.1,0.6
914,WorkloadAwareThreshold,0,NOOP,0.136342,-0.036255,0.106279,0,20,57.52505223716324,615.27419090271,162,0.7983829827956211,8277.634765625,10.848808771555818,3,2,296,0.0,0.067,0.15,0.0,0.15,0.1,0.6,27,77.91142773602105,1709.425926208496,165,0.7848367402047822,8287.8759765625,12.5055082934562,3,3,297,0.0,0.067,0.15,0.0,0.2,0.1,0.55
915,WorkloadAwareThreshold,0,NOOP,0.133376,0.340632,0.324279,0,27,77.91142773602105,1709.425926208496,165,0.7848367402047822,8287.8759765625,12.5055082934562,3,3,297,0.0,0.067,0.15,0.0,0.2,0.1,0.55,39,121.15406424701,714.8525714874268,168,0.7718781062534877,8299.2333984375,13.844115854342723,3,4,298,0.67,0.1005,0.15,0.0,0.15,0.15,0.55
916,WorkloadAwareThreshold,2,COMPACT_64KB,0.167752,-0.094609,0.128605,0,39,121.15406424701,714.8525714874268,168,0.7718781062534877,8299.2333984375,13.844115854342723,3,4,298,0.67,0.1005,0.15,0.0,0.15,0.15,0.55,26,79.23769221435147,1072.7875232696533,156,0.8283035082694812,8269.7822265625,5.209836569386058,3,0,299,0.0,0.067,0.2,0.0,0.15,0.1,0.55
917,WorkloadAwareThreshold,0,NOOP,0.142867,-0.036222,0.134782,0,26,79.23769221435147,1072.7875232696533,156,0.8283035082694812,8269.7822265625,5.209836569386058,3,0,299,0.0,0.067,0.2,0.0,0.15,0.1,0.55,29,90.13718717602326,603.0113697052002,159,0.8137094749594634,8280.3076171875,8.502122514220808,3,1,300,0.0,0.067,0.15,0.0,0.15,0.1,0.6
918,WorkloadAwareThreshold,0,NOOP,0.13968,0.340663,0.324998,0,29,90.13718717602326,603.0113697052002,159,0.8137094749594634,8280.3076171875,8.502122514220808,3,1,300,0.0,0.067,0.15,0.0,0.15,0.1,0.6,30,82.60113671722682,986.5939617156982,162,0.7996510635187597,8290.7822265625,10.682943734678233,3,2,301,0.67,0.1005,0.15,0.0,0.15,0.15,0.55
919,WorkloadAwareThreshold,0,NOOP,0.136631,-0.036195,0.108435,0,30,82.60113671722682,986.5939617156982,162,0.7996510635187597,8290.7822265625,10.682943734678233,3,2,301,0.67,0.1005,0.15,0.0,0.15,0.15,0.55,49,152.33237248927296,1616.0197257995605,165,0.7862787420099432,8303.103515625,12.323062820627419,3,3,302,0.0,0.1005,0.15,0.0,0.2,0.15,0.5
920,WorkloadAwareThreshold,0,NOOP,0.133655,-0.044558,0.125202,0,49,152.33237248927296,1616.0197257995605,165,0.7862787420099432,8303.103515625,12.323062820627419,3,3,302,0.0,0.1005,0.15,0.0,0.2,0.15,0.5,36,89.78073383639976,632.6603889465332,168,0.7732767377580915,8314.271484375,13.6915889044724,3,4,303,0.0,0.067,0.15,0.0,0.2,0.1,0.55
921,WorkloadAwareThreshold,2,COMPACT_64KB,0.168062,0.290711,0.332817,0,36,89.78073383639976,632.6603889465332,168,0.7732767377580915,8314.271484375,13.6915889044724,3,4,303,0.0,0.067,0.15,0.0,0.2,0.1,0.55,39,104.99833815710674,927.7005195617676,156,0.8298562856820914,8285.28515625,4.920938979076918,3,0,304,0.67,0.1005,0.15,0.0,0.2,0.15,0.5
922,WorkloadAwareThreshold,0,NOOP,0.143162,-0.036154,0.135073,0,39,104.99833815710674,927.7005195617676,156,0.8298562856820914,8285.28515625,4.920938979076918,3,0,304,0.67,0.1005,0.15,0.0,0.2,0.15,0.5,25,76.49383789588255,603.2240390777588,159,0.8151859307439072,8295.33203125,8.360106907465955,3,1,305,0.0,0.1005,0.1,0.0,0.2,0.15,0.55
923,WorkloadAwareThreshold,0,NOOP,0.139995,-0.036142,0.128415,0,25,76.49383789588255,603.2240390777588,159,0.8151859307439072,8295.33203125,8.360106907465955,3,1,305,0.0,0.1005,0.1,0.0,0.2,0.15,0.55,43,129.57315127266926,781.4939022064209,162,0.8012258270640432,8307.109375,10.54478257215381,3,2,306,0.0,0.1005,0.1,0.0,0.2,0.15,0.55
924,WorkloadAwareThreshold,0,NOOP,0.136898,-0.036131,0.127629,0,43,129.57315127266926,781.4939022064209,162,0.8012258270640432,8307.109375,10.54478257215381,3,2,306,0.0,0.1005,0.1,0.0,0.2,0.15,0.55,25,73.41853513856788,669.713020324707,165,0.7876138398141572,8317.2021484375,12.263561508977936,3,3,307,0.0,0.1005,0.1,0.0,0.2,0.15,0.55
925,WorkloadAwareThreshold,0,NOOP,0.13391,-0.036119,0.12096,0,25,73.41853513856788,669.713020324707,165,0.7876138398141572,8317.2021484375,12.263561508977936,3,3,307,0.0,0.1005,0.1,0.0,0.2,0.15,0.55,31,94.96174388465249,857.4867248535156,168,0.7745476677304223,8327.9365234375,13.652569009084115,3,4,308,0.0,0.1005,0.1,0.0,0.2,0.15,0.55
926,WorkloadAwareThreshold,2,COMPACT_64KB,0.168329,-0.086107,0.13625,0,31,94.96174388465249,857.4867248535156,168,0.7745476677304223,8327.9365234375,13.652569009084115,3,4,308,0.0,0.1005,0.1,0.0,0.2,0.15,0.55,31,95.31055674794459,719.4159030914307,156,0.8311906472230569,8298.607421875,4.7897054825826615,3,0,309,0.0,0.1005,0.1,0.05,0.2,0.15,0.5
927,WorkloadAwareThreshold,0,NOOP,0.143427,-0.036099,0.135784,0,31,95.31055674794459,719.4159030914307,156,0.8311906472230569,8298.607421875,4.7897054825826615,3,0,309,0.0,0.1005,0.1,0.05,0.2,0.15,0.5,26,67.10609716399385,580.9173583984375,159,0.816511334113355,8308.8193359375,8.288738824347462,3,1,310,0.0,0.1005,0.05,0.05,0.2,0.15,0.55
928,WorkloadAwareThreshold,0,NOOP,0.140262,0.340792,0.330166,0,26,67.10609716399385,580.9173583984375,159,0.816511334113355,8308.8193359375,8.288738824347462,3,1,310,0.0,0.1005,0.05,0.05,0.2,0.15,0.55,47,143.17941924144043,757.3037147521973,162,0.8025581454053338,8320.9228515625,10.487065090547762,3,2,311,0.67,0.134,0.05,0.05,0.15,0.2,0.55
929,WorkloadAwareThreshold,0,NOOP,0.137187,-0.036069,0.129019,0,47,143.17941924144043,757.3037147521973,162,0.8025581454053338,8320.9228515625,10.487065090547762,3,2,311,0.67,0.134,0.05,0.05,0.15,0.2,0.55,40,85.86843877762014,614.6359443664551,165,0.7890587084221118,8332.4599609375,12.187625905547122,3,3,312,0.0,0.134,0.05,0.05,0.15,0.2,0.55
930,WorkloadAwareThreshold,0,NOOP,0.13422,-0.036052,0.121691,0,40,85.86843877762014,614.6359443664551,165,0.7890587084221118,8332.4599609375,12.187625905547122,3,3,312,0.0,0.134,0.05,0.05,0.15,0.2,0.55,47,145.20667237282316,836.4827632904053,168,0.7761020660400391,8344.6494140625,13.562373717105997,3,4,313,0.0,0.134,0.05,0.05,0.1,0.2,0.6
931,WorkloadAwareThreshold,2,COMPACT_64KB,0.166409,-0.086041,0.136307,0,47,145.20667237282316,836.4827632904053,168,0.7761020660400391,8344.6494140625,13.562373717105997,3,4,313,0.0,0.134,0.05,0.05,0.1,0.2,0.6,27,72.46723059684922,623.042106628418,158,0.822838505612144,8320.54296875,6.841838909753215,3,0,314,0.0,0.134,0.05,0.05,0.1,0.2,0.6
932,WorkloadAwareThreshold,0,NOOP,0.141571,-0.036031,0.110498,0,27,72.46723059684922,623.042106628418,158,0.822838505612144,8320.54296875,6.841838909753215,3,0,314,0.0,0.134,0.05,0.05,0.1,0.2,0.6,24,74.03721745091131,1754.897117614746,161,0.8084785034937888,8330.5625,9.523649639180015,3,1,315,0.0,0.134,0.05,0.05,0.15,0.2,0.55
933,WorkloadAwareThreshold,0,NOOP,0.138455,-0.036021,0.12494,0,24,74.03721745091131,1754.897117614746,161,0.8084785034937888,8330.5625,9.523649639180015,3,1,315,0.0,0.134,0.05,0.05,0.15,0.2,0.55,40,106.91368378121754,880.7070255279541,164,0.7947731948480373,8341.939453125,11.428313362061362,3,2,316,0.0,0.134,0.05,0.05,0.15,0.2,0.55
934,WorkloadAwareThreshold,0,NOOP,0.13544,-0.036002,0.126767,0,40,106.91368378121754,880.7070255279541,164,0.7947731948480373,8341.939453125,11.428313362061362,3,2,316,0.0,0.134,0.05,0.05,0.15,0.2,0.55,40,114.07376180872951,642.3797607421875,167,0.7815749117000375,8353.47265625,12.941863243853392,3,3,317,0.0,0.134,0.05,0.05,0.1,0.2,0.6
935,WorkloadAwareThreshold,0,NOOP,0.1325,-0.044369,0.123798,0,40,114.07376180872951,642.3797607421875,167,0.7815749117000375,8353.47265625,12.941863243853392,3,3,317,0.0,0.134,0.05,0.05,0.1,0.2,0.6,29,86.85000099963156,647.5965976715088,170,0.7687496409696691,8363.99609375,14.22178109249508,3,4,318,0.0,0.1005,0.05,0.05,0.1,0.15,0.65
936,WorkloadAwareThreshold,2,COMPACT_64KB,0.166689,-0.085981,0.135651,0,29,86.85000099963156,647.5965976715088,170,0.7687496409696691,8363.99609375,14.22178109249508,3,4,318,0.0,0.1005,0.05,0.05,0.1,0.15,0.65,31,96.88115568828367,669.8391437530518,158,0.824239899840536,8334.7138671875,6.44735339581099,3,0,319,0.0,0.1005,0.0,0.05,0.1,0.15,0.7
937,WorkloadAwareThreshold,0,NOOP,0.14185,-0.035973,0.128446,0,31,96.88115568828367,669.8391437530518,158,0.824239899840536,8334.7138671875,6.44735339581099,3,0,319,0.0,0.1005,0.0,0.05,0.1,0.15,0.7,26,80.1273079825391,871.4137077331543,161,0.8098735927795031,8344.9375,9.251989974568977,3,1,320,0.0,0.1005,0.0,0.05,0.1,0.15,0.7
938,WorkloadAwareThreshold,0,NOOP,0.138729,-0.044331,0.130327,0,26,80.1273079825391,871.4137077331543,161,0.8098735927795031,8344.9375,9.251989974568977,3,1,320,0.0,0.1005,0.0,0.05,0.1,0.15,0.7,38,112.56282133857646,625.1018047332764,164,0.7961462067394722,8356.3505859375,11.212034918889737,3,2,321,0.0,0.067,0.0,0.05,0.1,0.1,0.75
939,WorkloadAwareThreshold,0,NOOP,0.136694,-0.035951,0.128514,0,38,112.56282133857646,625.1018047332764,164,0.7961462067394722,8356.3505859375,11.212034918889737,3,2,321,0.0,0.067,0.0,0.05,0.1,0.1,0.75,20,63.50964537718421,616.5099143981934,166,0.7872213340667357,8363.439453125,12.292444054997832,3,3,322,0.0,0.067,0.0,0.05,0.05,0.1,0.8
940,WorkloadAwareThreshold,0,NOOP,0.133738,-0.035938,0.123561,0,20,63.50964537718421,616.5099143981934,166,0.7872213340667357,8363.439453125,12.292444054997832,3,3,322,0.0,0.067,0.0,0.05,0.05,0.1,0.8,40,125.34388249489164,720.085859298706,169,0.7743144740719767,8374.9853515625,13.653160642838042,3,4,323,0.0,0.067,0.0,0.05,0.05,0.1,0.8
941,WorkloadAwareThreshold,2,COMPACT_64KB,0.165843,-0.094307,0.135187,0,40,125.34388249489164,720.085859298706,169,0.7743144740719767,8374.9853515625,13.653160642838042,3,4,323,0.0,0.067,0.0,0.05,0.05,0.1,0.8,24,57.022722805339995,652.022123336792,159,0.8206369651938384,8350.8017578125,7.201034635546598,3,0,324,0.0,0.0335,0.0,0.05,0.05,0.05,0.85
942,WorkloadAwareThreshold,0,NOOP,0.141034,-0.035923,0.130855,0,24,57.022722805339995,652.022123336792,159,0.8206369651938384,8350.8017578125,7.201034635546598,3,0,324,0.0,0.0335,0.0,0.05,0.05,0.05,0.85,24,68.64392521834955,711.4520072937012,162,0.8064186190381463,8360.9482421875,9.749572741538937,3,1,325,0.0,0.0335,0.0,0.05,0.05,0.05,0.85
943,WorkloadAwareThreshold,0,NOOP,0.137946,-0.035904,0.129553,0,24,68.64392521834955,711.4520072937012,162,0.8064186190381463,8360.9482421875,9.749572741538937,3,1,325,0.0,0.0335,0.0,0.05,0.05,0.05,0.85,40,120.17813383532864,625.9117126464844,165,0.7928553725733901,8372.552734375,11.586940972176373,3,2,326,0.0,0.0335,0.0,0.05,0.05,0.05,0.85
944,WorkloadAwareThreshold,0,NOOP,0.134956,-0.035887,0.127017,0,40,120.17813383532864,625.9117126464844,165,0.7928553725733901,8372.552734375,11.586940972176373,3,2,326,0.0,0.0335,0.0,0.05,0.05,0.05,0.85,40,123.98793023302218,606.9588661193848,168,0.7797784351167225,8384.177734375,13.061807106212626,3,3,327,0.0,0.0335,0.0,0.05,0.05,0.05,0.85
945,WorkloadAwareThreshold,0,NOOP,0.132063,-0.035877,0.117393,0,40,123.98793023302218,606.9588661193848,168,0.7797784351167225,8384.177734375,13.061807106212626,3,3,327,0.0,0.0335,0.0,0.05,0.05,0.05,0.85,45,121.38879867049893,947.2525119781494,171,0.7671880889357182,8396.1064453125,14.290305119258358,3,4,328,0.0,0.0335,0.0,0.05,0.05,0.05,0.85
946,WorkloadAwareThreshold,2,COMPACT_64KB,0.166139,-0.085868,0.130672,0,45,121.38879867049893,947.2525119781494,171,0.7671880889357182,8396.1064453125,14.290305119258358,3,4,328,0.0,0.0335,0.0,0.05,0.05,0.05,0.85,31,68.42423381295343,892.5719261169434,159,0.8221147645194575,8365.83984375,6.8718441066127385,3,0,329,0.0,0.0335,0.0,0.0,0.05,0.05,0.9
947,WorkloadAwareThreshold,0,NOOP,0.141356,-0.035855,0.095673,0,31,68.42423381295343,892.5719261169434,159,0.8221147645194575,8365.83984375,6.8718441066127385,3,0,329,0.0,0.0335,0.0,0.0,0.05,0.05,0.9,43,99.839227658591,2486.6364002227783,162,0.8080276677637924,8377.630859375,9.471799580924584,3,1,330,0.0,0.0335,0.0,0.0,0.1,0.05,0.85
948,WorkloadAwareThreshold,0,NOOP,0.138254,-0.044219,0.130645,0,43,99.839227658591,2486.6364002227783,162,0.8080276677637924,8377.630859375,9.471799580924584,3,1,330,0.0,0.0335,0.0,0.0,0.1,0.05,0.85,37,80.60225691568014,586.7111682891846,165,0.7943960478811553,8388.822265625,11.377273101634042,3,2,331,0.0,0.0,0.0,0.0,0.1,0.0,0.9
949,WorkloadAwareThreshold,0,NOOP,0.135234,-0.035839,0.12064,0,37,80.60225691568014,586.7111682891846,165,0.7943960478811553,8388.822265625,11.377273101634042,3,2,331,0.0,0.0,0.0,0.0,0.1,0.0,0.9,27,83.80370406274722,939.7039413452148,168,0.7811682564871651,8399.12109375,12.914694853003725,3,3,332,0.0,0.0,0.05,0.0,0.1,0.0,0.85
950,WorkloadAwareThreshold,0,NOOP,0.132297,-0.035835,0.123616,0,27,83.80370406274722,939.7039413452148,168,0.7811682564871651,8399.12109375,12.914694853003725,3,3,332,0.0,0.0,0.05,0.0,0.1,0.0,0.85,22,53.01503787909255,647.8075981140137,171,0.7683590894554093,8408.921875,14.202582728519657,3,4,333,0.0,0.0,0.05,0.0,0.1,0.0,0.85
951,WorkloadAwareThreshold,2,COMPACT_64KB,0.166422,-0.085823,0.133058,0,22,53.01503787909255,647.8075981140137,171,0.7683590894554093,8408.921875,14.202582728519657,3,4,333,0.0,0.0,0.05,0.0,0.1,0.0,0.85,39,102.98375771617083,787.421464920044,159,0.8235317206232803,8380.2587890625,6.7073911696666375,3,0,334,0.0,0.0,0.05,0.0,0.1,0.0,0.85
952,WorkloadAwareThreshold,0,NOOP,0.141596,-0.035814,0.112551,0,39,102.98375771617083,787.421464920044,159,0.8235317206232803,8380.2587890625,6.7073911696666375,3,0,334,0.0,0.0,0.05,0.0,0.1,0.0,0.85,22,60.15593200449826,1654.761791229248,162,0.8092299096378279,8390.095703125,9.42514288390252,3,1,335,0.0,0.0,0.05,0.0,0.1,0.0,0.85
953,WorkloadAwareThreshold,0,NOOP,0.138499,-0.035803,0.12599,0,22,60.15593200449826,1654.761791229248,162,0.8092299096378279,8390.095703125,9.42514288390252,3,1,335,0.0,0.0,0.05,0.0,0.1,0.0,0.85,42,124.89623434106818,831.674337387085,165,0.7956181381687973,8401.7275390625,11.33434102868265,3,2,336,0.0,0.0,0.05,0.0,0.1,0.0,0.85
954,WorkloadAwareThreshold,0,NOOP,0.135461,0.341078,0.32653,0,42,124.89623434106818,831.674337387085,165,0.7956181381687973,8401.7275390625,11.33434102868265,3,2,336,0.0,0.0,0.05,0.0,0.1,0.0,0.85,21,60.89779889433089,706.5532207489014,168,0.7823053995768229,8411.34765625,12.89696852715905,3,3,337,0.67,0.0335,0.05,0.0,0.1,0.05,0.8
955,WorkloadAwareThreshold,0,NOOP,0.132563,-0.035784,0.123707,0,21,60.89779889433089,706.5532207489014,168,0.7823053995768229,8411.34765625,12.89696852715905,3,3,337,0.67,0.0335,0.05,0.0,0.1,0.05,0.8,47,149.81216737608702,656.5346717834473,171,0.7696891918516996,8423.478515625,14.147510624008063,3,4,338,0.0,0.0335,0.05,0.0,0.1,0.05,0.8
956,WorkloadAwareThreshold,2,COMPACT_64KB,0.165613,-0.08577,0.135691,0,47,149.81216737608702,656.5346717834473,171,0.7696891918516996,8423.478515625,14.147510624008063,3,4,338,0.0,0.0335,0.05,0.0,0.1,0.05,0.8,37,103.79295082000105,616.5287494659424,160,0.8201085090637207,8397.9111328125,7.222090726570738,3,0,339,0.0,0.0335,0.05,0.0,0.1,0.05,0.8
957,WorkloadAwareThreshold,0,NOOP,0.140849,-0.035756,0.129148,0,37,103.79295082000105,616.5287494659424,160,0.8201085090637207,8397.9111328125,7.222090726570738,3,0,339,0.0,0.0335,0.05,0.0,0.1,0.05,0.8,40,126.64248133638291,788.8195514678955,163,0.8061199539278182,8409.443359375,9.706626817158126,3,1,340,0.0,0.0335,0.1,0.0,0.1,0.05,0.75
958,WorkloadAwareThreshold,0,NOOP,0.137781,-0.035747,0.128111,0,40,126.64248133638291,788.8195514678955,163,0.8061199539278182,8409.443359375,9.706626817158126,3,1,340,0.0,0.0335,0.1,0.0,0.1,0.05,0.75,44,133.63875631174614,690.9689903259277,166,0.792654106415898,8421.1572265625,11.538817510036003,3,2,341,0.0,0.0335,0.1,0.0,0.1,0.05,0.75
959,WorkloadAwareThreshold,0,NOOP,0.134798,-0.035738,0.126108,0,44,133.63875631174614,690.9689903259277,166,0.792654106415898,8421.1572265625,11.538817510036003,3,2,341,0.0,0.0335,0.1,0.0,0.1,0.05,0.75,37,81.58760287216671,645.7066535949707,169,0.779612975713064,8432.2939453125,13.02169585004127,3,3,342,0.0,0.0335,0.1,0.0,0.1,0.05,0.75
960,WorkloadAwareThreshold,0,NOOP,0.131895,-0.035728,0.123559,0,37,81.58760287216671,645.7066535949707,169,0.779612975713064,8432.2939453125,13.02169585004127,3,3,342,0.0,0.0335,0.1,0.0,0.1,0.05,0.75,30,90.01218960850183,631.7715644836426,172,0.7669745156931322,8442.85546875,14.271325831888108,3,4,343,0.0,0.0335,0.1,0.05,0.1,0.05,0.7
961,WorkloadAwareThreshold,2,COMPACT_64KB,0.165929,-0.085719,0.135225,0,30,90.01218960850183,631.7715644836426,172,0.7669745156931322,8442.85546875,14.271325831888108,3,4,343,0.0,0.0335,0.1,0.05,0.1,0.05,0.7,32,93.23725190670004,655.623197555542,160,0.821689224243164,8414.09765625,6.714756659606769,3,0,344,0.0,0.0335,0.1,0.05,0.1,0.05,0.7
962,WorkloadAwareThreshold,0,NOOP,0.141164,-0.035702,0.132935,0,32,93.23725190670004,655.623197555542,160,0.821689224243164,8414.09765625,6.714756659606769,3,0,344,0.0,0.0335,0.1,0.05,0.1,0.05,0.7,42,122.80085101399489,615.1828765869141,163,0.8076938558941239,8425.8623046875,9.344270131962631,3,1,345,0.0,0.0335,0.1,0.05,0.1,0.05,0.7
963,WorkloadAwareThreshold,0,NOOP,0.138079,-0.035692,0.127327,0,42,122.80085101399489,615.1828765869141,163,0.8076938558941239,8425.8623046875,9.344270131962631,3,1,345,0.0,0.0335,0.1,0.05,0.1,0.05,0.7,36,112.2787580809951,745.0563907623291,166,0.7941431252353163,8436.9765625,11.263200592897558,3,2,346,0.0,0.0335,0.1,0.1,0.1,0.05,0.65
964,WorkloadAwareThreshold,0,NOOP,0.135108,-0.035681,0.126309,0,36,112.2787580809951,745.0563907623291,166,0.7941431252353163,8436.9765625,11.263200592897558,3,2,346,0.0,0.0335,0.1,0.1,0.1,0.05,0.65,48,140.55684155408943,651.202917098999,169,0.7811669344027367,8449.1015625,12.768047106254528,3,3,347,0.0,0.0335,0.1,0.1,0.1,0.05,0.65
965,WorkloadAwareThreshold,0,NOOP,0.132183,-0.035675,0.122393,0,48,140.55684155408943,651.202917098999,169,0.7811669344027367,8449.1015625,12.768047106254528,3,3,347,0.0,0.0335,0.1,0.1,0.1,0.05,0.65,20,57.369575401533986,704.5083045959473,172,0.7684133662733921,8458.6943359375,14.068329339709978,3,4,348,0.0,0.0335,0.1,0.1,0.1,0.05,0.65
966,WorkloadAwareThreshold,2,COMPACT_64KB,0.166257,-0.085657,0.135412,0,20,57.369575401533986,704.5083045959473,172,0.7684133662733921,8458.6943359375,14.068329339709978,3,4,348,0.0,0.0335,0.1,0.1,0.1,0.05,0.65,50,150.25484871715875,662.7001762390137,160,0.8233322143554688,8430.921875,6.284860837396088,3,0,349,0.0,0.0335,0.1,0.1,0.1,0.05,0.65
967,WorkloadAwareThreshold,0,NOOP,0.142567,-0.035646,0.134947,0,50,150.25484871715875,662.7001762390137,160,0.8233322143554688,8430.921875,6.284860837396088,3,0,349,0.0,0.0335,0.1,0.1,0.1,0.05,0.65,46,140.9115922796526,583.45627784729,162,0.8140825813199267,8440.408203125,8.19952346766865,3,1,350,0.0,0.0335,0.1,0.1,0.05,0.05,0.7
968,WorkloadAwareThreshold,0,NOOP,0.139425,-0.035638,0.122203,0,46,140.9115922796526,583.45627784729,162,0.8140825813199267,8440.408203125,8.19952346766865,3,1,350,0.0,0.0335,0.1,0.1,0.05,0.05,0.7,27,79.47938940941151,1067.3503875732422,165,0.8002509839607007,8450.650390625,10.42040690556845,3,2,351,0.0,0.0335,0.15,0.1,0.05,0.05,0.65
969,WorkloadAwareThreshold,0,NOOP,0.136376,0.341247,0.327268,0,27,79.47938940941151,1067.3503875732422,165,0.8002509839607007,8450.650390625,10.42040690556845,3,2,351,0.0,0.0335,0.15,0.1,0.05,0.05,0.65,21,63.97192452391674,715.385913848877,168,0.7868775867280506,8460.5078125,12.131273428068846,3,3,352,0.67,0.067,0.1,0.1,0.05,0.1,0.65
970,WorkloadAwareThreshold,0,NOOP,0.133443,0.341258,0.324775,0,21,63.97192452391674,715.385913848877,168,0.7868775867280506,8460.5078125,12.131273428068846,3,3,352,0.67,0.067,0.1,0.1,0.05,0.1,0.65,36,112.85443383294891,697.169303894043,171,0.7740917540433114,8471.66015625,13.501918435431586,3,4,353,0.67,0.1005,0.1,0.1,0.05,0.15,0.6
971,WorkloadAwareThreshold,2,COMPACT_64KB,0.166545,-0.085608,0.13237,0,36,112.85443383294891,697.169303894043,171,0.7740917540433114,8471.66015625,13.501918435431586,3,4,353,0.67,0.1005,0.1,0.1,0.05,0.15,0.6,47,124.31713271123986,829.1592597961426,160,0.8247682571411132,8445.626953125,6.0455431565301065,3,0,354,0.0,0.1005,0.15,0.1,0.05,0.15,0.55
972,WorkloadAwareThreshold,0,NOOP,0.141748,-0.035599,0.133934,0,47,124.31713271123986,829.1592597961426,160,0.8247682571411132,8445.626953125,6.0455431565301065,3,0,354,0.0,0.1005,0.15,0.1,0.05,0.15,0.55,31,95.24751027572117,594.4375991821289,163,0.8106134332762174,8456.3193359375,8.939953860015782,3,1,355,0.0,0.1005,0.15,0.1,0.0,0.15,0.6
973,WorkloadAwareThreshold,0,NOOP,0.138667,-0.035583,0.125123,0,31,95.24751027572117,594.4375991821289,163,0.8106134332762174,8456.3193359375,8.939953860015782,3,1,355,0.0,0.1005,0.15,0.1,0.0,0.15,0.6,44,132.17123663422356,884.6962451934814,166,0.7970852219914816,8468.2333984375,10.929738961729742,3,2,356,0.0,0.1005,0.15,0.1,0.0,0.15,0.6
974,WorkloadAwareThreshold,0,NOOP,0.135669,-0.043947,0.126044,0,44,132.17123663422356,884.6962451934814,166,0.7970852219914816,8468.2333984375,10.929738961729742,3,2,356,0.0,0.1005,0.15,0.1,0.0,0.15,0.6,36,106.2372081896855,692.4664974212646,169,0.7839684119591346,8479.40234375,12.512734652420793,3,3,357,0.0,0.067,0.15,0.1,0.0,0.1,0.65
975,WorkloadAwareThreshold,0,NOOP,0.133738,-0.035565,0.098583,0,36,106.2372081896855,692.4664974212646,169,0.7839684119591346,8479.40234375,12.512734652420793,3,3,357,0.0,0.067,0.15,0.1,0.0,0.1,0.65,34,101.59686360336522,1971.4839458465576,171,0.7755644502695541,8487.77734375,13.391287403950113,3,4,358,0.0,0.067,0.15,0.1,0.05,0.1,0.6
976,WorkloadAwareThreshold,2,COMPACT_64KB,0.165745,-0.085552,0.108804,0,34,101.59686360336522,1971.4839458465576,171,0.7755644502695541,8487.77734375,13.391287403950113,3,4,358,0.0,0.067,0.15,0.1,0.05,0.1,0.6,32,97.2292793885941,1968.7745571136475,161,0.8213961583486995,8463.666015625,6.642058975200314,3,0,359,0.0,0.067,0.15,0.1,0.1,0.1,0.55
977,WorkloadAwareThreshold,0,NOOP,0.140992,-0.035542,0.111242,0,32,97.2292793885941,1968.7745571136475,161,0.8213961583486995,8463.666015625,6.642058975200314,3,0,359,0.0,0.067,0.15,0.1,0.1,0.1,0.55,40,118.6968349097351,1692.5077438354492,164,0.8074601336223323,8475.1015625,9.288937001153329,3,1,360,0.0,0.067,0.1,0.1,0.15,0.1,0.55
978,WorkloadAwareThreshold,0,NOOP,0.137903,-0.035536,0.128381,0,40,118.6968349097351,1692.5077438354492,164,0.8074601336223323,8475.1015625,9.288937001153329,3,1,360,0.0,0.067,0.1,0.1,0.15,0.1,0.55,23,71.15775249205949,684.8747730255127,167,0.7938900336533964,8485.0966796875,11.234449257958904,3,2,361,0.0,0.067,0.1,0.15,0.15,0.1,0.5
979,WorkloadAwareThreshold,0,NOOP,0.134943,-0.035522,0.124543,0,23,71.15775249205949,684.8747730255127,167,0.7938900336533964,8485.0966796875,11.234449257958904,3,2,361,0.0,0.067,0.1,0.15,0.15,0.1,0.5,43,80.95985204537395,732.5081825256348,170,0.780964750402114,8496.896484375,12.739938474707104,3,3,362,0.0,0.067,0.1,0.15,0.15,0.1,0.5
980,WorkloadAwareThreshold,0,NOOP,0.132065,-0.035512,0.122203,0,43,80.95985204537395,732.5081825256348,170,0.780964750402114,8496.896484375,12.739938474707104,3,3,362,0.0,0.067,0.1,0.15,0.15,0.1,0.5,39,109.27840170059143,709.3236446380615,173,0.7684476995743768,8508.2529296875,14.002565510429019,3,4,363,0.0,0.067,0.1,0.15,0.15,0.1,0.5
981,WorkloadAwareThreshold,2,COMPACT_64KB,0.166076,-0.085498,0.135218,0,39,109.27840170059143,709.3236446380615,173,0.7684476995743768,8508.2529296875,14.002565510429019,3,4,363,0.0,0.067,0.1,0.15,0.15,0.1,0.5,50,146.55232174603353,664.6003723144531,161,0.8230491306470789,8480.6982421875,6.105655771526922,3,0,364,0.0,0.067,0.1,0.15,0.15,0.1,0.5
982,WorkloadAwareThreshold,0,NOOP,0.141334,-0.035487,0.12842,0,50,146.55232174603353,664.6003723144531,161,0.8230491306470789,8480.6982421875,6.105655771526922,3,0,364,0.0,0.067,0.1,0.15,0.15,0.1,0.5,49,138.68143625621136,850.6534099578857,164,0.8091676293349848,8493.0234375,8.902131376342266,3,1,365,0.0,0.067,0.1,0.15,0.15,0.1,0.5
983,WorkloadAwareThreshold,0,NOOP,0.138245,-0.03548,0.128793,0,49,138.68143625621136,850.6534099578857,164,0.8091676293349848,8493.0234375,8.902131376342266,3,1,365,0.0,0.067,0.1,0.15,0.15,0.1,0.5,28,82.74351032739345,681.3652515411377,167,0.7956021246082055,8503.3955078125,10.921512397437933,3,2,366,0.0,0.067,0.1,0.1,0.15,0.1,0.55
984,WorkloadAwareThreshold,0,NOOP,0.135256,-0.035474,0.117557,0,28,82.74351032739345,681.3652515411377,167,0.7956021246082055,8503.3955078125,10.921512397437933,3,2,366,0.0,0.067,0.1,0.1,0.15,0.1,0.55,31,88.22845696550142,1097.4702835083008,170,0.7825303021599265,8513.9296875,12.504929751756759,3,3,367,0.0,0.067,0.15,0.1,0.15,0.1,0.5
985,WorkloadAwareThreshold,0,NOOP,0.132364,-0.035467,0.126085,0,31,88.22845696550142,1097.4702835083008,170,0.7825303021599265,8513.9296875,12.504929751756759,3,3,367,0.0,0.067,0.15,0.1,0.15,0.1,0.5,34,101.36137777114385,530.2071571350098,173,0.76994702995168,8524.853515625,13.80681268069594,3,4,368,0.0,0.067,0.15,0.15,0.15,0.1,0.45
986,WorkloadAwareThreshold,2,COMPACT_64KB,0.166377,-0.085455,0.136177,0,34,101.36137777114385,530.2071571350098,173,0.76994702995168,8524.853515625,13.80681268069594,3,4,368,0.0,0.067,0.15,0.15,0.15,0.1,0.45,41,123.39100404614862,631.7059993743896,161,0.8245533060583269,8496.197265625,5.873371354616613,3,0,369,0.0,0.067,0.15,0.15,0.15,0.1,0.45
987,WorkloadAwareThreshold,0,NOOP,0.141603,-0.035445,0.134267,0,41,123.39100404614862,631.7059993743896,161,0.8245533060583269,8496.197265625,5.873371354616613,3,0,369,0.0,0.067,0.15,0.15,0.15,0.1,0.45,34,98.81567537790465,571.8019008636475,164,0.8105133800971799,8507.1484375,8.801682140612876,3,1,370,0.0,0.067,0.15,0.15,0.15,0.1,0.45
988,WorkloadAwareThreshold,0,NOOP,0.138504,0.341437,0.325028,0,34,98.81567537790465,571.8019008636475,164,0.8105133800971799,8507.1484375,8.801682140612876,3,1,370,0.0,0.067,0.15,0.15,0.15,0.1,0.45,25,75.7480708577802,932.5783252716064,167,0.796897020168647,8517.2353515625,10.855536080707939,3,2,371,0.67,0.1005,0.1,0.15,0.15,0.15,0.45
989,WorkloadAwareThreshold,0,NOOP,0.135533,-0.043801,0.121875,0,25,75.7480708577802,932.5783252716064,167,0.796897020168647,8517.2353515625,10.855536080707939,3,2,371,0.67,0.1005,0.1,0.15,0.15,0.15,0.45,43,131.3553303928823,895.4112529754639,170,0.783917236328125,8529.01953125,12.426301860828223,3,3,372,0.0,0.067,0.15,0.15,0.15,0.1,0.45
990,WorkloadAwareThreshold,0,NOOP,0.132661,-0.043791,0.116761,0,43,131.3553303928823,895.4112529754639,170,0.783917236328125,8529.01953125,12.426301860828223,3,3,372,0.0,0.067,0.15,0.15,0.15,0.1,0.45,48,107.36461979119727,1011.2793445587158,173,0.7714308369366419,8541.2822265625,13.716740667388562,3,4,373,0.0,0.0335,0.15,0.15,0.15,0.05,0.5
991,WorkloadAwareThreshold,2,COMPACT_64KB,0.166709,-0.085404,0.128931,0,48,107.36461979119727,1011.2793445587158,173,0.7714308369366419,8541.2822265625,13.716740667388562,3,4,373,0.0,0.0335,0.15,0.15,0.15,0.05,0.5,48,108.23672810202693,1010.6027126312256,161,0.8262150924398292,8513.3203125,5.512285685142493,3,0,374,0.0,0.0335,0.15,0.15,0.15,0.05,0.5
992,WorkloadAwareThreshold,0,NOOP,0.141905,-0.035399,0.132286,0,48,108.23672810202693,1010.6027126312256,161,0.8262150924398292,8513.3203125,5.512285685142493,3,0,374,0.0,0.0335,0.15,0.15,0.15,0.05,0.5,20,49.41250620704036,685.9521865844727,164,0.8120246515041445,8523.0107421875,8.623701796531455,3,1,375,0.0,0.0335,0.15,0.15,0.15,0.05,0.5
993,WorkloadAwareThreshold,0,NOOP,0.138811,-0.035392,0.130301,0,20,49.41250620704036,685.9521865844727,164,0.8120246515041445,8523.0107421875,8.623701796531455,3,1,375,0.0,0.0335,0.15,0.15,0.15,0.05,0.5,31,94.97957138328164,634.2673301696777,167,0.7984308482644087,8533.62890625,10.708214403751345,3,2,376,0.0,0.0335,0.15,0.15,0.15,0.05,0.5
994,WorkloadAwareThreshold,0,NOOP,0.135823,-0.035382,0.103954,0,31,94.97957138328164,634.2673301696777,167,0.7984308482644087,8533.62890625,10.708214403751345,3,2,376,0.0,0.0335,0.15,0.15,0.15,0.05,0.5,36,109.2115773934591,1805.9589862823486,170,0.7853655646829044,8544.77734375,12.320546343879593,3,3,377,0.0,0.0335,0.15,0.15,0.2,0.05,0.45
995,WorkloadAwareThreshold,0,NOOP,0.132948,-0.035366,0.123418,0,36,109.2115773934591,1805.9589862823486,170,0.7853655646829044,8544.77734375,12.320546343879593,3,3,377,0.0,0.0335,0.15,0.15,0.2,0.05,0.45,49,112.46991995473203,692.7483081817627,173,0.7728663979238168,8557.1767578125,13.624945916639,3,4,378,0.0,0.0335,0.15,0.15,0.15,0.05,0.5
996,WorkloadAwareThreshold,2,COMPACT_64KB,0.166969,-0.085364,0.131993,0,49,112.46991995473203,692.7483081817627,173,0.7728663979238168,8557.1767578125,13.624945916639,3,4,378,0.0,0.0335,0.15,0.15,0.15,0.05,0.5,23,62.13999842828672,870.5027103424072,161,0.8275162596139849,8526.7275390625,5.356720614153517,3,0,379,0.0,0.0335,0.15,0.15,0.1,0.05,0.55
997,WorkloadAwareThreshold,0,NOOP,0.142193,-0.035354,0.113025,0,23,62.13999842828672,870.5027103424072,161,0.8275162596139849,8526.7275390625,5.356720614153517,3,0,379,0.0,0.0335,0.15,0.15,0.1,0.05,0.55,40,117.95204643497922,1663.4199619293213,164,0.8134672583603277,8538.15234375,8.475835246079827,3,1,380,0.0,0.0335,0.15,0.15,0.1,0.05,0.55
998,WorkloadAwareThreshold,0,NOOP,0.139084,-0.035348,0.130015,0,40,117.95204643497922,1663.4199619293213,164,0.8134672583603277,8538.15234375,8.475835246079827,3,1,380,0.0,0.0335,0.15,0.15,0.1,0.05,0.55,24,73.80218056088114,662.1816158294678,167,0.7997950022805951,8548.208984375,10.61398646103733,3,2,381,0.0,0.0335,0.15,0.1,0.1,0.05,0.6
999,WorkloadAwareThreshold,0,NOOP,0.136081,-0.035341,0.126199,0,24,73.80218056088114,662.1816158294678,167,0.7997950022805951,8548.208984375,10.61398646103733,3,2,381,0.0,0.0335,0.15,0.1,0.1,0.05,0.6,31,95.99402286461006,706.646203994751,170,0.7866571762982537,8558.830078125,12.258044472736659,3,3,382,0.0,0.0335,0.15,0.1,0.1,0.05,0.6
1000,WorkloadAwareThreshold,0,NOOP,0.134142,-0.035337,0.124708,1,31,95.99402286461006,706.646203994751,170,0.7866571762982537,8558.830078125,12.258044472736659,3,3,382,0.0,0.0335,0.15,0.1,0.1,0.05,0.6,27,83.00724844296643,686.7170333862305,172,0.7782114605570949,8566.5517578125,13.171519925326475,3,4,383,0.0,0.0335,0.15,0.05,0.1,0.05,0.65
