step,policy_name,action,action_name,compact_reward,partition_reward,global_reward,done,rows_ingested,ingestion_rate_rows_per_sec,latency_ms,file_count,block_utilization,total_size_kb,file_size_skew_kb,partition_strategy,steps_since_compact,steps_since_partition_change,partition_pruning_ratio,avg_pruning_ratio,query_hist_time_range,query_hist_region_filter,query_hist_sensor_lookup,query_hist_type_filter,query_hist_full_scan,next_rows_ingested,next_ingestion_rate_rows_per_sec,next_latency_ms,next_file_count,next_block_utilization,next_total_size_kb,next_file_size_skew_kb,next_partition_strategy,next_steps_since_compact,next_steps_since_partition_change,next_partition_pruning_ratio,next_avg_pruning_ratio,next_query_hist_time_range,next_query_hist_region_filter,next_query_hist_sensor_lookup,next_query_hist_type_filter,next_query_hist_full_scan
1,adaptive_ddqn_seed5,0,NOOP,0.019098,0.0,0.01836,0,0,0.0,0.0,0,0.0,0.0,0.0,0,0,0,0.0,0.0,0.0,0.0,0.0,0.0,0.0,39,260.3880498178947,38.147926330566406,1,0.0961151123046875,6.1513671875,0.0,0,1,1,0.0,0.0,0.0,0.0,0.0,0.0,1.0
2,adaptive_ddqn_seed5,0,NOOP,0.018999,0.0,0.017919,0,39,260.3880498178947,38.147926330566406,1,0.0961151123046875,6.1513671875,0.0,0,1,1,0.0,0.0,0.0,0.0,0.0,0.0,1.0,39,250.47369210839813,56.47850036621094,2,0.09624481201171875,12.3193359375,0.011739077422042292,0,2,2,0.0,0.0,0.0,0.5,0.0,0.0,0.5
3,adaptive_ddqn_seed5,0,NOOP,0.019101,0.0,0.017862,0,39,250.47369210839813,56.47850036621094,2,0.09624481201171875,12.3193359375,0.011739077422042292,0,2,2,0.0,0.0,0.0,0.5,0.0,0.0,0.5,41,258.20015014564126,65.72461128234863,3,0.097381591796875,18.697265625,0.1262865614119797,0,3,3,0.0,0.0,0.0,0.3333333333333333,0.0,0.3333333333333333,0.3333333333333333
4,adaptive_ddqn_seed5,0,NOOP,0.018711,0.0,0.017121,0,41,258.20015014564126,65.72461128234863,3,0.097381591796875,18.697265625,0.1262865614119797,0,3,3,0.0,0.0,0.0,0.3333333333333333,0.0,0.3333333333333333,0.3333333333333333,36,232.74320012577803,84.47027206420898,4,0.0960540771484375,24.58984375,0.19876025927154076,0,4,4,0.0,0.0,0.25,0.25,0.0,0.25,0.25
5,adaptive_ddqn_seed5,0,NOOP,0.018954,0.0,0.017005,0,36,232.74320012577803,84.47027206420898,4,0.0960540771484375,24.58984375,0.19876025927154076,0,4,4,0.0,0.0,0.25,0.25,0.0,0.25,0.25,45,254.1287098984932,103.74832153320312,5,0.0978973388671875,31.3271484375,0.31497993647545247,0,5,5,0.0,0.0,0.4,0.2,0.0,0.2,0.2
6,adaptive_ddqn_seed5,0,NOOP,0.018822,0.0,0.016181,0,45,254.1287098984932,103.74832153320312,5,0.0978973388671875,31.3271484375,0.31497993647545247,0,5,5,0.0,0.0,0.4,0.2,0.0,0.2,0.2,40,240.97439904398584,139.5876407623291,6,0.09786224365234375,37.5791015625,0.28178033630554633,0,6,6,0.0,0.0,0.5,0.16666666666666666,0.0,0.16666666666666666,0.16666666666666666
7,adaptive_ddqn_seed5,0,NOOP,0.018893,0.0,0.016931,0,40,240.97439904398584,139.5876407623291,6,0.09786224365234375,37.5791015625,0.28178033630554633,0,6,6,0.0,0.0,0.5,0.16666666666666666,0.0,0.16666666666666666,0.16666666666666666,45,276.33373741632846,106.83631896972656,7,0.09883989606584821,44.2802734375,0.30589478173020435,0,7,7,0.0,0.0,0.5714285714285714,0.14285714285714285,0.0,0.14285714285714285,0.14285714285714285
8,adaptive_ddqn_seed5,0,NOOP,0.018981,0.0,0.017021,0,45,276.33373741632846,106.83631896972656,7,0.09883989606584821,44.2802734375,0.30589478173020435,0,7,7,0.0,0.0,0.5714285714285714,0.14285714285714285,0.0,0.14285714285714285,0.14285714285714285,47,292.1209725101544,108.02340507507324,8,0.09990501403808594,51.1513671875,0.34260584173381364,0,8,8,0.0,0.0,0.625,0.125,0.0,0.125,0.125
9,adaptive_ddqn_seed5,0,NOOP,0.018531,0.0,0.016404,0,47,292.1209725101544,108.02340507507324,8,0.09990501403808594,51.1513671875,0.34260584173381364,0,8,8,0.0,0.0,0.625,0.125,0.0,0.125,0.125,31,194.2799697575524,117.62189865112305,9,0.0982818603515625,56.6103515625,0.44702275107770423,0,9,9,0.0,0.0,0.6666666666666666,0.1111111111111111,0.0,0.1111111111111111,0.1111111111111111
10,adaptive_ddqn_seed5,0,NOOP,0.018348,0.0,0.015669,0,31,194.2799697575524,117.62189865112305,9,0.0982818603515625,56.6103515625,0.44702275107770423,0,9,9,0.0,0.0,0.6666666666666666,0.1111111111111111,0.0,0.1111111111111111,0.1111111111111111,38,220.52620713892372,146.44408226013184,10,0.09799041748046874,62.7138671875,0.4255645418228157,0,10,10,0.0,0.0,0.6,0.1,0.1,0.1,0.1
11,adaptive_ddqn_seed5,0,NOOP,0.017969,0.0,0.015791,0,38,220.52620713892372,146.44408226013184,10,0.09799041748046874,62.7138671875,0.4255645418228157,0,10,10,0.0,0.0,0.6,0.1,0.1,0.1,0.1,30,189.52023918004022,122.66969680786133,11,0.09672130237926137,68.091796875,0.4853496154444667,0,11,11,0.0,0.0,0.6363636363636364,0.09090909090909091,0.09090909090909091,0.09090909090909091,0.09090909090909091
12,adaptive_ddqn_seed5,0,NOOP,0.017653,0.0,0.015476,0,30,189.52023918004022,122.66969680786133,11,0.09672130237926137,68.091796875,0.4853496154444667,0,11,11,0.0,0.0,0.6363636363636364,0.09090909090909091,0.09090909090909091,0.09090909090909091,0.09090909090909091,30,190.57279771244404,123.83723258972168,12,0.0957628885904948,73.5458984375,0.509213344937552,0,12,12,0.0,0.0,0.6666666666666666,0.08333333333333333,0.08333333333333333,0.08333333333333333,0.08333333333333333
13,adaptive_ddqn_seed5,0,NOOP,0.017419,0.0,0.014666,0,30,190.57279771244404,123.83723258972168,12,0.0957628885904948,73.5458984375,0.509213344937552,0,12,12,0.0,0.0,0.6666666666666666,0.08333333333333333,0.08333333333333333,0.08333333333333333,0.08333333333333333,33,187.7348611235443,153.93710136413574,13,0.09522188626802884,79.224609375,0.503264201458409,0,13,13,0.0,0.0,0.6153846153846154,0.07692307692307693,0.15384615384615385,0.07692307692307693,0.07692307692307693
14,adaptive_ddqn_seed5,0,NOOP,0.017434,0.0,0.015141,0,33,187.7348611235443,153.93710136413574,13,0.09522188626802884,79.224609375,0.503264201458409,0,13,13,0.0,0.0,0.6153846153846154,0.07692307692307693,0.15384615384615385,0.07692307692307693,0.07692307692307693,45,275.1473891829562,132.14111328125,14,0.09592001778738839,85.9443359375,0.5116062262989081,0,14,14,0.0,0.0,0.6428571428571429,0.07142857142857142,0.14285714285714285,0.07142857142857142,0.07142857142857142
15,adaptive_ddqn_seed5,0,NOOP,0.01747,0.0,0.015721,0,45,275.1473891829562,132.14111328125,14,0.09592001778738839,85.9443359375,0.5116062262989081,0,14,14,0.0,0.0,0.6428571428571429,0.07142857142857142,0.14285714285714285,0.07142857142857142,0.07142857142857142,47,306.710409175845,106.21404647827148,15,0.0967254638671875,92.8564453125,0.531887153203595,0,15,15,0.0,0.0,0.6,0.13333333333333333,0.13333333333333333,0.06666666666666667,0.06666666666666667
16,adaptive_ddqn_seed5,0,NOOP,0.01745,0.0,0.014959,0,47,306.710409175845,106.21404647827148,15,0.0967254638671875,92.8564453125,0.531887153203595,0,15,15,0.0,0.0,0.6,0.13333333333333333,0.13333333333333333,0.06666666666666667,0.06666666666666667,45,292.2140425354036,144.53434944152832,16,0.09724807739257812,99.58203125,0.5309832333242283,0,16,16,0.0,0.0,0.625,0.125,0.125,0.0625,0.0625
17,adaptive_ddqn_seed5,0,NOOP,0.0175,0.0,0.014239,0,45,292.2140425354036,144.53434944152832,16,0.09724807739257812,99.58203125,0.5309832333242283,0,16,16,0.0,0.0,0.625,0.125,0.125,0.0625,0.0625,50,300.15529083755433,184.2801570892334,17,0.09812388700597427,106.7587890625,0.5636776085085705,0,17,17,0.0,0.0,0.6470588235294118,0.11764705882352941,0.11764705882352941,0.058823529411764705,0.058823529411764705
18,adaptive_ddqn_seed5,2,COMPACT_64KB,0.127794,-0.05,0.104623,0,50,300.15529083755433,184.2801570892334,17,0.09812388700597427,106.7587890625,0.5636776085085705,0,17,17,0.0,0.0,0.6470588235294118,0.11764705882352941,0.11764705882352941,0.058823529411764705,0.058823529411764705,44,278.7203378183471,81.48980140686035,2,0.5322647094726562,68.1298828125,2.6081467895913963,0,0,18,0.0,0.0,0.6111111111111112,0.1111111111111111,0.16666666666666666,0.05555555555555555,0.05555555555555555
19,adaptive_ddqn_seed5,0,NOOP,0.077626,0.0,0.076685,0,44,278.7203378183471,81.48980140686035,2,0.5322647094726562,68.1298828125,2.6081467895913963,0,0,18,0.0,0.0,0.6111111111111112,0.1111111111111111,0.16666666666666666,0.05555555555555555,0.05555555555555555,45,202.11456933431137,50.7814884185791,3,0.3900044759114583,74.880859375,15.877198745367467,0,1,19,0.0,0.0,0.5789473684210527,0.10526315789473684,0.15789473684210525,0.05263157894736842,0.10526315789473684
20,adaptive_ddqn_seed5,0,NOOP,0.063543,0.0,0.061885,0,45,202.11456933431137,50.7814884185791,3,0.3900044759114583,74.880859375,15.877198745367467,0,1,19,0.0,0.0,0.5789473684210527,0.10526315789473684,0.15789473684210525,0.05263157894736842,0.10526315789473684,49,301.7387428390215,87.94474601745605,4,0.3202171325683594,81.9755859375,15.743300721190403,0,2,20,0.0,0.0,0.6,0.1,0.15,0.05,0.1
21,adaptive_ddqn_seed5,6,PARTITION_EVENT_TYPE,-0.127129,-0.1,0.053616,0,49,301.7387428390215,87.94474601745605,4,0.3202171325683594,81.9755859375,15.743300721190403,0,2,20,0.0,0.0,0.6,0.1,0.15,0.05,0.1,43,267.9799648448702,59.94105339050293,5,0.2765716552734375,88.5029296875,14.996718216156202,3,3,0,0.0,0.0,0.6,0.1,0.15,0.05,0.1
22,adaptive_ddqn_seed5,0,NOOP,0.037946,-0.082001,0.035937,0,43,267.9799648448702,59.94105339050293,5,0.2765716552734375,88.5029296875,14.996718216156202,3,3,0,0.0,0.0,0.6,0.1,0.15,0.05,0.1,36,195.72063120072795,110.4426383972168,8,0.19472885131835938,99.701171875,13.461684776585937,3,4,1,0.0,0.0,0.65,0.05,0.15,0.05,0.1
23,adaptive_ddqn_seed5,0,NOOP,0.03027,-0.077021,0.028043,0,36,195.72063120072795,110.4426383972168,8,0.19472885131835938,99.701171875,13.461684776585937,3,4,1,0.0,0.0,0.65,0.05,0.15,0.05,0.1,43,234.7865851912217,125.05698204040527,11,0.15822254527698865,111.388671875,11.968170774231034,3,5,2,0.0,0.0,0.7,0.05,0.15,0.0,0.1
24,adaptive_ddqn_seed5,0,NOOP,0.025512,-0.073594,0.023063,0,43,234.7865851912217,125.05698204040527,11,0.15822254527698865,111.388671875,11.968170774231034,3,5,2,0.0,0.0,0.7,0.05,0.15,0.0,0.1,32,159.94219008441735,139.96100425720215,14,0.13631221226283483,122.1357421875,10.86336716522078,3,6,3,0.0,0.0,0.7,0.05,0.15,0.0,0.1
25,adaptive_ddqn_seed5,0,NOOP,0.022597,-0.068884,0.020678,0,32,159.94219008441735,139.96100425720215,14,0.13631221226283483,122.1357421875,10.86336716522078,3,6,3,0.0,0.0,0.7,0.05,0.15,0.0,0.1,49,261.73870562674637,117.21563339233398,17,0.12360965504365809,134.4873046875,9.974617871649171,3,7,4,0.0,0.0,0.65,0.1,0.15,0.0,0.1
26,adaptive_ddqn_seed5,2,COMPACT_64KB,0.07691,-0.089878,0.053395,0,49,261.73870562674637,117.21563339233398,17,0.12360965504365809,134.4873046875,9.974617871649171,3,7,4,0.0,0.0,0.65,0.1,0.15,0.0,0.1,31,165.640632225567,103.71804237365723,6,0.28034718831380206,107.6533203125,18.959316258643124,3,0,5,0.0,0.0,0.65,0.1,0.15,0.0,0.1
27,adaptive_ddqn_seed5,0,NOOP,0.044176,-0.040267,0.040818,0,31,165.640632225567,103.71804237365723,6,0.28034718831380206,107.6533203125,18.959316258643124,3,0,5,0.0,0.0,0.65,0.1,0.15,0.0,0.1,30,183.50596110515608,177.8881549835205,8,0.22587966918945312,115.650390625,17.281690751064616,3,1,6,0.0,0.0,0.6,0.1,0.2,0.0,0.1
28,adaptive_ddqn_seed5,0,NOOP,0.034497,-0.040707,0.032184,0,30,183.50596110515608,177.8881549835205,8,0.22587966918945312,115.650390625,17.281690751064616,3,1,6,0.0,0.0,0.6,0.1,0.2,0.0,0.1,30,170.603726923661,129.38809394836426,11,0.17935874245383523,126.2685546875,15.343283362127142,3,2,7,0.0,0.0,0.6,0.1,0.2,0.0,0.1
29,adaptive_ddqn_seed5,0,NOOP,0.029209,-0.040776,0.026795,0,30,170.603726923661,129.38809394836426,11,0.17935874245383523,126.2685546875,15.343283362127142,3,2,7,0.0,0.0,0.6,0.1,0.2,0.0,0.1,49,273.2768964219658,138.17954063415527,14,0.15479387555803573,138.6953125,13.828901828737619,3,3,8,0.0,0.0,0.6,0.1,0.2,0.0,0.1
30,adaptive_ddqn_seed5,0,NOOP,0.02541,-0.040712,0.023457,0,49,273.2768964219658,138.17954063415527,14,0.15479387555803573,138.6953125,13.828901828737619,3,3,8,0.0,0.0,0.6,0.1,0.2,0.0,0.1,36,190.90544553892136,118.8962459564209,17,0.13767466825597427,149.7900390625,12.707362642097339,3,4,9,0.0,0.0,0.6,0.15,0.15,0.0,0.1
31,adaptive_ddqn_seed5,2,COMPACT_64KB,0.113734,-0.089679,0.090393,0,36,190.90544553892136,118.8962459564209,17,0.13767466825597427,149.7900390625,12.707362642097339,3,4,9,0.0,0.0,0.6,0.15,0.15,0.0,0.1,47,268.51955403905225,92.52023696899414,4,0.4632148742675781,118.5830078125,17.977741526070204,3,0,10,0.0,0.0,0.6,0.15,0.15,0.0,0.1
32,adaptive_ddqn_seed5,0,NOOP,0.057179,-0.039997,0.055015,0,47,268.51955403905225,92.52023696899414,4,0.4632148742675781,118.5830078125,17.977741526070204,3,0,10,0.0,0.0,0.6,0.15,0.15,0.0,0.1,40,217.1816330678307,116.96720123291016,7,0.29027230398995535,130.0419921875,18.78665784617342,3,1,11,0.0,0.0,0.6,0.15,0.15,0.0,0.1
33,adaptive_ddqn_seed5,0,NOOP,0.042669,-0.040289,0.04047,0,40,217.1816330678307,116.96720123291016,7,0.29027230398995535,130.0419921875,18.78665784617342,3,1,11,0.0,0.0,0.6,0.15,0.15,0.0,0.1,30,170.48214416362498,122.45941162109375,10,0.21959686279296875,140.5419921875,16.9903349001686,3,2,12,0.0,0.0,0.65,0.15,0.1,0.0,0.1
34,adaptive_ddqn_seed5,0,NOOP,0.034687,-0.040496,0.033229,0,30,170.48214416362498,122.45941162109375,10,0.21959686279296875,140.5419921875,16.9903349001686,3,2,12,0.0,0.0,0.65,0.15,0.1,0.0,0.1,30,169.76337116822248,89.14804458618164,13,0.18155846228966346,151.056640625,15.431515600857445,3,3,13,0.0,0.0,0.6,0.2,0.1,0.0,0.1
35,adaptive_ddqn_seed5,0,NOOP,0.029636,-0.04063,0.028288,0,30,169.76337116822248,89.14804458618164,13,0.18155846228966346,151.056640625,15.431515600857445,3,3,13,0.0,0.0,0.6,0.2,0.1,0.0,0.1,33,174.27066010606418,87.39733695983887,16,0.15818023681640625,161.9765625,14.178362487593192,3,4,14,0.0,0.0,0.6,0.15,0.1,0.0,0.15
36,adaptive_ddqn_seed5,0,NOOP,0.026152,-0.040197,0.023532,0,33,174.27066010606418,87.39733695983887,16,0.15818023681640625,161.9765625,14.178362487593192,3,4,14,0.0,0.0,0.6,0.15,0.1,0.0,0.15,39,214.48136080360104,154.75106239318848,19,0.14263434159128288,173.443359375,13.158713514295403,3,5,15,0.0,0.0,0.55,0.15,0.1,0.0,0.2
37,adaptive_ddqn_seed5,2,COMPACT_64KB,0.127918,-0.090166,0.104612,0,39,214.48136080360104,154.75106239318848,19,0.14263434159128288,173.443359375,13.158713514295403,3,5,15,0.0,0.0,0.55,0.15,0.1,0.0,0.2,39,217.66876070360706,90.74711799621582,4,0.5341339111328125,136.73828125,17.17064001648287,3,0,16,0.0,0.0,0.55,0.15,0.1,0.0,0.2
38,adaptive_ddqn_seed5,0,NOOP,0.065498,-0.040415,0.06441,0,39,217.66876070360706,90.74711799621582,4,0.5341339111328125,136.73828125,17.17064001648287,3,0,16,0.0,0.0,0.55,0.15,0.1,0.0,0.2,46,260.972813582523,63.114166259765625,7,0.3318634033203125,148.6748046875,20.22473347648982,3,1,17,0.0,0.0,0.55,0.15,0.05,0.0,0.25
39,adaptive_ddqn_seed5,0,NOOP,0.048717,-0.040444,0.04635,0,46,260.972813582523,63.114166259765625,7,0.3318634033203125,148.6748046875,20.22473347648982,3,1,17,0.0,0.0,0.55,0.15,0.05,0.0,0.25,37,207.5932602426013,130.8422088623047,10,0.24983367919921876,159.8935546875,18.559822465681922,3,2,18,0.0,0.0,0.55,0.15,0.1,0.0,0.2
40,adaptive_ddqn_seed5,0,NOOP,0.039408,-0.040545,0.036738,0,37,207.5932602426013,130.8422088623047,10,0.24983367919921876,159.8935546875,18.559822465681922,3,2,18,0.0,0.0,0.55,0.15,0.1,0.0,0.2,32,179.0840009179845,149.74713325500488,13,0.20516380896935096,170.6962890625,16.97241797259546,3,3,19,0.0,0.0,0.55,0.15,0.1,0.0,0.2
41,adaptive_ddqn_seed5,0,NOOP,0.033658,-0.040578,0.030996,0,32,179.0840009179845,149.74713325500488,13,0.20516380896935096,170.6962890625,16.97241797259546,3,3,19,0.0,0.0,0.55,0.15,0.1,0.0,0.2,44,205.56260184878872,153.10049057006836,16,0.17828941345214844,182.568359375,15.6326048098012,3,4,20,0.0,0.0,0.6,0.15,0.1,0.0,0.15
42,adaptive_ddqn_seed5,0,NOOP,0.029434,-0.040551,0.026848,0,44,205.56260184878872,153.10049057006836,16,0.17828941345214844,182.568359375,15.6326048098012,3,4,20,0.0,0.0,0.6,0.15,0.1,0.0,0.15,33,178.25185673608527,153.0454158782959,19,0.15904557077508225,193.3994140625,14.570465669179283,3,5,21,0.0,0.0,0.6,0.15,0.1,0.0,0.15
43,adaptive_ddqn_seed5,7,REMOVE_PARTITION,-0.037143,-0.075542,0.023745,0,33,178.25185673608527,153.0454158782959,19,0.15904557077508225,193.3994140625,14.570465669179283,3,5,21,0.0,0.0,0.6,0.15,0.1,0.0,0.15,50,274.38141092736026,164.92462158203125,22,0.14621665261008523,205.873046875,13.662431178211577,0,6,0,0.0,0.0,0.6,0.15,0.1,0.0,0.15
44,adaptive_ddqn_seed5,2,COMPACT_64KB,0.147307,-0.064888,0.123999,0,50,274.38141092736026,164.92462158203125,22,0.14621665261008523,205.873046875,13.662431178211577,0,6,0,0.0,0.0,0.6,0.15,0.1,0.0,0.15,45,248.8843410574675,90.83414077758789,4,0.6310806274414062,161.556640625,13.041439533794845,0,0,1,0.0,0.0,0.6,0.15,0.1,0.0,0.15
45,adaptive_ddqn_seed5,0,NOOP,0.104001,-0.015579,0.102958,0,45,248.8843410574675,90.83414077758789,4,0.6310806274414062,161.556640625,13.041439533794845,0,0,1,0.0,0.0,0.6,0.15,0.1,0.0,0.15,35,193.91449306375637,58.40897560119629,5,0.52313232421875,167.40234375,19.136599582192844,0,1,2,0.0,0.0,0.6,0.1,0.1,0.0,0.2
46,adaptive_ddqn_seed5,0,NOOP,0.089395,-0.016207,0.086165,0,35,193.91449306375637,58.40897560119629,5,0.52313232421875,167.40234375,19.136599582192844,0,1,2,0.0,0.0,0.6,0.1,0.1,0.0,0.2,33,183.49708140384277,168.99609565734863,6,0.4507242838541667,173.078125,20.538200083846753,0,2,3,0.0,0.0,0.6,0.1,0.1,0.0,0.2
47,adaptive_ddqn_seed5,0,NOOP,0.078933,-0.016811,0.077859,0,33,183.49708140384277,168.99609565734863,6,0.4507242838541667,173.078125,20.538200083846753,0,2,3,0.0,0.0,0.6,0.1,0.1,0.0,0.2,33,172.34354645711645,62.46137619018555,7,0.3990413120814732,178.7705078125,20.690610091790845,0,3,4,0.0,0.0,0.6,0.1,0.05,0.0,0.25
48,adaptive_ddqn_seed5,0,NOOP,0.071136,-0.017447,0.068982,0,33,172.34354645711645,62.46137619018555,7,0.3990413120814732,178.7705078125,20.690610091790845,0,3,4,0.0,0.0,0.6,0.1,0.05,0.0,0.25,36,210.49666888322898,117.67864227294922,8,0.36067771911621094,184.6669921875,20.375740846459717,0,4,5,0.0,0.0,0.6,0.1,0.05,0.0,0.25
49,adaptive_ddqn_seed5,0,NOOP,0.064997,-0.018025,0.06208,0,36,210.49666888322898,117.67864227294922,8,0.36067771911621094,184.6669921875,20.375740846459717,0,4,5,0.0,0.0,0.6,0.1,0.05,0.0,0.25,34,182.18421761998266,157.1335792541504,9,0.3306121826171875,190.4326171875,19.9147477449229,0,5,6,0.0,0.0,0.55,0.1,0.1,0.0,0.25
50,adaptive_ddqn_seed5,0,NOOP,0.060049,-0.018583,0.057845,0,34,182.18421761998266,157.1335792541504,9,0.3306121826171875,190.4326171875,19.9147477449229,0,5,6,0.0,0.0,0.55,0.1,0.1,0.0,0.25,34,188.40294772777116,122.70498275756836,10,0.30649566650390625,196.1572265625,19.399830430558033,0,6,7,0.0,0.0,0.6,0.05,0.1,0.0,0.25
51,adaptive_ddqn_seed5,0,NOOP,0.056986,-0.019733,0.054528,0,34,188.40294772777116,122.70498275756836,10,0.30649566650390625,196.1572265625,19.399830430558033,0,6,7,0.0,0.0,0.6,0.05,0.1,0.0,0.25,74,388.62114576055575,136.64555549621582,11,0.2918063077059659,205.431640625,18.666551341179478,0,7,8,0.0,0.0,0.6,0.05,0.1,0.0,0.25
52,adaptive_ddqn_seed5,0,NOOP,0.054106,-0.020605,0.051791,0,74,388.62114576055575,136.64555549621582,11,0.2918063077059659,205.431640625,18.666551341179478,0,7,8,0.0,0.0,0.6,0.05,0.1,0.0,0.25,60,331.63937688365394,130.73229789733887,12,0.2780291239420573,213.5263671875,18.05805478931333,0,8,9,0.0,0.0,0.6,0.05,0.1,0.0,0.25
53,adaptive_ddqn_seed5,0,NOOP,0.05246,-0.021914,0.050086,0,60,331.63937688365394,130.73229789733887,12,0.2780291239420573,213.5263671875,18.05805478931333,0,8,9,0.0,0.0,0.6,0.05,0.1,0.0,0.25,97,520.5988593715412,134.9337100982666,13,0.27042564978966344,224.994140625,17.378069931344825,0,9,10,0.0,0.0,0.6,0.05,0.1,0.0,0.25
54,adaptive_ddqn_seed5,0,NOOP,0.050515,-0.0228,0.048129,0,97,520.5988593715412,134.9337100982666,13,0.27042564978966344,224.994140625,17.378069931344825,0,9,10,0.0,0.0,0.6,0.05,0.1,0.0,0.25,71,388.36097501176965,136.8412971496582,14,0.2613274710518973,234.1494140625,16.83785936311671,0,10,11,0.0,0.0,0.65,0.0,0.1,0.0,0.25
55,adaptive_ddqn_seed5,0,NOOP,0.049005,-0.023768,0.04655,0,71,388.36097501176965,136.8412971496582,14,0.2613274710518973,234.1494140625,16.83785936311671,0,10,11,0.0,0.0,0.65,0.0,0.1,0.0,0.25,83,460.08956837432316,141.51811599731445,15,0.254400634765625,244.224609375,16.315958429211648,0,11,12,0.0,0.0,0.7,0.0,0.1,0.0,0.2
56,adaptive_ddqn_seed5,0,NOOP,0.047262,-0.024415,0.044826,0,83,460.08956837432316,141.51811599731445,15,0.254400634765625,244.224609375,16.315958429211648,0,11,12,0.0,0.0,0.7,0.0,0.1,0.0,0.2,59,333.4185787696611,141.7977809906006,16,0.2463083267211914,252.2197265625,15.898263655203351,0,12,13,0.0,0.0,0.75,0.0,0.1,0.0,0.15
57,adaptive_ddqn_seed5,0,NOOP,0.046024,-0.025233,0.0432,0,59,333.4185787696611,141.7977809906006,16,0.2463083267211914,252.2197265625,15.898263655203351,0,12,13,0.0,0.0,0.75,0.0,0.1,0.0,0.15,79,281.9786552337738,162.42671012878418,17,0.24074330049402573,261.9287109375,15.463314083618128,0,13,14,0.0,0.0,0.75,0.0,0.1,0.0,0.15
58,adaptive_ddqn_seed5,2,COMPACT_64KB,0.503156,-0.075743,0.141957,0,79,281.9786552337738,162.42671012878418,17,0.24074330049402573,261.9287109375,15.463314083618128,0,13,14,0.0,0.0,0.75,0.0,0.1,0.0,0.15,52,291.8159277069101,111.63163185119629,5,0.72344970703125,231.50390625,13.804874317435727,0,0,15,0.0,0.0,0.8,0.0,0.1,0.0,0.1
59,adaptive_ddqn_seed5,0,NOOP,0.125448,-0.026588,0.123315,0,52,291.8159277069101,111.63163185119629,5,0.72344970703125,231.50390625,13.804874317435727,0,0,15,0.0,0.0,0.8,0.0,0.1,0.0,0.1,91,493.7660675730044,114.16053771972656,6,0.6309890747070312,242.2998046875,19.040984599657225,0,1,16,0.0,0.0,0.85,0.0,0.05,0.0,0.1
60,adaptive_ddqn_seed5,0,NOOP,0.110852,-0.027104,0.108669,0,91,493.7660675730044,114.16053771972656,6,0.6309890747070312,242.2998046875,19.040984599657225,0,1,16,0.0,0.0,0.85,0.0,0.05,0.0,0.1,59,326.2754429752219,117.93971061706543,7,0.5586373465401786,250.26953125,21.265558489279098,0,2,17,0.0,0.0,0.85,0.0,0.05,0.0,0.1
61,adaptive_ddqn_seed5,0,NOOP,0.100165,-0.027656,0.098038,0,59,326.2754429752219,117.93971061706543,7,0.5586373465401786,250.26953125,21.265558489279098,0,2,17,0.0,0.0,0.85,0.0,0.05,0.0,0.1,66,359.63647654446413,116.37043952941895,8,0.5058269500732422,258.9833984375,21.886262175549287,0,3,18,0.0,0.0,0.85,0.0,0.05,0.0,0.1
62,adaptive_ddqn_seed5,0,NOOP,0.091892,-0.028197,0.090716,0,66,359.63647654446413,116.37043952941895,8,0.5058269500732422,258.9833984375,21.886262175549287,0,3,18,0.0,0.0,0.85,0.0,0.05,0.0,0.1,68,378.87012452211616,70.07431983947754,9,0.4650861952039931,267.8896484375,21.916195289029428,0,4,19,0.0,0.0,0.8,0.0,0.05,0.0,0.15
63,adaptive_ddqn_seed5,0,NOOP,0.085839,-0.028867,0.083781,0,68,378.87012452211616,70.07431983947754,9,0.4650861952039931,267.8896484375,21.916195289029428,0,4,19,0.0,0.0,0.8,0.0,0.05,0.0,0.15,89,472.7915688790211,115.39053916931152,10,0.435443115234375,278.68359375,21.51610608442998,0,5,20,0.0,0.0,0.75,0.05,0.05,0.0,0.15
64,adaptive_ddqn_seed5,4,PARTITION_HOUR,-0.101796,-0.129275,0.077555,0,89,472.7915688790211,115.39053916931152,10,0.435443115234375,278.68359375,21.51610608442998,0,5,20,0.0,0.0,0.75,0.05,0.05,0.0,0.15,57,309.1320754716981,137.09402084350586,11,0.40698380903764203,286.5166015625,21.287105017941933,1,6,0,0.0,0.0,0.75,0.05,0.05,0.0,0.15
65,adaptive_ddqn_seed5,0,NOOP,0.075435,-0.036269,0.079288,0,57,309.1320754716981,137.09402084350586,11,0.40698380903764203,286.5166015625,21.287105017941933,1,6,0,0.0,0.0,0.75,0.05,0.05,0.0,0.15,69,326.3773729171953,137.45570182800293,12,0.38467661539713544,295.431640625,20.890303698014,1,7,1,0.02100595632031767,0.0010502978160158835,0.8,0.05,0.05,0.0,0.1
66,adaptive_ddqn_seed5,0,NOOP,0.071308,-0.02872,0.077574,0,69,326.3773729171953,137.45570182800293,12,0.38467661539713544,295.431640625,20.890303698014,1,7,1,0.02100595632031767,0.0010502978160158835,0.8,0.05,0.05,0.0,0.1,59,282.3270976537766,170.30692100524902,13,0.36466393103966344,303.400390625,20.527151485602648,1,8,2,0.0311587147030185,0.002608233551166809,0.75,0.05,0.1,0.0,0.1
67,adaptive_ddqn_seed5,0,NOOP,0.068384,-0.00786,0.084865,0,59,282.3270976537766,170.30692100524902,13,0.36466393103966344,303.400390625,20.527151485602648,1,8,2,0.0311587147030185,0.002608233551166809,0.75,0.05,0.1,0.0,0.1,91,366.4392566791731,146.1806297302246,14,0.3506676810128348,314.1982421875,20.00461797808311,1,9,3,0.06351828499369484,0.005784147800851551,0.8,0.05,0.1,0.0,0.05
68,adaptive_ddqn_seed5,0,NOOP,0.065724,0.007183,0.089039,0,91,366.4392566791731,146.1806297302246,14,0.3506676810128348,314.1982421875,20.00461797808311,1,9,3,0.06351828499369484,0.005784147800851551,0.8,0.05,0.1,0.0,0.05,86,412.71514073911345,144.87648010253906,15,0.337994384765625,324.474609375,19.531209494238134,1,10,4,0.08612645794966237,0.010090470698334669,0.8,0.05,0.1,0.0,0.05
69,adaptive_ddqn_seed5,0,NOOP,0.06328,0.020274,0.092587,0,86,412.71514073911345,144.87648010253906,15,0.337994384765625,324.474609375,19.531209494238134,1,10,4,0.08612645794966237,0.010090470698334669,0.8,0.05,0.1,0.0,0.05,79,429.7425902316732,142.68803596496582,16,0.3264017105102539,334.2353515625,19.100898514059136,1,11,5,0.1058675456997303,0.015383847983321184,0.85,0.05,0.05,0.0,0.05
70,adaptive_ddqn_seed5,0,NOOP,0.060731,0.029001,0.093579,0,79,429.7425902316732,142.68803596496582,16,0.3264017105102539,334.2353515625,19.100898514059136,1,11,5,0.1058675456997303,0.015383847983321184,0.85,0.05,0.05,0.0,0.05,55,283.9518226522159,164.84904289245605,17,0.31427809771369486,341.9345703125,18.769022444633872,1,12,6,0.1190683962264151,0.02133726779464194,0.85,0.05,0.05,0.0,0.05
71,adaptive_ddqn_seed5,3,COMPACT_128KB,0.167125,0.366875,0.423126,0,55,283.9518226522159,164.84904289245605,17,0.31427809771369486,341.9345703125,18.769022444633872,1,12,6,0.1190683962264151,0.02133726779464194,0.85,0.05,0.05,0.0,0.05,93,495.7573006175515,78.7057876586914,3,1.6056111653645833,308.27734375,65.07043318031769,1,0,7,0.75,0.058837267794641934,0.8,0.05,0.1,0.0,0.05
72,adaptive_ddqn_seed5,0,NOOP,0.1995,0.5175,0.473822,0,93,495.7573006175515,78.7057876586914,3,1.6056111653645833,308.27734375,65.07043318031769,1,0,7,0.75,0.058837267794641934,0.8,0.05,0.1,0.0,0.05,76,466.2232661812842,88.90247344970703,4,1.2413825988769531,317.7939453125,70.68462167586051,1,1,8,0.92,0.10483726779464193,0.8,0.05,0.1,0.0,0.05
73,adaptive_ddqn_seed5,0,NOOP,0.199375,0.0,0.197982,0,76,466.2232661812842,88.90247344970703,4,1.2413825988769531,317.7939453125,70.68462167586051,1,1,8,0.92,0.10483726779464193,0.8,0.05,0.1,0.0,0.05,54,326.7605133125104,75.91652870178223,5,1.0166351318359375,325.3232421875,69.14991517285863,1,2,9,0.0,0.10483726779464193,0.75,0.1,0.1,0.0,0.05
74,adaptive_ddqn_seed5,0,NOOP,0.173558,0.0,0.171086,0,54,326.7605133125104,75.91652870178223,5,1.0166351318359375,325.3232421875,69.14991517285863,1,2,9,0.0,0.10483726779464193,0.75,0.1,0.1,0.0,0.05,74,442.10626954112627,131.0896873474121,6,0.8715387980143229,334.6708984375,65.89966477760836,1,3,10,0.0,0.10483726779464193,0.7,0.1,0.1,0.05,0.05
75,adaptive_ddqn_seed5,0,NOOP,0.153584,0.5175,0.427354,0,74,442.10626954112627,131.0896873474121,6,0.8715387980143229,334.6708984375,65.89966477760836,1,3,10,0.0,0.10483726779464193,0.7,0.1,0.1,0.05,0.05,97,467.0802944512562,120.27382850646973,7,0.7722974504743304,345.9892578125,62.460848540819256,1,4,11,0.92,0.15083726779464193,0.7,0.1,0.1,0.05,0.05
76,adaptive_ddqn_seed5,0,NOOP,0.137233,0.421875,0.359787,0,97,467.0802944512562,120.27382850646973,7,0.7722974504743304,345.9892578125,62.460848540819256,1,4,11,0.92,0.15083726779464193,0.7,0.1,0.1,0.05,0.05,58,351.0825053073041,132.29727745056152,8,0.6911640167236328,353.8759765625,59.66339374904499,1,5,12,0.75,0.18833726779464194,0.65,0.1,0.15,0.05,0.05
77,adaptive_ddqn_seed5,0,NOOP,0.125498,0.5175,0.399152,0,58,351.0825053073041,132.29727745056152,8,0.6911640167236328,353.8759765625,59.66339374904499,1,5,12,0.75,0.18833726779464194,0.65,0.1,0.15,0.05,0.05,92,549.2904160717667,128.52740287780762,9,0.6331142849392362,364.673828125,56.91202628505494,1,6,13,0.92,0.23433726779464195,0.65,0.1,0.15,0.05,0.05
78,adaptive_ddqn_seed5,0,NOOP,0.115945,0.5175,0.389279,0,92,549.2904160717667,128.52740287780762,9,0.6331142849392362,364.673828125,56.91202628505494,1,6,13,0.92,0.23433726779464195,0.65,0.1,0.15,0.05,0.05,86,477.4715027552786,145.77102661132812,10,0.5859725952148438,375.0224609375,54.498800091556355,1,7,14,0.92,0.28033726779464196,0.65,0.1,0.15,0.05,0.05
79,adaptive_ddqn_seed5,0,NOOP,0.107832,0.0,0.106075,0,86,477.4715027552786,145.77102661132812,10,0.5859725952148438,375.0224609375,54.498800091556355,1,7,14,0.92,0.28033726779464196,0.65,0.1,0.15,0.05,0.05,76,440.3736433765832,101.56774520874023,11,0.5460329922762784,384.4072265625,52.392550564302404,1,8,15,0.0,0.28033726779464196,0.6,0.15,0.15,0.05,0.05
80,adaptive_ddqn_seed5,0,NOOP,0.101212,0.5175,0.374439,0,76,440.3736433765832,101.56774520874023,11,0.5460329922762784,384.4072265625,52.392550564302404,1,8,15,0.0,0.28033726779464196,0.6,0.15,0.15,0.05,0.05,82,430.0010852143298,153.65004539489746,12,0.5135599772135416,394.4140625,50.4704507518464,1,9,16,0.92,0.32633726779464195,0.6,0.15,0.15,0.05,0.05
81,adaptive_ddqn_seed5,0,NOOP,0.095296,0.5175,0.368829,0,82,430.0010852143298,153.65004539489746,12,0.5135599772135416,394.4140625,50.4704507518464,1,9,16,0.92,0.32633726779464195,0.6,0.15,0.15,0.05,0.05,68,373.38539201105965,139.62316513061523,13,0.4846050555889423,403.19140625,48.78151961593448,1,10,17,0.92,0.37233726779464194,0.6,0.15,0.15,0.05,0.05
82,adaptive_ddqn_seed5,0,NOOP,0.090749,0.0,0.088853,0,68,373.38539201105965,139.62316513061523,13,0.4846050555889423,403.19140625,48.78151961593448,1,10,17,0.92,0.37233726779464194,0.6,0.15,0.15,0.05,0.05,94,529.4117482765381,112.31160163879395,14,0.462493896484375,414.39453125,47.165913079246906,1,11,18,0.0,0.37233726779464194,0.6,0.2,0.15,0.05,0.0
83,adaptive_ddqn_seed5,0,NOOP,0.086304,0.421875,0.307944,0,94,529.4117482765381,112.31160163879395,14,0.462493896484375,414.39453125,47.165913079246906,1,11,18,0.0,0.37233726779464194,0.6,0.2,0.15,0.05,0.0,68,397.689642959728,186.7530345916748,15,0.4408955891927083,423.259765625,45.7644255076649,1,12,19,0.75,0.4098372677946419,0.6,0.15,0.2,0.05,0.0
84,adaptive_ddqn_seed5,0,NOOP,0.082271,0.0,0.080311,0,68,397.689642959728,186.7530345916748,15,0.4408955891927083,423.259765625,45.7644255076649,1,12,19,0.75,0.4098372677946419,0.6,0.15,0.2,0.05,0.0,62,359.6844862832752,118.00336837768555,16,0.4213533401489258,431.4658203125,44.49477832349991,1,13,20,0.0,0.4098372677946419,0.55,0.15,0.2,0.1,0.0
85,adaptive_ddqn_seed5,0,NOOP,0.078955,0.517237,0.352198,0,62,359.6844862832752,118.00336837768555,16,0.4213533401489258,431.4658203125,44.49477832349991,1,13,20,0.0,0.4098372677946419,0.55,0.15,0.2,0.1,0.0,78,274.8357751552461,159.1050624847412,17,0.40539999569163604,441.0751953125,43.28707314545009,1,14,21,0.92,0.45478696997862605,0.55,0.15,0.2,0.1,0.0
86,adaptive_ddqn_seed5,3,COMPACT_128KB,0.167125,-0.055389,0.198308,0,78,274.8357751552461,159.1050624847412,17,0.40539999569163604,441.0751953125,43.28707314545009,1,14,21,0.92,0.45478696997862605,0.55,0.15,0.2,0.1,0.0,60,354.7470122723082,69.5943832397461,3,2.1099344889322915,405.107421875,34.6418274891705,1,0,22,0.0,0.45322903424347516,0.55,0.2,0.15,0.1,0.0
87,adaptive_ddqn_seed5,0,NOOP,0.1995,0.516706,0.473837,0,60,354.7470122723082,69.5943832397461,3,2.1099344889322915,405.107421875,34.6418274891705,1,0,22,0.0,0.45322903424347516,0.55,0.2,0.15,0.1,0.0,77,446.5165583423546,88.16194534301758,4,1.619354248046875,414.5546875,68.87058823631693,1,1,23,0.92,0.4960531199937904,0.55,0.2,0.15,0.1,0.0
88,adaptive_ddqn_seed5,0,NOOP,0.199375,0.420798,0.422181,0,77,446.5165583423546,88.16194534301758,4,1.619354248046875,414.5546875,68.87058823631693,1,1,23,0.92,0.4960531199937904,0.55,0.2,0.15,0.1,0.0,98,592.6746402859544,115.94033241271973,5,1.331170654296875,425.974609375,72.51364018806902,1,2,24,0.75,0.5292467970963073,0.5,0.2,0.2,0.1,0.0
89,adaptive_ddqn_seed5,0,NOOP,0.19925,0.516177,0.473078,0,98,592.6746402859544,115.94033241271973,5,1.331170654296875,425.974609375,72.51364018806902,1,2,24,0.75,0.5292467970963073,0.5,0.2,0.2,0.1,0.0,53,324.49531572509187,116.09745025634766,6,1.128674825032552,433.4111328125,72.21018279015287,1,3,25,0.92,0.5699534198113207,0.5,0.2,0.2,0.1,0.0
90,adaptive_ddqn_seed5,0,NOOP,0.19637,0.516012,0.470269,0,53,324.49531572509187,116.09745025634766,6,1.128674825032552,433.4111328125,72.21018279015287,1,3,25,0.92,0.5699534198113207,0.5,0.2,0.2,0.1,0.0,64,390.96907324604206,113.78693580627441,7,0.9862256731305804,441.8291015625,70.19304892013903,1,4,26,0.92,0.61,0.5,0.2,0.2,0.1,0.0
91,adaptive_ddqn_seed5,0,NOOP,0.175764,-0.009375,0.174164,0,64,390.96907324604206,113.78693580627441,7,0.9862256731305804,441.8291015625,70.19304892013903,1,4,26,0.92,0.61,0.5,0.2,0.2,0.1,0.0,88,519.0656393135541,89.97130393981934,8,0.8838176727294922,452.5146484375,67.57846469015716,1,5,27,0.0,0.5725,0.5,0.2,0.15,0.1,0.05
92,adaptive_ddqn_seed5,0,NOOP,0.159899,-0.0115,0.157875,0,88,519.0656393135541,89.97130393981934,8,0.8838176727294922,452.5146484375,67.57846469015716,1,5,27,0.0,0.5725,0.5,0.2,0.15,0.1,0.05,96,574.9617442486431,112.42437362670898,9,0.8051198323567709,463.7490234375,64.99464928721747,1,6,28,0.0,0.5265,0.45,0.2,0.15,0.15,0.05
93,adaptive_ddqn_seed5,0,NOOP,0.145996,0.5175,0.419595,0,96,574.9617442486431,112.42437362670898,9,0.8051198323567709,463.7490234375,64.99464928721747,1,6,28,0.0,0.5265,0.45,0.2,0.15,0.15,0.05,53,249.47043138663196,132.54666328430176,10,0.73623046875,471.1875,62.84363903995065,1,7,29,0.92,0.5725,0.5,0.15,0.15,0.15,0.05
94,adaptive_ddqn_seed5,0,NOOP,0.135383,0.421875,0.357641,0,53,249.47043138663196,132.54666328430176,10,0.73623046875,471.1875,62.84363903995065,1,7,29,0.92,0.5725,0.5,0.15,0.15,0.15,0.05,85,479.0559590435431,150.86722373962402,11,0.6837893399325284,481.3876953125,60.64897290689316,1,8,30,0.75,0.61,0.5,0.15,0.2,0.1,0.05
95,adaptive_ddqn_seed5,0,NOOP,0.126841,0.506,0.400482,0,85,479.0559590435431,150.86722373962402,11,0.6837893399325284,481.3876953125,60.64897290689316,1,8,30,0.75,0.61,0.5,0.15,0.2,0.1,0.05,98,569.9865241706568,132.97653198242188,12,0.6417058308919271,492.830078125,58.57436687984949,1,9,31,0.92,0.61,0.5,0.15,0.2,0.1,0.05
96,adaptive_ddqn_seed5,0,NOOP,0.119442,0.508125,0.392994,0,98,569.9865241706568,132.97653198242188,12,0.6417058308919271,492.830078125,58.57436687984949,1,9,31,0.92,0.61,0.5,0.15,0.2,0.1,0.05,91,524.6930515040457,138.6268138885498,13,0.6053349421574519,503.638671875,56.70522096015321,1,10,32,0.92,0.6184999999999999,0.55,0.15,0.15,0.1,0.05
97,adaptive_ddqn_seed5,0,NOOP,0.113039,-0.0115,0.111493,0,91,524.6930515040457,138.6268138885498,13,0.6053349421574519,503.638671875,56.70522096015321,1,10,32,0.92,0.6184999999999999,0.55,0.15,0.15,0.1,0.05,87,463.2360215251692,94.76542472839355,14,0.5739430018833706,514.2529296875,54.99679243093172,1,11,33,0.0,0.5725,0.5,0.15,0.15,0.1,0.1
98,adaptive_ddqn_seed5,0,NOOP,0.106945,0.506,0.380456,0,87,463.2360215251692,94.76542472839355,14,0.5739430018833706,514.2529296875,54.99679243093172,1,11,33,0.0,0.5725,0.5,0.15,0.15,0.1,0.1,60,345.2049969067682,143.17750930786133,15,0.5440999348958333,522.3359375,53.50999856100183,1,12,34,0.92,0.5725,0.5,0.15,0.15,0.1,0.1
99,adaptive_ddqn_seed5,0,NOOP,0.101692,0.0,0.099467,0,60,345.2049969067682,143.17750930786133,15,0.5440999348958333,522.3359375,53.50999856100183,1,12,34,0.92,0.5725,0.5,0.15,0.15,0.1,0.1,65,374.36492613759634,131.23440742492676,16,0.5184593200683594,530.90234375,52.110632421906296,1,13,35,0.0,0.5725,0.5,0.15,0.15,0.1,0.1
100,adaptive_ddqn_seed5,0,NOOP,0.097113,0.506,0.370418,0,65,374.36492613759634,131.23440742492676,16,0.5184593200683594,530.90234375,52.110632421906296,1,13,35,0.0,0.5725,0.5,0.15,0.15,0.1,0.1,71,396.5537186450925,156.0053825378418,17,0.49618979061351104,539.8544921875,50.79695727790159,1,14,36,0.92,0.5725,0.5,0.15,0.15,0.1,0.1
101,adaptive_ddqn_seed5,1,COMPACT_32KB,0.134874,-0.0565,0.147458,0,71,396.5537186450925,156.0053825378418,17,0.49618979061351104,539.8544921875,50.79695727790159,1,14,36,0.92,0.5725,0.5,0.15,0.15,0.1,0.1,91,547.1385501063653,100.47149658203125,11,0.7528367476029829,529.9970703125,32.3826555264878,1,0,37,0.0,0.5265,0.45,0.2,0.15,0.1,0.1
102,adaptive_ddqn_seed5,0,NOOP,0.139001,0.5175,0.412374,0,91,547.1385501063653,100.47149658203125,11,0.7528367476029829,529.9970703125,32.3826555264878,1,0,37,0.0,0.5265,0.45,0.2,0.15,0.1,0.1,76,420.1939366137679,146.33607864379883,12,0.7025044759114584,539.5234375,32.83023617737036,1,1,38,0.92,0.5725,0.5,0.15,0.15,0.1,0.1
103,adaptive_ddqn_seed5,0,NOOP,0.12997,-0.009375,0.128532,0,76,420.1939366137679,146.33607864379883,12,0.7025044759114584,539.5234375,32.83023617737036,1,1,38,0.92,0.5725,0.5,0.15,0.15,0.1,0.1,58,323.19299807229106,88.15813064575195,13,0.6579765906700721,547.4365234375,33.06935515566782,1,2,39,0.0,0.5349999999999999,0.5,0.15,0.1,0.1,0.15
104,adaptive_ddqn_seed5,0,NOOP,0.122999,0.0,0.121509,0,58,323.19299807229106,88.15813064575195,13,0.6579765906700721,547.4365234375,33.06935515566782,1,2,39,0.0,0.5349999999999999,0.5,0.15,0.1,0.1,0.15,97,532.1439812489537,92.0114517211914,14,0.6237444196428571,558.875,32.81247658625416,1,3,40,0.0,0.5349999999999999,0.5,0.15,0.1,0.05,0.2
105,adaptive_ddqn_seed5,0,NOOP,0.116298,0.410375,0.338007,0,97,532.1439812489537,92.0114517211914,14,0.6237444196428571,558.875,32.81247658625416,1,3,40,0.0,0.5349999999999999,0.5,0.15,0.1,0.05,0.2,63,359.63262756327634,183.29811096191406,15,0.5908650716145833,567.23046875,32.65232362948728,1,4,41,0.75,0.5265,0.45,0.15,0.15,0.05,0.2
106,adaptive_ddqn_seed5,0,NOOP,0.110586,0.0,0.108595,0,63,359.63262756327634,183.29811096191406,15,0.5908650716145833,567.23046875,32.65232362948728,1,4,41,0.75,0.5265,0.45,0.15,0.15,0.05,0.2,74,432.4319938251566,119.5676326751709,16,0.5629310607910156,576.44140625,32.345545039345275,1,5,42,0.0,0.5265,0.45,0.15,0.15,0.05,0.2
107,adaptive_ddqn_seed5,0,NOOP,0.105771,0.506,0.379108,0,74,432.4319938251566,119.5676326751709,16,0.5629310607910156,576.44140625,32.345545039345275,1,5,42,0.0,0.5265,0.45,0.15,0.15,0.05,0.2,87,518.9678340574712,154.39748764038086,17,0.5394780776079964,586.9521484375,31.924053548245183,1,6,43,0.92,0.5265,0.45,0.15,0.15,0.05,0.2
108,adaptive_ddqn_seed5,3,COMPACT_128KB,0.166875,-0.064375,0.198106,0,87,518.9678340574712,154.39748764038086,17,0.5394780776079964,586.9521484375,31.924053548245183,1,6,43,0.92,0.5265,0.45,0.15,0.15,0.05,0.2,51,273.1775613568621,69.6873664855957,5,1.73665771484375,555.73046875,9.561884806671788,1,0,44,0.0,0.489,0.45,0.2,0.1,0.05,0.2
109,adaptive_ddqn_seed5,0,NOOP,0.19925,-0.0115,0.197612,0,51,273.1775613568621,69.6873664855957,5,1.73665771484375,555.73046875,9.561884806671788,1,0,44,0.0,0.489,0.45,0.2,0.1,0.05,0.2,64,352.43290479791614,89.39647674560547,6,1.46923828125,564.1875,42.78610723548396,1,1,45,0.0,0.44299999999999995,0.4,0.25,0.1,0.05,0.2
110,adaptive_ddqn_seed5,0,NOOP,0.199125,-0.0115,0.197534,0,64,352.43290479791614,89.39647674560547,6,1.46923828125,564.1875,42.78610723548396,1,1,45,0.0,0.44299999999999995,0.4,0.25,0.1,0.05,0.2,93,497.12138536789274,88.28115463256836,7,1.2837655203683036,575.126953125,50.11849394430858,1,2,46,0.0,0.39699999999999996,0.35,0.3,0.1,0.05,0.2
111,adaptive_ddqn_seed5,0,NOOP,0.199,0.0,0.197424,0,93,497.12138536789274,88.28115463256836,7,1.2837655203683036,575.126953125,50.11849394430858,1,2,46,0.0,0.39699999999999996,0.35,0.3,0.1,0.05,0.2,97,550.1224893787911,88.78731727600098,8,1.1457538604736328,586.6259765625,52.69881450097682,1,3,47,0.0,0.39699999999999996,0.35,0.3,0.1,0.05,0.2
112,adaptive_ddqn_seed5,0,NOOP,0.198875,0.0,0.196956,0,97,550.1224893787911,88.78731727600098,8,1.1457538604736328,586.6259765625,52.69881450097682,1,3,47,0.0,0.39699999999999996,0.35,0.3,0.1,0.05,0.2,82,453.688890764971,107.19466209411621,9,1.0359310574001737,596.6962890625,53.61564971923654,1,4,48,0.0,0.39699999999999996,0.35,0.35,0.1,0.0,0.2
113,adaptive_ddqn_seed5,0,NOOP,0.188497,0.410375,0.41054,0,82,453.688890764971,107.19466209411621,9,1.0359310574001737,596.6962890625,53.61564971923654,1,4,48,0.0,0.39699999999999996,0.35,0.35,0.1,0.0,0.2,86,471.8866352694924,160.34507751464844,10,0.9487335205078125,607.189453125,53.541286647848224,1,5,49,0.75,0.38849999999999996,0.3,0.35,0.15,0.0,0.2
114,adaptive_ddqn_seed5,0,NOOP,0.173752,-0.009375,0.172046,0,86,471.8866352694924,160.34507751464844,10,0.9487335205078125,607.189453125,53.541286647848224,1,5,49,0.75,0.38849999999999996,0.3,0.35,0.15,0.0,0.2,72,406.19903073899764,99.05385971069336,11,0.8756339333274148,616.4462890625,53.11084080641187,1,6,50,0.0,0.351,0.3,0.4,0.1,0.0,0.2
115,adaptive_ddqn_seed5,0,NOOP,0.161525,-0.0115,0.159774,0,72,406.19903073899764,99.05385971069336,11,0.8756339333274148,616.4462890625,53.11084080641187,1,6,50,0.0,0.351,0.3,0.4,0.1,0.0,0.2,76,408.6171011341961,102.59032249450684,12,0.8151270548502604,626.017578125,52.385857585127,1,7,51,0.0,0.305,0.25,0.45,0.1,0.0,0.2
116,adaptive_ddqn_seed5,0,NOOP,0.151027,0.506,0.424102,0,76,408.6171011341961,102.59032249450684,12,0.8151270548502604,626.017578125,52.385857585127,1,7,51,0.0,0.305,0.25,0.45,0.1,0.0,0.2,72,382.3954050234763,162.47248649597168,13,0.7632587139423077,635.03125,51.563966582218484,1,8,52,0.92,0.305,0.25,0.45,0.1,0.0,0.2
117,adaptive_ddqn_seed5,0,NOOP,0.141689,0.0,0.139628,0,72,382.3954050234763,162.47248649597168,13,0.7632587139423077,635.03125,51.563966582218484,1,8,52,0.92,0.305,0.25,0.45,0.1,0.0,0.2,55,315.6382224727649,120.5134391784668,14,0.717193603515625,642.60546875,50.75430955907217,1,9,53,0.0,0.305,0.25,0.5,0.1,0.0,0.15
118,adaptive_ddqn_seed5,0,NOOP,0.133937,0.410375,0.35568,0,55,315.6382224727649,120.5134391784668,14,0.717193603515625,642.60546875,50.75430955907217,1,9,53,0.0,0.305,0.25,0.5,0.1,0.0,0.15,75,416.0757201602546,181.60676956176758,15,0.6790618896484375,651.8994140625,49.81300431697259,1,10,54,0.75,0.2965,0.2,0.5,0.15,0.0,0.15
119,adaptive_ddqn_seed5,0,NOOP,0.127473,0.421875,0.348023,0,75,416.0757201602546,181.60676956176758,15,0.6790618896484375,651.8994140625,49.81300431697259,1,10,54,0.75,0.2965,0.2,0.5,0.15,0.0,0.15,93,535.3445927585043,242.50292778015137,16,0.6473636627197266,662.900390625,48.803300537052934,1,11,55,0.75,0.33399999999999996,0.2,0.45,0.2,0.0,0.15
120,adaptive_ddqn_seed5,0,NOOP,0.121722,-0.0115,0.119583,0,93,535.3445927585043,242.50292778015137,16,0.6473636627197266,662.900390625,48.803300537052934,1,11,55,0.75,0.33399999999999996,0.2,0.45,0.2,0.0,0.15,91,536.356010230179,128.20124626159668,17,0.6192339728860294,673.7265625,47.83304694481829,1,12,56,0.0,0.288,0.15,0.5,0.2,0.0,0.15
121,adaptive_ddqn_seed5,0,NOOP,0.116432,0.0,0.114073,0,91,536.356010230179,128.20124626159668,17,0.6192339728860294,673.7265625,47.83304694481829,1,12,56,0.0,0.288,0.15,0.5,0.2,0.0,0.15,80,459.79020988603367,140.42901992797852,18,0.5934100680881076,683.6083984375,46.93164617823986,1,13,57,0.0,0.288,0.15,0.45,0.2,0.05,0.15
122,adaptive_ddqn_seed5,0,NOOP,0.111663,-0.0115,0.109439,0,80,459.79020988603367,140.42901992797852,18,0.5934100680881076,683.6083984375,46.93164617823986,1,13,57,0.0,0.288,0.15,0.45,0.2,0.05,0.15,79,434.9578444679561,134.97614860534668,19,0.5701912327816612,693.3525390625,46.06701555721891,1,14,58,0.0,0.242,0.1,0.5,0.2,0.05,0.15
123,adaptive_ddqn_seed5,4,PARTITION_HOUR,-0.347299,-0.25,0.105038,0,79,434.9578444679561,134.97614860534668,19,0.5701912327816612,693.3525390625,46.06701555721891,1,14,58,0.0,0.242,0.1,0.5,0.2,0.05,0.15,70,379.958173723988,135.45751571655273,20,0.5487335205078125,702.37890625,45.256993647194,1,15,59,0.0,0.242,0.1,0.55,0.2,0.05,0.1
124,adaptive_ddqn_seed5,0,NOOP,0.103162,0.0,0.10055,0,70,379.958173723988,135.45751571655273,20,0.5487335205078125,702.37890625,45.256993647194,1,15,59,0.0,0.242,0.1,0.55,0.2,0.05,0.1,65,367.4810213940649,156.83293342590332,21,0.5289357503255209,710.8896484375,44.49157019111294,1,16,60,0.0,0.242,0.1,0.6,0.2,0.05,0.05
125,adaptive_ddqn_seed5,0,NOOP,0.099247,0.4125,0.319828,0,65,367.4810213940649,156.83293342590332,21,0.5289357503255209,710.8896484375,44.49157019111294,1,16,60,0.0,0.242,0.1,0.6,0.2,0.05,0.05,50,281.8998971684354,248.44646453857422,22,0.5099841031161222,718.0576171875,43.79044407539112,1,17,61,0.75,0.242,0.1,0.6,0.2,0.05,0.05
126,adaptive_ddqn_seed5,0,NOOP,0.096237,0.0,0.09352,0,50,281.8998971684354,248.44646453857422,22,0.5099841031161222,718.0576171875,43.79044407539112,1,17,61,0.75,0.242,0.1,0.6,0.2,0.05,0.05,96,559.5335112968874,164.58940505981445,23,0.4955590289572011,729.462890625,43.01211783926579,1,18,62,0.0,0.242,0.1,0.6,0.2,0.05,0.05
127,adaptive_ddqn_seed5,6,PARTITION_EVENT_TYPE,-0.088629,-0.1115,0.090266,0,96,559.5335112968874,164.58940505981445,23,0.4955590289572011,729.462890625,43.01211783926579,1,18,62,0.0,0.242,0.1,0.6,0.2,0.05,0.05,75,405.2911429915031,176.1915683746338,24,0.48094749450683594,738.7353515625,42.31540219820566,3,19,0,0.0,0.196,0.05,0.65,0.2,0.05,0.05
128,adaptive_ddqn_seed5,2,COMPACT_64KB,0.557716,-0.082432,0.19673,0,75,405.2911429915031,176.1915683746338,24,0.48094749450683594,738.7353515625,42.31540219820566,3,19,0,0.0,0.196,0.05,0.65,0.2,0.05,0.05,87,378.5783182778787,108.4892749786377,11,1.003444324840199,706.4248046875,42.38672574300705,3,0,1,0.0,0.196,0.05,0.65,0.2,0.05,0.05
129,adaptive_ddqn_seed5,0,NOOP,0.159364,-0.032204,0.157437,0,87,378.5783182778787,108.4892749786377,11,1.003444324840199,706.4248046875,42.38672574300705,3,0,1,0.0,0.196,0.05,0.65,0.2,0.05,0.05,82,393.9703090062681,113.88611793518066,14,0.8055714198521206,721.7919921875,44.9027046121392,3,1,2,0.0,0.196,0.05,0.65,0.2,0.05,0.05
130,adaptive_ddqn_seed5,0,NOOP,0.133043,-0.032072,0.129991,0,82,393.9703090062681,113.88611793518066,14,0.8055714198521206,721.7919921875,44.9027046121392,3,1,2,0.0,0.196,0.05,0.65,0.2,0.05,0.05,63,291.96691409642466,173.8882064819336,17,0.67584228515625,735.31640625,44.503866454985335,3,2,3,0.0,0.196,0.1,0.6,0.2,0.05,0.05
131,adaptive_ddqn_seed5,0,NOOP,0.114988,-0.0318,0.112872,0,63,291.96691409642466,173.8882064819336,17,0.67584228515625,735.31640625,44.503866454985335,3,2,3,0.0,0.196,0.1,0.6,0.2,0.05,0.05,96,466.16110882139105,130.82122802734375,20,0.5874412536621094,751.9248046875,43.122106499543605,3,3,4,0.0,0.196,0.1,0.65,0.2,0.05,0.0
132,adaptive_ddqn_seed5,0,NOOP,0.10146,0.345318,0.300871,0,96,466.16110882139105,130.82122802734375,20,0.5874412536621094,751.9248046875,43.122106499543605,3,3,4,0.0,0.196,0.1,0.65,0.2,0.05,0.0,88,423.6714474782223,108.22606086730957,23,0.5216761050016984,767.9072265625,41.59252563307233,3,4,5,0.67,0.22949999999999998,0.1,0.6,0.2,0.1,0.0
133,adaptive_ddqn_seed5,2,COMPACT_64KB,0.557841,-0.090785,0.19689,0,88,423.6714474782223,108.22606086730957,23,0.5216761050016984,767.9072265625,41.59252563307233,3,4,5,0.67,0.22949999999999998,0.1,0.6,0.2,0.1,0.0,64,280.4455360827435,105.52263259887695,10,1.1527023315429688,737.7294921875,33.890340794188994,3,0,6,0.0,0.192,0.1,0.65,0.15,0.1,0.0
134,adaptive_ddqn_seed5,0,NOOP,0.179479,-0.031124,0.178066,0,64,280.4455360827435,105.52263259887695,10,1.1527023315429688,737.7294921875,33.890340794188994,3,0,6,0.0,0.192,0.1,0.65,0.15,0.1,0.0,85,430.3927566849762,86.86971664428711,13,0.9055187518780048,753.3916015625,42.0198795078494,3,1,7,0.0,0.192,0.1,0.6,0.15,0.1,0.05
135,adaptive_ddqn_seed5,0,NOOP,0.147715,-0.031035,0.145679,0,85,430.3927566849762,86.86971664428711,13,0.9055187518780048,753.3916015625,42.0198795078494,3,1,7,0.0,0.192,0.1,0.6,0.15,0.1,0.05,58,284.2343374106326,121.80209159851074,16,0.7485771179199219,766.54296875,43.35164790220425,3,2,8,0.0,0.192,0.1,0.6,0.15,0.1,0.05
136,adaptive_ddqn_seed5,0,NOOP,0.109692,-0.042212,0.107118,0,58,284.2343374106326,121.80209159851074,16,0.7485771179199219,766.54296875,43.35164790220425,3,2,8,0.0,0.192,0.1,0.6,0.15,0.1,0.05,100,414.59211007541984,156.21495246887207,22,0.5622100830078125,791.591796875,41.71378854606483,3,3,9,0.0,0.146,0.05,0.65,0.15,0.1,0.05
137,adaptive_ddqn_seed5,0,NOOP,0.097451,0.346356,0.297228,0,100,414.59211007541984,156.21495246887207,22,0.5622100830078125,791.591796875,41.71378854606483,3,3,9,0.0,0.146,0.05,0.65,0.15,0.1,0.05,56,267.65939669780306,92.41175651550293,25,0.5028814697265624,804.6103515625,40.40736417783629,3,4,10,0.67,0.1795,0.05,0.6,0.15,0.15,0.05
138,adaptive_ddqn_seed5,2,COMPACT_64KB,0.557716,-0.089774,0.196812,0,56,267.65939669780306,92.41175651550293,25,0.5028814697265624,804.6103515625,40.40736417783629,3,4,10,0.67,0.1795,0.05,0.6,0.15,0.15,0.05,60,297.6407611973838,104.39419746398926,11,1.095851551402699,771.4794921875,35.37818819133454,3,0,11,0.0,0.142,0.05,0.65,0.1,0.15,0.05
139,adaptive_ddqn_seed5,0,NOOP,0.173366,-0.039666,0.170124,0,60,297.6407611973838,104.39419746398926,11,1.095851551402699,771.4794921875,35.37818819133454,3,0,11,0.0,0.142,0.05,0.65,0.1,0.15,0.05,56,279.2436202122613,179.5785427093506,14,0.875579833984375,784.51953125,41.807739934286076,3,1,12,0.0,0.1045,0.05,0.65,0.1,0.15,0.05
140,adaptive_ddqn_seed5,0,NOOP,0.145087,-0.03016,0.142995,0,56,279.2436202122613,179.5785427093506,14,0.875579833984375,784.51953125,41.807739934286076,3,1,12,0.0,0.1045,0.05,0.65,0.1,0.15,0.05,92,436.13730308174667,125.85806846618652,17,0.7360624425551471,800.8359375,42.61947186979183,3,2,13,0.0,0.1045,0.05,0.65,0.1,0.15,0.05
141,adaptive_ddqn_seed5,0,NOOP,0.125091,-0.030048,0.122943,0,92,436.13730308174667,125.85806846618652,17,0.7360624425551471,800.8359375,42.61947186979183,3,2,13,0.0,0.1045,0.05,0.65,0.1,0.15,0.05,87,436.7931799328958,132.38835334777832,20,0.6379531860351563,816.580078125,42.01737114655196,3,3,14,0.0,0.1045,0.05,0.7,0.1,0.1,0.05
142,adaptive_ddqn_seed5,0,NOOP,0.110317,-0.02991,0.104947,0,87,436.7931799328958,132.38835334777832,20,0.6379531860351563,816.580078125,42.01737114655196,3,3,14,0.0,0.1045,0.05,0.7,0.1,0.1,0.05,95,467.91199293538506,297.2526550292969,23,0.5659604279891305,833.09375,40.90598615207885,3,4,15,0.0,0.1045,0.05,0.65,0.15,0.1,0.05
143,adaptive_ddqn_seed5,0,NOOP,0.098529,-0.029869,0.096119,0,95,467.91199293538506,297.2526550292969,23,0.5659604279891305,833.09375,40.90598615207885,3,4,15,0.0,0.1045,0.05,0.65,0.15,0.1,0.05,64,303.22541786828157,152.99725532531738,26,0.5088929396409255,846.7978515625,39.73930570780098,3,5,16,0.0,0.1045,0.05,0.65,0.15,0.1,0.05
144,adaptive_ddqn_seed5,2,COMPACT_64KB,0.557591,-0.079748,0.196766,0,64,303.22541786828157,152.99725532531738,26,0.5088929396409255,846.7978515625,39.73930570780098,3,5,16,0.0,0.1045,0.05,0.65,0.15,0.1,0.05,75,349.7219547879141,101.72200202941895,12,1.061236063639323,815.029296875,33.97174109078816,3,0,17,0.0,0.1045,0.05,0.65,0.15,0.1,0.05
145,adaptive_ddqn_seed5,0,NOOP,0.170562,-0.03899,0.168273,0,75,349.7219547879141,101.72200202941895,12,1.061236063639323,815.029296875,33.97174109078816,3,0,17,0.0,0.1045,0.05,0.65,0.15,0.1,0.05,52,216.66751901644002,133.20374488830566,15,0.8621866861979167,827.69921875,40.03012063027323,3,1,18,0.0,0.067,0.05,0.7,0.1,0.1,0.05
146,adaptive_ddqn_seed5,0,NOOP,0.143877,-0.029586,0.14176,0,52,216.66751901644002,133.20374488830566,15,0.8621866861979167,827.69921875,40.03012063027323,3,1,18,0.0,0.067,0.05,0.7,0.1,0.1,0.05,67,323.62934999666027,128.34668159484863,18,0.7306349012586806,841.69140625,41.17584794135605,3,2,19,0.0,0.067,0.05,0.7,0.1,0.1,0.05
147,adaptive_ddqn_seed5,0,NOOP,0.124788,-0.029541,0.122361,0,67,323.62934999666027,128.34668159484863,18,0.7306349012586806,841.69140625,41.17584794135605,3,2,19,0.0,0.067,0.05,0.7,0.1,0.1,0.05,73,317.6777738581893,147.58539199829102,21,0.6370653424944196,856.2158203125,40.835786834015984,3,3,20,0.0,0.067,0.05,0.7,0.1,0.1,0.05
148,adaptive_ddqn_seed5,0,NOOP,0.110108,-0.029534,0.107776,0,73,317.6777738581893,147.58539199829102,21,0.6370653424944196,856.2158203125,40.835786834015984,3,3,20,0.0,0.067,0.05,0.7,0.1,0.1,0.05,51,255.927410294788,146.56352996826172,24,0.5655384063720703,868.6669921875,40.04228192036808,3,4,21,0.0,0.067,0.05,0.7,0.1,0.1,0.05
149,adaptive_ddqn_seed5,0,NOOP,0.098975,-0.029498,0.093265,0,51,255.927410294788,146.56352996826172,24,0.5655384063720703,868.6669921875,40.04228192036808,3,4,21,0.0,0.067,0.05,0.7,0.1,0.1,0.05,86,433.44582019533954,319.24962997436523,27,0.5117498327184606,884.3037109375,38.95377462989438,3,5,22,0.0,0.067,0.05,0.65,0.15,0.1,0.05
150,adaptive_ddqn_seed5,0,NOOP,0.089801,-0.029454,0.087253,0,86,433.44582019533954,319.24962997436523,27,0.5117498327184606,884.3037109375,38.95377462989438,3,5,22,0.0,0.067,0.05,0.65,0.15,0.1,0.05,66,329.6191657835514,164.9308204650879,30,0.46775614420572914,898.091796875,37.874531303548416,3,6,23,0.0,0.067,0.0,0.7,0.15,0.1,0.05
151,adaptive_ddqn_seed5,0,NOOP,0.065592,-0.029354,0.062176,0,66,329.6191657835514,164.9308204650879,30,0.46775614420572914,898.091796875,37.874531303548416,3,6,23,0.0,0.067,0.0,0.7,0.15,0.1,0.05,247,849.5653230706907,223.30451011657715,42,0.35420808337983634,952.111328125,33.9197645480134,3,7,24,0.0,0.067,0.0,0.7,0.15,0.1,0.05
152,adaptive_ddqn_seed5,3,COMPACT_128KB,0.548875,-0.092502,0.197164,0,247,849.5653230706907,223.30451011657715,42,0.35420808337983634,952.111328125,33.9197645480134,3,7,24,0.0,0.067,0.0,0.7,0.15,0.1,0.05,291,925.3943983932588,96.80724143981934,9,1.5383148193359375,886.0693359375,37.10000853217097,3,0,25,0.0,0.0335,0.0,0.75,0.15,0.05,0.05
153,adaptive_ddqn_seed5,7,REMOVE_PARTITION,0.073317,-0.064038,0.134687,0,291,925.3943983932588,96.80724143981934,9,1.5383148193359375,886.0693359375,37.10000853217097,3,0,25,0.0,0.0335,0.0,0.75,0.15,0.05,0.05,224,743.8964415028936,139.53685760498047,21,0.6978905087425595,937.96484375,53.19549781427637,0,1,0,0.0,0.0335,0.0,0.75,0.15,0.05,0.05
154,adaptive_ddqn_seed5,0,NOOP,0.122436,-0.039105,0.120991,0,224,743.8964415028936,139.53685760498047,21,0.6978905087425595,937.96484375,53.19549781427637,0,1,0,0.0,0.0335,0.0,0.75,0.15,0.05,0.05,194,886.9837852214966,102.25582122802734,24,0.6271807352701823,963.349609375,51.0906225921709,0,2,1,0.0,0.0335,0.0,0.75,0.15,0.1,0.0
155,adaptive_ddqn_seed5,0,NOOP,0.110852,-0.037553,0.108243,0,194,886.9837852214966,102.25582122802734,24,0.6271807352701823,963.349609375,51.0906225921709,0,2,1,0.0,0.0335,0.0,0.75,0.15,0.1,0.0,172,673.6371817844814,164.21222686767578,27,0.5711342140480324,986.919921875,49.15240596508515,0,3,2,0.0,0.0335,0.0,0.75,0.15,0.1,0.0
156,adaptive_ddqn_seed5,0,NOOP,0.095928,-0.03543,0.093046,0,172,673.6371817844814,164.21222686767578,27,0.5711342140480324,986.919921875,49.15240596508515,0,3,2,0.0,0.0335,0.0,0.75,0.15,0.1,0.0,255,1001.711609785337,184.13448333740234,32,0.49964141845703125,1023.265625,46.29240922897256,0,4,3,0.0,0.0335,0.0,0.75,0.15,0.1,0.0
157,adaptive_ddqn_seed5,3,COMPACT_128KB,0.548875,-0.082381,0.197081,0,255,1001.711609785337,184.13448333740234,32,0.49964141845703125,1023.265625,46.29240922897256,0,4,3,0.0,0.0335,0.0,0.75,0.15,0.1,0.0,211,771.2865906533814,100.97360610961914,9,1.6979115804036458,977.9970703125,18.806891020235927,0,0,4,0.0,0.0,0.0,0.8,0.15,0.05,0.0
158,adaptive_ddqn_seed5,0,NOOP,0.19825,-0.018939,0.196238,0,211,771.2865906533814,100.97360610961914,9,1.6979115804036458,977.9970703125,18.806891020235927,0,0,4,0.0,0.0,0.0,0.8,0.15,0.05,0.0,283,1064.8679146769346,118.12329292297363,14,1.134843008858817,1016.8193359375,52.297130786300514,0,1,5,0.0,0.0,0.0,0.8,0.15,0.05,0.0
159,adaptive_ddqn_seed5,0,NOOP,0.189188,-0.019015,0.18648,0,283,1064.8679146769346,118.12329292297363,14,1.134843008858817,1016.8193359375,52.297130786300514,0,1,5,0.0,0.0,0.0,0.8,0.15,0.05,0.0,176,762.2424418274468,156.62217140197754,17,0.9565627154181985,1040.740234375,53.55080923846153,0,2,6,0.0,0.0,0.0,0.85,0.1,0.05,0.0
160,adaptive_ddqn_seed5,0,NOOP,0.163868,-0.019172,0.161697,0,176,762.2424418274468,156.62217140197754,17,0.9565627154181985,1040.740234375,53.55080923846153,0,2,6,0.0,0.0,0.0,0.85,0.1,0.05,0.0,177,764.9651650556265,133.5735321044922,20,0.8318412780761719,1064.7568359375,52.86729569671751,0,3,7,0.0,0.0,0.0,0.85,0.1,0.05,0.0
161,adaptive_ddqn_seed5,0,NOOP,0.14478,-0.01937,0.141288,0,177,764.9651650556265,133.5735321044922,20,0.8318412780761719,1064.7568359375,52.86729569671751,0,3,7,0.0,0.0,0.0,0.85,0.1,0.05,0.0,156,676.0009133033376,203.3231258392334,23,0.7382746157438859,1086.740234375,51.61152954310124,0,4,8,0.0,0.0,0.0,0.85,0.1,0.05,0.0
162,adaptive_ddqn_seed5,0,NOOP,0.122216,-0.019869,0.119499,0,156,676.0009133033376,203.3231258392334,23,0.7382746157438859,1086.740234375,51.61152954310124,0,4,8,0.0,0.0,0.0,0.85,0.1,0.05,0.0,292,1145.6845350795136,170.82881927490234,28,0.6285787309919085,1126.4130859375,49.04677378197031,0,5,9,0.0,0.0,0.0,0.9,0.05,0.05,0.0
163,adaptive_ddqn_seed5,3,COMPACT_128KB,0.54875,-0.075507,0.197048,0,292,1145.6845350795136,170.82881927490234,28,0.6285787309919085,1126.4130859375,49.04677378197031,0,5,9,0.0,0.0,0.0,0.9,0.05,0.05,0.0,294,1150.0868082693373,97.61261940002441,10,1.7179122924804688,1099.4638671875,18.115591171859233,0,0,10,0.0,0.0,0.0,0.9,0.05,0.05,0.0
164,adaptive_ddqn_seed5,0,NOOP,0.19825,-0.021097,0.196323,0,294,1150.0868082693373,97.61261940002441,10,1.7179122924804688,1099.4638671875,18.115591171859233,0,0,10,0.0,0.0,0.0,0.9,0.05,0.05,0.0,236,933.6051029426051,113.84868621826172,14,1.262664794921875,1131.34765625,50.12675104351894,0,1,11,0.0,0.0,0.0,0.9,0.05,0.05,0.0
165,adaptive_ddqn_seed5,0,NOOP,0.189972,-0.021848,0.187683,0,236,933.6051029426051,113.84868621826172,14,1.262664794921875,1131.34765625,50.12675104351894,0,1,11,0.0,0.0,0.0,0.9,0.05,0.05,0.0,275,1054.6748972924338,138.1666660308838,19,0.9617333663137335,1169.4677734375,53.95399549789665,0,2,12,0.0,0.0,0.0,0.9,0.05,0.05,0.0
166,adaptive_ddqn_seed5,0,NOOP,0.160298,-0.022517,0.15797,0,275,1054.6748972924338,138.1666660308838,19,0.9617333663137335,1169.4677734375,53.95399549789665,0,2,12,0.0,0.0,0.0,0.9,0.05,0.05,0.0,230,914.4058290544658,145.12109756469727,23,0.8158629044242527,1200.9501953125,53.05243826562577,0,3,13,0.0,0.0,0.0,0.9,0.05,0.05,0.0
167,adaptive_ddqn_seed5,0,NOOP,0.13897,-0.023126,0.136395,0,230,914.4058290544658,145.12109756469727,23,0.8158629044242527,1200.9501953125,53.05243826562577,0,3,13,0.0,0.0,0.0,0.9,0.05,0.05,0.0,202,822.9157881445652,162.48297691345215,27,0.7117241753472222,1229.859375,51.44700971944284,0,4,14,0.0,0.0,0.0,0.9,0.05,0.05,0.0
168,adaptive_ddqn_seed5,3,COMPACT_128KB,0.548625,-0.07895,0.19668,0,202,822.9157881445652,162.48297691345215,27,0.7117241753472222,1229.859375,51.44700971944284,0,4,14,0.0,0.0,0.0,0.9,0.05,0.05,0.0,266,1031.842501537565,111.01984977722168,11,1.71380615234375,1206.51953125,15.571950177296959,0,0,15,0.0,0.0,0.0,0.9,0.05,0.05,0.0
169,adaptive_ddqn_seed5,0,NOOP,0.198,-0.024813,0.196005,0,266,1031.842501537565,111.01984977722168,11,1.71380615234375,1206.51953125,15.571950177296959,0,0,15,0.0,0.0,0.0,0.9,0.05,0.05,0.0,273,1015.3727530772567,119.77171897888184,16,1.2151374816894531,1244.30078125,50.5159919125256,0,1,16,0.0,0.0,0.0,0.95,0.0,0.05,0.0
170,adaptive_ddqn_seed5,0,NOOP,0.197625,-0.025383,0.195335,0,273,1015.3727530772567,119.77171897888184,16,1.2151374816894531,1244.30078125,50.5159919125256,0,1,16,0.0,0.0,0.0,0.95,0.0,0.05,0.0,179,782.1004089779302,138.26537132263184,19,1.0430972450657894,1268.40625,53.00047641147743,0,2,17,0.0,0.0,0.0,0.95,0.0,0.05,0.0
171,adaptive_ddqn_seed5,0,NOOP,0.180801,-0.025943,0.176362,0,179,782.1004089779302,138.26537132263184,19,1.0430972450657894,1268.40625,53.00047641147743,0,2,17,0.0,0.0,0.0,0.95,0.0,0.05,0.0,175,748.0577082220764,249.43161010742188,22,0.9177537397904829,1292.197265625,53.24217898489589,0,3,18,0.0,0.0,0.0,0.9,0.05,0.05,0.0
172,adaptive_ddqn_seed5,0,NOOP,0.161391,-0.026508,0.159146,0,175,748.0577082220764,249.43161010742188,22,0.9177537397904829,1292.197265625,53.24217898489589,0,3,18,0.0,0.0,0.0,0.9,0.05,0.05,0.0,177,744.5659405463955,143.5098648071289,25,0.8225787353515625,1316.1259765625,52.57197214819908,0,4,19,0.0,0.0,0.0,0.85,0.05,0.1,0.0
173,adaptive_ddqn_seed5,3,COMPACT_128KB,0.5485,-0.082454,0.196709,0,177,744.5659405463955,143.5098648071289,25,0.8225787353515625,1316.1259765625,52.57197214819908,0,4,19,0.0,0.0,0.0,0.85,0.05,0.1,0.0,297,1087.8598270893372,104.53152656555176,12,1.6989885965983074,1304.8232421875,16.496237414926302,0,0,20,0.0,0.0,0.0,0.85,0.05,0.1,0.0
174,adaptive_ddqn_seed5,0,NOOP,0.198,-0.028206,0.194966,0,297,1087.8598270893372,104.53152656555176,12,1.6989885965983074,1304.8232421875,16.496237414926302,0,0,20,0.0,0.0,0.0,0.85,0.05,0.1,0.0,238,933.6428053681608,171.6921329498291,16,1.3054609298706055,1336.7919921875,47.21645057169889,0,1,21,0.0,0.0,0.0,0.9,0.05,0.05,0.0
175,adaptive_ddqn_seed5,5,PARTITION_REGION,0.015557,-0.129122,0.194811,0,238,933.6428053681608,171.6921329498291,16,1.3054609298706055,1336.7919921875,47.21645057169889,0,1,21,0.0,0.0,0.0,0.9,0.05,0.05,0.0,293,1074.4123159561364,154.44064140319824,21,1.0241183326357888,1376.4150390625,52.5490459514113,2,2,0,0.0,0.0,0.0,0.9,0.05,0.05,0.0
176,adaptive_ddqn_seed5,0,NOOP,0.131085,-0.056546,0.128113,0,293,1074.4123159561364,154.44064140319824,21,1.0241183326357888,1376.4150390625,52.5490459514113,2,2,0,0.0,0.0,0.0,0.9,0.05,0.05,0.0,217,645.4056586915517,189.8360252380371,33,0.6760485100023674,1427.814453125,51.201168965918164,2,3,1,0.0,0.0,0.0,0.85,0.05,0.1,0.0
177,adaptive_ddqn_seed5,0,NOOP,0.091036,-0.054958,0.086762,0,217,645.4056586915517,189.8360252380371,33,0.6760485100023674,1427.814453125,51.201168965918164,2,3,1,0.0,0.0,0.0,0.85,0.05,0.1,0.0,253,720.2960794881437,273.6780643463135,48,0.4851776758829753,1490.4658203125,46.04659067738564,2,4,2,0.0,0.0,0.0,0.8,0.05,0.15,0.0
178,adaptive_ddqn_seed5,3,COMPACT_128KB,0.547875,-0.097693,0.196217,0,253,720.2960794881437,273.6780643463135,48,0.4851776758829753,1490.4658203125,46.04659067738564,2,4,2,0.0,0.0,0.0,0.8,0.05,0.15,0.0,160,552.0441774435423,104.1572093963623,17,1.3046363381778492,1419.4443359375,42.137689179054334,2,0,3,0.0,0.0,0.0,0.75,0.05,0.15,0.05
179,adaptive_ddqn_seed5,0,NOOP,0.1549,-0.041567,0.152172,0,160,552.0441774435423,104.1572093963623,17,1.3046363381778492,1419.4443359375,42.137689179054334,2,0,3,0.0,0.0,0.0,0.75,0.05,0.15,0.05,219,678.3020571646308,172.66511917114258,29,0.7926251641635237,1471.1123046875,50.89449720970075,2,1,4,0.0,0.0,0.0,0.7,0.05,0.2,0.05
180,adaptive_ddqn_seed5,0,NOOP,0.110881,0.336347,0.309976,0,219,678.3020571646308,172.66511917114258,29,0.7926251641635237,1471.1123046875,50.89449720970075,2,1,4,0.0,0.0,0.0,0.7,0.05,0.2,0.05,211,675.1886671824051,146.528959274292,41,0.5800319764672256,1522.00390625,47.664168512320096,2,2,5,0.67,0.0335,0.0,0.7,0.05,0.2,0.05
181,adaptive_ddqn_seed5,0,NOOP,0.081499,0.337587,0.280852,0,211,675.1886671824051,146.528959274292,41,0.5800319764672256,1522.00390625,47.664168512320096,2,2,5,0.67,0.0335,0.0,0.7,0.05,0.2,0.05,266,776.5596929634677,152.3458957672119,56,0.4424934387207031,1585.896484375,43.221453336064144,2,3,6,0.67,0.067,0.0,0.7,0.05,0.2,0.05
182,adaptive_ddqn_seed5,0,NOOP,0.069928,0.338283,0.269212,0,266,776.5596929634677,152.3458957672119,56,0.4424934387207031,1585.896484375,43.221453336064144,2,3,6,0.67,0.067,0.0,0.7,0.05,0.2,0.05,151,523.2073688862821,167.0210361480713,65,0.3902637188251202,1623.4970703125,40.939370191278236,2,4,7,0.67,0.1005,0.0,0.7,0.05,0.2,0.05
183,adaptive_ddqn_seed5,3,COMPACT_128KB,0.548,0.284477,0.397025,0,151,523.2073688862821,167.0210361480713,65,0.3902637188251202,1623.4970703125,40.939370191278236,2,4,7,0.67,0.1005,0.0,0.7,0.05,0.2,0.05,275,758.4187685752611,118.76153945922852,16,1.477442741394043,1512.9013671875,32.83583525415512,2,0,8,0.67,0.134,0.0,0.7,0.05,0.2,0.05
184,adaptive_ddqn_seed5,0,NOOP,0.190809,-0.03671,0.187442,0,275,758.4187685752611,118.76153945922852,16,1.477442741394043,1512.9013671875,32.83583525415512,2,0,8,0.67,0.134,0.0,0.7,0.05,0.2,0.05,162,547.9650806733221,199.5837688446045,25,0.9696697998046875,1551.4716796875,51.280554620466944,2,1,9,0.0,0.134,0.05,0.65,0.05,0.2,0.05
185,adaptive_ddqn_seed5,0,NOOP,0.142121,-0.035942,0.139164,0,162,547.9650806733221,199.5837688446045,25,0.9696697998046875,1551.4716796875,51.280554620466944,2,1,9,0.0,0.134,0.05,0.65,0.05,0.2,0.05,189,652.227732392964,190.36507606506348,34,0.7318550558651195,1592.5166015625,50.75111842578428,2,2,10,0.0,0.134,0.05,0.6,0.05,0.25,0.05
186,adaptive_ddqn_seed5,0,NOOP,0.099577,-0.034854,0.096169,0,189,652.227732392964,190.36507606506348,34,0.7318550558651195,1592.5166015625,50.75111842578428,2,2,10,0.0,0.134,0.05,0.6,0.05,0.25,0.05,277,781.5166622382915,231.62603378295898,49,0.5285096460459183,1657.40625,46.506031090442164,2,3,11,0.0,0.134,0.05,0.55,0.05,0.3,0.05
187,adaptive_ddqn_seed5,0,NOOP,0.076081,0.343038,0.274169,0,277,781.5166622382915,231.62603378295898,49,0.5285096460459183,1657.40625,46.506031090442164,2,3,11,0.0,0.134,0.05,0.55,0.05,0.3,0.05,272,770.692483177317,225.5847454071045,64,0.42040276527404785,1721.9697265625,42.506601247655716,2,4,12,0.67,0.1675,0.05,0.55,0.05,0.3,0.05
188,adaptive_ddqn_seed5,3,COMPACT_128KB,0.548,0.288858,0.396916,0,272,770.692483177317,225.5847454071045,64,0.42040276527404785,1721.9697265625,42.506601247655716,2,4,12,0.67,0.1675,0.05,0.55,0.05,0.3,0.05,226,695.2682229493383,124.17936325073242,16,1.57183837890625,1609.5625,25.882669338725055,2,0,13,0.67,0.201,0.05,0.55,0.05,0.3,0.05
189,adaptive_ddqn_seed5,0,NOOP,0.164804,-0.032131,0.158789,0,226,695.2682229493383,124.17936325073242,16,1.57183837890625,1609.5625,25.882669338725055,2,0,13,0.67,0.201,0.05,0.55,0.05,0.3,0.05,263,727.7910330972464,339.4603729248047,31,0.8433926490045363,1673.291015625,52.25769740799831,2,1,14,0.0,0.201,0.05,0.5,0.1,0.3,0.05
190,adaptive_ddqn_seed5,0,NOOP,0.128882,0.345334,0.327928,0,263,727.7910330972464,339.4603729248047,31,0.8433926490045363,1673.291015625,52.25769740799831,2,1,14,0.0,0.201,0.05,0.5,0.1,0.3,0.05,183,550.0679252422447,147.67956733703613,40,0.6694091796875,1713.6875,50.386515326876804,2,2,15,0.67,0.23450000000000001,0.05,0.5,0.1,0.3,0.05
191,adaptive_ddqn_seed5,0,NOOP,0.099494,-0.030921,0.095629,0,183,550.0679252422447,147.67956733703613,40,0.6694091796875,1713.6875,50.386515326876804,2,2,15,0.67,0.23450000000000001,0.05,0.5,0.1,0.3,0.05,201,601.0753797649757,258.2826614379883,52,0.529971196101262,1763.744140625,47.03407045653075,2,3,16,0.0,0.23450000000000001,0.05,0.5,0.05,0.35,0.05
192,adaptive_ddqn_seed5,0,NOOP,0.080776,-0.030182,0.076392,0,201,601.0753797649757,258.2826614379883,52,0.529971196101262,1763.744140625,47.03407045653075,2,3,16,0.0,0.23450000000000001,0.05,0.5,0.05,0.35,0.05,249,756.1232986203621,299.1831302642822,64,0.4438788890838623,1818.1279296875,43.870146869607105,2,4,17,0.0,0.23450000000000001,0.05,0.5,0.05,0.35,0.05
193,adaptive_ddqn_seed5,3,COMPACT_128KB,0.54775,0.292454,0.3965,0,249,756.1232986203621,299.1831302642822,64,0.4438788890838623,1818.1279296875,43.870146869607105,2,4,17,0.0,0.23450000000000001,0.05,0.5,0.05,0.35,0.05,277,683.462217638965,135.00714302062988,18,1.4898444281684027,1716.30078125,28.72634362877381,2,0,18,0.67,0.268,0.05,0.5,0.05,0.35,0.05
194,adaptive_ddqn_seed5,0,NOOP,0.196625,0.34786,0.395678,0,277,683.462217638965,135.00714302062988,18,1.4898444281684027,1716.30078125,28.72634362877381,2,0,18,0.67,0.268,0.05,0.5,0.05,0.35,0.05,150,517.789738778332,131.08158111572266,27,1.014871667932581,1753.6982421875,49.587076880702654,2,1,19,0.67,0.3015,0.05,0.5,0.05,0.35,0.05
195,adaptive_ddqn_seed5,0,NOOP,0.13016,0.348578,0.329175,0,150,517.789738778332,131.08158111572266,27,1.014871667932581,1753.6982421875,49.587076880702654,2,1,19,0.67,0.3015,0.05,0.5,0.05,0.35,0.05,292,811.6155336177138,151.76057815551758,42,0.6770499093191964,1819.91015625,49.20894693482174,2,2,20,0.67,0.335,0.05,0.5,0.05,0.35,0.05
196,adaptive_ddqn_seed5,0,NOOP,0.107572,-0.027876,0.098884,0,292,811.6155336177138,151.76057815551758,42,0.6770499093191964,1819.91015625,49.20894693482174,2,2,20,0.67,0.335,0.05,0.5,0.05,0.35,0.05,175,585.51487193314,498.126745223999,51,0.5697344611672794,1859.61328125,47.01350461262128,2,3,21,0.0,0.335,0.05,0.5,0.1,0.3,0.05
197,adaptive_ddqn_seed5,0,NOOP,0.087025,0.349575,0.28623,0,175,585.51487193314,498.126745223999,51,0.5697344611672794,1859.61328125,47.01350461262128,2,3,21,0.0,0.335,0.05,0.5,0.1,0.3,0.05,238,727.2955033102788,168.49446296691895,63,0.47450135246155756,1913.189453125,44.0790275449839,2,4,22,0.67,0.3685,0.05,0.55,0.1,0.25,0.05
198,adaptive_ddqn_seed5,3,COMPACT_128KB,0.54775,0.294994,0.396964,0,238,727.2955033102788,168.49446296691895,63,0.47450135246155756,1913.189453125,44.0790275449839,2,4,22,0.67,0.3685,0.05,0.55,0.1,0.25,0.05,206,654.7049970486141,111.78064346313477,18,1.5699496799045138,1808.58203125,25.628800040182096,2,0,23,0.67,0.402,0.05,0.6,0.1,0.25,0.0
199,adaptive_ddqn_seed5,0,NOOP,0.196625,0.350384,0.395874,0,206,654.7049970486141,111.78064346313477,18,1.5699496799045138,1808.58203125,25.628800040182096,2,0,23,0.67,0.402,0.05,0.6,0.1,0.25,0.0,191,622.3994095413457,121.29640579223633,27,1.0705102991174769,1849.841796875,50.513881860292386,2,1,24,0.67,0.43550000000000005,0.05,0.65,0.1,0.2,0.0
200,adaptive_ddqn_seed5,0,NOOP,0.147561,0.342447,0.3467,0,191,622.3994095413457,121.29640579223633,27,1.0705102991174769,1849.841796875,50.513881860292386,2,1,24,0.67,0.43550000000000005,0.05,0.65,0.1,0.2,0.0,228,533.7080643775051,141.79420471191406,39,0.7621804261818911,1902.40234375,51.431570565652876,2,2,25,0.67,0.43550000000000005,0.05,0.65,0.1,0.2,0.0
201,adaptive_ddqn_seed5,0,NOOP,0.106993,-0.03393,0.098014,0,228,533.7080643775051,141.79420471191406,39,0.7621804261818911,1902.40234375,51.431570565652876,2,2,25,0.67,0.43550000000000005,0.05,0.65,0.1,0.2,0.0,257,718.3745698993882,516.4780616760254,54,0.5687154134114584,1965.48046875,47.98687887980472,2,3,26,0.0,0.402,0.05,0.6,0.15,0.2,0.0
202,adaptive_ddqn_seed5,0,NOOP,0.087233,-0.033554,0.08251,0,257,718.3745698993882,516.4780616760254,54,0.5687154134114584,1965.48046875,47.98687887980472,2,3,26,0.0,0.402,0.05,0.6,0.15,0.2,0.0,214,601.5229090840857,318.6519145965576,66,0.47741398666844226,2016.5966796875,45.09658212198678,2,4,27,0.0,0.36850000000000005,0.05,0.55,0.15,0.25,0.0
203,adaptive_ddqn_seed5,3,COMPACT_128KB,0.5475,0.288654,0.39641,0,214,601.5229090840857,318.6519145965576,66,0.47741398666844226,2016.5966796875,45.09658212198678,2,4,27,0.0,0.36850000000000005,0.05,0.55,0.15,0.25,0.0,206,619.8551448902625,129.50992584228516,20,1.491175079345703,1908.7041015625,28.120233395127247,2,0,28,0.67,0.36850000000000005,0.05,0.55,0.15,0.25,0.0
204,adaptive_ddqn_seed5,0,NOOP,0.187492,-0.024521,0.184891,0,206,619.8551448902625,129.50992584228516,20,1.491175079345703,1908.7041015625,28.120233395127247,2,0,28,0.67,0.36850000000000005,0.05,0.55,0.15,0.25,0.0,224,684.118657137552,170.03798484802246,32,0.9574594497680664,1960.876953125,49.921628398094576,2,1,29,0.0,0.36850000000000005,0.0,0.55,0.15,0.3,0.0
205,adaptive_ddqn_seed5,0,NOOP,0.137505,0.352677,0.336683,0,224,684.118657137552,170.03798484802246,32,0.9574594497680664,1960.876953125,49.921628398094576,2,1,29,0.0,0.36850000000000005,0.0,0.55,0.15,0.3,0.0,230,673.5288055787507,146.09551429748535,44,0.7150265086780895,2013.5146484375,49.53476711589139,2,2,30,0.67,0.402,0.0,0.6,0.15,0.25,0.0
206,adaptive_ddqn_seed5,0,NOOP,0.102704,-0.023845,0.097188,0,230,673.5288055787507,146.09551429748535,44,0.7150265086780895,2013.5146484375,49.53476711589139,2,2,30,0.67,0.402,0.0,0.6,0.15,0.25,0.0,276,785.8532873889066,349.57027435302734,59,0.550395900920286,2078.294921875,46.373226986575325,2,3,31,0.0,0.402,0.0,0.6,0.15,0.25,0.0
207,adaptive_ddqn_seed5,0,NOOP,0.084932,-0.031975,0.081494,0,276,785.8532873889066,349.57027435302734,59,0.550395900920286,2078.294921875,46.373226986575325,2,3,31,0.0,0.402,0.0,0.6,0.15,0.25,0.0,234,714.6102356872939,260.65778732299805,71,0.4690364783918354,2131.3017578125,43.785130062414225,2,4,32,0.0,0.36850000000000005,0.0,0.55,0.15,0.25,0.05
208,adaptive_ddqn_seed5,3,COMPACT_128KB,0.5475,-0.086802,0.192808,0,234,714.6102356872939,260.65778732299805,71,0.4690364783918354,2131.3017578125,43.785130062414225,2,4,32,0.0,0.36850000000000005,0.0,0.55,0.15,0.25,0.05,181,609.5466544623896,259.6144676208496,20,1.5677375793457031,2006.7041015625,21.406791231433335,2,0,33,0.0,0.3350000000000001,0.0,0.5,0.2,0.25,0.05
209,adaptive_ddqn_seed5,0,NOOP,0.196,-0.023217,0.189865,0,181,609.5466544623896,259.6144676208496,20,1.5677375793457031,2006.7041015625,21.406791231433335,2,0,33,0.0,0.3350000000000001,0.0,0.5,0.2,0.25,0.05,220,694.0947251631344,346.7733860015869,32,1.00510835647583,2058.4619140625,50.117151349848584,2,1,34,0.0,0.3350000000000001,0.0,0.5,0.2,0.25,0.05
210,adaptive_ddqn_seed5,0,NOOP,0.144558,-0.031366,0.141881,0,220,694.0947251631344,346.7733860015869,32,1.00510835647583,2058.4619140625,50.117151349848584,2,1,34,0.0,0.3350000000000001,0.0,0.5,0.2,0.25,0.05,248,781.8488838111273,188.85540962219238,44,0.7502899169921875,2112.81640625,50.36525426881496,2,2,35,0.0,0.30150000000000005,0.0,0.45,0.2,0.25,0.1
211,adaptive_ddqn_seed5,0,NOOP,0.113932,-0.022811,0.111226,0,248,781.8488838111273,188.85540962219238,44,0.7502899169921875,2112.81640625,50.36525426881496,2,2,35,0.0,0.30150000000000005,0.0,0.45,0.2,0.25,0.1,248,734.491874029092,205.2919864654541,56,0.604661396571568,2167.1064453125,48.03795297265833,2,3,36,0.0,0.30150000000000005,0.0,0.45,0.2,0.2,0.15
212,adaptive_ddqn_seed5,0,NOOP,0.098027,-0.02267,0.091492,0,248,734.491874029092,205.2919864654541,56,0.604661396571568,2167.1064453125,48.03795297265833,2,3,36,0.0,0.30150000000000005,0.0,0.45,0.2,0.2,0.15,187,633.2563480260364,408.0178737640381,65,0.5307612492487981,2207.966796875,46.09280353801905,2,4,37,0.0,0.30150000000000005,0.05,0.45,0.2,0.15,0.15
213,adaptive_ddqn_seed5,3,COMPACT_128KB,0.547375,0.291019,0.396631,0,187,633.2563480260364,408.0178737640381,65,0.5307612492487981,2207.966796875,46.09280353801905,2,4,37,0.0,0.30150000000000005,0.05,0.45,0.2,0.15,0.15,279,765.1087082453399,113.45362663269043,21,1.5711851574125744,2111.6728515625,21.441165229540047,2,0,38,0.67,0.30150000000000005,0.05,0.45,0.2,0.15,0.15
214,adaptive_ddqn_seed5,0,NOOP,0.184273,-0.030752,0.181441,0,279,765.1087082453399,113.45362663269043,21,1.5711851574125744,2111.6728515625,21.441165229540047,2,0,38,0.67,0.30150000000000005,0.05,0.45,0.2,0.15,0.15,256,712.9911286295592,186.60259246826172,36,0.9438629150390625,2174.66015625,50.83349714200668,2,1,39,0.0,0.268,0.05,0.4,0.2,0.2,0.15
215,adaptive_ddqn_seed5,0,NOOP,0.130762,-0.030666,0.12589,0,256,712.9911286295592,186.60259246826172,36,0.9438629150390625,2174.66015625,50.83349714200668,2,1,39,0.0,0.268,0.05,0.4,0.2,0.2,0.15,262,735.1157640394493,307.34872817993164,51,0.6856865976371017,2238.0810546875,49.77295062441081,2,2,40,0.0,0.23450000000000001,0.05,0.35,0.2,0.25,0.15
216,adaptive_ddqn_seed5,6,PARTITION_EVENT_TYPE,-0.080964,-0.122198,0.096732,0,262,735.1157640394493,307.34872817993164,51,0.6856865976371017,2238.0810546875,49.77295062441081,2,2,40,0.0,0.23450000000000001,0.05,0.35,0.2,0.25,0.15,289,792.6071018259689,288.6056900024414,66,0.5455206668738163,2304.279296875,46.728775876434405,3,3,0,0.0,0.23450000000000001,0.05,0.35,0.15,0.25,0.2
217,adaptive_ddqn_seed5,0,NOOP,0.088359,-0.038542,0.07646,0,289,792.6071018259689,288.6056900024414,66,0.5455206668738163,2304.279296875,46.728775876434405,3,3,0,0.0,0.23450000000000001,0.05,0.35,0.15,0.25,0.2,194,633.3833919730984,688.6827945709229,75,0.488668212890625,2345.607421875,44.908407519718914,3,4,1,0.0,0.201,0.05,0.3,0.2,0.25,0.2
218,adaptive_ddqn_seed5,3,COMPACT_128KB,0.547,-0.097057,0.19183,0,194,633.3833919730984,688.6827945709229,75,0.488668212890625,2345.607421875,44.908407519718914,3,4,1,0.0,0.201,0.05,0.3,0.2,0.25,0.2,276,783.760187079643,288.50436210632324,24,1.4513282775878906,2229.240234375,39.5011139664324,3,0,2,0.0,0.16750000000000004,0.05,0.25,0.25,0.25,0.2
219,adaptive_ddqn_seed5,0,NOOP,0.195875,-0.042144,0.189804,0,276,783.760187079643,288.50436210632324,24,1.4513282775878906,2229.240234375,39.5011139664324,3,0,2,0.0,0.16750000000000004,0.05,0.25,0.25,0.25,0.2,168,573.6117847792959,344.79379653930664,33,1.0739690607244319,2268.22265625,52.211774564371034,3,1,3,0.0,0.134,0.05,0.2,0.3,0.25,0.2
220,adaptive_ddqn_seed5,0,NOOP,0.145797,0.334605,0.34434,0,168,573.6117847792959,344.79379653930664,33,1.0739690607244319,2268.22265625,52.211774564371034,3,1,3,0.0,0.134,0.05,0.2,0.3,0.25,0.2,264,748.9600600631069,182.83438682556152,48,0.7589852015177408,2331.6025390625,52.62756741852359,3,2,4,0.67,0.134,0.05,0.15,0.3,0.3,0.2
221,adaptive_ddqn_seed5,0,NOOP,0.116555,0.342888,0.315295,0,264,748.9600600631069,182.83438682556152,48,0.7589852015177408,2331.6025390625,52.62756741852359,3,2,4,0.67,0.134,0.05,0.15,0.3,0.3,0.2,205,626.4405989357176,187.99424171447754,60,0.6202766418457031,2381.8623046875,50.271316038188054,3,3,5,0.67,0.1675,0.05,0.15,0.25,0.35,0.2
222,adaptive_ddqn_seed5,0,NOOP,0.09667,-0.034105,0.093331,0,205,626.4405989357176,187.99424171447754,60,0.6202766418457031,2381.8623046875,50.271316038188054,3,3,5,0.67,0.1675,0.05,0.15,0.25,0.35,0.2,233,686.5508253521542,256.95037841796875,72,0.5283512539333768,2434.642578125,47.706155855341855,3,4,6,0.0,0.1675,0.05,0.15,0.25,0.3,0.25
223,adaptive_ddqn_seed5,3,COMPACT_128KB,0.547125,-0.097601,0.193549,0,233,686.5508253521542,256.95037841796875,72,0.5283512539333768,2434.642578125,47.706155855341855,3,4,6,0.0,0.1675,0.05,0.15,0.25,0.3,0.25,258,580.9307149149672,207.55839347839355,23,1.5784162438434104,2323.4287109375,28.851274022686813,3,0,7,0.0,0.134,0.1,0.1,0.25,0.3,0.25
224,adaptive_ddqn_seed5,0,NOOP,0.196,-0.034311,0.193904,0,258,580.9307149149672,207.55839347839355,23,1.5784162438434104,2323.4287109375,28.851274022686813,3,0,7,0.0,0.134,0.1,0.1,0.25,0.3,0.25,154,527.1406352395635,144.81401443481445,32,1.1528606414794922,2361.05859375,50.476986931781695,3,1,8,0.0,0.134,0.1,0.1,0.25,0.25,0.3
225,adaptive_ddqn_seed5,0,NOOP,0.158757,-0.042911,0.155258,0,154,527.1406352395635,144.81401443481445,32,1.1528606414794922,2361.05859375,50.476986931781695,3,1,8,0.0,0.134,0.1,0.1,0.25,0.25,0.3,258,670.8157375976037,232.4209213256836,46,0.8225326538085938,2421.5361328125,52.91580205165948,3,2,9,0.0,0.1005,0.1,0.1,0.25,0.25,0.3
226,adaptive_ddqn_seed5,0,NOOP,0.119813,-0.034758,0.114417,0,258,670.8157375976037,232.4209213256836,46,0.8225326538085938,2421.5361328125,52.91580205165948,3,2,9,0.0,0.1005,0.1,0.1,0.25,0.25,0.3,292,779.5726947059138,346.0516929626465,61,0.6371912721727715,2487.5947265625,50.39102119671467,3,3,10,0.0,0.1005,0.15,0.1,0.25,0.2,0.3
227,adaptive_ddqn_seed5,0,NOOP,0.095355,0.34189,0.294132,0,292,779.5726947059138,346.0516929626465,61,0.6371912721727715,2487.5947265625,50.39102119671467,3,3,10,0.0,0.1005,0.15,0.1,0.25,0.2,0.3,254,716.594055250254,206.15577697753906,76,0.5242765326248972,2550.0810546875,47.4019999261898,3,4,11,0.67,0.134,0.15,0.1,0.25,0.25,0.25
228,adaptive_ddqn_seed5,3,COMPACT_128KB,0.547,-0.090189,0.193607,0,254,716.594055250254,206.15577697753906,76,0.5242765326248972,2550.0810546875,47.4019999261898,3,4,11,0.67,0.134,0.15,0.1,0.25,0.25,0.25,248,760.5738314681914,199.65028762817383,24,1.5829105377197266,2431.3505859375,29.224012402460787,3,0,12,0.0,0.134,0.2,0.1,0.2,0.25,0.25
229,adaptive_ddqn_seed5,0,NOOP,0.195125,-0.035421,0.18796,0,248,760.5738314681914,199.65028762817383,24,1.5829105377197266,2431.3505859375,29.224012402460787,3,0,12,0.0,0.134,0.2,0.1,0.2,0.25,0.25,279,777.0427336352409,406.9855213165283,39,1.0001455453725963,2496.36328125,52.93301856615302,3,1,13,0.0,0.134,0.2,0.1,0.2,0.25,0.25
230,adaptive_ddqn_seed5,0,NOOP,0.149695,-0.035579,0.144718,0,279,777.0427336352409,406.9855213165283,39,1.0001455453725963,2496.36328125,52.93301856615302,3,1,13,0.0,0.134,0.2,0.1,0.2,0.25,0.25,210,629.5705601280864,312.58535385131836,51,0.7803479362936581,2547.0556640625,52.78041512231282,3,2,14,0.0,0.134,0.25,0.1,0.2,0.25,0.2
231,adaptive_ddqn_seed5,0,NOOP,0.121116,-0.035816,0.11567,0,210,629.5705601280864,312.58535385131836,51,0.7803479362936581,2547.0556640625,52.78041512231282,3,2,14,0.0,0.134,0.25,0.1,0.2,0.25,0.2,240,723.7668002804091,351.06801986694336,63,0.6449553474547371,2600.4599609375,50.70789389342499,3,3,15,0.0,0.134,0.3,0.1,0.2,0.25,0.15
232,adaptive_ddqn_seed5,0,NOOP,0.105614,-0.036027,0.094389,0,240,723.7668002804091,351.06801986694336,63,0.6449553474547371,2600.4599609375,50.70789389342499,3,3,15,0.0,0.134,0.3,0.1,0.2,0.25,0.15,184,614.5593347884703,651.2410640716553,72,0.5730692545572916,2640.703125,48.94843742329639,3,4,16,0.0,0.134,0.25,0.1,0.25,0.25,0.15
233,adaptive_ddqn_seed5,3,COMPACT_128KB,0.546875,-0.099628,0.194947,0,184,614.5593347884703,651.2410640716553,72,0.5730692545572916,2640.703125,48.94843742329639,3,4,16,0.0,0.134,0.25,0.1,0.25,0.25,0.15,256,725.2669907962159,127.66575813293457,25,1.5850341796875,2536.0546875,25.903648758177287,3,0,17,0.0,0.1005,0.25,0.05,0.25,0.25,0.2
234,adaptive_ddqn_seed5,0,NOOP,0.195,-0.036497,0.18691,0,256,725.2669907962159,127.66575813293457,25,1.5850341796875,2536.0546875,25.903648758177287,3,0,17,0.0,0.1005,0.25,0.05,0.25,0.25,0.2,262,734.3082041615186,454.4789791107178,40,1.0154094696044922,2599.4482421875,51.820620588131106,3,1,18,0.0,0.1005,0.25,0.05,0.3,0.2,0.2
235,adaptive_ddqn_seed5,0,NOOP,0.144541,-0.036803,0.141835,0,262,734.3082041615186,454.4789791107178,40,1.0154094696044922,2599.4482421875,51.820620588131106,3,1,18,0.0,0.1005,0.25,0.05,0.3,0.2,0.2,286,782.0159001582193,204.03552055358887,55,0.7570798006924716,2664.9208984375,51.79248616078085,3,2,19,0.0,0.1005,0.25,0.05,0.3,0.15,0.25
236,adaptive_ddqn_seed5,0,NOOP,0.124062,-0.036953,0.118505,0,286,782.0159001582193,204.03552055358887,55,0.7570798006924716,2664.9208984375,51.79248616078085,3,2,19,0.0,0.1005,0.25,0.05,0.3,0.15,0.25,175,602.1350269606013,357.84435272216797,64,0.6603076457977295,2704.6201171875,50.374829538773454,3,3,20,0.0,0.1005,0.3,0.05,0.3,0.15,0.2
237,adaptive_ddqn_seed5,0,NOOP,0.099621,0.339632,0.29831,0,175,602.1350269606013,357.84435272216797,64,0.6603076457977295,2704.6201171875,50.374829538773454,3,3,20,0.0,0.1005,0.3,0.05,0.3,0.15,0.2,264,721.0579563769206,214.31326866149902,79,0.5474812954286986,2768.0654296875,47.700007896058935,3,4,21,0.67,0.134,0.3,0.05,0.25,0.2,0.2
238,adaptive_ddqn_seed5,3,COMPACT_128KB,0.546875,-0.092429,0.194715,0,264,721.0579563769206,214.31326866149902,79,0.5474812954286986,2768.0654296875,47.700007896058935,3,4,21,0.67,0.134,0.3,0.05,0.25,0.2,0.2,227,668.6407667717269,139.24694061279297,25,1.649962158203125,2639.939453125,22.68984260395771,3,0,22,0.0,0.134,0.3,0.1,0.2,0.2,0.2
239,adaptive_ddqn_seed5,0,NOOP,0.195,0.339085,0.393933,0,227,668.6407667717269,139.24694061279297,25,1.649962158203125,2639.939453125,22.68984260395771,3,0,22,0.0,0.134,0.3,0.1,0.2,0.2,0.2,267,762.9940445977259,153.36060523986816,40,1.056081771850586,2703.5693359375,52.79360962199595,3,1,23,0.67,0.1675,0.3,0.1,0.15,0.25,0.2
240,adaptive_ddqn_seed5,0,NOOP,0.168682,-0.04631,0.165143,0,267,762.9940445977259,153.36060523986816,40,1.056081771850586,2703.5693359375,52.79360962199595,3,1,23,0.67,0.1675,0.3,0.1,0.15,0.25,0.2,150,437.17504356841283,238.21067810058594,49,0.8740352708466199,2740.974609375,53.672385214635476,3,2,24,0.0,0.134,0.3,0.15,0.15,0.2,0.2
241,adaptive_ddqn_seed5,0,NOOP,0.135526,-0.046596,0.130253,0,150,437.17504356841283,238.21067810058594,49,0.8740352708466199,2740.974609375,53.672385214635476,3,2,24,0.0,0.134,0.3,0.15,0.15,0.2,0.2,241,723.0224096568239,339.94603157043457,61,0.7157572761910861,2794.31640625,52.25973005014714,3,3,25,0.0,0.1005,0.35,0.15,0.15,0.15,0.2
242,adaptive_ddqn_seed5,5,PARTITION_REGION,-0.069192,-0.138422,0.109391,0,241,723.0224096568239,339.94603157043457,61,0.7157572761910861,2794.31640625,52.25973005014714,3,3,25,0.0,0.1005,0.35,0.15,0.15,0.15,0.2,200,588.2016204523383,253.0505657196045,73,0.6087583777022688,2844.119140625,50.17802727205469,2,4,0,0.0,0.1005,0.35,0.15,0.15,0.15,0.2
243,adaptive_ddqn_seed5,3,COMPACT_128KB,0.546625,-0.084165,0.193731,0,200,588.2016204523383,253.0505657196045,73,0.6087583777022688,2844.119140625,50.17802727205469,2,4,0,0.0,0.1005,0.35,0.15,0.15,0.15,0.2,199,582.8680718352457,178.46989631652832,27,1.583486486364294,2736.2646484375,38.525304637655374,2,0,1,0.0,0.1005,0.3,0.15,0.15,0.2,0.2
244,adaptive_ddqn_seed5,0,NOOP,0.1955,0.347853,0.393588,0,199,582.8680718352457,178.46989631652832,27,1.583486486364294,2736.2646484375,38.525304637655374,2,0,1,0.0,0.1005,0.3,0.15,0.15,0.2,0.2,172,564.719627016855,190.59419631958008,36,1.2047242058648004,2775.6845703125,53.99852292791715,2,1,2,0.67,0.134,0.3,0.2,0.15,0.2,0.15
245,adaptive_ddqn_seed5,0,NOOP,0.167656,-0.028794,0.158979,0,172,564.719627016855,190.59419631958008,36,1.2047242058648004,2775.6845703125,53.99852292791715,2,1,2,0.67,0.134,0.3,0.2,0.15,0.2,0.15,271,745.3054407352231,497.56550788879395,51,0.8701530905330882,2840.1796875,56.24557245922159,2,2,3,0.0,0.134,0.3,0.15,0.2,0.2,0.15
246,adaptive_ddqn_seed5,0,NOOP,0.135644,-0.028637,0.131508,0,271,745.3054407352231,497.56550788879395,51,0.8701530905330882,2840.1796875,56.24557245922159,2,2,3,0.0,0.134,0.3,0.15,0.2,0.2,0.15,235,714.3706233393875,285.5405807495117,63,0.7175937228732638,2893.337890625,54.433906934311544,2,3,4,0.0,0.134,0.25,0.15,0.2,0.25,0.15
247,adaptive_ddqn_seed5,0,NOOP,0.118231,0.339928,0.316553,0,235,714.3706233393875,285.5405807495117,63,0.7175937228732638,2893.337890625,54.433906934311544,2,3,4,0.0,0.134,0.25,0.15,0.2,0.25,0.15,158,507.5617521946856,223.86980056762695,72,0.6361531151665581,2931.3935546875,52.7295240091626,2,4,5,0.67,0.134,0.25,0.2,0.2,0.2,0.15
248,adaptive_ddqn_seed5,3,COMPACT_128KB,0.546625,-0.083449,0.18557,0,158,507.5617521946856,223.86980056762695,72,0.6361531151665581,2931.3935546875,52.7295240091626,2,4,5,0.67,0.134,0.25,0.2,0.2,0.2,0.15,222,655.2474715772348,586.4760875701904,27,1.6359230324074074,2826.875,31.964943376936862,2,0,6,0.0,0.134,0.2,0.2,0.25,0.2,0.15
249,adaptive_ddqn_seed5,0,NOOP,0.195125,0.348543,0.393752,0,222,655.2474715772348,586.4760875701904,27,1.6359230324074074,2826.875,31.964943376936862,2,0,6,0.0,0.134,0.2,0.2,0.25,0.2,0.15,200,612.9232082173104,167.39463806152344,39,1.1525577642978766,2876.7841796875,53.93614946137184,2,1,7,0.67,0.1675,0.2,0.25,0.2,0.2,0.15
250,adaptive_ddqn_seed5,0,NOOP,0.16352,0.348704,0.362614,0,200,612.9232082173104,167.39463806152344,39,1.1525577642978766,2876.7841796875,53.93614946137184,2,1,7,0.67,0.1675,0.2,0.25,0.2,0.2,0.15,284,809.8647889200804,162.83273696899414,54,0.8513508549442997,2942.2685546875,55.41029570198515,2,2,8,0.67,0.201,0.15,0.3,0.2,0.2,0.15
251,adaptive_ddqn_seed5,0,NOOP,0.154957,-0.028146,0.150964,0,284,809.8647889200804,162.83273696899414,54,0.8513508549442997,2942.2685546875,55.41029570198515,2,2,8,0.67,0.201,0.15,0.3,0.2,0.2,0.15,67,274.50411094320674,270.8735466003418,57,0.8104092782003838,2956.373046875,55.060490805373504,2,3,9,0.0,0.201,0.1,0.3,0.2,0.25,0.15
252,adaptive_ddqn_seed5,0,NOOP,0.147202,-0.028107,0.142235,0,67,274.50411094320674,270.8735466003418,57,0.8104092782003838,2956.373046875,55.060490805373504,2,3,9,0.0,0.201,0.1,0.3,0.2,0.25,0.15,66,267.3863938429203,323.36974143981934,60,0.7735117594401042,2970.28515625,54.63766325475454,2,4,10,0.0,0.201,0.1,0.3,0.15,0.3,0.15
253,adaptive_ddqn_seed5,3,COMPACT_128KB,0.164125,-0.083076,0.194725,0,66,267.3863938429203,323.36974143981934,60,0.7735117594401042,2970.28515625,54.63766325475454,2,4,10,0.0,0.201,0.1,0.3,0.15,0.3,0.15,67,271.20665368305447,128.7527084350586,27,1.6699936478226274,2885.7490234375,27.81576803199824,2,0,11,0.0,0.201,0.1,0.3,0.15,0.3,0.15
254,adaptive_ddqn_seed5,0,NOOP,0.19625,-0.028048,0.189889,0,67,271.20665368305447,128.7527084350586,27,1.6699936478226274,2885.7490234375,27.81576803199824,2,0,11,0.0,0.201,0.1,0.3,0.15,0.3,0.15,48,198.5972697222077,355.55052757263184,30,1.5094406127929687,2898.1259765625,40.94768013986002,2,1,12,0.0,0.201,0.1,0.3,0.15,0.3,0.15
255,adaptive_ddqn_seed5,0,NOOP,0.195875,0.348839,0.394803,0,48,198.5972697222077,355.55052757263184,30,1.5094406127929687,2898.1259765625,40.94768013986002,2,1,12,0.0,0.201,0.1,0.3,0.15,0.3,0.15,51,214.85464960360628,144.84834671020508,33,1.378177527225379,2910.7109375,47.40657350448029,2,2,13,0.67,0.23450000000000001,0.1,0.35,0.15,0.3,0.1
256,adaptive_ddqn_seed5,0,NOOP,0.1955,-0.027998,0.192598,0,51,214.85464960360628,144.84834671020508,33,1.378177527225379,2910.7109375,47.40657350448029,2,2,13,0.67,0.23450000000000001,0.1,0.35,0.15,0.3,0.1,65,270.9170225832288,190.1073455810547,36,1.2693667941623263,2924.62109375,51.02413916682981,2,3,14,0.0,0.23450000000000001,0.05,0.35,0.15,0.35,0.1
257,adaptive_ddqn_seed5,0,NOOP,0.195125,-0.036358,0.192853,0,65,270.9170225832288,190.1073455810547,36,1.2693667941623263,2924.62109375,51.02413916682981,2,3,14,0.0,0.23450000000000001,0.05,0.35,0.15,0.35,0.1,42,181.69876464769717,162.34517097473145,39,1.1764244666466346,2936.35546875,53.2327049587252,2,4,15,0.0,0.201,0.05,0.35,0.15,0.3,0.15
258,adaptive_ddqn_seed5,3,COMPACT_128KB,-0.128375,0.293903,0.395494,0,42,181.69876464769717,162.34517097473145,39,1.1764244666466346,2936.35546875,53.2327049587252,2,4,15,0.0,0.201,0.05,0.35,0.15,0.3,0.15,33,140.47376545559172,140.31720161437988,27,1.6818819399233218,2906.2919921875,26.63634020229175,2,0,16,0.67,0.23450000000000001,0.05,0.35,0.15,0.3,0.15
259,adaptive_ddqn_seed5,0,NOOP,0.19625,-0.036328,0.18997,0,33,140.47376545559172,140.31720161437988,27,1.6818819399233218,2906.2919921875,26.63634020229175,2,0,16,0.67,0.23450000000000001,0.05,0.35,0.15,0.3,0.15,52,214.7155958967493,351.49431228637695,30,1.520306905110677,2918.9892578125,40.394542094736465,2,1,17,0.0,0.201,0.05,0.35,0.2,0.25,0.15
260,adaptive_ddqn_seed5,0,NOOP,0.195875,-0.027947,0.191861,0,52,214.7155958967493,351.49431228637695,30,1.520306905110677,2918.9892578125,40.394542094736465,2,1,17,0.0,0.201,0.05,0.35,0.2,0.25,0.15,45,195.18982393546887,241.95408821105957,33,1.3877970377604167,2931.02734375,47.12217601659148,2,2,18,0.0,0.201,0.1,0.3,0.2,0.25,0.15
261,adaptive_ddqn_seed5,0,NOOP,0.1955,-0.027912,0.191527,0,45,195.18982393546887,241.95408821105957,33,1.3877970377604167,2931.02734375,47.12217601659148,2,2,18,0.0,0.201,0.1,0.3,0.2,0.25,0.15,80,330.7409689085413,243.65854263305664,36,1.2787534925672743,2946.248046875,50.80621479103676,2,3,19,0.0,0.201,0.1,0.3,0.2,0.25,0.15
262,adaptive_ddqn_seed5,0,NOOP,0.195125,0.348981,0.393902,0,80,330.7409689085413,243.65854263305664,36,1.2787534925672743,2946.248046875,50.80621479103676,2,3,19,0.0,0.201,0.1,0.3,0.2,0.25,0.15,34,99.81929450633292,159.8832607269287,39,1.1847917605669072,2957.240234375,53.13064128431303,2,4,20,0.67,0.23450000000000001,0.1,0.35,0.2,0.25,0.1
263,adaptive_ddqn_seed5,3,COMPACT_128KB,0.164125,0.294008,0.395544,0,34,99.81929450633292,159.8832607269287,39,1.1847917605669072,2957.240234375,53.13064128431303,2,4,20,0.67,0.23450000000000001,0.1,0.35,0.2,0.25,0.1,70,299.9187689491448,137.80832290649414,27,1.6960720486111112,2930.8125,25.446289563166733,2,0,21,0.67,0.268,0.1,0.4,0.2,0.2,0.1
264,adaptive_ddqn_seed5,0,NOOP,0.19625,-0.036206,0.191717,0,70,299.9187689491448,137.80832290649414,27,1.6960720486111112,2930.8125,25.446289563166733,2,0,21,0.67,0.268,0.1,0.4,0.2,0.2,0.1,68,263.52508458853293,264.1627788543701,30,1.533837890625,2944.96875,39.802876642405074,2,1,22,0.0,0.23450000000000001,0.15,0.35,0.2,0.2,0.1
265,adaptive_ddqn_seed5,5,PARTITION_REGION,-0.25867,-0.277821,0.193763,0,68,263.52508458853293,264.1627788543701,30,1.533837890625,2944.96875,39.802876642405074,2,1,22,0.0,0.23450000000000001,0.15,0.35,0.2,0.2,0.1,33,139.6225595916597,146.82912826538086,33,1.3995749733664773,2955.90234375,46.87429555941609,2,2,23,0.0,0.23450000000000001,0.15,0.35,0.15,0.2,0.15
266,adaptive_ddqn_seed5,5,PARTITION_REGION,-0.259045,-0.277806,0.192281,0,33,139.6225595916597,146.82912826538086,33,1.3995749733664773,2955.90234375,46.87429555941609,2,2,23,0.0,0.23450000000000001,0.15,0.35,0.15,0.2,0.15,48,195.36483858571822,205.9314250946045,36,1.2882893880208333,2968.21875,50.8215963471363,2,3,24,0.0,0.23450000000000001,0.15,0.35,0.15,0.2,0.15
267,adaptive_ddqn_seed5,0,NOOP,0.195125,-0.036168,0.192658,0,48,195.36483858571822,205.9314250946045,36,1.2882893880208333,2968.21875,50.8215963471363,2,3,24,0.0,0.23450000000000001,0.15,0.35,0.15,0.2,0.15,36,148.55975253642296,172.11294174194336,39,1.1936751145582933,2979.4130859375,53.202632038544756,2,4,25,0.0,0.201,0.15,0.3,0.15,0.2,0.2
268,adaptive_ddqn_seed5,3,COMPACT_128KB,-0.1285,-0.082785,0.194385,0,36,148.55975253642296,172.11294174194336,39,1.1936751145582933,2979.4130859375,53.202632038544756,2,4,25,0.0,0.201,0.15,0.3,0.15,0.2,0.2,45,193.33460349458235,140.74945449829102,28,1.6480091639927454,2953.232421875,30.242983381060693,2,0,26,0.0,0.201,0.15,0.3,0.1,0.2,0.25
269,adaptive_ddqn_seed5,5,PARTITION_REGION,-0.25842,-0.286152,0.19314,0,45,193.33460349458235,140.74945449829102,28,1.6480091639927454,2953.232421875,30.242983381060693,2,0,26,0.0,0.201,0.15,0.3,0.1,0.2,0.25,60,258.9625373278699,187.97969818115234,31,1.495267314295615,2966.6103515625,41.77188585112182,2,1,27,0.0,0.16750000000000004,0.15,0.25,0.1,0.25,0.25
270,adaptive_ddqn_seed5,0,NOOP,0.19575,-0.036127,0.191536,0,60,258.9625373278699,187.97969818115234,31,1.495267314295615,2966.6103515625,41.77188585112182,2,1,27,0.0,0.16750000000000004,0.15,0.25,0.1,0.25,0.25,66,271.30703543444065,253.1883716583252,34,1.3697397568646599,2980.5537109375,47.680710420480025,2,2,28,0.0,0.134,0.2,0.2,0.1,0.25,0.25
271,adaptive_ddqn_seed5,6,PARTITION_EVENT_TYPE,0.013557,-0.127742,0.190787,0,66,271.30703543444065,253.1883716583252,34,1.3697397568646599,2980.5537109375,47.680710420480025,2,2,28,0.0,0.134,0.2,0.2,0.1,0.25,0.25,31,130.54101914089364,275.6514549255371,37,1.2631926665434967,2991.240234375,51.240930106412634,3,3,0,0.0,0.134,0.25,0.2,0.1,0.2,0.25
272,adaptive_ddqn_seed5,0,NOOP,0.195,-0.03518,0.192537,0,31,130.54101914089364,275.6514549255371,37,1.2631926665434967,2991.240234375,51.240930106412634,3,3,0,0.0,0.134,0.25,0.2,0.1,0.2,0.25,36,149.95545280118222,173.1736660003662,40,1.172787857055664,3002.3369140625,53.35922638668608,3,4,1,0.0,0.134,0.25,0.2,0.1,0.15,0.3
273,adaptive_ddqn_seed5,2,COMPACT_64KB,0.554591,-0.084362,0.191363,0,36,149.95545280118222,173.1736660003662,40,1.172787857055664,3002.3369140625,53.35922638668608,3,4,1,0.0,0.134,0.25,0.2,0.1,0.15,0.3,78,320.54762275686716,251.84965133666992,36,1.3023321363661025,3000.5732421875,32.82024635203951,3,0,2,0.0,0.134,0.3,0.2,0.1,0.15,0.25
274,adaptive_ddqn_seed5,0,NOOP,0.195125,-0.034379,0.190972,0,78,320.54762275686716,251.84965133666992,36,1.3023321363661025,3000.5732421875,32.82024635203951,3,0,2,0.0,0.134,0.3,0.2,0.1,0.15,0.25,42,173.62206614877266,256.38842582702637,39,1.2068649683243189,3012.3349609375,38.10435009926571,3,1,3,0.0,0.134,0.35,0.2,0.05,0.15,0.25
275,adaptive_ddqn_seed5,0,NOOP,0.19475,0.334075,0.392113,0,42,173.62206614877266,256.38842582702637,39,1.2068649683243189,3012.3349609375,38.10435009926571,3,1,3,0.0,0.134,0.35,0.2,0.05,0.15,0.25,78,341.4348592486373,234.3454360961914,42,1.1262446812220983,3027.345703125,41.23641284217091,3,2,4,0.67,0.134,0.35,0.15,0.05,0.2,0.25
276,adaptive_ddqn_seed5,0,NOOP,0.194375,-0.034445,0.18982,0,78,341.4348592486373,234.3454360961914,42,1.1262446812220983,3027.345703125,41.23641284217091,3,2,4,0.67,0.134,0.35,0.15,0.05,0.2,0.25,31,127.22884247503583,283.9789390563965,45,1.0548821343315973,3038.060546875,43.39591725678072,3,3,5,0.0,0.134,0.4,0.15,0.05,0.15,0.25
277,adaptive_ddqn_seed5,0,NOOP,0.192529,-0.03448,0.18935,0,31,127.22884247503583,283.9789390563965,45,1.0548821343315973,3038.060546875,43.39591725678072,3,3,5,0.0,0.134,0.4,0.15,0.05,0.15,0.25,39,165.2333287204502,218.97578239440918,48,0.9926465352376302,3049.41015625,44.789603753369015,3,4,6,0.0,0.134,0.4,0.2,0.05,0.15,0.2
278,adaptive_ddqn_seed5,2,COMPACT_64KB,0.217341,-0.092884,0.193564,0,39,165.2333287204502,218.97578239440918,48,0.9926465352376302,3049.41015625,44.789603753369015,3,4,6,0.0,0.134,0.4,0.2,0.05,0.15,0.2,38,157.81299705332532,151.81875228881836,34,1.3856160780962776,3015.1005859375,25.71754071218135,3,0,7,0.0,0.1005,0.4,0.15,0.05,0.15,0.25
279,adaptive_ddqn_seed5,0,NOOP,0.195375,-0.034562,0.191275,0,38,157.81299705332532,151.81875228881836,34,1.3856160780962776,3015.1005859375,25.71754071218135,3,0,7,0.0,0.1005,0.4,0.15,0.05,0.15,0.25,63,244.6786079381306,251.23906135559082,37,1.2790321143897805,3028.748046875,33.889219222338895,3,1,8,0.0,0.1005,0.45,0.15,0.0,0.15,0.25
280,adaptive_ddqn_seed5,0,NOOP,0.195,-0.034601,0.192498,0,63,244.6786079381306,251.23906135559082,37,1.2790321143897805,3028.748046875,33.889219222338895,3,1,8,0.0,0.1005,0.45,0.15,0.0,0.15,0.25,44,181.0258881137539,175.09174346923828,40,1.1877433776855468,3040.623046875,38.62664965559583,3,2,9,0.0,0.1005,0.4,0.15,0.0,0.15,0.3
281,adaptive_ddqn_seed5,0,NOOP,0.194625,-0.034632,0.192199,0,44,181.0258881137539,175.09174346923828,40,1.1877433776855468,3040.623046875,38.62664965559583,3,2,9,0.0,0.1005,0.4,0.15,0.0,0.15,0.3,51,207.66199294233,175.0352382659912,43,1.109456971634266,3053.2255859375,41.57179422176868,3,3,10,0.0,0.1005,0.35,0.15,0.0,0.15,0.35
282,adaptive_ddqn_seed5,0,NOOP,0.19425,-0.043067,0.188677,0,51,207.66199294233,175.0352382659912,43,1.109456971634266,3053.2255859375,41.57179422176868,3,3,10,0.0,0.1005,0.35,0.15,0.0,0.15,0.35,77,310.44190678324526,336.14110946655273,46,1.0421656732973845,3068.1357421875,43.416260464847475,3,4,11,0.0,0.067,0.35,0.15,0.0,0.15,0.35
283,adaptive_ddqn_seed5,2,COMPACT_64KB,0.554841,-0.093142,0.193617,0,77,310.44190678324526,336.14110946655273,46,1.0421656732973845,3068.1357421875,43.416260464847475,3,4,11,0.0,0.067,0.35,0.15,0.0,0.15,0.35,77,319.25170320871473,149.15227890014648,34,1.3979092766256893,3041.8505859375,24.151500267413706,3,0,12,0.0,0.0335,0.35,0.1,0.0,0.15,0.4
284,adaptive_ddqn_seed5,0,NOOP,0.195375,-0.034792,0.192627,0,77,319.25170320871473,149.15227890014648,34,1.3979092766256893,3041.8505859375,24.151500267413706,3,0,12,0.0,0.0335,0.35,0.1,0.0,0.15,0.4,52,215.31653544861766,183.62665176391602,37,1.2899235905827702,3054.5390625,33.03218536555573,3,1,13,0.0,0.0335,0.3,0.15,0.0,0.15,0.4
285,adaptive_ddqn_seed5,0,NOOP,0.195,-0.034828,0.190141,0,52,215.31653544861766,183.62665176391602,37,1.2899235905827702,3054.5390625,33.03218536555573,3,1,13,0.0,0.0335,0.3,0.15,0.0,0.15,0.4,66,243.42023536198138,292.9413318634033,40,1.1986061096191407,3068.431640625,37.939300315558015,3,2,14,0.0,0.0335,0.35,0.15,0.0,0.15,0.35
286,adaptive_ddqn_seed5,0,NOOP,0.194625,-0.034874,0.190213,0,66,243.42023536198138,292.9413318634033,40,1.1986061096191407,3068.431640625,37.939300315558015,3,2,14,0.0,0.0335,0.35,0.15,0.0,0.15,0.35,57,232.0124063266055,274.3535041809082,43,1.119722233262173,3081.4755859375,41.0443766431844,3,3,15,0.0,0.0335,0.4,0.15,0.0,0.1,0.35
287,adaptive_ddqn_seed5,0,NOOP,0.19425,-0.034924,0.191094,0,57,232.0124063266055,274.3535041809082,43,1.119722233262173,3081.4755859375,41.0443766431844,3,3,15,0.0,0.0335,0.4,0.15,0.0,0.1,0.35,72,298.11469507867236,215.29197692871094,46,1.0516151759935461,3095.955078125,43.021902515696276,3,4,16,0.0,0.0335,0.4,0.2,0.0,0.1,0.3
288,adaptive_ddqn_seed5,2,COMPACT_64KB,0.554716,-0.084958,0.191616,0,72,298.11469507867236,215.29197692871094,46,1.0516151759935461,3095.955078125,43.021902515696276,3,4,16,0.0,0.0335,0.4,0.2,0.0,0.1,0.3,58,242.7976334006691,244.19546127319336,35,1.3710187639508928,3071.08203125,25.937093203951164,3,0,17,0.0,0.0335,0.45,0.2,0.0,0.1,0.25
289,adaptive_ddqn_seed5,0,NOOP,0.19525,0.341888,0.394289,0,58,242.7976334006691,244.19546127319336,35,1.3710187639508928,3071.08203125,25.937093203951164,3,0,17,0.0,0.0335,0.45,0.2,0.0,0.1,0.25,30,128.98301262469914,145.5667018890381,38,1.267118353592722,3081.6318359375,33.88292303866514,3,1,18,0.67,0.067,0.45,0.2,0.0,0.1,0.25
290,adaptive_ddqn_seed5,0,NOOP,0.194875,-0.035031,0.190159,0,30,128.98301262469914,145.5667018890381,38,1.267118353592722,3081.6318359375,33.88292303866514,3,1,18,0.67,0.067,0.45,0.2,0.0,0.1,0.25,57,243.73778814951203,287.0454788208008,41,1.1793640881049923,3094.6513671875,38.36149925439307,3,2,19,0.0,0.067,0.45,0.2,0.0,0.1,0.25
291,adaptive_ddqn_seed5,0,NOOP,0.1945,-0.035112,0.191861,0,57,243.73778814951203,287.0454788208008,41,1.1793640881049923,3094.6513671875,38.36149925439307,3,2,19,0.0,0.067,0.45,0.2,0.0,0.1,0.25,77,318.71170611071966,186.92994117736816,44,1.1042483936656604,3109.5634765625,41.13925812946738,3,3,20,0.0,0.067,0.4,0.2,0.0,0.1,0.3
292,adaptive_ddqn_seed5,4,PARTITION_HOUR,0.012307,-0.135183,0.189297,0,77,318.71170611071966,186.92994117736816,44,1.1042483936656604,3109.5634765625,41.13925812946738,3,3,20,0.0,0.067,0.4,0.2,0.0,0.1,0.3,72,292.7393253198914,300.1573085784912,47,1.0385495449634308,3123.95703125,42.979533232675315,1,4,0,0.0,0.067,0.45,0.2,0.0,0.1,0.25
293,adaptive_ddqn_seed5,2,COMPACT_64KB,0.554716,-0.083726,0.19345,0,72,292.7393253198914,300.1573085784912,47,1.0385495449634308,3123.95703125,42.979533232675315,1,4,0,0.0,0.067,0.45,0.2,0.0,0.1,0.25,67,274.26486984493823,152.50754356384277,35,1.3826442173549107,3097.123046875,24.74910184857518,1,0,1,0.0,0.067,0.4,0.2,0.0,0.1,0.3
294,adaptive_ddqn_seed5,0,NOOP,0.1955,-0.033672,0.192958,0,67,274.26486984493823,152.50754356384277,35,1.3826442173549107,3097.123046875,24.74910184857518,1,0,1,0.0,0.067,0.4,0.2,0.0,0.1,0.3,36,164.5583357037066,172.07741737365723,36,1.3467915852864583,3103.0078125,28.009982588219728,1,1,2,0.0,0.067,0.35,0.25,0.0,0.1,0.3
295,adaptive_ddqn_seed5,0,NOOP,0.195375,0.379932,0.412941,0,36,164.5583357037066,172.07741737365723,36,1.3467915852864583,3103.0078125,28.009982588219728,1,1,2,0.0,0.067,0.35,0.25,0.0,0.1,0.3,70,303.887570369435,417.926549911499,37,1.3141656824060388,3111.9443359375,30.398770897430406,1,2,3,0.75,0.071,0.35,0.25,0.05,0.05,0.3
296,adaptive_ddqn_seed5,0,NOOP,0.19525,-0.033513,0.192963,0,70,303.887570369435,417.926549911499,37,1.3141656824060388,3111.9443359375,30.398770897430406,1,2,3,0.75,0.071,0.35,0.25,0.05,0.05,0.3,38,140.72795115512133,161.86213493347168,38,1.2820824070980674,3118.0244140625,32.547260568036045,1,3,4,0.0,0.071,0.3,0.25,0.05,0.05,0.35
297,adaptive_ddqn_seed5,0,NOOP,0.195125,0.484093,0.466746,0,38,140.72795115512133,161.86213493347168,38,1.2820824070980674,3118.0244140625,32.547260568036045,1,3,4,0.0,0.071,0.3,0.25,0.05,0.05,0.35,74,305.0837672198987,267.70830154418945,39,1.2529891576522436,3127.4609375,34.156365174967036,1,4,5,0.92,0.11699999999999999,0.35,0.2,0.05,0.05,0.35
298,adaptive_ddqn_seed5,2,COMPACT_64KB,0.554716,0.338566,0.413457,0,74,305.0837672198987,267.70830154418945,39,1.2529891576522436,3127.4609375,34.156365174967036,1,4,5,0.92,0.11699999999999999,0.35,0.2,0.05,0.05,0.35,71,323.8298878322758,402.1646976470947,35,1.3937744140625,3122.0546875,22.657017906066393,1,0,6,0.75,0.1545,0.35,0.2,0.1,0.05,0.3
299,adaptive_ddqn_seed5,0,NOOP,0.1955,0.388617,0.413309,0,71,323.8298878322758,402.1646976470947,35,1.3937744140625,3122.0546875,22.657017906066393,1,0,6,0.75,0.1545,0.35,0.2,0.1,0.05,0.3,37,166.07105380026218,404.53410148620605,36,1.3576761881510417,3128.0859375,26.283470790648852,1,1,7,0.75,0.192,0.3,0.2,0.15,0.05,0.3
300,adaptive_ddqn_seed5,0,NOOP,0.195375,-0.033163,0.192732,0,37,166.07105380026218,404.53410148620605,36,1.3576761881510417,3128.0859375,26.283470790648852,1,1,7,0.75,0.192,0.3,0.2,0.15,0.05,0.3,71,303.8200314026838,178.38287353515625,37,1.3247977591849662,3137.12109375,28.904285685330038,1,2,8,0.0,0.192,0.3,0.2,0.15,0.1,0.25
301,adaptive_ddqn_seed5,0,NOOP,0.19525,-0.033075,0.192946,0,71,303.8200314026838,178.38287353515625,37,1.3247977591849662,3137.12109375,28.904285685330038,1,2,8,0.0,0.192,0.3,0.2,0.15,0.1,0.25,68,303.7072273145466,162.7206802368164,38,1.2935473793431331,3145.9072265625,31.062541548106953,1,3,9,0.0,0.192,0.3,0.2,0.15,0.1,0.25
302,adaptive_ddqn_seed5,0,NOOP,0.195125,-0.033025,0.190638,0,68,303.7072273145466,162.7206802368164,38,1.2935473793431331,3145.9072265625,31.062541548106953,1,3,9,0.0,0.192,0.3,0.2,0.15,0.1,0.25,39,169.59280397871302,273.07677268981934,39,1.2628502478966346,3152.07421875,33.015433627799084,1,4,10,0.0,0.192,0.3,0.15,0.15,0.15,0.25
303,adaptive_ddqn_seed5,1,COMPACT_32KB,0.563057,-0.107455,0.191544,0,39,169.59280397871302,273.07677268981934,39,1.2628502478966346,3152.07421875,33.015433627799084,1,4,10,0.0,0.192,0.3,0.15,0.15,0.15,0.25,39,171.66085046588722,217.81659126281738,41,1.2049679639862805,3161.8359375,21.29589584743079,1,0,11,0.0,0.192,0.3,0.15,0.15,0.2,0.2
304,adaptive_ddqn_seed5,0,NOOP,0.19475,0.455027,0.466063,0,39,171.66085046588722,217.81659126281738,41,1.2049679639862805,3161.8359375,21.29589584743079,1,0,11,0.0,0.192,0.3,0.15,0.15,0.2,0.2,80,398.6535724384396,286.82589530944824,42,1.1799374534970237,3171.671875,23.45711903153418,1,1,12,0.92,0.238,0.35,0.1,0.15,0.2,0.2
305,adaptive_ddqn_seed5,0,NOOP,0.194625,-0.06249,0.191451,0,80,398.6535724384396,286.82589530944824,42,1.1799374534970237,3171.671875,23.45711903153418,1,1,12,0.92,0.238,0.35,0.1,0.15,0.2,0.2,72,359.78717994846056,212.45908737182617,43,1.1558603685955668,3180.927734375,25.283156986918563,1,2,13,0.0,0.238,0.3,0.1,0.15,0.25,0.2
306,adaptive_ddqn_seed5,0,NOOP,0.1945,-0.062503,0.191317,0,72,359.78717994846056,212.45908737182617,43,1.1558603685955668,3180.927734375,25.283156986918563,1,2,13,0.0,0.238,0.3,0.1,0.15,0.25,0.2,58,269.5218707795395,214.16521072387695,44,1.1324195861816406,3188.8935546875,26.89609187905655,1,3,14,0.0,0.238,0.25,0.1,0.15,0.3,0.2
307,adaptive_ddqn_seed5,0,NOOP,0.194375,0.359355,0.411404,0,58,269.5218707795395,214.16521072387695,44,1.1324195861816406,3188.8935546875,26.89609187905655,1,3,14,0.0,0.238,0.25,0.1,0.15,0.3,0.2,75,370.4116092749855,454.79321479797363,45,1.1104841444227431,3198.1943359375,28.207214156490696,1,4,15,0.75,0.27549999999999997,0.25,0.05,0.2,0.3,0.2
308,adaptive_ddqn_seed5,2,COMPACT_64KB,0.554091,0.404967,0.466918,0,75,370.4116092749855,454.79321479797363,45,1.1104841444227431,3198.1943359375,28.207214156490696,1,4,15,0.75,0.27549999999999997,0.25,0.05,0.2,0.3,0.2,57,284.46820373880485,254.08291816711426,40,1.2454345703125,3188.3125,16.93396366626342,1,0,16,0.92,0.3215,0.25,0.05,0.2,0.3,0.2
309,adaptive_ddqn_seed5,0,NOOP,0.194875,-0.070922,0.190691,0,57,284.46820373880485,254.08291816711426,40,1.2454345703125,3188.3125,16.93396366626342,1,0,16,0.92,0.3215,0.25,0.05,0.2,0.3,0.2,60,294.8799778774024,260.47444343566895,41,1.218118807164634,3196.34375,20.122021459144623,1,1,17,0.0,0.288,0.25,0.05,0.2,0.3,0.2
310,adaptive_ddqn_seed5,0,NOOP,0.19475,0.359313,0.411936,0,60,294.8799778774024,260.47444343566895,41,1.218118807164634,3196.34375,20.122021459144623,1,1,17,0.0,0.288,0.25,0.05,0.2,0.3,0.2,66,324.6247310176124,443.21131706237793,42,1.192335946219308,3204.9990234375,22.569438002286752,1,2,18,0.75,0.3255,0.2,0.05,0.25,0.3,0.2
311,adaptive_ddqn_seed5,0,NOOP,0.194625,-0.062576,0.191498,0,66,324.6247310176124,443.21131706237793,42,1.192335946219308,3204.9990234375,22.569438002286752,1,2,18,0.75,0.3255,0.2,0.05,0.25,0.3,0.2,61,290.70750128110006,210.11018753051758,43,1.1675556981286337,3213.11328125,24.60497368045088,1,3,19,0.0,0.3255,0.2,0.05,0.25,0.35,0.15
312,adaptive_ddqn_seed5,0,NOOP,0.1945,-0.062593,0.19058,0,61,290.70750128110006,210.11018753051758,43,1.1675556981286337,3213.11328125,24.60497368045088,1,3,19,0.0,0.3255,0.2,0.05,0.25,0.35,0.15,76,356.8313775358855,251.00231170654297,44,1.144425478848544,3222.7021484375,26.224924395324297,1,4,20,0.0,0.3255,0.15,0.05,0.25,0.4,0.15
313,adaptive_ddqn_seed5,2,COMPACT_64KB,0.553966,-0.11261,0.191912,0,76,356.8313775358855,251.00231170654297,44,1.144425478848544,3222.7021484375,26.224924395324297,1,4,20,0.0,0.3255,0.15,0.05,0.25,0.4,0.15,79,373.6620070278,199.42164421081543,41,1.227420341677782,3220.7509765625,18.716601638563475,1,0,21,0.0,0.3255,0.15,0.05,0.25,0.45,0.1
314,adaptive_ddqn_seed5,0,NOOP,0.19475,0.454881,0.466025,0,79,373.6620070278,199.42164421081543,41,1.227420341677782,3220.7509765625,18.716601638563475,1,0,21,0.0,0.3255,0.15,0.05,0.25,0.45,0.1,39,181.7646850967228,288.7301445007324,42,1.2005052112397694,3226.9580078125,21.596091170012336,1,1,22,0.92,0.3715,0.2,0.0,0.25,0.45,0.1
315,adaptive_ddqn_seed5,0,NOOP,0.194625,-0.072004,0.190252,0,39,181.7646850967228,288.7301445007324,42,1.2005052112397694,3226.9580078125,21.596091170012336,1,1,22,0.92,0.3715,0.2,0.0,0.25,0.45,0.1,45,202.90066833149328,272.37987518310547,43,1.1750371178915335,3233.7021484375,23.86477344232464,1,2,23,0.0,0.33399999999999996,0.2,0.0,0.2,0.5,0.1
316,adaptive_ddqn_seed5,0,NOOP,0.1945,0.359237,0.411841,0,45,202.90066833149328,272.37987518310547,43,1.1750371178915335,3233.7021484375,23.86477344232464,1,2,23,0.0,0.33399999999999996,0.2,0.0,0.2,0.5,0.1,39,172.96848819245668,437.95037269592285,44,1.1505244861949573,3239.876953125,25.77932549344746,1,3,24,0.75,0.3715,0.2,0.0,0.25,0.5,0.05
317,adaptive_ddqn_seed5,0,NOOP,0.194375,0.443355,0.466025,0,39,172.96848819245668,437.95037269592285,44,1.1505244861949573,3239.876953125,25.77932549344746,1,3,24,0.75,0.3715,0.2,0.0,0.25,0.5,0.05,36,174.38543705803073,273.7424373626709,45,1.127000257703993,3245.7607421875,27.412960392997025,1,4,25,0.92,0.3715,0.2,0.0,0.25,0.5,0.05
318,adaptive_ddqn_seed5,1,COMPACT_32KB,0.180432,-0.117035,0.191534,0,36,174.38543705803073,273.7424373626709,45,1.127000257703993,3245.7607421875,27.412960392997025,1,4,25,0.92,0.3715,0.2,0.0,0.25,0.5,0.05,64,310.660779859249,213.32144737243652,42,1.206420171828497,3242.857421875,20.518265498204794,1,0,26,0.0,0.33399999999999996,0.2,0.0,0.2,0.55,0.05
319,adaptive_ddqn_seed5,0,NOOP,0.194625,-0.072052,0.189793,0,64,310.660779859249,213.32144737243652,42,1.206420171828497,3242.857421875,20.518265498204794,1,0,26,0.0,0.33399999999999996,0.2,0.0,0.2,0.55,0.05,77,382.3014789614362,295.3662872314453,43,1.181833311568859,3252.4052734375,22.747466158351823,1,1,27,0.0,0.2965,0.2,0.0,0.15,0.6,0.05
320,adaptive_ddqn_seed5,0,NOOP,0.1945,-0.062687,0.191421,0,77,382.3014789614362,295.3662872314453,43,1.181833311568859,3252.4052734375,22.747466158351823,1,1,27,0.0,0.2965,0.2,0.0,0.15,0.6,0.05,49,204.85777139399764,208.95671844482422,44,1.1574939380992542,3259.5029296875,24.742254895786953,1,2,28,0.0,0.2965,0.2,0.0,0.15,0.6,0.05
321,adaptive_ddqn_seed5,0,NOOP,0.194375,-0.062697,0.190547,0,49,204.85777139399764,208.95671844482422,44,1.1574939380992542,3259.5029296875,24.742254895786953,1,2,28,0.0,0.2965,0.2,0.0,0.15,0.6,0.05,43,207.34138226766578,247.65586853027344,45,1.13404541015625,3266.05078125,26.450166692305196,1,3,29,0.0,0.2965,0.2,0.05,0.15,0.6,0.0
322,adaptive_ddqn_seed5,0,NOOP,0.19425,0.454796,0.46557,0,43,207.34138226766578,247.65586853027344,45,1.13404541015625,3266.05078125,26.450166692305196,1,3,29,0.0,0.2965,0.2,0.05,0.15,0.6,0.0,35,172.5535701272048,291.49866104125977,46,1.1113805356233015,3271.904296875,27.943747900007832,1,4,30,0.92,0.34249999999999997,0.25,0.05,0.15,0.55,0.0
323,adaptive_ddqn_seed5,2,COMPACT_64KB,0.216341,-0.112712,0.191726,0,35,172.5535701272048,291.49866104125977,46,1.1113805356233015,3271.904296875,27.943747900007832,1,4,30,0.92,0.34249999999999997,0.25,0.05,0.15,0.55,0.0,36,179.8269601794995,203.7193775177002,42,1.2140771775018602,3263.439453125,19.558158278930126,1,0,31,0.0,0.34249999999999997,0.25,0.05,0.15,0.55,0.0
324,adaptive_ddqn_seed5,0,NOOP,0.194625,-0.074222,0.19153,0,36,179.8269601794995,203.7193775177002,42,1.2140771775018602,3263.439453125,19.558158278930126,1,0,31,0.0,0.34249999999999997,0.25,0.05,0.15,0.55,0.0,44,188.16841920660056,208.51421356201172,43,1.1882810370866643,3270.1494140625,22.14986832991352,1,1,32,0.0,0.2965,0.2,0.05,0.15,0.6,0.0
325,adaptive_ddqn_seed5,0,NOOP,0.1945,-0.062738,0.191189,0,44,188.16841920660056,208.51421356201172,43,1.1882810370866643,3270.1494140625,22.14986832991352,1,1,32,0.0,0.2965,0.2,0.05,0.15,0.6,0.0,76,350.81820613026736,220.55602073669434,44,1.1646225669167258,3279.5771484375,24.08490259564003,1,2,33,0.0,0.2965,0.2,0.1,0.15,0.55,0.0
326,adaptive_ddqn_seed5,0,NOOP,0.194375,-0.06275,0.191449,0,76,350.81820613026736,220.55602073669434,44,1.1646225669167258,3279.5771484375,24.08490259564003,1,2,33,0.0,0.2965,0.2,0.1,0.15,0.55,0.0,56,259.0455721024311,202.56614685058594,45,1.141435072157118,3287.3330078125,25.806981890850356,1,3,34,0.0,0.2965,0.2,0.1,0.15,0.5,0.05
327,adaptive_ddqn_seed5,0,NOOP,0.19425,0.349741,0.41127,0,56,259.0455721024311,202.56614685058594,45,1.141435072157118,3287.3330078125,25.806981890850356,1,3,34,0.0,0.2965,0.2,0.1,0.15,0.5,0.05,40,179.40476496000684,456.48956298828125,46,1.1187661212423574,3293.6474609375,27.35002327336786,1,4,35,0.75,0.2965,0.2,0.1,0.15,0.5,0.05
328,adaptive_ddqn_seed5,2,COMPACT_64KB,0.553841,-0.124273,0.192169,0,40,179.40476496000684,456.48956298828125,46,1.1187661212423574,3293.6474609375,27.35002327336786,1,4,35,0.75,0.2965,0.2,0.1,0.15,0.5,0.05,65,237.9520551890753,181.53834342956543,42,1.2230805896577381,3287.640625,17.759023584400975,1,0,36,0.0,0.2505,0.15,0.1,0.15,0.5,0.1
329,adaptive_ddqn_seed5,0,NOOP,0.194625,-0.062783,0.191225,0,65,237.9520551890753,181.53834342956543,42,1.2230805896577381,3287.640625,17.759023584400975,1,0,36,0.0,0.2505,0.15,0.1,0.15,0.5,0.1,47,225.22969208797485,223.75798225402832,43,1.1971524260764899,3294.5634765625,20.646532721401822,1,1,37,0.0,0.2505,0.15,0.15,0.15,0.45,0.1
330,adaptive_ddqn_seed5,0,NOOP,0.1945,0.445329,0.465586,0,47,225.22969208797485,223.75798225402832,43,1.1971524260764899,3294.5634765625,20.646532721401822,1,1,37,0.0,0.2505,0.15,0.15,0.15,0.45,0.1,64,298.6678059939295,300.71091651916504,44,1.1729503978382458,3303.0283203125,22.845785543798254,1,2,38,0.92,0.259,0.2,0.15,0.1,0.45,0.1
331,adaptive_ddqn_seed5,0,NOOP,0.194375,-0.062806,0.191566,0,64,298.6678059939295,300.71091651916504,44,1.1729503978382458,3303.0283203125,22.845785543798254,1,2,38,0.92,0.259,0.2,0.15,0.1,0.45,0.1,43,199.01007767078138,196.70701026916504,45,1.1491665310329862,3309.599609375,24.785733711222566,1,3,39,0.0,0.259,0.2,0.15,0.1,0.4,0.15
332,adaptive_ddqn_seed5,0,NOOP,0.19425,-0.062818,0.190237,0,43,199.01007767078138,196.70701026916504,45,1.1491665310329862,3309.599609375,24.785733711222566,1,3,39,0.0,0.259,0.2,0.15,0.1,0.4,0.15,58,281.2814437447824,258.1462860107422,46,1.126874177352242,3317.517578125,26.349836983884714,1,4,40,0.0,0.259,0.2,0.15,0.1,0.4,0.15
333,adaptive_ddqn_seed5,2,COMPACT_64KB,0.216341,0.404672,0.46648,0,58,281.2814437447824,258.1462860107422,46,1.126874177352242,3317.517578125,26.349836983884714,1,4,40,0.0,0.259,0.2,0.15,0.1,0.4,0.15,49,239.41764637357005,266.0036087036133,42,1.2314358665829612,3310.099609375,16.67418321969719,1,0,41,0.92,0.305,0.25,0.15,0.1,0.35,0.15
334,adaptive_ddqn_seed5,0,NOOP,0.194625,0.443163,0.466052,0,49,239.41764637357005,266.0036087036133,42,1.2314358665829612,3310.099609375,16.67418321969719,1,0,41,0.92,0.305,0.25,0.15,0.1,0.35,0.15,42,202.39384365097783,282.376766204834,43,1.2051402247229288,3316.5458984375,19.829126732486525,1,1,42,0.92,0.305,0.25,0.15,0.1,0.35,0.15
335,adaptive_ddqn_seed5,0,NOOP,0.1945,-0.062851,0.191246,0,42,202.39384365097783,282.376766204834,43,1.2051402247229288,3316.5458984375,19.829126732486525,1,1,42,0.92,0.305,0.25,0.15,0.1,0.35,0.15,67,224.15227958337522,217.70596504211426,44,1.1807906410910867,3325.1064453125,22.156385637070958,1,2,43,0.0,0.305,0.25,0.15,0.1,0.35,0.15
336,adaptive_ddqn_seed5,0,NOOP,0.194375,0.445261,0.465793,0,67,224.15227958337522,217.70596504211426,44,1.1807906410910867,3325.1064453125,22.156385637070958,1,2,43,0.0,0.305,0.25,0.15,0.1,0.35,0.15,60,281.2593838536806,285.3274345397949,45,1.1573811848958333,3333.2578125,24.098886478820933,1,3,44,0.92,0.3135,0.3,0.15,0.05,0.35,0.15
337,adaptive_ddqn_seed5,0,NOOP,0.19425,-0.074377,0.189964,0,60,281.2593838536806,285.3274345397949,45,1.1573811848958333,3333.2578125,24.098886478820933,1,3,44,0.92,0.3135,0.3,0.15,0.05,0.35,0.15,64,301.7423838096801,271.7854976654053,46,1.1351208894149116,3341.7958984375,25.71409480931447,1,4,45,0.0,0.2675,0.25,0.15,0.05,0.4,0.15
338,adaptive_ddqn_seed5,2,COMPACT_64KB,0.553716,0.308985,0.411585,0,64,301.7423838096801,271.7854976654053,46,1.1351208894149116,3341.7958984375,25.71409480931447,1,4,45,0.0,0.2675,0.25,0.15,0.05,0.4,0.15,63,284.90042113843225,455.77120780944824,43,1.2131613797919696,3338.6201171875,18.17217151914644,1,0,46,0.75,0.305,0.25,0.15,0.1,0.35,0.15
339,adaptive_ddqn_seed5,0,NOOP,0.1945,-0.062903,0.191283,0,63,284.90042113843225,455.77120780944824,43,1.2131613797919696,3338.6201171875,18.17217151914644,1,0,46,0.75,0.305,0.25,0.15,0.1,0.35,0.15,64,290.4818678417148,215.83271026611328,44,1.1886069557883523,3347.1171875,20.765565436999882,1,1,47,0.0,0.305,0.25,0.15,0.1,0.35,0.15
340,adaptive_ddqn_seed5,0,NOOP,0.194375,-0.062916,0.191263,0,64,290.4818678417148,215.83271026611328,44,1.1886069557883523,3347.1171875,20.765565436999882,1,1,47,0.0,0.305,0.25,0.15,0.1,0.35,0.15,60,281.96211870815944,211.84778213500977,45,1.1650034586588542,3355.2099609375,22.893182482045102,1,2,48,0.0,0.305,0.25,0.15,0.1,0.35,0.15
341,adaptive_ddqn_seed5,0,NOOP,0.19425,0.45457,0.463308,0,60,281.96211870815944,211.84778213500977,45,1.1650034586588542,3355.2099609375,22.893182482045102,1,2,48,0.0,0.305,0.25,0.15,0.1,0.35,0.15,70,313.59516706666966,404.59275245666504,46,1.1426955513332202,3364.095703125,24.621434539040838,1,3,49,0.92,0.351,0.3,0.1,0.1,0.35,0.15
342,adaptive_ddqn_seed5,0,NOOP,0.194125,0.443056,0.465624,0,70,313.59516706666966,404.59275245666504,46,1.1426955513332202,3364.095703125,24.621434539040838,1,3,49,0.92,0.351,0.3,0.1,0.1,0.35,0.15,65,292.6725624196204,283.79058837890625,47,1.121195042386968,3372.5546875,26.115691376569366,1,4,50,0.92,0.351,0.3,0.1,0.1,0.35,0.15
343,adaptive_ddqn_seed5,2,COMPACT_64KB,0.216216,-0.112953,0.191066,0,65,292.6725624196204,283.79058837890625,47,1.121195042386968,3372.5546875,26.115691376569366,1,4,50,0.92,0.351,0.3,0.1,0.1,0.35,0.15,45,197.6129441597792,231.71544075012207,43,1.2226566048555596,3364.7509765625,16.881463356084645,1,0,51,0.0,0.351,0.3,0.1,0.1,0.35,0.15
344,adaptive_ddqn_seed5,0,NOOP,0.1945,-0.062966,0.191083,0,45,197.6129441597792,231.71544075012207,43,1.2226566048555596,3364.7509765625,16.881463356084645,1,0,51,0.0,0.351,0.3,0.1,0.1,0.35,0.15,64,302.3875275987924,225.85654258728027,44,1.1978451121937146,3373.1318359375,19.730788165459444,1,1,52,0.0,0.351,0.3,0.1,0.1,0.35,0.15
345,adaptive_ddqn_seed5,0,NOOP,0.194375,-0.062973,0.19118,0,64,302.3875275987924,225.85654258728027,44,1.1978451121937146,3373.1318359375,19.730788165459444,1,1,52,0.0,0.351,0.3,0.1,0.1,0.35,0.15,36,155.14619062248585,215.99245071411133,45,1.1732893202039931,3379.0732421875,22.172025900906238,1,2,53,0.0,0.351,0.3,0.05,0.1,0.4,0.15
346,adaptive_ddqn_seed5,0,NOOP,0.19425,-0.062985,0.190547,0,36,155.14619062248585,215.99245071411133,45,1.1732893202039931,3379.0732421875,22.172025900906238,1,2,53,0.0,0.351,0.3,0.05,0.1,0.4,0.15,56,266.694171654103,242.65241622924805,46,1.15039294698964,3386.7568359375,24.07177301601082,1,3,54,0.0,0.351,0.3,0.1,0.1,0.4,0.1
347,adaptive_ddqn_seed5,0,NOOP,0.194125,0.349508,0.410141,0,56,266.694171654103,242.65241622924805,46,1.15039294698964,3386.7568359375,24.07177301601082,1,3,54,0.0,0.351,0.3,0.1,0.1,0.4,0.1,35,161.8949121326915,507.95578956604004,47,1.1278462511427858,3392.5615234375,25.782118981917044,1,4,55,0.75,0.351,0.3,0.1,0.1,0.4,0.1
348,adaptive_ddqn_seed5,2,COMPACT_64KB,0.553591,-0.113008,0.190685,0,35,161.8949121326915,507.95578956604004,47,1.1278462511427858,3392.5615234375,25.782118981917044,1,4,55,0.75,0.351,0.3,0.1,0.1,0.4,0.1,80,370.94140342149626,245.73659896850586,44,1.204208027232777,3391.0498046875,18.430830584413112,1,0,56,0.0,0.35100000000000003,0.3,0.1,0.1,0.45,0.05
349,adaptive_ddqn_seed5,0,NOOP,0.194375,-0.063017,0.190472,0,80,370.94140342149626,245.73659896850586,44,1.204208027232777,3391.0498046875,18.430830584413112,1,0,56,0.0,0.35100000000000003,0.3,0.1,0.1,0.45,0.05,44,203.61620064455695,251.42359733581543,45,1.1797553168402777,3397.6953125,21.028232236402836,1,1,57,0.0,0.351,0.3,0.05,0.1,0.5,0.05
350,adaptive_ddqn_seed5,0,NOOP,0.19425,0.442971,0.465325,0,44,203.61620064455695,251.42359733581543,45,1.1797553168402777,3397.6953125,21.028232236402836,1,1,57,0.0,0.351,0.3,0.05,0.1,0.5,0.05,63,309.78804981160033,303.75146865844727,46,1.1569681582243547,3406.1142578125,23.02598656920126,1,2,58,0.92,0.351,0.3,0.05,0.1,0.5,0.05
351,adaptive_ddqn_seed5,0,NOOP,0.194125,-0.063048,0.189657,0,63,309.78804981160033,303.75146865844727,46,1.1569681582243547,3406.1142578125,23.02598656920126,1,2,58,0.92,0.351,0.3,0.05,0.1,0.5,0.05,91,408.3598104143708,282.1502685546875,47,1.1359067876288231,3416.8076171875,24.57772946182346,1,3,59,0.0,0.351,0.3,0.05,0.1,0.55,0.0
352,adaptive_ddqn_seed5,0,NOOP,0.194,-0.06306,0.190626,0,91,408.3598104143708,282.1502685546875,47,1.1359067876288231,3416.8076171875,24.57772946182346,1,3,59,0.0,0.351,0.3,0.05,0.1,0.55,0.0,61,280.73184203682996,228.69324684143066,48,1.1148726145426433,3424.888671875,26.04225194452435,1,4,60,0.0,0.35100000000000003,0.3,0.05,0.1,0.55,0.0
353,adaptive_ddqn_seed5,2,COMPACT_64KB,0.553591,-0.124576,0.191358,0,61,280.73184203682996,228.69324684143066,48,1.1148726145426433,3424.888671875,26.04225194452435,1,4,60,0.0,0.35100000000000003,0.3,0.05,0.1,0.55,0.0,83,393.4183378951675,212.07618713378906,44,1.2146270058371804,3420.3896484375,17.028685205951643,1,0,61,0.0,0.305,0.25,0.05,0.1,0.6,0.0
354,adaptive_ddqn_seed5,0,NOOP,0.194375,0.347281,0.410976,0,83,393.4183378951675,212.07618713378906,44,1.2146270058371804,3420.3896484375,17.028685205951643,1,0,61,0.0,0.305,0.25,0.05,0.1,0.6,0.0,92,428.11841168051654,476.1824607849121,45,1.19141845703125,3431.28515625,19.561883267517736,1,1,62,0.75,0.2965,0.2,0.05,0.15,0.6,0.0
355,adaptive_ddqn_seed5,0,NOOP,0.19425,-0.063104,0.190011,0,92,428.11841168051654,476.1824607849121,45,1.19141845703125,3431.28515625,19.561883267517736,1,1,62,0.75,0.2965,0.2,0.05,0.15,0.6,0.0,51,206.67764647228816,269.42992210388184,46,1.167975384256114,3438.51953125,21.85664165207821,1,2,63,0.0,0.2965,0.2,0.05,0.15,0.6,0.0
356,adaptive_ddqn_seed5,0,NOOP,0.194125,-0.074622,0.190757,0,51,206.67764647228816,269.42992210388184,46,1.167975384256114,3438.51953125,21.85664165207821,1,2,63,0.0,0.2965,0.2,0.05,0.15,0.6,0.0,90,439.0945160783766,227.14686393737793,47,1.1466583901263299,3449.1484375,23.55436090632023,1,3,64,0.0,0.2505,0.15,0.05,0.15,0.65,0.0
357,adaptive_ddqn_seed5,0,NOOP,0.194,-0.063132,0.189626,0,90,439.0945160783766,227.14686393737793,47,1.1466583901263299,3449.1484375,23.55436090632023,1,3,64,0.0,0.2505,0.15,0.05,0.15,0.65,0.0,50,234.27232826580666,278.69462966918945,48,1.1251074473063152,3456.330078125,25.18564531815212,1,4,65,0.0,0.2505,0.15,0.05,0.15,0.65,0.0
358,adaptive_ddqn_seed5,3,COMPACT_128KB,0.162875,0.453125,0.46733,0,50,234.27232826580666,278.69462966918945,48,1.1251074473063152,3456.330078125,25.18564531815212,1,4,65,0.0,0.2505,0.15,0.05,0.15,0.65,0.0,56,264.2970177821337,248.49987030029297,37,1.4478442217852618,3428.4951171875,17.679616498020643,1,0,66,0.92,0.259,0.2,0.05,0.1,0.65,0.0
359,adaptive_ddqn_seed5,0,NOOP,0.19525,0.0,0.191258,0,56,264.2970177821337,248.49987030029297,37,1.4478442217852618,3428.4951171875,17.679616498020643,1,0,66,0.92,0.259,0.2,0.05,0.1,0.65,0.0,61,291.531644285934,247.1144199371338,38,1.4131305092259456,3436.7333984375,22.17393481774535,1,1,67,0.0,0.259,0.2,0.05,0.1,0.65,0.0
360,adaptive_ddqn_seed5,0,NOOP,0.195125,0.0,0.191395,0,61,291.531644285934,247.1144199371338,38,1.4131305092259456,3436.7333984375,22.17393481774535,1,1,67,0.0,0.259,0.2,0.05,0.1,0.65,0.0,82,396.4928075551221,235.23187637329102,39,1.3808668087690303,3446.6435546875,25.39742674611124,1,2,68,0.0,0.259,0.2,0.05,0.1,0.65,0.0
361,adaptive_ddqn_seed5,0,NOOP,0.195,0.506,0.466598,0,82,396.4928075551221,235.23187637329102,39,1.3808668087690303,3446.6435546875,25.39742674611124,1,2,68,0.0,0.259,0.2,0.05,0.1,0.65,0.0,54,235.1855806163211,270.12062072753906,40,1.3492809295654298,3454.1591796875,28.14156995457148,1,3,69,0.92,0.259,0.2,0.05,0.1,0.65,0.0
362,adaptive_ddqn_seed5,0,NOOP,0.194875,-0.0115,0.191921,0,54,235.1855806163211,270.12062072753906,40,1.3492809295654298,3454.1591796875,28.14156995457148,1,3,69,0.92,0.259,0.2,0.05,0.1,0.65,0.0,66,309.86496524396387,198.9598274230957,41,1.3196176668492758,3462.6767578125,30.330144812858556,1,4,70,0.0,0.213,0.15,0.05,0.1,0.65,0.05
363,adaptive_ddqn_seed5,0,NOOP,0.19475,0.0,0.190579,0,66,309.86496524396387,198.9598274230957,41,1.3196176668492758,3462.6767578125,30.330144812858556,1,4,70,0.0,0.213,0.15,0.05,0.1,0.65,0.05,81,371.9873208023151,261.03711128234863,42,1.2919079008556547,3472.6484375,32.0869473910764,1,5,71,0.0,0.213,0.15,0.05,0.1,0.65,0.05
364,adaptive_ddqn_seed5,0,NOOP,0.194625,0.0,0.191091,0,81,371.9873208023151,261.03711128234863,42,1.2919079008556547,3472.6484375,32.0869473910764,1,5,71,0.0,0.213,0.15,0.05,0.1,0.65,0.05,53,261.5533459228276,230.43584823608398,43,1.2645618527434592,3480.07421875,33.715993320449776,1,6,72,0.0,0.213,0.15,0.05,0.1,0.65,0.05
365,adaptive_ddqn_seed5,6,PARTITION_EVENT_TYPE,0.012682,-0.1,0.190841,0,53,261.5533459228276,230.43584823608398,43,1.2645618527434592,3480.07421875,33.715993320449776,1,6,72,0.0,0.213,0.15,0.05,0.1,0.65,0.05,73,243.2040668488276,237.94293403625488,44,1.239105918190696,3489.322265625,35.030240042431984,3,7,0,0.0,0.213,0.15,0.05,0.1,0.65,0.05
366,adaptive_ddqn_seed5,2,COMPACT_64KB,0.553716,-0.121252,0.189926,0,73,243.2040668488276,237.94293403625488,44,1.239105918190696,3489.322265625,35.030240042431984,3,7,0,0.0,0.213,0.15,0.05,0.1,0.65,0.05,90,381.35082521020456,288.70248794555664,43,1.2694826347883357,3493.6162109375,23.139556752423207,3,0,1,0.0,0.213,0.2,0.0,0.1,0.65,0.05
367,adaptive_ddqn_seed5,0,NOOP,0.19425,-0.080423,0.187944,0,90,381.35082521020456,288.70248794555664,43,1.2694826347883357,3493.6162109375,23.139556752423207,3,0,1,0.0,0.213,0.2,0.0,0.1,0.65,0.05,83,372.9880012471246,372.8032112121582,46,1.19190149721892,3508.9580078125,29.345088272141435,3,1,2,0.0,0.1755,0.2,0.05,0.05,0.65,0.05
368,adaptive_ddqn_seed5,0,NOOP,0.193875,-0.070915,0.190188,0,83,372.9880012471246,372.8032112121582,46,1.19190149721892,3508.9580078125,29.345088272141435,3,1,2,0.0,0.1755,0.2,0.05,0.05,0.65,0.05,55,227.60876664861084,245.58544158935547,49,1.1229873968630422,3521.6884765625,33.34581191016335,3,2,3,0.0,0.1755,0.2,0.1,0.05,0.6,0.05
369,adaptive_ddqn_seed5,0,NOOP,0.1935,0.306113,0.391627,0,55,227.60876664861084,245.58544158935547,49,1.1229873968630422,3521.6884765625,33.34581191016335,3,2,3,0.0,0.1755,0.2,0.1,0.05,0.6,0.05,63,275.5652295428332,208.6496353149414,52,1.0623119060809796,3535.3740234375,36.02459410192398,3,3,4,0.67,0.20900000000000002,0.2,0.1,0.05,0.6,0.05
370,adaptive_ddqn_seed5,0,NOOP,0.193125,0.29483,0.391345,0,63,275.5652295428332,208.6496353149414,52,1.0623119060809796,3535.3740234375,36.02459410192398,3,3,4,0.67,0.20900000000000002,0.2,0.1,0.05,0.6,0.05,90,396.17243680969233,207.75365829467773,55,1.0089682839133522,3551.568359375,37.83805062485197,3,4,5,0.67,0.19649999999999998,0.15,0.1,0.05,0.65,0.05
371,adaptive_ddqn_seed5,2,COMPACT_64KB,0.553716,-0.120307,0.190088,0,90,396.17243680969233,207.75365829467773,55,1.0089682839133522,3551.568359375,37.83805062485197,3,4,5,0.67,0.19649999999999998,0.15,0.1,0.05,0.65,0.05,99,424.1396352225927,280.58886528015137,43,1.2818174140397893,3527.5615234375,20.706910077697273,3,0,6,0.0,0.19649999999999998,0.2,0.1,0.05,0.6,0.05
372,adaptive_ddqn_seed5,0,NOOP,0.19425,0.306795,0.392389,0,99,424.1396352225927,280.58886528015137,43,1.2818174140397893,3527.5615234375,20.706910077697273,3,0,6,0.0,0.19649999999999998,0.2,0.1,0.05,0.6,0.05,95,414.00346822130535,200.57129859924316,46,1.2038388459578804,3544.1015625,27.666710282803088,3,1,7,0.67,0.22999999999999998,0.2,0.1,0.05,0.6,0.05
373,adaptive_ddqn_seed5,0,NOOP,0.193875,0.306946,0.392119,0,95,414.00346822130535,200.57129859924316,46,1.2038388459578804,3544.1015625,27.666710282803088,3,1,7,0.67,0.22999999999999998,0.2,0.1,0.05,0.6,0.05,64,270.77276652060584,199.06163215637207,49,1.134506536989796,3557.8125,32.030589690490515,3,2,8,0.67,0.2635,0.2,0.1,0.05,0.6,0.05
374,adaptive_ddqn_seed5,0,NOOP,0.1935,-0.079072,0.188447,0,64,270.77276652060584,199.06163215637207,49,1.134506536989796,3557.8125,32.030589690490515,3,2,8,0.67,0.2635,0.2,0.1,0.05,0.6,0.05,98,439.75140203313526,317.66223907470703,52,1.0740726177509015,3574.513671875,34.85727196097448,3,3,9,0.0,0.22600000000000003,0.25,0.1,0.0,0.6,0.05
375,adaptive_ddqn_seed5,0,NOOP,0.193125,0.30732,0.391305,0,98,439.75140203313526,317.66223907470703,52,1.0740726177509015,3574.513671875,34.85727196097448,3,3,9,0.0,0.22600000000000003,0.25,0.1,0.0,0.6,0.05,60,232.70510713886117,209.76972579956055,55,1.0192998712713068,3587.935546875,36.93989174409313,3,4,10,0.67,0.2595,0.25,0.1,0.0,0.6,0.05
376,adaptive_ddqn_seed5,2,COMPACT_64KB,0.553716,0.257456,0.392833,0,60,232.70510713886117,209.76972579956055,55,1.0192998712713068,3587.935546875,36.93989174409313,3,4,10,0.67,0.2595,0.25,0.1,0.0,0.6,0.05,58,246.25298693673858,193.33505630493164,43,1.2935265829396803,3559.78515625,18.787916478844327,3,0,11,0.67,0.29300000000000004,0.25,0.1,0.0,0.6,0.05
377,adaptive_ddqn_seed5,0,NOOP,0.19425,0.307676,0.392456,0,58,246.25298693673858,193.33505630493164,43,1.2935265829396803,3559.78515625,18.787916478844327,3,0,11,0.67,0.29300000000000004,0.25,0.1,0.0,0.6,0.05,94,423.56011108305984,197.20983505249023,46,1.2147697780443274,3576.2822265625,26.49583967165885,3,1,12,0.67,0.3265,0.25,0.1,0.0,0.6,0.05
378,adaptive_ddqn_seed5,0,NOOP,0.193875,-0.080557,0.190101,0,94,423.56011108305984,197.20983505249023,46,1.2147697780443274,3576.2822265625,26.49583967165885,3,1,12,0.67,0.3265,0.25,0.1,0.0,0.6,0.05,61,269.28246855420383,249.93276596069336,49,1.144686951929209,3589.73828125,31.195438896487797,3,2,13,0.0,0.2805,0.2,0.1,0.0,0.6,0.1
379,adaptive_ddqn_seed5,0,NOOP,0.1935,0.30794,0.391593,0,61,269.28246855420383,249.93276596069336,49,1.144686951929209,3589.73828125,31.195438896487797,3,2,13,0.0,0.2805,0.2,0.1,0.0,0.6,0.1,52,230.86168652049562,210.3557586669922,52,1.0824447044959435,3602.3759765625,34.35458425403,3,3,14,0.67,0.314,0.2,0.1,0.0,0.6,0.1
380,adaptive_ddqn_seed5,0,NOOP,0.193125,0.30814,0.390776,0,52,230.86168652049562,210.3557586669922,52,1.0824447044959435,3602.3759765625,34.35458425403,3,3,14,0.67,0.314,0.2,0.1,0.0,0.6,0.1,86,377.90560483102115,236.222505569458,55,1.0278708718039773,3618.10546875,36.47178601129826,3,4,15,0.67,0.34750000000000003,0.2,0.1,0.0,0.6,0.1
381,adaptive_ddqn_seed5,2,COMPACT_64KB,0.216091,0.246754,0.39254,0,86,377.90560483102115,236.222505569458,55,1.0278708718039773,3618.10546875,36.47178601129826,3,4,15,0.67,0.34750000000000003,0.2,0.1,0.0,0.6,0.1,50,215.35889520781603,202.97718048095703,44,1.2757287458939985,3592.4521484375,19.932160151463357,3,0,16,0.67,0.335,0.15,0.1,0.0,0.65,0.1
382,adaptive_ddqn_seed5,0,NOOP,0.194125,0.308396,0.392079,0,50,215.35889520781603,202.97718048095703,44,1.2757287458939985,3592.4521484375,19.932160151463357,3,0,16,0.67,0.335,0.15,0.1,0.0,0.65,0.1,62,260.6416322046911,211.06863021850586,47,1.1987957244223737,3605.9775390625,27.107666508361127,3,1,17,0.67,0.3685,0.15,0.1,0.0,0.7,0.05
383,adaptive_ddqn_seed5,0,NOOP,0.19375,-0.068252,0.184899,0,62,260.6416322046911,211.06863021850586,47,1.1987957244223737,3605.9775390625,27.107666508361127,3,1,17,0.67,0.3685,0.15,0.1,0.0,0.7,0.05,99,441.0072358408306,505.0644874572754,50,1.132154541015625,3622.89453125,31.318986504912303,3,2,18,0.0,0.36850000000000005,0.15,0.1,0.05,0.65,0.05
384,adaptive_ddqn_seed5,0,NOOP,0.193375,-0.068114,0.190193,0,99,441.0072358408306,505.0644874572754,50,1.132154541015625,3622.89453125,31.318986504912303,3,2,18,0.0,0.36850000000000005,0.15,0.1,0.05,0.65,0.05,60,257.4277098327721,225.34728050231934,53,1.0720062255859375,3636.2451171875,34.29422134178395,3,3,19,0.0,0.36850000000000005,0.15,0.1,0.05,0.6,0.1
385,adaptive_ddqn_seed5,0,NOOP,0.193,-0.067977,0.188362,0,60,257.4277098327721,225.34728050231934,53,1.0720062255859375,3636.2451171875,34.29422134178395,3,3,19,0.0,0.36850000000000005,0.15,0.1,0.05,0.6,0.1,60,266.6136670388789,301.8786907196045,56,1.018301010131836,3649.5908203125,36.393984175056666,3,4,20,0.0,0.36850000000000005,0.15,0.15,0.05,0.55,0.1
386,adaptive_ddqn_seed5,3,COMPACT_128KB,0.164125,0.276393,0.396177,0,60,266.6136670388789,301.8786907196045,56,1.018301010131836,3649.5908203125,36.393984175056666,3,4,20,0.0,0.36850000000000005,0.15,0.15,0.05,0.55,0.1,59,254.7316857254323,106.14347457885742,27,2.064589323820891,3567.6103515625,47.25397263131901,3,0,21,0.67,0.402,0.1,0.15,0.05,0.6,0.1
387,adaptive_ddqn_seed5,0,NOOP,0.19625,0.331386,0.396172,0,59,254.7316857254323,106.14347457885742,27,2.064589323820891,3567.6103515625,47.25397263131901,3,0,21,0.67,0.402,0.1,0.15,0.05,0.6,0.1,54,210.45080350298497,91.42351150512695,30,1.8647745768229167,3580.3671875,59.369215195303326,3,1,22,0.67,0.43550000000000005,0.1,0.1,0.05,0.65,0.1
388,adaptive_ddqn_seed5,0,NOOP,0.195875,-0.045504,0.191867,0,54,210.45080350298497,91.42351150512695,30,1.8647745768229167,3580.3671875,59.369215195303326,3,1,22,0.67,0.43550000000000005,0.1,0.1,0.05,0.65,0.1,88,379.60859557714895,241.6398525238037,33,1.702749541311553,3596.20703125,65.60137951145606,3,2,23,0.0,0.43550000000000005,0.1,0.1,0.05,0.65,0.1
389,adaptive_ddqn_seed5,0,NOOP,0.1955,-0.053894,0.193107,0,88,379.60859557714895,241.6398525238037,33,1.702749541311553,3596.20703125,65.60137951145606,3,2,23,0.0,0.43550000000000005,0.1,0.1,0.05,0.65,0.1,53,231.85784271289538,164.642333984375,36,1.5663498772515192,3608.8701171875,69.26072063743382,3,3,24,0.0,0.402,0.1,0.1,0.05,0.6,0.15
390,adaptive_ddqn_seed5,0,NOOP,0.195125,0.322972,0.394123,0,53,231.85784271289538,164.642333984375,36,1.5663498772515192,3608.8701171875,69.26072063743382,3,3,24,0.0,0.402,0.1,0.1,0.05,0.6,0.15,60,253.29171829126034,148.84567260742188,39,1.451208261343149,3622.2158203125,71.3250672376601,3,4,25,0.67,0.402,0.1,0.1,0.05,0.6,0.15
391,adaptive_ddqn_seed5,2,COMPACT_64KB,0.553591,0.28135,0.392865,0,60,253.29171829126034,148.84567260742188,39,1.451208261343149,3622.2158203125,71.3250672376601,3,4,25,0.67,0.402,0.1,0.1,0.05,0.6,0.15,73,324.1334033435526,186.72895431518555,44,1.2964758439497515,3650.8759765625,19.74741464845138,3,0,26,0.67,0.43550000000000005,0.05,0.1,0.05,0.65,0.15
392,adaptive_ddqn_seed5,0,NOOP,0.194125,0.32296,0.394186,0,73,324.1334033435526,186.72895431518555,44,1.2964758439497515,3650.8759765625,19.74741464845138,3,0,26,0.67,0.43550000000000005,0.05,0.1,0.05,0.65,0.15,68,286.0023244177173,105.70788383483887,47,1.2184266435339095,3665.02734375,27.177665747966042,3,1,27,0.67,0.43550000000000005,0.05,0.1,0.05,0.65,0.15
393,adaptive_ddqn_seed5,0,NOOP,0.19375,-0.053939,0.190934,0,68,286.0023244177173,105.70788383483887,47,1.2184266435339095,3665.02734375,27.177665747966042,3,1,27,0.67,0.43550000000000005,0.05,0.1,0.05,0.65,0.15,67,297.3456157614619,203.3100128173828,50,1.1497003173828124,3679.041015625,31.668538332724847,3,2,28,0.0,0.402,0.05,0.1,0.05,0.6,0.2
394,adaptive_ddqn_seed5,0,NOOP,0.193375,0.331301,0.393315,0,67,297.3456157614619,203.3100128173828,50,1.1497003173828124,3679.041015625,31.668538332724847,3,2,28,0.0,0.402,0.05,0.1,0.05,0.6,0.2,67,297.18995965460533,119.26889419555664,53,1.0887488599093456,3693.0361328125,34.69385355111486,3,3,29,0.67,0.43550000000000005,0.0,0.1,0.05,0.65,0.2
395,adaptive_ddqn_seed5,0,NOOP,0.193,0.322927,0.391528,0,67,297.18995965460533,119.26889419555664,53,1.0887488599093456,3693.0361328125,34.69385355111486,3,3,29,0.67,0.43550000000000005,0.0,0.1,0.05,0.65,0.2,69,269.22355528391984,193.60995292663574,56,1.0343785967145647,3707.212890625,36.82264131306415,3,4,30,0.67,0.43550000000000005,0.0,0.1,0.05,0.65,0.2
396,adaptive_ddqn_seed5,2,COMPACT_64KB,0.553466,0.272913,0.394365,0,69,269.22355528391984,193.60995292663574,56,1.0343785967145647,3707.212890625,36.82264131306415,3,4,30,0.67,0.43550000000000005,0.0,0.1,0.05,0.65,0.2,65,287.8498191896529,106.73403739929199,45,1.278597683376736,3682.361328125,21.190061877524272,3,0,31,0.67,0.43550000000000005,0.0,0.1,0.05,0.65,0.2
397,adaptive_ddqn_seed5,0,NOOP,0.194,-0.053972,0.189396,0,65,287.8498191896529,106.73403739929199,45,1.278597683376736,3682.361328125,21.190061877524272,3,0,31,0.67,0.43550000000000005,0.0,0.1,0.05,0.65,0.2,94,401.0682986177515,290.1914119720459,48,1.2040519714355469,3698.84765625,27.736845680504565,3,1,32,0.0,0.402,0.0,0.15,0.05,0.6,0.2
398,adaptive_ddqn_seed5,0,NOOP,0.193625,0.331266,0.391821,0,94,401.0682986177515,290.1914119720459,48,1.2040519714355469,3698.84765625,27.736845680504565,3,1,32,0.0,0.402,0.0,0.15,0.05,0.6,0.2,67,272.6202996687055,203.95922660827637,51,1.1375223795572917,3712.873046875,31.925018740503855,3,2,33,0.67,0.43550000000000005,0.0,0.15,0.05,0.65,0.15
399,adaptive_ddqn_seed5,0,NOOP,0.19325,0.322878,0.39184,0,67,272.6202996687055,203.95922660827637,51,1.1375223795572917,3712.873046875,31.925018740503855,3,2,33,0.67,0.43550000000000005,0.0,0.15,0.05,0.65,0.15,84,343.1387986103874,187.97755241394043,54,1.0788356639720775,3728.4560546875,34.72861566501893,3,3,34,0.67,0.43550000000000005,0.0,0.15,0.05,0.65,0.15
400,adaptive_ddqn_seed5,0,NOOP,0.192875,-0.054022,0.187596,0,84,343.1387986103874,187.97755241394043,54,1.0788356639720775,3728.4560546875,34.72861566501893,3,3,34,0.67,0.43550000000000005,0.0,0.15,0.05,0.65,0.15,58,250.02582997765623,335.2055549621582,57,1.0256401195860745,3741.53515625,36.796518369081504,3,4,35,0.0,0.402,0.0,0.2,0.05,0.6,0.15
401,adaptive_ddqn_seed5,2,COMPACT_64KB,0.553466,-0.104044,0.191659,0,58,250.02582997765623,335.2055549621582,57,1.0256401195860745,3741.53515625,36.796518369081504,3,4,35,0.0,0.402,0.0,0.2,0.05,0.6,0.15,92,380.89500403227,192.0313835144043,45,1.2906060112847222,3716.9453125,19.278790649920968,3,0,36,0.0,0.3685,0.0,0.2,0.05,0.55,0.2
402,adaptive_ddqn_seed5,0,NOOP,0.194,-0.054056,0.191182,0,92,380.89500403227,192.0313835144043,45,1.2906060112847222,3716.9453125,19.278790649920968,3,0,36,0.0,0.3685,0.0,0.2,0.05,0.55,0.2,58,221.39533055090908,200.91748237609863,48,1.2142073313395183,3730.044921875,26.726649383260273,3,1,37,0.0,0.3350000000000001,0.0,0.2,0.05,0.5,0.25
403,adaptive_ddqn_seed5,0,NOOP,0.193625,0.331185,0.393782,0,58,221.39533055090908,200.91748237609863,48,1.2142073313395183,3730.044921875,26.726649383260273,3,1,37,0.0,0.3350000000000001,0.0,0.2,0.05,0.5,0.25,82,320.0727823657619,105.89599609375,51,1.1474905575022978,3745.4091796875,31.131900095688884,3,2,38,0.67,0.3685,0.0,0.2,0.0,0.55,0.25
404,adaptive_ddqn_seed5,0,NOOP,0.19325,-0.045693,0.188749,0,82,320.0727823657619,105.89599609375,51,1.1474905575022978,3745.4091796875,31.131900095688884,3,2,38,0.67,0.3685,0.0,0.2,0.0,0.55,0.25,51,199.26084311816788,292.54651069641113,54,1.0873771950050637,3757.9755859375,34.21652935262054,3,3,39,0.0,0.36850000000000005,0.0,0.25,0.0,0.55,0.2
405,adaptive_ddqn_seed5,0,NOOP,0.192875,0.331168,0.391437,0,51,199.26084311816788,292.54651069641113,54,1.0873771950050637,3757.9755859375,34.21652935262054,3,3,39,0.0,0.36850000000000005,0.0,0.25,0.0,0.55,0.2,56,250.7264331203392,193.1474208831787,57,1.0337047911526864,3770.955078125,36.39156120637541,3,4,40,0.67,0.402,0.0,0.2,0.0,0.6,0.2
406,adaptive_ddqn_seed5,2,COMPACT_64KB,0.553341,0.272778,0.39264,0,56,250.7264331203392,193.1474208831787,57,1.0337047911526864,3770.955078125,36.39156120637541,3,4,40,0.67,0.402,0.0,0.2,0.0,0.6,0.2,74,297.72317691871615,188.02213668823242,46,1.2729667995287024,3747.6142578125,20.449768905937507,3,0,41,0.67,0.402,0.0,0.2,0.0,0.6,0.2
407,adaptive_ddqn_seed5,0,NOOP,0.193875,-0.054108,0.19095,0,74,297.72317691871615,188.02213668823242,46,1.2729667995287024,3747.6142578125,20.449768905937507,3,0,41,0.67,0.402,0.0,0.2,0.0,0.6,0.2,53,222.65302091533906,207.5192928314209,49,1.1990885831871811,3760.341796875,27.24143714050221,3,1,42,0.0,0.3685,0.0,0.2,0.0,0.55,0.25
408,adaptive_ddqn_seed5,0,NOOP,0.1935,-0.045751,0.190523,0,53,222.65302091533906,207.5192928314209,49,1.1990885831871811,3760.341796875,27.24143714050221,3,1,42,0.0,0.3685,0.0,0.2,0.0,0.55,0.25,55,239.17777001324004,213.84882926940918,52,1.1337603055513823,3773.154296875,31.459451864907006,3,2,43,0.0,0.36850000000000005,0.0,0.15,0.0,0.55,0.3
409,adaptive_ddqn_seed5,0,NOOP,0.193125,-0.045782,0.190119,0,55,239.17777001324004,213.84882926940918,52,1.1337603055513823,3773.154296875,31.459451864907006,3,2,43,0.0,0.36850000000000005,0.0,0.15,0.0,0.55,0.3,69,266.0017481794393,219.0406322479248,55,1.0759183016690341,3787.232421875,34.30584346471493,3,3,44,0.0,0.36850000000000005,0.0,0.15,0.0,0.55,0.3
410,adaptive_ddqn_seed5,0,NOOP,0.19275,-0.054177,0.189546,0,69,266.0017481794393,219.0406322479248,55,1.0759183016690341,3787.232421875,34.30584346471493,3,3,44,0.0,0.36850000000000005,0.0,0.15,0.0,0.55,0.3,58,250.15258024545366,232.710599899292,58,1.0238060786806304,3800.3681640625,36.367472750935214,3,4,45,0.0,0.3350000000000001,0.0,0.15,0.0,0.5,0.35
411,adaptive_ddqn_seed5,2,COMPACT_64KB,0.553341,-0.104196,0.190613,0,58,250.15258024545366,232.710599899292,58,1.0238060786806304,3800.3681640625,36.367472750935214,3,4,45,0.0,0.3350000000000001,0.0,0.15,0.0,0.5,0.35,79,319.6634402865635,239.365816116333,46,1.2820759648862092,3774.431640625,19.004067252890902,3,0,46,0.0,0.30150000000000005,0.0,0.15,0.0,0.45,0.4
412,adaptive_ddqn_seed5,0,NOOP,0.193875,-0.054229,0.190642,0,79,319.6634402865635,239.365816116333,46,1.2820759648862092,3774.431640625,19.004067252890902,3,0,46,0.0,0.30150000000000005,0.0,0.15,0.0,0.45,0.4,71,292.9279994334149,222.89586067199707,49,1.2081613346022002,3788.7939453125,26.252017380689946,3,1,47,0.0,0.268,0.0,0.15,0.0,0.4,0.45
413,adaptive_ddqn_seed5,0,NOOP,0.1935,-0.04587,0.190715,0,71,292.9279994334149,222.89586067199707,49,1.2081613346022002,3788.7939453125,26.252017380689946,3,1,47,0.0,0.268,0.0,0.15,0.0,0.4,0.45,90,396.0909602195939,204.24532890319824,52,1.1432891258826623,3804.8662109375,30.59361556763656,3,2,48,0.0,0.26800000000000007,0.0,0.15,0.0,0.4,0.45
414,adaptive_ddqn_seed5,0,NOOP,0.193125,-0.054259,0.189107,0,90,396.0909602195939,204.24532890319824,52,1.1432891258826623,3804.8662109375,30.59361556763656,3,2,48,0.0,0.26800000000000007,0.0,0.15,0.0,0.4,0.45,79,332.41874225635416,269.66261863708496,55,1.0852239435369317,3819.98828125,33.585269616039064,3,3,49,0.0,0.23450000000000001,0.0,0.15,0.0,0.35,0.5
415,adaptive_ddqn_seed5,0,NOOP,0.19275,-0.05427,0.182754,0,79,332.41874225635416,269.66261863708496,55,1.0852239435369317,3819.98828125,33.585269616039064,3,3,49,0.0,0.23450000000000001,0.0,0.15,0.0,0.35,0.5,87,380.38894060521653,572.2904205322266,58,1.0333351924501617,3835.740234375,35.70053173412845,3,4,50,0.0,0.201,0.0,0.15,0.05,0.3,0.5
416,adaptive_ddqn_seed5,2,COMPACT_64KB,0.553216,-0.104269,0.191432,0,87,380.38894060521653,572.2904205322266,58,1.0333351924501617,3835.740234375,35.70053173412845,3,4,50,0.0,0.201,0.0,0.15,0.05,0.3,0.5,70,293.201646156289,193.4206485748291,47,1.2669810842960438,3811.0791015625,19.87314853657271,3,0,51,0.0,0.1675,0.0,0.15,0.05,0.25,0.55
417,adaptive_ddqn_seed5,0,NOOP,0.19375,-0.04589,0.190618,0,70,293.201646156289,193.4206485748291,47,1.2669810842960438,3811.0791015625,19.87314853657271,3,0,51,0.0,0.1675,0.0,0.15,0.05,0.25,0.55,94,339.4107135324527,219.10881996154785,50,1.1961032104492189,3827.5302734375,26.455485158417172,3,1,52,0.0,0.16750000000000004,0.0,0.1,0.05,0.25,0.6
418,adaptive_ddqn_seed5,0,NOOP,0.193375,-0.05428,0.189116,0,94,339.4107135324527,219.10881996154785,50,1.1961032104492189,3827.5302734375,26.455485158417172,3,1,52,0.0,0.16750000000000004,0.0,0.1,0.05,0.25,0.6,54,219.79909398982196,279.2093753814697,53,1.132137658461085,3840.2109375,30.72986101454578,3,2,53,0.0,0.134,0.0,0.15,0.05,0.2,0.6
419,adaptive_ddqn_seed5,0,NOOP,0.193,-0.054285,0.185927,0,54,219.79909398982196,279.2093753814697,53,1.132137658461085,3840.2109375,30.72986101454578,3,2,53,0.0,0.134,0.0,0.15,0.05,0.2,0.6,85,354.0333580930515,423.630952835083,56,1.0758299146379744,3855.7744140625,33.564663436324906,3,3,54,0.0,0.1005,0.05,0.15,0.05,0.15,0.6
420,adaptive_ddqn_seed5,0,NOOP,0.192625,-0.045903,0.189553,0,85,354.0333580930515,423.630952835083,56,1.0758299146379744,3855.7744140625,33.564663436324906,3,3,54,0.0,0.1005,0.05,0.15,0.05,0.15,0.6,66,282.3476306993718,227.3566722869873,59,1.024804842674126,3869.6630859375,35.649334511381085,3,4,55,0.0,0.1005,0.05,0.1,0.05,0.15,0.65
421,adaptive_ddqn_seed5,2,COMPACT_64KB,0.553216,-0.095913,0.191293,0,66,282.3476306993718,227.3566722869873,59,1.024804842674126,3869.6630859375,35.649334511381085,3,4,55,0.0,0.1005,0.05,0.1,0.05,0.15,0.65,98,419.60337935230444,200.32930374145508,47,1.2784209555767951,3845.490234375,18.07613903691156,3,0,56,0.0,0.1005,0.05,0.1,0.05,0.15,0.65
422,adaptive_ddqn_seed5,0,NOOP,0.19375,-0.045928,0.18452,0,98,419.60337935230444,200.32930374145508,47,1.2784209555767951,3845.490234375,18.07613903691156,3,0,56,0.0,0.1005,0.05,0.1,0.05,0.15,0.65,82,283.3118430146305,523.9968299865723,50,1.2065280151367188,3860.8896484375,25.40514742676762,3,1,57,0.0,0.1005,0.05,0.1,0.1,0.15,0.6
423,adaptive_ddqn_seed5,0,NOOP,0.193375,-0.054334,0.19023,0,82,283.3118430146305,523.9968299865723,50,1.2065280151367188,3860.8896484375,25.40514742676762,3,1,57,0.0,0.1005,0.05,0.1,0.1,0.15,0.6,90,375.339666428695,223.48999977111816,53,1.1429595947265625,3876.9189453125,29.8279786746358,3,2,58,0.0,0.067,0.05,0.1,0.1,0.1,0.65
424,adaptive_ddqn_seed5,0,NOOP,0.193,-0.045981,0.190038,0,90,375.339666428695,223.48999977111816,53,1.1429595947265625,3876.9189453125,29.8279786746358,3,2,58,0.0,0.067,0.05,0.1,0.1,0.1,0.65,78,318.7499568869346,218.11842918395996,56,1.0858966282435827,3891.853515625,32.88351732641853,3,3,59,0.0,0.067,0.05,0.05,0.1,0.1,0.7
425,adaptive_ddqn_seed5,0,NOOP,0.192625,-0.054375,0.182944,0,78,318.7499568869346,218.11842918395996,56,1.0858966282435827,3891.853515625,32.88351732641853,3,3,59,0.0,0.067,0.05,0.05,0.1,0.1,0.7,73,311.70796891718135,557.8188896179199,59,1.0345143463652013,3906.326171875,35.08447407376332,3,4,60,0.0,0.0335,0.05,0.05,0.15,0.05,0.7
426,adaptive_ddqn_seed5,2,COMPACT_64KB,0.553091,-0.104379,0.191238,0,73,311.70796891718135,557.8188896179199,59,1.0345143463652013,3906.326171875,35.08447407376332,3,4,60,0.0,0.0335,0.05,0.05,0.15,0.05,0.7,58,236.59481896729469,198.12273979187012,48,1.2633994420369465,3881.1630859375,19.137338015669812,3,0,61,0.0,0.0,0.05,0.05,0.15,0.0,0.75
427,adaptive_ddqn_seed5,6,PARTITION_EVENT_TYPE,-0.26092,-0.296011,0.190823,0,58,236.59481896729469,198.12273979187012,48,1.2633994420369465,3881.1630859375,19.137338015669812,3,0,61,0.0,0.0,0.05,0.05,0.15,0.0,0.75,57,251.60209300661327,203.8564682006836,51,1.1930927949793197,3894.2548828125,25.976646564532192,3,1,62,0.0,0.0,0.05,0.05,0.15,0.0,0.75
428,adaptive_ddqn_seed5,0,NOOP,0.19325,-0.046013,0.184202,0,57,251.60209300661327,203.8564682006836,51,1.1930927949793197,3894.2548828125,25.976646564532192,3,1,62,0.0,0.0,0.05,0.05,0.15,0.0,0.75,54,213.5002832626198,519.9201107025146,54,1.130529898184317,3907.111328125,30.23819643266604,3,2,63,0.0,0.0,0.05,0.05,0.2,0.0,0.7
429,adaptive_ddqn_seed5,0,NOOP,0.192875,0.330857,0.39317,0,54,213.5002832626198,519.9201107025146,54,1.130529898184317,3907.111328125,30.23819643266604,3,2,63,0.0,0.0,0.05,0.05,0.2,0.0,0.7,94,374.40358882367076,106.47940635681152,57,1.0755312735574287,3923.5380859375,33.05404353258678,3,3,64,0.67,0.0335,0.05,0.05,0.2,0.05,0.65
430,adaptive_ddqn_seed5,5,PARTITION_REGION,0.010682,-0.146048,0.182533,0,94,374.40358882367076,106.47940635681152,57,1.0755312735574287,3923.5380859375,33.05404353258678,3,3,64,0.67,0.0335,0.05,0.05,0.2,0.05,0.65,89,380.45512370372256,573.3323097229004,60,1.0259124755859375,3939.50390625,35.10239676798553,2,4,0,0.0,0.0335,0.05,0.05,0.25,0.05,0.6
431,adaptive_ddqn_seed5,2,COMPACT_64KB,0.552841,-0.121026,0.18488,0,89,380.45512370372256,573.3323097229004,60,1.0259124755859375,3939.50390625,35.10239676798553,2,4,0,0.0,0.0335,0.05,0.05,0.25,0.05,0.6,68,259.467997791163,506.0234069824219,50,1.224141845703125,3917.25390625,24.128651876734114,2,0,1,0.0,0.0335,0.05,0.05,0.3,0.05,0.55
432,adaptive_ddqn_seed5,0,NOOP,0.193375,-0.070849,0.184207,0,68,259.467997791163,506.0234069824219,50,1.224141845703125,3917.25390625,24.128651876734114,2,0,1,0.0,0.0335,0.05,0.05,0.3,0.05,0.55,76,303.1508920954853,524.6696472167969,53,1.15920675025796,3932.029296875,29.0173639224733,2,1,2,0.0,0.0335,0.05,0.05,0.35,0.05,0.5
433,adaptive_ddqn_seed5,0,NOOP,0.193,-0.070686,0.189671,0,76,303.1508920954853,524.6696472167969,53,1.15920675025796,3932.029296875,29.0173639224733,2,1,2,0.0,0.0335,0.05,0.05,0.35,0.05,0.5,70,282.4941740641459,236.4675998687744,56,1.1010802132742745,3946.271484375,32.327410657213,2,2,3,0.0,0.0335,0.05,0.05,0.35,0.1,0.45
434,adaptive_ddqn_seed5,0,NOOP,0.192625,-0.070506,0.181308,0,70,282.4941740641459,236.4675998687744,56,1.1010802132742745,3946.271484375,32.327410657213,2,2,3,0.0,0.0335,0.05,0.05,0.35,0.1,0.45,78,331.24291836976454,639.6000385284424,59,1.0490479550119174,3961.205078125,34.66439565716203,2,3,4,0.0,0.0335,0.05,0.05,0.4,0.1,0.4
435,adaptive_ddqn_seed5,0,NOOP,0.19225,-0.070292,0.189202,0,78,331.24291836976454,639.6000385284424,59,1.0490479550119174,3961.205078125,34.66439565716203,2,3,4,0.0,0.0335,0.05,0.05,0.4,0.1,0.4,93,372.43545328686685,229.9187183380127,62,1.0024199947234123,3977.6025390625,36.340285654849716,2,4,5,0.0,0.0335,0.05,0.05,0.35,0.1,0.45
436,adaptive_ddqn_seed5,2,COMPACT_64KB,0.552966,-0.120074,0.192826,0,93,372.43545328686685,229.9187183380127,62,1.0024199947234123,3977.6025390625,36.340285654849716,2,4,5,0.0,0.0335,0.05,0.05,0.35,0.1,0.45,95,379.5909330803101,113.70539665222168,49,1.259624870455995,3950.18359375,19.510098266785583,2,0,6,0.0,0.0335,0.05,0.05,0.35,0.15,0.4
437,adaptive_ddqn_seed5,0,NOOP,0.1935,-0.069887,0.183812,0,95,379.5909330803101,113.70539665222168,49,1.259624870455995,3950.18359375,19.510098266785583,2,0,6,0.0,0.0335,0.05,0.05,0.35,0.15,0.4,82,288.6062450123898,549.396276473999,52,1.1915151155911958,3965.3623046875,25.977283569048943,2,1,7,0.0,0.0335,0.05,0.05,0.4,0.15,0.35
438,adaptive_ddqn_seed5,0,NOOP,0.193125,-0.06976,0.189936,0,82,288.6062450123898,549.396276473999,52,1.1915151155911958,3965.3623046875,25.977283569048943,2,1,7,0.0,0.0335,0.05,0.05,0.4,0.15,0.35,56,217.28888157030497,228.20281982421875,55,1.1302287708629262,3978.4052734375,30.14876892555824,2,2,8,0.0,0.0335,0.05,0.0,0.4,0.15,0.4
439,adaptive_ddqn_seed5,0,NOOP,0.19275,-0.069647,0.18961,0,56,217.28888157030497,228.20281982421875,55,1.1302287708629262,3978.4052734375,30.14876892555824,2,2,8,0.0,0.0335,0.05,0.0,0.4,0.15,0.4,50,208.63239785513187,229.48265075683594,58,1.075122438628098,3990.8544921875,33.06307597140464,2,3,9,0.0,0.0335,0.0,0.0,0.4,0.15,0.45
440,adaptive_ddqn_seed5,0,NOOP,0.192375,-0.069437,0.186836,0,50,208.63239785513187,229.48265075683594,58,1.075122438628098,3990.8544921875,33.06307597140464,2,3,9,0.0,0.0335,0.0,0.0,0.4,0.15,0.45,93,393.44445161706795,353.1961441040039,61,1.0264347264024078,4007.201171875,35.06282973220421,2,4,10,0.0,0.0335,0.05,0.0,0.4,0.15,0.4
441,adaptive_ddqn_seed5,2,COMPACT_64KB,0.552966,-0.119242,0.189088,0,93,393.44445161706795,353.1961441040039,61,1.0264347264024078,4007.201171875,35.06282973220421,2,4,10,0.0,0.0335,0.05,0.0,0.4,0.15,0.4,87,344.4694847558299,300.59242248535156,49,1.2696271623883928,3981.55078125,17.742094280715285,2,0,11,0.0,0.0335,0.1,0.0,0.4,0.15,0.35
442,adaptive_ddqn_seed5,0,NOOP,0.1935,-0.069118,0.189826,0,87,344.4694847558299,300.59242248535156,49,1.2696271623883928,3981.55078125,17.742094280715285,2,0,11,0.0,0.0335,0.1,0.0,0.4,0.15,0.35,55,232.97547102737292,248.70824813842773,52,1.200265150803786,3994.482421875,24.989266099821418,2,1,12,0.0,0.0335,0.1,0.0,0.35,0.15,0.4
443,adaptive_ddqn_seed5,0,NOOP,0.193125,0.307873,0.390141,0,55,232.97547102737292,248.70824813842773,52,1.200265150803786,3994.482421875,24.989266099821418,2,1,12,0.0,0.0335,0.1,0.0,0.35,0.15,0.4,52,211.14693866486988,267.95053482055664,55,1.1383955522017046,4007.15234375,29.437717588827592,2,2,13,0.67,0.067,0.1,0.05,0.35,0.15,0.35
444,adaptive_ddqn_seed5,0,NOOP,0.19275,-0.068787,0.189566,0,52,211.14693866486988,267.95053482055664,55,1.1383955522017046,4007.15234375,29.437717588827592,2,2,13,0.67,0.067,0.1,0.05,0.35,0.15,0.35,97,392.3800434190946,231.72307014465332,58,1.0840119986698544,4023.8525390625,32.358355941589565,2,3,14,0.0,0.067,0.1,0.05,0.35,0.15,0.35
445,adaptive_ddqn_seed5,0,NOOP,0.192375,-0.068584,0.181277,0,97,392.3800434190946,231.72307014465332,58,1.0840119986698544,4023.8525390625,32.358355941589565,2,3,14,0.0,0.067,0.1,0.05,0.35,0.15,0.35,92,357.98068138384525,631.1538219451904,61,1.0348558269563268,4040.0771484375,34.4858716146097,2,4,15,0.0,0.067,0.1,0.05,0.35,0.15,0.35
446,adaptive_ddqn_seed5,2,COMPACT_64KB,0.552966,-0.118441,0.190836,0,92,357.98068138384525,631.1538219451904,61,1.0348558269563268,4040.0771484375,34.4858716146097,2,4,15,0.0,0.067,0.1,0.05,0.35,0.15,0.35,65,248.4754604861421,213.19007873535156,49,1.2799402353714924,4013.892578125,16.215093180021487,2,0,16,0.0,0.067,0.1,0.05,0.35,0.15,0.35
447,adaptive_ddqn_seed5,0,NOOP,0.1935,-0.068246,0.190228,0,65,248.4754604861421,213.19007873535156,49,1.2799402353714924,4013.892578125,16.215093180021487,2,0,16,0.0,0.067,0.1,0.05,0.35,0.15,0.35,89,306.96574057170864,228.59859466552734,52,1.2109354459322417,4029.9931640625,23.923741734041993,2,1,17,0.0,0.067,0.1,0.05,0.35,0.2,0.3
448,adaptive_ddqn_seed5,0,NOOP,0.193125,-0.068042,0.19017,0,89,306.96574057170864,228.59859466552734,52,1.2109354459322417,4029.9931640625,23.923741734041993,2,1,17,0.0,0.067,0.1,0.05,0.35,0.2,0.3,94,372.00807678227034,216.51387214660645,55,1.1495458429509944,4046.4013671875,28.516149015206288,2,2,18,0.0,0.067,0.1,0.05,0.3,0.2,0.35
449,adaptive_ddqn_seed5,0,NOOP,0.19275,0.300639,0.389838,0,94,372.00807678227034,216.51387214660645,55,1.1495458429509944,4046.4013671875,28.516149015206288,2,2,18,0.0,0.067,0.1,0.05,0.3,0.2,0.35,83,323.03725169787754,268.0947780609131,58,1.0942780067180764,4061.9599609375,31.682560952921545,2,3,19,0.67,0.067,0.1,0.1,0.3,0.15,0.35
450,adaptive_ddqn_seed5,0,NOOP,0.192375,-0.067682,0.188294,0,83,323.03725169787754,268.0947780609131,58,1.0942780067180764,4061.9599609375,31.682560952921545,2,3,19,0.67,0.067,0.1,0.1,0.3,0.15,0.35,83,343.1582998186263,280.31301498413086,61,1.0444068283331198,4077.3642578125,33.96845694045252,2,4,20,0.0,0.067,0.1,0.1,0.25,0.15,0.4
451,adaptive_ddqn_seed5,2,COMPACT_64KB,0.215216,0.259237,0.390464,0,83,343.1582998186263,280.31301498413086,61,1.0444068283331198,4077.3642578125,33.96845694045252,2,4,20,0.0,0.067,0.1,0.1,0.25,0.15,0.4,20,79.77518494461884,271.8229293823242,51,1.2412878298291974,4051.5634765625,20.32749524626154,2,0,21,0.67,0.1005,0.1,0.15,0.2,0.15,0.4
452,adaptive_ddqn_seed5,5,PARTITION_REGION,-0.261295,-0.317543,0.189481,0,20,79.77518494461884,271.8229293823242,51,1.2412878298291974,4051.5634765625,20.32749524626154,2,0,21,0.67,0.1005,0.1,0.15,0.2,0.15,0.4,44,176.79141512163253,255.9378147125244,54,1.1757993344907407,4063.5625,26.345569031892456,2,1,22,0.0,0.1005,0.1,0.15,0.15,0.15,0.45
453,adaptive_ddqn_seed5,0,NOOP,0.192875,-0.067494,0.189858,0,44,176.79141512163253,255.9378147125244,54,1.1757993344907407,4063.5625,26.345569031892456,2,1,22,0.0,0.1005,0.1,0.15,0.15,0.15,0.45,23,91.2389042894177,222.08023071289062,57,1.1166547808730811,4073.556640625,30.322078921311377,2,2,23,0.0,0.1005,0.1,0.15,0.15,0.1,0.5
454,adaptive_ddqn_seed5,0,NOOP,0.1925,-0.06743,0.190819,0,23,91.2389042894177,222.08023071289062,57,1.1166547808730811,4073.556640625,30.322078921311377,2,2,23,0.0,0.1005,0.1,0.15,0.15,0.1,0.5,30,121.59458845698548,159.05499458312988,60,1.0635772705078126,4084.13671875,33.10064763081112,2,3,24,0.0,0.1005,0.1,0.15,0.1,0.15,0.5
455,adaptive_ddqn_seed5,0,NOOP,0.192125,-0.067387,0.188683,0,30,121.59458845698548,159.05499458312988,60,1.0635772705078126,4084.13671875,33.10064763081112,2,3,24,0.0,0.1005,0.1,0.15,0.1,0.15,0.5,20,78.54450392179078,250.87213516235352,63,1.0153375050378224,4093.8408203125,35.16174426879988,2,4,25,0.0,0.1005,0.1,0.15,0.1,0.15,0.5
456,adaptive_ddqn_seed5,2,COMPACT_64KB,0.215216,-0.117319,0.190626,0,20,78.54450392179078,250.87213516235352,63,1.0153375050378224,4093.8408203125,35.16174426879988,2,4,25,0.0,0.1005,0.1,0.15,0.1,0.15,0.5,32,125.26141179522931,213.7012481689453,51,1.2453128590303308,4064.701171875,19.634608728097113,2,0,26,0.0,0.1005,0.1,0.15,0.1,0.1,0.55
457,adaptive_ddqn_seed5,0,NOOP,0.19325,-0.067241,0.190349,0,32,125.26141179522931,213.7012481689453,51,1.2453128590303308,4064.701171875,19.634608728097113,2,0,26,0.0,0.1005,0.1,0.15,0.1,0.1,0.55,37,152.81631624140348,212.56661415100098,54,1.1793809113679108,4075.9404296875,25.925300029925435,2,1,27,0.0,0.1005,0.1,0.15,0.05,0.1,0.6
458,adaptive_ddqn_seed5,5,PARTITION_REGION,-0.26167,-0.317173,0.189114,0,37,152.81631624140348,212.56661415100098,54,1.1793809113679108,4075.9404296875,25.925300029925435,2,1,27,0.0,0.1005,0.1,0.15,0.05,0.1,0.6,32,133.9003840897074,259.2916488647461,57,1.1202614767509593,4086.7138671875,29.97369069632611,2,2,28,0.0,0.1005,0.1,0.15,0.05,0.1,0.6
459,adaptive_ddqn_seed5,0,NOOP,0.1925,-0.067107,0.189163,0,32,133.9003840897074,259.2916488647461,57,1.1202614767509593,4086.7138671875,29.97369069632611,2,2,28,0.0,0.1005,0.1,0.15,0.05,0.1,0.6,31,119.95245572245419,241.85824394226074,60,1.067053731282552,4097.486328125,32.814706950314864,2,3,29,0.0,0.1005,0.1,0.15,0.05,0.1,0.6
460,adaptive_ddqn_seed5,7,REMOVE_PARTITION,0.128489,-0.102033,0.18809,0,31,119.95245572245419,241.85824394226074,60,1.067053731282552,4097.486328125,32.814706950314864,2,3,29,0.0,0.1005,0.1,0.15,0.05,0.1,0.6,35,141.3897939743939,280.5182933807373,63,1.0189947703528026,4108.5869140625,34.88514870997365,0,4,0,0.0,0.1005,0.05,0.2,0.05,0.1,0.6
461,adaptive_ddqn_seed5,2,COMPACT_64KB,0.215341,-0.123959,0.189508,0,35,141.3897939743939,280.5182933807373,63,1.0189947703528026,4108.5869140625,34.88514870997365,0,4,0,0.0,0.1005,0.05,0.2,0.05,0.1,0.6,36,143.6216934991411,274.5959758758545,50,1.2737481689453125,4075.994140625,16.524533856994207,0,0,1,0.0,0.1005,0.0,0.2,0.05,0.1,0.65
462,adaptive_ddqn_seed5,0,NOOP,0.193625,-0.073892,0.190806,0,36,143.6216934991411,274.5959758758545,50,1.2737481689453125,4075.994140625,16.524533856994207,0,0,1,0.0,0.1005,0.0,0.2,0.05,0.1,0.65,30,128.37387533068008,204.71644401550293,51,1.250438316195619,4081.4306640625,19.52184665051076,0,1,2,0.0,0.1005,0.0,0.2,0.05,0.1,0.65
463,adaptive_ddqn_seed5,0,NOOP,0.1935,-0.082209,0.190497,0,30,128.37387533068008,204.71644401550293,51,1.250438316195619,4081.4306640625,19.52184665051076,0,1,2,0.0,0.1005,0.0,0.2,0.05,0.1,0.65,26,100.89672445266449,215.16036987304688,52,1.2278944162222056,4086.4326171875,21.95172600488621,0,2,3,0.0,0.067,0.0,0.15,0.05,0.1,0.7
464,adaptive_ddqn_seed5,0,NOOP,0.193375,-0.073737,0.183826,0,26,100.89672445266449,215.16036987304688,52,1.2278944162222056,4086.4326171875,21.95172600488621,0,2,3,0.0,0.067,0.0,0.15,0.05,0.1,0.7,44,187.4480730008857,543.7214374542236,53,1.2066872074918926,4093.0830078125,23.87981950689313,0,3,4,0.0,0.067,0.0,0.15,0.1,0.1,0.65
465,adaptive_ddqn_seed5,0,NOOP,0.19325,-0.07364,0.190314,0,44,187.4480730008857,543.7214374542236,53,1.2066872074918926,4093.0830078125,23.87981950689313,0,3,4,0.0,0.067,0.0,0.15,0.1,0.1,0.65,44,175.28153986136994,214.29157257080078,54,1.1862646032262731,4099.73046875,25.529168800408396,0,4,5,0.0,0.067,0.0,0.15,0.05,0.1,0.7
466,adaptive_ddqn_seed5,2,COMPACT_64KB,0.215341,-0.123581,0.189615,0,44,175.28153986136994,214.29157257080078,54,1.1862646032262731,4099.73046875,25.529168800408396,0,4,5,0.0,0.067,0.0,0.15,0.05,0.1,0.7,27,109.52466926310882,269.2704200744629,50,1.2783245849609375,4090.638671875,15.649986537398519,0,0,6,0.0,0.067,0.0,0.2,0.05,0.1,0.65
467,adaptive_ddqn_seed5,0,NOOP,0.193625,-0.073483,0.190671,0,27,109.52466926310882,269.2704200744629,50,1.2783245849609375,4090.638671875,15.649986537398519,0,0,6,0.0,0.067,0.0,0.2,0.05,0.1,0.65,45,152.10433215702045,211.46368980407715,51,1.2553318996055454,4097.4033203125,18.72055939936402,0,1,7,0.0,0.067,0.0,0.2,0.05,0.05,0.7
468,adaptive_ddqn_seed5,0,NOOP,0.1935,-0.073424,0.188424,0,45,152.10433215702045,211.46368980407715,51,1.2553318996055454,4097.4033203125,18.72055939936402,0,1,7,0.0,0.067,0.0,0.2,0.05,0.05,0.7,27,113.53310615926446,318.82190704345703,52,1.232732919546274,4102.53515625,21.268887307675204,0,2,8,0.0,0.067,0.05,0.2,0.05,0.05,0.65
469,adaptive_ddqn_seed5,0,NOOP,0.193375,-0.081725,0.187244,0,27,113.53310615926446,318.82190704345703,52,1.232732919546274,4102.53515625,21.268887307675204,0,2,8,0.0,0.067,0.05,0.2,0.05,0.05,0.65,34,140.40907439479585,372.79391288757324,53,1.2111649423275355,4108.271484375,23.337752961029604,0,3,9,0.0,0.0335,0.1,0.15,0.05,0.05,0.65
470,adaptive_ddqn_seed5,0,NOOP,0.19325,-0.073265,0.190142,0,34,140.40907439479585,372.79391288757324,53,1.2111649423275355,4108.271484375,23.337752961029604,0,3,9,0.0,0.0335,0.1,0.15,0.05,0.05,0.65,39,165.8977704215753,222.90945053100586,54,1.1905280219184027,4114.46484375,25.071351699755578,0,4,10,0.0,0.0335,0.1,0.15,0.05,0.05,0.65
471,adaptive_ddqn_seed5,2,COMPACT_64KB,0.215216,-0.131541,0.190776,0,39,165.8977704215753,222.90945053100586,54,1.1905280219184027,4114.46484375,25.071351699755578,0,4,10,0.0,0.0335,0.1,0.15,0.05,0.05,0.65,46,179.76180333886768,206.21418952941895,51,1.259196861117494,4110.0185546875,17.789108433201665,0,0,11,0.0,0.0,0.1,0.1,0.05,0.05,0.7
472,adaptive_ddqn_seed5,0,NOOP,0.1935,-0.073061,0.182982,0,46,179.76180333886768,206.21418952941895,51,1.259196861117494,4110.0185546875,17.789108433201665,0,0,11,0.0,0.0,0.1,0.1,0.05,0.05,0.7,49,202.00996284574103,590.8858776092529,52,1.2371036822979267,4117.0810546875,20.352165648898527,0,1,12,0.0,0.0,0.1,0.1,0.1,0.05,0.65
473,adaptive_ddqn_seed5,0,NOOP,0.193375,-0.072975,0.190125,0,49,202.00996284574103,590.8858776092529,52,1.2371036822979267,4117.0810546875,20.352165648898527,0,1,12,0.0,0.0,0.1,0.1,0.1,0.05,0.65,40,159.73083078575286,228.73663902282715,53,1.2156115837816923,4123.3544921875,22.50600453549741,0,2,13,0.0,0.0,0.1,0.1,0.1,0.05,0.65
474,adaptive_ddqn_seed5,0,NOOP,0.19325,-0.072916,0.190308,0,40,159.73083078575286,228.73663902282715,53,1.2156115837816923,4123.3544921875,22.50600453549741,0,2,13,0.0,0.0,0.1,0.1,0.1,0.05,0.65,28,115.76903862039869,214.57600593566895,54,1.1946077700014468,4128.564453125,24.383207965459004,0,3,14,0.0,0.0,0.1,0.1,0.1,0.0,0.7
475,adaptive_ddqn_seed5,0,NOOP,0.193125,-0.072867,0.182454,0,28,115.76903862039869,214.57600593566895,54,1.1946077700014468,4128.564453125,24.383207965459004,0,3,14,0.0,0.0,0.1,0.1,0.1,0.0,0.7,23,91.75210788570385,602.2965908050537,55,1.1742384477095171,4133.3193359375,26.019254030379596,0,4,15,0.0,0.0,0.1,0.1,0.15,0.0,0.65
476,adaptive_ddqn_seed5,2,COMPACT_64KB,0.215216,-0.12279,0.192332,0,23,91.75210788570385,602.2965908050537,55,1.1742384477095171,4133.3193359375,26.019254030379596,0,4,15,0.0,0.0,0.1,0.1,0.15,0.0,0.65,36,147.69224990756697,128.37696075439453,51,1.2638400208716298,4125.173828125,16.84786515619809,0,0,16,0.0,0.0,0.1,0.1,0.15,0.05,0.6
477,adaptive_ddqn_seed5,0,NOOP,0.1935,-0.072718,0.190587,0,36,147.69224990756697,128.37696075439453,51,1.2638400208716298,4125.173828125,16.84786515619809,0,0,16,0.0,0.0,0.1,0.1,0.15,0.05,0.6,34,140.6616881611718,210.66546440124512,52,1.2412526057316706,4130.888671875,19.67108368305576,0,1,17,0.0,0.0,0.1,0.1,0.15,0.05,0.6
478,adaptive_ddqn_seed5,0,NOOP,0.193375,-0.072651,0.188361,0,34,140.6616881611718,210.66546440124512,52,1.2412526057316706,4130.888671875,19.67108368305576,0,1,17,0.0,0.0,0.1,0.1,0.15,0.05,0.6,32,113.38887246197075,316.93530082702637,53,1.219470905807783,4136.4453125,21.966017403102793,0,2,18,0.0,0.0,0.15,0.1,0.15,0.05,0.55
479,adaptive_ddqn_seed5,0,NOOP,0.19325,-0.072598,0.190312,0,32,113.38887246197075,316.93530082702637,53,1.219470905807783,4136.4453125,21.966017403102793,0,2,18,0.0,0.0,0.15,0.1,0.15,0.05,0.55,25,102.52384961129802,214.38002586364746,54,1.1983184814453125,4141.388671875,23.924157225218018,0,3,19,0.0,0.0,0.15,0.1,0.15,0.05,0.55
480,adaptive_ddqn_seed5,0,NOOP,0.193125,-0.072515,0.189989,0,25,102.52384961129802,214.38002586364746,54,1.1983184814453125,4141.388671875,23.924157225218018,0,3,19,0.0,0.0,0.15,0.1,0.15,0.05,0.55,40,157.70698481512883,225.5258560180664,55,1.1783125443892046,4147.66015625,25.5329483117411,0,4,20,0.0,0.0,0.15,0.05,0.15,0.05,0.6
481,adaptive_ddqn_seed5,2,COMPACT_64KB,0.215216,-0.122452,0.190382,0,40,157.70698481512883,225.5258560180664,55,1.1783125443892046,4147.66015625,25.5329483117411,0,4,20,0.0,0.0,0.15,0.05,0.15,0.05,0.6,30,125.68307626537963,225.8753776550293,51,1.2680436676623774,4138.89453125,16.189606912390197,0,0,21,0.0,0.0,0.15,0.05,0.15,0.05,0.6
482,adaptive_ddqn_seed5,0,NOOP,0.1935,-0.072379,0.189307,0,30,125.68307626537963,225.8753776550293,51,1.2680436676623774,4138.89453125,16.189606912390197,0,0,21,0.0,0.0,0.15,0.05,0.15,0.05,0.6,35,144.64086263907336,274.64795112609863,52,1.2454035832331731,4144.703125,19.13473617998545,0,1,22,0.0,0.0,0.15,0.1,0.15,0.05,0.55
483,adaptive_ddqn_seed5,0,NOOP,0.193375,-0.072325,0.190423,0,35,144.64086263907336,274.64795112609863,52,1.2454035832331731,4144.703125,19.13473617998545,0,1,22,0.0,0.0,0.15,0.1,0.15,0.05,0.55,26,99.75466908647175,213.8500213623047,53,1.2233944299086086,4149.75390625,21.546578670207342,0,2,23,0.0,0.0,0.15,0.1,0.15,0.05,0.55
484,adaptive_ddqn_seed5,7,REMOVE_PARTITION,0.129614,-0.107224,0.188943,0,26,99.75466908647175,213.8500213623047,53,1.2233944299086086,4149.75390625,21.546578670207342,0,2,23,0.0,0.0,0.15,0.1,0.15,0.05,0.55,49,198.10121316222214,282.86027908325195,54,1.2027949580439814,4156.859375,23.43826684336615,0,3,24,0.0,0.0,0.15,0.15,0.1,0.05,0.55
485,adaptive_ddqn_seed5,5,PARTITION_REGION,0.011307,-0.172156,0.190027,0,49,198.10121316222214,282.86027908325195,54,1.2027949580439814,4156.859375,23.43826684336615,0,3,24,0.0,0.0,0.15,0.15,0.1,0.05,0.55,33,133.4486754152795,223.6342430114746,55,1.1825281316583807,4162.4990234375,25.13387407342019,2,4,0,0.0,0.0,0.15,0.15,0.1,0.05,0.55
486,adaptive_ddqn_seed5,1,COMPACT_32KB,0.561307,-0.093798,0.190065,0,33,133.4486754152795,223.6342430114746,55,1.1825281316583807,4162.4990234375,25.13387407342019,2,4,0,0.0,0.0,0.15,0.15,0.1,0.05,0.55,27,84.9471644699682,221.75860404968262,55,1.1820429021661931,4160.791015625,23.651548102177443,2,0,1,0.0,0.0,0.15,0.1,0.1,0.05,0.6
487,adaptive_ddqn_seed5,0,NOOP,0.19275,-0.048798,0.182453,0,27,84.9471644699682,221.75860404968262,55,1.1820429021661931,4160.791015625,23.651548102177443,2,0,1,0.0,0.0,0.15,0.1,0.1,0.05,0.6,41,154.7325115914553,587.3663425445557,58,1.1240389593716325,4172.4326171875,28.054186356711234,2,1,2,0.0,0.0,0.15,0.1,0.15,0.05,0.55
488,adaptive_ddqn_seed5,0,NOOP,0.192375,-0.048801,0.189152,0,41,154.7325115914553,587.3663425445557,58,1.1240389593716325,4172.4326171875,28.054186356711234,2,1,2,0.0,0.0,0.15,0.1,0.15,0.05,0.55,43,172.90146283849532,237.40243911743164,61,1.071808111472208,4184.3388671875,31.10189315950615,2,2,3,0.0,0.0,0.1,0.1,0.15,0.05,0.6
489,adaptive_ddqn_seed5,0,NOOP,0.192,-0.048809,0.188693,0,43,172.90146283849532,237.40243911743164,61,1.071808111472208,4184.3388671875,31.10189315950615,2,2,3,0.0,0.0,0.1,0.1,0.15,0.05,0.6,40,156.60102582292186,245.35441398620605,64,1.0243864059448242,4195.88671875,33.33980174013969,2,3,4,0.0,0.0,0.05,0.1,0.15,0.05,0.65
490,adaptive_ddqn_seed5,0,NOOP,0.187812,-0.048811,0.184087,0,40,156.60102582292186,245.35441398620605,64,1.0243864059448242,4195.88671875,33.33980174013969,2,3,4,0.0,0.0,0.05,0.1,0.15,0.05,0.65,28,91.26888532608822,269.9930667877197,67,0.9809351679104478,4206.25,35.0500165453999,2,4,5,0.0,0.0,0.05,0.1,0.15,0.05,0.65
491,adaptive_ddqn_seed5,1,COMPACT_32KB,0.561307,-0.093817,0.187297,0,28,91.26888532608822,269.9930667877197,67,0.9809351679104478,4206.25,35.0500165453999,2,4,5,0.0,0.0,0.05,0.1,0.15,0.05,0.65,36,136.2392766625132,360.16035079956055,55,1.1868399880149147,4177.6767578125,22.71871010371442,2,0,6,0.0,0.0,0.1,0.1,0.15,0.05,0.6
492,adaptive_ddqn_seed5,0,NOOP,0.19275,-0.048824,0.189289,0,36,136.2392766625132,360.16035079956055,55,1.1868399880149147,4177.6767578125,22.71871010371442,2,0,6,0.0,0.0,0.1,0.1,0.15,0.05,0.6,42,160.54357103994707,245.53918838500977,58,1.128620279246363,4189.4384765625,27.34930146200498,2,1,7,0.0,0.0,0.1,0.1,0.1,0.05,0.65
493,adaptive_ddqn_seed5,0,NOOP,0.192375,-0.048827,0.187438,0,42,160.54357103994707,245.53918838500977,58,1.128620279246363,4189.4384765625,27.34930146200498,2,1,7,0.0,0.0,0.1,0.1,0.1,0.05,0.65,35,134.4389761435963,323.08459281921387,61,1.0759625044025358,4200.5576171875,30.5586046500001,2,2,8,0.0,0.0,0.1,0.1,0.1,0.1,0.6
494,adaptive_ddqn_seed5,0,NOOP,0.192,-0.048838,0.188254,0,35,134.4389761435963,323.08459281921387,61,1.0759625044025358,4200.5576171875,30.5586046500001,2,2,8,0.0,0.0,0.1,0.1,0.1,0.1,0.6,46,177.66255732149764,267.3165798187256,64,1.0284957885742188,4212.71875,32.863527961835494,2,3,9,0.0,0.0,0.1,0.1,0.1,0.1,0.6
495,adaptive_ddqn_seed5,0,NOOP,0.188564,-0.048846,0.178106,0,46,177.66255732149764,267.3165798187256,64,1.0284957885742188,4212.71875,32.863527961835494,2,3,9,0.0,0.0,0.1,0.1,0.1,0.1,0.6,21,77.62821113935296,606.6396236419678,67,0.9846952068271921,4222.373046875,34.65703060165993,2,4,10,0.0,0.0,0.1,0.1,0.1,0.1,0.6
496,adaptive_ddqn_seed5,1,COMPACT_32KB,0.561307,-0.093848,0.190043,0,21,77.62821113935296,606.6396236419678,67,0.9846952068271921,4222.373046875,34.65703060165993,2,4,10,0.0,0.0,0.1,0.1,0.1,0.1,0.6,34,130.7591635086278,222.84674644470215,55,1.191216486150568,4193.08203125,21.908439818833735,2,0,11,0.0,0.0,0.1,0.1,0.1,0.05,0.65
497,adaptive_ddqn_seed5,0,NOOP,0.19275,-0.04885,0.189487,0,34,130.7591635086278,222.84674644470215,55,1.191216486150568,4193.08203125,21.908439818833735,2,0,11,0.0,0.0,0.1,0.1,0.1,0.05,0.65,41,159.5057178183154,235.66484451293945,58,1.1327425200363685,4204.740234375,26.757957854120576,2,1,12,0.0,0.0,0.1,0.1,0.1,0.05,0.65
498,adaptive_ddqn_seed5,0,NOOP,0.192375,-0.048854,0.188722,0,41,159.5057178183154,235.66484451293945,58,1.1327425200363685,4204.740234375,26.757957854120576,2,1,12,0.0,0.0,0.1,0.1,0.1,0.05,0.65,27,104.1266884949259,258.92114639282227,61,1.079682897348873,4215.08203125,30.113997132756122,2,2,13,0.0,0.0,0.05,0.1,0.1,0.05,0.7
499,adaptive_ddqn_seed5,0,NOOP,0.192,-0.048858,0.187851,0,27,104.1266884949259,258.92114639282227,61,1.079682897348873,4215.08203125,30.113997132756122,2,2,13,0.0,0.0,0.05,0.1,0.1,0.05,0.7,29,114.66209909210971,287.44983673095703,64,1.0316438674926758,4225.61328125,32.541177081966595,2,3,14,0.0,0.0,0.05,0.1,0.1,0.1,0.65
500,adaptive_ddqn_seed5,0,NOOP,0.189175,-0.048863,0.182639,1,29,114.66209909210971,287.44983673095703,64,1.0316438674926758,4225.61328125,32.541177081966595,2,3,14,0.0,0.0,0.05,0.1,0.1,0.1,0.65,22,85.2991771871652,410.57825088500977,67,0.9877510640158582,4235.4765625,34.37582293882307,2,4,15,0.0,0.0,0.1,0.1,0.1,0.1,0.6
